ISO-10303-21;
HEADER;
/* Generated by software containing ST-Developer
 * from STEP Tools, Inc. (www.steptools.com) 
 */

FILE_DESCRIPTION(
/* description */ (''),
/* implementation_level */ '2;1');

FILE_NAME(
/* name */ 'Adafruit BMP585 (Similar to BMP581).step',
/* time_stamp */ '2026-03-08T06:37:48-04:00',
/* author */ (''),
/* organization */ (''),
/* preprocessor_version */ 'ST-DEVELOPER v20.1',
/* originating_system */ 'Autodesk Translation Framework v14.24.0.0',
/* authorisation */ '');

FILE_SCHEMA (('AUTOMOTIVE_DESIGN { 1 0 10303 214 3 1 1 }'));
ENDSEC;

DATA;
#10=MECHANICAL_DESIGN_GEOMETRIC_PRESENTATION_REPRESENTATION('',(#10028,
#10029,#10030,#10031,#10032,#10033,#10034,#10035,#10036,#10037,#10038,#10039,
#10040,#10041,#10042,#10043,#10044,#10045,#10046,#10047,#10048,#10049,#10050,
#10051,#10052,#10053,#10054,#10055,#10056,#10057,#10058,#10059,#10060,#10061,
#10062,#10063,#10064,#10065,#10066,#10067,#10068,#10069,#10070,#10071,#10072,
#10073,#10074,#10075,#10076,#10077,#10078,#10079,#10080,#10081,#10082,#10083,
#10084,#10085,#10086,#10087,#10088,#10089,#10090,#10091,#10092,#10093,#10094,
#10095,#10096,#10097,#10098,#10099,#10100,#10101,#10102,#10103,#10104,#10105,
#10106,#10107,#10108,#10109,#10110,#10111,#10112,#10113,#10114,#10115,#10116,
#10117,#10118,#10119,#10120,#10121,#10122,#10123,#10124,#10125,#10126,#10127,
#10128,#10129,#10130,#10131,#10132,#10133,#10134,#10135,#10136,#10137,#10138,
#10139,#10140,#10141,#10142,#10143,#10144,#10145,#10146,#10147,#10148,#10149,
#10150,#10151,#10152,#10153,#10154,#10155,#10156,#10157,#10158,#10159,#10160,
#10161,#10162,#10163,#10164,#10165,#10166,#10167,#10168,#10169,#10170,#10171,
#10172,#10173,#10174,#10175,#10176,#10177,#10178,#10179,#10180,#10181,#10182,
#10183,#10184,#10185,#10186,#10187,#10188,#10189,#10190,#10191,#10192,#10193,
#10194,#10195,#10196,#10197,#10198,#10199,#10200,#10201,#10202,#10203,#10204,
#10205,#10206,#10207,#10208,#10209,#10210,#10211,#10212,#10213,#10214,#10215,
#10216,#10217,#10218,#10219,#10220,#10221,#10222,#10223,#10224,#10225,#10226,
#10227,#10228,#10229,#10230,#10231,#10232,#10233,#10234,#10235,#10236,#10237,
#10238,#10239,#10240,#10241,#10242,#10243,#10244,#10245,#10246,#10247,#10248,
#10249,#10250,#10251,#10252,#10253,#10254,#10255,#10256,#10257,#10258,#10259,
#10260,#10261,#10262,#10263,#10264,#10265,#10266,#10267,#10268,#10269,#10270,
#10271,#10272,#10273,#10274,#10275,#10276,#10277,#10278,#10279,#10280,#10281,
#10282,#10283,#10284,#10285,#10286,#10287,#10288,#10289,#10290,#10291,#10292,
#10293,#10294,#10295,#10296,#10297,#10298,#10299,#10300,#10301,#10302,#10303,
#10304,#10305,#10306,#10307,#10308,#10309,#10310,#10311,#10312,#10313,#10314,
#10315,#10316,#10317,#10318,#10319,#10320,#10321,#10322,#10323,#10324,#10325,
#10326,#10327,#10328,#10329,#10330,#10331,#10332,#10333,#10334,#10335,#10336,
#10337,#10338,#10339,#10340,#10341,#10342,#10343,#10344,#10345,#10346,#10347,
#10348,#10349,#10350,#10351,#10352,#10353,#10354,#10355,#10356,#10357,#10358,
#10359,#10360,#10361,#10362,#10363,#10364,#10365,#10366,#10367,#10368,#10369,
#10370,#10371,#10372,#10373,#10374,#10375,#10376,#10377,#10378,#10379,#10380,
#10381,#10382,#10383,#10384,#10385,#10386,#10387,#10388,#10389,#10390,#10391,
#10392,#10393,#10394,#10395,#10396,#10397,#10398,#10399,#10400,#10401,#10402,
#10403,#10404,#10405,#10406,#10407,#10408,#10409,#10410,#10411,#10412,#10413,
#10414,#10415,#10416,#10417,#10418,#10419,#10420,#10421,#10422,#10423,#10424,
#10425,#10426,#10427,#10428,#10429,#10430,#10431,#10432,#10433,#10434,#10435,
#10436,#10437,#10438,#10439,#10440,#10441,#10442,#10443,#10444,#10445,#10446,
#10447,#10448,#10449,#10450,#10451,#10452,#10453,#10454,#10455,#10456,#10457,
#10458,#10459,#10460,#10461,#10462,#10463,#10464,#10465,#10466,#10467,#10468,
#10469,#10470,#10471,#10472),#17889);
#11=ITEM_DEFINED_TRANSFORMATION($,$,#11171,#11938);
#12=ITEM_DEFINED_TRANSFORMATION($,$,#11818,#11939);
#13=ITEM_DEFINED_TRANSFORMATION($,$,#11280,#11940);
#14=ITEM_DEFINED_TRANSFORMATION($,$,#11833,#11941);
#15=ITEM_DEFINED_TRANSFORMATION($,$,#11335,#11942);
#16=ITEM_DEFINED_TRANSFORMATION($,$,#11451,#11943);
#17=ITEM_DEFINED_TRANSFORMATION($,$,#11514,#11944);
#18=ITEM_DEFINED_TRANSFORMATION($,$,#11848,#11945);
#19=ITEM_DEFINED_TRANSFORMATION($,$,#11661,#11946);
#20=ITEM_DEFINED_TRANSFORMATION($,$,#11737,#11947);
#21=ITEM_DEFINED_TRANSFORMATION($,$,#11818,#11948);
#22=ITEM_DEFINED_TRANSFORMATION($,$,#11818,#11949);
#23=ITEM_DEFINED_TRANSFORMATION($,$,#11818,#11950);
#24=ITEM_DEFINED_TRANSFORMATION($,$,#11833,#11951);
#25=ITEM_DEFINED_TRANSFORMATION($,$,#11848,#11952);
#26=(
REPRESENTATION_RELATIONSHIP($,$,#17932,#17931)
REPRESENTATION_RELATIONSHIP_WITH_TRANSFORMATION(#11)
SHAPE_REPRESENTATION_RELATIONSHIP()
);
#27=(
REPRESENTATION_RELATIONSHIP($,$,#17939,#17931)
REPRESENTATION_RELATIONSHIP_WITH_TRANSFORMATION(#12)
SHAPE_REPRESENTATION_RELATIONSHIP()
);
#28=(
REPRESENTATION_RELATIONSHIP($,$,#17933,#17931)
REPRESENTATION_RELATIONSHIP_WITH_TRANSFORMATION(#13)
SHAPE_REPRESENTATION_RELATIONSHIP()
);
#29=(
REPRESENTATION_RELATIONSHIP($,$,#17940,#17931)
REPRESENTATION_RELATIONSHIP_WITH_TRANSFORMATION(#14)
SHAPE_REPRESENTATION_RELATIONSHIP()
);
#30=(
REPRESENTATION_RELATIONSHIP($,$,#17934,#17931)
REPRESENTATION_RELATIONSHIP_WITH_TRANSFORMATION(#15)
SHAPE_REPRESENTATION_RELATIONSHIP()
);
#31=(
REPRESENTATION_RELATIONSHIP($,$,#17935,#17931)
REPRESENTATION_RELATIONSHIP_WITH_TRANSFORMATION(#16)
SHAPE_REPRESENTATION_RELATIONSHIP()
);
#32=(
REPRESENTATION_RELATIONSHIP($,$,#17936,#17931)
REPRESENTATION_RELATIONSHIP_WITH_TRANSFORMATION(#17)
SHAPE_REPRESENTATION_RELATIONSHIP()
);
#33=(
REPRESENTATION_RELATIONSHIP($,$,#17941,#17931)
REPRESENTATION_RELATIONSHIP_WITH_TRANSFORMATION(#18)
SHAPE_REPRESENTATION_RELATIONSHIP()
);
#34=(
REPRESENTATION_RELATIONSHIP($,$,#17937,#17931)
REPRESENTATION_RELATIONSHIP_WITH_TRANSFORMATION(#19)
SHAPE_REPRESENTATION_RELATIONSHIP()
);
#35=(
REPRESENTATION_RELATIONSHIP($,$,#17938,#17931)
REPRESENTATION_RELATIONSHIP_WITH_TRANSFORMATION(#20)
SHAPE_REPRESENTATION_RELATIONSHIP()
);
#36=(
REPRESENTATION_RELATIONSHIP($,$,#17939,#17931)
REPRESENTATION_RELATIONSHIP_WITH_TRANSFORMATION(#21)
SHAPE_REPRESENTATION_RELATIONSHIP()
);
#37=(
REPRESENTATION_RELATIONSHIP($,$,#17939,#17931)
REPRESENTATION_RELATIONSHIP_WITH_TRANSFORMATION(#22)
SHAPE_REPRESENTATION_RELATIONSHIP()
);
#38=(
REPRESENTATION_RELATIONSHIP($,$,#17939,#17931)
REPRESENTATION_RELATIONSHIP_WITH_TRANSFORMATION(#23)
SHAPE_REPRESENTATION_RELATIONSHIP()
);
#39=(
REPRESENTATION_RELATIONSHIP($,$,#17940,#17931)
REPRESENTATION_RELATIONSHIP_WITH_TRANSFORMATION(#24)
SHAPE_REPRESENTATION_RELATIONSHIP()
);
#40=(
REPRESENTATION_RELATIONSHIP($,$,#17941,#17931)
REPRESENTATION_RELATIONSHIP_WITH_TRANSFORMATION(#25)
SHAPE_REPRESENTATION_RELATIONSHIP()
);
#41=CONTEXT_DEPENDENT_SHAPE_REPRESENTATION(#26,#17916);
#42=CONTEXT_DEPENDENT_SHAPE_REPRESENTATION(#27,#17917);
#43=CONTEXT_DEPENDENT_SHAPE_REPRESENTATION(#28,#17918);
#44=CONTEXT_DEPENDENT_SHAPE_REPRESENTATION(#29,#17919);
#45=CONTEXT_DEPENDENT_SHAPE_REPRESENTATION(#30,#17920);
#46=CONTEXT_DEPENDENT_SHAPE_REPRESENTATION(#31,#17921);
#47=CONTEXT_DEPENDENT_SHAPE_REPRESENTATION(#32,#17922);
#48=CONTEXT_DEPENDENT_SHAPE_REPRESENTATION(#33,#17923);
#49=CONTEXT_DEPENDENT_SHAPE_REPRESENTATION(#34,#17924);
#50=CONTEXT_DEPENDENT_SHAPE_REPRESENTATION(#35,#17925);
#51=CONTEXT_DEPENDENT_SHAPE_REPRESENTATION(#36,#17926);
#52=CONTEXT_DEPENDENT_SHAPE_REPRESENTATION(#37,#17927);
#53=CONTEXT_DEPENDENT_SHAPE_REPRESENTATION(#38,#17928);
#54=CONTEXT_DEPENDENT_SHAPE_REPRESENTATION(#39,#17929);
#55=CONTEXT_DEPENDENT_SHAPE_REPRESENTATION(#40,#17930);
#56=NEXT_ASSEMBLY_USAGE_OCCURRENCE('Board:1','Board:1','Board:1',#17943,
#17944,'Board:1');
#57=NEXT_ASSEMBLY_USAGE_OCCURRENCE('0603-NO:1','0603-NO:1','0603-NO:1',
#17943,#17951,'0603-NO:1');
#58=NEXT_ASSEMBLY_USAGE_OCCURRENCE('SOD-323:1','SOD-323:1','SOD-323:1',
#17943,#17945,'SOD-323:1');
#59=NEXT_ASSEMBLY_USAGE_OCCURRENCE('0805-NO:1','0805-NO:1','0805-NO:1',
#17943,#17952,'0805-NO:1');
#60=NEXT_ASSEMBLY_USAGE_OCCURRENCE('SOT23-5:1','SOT23-5:1','SOT23-5:1',
#17943,#17946,'SOT23-5:1');
#61=NEXT_ASSEMBLY_USAGE_OCCURRENCE('RESPACK_4X0603:1',
'RESPACK_4X0603:1','RESPACK_4X0603:1',#17943,#17947,'RESPACK_4X0603:1');
#62=NEXT_ASSEMBLY_USAGE_OCCURRENCE('SOT363:1','SOT363:1','SOT363:1',#17943,
#17948,'SOT363:1');
#63=NEXT_ASSEMBLY_USAGE_OCCURRENCE('JST_SH4:1','JST_SH4:1','JST_SH4:1',
#17943,#17953,'JST_SH4:1');
#64=NEXT_ASSEMBLY_USAGE_OCCURRENCE('CHIPLED_0603_NOOUTLINE:1',
'CHIPLED_0603_NOOUTLINE:1','CHIPLED_0603_NOOUTLINE:1',#17943,#17949,
'CHIPLED_0603_NOOUTLINE:1');
#65=NEXT_ASSEMBLY_USAGE_OCCURRENCE('LGA9_BMP585_BOS:1',
'LGA9_BMP585_BOS:1','LGA9_BMP585_BOS:1',#17943,#17950,
'LGA9_BMP585_BOS:1');
#66=NEXT_ASSEMBLY_USAGE_OCCURRENCE('0603-NO:2','0603-NO:2','0603-NO:2',
#17943,#17951,'0603-NO:2');
#67=NEXT_ASSEMBLY_USAGE_OCCURRENCE('0603-NO:3','0603-NO:3','0603-NO:3',
#17943,#17951,'0603-NO:3');
#68=NEXT_ASSEMBLY_USAGE_OCCURRENCE('0603-NO:4','0603-NO:4','0603-NO:4',
#17943,#17951,'0603-NO:4');
#69=NEXT_ASSEMBLY_USAGE_OCCURRENCE('0805-NO:2','0805-NO:2','0805-NO:2',
#17943,#17952,'0805-NO:2');
#70=NEXT_ASSEMBLY_USAGE_OCCURRENCE('JST_SH4:2','JST_SH4:2','JST_SH4:2',
#17943,#17953,'JST_SH4:2');
#71=(
BOUNDED_SURFACE()
B_SPLINE_SURFACE(2,1,((#16603,#16604),(#16605,#16606),(#16607,#16608),(#16609,
#16610),(#16611,#16612),(#16613,#16614),(#16615,#16616),(#16617,#16618),
(#16619,#16620)),.UNSPECIFIED.,.T.,.F.,.F.)
B_SPLINE_SURFACE_WITH_KNOTS((3,2,2,2,3),(2,2),(-1.11715057451725,-0.837862930887938,
-0.558575287258625,-0.279287643629313,0.),(0.,0.05102352),.UNSPECIFIED.)
GEOMETRIC_REPRESENTATION_ITEM()
RATIONAL_B_SPLINE_SURFACE(((1.,1.),(0.707106781186548,0.707106781186548),
(1.,1.),(0.707106781186548,0.707106781186548),(1.,1.),(0.707106781186548,
0.707106781186548),(1.,1.),(0.707106781186548,0.707106781186548),(1.,1.)))
REPRESENTATION_ITEM('')
SURFACE()
);
#72=(
BOUNDED_SURFACE()
B_SPLINE_SURFACE(2,1,((#16706,#16707),(#16708,#16709),(#16710,#16711),(#16712,
#16713),(#16714,#16715),(#16716,#16717),(#16718,#16719),(#16720,#16721),
(#16722,#16723)),.UNSPECIFIED.,.T.,.F.,.F.)
B_SPLINE_SURFACE_WITH_KNOTS((3,2,2,2,3),(2,2),(-1.11715057451725,-0.837862930887938,
-0.558575287258625,-0.279287643629313,0.),(0.,0.05102352),.UNSPECIFIED.)
GEOMETRIC_REPRESENTATION_ITEM()
RATIONAL_B_SPLINE_SURFACE(((1.,1.),(0.707106781186548,0.707106781186548),
(1.,1.),(0.707106781186548,0.707106781186548),(1.,1.),(0.707106781186548,
0.707106781186548),(1.,1.),(0.707106781186548,0.707106781186548),(1.,1.)))
REPRESENTATION_ITEM('')
SURFACE()
);
#73=(
BOUNDED_SURFACE()
B_SPLINE_SURFACE(2,1,((#16781,#16782),(#16783,#16784),(#16785,#16786),(#16787,
#16788),(#16789,#16790),(#16791,#16792),(#16793,#16794),(#16795,#16796),
(#16797,#16798)),.UNSPECIFIED.,.T.,.F.,.F.)
B_SPLINE_SURFACE_WITH_KNOTS((3,2,2,2,3),(2,2),(-1.11715057451725,-0.837862930887938,
-0.558575287258625,-0.279287643629313,0.),(0.,0.05102352),.UNSPECIFIED.)
GEOMETRIC_REPRESENTATION_ITEM()
RATIONAL_B_SPLINE_SURFACE(((1.,1.),(0.707106781186548,0.707106781186548),
(1.,1.),(0.707106781186548,0.707106781186548),(1.,1.),(0.707106781186548,
0.707106781186548),(1.,1.),(0.707106781186548,0.707106781186548),(1.,1.)))
REPRESENTATION_ITEM('')
SURFACE()
);
#74=(
BOUNDED_SURFACE()
B_SPLINE_SURFACE(2,1,((#16819,#16820),(#16821,#16822),(#16823,#16824),(#16825,
#16826),(#16827,#16828),(#16829,#16830),(#16831,#16832),(#16833,#16834),
(#16835,#16836)),.UNSPECIFIED.,.T.,.F.,.F.)
B_SPLINE_SURFACE_WITH_KNOTS((3,2,2,2,3),(2,2),(-1.11715057451725,-0.837862930887938,
-0.558575287258625,-0.279287643629313,0.),(0.,0.05102352),.UNSPECIFIED.)
GEOMETRIC_REPRESENTATION_ITEM()
RATIONAL_B_SPLINE_SURFACE(((1.,1.),(0.707106781186548,0.707106781186548),
(1.,1.),(0.707106781186548,0.707106781186548),(1.,1.),(0.707106781186548,
0.707106781186548),(1.,1.),(0.707106781186548,0.707106781186548),(1.,1.)))
REPRESENTATION_ITEM('')
SURFACE()
);
#75=ELLIPSE('',#11679,0.184150024690795,0.184032694303164);
#76=ELLIPSE('',#11680,0.184150024690795,0.184032694303164);
#77=ELLIPSE('',#11698,0.184150024690795,0.184032694303164);
#78=ELLIPSE('',#11699,0.184150024690795,0.184032694303164);
#79=ELLIPSE('',#11710,0.184150024690795,0.184032694303165);
#80=ELLIPSE('',#11711,0.184150024690795,0.184032694303165);
#81=ELLIPSE('',#11716,0.184150024690795,0.184032694303165);
#82=ELLIPSE('',#11717,0.184150024690795,0.184032694303164);
#83=SHAPE_REPRESENTATION_RELATIONSHIP('SRR','None',#17932,#93);
#84=SHAPE_REPRESENTATION_RELATIONSHIP('SRR','None',#17933,#94);
#85=SHAPE_REPRESENTATION_RELATIONSHIP('SRR','None',#17934,#95);
#86=SHAPE_REPRESENTATION_RELATIONSHIP('SRR','None',#17935,#96);
#87=SHAPE_REPRESENTATION_RELATIONSHIP('SRR','None',#17936,#97);
#88=SHAPE_REPRESENTATION_RELATIONSHIP('SRR','None',#17937,#98);
#89=SHAPE_REPRESENTATION_RELATIONSHIP('SRR','None',#17938,#99);
#90=SHAPE_REPRESENTATION_RELATIONSHIP('SRR','None',#17939,#100);
#91=SHAPE_REPRESENTATION_RELATIONSHIP('SRR','None',#17940,#101);
#92=SHAPE_REPRESENTATION_RELATIONSHIP('SRR','None',#17941,#102);
#93=ADVANCED_BREP_SHAPE_REPRESENTATION('',(#103),#17879);
#94=ADVANCED_BREP_SHAPE_REPRESENTATION('',(#104),#17880);
#95=ADVANCED_BREP_SHAPE_REPRESENTATION('',(#105),#17881);
#96=ADVANCED_BREP_SHAPE_REPRESENTATION('',(#106),#17882);
#97=ADVANCED_BREP_SHAPE_REPRESENTATION('',(#107),#17883);
#98=ADVANCED_BREP_SHAPE_REPRESENTATION('',(#108,#109,#110,#111,#112),#17884);
#99=ADVANCED_BREP_SHAPE_REPRESENTATION('',(#113,#114,#115,#116,#117,#118,
#119,#120,#121,#122),#17885);
#100=ADVANCED_BREP_SHAPE_REPRESENTATION('',(#123),#17886);
#101=ADVANCED_BREP_SHAPE_REPRESENTATION('',(#124),#17887);
#102=ADVANCED_BREP_SHAPE_REPRESENTATION('',(#125),#17888);
#103=MANIFOLD_SOLID_BREP('Body1',#11036);
#104=MANIFOLD_SOLID_BREP('Body1',#11037);
#105=MANIFOLD_SOLID_BREP('Body1',#11038);
#106=MANIFOLD_SOLID_BREP('Body1',#11039);
#107=MANIFOLD_SOLID_BREP('Body1',#11040);
#108=MANIFOLD_SOLID_BREP('Body1',#11041);
#109=MANIFOLD_SOLID_BREP('Body2',#11042);
#110=MANIFOLD_SOLID_BREP('Body3',#11043);
#111=MANIFOLD_SOLID_BREP('Body4',#11044);
#112=MANIFOLD_SOLID_BREP('Body5',#11045);
#113=MANIFOLD_SOLID_BREP('Body1',#11046);
#114=MANIFOLD_SOLID_BREP('Body2',#11047);
#115=MANIFOLD_SOLID_BREP('Body3',#11048);
#116=MANIFOLD_SOLID_BREP('Body4',#11049);
#117=MANIFOLD_SOLID_BREP('Body5',#11050);
#118=MANIFOLD_SOLID_BREP('Body6',#11051);
#119=MANIFOLD_SOLID_BREP('Body7',#11052);
#120=MANIFOLD_SOLID_BREP('Body8',#11053);
#121=MANIFOLD_SOLID_BREP('Body9',#11054);
#122=MANIFOLD_SOLID_BREP('Body10',#11055);
#123=MANIFOLD_SOLID_BREP('Body1',#11056);
#124=MANIFOLD_SOLID_BREP('Body1',#11057);
#125=MANIFOLD_SOLID_BREP('Body1',#11058);
#126=FACE_BOUND('',#1262,.T.);
#127=FACE_BOUND('',#1263,.T.);
#128=FACE_BOUND('',#1264,.T.);
#129=FACE_BOUND('',#1265,.T.);
#130=FACE_BOUND('',#1266,.T.);
#131=FACE_BOUND('',#1267,.T.);
#132=FACE_BOUND('',#1268,.T.);
#133=FACE_BOUND('',#1269,.T.);
#134=FACE_BOUND('',#1270,.T.);
#135=FACE_BOUND('',#1271,.T.);
#136=FACE_BOUND('',#1272,.T.);
#137=FACE_BOUND('',#1273,.T.);
#138=FACE_BOUND('',#1274,.T.);
#139=FACE_BOUND('',#1275,.T.);
#140=FACE_BOUND('',#1276,.T.);
#141=FACE_BOUND('',#1277,.T.);
#142=FACE_BOUND('',#1278,.T.);
#143=FACE_BOUND('',#1279,.T.);
#144=FACE_BOUND('',#1280,.T.);
#145=FACE_BOUND('',#1281,.T.);
#146=FACE_BOUND('',#1282,.T.);
#147=FACE_BOUND('',#1283,.T.);
#148=FACE_BOUND('',#1284,.T.);
#149=FACE_BOUND('',#1285,.T.);
#150=FACE_BOUND('',#1286,.T.);
#151=FACE_BOUND('',#1287,.T.);
#152=FACE_BOUND('',#1288,.T.);
#153=FACE_BOUND('',#1289,.T.);
#154=FACE_BOUND('',#1290,.T.);
#155=FACE_BOUND('',#1291,.T.);
#156=FACE_BOUND('',#1293,.T.);
#157=FACE_BOUND('',#1294,.T.);
#158=FACE_BOUND('',#1295,.T.);
#159=FACE_BOUND('',#1296,.T.);
#160=FACE_BOUND('',#1297,.T.);
#161=FACE_BOUND('',#1298,.T.);
#162=FACE_BOUND('',#1299,.T.);
#163=FACE_BOUND('',#1300,.T.);
#164=FACE_BOUND('',#1301,.T.);
#165=FACE_BOUND('',#1302,.T.);
#166=FACE_BOUND('',#1303,.T.);
#167=FACE_BOUND('',#1304,.T.);
#168=FACE_BOUND('',#1305,.T.);
#169=FACE_BOUND('',#1306,.T.);
#170=FACE_BOUND('',#1307,.T.);
#171=FACE_BOUND('',#1308,.T.);
#172=FACE_BOUND('',#1309,.T.);
#173=FACE_BOUND('',#1310,.T.);
#174=FACE_BOUND('',#1311,.T.);
#175=FACE_BOUND('',#1312,.T.);
#176=FACE_BOUND('',#1313,.T.);
#177=FACE_BOUND('',#1314,.T.);
#178=FACE_BOUND('',#1315,.T.);
#179=FACE_BOUND('',#1316,.T.);
#180=FACE_BOUND('',#1317,.T.);
#181=FACE_BOUND('',#1318,.T.);
#182=FACE_BOUND('',#1319,.T.);
#183=FACE_BOUND('',#1320,.T.);
#184=FACE_BOUND('',#1321,.T.);
#185=FACE_BOUND('',#1322,.T.);
#186=FACE_BOUND('',#1718,.T.);
#187=FACE_BOUND('',#1721,.T.);
#188=FACE_BOUND('',#1724,.T.);
#189=FACE_BOUND('',#1726,.T.);
#190=FACE_BOUND('',#1727,.T.);
#191=FACE_BOUND('',#1765,.T.);
#192=FACE_BOUND('',#1766,.T.);
#193=FACE_BOUND('',#1767,.T.);
#194=FACE_BOUND('',#1768,.T.);
#195=FACE_BOUND('',#1789,.T.);
#196=PLANE('',#11262);
#197=PLANE('',#11266);
#198=PLANE('',#11270);
#199=PLANE('',#11274);
#200=PLANE('',#11278);
#201=PLANE('',#11279);
#202=PLANE('',#11281);
#203=PLANE('',#11285);
#204=PLANE('',#11289);
#205=PLANE('',#11290);
#206=PLANE('',#11291);
#207=PLANE('',#11295);
#208=PLANE('',#11299);
#209=PLANE('',#11300);
#210=PLANE('',#11301);
#211=PLANE('',#11302);
#212=PLANE('',#11303);
#213=PLANE('',#11304);
#214=PLANE('',#11308);
#215=PLANE('',#11312);
#216=PLANE('',#11313);
#217=PLANE('',#11314);
#218=PLANE('',#11318);
#219=PLANE('',#11322);
#220=PLANE('',#11323);
#221=PLANE('',#11324);
#222=PLANE('',#11325);
#223=PLANE('',#11326);
#224=PLANE('',#11327);
#225=PLANE('',#11328);
#226=PLANE('',#11329);
#227=PLANE('',#11330);
#228=PLANE('',#11331);
#229=PLANE('',#11332);
#230=PLANE('',#11333);
#231=PLANE('',#11334);
#232=PLANE('',#11336);
#233=PLANE('',#11337);
#234=PLANE('',#11338);
#235=PLANE('',#11339);
#236=PLANE('',#11340);
#237=PLANE('',#11341);
#238=PLANE('',#11342);
#239=PLANE('',#11343);
#240=PLANE('',#11344);
#241=PLANE('',#11345);
#242=PLANE('',#11346);
#243=PLANE('',#11347);
#244=PLANE('',#11348);
#245=PLANE('',#11352);
#246=PLANE('',#11356);
#247=PLANE('',#11357);
#248=PLANE('',#11361);
#249=PLANE('',#11365);
#250=PLANE('',#11366);
#251=PLANE('',#11367);
#252=PLANE('',#11371);
#253=PLANE('',#11375);
#254=PLANE('',#11376);
#255=PLANE('',#11380);
#256=PLANE('',#11384);
#257=PLANE('',#11385);
#258=PLANE('',#11386);
#259=PLANE('',#11387);
#260=PLANE('',#11388);
#261=PLANE('',#11389);
#262=PLANE('',#11390);
#263=PLANE('',#11394);
#264=PLANE('',#11398);
#265=PLANE('',#11399);
#266=PLANE('',#11403);
#267=PLANE('',#11407);
#268=PLANE('',#11408);
#269=PLANE('',#11409);
#270=PLANE('',#11410);
#271=PLANE('',#11411);
#272=PLANE('',#11415);
#273=PLANE('',#11419);
#274=PLANE('',#11420);
#275=PLANE('',#11424);
#276=PLANE('',#11428);
#277=PLANE('',#11429);
#278=PLANE('',#11430);
#279=PLANE('',#11434);
#280=PLANE('',#11438);
#281=PLANE('',#11439);
#282=PLANE('',#11443);
#283=PLANE('',#11447);
#284=PLANE('',#11448);
#285=PLANE('',#11449);
#286=PLANE('',#11450);
#287=PLANE('',#11452);
#288=PLANE('',#11453);
#289=PLANE('',#11454);
#290=PLANE('',#11455);
#291=PLANE('',#11456);
#292=PLANE('',#11457);
#293=PLANE('',#11458);
#294=PLANE('',#11459);
#295=PLANE('',#11460);
#296=PLANE('',#11461);
#297=PLANE('',#11462);
#298=PLANE('',#11463);
#299=PLANE('',#11464);
#300=PLANE('',#11465);
#301=PLANE('',#11466);
#302=PLANE('',#11467);
#303=PLANE('',#11468);
#304=PLANE('',#11469);
#305=PLANE('',#11470);
#306=PLANE('',#11471);
#307=PLANE('',#11472);
#308=PLANE('',#11473);
#309=PLANE('',#11474);
#310=PLANE('',#11475);
#311=PLANE('',#11476);
#312=PLANE('',#11477);
#313=PLANE('',#11478);
#314=PLANE('',#11479);
#315=PLANE('',#11480);
#316=PLANE('',#11481);
#317=PLANE('',#11482);
#318=PLANE('',#11483);
#319=PLANE('',#11484);
#320=PLANE('',#11485);
#321=PLANE('',#11486);
#322=PLANE('',#11487);
#323=PLANE('',#11488);
#324=PLANE('',#11489);
#325=PLANE('',#11490);
#326=PLANE('',#11491);
#327=PLANE('',#11492);
#328=PLANE('',#11493);
#329=PLANE('',#11494);
#330=PLANE('',#11495);
#331=PLANE('',#11496);
#332=PLANE('',#11497);
#333=PLANE('',#11498);
#334=PLANE('',#11499);
#335=PLANE('',#11500);
#336=PLANE('',#11501);
#337=PLANE('',#11502);
#338=PLANE('',#11503);
#339=PLANE('',#11504);
#340=PLANE('',#11505);
#341=PLANE('',#11506);
#342=PLANE('',#11507);
#343=PLANE('',#11508);
#344=PLANE('',#11509);
#345=PLANE('',#11510);
#346=PLANE('',#11511);
#347=PLANE('',#11512);
#348=PLANE('',#11513);
#349=PLANE('',#11515);
#350=PLANE('',#11520);
#351=PLANE('',#11521);
#352=PLANE('',#11524);
#353=PLANE('',#11527);
#354=PLANE('',#11528);
#355=PLANE('',#11531);
#356=PLANE('',#11534);
#357=PLANE('',#11535);
#358=PLANE('',#11536);
#359=PLANE('',#11537);
#360=PLANE('',#11538);
#361=PLANE('',#11539);
#362=PLANE('',#11540);
#363=PLANE('',#11541);
#364=PLANE('',#11542);
#365=PLANE('',#11543);
#366=PLANE('',#11544);
#367=PLANE('',#11545);
#368=PLANE('',#11546);
#369=PLANE('',#11547);
#370=PLANE('',#11548);
#371=PLANE('',#11549);
#372=PLANE('',#11550);
#373=PLANE('',#11554);
#374=PLANE('',#11558);
#375=PLANE('',#11559);
#376=PLANE('',#11563);
#377=PLANE('',#11567);
#378=PLANE('',#11568);
#379=PLANE('',#11569);
#380=PLANE('',#11570);
#381=PLANE('',#11571);
#382=PLANE('',#11572);
#383=PLANE('',#11573);
#384=PLANE('',#11574);
#385=PLANE('',#11575);
#386=PLANE('',#11576);
#387=PLANE('',#11577);
#388=PLANE('',#11581);
#389=PLANE('',#11585);
#390=PLANE('',#11586);
#391=PLANE('',#11590);
#392=PLANE('',#11594);
#393=PLANE('',#11595);
#394=PLANE('',#11596);
#395=PLANE('',#11597);
#396=PLANE('',#11598);
#397=PLANE('',#11602);
#398=PLANE('',#11606);
#399=PLANE('',#11607);
#400=PLANE('',#11611);
#401=PLANE('',#11615);
#402=PLANE('',#11616);
#403=PLANE('',#11617);
#404=PLANE('',#11618);
#405=PLANE('',#11619);
#406=PLANE('',#11620);
#407=PLANE('',#11621);
#408=PLANE('',#11625);
#409=PLANE('',#11629);
#410=PLANE('',#11630);
#411=PLANE('',#11634);
#412=PLANE('',#11638);
#413=PLANE('',#11639);
#414=PLANE('',#11640);
#415=PLANE('',#11641);
#416=PLANE('',#11642);
#417=PLANE('',#11646);
#418=PLANE('',#11650);
#419=PLANE('',#11651);
#420=PLANE('',#11655);
#421=PLANE('',#11659);
#422=PLANE('',#11660);
#423=PLANE('',#11662);
#424=PLANE('',#11663);
#425=PLANE('',#11664);
#426=PLANE('',#11665);
#427=PLANE('',#11666);
#428=PLANE('',#11667);
#429=PLANE('',#11668);
#430=PLANE('',#11669);
#431=PLANE('',#11670);
#432=PLANE('',#11674);
#433=PLANE('',#11675);
#434=PLANE('',#11676);
#435=PLANE('',#11677);
#436=PLANE('',#11678);
#437=PLANE('',#11681);
#438=PLANE('',#11682);
#439=PLANE('',#11683);
#440=PLANE('',#11684);
#441=PLANE('',#11685);
#442=PLANE('',#11686);
#443=PLANE('',#11687);
#444=PLANE('',#11688);
#445=PLANE('',#11689);
#446=PLANE('',#11693);
#447=PLANE('',#11694);
#448=PLANE('',#11695);
#449=PLANE('',#11696);
#450=PLANE('',#11697);
#451=PLANE('',#11700);
#452=PLANE('',#11701);
#453=PLANE('',#11702);
#454=PLANE('',#11703);
#455=PLANE('',#11704);
#456=PLANE('',#11705);
#457=PLANE('',#11706);
#458=PLANE('',#11707);
#459=PLANE('',#11708);
#460=PLANE('',#11709);
#461=PLANE('',#11712);
#462=PLANE('',#11713);
#463=PLANE('',#11714);
#464=PLANE('',#11715);
#465=PLANE('',#11718);
#466=PLANE('',#11719);
#467=PLANE('',#11720);
#468=PLANE('',#11721);
#469=PLANE('',#11722);
#470=PLANE('',#11723);
#471=PLANE('',#11724);
#472=PLANE('',#11725);
#473=PLANE('',#11726);
#474=PLANE('',#11727);
#475=PLANE('',#11728);
#476=PLANE('',#11733);
#477=PLANE('',#11736);
#478=PLANE('',#11738);
#479=PLANE('',#11739);
#480=PLANE('',#11740);
#481=PLANE('',#11741);
#482=PLANE('',#11742);
#483=PLANE('',#11743);
#484=PLANE('',#11744);
#485=PLANE('',#11745);
#486=PLANE('',#11746);
#487=PLANE('',#11747);
#488=PLANE('',#11748);
#489=PLANE('',#11749);
#490=PLANE('',#11750);
#491=PLANE('',#11751);
#492=PLANE('',#11752);
#493=PLANE('',#11753);
#494=PLANE('',#11754);
#495=PLANE('',#11755);
#496=PLANE('',#11756);
#497=PLANE('',#11757);
#498=PLANE('',#11758);
#499=PLANE('',#11759);
#500=PLANE('',#11760);
#501=PLANE('',#11761);
#502=PLANE('',#11762);
#503=PLANE('',#11763);
#504=PLANE('',#11764);
#505=PLANE('',#11765);
#506=PLANE('',#11766);
#507=PLANE('',#11767);
#508=PLANE('',#11768);
#509=PLANE('',#11769);
#510=PLANE('',#11770);
#511=PLANE('',#11771);
#512=PLANE('',#11772);
#513=PLANE('',#11773);
#514=PLANE('',#11774);
#515=PLANE('',#11775);
#516=PLANE('',#11776);
#517=PLANE('',#11777);
#518=PLANE('',#11778);
#519=PLANE('',#11779);
#520=PLANE('',#11780);
#521=PLANE('',#11781);
#522=PLANE('',#11782);
#523=PLANE('',#11783);
#524=PLANE('',#11784);
#525=PLANE('',#11785);
#526=PLANE('',#11786);
#527=PLANE('',#11787);
#528=PLANE('',#11788);
#529=PLANE('',#11789);
#530=PLANE('',#11790);
#531=PLANE('',#11791);
#532=PLANE('',#11795);
#533=PLANE('',#11802);
#534=PLANE('',#11806);
#535=PLANE('',#11810);
#536=PLANE('',#11811);
#537=PLANE('',#11812);
#538=PLANE('',#11813);
#539=PLANE('',#11814);
#540=PLANE('',#11815);
#541=PLANE('',#11816);
#542=PLANE('',#11817);
#543=PLANE('',#11819);
#544=PLANE('',#11820);
#545=PLANE('',#11821);
#546=PLANE('',#11822);
#547=PLANE('',#11823);
#548=PLANE('',#11824);
#549=PLANE('',#11825);
#550=PLANE('',#11826);
#551=PLANE('',#11827);
#552=PLANE('',#11828);
#553=PLANE('',#11829);
#554=PLANE('',#11830);
#555=PLANE('',#11831);
#556=PLANE('',#11832);
#557=PLANE('',#11834);
#558=PLANE('',#11835);
#559=PLANE('',#11836);
#560=PLANE('',#11837);
#561=PLANE('',#11838);
#562=PLANE('',#11839);
#563=PLANE('',#11840);
#564=PLANE('',#11841);
#565=PLANE('',#11842);
#566=PLANE('',#11843);
#567=PLANE('',#11844);
#568=PLANE('',#11845);
#569=PLANE('',#11846);
#570=PLANE('',#11847);
#571=PLANE('',#11849);
#572=PLANE('',#11850);
#573=PLANE('',#11851);
#574=PLANE('',#11852);
#575=PLANE('',#11853);
#576=PLANE('',#11854);
#577=PLANE('',#11855);
#578=PLANE('',#11856);
#579=PLANE('',#11857);
#580=PLANE('',#11858);
#581=PLANE('',#11859);
#582=PLANE('',#11860);
#583=PLANE('',#11861);
#584=PLANE('',#11862);
#585=PLANE('',#11863);
#586=PLANE('',#11864);
#587=PLANE('',#11865);
#588=PLANE('',#11866);
#589=PLANE('',#11867);
#590=PLANE('',#11868);
#591=PLANE('',#11869);
#592=PLANE('',#11870);
#593=PLANE('',#11871);
#594=PLANE('',#11872);
#595=PLANE('',#11873);
#596=PLANE('',#11874);
#597=PLANE('',#11875);
#598=PLANE('',#11876);
#599=PLANE('',#11877);
#600=PLANE('',#11878);
#601=PLANE('',#11879);
#602=PLANE('',#11880);
#603=PLANE('',#11881);
#604=PLANE('',#11882);
#605=PLANE('',#11883);
#606=PLANE('',#11884);
#607=PLANE('',#11885);
#608=PLANE('',#11886);
#609=PLANE('',#11887);
#610=PLANE('',#11888);
#611=PLANE('',#11889);
#612=PLANE('',#11890);
#613=PLANE('',#11891);
#614=PLANE('',#11892);
#615=PLANE('',#11893);
#616=PLANE('',#11894);
#617=PLANE('',#11895);
#618=PLANE('',#11896);
#619=PLANE('',#11897);
#620=PLANE('',#11898);
#621=PLANE('',#11899);
#622=PLANE('',#11900);
#623=PLANE('',#11901);
#624=PLANE('',#11902);
#625=PLANE('',#11903);
#626=PLANE('',#11904);
#627=PLANE('',#11905);
#628=PLANE('',#11906);
#629=PLANE('',#11907);
#630=PLANE('',#11908);
#631=PLANE('',#11909);
#632=PLANE('',#11910);
#633=PLANE('',#11911);
#634=PLANE('',#11912);
#635=PLANE('',#11913);
#636=PLANE('',#11914);
#637=PLANE('',#11915);
#638=PLANE('',#11916);
#639=PLANE('',#11917);
#640=PLANE('',#11918);
#641=PLANE('',#11919);
#642=PLANE('',#11920);
#643=PLANE('',#11921);
#644=PLANE('',#11922);
#645=PLANE('',#11923);
#646=PLANE('',#11924);
#647=PLANE('',#11925);
#648=PLANE('',#11926);
#649=PLANE('',#11927);
#650=PLANE('',#11928);
#651=PLANE('',#11929);
#652=PLANE('',#11930);
#653=PLANE('',#11931);
#654=PLANE('',#11932);
#655=PLANE('',#11933);
#656=PLANE('',#11934);
#657=PLANE('',#11935);
#658=PLANE('',#11936);
#659=PLANE('',#11937);
#660=FACE_OUTER_BOUND('',#1223,.T.);
#661=FACE_OUTER_BOUND('',#1224,.T.);
#662=FACE_OUTER_BOUND('',#1225,.T.);
#663=FACE_OUTER_BOUND('',#1226,.T.);
#664=FACE_OUTER_BOUND('',#1227,.T.);
#665=FACE_OUTER_BOUND('',#1228,.T.);
#666=FACE_OUTER_BOUND('',#1229,.T.);
#667=FACE_OUTER_BOUND('',#1230,.T.);
#668=FACE_OUTER_BOUND('',#1231,.T.);
#669=FACE_OUTER_BOUND('',#1232,.T.);
#670=FACE_OUTER_BOUND('',#1233,.T.);
#671=FACE_OUTER_BOUND('',#1234,.T.);
#672=FACE_OUTER_BOUND('',#1235,.T.);
#673=FACE_OUTER_BOUND('',#1236,.T.);
#674=FACE_OUTER_BOUND('',#1237,.T.);
#675=FACE_OUTER_BOUND('',#1238,.T.);
#676=FACE_OUTER_BOUND('',#1239,.T.);
#677=FACE_OUTER_BOUND('',#1240,.T.);
#678=FACE_OUTER_BOUND('',#1241,.T.);
#679=FACE_OUTER_BOUND('',#1242,.T.);
#680=FACE_OUTER_BOUND('',#1243,.T.);
#681=FACE_OUTER_BOUND('',#1244,.T.);
#682=FACE_OUTER_BOUND('',#1245,.T.);
#683=FACE_OUTER_BOUND('',#1246,.T.);
#684=FACE_OUTER_BOUND('',#1247,.T.);
#685=FACE_OUTER_BOUND('',#1248,.T.);
#686=FACE_OUTER_BOUND('',#1249,.T.);
#687=FACE_OUTER_BOUND('',#1250,.T.);
#688=FACE_OUTER_BOUND('',#1251,.T.);
#689=FACE_OUTER_BOUND('',#1252,.T.);
#690=FACE_OUTER_BOUND('',#1253,.T.);
#691=FACE_OUTER_BOUND('',#1254,.T.);
#692=FACE_OUTER_BOUND('',#1255,.T.);
#693=FACE_OUTER_BOUND('',#1256,.T.);
#694=FACE_OUTER_BOUND('',#1257,.T.);
#695=FACE_OUTER_BOUND('',#1258,.T.);
#696=FACE_OUTER_BOUND('',#1259,.T.);
#697=FACE_OUTER_BOUND('',#1260,.T.);
#698=FACE_OUTER_BOUND('',#1261,.T.);
#699=FACE_OUTER_BOUND('',#1292,.T.);
#700=FACE_OUTER_BOUND('',#1323,.T.);
#701=FACE_OUTER_BOUND('',#1324,.T.);
#702=FACE_OUTER_BOUND('',#1325,.T.);
#703=FACE_OUTER_BOUND('',#1326,.T.);
#704=FACE_OUTER_BOUND('',#1327,.T.);
#705=FACE_OUTER_BOUND('',#1328,.T.);
#706=FACE_OUTER_BOUND('',#1329,.T.);
#707=FACE_OUTER_BOUND('',#1330,.T.);
#708=FACE_OUTER_BOUND('',#1331,.T.);
#709=FACE_OUTER_BOUND('',#1332,.T.);
#710=FACE_OUTER_BOUND('',#1333,.T.);
#711=FACE_OUTER_BOUND('',#1334,.T.);
#712=FACE_OUTER_BOUND('',#1335,.T.);
#713=FACE_OUTER_BOUND('',#1336,.T.);
#714=FACE_OUTER_BOUND('',#1337,.T.);
#715=FACE_OUTER_BOUND('',#1338,.T.);
#716=FACE_OUTER_BOUND('',#1339,.T.);
#717=FACE_OUTER_BOUND('',#1340,.T.);
#718=FACE_OUTER_BOUND('',#1341,.T.);
#719=FACE_OUTER_BOUND('',#1342,.T.);
#720=FACE_OUTER_BOUND('',#1343,.T.);
#721=FACE_OUTER_BOUND('',#1344,.T.);
#722=FACE_OUTER_BOUND('',#1345,.T.);
#723=FACE_OUTER_BOUND('',#1346,.T.);
#724=FACE_OUTER_BOUND('',#1347,.T.);
#725=FACE_OUTER_BOUND('',#1348,.T.);
#726=FACE_OUTER_BOUND('',#1349,.T.);
#727=FACE_OUTER_BOUND('',#1350,.T.);
#728=FACE_OUTER_BOUND('',#1351,.T.);
#729=FACE_OUTER_BOUND('',#1352,.T.);
#730=FACE_OUTER_BOUND('',#1353,.T.);
#731=FACE_OUTER_BOUND('',#1354,.T.);
#732=FACE_OUTER_BOUND('',#1355,.T.);
#733=FACE_OUTER_BOUND('',#1356,.T.);
#734=FACE_OUTER_BOUND('',#1357,.T.);
#735=FACE_OUTER_BOUND('',#1358,.T.);
#736=FACE_OUTER_BOUND('',#1359,.T.);
#737=FACE_OUTER_BOUND('',#1360,.T.);
#738=FACE_OUTER_BOUND('',#1361,.T.);
#739=FACE_OUTER_BOUND('',#1362,.T.);
#740=FACE_OUTER_BOUND('',#1363,.T.);
#741=FACE_OUTER_BOUND('',#1364,.T.);
#742=FACE_OUTER_BOUND('',#1365,.T.);
#743=FACE_OUTER_BOUND('',#1366,.T.);
#744=FACE_OUTER_BOUND('',#1367,.T.);
#745=FACE_OUTER_BOUND('',#1368,.T.);
#746=FACE_OUTER_BOUND('',#1369,.T.);
#747=FACE_OUTER_BOUND('',#1370,.T.);
#748=FACE_OUTER_BOUND('',#1371,.T.);
#749=FACE_OUTER_BOUND('',#1372,.T.);
#750=FACE_OUTER_BOUND('',#1373,.T.);
#751=FACE_OUTER_BOUND('',#1374,.T.);
#752=FACE_OUTER_BOUND('',#1375,.T.);
#753=FACE_OUTER_BOUND('',#1376,.T.);
#754=FACE_OUTER_BOUND('',#1377,.T.);
#755=FACE_OUTER_BOUND('',#1378,.T.);
#756=FACE_OUTER_BOUND('',#1379,.T.);
#757=FACE_OUTER_BOUND('',#1380,.T.);
#758=FACE_OUTER_BOUND('',#1381,.T.);
#759=FACE_OUTER_BOUND('',#1382,.T.);
#760=FACE_OUTER_BOUND('',#1383,.T.);
#761=FACE_OUTER_BOUND('',#1384,.T.);
#762=FACE_OUTER_BOUND('',#1385,.T.);
#763=FACE_OUTER_BOUND('',#1386,.T.);
#764=FACE_OUTER_BOUND('',#1387,.T.);
#765=FACE_OUTER_BOUND('',#1388,.T.);
#766=FACE_OUTER_BOUND('',#1389,.T.);
#767=FACE_OUTER_BOUND('',#1390,.T.);
#768=FACE_OUTER_BOUND('',#1391,.T.);
#769=FACE_OUTER_BOUND('',#1392,.T.);
#770=FACE_OUTER_BOUND('',#1393,.T.);
#771=FACE_OUTER_BOUND('',#1394,.T.);
#772=FACE_OUTER_BOUND('',#1395,.T.);
#773=FACE_OUTER_BOUND('',#1396,.T.);
#774=FACE_OUTER_BOUND('',#1397,.T.);
#775=FACE_OUTER_BOUND('',#1398,.T.);
#776=FACE_OUTER_BOUND('',#1399,.T.);
#777=FACE_OUTER_BOUND('',#1400,.T.);
#778=FACE_OUTER_BOUND('',#1401,.T.);
#779=FACE_OUTER_BOUND('',#1402,.T.);
#780=FACE_OUTER_BOUND('',#1403,.T.);
#781=FACE_OUTER_BOUND('',#1404,.T.);
#782=FACE_OUTER_BOUND('',#1405,.T.);
#783=FACE_OUTER_BOUND('',#1406,.T.);
#784=FACE_OUTER_BOUND('',#1407,.T.);
#785=FACE_OUTER_BOUND('',#1408,.T.);
#786=FACE_OUTER_BOUND('',#1409,.T.);
#787=FACE_OUTER_BOUND('',#1410,.T.);
#788=FACE_OUTER_BOUND('',#1411,.T.);
#789=FACE_OUTER_BOUND('',#1412,.T.);
#790=FACE_OUTER_BOUND('',#1413,.T.);
#791=FACE_OUTER_BOUND('',#1414,.T.);
#792=FACE_OUTER_BOUND('',#1415,.T.);
#793=FACE_OUTER_BOUND('',#1416,.T.);
#794=FACE_OUTER_BOUND('',#1417,.T.);
#795=FACE_OUTER_BOUND('',#1418,.T.);
#796=FACE_OUTER_BOUND('',#1419,.T.);
#797=FACE_OUTER_BOUND('',#1420,.T.);
#798=FACE_OUTER_BOUND('',#1421,.T.);
#799=FACE_OUTER_BOUND('',#1422,.T.);
#800=FACE_OUTER_BOUND('',#1423,.T.);
#801=FACE_OUTER_BOUND('',#1424,.T.);
#802=FACE_OUTER_BOUND('',#1425,.T.);
#803=FACE_OUTER_BOUND('',#1426,.T.);
#804=FACE_OUTER_BOUND('',#1427,.T.);
#805=FACE_OUTER_BOUND('',#1428,.T.);
#806=FACE_OUTER_BOUND('',#1429,.T.);
#807=FACE_OUTER_BOUND('',#1430,.T.);
#808=FACE_OUTER_BOUND('',#1431,.T.);
#809=FACE_OUTER_BOUND('',#1432,.T.);
#810=FACE_OUTER_BOUND('',#1433,.T.);
#811=FACE_OUTER_BOUND('',#1434,.T.);
#812=FACE_OUTER_BOUND('',#1435,.T.);
#813=FACE_OUTER_BOUND('',#1436,.T.);
#814=FACE_OUTER_BOUND('',#1437,.T.);
#815=FACE_OUTER_BOUND('',#1438,.T.);
#816=FACE_OUTER_BOUND('',#1439,.T.);
#817=FACE_OUTER_BOUND('',#1440,.T.);
#818=FACE_OUTER_BOUND('',#1441,.T.);
#819=FACE_OUTER_BOUND('',#1442,.T.);
#820=FACE_OUTER_BOUND('',#1443,.T.);
#821=FACE_OUTER_BOUND('',#1444,.T.);
#822=FACE_OUTER_BOUND('',#1445,.T.);
#823=FACE_OUTER_BOUND('',#1446,.T.);
#824=FACE_OUTER_BOUND('',#1447,.T.);
#825=FACE_OUTER_BOUND('',#1448,.T.);
#826=FACE_OUTER_BOUND('',#1449,.T.);
#827=FACE_OUTER_BOUND('',#1450,.T.);
#828=FACE_OUTER_BOUND('',#1451,.T.);
#829=FACE_OUTER_BOUND('',#1452,.T.);
#830=FACE_OUTER_BOUND('',#1453,.T.);
#831=FACE_OUTER_BOUND('',#1454,.T.);
#832=FACE_OUTER_BOUND('',#1455,.T.);
#833=FACE_OUTER_BOUND('',#1456,.T.);
#834=FACE_OUTER_BOUND('',#1457,.T.);
#835=FACE_OUTER_BOUND('',#1458,.T.);
#836=FACE_OUTER_BOUND('',#1459,.T.);
#837=FACE_OUTER_BOUND('',#1460,.T.);
#838=FACE_OUTER_BOUND('',#1461,.T.);
#839=FACE_OUTER_BOUND('',#1462,.T.);
#840=FACE_OUTER_BOUND('',#1463,.T.);
#841=FACE_OUTER_BOUND('',#1464,.T.);
#842=FACE_OUTER_BOUND('',#1465,.T.);
#843=FACE_OUTER_BOUND('',#1466,.T.);
#844=FACE_OUTER_BOUND('',#1467,.T.);
#845=FACE_OUTER_BOUND('',#1468,.T.);
#846=FACE_OUTER_BOUND('',#1469,.T.);
#847=FACE_OUTER_BOUND('',#1470,.T.);
#848=FACE_OUTER_BOUND('',#1471,.T.);
#849=FACE_OUTER_BOUND('',#1472,.T.);
#850=FACE_OUTER_BOUND('',#1473,.T.);
#851=FACE_OUTER_BOUND('',#1474,.T.);
#852=FACE_OUTER_BOUND('',#1475,.T.);
#853=FACE_OUTER_BOUND('',#1476,.T.);
#854=FACE_OUTER_BOUND('',#1477,.T.);
#855=FACE_OUTER_BOUND('',#1478,.T.);
#856=FACE_OUTER_BOUND('',#1479,.T.);
#857=FACE_OUTER_BOUND('',#1480,.T.);
#858=FACE_OUTER_BOUND('',#1481,.T.);
#859=FACE_OUTER_BOUND('',#1482,.T.);
#860=FACE_OUTER_BOUND('',#1483,.T.);
#861=FACE_OUTER_BOUND('',#1484,.T.);
#862=FACE_OUTER_BOUND('',#1485,.T.);
#863=FACE_OUTER_BOUND('',#1486,.T.);
#864=FACE_OUTER_BOUND('',#1487,.T.);
#865=FACE_OUTER_BOUND('',#1488,.T.);
#866=FACE_OUTER_BOUND('',#1489,.T.);
#867=FACE_OUTER_BOUND('',#1490,.T.);
#868=FACE_OUTER_BOUND('',#1491,.T.);
#869=FACE_OUTER_BOUND('',#1492,.T.);
#870=FACE_OUTER_BOUND('',#1493,.T.);
#871=FACE_OUTER_BOUND('',#1494,.T.);
#872=FACE_OUTER_BOUND('',#1495,.T.);
#873=FACE_OUTER_BOUND('',#1496,.T.);
#874=FACE_OUTER_BOUND('',#1497,.T.);
#875=FACE_OUTER_BOUND('',#1498,.T.);
#876=FACE_OUTER_BOUND('',#1499,.T.);
#877=FACE_OUTER_BOUND('',#1500,.T.);
#878=FACE_OUTER_BOUND('',#1501,.T.);
#879=FACE_OUTER_BOUND('',#1502,.T.);
#880=FACE_OUTER_BOUND('',#1503,.T.);
#881=FACE_OUTER_BOUND('',#1504,.T.);
#882=FACE_OUTER_BOUND('',#1505,.T.);
#883=FACE_OUTER_BOUND('',#1506,.T.);
#884=FACE_OUTER_BOUND('',#1507,.T.);
#885=FACE_OUTER_BOUND('',#1508,.T.);
#886=FACE_OUTER_BOUND('',#1509,.T.);
#887=FACE_OUTER_BOUND('',#1510,.T.);
#888=FACE_OUTER_BOUND('',#1511,.T.);
#889=FACE_OUTER_BOUND('',#1512,.T.);
#890=FACE_OUTER_BOUND('',#1513,.T.);
#891=FACE_OUTER_BOUND('',#1514,.T.);
#892=FACE_OUTER_BOUND('',#1515,.T.);
#893=FACE_OUTER_BOUND('',#1516,.T.);
#894=FACE_OUTER_BOUND('',#1517,.T.);
#895=FACE_OUTER_BOUND('',#1518,.T.);
#896=FACE_OUTER_BOUND('',#1519,.T.);
#897=FACE_OUTER_BOUND('',#1520,.T.);
#898=FACE_OUTER_BOUND('',#1521,.T.);
#899=FACE_OUTER_BOUND('',#1522,.T.);
#900=FACE_OUTER_BOUND('',#1523,.T.);
#901=FACE_OUTER_BOUND('',#1524,.T.);
#902=FACE_OUTER_BOUND('',#1525,.T.);
#903=FACE_OUTER_BOUND('',#1526,.T.);
#904=FACE_OUTER_BOUND('',#1527,.T.);
#905=FACE_OUTER_BOUND('',#1528,.T.);
#906=FACE_OUTER_BOUND('',#1529,.T.);
#907=FACE_OUTER_BOUND('',#1530,.T.);
#908=FACE_OUTER_BOUND('',#1531,.T.);
#909=FACE_OUTER_BOUND('',#1532,.T.);
#910=FACE_OUTER_BOUND('',#1533,.T.);
#911=FACE_OUTER_BOUND('',#1534,.T.);
#912=FACE_OUTER_BOUND('',#1535,.T.);
#913=FACE_OUTER_BOUND('',#1536,.T.);
#914=FACE_OUTER_BOUND('',#1537,.T.);
#915=FACE_OUTER_BOUND('',#1538,.T.);
#916=FACE_OUTER_BOUND('',#1539,.T.);
#917=FACE_OUTER_BOUND('',#1540,.T.);
#918=FACE_OUTER_BOUND('',#1541,.T.);
#919=FACE_OUTER_BOUND('',#1542,.T.);
#920=FACE_OUTER_BOUND('',#1543,.T.);
#921=FACE_OUTER_BOUND('',#1544,.T.);
#922=FACE_OUTER_BOUND('',#1545,.T.);
#923=FACE_OUTER_BOUND('',#1546,.T.);
#924=FACE_OUTER_BOUND('',#1547,.T.);
#925=FACE_OUTER_BOUND('',#1548,.T.);
#926=FACE_OUTER_BOUND('',#1549,.T.);
#927=FACE_OUTER_BOUND('',#1550,.T.);
#928=FACE_OUTER_BOUND('',#1551,.T.);
#929=FACE_OUTER_BOUND('',#1552,.T.);
#930=FACE_OUTER_BOUND('',#1553,.T.);
#931=FACE_OUTER_BOUND('',#1554,.T.);
#932=FACE_OUTER_BOUND('',#1555,.T.);
#933=FACE_OUTER_BOUND('',#1556,.T.);
#934=FACE_OUTER_BOUND('',#1557,.T.);
#935=FACE_OUTER_BOUND('',#1558,.T.);
#936=FACE_OUTER_BOUND('',#1559,.T.);
#937=FACE_OUTER_BOUND('',#1560,.T.);
#938=FACE_OUTER_BOUND('',#1561,.T.);
#939=FACE_OUTER_BOUND('',#1562,.T.);
#940=FACE_OUTER_BOUND('',#1563,.T.);
#941=FACE_OUTER_BOUND('',#1564,.T.);
#942=FACE_OUTER_BOUND('',#1565,.T.);
#943=FACE_OUTER_BOUND('',#1566,.T.);
#944=FACE_OUTER_BOUND('',#1567,.T.);
#945=FACE_OUTER_BOUND('',#1568,.T.);
#946=FACE_OUTER_BOUND('',#1569,.T.);
#947=FACE_OUTER_BOUND('',#1570,.T.);
#948=FACE_OUTER_BOUND('',#1571,.T.);
#949=FACE_OUTER_BOUND('',#1572,.T.);
#950=FACE_OUTER_BOUND('',#1573,.T.);
#951=FACE_OUTER_BOUND('',#1574,.T.);
#952=FACE_OUTER_BOUND('',#1575,.T.);
#953=FACE_OUTER_BOUND('',#1576,.T.);
#954=FACE_OUTER_BOUND('',#1577,.T.);
#955=FACE_OUTER_BOUND('',#1578,.T.);
#956=FACE_OUTER_BOUND('',#1579,.T.);
#957=FACE_OUTER_BOUND('',#1580,.T.);
#958=FACE_OUTER_BOUND('',#1581,.T.);
#959=FACE_OUTER_BOUND('',#1582,.T.);
#960=FACE_OUTER_BOUND('',#1583,.T.);
#961=FACE_OUTER_BOUND('',#1584,.T.);
#962=FACE_OUTER_BOUND('',#1585,.T.);
#963=FACE_OUTER_BOUND('',#1586,.T.);
#964=FACE_OUTER_BOUND('',#1587,.T.);
#965=FACE_OUTER_BOUND('',#1588,.T.);
#966=FACE_OUTER_BOUND('',#1589,.T.);
#967=FACE_OUTER_BOUND('',#1590,.T.);
#968=FACE_OUTER_BOUND('',#1591,.T.);
#969=FACE_OUTER_BOUND('',#1592,.T.);
#970=FACE_OUTER_BOUND('',#1593,.T.);
#971=FACE_OUTER_BOUND('',#1594,.T.);
#972=FACE_OUTER_BOUND('',#1595,.T.);
#973=FACE_OUTER_BOUND('',#1596,.T.);
#974=FACE_OUTER_BOUND('',#1597,.T.);
#975=FACE_OUTER_BOUND('',#1598,.T.);
#976=FACE_OUTER_BOUND('',#1599,.T.);
#977=FACE_OUTER_BOUND('',#1600,.T.);
#978=FACE_OUTER_BOUND('',#1601,.T.);
#979=FACE_OUTER_BOUND('',#1602,.T.);
#980=FACE_OUTER_BOUND('',#1603,.T.);
#981=FACE_OUTER_BOUND('',#1604,.T.);
#982=FACE_OUTER_BOUND('',#1605,.T.);
#983=FACE_OUTER_BOUND('',#1606,.T.);
#984=FACE_OUTER_BOUND('',#1607,.T.);
#985=FACE_OUTER_BOUND('',#1608,.T.);
#986=FACE_OUTER_BOUND('',#1609,.T.);
#987=FACE_OUTER_BOUND('',#1610,.T.);
#988=FACE_OUTER_BOUND('',#1611,.T.);
#989=FACE_OUTER_BOUND('',#1612,.T.);
#990=FACE_OUTER_BOUND('',#1613,.T.);
#991=FACE_OUTER_BOUND('',#1614,.T.);
#992=FACE_OUTER_BOUND('',#1615,.T.);
#993=FACE_OUTER_BOUND('',#1616,.T.);
#994=FACE_OUTER_BOUND('',#1617,.T.);
#995=FACE_OUTER_BOUND('',#1618,.T.);
#996=FACE_OUTER_BOUND('',#1619,.T.);
#997=FACE_OUTER_BOUND('',#1620,.T.);
#998=FACE_OUTER_BOUND('',#1621,.T.);
#999=FACE_OUTER_BOUND('',#1622,.T.);
#1000=FACE_OUTER_BOUND('',#1623,.T.);
#1001=FACE_OUTER_BOUND('',#1624,.T.);
#1002=FACE_OUTER_BOUND('',#1625,.T.);
#1003=FACE_OUTER_BOUND('',#1626,.T.);
#1004=FACE_OUTER_BOUND('',#1627,.T.);
#1005=FACE_OUTER_BOUND('',#1628,.T.);
#1006=FACE_OUTER_BOUND('',#1629,.T.);
#1007=FACE_OUTER_BOUND('',#1630,.T.);
#1008=FACE_OUTER_BOUND('',#1631,.T.);
#1009=FACE_OUTER_BOUND('',#1632,.T.);
#1010=FACE_OUTER_BOUND('',#1633,.T.);
#1011=FACE_OUTER_BOUND('',#1634,.T.);
#1012=FACE_OUTER_BOUND('',#1635,.T.);
#1013=FACE_OUTER_BOUND('',#1636,.T.);
#1014=FACE_OUTER_BOUND('',#1637,.T.);
#1015=FACE_OUTER_BOUND('',#1638,.T.);
#1016=FACE_OUTER_BOUND('',#1639,.T.);
#1017=FACE_OUTER_BOUND('',#1640,.T.);
#1018=FACE_OUTER_BOUND('',#1641,.T.);
#1019=FACE_OUTER_BOUND('',#1642,.T.);
#1020=FACE_OUTER_BOUND('',#1643,.T.);
#1021=FACE_OUTER_BOUND('',#1644,.T.);
#1022=FACE_OUTER_BOUND('',#1645,.T.);
#1023=FACE_OUTER_BOUND('',#1646,.T.);
#1024=FACE_OUTER_BOUND('',#1647,.T.);
#1025=FACE_OUTER_BOUND('',#1648,.T.);
#1026=FACE_OUTER_BOUND('',#1649,.T.);
#1027=FACE_OUTER_BOUND('',#1650,.T.);
#1028=FACE_OUTER_BOUND('',#1651,.T.);
#1029=FACE_OUTER_BOUND('',#1652,.T.);
#1030=FACE_OUTER_BOUND('',#1653,.T.);
#1031=FACE_OUTER_BOUND('',#1654,.T.);
#1032=FACE_OUTER_BOUND('',#1655,.T.);
#1033=FACE_OUTER_BOUND('',#1656,.T.);
#1034=FACE_OUTER_BOUND('',#1657,.T.);
#1035=FACE_OUTER_BOUND('',#1658,.T.);
#1036=FACE_OUTER_BOUND('',#1659,.T.);
#1037=FACE_OUTER_BOUND('',#1660,.T.);
#1038=FACE_OUTER_BOUND('',#1661,.T.);
#1039=FACE_OUTER_BOUND('',#1662,.T.);
#1040=FACE_OUTER_BOUND('',#1663,.T.);
#1041=FACE_OUTER_BOUND('',#1664,.T.);
#1042=FACE_OUTER_BOUND('',#1665,.T.);
#1043=FACE_OUTER_BOUND('',#1666,.T.);
#1044=FACE_OUTER_BOUND('',#1667,.T.);
#1045=FACE_OUTER_BOUND('',#1668,.T.);
#1046=FACE_OUTER_BOUND('',#1669,.T.);
#1047=FACE_OUTER_BOUND('',#1670,.T.);
#1048=FACE_OUTER_BOUND('',#1671,.T.);
#1049=FACE_OUTER_BOUND('',#1672,.T.);
#1050=FACE_OUTER_BOUND('',#1673,.T.);
#1051=FACE_OUTER_BOUND('',#1674,.T.);
#1052=FACE_OUTER_BOUND('',#1675,.T.);
#1053=FACE_OUTER_BOUND('',#1676,.T.);
#1054=FACE_OUTER_BOUND('',#1677,.T.);
#1055=FACE_OUTER_BOUND('',#1678,.T.);
#1056=FACE_OUTER_BOUND('',#1679,.T.);
#1057=FACE_OUTER_BOUND('',#1680,.T.);
#1058=FACE_OUTER_BOUND('',#1681,.T.);
#1059=FACE_OUTER_BOUND('',#1682,.T.);
#1060=FACE_OUTER_BOUND('',#1683,.T.);
#1061=FACE_OUTER_BOUND('',#1684,.T.);
#1062=FACE_OUTER_BOUND('',#1685,.T.);
#1063=FACE_OUTER_BOUND('',#1686,.T.);
#1064=FACE_OUTER_BOUND('',#1687,.T.);
#1065=FACE_OUTER_BOUND('',#1688,.T.);
#1066=FACE_OUTER_BOUND('',#1689,.T.);
#1067=FACE_OUTER_BOUND('',#1690,.T.);
#1068=FACE_OUTER_BOUND('',#1691,.T.);
#1069=FACE_OUTER_BOUND('',#1692,.T.);
#1070=FACE_OUTER_BOUND('',#1693,.T.);
#1071=FACE_OUTER_BOUND('',#1694,.T.);
#1072=FACE_OUTER_BOUND('',#1695,.T.);
#1073=FACE_OUTER_BOUND('',#1696,.T.);
#1074=FACE_OUTER_BOUND('',#1697,.T.);
#1075=FACE_OUTER_BOUND('',#1698,.T.);
#1076=FACE_OUTER_BOUND('',#1699,.T.);
#1077=FACE_OUTER_BOUND('',#1700,.T.);
#1078=FACE_OUTER_BOUND('',#1701,.T.);
#1079=FACE_OUTER_BOUND('',#1702,.T.);
#1080=FACE_OUTER_BOUND('',#1703,.T.);
#1081=FACE_OUTER_BOUND('',#1704,.T.);
#1082=FACE_OUTER_BOUND('',#1705,.T.);
#1083=FACE_OUTER_BOUND('',#1706,.T.);
#1084=FACE_OUTER_BOUND('',#1707,.T.);
#1085=FACE_OUTER_BOUND('',#1708,.T.);
#1086=FACE_OUTER_BOUND('',#1709,.T.);
#1087=FACE_OUTER_BOUND('',#1710,.T.);
#1088=FACE_OUTER_BOUND('',#1711,.T.);
#1089=FACE_OUTER_BOUND('',#1712,.T.);
#1090=FACE_OUTER_BOUND('',#1713,.T.);
#1091=FACE_OUTER_BOUND('',#1714,.T.);
#1092=FACE_OUTER_BOUND('',#1715,.T.);
#1093=FACE_OUTER_BOUND('',#1716,.T.);
#1094=FACE_OUTER_BOUND('',#1717,.T.);
#1095=FACE_OUTER_BOUND('',#1719,.T.);
#1096=FACE_OUTER_BOUND('',#1720,.T.);
#1097=FACE_OUTER_BOUND('',#1722,.T.);
#1098=FACE_OUTER_BOUND('',#1723,.T.);
#1099=FACE_OUTER_BOUND('',#1725,.T.);
#1100=FACE_OUTER_BOUND('',#1728,.T.);
#1101=FACE_OUTER_BOUND('',#1729,.T.);
#1102=FACE_OUTER_BOUND('',#1730,.T.);
#1103=FACE_OUTER_BOUND('',#1731,.T.);
#1104=FACE_OUTER_BOUND('',#1732,.T.);
#1105=FACE_OUTER_BOUND('',#1733,.T.);
#1106=FACE_OUTER_BOUND('',#1734,.T.);
#1107=FACE_OUTER_BOUND('',#1735,.T.);
#1108=FACE_OUTER_BOUND('',#1736,.T.);
#1109=FACE_OUTER_BOUND('',#1737,.T.);
#1110=FACE_OUTER_BOUND('',#1738,.T.);
#1111=FACE_OUTER_BOUND('',#1739,.T.);
#1112=FACE_OUTER_BOUND('',#1740,.T.);
#1113=FACE_OUTER_BOUND('',#1741,.T.);
#1114=FACE_OUTER_BOUND('',#1742,.T.);
#1115=FACE_OUTER_BOUND('',#1743,.T.);
#1116=FACE_OUTER_BOUND('',#1744,.T.);
#1117=FACE_OUTER_BOUND('',#1745,.T.);
#1118=FACE_OUTER_BOUND('',#1746,.T.);
#1119=FACE_OUTER_BOUND('',#1747,.T.);
#1120=FACE_OUTER_BOUND('',#1748,.T.);
#1121=FACE_OUTER_BOUND('',#1749,.T.);
#1122=FACE_OUTER_BOUND('',#1750,.T.);
#1123=FACE_OUTER_BOUND('',#1751,.T.);
#1124=FACE_OUTER_BOUND('',#1752,.T.);
#1125=FACE_OUTER_BOUND('',#1753,.T.);
#1126=FACE_OUTER_BOUND('',#1754,.T.);
#1127=FACE_OUTER_BOUND('',#1755,.T.);
#1128=FACE_OUTER_BOUND('',#1756,.T.);
#1129=FACE_OUTER_BOUND('',#1757,.T.);
#1130=FACE_OUTER_BOUND('',#1758,.T.);
#1131=FACE_OUTER_BOUND('',#1759,.T.);
#1132=FACE_OUTER_BOUND('',#1760,.T.);
#1133=FACE_OUTER_BOUND('',#1761,.T.);
#1134=FACE_OUTER_BOUND('',#1762,.T.);
#1135=FACE_OUTER_BOUND('',#1763,.T.);
#1136=FACE_OUTER_BOUND('',#1764,.T.);
#1137=FACE_OUTER_BOUND('',#1769,.T.);
#1138=FACE_OUTER_BOUND('',#1770,.T.);
#1139=FACE_OUTER_BOUND('',#1771,.T.);
#1140=FACE_OUTER_BOUND('',#1772,.T.);
#1141=FACE_OUTER_BOUND('',#1773,.T.);
#1142=FACE_OUTER_BOUND('',#1774,.T.);
#1143=FACE_OUTER_BOUND('',#1775,.T.);
#1144=FACE_OUTER_BOUND('',#1776,.T.);
#1145=FACE_OUTER_BOUND('',#1777,.T.);
#1146=FACE_OUTER_BOUND('',#1778,.T.);
#1147=FACE_OUTER_BOUND('',#1779,.T.);
#1148=FACE_OUTER_BOUND('',#1780,.T.);
#1149=FACE_OUTER_BOUND('',#1781,.T.);
#1150=FACE_OUTER_BOUND('',#1782,.T.);
#1151=FACE_OUTER_BOUND('',#1783,.T.);
#1152=FACE_OUTER_BOUND('',#1784,.T.);
#1153=FACE_OUTER_BOUND('',#1785,.T.);
#1154=FACE_OUTER_BOUND('',#1786,.T.);
#1155=FACE_OUTER_BOUND('',#1787,.T.);
#1156=FACE_OUTER_BOUND('',#1788,.T.);
#1157=FACE_OUTER_BOUND('',#1790,.T.);
#1158=FACE_OUTER_BOUND('',#1791,.T.);
#1159=FACE_OUTER_BOUND('',#1792,.T.);
#1160=FACE_OUTER_BOUND('',#1793,.T.);
#1161=FACE_OUTER_BOUND('',#1794,.T.);
#1162=FACE_OUTER_BOUND('',#1795,.T.);
#1163=FACE_OUTER_BOUND('',#1796,.T.);
#1164=FACE_OUTER_BOUND('',#1797,.T.);
#1165=FACE_OUTER_BOUND('',#1798,.T.);
#1166=FACE_OUTER_BOUND('',#1799,.T.);
#1167=FACE_OUTER_BOUND('',#1800,.T.);
#1168=FACE_OUTER_BOUND('',#1801,.T.);
#1169=FACE_OUTER_BOUND('',#1802,.T.);
#1170=FACE_OUTER_BOUND('',#1803,.T.);
#1171=FACE_OUTER_BOUND('',#1804,.T.);
#1172=FACE_OUTER_BOUND('',#1805,.T.);
#1173=FACE_OUTER_BOUND('',#1806,.T.);
#1174=FACE_OUTER_BOUND('',#1807,.T.);
#1175=FACE_OUTER_BOUND('',#1808,.T.);
#1176=FACE_OUTER_BOUND('',#1809,.T.);
#1177=FACE_OUTER_BOUND('',#1810,.T.);
#1178=FACE_OUTER_BOUND('',#1811,.T.);
#1179=FACE_OUTER_BOUND('',#1812,.T.);
#1180=FACE_OUTER_BOUND('',#1813,.T.);
#1181=FACE_OUTER_BOUND('',#1814,.T.);
#1182=FACE_OUTER_BOUND('',#1815,.T.);
#1183=FACE_OUTER_BOUND('',#1816,.T.);
#1184=FACE_OUTER_BOUND('',#1817,.T.);
#1185=FACE_OUTER_BOUND('',#1818,.T.);
#1186=FACE_OUTER_BOUND('',#1819,.T.);
#1187=FACE_OUTER_BOUND('',#1820,.T.);
#1188=FACE_OUTER_BOUND('',#1821,.T.);
#1189=FACE_OUTER_BOUND('',#1822,.T.);
#1190=FACE_OUTER_BOUND('',#1823,.T.);
#1191=FACE_OUTER_BOUND('',#1824,.T.);
#1192=FACE_OUTER_BOUND('',#1825,.T.);
#1193=FACE_OUTER_BOUND('',#1826,.T.);
#1194=FACE_OUTER_BOUND('',#1827,.T.);
#1195=FACE_OUTER_BOUND('',#1828,.T.);
#1196=FACE_OUTER_BOUND('',#1829,.T.);
#1197=FACE_OUTER_BOUND('',#1830,.T.);
#1198=FACE_OUTER_BOUND('',#1831,.T.);
#1199=FACE_OUTER_BOUND('',#1832,.T.);
#1200=FACE_OUTER_BOUND('',#1833,.T.);
#1201=FACE_OUTER_BOUND('',#1834,.T.);
#1202=FACE_OUTER_BOUND('',#1835,.T.);
#1203=FACE_OUTER_BOUND('',#1836,.T.);
#1204=FACE_OUTER_BOUND('',#1837,.T.);
#1205=FACE_OUTER_BOUND('',#1838,.T.);
#1206=FACE_OUTER_BOUND('',#1839,.T.);
#1207=FACE_OUTER_BOUND('',#1840,.T.);
#1208=FACE_OUTER_BOUND('',#1841,.T.);
#1209=FACE_OUTER_BOUND('',#1842,.T.);
#1210=FACE_OUTER_BOUND('',#1843,.T.);
#1211=FACE_OUTER_BOUND('',#1844,.T.);
#1212=FACE_OUTER_BOUND('',#1845,.T.);
#1213=FACE_OUTER_BOUND('',#1846,.T.);
#1214=FACE_OUTER_BOUND('',#1847,.T.);
#1215=FACE_OUTER_BOUND('',#1848,.T.);
#1216=FACE_OUTER_BOUND('',#1849,.T.);
#1217=FACE_OUTER_BOUND('',#1850,.T.);
#1218=FACE_OUTER_BOUND('',#1851,.T.);
#1219=FACE_OUTER_BOUND('',#1852,.T.);
#1220=FACE_OUTER_BOUND('',#1853,.T.);
#1221=FACE_OUTER_BOUND('',#1854,.T.);
#1222=FACE_OUTER_BOUND('',#1855,.T.);
#1223=EDGE_LOOP('',(#7003,#7004,#7005,#7006));
#1224=EDGE_LOOP('',(#7007,#7008,#7009,#7010));
#1225=EDGE_LOOP('',(#7011,#7012,#7013,#7014));
#1226=EDGE_LOOP('',(#7015,#7016,#7017,#7018));
#1227=EDGE_LOOP('',(#7019,#7020,#7021,#7022));
#1228=EDGE_LOOP('',(#7023,#7024,#7025,#7026));
#1229=EDGE_LOOP('',(#7027,#7028,#7029,#7030));
#1230=EDGE_LOOP('',(#7031,#7032,#7033,#7034));
#1231=EDGE_LOOP('',(#7035,#7036,#7037,#7038));
#1232=EDGE_LOOP('',(#7039,#7040,#7041,#7042));
#1233=EDGE_LOOP('',(#7043,#7044,#7045,#7046));
#1234=EDGE_LOOP('',(#7047,#7048,#7049,#7050));
#1235=EDGE_LOOP('',(#7051,#7052,#7053,#7054));
#1236=EDGE_LOOP('',(#7055,#7056,#7057,#7058));
#1237=EDGE_LOOP('',(#7059,#7060,#7061,#7062));
#1238=EDGE_LOOP('',(#7063,#7064,#7065,#7066));
#1239=EDGE_LOOP('',(#7067,#7068,#7069,#7070));
#1240=EDGE_LOOP('',(#7071,#7072,#7073,#7074));
#1241=EDGE_LOOP('',(#7075,#7076,#7077,#7078));
#1242=EDGE_LOOP('',(#7079,#7080,#7081,#7082));
#1243=EDGE_LOOP('',(#7083,#7084,#7085,#7086));
#1244=EDGE_LOOP('',(#7087,#7088,#7089,#7090));
#1245=EDGE_LOOP('',(#7091,#7092,#7093,#7094));
#1246=EDGE_LOOP('',(#7095,#7096,#7097,#7098));
#1247=EDGE_LOOP('',(#7099,#7100,#7101,#7102));
#1248=EDGE_LOOP('',(#7103,#7104,#7105,#7106));
#1249=EDGE_LOOP('',(#7107,#7108,#7109,#7110));
#1250=EDGE_LOOP('',(#7111,#7112,#7113,#7114));
#1251=EDGE_LOOP('',(#7115,#7116,#7117,#7118));
#1252=EDGE_LOOP('',(#7119,#7120,#7121,#7122));
#1253=EDGE_LOOP('',(#7123,#7124,#7125,#7126));
#1254=EDGE_LOOP('',(#7127,#7128,#7129,#7130));
#1255=EDGE_LOOP('',(#7131,#7132,#7133,#7134));
#1256=EDGE_LOOP('',(#7135,#7136,#7137,#7138));
#1257=EDGE_LOOP('',(#7139,#7140,#7141,#7142));
#1258=EDGE_LOOP('',(#7143,#7144,#7145,#7146));
#1259=EDGE_LOOP('',(#7147,#7148,#7149,#7150));
#1260=EDGE_LOOP('',(#7151,#7152,#7153,#7154));
#1261=EDGE_LOOP('',(#7155,#7156,#7157,#7158,#7159,#7160,#7161,#7162));
#1262=EDGE_LOOP('',(#7163));
#1263=EDGE_LOOP('',(#7164));
#1264=EDGE_LOOP('',(#7165));
#1265=EDGE_LOOP('',(#7166));
#1266=EDGE_LOOP('',(#7167));
#1267=EDGE_LOOP('',(#7168));
#1268=EDGE_LOOP('',(#7169));
#1269=EDGE_LOOP('',(#7170));
#1270=EDGE_LOOP('',(#7171));
#1271=EDGE_LOOP('',(#7172));
#1272=EDGE_LOOP('',(#7173));
#1273=EDGE_LOOP('',(#7174));
#1274=EDGE_LOOP('',(#7175));
#1275=EDGE_LOOP('',(#7176));
#1276=EDGE_LOOP('',(#7177));
#1277=EDGE_LOOP('',(#7178));
#1278=EDGE_LOOP('',(#7179));
#1279=EDGE_LOOP('',(#7180));
#1280=EDGE_LOOP('',(#7181));
#1281=EDGE_LOOP('',(#7182));
#1282=EDGE_LOOP('',(#7183));
#1283=EDGE_LOOP('',(#7184));
#1284=EDGE_LOOP('',(#7185));
#1285=EDGE_LOOP('',(#7186));
#1286=EDGE_LOOP('',(#7187));
#1287=EDGE_LOOP('',(#7188));
#1288=EDGE_LOOP('',(#7189));
#1289=EDGE_LOOP('',(#7190));
#1290=EDGE_LOOP('',(#7191));
#1291=EDGE_LOOP('',(#7192));
#1292=EDGE_LOOP('',(#7193,#7194,#7195,#7196,#7197,#7198,#7199,#7200));
#1293=EDGE_LOOP('',(#7201));
#1294=EDGE_LOOP('',(#7202));
#1295=EDGE_LOOP('',(#7203));
#1296=EDGE_LOOP('',(#7204));
#1297=EDGE_LOOP('',(#7205));
#1298=EDGE_LOOP('',(#7206));
#1299=EDGE_LOOP('',(#7207));
#1300=EDGE_LOOP('',(#7208));
#1301=EDGE_LOOP('',(#7209));
#1302=EDGE_LOOP('',(#7210));
#1303=EDGE_LOOP('',(#7211));
#1304=EDGE_LOOP('',(#7212));
#1305=EDGE_LOOP('',(#7213));
#1306=EDGE_LOOP('',(#7214));
#1307=EDGE_LOOP('',(#7215));
#1308=EDGE_LOOP('',(#7216));
#1309=EDGE_LOOP('',(#7217));
#1310=EDGE_LOOP('',(#7218));
#1311=EDGE_LOOP('',(#7219));
#1312=EDGE_LOOP('',(#7220));
#1313=EDGE_LOOP('',(#7221));
#1314=EDGE_LOOP('',(#7222));
#1315=EDGE_LOOP('',(#7223));
#1316=EDGE_LOOP('',(#7224));
#1317=EDGE_LOOP('',(#7225));
#1318=EDGE_LOOP('',(#7226));
#1319=EDGE_LOOP('',(#7227));
#1320=EDGE_LOOP('',(#7228));
#1321=EDGE_LOOP('',(#7229));
#1322=EDGE_LOOP('',(#7230));
#1323=EDGE_LOOP('',(#7231,#7232,#7233,#7234));
#1324=EDGE_LOOP('',(#7235,#7236,#7237,#7238));
#1325=EDGE_LOOP('',(#7239,#7240,#7241,#7242));
#1326=EDGE_LOOP('',(#7243,#7244,#7245,#7246));
#1327=EDGE_LOOP('',(#7247,#7248,#7249,#7250));
#1328=EDGE_LOOP('',(#7251,#7252,#7253,#7254));
#1329=EDGE_LOOP('',(#7255,#7256,#7257,#7258));
#1330=EDGE_LOOP('',(#7259,#7260,#7261,#7262));
#1331=EDGE_LOOP('',(#7263,#7264,#7265,#7266));
#1332=EDGE_LOOP('',(#7267,#7268,#7269,#7270));
#1333=EDGE_LOOP('',(#7271,#7272,#7273,#7274));
#1334=EDGE_LOOP('',(#7275,#7276,#7277,#7278,#7279,#7280,#7281,#7282,#7283,
#7284,#7285,#7286));
#1335=EDGE_LOOP('',(#7287,#7288,#7289,#7290,#7291,#7292,#7293,#7294,#7295,
#7296,#7297,#7298));
#1336=EDGE_LOOP('',(#7299,#7300,#7301,#7302));
#1337=EDGE_LOOP('',(#7303,#7304,#7305,#7306));
#1338=EDGE_LOOP('',(#7307,#7308,#7309,#7310));
#1339=EDGE_LOOP('',(#7311,#7312,#7313,#7314));
#1340=EDGE_LOOP('',(#7315,#7316,#7317,#7318));
#1341=EDGE_LOOP('',(#7319,#7320,#7321,#7322));
#1342=EDGE_LOOP('',(#7323,#7324,#7325,#7326));
#1343=EDGE_LOOP('',(#7327,#7328,#7329,#7330));
#1344=EDGE_LOOP('',(#7331,#7332,#7333,#7334));
#1345=EDGE_LOOP('',(#7335,#7336,#7337,#7338));
#1346=EDGE_LOOP('',(#7339,#7340,#7341,#7342));
#1347=EDGE_LOOP('',(#7343,#7344,#7345,#7346));
#1348=EDGE_LOOP('',(#7347,#7348,#7349,#7350));
#1349=EDGE_LOOP('',(#7351,#7352,#7353,#7354,#7355,#7356,#7357,#7358,#7359,
#7360,#7361,#7362));
#1350=EDGE_LOOP('',(#7363,#7364,#7365,#7366,#7367,#7368,#7369,#7370,#7371,
#7372,#7373,#7374));
#1351=EDGE_LOOP('',(#7375,#7376,#7377,#7378));
#1352=EDGE_LOOP('',(#7379,#7380,#7381,#7382));
#1353=EDGE_LOOP('',(#7383,#7384,#7385,#7386,#7387,#7388));
#1354=EDGE_LOOP('',(#7389,#7390,#7391,#7392,#7393,#7394,#7395,#7396));
#1355=EDGE_LOOP('',(#7397,#7398,#7399,#7400));
#1356=EDGE_LOOP('',(#7401,#7402,#7403,#7404,#7405,#7406));
#1357=EDGE_LOOP('',(#7407,#7408,#7409,#7410,#7411,#7412));
#1358=EDGE_LOOP('',(#7413,#7414,#7415,#7416,#7417,#7418,#7419,#7420));
#1359=EDGE_LOOP('',(#7421,#7422,#7423,#7424));
#1360=EDGE_LOOP('',(#7425,#7426,#7427,#7428,#7429,#7430));
#1361=EDGE_LOOP('',(#7431,#7432,#7433,#7434,#7435,#7436,#7437,#7438,#7439,
#7440,#7441,#7442));
#1362=EDGE_LOOP('',(#7443,#7444,#7445,#7446,#7447,#7448,#7449,#7450,#7451,
#7452,#7453,#7454,#7455,#7456,#7457,#7458));
#1363=EDGE_LOOP('',(#7459,#7460,#7461,#7462));
#1364=EDGE_LOOP('',(#7463,#7464,#7465,#7466));
#1365=EDGE_LOOP('',(#7467,#7468,#7469,#7470,#7471,#7472,#7473,#7474,#7475,
#7476));
#1366=EDGE_LOOP('',(#7477,#7478,#7479,#7480));
#1367=EDGE_LOOP('',(#7481,#7482,#7483,#7484));
#1368=EDGE_LOOP('',(#7485,#7486,#7487,#7488,#7489,#7490,#7491,#7492));
#1369=EDGE_LOOP('',(#7493,#7494,#7495,#7496));
#1370=EDGE_LOOP('',(#7497,#7498,#7499,#7500));
#1371=EDGE_LOOP('',(#7501,#7502,#7503,#7504));
#1372=EDGE_LOOP('',(#7505,#7506,#7507,#7508));
#1373=EDGE_LOOP('',(#7509,#7510,#7511,#7512));
#1374=EDGE_LOOP('',(#7513,#7514,#7515,#7516));
#1375=EDGE_LOOP('',(#7517,#7518,#7519,#7520));
#1376=EDGE_LOOP('',(#7521,#7522,#7523,#7524));
#1377=EDGE_LOOP('',(#7525,#7526,#7527,#7528));
#1378=EDGE_LOOP('',(#7529,#7530,#7531,#7532));
#1379=EDGE_LOOP('',(#7533,#7534,#7535,#7536));
#1380=EDGE_LOOP('',(#7537,#7538,#7539,#7540));
#1381=EDGE_LOOP('',(#7541,#7542,#7543,#7544));
#1382=EDGE_LOOP('',(#7545,#7546,#7547,#7548,#7549,#7550,#7551,#7552,#7553,
#7554,#7555,#7556));
#1383=EDGE_LOOP('',(#7557,#7558,#7559,#7560,#7561,#7562,#7563,#7564,#7565,
#7566,#7567,#7568));
#1384=EDGE_LOOP('',(#7569,#7570,#7571,#7572));
#1385=EDGE_LOOP('',(#7573,#7574,#7575,#7576));
#1386=EDGE_LOOP('',(#7577,#7578,#7579,#7580));
#1387=EDGE_LOOP('',(#7581,#7582,#7583,#7584));
#1388=EDGE_LOOP('',(#7585,#7586,#7587,#7588));
#1389=EDGE_LOOP('',(#7589,#7590,#7591,#7592));
#1390=EDGE_LOOP('',(#7593,#7594,#7595,#7596));
#1391=EDGE_LOOP('',(#7597,#7598,#7599,#7600));
#1392=EDGE_LOOP('',(#7601,#7602,#7603,#7604));
#1393=EDGE_LOOP('',(#7605,#7606,#7607,#7608));
#1394=EDGE_LOOP('',(#7609,#7610,#7611,#7612));
#1395=EDGE_LOOP('',(#7613,#7614,#7615,#7616,#7617,#7618,#7619,#7620,#7621,
#7622,#7623,#7624));
#1396=EDGE_LOOP('',(#7625,#7626,#7627,#7628,#7629,#7630,#7631,#7632,#7633,
#7634,#7635,#7636));
#1397=EDGE_LOOP('',(#7637,#7638,#7639,#7640));
#1398=EDGE_LOOP('',(#7641,#7642,#7643,#7644));
#1399=EDGE_LOOP('',(#7645,#7646,#7647,#7648));
#1400=EDGE_LOOP('',(#7649,#7650,#7651,#7652));
#1401=EDGE_LOOP('',(#7653,#7654,#7655,#7656));
#1402=EDGE_LOOP('',(#7657,#7658,#7659,#7660));
#1403=EDGE_LOOP('',(#7661,#7662,#7663,#7664));
#1404=EDGE_LOOP('',(#7665,#7666,#7667,#7668));
#1405=EDGE_LOOP('',(#7669,#7670,#7671,#7672));
#1406=EDGE_LOOP('',(#7673,#7674,#7675,#7676));
#1407=EDGE_LOOP('',(#7677,#7678,#7679,#7680));
#1408=EDGE_LOOP('',(#7681,#7682,#7683,#7684,#7685,#7686,#7687,#7688,#7689,
#7690,#7691,#7692));
#1409=EDGE_LOOP('',(#7693,#7694,#7695,#7696,#7697,#7698,#7699,#7700,#7701,
#7702,#7703,#7704));
#1410=EDGE_LOOP('',(#7705,#7706,#7707,#7708));
#1411=EDGE_LOOP('',(#7709,#7710,#7711,#7712));
#1412=EDGE_LOOP('',(#7713,#7714,#7715,#7716));
#1413=EDGE_LOOP('',(#7717,#7718,#7719,#7720));
#1414=EDGE_LOOP('',(#7721,#7722,#7723,#7724));
#1415=EDGE_LOOP('',(#7725,#7726,#7727,#7728));
#1416=EDGE_LOOP('',(#7729,#7730,#7731,#7732));
#1417=EDGE_LOOP('',(#7733,#7734,#7735,#7736));
#1418=EDGE_LOOP('',(#7737,#7738,#7739,#7740));
#1419=EDGE_LOOP('',(#7741,#7742,#7743,#7744));
#1420=EDGE_LOOP('',(#7745,#7746,#7747,#7748));
#1421=EDGE_LOOP('',(#7749,#7750,#7751,#7752,#7753,#7754,#7755,#7756,#7757,
#7758,#7759,#7760));
#1422=EDGE_LOOP('',(#7761,#7762,#7763,#7764,#7765,#7766,#7767,#7768,#7769,
#7770,#7771,#7772));
#1423=EDGE_LOOP('',(#7773,#7774,#7775,#7776));
#1424=EDGE_LOOP('',(#7777,#7778,#7779,#7780));
#1425=EDGE_LOOP('',(#7781,#7782,#7783,#7784));
#1426=EDGE_LOOP('',(#7785,#7786,#7787,#7788));
#1427=EDGE_LOOP('',(#7789,#7790,#7791,#7792));
#1428=EDGE_LOOP('',(#7793,#7794,#7795,#7796));
#1429=EDGE_LOOP('',(#7797,#7798,#7799,#7800));
#1430=EDGE_LOOP('',(#7801,#7802,#7803,#7804));
#1431=EDGE_LOOP('',(#7805,#7806,#7807,#7808));
#1432=EDGE_LOOP('',(#7809,#7810,#7811,#7812));
#1433=EDGE_LOOP('',(#7813,#7814,#7815,#7816));
#1434=EDGE_LOOP('',(#7817,#7818,#7819,#7820,#7821,#7822,#7823,#7824,#7825,
#7826,#7827,#7828));
#1435=EDGE_LOOP('',(#7829,#7830,#7831,#7832,#7833,#7834,#7835,#7836,#7837,
#7838,#7839,#7840));
#1436=EDGE_LOOP('',(#7841,#7842,#7843,#7844,#7845,#7846,#7847,#7848));
#1437=EDGE_LOOP('',(#7849,#7850,#7851,#7852));
#1438=EDGE_LOOP('',(#7853,#7854,#7855,#7856));
#1439=EDGE_LOOP('',(#7857,#7858,#7859,#7860));
#1440=EDGE_LOOP('',(#7861,#7862,#7863,#7864,#7865,#7866,#7867,#7868));
#1441=EDGE_LOOP('',(#7869,#7870,#7871,#7872));
#1442=EDGE_LOOP('',(#7873,#7874,#7875,#7876));
#1443=EDGE_LOOP('',(#7877,#7878,#7879,#7880,#7881,#7882,#7883,#7884,#7885,
#7886,#7887,#7888,#7889,#7890,#7891,#7892,#7893,#7894,#7895,#7896,#7897,
#7898,#7899,#7900,#7901,#7902,#7903,#7904));
#1444=EDGE_LOOP('',(#7905,#7906,#7907,#7908,#7909,#7910,#7911,#7912));
#1445=EDGE_LOOP('',(#7913,#7914,#7915,#7916));
#1446=EDGE_LOOP('',(#7917,#7918,#7919,#7920));
#1447=EDGE_LOOP('',(#7921,#7922,#7923,#7924,#7925,#7926,#7927,#7928));
#1448=EDGE_LOOP('',(#7929,#7930,#7931,#7932));
#1449=EDGE_LOOP('',(#7933,#7934,#7935,#7936));
#1450=EDGE_LOOP('',(#7937,#7938,#7939,#7940));
#1451=EDGE_LOOP('',(#7941,#7942,#7943,#7944,#7945,#7946,#7947,#7948));
#1452=EDGE_LOOP('',(#7949,#7950,#7951,#7952));
#1453=EDGE_LOOP('',(#7953,#7954,#7955,#7956));
#1454=EDGE_LOOP('',(#7957,#7958,#7959,#7960));
#1455=EDGE_LOOP('',(#7961,#7962,#7963,#7964));
#1456=EDGE_LOOP('',(#7965,#7966,#7967,#7968,#7969,#7970,#7971,#7972));
#1457=EDGE_LOOP('',(#7973,#7974,#7975,#7976));
#1458=EDGE_LOOP('',(#7977,#7978,#7979,#7980,#7981,#7982,#7983,#7984));
#1459=EDGE_LOOP('',(#7985,#7986,#7987,#7988));
#1460=EDGE_LOOP('',(#7989,#7990,#7991,#7992));
#1461=EDGE_LOOP('',(#7993,#7994,#7995,#7996,#7997,#7998,#7999,#8000));
#1462=EDGE_LOOP('',(#8001,#8002,#8003,#8004));
#1463=EDGE_LOOP('',(#8005,#8006,#8007,#8008));
#1464=EDGE_LOOP('',(#8009,#8010,#8011,#8012,#8013,#8014,#8015,#8016,#8017,
#8018,#8019,#8020,#8021,#8022,#8023,#8024,#8025,#8026,#8027,#8028,#8029,
#8030,#8031,#8032,#8033,#8034,#8035,#8036));
#1465=EDGE_LOOP('',(#8037,#8038,#8039,#8040));
#1466=EDGE_LOOP('',(#8041,#8042,#8043,#8044,#8045,#8046,#8047,#8048));
#1467=EDGE_LOOP('',(#8049,#8050,#8051,#8052));
#1468=EDGE_LOOP('',(#8053,#8054,#8055,#8056));
#1469=EDGE_LOOP('',(#8057,#8058,#8059,#8060));
#1470=EDGE_LOOP('',(#8061,#8062,#8063,#8064));
#1471=EDGE_LOOP('',(#8065,#8066,#8067,#8068,#8069,#8070,#8071,#8072));
#1472=EDGE_LOOP('',(#8073,#8074,#8075,#8076));
#1473=EDGE_LOOP('',(#8077,#8078,#8079,#8080));
#1474=EDGE_LOOP('',(#8081,#8082,#8083,#8084,#8085,#8086,#8087,#8088));
#1475=EDGE_LOOP('',(#8089,#8090,#8091,#8092));
#1476=EDGE_LOOP('',(#8093,#8094,#8095,#8096));
#1477=EDGE_LOOP('',(#8097,#8098,#8099,#8100));
#1478=EDGE_LOOP('',(#8101,#8102,#8103,#8104,#8105,#8106,#8107,#8108));
#1479=EDGE_LOOP('',(#8109,#8110,#8111,#8112));
#1480=EDGE_LOOP('',(#8113,#8114,#8115,#8116));
#1481=EDGE_LOOP('',(#8117,#8118,#8119,#8120,#8121,#8122,#8123,#8124));
#1482=EDGE_LOOP('',(#8125,#8126,#8127,#8128));
#1483=EDGE_LOOP('',(#8129,#8130,#8131,#8132));
#1484=EDGE_LOOP('',(#8133,#8134,#8135,#8136));
#1485=EDGE_LOOP('',(#8137,#8138,#8139,#8140));
#1486=EDGE_LOOP('',(#8141,#8142,#8143,#8144,#8145,#8146,#8147,#8148));
#1487=EDGE_LOOP('',(#8149,#8150,#8151,#8152));
#1488=EDGE_LOOP('',(#8153,#8154,#8155,#8156));
#1489=EDGE_LOOP('',(#8157,#8158,#8159,#8160));
#1490=EDGE_LOOP('',(#8161,#8162,#8163,#8164,#8165,#8166,#8167,#8168));
#1491=EDGE_LOOP('',(#8169,#8170,#8171,#8172));
#1492=EDGE_LOOP('',(#8173,#8174,#8175,#8176));
#1493=EDGE_LOOP('',(#8177,#8178,#8179,#8180));
#1494=EDGE_LOOP('',(#8181,#8182,#8183,#8184));
#1495=EDGE_LOOP('',(#8185,#8186,#8187,#8188,#8189,#8190,#8191,#8192));
#1496=EDGE_LOOP('',(#8193,#8194,#8195,#8196));
#1497=EDGE_LOOP('',(#8197,#8198,#8199,#8200));
#1498=EDGE_LOOP('',(#8201,#8202,#8203,#8204,#8205,#8206,#8207,#8208,#8209,
#8210,#8211,#8212));
#1499=EDGE_LOOP('',(#8213,#8214,#8215,#8216));
#1500=EDGE_LOOP('',(#8217,#8218,#8219,#8220));
#1501=EDGE_LOOP('',(#8221,#8222,#8223,#8224));
#1502=EDGE_LOOP('',(#8225,#8226,#8227,#8228));
#1503=EDGE_LOOP('',(#8229,#8230,#8231,#8232));
#1504=EDGE_LOOP('',(#8233,#8234,#8235,#8236));
#1505=EDGE_LOOP('',(#8237,#8238,#8239,#8240));
#1506=EDGE_LOOP('',(#8241,#8242,#8243,#8244));
#1507=EDGE_LOOP('',(#8245,#8246,#8247,#8248));
#1508=EDGE_LOOP('',(#8249,#8250,#8251,#8252));
#1509=EDGE_LOOP('',(#8253,#8254,#8255,#8256));
#1510=EDGE_LOOP('',(#8257,#8258,#8259,#8260,#8261,#8262,#8263,#8264,#8265,
#8266,#8267,#8268));
#1511=EDGE_LOOP('',(#8269,#8270,#8271,#8272));
#1512=EDGE_LOOP('',(#8273,#8274,#8275,#8276));
#1513=EDGE_LOOP('',(#8277,#8278,#8279,#8280));
#1514=EDGE_LOOP('',(#8281,#8282,#8283,#8284));
#1515=EDGE_LOOP('',(#8285,#8286,#8287,#8288));
#1516=EDGE_LOOP('',(#8289,#8290,#8291,#8292));
#1517=EDGE_LOOP('',(#8293,#8294,#8295,#8296));
#1518=EDGE_LOOP('',(#8297,#8298,#8299,#8300));
#1519=EDGE_LOOP('',(#8301,#8302,#8303,#8304));
#1520=EDGE_LOOP('',(#8305,#8306,#8307,#8308));
#1521=EDGE_LOOP('',(#8309,#8310,#8311,#8312));
#1522=EDGE_LOOP('',(#8313,#8314,#8315,#8316));
#1523=EDGE_LOOP('',(#8317,#8318,#8319,#8320));
#1524=EDGE_LOOP('',(#8321,#8322,#8323,#8324));
#1525=EDGE_LOOP('',(#8325,#8326,#8327,#8328));
#1526=EDGE_LOOP('',(#8329,#8330,#8331,#8332));
#1527=EDGE_LOOP('',(#8333,#8334,#8335,#8336));
#1528=EDGE_LOOP('',(#8337,#8338,#8339,#8340));
#1529=EDGE_LOOP('',(#8341,#8342,#8343,#8344));
#1530=EDGE_LOOP('',(#8345,#8346,#8347,#8348));
#1531=EDGE_LOOP('',(#8349,#8350,#8351,#8352));
#1532=EDGE_LOOP('',(#8353,#8354,#8355,#8356));
#1533=EDGE_LOOP('',(#8357,#8358,#8359,#8360));
#1534=EDGE_LOOP('',(#8361,#8362,#8363,#8364,#8365,#8366,#8367,#8368,#8369,
#8370,#8371,#8372));
#1535=EDGE_LOOP('',(#8373,#8374,#8375,#8376,#8377,#8378,#8379,#8380,#8381,
#8382,#8383,#8384));
#1536=EDGE_LOOP('',(#8385,#8386,#8387,#8388,#8389,#8390,#8391,#8392,#8393,
#8394));
#1537=EDGE_LOOP('',(#8395,#8396,#8397,#8398,#8399,#8400,#8401,#8402,#8403,
#8404));
#1538=EDGE_LOOP('',(#8405,#8406,#8407,#8408,#8409,#8410,#8411,#8412,#8413,
#8414));
#1539=EDGE_LOOP('',(#8415,#8416,#8417,#8418,#8419,#8420,#8421,#8422,#8423,
#8424));
#1540=EDGE_LOOP('',(#8425,#8426,#8427,#8428));
#1541=EDGE_LOOP('',(#8429,#8430,#8431,#8432));
#1542=EDGE_LOOP('',(#8433,#8434,#8435,#8436));
#1543=EDGE_LOOP('',(#8437,#8438,#8439,#8440));
#1544=EDGE_LOOP('',(#8441,#8442,#8443,#8444));
#1545=EDGE_LOOP('',(#8445,#8446,#8447,#8448));
#1546=EDGE_LOOP('',(#8449,#8450,#8451,#8452));
#1547=EDGE_LOOP('',(#8453,#8454,#8455,#8456));
#1548=EDGE_LOOP('',(#8457,#8458,#8459,#8460));
#1549=EDGE_LOOP('',(#8461,#8462,#8463,#8464));
#1550=EDGE_LOOP('',(#8465,#8466,#8467,#8468));
#1551=EDGE_LOOP('',(#8469,#8470,#8471,#8472));
#1552=EDGE_LOOP('',(#8473,#8474,#8475,#8476));
#1553=EDGE_LOOP('',(#8477,#8478,#8479,#8480));
#1554=EDGE_LOOP('',(#8481,#8482,#8483,#8484));
#1555=EDGE_LOOP('',(#8485,#8486,#8487,#8488,#8489,#8490,#8491,#8492,#8493,
#8494,#8495,#8496));
#1556=EDGE_LOOP('',(#8497,#8498,#8499,#8500,#8501,#8502,#8503,#8504,#8505,
#8506,#8507,#8508));
#1557=EDGE_LOOP('',(#8509,#8510,#8511,#8512));
#1558=EDGE_LOOP('',(#8513,#8514,#8515,#8516));
#1559=EDGE_LOOP('',(#8517,#8518,#8519,#8520));
#1560=EDGE_LOOP('',(#8521,#8522,#8523,#8524));
#1561=EDGE_LOOP('',(#8525,#8526,#8527,#8528));
#1562=EDGE_LOOP('',(#8529,#8530,#8531,#8532));
#1563=EDGE_LOOP('',(#8533,#8534,#8535,#8536));
#1564=EDGE_LOOP('',(#8537,#8538,#8539,#8540));
#1565=EDGE_LOOP('',(#8541,#8542,#8543,#8544));
#1566=EDGE_LOOP('',(#8545,#8546,#8547,#8548));
#1567=EDGE_LOOP('',(#8549,#8550,#8551,#8552));
#1568=EDGE_LOOP('',(#8553,#8554,#8555,#8556,#8557,#8558,#8559,#8560,#8561,
#8562,#8563,#8564));
#1569=EDGE_LOOP('',(#8565,#8566,#8567,#8568,#8569,#8570,#8571,#8572,#8573,
#8574,#8575,#8576));
#1570=EDGE_LOOP('',(#8577,#8578,#8579,#8580));
#1571=EDGE_LOOP('',(#8581,#8582,#8583,#8584));
#1572=EDGE_LOOP('',(#8585,#8586,#8587,#8588));
#1573=EDGE_LOOP('',(#8589,#8590,#8591,#8592));
#1574=EDGE_LOOP('',(#8593,#8594,#8595,#8596));
#1575=EDGE_LOOP('',(#8597,#8598,#8599,#8600));
#1576=EDGE_LOOP('',(#8601,#8602,#8603,#8604));
#1577=EDGE_LOOP('',(#8605,#8606,#8607,#8608));
#1578=EDGE_LOOP('',(#8609,#8610,#8611,#8612));
#1579=EDGE_LOOP('',(#8613,#8614,#8615,#8616));
#1580=EDGE_LOOP('',(#8617,#8618,#8619,#8620));
#1581=EDGE_LOOP('',(#8621,#8622,#8623,#8624,#8625,#8626,#8627,#8628,#8629,
#8630,#8631,#8632));
#1582=EDGE_LOOP('',(#8633,#8634,#8635,#8636,#8637,#8638,#8639,#8640,#8641,
#8642,#8643,#8644));
#1583=EDGE_LOOP('',(#8645,#8646,#8647,#8648));
#1584=EDGE_LOOP('',(#8649,#8650,#8651,#8652));
#1585=EDGE_LOOP('',(#8653,#8654,#8655,#8656));
#1586=EDGE_LOOP('',(#8657,#8658,#8659,#8660));
#1587=EDGE_LOOP('',(#8661,#8662,#8663,#8664));
#1588=EDGE_LOOP('',(#8665,#8666,#8667,#8668));
#1589=EDGE_LOOP('',(#8669,#8670,#8671,#8672));
#1590=EDGE_LOOP('',(#8673,#8674,#8675,#8676));
#1591=EDGE_LOOP('',(#8677,#8678,#8679,#8680));
#1592=EDGE_LOOP('',(#8681,#8682,#8683,#8684));
#1593=EDGE_LOOP('',(#8685,#8686,#8687,#8688));
#1594=EDGE_LOOP('',(#8689,#8690,#8691,#8692,#8693,#8694,#8695,#8696,#8697,
#8698,#8699,#8700));
#1595=EDGE_LOOP('',(#8701,#8702,#8703,#8704,#8705,#8706,#8707,#8708,#8709,
#8710,#8711,#8712));
#1596=EDGE_LOOP('',(#8713,#8714,#8715));
#1597=EDGE_LOOP('',(#8716,#8717,#8718));
#1598=EDGE_LOOP('',(#8719,#8720,#8721,#8722));
#1599=EDGE_LOOP('',(#8723,#8724,#8725,#8726));
#1600=EDGE_LOOP('',(#8727,#8728,#8729,#8730));
#1601=EDGE_LOOP('',(#8731,#8732,#8733,#8734));
#1602=EDGE_LOOP('',(#8735,#8736,#8737,#8738));
#1603=EDGE_LOOP('',(#8739,#8740,#8741,#8742));
#1604=EDGE_LOOP('',(#8743,#8744,#8745,#8746));
#1605=EDGE_LOOP('',(#8747,#8748,#8749,#8750));
#1606=EDGE_LOOP('',(#8751,#8752,#8753,#8754));
#1607=EDGE_LOOP('',(#8755,#8756,#8757,#8758,#8759,#8760,#8761,#8762));
#1608=EDGE_LOOP('',(#8763,#8764,#8765,#8766,#8767,#8768,#8769,#8770));
#1609=EDGE_LOOP('',(#8771,#8772,#8773,#8774));
#1610=EDGE_LOOP('',(#8775,#8776,#8777,#8778,#8779,#8780));
#1611=EDGE_LOOP('',(#8781,#8782,#8783,#8784));
#1612=EDGE_LOOP('',(#8785,#8786,#8787,#8788,#8789,#8790));
#1613=EDGE_LOOP('',(#8791,#8792,#8793,#8794,#8795,#8796,#8797,#8798));
#1614=EDGE_LOOP('',(#8799,#8800,#8801,#8802,#8803,#8804,#8805,#8806));
#1615=EDGE_LOOP('',(#8807,#8808,#8809,#8810));
#1616=EDGE_LOOP('',(#8811,#8812,#8813,#8814));
#1617=EDGE_LOOP('',(#8815,#8816,#8817,#8818));
#1618=EDGE_LOOP('',(#8819,#8820,#8821,#8822));
#1619=EDGE_LOOP('',(#8823,#8824,#8825,#8826));
#1620=EDGE_LOOP('',(#8827,#8828,#8829,#8830));
#1621=EDGE_LOOP('',(#8831,#8832,#8833,#8834));
#1622=EDGE_LOOP('',(#8835,#8836,#8837,#8838));
#1623=EDGE_LOOP('',(#8839,#8840,#8841,#8842,#8843,#8844,#8845,#8846));
#1624=EDGE_LOOP('',(#8847,#8848,#8849,#8850,#8851,#8852,#8853,#8854));
#1625=EDGE_LOOP('',(#8855,#8856,#8857,#8858));
#1626=EDGE_LOOP('',(#8859,#8860,#8861,#8862,#8863,#8864));
#1627=EDGE_LOOP('',(#8865,#8866,#8867,#8868));
#1628=EDGE_LOOP('',(#8869,#8870,#8871,#8872,#8873,#8874));
#1629=EDGE_LOOP('',(#8875,#8876,#8877,#8878,#8879,#8880,#8881,#8882));
#1630=EDGE_LOOP('',(#8883,#8884,#8885,#8886,#8887,#8888,#8889,#8890));
#1631=EDGE_LOOP('',(#8891,#8892,#8893,#8894));
#1632=EDGE_LOOP('',(#8895,#8896,#8897,#8898));
#1633=EDGE_LOOP('',(#8899,#8900,#8901,#8902));
#1634=EDGE_LOOP('',(#8903,#8904,#8905,#8906));
#1635=EDGE_LOOP('',(#8907,#8908,#8909,#8910));
#1636=EDGE_LOOP('',(#8911,#8912,#8913,#8914));
#1637=EDGE_LOOP('',(#8915,#8916,#8917,#8918,#8919,#8920));
#1638=EDGE_LOOP('',(#8921,#8922,#8923,#8924));
#1639=EDGE_LOOP('',(#8925,#8926,#8927,#8928));
#1640=EDGE_LOOP('',(#8929,#8930,#8931,#8932));
#1641=EDGE_LOOP('',(#8933,#8934,#8935,#8936));
#1642=EDGE_LOOP('',(#8937,#8938,#8939,#8940,#8941,#8942));
#1643=EDGE_LOOP('',(#8943,#8944,#8945,#8946));
#1644=EDGE_LOOP('',(#8947,#8948,#8949,#8950));
#1645=EDGE_LOOP('',(#8951,#8952,#8953,#8954));
#1646=EDGE_LOOP('',(#8955,#8956,#8957,#8958));
#1647=EDGE_LOOP('',(#8959,#8960,#8961,#8962,#8963,#8964,#8965,#8966,#8967,
#8968,#8969,#8970));
#1648=EDGE_LOOP('',(#8971,#8972,#8973,#8974,#8975,#8976));
#1649=EDGE_LOOP('',(#8977,#8978,#8979,#8980,#8981,#8982,#8983,#8984,#8985,
#8986,#8987,#8988));
#1650=EDGE_LOOP('',(#8989,#8990,#8991,#8992,#8993,#8994));
#1651=EDGE_LOOP('',(#8995,#8996,#8997,#8998));
#1652=EDGE_LOOP('',(#8999,#9000,#9001,#9002));
#1653=EDGE_LOOP('',(#9003,#9004,#9005,#9006));
#1654=EDGE_LOOP('',(#9007,#9008,#9009,#9010,#9011,#9012));
#1655=EDGE_LOOP('',(#9013,#9014,#9015,#9016));
#1656=EDGE_LOOP('',(#9017,#9018,#9019,#9020,#9021,#9022));
#1657=EDGE_LOOP('',(#9023,#9024,#9025,#9026));
#1658=EDGE_LOOP('',(#9027,#9028,#9029,#9030));
#1659=EDGE_LOOP('',(#9031,#9032,#9033,#9034));
#1660=EDGE_LOOP('',(#9035,#9036,#9037,#9038));
#1661=EDGE_LOOP('',(#9039,#9040,#9041,#9042));
#1662=EDGE_LOOP('',(#9043,#9044,#9045,#9046));
#1663=EDGE_LOOP('',(#9047,#9048,#9049,#9050));
#1664=EDGE_LOOP('',(#9051,#9052,#9053,#9054));
#1665=EDGE_LOOP('',(#9055,#9056,#9057,#9058));
#1666=EDGE_LOOP('',(#9059,#9060,#9061,#9062));
#1667=EDGE_LOOP('',(#9063,#9064,#9065,#9066));
#1668=EDGE_LOOP('',(#9067,#9068,#9069,#9070));
#1669=EDGE_LOOP('',(#9071,#9072,#9073,#9074));
#1670=EDGE_LOOP('',(#9075,#9076,#9077,#9078));
#1671=EDGE_LOOP('',(#9079,#9080,#9081,#9082));
#1672=EDGE_LOOP('',(#9083,#9084,#9085,#9086));
#1673=EDGE_LOOP('',(#9087,#9088,#9089,#9090));
#1674=EDGE_LOOP('',(#9091,#9092,#9093,#9094));
#1675=EDGE_LOOP('',(#9095,#9096,#9097,#9098));
#1676=EDGE_LOOP('',(#9099,#9100,#9101,#9102));
#1677=EDGE_LOOP('',(#9103,#9104,#9105,#9106));
#1678=EDGE_LOOP('',(#9107,#9108,#9109,#9110));
#1679=EDGE_LOOP('',(#9111,#9112,#9113,#9114));
#1680=EDGE_LOOP('',(#9115,#9116,#9117,#9118));
#1681=EDGE_LOOP('',(#9119,#9120,#9121,#9122));
#1682=EDGE_LOOP('',(#9123,#9124,#9125,#9126));
#1683=EDGE_LOOP('',(#9127,#9128,#9129,#9130));
#1684=EDGE_LOOP('',(#9131,#9132,#9133,#9134));
#1685=EDGE_LOOP('',(#9135,#9136,#9137,#9138));
#1686=EDGE_LOOP('',(#9139,#9140,#9141,#9142));
#1687=EDGE_LOOP('',(#9143,#9144,#9145,#9146));
#1688=EDGE_LOOP('',(#9147,#9148,#9149,#9150));
#1689=EDGE_LOOP('',(#9151,#9152,#9153,#9154));
#1690=EDGE_LOOP('',(#9155,#9156,#9157,#9158));
#1691=EDGE_LOOP('',(#9159,#9160,#9161,#9162));
#1692=EDGE_LOOP('',(#9163,#9164,#9165,#9166));
#1693=EDGE_LOOP('',(#9167,#9168,#9169,#9170));
#1694=EDGE_LOOP('',(#9171,#9172,#9173,#9174));
#1695=EDGE_LOOP('',(#9175,#9176,#9177,#9178));
#1696=EDGE_LOOP('',(#9179,#9180,#9181,#9182));
#1697=EDGE_LOOP('',(#9183,#9184,#9185,#9186));
#1698=EDGE_LOOP('',(#9187,#9188,#9189,#9190));
#1699=EDGE_LOOP('',(#9191,#9192,#9193,#9194));
#1700=EDGE_LOOP('',(#9195,#9196,#9197,#9198));
#1701=EDGE_LOOP('',(#9199,#9200,#9201,#9202));
#1702=EDGE_LOOP('',(#9203,#9204,#9205,#9206));
#1703=EDGE_LOOP('',(#9207,#9208,#9209,#9210));
#1704=EDGE_LOOP('',(#9211,#9212,#9213,#9214));
#1705=EDGE_LOOP('',(#9215,#9216,#9217,#9218));
#1706=EDGE_LOOP('',(#9219,#9220,#9221,#9222));
#1707=EDGE_LOOP('',(#9223,#9224,#9225,#9226));
#1708=EDGE_LOOP('',(#9227,#9228,#9229,#9230));
#1709=EDGE_LOOP('',(#9231,#9232,#9233,#9234));
#1710=EDGE_LOOP('',(#9235,#9236,#9237,#9238));
#1711=EDGE_LOOP('',(#9239,#9240,#9241,#9242));
#1712=EDGE_LOOP('',(#9243,#9244,#9245,#9246));
#1713=EDGE_LOOP('',(#9247,#9248,#9249,#9250));
#1714=EDGE_LOOP('',(#9251));
#1715=EDGE_LOOP('',(#9252,#9253,#9254,#9255));
#1716=EDGE_LOOP('',(#9256,#9257,#9258,#9259));
#1717=EDGE_LOOP('',(#9260));
#1718=EDGE_LOOP('',(#9261));
#1719=EDGE_LOOP('',(#9262,#9263,#9264,#9265));
#1720=EDGE_LOOP('',(#9266));
#1721=EDGE_LOOP('',(#9267));
#1722=EDGE_LOOP('',(#9268,#9269,#9270,#9271));
#1723=EDGE_LOOP('',(#9272));
#1724=EDGE_LOOP('',(#9273));
#1725=EDGE_LOOP('',(#9274,#9275,#9276,#9277));
#1726=EDGE_LOOP('',(#9278));
#1727=EDGE_LOOP('',(#9279));
#1728=EDGE_LOOP('',(#9280,#9281,#9282,#9283));
#1729=EDGE_LOOP('',(#9284,#9285,#9286,#9287));
#1730=EDGE_LOOP('',(#9288,#9289,#9290,#9291));
#1731=EDGE_LOOP('',(#9292,#9293,#9294,#9295));
#1732=EDGE_LOOP('',(#9296));
#1733=EDGE_LOOP('',(#9297,#9298,#9299,#9300));
#1734=EDGE_LOOP('',(#9301,#9302,#9303,#9304));
#1735=EDGE_LOOP('',(#9305,#9306,#9307,#9308));
#1736=EDGE_LOOP('',(#9309,#9310,#9311,#9312));
#1737=EDGE_LOOP('',(#9313,#9314,#9315,#9316));
#1738=EDGE_LOOP('',(#9317,#9318,#9319,#9320));
#1739=EDGE_LOOP('',(#9321,#9322,#9323,#9324));
#1740=EDGE_LOOP('',(#9325,#9326,#9327,#9328));
#1741=EDGE_LOOP('',(#9329,#9330,#9331,#9332));
#1742=EDGE_LOOP('',(#9333,#9334,#9335,#9336,#9337,#9338,#9339,#9340,#9341,
#9342,#9343,#9344));
#1743=EDGE_LOOP('',(#9345,#9346,#9347,#9348,#9349,#9350,#9351,#9352));
#1744=EDGE_LOOP('',(#9353,#9354,#9355,#9356));
#1745=EDGE_LOOP('',(#9357,#9358,#9359,#9360,#9361,#9362,#9363,#9364));
#1746=EDGE_LOOP('',(#9365,#9366,#9367,#9368));
#1747=EDGE_LOOP('',(#9369,#9370,#9371,#9372));
#1748=EDGE_LOOP('',(#9373,#9374,#9375,#9376));
#1749=EDGE_LOOP('',(#9377,#9378,#9379,#9380));
#1750=EDGE_LOOP('',(#9381,#9382,#9383,#9384));
#1751=EDGE_LOOP('',(#9385,#9386,#9387,#9388));
#1752=EDGE_LOOP('',(#9389,#9390,#9391,#9392));
#1753=EDGE_LOOP('',(#9393,#9394,#9395,#9396));
#1754=EDGE_LOOP('',(#9397,#9398,#9399,#9400));
#1755=EDGE_LOOP('',(#9401,#9402,#9403,#9404));
#1756=EDGE_LOOP('',(#9405,#9406,#9407,#9408,#9409,#9410,#9411,#9412,#9413,
#9414,#9415,#9416));
#1757=EDGE_LOOP('',(#9417,#9418,#9419,#9420,#9421,#9422,#9423,#9424));
#1758=EDGE_LOOP('',(#9425,#9426,#9427,#9428));
#1759=EDGE_LOOP('',(#9429,#9430,#9431,#9432,#9433,#9434,#9435,#9436));
#1760=EDGE_LOOP('',(#9437,#9438,#9439,#9440));
#1761=EDGE_LOOP('',(#9441,#9442,#9443,#9444));
#1762=EDGE_LOOP('',(#9445,#9446,#9447,#9448));
#1763=EDGE_LOOP('',(#9449,#9450,#9451,#9452));
#1764=EDGE_LOOP('',(#9453,#9454,#9455,#9456));
#1765=EDGE_LOOP('',(#9457,#9458,#9459,#9460));
#1766=EDGE_LOOP('',(#9461,#9462,#9463,#9464));
#1767=EDGE_LOOP('',(#9465,#9466,#9467,#9468));
#1768=EDGE_LOOP('',(#9469,#9470,#9471,#9472));
#1769=EDGE_LOOP('',(#9473,#9474,#9475,#9476));
#1770=EDGE_LOOP('',(#9477,#9478,#9479,#9480));
#1771=EDGE_LOOP('',(#9481,#9482,#9483,#9484));
#1772=EDGE_LOOP('',(#9485,#9486,#9487,#9488));
#1773=EDGE_LOOP('',(#9489,#9490,#9491,#9492));
#1774=EDGE_LOOP('',(#9493,#9494,#9495,#9496,#9497,#9498,#9499,#9500));
#1775=EDGE_LOOP('',(#9501,#9502,#9503,#9504));
#1776=EDGE_LOOP('',(#9505,#9506,#9507,#9508));
#1777=EDGE_LOOP('',(#9509,#9510,#9511,#9512));
#1778=EDGE_LOOP('',(#9513,#9514,#9515,#9516));
#1779=EDGE_LOOP('',(#9517,#9518,#9519,#9520));
#1780=EDGE_LOOP('',(#9521,#9522,#9523,#9524));
#1781=EDGE_LOOP('',(#9525,#9526,#9527,#9528));
#1782=EDGE_LOOP('',(#9529,#9530,#9531,#9532));
#1783=EDGE_LOOP('',(#9533,#9534,#9535,#9536,#9537,#9538,#9539,#9540));
#1784=EDGE_LOOP('',(#9541,#9542,#9543,#9544));
#1785=EDGE_LOOP('',(#9545,#9546,#9547,#9548));
#1786=EDGE_LOOP('',(#9549,#9550,#9551,#9552));
#1787=EDGE_LOOP('',(#9553,#9554,#9555,#9556));
#1788=EDGE_LOOP('',(#9557,#9558,#9559,#9560,#9561,#9562,#9563,#9564,#9565,
#9566,#9567,#9568));
#1789=EDGE_LOOP('',(#9569,#9570,#9571,#9572,#9573,#9574,#9575,#9576,#9577,
#9578,#9579,#9580));
#1790=EDGE_LOOP('',(#9581,#9582,#9583,#9584));
#1791=EDGE_LOOP('',(#9585,#9586,#9587,#9588));
#1792=EDGE_LOOP('',(#9589,#9590,#9591,#9592));
#1793=EDGE_LOOP('',(#9593,#9594,#9595,#9596));
#1794=EDGE_LOOP('',(#9597,#9598,#9599,#9600));
#1795=EDGE_LOOP('',(#9601,#9602,#9603,#9604));
#1796=EDGE_LOOP('',(#9605,#9606,#9607,#9608));
#1797=EDGE_LOOP('',(#9609,#9610,#9611,#9612));
#1798=EDGE_LOOP('',(#9613,#9614,#9615,#9616));
#1799=EDGE_LOOP('',(#9617,#9618,#9619,#9620));
#1800=EDGE_LOOP('',(#9621,#9622,#9623,#9624));
#1801=EDGE_LOOP('',(#9625,#9626,#9627,#9628));
#1802=EDGE_LOOP('',(#9629,#9630,#9631,#9632,#9633,#9634,#9635,#9636,#9637,
#9638,#9639,#9640));
#1803=EDGE_LOOP('',(#9641,#9642,#9643,#9644,#9645,#9646,#9647,#9648,#9649,
#9650,#9651,#9652,#9653,#9654,#9655,#9656,#9657,#9658,#9659,#9660,#9661,
#9662,#9663,#9664,#9665,#9666));
#1804=EDGE_LOOP('',(#9667,#9668,#9669,#9670));
#1805=EDGE_LOOP('',(#9671,#9672,#9673,#9674,#9675,#9676,#9677));
#1806=EDGE_LOOP('',(#9678,#9679,#9680,#9681,#9682,#9683,#9684));
#1807=EDGE_LOOP('',(#9685,#9686,#9687,#9688,#9689,#9690,#9691,#9692));
#1808=EDGE_LOOP('',(#9693,#9694,#9695,#9696));
#1809=EDGE_LOOP('',(#9697,#9698,#9699,#9700,#9701,#9702,#9703,#9704,#9705,
#9706,#9707,#9708));
#1810=EDGE_LOOP('',(#9709,#9710,#9711,#9712));
#1811=EDGE_LOOP('',(#9713,#9714,#9715,#9716));
#1812=EDGE_LOOP('',(#9717,#9718,#9719,#9720));
#1813=EDGE_LOOP('',(#9721,#9722,#9723,#9724));
#1814=EDGE_LOOP('',(#9725,#9726,#9727,#9728));
#1815=EDGE_LOOP('',(#9729,#9730,#9731,#9732));
#1816=EDGE_LOOP('',(#9733,#9734,#9735,#9736));
#1817=EDGE_LOOP('',(#9737,#9738,#9739,#9740));
#1818=EDGE_LOOP('',(#9741,#9742,#9743,#9744,#9745,#9746,#9747,#9748,#9749,
#9750,#9751,#9752,#9753,#9754,#9755,#9756,#9757,#9758,#9759,#9760,#9761,
#9762,#9763,#9764));
#1819=EDGE_LOOP('',(#9765,#9766,#9767,#9768));
#1820=EDGE_LOOP('',(#9769,#9770,#9771,#9772));
#1821=EDGE_LOOP('',(#9773,#9774,#9775,#9776));
#1822=EDGE_LOOP('',(#9777,#9778,#9779,#9780));
#1823=EDGE_LOOP('',(#9781,#9782,#9783,#9784,#9785,#9786));
#1824=EDGE_LOOP('',(#9787,#9788,#9789,#9790,#9791,#9792));
#1825=EDGE_LOOP('',(#9793,#9794,#9795,#9796));
#1826=EDGE_LOOP('',(#9797,#9798,#9799,#9800,#9801,#9802));
#1827=EDGE_LOOP('',(#9803,#9804,#9805,#9806,#9807,#9808));
#1828=EDGE_LOOP('',(#9809,#9810,#9811,#9812,#9813,#9814));
#1829=EDGE_LOOP('',(#9815,#9816,#9817,#9818));
#1830=EDGE_LOOP('',(#9819,#9820,#9821,#9822,#9823,#9824));
#1831=EDGE_LOOP('',(#9825,#9826,#9827,#9828));
#1832=EDGE_LOOP('',(#9829,#9830,#9831,#9832,#9833,#9834));
#1833=EDGE_LOOP('',(#9835,#9836,#9837,#9838));
#1834=EDGE_LOOP('',(#9839,#9840,#9841,#9842,#9843,#9844));
#1835=EDGE_LOOP('',(#9845,#9846,#9847,#9848));
#1836=EDGE_LOOP('',(#9849,#9850,#9851,#9852));
#1837=EDGE_LOOP('',(#9853,#9854,#9855,#9856));
#1838=EDGE_LOOP('',(#9857,#9858,#9859,#9860,#9861,#9862));
#1839=EDGE_LOOP('',(#9863,#9864,#9865,#9866,#9867,#9868));
#1840=EDGE_LOOP('',(#9869,#9870,#9871,#9872));
#1841=EDGE_LOOP('',(#9873,#9874,#9875,#9876));
#1842=EDGE_LOOP('',(#9877,#9878,#9879,#9880));
#1843=EDGE_LOOP('',(#9881,#9882,#9883,#9884));
#1844=EDGE_LOOP('',(#9885,#9886,#9887,#9888));
#1845=EDGE_LOOP('',(#9889,#9890,#9891,#9892));
#1846=EDGE_LOOP('',(#9893,#9894,#9895,#9896));
#1847=EDGE_LOOP('',(#9897,#9898,#9899,#9900));
#1848=EDGE_LOOP('',(#9901,#9902,#9903,#9904));
#1849=EDGE_LOOP('',(#9905,#9906,#9907,#9908));
#1850=EDGE_LOOP('',(#9909,#9910,#9911,#9912));
#1851=EDGE_LOOP('',(#9913,#9914,#9915,#9916));
#1852=EDGE_LOOP('',(#9917,#9918,#9919,#9920));
#1853=EDGE_LOOP('',(#9921,#9922,#9923,#9924));
#1854=EDGE_LOOP('',(#9925,#9926,#9927,#9928));
#1855=EDGE_LOOP('',(#9929,#9930,#9931,#9932));
#1856=LINE('',#14792,#3123);
#1857=LINE('',#14798,#3124);
#1858=LINE('',#14804,#3125);
#1859=LINE('',#14810,#3126);
#1860=LINE('',#14816,#3127);
#1861=LINE('',#14822,#3128);
#1862=LINE('',#14828,#3129);
#1863=LINE('',#14834,#3130);
#1864=LINE('',#14840,#3131);
#1865=LINE('',#14846,#3132);
#1866=LINE('',#14852,#3133);
#1867=LINE('',#14858,#3134);
#1868=LINE('',#14864,#3135);
#1869=LINE('',#14870,#3136);
#1870=LINE('',#14876,#3137);
#1871=LINE('',#14882,#3138);
#1872=LINE('',#14888,#3139);
#1873=LINE('',#14894,#3140);
#1874=LINE('',#14900,#3141);
#1875=LINE('',#14906,#3142);
#1876=LINE('',#14912,#3143);
#1877=LINE('',#14918,#3144);
#1878=LINE('',#14924,#3145);
#1879=LINE('',#14930,#3146);
#1880=LINE('',#14936,#3147);
#1881=LINE('',#14942,#3148);
#1882=LINE('',#14948,#3149);
#1883=LINE('',#14954,#3150);
#1884=LINE('',#14960,#3151);
#1885=LINE('',#14966,#3152);
#1886=LINE('',#14971,#3153);
#1887=LINE('',#14973,#3154);
#1888=LINE('',#14975,#3155);
#1889=LINE('',#14976,#3156);
#1890=LINE('',#14982,#3157);
#1891=LINE('',#14985,#3158);
#1892=LINE('',#14987,#3159);
#1893=LINE('',#14988,#3160);
#1894=LINE('',#14994,#3161);
#1895=LINE('',#14997,#3162);
#1896=LINE('',#14999,#3163);
#1897=LINE('',#15000,#3164);
#1898=LINE('',#15006,#3165);
#1899=LINE('',#15009,#3166);
#1900=LINE('',#15011,#3167);
#1901=LINE('',#15012,#3168);
#1902=LINE('',#15022,#3169);
#1903=LINE('',#15024,#3170);
#1904=LINE('',#15026,#3171);
#1905=LINE('',#15027,#3172);
#1906=LINE('',#15033,#3173);
#1907=LINE('',#15036,#3174);
#1908=LINE('',#15038,#3175);
#1909=LINE('',#15039,#3176);
#1910=LINE('',#15045,#3177);
#1911=LINE('',#15048,#3178);
#1912=LINE('',#15050,#3179);
#1913=LINE('',#15051,#3180);
#1914=LINE('',#15054,#3181);
#1915=LINE('',#15056,#3182);
#1916=LINE('',#15057,#3183);
#1917=LINE('',#15060,#3184);
#1918=LINE('',#15062,#3185);
#1919=LINE('',#15063,#3186);
#1920=LINE('',#15069,#3187);
#1921=LINE('',#15072,#3188);
#1922=LINE('',#15074,#3189);
#1923=LINE('',#15075,#3190);
#1924=LINE('',#15081,#3191);
#1925=LINE('',#15084,#3192);
#1926=LINE('',#15086,#3193);
#1927=LINE('',#15087,#3194);
#1928=LINE('',#15089,#3195);
#1929=LINE('',#15091,#3196);
#1930=LINE('',#15094,#3197);
#1931=LINE('',#15096,#3198);
#1932=LINE('',#15097,#3199);
#1933=LINE('',#15100,#3200);
#1934=LINE('',#15102,#3201);
#1935=LINE('',#15103,#3202);
#1936=LINE('',#15107,#3203);
#1937=LINE('',#15109,#3204);
#1938=LINE('',#15111,#3205);
#1939=LINE('',#15112,#3206);
#1940=LINE('',#15118,#3207);
#1941=LINE('',#15121,#3208);
#1942=LINE('',#15123,#3209);
#1943=LINE('',#15124,#3210);
#1944=LINE('',#15130,#3211);
#1945=LINE('',#15133,#3212);
#1946=LINE('',#15135,#3213);
#1947=LINE('',#15136,#3214);
#1948=LINE('',#15139,#3215);
#1949=LINE('',#15141,#3216);
#1950=LINE('',#15142,#3217);
#1951=LINE('',#15145,#3218);
#1952=LINE('',#15147,#3219);
#1953=LINE('',#15148,#3220);
#1954=LINE('',#15154,#3221);
#1955=LINE('',#15157,#3222);
#1956=LINE('',#15159,#3223);
#1957=LINE('',#15160,#3224);
#1958=LINE('',#15166,#3225);
#1959=LINE('',#15169,#3226);
#1960=LINE('',#15171,#3227);
#1961=LINE('',#15172,#3228);
#1962=LINE('',#15174,#3229);
#1963=LINE('',#15176,#3230);
#1964=LINE('',#15179,#3231);
#1965=LINE('',#15181,#3232);
#1966=LINE('',#15182,#3233);
#1967=LINE('',#15185,#3234);
#1968=LINE('',#15187,#3235);
#1969=LINE('',#15188,#3236);
#1970=LINE('',#15191,#3237);
#1971=LINE('',#15193,#3238);
#1972=LINE('',#15194,#3239);
#1973=LINE('',#15197,#3240);
#1974=LINE('',#15198,#3241);
#1975=LINE('',#15200,#3242);
#1976=LINE('',#15202,#3243);
#1977=LINE('',#15203,#3244);
#1978=LINE('',#15206,#3245);
#1979=LINE('',#15207,#3246);
#1980=LINE('',#15209,#3247);
#1981=LINE('',#15212,#3248);
#1982=LINE('',#15213,#3249);
#1983=LINE('',#15216,#3250);
#1984=LINE('',#15217,#3251);
#1985=LINE('',#15219,#3252);
#1986=LINE('',#15225,#3253);
#1987=LINE('',#15227,#3254);
#1988=LINE('',#15229,#3255);
#1989=LINE('',#15231,#3256);
#1990=LINE('',#15233,#3257);
#1991=LINE('',#15235,#3258);
#1992=LINE('',#15237,#3259);
#1993=LINE('',#15239,#3260);
#1994=LINE('',#15241,#3261);
#1995=LINE('',#15243,#3262);
#1996=LINE('',#15245,#3263);
#1997=LINE('',#15246,#3264);
#1998=LINE('',#15250,#3265);
#1999=LINE('',#15252,#3266);
#2000=LINE('',#15254,#3267);
#2001=LINE('',#15256,#3268);
#2002=LINE('',#15258,#3269);
#2003=LINE('',#15260,#3270);
#2004=LINE('',#15262,#3271);
#2005=LINE('',#15264,#3272);
#2006=LINE('',#15266,#3273);
#2007=LINE('',#15268,#3274);
#2008=LINE('',#15270,#3275);
#2009=LINE('',#15272,#3276);
#2010=LINE('',#15274,#3277);
#2011=LINE('',#15276,#3278);
#2012=LINE('',#15278,#3279);
#2013=LINE('',#15279,#3280);
#2014=LINE('',#15283,#3281);
#2015=LINE('',#15285,#3282);
#2016=LINE('',#15287,#3283);
#2017=LINE('',#15288,#3284);
#2018=LINE('',#15290,#3285);
#2019=LINE('',#15291,#3286);
#2020=LINE('',#15293,#3287);
#2021=LINE('',#15294,#3288);
#2022=LINE('',#15295,#3289);
#2023=LINE('',#15296,#3290);
#2024=LINE('',#15297,#3291);
#2025=LINE('',#15299,#3292);
#2026=LINE('',#15300,#3293);
#2027=LINE('',#15302,#3294);
#2028=LINE('',#15303,#3295);
#2029=LINE('',#15305,#3296);
#2030=LINE('',#15306,#3297);
#2031=LINE('',#15312,#3298);
#2032=LINE('',#15314,#3299);
#2033=LINE('',#15316,#3300);
#2034=LINE('',#15317,#3301);
#2035=LINE('',#15320,#3302);
#2036=LINE('',#15322,#3303);
#2037=LINE('',#15323,#3304);
#2038=LINE('',#15326,#3305);
#2039=LINE('',#15328,#3306);
#2040=LINE('',#15329,#3307);
#2041=LINE('',#15334,#3308);
#2042=LINE('',#15338,#3309);
#2043=LINE('',#15340,#3310);
#2044=LINE('',#15341,#3311);
#2045=LINE('',#15346,#3312);
#2046=LINE('',#15349,#3313);
#2047=LINE('',#15350,#3314);
#2048=LINE('',#15353,#3315);
#2049=LINE('',#15355,#3316);
#2050=LINE('',#15356,#3317);
#2051=LINE('',#15361,#3318);
#2052=LINE('',#15365,#3319);
#2053=LINE('',#15367,#3320);
#2054=LINE('',#15368,#3321);
#2055=LINE('',#15377,#3322);
#2056=LINE('',#15379,#3323);
#2057=LINE('',#15381,#3324);
#2058=LINE('',#15382,#3325);
#2059=LINE('',#15387,#3326);
#2060=LINE('',#15391,#3327);
#2061=LINE('',#15393,#3328);
#2062=LINE('',#15394,#3329);
#2063=LINE('',#15399,#3330);
#2064=LINE('',#15402,#3331);
#2065=LINE('',#15403,#3332);
#2066=LINE('',#15406,#3333);
#2067=LINE('',#15408,#3334);
#2068=LINE('',#15409,#3335);
#2069=LINE('',#15414,#3336);
#2070=LINE('',#15418,#3337);
#2071=LINE('',#15420,#3338);
#2072=LINE('',#15421,#3339);
#2073=LINE('',#15426,#3340);
#2074=LINE('',#15430,#3341);
#2075=LINE('',#15432,#3342);
#2076=LINE('',#15433,#3343);
#2077=LINE('',#15435,#3344);
#2078=LINE('',#15436,#3345);
#2079=LINE('',#15442,#3346);
#2080=LINE('',#15444,#3347);
#2081=LINE('',#15446,#3348);
#2082=LINE('',#15447,#3349);
#2083=LINE('',#15450,#3350);
#2084=LINE('',#15452,#3351);
#2085=LINE('',#15453,#3352);
#2086=LINE('',#15456,#3353);
#2087=LINE('',#15458,#3354);
#2088=LINE('',#15459,#3355);
#2089=LINE('',#15464,#3356);
#2090=LINE('',#15468,#3357);
#2091=LINE('',#15470,#3358);
#2092=LINE('',#15471,#3359);
#2093=LINE('',#15476,#3360);
#2094=LINE('',#15479,#3361);
#2095=LINE('',#15480,#3362);
#2096=LINE('',#15483,#3363);
#2097=LINE('',#15485,#3364);
#2098=LINE('',#15486,#3365);
#2099=LINE('',#15491,#3366);
#2100=LINE('',#15495,#3367);
#2101=LINE('',#15497,#3368);
#2102=LINE('',#15498,#3369);
#2103=LINE('',#15507,#3370);
#2104=LINE('',#15509,#3371);
#2105=LINE('',#15511,#3372);
#2106=LINE('',#15512,#3373);
#2107=LINE('',#15515,#3374);
#2108=LINE('',#15517,#3375);
#2109=LINE('',#15518,#3376);
#2110=LINE('',#15521,#3377);
#2111=LINE('',#15523,#3378);
#2112=LINE('',#15524,#3379);
#2113=LINE('',#15529,#3380);
#2114=LINE('',#15533,#3381);
#2115=LINE('',#15535,#3382);
#2116=LINE('',#15536,#3383);
#2117=LINE('',#15541,#3384);
#2118=LINE('',#15544,#3385);
#2119=LINE('',#15545,#3386);
#2120=LINE('',#15548,#3387);
#2121=LINE('',#15550,#3388);
#2122=LINE('',#15551,#3389);
#2123=LINE('',#15556,#3390);
#2124=LINE('',#15560,#3391);
#2125=LINE('',#15562,#3392);
#2126=LINE('',#15563,#3393);
#2127=LINE('',#15572,#3394);
#2128=LINE('',#15574,#3395);
#2129=LINE('',#15576,#3396);
#2130=LINE('',#15577,#3397);
#2131=LINE('',#15582,#3398);
#2132=LINE('',#15586,#3399);
#2133=LINE('',#15588,#3400);
#2134=LINE('',#15589,#3401);
#2135=LINE('',#15594,#3402);
#2136=LINE('',#15597,#3403);
#2137=LINE('',#15598,#3404);
#2138=LINE('',#15601,#3405);
#2139=LINE('',#15603,#3406);
#2140=LINE('',#15604,#3407);
#2141=LINE('',#15609,#3408);
#2142=LINE('',#15613,#3409);
#2143=LINE('',#15615,#3410);
#2144=LINE('',#15616,#3411);
#2145=LINE('',#15621,#3412);
#2146=LINE('',#15625,#3413);
#2147=LINE('',#15627,#3414);
#2148=LINE('',#15628,#3415);
#2149=LINE('',#15630,#3416);
#2150=LINE('',#15631,#3417);
#2151=LINE('',#15638,#3418);
#2152=LINE('',#15640,#3419);
#2153=LINE('',#15642,#3420);
#2154=LINE('',#15644,#3421);
#2155=LINE('',#15646,#3422);
#2156=LINE('',#15648,#3423);
#2157=LINE('',#15650,#3424);
#2158=LINE('',#15651,#3425);
#2159=LINE('',#15655,#3426);
#2160=LINE('',#15656,#3427);
#2161=LINE('',#15657,#3428);
#2162=LINE('',#15661,#3429);
#2163=LINE('',#15662,#3430);
#2164=LINE('',#15663,#3431);
#2165=LINE('',#15665,#3432);
#2166=LINE('',#15668,#3433);
#2167=LINE('',#15669,#3434);
#2168=LINE('',#15671,#3435);
#2169=LINE('',#15672,#3436);
#2170=LINE('',#15676,#3437);
#2171=LINE('',#15678,#3438);
#2172=LINE('',#15679,#3439);
#2173=LINE('',#15682,#3440);
#2174=LINE('',#15684,#3441);
#2175=LINE('',#15686,#3442);
#2176=LINE('',#15688,#3443);
#2177=LINE('',#15690,#3444);
#2178=LINE('',#15692,#3445);
#2179=LINE('',#15694,#3446);
#2180=LINE('',#15696,#3447);
#2181=LINE('',#15698,#3448);
#2182=LINE('',#15700,#3449);
#2183=LINE('',#15702,#3450);
#2184=LINE('',#15704,#3451);
#2185=LINE('',#15706,#3452);
#2186=LINE('',#15708,#3453);
#2187=LINE('',#15710,#3454);
#2188=LINE('',#15712,#3455);
#2189=LINE('',#15714,#3456);
#2190=LINE('',#15716,#3457);
#2191=LINE('',#15718,#3458);
#2192=LINE('',#15720,#3459);
#2193=LINE('',#15722,#3460);
#2194=LINE('',#15724,#3461);
#2195=LINE('',#15726,#3462);
#2196=LINE('',#15728,#3463);
#2197=LINE('',#15729,#3464);
#2198=LINE('',#15732,#3465);
#2199=LINE('',#15734,#3466);
#2200=LINE('',#15736,#3467);
#2201=LINE('',#15738,#3468);
#2202=LINE('',#15740,#3469);
#2203=LINE('',#15742,#3470);
#2204=LINE('',#15743,#3471);
#2205=LINE('',#15747,#3472);
#2206=LINE('',#15748,#3473);
#2207=LINE('',#15749,#3474);
#2208=LINE('',#15753,#3475);
#2209=LINE('',#15754,#3476);
#2210=LINE('',#15755,#3477);
#2211=LINE('',#15757,#3478);
#2212=LINE('',#15759,#3479);
#2213=LINE('',#15760,#3480);
#2214=LINE('',#15762,#3481);
#2215=LINE('',#15766,#3482);
#2216=LINE('',#15767,#3483);
#2217=LINE('',#15771,#3484);
#2218=LINE('',#15772,#3485);
#2219=LINE('',#15774,#3486);
#2220=LINE('',#15776,#3487);
#2221=LINE('',#15778,#3488);
#2222=LINE('',#15780,#3489);
#2223=LINE('',#15781,#3490);
#2224=LINE('',#15784,#3491);
#2225=LINE('',#15786,#3492);
#2226=LINE('',#15787,#3493);
#2227=LINE('',#15790,#3494);
#2228=LINE('',#15792,#3495);
#2229=LINE('',#15793,#3496);
#2230=LINE('',#15795,#3497);
#2231=LINE('',#15796,#3498);
#2232=LINE('',#15800,#3499);
#2233=LINE('',#15801,#3500);
#2234=LINE('',#15803,#3501);
#2235=LINE('',#15807,#3502);
#2236=LINE('',#15808,#3503);
#2237=LINE('',#15810,#3504);
#2238=LINE('',#15812,#3505);
#2239=LINE('',#15814,#3506);
#2240=LINE('',#15816,#3507);
#2241=LINE('',#15817,#3508);
#2242=LINE('',#15820,#3509);
#2243=LINE('',#15822,#3510);
#2244=LINE('',#15823,#3511);
#2245=LINE('',#15826,#3512);
#2246=LINE('',#15828,#3513);
#2247=LINE('',#15829,#3514);
#2248=LINE('',#15832,#3515);
#2249=LINE('',#15833,#3516);
#2250=LINE('',#15834,#3517);
#2251=LINE('',#15836,#3518);
#2252=LINE('',#15840,#3519);
#2253=LINE('',#15842,#3520);
#2254=LINE('',#15844,#3521);
#2255=LINE('',#15846,#3522);
#2256=LINE('',#15848,#3523);
#2257=LINE('',#15850,#3524);
#2258=LINE('',#15851,#3525);
#2259=LINE('',#15852,#3526);
#2260=LINE('',#15854,#3527);
#2261=LINE('',#15856,#3528);
#2262=LINE('',#15858,#3529);
#2263=LINE('',#15860,#3530);
#2264=LINE('',#15862,#3531);
#2265=LINE('',#15864,#3532);
#2266=LINE('',#15866,#3533);
#2267=LINE('',#15868,#3534);
#2268=LINE('',#15869,#3535);
#2269=LINE('',#15871,#3536);
#2270=LINE('',#15874,#3537);
#2271=LINE('',#15876,#3538);
#2272=LINE('',#15878,#3539);
#2273=LINE('',#15880,#3540);
#2274=LINE('',#15881,#3541);
#2275=LINE('',#15884,#3542);
#2276=LINE('',#15885,#3543);
#2277=LINE('',#15888,#3544);
#2278=LINE('',#15889,#3545);
#2279=LINE('',#15892,#3546);
#2280=LINE('',#15893,#3547);
#2281=LINE('',#15896,#3548);
#2282=LINE('',#15897,#3549);
#2283=LINE('',#15899,#3550);
#2284=LINE('',#15900,#3551);
#2285=LINE('',#15903,#3552);
#2286=LINE('',#15906,#3553);
#2287=LINE('',#15908,#3554);
#2288=LINE('',#15910,#3555);
#2289=LINE('',#15912,#3556);
#2290=LINE('',#15913,#3557);
#2291=LINE('',#15916,#3558);
#2292=LINE('',#15917,#3559);
#2293=LINE('',#15920,#3560);
#2294=LINE('',#15921,#3561);
#2295=LINE('',#15924,#3562);
#2296=LINE('',#15926,#3563);
#2297=LINE('',#15927,#3564);
#2298=LINE('',#15929,#3565);
#2299=LINE('',#15930,#3566);
#2300=LINE('',#15934,#3567);
#2301=LINE('',#15936,#3568);
#2302=LINE('',#15938,#3569);
#2303=LINE('',#15940,#3570);
#2304=LINE('',#15942,#3571);
#2305=LINE('',#15943,#3572);
#2306=LINE('',#15946,#3573);
#2307=LINE('',#15947,#3574);
#2308=LINE('',#15950,#3575);
#2309=LINE('',#15951,#3576);
#2310=LINE('',#15954,#3577);
#2311=LINE('',#15955,#3578);
#2312=LINE('',#15958,#3579);
#2313=LINE('',#15959,#3580);
#2314=LINE('',#15961,#3581);
#2315=LINE('',#15962,#3582);
#2316=LINE('',#15965,#3583);
#2317=LINE('',#15969,#3584);
#2318=LINE('',#15971,#3585);
#2319=LINE('',#15973,#3586);
#2320=LINE('',#15975,#3587);
#2321=LINE('',#15976,#3588);
#2322=LINE('',#15979,#3589);
#2323=LINE('',#15980,#3590);
#2324=LINE('',#15983,#3591);
#2325=LINE('',#15984,#3592);
#2326=LINE('',#15987,#3593);
#2327=LINE('',#15988,#3594);
#2328=LINE('',#15991,#3595);
#2329=LINE('',#15992,#3596);
#2330=LINE('',#15994,#3597);
#2331=LINE('',#16001,#3598);
#2332=LINE('',#16003,#3599);
#2333=LINE('',#16005,#3600);
#2334=LINE('',#16009,#3601);
#2335=LINE('',#16013,#3602);
#2336=LINE('',#16015,#3603);
#2337=LINE('',#16017,#3604);
#2338=LINE('',#16021,#3605);
#2339=LINE('',#16025,#3606);
#2340=LINE('',#16027,#3607);
#2341=LINE('',#16028,#3608);
#2342=LINE('',#16031,#3609);
#2343=LINE('',#16032,#3610);
#2344=LINE('',#16036,#3611);
#2345=LINE('',#16039,#3612);
#2346=LINE('',#16040,#3613);
#2347=LINE('',#16044,#3614);
#2348=LINE('',#16047,#3615);
#2349=LINE('',#16048,#3616);
#2350=LINE('',#16051,#3617);
#2351=LINE('',#16053,#3618);
#2352=LINE('',#16054,#3619);
#2353=LINE('',#16058,#3620);
#2354=LINE('',#16061,#3621);
#2355=LINE('',#16062,#3622);
#2356=LINE('',#16066,#3623);
#2357=LINE('',#16068,#3624);
#2358=LINE('',#16070,#3625);
#2359=LINE('',#16073,#3626);
#2360=LINE('',#16075,#3627);
#2361=LINE('',#16076,#3628);
#2362=LINE('',#16079,#3629);
#2363=LINE('',#16081,#3630);
#2364=LINE('',#16082,#3631);
#2365=LINE('',#16086,#3632);
#2366=LINE('',#16088,#3633);
#2367=LINE('',#16090,#3634);
#2368=LINE('',#16091,#3635);
#2369=LINE('',#16095,#3636);
#2370=LINE('',#16097,#3637);
#2371=LINE('',#16099,#3638);
#2372=LINE('',#16100,#3639);
#2373=LINE('',#16104,#3640);
#2374=LINE('',#16106,#3641);
#2375=LINE('',#16108,#3642);
#2376=LINE('',#16109,#3643);
#2377=LINE('',#16113,#3644);
#2378=LINE('',#16115,#3645);
#2379=LINE('',#16117,#3646);
#2380=LINE('',#16118,#3647);
#2381=LINE('',#16122,#3648);
#2382=LINE('',#16124,#3649);
#2383=LINE('',#16126,#3650);
#2384=LINE('',#16127,#3651);
#2385=LINE('',#16131,#3652);
#2386=LINE('',#16132,#3653);
#2387=LINE('',#16133,#3654);
#2388=LINE('',#16135,#3655);
#2389=LINE('',#16136,#3656);
#2390=LINE('',#16139,#3657);
#2391=LINE('',#16141,#3658);
#2392=LINE('',#16142,#3659);
#2393=LINE('',#16146,#3660);
#2394=LINE('',#16148,#3661);
#2395=LINE('',#16150,#3662);
#2396=LINE('',#16151,#3663);
#2397=LINE('',#16155,#3664);
#2398=LINE('',#16157,#3665);
#2399=LINE('',#16159,#3666);
#2400=LINE('',#16160,#3667);
#2401=LINE('',#16164,#3668);
#2402=LINE('',#16166,#3669);
#2403=LINE('',#16168,#3670);
#2404=LINE('',#16169,#3671);
#2405=LINE('',#16172,#3672);
#2406=LINE('',#16174,#3673);
#2407=LINE('',#16175,#3674);
#2408=LINE('',#16178,#3675);
#2409=LINE('',#16180,#3676);
#2410=LINE('',#16181,#3677);
#2411=LINE('',#16186,#3678);
#2412=LINE('',#16190,#3679);
#2413=LINE('',#16192,#3680);
#2414=LINE('',#16193,#3681);
#2415=LINE('',#16198,#3682);
#2416=LINE('',#16201,#3683);
#2417=LINE('',#16202,#3684);
#2418=LINE('',#16203,#3685);
#2419=LINE('',#16206,#3686);
#2420=LINE('',#16208,#3687);
#2421=LINE('',#16209,#3688);
#2422=LINE('',#16210,#3689);
#2423=LINE('',#16215,#3690);
#2424=LINE('',#16219,#3691);
#2425=LINE('',#16221,#3692);
#2426=LINE('',#16222,#3693);
#2427=LINE('',#16229,#3694);
#2428=LINE('',#16230,#3695);
#2429=LINE('',#16231,#3696);
#2430=LINE('',#16232,#3697);
#2431=LINE('',#16234,#3698);
#2432=LINE('',#16235,#3699);
#2433=LINE('',#16236,#3700);
#2434=LINE('',#16237,#3701);
#2435=LINE('',#16239,#3702);
#2436=LINE('',#16240,#3703);
#2437=LINE('',#16241,#3704);
#2438=LINE('',#16242,#3705);
#2439=LINE('',#16244,#3706);
#2440=LINE('',#16245,#3707);
#2441=LINE('',#16246,#3708);
#2442=LINE('',#16247,#3709);
#2443=LINE('',#16255,#3710);
#2444=LINE('',#16257,#3711);
#2445=LINE('',#16259,#3712);
#2446=LINE('',#16260,#3713);
#2447=LINE('',#16265,#3714);
#2448=LINE('',#16269,#3715);
#2449=LINE('',#16271,#3716);
#2450=LINE('',#16272,#3717);
#2451=LINE('',#16277,#3718);
#2452=LINE('',#16280,#3719);
#2453=LINE('',#16281,#3720);
#2454=LINE('',#16284,#3721);
#2455=LINE('',#16286,#3722);
#2456=LINE('',#16287,#3723);
#2457=LINE('',#16292,#3724);
#2458=LINE('',#16296,#3725);
#2459=LINE('',#16298,#3726);
#2460=LINE('',#16299,#3727);
#2461=LINE('',#16304,#3728);
#2462=LINE('',#16308,#3729);
#2463=LINE('',#16310,#3730);
#2464=LINE('',#16311,#3731);
#2465=LINE('',#16313,#3732);
#2466=LINE('',#16314,#3733);
#2467=LINE('',#16320,#3734);
#2468=LINE('',#16322,#3735);
#2469=LINE('',#16324,#3736);
#2470=LINE('',#16325,#3737);
#2471=LINE('',#16330,#3738);
#2472=LINE('',#16334,#3739);
#2473=LINE('',#16336,#3740);
#2474=LINE('',#16337,#3741);
#2475=LINE('',#16342,#3742);
#2476=LINE('',#16345,#3743);
#2477=LINE('',#16346,#3744);
#2478=LINE('',#16349,#3745);
#2479=LINE('',#16351,#3746);
#2480=LINE('',#16352,#3747);
#2481=LINE('',#16357,#3748);
#2482=LINE('',#16361,#3749);
#2483=LINE('',#16363,#3750);
#2484=LINE('',#16364,#3751);
#2485=LINE('',#16369,#3752);
#2486=LINE('',#16373,#3753);
#2487=LINE('',#16375,#3754);
#2488=LINE('',#16376,#3755);
#2489=LINE('',#16378,#3756);
#2490=LINE('',#16379,#3757);
#2491=LINE('',#16385,#3758);
#2492=LINE('',#16387,#3759);
#2493=LINE('',#16389,#3760);
#2494=LINE('',#16390,#3761);
#2495=LINE('',#16393,#3762);
#2496=LINE('',#16395,#3763);
#2497=LINE('',#16396,#3764);
#2498=LINE('',#16399,#3765);
#2499=LINE('',#16401,#3766);
#2500=LINE('',#16402,#3767);
#2501=LINE('',#16407,#3768);
#2502=LINE('',#16411,#3769);
#2503=LINE('',#16413,#3770);
#2504=LINE('',#16414,#3771);
#2505=LINE('',#16419,#3772);
#2506=LINE('',#16422,#3773);
#2507=LINE('',#16423,#3774);
#2508=LINE('',#16426,#3775);
#2509=LINE('',#16428,#3776);
#2510=LINE('',#16429,#3777);
#2511=LINE('',#16434,#3778);
#2512=LINE('',#16438,#3779);
#2513=LINE('',#16440,#3780);
#2514=LINE('',#16441,#3781);
#2515=LINE('',#16450,#3782);
#2516=LINE('',#16452,#3783);
#2517=LINE('',#16454,#3784);
#2518=LINE('',#16455,#3785);
#2519=LINE('',#16458,#3786);
#2520=LINE('',#16460,#3787);
#2521=LINE('',#16461,#3788);
#2522=LINE('',#16464,#3789);
#2523=LINE('',#16466,#3790);
#2524=LINE('',#16467,#3791);
#2525=LINE('',#16472,#3792);
#2526=LINE('',#16476,#3793);
#2527=LINE('',#16478,#3794);
#2528=LINE('',#16479,#3795);
#2529=LINE('',#16484,#3796);
#2530=LINE('',#16487,#3797);
#2531=LINE('',#16488,#3798);
#2532=LINE('',#16491,#3799);
#2533=LINE('',#16493,#3800);
#2534=LINE('',#16494,#3801);
#2535=LINE('',#16499,#3802);
#2536=LINE('',#16503,#3803);
#2537=LINE('',#16505,#3804);
#2538=LINE('',#16506,#3805);
#2539=LINE('',#16516,#3806);
#2540=LINE('',#16518,#3807);
#2541=LINE('',#16519,#3808);
#2542=LINE('',#16523,#3809);
#2543=LINE('',#16525,#3810);
#2544=LINE('',#16526,#3811);
#2545=LINE('',#16528,#3812);
#2546=LINE('',#16529,#3813);
#2547=LINE('',#16531,#3814);
#2548=LINE('',#16536,#3815);
#2549=LINE('',#16538,#3816);
#2550=LINE('',#16540,#3817);
#2551=LINE('',#16541,#3818);
#2552=LINE('',#16545,#3819);
#2553=LINE('',#16547,#3820);
#2554=LINE('',#16549,#3821);
#2555=LINE('',#16550,#3822);
#2556=LINE('',#16554,#3823);
#2557=LINE('',#16556,#3824);
#2558=LINE('',#16558,#3825);
#2559=LINE('',#16559,#3826);
#2560=LINE('',#16562,#3827);
#2561=LINE('',#16564,#3828);
#2562=LINE('',#16565,#3829);
#2563=LINE('',#16571,#3830);
#2564=LINE('',#16573,#3831);
#2565=LINE('',#16574,#3832);
#2566=LINE('',#16577,#3833);
#2567=LINE('',#16579,#3834);
#2568=LINE('',#16580,#3835);
#2569=LINE('',#16583,#3836);
#2570=LINE('',#16585,#3837);
#2571=LINE('',#16586,#3838);
#2572=LINE('',#16590,#3839);
#2573=LINE('',#16592,#3840);
#2574=LINE('',#16594,#3841);
#2575=LINE('',#16595,#3842);
#2576=LINE('',#16599,#3843);
#2577=LINE('',#16601,#3844);
#2578=LINE('',#16602,#3845);
#2579=LINE('',#16624,#3846);
#2580=LINE('',#16626,#3847);
#2581=LINE('',#16627,#3848);
#2582=LINE('',#16629,#3849);
#2583=LINE('',#16630,#3850);
#2584=LINE('',#16632,#3851);
#2585=LINE('',#16633,#3852);
#2586=LINE('',#16639,#3853);
#2587=LINE('',#16641,#3854);
#2588=LINE('',#16643,#3855);
#2589=LINE('',#16644,#3856);
#2590=LINE('',#16648,#3857);
#2591=LINE('',#16650,#3858);
#2592=LINE('',#16652,#3859);
#2593=LINE('',#16653,#3860);
#2594=LINE('',#16657,#3861);
#2595=LINE('',#16659,#3862);
#2596=LINE('',#16661,#3863);
#2597=LINE('',#16662,#3864);
#2598=LINE('',#16665,#3865);
#2599=LINE('',#16667,#3866);
#2600=LINE('',#16668,#3867);
#2601=LINE('',#16672,#3868);
#2602=LINE('',#16676,#3869);
#2603=LINE('',#16677,#3870);
#2604=LINE('',#16680,#3871);
#2605=LINE('',#16682,#3872);
#2606=LINE('',#16683,#3873);
#2607=LINE('',#16686,#3874);
#2608=LINE('',#16688,#3875);
#2609=LINE('',#16689,#3876);
#2610=LINE('',#16693,#3877);
#2611=LINE('',#16695,#3878);
#2612=LINE('',#16697,#3879);
#2613=LINE('',#16698,#3880);
#2614=LINE('',#16701,#3881);
#2615=LINE('',#16703,#3882);
#2616=LINE('',#16704,#3883);
#2617=LINE('',#16727,#3884);
#2618=LINE('',#16729,#3885);
#2619=LINE('',#16730,#3886);
#2620=LINE('',#16732,#3887);
#2621=LINE('',#16733,#3888);
#2622=LINE('',#16735,#3889);
#2623=LINE('',#16736,#3890);
#2624=LINE('',#16742,#3891);
#2625=LINE('',#16744,#3892);
#2626=LINE('',#16746,#3893);
#2627=LINE('',#16747,#3894);
#2628=LINE('',#16751,#3895);
#2629=LINE('',#16753,#3896);
#2630=LINE('',#16755,#3897);
#2631=LINE('',#16756,#3898);
#2632=LINE('',#16759,#3899);
#2633=LINE('',#16761,#3900);
#2634=LINE('',#16762,#3901);
#2635=LINE('',#16766,#3902);
#2636=LINE('',#16767,#3903);
#2637=LINE('',#16768,#3904);
#2638=LINE('',#16771,#3905);
#2639=LINE('',#16773,#3906);
#2640=LINE('',#16775,#3907);
#2641=LINE('',#16777,#3908);
#2642=LINE('',#16780,#3909);
#2643=LINE('',#16800,#3910);
#2644=LINE('',#16802,#3911);
#2645=LINE('',#16805,#3912);
#2646=LINE('',#16807,#3913);
#2647=LINE('',#16808,#3914);
#2648=LINE('',#16810,#3915);
#2649=LINE('',#16812,#3916);
#2650=LINE('',#16815,#3917);
#2651=LINE('',#16817,#3918);
#2652=LINE('',#16818,#3919);
#2653=LINE('',#16841,#3920);
#2654=LINE('',#16844,#3921);
#2655=LINE('',#16846,#3922);
#2656=LINE('',#16847,#3923);
#2657=LINE('',#16851,#3924);
#2658=LINE('',#16852,#3925);
#2659=LINE('',#16853,#3926);
#2660=LINE('',#16855,#3927);
#2661=LINE('',#16856,#3928);
#2662=LINE('',#16859,#3929);
#2663=LINE('',#16861,#3930);
#2664=LINE('',#16862,#3931);
#2665=LINE('',#16866,#3932);
#2666=LINE('',#16868,#3933);
#2667=LINE('',#16869,#3934);
#2668=LINE('',#16874,#3935);
#2669=LINE('',#16876,#3936);
#2670=LINE('',#16878,#3937);
#2671=LINE('',#16879,#3938);
#2672=LINE('',#16882,#3939);
#2673=LINE('',#16884,#3940);
#2674=LINE('',#16885,#3941);
#2675=LINE('',#16889,#3942);
#2676=LINE('',#16891,#3943);
#2677=LINE('',#16893,#3944);
#2678=LINE('',#16894,#3945);
#2679=LINE('',#16897,#3946);
#2680=LINE('',#16905,#3947);
#2681=LINE('',#16907,#3948);
#2682=LINE('',#16913,#3949);
#2683=LINE('',#16915,#3950);
#2684=LINE('',#16917,#3951);
#2685=LINE('',#16918,#3952);
#2686=LINE('',#16921,#3953);
#2687=LINE('',#16923,#3954);
#2688=LINE('',#16924,#3955);
#2689=LINE('',#16927,#3956);
#2690=LINE('',#16929,#3957);
#2691=LINE('',#16930,#3958);
#2692=LINE('',#16932,#3959);
#2693=LINE('',#16933,#3960);
#2694=LINE('',#16939,#3961);
#2695=LINE('',#16941,#3962);
#2696=LINE('',#16943,#3963);
#2697=LINE('',#16944,#3964);
#2698=LINE('',#16947,#3965);
#2699=LINE('',#16949,#3966);
#2700=LINE('',#16950,#3967);
#2701=LINE('',#16953,#3968);
#2702=LINE('',#16955,#3969);
#2703=LINE('',#16956,#3970);
#2704=LINE('',#16958,#3971);
#2705=LINE('',#16959,#3972);
#2706=LINE('',#16965,#3973);
#2707=LINE('',#16967,#3974);
#2708=LINE('',#16969,#3975);
#2709=LINE('',#16970,#3976);
#2710=LINE('',#16973,#3977);
#2711=LINE('',#16975,#3978);
#2712=LINE('',#16976,#3979);
#2713=LINE('',#16979,#3980);
#2714=LINE('',#16981,#3981);
#2715=LINE('',#16982,#3982);
#2716=LINE('',#16984,#3983);
#2717=LINE('',#16985,#3984);
#2718=LINE('',#16991,#3985);
#2719=LINE('',#16993,#3986);
#2720=LINE('',#16995,#3987);
#2721=LINE('',#16996,#3988);
#2722=LINE('',#16999,#3989);
#2723=LINE('',#17001,#3990);
#2724=LINE('',#17002,#3991);
#2725=LINE('',#17005,#3992);
#2726=LINE('',#17007,#3993);
#2727=LINE('',#17008,#3994);
#2728=LINE('',#17010,#3995);
#2729=LINE('',#17011,#3996);
#2730=LINE('',#17017,#3997);
#2731=LINE('',#17019,#3998);
#2732=LINE('',#17021,#3999);
#2733=LINE('',#17022,#4000);
#2734=LINE('',#17025,#4001);
#2735=LINE('',#17027,#4002);
#2736=LINE('',#17028,#4003);
#2737=LINE('',#17031,#4004);
#2738=LINE('',#17033,#4005);
#2739=LINE('',#17034,#4006);
#2740=LINE('',#17036,#4007);
#2741=LINE('',#17037,#4008);
#2742=LINE('',#17043,#4009);
#2743=LINE('',#17045,#4010);
#2744=LINE('',#17047,#4011);
#2745=LINE('',#17048,#4012);
#2746=LINE('',#17051,#4013);
#2747=LINE('',#17053,#4014);
#2748=LINE('',#17054,#4015);
#2749=LINE('',#17057,#4016);
#2750=LINE('',#17059,#4017);
#2751=LINE('',#17060,#4018);
#2752=LINE('',#17062,#4019);
#2753=LINE('',#17063,#4020);
#2754=LINE('',#17069,#4021);
#2755=LINE('',#17071,#4022);
#2756=LINE('',#17073,#4023);
#2757=LINE('',#17074,#4024);
#2758=LINE('',#17077,#4025);
#2759=LINE('',#17079,#4026);
#2760=LINE('',#17080,#4027);
#2761=LINE('',#17083,#4028);
#2762=LINE('',#17085,#4029);
#2763=LINE('',#17086,#4030);
#2764=LINE('',#17088,#4031);
#2765=LINE('',#17089,#4032);
#2766=LINE('',#17095,#4033);
#2767=LINE('',#17097,#4034);
#2768=LINE('',#17099,#4035);
#2769=LINE('',#17100,#4036);
#2770=LINE('',#17103,#4037);
#2771=LINE('',#17105,#4038);
#2772=LINE('',#17106,#4039);
#2773=LINE('',#17109,#4040);
#2774=LINE('',#17111,#4041);
#2775=LINE('',#17112,#4042);
#2776=LINE('',#17114,#4043);
#2777=LINE('',#17115,#4044);
#2778=LINE('',#17121,#4045);
#2779=LINE('',#17123,#4046);
#2780=LINE('',#17125,#4047);
#2781=LINE('',#17126,#4048);
#2782=LINE('',#17129,#4049);
#2783=LINE('',#17131,#4050);
#2784=LINE('',#17132,#4051);
#2785=LINE('',#17135,#4052);
#2786=LINE('',#17137,#4053);
#2787=LINE('',#17138,#4054);
#2788=LINE('',#17140,#4055);
#2789=LINE('',#17141,#4056);
#2790=LINE('',#17148,#4057);
#2791=LINE('',#17155,#4058);
#2792=LINE('',#17161,#4059);
#2793=LINE('',#17169,#4060);
#2794=LINE('',#17176,#4061);
#2795=LINE('',#17181,#4062);
#2796=LINE('',#17183,#4063);
#2797=LINE('',#17185,#4064);
#2798=LINE('',#17186,#4065);
#2799=LINE('',#17190,#4066);
#2800=LINE('',#17191,#4067);
#2801=LINE('',#17192,#4068);
#2802=LINE('',#17195,#4069);
#2803=LINE('',#17196,#4070);
#2804=LINE('',#17199,#4071);
#2805=LINE('',#17200,#4072);
#2806=LINE('',#17202,#4073);
#2807=LINE('',#17209,#4074);
#2808=LINE('',#17211,#4075);
#2809=LINE('',#17213,#4076);
#2810=LINE('',#17214,#4077);
#2811=LINE('',#17218,#4078);
#2812=LINE('',#17219,#4079);
#2813=LINE('',#17220,#4080);
#2814=LINE('',#17223,#4081);
#2815=LINE('',#17225,#4082);
#2816=LINE('',#17226,#4083);
#2817=LINE('',#17230,#4084);
#2818=LINE('',#17232,#4085);
#2819=LINE('',#17234,#4086);
#2820=LINE('',#17235,#4087);
#2821=LINE('',#17238,#4088);
#2822=LINE('',#17240,#4089);
#2823=LINE('',#17241,#4090);
#2824=LINE('',#17243,#4091);
#2825=LINE('',#17246,#4092);
#2826=LINE('',#17248,#4093);
#2827=LINE('',#17249,#4094);
#2828=LINE('',#17251,#4095);
#2829=LINE('',#17255,#4096);
#2830=LINE('',#17256,#4097);
#2831=LINE('',#17258,#4098);
#2832=LINE('',#17260,#4099);
#2833=LINE('',#17261,#4100);
#2834=LINE('',#17262,#4101);
#2835=LINE('',#17265,#4102);
#2836=LINE('',#17267,#4103);
#2837=LINE('',#17268,#4104);
#2838=LINE('',#17271,#4105);
#2839=LINE('',#17272,#4106);
#2840=LINE('',#17275,#4107);
#2841=LINE('',#17276,#4108);
#2842=LINE('',#17278,#4109);
#2843=LINE('',#17284,#4110);
#2844=LINE('',#17286,#4111);
#2845=LINE('',#17288,#4112);
#2846=LINE('',#17289,#4113);
#2847=LINE('',#17293,#4114);
#2848=LINE('',#17294,#4115);
#2849=LINE('',#17295,#4116);
#2850=LINE('',#17298,#4117);
#2851=LINE('',#17300,#4118);
#2852=LINE('',#17301,#4119);
#2853=LINE('',#17305,#4120);
#2854=LINE('',#17307,#4121);
#2855=LINE('',#17309,#4122);
#2856=LINE('',#17310,#4123);
#2857=LINE('',#17313,#4124);
#2858=LINE('',#17315,#4125);
#2859=LINE('',#17316,#4126);
#2860=LINE('',#17318,#4127);
#2861=LINE('',#17321,#4128);
#2862=LINE('',#17323,#4129);
#2863=LINE('',#17324,#4130);
#2864=LINE('',#17326,#4131);
#2865=LINE('',#17330,#4132);
#2866=LINE('',#17331,#4133);
#2867=LINE('',#17333,#4134);
#2868=LINE('',#17335,#4135);
#2869=LINE('',#17336,#4136);
#2870=LINE('',#17337,#4137);
#2871=LINE('',#17340,#4138);
#2872=LINE('',#17342,#4139);
#2873=LINE('',#17343,#4140);
#2874=LINE('',#17346,#4141);
#2875=LINE('',#17347,#4142);
#2876=LINE('',#17350,#4143);
#2877=LINE('',#17351,#4144);
#2878=LINE('',#17353,#4145);
#2879=LINE('',#17359,#4146);
#2880=LINE('',#17361,#4147);
#2881=LINE('',#17363,#4148);
#2882=LINE('',#17364,#4149);
#2883=LINE('',#17367,#4150);
#2884=LINE('',#17369,#4151);
#2885=LINE('',#17370,#4152);
#2886=LINE('',#17374,#4153);
#2887=LINE('',#17376,#4154);
#2888=LINE('',#17378,#4155);
#2889=LINE('',#17379,#4156);
#2890=LINE('',#17381,#4157);
#2891=LINE('',#17382,#4158);
#2892=LINE('',#17385,#4159);
#2893=LINE('',#17387,#4160);
#2894=LINE('',#17389,#4161);
#2895=LINE('',#17390,#4162);
#2896=LINE('',#17393,#4163);
#2897=LINE('',#17395,#4164);
#2898=LINE('',#17397,#4165);
#2899=LINE('',#17398,#4166);
#2900=LINE('',#17401,#4167);
#2901=LINE('',#17403,#4168);
#2902=LINE('',#17405,#4169);
#2903=LINE('',#17406,#4170);
#2904=LINE('',#17409,#4171);
#2905=LINE('',#17410,#4172);
#2906=LINE('',#17412,#4173);
#2907=LINE('',#17417,#4174);
#2908=LINE('',#17418,#4175);
#2909=LINE('',#17419,#4176);
#2910=LINE('',#17422,#4177);
#2911=LINE('',#17424,#4178);
#2912=LINE('',#17425,#4179);
#2913=LINE('',#17429,#4180);
#2914=LINE('',#17431,#4181);
#2915=LINE('',#17432,#4182);
#2916=LINE('',#17434,#4183);
#2917=LINE('',#17436,#4184);
#2918=LINE('',#17437,#4185);
#2919=LINE('',#17440,#4186);
#2920=LINE('',#17442,#4187);
#2921=LINE('',#17443,#4188);
#2922=LINE('',#17446,#4189);
#2923=LINE('',#17448,#4190);
#2924=LINE('',#17449,#4191);
#2925=LINE('',#17452,#4192);
#2926=LINE('',#17453,#4193);
#2927=LINE('',#17456,#4194);
#2928=LINE('',#17457,#4195);
#2929=LINE('',#17460,#4196);
#2930=LINE('',#17462,#4197);
#2931=LINE('',#17463,#4198);
#2932=LINE('',#17466,#4199);
#2933=LINE('',#17468,#4200);
#2934=LINE('',#17469,#4201);
#2935=LINE('',#17472,#4202);
#2936=LINE('',#17473,#4203);
#2937=LINE('',#17475,#4204);
#2938=LINE('',#17478,#4205);
#2939=LINE('',#17480,#4206);
#2940=LINE('',#17482,#4207);
#2941=LINE('',#17484,#4208);
#2942=LINE('',#17485,#4209);
#2943=LINE('',#17487,#4210);
#2944=LINE('',#17489,#4211);
#2945=LINE('',#17491,#4212);
#2946=LINE('',#17493,#4213);
#2947=LINE('',#17497,#4214);
#2948=LINE('',#17499,#4215);
#2949=LINE('',#17501,#4216);
#2950=LINE('',#17503,#4217);
#2951=LINE('',#17505,#4218);
#2952=LINE('',#17507,#4219);
#2953=LINE('',#17509,#4220);
#2954=LINE('',#17511,#4221);
#2955=LINE('',#17513,#4222);
#2956=LINE('',#17515,#4223);
#2957=LINE('',#17517,#4224);
#2958=LINE('',#17518,#4225);
#2959=LINE('',#17521,#4226);
#2960=LINE('',#17522,#4227);
#2961=LINE('',#17524,#4228);
#2962=LINE('',#17526,#4229);
#2963=LINE('',#17527,#4230);
#2964=LINE('',#17528,#4231);
#2965=LINE('',#17532,#4232);
#2966=LINE('',#17534,#4233);
#2967=LINE('',#17535,#4234);
#2968=LINE('',#17537,#4235);
#2969=LINE('',#17539,#4236);
#2970=LINE('',#17544,#4237);
#2971=LINE('',#17546,#4238);
#2972=LINE('',#17547,#4239);
#2973=LINE('',#17549,#4240);
#2974=LINE('',#17551,#4241);
#2975=LINE('',#17554,#4242);
#2976=LINE('',#17556,#4243);
#2977=LINE('',#17557,#4244);
#2978=LINE('',#17561,#4245);
#2979=LINE('',#17563,#4246);
#2980=LINE('',#17564,#4247);
#2981=LINE('',#17568,#4248);
#2982=LINE('',#17570,#4249);
#2983=LINE('',#17572,#4250);
#2984=LINE('',#17574,#4251);
#2985=LINE('',#17576,#4252);
#2986=LINE('',#17578,#4253);
#2987=LINE('',#17579,#4254);
#2988=LINE('',#17581,#4255);
#2989=LINE('',#17583,#4256);
#2990=LINE('',#17585,#4257);
#2991=LINE('',#17586,#4258);
#2992=LINE('',#17590,#4259);
#2993=LINE('',#17592,#4260);
#2994=LINE('',#17594,#4261);
#2995=LINE('',#17596,#4262);
#2996=LINE('',#17598,#4263);
#2997=LINE('',#17600,#4264);
#2998=LINE('',#17602,#4265);
#2999=LINE('',#17603,#4266);
#3000=LINE('',#17605,#4267);
#3001=LINE('',#17606,#4268);
#3002=LINE('',#17608,#4269);
#3003=LINE('',#17610,#4270);
#3004=LINE('',#17612,#4271);
#3005=LINE('',#17614,#4272);
#3006=LINE('',#17616,#4273);
#3007=LINE('',#17618,#4274);
#3008=LINE('',#17620,#4275);
#3009=LINE('',#17622,#4276);
#3010=LINE('',#17624,#4277);
#3011=LINE('',#17626,#4278);
#3012=LINE('',#17628,#4279);
#3013=LINE('',#17630,#4280);
#3014=LINE('',#17631,#4281);
#3015=LINE('',#17634,#4282);
#3016=LINE('',#17635,#4283);
#3017=LINE('',#17639,#4284);
#3018=LINE('',#17640,#4285);
#3019=LINE('',#17641,#4286);
#3020=LINE('',#17643,#4287);
#3021=LINE('',#17644,#4288);
#3022=LINE('',#17648,#4289);
#3023=LINE('',#17649,#4290);
#3024=LINE('',#17651,#4291);
#3025=LINE('',#17652,#4292);
#3026=LINE('',#17653,#4293);
#3027=LINE('',#17656,#4294);
#3028=LINE('',#17658,#4295);
#3029=LINE('',#17660,#4296);
#3030=LINE('',#17662,#4297);
#3031=LINE('',#17664,#4298);
#3032=LINE('',#17665,#4299);
#3033=LINE('',#17667,#4300);
#3034=LINE('',#17671,#4301);
#3035=LINE('',#17672,#4302);
#3036=LINE('',#17674,#4303);
#3037=LINE('',#17676,#4304);
#3038=LINE('',#17678,#4305);
#3039=LINE('',#17679,#4306);
#3040=LINE('',#17681,#4307);
#3041=LINE('',#17683,#4308);
#3042=LINE('',#17684,#4309);
#3043=LINE('',#17687,#4310);
#3044=LINE('',#17689,#4311);
#3045=LINE('',#17694,#4312);
#3046=LINE('',#17696,#4313);
#3047=LINE('',#17697,#4314);
#3048=LINE('',#17700,#4315);
#3049=LINE('',#17701,#4316);
#3050=LINE('',#17703,#4317);
#3051=LINE('',#17707,#4318);
#3052=LINE('',#17708,#4319);
#3053=LINE('',#17710,#4320);
#3054=LINE('',#17712,#4321);
#3055=LINE('',#17713,#4322);
#3056=LINE('',#17715,#4323);
#3057=LINE('',#17717,#4324);
#3058=LINE('',#17718,#4325);
#3059=LINE('',#17720,#4326);
#3060=LINE('',#17722,#4327);
#3061=LINE('',#17723,#4328);
#3062=LINE('',#17725,#4329);
#3063=LINE('',#17726,#4330);
#3064=LINE('',#17728,#4331);
#3065=LINE('',#17729,#4332);
#3066=LINE('',#17730,#4333);
#3067=LINE('',#17732,#4334);
#3068=LINE('',#17733,#4335);
#3069=LINE('',#17735,#4336);
#3070=LINE('',#17740,#4337);
#3071=LINE('',#17742,#4338);
#3072=LINE('',#17744,#4339);
#3073=LINE('',#17745,#4340);
#3074=LINE('',#17748,#4341);
#3075=LINE('',#17750,#4342);
#3076=LINE('',#17752,#4343);
#3077=LINE('',#17753,#4344);
#3078=LINE('',#17755,#4345);
#3079=LINE('',#17758,#4346);
#3080=LINE('',#17760,#4347);
#3081=LINE('',#17762,#4348);
#3082=LINE('',#17763,#4349);
#3083=LINE('',#17766,#4350);
#3084=LINE('',#17768,#4351);
#3085=LINE('',#17770,#4352);
#3086=LINE('',#17771,#4353);
#3087=LINE('',#17774,#4354);
#3088=LINE('',#17776,#4355);
#3089=LINE('',#17778,#4356);
#3090=LINE('',#17779,#4357);
#3091=LINE('',#17781,#4358);
#3092=LINE('',#17784,#4359);
#3093=LINE('',#17786,#4360);
#3094=LINE('',#17788,#4361);
#3095=LINE('',#17789,#4362);
#3096=LINE('',#17791,#4363);
#3097=LINE('',#17794,#4364);
#3098=LINE('',#17796,#4365);
#3099=LINE('',#17798,#4366);
#3100=LINE('',#17799,#4367);
#3101=LINE('',#17801,#4368);
#3102=LINE('',#17804,#4369);
#3103=LINE('',#17806,#4370);
#3104=LINE('',#17808,#4371);
#3105=LINE('',#17809,#4372);
#3106=LINE('',#17811,#4373);
#3107=LINE('',#17813,#4374);
#3108=LINE('',#17818,#4375);
#3109=LINE('',#17820,#4376);
#3110=LINE('',#17821,#4377);
#3111=LINE('',#17822,#4378);
#3112=LINE('',#17825,#4379);
#3113=LINE('',#17827,#4380);
#3114=LINE('',#17829,#4381);
#3115=LINE('',#17832,#4382);
#3116=LINE('',#17834,#4383);
#3117=LINE('',#17836,#4384);
#3118=LINE('',#17838,#4385);
#3119=LINE('',#17840,#4386);
#3120=LINE('',#17843,#4387);
#3121=LINE('',#17846,#4388);
#3122=LINE('',#17849,#4389);
#3123=VECTOR('',#11961,1.25);
#3124=VECTOR('',#11968,0.5);
#3125=VECTOR('',#11975,0.5);
#3126=VECTOR('',#11982,0.5);
#3127=VECTOR('',#11989,0.5);
#3128=VECTOR('',#11996,0.249999999999999);
#3129=VECTOR('',#12003,0.25);
#3130=VECTOR('',#12010,0.25);
#3131=VECTOR('',#12017,0.25);
#3132=VECTOR('',#12024,0.196999999999998);
#3133=VECTOR('',#12031,0.197000000000001);
#3134=VECTOR('',#12038,0.249999999999999);
#3135=VECTOR('',#12045,0.25);
#3136=VECTOR('',#12052,0.249999999999999);
#3137=VECTOR('',#12059,0.249999999999999);
#3138=VECTOR('',#12066,0.25);
#3139=VECTOR('',#12073,0.249999999999999);
#3140=VECTOR('',#12080,0.249999999999999);
#3141=VECTOR('',#12087,0.250000000000001);
#3142=VECTOR('',#12094,0.241500000000001);
#3143=VECTOR('',#12101,0.196999999999998);
#3144=VECTOR('',#12108,0.249999999999999);
#3145=VECTOR('',#12115,0.249999999999999);
#3146=VECTOR('',#12122,0.197000000000001);
#3147=VECTOR('',#12129,0.25);
#3148=VECTOR('',#12136,0.5);
#3149=VECTOR('',#12143,0.5);
#3150=VECTOR('',#12150,0.5);
#3151=VECTOR('',#12157,0.499999999999998);
#3152=VECTOR('',#12164,1.25);
#3153=VECTOR('',#12169,10.);
#3154=VECTOR('',#12170,10.);
#3155=VECTOR('',#12171,10.);
#3156=VECTOR('',#12172,10.);
#3157=VECTOR('',#12179,10.);
#3158=VECTOR('',#12182,10.);
#3159=VECTOR('',#12183,10.);
#3160=VECTOR('',#12184,10.);
#3161=VECTOR('',#12191,10.);
#3162=VECTOR('',#12194,10.);
#3163=VECTOR('',#12195,10.);
#3164=VECTOR('',#12196,10.);
#3165=VECTOR('',#12203,10.);
#3166=VECTOR('',#12206,10.);
#3167=VECTOR('',#12207,10.);
#3168=VECTOR('',#12208,10.);
#3169=VECTOR('',#12223,0.0300000000000001);
#3170=VECTOR('',#12224,1.);
#3171=VECTOR('',#12225,0.0300000000000001);
#3172=VECTOR('',#12226,1.);
#3173=VECTOR('',#12233,1.);
#3174=VECTOR('',#12236,0.3);
#3175=VECTOR('',#12237,0.3);
#3176=VECTOR('',#12238,1.);
#3177=VECTOR('',#12245,1.);
#3178=VECTOR('',#12248,0.17);
#3179=VECTOR('',#12249,0.17);
#3180=VECTOR('',#12250,1.);
#3181=VECTOR('',#12253,0.15);
#3182=VECTOR('',#12254,0.15);
#3183=VECTOR('',#12255,1.);
#3184=VECTOR('',#12258,0.17);
#3185=VECTOR('',#12259,0.17);
#3186=VECTOR('',#12260,1.);
#3187=VECTOR('',#12267,1.);
#3188=VECTOR('',#12270,0.3);
#3189=VECTOR('',#12271,0.3);
#3190=VECTOR('',#12272,1.);
#3191=VECTOR('',#12279,1.);
#3192=VECTOR('',#12282,0.0300000000000001);
#3193=VECTOR('',#12283,0.0300000000000001);
#3194=VECTOR('',#12284,1.);
#3195=VECTOR('',#12287,1.);
#3196=VECTOR('',#12290,1.);
#3197=VECTOR('',#12293,1.);
#3198=VECTOR('',#12294,1.);
#3199=VECTOR('',#12295,1.);
#3200=VECTOR('',#12298,1.);
#3201=VECTOR('',#12299,1.);
#3202=VECTOR('',#12300,1.);
#3203=VECTOR('',#12303,0.0300000000000001);
#3204=VECTOR('',#12304,1.);
#3205=VECTOR('',#12305,0.0300000000000001);
#3206=VECTOR('',#12306,1.);
#3207=VECTOR('',#12313,1.);
#3208=VECTOR('',#12316,0.3);
#3209=VECTOR('',#12317,0.3);
#3210=VECTOR('',#12318,1.);
#3211=VECTOR('',#12325,1.);
#3212=VECTOR('',#12328,0.17);
#3213=VECTOR('',#12329,0.17);
#3214=VECTOR('',#12330,1.);
#3215=VECTOR('',#12333,0.15);
#3216=VECTOR('',#12334,0.15);
#3217=VECTOR('',#12335,1.);
#3218=VECTOR('',#12338,0.17);
#3219=VECTOR('',#12339,0.17);
#3220=VECTOR('',#12340,1.);
#3221=VECTOR('',#12347,1.);
#3222=VECTOR('',#12350,0.3);
#3223=VECTOR('',#12351,0.3);
#3224=VECTOR('',#12352,1.);
#3225=VECTOR('',#12359,1.);
#3226=VECTOR('',#12362,0.0300000000000001);
#3227=VECTOR('',#12363,0.0300000000000001);
#3228=VECTOR('',#12364,1.);
#3229=VECTOR('',#12367,1.);
#3230=VECTOR('',#12370,1.);
#3231=VECTOR('',#12373,1.);
#3232=VECTOR('',#12374,1.);
#3233=VECTOR('',#12375,1.);
#3234=VECTOR('',#12378,1.);
#3235=VECTOR('',#12379,1.);
#3236=VECTOR('',#12380,1.);
#3237=VECTOR('',#12383,1.);
#3238=VECTOR('',#12384,1.);
#3239=VECTOR('',#12385,1.);
#3240=VECTOR('',#12388,1.);
#3241=VECTOR('',#12389,1.);
#3242=VECTOR('',#12390,1.);
#3243=VECTOR('',#12391,1.);
#3244=VECTOR('',#12392,1.);
#3245=VECTOR('',#12395,1.);
#3246=VECTOR('',#12396,1.);
#3247=VECTOR('',#12399,1.);
#3248=VECTOR('',#12402,1.);
#3249=VECTOR('',#12403,1.);
#3250=VECTOR('',#12406,1.);
#3251=VECTOR('',#12407,1.);
#3252=VECTOR('',#12410,1.);
#3253=VECTOR('',#12417,1.);
#3254=VECTOR('',#12418,1.00000000000039);
#3255=VECTOR('',#12419,1.);
#3256=VECTOR('',#12420,1.00000000000045);
#3257=VECTOR('',#12421,1.);
#3258=VECTOR('',#12422,1.00000000000045);
#3259=VECTOR('',#12423,1.);
#3260=VECTOR('',#12424,1.00000000000039);
#3261=VECTOR('',#12425,1.);
#3262=VECTOR('',#12426,1.00000000000039);
#3263=VECTOR('',#12427,1.);
#3264=VECTOR('',#12428,1.00000000000039);
#3265=VECTOR('',#12431,1.);
#3266=VECTOR('',#12432,1.00000000000039);
#3267=VECTOR('',#12433,1.);
#3268=VECTOR('',#12434,1.00000000000039);
#3269=VECTOR('',#12435,1.);
#3270=VECTOR('',#12436,1.00000000000039);
#3271=VECTOR('',#12437,1.);
#3272=VECTOR('',#12438,1.00000000000039);
#3273=VECTOR('',#12439,1.);
#3274=VECTOR('',#12440,1.00000000000039);
#3275=VECTOR('',#12441,1.);
#3276=VECTOR('',#12442,1.00000000000039);
#3277=VECTOR('',#12443,1.);
#3278=VECTOR('',#12444,1.00000000000045);
#3279=VECTOR('',#12445,1.);
#3280=VECTOR('',#12446,1.00000000000045);
#3281=VECTOR('',#12449,1.);
#3282=VECTOR('',#12450,1.);
#3283=VECTOR('',#12451,1.);
#3284=VECTOR('',#12452,1.);
#3285=VECTOR('',#12455,1.);
#3286=VECTOR('',#12456,1.);
#3287=VECTOR('',#12459,1.00000000000045);
#3288=VECTOR('',#12460,1.);
#3289=VECTOR('',#12461,1.);
#3290=VECTOR('',#12462,1.);
#3291=VECTOR('',#12463,1.00000000000045);
#3292=VECTOR('',#12466,1.);
#3293=VECTOR('',#12467,1.00000000000045);
#3294=VECTOR('',#12470,1.00000000000045);
#3295=VECTOR('',#12471,1.);
#3296=VECTOR('',#12474,1.);
#3297=VECTOR('',#12475,1.);
#3298=VECTOR('',#12482,1.);
#3299=VECTOR('',#12483,1.);
#3300=VECTOR('',#12484,1.);
#3301=VECTOR('',#12485,1.);
#3302=VECTOR('',#12488,1.);
#3303=VECTOR('',#12489,1.);
#3304=VECTOR('',#12490,1.);
#3305=VECTOR('',#12493,1.);
#3306=VECTOR('',#12494,1.);
#3307=VECTOR('',#12495,1.);
#3308=VECTOR('',#12500,1.);
#3309=VECTOR('',#12505,1.);
#3310=VECTOR('',#12506,1.);
#3311=VECTOR('',#12507,1.);
#3312=VECTOR('',#12512,1.);
#3313=VECTOR('',#12517,1.);
#3314=VECTOR('',#12518,1.);
#3315=VECTOR('',#12521,1.);
#3316=VECTOR('',#12522,1.);
#3317=VECTOR('',#12523,1.);
#3318=VECTOR('',#12528,1.);
#3319=VECTOR('',#12533,1.);
#3320=VECTOR('',#12534,1.);
#3321=VECTOR('',#12535,1.);
#3322=VECTOR('',#12548,1.);
#3323=VECTOR('',#12549,1.);
#3324=VECTOR('',#12550,1.);
#3325=VECTOR('',#12551,1.);
#3326=VECTOR('',#12556,1.);
#3327=VECTOR('',#12561,1.);
#3328=VECTOR('',#12562,1.);
#3329=VECTOR('',#12563,1.);
#3330=VECTOR('',#12568,1.);
#3331=VECTOR('',#12573,1.);
#3332=VECTOR('',#12574,1.);
#3333=VECTOR('',#12577,1.);
#3334=VECTOR('',#12578,1.);
#3335=VECTOR('',#12579,1.);
#3336=VECTOR('',#12584,1.);
#3337=VECTOR('',#12589,1.);
#3338=VECTOR('',#12590,1.);
#3339=VECTOR('',#12591,1.);
#3340=VECTOR('',#12596,1.);
#3341=VECTOR('',#12601,1.);
#3342=VECTOR('',#12602,1.);
#3343=VECTOR('',#12603,1.);
#3344=VECTOR('',#12606,1.);
#3345=VECTOR('',#12607,1.);
#3346=VECTOR('',#12614,1.);
#3347=VECTOR('',#12615,1.);
#3348=VECTOR('',#12616,1.);
#3349=VECTOR('',#12617,1.);
#3350=VECTOR('',#12620,1.);
#3351=VECTOR('',#12621,1.);
#3352=VECTOR('',#12622,1.);
#3353=VECTOR('',#12625,1.);
#3354=VECTOR('',#12626,1.);
#3355=VECTOR('',#12627,1.);
#3356=VECTOR('',#12632,1.);
#3357=VECTOR('',#12637,1.);
#3358=VECTOR('',#12638,1.);
#3359=VECTOR('',#12639,1.);
#3360=VECTOR('',#12644,1.);
#3361=VECTOR('',#12649,1.);
#3362=VECTOR('',#12650,1.);
#3363=VECTOR('',#12653,1.);
#3364=VECTOR('',#12654,1.);
#3365=VECTOR('',#12655,1.);
#3366=VECTOR('',#12660,1.);
#3367=VECTOR('',#12665,1.);
#3368=VECTOR('',#12666,1.);
#3369=VECTOR('',#12667,1.);
#3370=VECTOR('',#12680,1.);
#3371=VECTOR('',#12681,1.);
#3372=VECTOR('',#12682,1.);
#3373=VECTOR('',#12683,1.);
#3374=VECTOR('',#12686,1.);
#3375=VECTOR('',#12687,1.);
#3376=VECTOR('',#12688,1.);
#3377=VECTOR('',#12691,1.);
#3378=VECTOR('',#12692,1.);
#3379=VECTOR('',#12693,1.);
#3380=VECTOR('',#12698,1.);
#3381=VECTOR('',#12703,1.);
#3382=VECTOR('',#12704,1.);
#3383=VECTOR('',#12705,1.);
#3384=VECTOR('',#12710,1.);
#3385=VECTOR('',#12715,1.);
#3386=VECTOR('',#12716,1.);
#3387=VECTOR('',#12719,1.);
#3388=VECTOR('',#12720,1.);
#3389=VECTOR('',#12721,1.);
#3390=VECTOR('',#12726,1.);
#3391=VECTOR('',#12731,1.);
#3392=VECTOR('',#12732,1.);
#3393=VECTOR('',#12733,1.);
#3394=VECTOR('',#12746,1.);
#3395=VECTOR('',#12747,1.);
#3396=VECTOR('',#12748,1.);
#3397=VECTOR('',#12749,1.);
#3398=VECTOR('',#12754,1.);
#3399=VECTOR('',#12759,1.);
#3400=VECTOR('',#12760,1.);
#3401=VECTOR('',#12761,1.);
#3402=VECTOR('',#12766,1.);
#3403=VECTOR('',#12771,1.);
#3404=VECTOR('',#12772,1.);
#3405=VECTOR('',#12775,1.);
#3406=VECTOR('',#12776,1.);
#3407=VECTOR('',#12777,1.);
#3408=VECTOR('',#12782,1.);
#3409=VECTOR('',#12787,1.);
#3410=VECTOR('',#12788,1.);
#3411=VECTOR('',#12789,1.);
#3412=VECTOR('',#12794,1.);
#3413=VECTOR('',#12799,1.);
#3414=VECTOR('',#12800,1.);
#3415=VECTOR('',#12801,1.);
#3416=VECTOR('',#12804,1.);
#3417=VECTOR('',#12805,1.);
#3418=VECTOR('',#12814,1.);
#3419=VECTOR('',#12815,1.);
#3420=VECTOR('',#12816,1.);
#3421=VECTOR('',#12817,1.);
#3422=VECTOR('',#12818,1.);
#3423=VECTOR('',#12819,1.);
#3424=VECTOR('',#12820,1.);
#3425=VECTOR('',#12821,1.);
#3426=VECTOR('',#12824,1.);
#3427=VECTOR('',#12825,1.);
#3428=VECTOR('',#12826,1.);
#3429=VECTOR('',#12829,1.);
#3430=VECTOR('',#12830,1.);
#3431=VECTOR('',#12831,1.);
#3432=VECTOR('',#12834,1.);
#3433=VECTOR('',#12837,1.);
#3434=VECTOR('',#12838,1.);
#3435=VECTOR('',#12839,1.);
#3436=VECTOR('',#12840,1.);
#3437=VECTOR('',#12845,1.);
#3438=VECTOR('',#12846,1.);
#3439=VECTOR('',#12847,1.);
#3440=VECTOR('',#12850,1.);
#3441=VECTOR('',#12851,1.);
#3442=VECTOR('',#12852,1.);
#3443=VECTOR('',#12853,1.);
#3444=VECTOR('',#12854,1.);
#3445=VECTOR('',#12855,1.);
#3446=VECTOR('',#12856,1.);
#3447=VECTOR('',#12857,1.);
#3448=VECTOR('',#12858,1.);
#3449=VECTOR('',#12859,1.);
#3450=VECTOR('',#12860,1.);
#3451=VECTOR('',#12861,1.);
#3452=VECTOR('',#12862,1.);
#3453=VECTOR('',#12863,1.);
#3454=VECTOR('',#12864,1.);
#3455=VECTOR('',#12865,1.);
#3456=VECTOR('',#12866,1.);
#3457=VECTOR('',#12867,1.);
#3458=VECTOR('',#12868,1.);
#3459=VECTOR('',#12869,1.);
#3460=VECTOR('',#12870,1.);
#3461=VECTOR('',#12871,1.);
#3462=VECTOR('',#12872,1.);
#3463=VECTOR('',#12873,1.);
#3464=VECTOR('',#12874,1.);
#3465=VECTOR('',#12877,1.);
#3466=VECTOR('',#12878,1.);
#3467=VECTOR('',#12879,1.);
#3468=VECTOR('',#12880,1.);
#3469=VECTOR('',#12881,1.);
#3470=VECTOR('',#12882,1.);
#3471=VECTOR('',#12883,1.);
#3472=VECTOR('',#12886,1.);
#3473=VECTOR('',#12887,1.);
#3474=VECTOR('',#12888,1.);
#3475=VECTOR('',#12891,1.);
#3476=VECTOR('',#12892,1.);
#3477=VECTOR('',#12893,1.);
#3478=VECTOR('',#12896,1.);
#3479=VECTOR('',#12897,1.);
#3480=VECTOR('',#12898,1.);
#3481=VECTOR('',#12901,1.);
#3482=VECTOR('',#12906,1.);
#3483=VECTOR('',#12907,1.);
#3484=VECTOR('',#12910,1.);
#3485=VECTOR('',#12911,1.);
#3486=VECTOR('',#12912,1.);
#3487=VECTOR('',#12913,1.);
#3488=VECTOR('',#12914,1.);
#3489=VECTOR('',#12915,1.);
#3490=VECTOR('',#12916,1.);
#3491=VECTOR('',#12919,1.);
#3492=VECTOR('',#12920,1.);
#3493=VECTOR('',#12921,1.);
#3494=VECTOR('',#12924,1.);
#3495=VECTOR('',#12925,1.);
#3496=VECTOR('',#12926,1.);
#3497=VECTOR('',#12929,1.);
#3498=VECTOR('',#12930,1.);
#3499=VECTOR('',#12935,1.);
#3500=VECTOR('',#12936,1.);
#3501=VECTOR('',#12939,1.);
#3502=VECTOR('',#12942,1.);
#3503=VECTOR('',#12943,1.);
#3504=VECTOR('',#12944,1.);
#3505=VECTOR('',#12945,1.);
#3506=VECTOR('',#12946,1.);
#3507=VECTOR('',#12947,1.);
#3508=VECTOR('',#12948,1.);
#3509=VECTOR('',#12951,1.);
#3510=VECTOR('',#12952,1.);
#3511=VECTOR('',#12953,1.);
#3512=VECTOR('',#12956,1.);
#3513=VECTOR('',#12957,1.);
#3514=VECTOR('',#12958,1.);
#3515=VECTOR('',#12961,1.);
#3516=VECTOR('',#12962,1.);
#3517=VECTOR('',#12963,1.);
#3518=VECTOR('',#12966,1.);
#3519=VECTOR('',#12971,1.);
#3520=VECTOR('',#12972,1.);
#3521=VECTOR('',#12973,1.);
#3522=VECTOR('',#12974,1.);
#3523=VECTOR('',#12975,1.);
#3524=VECTOR('',#12976,1.);
#3525=VECTOR('',#12977,1.);
#3526=VECTOR('',#12978,1.);
#3527=VECTOR('',#12979,1.);
#3528=VECTOR('',#12980,1.);
#3529=VECTOR('',#12981,1.);
#3530=VECTOR('',#12982,1.);
#3531=VECTOR('',#12983,1.);
#3532=VECTOR('',#12984,1.);
#3533=VECTOR('',#12985,1.);
#3534=VECTOR('',#12986,1.);
#3535=VECTOR('',#12987,1.);
#3536=VECTOR('',#12990,1.);
#3537=VECTOR('',#12993,1.);
#3538=VECTOR('',#12994,1.);
#3539=VECTOR('',#12995,1.);
#3540=VECTOR('',#12996,1.);
#3541=VECTOR('',#12997,1.);
#3542=VECTOR('',#13000,1.);
#3543=VECTOR('',#13001,1.);
#3544=VECTOR('',#13004,1.);
#3545=VECTOR('',#13005,1.);
#3546=VECTOR('',#13008,1.);
#3547=VECTOR('',#13009,1.);
#3548=VECTOR('',#13012,1.);
#3549=VECTOR('',#13013,1.);
#3550=VECTOR('',#13016,1.);
#3551=VECTOR('',#13017,1.);
#3552=VECTOR('',#13022,1.);
#3553=VECTOR('',#13025,1.);
#3554=VECTOR('',#13026,1.);
#3555=VECTOR('',#13027,1.);
#3556=VECTOR('',#13028,1.);
#3557=VECTOR('',#13029,1.);
#3558=VECTOR('',#13032,1.);
#3559=VECTOR('',#13033,1.);
#3560=VECTOR('',#13036,1.);
#3561=VECTOR('',#13037,1.);
#3562=VECTOR('',#13040,1.);
#3563=VECTOR('',#13041,1.);
#3564=VECTOR('',#13042,1.);
#3565=VECTOR('',#13045,1.);
#3566=VECTOR('',#13046,1.);
#3567=VECTOR('',#13053,1.);
#3568=VECTOR('',#13054,1.);
#3569=VECTOR('',#13055,1.);
#3570=VECTOR('',#13056,1.);
#3571=VECTOR('',#13057,1.);
#3572=VECTOR('',#13058,1.);
#3573=VECTOR('',#13061,1.);
#3574=VECTOR('',#13062,1.);
#3575=VECTOR('',#13065,1.);
#3576=VECTOR('',#13066,1.);
#3577=VECTOR('',#13069,1.);
#3578=VECTOR('',#13070,1.);
#3579=VECTOR('',#13073,1.);
#3580=VECTOR('',#13074,1.);
#3581=VECTOR('',#13077,1.);
#3582=VECTOR('',#13078,1.);
#3583=VECTOR('',#13083,1.);
#3584=VECTOR('',#13088,1.);
#3585=VECTOR('',#13089,1.);
#3586=VECTOR('',#13090,1.);
#3587=VECTOR('',#13091,1.);
#3588=VECTOR('',#13092,1.);
#3589=VECTOR('',#13095,1.);
#3590=VECTOR('',#13096,1.);
#3591=VECTOR('',#13099,1.);
#3592=VECTOR('',#13100,1.);
#3593=VECTOR('',#13103,1.);
#3594=VECTOR('',#13104,1.);
#3595=VECTOR('',#13107,1.);
#3596=VECTOR('',#13108,1.);
#3597=VECTOR('',#13111,1.);
#3598=VECTOR('',#13120,0.0900000000000001);
#3599=VECTOR('',#13121,0.22);
#3600=VECTOR('',#13122,0.0900000000000001);
#3601=VECTOR('',#13125,0.18);
#3602=VECTOR('',#13128,0.015);
#3603=VECTOR('',#13129,0.22);
#3604=VECTOR('',#13130,0.015);
#3605=VECTOR('',#13133,0.18);
#3606=VECTOR('',#13138,0.3);
#3607=VECTOR('',#13139,0.22);
#3608=VECTOR('',#13140,0.3);
#3609=VECTOR('',#13143,0.0900000000000001);
#3610=VECTOR('',#13144,0.3);
#3611=VECTOR('',#13149,0.3);
#3612=VECTOR('',#13152,0.18);
#3613=VECTOR('',#13153,0.3);
#3614=VECTOR('',#13158,0.3);
#3615=VECTOR('',#13161,0.015);
#3616=VECTOR('',#13162,0.3);
#3617=VECTOR('',#13165,0.3);
#3618=VECTOR('',#13166,0.015);
#3619=VECTOR('',#13167,0.3);
#3620=VECTOR('',#13172,0.3);
#3621=VECTOR('',#13175,0.18);
#3622=VECTOR('',#13176,0.3);
#3623=VECTOR('',#13181,0.3);
#3624=VECTOR('',#13184,0.0900000000000001);
#3625=VECTOR('',#13187,0.22);
#3626=VECTOR('',#13190,0.35);
#3627=VECTOR('',#13191,0.22);
#3628=VECTOR('',#13192,0.35);
#3629=VECTOR('',#13195,0.35);
#3630=VECTOR('',#13196,0.22);
#3631=VECTOR('',#13197,0.35);
#3632=VECTOR('',#13200,0.22);
#3633=VECTOR('',#13201,0.35);
#3634=VECTOR('',#13202,0.22);
#3635=VECTOR('',#13203,0.35);
#3636=VECTOR('',#13206,0.22);
#3637=VECTOR('',#13207,0.2);
#3638=VECTOR('',#13208,0.22);
#3639=VECTOR('',#13209,0.2);
#3640=VECTOR('',#13212,0.22);
#3641=VECTOR('',#13213,0.2);
#3642=VECTOR('',#13214,0.22);
#3643=VECTOR('',#13215,0.2);
#3644=VECTOR('',#13218,0.2);
#3645=VECTOR('',#13219,0.22);
#3646=VECTOR('',#13220,0.2);
#3647=VECTOR('',#13221,0.22);
#3648=VECTOR('',#13224,0.35);
#3649=VECTOR('',#13225,0.22);
#3650=VECTOR('',#13226,0.35);
#3651=VECTOR('',#13227,0.22);
#3652=VECTOR('',#13230,0.22);
#3653=VECTOR('',#13231,1.25);
#3654=VECTOR('',#13232,1.25);
#3655=VECTOR('',#13235,1.25);
#3656=VECTOR('',#13236,1.25);
#3657=VECTOR('',#13239,0.2);
#3658=VECTOR('',#13240,0.22);
#3659=VECTOR('',#13241,0.2);
#3660=VECTOR('',#13244,1.865991494662);
#3661=VECTOR('',#13245,1.115991494662);
#3662=VECTOR('',#13246,1.865991494662);
#3663=VECTOR('',#13247,1.115991494662);
#3664=VECTOR('',#13250,1.115991494662);
#3665=VECTOR('',#13251,1.865991494662);
#3666=VECTOR('',#13252,1.115991494662);
#3667=VECTOR('',#13253,1.865991494662);
#3668=VECTOR('',#13256,0.0900000000000001);
#3669=VECTOR('',#13257,0.3);
#3670=VECTOR('',#13258,0.0900000000000001);
#3671=VECTOR('',#13259,0.3);
#3672=VECTOR('',#13262,0.22);
#3673=VECTOR('',#13263,0.3);
#3674=VECTOR('',#13264,0.22);
#3675=VECTOR('',#13267,0.0900000000000001);
#3676=VECTOR('',#13268,0.3);
#3677=VECTOR('',#13269,0.0900000000000001);
#3678=VECTOR('',#13274,0.3);
#3679=VECTOR('',#13279,0.18);
#3680=VECTOR('',#13280,0.3);
#3681=VECTOR('',#13281,0.18);
#3682=VECTOR('',#13286,0.3);
#3683=VECTOR('',#13291,0.015);
#3684=VECTOR('',#13292,0.3);
#3685=VECTOR('',#13293,0.015);
#3686=VECTOR('',#13296,0.015);
#3687=VECTOR('',#13297,0.3);
#3688=VECTOR('',#13298,0.015);
#3689=VECTOR('',#13299,0.3);
#3690=VECTOR('',#13304,0.3);
#3691=VECTOR('',#13309,0.18);
#3692=VECTOR('',#13310,0.3);
#3693=VECTOR('',#13311,0.18);
#3694=VECTOR('',#13324,0.391636489300298);
#3695=VECTOR('',#13325,0.391636489300298);
#3696=VECTOR('',#13326,0.3);
#3697=VECTOR('',#13327,0.3);
#3698=VECTOR('',#13330,0.411070723539712);
#3699=VECTOR('',#13331,0.3);
#3700=VECTOR('',#13332,0.3);
#3701=VECTOR('',#13333,0.411070723539712);
#3702=VECTOR('',#13336,0.391636489300298);
#3703=VECTOR('',#13337,0.3);
#3704=VECTOR('',#13338,0.3);
#3705=VECTOR('',#13339,0.391636489300298);
#3706=VECTOR('',#13342,0.411070723539712);
#3707=VECTOR('',#13343,0.411070723539712);
#3708=VECTOR('',#13344,0.3);
#3709=VECTOR('',#13345,0.3);
#3710=VECTOR('',#13356,0.0900000000000001);
#3711=VECTOR('',#13357,0.3);
#3712=VECTOR('',#13358,0.0900000000000001);
#3713=VECTOR('',#13359,0.3);
#3714=VECTOR('',#13364,0.3);
#3715=VECTOR('',#13369,0.18);
#3716=VECTOR('',#13370,0.3);
#3717=VECTOR('',#13371,0.18);
#3718=VECTOR('',#13376,0.3);
#3719=VECTOR('',#13381,0.015);
#3720=VECTOR('',#13382,0.015);
#3721=VECTOR('',#13385,0.015);
#3722=VECTOR('',#13386,0.3);
#3723=VECTOR('',#13387,0.015);
#3724=VECTOR('',#13392,0.3);
#3725=VECTOR('',#13397,0.18);
#3726=VECTOR('',#13398,0.3);
#3727=VECTOR('',#13399,0.18);
#3728=VECTOR('',#13404,0.3);
#3729=VECTOR('',#13409,0.0900000000000001);
#3730=VECTOR('',#13410,0.3);
#3731=VECTOR('',#13411,0.0900000000000001);
#3732=VECTOR('',#13414,0.22);
#3733=VECTOR('',#13415,0.22);
#3734=VECTOR('',#13422,0.0900000000000001);
#3735=VECTOR('',#13423,0.3);
#3736=VECTOR('',#13424,0.0900000000000001);
#3737=VECTOR('',#13425,0.3);
#3738=VECTOR('',#13430,0.3);
#3739=VECTOR('',#13435,0.18);
#3740=VECTOR('',#13436,0.3);
#3741=VECTOR('',#13437,0.18);
#3742=VECTOR('',#13442,0.3);
#3743=VECTOR('',#13447,0.015);
#3744=VECTOR('',#13448,0.015);
#3745=VECTOR('',#13451,0.015);
#3746=VECTOR('',#13452,0.3);
#3747=VECTOR('',#13453,0.015);
#3748=VECTOR('',#13458,0.3);
#3749=VECTOR('',#13463,0.18);
#3750=VECTOR('',#13464,0.3);
#3751=VECTOR('',#13465,0.18);
#3752=VECTOR('',#13470,0.3);
#3753=VECTOR('',#13475,0.0900000000000001);
#3754=VECTOR('',#13476,0.3);
#3755=VECTOR('',#13477,0.0900000000000001);
#3756=VECTOR('',#13480,0.22);
#3757=VECTOR('',#13481,0.22);
#3758=VECTOR('',#13488,0.0900000000000001);
#3759=VECTOR('',#13489,0.3);
#3760=VECTOR('',#13490,0.0900000000000001);
#3761=VECTOR('',#13491,0.3);
#3762=VECTOR('',#13494,0.22);
#3763=VECTOR('',#13495,0.3);
#3764=VECTOR('',#13496,0.22);
#3765=VECTOR('',#13499,0.0900000000000001);
#3766=VECTOR('',#13500,0.3);
#3767=VECTOR('',#13501,0.0900000000000001);
#3768=VECTOR('',#13506,0.3);
#3769=VECTOR('',#13511,0.18);
#3770=VECTOR('',#13512,0.3);
#3771=VECTOR('',#13513,0.18);
#3772=VECTOR('',#13518,0.3);
#3773=VECTOR('',#13523,0.015);
#3774=VECTOR('',#13524,0.015);
#3775=VECTOR('',#13527,0.015);
#3776=VECTOR('',#13528,0.3);
#3777=VECTOR('',#13529,0.015);
#3778=VECTOR('',#13534,0.3);
#3779=VECTOR('',#13539,0.18);
#3780=VECTOR('',#13540,0.3);
#3781=VECTOR('',#13541,0.18);
#3782=VECTOR('',#13554,0.0900000000000001);
#3783=VECTOR('',#13555,0.3);
#3784=VECTOR('',#13556,0.0900000000000001);
#3785=VECTOR('',#13557,0.3);
#3786=VECTOR('',#13560,0.22);
#3787=VECTOR('',#13561,0.3);
#3788=VECTOR('',#13562,0.22);
#3789=VECTOR('',#13565,0.0900000000000001);
#3790=VECTOR('',#13566,0.3);
#3791=VECTOR('',#13567,0.0900000000000001);
#3792=VECTOR('',#13572,0.3);
#3793=VECTOR('',#13577,0.18);
#3794=VECTOR('',#13578,0.3);
#3795=VECTOR('',#13579,0.18);
#3796=VECTOR('',#13584,0.3);
#3797=VECTOR('',#13589,0.015);
#3798=VECTOR('',#13590,0.015);
#3799=VECTOR('',#13593,0.015);
#3800=VECTOR('',#13594,0.3);
#3801=VECTOR('',#13595,0.015);
#3802=VECTOR('',#13600,0.3);
#3803=VECTOR('',#13605,0.18);
#3804=VECTOR('',#13606,0.3);
#3805=VECTOR('',#13607,0.18);
#3806=VECTOR('',#13622,10.);
#3807=VECTOR('',#13623,10.);
#3808=VECTOR('',#13624,10.);
#3809=VECTOR('',#13627,10.);
#3810=VECTOR('',#13628,10.);
#3811=VECTOR('',#13629,10.);
#3812=VECTOR('',#13632,10.);
#3813=VECTOR('',#13633,10.);
#3814=VECTOR('',#13636,10.);
#3815=VECTOR('',#13641,10.);
#3816=VECTOR('',#13642,10.);
#3817=VECTOR('',#13643,10.);
#3818=VECTOR('',#13644,10.);
#3819=VECTOR('',#13647,10.);
#3820=VECTOR('',#13648,10.);
#3821=VECTOR('',#13649,10.);
#3822=VECTOR('',#13650,10.);
#3823=VECTOR('',#13653,10.);
#3824=VECTOR('',#13654,10.);
#3825=VECTOR('',#13655,10.);
#3826=VECTOR('',#13656,10.);
#3827=VECTOR('',#13659,10.);
#3828=VECTOR('',#13660,10.);
#3829=VECTOR('',#13661,10.);
#3830=VECTOR('',#13668,10.);
#3831=VECTOR('',#13671,10.);
#3832=VECTOR('',#13672,10.);
#3833=VECTOR('',#13675,10.);
#3834=VECTOR('',#13676,10.);
#3835=VECTOR('',#13677,10.);
#3836=VECTOR('',#13680,10.);
#3837=VECTOR('',#13681,10.);
#3838=VECTOR('',#13682,10.);
#3839=VECTOR('',#13685,10.);
#3840=VECTOR('',#13686,10.);
#3841=VECTOR('',#13687,10.);
#3842=VECTOR('',#13688,10.);
#3843=VECTOR('',#13693,10.);
#3844=VECTOR('',#13694,10.);
#3845=VECTOR('',#13695,10.);
#3846=VECTOR('',#13700,10.);
#3847=VECTOR('',#13701,10.);
#3848=VECTOR('',#13702,10.);
#3849=VECTOR('',#13705,10.);
#3850=VECTOR('',#13706,10.);
#3851=VECTOR('',#13709,10.);
#3852=VECTOR('',#13710,10.);
#3853=VECTOR('',#13717,10.);
#3854=VECTOR('',#13718,10.);
#3855=VECTOR('',#13719,10.);
#3856=VECTOR('',#13720,10.);
#3857=VECTOR('',#13723,10.);
#3858=VECTOR('',#13724,10.);
#3859=VECTOR('',#13725,10.);
#3860=VECTOR('',#13726,10.);
#3861=VECTOR('',#13729,10.);
#3862=VECTOR('',#13730,10.);
#3863=VECTOR('',#13731,10.);
#3864=VECTOR('',#13732,10.);
#3865=VECTOR('',#13735,10.);
#3866=VECTOR('',#13736,10.);
#3867=VECTOR('',#13737,10.);
#3868=VECTOR('',#13740,10.);
#3869=VECTOR('',#13747,10.);
#3870=VECTOR('',#13748,10.);
#3871=VECTOR('',#13751,10.);
#3872=VECTOR('',#13752,10.);
#3873=VECTOR('',#13753,10.);
#3874=VECTOR('',#13756,10.);
#3875=VECTOR('',#13757,10.);
#3876=VECTOR('',#13758,10.);
#3877=VECTOR('',#13761,10.);
#3878=VECTOR('',#13762,10.);
#3879=VECTOR('',#13763,10.);
#3880=VECTOR('',#13764,10.);
#3881=VECTOR('',#13767,10.);
#3882=VECTOR('',#13768,10.);
#3883=VECTOR('',#13769,10.);
#3884=VECTOR('',#13776,10.);
#3885=VECTOR('',#13777,10.);
#3886=VECTOR('',#13778,10.);
#3887=VECTOR('',#13781,10.);
#3888=VECTOR('',#13782,10.);
#3889=VECTOR('',#13785,10.);
#3890=VECTOR('',#13786,10.);
#3891=VECTOR('',#13793,10.);
#3892=VECTOR('',#13794,10.);
#3893=VECTOR('',#13795,10.);
#3894=VECTOR('',#13796,10.);
#3895=VECTOR('',#13799,10.);
#3896=VECTOR('',#13800,10.);
#3897=VECTOR('',#13801,10.);
#3898=VECTOR('',#13802,10.);
#3899=VECTOR('',#13805,10.);
#3900=VECTOR('',#13806,10.);
#3901=VECTOR('',#13807,10.);
#3902=VECTOR('',#13810,10.);
#3903=VECTOR('',#13811,10.);
#3904=VECTOR('',#13812,10.);
#3905=VECTOR('',#13815,10.);
#3906=VECTOR('',#13816,10.);
#3907=VECTOR('',#13817,10.);
#3908=VECTOR('',#13818,10.);
#3909=VECTOR('',#13821,10.);
#3910=VECTOR('',#13822,10.);
#3911=VECTOR('',#13823,10.);
#3912=VECTOR('',#13828,10.);
#3913=VECTOR('',#13829,10.);
#3914=VECTOR('',#13830,10.);
#3915=VECTOR('',#13833,10.);
#3916=VECTOR('',#13836,10.);
#3917=VECTOR('',#13839,10.);
#3918=VECTOR('',#13840,10.);
#3919=VECTOR('',#13841,10.);
#3920=VECTOR('',#13844,10.);
#3921=VECTOR('',#13847,10.);
#3922=VECTOR('',#13850,10.);
#3923=VECTOR('',#13851,10.);
#3924=VECTOR('',#13854,10.);
#3925=VECTOR('',#13855,10.);
#3926=VECTOR('',#13856,10.);
#3927=VECTOR('',#13859,10.);
#3928=VECTOR('',#13860,10.);
#3929=VECTOR('',#13863,10.);
#3930=VECTOR('',#13864,10.);
#3931=VECTOR('',#13865,10.);
#3932=VECTOR('',#13870,10.);
#3933=VECTOR('',#13871,10.);
#3934=VECTOR('',#13872,10.);
#3935=VECTOR('',#13877,10.);
#3936=VECTOR('',#13878,10.);
#3937=VECTOR('',#13879,10.);
#3938=VECTOR('',#13880,10.);
#3939=VECTOR('',#13883,9.99999999999999);
#3940=VECTOR('',#13884,10.);
#3941=VECTOR('',#13885,10.);
#3942=VECTOR('',#13888,10.);
#3943=VECTOR('',#13889,10.);
#3944=VECTOR('',#13890,10.);
#3945=VECTOR('',#13891,10.);
#3946=VECTOR('',#13894,9.99999999999999);
#3947=VECTOR('',#13907,9.99999999999999);
#3948=VECTOR('',#13910,10.);
#3949=VECTOR('',#13917,0.6096);
#3950=VECTOR('',#13918,0.0508);
#3951=VECTOR('',#13919,0.6096);
#3952=VECTOR('',#13920,0.0508);
#3953=VECTOR('',#13923,0.8382);
#3954=VECTOR('',#13924,0.0508);
#3955=VECTOR('',#13925,0.8382);
#3956=VECTOR('',#13928,0.6096);
#3957=VECTOR('',#13929,0.0508);
#3958=VECTOR('',#13930,0.6096);
#3959=VECTOR('',#13933,0.8382);
#3960=VECTOR('',#13934,0.8382);
#3961=VECTOR('',#13941,0.6096);
#3962=VECTOR('',#13942,0.0508);
#3963=VECTOR('',#13943,0.6096);
#3964=VECTOR('',#13944,0.0508);
#3965=VECTOR('',#13947,0.8382);
#3966=VECTOR('',#13948,0.0508);
#3967=VECTOR('',#13949,0.8382);
#3968=VECTOR('',#13952,0.6096);
#3969=VECTOR('',#13953,0.0508);
#3970=VECTOR('',#13954,0.6096);
#3971=VECTOR('',#13957,0.8382);
#3972=VECTOR('',#13958,0.8382);
#3973=VECTOR('',#13965,0.6096);
#3974=VECTOR('',#13966,0.0508);
#3975=VECTOR('',#13967,0.6096);
#3976=VECTOR('',#13968,0.0508);
#3977=VECTOR('',#13971,0.8382);
#3978=VECTOR('',#13972,0.0508);
#3979=VECTOR('',#13973,0.8382);
#3980=VECTOR('',#13976,0.6096);
#3981=VECTOR('',#13977,0.0508);
#3982=VECTOR('',#13978,0.6096);
#3983=VECTOR('',#13981,0.8382);
#3984=VECTOR('',#13982,0.8382);
#3985=VECTOR('',#13989,0.8382);
#3986=VECTOR('',#13990,0.0508);
#3987=VECTOR('',#13991,0.8382);
#3988=VECTOR('',#13992,0.0508);
#3989=VECTOR('',#13995,0.6096);
#3990=VECTOR('',#13996,0.0508);
#3991=VECTOR('',#13997,0.6096);
#3992=VECTOR('',#14000,0.8382);
#3993=VECTOR('',#14001,0.0508);
#3994=VECTOR('',#14002,0.8382);
#3995=VECTOR('',#14005,0.6096);
#3996=VECTOR('',#14006,0.6096);
#3997=VECTOR('',#14013,0.6096);
#3998=VECTOR('',#14014,0.0508);
#3999=VECTOR('',#14015,0.6096);
#4000=VECTOR('',#14016,0.0508);
#4001=VECTOR('',#14019,0.8382);
#4002=VECTOR('',#14020,0.0508);
#4003=VECTOR('',#14021,0.8382);
#4004=VECTOR('',#14024,0.6096);
#4005=VECTOR('',#14025,0.0508);
#4006=VECTOR('',#14026,0.6096);
#4007=VECTOR('',#14029,0.8382);
#4008=VECTOR('',#14030,0.8382);
#4009=VECTOR('',#14037,0.6096);
#4010=VECTOR('',#14038,0.0508);
#4011=VECTOR('',#14039,0.6096);
#4012=VECTOR('',#14040,0.0508);
#4013=VECTOR('',#14043,0.8382);
#4014=VECTOR('',#14044,0.0508);
#4015=VECTOR('',#14045,0.8382);
#4016=VECTOR('',#14048,0.6096);
#4017=VECTOR('',#14049,0.0508);
#4018=VECTOR('',#14050,0.6096);
#4019=VECTOR('',#14053,0.8382);
#4020=VECTOR('',#14054,0.8382);
#4021=VECTOR('',#14061,0.6096);
#4022=VECTOR('',#14062,0.0508);
#4023=VECTOR('',#14063,0.6096);
#4024=VECTOR('',#14064,0.0508);
#4025=VECTOR('',#14067,0.8382);
#4026=VECTOR('',#14068,0.0508);
#4027=VECTOR('',#14069,0.8382);
#4028=VECTOR('',#14072,0.6096);
#4029=VECTOR('',#14073,0.0508);
#4030=VECTOR('',#14074,0.6096);
#4031=VECTOR('',#14077,0.8382);
#4032=VECTOR('',#14078,0.8382);
#4033=VECTOR('',#14085,0.8382);
#4034=VECTOR('',#14086,0.0508);
#4035=VECTOR('',#14087,0.8382);
#4036=VECTOR('',#14088,0.0508);
#4037=VECTOR('',#14091,0.6096);
#4038=VECTOR('',#14092,0.0508);
#4039=VECTOR('',#14093,0.6096);
#4040=VECTOR('',#14096,0.8382);
#4041=VECTOR('',#14097,0.0508);
#4042=VECTOR('',#14098,0.8382);
#4043=VECTOR('',#14101,0.6096);
#4044=VECTOR('',#14102,0.6096);
#4045=VECTOR('',#14109,1.0668);
#4046=VECTOR('',#14110,0.0508);
#4047=VECTOR('',#14111,1.0668);
#4048=VECTOR('',#14112,0.0508);
#4049=VECTOR('',#14115,1.0668);
#4050=VECTOR('',#14116,0.0508);
#4051=VECTOR('',#14117,1.0668);
#4052=VECTOR('',#14120,1.0668);
#4053=VECTOR('',#14121,0.0508);
#4054=VECTOR('',#14122,1.0668);
#4055=VECTOR('',#14125,1.0668);
#4056=VECTOR('',#14126,1.0668);
#4057=VECTOR('',#14135,0.1);
#4058=VECTOR('',#14144,1.1);
#4059=VECTOR('',#14151,1.525);
#4060=VECTOR('',#14162,1.275);
#4061=VECTOR('',#14171,1.5);
#4062=VECTOR('',#14176,10.);
#4063=VECTOR('',#14177,10.);
#4064=VECTOR('',#14178,10.);
#4065=VECTOR('',#14179,10.);
#4066=VECTOR('',#14182,10.);
#4067=VECTOR('',#14183,10.);
#4068=VECTOR('',#14184,10.);
#4069=VECTOR('',#14187,10.);
#4070=VECTOR('',#14188,10.);
#4071=VECTOR('',#14191,10.);
#4072=VECTOR('',#14192,10.);
#4073=VECTOR('',#14195,10.);
#4074=VECTOR('',#14204,1.);
#4075=VECTOR('',#14205,1.);
#4076=VECTOR('',#14206,1.);
#4077=VECTOR('',#14207,1.);
#4078=VECTOR('',#14210,1.);
#4079=VECTOR('',#14211,1.);
#4080=VECTOR('',#14212,1.);
#4081=VECTOR('',#14215,1.);
#4082=VECTOR('',#14216,1.);
#4083=VECTOR('',#14217,1.);
#4084=VECTOR('',#14220,1.);
#4085=VECTOR('',#14221,1.);
#4086=VECTOR('',#14222,1.);
#4087=VECTOR('',#14223,1.);
#4088=VECTOR('',#14226,1.);
#4089=VECTOR('',#14227,1.);
#4090=VECTOR('',#14228,1.);
#4091=VECTOR('',#14231,1.);
#4092=VECTOR('',#14234,1.);
#4093=VECTOR('',#14235,1.);
#4094=VECTOR('',#14236,1.);
#4095=VECTOR('',#14239,1.);
#4096=VECTOR('',#14242,1.);
#4097=VECTOR('',#14243,1.);
#4098=VECTOR('',#14244,1.);
#4099=VECTOR('',#14245,1.);
#4100=VECTOR('',#14246,1.);
#4101=VECTOR('',#14247,1.);
#4102=VECTOR('',#14250,1.);
#4103=VECTOR('',#14251,1.);
#4104=VECTOR('',#14252,1.);
#4105=VECTOR('',#14255,1.);
#4106=VECTOR('',#14256,1.);
#4107=VECTOR('',#14259,1.);
#4108=VECTOR('',#14260,1.);
#4109=VECTOR('',#14263,1.);
#4110=VECTOR('',#14270,1.);
#4111=VECTOR('',#14271,1.);
#4112=VECTOR('',#14272,1.);
#4113=VECTOR('',#14273,1.);
#4114=VECTOR('',#14276,1.);
#4115=VECTOR('',#14277,1.);
#4116=VECTOR('',#14278,1.);
#4117=VECTOR('',#14281,1.);
#4118=VECTOR('',#14282,1.);
#4119=VECTOR('',#14283,1.);
#4120=VECTOR('',#14286,1.);
#4121=VECTOR('',#14287,1.);
#4122=VECTOR('',#14288,1.);
#4123=VECTOR('',#14289,1.);
#4124=VECTOR('',#14292,1.);
#4125=VECTOR('',#14293,1.);
#4126=VECTOR('',#14294,1.);
#4127=VECTOR('',#14297,1.);
#4128=VECTOR('',#14300,1.);
#4129=VECTOR('',#14301,1.);
#4130=VECTOR('',#14302,1.);
#4131=VECTOR('',#14305,1.);
#4132=VECTOR('',#14308,1.);
#4133=VECTOR('',#14309,1.);
#4134=VECTOR('',#14310,1.);
#4135=VECTOR('',#14311,1.);
#4136=VECTOR('',#14312,1.);
#4137=VECTOR('',#14313,1.);
#4138=VECTOR('',#14316,1.);
#4139=VECTOR('',#14317,1.);
#4140=VECTOR('',#14318,1.);
#4141=VECTOR('',#14321,1.);
#4142=VECTOR('',#14322,1.);
#4143=VECTOR('',#14325,1.);
#4144=VECTOR('',#14326,1.);
#4145=VECTOR('',#14329,1.);
#4146=VECTOR('',#14336,1000.);
#4147=VECTOR('',#14337,1000.);
#4148=VECTOR('',#14338,1000.);
#4149=VECTOR('',#14339,1000.);
#4150=VECTOR('',#14342,1000.);
#4151=VECTOR('',#14343,1000.);
#4152=VECTOR('',#14344,1000.);
#4153=VECTOR('',#14347,1000.);
#4154=VECTOR('',#14348,1000.);
#4155=VECTOR('',#14349,1000.);
#4156=VECTOR('',#14350,1000.);
#4157=VECTOR('',#14351,1000.);
#4158=VECTOR('',#14352,1000.);
#4159=VECTOR('',#14353,1000.);
#4160=VECTOR('',#14354,1000.);
#4161=VECTOR('',#14355,1000.);
#4162=VECTOR('',#14356,1000.);
#4163=VECTOR('',#14357,1000.);
#4164=VECTOR('',#14358,1000.);
#4165=VECTOR('',#14359,1000.);
#4166=VECTOR('',#14360,1000.);
#4167=VECTOR('',#14361,1000.);
#4168=VECTOR('',#14362,1000.);
#4169=VECTOR('',#14363,1000.);
#4170=VECTOR('',#14364,1000.);
#4171=VECTOR('',#14367,1000.);
#4172=VECTOR('',#14368,1000.);
#4173=VECTOR('',#14371,1000.);
#4174=VECTOR('',#14376,1000.);
#4175=VECTOR('',#14377,1000.);
#4176=VECTOR('',#14378,1000.);
#4177=VECTOR('',#14381,1000.);
#4178=VECTOR('',#14382,1000.);
#4179=VECTOR('',#14383,1000.);
#4180=VECTOR('',#14386,1000.);
#4181=VECTOR('',#14387,1000.);
#4182=VECTOR('',#14388,1000.);
#4183=VECTOR('',#14389,1000.);
#4184=VECTOR('',#14390,1000.);
#4185=VECTOR('',#14391,1000.);
#4186=VECTOR('',#14394,1000.);
#4187=VECTOR('',#14395,1000.);
#4188=VECTOR('',#14396,1000.);
#4189=VECTOR('',#14399,1000.);
#4190=VECTOR('',#14400,1000.);
#4191=VECTOR('',#14401,1000.);
#4192=VECTOR('',#14404,1000.);
#4193=VECTOR('',#14405,1000.);
#4194=VECTOR('',#14408,1000.);
#4195=VECTOR('',#14409,1000.);
#4196=VECTOR('',#14412,1000.);
#4197=VECTOR('',#14413,1000.);
#4198=VECTOR('',#14414,1000.);
#4199=VECTOR('',#14417,1000.);
#4200=VECTOR('',#14418,1000.);
#4201=VECTOR('',#14419,1000.);
#4202=VECTOR('',#14422,1000.);
#4203=VECTOR('',#14423,1000.);
#4204=VECTOR('',#14426,1000.);
#4205=VECTOR('',#14429,1000.);
#4206=VECTOR('',#14430,1000.);
#4207=VECTOR('',#14431,1000.);
#4208=VECTOR('',#14432,1000.);
#4209=VECTOR('',#14433,1000.);
#4210=VECTOR('',#14436,1000.);
#4211=VECTOR('',#14439,1000.);
#4212=VECTOR('',#14442,1000.);
#4213=VECTOR('',#14445,1000.);
#4214=VECTOR('',#14448,1000.);
#4215=VECTOR('',#14449,1000.);
#4216=VECTOR('',#14450,1000.);
#4217=VECTOR('',#14451,1000.);
#4218=VECTOR('',#14452,1000.);
#4219=VECTOR('',#14453,1000.);
#4220=VECTOR('',#14454,1000.);
#4221=VECTOR('',#14455,1000.);
#4222=VECTOR('',#14456,1000.);
#4223=VECTOR('',#14457,1000.);
#4224=VECTOR('',#14458,1000.);
#4225=VECTOR('',#14459,1000.);
#4226=VECTOR('',#14460,1000.);
#4227=VECTOR('',#14461,1000.);
#4228=VECTOR('',#14462,1000.);
#4229=VECTOR('',#14463,1000.);
#4230=VECTOR('',#14464,1000.);
#4231=VECTOR('',#14465,1000.);
#4232=VECTOR('',#14470,1000.);
#4233=VECTOR('',#14471,1000.);
#4234=VECTOR('',#14472,1000.);
#4235=VECTOR('',#14475,1000.);
#4236=VECTOR('',#14478,1000.);
#4237=VECTOR('',#14485,1000.);
#4238=VECTOR('',#14486,1000.);
#4239=VECTOR('',#14487,1000.);
#4240=VECTOR('',#14490,1000.);
#4241=VECTOR('',#14493,1000.);
#4242=VECTOR('',#14496,1000.);
#4243=VECTOR('',#14497,1000.);
#4244=VECTOR('',#14498,1000.);
#4245=VECTOR('',#14503,1000.);
#4246=VECTOR('',#14504,1000.);
#4247=VECTOR('',#14505,1000.);
#4248=VECTOR('',#14508,1000.);
#4249=VECTOR('',#14509,1000.);
#4250=VECTOR('',#14510,1000.);
#4251=VECTOR('',#14511,1000.);
#4252=VECTOR('',#14512,1000.);
#4253=VECTOR('',#14513,1000.);
#4254=VECTOR('',#14514,1000.);
#4255=VECTOR('',#14515,1000.);
#4256=VECTOR('',#14516,1000.);
#4257=VECTOR('',#14517,1000.);
#4258=VECTOR('',#14518,1000.);
#4259=VECTOR('',#14521,1000.);
#4260=VECTOR('',#14522,1000.);
#4261=VECTOR('',#14523,1000.);
#4262=VECTOR('',#14524,1000.);
#4263=VECTOR('',#14525,1000.);
#4264=VECTOR('',#14526,1000.);
#4265=VECTOR('',#14527,1000.);
#4266=VECTOR('',#14528,1000.);
#4267=VECTOR('',#14529,1000.);
#4268=VECTOR('',#14530,1000.);
#4269=VECTOR('',#14531,1000.);
#4270=VECTOR('',#14532,1000.);
#4271=VECTOR('',#14533,1000.);
#4272=VECTOR('',#14534,1000.);
#4273=VECTOR('',#14535,1000.);
#4274=VECTOR('',#14536,1000.);
#4275=VECTOR('',#14537,1000.);
#4276=VECTOR('',#14538,1000.);
#4277=VECTOR('',#14539,1000.);
#4278=VECTOR('',#14540,1000.);
#4279=VECTOR('',#14541,1000.);
#4280=VECTOR('',#14542,1000.);
#4281=VECTOR('',#14543,1000.);
#4282=VECTOR('',#14546,1000.);
#4283=VECTOR('',#14547,1000.);
#4284=VECTOR('',#14550,1000.);
#4285=VECTOR('',#14551,1000.);
#4286=VECTOR('',#14552,1000.);
#4287=VECTOR('',#14553,1000.);
#4288=VECTOR('',#14554,1000.);
#4289=VECTOR('',#14557,1000.);
#4290=VECTOR('',#14558,1000.);
#4291=VECTOR('',#14559,1000.);
#4292=VECTOR('',#14560,1000.);
#4293=VECTOR('',#14561,1000.);
#4294=VECTOR('',#14564,1000.);
#4295=VECTOR('',#14565,1000.);
#4296=VECTOR('',#14566,1000.);
#4297=VECTOR('',#14567,1000.);
#4298=VECTOR('',#14568,1000.);
#4299=VECTOR('',#14569,1000.);
#4300=VECTOR('',#14572,1000.);
#4301=VECTOR('',#14575,1000.);
#4302=VECTOR('',#14576,1000.);
#4303=VECTOR('',#14577,1000.);
#4304=VECTOR('',#14578,1000.);
#4305=VECTOR('',#14579,1000.);
#4306=VECTOR('',#14580,1000.);
#4307=VECTOR('',#14581,1000.);
#4308=VECTOR('',#14582,1000.);
#4309=VECTOR('',#14583,1000.);
#4310=VECTOR('',#14588,1000.);
#4311=VECTOR('',#14591,1000.);
#4312=VECTOR('',#14598,1000.);
#4313=VECTOR('',#14599,1000.);
#4314=VECTOR('',#14600,1000.);
#4315=VECTOR('',#14603,1000.);
#4316=VECTOR('',#14604,1000.);
#4317=VECTOR('',#14607,1000.);
#4318=VECTOR('',#14610,1000.);
#4319=VECTOR('',#14611,1000.);
#4320=VECTOR('',#14612,1000.);
#4321=VECTOR('',#14613,1000.);
#4322=VECTOR('',#14614,1000.);
#4323=VECTOR('',#14615,1000.);
#4324=VECTOR('',#14616,1000.);
#4325=VECTOR('',#14617,1000.);
#4326=VECTOR('',#14618,1000.);
#4327=VECTOR('',#14619,1000.);
#4328=VECTOR('',#14620,1000.);
#4329=VECTOR('',#14621,1000.);
#4330=VECTOR('',#14622,1000.);
#4331=VECTOR('',#14623,1000.);
#4332=VECTOR('',#14624,1000.);
#4333=VECTOR('',#14625,1000.);
#4334=VECTOR('',#14628,1000.);
#4335=VECTOR('',#14629,1000.);
#4336=VECTOR('',#14632,1000.);
#4337=VECTOR('',#14639,1000.);
#4338=VECTOR('',#14640,1000.);
#4339=VECTOR('',#14641,1000.);
#4340=VECTOR('',#14642,1000.);
#4341=VECTOR('',#14645,1000.);
#4342=VECTOR('',#14646,1000.);
#4343=VECTOR('',#14647,1000.);
#4344=VECTOR('',#14648,1000.);
#4345=VECTOR('',#14651,1000.);
#4346=VECTOR('',#14654,1000.);
#4347=VECTOR('',#14655,1000.);
#4348=VECTOR('',#14656,1000.);
#4349=VECTOR('',#14657,1000.);
#4350=VECTOR('',#14660,1000.);
#4351=VECTOR('',#14661,1000.);
#4352=VECTOR('',#14662,1000.);
#4353=VECTOR('',#14663,1000.);
#4354=VECTOR('',#14666,1000.);
#4355=VECTOR('',#14667,1000.);
#4356=VECTOR('',#14668,1000.);
#4357=VECTOR('',#14669,1000.);
#4358=VECTOR('',#14672,1000.);
#4359=VECTOR('',#14675,1000.);
#4360=VECTOR('',#14676,1000.);
#4361=VECTOR('',#14677,1000.);
#4362=VECTOR('',#14678,1000.);
#4363=VECTOR('',#14681,1000.);
#4364=VECTOR('',#14684,1000.);
#4365=VECTOR('',#14685,1000.);
#4366=VECTOR('',#14686,1000.);
#4367=VECTOR('',#14687,1000.);
#4368=VECTOR('',#14690,1000.);
#4369=VECTOR('',#14693,1000.);
#4370=VECTOR('',#14694,1000.);
#4371=VECTOR('',#14695,1000.);
#4372=VECTOR('',#14696,1000.);
#4373=VECTOR('',#14699,1000.);
#4374=VECTOR('',#14702,1000.);
#4375=VECTOR('',#14707,1000.);
#4376=VECTOR('',#14708,1000.);
#4377=VECTOR('',#14709,1000.);
#4378=VECTOR('',#14710,1000.);
#4379=VECTOR('',#14715,1000.);
#4380=VECTOR('',#14718,1000.);
#4381=VECTOR('',#14721,1000.);
#4382=VECTOR('',#14726,1000.);
#4383=VECTOR('',#14729,1000.);
#4384=VECTOR('',#14732,1000.);
#4385=VECTOR('',#14735,1000.);
#4386=VECTOR('',#14738,1000.);
#4387=VECTOR('',#14743,1000.);
#4388=VECTOR('',#14748,1000.);
#4389=VECTOR('',#14753,1000.);
#4390=CIRCLE('',#11173,1.25);
#4391=CIRCLE('',#11174,1.25);
#4392=CIRCLE('',#11176,0.5);
#4393=CIRCLE('',#11177,0.5);
#4394=CIRCLE('',#11179,0.5);
#4395=CIRCLE('',#11180,0.5);
#4396=CIRCLE('',#11182,0.5);
#4397=CIRCLE('',#11183,0.5);
#4398=CIRCLE('',#11185,0.5);
#4399=CIRCLE('',#11186,0.5);
#4400=CIRCLE('',#11188,0.249999999999999);
#4401=CIRCLE('',#11189,0.249999999999999);
#4402=CIRCLE('',#11191,0.25);
#4403=CIRCLE('',#11192,0.25);
#4404=CIRCLE('',#11194,0.25);
#4405=CIRCLE('',#11195,0.25);
#4406=CIRCLE('',#11197,0.25);
#4407=CIRCLE('',#11198,0.25);
#4408=CIRCLE('',#11200,0.196999999999998);
#4409=CIRCLE('',#11201,0.196999999999998);
#4410=CIRCLE('',#11203,0.197000000000001);
#4411=CIRCLE('',#11204,0.197000000000001);
#4412=CIRCLE('',#11206,0.249999999999999);
#4413=CIRCLE('',#11207,0.249999999999999);
#4414=CIRCLE('',#11209,0.25);
#4415=CIRCLE('',#11210,0.25);
#4416=CIRCLE('',#11212,0.249999999999999);
#4417=CIRCLE('',#11213,0.249999999999999);
#4418=CIRCLE('',#11215,0.249999999999999);
#4419=CIRCLE('',#11216,0.249999999999999);
#4420=CIRCLE('',#11218,0.25);
#4421=CIRCLE('',#11219,0.25);
#4422=CIRCLE('',#11221,0.249999999999999);
#4423=CIRCLE('',#11222,0.249999999999999);
#4424=CIRCLE('',#11224,0.249999999999999);
#4425=CIRCLE('',#11225,0.249999999999999);
#4426=CIRCLE('',#11227,0.250000000000001);
#4427=CIRCLE('',#11228,0.250000000000001);
#4428=CIRCLE('',#11230,0.241500000000001);
#4429=CIRCLE('',#11231,0.241500000000001);
#4430=CIRCLE('',#11233,0.196999999999998);
#4431=CIRCLE('',#11234,0.196999999999998);
#4432=CIRCLE('',#11236,0.249999999999999);
#4433=CIRCLE('',#11237,0.249999999999999);
#4434=CIRCLE('',#11239,0.249999999999999);
#4435=CIRCLE('',#11240,0.249999999999999);
#4436=CIRCLE('',#11242,0.197000000000001);
#4437=CIRCLE('',#11243,0.197000000000001);
#4438=CIRCLE('',#11245,0.25);
#4439=CIRCLE('',#11246,0.25);
#4440=CIRCLE('',#11248,0.5);
#4441=CIRCLE('',#11249,0.5);
#4442=CIRCLE('',#11251,0.5);
#4443=CIRCLE('',#11252,0.5);
#4444=CIRCLE('',#11254,0.5);
#4445=CIRCLE('',#11255,0.5);
#4446=CIRCLE('',#11257,0.499999999999998);
#4447=CIRCLE('',#11258,0.499999999999998);
#4448=CIRCLE('',#11260,1.25);
#4449=CIRCLE('',#11261,1.25);
#4450=CIRCLE('',#11264,2.54);
#4451=CIRCLE('',#11265,2.54);
#4452=CIRCLE('',#11268,2.54);
#4453=CIRCLE('',#11269,2.54);
#4454=CIRCLE('',#11272,2.54);
#4455=CIRCLE('',#11273,2.54);
#4456=CIRCLE('',#11276,2.54);
#4457=CIRCLE('',#11277,2.54);
#4458=CIRCLE('',#11283,0.2);
#4459=CIRCLE('',#11284,0.2);
#4460=CIRCLE('',#11287,0.05);
#4461=CIRCLE('',#11288,0.05);
#4462=CIRCLE('',#11293,0.2);
#4463=CIRCLE('',#11294,0.2);
#4464=CIRCLE('',#11297,0.05);
#4465=CIRCLE('',#11298,0.05);
#4466=CIRCLE('',#11306,0.2);
#4467=CIRCLE('',#11307,0.2);
#4468=CIRCLE('',#11310,0.05);
#4469=CIRCLE('',#11311,0.05);
#4470=CIRCLE('',#11316,0.2);
#4471=CIRCLE('',#11317,0.2);
#4472=CIRCLE('',#11320,0.05);
#4473=CIRCLE('',#11321,0.05);
#4474=CIRCLE('',#11350,0.2);
#4475=CIRCLE('',#11351,0.2);
#4476=CIRCLE('',#11354,0.1);
#4477=CIRCLE('',#11355,0.1);
#4478=CIRCLE('',#11359,0.2);
#4479=CIRCLE('',#11360,0.2);
#4480=CIRCLE('',#11363,0.1);
#4481=CIRCLE('',#11364,0.1);
#4482=CIRCLE('',#11369,0.1);
#4483=CIRCLE('',#11370,0.1);
#4484=CIRCLE('',#11373,0.2);
#4485=CIRCLE('',#11374,0.2);
#4486=CIRCLE('',#11378,0.1);
#4487=CIRCLE('',#11379,0.1);
#4488=CIRCLE('',#11382,0.2);
#4489=CIRCLE('',#11383,0.2);
#4490=CIRCLE('',#11392,0.2);
#4491=CIRCLE('',#11393,0.2);
#4492=CIRCLE('',#11396,0.1);
#4493=CIRCLE('',#11397,0.1);
#4494=CIRCLE('',#11401,0.2);
#4495=CIRCLE('',#11402,0.2);
#4496=CIRCLE('',#11405,0.1);
#4497=CIRCLE('',#11406,0.1);
#4498=CIRCLE('',#11413,0.2);
#4499=CIRCLE('',#11414,0.2);
#4500=CIRCLE('',#11417,0.1);
#4501=CIRCLE('',#11418,0.1);
#4502=CIRCLE('',#11422,0.2);
#4503=CIRCLE('',#11423,0.2);
#4504=CIRCLE('',#11426,0.1);
#4505=CIRCLE('',#11427,0.1);
#4506=CIRCLE('',#11432,0.1);
#4507=CIRCLE('',#11433,0.1);
#4508=CIRCLE('',#11436,0.2);
#4509=CIRCLE('',#11437,0.2);
#4510=CIRCLE('',#11441,0.1);
#4511=CIRCLE('',#11442,0.1);
#4512=CIRCLE('',#11445,0.2);
#4513=CIRCLE('',#11446,0.2);
#4514=CIRCLE('',#11516,0.27);
#4515=CIRCLE('',#11517,0.05);
#4516=CIRCLE('',#11518,0.27);
#4517=CIRCLE('',#11519,0.05);
#4518=CIRCLE('',#11523,0.27);
#4519=CIRCLE('',#11526,0.05);
#4520=CIRCLE('',#11530,0.27);
#4521=CIRCLE('',#11533,0.05);
#4522=CIRCLE('',#11552,0.27);
#4523=CIRCLE('',#11553,0.27);
#4524=CIRCLE('',#11556,0.05);
#4525=CIRCLE('',#11557,0.05);
#4526=CIRCLE('',#11561,0.27);
#4527=CIRCLE('',#11562,0.27);
#4528=CIRCLE('',#11565,0.05);
#4529=CIRCLE('',#11566,0.05);
#4530=CIRCLE('',#11579,0.05);
#4531=CIRCLE('',#11580,0.05);
#4532=CIRCLE('',#11583,0.27);
#4533=CIRCLE('',#11584,0.27);
#4534=CIRCLE('',#11588,0.05);
#4535=CIRCLE('',#11589,0.05);
#4536=CIRCLE('',#11592,0.27);
#4537=CIRCLE('',#11593,0.27);
#4538=CIRCLE('',#11600,0.05);
#4539=CIRCLE('',#11601,0.05);
#4540=CIRCLE('',#11604,0.27);
#4541=CIRCLE('',#11605,0.27);
#4542=CIRCLE('',#11609,0.05);
#4543=CIRCLE('',#11610,0.05);
#4544=CIRCLE('',#11613,0.27);
#4545=CIRCLE('',#11614,0.27);
#4546=CIRCLE('',#11623,0.27);
#4547=CIRCLE('',#11624,0.27);
#4548=CIRCLE('',#11627,0.05);
#4549=CIRCLE('',#11628,0.05);
#4550=CIRCLE('',#11632,0.27);
#4551=CIRCLE('',#11633,0.27);
#4552=CIRCLE('',#11636,0.05);
#4553=CIRCLE('',#11637,0.05);
#4554=CIRCLE('',#11644,0.27);
#4555=CIRCLE('',#11645,0.27);
#4556=CIRCLE('',#11648,0.05);
#4557=CIRCLE('',#11649,0.05);
#4558=CIRCLE('',#11653,0.27);
#4559=CIRCLE('',#11654,0.27);
#4560=CIRCLE('',#11657,0.05);
#4561=CIRCLE('',#11658,0.05);
#4562=CIRCLE('',#11672,0.177799999999999);
#4563=CIRCLE('',#11673,0.177799999999999);
#4564=CIRCLE('',#11691,0.177799999999999);
#4565=CIRCLE('',#11692,0.177799999999999);
#4566=CIRCLE('',#11729,0.0761999999999333);
#4567=CIRCLE('',#11730,0.0761999999999328);
#4568=CIRCLE('',#11732,0.0761999999999338);
#4569=CIRCLE('',#11734,0.0761999999999341);
#4570=CIRCLE('',#11793,0.1);
#4571=CIRCLE('',#11794,0.1);
#4572=CIRCLE('',#11797,1.1);
#4573=CIRCLE('',#11798,1.1);
#4574=CIRCLE('',#11800,1.525);
#4575=CIRCLE('',#11801,1.525);
#4576=CIRCLE('',#11803,1.275);
#4577=CIRCLE('',#11805,1.275);
#4578=CIRCLE('',#11807,1.5);
#4579=CIRCLE('',#11809,1.5);
#4580=VERTEX_POINT('',#14789);
#4581=VERTEX_POINT('',#14791);
#4582=VERTEX_POINT('',#14795);
#4583=VERTEX_POINT('',#14797);
#4584=VERTEX_POINT('',#14801);
#4585=VERTEX_POINT('',#14803);
#4586=VERTEX_POINT('',#14807);
#4587=VERTEX_POINT('',#14809);
#4588=VERTEX_POINT('',#14813);
#4589=VERTEX_POINT('',#14815);
#4590=VERTEX_POINT('',#14819);
#4591=VERTEX_POINT('',#14821);
#4592=VERTEX_POINT('',#14825);
#4593=VERTEX_POINT('',#14827);
#4594=VERTEX_POINT('',#14831);
#4595=VERTEX_POINT('',#14833);
#4596=VERTEX_POINT('',#14837);
#4597=VERTEX_POINT('',#14839);
#4598=VERTEX_POINT('',#14843);
#4599=VERTEX_POINT('',#14845);
#4600=VERTEX_POINT('',#14849);
#4601=VERTEX_POINT('',#14851);
#4602=VERTEX_POINT('',#14855);
#4603=VERTEX_POINT('',#14857);
#4604=VERTEX_POINT('',#14861);
#4605=VERTEX_POINT('',#14863);
#4606=VERTEX_POINT('',#14867);
#4607=VERTEX_POINT('',#14869);
#4608=VERTEX_POINT('',#14873);
#4609=VERTEX_POINT('',#14875);
#4610=VERTEX_POINT('',#14879);
#4611=VERTEX_POINT('',#14881);
#4612=VERTEX_POINT('',#14885);
#4613=VERTEX_POINT('',#14887);
#4614=VERTEX_POINT('',#14891);
#4615=VERTEX_POINT('',#14893);
#4616=VERTEX_POINT('',#14897);
#4617=VERTEX_POINT('',#14899);
#4618=VERTEX_POINT('',#14903);
#4619=VERTEX_POINT('',#14905);
#4620=VERTEX_POINT('',#14909);
#4621=VERTEX_POINT('',#14911);
#4622=VERTEX_POINT('',#14915);
#4623=VERTEX_POINT('',#14917);
#4624=VERTEX_POINT('',#14921);
#4625=VERTEX_POINT('',#14923);
#4626=VERTEX_POINT('',#14927);
#4627=VERTEX_POINT('',#14929);
#4628=VERTEX_POINT('',#14933);
#4629=VERTEX_POINT('',#14935);
#4630=VERTEX_POINT('',#14939);
#4631=VERTEX_POINT('',#14941);
#4632=VERTEX_POINT('',#14945);
#4633=VERTEX_POINT('',#14947);
#4634=VERTEX_POINT('',#14951);
#4635=VERTEX_POINT('',#14953);
#4636=VERTEX_POINT('',#14957);
#4637=VERTEX_POINT('',#14959);
#4638=VERTEX_POINT('',#14963);
#4639=VERTEX_POINT('',#14965);
#4640=VERTEX_POINT('',#14969);
#4641=VERTEX_POINT('',#14970);
#4642=VERTEX_POINT('',#14972);
#4643=VERTEX_POINT('',#14974);
#4644=VERTEX_POINT('',#14978);
#4645=VERTEX_POINT('',#14980);
#4646=VERTEX_POINT('',#14984);
#4647=VERTEX_POINT('',#14986);
#4648=VERTEX_POINT('',#14990);
#4649=VERTEX_POINT('',#14992);
#4650=VERTEX_POINT('',#14996);
#4651=VERTEX_POINT('',#14998);
#4652=VERTEX_POINT('',#15002);
#4653=VERTEX_POINT('',#15004);
#4654=VERTEX_POINT('',#15008);
#4655=VERTEX_POINT('',#15010);
#4656=VERTEX_POINT('',#15020);
#4657=VERTEX_POINT('',#15021);
#4658=VERTEX_POINT('',#15023);
#4659=VERTEX_POINT('',#15025);
#4660=VERTEX_POINT('',#15029);
#4661=VERTEX_POINT('',#15031);
#4662=VERTEX_POINT('',#15035);
#4663=VERTEX_POINT('',#15037);
#4664=VERTEX_POINT('',#15041);
#4665=VERTEX_POINT('',#15043);
#4666=VERTEX_POINT('',#15047);
#4667=VERTEX_POINT('',#15049);
#4668=VERTEX_POINT('',#15053);
#4669=VERTEX_POINT('',#15055);
#4670=VERTEX_POINT('',#15059);
#4671=VERTEX_POINT('',#15061);
#4672=VERTEX_POINT('',#15065);
#4673=VERTEX_POINT('',#15067);
#4674=VERTEX_POINT('',#15071);
#4675=VERTEX_POINT('',#15073);
#4676=VERTEX_POINT('',#15077);
#4677=VERTEX_POINT('',#15079);
#4678=VERTEX_POINT('',#15083);
#4679=VERTEX_POINT('',#15085);
#4680=VERTEX_POINT('',#15093);
#4681=VERTEX_POINT('',#15095);
#4682=VERTEX_POINT('',#15099);
#4683=VERTEX_POINT('',#15101);
#4684=VERTEX_POINT('',#15105);
#4685=VERTEX_POINT('',#15106);
#4686=VERTEX_POINT('',#15108);
#4687=VERTEX_POINT('',#15110);
#4688=VERTEX_POINT('',#15114);
#4689=VERTEX_POINT('',#15116);
#4690=VERTEX_POINT('',#15120);
#4691=VERTEX_POINT('',#15122);
#4692=VERTEX_POINT('',#15126);
#4693=VERTEX_POINT('',#15128);
#4694=VERTEX_POINT('',#15132);
#4695=VERTEX_POINT('',#15134);
#4696=VERTEX_POINT('',#15138);
#4697=VERTEX_POINT('',#15140);
#4698=VERTEX_POINT('',#15144);
#4699=VERTEX_POINT('',#15146);
#4700=VERTEX_POINT('',#15150);
#4701=VERTEX_POINT('',#15152);
#4702=VERTEX_POINT('',#15156);
#4703=VERTEX_POINT('',#15158);
#4704=VERTEX_POINT('',#15162);
#4705=VERTEX_POINT('',#15164);
#4706=VERTEX_POINT('',#15168);
#4707=VERTEX_POINT('',#15170);
#4708=VERTEX_POINT('',#15178);
#4709=VERTEX_POINT('',#15180);
#4710=VERTEX_POINT('',#15184);
#4711=VERTEX_POINT('',#15186);
#4712=VERTEX_POINT('',#15190);
#4713=VERTEX_POINT('',#15192);
#4714=VERTEX_POINT('',#15196);
#4715=VERTEX_POINT('',#15199);
#4716=VERTEX_POINT('',#15201);
#4717=VERTEX_POINT('',#15205);
#4718=VERTEX_POINT('',#15211);
#4719=VERTEX_POINT('',#15215);
#4720=VERTEX_POINT('',#15223);
#4721=VERTEX_POINT('',#15224);
#4722=VERTEX_POINT('',#15226);
#4723=VERTEX_POINT('',#15228);
#4724=VERTEX_POINT('',#15230);
#4725=VERTEX_POINT('',#15232);
#4726=VERTEX_POINT('',#15234);
#4727=VERTEX_POINT('',#15236);
#4728=VERTEX_POINT('',#15238);
#4729=VERTEX_POINT('',#15240);
#4730=VERTEX_POINT('',#15242);
#4731=VERTEX_POINT('',#15244);
#4732=VERTEX_POINT('',#15248);
#4733=VERTEX_POINT('',#15249);
#4734=VERTEX_POINT('',#15251);
#4735=VERTEX_POINT('',#15253);
#4736=VERTEX_POINT('',#15255);
#4737=VERTEX_POINT('',#15257);
#4738=VERTEX_POINT('',#15259);
#4739=VERTEX_POINT('',#15261);
#4740=VERTEX_POINT('',#15263);
#4741=VERTEX_POINT('',#15265);
#4742=VERTEX_POINT('',#15267);
#4743=VERTEX_POINT('',#15269);
#4744=VERTEX_POINT('',#15271);
#4745=VERTEX_POINT('',#15273);
#4746=VERTEX_POINT('',#15275);
#4747=VERTEX_POINT('',#15277);
#4748=VERTEX_POINT('',#15281);
#4749=VERTEX_POINT('',#15282);
#4750=VERTEX_POINT('',#15284);
#4751=VERTEX_POINT('',#15286);
#4752=VERTEX_POINT('',#15310);
#4753=VERTEX_POINT('',#15311);
#4754=VERTEX_POINT('',#15313);
#4755=VERTEX_POINT('',#15315);
#4756=VERTEX_POINT('',#15319);
#4757=VERTEX_POINT('',#15321);
#4758=VERTEX_POINT('',#15325);
#4759=VERTEX_POINT('',#15327);
#4760=VERTEX_POINT('',#15331);
#4761=VERTEX_POINT('',#15333);
#4762=VERTEX_POINT('',#15337);
#4763=VERTEX_POINT('',#15339);
#4764=VERTEX_POINT('',#15343);
#4765=VERTEX_POINT('',#15345);
#4766=VERTEX_POINT('',#15352);
#4767=VERTEX_POINT('',#15354);
#4768=VERTEX_POINT('',#15358);
#4769=VERTEX_POINT('',#15360);
#4770=VERTEX_POINT('',#15364);
#4771=VERTEX_POINT('',#15366);
#4772=VERTEX_POINT('',#15375);
#4773=VERTEX_POINT('',#15376);
#4774=VERTEX_POINT('',#15378);
#4775=VERTEX_POINT('',#15380);
#4776=VERTEX_POINT('',#15384);
#4777=VERTEX_POINT('',#15386);
#4778=VERTEX_POINT('',#15390);
#4779=VERTEX_POINT('',#15392);
#4780=VERTEX_POINT('',#15396);
#4781=VERTEX_POINT('',#15398);
#4782=VERTEX_POINT('',#15405);
#4783=VERTEX_POINT('',#15407);
#4784=VERTEX_POINT('',#15411);
#4785=VERTEX_POINT('',#15413);
#4786=VERTEX_POINT('',#15417);
#4787=VERTEX_POINT('',#15419);
#4788=VERTEX_POINT('',#15423);
#4789=VERTEX_POINT('',#15425);
#4790=VERTEX_POINT('',#15429);
#4791=VERTEX_POINT('',#15431);
#4792=VERTEX_POINT('',#15440);
#4793=VERTEX_POINT('',#15441);
#4794=VERTEX_POINT('',#15443);
#4795=VERTEX_POINT('',#15445);
#4796=VERTEX_POINT('',#15449);
#4797=VERTEX_POINT('',#15451);
#4798=VERTEX_POINT('',#15455);
#4799=VERTEX_POINT('',#15457);
#4800=VERTEX_POINT('',#15461);
#4801=VERTEX_POINT('',#15463);
#4802=VERTEX_POINT('',#15467);
#4803=VERTEX_POINT('',#15469);
#4804=VERTEX_POINT('',#15473);
#4805=VERTEX_POINT('',#15475);
#4806=VERTEX_POINT('',#15482);
#4807=VERTEX_POINT('',#15484);
#4808=VERTEX_POINT('',#15488);
#4809=VERTEX_POINT('',#15490);
#4810=VERTEX_POINT('',#15494);
#4811=VERTEX_POINT('',#15496);
#4812=VERTEX_POINT('',#15505);
#4813=VERTEX_POINT('',#15506);
#4814=VERTEX_POINT('',#15508);
#4815=VERTEX_POINT('',#15510);
#4816=VERTEX_POINT('',#15514);
#4817=VERTEX_POINT('',#15516);
#4818=VERTEX_POINT('',#15520);
#4819=VERTEX_POINT('',#15522);
#4820=VERTEX_POINT('',#15526);
#4821=VERTEX_POINT('',#15528);
#4822=VERTEX_POINT('',#15532);
#4823=VERTEX_POINT('',#15534);
#4824=VERTEX_POINT('',#15538);
#4825=VERTEX_POINT('',#15540);
#4826=VERTEX_POINT('',#15547);
#4827=VERTEX_POINT('',#15549);
#4828=VERTEX_POINT('',#15553);
#4829=VERTEX_POINT('',#15555);
#4830=VERTEX_POINT('',#15559);
#4831=VERTEX_POINT('',#15561);
#4832=VERTEX_POINT('',#15570);
#4833=VERTEX_POINT('',#15571);
#4834=VERTEX_POINT('',#15573);
#4835=VERTEX_POINT('',#15575);
#4836=VERTEX_POINT('',#15579);
#4837=VERTEX_POINT('',#15581);
#4838=VERTEX_POINT('',#15585);
#4839=VERTEX_POINT('',#15587);
#4840=VERTEX_POINT('',#15591);
#4841=VERTEX_POINT('',#15593);
#4842=VERTEX_POINT('',#15600);
#4843=VERTEX_POINT('',#15602);
#4844=VERTEX_POINT('',#15606);
#4845=VERTEX_POINT('',#15608);
#4846=VERTEX_POINT('',#15612);
#4847=VERTEX_POINT('',#15614);
#4848=VERTEX_POINT('',#15618);
#4849=VERTEX_POINT('',#15620);
#4850=VERTEX_POINT('',#15624);
#4851=VERTEX_POINT('',#15626);
#4852=VERTEX_POINT('',#15636);
#4853=VERTEX_POINT('',#15637);
#4854=VERTEX_POINT('',#15639);
#4855=VERTEX_POINT('',#15641);
#4856=VERTEX_POINT('',#15643);
#4857=VERTEX_POINT('',#15645);
#4858=VERTEX_POINT('',#15647);
#4859=VERTEX_POINT('',#15649);
#4860=VERTEX_POINT('',#15653);
#4861=VERTEX_POINT('',#15654);
#4862=VERTEX_POINT('',#15659);
#4863=VERTEX_POINT('',#15660);
#4864=VERTEX_POINT('',#15667);
#4865=VERTEX_POINT('',#15670);
#4866=VERTEX_POINT('',#15675);
#4867=VERTEX_POINT('',#15677);
#4868=VERTEX_POINT('',#15681);
#4869=VERTEX_POINT('',#15683);
#4870=VERTEX_POINT('',#15685);
#4871=VERTEX_POINT('',#15687);
#4872=VERTEX_POINT('',#15689);
#4873=VERTEX_POINT('',#15691);
#4874=VERTEX_POINT('',#15693);
#4875=VERTEX_POINT('',#15695);
#4876=VERTEX_POINT('',#15697);
#4877=VERTEX_POINT('',#15699);
#4878=VERTEX_POINT('',#15701);
#4879=VERTEX_POINT('',#15703);
#4880=VERTEX_POINT('',#15705);
#4881=VERTEX_POINT('',#15707);
#4882=VERTEX_POINT('',#15709);
#4883=VERTEX_POINT('',#15711);
#4884=VERTEX_POINT('',#15713);
#4885=VERTEX_POINT('',#15715);
#4886=VERTEX_POINT('',#15717);
#4887=VERTEX_POINT('',#15719);
#4888=VERTEX_POINT('',#15721);
#4889=VERTEX_POINT('',#15723);
#4890=VERTEX_POINT('',#15725);
#4891=VERTEX_POINT('',#15727);
#4892=VERTEX_POINT('',#15731);
#4893=VERTEX_POINT('',#15733);
#4894=VERTEX_POINT('',#15735);
#4895=VERTEX_POINT('',#15737);
#4896=VERTEX_POINT('',#15739);
#4897=VERTEX_POINT('',#15741);
#4898=VERTEX_POINT('',#15745);
#4899=VERTEX_POINT('',#15746);
#4900=VERTEX_POINT('',#15751);
#4901=VERTEX_POINT('',#15752);
#4902=VERTEX_POINT('',#15758);
#4903=VERTEX_POINT('',#15765);
#4904=VERTEX_POINT('',#15769);
#4905=VERTEX_POINT('',#15770);
#4906=VERTEX_POINT('',#15773);
#4907=VERTEX_POINT('',#15775);
#4908=VERTEX_POINT('',#15777);
#4909=VERTEX_POINT('',#15779);
#4910=VERTEX_POINT('',#15783);
#4911=VERTEX_POINT('',#15785);
#4912=VERTEX_POINT('',#15789);
#4913=VERTEX_POINT('',#15791);
#4914=VERTEX_POINT('',#15799);
#4915=VERTEX_POINT('',#15805);
#4916=VERTEX_POINT('',#15806);
#4917=VERTEX_POINT('',#15809);
#4918=VERTEX_POINT('',#15811);
#4919=VERTEX_POINT('',#15813);
#4920=VERTEX_POINT('',#15815);
#4921=VERTEX_POINT('',#15819);
#4922=VERTEX_POINT('',#15821);
#4923=VERTEX_POINT('',#15825);
#4924=VERTEX_POINT('',#15827);
#4925=VERTEX_POINT('',#15831);
#4926=VERTEX_POINT('',#15839);
#4927=VERTEX_POINT('',#15841);
#4928=VERTEX_POINT('',#15843);
#4929=VERTEX_POINT('',#15845);
#4930=VERTEX_POINT('',#15847);
#4931=VERTEX_POINT('',#15849);
#4932=VERTEX_POINT('',#15853);
#4933=VERTEX_POINT('',#15855);
#4934=VERTEX_POINT('',#15857);
#4935=VERTEX_POINT('',#15859);
#4936=VERTEX_POINT('',#15861);
#4937=VERTEX_POINT('',#15863);
#4938=VERTEX_POINT('',#15865);
#4939=VERTEX_POINT('',#15867);
#4940=VERTEX_POINT('',#15873);
#4941=VERTEX_POINT('',#15875);
#4942=VERTEX_POINT('',#15877);
#4943=VERTEX_POINT('',#15879);
#4944=VERTEX_POINT('',#15883);
#4945=VERTEX_POINT('',#15887);
#4946=VERTEX_POINT('',#15891);
#4947=VERTEX_POINT('',#15895);
#4948=VERTEX_POINT('',#15905);
#4949=VERTEX_POINT('',#15907);
#4950=VERTEX_POINT('',#15909);
#4951=VERTEX_POINT('',#15911);
#4952=VERTEX_POINT('',#15915);
#4953=VERTEX_POINT('',#15919);
#4954=VERTEX_POINT('',#15923);
#4955=VERTEX_POINT('',#15925);
#4956=VERTEX_POINT('',#15935);
#4957=VERTEX_POINT('',#15937);
#4958=VERTEX_POINT('',#15939);
#4959=VERTEX_POINT('',#15941);
#4960=VERTEX_POINT('',#15945);
#4961=VERTEX_POINT('',#15949);
#4962=VERTEX_POINT('',#15953);
#4963=VERTEX_POINT('',#15957);
#4964=VERTEX_POINT('',#15968);
#4965=VERTEX_POINT('',#15970);
#4966=VERTEX_POINT('',#15972);
#4967=VERTEX_POINT('',#15974);
#4968=VERTEX_POINT('',#15978);
#4969=VERTEX_POINT('',#15982);
#4970=VERTEX_POINT('',#15986);
#4971=VERTEX_POINT('',#15990);
#4972=VERTEX_POINT('',#15999);
#4973=VERTEX_POINT('',#16000);
#4974=VERTEX_POINT('',#16002);
#4975=VERTEX_POINT('',#16004);
#4976=VERTEX_POINT('',#16006);
#4977=VERTEX_POINT('',#16008);
#4978=VERTEX_POINT('',#16010);
#4979=VERTEX_POINT('',#16012);
#4980=VERTEX_POINT('',#16014);
#4981=VERTEX_POINT('',#16016);
#4982=VERTEX_POINT('',#16018);
#4983=VERTEX_POINT('',#16020);
#4984=VERTEX_POINT('',#16024);
#4985=VERTEX_POINT('',#16026);
#4986=VERTEX_POINT('',#16030);
#4987=VERTEX_POINT('',#16034);
#4988=VERTEX_POINT('',#16038);
#4989=VERTEX_POINT('',#16042);
#4990=VERTEX_POINT('',#16046);
#4991=VERTEX_POINT('',#16050);
#4992=VERTEX_POINT('',#16052);
#4993=VERTEX_POINT('',#16056);
#4994=VERTEX_POINT('',#16060);
#4995=VERTEX_POINT('',#16064);
#4996=VERTEX_POINT('',#16072);
#4997=VERTEX_POINT('',#16074);
#4998=VERTEX_POINT('',#16078);
#4999=VERTEX_POINT('',#16080);
#5000=VERTEX_POINT('',#16084);
#5001=VERTEX_POINT('',#16085);
#5002=VERTEX_POINT('',#16087);
#5003=VERTEX_POINT('',#16089);
#5004=VERTEX_POINT('',#16093);
#5005=VERTEX_POINT('',#16094);
#5006=VERTEX_POINT('',#16096);
#5007=VERTEX_POINT('',#16098);
#5008=VERTEX_POINT('',#16102);
#5009=VERTEX_POINT('',#16103);
#5010=VERTEX_POINT('',#16105);
#5011=VERTEX_POINT('',#16107);
#5012=VERTEX_POINT('',#16111);
#5013=VERTEX_POINT('',#16112);
#5014=VERTEX_POINT('',#16114);
#5015=VERTEX_POINT('',#16116);
#5016=VERTEX_POINT('',#16120);
#5017=VERTEX_POINT('',#16121);
#5018=VERTEX_POINT('',#16123);
#5019=VERTEX_POINT('',#16125);
#5020=VERTEX_POINT('',#16129);
#5021=VERTEX_POINT('',#16130);
#5022=VERTEX_POINT('',#16138);
#5023=VERTEX_POINT('',#16140);
#5024=VERTEX_POINT('',#16144);
#5025=VERTEX_POINT('',#16145);
#5026=VERTEX_POINT('',#16147);
#5027=VERTEX_POINT('',#16149);
#5028=VERTEX_POINT('',#16153);
#5029=VERTEX_POINT('',#16154);
#5030=VERTEX_POINT('',#16156);
#5031=VERTEX_POINT('',#16158);
#5032=VERTEX_POINT('',#16162);
#5033=VERTEX_POINT('',#16163);
#5034=VERTEX_POINT('',#16165);
#5035=VERTEX_POINT('',#16167);
#5036=VERTEX_POINT('',#16171);
#5037=VERTEX_POINT('',#16173);
#5038=VERTEX_POINT('',#16177);
#5039=VERTEX_POINT('',#16179);
#5040=VERTEX_POINT('',#16183);
#5041=VERTEX_POINT('',#16185);
#5042=VERTEX_POINT('',#16189);
#5043=VERTEX_POINT('',#16191);
#5044=VERTEX_POINT('',#16195);
#5045=VERTEX_POINT('',#16197);
#5046=VERTEX_POINT('',#16205);
#5047=VERTEX_POINT('',#16207);
#5048=VERTEX_POINT('',#16212);
#5049=VERTEX_POINT('',#16214);
#5050=VERTEX_POINT('',#16218);
#5051=VERTEX_POINT('',#16220);
#5052=VERTEX_POINT('',#16253);
#5053=VERTEX_POINT('',#16254);
#5054=VERTEX_POINT('',#16256);
#5055=VERTEX_POINT('',#16258);
#5056=VERTEX_POINT('',#16262);
#5057=VERTEX_POINT('',#16264);
#5058=VERTEX_POINT('',#16268);
#5059=VERTEX_POINT('',#16270);
#5060=VERTEX_POINT('',#16274);
#5061=VERTEX_POINT('',#16276);
#5062=VERTEX_POINT('',#16283);
#5063=VERTEX_POINT('',#16285);
#5064=VERTEX_POINT('',#16289);
#5065=VERTEX_POINT('',#16291);
#5066=VERTEX_POINT('',#16295);
#5067=VERTEX_POINT('',#16297);
#5068=VERTEX_POINT('',#16301);
#5069=VERTEX_POINT('',#16303);
#5070=VERTEX_POINT('',#16307);
#5071=VERTEX_POINT('',#16309);
#5072=VERTEX_POINT('',#16318);
#5073=VERTEX_POINT('',#16319);
#5074=VERTEX_POINT('',#16321);
#5075=VERTEX_POINT('',#16323);
#5076=VERTEX_POINT('',#16327);
#5077=VERTEX_POINT('',#16329);
#5078=VERTEX_POINT('',#16333);
#5079=VERTEX_POINT('',#16335);
#5080=VERTEX_POINT('',#16339);
#5081=VERTEX_POINT('',#16341);
#5082=VERTEX_POINT('',#16348);
#5083=VERTEX_POINT('',#16350);
#5084=VERTEX_POINT('',#16354);
#5085=VERTEX_POINT('',#16356);
#5086=VERTEX_POINT('',#16360);
#5087=VERTEX_POINT('',#16362);
#5088=VERTEX_POINT('',#16366);
#5089=VERTEX_POINT('',#16368);
#5090=VERTEX_POINT('',#16372);
#5091=VERTEX_POINT('',#16374);
#5092=VERTEX_POINT('',#16383);
#5093=VERTEX_POINT('',#16384);
#5094=VERTEX_POINT('',#16386);
#5095=VERTEX_POINT('',#16388);
#5096=VERTEX_POINT('',#16392);
#5097=VERTEX_POINT('',#16394);
#5098=VERTEX_POINT('',#16398);
#5099=VERTEX_POINT('',#16400);
#5100=VERTEX_POINT('',#16404);
#5101=VERTEX_POINT('',#16406);
#5102=VERTEX_POINT('',#16410);
#5103=VERTEX_POINT('',#16412);
#5104=VERTEX_POINT('',#16416);
#5105=VERTEX_POINT('',#16418);
#5106=VERTEX_POINT('',#16425);
#5107=VERTEX_POINT('',#16427);
#5108=VERTEX_POINT('',#16431);
#5109=VERTEX_POINT('',#16433);
#5110=VERTEX_POINT('',#16437);
#5111=VERTEX_POINT('',#16439);
#5112=VERTEX_POINT('',#16448);
#5113=VERTEX_POINT('',#16449);
#5114=VERTEX_POINT('',#16451);
#5115=VERTEX_POINT('',#16453);
#5116=VERTEX_POINT('',#16457);
#5117=VERTEX_POINT('',#16459);
#5118=VERTEX_POINT('',#16463);
#5119=VERTEX_POINT('',#16465);
#5120=VERTEX_POINT('',#16469);
#5121=VERTEX_POINT('',#16471);
#5122=VERTEX_POINT('',#16475);
#5123=VERTEX_POINT('',#16477);
#5124=VERTEX_POINT('',#16481);
#5125=VERTEX_POINT('',#16483);
#5126=VERTEX_POINT('',#16490);
#5127=VERTEX_POINT('',#16492);
#5128=VERTEX_POINT('',#16496);
#5129=VERTEX_POINT('',#16498);
#5130=VERTEX_POINT('',#16502);
#5131=VERTEX_POINT('',#16504);
#5132=VERTEX_POINT('',#16514);
#5133=VERTEX_POINT('',#16515);
#5134=VERTEX_POINT('',#16517);
#5135=VERTEX_POINT('',#16521);
#5136=VERTEX_POINT('',#16522);
#5137=VERTEX_POINT('',#16524);
#5138=VERTEX_POINT('',#16534);
#5139=VERTEX_POINT('',#16535);
#5140=VERTEX_POINT('',#16537);
#5141=VERTEX_POINT('',#16539);
#5142=VERTEX_POINT('',#16543);
#5143=VERTEX_POINT('',#16544);
#5144=VERTEX_POINT('',#16546);
#5145=VERTEX_POINT('',#16548);
#5146=VERTEX_POINT('',#16552);
#5147=VERTEX_POINT('',#16553);
#5148=VERTEX_POINT('',#16555);
#5149=VERTEX_POINT('',#16557);
#5150=VERTEX_POINT('',#16561);
#5151=VERTEX_POINT('',#16563);
#5152=VERTEX_POINT('',#16567);
#5153=VERTEX_POINT('',#16569);
#5154=VERTEX_POINT('',#16576);
#5155=VERTEX_POINT('',#16578);
#5156=VERTEX_POINT('',#16582);
#5157=VERTEX_POINT('',#16584);
#5158=VERTEX_POINT('',#16588);
#5159=VERTEX_POINT('',#16589);
#5160=VERTEX_POINT('',#16591);
#5161=VERTEX_POINT('',#16593);
#5162=VERTEX_POINT('',#16598);
#5163=VERTEX_POINT('',#16600);
#5164=VERTEX_POINT('',#16623);
#5165=VERTEX_POINT('',#16625);
#5166=VERTEX_POINT('',#16637);
#5167=VERTEX_POINT('',#16638);
#5168=VERTEX_POINT('',#16640);
#5169=VERTEX_POINT('',#16642);
#5170=VERTEX_POINT('',#16646);
#5171=VERTEX_POINT('',#16647);
#5172=VERTEX_POINT('',#16649);
#5173=VERTEX_POINT('',#16651);
#5174=VERTEX_POINT('',#16655);
#5175=VERTEX_POINT('',#16656);
#5176=VERTEX_POINT('',#16658);
#5177=VERTEX_POINT('',#16660);
#5178=VERTEX_POINT('',#16664);
#5179=VERTEX_POINT('',#16666);
#5180=VERTEX_POINT('',#16670);
#5181=VERTEX_POINT('',#16671);
#5182=VERTEX_POINT('',#16679);
#5183=VERTEX_POINT('',#16681);
#5184=VERTEX_POINT('',#16685);
#5185=VERTEX_POINT('',#16687);
#5186=VERTEX_POINT('',#16691);
#5187=VERTEX_POINT('',#16692);
#5188=VERTEX_POINT('',#16694);
#5189=VERTEX_POINT('',#16696);
#5190=VERTEX_POINT('',#16700);
#5191=VERTEX_POINT('',#16702);
#5192=VERTEX_POINT('',#16726);
#5193=VERTEX_POINT('',#16728);
#5194=VERTEX_POINT('',#16740);
#5195=VERTEX_POINT('',#16741);
#5196=VERTEX_POINT('',#16743);
#5197=VERTEX_POINT('',#16745);
#5198=VERTEX_POINT('',#16749);
#5199=VERTEX_POINT('',#16750);
#5200=VERTEX_POINT('',#16752);
#5201=VERTEX_POINT('',#16754);
#5202=VERTEX_POINT('',#16758);
#5203=VERTEX_POINT('',#16760);
#5204=VERTEX_POINT('',#16764);
#5205=VERTEX_POINT('',#16765);
#5206=VERTEX_POINT('',#16770);
#5207=VERTEX_POINT('',#16772);
#5208=VERTEX_POINT('',#16774);
#5209=VERTEX_POINT('',#16776);
#5210=VERTEX_POINT('',#16778);
#5211=VERTEX_POINT('',#16799);
#5212=VERTEX_POINT('',#16801);
#5213=VERTEX_POINT('',#16806);
#5214=VERTEX_POINT('',#16814);
#5215=VERTEX_POINT('',#16816);
#5216=VERTEX_POINT('',#16837);
#5217=VERTEX_POINT('',#16838);
#5218=VERTEX_POINT('',#16840);
#5219=VERTEX_POINT('',#16842);
#5220=VERTEX_POINT('',#16849);
#5221=VERTEX_POINT('',#16850);
#5222=VERTEX_POINT('',#16858);
#5223=VERTEX_POINT('',#16860);
#5224=VERTEX_POINT('',#16865);
#5225=VERTEX_POINT('',#16867);
#5226=VERTEX_POINT('',#16872);
#5227=VERTEX_POINT('',#16873);
#5228=VERTEX_POINT('',#16875);
#5229=VERTEX_POINT('',#16877);
#5230=VERTEX_POINT('',#16881);
#5231=VERTEX_POINT('',#16883);
#5232=VERTEX_POINT('',#16887);
#5233=VERTEX_POINT('',#16888);
#5234=VERTEX_POINT('',#16890);
#5235=VERTEX_POINT('',#16892);
#5236=VERTEX_POINT('',#16896);
#5237=VERTEX_POINT('',#16903);
#5238=VERTEX_POINT('',#16911);
#5239=VERTEX_POINT('',#16912);
#5240=VERTEX_POINT('',#16914);
#5241=VERTEX_POINT('',#16916);
#5242=VERTEX_POINT('',#16920);
#5243=VERTEX_POINT('',#16922);
#5244=VERTEX_POINT('',#16926);
#5245=VERTEX_POINT('',#16928);
#5246=VERTEX_POINT('',#16937);
#5247=VERTEX_POINT('',#16938);
#5248=VERTEX_POINT('',#16940);
#5249=VERTEX_POINT('',#16942);
#5250=VERTEX_POINT('',#16946);
#5251=VERTEX_POINT('',#16948);
#5252=VERTEX_POINT('',#16952);
#5253=VERTEX_POINT('',#16954);
#5254=VERTEX_POINT('',#16963);
#5255=VERTEX_POINT('',#16964);
#5256=VERTEX_POINT('',#16966);
#5257=VERTEX_POINT('',#16968);
#5258=VERTEX_POINT('',#16972);
#5259=VERTEX_POINT('',#16974);
#5260=VERTEX_POINT('',#16978);
#5261=VERTEX_POINT('',#16980);
#5262=VERTEX_POINT('',#16989);
#5263=VERTEX_POINT('',#16990);
#5264=VERTEX_POINT('',#16992);
#5265=VERTEX_POINT('',#16994);
#5266=VERTEX_POINT('',#16998);
#5267=VERTEX_POINT('',#17000);
#5268=VERTEX_POINT('',#17004);
#5269=VERTEX_POINT('',#17006);
#5270=VERTEX_POINT('',#17015);
#5271=VERTEX_POINT('',#17016);
#5272=VERTEX_POINT('',#17018);
#5273=VERTEX_POINT('',#17020);
#5274=VERTEX_POINT('',#17024);
#5275=VERTEX_POINT('',#17026);
#5276=VERTEX_POINT('',#17030);
#5277=VERTEX_POINT('',#17032);
#5278=VERTEX_POINT('',#17041);
#5279=VERTEX_POINT('',#17042);
#5280=VERTEX_POINT('',#17044);
#5281=VERTEX_POINT('',#17046);
#5282=VERTEX_POINT('',#17050);
#5283=VERTEX_POINT('',#17052);
#5284=VERTEX_POINT('',#17056);
#5285=VERTEX_POINT('',#17058);
#5286=VERTEX_POINT('',#17067);
#5287=VERTEX_POINT('',#17068);
#5288=VERTEX_POINT('',#17070);
#5289=VERTEX_POINT('',#17072);
#5290=VERTEX_POINT('',#17076);
#5291=VERTEX_POINT('',#17078);
#5292=VERTEX_POINT('',#17082);
#5293=VERTEX_POINT('',#17084);
#5294=VERTEX_POINT('',#17093);
#5295=VERTEX_POINT('',#17094);
#5296=VERTEX_POINT('',#17096);
#5297=VERTEX_POINT('',#17098);
#5298=VERTEX_POINT('',#17102);
#5299=VERTEX_POINT('',#17104);
#5300=VERTEX_POINT('',#17108);
#5301=VERTEX_POINT('',#17110);
#5302=VERTEX_POINT('',#17119);
#5303=VERTEX_POINT('',#17120);
#5304=VERTEX_POINT('',#17122);
#5305=VERTEX_POINT('',#17124);
#5306=VERTEX_POINT('',#17128);
#5307=VERTEX_POINT('',#17130);
#5308=VERTEX_POINT('',#17134);
#5309=VERTEX_POINT('',#17136);
#5310=VERTEX_POINT('',#17145);
#5311=VERTEX_POINT('',#17147);
#5312=VERTEX_POINT('',#17152);
#5313=VERTEX_POINT('',#17154);
#5314=VERTEX_POINT('',#17158);
#5315=VERTEX_POINT('',#17160);
#5316=VERTEX_POINT('',#17164);
#5317=VERTEX_POINT('',#17167);
#5318=VERTEX_POINT('',#17171);
#5319=VERTEX_POINT('',#17174);
#5320=VERTEX_POINT('',#17179);
#5321=VERTEX_POINT('',#17180);
#5322=VERTEX_POINT('',#17182);
#5323=VERTEX_POINT('',#17184);
#5324=VERTEX_POINT('',#17188);
#5325=VERTEX_POINT('',#17189);
#5326=VERTEX_POINT('',#17194);
#5327=VERTEX_POINT('',#17198);
#5328=VERTEX_POINT('',#17207);
#5329=VERTEX_POINT('',#17208);
#5330=VERTEX_POINT('',#17210);
#5331=VERTEX_POINT('',#17212);
#5332=VERTEX_POINT('',#17216);
#5333=VERTEX_POINT('',#17217);
#5334=VERTEX_POINT('',#17222);
#5335=VERTEX_POINT('',#17224);
#5336=VERTEX_POINT('',#17228);
#5337=VERTEX_POINT('',#17229);
#5338=VERTEX_POINT('',#17231);
#5339=VERTEX_POINT('',#17233);
#5340=VERTEX_POINT('',#17237);
#5341=VERTEX_POINT('',#17239);
#5342=VERTEX_POINT('',#17245);
#5343=VERTEX_POINT('',#17247);
#5344=VERTEX_POINT('',#17253);
#5345=VERTEX_POINT('',#17254);
#5346=VERTEX_POINT('',#17257);
#5347=VERTEX_POINT('',#17259);
#5348=VERTEX_POINT('',#17264);
#5349=VERTEX_POINT('',#17266);
#5350=VERTEX_POINT('',#17270);
#5351=VERTEX_POINT('',#17274);
#5352=VERTEX_POINT('',#17282);
#5353=VERTEX_POINT('',#17283);
#5354=VERTEX_POINT('',#17285);
#5355=VERTEX_POINT('',#17287);
#5356=VERTEX_POINT('',#17291);
#5357=VERTEX_POINT('',#17292);
#5358=VERTEX_POINT('',#17297);
#5359=VERTEX_POINT('',#17299);
#5360=VERTEX_POINT('',#17303);
#5361=VERTEX_POINT('',#17304);
#5362=VERTEX_POINT('',#17306);
#5363=VERTEX_POINT('',#17308);
#5364=VERTEX_POINT('',#17312);
#5365=VERTEX_POINT('',#17314);
#5366=VERTEX_POINT('',#17320);
#5367=VERTEX_POINT('',#17322);
#5368=VERTEX_POINT('',#17328);
#5369=VERTEX_POINT('',#17329);
#5370=VERTEX_POINT('',#17332);
#5371=VERTEX_POINT('',#17334);
#5372=VERTEX_POINT('',#17339);
#5373=VERTEX_POINT('',#17341);
#5374=VERTEX_POINT('',#17345);
#5375=VERTEX_POINT('',#17349);
#5376=VERTEX_POINT('',#17357);
#5377=VERTEX_POINT('',#17358);
#5378=VERTEX_POINT('',#17360);
#5379=VERTEX_POINT('',#17362);
#5380=VERTEX_POINT('',#17366);
#5381=VERTEX_POINT('',#17368);
#5382=VERTEX_POINT('',#17372);
#5383=VERTEX_POINT('',#17373);
#5384=VERTEX_POINT('',#17375);
#5385=VERTEX_POINT('',#17377);
#5386=VERTEX_POINT('',#17380);
#5387=VERTEX_POINT('',#17383);
#5388=VERTEX_POINT('',#17384);
#5389=VERTEX_POINT('',#17386);
#5390=VERTEX_POINT('',#17388);
#5391=VERTEX_POINT('',#17391);
#5392=VERTEX_POINT('',#17392);
#5393=VERTEX_POINT('',#17394);
#5394=VERTEX_POINT('',#17396);
#5395=VERTEX_POINT('',#17399);
#5396=VERTEX_POINT('',#17400);
#5397=VERTEX_POINT('',#17402);
#5398=VERTEX_POINT('',#17404);
#5399=VERTEX_POINT('',#17408);
#5400=VERTEX_POINT('',#17415);
#5401=VERTEX_POINT('',#17416);
#5402=VERTEX_POINT('',#17421);
#5403=VERTEX_POINT('',#17423);
#5404=VERTEX_POINT('',#17427);
#5405=VERTEX_POINT('',#17428);
#5406=VERTEX_POINT('',#17430);
#5407=VERTEX_POINT('',#17433);
#5408=VERTEX_POINT('',#17435);
#5409=VERTEX_POINT('',#17439);
#5410=VERTEX_POINT('',#17441);
#5411=VERTEX_POINT('',#17445);
#5412=VERTEX_POINT('',#17447);
#5413=VERTEX_POINT('',#17451);
#5414=VERTEX_POINT('',#17455);
#5415=VERTEX_POINT('',#17459);
#5416=VERTEX_POINT('',#17461);
#5417=VERTEX_POINT('',#17465);
#5418=VERTEX_POINT('',#17467);
#5419=VERTEX_POINT('',#17471);
#5420=VERTEX_POINT('',#17477);
#5421=VERTEX_POINT('',#17479);
#5422=VERTEX_POINT('',#17481);
#5423=VERTEX_POINT('',#17483);
#5424=VERTEX_POINT('',#17495);
#5425=VERTEX_POINT('',#17496);
#5426=VERTEX_POINT('',#17498);
#5427=VERTEX_POINT('',#17500);
#5428=VERTEX_POINT('',#17502);
#5429=VERTEX_POINT('',#17504);
#5430=VERTEX_POINT('',#17506);
#5431=VERTEX_POINT('',#17508);
#5432=VERTEX_POINT('',#17510);
#5433=VERTEX_POINT('',#17512);
#5434=VERTEX_POINT('',#17514);
#5435=VERTEX_POINT('',#17516);
#5436=VERTEX_POINT('',#17519);
#5437=VERTEX_POINT('',#17520);
#5438=VERTEX_POINT('',#17523);
#5439=VERTEX_POINT('',#17525);
#5440=VERTEX_POINT('',#17531);
#5441=VERTEX_POINT('',#17533);
#5442=VERTEX_POINT('',#17543);
#5443=VERTEX_POINT('',#17545);
#5444=VERTEX_POINT('',#17553);
#5445=VERTEX_POINT('',#17555);
#5446=VERTEX_POINT('',#17560);
#5447=VERTEX_POINT('',#17562);
#5448=VERTEX_POINT('',#17566);
#5449=VERTEX_POINT('',#17567);
#5450=VERTEX_POINT('',#17569);
#5451=VERTEX_POINT('',#17571);
#5452=VERTEX_POINT('',#17573);
#5453=VERTEX_POINT('',#17575);
#5454=VERTEX_POINT('',#17577);
#5455=VERTEX_POINT('',#17580);
#5456=VERTEX_POINT('',#17582);
#5457=VERTEX_POINT('',#17584);
#5458=VERTEX_POINT('',#17588);
#5459=VERTEX_POINT('',#17589);
#5460=VERTEX_POINT('',#17591);
#5461=VERTEX_POINT('',#17593);
#5462=VERTEX_POINT('',#17595);
#5463=VERTEX_POINT('',#17597);
#5464=VERTEX_POINT('',#17599);
#5465=VERTEX_POINT('',#17601);
#5466=VERTEX_POINT('',#17604);
#5467=VERTEX_POINT('',#17607);
#5468=VERTEX_POINT('',#17609);
#5469=VERTEX_POINT('',#17611);
#5470=VERTEX_POINT('',#17613);
#5471=VERTEX_POINT('',#17615);
#5472=VERTEX_POINT('',#17617);
#5473=VERTEX_POINT('',#17619);
#5474=VERTEX_POINT('',#17621);
#5475=VERTEX_POINT('',#17623);
#5476=VERTEX_POINT('',#17625);
#5477=VERTEX_POINT('',#17627);
#5478=VERTEX_POINT('',#17629);
#5479=VERTEX_POINT('',#17633);
#5480=VERTEX_POINT('',#17637);
#5481=VERTEX_POINT('',#17638);
#5482=VERTEX_POINT('',#17642);
#5483=VERTEX_POINT('',#17646);
#5484=VERTEX_POINT('',#17647);
#5485=VERTEX_POINT('',#17650);
#5486=VERTEX_POINT('',#17655);
#5487=VERTEX_POINT('',#17657);
#5488=VERTEX_POINT('',#17659);
#5489=VERTEX_POINT('',#17661);
#5490=VERTEX_POINT('',#17663);
#5491=VERTEX_POINT('',#17669);
#5492=VERTEX_POINT('',#17670);
#5493=VERTEX_POINT('',#17673);
#5494=VERTEX_POINT('',#17675);
#5495=VERTEX_POINT('',#17677);
#5496=VERTEX_POINT('',#17680);
#5497=VERTEX_POINT('',#17682);
#5498=VERTEX_POINT('',#17693);
#5499=VERTEX_POINT('',#17695);
#5500=VERTEX_POINT('',#17699);
#5501=VERTEX_POINT('',#17705);
#5502=VERTEX_POINT('',#17706);
#5503=VERTEX_POINT('',#17709);
#5504=VERTEX_POINT('',#17711);
#5505=VERTEX_POINT('',#17714);
#5506=VERTEX_POINT('',#17716);
#5507=VERTEX_POINT('',#17719);
#5508=VERTEX_POINT('',#17721);
#5509=VERTEX_POINT('',#17724);
#5510=VERTEX_POINT('',#17727);
#5511=VERTEX_POINT('',#17739);
#5512=VERTEX_POINT('',#17741);
#5513=VERTEX_POINT('',#17743);
#5514=VERTEX_POINT('',#17747);
#5515=VERTEX_POINT('',#17749);
#5516=VERTEX_POINT('',#17751);
#5517=VERTEX_POINT('',#17757);
#5518=VERTEX_POINT('',#17759);
#5519=VERTEX_POINT('',#17761);
#5520=VERTEX_POINT('',#17765);
#5521=VERTEX_POINT('',#17767);
#5522=VERTEX_POINT('',#17769);
#5523=VERTEX_POINT('',#17773);
#5524=VERTEX_POINT('',#17775);
#5525=VERTEX_POINT('',#17777);
#5526=VERTEX_POINT('',#17783);
#5527=VERTEX_POINT('',#17785);
#5528=VERTEX_POINT('',#17787);
#5529=VERTEX_POINT('',#17793);
#5530=VERTEX_POINT('',#17795);
#5531=VERTEX_POINT('',#17797);
#5532=VERTEX_POINT('',#17803);
#5533=VERTEX_POINT('',#17805);
#5534=VERTEX_POINT('',#17807);
#5535=VERTEX_POINT('',#17816);
#5536=VERTEX_POINT('',#17817);
#5537=VERTEX_POINT('',#17819);
#5538=EDGE_CURVE('',#4580,#4580,#4390,.T.);
#5539=EDGE_CURVE('',#4580,#4581,#1856,.T.);
#5540=EDGE_CURVE('',#4581,#4581,#4391,.T.);
#5541=EDGE_CURVE('',#4582,#4582,#4392,.T.);
#5542=EDGE_CURVE('',#4582,#4583,#1857,.T.);
#5543=EDGE_CURVE('',#4583,#4583,#4393,.T.);
#5544=EDGE_CURVE('',#4584,#4584,#4394,.T.);
#5545=EDGE_CURVE('',#4584,#4585,#1858,.T.);
#5546=EDGE_CURVE('',#4585,#4585,#4395,.T.);
#5547=EDGE_CURVE('',#4586,#4586,#4396,.T.);
#5548=EDGE_CURVE('',#4586,#4587,#1859,.T.);
#5549=EDGE_CURVE('',#4587,#4587,#4397,.T.);
#5550=EDGE_CURVE('',#4588,#4588,#4398,.T.);
#5551=EDGE_CURVE('',#4588,#4589,#1860,.T.);
#5552=EDGE_CURVE('',#4589,#4589,#4399,.T.);
#5553=EDGE_CURVE('',#4590,#4590,#4400,.T.);
#5554=EDGE_CURVE('',#4590,#4591,#1861,.T.);
#5555=EDGE_CURVE('',#4591,#4591,#4401,.T.);
#5556=EDGE_CURVE('',#4592,#4592,#4402,.T.);
#5557=EDGE_CURVE('',#4592,#4593,#1862,.T.);
#5558=EDGE_CURVE('',#4593,#4593,#4403,.T.);
#5559=EDGE_CURVE('',#4594,#4594,#4404,.T.);
#5560=EDGE_CURVE('',#4594,#4595,#1863,.T.);
#5561=EDGE_CURVE('',#4595,#4595,#4405,.T.);
#5562=EDGE_CURVE('',#4596,#4596,#4406,.T.);
#5563=EDGE_CURVE('',#4596,#4597,#1864,.T.);
#5564=EDGE_CURVE('',#4597,#4597,#4407,.T.);
#5565=EDGE_CURVE('',#4598,#4598,#4408,.T.);
#5566=EDGE_CURVE('',#4598,#4599,#1865,.T.);
#5567=EDGE_CURVE('',#4599,#4599,#4409,.T.);
#5568=EDGE_CURVE('',#4600,#4600,#4410,.T.);
#5569=EDGE_CURVE('',#4600,#4601,#1866,.T.);
#5570=EDGE_CURVE('',#4601,#4601,#4411,.T.);
#5571=EDGE_CURVE('',#4602,#4602,#4412,.T.);
#5572=EDGE_CURVE('',#4602,#4603,#1867,.T.);
#5573=EDGE_CURVE('',#4603,#4603,#4413,.T.);
#5574=EDGE_CURVE('',#4604,#4604,#4414,.T.);
#5575=EDGE_CURVE('',#4604,#4605,#1868,.T.);
#5576=EDGE_CURVE('',#4605,#4605,#4415,.T.);
#5577=EDGE_CURVE('',#4606,#4606,#4416,.T.);
#5578=EDGE_CURVE('',#4606,#4607,#1869,.T.);
#5579=EDGE_CURVE('',#4607,#4607,#4417,.T.);
#5580=EDGE_CURVE('',#4608,#4608,#4418,.T.);
#5581=EDGE_CURVE('',#4608,#4609,#1870,.T.);
#5582=EDGE_CURVE('',#4609,#4609,#4419,.T.);
#5583=EDGE_CURVE('',#4610,#4610,#4420,.T.);
#5584=EDGE_CURVE('',#4610,#4611,#1871,.T.);
#5585=EDGE_CURVE('',#4611,#4611,#4421,.T.);
#5586=EDGE_CURVE('',#4612,#4612,#4422,.T.);
#5587=EDGE_CURVE('',#4612,#4613,#1872,.T.);
#5588=EDGE_CURVE('',#4613,#4613,#4423,.T.);
#5589=EDGE_CURVE('',#4614,#4614,#4424,.T.);
#5590=EDGE_CURVE('',#4614,#4615,#1873,.T.);
#5591=EDGE_CURVE('',#4615,#4615,#4425,.T.);
#5592=EDGE_CURVE('',#4616,#4616,#4426,.T.);
#5593=EDGE_CURVE('',#4616,#4617,#1874,.T.);
#5594=EDGE_CURVE('',#4617,#4617,#4427,.T.);
#5595=EDGE_CURVE('',#4618,#4618,#4428,.T.);
#5596=EDGE_CURVE('',#4618,#4619,#1875,.T.);
#5597=EDGE_CURVE('',#4619,#4619,#4429,.T.);
#5598=EDGE_CURVE('',#4620,#4620,#4430,.T.);
#5599=EDGE_CURVE('',#4620,#4621,#1876,.T.);
#5600=EDGE_CURVE('',#4621,#4621,#4431,.T.);
#5601=EDGE_CURVE('',#4622,#4622,#4432,.T.);
#5602=EDGE_CURVE('',#4622,#4623,#1877,.T.);
#5603=EDGE_CURVE('',#4623,#4623,#4433,.T.);
#5604=EDGE_CURVE('',#4624,#4624,#4434,.T.);
#5605=EDGE_CURVE('',#4624,#4625,#1878,.T.);
#5606=EDGE_CURVE('',#4625,#4625,#4435,.T.);
#5607=EDGE_CURVE('',#4626,#4626,#4436,.T.);
#5608=EDGE_CURVE('',#4626,#4627,#1879,.T.);
#5609=EDGE_CURVE('',#4627,#4627,#4437,.T.);
#5610=EDGE_CURVE('',#4628,#4628,#4438,.T.);
#5611=EDGE_CURVE('',#4628,#4629,#1880,.T.);
#5612=EDGE_CURVE('',#4629,#4629,#4439,.T.);
#5613=EDGE_CURVE('',#4630,#4630,#4440,.T.);
#5614=EDGE_CURVE('',#4630,#4631,#1881,.T.);
#5615=EDGE_CURVE('',#4631,#4631,#4441,.T.);
#5616=EDGE_CURVE('',#4632,#4632,#4442,.T.);
#5617=EDGE_CURVE('',#4632,#4633,#1882,.T.);
#5618=EDGE_CURVE('',#4633,#4633,#4443,.T.);
#5619=EDGE_CURVE('',#4634,#4634,#4444,.T.);
#5620=EDGE_CURVE('',#4634,#4635,#1883,.T.);
#5621=EDGE_CURVE('',#4635,#4635,#4445,.T.);
#5622=EDGE_CURVE('',#4636,#4636,#4446,.T.);
#5623=EDGE_CURVE('',#4636,#4637,#1884,.T.);
#5624=EDGE_CURVE('',#4637,#4637,#4447,.T.);
#5625=EDGE_CURVE('',#4638,#4638,#4448,.T.);
#5626=EDGE_CURVE('',#4638,#4639,#1885,.T.);
#5627=EDGE_CURVE('',#4639,#4639,#4449,.T.);
#5628=EDGE_CURVE('',#4640,#4641,#1886,.T.);
#5629=EDGE_CURVE('',#4641,#4642,#1887,.T.);
#5630=EDGE_CURVE('',#4643,#4642,#1888,.T.);
#5631=EDGE_CURVE('',#4640,#4643,#1889,.T.);
#5632=EDGE_CURVE('',#4644,#4640,#4450,.T.);
#5633=EDGE_CURVE('',#4645,#4643,#4451,.T.);
#5634=EDGE_CURVE('',#4644,#4645,#1890,.T.);
#5635=EDGE_CURVE('',#4646,#4644,#1891,.T.);
#5636=EDGE_CURVE('',#4647,#4645,#1892,.T.);
#5637=EDGE_CURVE('',#4646,#4647,#1893,.T.);
#5638=EDGE_CURVE('',#4648,#4646,#4452,.T.);
#5639=EDGE_CURVE('',#4649,#4647,#4453,.T.);
#5640=EDGE_CURVE('',#4648,#4649,#1894,.T.);
#5641=EDGE_CURVE('',#4650,#4648,#1895,.T.);
#5642=EDGE_CURVE('',#4651,#4649,#1896,.T.);
#5643=EDGE_CURVE('',#4650,#4651,#1897,.T.);
#5644=EDGE_CURVE('',#4652,#4650,#4454,.T.);
#5645=EDGE_CURVE('',#4653,#4651,#4455,.T.);
#5646=EDGE_CURVE('',#4652,#4653,#1898,.T.);
#5647=EDGE_CURVE('',#4654,#4652,#1899,.T.);
#5648=EDGE_CURVE('',#4655,#4653,#1900,.T.);
#5649=EDGE_CURVE('',#4654,#4655,#1901,.T.);
#5650=EDGE_CURVE('',#4641,#4654,#4456,.T.);
#5651=EDGE_CURVE('',#4642,#4655,#4457,.T.);
#5652=EDGE_CURVE('',#4656,#4657,#1902,.T.);
#5653=EDGE_CURVE('',#4658,#4656,#1903,.T.);
#5654=EDGE_CURVE('',#4659,#4658,#1904,.T.);
#5655=EDGE_CURVE('',#4657,#4659,#1905,.T.);
#5656=EDGE_CURVE('',#4657,#4660,#4458,.T.);
#5657=EDGE_CURVE('',#4661,#4659,#4459,.T.);
#5658=EDGE_CURVE('',#4660,#4661,#1906,.T.);
#5659=EDGE_CURVE('',#4660,#4662,#1907,.T.);
#5660=EDGE_CURVE('',#4663,#4661,#1908,.T.);
#5661=EDGE_CURVE('',#4662,#4663,#1909,.T.);
#5662=EDGE_CURVE('',#4662,#4664,#4460,.T.);
#5663=EDGE_CURVE('',#4665,#4663,#4461,.T.);
#5664=EDGE_CURVE('',#4664,#4665,#1910,.T.);
#5665=EDGE_CURVE('',#4664,#4666,#1911,.T.);
#5666=EDGE_CURVE('',#4667,#4665,#1912,.T.);
#5667=EDGE_CURVE('',#4666,#4667,#1913,.T.);
#5668=EDGE_CURVE('',#4666,#4668,#1914,.T.);
#5669=EDGE_CURVE('',#4669,#4667,#1915,.T.);
#5670=EDGE_CURVE('',#4668,#4669,#1916,.T.);
#5671=EDGE_CURVE('',#4668,#4670,#1917,.T.);
#5672=EDGE_CURVE('',#4671,#4669,#1918,.T.);
#5673=EDGE_CURVE('',#4670,#4671,#1919,.T.);
#5674=EDGE_CURVE('',#4670,#4672,#4462,.T.);
#5675=EDGE_CURVE('',#4673,#4671,#4463,.T.);
#5676=EDGE_CURVE('',#4672,#4673,#1920,.T.);
#5677=EDGE_CURVE('',#4672,#4674,#1921,.T.);
#5678=EDGE_CURVE('',#4675,#4673,#1922,.T.);
#5679=EDGE_CURVE('',#4674,#4675,#1923,.T.);
#5680=EDGE_CURVE('',#4674,#4676,#4464,.T.);
#5681=EDGE_CURVE('',#4677,#4675,#4465,.T.);
#5682=EDGE_CURVE('',#4676,#4677,#1924,.T.);
#5683=EDGE_CURVE('',#4676,#4678,#1925,.T.);
#5684=EDGE_CURVE('',#4679,#4677,#1926,.T.);
#5685=EDGE_CURVE('',#4678,#4679,#1927,.T.);
#5686=EDGE_CURVE('',#4656,#4678,#1928,.T.);
#5687=EDGE_CURVE('',#4679,#4658,#1929,.T.);
#5688=EDGE_CURVE('',#4680,#4658,#1930,.T.);
#5689=EDGE_CURVE('',#4681,#4680,#1931,.T.);
#5690=EDGE_CURVE('',#4679,#4681,#1932,.T.);
#5691=EDGE_CURVE('',#4682,#4678,#1933,.T.);
#5692=EDGE_CURVE('',#4683,#4682,#1934,.T.);
#5693=EDGE_CURVE('',#4656,#4683,#1935,.T.);
#5694=EDGE_CURVE('',#4684,#4685,#1936,.T.);
#5695=EDGE_CURVE('',#4686,#4684,#1937,.T.);
#5696=EDGE_CURVE('',#4687,#4686,#1938,.T.);
#5697=EDGE_CURVE('',#4685,#4687,#1939,.T.);
#5698=EDGE_CURVE('',#4685,#4688,#4466,.T.);
#5699=EDGE_CURVE('',#4689,#4687,#4467,.T.);
#5700=EDGE_CURVE('',#4688,#4689,#1940,.T.);
#5701=EDGE_CURVE('',#4688,#4690,#1941,.T.);
#5702=EDGE_CURVE('',#4691,#4689,#1942,.T.);
#5703=EDGE_CURVE('',#4690,#4691,#1943,.T.);
#5704=EDGE_CURVE('',#4690,#4692,#4468,.T.);
#5705=EDGE_CURVE('',#4693,#4691,#4469,.T.);
#5706=EDGE_CURVE('',#4692,#4693,#1944,.T.);
#5707=EDGE_CURVE('',#4692,#4694,#1945,.T.);
#5708=EDGE_CURVE('',#4695,#4693,#1946,.T.);
#5709=EDGE_CURVE('',#4694,#4695,#1947,.T.);
#5710=EDGE_CURVE('',#4694,#4696,#1948,.T.);
#5711=EDGE_CURVE('',#4697,#4695,#1949,.T.);
#5712=EDGE_CURVE('',#4696,#4697,#1950,.T.);
#5713=EDGE_CURVE('',#4696,#4698,#1951,.T.);
#5714=EDGE_CURVE('',#4699,#4697,#1952,.T.);
#5715=EDGE_CURVE('',#4698,#4699,#1953,.T.);
#5716=EDGE_CURVE('',#4698,#4700,#4470,.T.);
#5717=EDGE_CURVE('',#4701,#4699,#4471,.T.);
#5718=EDGE_CURVE('',#4700,#4701,#1954,.T.);
#5719=EDGE_CURVE('',#4700,#4702,#1955,.T.);
#5720=EDGE_CURVE('',#4703,#4701,#1956,.T.);
#5721=EDGE_CURVE('',#4702,#4703,#1957,.T.);
#5722=EDGE_CURVE('',#4702,#4704,#4472,.T.);
#5723=EDGE_CURVE('',#4705,#4703,#4473,.T.);
#5724=EDGE_CURVE('',#4704,#4705,#1958,.T.);
#5725=EDGE_CURVE('',#4704,#4706,#1959,.T.);
#5726=EDGE_CURVE('',#4707,#4705,#1960,.T.);
#5727=EDGE_CURVE('',#4706,#4707,#1961,.T.);
#5728=EDGE_CURVE('',#4684,#4706,#1962,.T.);
#5729=EDGE_CURVE('',#4707,#4686,#1963,.T.);
#5730=EDGE_CURVE('',#4708,#4686,#1964,.T.);
#5731=EDGE_CURVE('',#4709,#4708,#1965,.T.);
#5732=EDGE_CURVE('',#4707,#4709,#1966,.T.);
#5733=EDGE_CURVE('',#4710,#4706,#1967,.T.);
#5734=EDGE_CURVE('',#4711,#4710,#1968,.T.);
#5735=EDGE_CURVE('',#4684,#4711,#1969,.T.);
#5736=EDGE_CURVE('',#4681,#4712,#1970,.T.);
#5737=EDGE_CURVE('',#4712,#4713,#1971,.T.);
#5738=EDGE_CURVE('',#4713,#4682,#1972,.T.);
#5739=EDGE_CURVE('',#4713,#4714,#1973,.T.);
#5740=EDGE_CURVE('',#4709,#4714,#1974,.T.);
#5741=EDGE_CURVE('',#4715,#4708,#1975,.T.);
#5742=EDGE_CURVE('',#4715,#4716,#1976,.T.);
#5743=EDGE_CURVE('',#4683,#4716,#1977,.T.);
#5744=EDGE_CURVE('',#4717,#4712,#1978,.T.);
#5745=EDGE_CURVE('',#4714,#4717,#1979,.T.);
#5746=EDGE_CURVE('',#4717,#4710,#1980,.T.);
#5747=EDGE_CURVE('',#4718,#4680,#1981,.T.);
#5748=EDGE_CURVE('',#4716,#4718,#1982,.T.);
#5749=EDGE_CURVE('',#4718,#4719,#1983,.T.);
#5750=EDGE_CURVE('',#4711,#4719,#1984,.T.);
#5751=EDGE_CURVE('',#4719,#4715,#1985,.T.);
#5752=EDGE_CURVE('',#4720,#4721,#1986,.T.);
#5753=EDGE_CURVE('',#4720,#4722,#1987,.T.);
#5754=EDGE_CURVE('',#4722,#4723,#1988,.T.);
#5755=EDGE_CURVE('',#4724,#4723,#1989,.T.);
#5756=EDGE_CURVE('',#4725,#4724,#1990,.T.);
#5757=EDGE_CURVE('',#4726,#4725,#1991,.T.);
#5758=EDGE_CURVE('',#4726,#4727,#1992,.T.);
#5759=EDGE_CURVE('',#4728,#4727,#1993,.T.);
#5760=EDGE_CURVE('',#4729,#4728,#1994,.T.);
#5761=EDGE_CURVE('',#4729,#4730,#1995,.T.);
#5762=EDGE_CURVE('',#4730,#4731,#1996,.T.);
#5763=EDGE_CURVE('',#4721,#4731,#1997,.T.);
#5764=EDGE_CURVE('',#4732,#4733,#1998,.T.);
#5765=EDGE_CURVE('',#4733,#4734,#1999,.T.);
#5766=EDGE_CURVE('',#4734,#4735,#2000,.T.);
#5767=EDGE_CURVE('',#4736,#4735,#2001,.T.);
#5768=EDGE_CURVE('',#4736,#4737,#2002,.T.);
#5769=EDGE_CURVE('',#4737,#4738,#2003,.T.);
#5770=EDGE_CURVE('',#4738,#4739,#2004,.T.);
#5771=EDGE_CURVE('',#4740,#4739,#2005,.T.);
#5772=EDGE_CURVE('',#4740,#4741,#2006,.T.);
#5773=EDGE_CURVE('',#4741,#4742,#2007,.T.);
#5774=EDGE_CURVE('',#4742,#4743,#2008,.T.);
#5775=EDGE_CURVE('',#4744,#4743,#2009,.T.);
#5776=EDGE_CURVE('',#4744,#4745,#2010,.T.);
#5777=EDGE_CURVE('',#4745,#4746,#2011,.T.);
#5778=EDGE_CURVE('',#4747,#4746,#2012,.T.);
#5779=EDGE_CURVE('',#4747,#4732,#2013,.T.);
#5780=EDGE_CURVE('',#4748,#4749,#2014,.T.);
#5781=EDGE_CURVE('',#4749,#4750,#2015,.T.);
#5782=EDGE_CURVE('',#4750,#4751,#2016,.T.);
#5783=EDGE_CURVE('',#4751,#4748,#2017,.T.);
#5784=EDGE_CURVE('',#4724,#4747,#2018,.T.);
#5785=EDGE_CURVE('',#4746,#4725,#2019,.T.);
#5786=EDGE_CURVE('',#4745,#4751,#2020,.T.);
#5787=EDGE_CURVE('',#4741,#4744,#2021,.T.);
#5788=EDGE_CURVE('',#4737,#4740,#2022,.T.);
#5789=EDGE_CURVE('',#4733,#4736,#2023,.T.);
#5790=EDGE_CURVE('',#4748,#4732,#2024,.T.);
#5791=EDGE_CURVE('',#4723,#4732,#2025,.T.);
#5792=EDGE_CURVE('',#4749,#4723,#2026,.T.);
#5793=EDGE_CURVE('',#4726,#4750,#2027,.T.);
#5794=EDGE_CURVE('',#4745,#4726,#2028,.T.);
#5795=EDGE_CURVE('',#4731,#4722,#2029,.T.);
#5796=EDGE_CURVE('',#4727,#4730,#2030,.T.);
#5797=EDGE_CURVE('',#4752,#4753,#2031,.T.);
#5798=EDGE_CURVE('',#4754,#4753,#2032,.T.);
#5799=EDGE_CURVE('',#4755,#4754,#2033,.T.);
#5800=EDGE_CURVE('',#4755,#4752,#2034,.T.);
#5801=EDGE_CURVE('',#4756,#4753,#2035,.T.);
#5802=EDGE_CURVE('',#4757,#4756,#2036,.T.);
#5803=EDGE_CURVE('',#4757,#4754,#2037,.T.);
#5804=EDGE_CURVE('',#4758,#4756,#2038,.T.);
#5805=EDGE_CURVE('',#4759,#4758,#2039,.T.);
#5806=EDGE_CURVE('',#4759,#4757,#2040,.T.);
#5807=EDGE_CURVE('',#4760,#4758,#4474,.T.);
#5808=EDGE_CURVE('',#4761,#4760,#2041,.T.);
#5809=EDGE_CURVE('',#4761,#4759,#4475,.T.);
#5810=EDGE_CURVE('',#4762,#4760,#2042,.T.);
#5811=EDGE_CURVE('',#4763,#4762,#2043,.T.);
#5812=EDGE_CURVE('',#4763,#4761,#2044,.T.);
#5813=EDGE_CURVE('',#4764,#4762,#4476,.T.);
#5814=EDGE_CURVE('',#4765,#4764,#2045,.T.);
#5815=EDGE_CURVE('',#4765,#4763,#4477,.T.);
#5816=EDGE_CURVE('',#4743,#4764,#2046,.T.);
#5817=EDGE_CURVE('',#4742,#4765,#2047,.T.);
#5818=EDGE_CURVE('',#4744,#4766,#2048,.T.);
#5819=EDGE_CURVE('',#4767,#4766,#2049,.T.);
#5820=EDGE_CURVE('',#4741,#4767,#2050,.T.);
#5821=EDGE_CURVE('',#4766,#4768,#4478,.T.);
#5822=EDGE_CURVE('',#4769,#4768,#2051,.T.);
#5823=EDGE_CURVE('',#4767,#4769,#4479,.T.);
#5824=EDGE_CURVE('',#4768,#4770,#2052,.T.);
#5825=EDGE_CURVE('',#4771,#4770,#2053,.T.);
#5826=EDGE_CURVE('',#4769,#4771,#2054,.T.);
#5827=EDGE_CURVE('',#4770,#4752,#4480,.T.);
#5828=EDGE_CURVE('',#4771,#4755,#4481,.T.);
#5829=EDGE_CURVE('',#4772,#4773,#2055,.T.);
#5830=EDGE_CURVE('',#4774,#4772,#2056,.T.);
#5831=EDGE_CURVE('',#4774,#4775,#2057,.T.);
#5832=EDGE_CURVE('',#4775,#4773,#2058,.T.);
#5833=EDGE_CURVE('',#4776,#4772,#4482,.T.);
#5834=EDGE_CURVE('',#4777,#4776,#2059,.T.);
#5835=EDGE_CURVE('',#4777,#4774,#4483,.T.);
#5836=EDGE_CURVE('',#4778,#4776,#2060,.T.);
#5837=EDGE_CURVE('',#4779,#4778,#2061,.T.);
#5838=EDGE_CURVE('',#4779,#4777,#2062,.T.);
#5839=EDGE_CURVE('',#4780,#4778,#4484,.T.);
#5840=EDGE_CURVE('',#4781,#4780,#2063,.T.);
#5841=EDGE_CURVE('',#4781,#4779,#4485,.T.);
#5842=EDGE_CURVE('',#4727,#4780,#2064,.T.);
#5843=EDGE_CURVE('',#4730,#4781,#2065,.T.);
#5844=EDGE_CURVE('',#4728,#4782,#2066,.T.);
#5845=EDGE_CURVE('',#4783,#4782,#2067,.T.);
#5846=EDGE_CURVE('',#4729,#4783,#2068,.T.);
#5847=EDGE_CURVE('',#4782,#4784,#4486,.T.);
#5848=EDGE_CURVE('',#4785,#4784,#2069,.T.);
#5849=EDGE_CURVE('',#4783,#4785,#4487,.T.);
#5850=EDGE_CURVE('',#4784,#4786,#2070,.T.);
#5851=EDGE_CURVE('',#4787,#4786,#2071,.T.);
#5852=EDGE_CURVE('',#4785,#4787,#2072,.T.);
#5853=EDGE_CURVE('',#4786,#4788,#4488,.T.);
#5854=EDGE_CURVE('',#4789,#4788,#2073,.T.);
#5855=EDGE_CURVE('',#4787,#4789,#4489,.T.);
#5856=EDGE_CURVE('',#4788,#4790,#2074,.T.);
#5857=EDGE_CURVE('',#4791,#4790,#2075,.T.);
#5858=EDGE_CURVE('',#4789,#4791,#2076,.T.);
#5859=EDGE_CURVE('',#4790,#4773,#2077,.T.);
#5860=EDGE_CURVE('',#4791,#4775,#2078,.T.);
#5861=EDGE_CURVE('',#4792,#4793,#2079,.T.);
#5862=EDGE_CURVE('',#4794,#4793,#2080,.T.);
#5863=EDGE_CURVE('',#4795,#4794,#2081,.T.);
#5864=EDGE_CURVE('',#4795,#4792,#2082,.T.);
#5865=EDGE_CURVE('',#4796,#4793,#2083,.T.);
#5866=EDGE_CURVE('',#4797,#4796,#2084,.T.);
#5867=EDGE_CURVE('',#4797,#4794,#2085,.T.);
#5868=EDGE_CURVE('',#4798,#4796,#2086,.T.);
#5869=EDGE_CURVE('',#4799,#4798,#2087,.T.);
#5870=EDGE_CURVE('',#4799,#4797,#2088,.T.);
#5871=EDGE_CURVE('',#4800,#4798,#4490,.T.);
#5872=EDGE_CURVE('',#4801,#4800,#2089,.T.);
#5873=EDGE_CURVE('',#4801,#4799,#4491,.T.);
#5874=EDGE_CURVE('',#4802,#4800,#2090,.T.);
#5875=EDGE_CURVE('',#4803,#4802,#2091,.T.);
#5876=EDGE_CURVE('',#4803,#4801,#2092,.T.);
#5877=EDGE_CURVE('',#4804,#4802,#4492,.T.);
#5878=EDGE_CURVE('',#4805,#4804,#2093,.T.);
#5879=EDGE_CURVE('',#4805,#4803,#4493,.T.);
#5880=EDGE_CURVE('',#4739,#4804,#2094,.T.);
#5881=EDGE_CURVE('',#4738,#4805,#2095,.T.);
#5882=EDGE_CURVE('',#4740,#4806,#2096,.T.);
#5883=EDGE_CURVE('',#4807,#4806,#2097,.T.);
#5884=EDGE_CURVE('',#4737,#4807,#2098,.T.);
#5885=EDGE_CURVE('',#4806,#4808,#4494,.T.);
#5886=EDGE_CURVE('',#4809,#4808,#2099,.T.);
#5887=EDGE_CURVE('',#4807,#4809,#4495,.T.);
#5888=EDGE_CURVE('',#4808,#4810,#2100,.T.);
#5889=EDGE_CURVE('',#4811,#4810,#2101,.T.);
#5890=EDGE_CURVE('',#4809,#4811,#2102,.T.);
#5891=EDGE_CURVE('',#4810,#4792,#4496,.T.);
#5892=EDGE_CURVE('',#4811,#4795,#4497,.T.);
#5893=EDGE_CURVE('',#4812,#4813,#2103,.T.);
#5894=EDGE_CURVE('',#4814,#4813,#2104,.T.);
#5895=EDGE_CURVE('',#4815,#4814,#2105,.T.);
#5896=EDGE_CURVE('',#4815,#4812,#2106,.T.);
#5897=EDGE_CURVE('',#4816,#4813,#2107,.T.);
#5898=EDGE_CURVE('',#4817,#4816,#2108,.T.);
#5899=EDGE_CURVE('',#4817,#4814,#2109,.T.);
#5900=EDGE_CURVE('',#4818,#4816,#2110,.T.);
#5901=EDGE_CURVE('',#4819,#4818,#2111,.T.);
#5902=EDGE_CURVE('',#4819,#4817,#2112,.T.);
#5903=EDGE_CURVE('',#4820,#4818,#4498,.T.);
#5904=EDGE_CURVE('',#4821,#4820,#2113,.T.);
#5905=EDGE_CURVE('',#4821,#4819,#4499,.T.);
#5906=EDGE_CURVE('',#4822,#4820,#2114,.T.);
#5907=EDGE_CURVE('',#4823,#4822,#2115,.T.);
#5908=EDGE_CURVE('',#4823,#4821,#2116,.T.);
#5909=EDGE_CURVE('',#4824,#4822,#4500,.T.);
#5910=EDGE_CURVE('',#4825,#4824,#2117,.T.);
#5911=EDGE_CURVE('',#4825,#4823,#4501,.T.);
#5912=EDGE_CURVE('',#4735,#4824,#2118,.T.);
#5913=EDGE_CURVE('',#4734,#4825,#2119,.T.);
#5914=EDGE_CURVE('',#4736,#4826,#2120,.T.);
#5915=EDGE_CURVE('',#4827,#4826,#2121,.T.);
#5916=EDGE_CURVE('',#4733,#4827,#2122,.T.);
#5917=EDGE_CURVE('',#4826,#4828,#4502,.T.);
#5918=EDGE_CURVE('',#4829,#4828,#2123,.T.);
#5919=EDGE_CURVE('',#4827,#4829,#4503,.T.);
#5920=EDGE_CURVE('',#4828,#4830,#2124,.T.);
#5921=EDGE_CURVE('',#4831,#4830,#2125,.T.);
#5922=EDGE_CURVE('',#4829,#4831,#2126,.T.);
#5923=EDGE_CURVE('',#4830,#4812,#4504,.T.);
#5924=EDGE_CURVE('',#4831,#4815,#4505,.T.);
#5925=EDGE_CURVE('',#4832,#4833,#2127,.T.);
#5926=EDGE_CURVE('',#4834,#4832,#2128,.T.);
#5927=EDGE_CURVE('',#4834,#4835,#2129,.T.);
#5928=EDGE_CURVE('',#4835,#4833,#2130,.T.);
#5929=EDGE_CURVE('',#4836,#4832,#4506,.T.);
#5930=EDGE_CURVE('',#4837,#4836,#2131,.T.);
#5931=EDGE_CURVE('',#4837,#4834,#4507,.T.);
#5932=EDGE_CURVE('',#4838,#4836,#2132,.T.);
#5933=EDGE_CURVE('',#4839,#4838,#2133,.T.);
#5934=EDGE_CURVE('',#4839,#4837,#2134,.T.);
#5935=EDGE_CURVE('',#4840,#4838,#4508,.T.);
#5936=EDGE_CURVE('',#4841,#4840,#2135,.T.);
#5937=EDGE_CURVE('',#4841,#4839,#4509,.T.);
#5938=EDGE_CURVE('',#4731,#4840,#2136,.T.);
#5939=EDGE_CURVE('',#4722,#4841,#2137,.T.);
#5940=EDGE_CURVE('',#4721,#4842,#2138,.T.);
#5941=EDGE_CURVE('',#4843,#4842,#2139,.T.);
#5942=EDGE_CURVE('',#4720,#4843,#2140,.T.);
#5943=EDGE_CURVE('',#4842,#4844,#4510,.T.);
#5944=EDGE_CURVE('',#4845,#4844,#2141,.T.);
#5945=EDGE_CURVE('',#4843,#4845,#4511,.T.);
#5946=EDGE_CURVE('',#4844,#4846,#2142,.T.);
#5947=EDGE_CURVE('',#4847,#4846,#2143,.T.);
#5948=EDGE_CURVE('',#4845,#4847,#2144,.T.);
#5949=EDGE_CURVE('',#4846,#4848,#4512,.T.);
#5950=EDGE_CURVE('',#4849,#4848,#2145,.T.);
#5951=EDGE_CURVE('',#4847,#4849,#4513,.T.);
#5952=EDGE_CURVE('',#4848,#4850,#2146,.T.);
#5953=EDGE_CURVE('',#4851,#4850,#2147,.T.);
#5954=EDGE_CURVE('',#4849,#4851,#2148,.T.);
#5955=EDGE_CURVE('',#4850,#4833,#2149,.T.);
#5956=EDGE_CURVE('',#4851,#4835,#2150,.T.);
#5957=EDGE_CURVE('',#4852,#4853,#2151,.T.);
#5958=EDGE_CURVE('',#4854,#4852,#2152,.T.);
#5959=EDGE_CURVE('',#4855,#4854,#2153,.T.);
#5960=EDGE_CURVE('',#4855,#4856,#2154,.T.);
#5961=EDGE_CURVE('',#4857,#4856,#2155,.T.);
#5962=EDGE_CURVE('',#4858,#4857,#2156,.T.);
#5963=EDGE_CURVE('',#4859,#4858,#2157,.T.);
#5964=EDGE_CURVE('',#4859,#4853,#2158,.T.);
#5965=EDGE_CURVE('',#4860,#4861,#2159,.T.);
#5966=EDGE_CURVE('',#4861,#4859,#2160,.T.);
#5967=EDGE_CURVE('',#4858,#4860,#2161,.T.);
#5968=EDGE_CURVE('',#4862,#4863,#2162,.T.);
#5969=EDGE_CURVE('',#4863,#4857,#2163,.T.);
#5970=EDGE_CURVE('',#4856,#4862,#2164,.T.);
#5971=EDGE_CURVE('',#4860,#4863,#2165,.T.);
#5972=EDGE_CURVE('',#4853,#4864,#2166,.T.);
#5973=EDGE_CURVE('',#4861,#4862,#2167,.T.);
#5974=EDGE_CURVE('',#4865,#4855,#2168,.T.);
#5975=EDGE_CURVE('',#4864,#4865,#2169,.T.);
#5976=EDGE_CURVE('',#4866,#4865,#2170,.T.);
#5977=EDGE_CURVE('',#4866,#4867,#2171,.T.);
#5978=EDGE_CURVE('',#4864,#4867,#2172,.T.);
#5979=EDGE_CURVE('',#4854,#4868,#2173,.T.);
#5980=EDGE_CURVE('',#4868,#4869,#2174,.T.);
#5981=EDGE_CURVE('',#4869,#4870,#2175,.T.);
#5982=EDGE_CURVE('',#4870,#4871,#2176,.T.);
#5983=EDGE_CURVE('',#4871,#4872,#2177,.T.);
#5984=EDGE_CURVE('',#4872,#4873,#2178,.T.);
#5985=EDGE_CURVE('',#4873,#4874,#2179,.T.);
#5986=EDGE_CURVE('',#4874,#4875,#2180,.T.);
#5987=EDGE_CURVE('',#4875,#4876,#2181,.T.);
#5988=EDGE_CURVE('',#4876,#4877,#2182,.T.);
#5989=EDGE_CURVE('',#4877,#4878,#2183,.T.);
#5990=EDGE_CURVE('',#4878,#4879,#2184,.T.);
#5991=EDGE_CURVE('',#4879,#4880,#2185,.T.);
#5992=EDGE_CURVE('',#4880,#4881,#2186,.T.);
#5993=EDGE_CURVE('',#4881,#4882,#2187,.T.);
#5994=EDGE_CURVE('',#4882,#4883,#2188,.T.);
#5995=EDGE_CURVE('',#4883,#4884,#2189,.T.);
#5996=EDGE_CURVE('',#4884,#4885,#2190,.T.);
#5997=EDGE_CURVE('',#4885,#4886,#2191,.T.);
#5998=EDGE_CURVE('',#4886,#4887,#2192,.T.);
#5999=EDGE_CURVE('',#4887,#4888,#2193,.T.);
#6000=EDGE_CURVE('',#4888,#4889,#2194,.T.);
#6001=EDGE_CURVE('',#4889,#4890,#2195,.T.);
#6002=EDGE_CURVE('',#4890,#4891,#2196,.T.);
#6003=EDGE_CURVE('',#4891,#4866,#2197,.T.);
#6004=EDGE_CURVE('',#4892,#4882,#2198,.T.);
#6005=EDGE_CURVE('',#4893,#4892,#2199,.T.);
#6006=EDGE_CURVE('',#4894,#4893,#2200,.T.);
#6007=EDGE_CURVE('',#4895,#4894,#2201,.T.);
#6008=EDGE_CURVE('',#4895,#4896,#2202,.T.);
#6009=EDGE_CURVE('',#4897,#4896,#2203,.T.);
#6010=EDGE_CURVE('',#4883,#4897,#2204,.T.);
#6011=EDGE_CURVE('',#4898,#4899,#2205,.T.);
#6012=EDGE_CURVE('',#4899,#4895,#2206,.T.);
#6013=EDGE_CURVE('',#4894,#4898,#2207,.T.);
#6014=EDGE_CURVE('',#4900,#4901,#2208,.T.);
#6015=EDGE_CURVE('',#4901,#4897,#2209,.T.);
#6016=EDGE_CURVE('',#4896,#4900,#2210,.T.);
#6017=EDGE_CURVE('',#4898,#4901,#2211,.T.);
#6018=EDGE_CURVE('',#4902,#4893,#2212,.T.);
#6019=EDGE_CURVE('',#4884,#4902,#2213,.T.);
#6020=EDGE_CURVE('',#4899,#4900,#2214,.T.);
#6021=EDGE_CURVE('',#4903,#4902,#2215,.T.);
#6022=EDGE_CURVE('',#4903,#4885,#2216,.T.);
#6023=EDGE_CURVE('',#4904,#4905,#2217,.T.);
#6024=EDGE_CURVE('',#4870,#4904,#2218,.T.);
#6025=EDGE_CURVE('',#4869,#4906,#2219,.T.);
#6026=EDGE_CURVE('',#4907,#4906,#2220,.T.);
#6027=EDGE_CURVE('',#4908,#4907,#2221,.T.);
#6028=EDGE_CURVE('',#4909,#4908,#2222,.T.);
#6029=EDGE_CURVE('',#4909,#4905,#2223,.T.);
#6030=EDGE_CURVE('',#4910,#4909,#2224,.T.);
#6031=EDGE_CURVE('',#4908,#4911,#2225,.T.);
#6032=EDGE_CURVE('',#4911,#4910,#2226,.T.);
#6033=EDGE_CURVE('',#4906,#4912,#2227,.T.);
#6034=EDGE_CURVE('',#4912,#4913,#2228,.T.);
#6035=EDGE_CURVE('',#4913,#4907,#2229,.T.);
#6036=EDGE_CURVE('',#4911,#4913,#2230,.T.);
#6037=EDGE_CURVE('',#4910,#4912,#2231,.T.);
#6038=EDGE_CURVE('',#4905,#4914,#2232,.T.);
#6039=EDGE_CURVE('',#4914,#4868,#2233,.T.);
#6040=EDGE_CURVE('',#4914,#4852,#2234,.T.);
#6041=EDGE_CURVE('',#4915,#4916,#2235,.T.);
#6042=EDGE_CURVE('',#4881,#4915,#2236,.T.);
#6043=EDGE_CURVE('',#4880,#4917,#2237,.T.);
#6044=EDGE_CURVE('',#4918,#4917,#2238,.T.);
#6045=EDGE_CURVE('',#4919,#4918,#2239,.T.);
#6046=EDGE_CURVE('',#4920,#4919,#2240,.T.);
#6047=EDGE_CURVE('',#4920,#4916,#2241,.T.);
#6048=EDGE_CURVE('',#4919,#4921,#2242,.T.);
#6049=EDGE_CURVE('',#4921,#4922,#2243,.T.);
#6050=EDGE_CURVE('',#4922,#4920,#2244,.T.);
#6051=EDGE_CURVE('',#4917,#4923,#2245,.T.);
#6052=EDGE_CURVE('',#4923,#4924,#2246,.T.);
#6053=EDGE_CURVE('',#4924,#4918,#2247,.T.);
#6054=EDGE_CURVE('',#4916,#4925,#2248,.T.);
#6055=EDGE_CURVE('',#4922,#4923,#2249,.T.);
#6056=EDGE_CURVE('',#4925,#4879,#2250,.T.);
#6057=EDGE_CURVE('',#4921,#4924,#2251,.T.);
#6058=EDGE_CURVE('',#4867,#4926,#2252,.T.);
#6059=EDGE_CURVE('',#4926,#4927,#2253,.T.);
#6060=EDGE_CURVE('',#4927,#4928,#2254,.T.);
#6061=EDGE_CURVE('',#4928,#4929,#2255,.T.);
#6062=EDGE_CURVE('',#4929,#4930,#2256,.T.);
#6063=EDGE_CURVE('',#4930,#4931,#2257,.T.);
#6064=EDGE_CURVE('',#4931,#4903,#2258,.T.);
#6065=EDGE_CURVE('',#4892,#4915,#2259,.T.);
#6066=EDGE_CURVE('',#4925,#4932,#2260,.T.);
#6067=EDGE_CURVE('',#4932,#4933,#2261,.T.);
#6068=EDGE_CURVE('',#4933,#4934,#2262,.T.);
#6069=EDGE_CURVE('',#4934,#4935,#2263,.T.);
#6070=EDGE_CURVE('',#4935,#4936,#2264,.T.);
#6071=EDGE_CURVE('',#4936,#4937,#2265,.T.);
#6072=EDGE_CURVE('',#4937,#4938,#2266,.T.);
#6073=EDGE_CURVE('',#4938,#4939,#2267,.T.);
#6074=EDGE_CURVE('',#4939,#4904,#2268,.T.);
#6075=EDGE_CURVE('',#4878,#4932,#2269,.T.);
#6076=EDGE_CURVE('',#4891,#4940,#2270,.T.);
#6077=EDGE_CURVE('',#4941,#4940,#2271,.T.);
#6078=EDGE_CURVE('',#4942,#4941,#2272,.T.);
#6079=EDGE_CURVE('',#4943,#4942,#2273,.T.);
#6080=EDGE_CURVE('',#4943,#4926,#2274,.T.);
#6081=EDGE_CURVE('',#4890,#4944,#2275,.T.);
#6082=EDGE_CURVE('',#4940,#4944,#2276,.T.);
#6083=EDGE_CURVE('',#4945,#4943,#2277,.T.);
#6084=EDGE_CURVE('',#4945,#4927,#2278,.T.);
#6085=EDGE_CURVE('',#4942,#4946,#2279,.T.);
#6086=EDGE_CURVE('',#4946,#4945,#2280,.T.);
#6087=EDGE_CURVE('',#4947,#4941,#2281,.T.);
#6088=EDGE_CURVE('',#4944,#4947,#2282,.T.);
#6089=EDGE_CURVE('',#4946,#4947,#2283,.T.);
#6090=EDGE_CURVE('',#4928,#4889,#2284,.T.);
#6091=EDGE_CURVE('',#4888,#4929,#2285,.T.);
#6092=EDGE_CURVE('',#4948,#4931,#2286,.T.);
#6093=EDGE_CURVE('',#4949,#4948,#2287,.T.);
#6094=EDGE_CURVE('',#4949,#4950,#2288,.T.);
#6095=EDGE_CURVE('',#4951,#4950,#2289,.T.);
#6096=EDGE_CURVE('',#4886,#4951,#2290,.T.);
#6097=EDGE_CURVE('',#4952,#4930,#2291,.T.);
#6098=EDGE_CURVE('',#4948,#4952,#2292,.T.);
#6099=EDGE_CURVE('',#4953,#4949,#2293,.T.);
#6100=EDGE_CURVE('',#4952,#4953,#2294,.T.);
#6101=EDGE_CURVE('',#4950,#4954,#2295,.T.);
#6102=EDGE_CURVE('',#4954,#4955,#2296,.T.);
#6103=EDGE_CURVE('',#4955,#4951,#2297,.T.);
#6104=EDGE_CURVE('',#4887,#4955,#2298,.T.);
#6105=EDGE_CURVE('',#4953,#4954,#2299,.T.);
#6106=EDGE_CURVE('',#4874,#4936,#2300,.T.);
#6107=EDGE_CURVE('',#4873,#4956,#2301,.T.);
#6108=EDGE_CURVE('',#4957,#4956,#2302,.T.);
#6109=EDGE_CURVE('',#4958,#4957,#2303,.T.);
#6110=EDGE_CURVE('',#4959,#4958,#2304,.T.);
#6111=EDGE_CURVE('',#4959,#4937,#2305,.T.);
#6112=EDGE_CURVE('',#4872,#4960,#2306,.T.);
#6113=EDGE_CURVE('',#4956,#4960,#2307,.T.);
#6114=EDGE_CURVE('',#4961,#4959,#2308,.T.);
#6115=EDGE_CURVE('',#4961,#4938,#2309,.T.);
#6116=EDGE_CURVE('',#4958,#4962,#2310,.T.);
#6117=EDGE_CURVE('',#4962,#4961,#2311,.T.);
#6118=EDGE_CURVE('',#4960,#4963,#2312,.T.);
#6119=EDGE_CURVE('',#4963,#4957,#2313,.T.);
#6120=EDGE_CURVE('',#4962,#4963,#2314,.T.);
#6121=EDGE_CURVE('',#4939,#4871,#2315,.T.);
#6122=EDGE_CURVE('',#4935,#4875,#2316,.T.);
#6123=EDGE_CURVE('',#4877,#4964,#2317,.T.);
#6124=EDGE_CURVE('',#4965,#4964,#2318,.T.);
#6125=EDGE_CURVE('',#4966,#4965,#2319,.T.);
#6126=EDGE_CURVE('',#4967,#4966,#2320,.T.);
#6127=EDGE_CURVE('',#4967,#4933,#2321,.T.);
#6128=EDGE_CURVE('',#4876,#4968,#2322,.T.);
#6129=EDGE_CURVE('',#4964,#4968,#2323,.T.);
#6130=EDGE_CURVE('',#4969,#4967,#2324,.T.);
#6131=EDGE_CURVE('',#4969,#4934,#2325,.T.);
#6132=EDGE_CURVE('',#4966,#4970,#2326,.T.);
#6133=EDGE_CURVE('',#4970,#4969,#2327,.T.);
#6134=EDGE_CURVE('',#4968,#4971,#2328,.T.);
#6135=EDGE_CURVE('',#4971,#4965,#2329,.T.);
#6136=EDGE_CURVE('',#4970,#4971,#2330,.T.);
#6137=EDGE_CURVE('',#4972,#4973,#2331,.T.);
#6138=EDGE_CURVE('',#4973,#4974,#2332,.T.);
#6139=EDGE_CURVE('',#4974,#4975,#2333,.T.);
#6140=EDGE_CURVE('',#4975,#4976,#4514,.T.);
#6141=EDGE_CURVE('',#4976,#4977,#2334,.T.);
#6142=EDGE_CURVE('',#4977,#4978,#4515,.T.);
#6143=EDGE_CURVE('',#4978,#4979,#2335,.T.);
#6144=EDGE_CURVE('',#4980,#4979,#2336,.T.);
#6145=EDGE_CURVE('',#4980,#4981,#2337,.T.);
#6146=EDGE_CURVE('',#4981,#4982,#4516,.T.);
#6147=EDGE_CURVE('',#4982,#4983,#2338,.T.);
#6148=EDGE_CURVE('',#4983,#4972,#4517,.T.);
#6149=EDGE_CURVE('',#4984,#4973,#2339,.T.);
#6150=EDGE_CURVE('',#4985,#4984,#2340,.T.);
#6151=EDGE_CURVE('',#4974,#4985,#2341,.T.);
#6152=EDGE_CURVE('',#4986,#4985,#2342,.T.);
#6153=EDGE_CURVE('',#4975,#4986,#2343,.T.);
#6154=EDGE_CURVE('',#4987,#4986,#4518,.T.);
#6155=EDGE_CURVE('',#4976,#4987,#2344,.T.);
#6156=EDGE_CURVE('',#4988,#4987,#2345,.T.);
#6157=EDGE_CURVE('',#4977,#4988,#2346,.T.);
#6158=EDGE_CURVE('',#4989,#4988,#4519,.T.);
#6159=EDGE_CURVE('',#4978,#4989,#2347,.T.);
#6160=EDGE_CURVE('',#4990,#4989,#2348,.T.);
#6161=EDGE_CURVE('',#4990,#4979,#2349,.T.);
#6162=EDGE_CURVE('',#4991,#4980,#2350,.T.);
#6163=EDGE_CURVE('',#4992,#4991,#2351,.T.);
#6164=EDGE_CURVE('',#4981,#4992,#2352,.T.);
#6165=EDGE_CURVE('',#4993,#4992,#4520,.T.);
#6166=EDGE_CURVE('',#4982,#4993,#2353,.T.);
#6167=EDGE_CURVE('',#4994,#4993,#2354,.T.);
#6168=EDGE_CURVE('',#4983,#4994,#2355,.T.);
#6169=EDGE_CURVE('',#4995,#4994,#4521,.T.);
#6170=EDGE_CURVE('',#4972,#4995,#2356,.T.);
#6171=EDGE_CURVE('',#4984,#4995,#2357,.T.);
#6172=EDGE_CURVE('',#4990,#4991,#2358,.T.);
#6173=EDGE_CURVE('',#4979,#4996,#2359,.T.);
#6174=EDGE_CURVE('',#4997,#4996,#2360,.T.);
#6175=EDGE_CURVE('',#4980,#4997,#2361,.T.);
#6176=EDGE_CURVE('',#4998,#4991,#2362,.T.);
#6177=EDGE_CURVE('',#4998,#4999,#2363,.T.);
#6178=EDGE_CURVE('',#4999,#4990,#2364,.T.);
#6179=EDGE_CURVE('',#5000,#5001,#2365,.T.);
#6180=EDGE_CURVE('',#5002,#5001,#2366,.T.);
#6181=EDGE_CURVE('',#5003,#5002,#2367,.T.);
#6182=EDGE_CURVE('',#5003,#5000,#2368,.T.);
#6183=EDGE_CURVE('',#5004,#5005,#2369,.T.);
#6184=EDGE_CURVE('',#5006,#5005,#2370,.T.);
#6185=EDGE_CURVE('',#5007,#5006,#2371,.T.);
#6186=EDGE_CURVE('',#5007,#5004,#2372,.T.);
#6187=EDGE_CURVE('',#5008,#5009,#2373,.T.);
#6188=EDGE_CURVE('',#5010,#5008,#2374,.T.);
#6189=EDGE_CURVE('',#5010,#5011,#2375,.T.);
#6190=EDGE_CURVE('',#5011,#5009,#2376,.T.);
#6191=EDGE_CURVE('',#5012,#5013,#2377,.T.);
#6192=EDGE_CURVE('',#5014,#5012,#2378,.T.);
#6193=EDGE_CURVE('',#5014,#5015,#2379,.T.);
#6194=EDGE_CURVE('',#5015,#5013,#2380,.T.);
#6195=EDGE_CURVE('',#5016,#5017,#2381,.T.);
#6196=EDGE_CURVE('',#5018,#5016,#2382,.T.);
#6197=EDGE_CURVE('',#5018,#5019,#2383,.T.);
#6198=EDGE_CURVE('',#5019,#5017,#2384,.T.);
#6199=EDGE_CURVE('',#5020,#5021,#2385,.T.);
#6200=EDGE_CURVE('',#5021,#5013,#2386,.T.);
#6201=EDGE_CURVE('',#5020,#5015,#2387,.T.);
#6202=EDGE_CURVE('',#5011,#5006,#2388,.T.);
#6203=EDGE_CURVE('',#5010,#5007,#2389,.T.);
#6204=EDGE_CURVE('',#5022,#5020,#2390,.T.);
#6205=EDGE_CURVE('',#5022,#5023,#2391,.T.);
#6206=EDGE_CURVE('',#5023,#5021,#2392,.T.);
#6207=EDGE_CURVE('',#5024,#5025,#2393,.T.);
#6208=EDGE_CURVE('',#5026,#5024,#2394,.T.);
#6209=EDGE_CURVE('',#5026,#5027,#2395,.T.);
#6210=EDGE_CURVE('',#5027,#5025,#2396,.T.);
#6211=EDGE_CURVE('',#5028,#5029,#2397,.T.);
#6212=EDGE_CURVE('',#5029,#5030,#2398,.T.);
#6213=EDGE_CURVE('',#5031,#5030,#2399,.T.);
#6214=EDGE_CURVE('',#5028,#5031,#2400,.T.);
#6215=EDGE_CURVE('',#5032,#5033,#2401,.T.);
#6216=EDGE_CURVE('',#5034,#5033,#2402,.T.);
#6217=EDGE_CURVE('',#5035,#5034,#2403,.T.);
#6218=EDGE_CURVE('',#5035,#5032,#2404,.T.);
#6219=EDGE_CURVE('',#5036,#5033,#2405,.T.);
#6220=EDGE_CURVE('',#5037,#5036,#2406,.T.);
#6221=EDGE_CURVE('',#5037,#5034,#2407,.T.);
#6222=EDGE_CURVE('',#5038,#5036,#2408,.T.);
#6223=EDGE_CURVE('',#5039,#5038,#2409,.T.);
#6224=EDGE_CURVE('',#5039,#5037,#2410,.T.);
#6225=EDGE_CURVE('',#5040,#5038,#4522,.T.);
#6226=EDGE_CURVE('',#5041,#5040,#2411,.T.);
#6227=EDGE_CURVE('',#5041,#5039,#4523,.T.);
#6228=EDGE_CURVE('',#5042,#5040,#2412,.T.);
#6229=EDGE_CURVE('',#5043,#5042,#2413,.T.);
#6230=EDGE_CURVE('',#5043,#5041,#2414,.T.);
#6231=EDGE_CURVE('',#5044,#5042,#4524,.T.);
#6232=EDGE_CURVE('',#5045,#5044,#2415,.T.);
#6233=EDGE_CURVE('',#5045,#5043,#4525,.T.);
#6234=EDGE_CURVE('',#5002,#5044,#2416,.T.);
#6235=EDGE_CURVE('',#5017,#5002,#2417,.T.);
#6236=EDGE_CURVE('',#5017,#5045,#2418,.T.);
#6237=EDGE_CURVE('',#5003,#5046,#2419,.T.);
#6238=EDGE_CURVE('',#5047,#5046,#2420,.T.);
#6239=EDGE_CURVE('',#5019,#5047,#2421,.T.);
#6240=EDGE_CURVE('',#5019,#5003,#2422,.T.);
#6241=EDGE_CURVE('',#5046,#5048,#4526,.T.);
#6242=EDGE_CURVE('',#5049,#5048,#2423,.T.);
#6243=EDGE_CURVE('',#5047,#5049,#4527,.T.);
#6244=EDGE_CURVE('',#5048,#5050,#2424,.T.);
#6245=EDGE_CURVE('',#5051,#5050,#2425,.T.);
#6246=EDGE_CURVE('',#5049,#5051,#2426,.T.);
#6247=EDGE_CURVE('',#5050,#5032,#4528,.T.);
#6248=EDGE_CURVE('',#5051,#5035,#4529,.T.);
#6249=EDGE_CURVE('',#5007,#5024,#2427,.T.);
#6250=EDGE_CURVE('',#5025,#5015,#2428,.T.);
#6251=EDGE_CURVE('',#5000,#5014,#2429,.T.);
#6252=EDGE_CURVE('',#5004,#5018,#2430,.T.);
#6253=EDGE_CURVE('',#5029,#5006,#2431,.T.);
#6254=EDGE_CURVE('',#5005,#5016,#2432,.T.);
#6255=EDGE_CURVE('',#5001,#5012,#2433,.T.);
#6256=EDGE_CURVE('',#5013,#5030,#2434,.T.);
#6257=EDGE_CURVE('',#5026,#5010,#2435,.T.);
#6258=EDGE_CURVE('',#5008,#4998,#2436,.T.);
#6259=EDGE_CURVE('',#4997,#5022,#2437,.T.);
#6260=EDGE_CURVE('',#5020,#5027,#2438,.T.);
#6261=EDGE_CURVE('',#5011,#5028,#2439,.T.);
#6262=EDGE_CURVE('',#5031,#5021,#2440,.T.);
#6263=EDGE_CURVE('',#4996,#5023,#2441,.T.);
#6264=EDGE_CURVE('',#5009,#4999,#2442,.T.);
#6265=EDGE_CURVE('',#5052,#5053,#2443,.T.);
#6266=EDGE_CURVE('',#5054,#5052,#2444,.T.);
#6267=EDGE_CURVE('',#5054,#5055,#2445,.T.);
#6268=EDGE_CURVE('',#5055,#5053,#2446,.T.);
#6269=EDGE_CURVE('',#5056,#5052,#4530,.T.);
#6270=EDGE_CURVE('',#5057,#5056,#2447,.T.);
#6271=EDGE_CURVE('',#5057,#5054,#4531,.T.);
#6272=EDGE_CURVE('',#5058,#5056,#2448,.T.);
#6273=EDGE_CURVE('',#5059,#5058,#2449,.T.);
#6274=EDGE_CURVE('',#5059,#5057,#2450,.T.);
#6275=EDGE_CURVE('',#5060,#5058,#4532,.T.);
#6276=EDGE_CURVE('',#5061,#5060,#2451,.T.);
#6277=EDGE_CURVE('',#5061,#5059,#4533,.T.);
#6278=EDGE_CURVE('',#4998,#5060,#2452,.T.);
#6279=EDGE_CURVE('',#5008,#5061,#2453,.T.);
#6280=EDGE_CURVE('',#4999,#5062,#2454,.T.);
#6281=EDGE_CURVE('',#5063,#5062,#2455,.T.);
#6282=EDGE_CURVE('',#5009,#5063,#2456,.T.);
#6283=EDGE_CURVE('',#5062,#5064,#4534,.T.);
#6284=EDGE_CURVE('',#5065,#5064,#2457,.T.);
#6285=EDGE_CURVE('',#5063,#5065,#4535,.T.);
#6286=EDGE_CURVE('',#5064,#5066,#2458,.T.);
#6287=EDGE_CURVE('',#5067,#5066,#2459,.T.);
#6288=EDGE_CURVE('',#5065,#5067,#2460,.T.);
#6289=EDGE_CURVE('',#5066,#5068,#4536,.T.);
#6290=EDGE_CURVE('',#5069,#5068,#2461,.T.);
#6291=EDGE_CURVE('',#5067,#5069,#4537,.T.);
#6292=EDGE_CURVE('',#5068,#5070,#2462,.T.);
#6293=EDGE_CURVE('',#5071,#5070,#2463,.T.);
#6294=EDGE_CURVE('',#5069,#5071,#2464,.T.);
#6295=EDGE_CURVE('',#5070,#5053,#2465,.T.);
#6296=EDGE_CURVE('',#5071,#5055,#2466,.T.);
#6297=EDGE_CURVE('',#5072,#5073,#2467,.T.);
#6298=EDGE_CURVE('',#5074,#5072,#2468,.T.);
#6299=EDGE_CURVE('',#5074,#5075,#2469,.T.);
#6300=EDGE_CURVE('',#5075,#5073,#2470,.T.);
#6301=EDGE_CURVE('',#5076,#5072,#4538,.T.);
#6302=EDGE_CURVE('',#5077,#5076,#2471,.T.);
#6303=EDGE_CURVE('',#5077,#5074,#4539,.T.);
#6304=EDGE_CURVE('',#5078,#5076,#2472,.T.);
#6305=EDGE_CURVE('',#5079,#5078,#2473,.T.);
#6306=EDGE_CURVE('',#5079,#5077,#2474,.T.);
#6307=EDGE_CURVE('',#5080,#5078,#4540,.T.);
#6308=EDGE_CURVE('',#5081,#5080,#2475,.T.);
#6309=EDGE_CURVE('',#5081,#5079,#4541,.T.);
#6310=EDGE_CURVE('',#5022,#5080,#2476,.T.);
#6311=EDGE_CURVE('',#4997,#5081,#2477,.T.);
#6312=EDGE_CURVE('',#5023,#5082,#2478,.T.);
#6313=EDGE_CURVE('',#5083,#5082,#2479,.T.);
#6314=EDGE_CURVE('',#4996,#5083,#2480,.T.);
#6315=EDGE_CURVE('',#5082,#5084,#4542,.T.);
#6316=EDGE_CURVE('',#5085,#5084,#2481,.T.);
#6317=EDGE_CURVE('',#5083,#5085,#4543,.T.);
#6318=EDGE_CURVE('',#5084,#5086,#2482,.T.);
#6319=EDGE_CURVE('',#5087,#5086,#2483,.T.);
#6320=EDGE_CURVE('',#5085,#5087,#2484,.T.);
#6321=EDGE_CURVE('',#5086,#5088,#4544,.T.);
#6322=EDGE_CURVE('',#5089,#5088,#2485,.T.);
#6323=EDGE_CURVE('',#5087,#5089,#4545,.T.);
#6324=EDGE_CURVE('',#5088,#5090,#2486,.T.);
#6325=EDGE_CURVE('',#5091,#5090,#2487,.T.);
#6326=EDGE_CURVE('',#5089,#5091,#2488,.T.);
#6327=EDGE_CURVE('',#5090,#5073,#2489,.T.);
#6328=EDGE_CURVE('',#5091,#5075,#2490,.T.);
#6329=EDGE_CURVE('',#5092,#5093,#2491,.T.);
#6330=EDGE_CURVE('',#5094,#5093,#2492,.T.);
#6331=EDGE_CURVE('',#5095,#5094,#2493,.T.);
#6332=EDGE_CURVE('',#5095,#5092,#2494,.T.);
#6333=EDGE_CURVE('',#5096,#5093,#2495,.T.);
#6334=EDGE_CURVE('',#5097,#5096,#2496,.T.);
#6335=EDGE_CURVE('',#5097,#5094,#2497,.T.);
#6336=EDGE_CURVE('',#5098,#5096,#2498,.T.);
#6337=EDGE_CURVE('',#5099,#5098,#2499,.T.);
#6338=EDGE_CURVE('',#5099,#5097,#2500,.T.);
#6339=EDGE_CURVE('',#5100,#5098,#4546,.T.);
#6340=EDGE_CURVE('',#5101,#5100,#2501,.T.);
#6341=EDGE_CURVE('',#5101,#5099,#4547,.T.);
#6342=EDGE_CURVE('',#5102,#5100,#2502,.T.);
#6343=EDGE_CURVE('',#5103,#5102,#2503,.T.);
#6344=EDGE_CURVE('',#5103,#5101,#2504,.T.);
#6345=EDGE_CURVE('',#5104,#5102,#4548,.T.);
#6346=EDGE_CURVE('',#5105,#5104,#2505,.T.);
#6347=EDGE_CURVE('',#5105,#5103,#4549,.T.);
#6348=EDGE_CURVE('',#5016,#5104,#2506,.T.);
#6349=EDGE_CURVE('',#5005,#5105,#2507,.T.);
#6350=EDGE_CURVE('',#5018,#5106,#2508,.T.);
#6351=EDGE_CURVE('',#5107,#5106,#2509,.T.);
#6352=EDGE_CURVE('',#5004,#5107,#2510,.T.);
#6353=EDGE_CURVE('',#5106,#5108,#4550,.T.);
#6354=EDGE_CURVE('',#5109,#5108,#2511,.T.);
#6355=EDGE_CURVE('',#5107,#5109,#4551,.T.);
#6356=EDGE_CURVE('',#5108,#5110,#2512,.T.);
#6357=EDGE_CURVE('',#5111,#5110,#2513,.T.);
#6358=EDGE_CURVE('',#5109,#5111,#2514,.T.);
#6359=EDGE_CURVE('',#5110,#5092,#4552,.T.);
#6360=EDGE_CURVE('',#5111,#5095,#4553,.T.);
#6361=EDGE_CURVE('',#5112,#5113,#2515,.T.);
#6362=EDGE_CURVE('',#5114,#5113,#2516,.T.);
#6363=EDGE_CURVE('',#5115,#5114,#2517,.T.);
#6364=EDGE_CURVE('',#5115,#5112,#2518,.T.);
#6365=EDGE_CURVE('',#5116,#5113,#2519,.T.);
#6366=EDGE_CURVE('',#5117,#5116,#2520,.T.);
#6367=EDGE_CURVE('',#5117,#5114,#2521,.T.);
#6368=EDGE_CURVE('',#5118,#5116,#2522,.T.);
#6369=EDGE_CURVE('',#5119,#5118,#2523,.T.);
#6370=EDGE_CURVE('',#5119,#5117,#2524,.T.);
#6371=EDGE_CURVE('',#5120,#5118,#4554,.T.);
#6372=EDGE_CURVE('',#5121,#5120,#2525,.T.);
#6373=EDGE_CURVE('',#5121,#5119,#4555,.T.);
#6374=EDGE_CURVE('',#5122,#5120,#2526,.T.);
#6375=EDGE_CURVE('',#5123,#5122,#2527,.T.);
#6376=EDGE_CURVE('',#5123,#5121,#2528,.T.);
#6377=EDGE_CURVE('',#5124,#5122,#4556,.T.);
#6378=EDGE_CURVE('',#5125,#5124,#2529,.T.);
#6379=EDGE_CURVE('',#5125,#5123,#4557,.T.);
#6380=EDGE_CURVE('',#5012,#5124,#2530,.T.);
#6381=EDGE_CURVE('',#5001,#5125,#2531,.T.);
#6382=EDGE_CURVE('',#5014,#5126,#2532,.T.);
#6383=EDGE_CURVE('',#5127,#5126,#2533,.T.);
#6384=EDGE_CURVE('',#5000,#5127,#2534,.T.);
#6385=EDGE_CURVE('',#5126,#5128,#4558,.T.);
#6386=EDGE_CURVE('',#5129,#5128,#2535,.T.);
#6387=EDGE_CURVE('',#5127,#5129,#4559,.T.);
#6388=EDGE_CURVE('',#5128,#5130,#2536,.T.);
#6389=EDGE_CURVE('',#5131,#5130,#2537,.T.);
#6390=EDGE_CURVE('',#5129,#5131,#2538,.T.);
#6391=EDGE_CURVE('',#5130,#5112,#4560,.T.);
#6392=EDGE_CURVE('',#5131,#5115,#4561,.T.);
#6393=EDGE_CURVE('',#5132,#5133,#2539,.T.);
#6394=EDGE_CURVE('',#5134,#5132,#2540,.T.);
#6395=EDGE_CURVE('',#5133,#5134,#2541,.T.);
#6396=EDGE_CURVE('',#5135,#5136,#2542,.T.);
#6397=EDGE_CURVE('',#5136,#5137,#2543,.T.);
#6398=EDGE_CURVE('',#5137,#5135,#2544,.T.);
#6399=EDGE_CURVE('',#5134,#5136,#2545,.T.);
#6400=EDGE_CURVE('',#5133,#5135,#2546,.T.);
#6401=EDGE_CURVE('',#5132,#5137,#2547,.T.);
#6402=EDGE_CURVE('',#5138,#5139,#2548,.T.);
#6403=EDGE_CURVE('',#5140,#5139,#2549,.T.);
#6404=EDGE_CURVE('',#5140,#5141,#2550,.T.);
#6405=EDGE_CURVE('',#5141,#5138,#2551,.T.);
#6406=EDGE_CURVE('',#5142,#5143,#2552,.T.);
#6407=EDGE_CURVE('',#5144,#5143,#2553,.T.);
#6408=EDGE_CURVE('',#5145,#5144,#2554,.T.);
#6409=EDGE_CURVE('',#5145,#5142,#2555,.T.);
#6410=EDGE_CURVE('',#5146,#5147,#2556,.T.);
#6411=EDGE_CURVE('',#5148,#5147,#2557,.T.);
#6412=EDGE_CURVE('',#5149,#5148,#2558,.T.);
#6413=EDGE_CURVE('',#5149,#5146,#2559,.T.);
#6414=EDGE_CURVE('',#5144,#5150,#2560,.T.);
#6415=EDGE_CURVE('',#5150,#5151,#2561,.T.);
#6416=EDGE_CURVE('',#5145,#5151,#2562,.T.);
#6417=EDGE_CURVE('',#5152,#5151,#4562,.T.);
#6418=EDGE_CURVE('',#5153,#5150,#4563,.T.);
#6419=EDGE_CURVE('',#5152,#5153,#2563,.T.);
#6420=EDGE_CURVE('',#5147,#5153,#2564,.T.);
#6421=EDGE_CURVE('',#5146,#5152,#2565,.T.);
#6422=EDGE_CURVE('',#5143,#5154,#2566,.T.);
#6423=EDGE_CURVE('',#5155,#5154,#2567,.T.);
#6424=EDGE_CURVE('',#5148,#5155,#2568,.T.);
#6425=EDGE_CURVE('',#5156,#5149,#2569,.T.);
#6426=EDGE_CURVE('',#5156,#5157,#2570,.T.);
#6427=EDGE_CURVE('',#5157,#5142,#2571,.T.);
#6428=EDGE_CURVE('',#5158,#5159,#2572,.T.);
#6429=EDGE_CURVE('',#5158,#5160,#2573,.T.);
#6430=EDGE_CURVE('',#5160,#5161,#2574,.T.);
#6431=EDGE_CURVE('',#5159,#5161,#2575,.T.);
#6432=EDGE_CURVE('',#5141,#5159,#75,.T.);
#6433=EDGE_CURVE('',#5140,#5162,#2576,.T.);
#6434=EDGE_CURVE('',#5162,#5163,#2577,.T.);
#6435=EDGE_CURVE('',#5158,#5163,#2578,.T.);
#6436=EDGE_CURVE('',#5161,#5138,#76,.T.);
#6437=EDGE_CURVE('',#5160,#5164,#2579,.T.);
#6438=EDGE_CURVE('',#5165,#5164,#2580,.T.);
#6439=EDGE_CURVE('',#5139,#5165,#2581,.T.);
#6440=EDGE_CURVE('',#5165,#5156,#2582,.T.);
#6441=EDGE_CURVE('',#5155,#5162,#2583,.T.);
#6442=EDGE_CURVE('',#5154,#5163,#2584,.T.);
#6443=EDGE_CURVE('',#5164,#5157,#2585,.T.);
#6444=EDGE_CURVE('',#5166,#5167,#2586,.T.);
#6445=EDGE_CURVE('',#5168,#5166,#2587,.T.);
#6446=EDGE_CURVE('',#5168,#5169,#2588,.T.);
#6447=EDGE_CURVE('',#5167,#5169,#2589,.T.);
#6448=EDGE_CURVE('',#5170,#5171,#2590,.T.);
#6449=EDGE_CURVE('',#5170,#5172,#2591,.T.);
#6450=EDGE_CURVE('',#5172,#5173,#2592,.T.);
#6451=EDGE_CURVE('',#5171,#5173,#2593,.T.);
#6452=EDGE_CURVE('',#5174,#5175,#2594,.T.);
#6453=EDGE_CURVE('',#5174,#5176,#2595,.T.);
#6454=EDGE_CURVE('',#5176,#5177,#2596,.T.);
#6455=EDGE_CURVE('',#5175,#5177,#2597,.T.);
#6456=EDGE_CURVE('',#5170,#5178,#2598,.T.);
#6457=EDGE_CURVE('',#5179,#5178,#2599,.T.);
#6458=EDGE_CURVE('',#5172,#5179,#2600,.T.);
#6459=EDGE_CURVE('',#5180,#5181,#2601,.T.);
#6460=EDGE_CURVE('',#5181,#5179,#4564,.T.);
#6461=EDGE_CURVE('',#5180,#5178,#4565,.T.);
#6462=EDGE_CURVE('',#5175,#5180,#2602,.T.);
#6463=EDGE_CURVE('',#5177,#5181,#2603,.T.);
#6464=EDGE_CURVE('',#5176,#5182,#2604,.T.);
#6465=EDGE_CURVE('',#5182,#5183,#2605,.T.);
#6466=EDGE_CURVE('',#5173,#5183,#2606,.T.);
#6467=EDGE_CURVE('',#5184,#5171,#2607,.T.);
#6468=EDGE_CURVE('',#5185,#5184,#2608,.T.);
#6469=EDGE_CURVE('',#5185,#5174,#2609,.T.);
#6470=EDGE_CURVE('',#5186,#5187,#2610,.T.);
#6471=EDGE_CURVE('',#5188,#5187,#2611,.T.);
#6472=EDGE_CURVE('',#5189,#5188,#2612,.T.);
#6473=EDGE_CURVE('',#5189,#5186,#2613,.T.);
#6474=EDGE_CURVE('',#5189,#5190,#2614,.T.);
#6475=EDGE_CURVE('',#5191,#5190,#2615,.T.);
#6476=EDGE_CURVE('',#5168,#5191,#2616,.T.);
#6477=EDGE_CURVE('',#5166,#5186,#77,.T.);
#6478=EDGE_CURVE('',#5187,#5167,#78,.T.);
#6479=EDGE_CURVE('',#5169,#5192,#2617,.T.);
#6480=EDGE_CURVE('',#5192,#5193,#2618,.T.);
#6481=EDGE_CURVE('',#5188,#5193,#2619,.T.);
#6482=EDGE_CURVE('',#5182,#5191,#2620,.T.);
#6483=EDGE_CURVE('',#5192,#5185,#2621,.T.);
#6484=EDGE_CURVE('',#5193,#5184,#2622,.T.);
#6485=EDGE_CURVE('',#5183,#5190,#2623,.T.);
#6486=EDGE_CURVE('',#5194,#5195,#2624,.T.);
#6487=EDGE_CURVE('',#5195,#5196,#2625,.T.);
#6488=EDGE_CURVE('',#5197,#5196,#2626,.T.);
#6489=EDGE_CURVE('',#5194,#5197,#2627,.T.);
#6490=EDGE_CURVE('',#5198,#5199,#2628,.T.);
#6491=EDGE_CURVE('',#5199,#5200,#2629,.T.);
#6492=EDGE_CURVE('',#5200,#5201,#2630,.T.);
#6493=EDGE_CURVE('',#5198,#5201,#2631,.T.);
#6494=EDGE_CURVE('',#5200,#5202,#2632,.T.);
#6495=EDGE_CURVE('',#5202,#5203,#2633,.T.);
#6496=EDGE_CURVE('',#5201,#5203,#2634,.T.);
#6497=EDGE_CURVE('',#5204,#5205,#2635,.T.);
#6498=EDGE_CURVE('',#5205,#5194,#2636,.T.);
#6499=EDGE_CURVE('',#5204,#5197,#2637,.T.);
#6500=EDGE_CURVE('',#5198,#5206,#2638,.T.);
#6501=EDGE_CURVE('',#5207,#5206,#2639,.T.);
#6502=EDGE_CURVE('',#5208,#5207,#2640,.T.);
#6503=EDGE_CURVE('',#5208,#5209,#2641,.T.);
#6504=EDGE_CURVE('',#5209,#5210,#79,.T.);
#6505=EDGE_CURVE('',#5198,#5210,#2642,.T.);
#6506=EDGE_CURVE('',#5210,#5211,#2643,.T.);
#6507=EDGE_CURVE('',#5209,#5212,#2644,.T.);
#6508=EDGE_CURVE('',#5211,#5212,#80,.T.);
#6509=EDGE_CURVE('',#5196,#5208,#2645,.T.);
#6510=EDGE_CURVE('',#5195,#5213,#2646,.T.);
#6511=EDGE_CURVE('',#5208,#5213,#2647,.T.);
#6512=EDGE_CURVE('',#5212,#5213,#2648,.T.);
#6513=EDGE_CURVE('',#5199,#5211,#2649,.T.);
#6514=EDGE_CURVE('',#5213,#5214,#2650,.T.);
#6515=EDGE_CURVE('',#5214,#5215,#2651,.T.);
#6516=EDGE_CURVE('',#5199,#5215,#2652,.T.);
#6517=EDGE_CURVE('',#5216,#5217,#81,.T.);
#6518=EDGE_CURVE('',#5218,#5217,#2653,.T.);
#6519=EDGE_CURVE('',#5218,#5219,#82,.T.);
#6520=EDGE_CURVE('',#5219,#5216,#2654,.T.);
#6521=EDGE_CURVE('',#5217,#5205,#2655,.T.);
#6522=EDGE_CURVE('',#5204,#5218,#2656,.T.);
#6523=EDGE_CURVE('',#5220,#5221,#2657,.T.);
#6524=EDGE_CURVE('',#5221,#5216,#2658,.T.);
#6525=EDGE_CURVE('',#5220,#5219,#2659,.T.);
#6526=EDGE_CURVE('',#5203,#5220,#2660,.T.);
#6527=EDGE_CURVE('',#5202,#5221,#2661,.T.);
#6528=EDGE_CURVE('',#5205,#5222,#2662,.T.);
#6529=EDGE_CURVE('',#5222,#5223,#2663,.T.);
#6530=EDGE_CURVE('',#5221,#5223,#2664,.T.);
#6531=EDGE_CURVE('',#5220,#5224,#2665,.T.);
#6532=EDGE_CURVE('',#5225,#5224,#2666,.T.);
#6533=EDGE_CURVE('',#5204,#5225,#2667,.T.);
#6534=EDGE_CURVE('',#5226,#5227,#2668,.T.);
#6535=EDGE_CURVE('',#5228,#5226,#2669,.T.);
#6536=EDGE_CURVE('',#5229,#5228,#2670,.T.);
#6537=EDGE_CURVE('',#5227,#5229,#2671,.T.);
#6538=EDGE_CURVE('',#5228,#5230,#2672,.T.);
#6539=EDGE_CURVE('',#5226,#5231,#2673,.T.);
#6540=EDGE_CURVE('',#5230,#5231,#2674,.T.);
#6541=EDGE_CURVE('',#5232,#5233,#2675,.T.);
#6542=EDGE_CURVE('',#5233,#5234,#2676,.T.);
#6543=EDGE_CURVE('',#5234,#5235,#2677,.T.);
#6544=EDGE_CURVE('',#5235,#5232,#2678,.T.);
#6545=EDGE_CURVE('',#5227,#5236,#2679,.T.);
#6546=EDGE_CURVE('',#5236,#5233,#4566,.T.);
#6547=EDGE_CURVE('',#5232,#5231,#4567,.T.);
#6548=EDGE_CURVE('',#5230,#5235,#4568,.T.);
#6549=EDGE_CURVE('',#5234,#5237,#4569,.T.);
#6550=EDGE_CURVE('',#5229,#5237,#2680,.T.);
#6551=EDGE_CURVE('',#5236,#5237,#2681,.T.);
#6552=EDGE_CURVE('',#5238,#5239,#2682,.T.);
#6553=EDGE_CURVE('',#5240,#5238,#2683,.T.);
#6554=EDGE_CURVE('',#5241,#5240,#2684,.T.);
#6555=EDGE_CURVE('',#5239,#5241,#2685,.T.);
#6556=EDGE_CURVE('',#5242,#5238,#2686,.T.);
#6557=EDGE_CURVE('',#5243,#5242,#2687,.T.);
#6558=EDGE_CURVE('',#5240,#5243,#2688,.T.);
#6559=EDGE_CURVE('',#5244,#5242,#2689,.T.);
#6560=EDGE_CURVE('',#5245,#5244,#2690,.T.);
#6561=EDGE_CURVE('',#5243,#5245,#2691,.T.);
#6562=EDGE_CURVE('',#5239,#5244,#2692,.T.);
#6563=EDGE_CURVE('',#5245,#5241,#2693,.T.);
#6564=EDGE_CURVE('',#5246,#5247,#2694,.T.);
#6565=EDGE_CURVE('',#5248,#5246,#2695,.T.);
#6566=EDGE_CURVE('',#5249,#5248,#2696,.T.);
#6567=EDGE_CURVE('',#5247,#5249,#2697,.T.);
#6568=EDGE_CURVE('',#5250,#5246,#2698,.T.);
#6569=EDGE_CURVE('',#5251,#5250,#2699,.T.);
#6570=EDGE_CURVE('',#5248,#5251,#2700,.T.);
#6571=EDGE_CURVE('',#5252,#5250,#2701,.T.);
#6572=EDGE_CURVE('',#5253,#5252,#2702,.T.);
#6573=EDGE_CURVE('',#5251,#5253,#2703,.T.);
#6574=EDGE_CURVE('',#5247,#5252,#2704,.T.);
#6575=EDGE_CURVE('',#5253,#5249,#2705,.T.);
#6576=EDGE_CURVE('',#5254,#5255,#2706,.T.);
#6577=EDGE_CURVE('',#5256,#5254,#2707,.T.);
#6578=EDGE_CURVE('',#5257,#5256,#2708,.T.);
#6579=EDGE_CURVE('',#5255,#5257,#2709,.T.);
#6580=EDGE_CURVE('',#5258,#5254,#2710,.T.);
#6581=EDGE_CURVE('',#5259,#5258,#2711,.T.);
#6582=EDGE_CURVE('',#5256,#5259,#2712,.T.);
#6583=EDGE_CURVE('',#5260,#5258,#2713,.T.);
#6584=EDGE_CURVE('',#5261,#5260,#2714,.T.);
#6585=EDGE_CURVE('',#5259,#5261,#2715,.T.);
#6586=EDGE_CURVE('',#5255,#5260,#2716,.T.);
#6587=EDGE_CURVE('',#5261,#5257,#2717,.T.);
#6588=EDGE_CURVE('',#5262,#5263,#2718,.T.);
#6589=EDGE_CURVE('',#5264,#5262,#2719,.T.);
#6590=EDGE_CURVE('',#5265,#5264,#2720,.T.);
#6591=EDGE_CURVE('',#5263,#5265,#2721,.T.);
#6592=EDGE_CURVE('',#5266,#5262,#2722,.T.);
#6593=EDGE_CURVE('',#5267,#5266,#2723,.T.);
#6594=EDGE_CURVE('',#5264,#5267,#2724,.T.);
#6595=EDGE_CURVE('',#5268,#5266,#2725,.T.);
#6596=EDGE_CURVE('',#5269,#5268,#2726,.T.);
#6597=EDGE_CURVE('',#5267,#5269,#2727,.T.);
#6598=EDGE_CURVE('',#5263,#5268,#2728,.T.);
#6599=EDGE_CURVE('',#5269,#5265,#2729,.T.);
#6600=EDGE_CURVE('',#5270,#5271,#2730,.T.);
#6601=EDGE_CURVE('',#5272,#5270,#2731,.T.);
#6602=EDGE_CURVE('',#5273,#5272,#2732,.T.);
#6603=EDGE_CURVE('',#5271,#5273,#2733,.T.);
#6604=EDGE_CURVE('',#5274,#5270,#2734,.T.);
#6605=EDGE_CURVE('',#5275,#5274,#2735,.T.);
#6606=EDGE_CURVE('',#5272,#5275,#2736,.T.);
#6607=EDGE_CURVE('',#5276,#5274,#2737,.T.);
#6608=EDGE_CURVE('',#5277,#5276,#2738,.T.);
#6609=EDGE_CURVE('',#5275,#5277,#2739,.T.);
#6610=EDGE_CURVE('',#5271,#5276,#2740,.T.);
#6611=EDGE_CURVE('',#5277,#5273,#2741,.T.);
#6612=EDGE_CURVE('',#5278,#5279,#2742,.T.);
#6613=EDGE_CURVE('',#5280,#5278,#2743,.T.);
#6614=EDGE_CURVE('',#5281,#5280,#2744,.T.);
#6615=EDGE_CURVE('',#5279,#5281,#2745,.T.);
#6616=EDGE_CURVE('',#5282,#5278,#2746,.T.);
#6617=EDGE_CURVE('',#5283,#5282,#2747,.T.);
#6618=EDGE_CURVE('',#5280,#5283,#2748,.T.);
#6619=EDGE_CURVE('',#5284,#5282,#2749,.T.);
#6620=EDGE_CURVE('',#5285,#5284,#2750,.T.);
#6621=EDGE_CURVE('',#5283,#5285,#2751,.T.);
#6622=EDGE_CURVE('',#5279,#5284,#2752,.T.);
#6623=EDGE_CURVE('',#5285,#5281,#2753,.T.);
#6624=EDGE_CURVE('',#5286,#5287,#2754,.T.);
#6625=EDGE_CURVE('',#5288,#5286,#2755,.T.);
#6626=EDGE_CURVE('',#5289,#5288,#2756,.T.);
#6627=EDGE_CURVE('',#5287,#5289,#2757,.T.);
#6628=EDGE_CURVE('',#5290,#5286,#2758,.T.);
#6629=EDGE_CURVE('',#5291,#5290,#2759,.T.);
#6630=EDGE_CURVE('',#5288,#5291,#2760,.T.);
#6631=EDGE_CURVE('',#5292,#5290,#2761,.T.);
#6632=EDGE_CURVE('',#5293,#5292,#2762,.T.);
#6633=EDGE_CURVE('',#5291,#5293,#2763,.T.);
#6634=EDGE_CURVE('',#5287,#5292,#2764,.T.);
#6635=EDGE_CURVE('',#5293,#5289,#2765,.T.);
#6636=EDGE_CURVE('',#5294,#5295,#2766,.T.);
#6637=EDGE_CURVE('',#5296,#5294,#2767,.T.);
#6638=EDGE_CURVE('',#5297,#5296,#2768,.T.);
#6639=EDGE_CURVE('',#5295,#5297,#2769,.T.);
#6640=EDGE_CURVE('',#5298,#5294,#2770,.T.);
#6641=EDGE_CURVE('',#5299,#5298,#2771,.T.);
#6642=EDGE_CURVE('',#5296,#5299,#2772,.T.);
#6643=EDGE_CURVE('',#5300,#5298,#2773,.T.);
#6644=EDGE_CURVE('',#5301,#5300,#2774,.T.);
#6645=EDGE_CURVE('',#5299,#5301,#2775,.T.);
#6646=EDGE_CURVE('',#5295,#5300,#2776,.T.);
#6647=EDGE_CURVE('',#5301,#5297,#2777,.T.);
#6648=EDGE_CURVE('',#5302,#5303,#2778,.T.);
#6649=EDGE_CURVE('',#5304,#5302,#2779,.T.);
#6650=EDGE_CURVE('',#5305,#5304,#2780,.T.);
#6651=EDGE_CURVE('',#5303,#5305,#2781,.T.);
#6652=EDGE_CURVE('',#5306,#5302,#2782,.T.);
#6653=EDGE_CURVE('',#5307,#5306,#2783,.T.);
#6654=EDGE_CURVE('',#5304,#5307,#2784,.T.);
#6655=EDGE_CURVE('',#5308,#5306,#2785,.T.);
#6656=EDGE_CURVE('',#5309,#5308,#2786,.T.);
#6657=EDGE_CURVE('',#5307,#5309,#2787,.T.);
#6658=EDGE_CURVE('',#5303,#5308,#2788,.T.);
#6659=EDGE_CURVE('',#5309,#5305,#2789,.T.);
#6660=EDGE_CURVE('',#5310,#5310,#4570,.T.);
#6661=EDGE_CURVE('',#5310,#5311,#2790,.T.);
#6662=EDGE_CURVE('',#5311,#5311,#4571,.T.);
#6663=EDGE_CURVE('',#5312,#5312,#4572,.T.);
#6664=EDGE_CURVE('',#5312,#5313,#2791,.T.);
#6665=EDGE_CURVE('',#5313,#5313,#4573,.T.);
#6666=EDGE_CURVE('',#5314,#5314,#4574,.T.);
#6667=EDGE_CURVE('',#5314,#5315,#2792,.T.);
#6668=EDGE_CURVE('',#5315,#5315,#4575,.T.);
#6669=EDGE_CURVE('',#5316,#5316,#4576,.T.);
#6670=EDGE_CURVE('',#5317,#5317,#4577,.T.);
#6671=EDGE_CURVE('',#5317,#5316,#2793,.T.);
#6672=EDGE_CURVE('',#5318,#5318,#4578,.T.);
#6673=EDGE_CURVE('',#5319,#5319,#4579,.T.);
#6674=EDGE_CURVE('',#5319,#5318,#2794,.T.);
#6675=EDGE_CURVE('',#5320,#5321,#2795,.T.);
#6676=EDGE_CURVE('',#5321,#5322,#2796,.T.);
#6677=EDGE_CURVE('',#5322,#5323,#2797,.T.);
#6678=EDGE_CURVE('',#5323,#5320,#2798,.T.);
#6679=EDGE_CURVE('',#5324,#5325,#2799,.T.);
#6680=EDGE_CURVE('',#5324,#5320,#2800,.T.);
#6681=EDGE_CURVE('',#5325,#5323,#2801,.T.);
#6682=EDGE_CURVE('',#5325,#5326,#2802,.T.);
#6683=EDGE_CURVE('',#5326,#5322,#2803,.T.);
#6684=EDGE_CURVE('',#5326,#5327,#2804,.T.);
#6685=EDGE_CURVE('',#5327,#5321,#2805,.T.);
#6686=EDGE_CURVE('',#5327,#5324,#2806,.T.);
#6687=EDGE_CURVE('',#5328,#5329,#2807,.T.);
#6688=EDGE_CURVE('',#5329,#5330,#2808,.T.);
#6689=EDGE_CURVE('',#5330,#5331,#2809,.T.);
#6690=EDGE_CURVE('',#5331,#5328,#2810,.T.);
#6691=EDGE_CURVE('',#5332,#5333,#2811,.T.);
#6692=EDGE_CURVE('',#5329,#5333,#2812,.T.);
#6693=EDGE_CURVE('',#5328,#5332,#2813,.T.);
#6694=EDGE_CURVE('',#5330,#5334,#2814,.T.);
#6695=EDGE_CURVE('',#5334,#5335,#2815,.T.);
#6696=EDGE_CURVE('',#5331,#5335,#2816,.T.);
#6697=EDGE_CURVE('',#5336,#5337,#2817,.T.);
#6698=EDGE_CURVE('',#5338,#5337,#2818,.T.);
#6699=EDGE_CURVE('',#5339,#5338,#2819,.T.);
#6700=EDGE_CURVE('',#5339,#5336,#2820,.T.);
#6701=EDGE_CURVE('',#5337,#5340,#2821,.T.);
#6702=EDGE_CURVE('',#5341,#5340,#2822,.T.);
#6703=EDGE_CURVE('',#5338,#5341,#2823,.T.);
#6704=EDGE_CURVE('',#5335,#5332,#2824,.T.);
#6705=EDGE_CURVE('',#5342,#5339,#2825,.T.);
#6706=EDGE_CURVE('',#5342,#5343,#2826,.T.);
#6707=EDGE_CURVE('',#5343,#5336,#2827,.T.);
#6708=EDGE_CURVE('',#5341,#5342,#2828,.T.);
#6709=EDGE_CURVE('',#5344,#5345,#2829,.T.);
#6710=EDGE_CURVE('',#5333,#5344,#2830,.T.);
#6711=EDGE_CURVE('',#5346,#5334,#2831,.T.);
#6712=EDGE_CURVE('',#5347,#5346,#2832,.T.);
#6713=EDGE_CURVE('',#5340,#5347,#2833,.T.);
#6714=EDGE_CURVE('',#5345,#5343,#2834,.T.);
#6715=EDGE_CURVE('',#5348,#5344,#2835,.T.);
#6716=EDGE_CURVE('',#5348,#5349,#2836,.T.);
#6717=EDGE_CURVE('',#5349,#5346,#2837,.T.);
#6718=EDGE_CURVE('',#5350,#5349,#2838,.T.);
#6719=EDGE_CURVE('',#5350,#5347,#2839,.T.);
#6720=EDGE_CURVE('',#5351,#5350,#2840,.T.);
#6721=EDGE_CURVE('',#5351,#5345,#2841,.T.);
#6722=EDGE_CURVE('',#5351,#5348,#2842,.T.);
#6723=EDGE_CURVE('',#5352,#5353,#2843,.T.);
#6724=EDGE_CURVE('',#5353,#5354,#2844,.T.);
#6725=EDGE_CURVE('',#5354,#5355,#2845,.T.);
#6726=EDGE_CURVE('',#5355,#5352,#2846,.T.);
#6727=EDGE_CURVE('',#5356,#5357,#2847,.T.);
#6728=EDGE_CURVE('',#5353,#5357,#2848,.T.);
#6729=EDGE_CURVE('',#5352,#5356,#2849,.T.);
#6730=EDGE_CURVE('',#5354,#5358,#2850,.T.);
#6731=EDGE_CURVE('',#5358,#5359,#2851,.T.);
#6732=EDGE_CURVE('',#5355,#5359,#2852,.T.);
#6733=EDGE_CURVE('',#5360,#5361,#2853,.T.);
#6734=EDGE_CURVE('',#5362,#5361,#2854,.T.);
#6735=EDGE_CURVE('',#5363,#5362,#2855,.T.);
#6736=EDGE_CURVE('',#5363,#5360,#2856,.T.);
#6737=EDGE_CURVE('',#5361,#5364,#2857,.T.);
#6738=EDGE_CURVE('',#5365,#5364,#2858,.T.);
#6739=EDGE_CURVE('',#5362,#5365,#2859,.T.);
#6740=EDGE_CURVE('',#5359,#5356,#2860,.T.);
#6741=EDGE_CURVE('',#5366,#5363,#2861,.T.);
#6742=EDGE_CURVE('',#5366,#5367,#2862,.T.);
#6743=EDGE_CURVE('',#5367,#5360,#2863,.T.);
#6744=EDGE_CURVE('',#5365,#5366,#2864,.T.);
#6745=EDGE_CURVE('',#5368,#5369,#2865,.T.);
#6746=EDGE_CURVE('',#5357,#5368,#2866,.T.);
#6747=EDGE_CURVE('',#5370,#5358,#2867,.T.);
#6748=EDGE_CURVE('',#5371,#5370,#2868,.T.);
#6749=EDGE_CURVE('',#5364,#5371,#2869,.T.);
#6750=EDGE_CURVE('',#5369,#5367,#2870,.T.);
#6751=EDGE_CURVE('',#5372,#5368,#2871,.T.);
#6752=EDGE_CURVE('',#5372,#5373,#2872,.T.);
#6753=EDGE_CURVE('',#5373,#5370,#2873,.T.);
#6754=EDGE_CURVE('',#5374,#5373,#2874,.T.);
#6755=EDGE_CURVE('',#5374,#5371,#2875,.T.);
#6756=EDGE_CURVE('',#5375,#5374,#2876,.T.);
#6757=EDGE_CURVE('',#5375,#5369,#2877,.T.);
#6758=EDGE_CURVE('',#5375,#5372,#2878,.T.);
#6759=EDGE_CURVE('',#5376,#5377,#2879,.T.);
#6760=EDGE_CURVE('',#5376,#5378,#2880,.T.);
#6761=EDGE_CURVE('',#5379,#5378,#2881,.T.);
#6762=EDGE_CURVE('',#5377,#5379,#2882,.T.);
#6763=EDGE_CURVE('',#5378,#5380,#2883,.T.);
#6764=EDGE_CURVE('',#5381,#5380,#2884,.T.);
#6765=EDGE_CURVE('',#5381,#5379,#2885,.T.);
#6766=EDGE_CURVE('',#5382,#5383,#2886,.T.);
#6767=EDGE_CURVE('',#5383,#5384,#2887,.T.);
#6768=EDGE_CURVE('',#5384,#5385,#2888,.T.);
#6769=EDGE_CURVE('',#5385,#5382,#2889,.T.);
#6770=EDGE_CURVE('',#5386,#5376,#2890,.T.);
#6771=EDGE_CURVE('',#5386,#5380,#2891,.T.);
#6772=EDGE_CURVE('',#5387,#5388,#2892,.T.);
#6773=EDGE_CURVE('',#5387,#5389,#2893,.T.);
#6774=EDGE_CURVE('',#5390,#5389,#2894,.T.);
#6775=EDGE_CURVE('',#5388,#5390,#2895,.T.);
#6776=EDGE_CURVE('',#5391,#5392,#2896,.T.);
#6777=EDGE_CURVE('',#5391,#5393,#2897,.T.);
#6778=EDGE_CURVE('',#5394,#5393,#2898,.T.);
#6779=EDGE_CURVE('',#5392,#5394,#2899,.T.);
#6780=EDGE_CURVE('',#5395,#5396,#2900,.T.);
#6781=EDGE_CURVE('',#5395,#5397,#2901,.T.);
#6782=EDGE_CURVE('',#5398,#5397,#2902,.T.);
#6783=EDGE_CURVE('',#5396,#5398,#2903,.T.);
#6784=EDGE_CURVE('',#5399,#5381,#2904,.T.);
#6785=EDGE_CURVE('',#5399,#5377,#2905,.T.);
#6786=EDGE_CURVE('',#5386,#5399,#2906,.T.);
#6787=EDGE_CURVE('',#5400,#5401,#2907,.T.);
#6788=EDGE_CURVE('',#5384,#5401,#2908,.T.);
#6789=EDGE_CURVE('',#5383,#5400,#2909,.T.);
#6790=EDGE_CURVE('',#5396,#5402,#2910,.T.);
#6791=EDGE_CURVE('',#5403,#5398,#2911,.T.);
#6792=EDGE_CURVE('',#5402,#5403,#2912,.T.);
#6793=EDGE_CURVE('',#5404,#5405,#2913,.T.);
#6794=EDGE_CURVE('',#5404,#5406,#2914,.T.);
#6795=EDGE_CURVE('',#5406,#5400,#2915,.T.);
#6796=EDGE_CURVE('',#5382,#5407,#2916,.T.);
#6797=EDGE_CURVE('',#5407,#5408,#2917,.T.);
#6798=EDGE_CURVE('',#5405,#5408,#2918,.T.);
#6799=EDGE_CURVE('',#5409,#5394,#2919,.T.);
#6800=EDGE_CURVE('',#5410,#5393,#2920,.T.);
#6801=EDGE_CURVE('',#5410,#5409,#2921,.T.);
#6802=EDGE_CURVE('',#5388,#5411,#2922,.T.);
#6803=EDGE_CURVE('',#5412,#5411,#2923,.T.);
#6804=EDGE_CURVE('',#5387,#5412,#2924,.T.);
#6805=EDGE_CURVE('',#5413,#5407,#2925,.T.);
#6806=EDGE_CURVE('',#5385,#5413,#2926,.T.);
#6807=EDGE_CURVE('',#5391,#5414,#2927,.T.);
#6808=EDGE_CURVE('',#5414,#5410,#2928,.T.);
#6809=EDGE_CURVE('',#5395,#5415,#2929,.T.);
#6810=EDGE_CURVE('',#5415,#5416,#2930,.T.);
#6811=EDGE_CURVE('',#5416,#5397,#2931,.T.);
#6812=EDGE_CURVE('',#5417,#5390,#2932,.T.);
#6813=EDGE_CURVE('',#5418,#5389,#2933,.T.);
#6814=EDGE_CURVE('',#5418,#5417,#2934,.T.);
#6815=EDGE_CURVE('',#5392,#5419,#2935,.T.);
#6816=EDGE_CURVE('',#5419,#5409,#2936,.T.);
#6817=EDGE_CURVE('',#5412,#5418,#2937,.T.);
#6818=EDGE_CURVE('',#5401,#5420,#2938,.T.);
#6819=EDGE_CURVE('',#5421,#5420,#2939,.T.);
#6820=EDGE_CURVE('',#5422,#5421,#2940,.T.);
#6821=EDGE_CURVE('',#5422,#5423,#2941,.T.);
#6822=EDGE_CURVE('',#5423,#5413,#2942,.T.);
#6823=EDGE_CURVE('',#5416,#5403,#2943,.T.);
#6824=EDGE_CURVE('',#5411,#5417,#2944,.T.);
#6825=EDGE_CURVE('',#5415,#5402,#2945,.T.);
#6826=EDGE_CURVE('',#5414,#5419,#2946,.T.);
#6827=EDGE_CURVE('',#5424,#5425,#2947,.T.);
#6828=EDGE_CURVE('',#5424,#5426,#2948,.T.);
#6829=EDGE_CURVE('',#5426,#5427,#2949,.T.);
#6830=EDGE_CURVE('',#5428,#5427,#2950,.T.);
#6831=EDGE_CURVE('',#5428,#5429,#2951,.T.);
#6832=EDGE_CURVE('',#5429,#5430,#2952,.T.);
#6833=EDGE_CURVE('',#5431,#5430,#2953,.T.);
#6834=EDGE_CURVE('',#5432,#5431,#2954,.T.);
#6835=EDGE_CURVE('',#5432,#5433,#2955,.T.);
#6836=EDGE_CURVE('',#5434,#5433,#2956,.T.);
#6837=EDGE_CURVE('',#5435,#5434,#2957,.T.);
#6838=EDGE_CURVE('',#5435,#5425,#2958,.T.);
#6839=EDGE_CURVE('',#5436,#5437,#2959,.T.);
#6840=EDGE_CURVE('',#5420,#5436,#2960,.T.);
#6841=EDGE_CURVE('',#5438,#5406,#2961,.T.);
#6842=EDGE_CURVE('',#5439,#5438,#2962,.T.);
#6843=EDGE_CURVE('',#5408,#5439,#2963,.T.);
#6844=EDGE_CURVE('',#5437,#5423,#2964,.T.);
#6845=EDGE_CURVE('',#5405,#5440,#2965,.T.);
#6846=EDGE_CURVE('',#5440,#5441,#2966,.T.);
#6847=EDGE_CURVE('',#5441,#5404,#2967,.T.);
#6848=EDGE_CURVE('',#5440,#5439,#2968,.T.);
#6849=EDGE_CURVE('',#5441,#5438,#2969,.T.);
#6850=EDGE_CURVE('',#5421,#5442,#2970,.T.);
#6851=EDGE_CURVE('',#5442,#5443,#2971,.T.);
#6852=EDGE_CURVE('',#5443,#5422,#2972,.T.);
#6853=EDGE_CURVE('',#5443,#5437,#2973,.T.);
#6854=EDGE_CURVE('',#5442,#5436,#2974,.T.);
#6855=EDGE_CURVE('',#5430,#5444,#2975,.T.);
#6856=EDGE_CURVE('',#5445,#5444,#2976,.T.);
#6857=EDGE_CURVE('',#5431,#5445,#2977,.T.);
#6858=EDGE_CURVE('',#5428,#5446,#2978,.T.);
#6859=EDGE_CURVE('',#5427,#5447,#2979,.T.);
#6860=EDGE_CURVE('',#5447,#5446,#2980,.T.);
#6861=EDGE_CURVE('',#5448,#5449,#2981,.T.);
#6862=EDGE_CURVE('',#5449,#5450,#2982,.T.);
#6863=EDGE_CURVE('',#5450,#5451,#2983,.T.);
#6864=EDGE_CURVE('',#5451,#5452,#2984,.T.);
#6865=EDGE_CURVE('',#5452,#5453,#2985,.T.);
#6866=EDGE_CURVE('',#5453,#5454,#2986,.T.);
#6867=EDGE_CURVE('',#5454,#5425,#2987,.T.);
#6868=EDGE_CURVE('',#5455,#5435,#2988,.T.);
#6869=EDGE_CURVE('',#5455,#5456,#2989,.T.);
#6870=EDGE_CURVE('',#5456,#5457,#2990,.T.);
#6871=EDGE_CURVE('',#5457,#5448,#2991,.T.);
#6872=EDGE_CURVE('',#5458,#5459,#2992,.T.);
#6873=EDGE_CURVE('',#5458,#5460,#2993,.T.);
#6874=EDGE_CURVE('',#5460,#5461,#2994,.T.);
#6875=EDGE_CURVE('',#5462,#5461,#2995,.T.);
#6876=EDGE_CURVE('',#5463,#5462,#2996,.T.);
#6877=EDGE_CURVE('',#5464,#5463,#2997,.T.);
#6878=EDGE_CURVE('',#5465,#5464,#2998,.T.);
#6879=EDGE_CURVE('',#5429,#5465,#2999,.T.);
#6880=EDGE_CURVE('',#5446,#5466,#3000,.T.);
#6881=EDGE_CURVE('',#5466,#5451,#3001,.T.);
#6882=EDGE_CURVE('',#5467,#5450,#3002,.T.);
#6883=EDGE_CURVE('',#5468,#5467,#3003,.T.);
#6884=EDGE_CURVE('',#5468,#5469,#3004,.T.);
#6885=EDGE_CURVE('',#5469,#5470,#3005,.T.);
#6886=EDGE_CURVE('',#5471,#5470,#3006,.T.);
#6887=EDGE_CURVE('',#5472,#5471,#3007,.T.);
#6888=EDGE_CURVE('',#5472,#5473,#3008,.T.);
#6889=EDGE_CURVE('',#5473,#5474,#3009,.T.);
#6890=EDGE_CURVE('',#5475,#5474,#3010,.T.);
#6891=EDGE_CURVE('',#5476,#5475,#3011,.T.);
#6892=EDGE_CURVE('',#5476,#5477,#3012,.T.);
#6893=EDGE_CURVE('',#5477,#5478,#3013,.T.);
#6894=EDGE_CURVE('',#5459,#5478,#3014,.T.);
#6895=EDGE_CURVE('',#5479,#5424,#3015,.T.);
#6896=EDGE_CURVE('',#5479,#5454,#3016,.T.);
#6897=EDGE_CURVE('',#5480,#5481,#3017,.T.);
#6898=EDGE_CURVE('',#5481,#5432,#3018,.T.);
#6899=EDGE_CURVE('',#5445,#5464,#3019,.T.);
#6900=EDGE_CURVE('',#5482,#5464,#3020,.T.);
#6901=EDGE_CURVE('',#5482,#5480,#3021,.T.);
#6902=EDGE_CURVE('',#5483,#5484,#3022,.T.);
#6903=EDGE_CURVE('',#5466,#5483,#3023,.T.);
#6904=EDGE_CURVE('',#5485,#5466,#3024,.T.);
#6905=EDGE_CURVE('',#5426,#5485,#3025,.T.);
#6906=EDGE_CURVE('',#5484,#5479,#3026,.T.);
#6907=EDGE_CURVE('',#5486,#5455,#3027,.T.);
#6908=EDGE_CURVE('',#5434,#5487,#3028,.T.);
#6909=EDGE_CURVE('',#5488,#5487,#3029,.T.);
#6910=EDGE_CURVE('',#5489,#5488,#3030,.T.);
#6911=EDGE_CURVE('',#5489,#5490,#3031,.T.);
#6912=EDGE_CURVE('',#5490,#5486,#3032,.T.);
#6913=EDGE_CURVE('',#5444,#5465,#3033,.T.);
#6914=EDGE_CURVE('',#5491,#5492,#3034,.T.);
#6915=EDGE_CURVE('',#5487,#5491,#3035,.T.);
#6916=EDGE_CURVE('',#5493,#5433,#3036,.T.);
#6917=EDGE_CURVE('',#5494,#5493,#3037,.T.);
#6918=EDGE_CURVE('',#5495,#5494,#3038,.T.);
#6919=EDGE_CURVE('',#5463,#5495,#3039,.T.);
#6920=EDGE_CURVE('',#5496,#5462,#3040,.T.);
#6921=EDGE_CURVE('',#5497,#5496,#3041,.T.);
#6922=EDGE_CURVE('',#5492,#5497,#3042,.T.);
#6923=EDGE_CURVE('',#5481,#5493,#3043,.T.);
#6924=EDGE_CURVE('',#5485,#5447,#3044,.T.);
#6925=EDGE_CURVE('',#5498,#5457,#3045,.T.);
#6926=EDGE_CURVE('',#5498,#5499,#3046,.T.);
#6927=EDGE_CURVE('',#5499,#5448,#3047,.T.);
#6928=EDGE_CURVE('',#5500,#5456,#3048,.T.);
#6929=EDGE_CURVE('',#5500,#5498,#3049,.T.);
#6930=EDGE_CURVE('',#5486,#5500,#3050,.T.);
#6931=EDGE_CURVE('',#5501,#5502,#3051,.T.);
#6932=EDGE_CURVE('',#5501,#5459,#3052,.T.);
#6933=EDGE_CURVE('',#5503,#5478,#3053,.T.);
#6934=EDGE_CURVE('',#5504,#5503,#3054,.T.);
#6935=EDGE_CURVE('',#5504,#5475,#3055,.T.);
#6936=EDGE_CURVE('',#5505,#5474,#3056,.T.);
#6937=EDGE_CURVE('',#5506,#5505,#3057,.T.);
#6938=EDGE_CURVE('',#5506,#5471,#3058,.T.);
#6939=EDGE_CURVE('',#5507,#5470,#3059,.T.);
#6940=EDGE_CURVE('',#5508,#5507,#3060,.T.);
#6941=EDGE_CURVE('',#5508,#5467,#3061,.T.);
#6942=EDGE_CURVE('',#5509,#5449,#3062,.T.);
#6943=EDGE_CURVE('',#5509,#5490,#3063,.T.);
#6944=EDGE_CURVE('',#5510,#5489,#3064,.T.);
#6945=EDGE_CURVE('',#5510,#5496,#3065,.T.);
#6946=EDGE_CURVE('',#5502,#5461,#3066,.T.);
#6947=EDGE_CURVE('',#5484,#5453,#3067,.T.);
#6948=EDGE_CURVE('',#5483,#5452,#3068,.T.);
#6949=EDGE_CURVE('',#5499,#5509,#3069,.T.);
#6950=EDGE_CURVE('',#5504,#5511,#3070,.T.);
#6951=EDGE_CURVE('',#5511,#5512,#3071,.T.);
#6952=EDGE_CURVE('',#5512,#5513,#3072,.T.);
#6953=EDGE_CURVE('',#5513,#5476,#3073,.T.);
#6954=EDGE_CURVE('',#5502,#5514,#3074,.T.);
#6955=EDGE_CURVE('',#5515,#5460,#3075,.T.);
#6956=EDGE_CURVE('',#5516,#5515,#3076,.T.);
#6957=EDGE_CURVE('',#5514,#5516,#3077,.T.);
#6958=EDGE_CURVE('',#5482,#5495,#3078,.T.);
#6959=EDGE_CURVE('',#5508,#5517,#3079,.T.);
#6960=EDGE_CURVE('',#5517,#5518,#3080,.T.);
#6961=EDGE_CURVE('',#5518,#5519,#3081,.T.);
#6962=EDGE_CURVE('',#5519,#5468,#3082,.T.);
#6963=EDGE_CURVE('',#5503,#5520,#3083,.T.);
#6964=EDGE_CURVE('',#5521,#5477,#3084,.T.);
#6965=EDGE_CURVE('',#5522,#5521,#3085,.T.);
#6966=EDGE_CURVE('',#5520,#5522,#3086,.T.);
#6967=EDGE_CURVE('',#5505,#5523,#3087,.T.);
#6968=EDGE_CURVE('',#5524,#5473,#3088,.T.);
#6969=EDGE_CURVE('',#5525,#5524,#3089,.T.);
#6970=EDGE_CURVE('',#5523,#5525,#3090,.T.);
#6971=EDGE_CURVE('',#5513,#5521,#3091,.T.);
#6972=EDGE_CURVE('',#5506,#5526,#3092,.T.);
#6973=EDGE_CURVE('',#5526,#5527,#3093,.T.);
#6974=EDGE_CURVE('',#5527,#5528,#3094,.T.);
#6975=EDGE_CURVE('',#5528,#5472,#3095,.T.);
#6976=EDGE_CURVE('',#5528,#5524,#3096,.T.);
#6977=EDGE_CURVE('',#5507,#5529,#3097,.T.);
#6978=EDGE_CURVE('',#5530,#5469,#3098,.T.);
#6979=EDGE_CURVE('',#5531,#5530,#3099,.T.);
#6980=EDGE_CURVE('',#5529,#5531,#3100,.T.);
#6981=EDGE_CURVE('',#5519,#5530,#3101,.T.);
#6982=EDGE_CURVE('',#5501,#5532,#3102,.T.);
#6983=EDGE_CURVE('',#5532,#5533,#3103,.T.);
#6984=EDGE_CURVE('',#5533,#5534,#3104,.T.);
#6985=EDGE_CURVE('',#5534,#5458,#3105,.T.);
#6986=EDGE_CURVE('',#5534,#5515,#3106,.T.);
#6987=EDGE_CURVE('',#5480,#5494,#3107,.T.);
#6988=EDGE_CURVE('',#5535,#5536,#3108,.T.);
#6989=EDGE_CURVE('',#5536,#5537,#3109,.T.);
#6990=EDGE_CURVE('',#5537,#5510,#3110,.T.);
#6991=EDGE_CURVE('',#5488,#5535,#3111,.T.);
#6992=EDGE_CURVE('',#5535,#5491,#3112,.T.);
#6993=EDGE_CURVE('',#5537,#5497,#3113,.T.);
#6994=EDGE_CURVE('',#5536,#5492,#3114,.T.);
#6995=EDGE_CURVE('',#5517,#5529,#3115,.T.);
#6996=EDGE_CURVE('',#5511,#5520,#3116,.T.);
#6997=EDGE_CURVE('',#5526,#5523,#3117,.T.);
#6998=EDGE_CURVE('',#5532,#5514,#3118,.T.);
#6999=EDGE_CURVE('',#5512,#5522,#3119,.T.);
#7000=EDGE_CURVE('',#5533,#5516,#3120,.T.);
#7001=EDGE_CURVE('',#5518,#5531,#3121,.T.);
#7002=EDGE_CURVE('',#5527,#5525,#3122,.T.);
#7003=ORIENTED_EDGE('',*,*,#5538,.F.);
#7004=ORIENTED_EDGE('',*,*,#5539,.T.);
#7005=ORIENTED_EDGE('',*,*,#5540,.F.);
#7006=ORIENTED_EDGE('',*,*,#5539,.F.);
#7007=ORIENTED_EDGE('',*,*,#5541,.F.);
#7008=ORIENTED_EDGE('',*,*,#5542,.T.);
#7009=ORIENTED_EDGE('',*,*,#5543,.F.);
#7010=ORIENTED_EDGE('',*,*,#5542,.F.);
#7011=ORIENTED_EDGE('',*,*,#5544,.F.);
#7012=ORIENTED_EDGE('',*,*,#5545,.T.);
#7013=ORIENTED_EDGE('',*,*,#5546,.F.);
#7014=ORIENTED_EDGE('',*,*,#5545,.F.);
#7015=ORIENTED_EDGE('',*,*,#5547,.F.);
#7016=ORIENTED_EDGE('',*,*,#5548,.T.);
#7017=ORIENTED_EDGE('',*,*,#5549,.F.);
#7018=ORIENTED_EDGE('',*,*,#5548,.F.);
#7019=ORIENTED_EDGE('',*,*,#5550,.F.);
#7020=ORIENTED_EDGE('',*,*,#5551,.T.);
#7021=ORIENTED_EDGE('',*,*,#5552,.F.);
#7022=ORIENTED_EDGE('',*,*,#5551,.F.);
#7023=ORIENTED_EDGE('',*,*,#5553,.F.);
#7024=ORIENTED_EDGE('',*,*,#5554,.T.);
#7025=ORIENTED_EDGE('',*,*,#5555,.F.);
#7026=ORIENTED_EDGE('',*,*,#5554,.F.);
#7027=ORIENTED_EDGE('',*,*,#5556,.F.);
#7028=ORIENTED_EDGE('',*,*,#5557,.T.);
#7029=ORIENTED_EDGE('',*,*,#5558,.F.);
#7030=ORIENTED_EDGE('',*,*,#5557,.F.);
#7031=ORIENTED_EDGE('',*,*,#5559,.F.);
#7032=ORIENTED_EDGE('',*,*,#5560,.T.);
#7033=ORIENTED_EDGE('',*,*,#5561,.F.);
#7034=ORIENTED_EDGE('',*,*,#5560,.F.);
#7035=ORIENTED_EDGE('',*,*,#5562,.F.);
#7036=ORIENTED_EDGE('',*,*,#5563,.T.);
#7037=ORIENTED_EDGE('',*,*,#5564,.F.);
#7038=ORIENTED_EDGE('',*,*,#5563,.F.);
#7039=ORIENTED_EDGE('',*,*,#5565,.F.);
#7040=ORIENTED_EDGE('',*,*,#5566,.T.);
#7041=ORIENTED_EDGE('',*,*,#5567,.F.);
#7042=ORIENTED_EDGE('',*,*,#5566,.F.);
#7043=ORIENTED_EDGE('',*,*,#5568,.F.);
#7044=ORIENTED_EDGE('',*,*,#5569,.T.);
#7045=ORIENTED_EDGE('',*,*,#5570,.F.);
#7046=ORIENTED_EDGE('',*,*,#5569,.F.);
#7047=ORIENTED_EDGE('',*,*,#5571,.F.);
#7048=ORIENTED_EDGE('',*,*,#5572,.T.);
#7049=ORIENTED_EDGE('',*,*,#5573,.F.);
#7050=ORIENTED_EDGE('',*,*,#5572,.F.);
#7051=ORIENTED_EDGE('',*,*,#5574,.F.);
#7052=ORIENTED_EDGE('',*,*,#5575,.T.);
#7053=ORIENTED_EDGE('',*,*,#5576,.F.);
#7054=ORIENTED_EDGE('',*,*,#5575,.F.);
#7055=ORIENTED_EDGE('',*,*,#5577,.F.);
#7056=ORIENTED_EDGE('',*,*,#5578,.T.);
#7057=ORIENTED_EDGE('',*,*,#5579,.F.);
#7058=ORIENTED_EDGE('',*,*,#5578,.F.);
#7059=ORIENTED_EDGE('',*,*,#5580,.F.);
#7060=ORIENTED_EDGE('',*,*,#5581,.T.);
#7061=ORIENTED_EDGE('',*,*,#5582,.F.);
#7062=ORIENTED_EDGE('',*,*,#5581,.F.);
#7063=ORIENTED_EDGE('',*,*,#5583,.F.);
#7064=ORIENTED_EDGE('',*,*,#5584,.T.);
#7065=ORIENTED_EDGE('',*,*,#5585,.F.);
#7066=ORIENTED_EDGE('',*,*,#5584,.F.);
#7067=ORIENTED_EDGE('',*,*,#5586,.F.);
#7068=ORIENTED_EDGE('',*,*,#5587,.T.);
#7069=ORIENTED_EDGE('',*,*,#5588,.F.);
#7070=ORIENTED_EDGE('',*,*,#5587,.F.);
#7071=ORIENTED_EDGE('',*,*,#5589,.F.);
#7072=ORIENTED_EDGE('',*,*,#5590,.T.);
#7073=ORIENTED_EDGE('',*,*,#5591,.F.);
#7074=ORIENTED_EDGE('',*,*,#5590,.F.);
#7075=ORIENTED_EDGE('',*,*,#5592,.F.);
#7076=ORIENTED_EDGE('',*,*,#5593,.T.);
#7077=ORIENTED_EDGE('',*,*,#5594,.F.);
#7078=ORIENTED_EDGE('',*,*,#5593,.F.);
#7079=ORIENTED_EDGE('',*,*,#5595,.F.);
#7080=ORIENTED_EDGE('',*,*,#5596,.T.);
#7081=ORIENTED_EDGE('',*,*,#5597,.F.);
#7082=ORIENTED_EDGE('',*,*,#5596,.F.);
#7083=ORIENTED_EDGE('',*,*,#5598,.F.);
#7084=ORIENTED_EDGE('',*,*,#5599,.T.);
#7085=ORIENTED_EDGE('',*,*,#5600,.F.);
#7086=ORIENTED_EDGE('',*,*,#5599,.F.);
#7087=ORIENTED_EDGE('',*,*,#5601,.F.);
#7088=ORIENTED_EDGE('',*,*,#5602,.T.);
#7089=ORIENTED_EDGE('',*,*,#5603,.F.);
#7090=ORIENTED_EDGE('',*,*,#5602,.F.);
#7091=ORIENTED_EDGE('',*,*,#5604,.F.);
#7092=ORIENTED_EDGE('',*,*,#5605,.T.);
#7093=ORIENTED_EDGE('',*,*,#5606,.F.);
#7094=ORIENTED_EDGE('',*,*,#5605,.F.);
#7095=ORIENTED_EDGE('',*,*,#5607,.F.);
#7096=ORIENTED_EDGE('',*,*,#5608,.T.);
#7097=ORIENTED_EDGE('',*,*,#5609,.F.);
#7098=ORIENTED_EDGE('',*,*,#5608,.F.);
#7099=ORIENTED_EDGE('',*,*,#5610,.F.);
#7100=ORIENTED_EDGE('',*,*,#5611,.T.);
#7101=ORIENTED_EDGE('',*,*,#5612,.F.);
#7102=ORIENTED_EDGE('',*,*,#5611,.F.);
#7103=ORIENTED_EDGE('',*,*,#5613,.F.);
#7104=ORIENTED_EDGE('',*,*,#5614,.T.);
#7105=ORIENTED_EDGE('',*,*,#5615,.F.);
#7106=ORIENTED_EDGE('',*,*,#5614,.F.);
#7107=ORIENTED_EDGE('',*,*,#5616,.F.);
#7108=ORIENTED_EDGE('',*,*,#5617,.T.);
#7109=ORIENTED_EDGE('',*,*,#5618,.F.);
#7110=ORIENTED_EDGE('',*,*,#5617,.F.);
#7111=ORIENTED_EDGE('',*,*,#5619,.F.);
#7112=ORIENTED_EDGE('',*,*,#5620,.T.);
#7113=ORIENTED_EDGE('',*,*,#5621,.F.);
#7114=ORIENTED_EDGE('',*,*,#5620,.F.);
#7115=ORIENTED_EDGE('',*,*,#5622,.F.);
#7116=ORIENTED_EDGE('',*,*,#5623,.T.);
#7117=ORIENTED_EDGE('',*,*,#5624,.F.);
#7118=ORIENTED_EDGE('',*,*,#5623,.F.);
#7119=ORIENTED_EDGE('',*,*,#5625,.F.);
#7120=ORIENTED_EDGE('',*,*,#5626,.T.);
#7121=ORIENTED_EDGE('',*,*,#5627,.F.);
#7122=ORIENTED_EDGE('',*,*,#5626,.F.);
#7123=ORIENTED_EDGE('',*,*,#5628,.T.);
#7124=ORIENTED_EDGE('',*,*,#5629,.T.);
#7125=ORIENTED_EDGE('',*,*,#5630,.F.);
#7126=ORIENTED_EDGE('',*,*,#5631,.F.);
#7127=ORIENTED_EDGE('',*,*,#5632,.T.);
#7128=ORIENTED_EDGE('',*,*,#5631,.T.);
#7129=ORIENTED_EDGE('',*,*,#5633,.F.);
#7130=ORIENTED_EDGE('',*,*,#5634,.F.);
#7131=ORIENTED_EDGE('',*,*,#5635,.T.);
#7132=ORIENTED_EDGE('',*,*,#5634,.T.);
#7133=ORIENTED_EDGE('',*,*,#5636,.F.);
#7134=ORIENTED_EDGE('',*,*,#5637,.F.);
#7135=ORIENTED_EDGE('',*,*,#5638,.T.);
#7136=ORIENTED_EDGE('',*,*,#5637,.T.);
#7137=ORIENTED_EDGE('',*,*,#5639,.F.);
#7138=ORIENTED_EDGE('',*,*,#5640,.F.);
#7139=ORIENTED_EDGE('',*,*,#5641,.T.);
#7140=ORIENTED_EDGE('',*,*,#5640,.T.);
#7141=ORIENTED_EDGE('',*,*,#5642,.F.);
#7142=ORIENTED_EDGE('',*,*,#5643,.F.);
#7143=ORIENTED_EDGE('',*,*,#5644,.T.);
#7144=ORIENTED_EDGE('',*,*,#5643,.T.);
#7145=ORIENTED_EDGE('',*,*,#5645,.F.);
#7146=ORIENTED_EDGE('',*,*,#5646,.F.);
#7147=ORIENTED_EDGE('',*,*,#5647,.T.);
#7148=ORIENTED_EDGE('',*,*,#5646,.T.);
#7149=ORIENTED_EDGE('',*,*,#5648,.F.);
#7150=ORIENTED_EDGE('',*,*,#5649,.F.);
#7151=ORIENTED_EDGE('',*,*,#5650,.T.);
#7152=ORIENTED_EDGE('',*,*,#5649,.T.);
#7153=ORIENTED_EDGE('',*,*,#5651,.F.);
#7154=ORIENTED_EDGE('',*,*,#5629,.F.);
#7155=ORIENTED_EDGE('',*,*,#5651,.T.);
#7156=ORIENTED_EDGE('',*,*,#5648,.T.);
#7157=ORIENTED_EDGE('',*,*,#5645,.T.);
#7158=ORIENTED_EDGE('',*,*,#5642,.T.);
#7159=ORIENTED_EDGE('',*,*,#5639,.T.);
#7160=ORIENTED_EDGE('',*,*,#5636,.T.);
#7161=ORIENTED_EDGE('',*,*,#5633,.T.);
#7162=ORIENTED_EDGE('',*,*,#5630,.T.);
#7163=ORIENTED_EDGE('',*,*,#5540,.T.);
#7164=ORIENTED_EDGE('',*,*,#5543,.T.);
#7165=ORIENTED_EDGE('',*,*,#5546,.T.);
#7166=ORIENTED_EDGE('',*,*,#5549,.T.);
#7167=ORIENTED_EDGE('',*,*,#5552,.T.);
#7168=ORIENTED_EDGE('',*,*,#5555,.T.);
#7169=ORIENTED_EDGE('',*,*,#5558,.T.);
#7170=ORIENTED_EDGE('',*,*,#5561,.T.);
#7171=ORIENTED_EDGE('',*,*,#5564,.T.);
#7172=ORIENTED_EDGE('',*,*,#5567,.T.);
#7173=ORIENTED_EDGE('',*,*,#5570,.T.);
#7174=ORIENTED_EDGE('',*,*,#5573,.T.);
#7175=ORIENTED_EDGE('',*,*,#5576,.T.);
#7176=ORIENTED_EDGE('',*,*,#5579,.T.);
#7177=ORIENTED_EDGE('',*,*,#5582,.T.);
#7178=ORIENTED_EDGE('',*,*,#5585,.T.);
#7179=ORIENTED_EDGE('',*,*,#5588,.T.);
#7180=ORIENTED_EDGE('',*,*,#5591,.T.);
#7181=ORIENTED_EDGE('',*,*,#5594,.T.);
#7182=ORIENTED_EDGE('',*,*,#5597,.T.);
#7183=ORIENTED_EDGE('',*,*,#5600,.T.);
#7184=ORIENTED_EDGE('',*,*,#5603,.T.);
#7185=ORIENTED_EDGE('',*,*,#5606,.T.);
#7186=ORIENTED_EDGE('',*,*,#5609,.T.);
#7187=ORIENTED_EDGE('',*,*,#5612,.T.);
#7188=ORIENTED_EDGE('',*,*,#5615,.T.);
#7189=ORIENTED_EDGE('',*,*,#5618,.T.);
#7190=ORIENTED_EDGE('',*,*,#5621,.T.);
#7191=ORIENTED_EDGE('',*,*,#5624,.T.);
#7192=ORIENTED_EDGE('',*,*,#5627,.T.);
#7193=ORIENTED_EDGE('',*,*,#5650,.F.);
#7194=ORIENTED_EDGE('',*,*,#5628,.F.);
#7195=ORIENTED_EDGE('',*,*,#5632,.F.);
#7196=ORIENTED_EDGE('',*,*,#5635,.F.);
#7197=ORIENTED_EDGE('',*,*,#5638,.F.);
#7198=ORIENTED_EDGE('',*,*,#5641,.F.);
#7199=ORIENTED_EDGE('',*,*,#5644,.F.);
#7200=ORIENTED_EDGE('',*,*,#5647,.F.);
#7201=ORIENTED_EDGE('',*,*,#5538,.T.);
#7202=ORIENTED_EDGE('',*,*,#5541,.T.);
#7203=ORIENTED_EDGE('',*,*,#5544,.T.);
#7204=ORIENTED_EDGE('',*,*,#5547,.T.);
#7205=ORIENTED_EDGE('',*,*,#5550,.T.);
#7206=ORIENTED_EDGE('',*,*,#5553,.T.);
#7207=ORIENTED_EDGE('',*,*,#5556,.T.);
#7208=ORIENTED_EDGE('',*,*,#5559,.T.);
#7209=ORIENTED_EDGE('',*,*,#5562,.T.);
#7210=ORIENTED_EDGE('',*,*,#5565,.T.);
#7211=ORIENTED_EDGE('',*,*,#5568,.T.);
#7212=ORIENTED_EDGE('',*,*,#5571,.T.);
#7213=ORIENTED_EDGE('',*,*,#5574,.T.);
#7214=ORIENTED_EDGE('',*,*,#5577,.T.);
#7215=ORIENTED_EDGE('',*,*,#5580,.T.);
#7216=ORIENTED_EDGE('',*,*,#5583,.T.);
#7217=ORIENTED_EDGE('',*,*,#5586,.T.);
#7218=ORIENTED_EDGE('',*,*,#5589,.T.);
#7219=ORIENTED_EDGE('',*,*,#5592,.T.);
#7220=ORIENTED_EDGE('',*,*,#5595,.T.);
#7221=ORIENTED_EDGE('',*,*,#5598,.T.);
#7222=ORIENTED_EDGE('',*,*,#5601,.T.);
#7223=ORIENTED_EDGE('',*,*,#5604,.T.);
#7224=ORIENTED_EDGE('',*,*,#5607,.T.);
#7225=ORIENTED_EDGE('',*,*,#5610,.T.);
#7226=ORIENTED_EDGE('',*,*,#5613,.T.);
#7227=ORIENTED_EDGE('',*,*,#5616,.T.);
#7228=ORIENTED_EDGE('',*,*,#5619,.T.);
#7229=ORIENTED_EDGE('',*,*,#5622,.T.);
#7230=ORIENTED_EDGE('',*,*,#5625,.T.);
#7231=ORIENTED_EDGE('',*,*,#5652,.F.);
#7232=ORIENTED_EDGE('',*,*,#5653,.F.);
#7233=ORIENTED_EDGE('',*,*,#5654,.F.);
#7234=ORIENTED_EDGE('',*,*,#5655,.F.);
#7235=ORIENTED_EDGE('',*,*,#5656,.F.);
#7236=ORIENTED_EDGE('',*,*,#5655,.T.);
#7237=ORIENTED_EDGE('',*,*,#5657,.F.);
#7238=ORIENTED_EDGE('',*,*,#5658,.F.);
#7239=ORIENTED_EDGE('',*,*,#5659,.F.);
#7240=ORIENTED_EDGE('',*,*,#5658,.T.);
#7241=ORIENTED_EDGE('',*,*,#5660,.F.);
#7242=ORIENTED_EDGE('',*,*,#5661,.F.);
#7243=ORIENTED_EDGE('',*,*,#5662,.F.);
#7244=ORIENTED_EDGE('',*,*,#5661,.T.);
#7245=ORIENTED_EDGE('',*,*,#5663,.F.);
#7246=ORIENTED_EDGE('',*,*,#5664,.F.);
#7247=ORIENTED_EDGE('',*,*,#5665,.F.);
#7248=ORIENTED_EDGE('',*,*,#5664,.T.);
#7249=ORIENTED_EDGE('',*,*,#5666,.F.);
#7250=ORIENTED_EDGE('',*,*,#5667,.F.);
#7251=ORIENTED_EDGE('',*,*,#5668,.F.);
#7252=ORIENTED_EDGE('',*,*,#5667,.T.);
#7253=ORIENTED_EDGE('',*,*,#5669,.F.);
#7254=ORIENTED_EDGE('',*,*,#5670,.F.);
#7255=ORIENTED_EDGE('',*,*,#5671,.F.);
#7256=ORIENTED_EDGE('',*,*,#5670,.T.);
#7257=ORIENTED_EDGE('',*,*,#5672,.F.);
#7258=ORIENTED_EDGE('',*,*,#5673,.F.);
#7259=ORIENTED_EDGE('',*,*,#5674,.F.);
#7260=ORIENTED_EDGE('',*,*,#5673,.T.);
#7261=ORIENTED_EDGE('',*,*,#5675,.F.);
#7262=ORIENTED_EDGE('',*,*,#5676,.F.);
#7263=ORIENTED_EDGE('',*,*,#5677,.F.);
#7264=ORIENTED_EDGE('',*,*,#5676,.T.);
#7265=ORIENTED_EDGE('',*,*,#5678,.F.);
#7266=ORIENTED_EDGE('',*,*,#5679,.F.);
#7267=ORIENTED_EDGE('',*,*,#5680,.F.);
#7268=ORIENTED_EDGE('',*,*,#5679,.T.);
#7269=ORIENTED_EDGE('',*,*,#5681,.F.);
#7270=ORIENTED_EDGE('',*,*,#5682,.F.);
#7271=ORIENTED_EDGE('',*,*,#5683,.F.);
#7272=ORIENTED_EDGE('',*,*,#5682,.T.);
#7273=ORIENTED_EDGE('',*,*,#5684,.F.);
#7274=ORIENTED_EDGE('',*,*,#5685,.F.);
#7275=ORIENTED_EDGE('',*,*,#5686,.F.);
#7276=ORIENTED_EDGE('',*,*,#5652,.T.);
#7277=ORIENTED_EDGE('',*,*,#5656,.T.);
#7278=ORIENTED_EDGE('',*,*,#5659,.T.);
#7279=ORIENTED_EDGE('',*,*,#5662,.T.);
#7280=ORIENTED_EDGE('',*,*,#5665,.T.);
#7281=ORIENTED_EDGE('',*,*,#5668,.T.);
#7282=ORIENTED_EDGE('',*,*,#5671,.T.);
#7283=ORIENTED_EDGE('',*,*,#5674,.T.);
#7284=ORIENTED_EDGE('',*,*,#5677,.T.);
#7285=ORIENTED_EDGE('',*,*,#5680,.T.);
#7286=ORIENTED_EDGE('',*,*,#5683,.T.);
#7287=ORIENTED_EDGE('',*,*,#5687,.F.);
#7288=ORIENTED_EDGE('',*,*,#5684,.T.);
#7289=ORIENTED_EDGE('',*,*,#5681,.T.);
#7290=ORIENTED_EDGE('',*,*,#5678,.T.);
#7291=ORIENTED_EDGE('',*,*,#5675,.T.);
#7292=ORIENTED_EDGE('',*,*,#5672,.T.);
#7293=ORIENTED_EDGE('',*,*,#5669,.T.);
#7294=ORIENTED_EDGE('',*,*,#5666,.T.);
#7295=ORIENTED_EDGE('',*,*,#5663,.T.);
#7296=ORIENTED_EDGE('',*,*,#5660,.T.);
#7297=ORIENTED_EDGE('',*,*,#5657,.T.);
#7298=ORIENTED_EDGE('',*,*,#5654,.T.);
#7299=ORIENTED_EDGE('',*,*,#5687,.T.);
#7300=ORIENTED_EDGE('',*,*,#5688,.F.);
#7301=ORIENTED_EDGE('',*,*,#5689,.F.);
#7302=ORIENTED_EDGE('',*,*,#5690,.F.);
#7303=ORIENTED_EDGE('',*,*,#5686,.T.);
#7304=ORIENTED_EDGE('',*,*,#5691,.F.);
#7305=ORIENTED_EDGE('',*,*,#5692,.F.);
#7306=ORIENTED_EDGE('',*,*,#5693,.F.);
#7307=ORIENTED_EDGE('',*,*,#5694,.F.);
#7308=ORIENTED_EDGE('',*,*,#5695,.F.);
#7309=ORIENTED_EDGE('',*,*,#5696,.F.);
#7310=ORIENTED_EDGE('',*,*,#5697,.F.);
#7311=ORIENTED_EDGE('',*,*,#5698,.F.);
#7312=ORIENTED_EDGE('',*,*,#5697,.T.);
#7313=ORIENTED_EDGE('',*,*,#5699,.F.);
#7314=ORIENTED_EDGE('',*,*,#5700,.F.);
#7315=ORIENTED_EDGE('',*,*,#5701,.F.);
#7316=ORIENTED_EDGE('',*,*,#5700,.T.);
#7317=ORIENTED_EDGE('',*,*,#5702,.F.);
#7318=ORIENTED_EDGE('',*,*,#5703,.F.);
#7319=ORIENTED_EDGE('',*,*,#5704,.F.);
#7320=ORIENTED_EDGE('',*,*,#5703,.T.);
#7321=ORIENTED_EDGE('',*,*,#5705,.F.);
#7322=ORIENTED_EDGE('',*,*,#5706,.F.);
#7323=ORIENTED_EDGE('',*,*,#5707,.F.);
#7324=ORIENTED_EDGE('',*,*,#5706,.T.);
#7325=ORIENTED_EDGE('',*,*,#5708,.F.);
#7326=ORIENTED_EDGE('',*,*,#5709,.F.);
#7327=ORIENTED_EDGE('',*,*,#5710,.F.);
#7328=ORIENTED_EDGE('',*,*,#5709,.T.);
#7329=ORIENTED_EDGE('',*,*,#5711,.F.);
#7330=ORIENTED_EDGE('',*,*,#5712,.F.);
#7331=ORIENTED_EDGE('',*,*,#5713,.F.);
#7332=ORIENTED_EDGE('',*,*,#5712,.T.);
#7333=ORIENTED_EDGE('',*,*,#5714,.F.);
#7334=ORIENTED_EDGE('',*,*,#5715,.F.);
#7335=ORIENTED_EDGE('',*,*,#5716,.F.);
#7336=ORIENTED_EDGE('',*,*,#5715,.T.);
#7337=ORIENTED_EDGE('',*,*,#5717,.F.);
#7338=ORIENTED_EDGE('',*,*,#5718,.F.);
#7339=ORIENTED_EDGE('',*,*,#5719,.F.);
#7340=ORIENTED_EDGE('',*,*,#5718,.T.);
#7341=ORIENTED_EDGE('',*,*,#5720,.F.);
#7342=ORIENTED_EDGE('',*,*,#5721,.F.);
#7343=ORIENTED_EDGE('',*,*,#5722,.F.);
#7344=ORIENTED_EDGE('',*,*,#5721,.T.);
#7345=ORIENTED_EDGE('',*,*,#5723,.F.);
#7346=ORIENTED_EDGE('',*,*,#5724,.F.);
#7347=ORIENTED_EDGE('',*,*,#5725,.F.);
#7348=ORIENTED_EDGE('',*,*,#5724,.T.);
#7349=ORIENTED_EDGE('',*,*,#5726,.F.);
#7350=ORIENTED_EDGE('',*,*,#5727,.F.);
#7351=ORIENTED_EDGE('',*,*,#5728,.F.);
#7352=ORIENTED_EDGE('',*,*,#5694,.T.);
#7353=ORIENTED_EDGE('',*,*,#5698,.T.);
#7354=ORIENTED_EDGE('',*,*,#5701,.T.);
#7355=ORIENTED_EDGE('',*,*,#5704,.T.);
#7356=ORIENTED_EDGE('',*,*,#5707,.T.);
#7357=ORIENTED_EDGE('',*,*,#5710,.T.);
#7358=ORIENTED_EDGE('',*,*,#5713,.T.);
#7359=ORIENTED_EDGE('',*,*,#5716,.T.);
#7360=ORIENTED_EDGE('',*,*,#5719,.T.);
#7361=ORIENTED_EDGE('',*,*,#5722,.T.);
#7362=ORIENTED_EDGE('',*,*,#5725,.T.);
#7363=ORIENTED_EDGE('',*,*,#5729,.F.);
#7364=ORIENTED_EDGE('',*,*,#5726,.T.);
#7365=ORIENTED_EDGE('',*,*,#5723,.T.);
#7366=ORIENTED_EDGE('',*,*,#5720,.T.);
#7367=ORIENTED_EDGE('',*,*,#5717,.T.);
#7368=ORIENTED_EDGE('',*,*,#5714,.T.);
#7369=ORIENTED_EDGE('',*,*,#5711,.T.);
#7370=ORIENTED_EDGE('',*,*,#5708,.T.);
#7371=ORIENTED_EDGE('',*,*,#5705,.T.);
#7372=ORIENTED_EDGE('',*,*,#5702,.T.);
#7373=ORIENTED_EDGE('',*,*,#5699,.T.);
#7374=ORIENTED_EDGE('',*,*,#5696,.T.);
#7375=ORIENTED_EDGE('',*,*,#5729,.T.);
#7376=ORIENTED_EDGE('',*,*,#5730,.F.);
#7377=ORIENTED_EDGE('',*,*,#5731,.F.);
#7378=ORIENTED_EDGE('',*,*,#5732,.F.);
#7379=ORIENTED_EDGE('',*,*,#5728,.T.);
#7380=ORIENTED_EDGE('',*,*,#5733,.F.);
#7381=ORIENTED_EDGE('',*,*,#5734,.F.);
#7382=ORIENTED_EDGE('',*,*,#5735,.F.);
#7383=ORIENTED_EDGE('',*,*,#5736,.T.);
#7384=ORIENTED_EDGE('',*,*,#5737,.T.);
#7385=ORIENTED_EDGE('',*,*,#5738,.T.);
#7386=ORIENTED_EDGE('',*,*,#5691,.T.);
#7387=ORIENTED_EDGE('',*,*,#5685,.T.);
#7388=ORIENTED_EDGE('',*,*,#5690,.T.);
#7389=ORIENTED_EDGE('',*,*,#5738,.F.);
#7390=ORIENTED_EDGE('',*,*,#5739,.T.);
#7391=ORIENTED_EDGE('',*,*,#5740,.F.);
#7392=ORIENTED_EDGE('',*,*,#5731,.T.);
#7393=ORIENTED_EDGE('',*,*,#5741,.F.);
#7394=ORIENTED_EDGE('',*,*,#5742,.T.);
#7395=ORIENTED_EDGE('',*,*,#5743,.F.);
#7396=ORIENTED_EDGE('',*,*,#5692,.T.);
#7397=ORIENTED_EDGE('',*,*,#5737,.F.);
#7398=ORIENTED_EDGE('',*,*,#5744,.F.);
#7399=ORIENTED_EDGE('',*,*,#5745,.F.);
#7400=ORIENTED_EDGE('',*,*,#5739,.F.);
#7401=ORIENTED_EDGE('',*,*,#5746,.T.);
#7402=ORIENTED_EDGE('',*,*,#5733,.T.);
#7403=ORIENTED_EDGE('',*,*,#5727,.T.);
#7404=ORIENTED_EDGE('',*,*,#5732,.T.);
#7405=ORIENTED_EDGE('',*,*,#5740,.T.);
#7406=ORIENTED_EDGE('',*,*,#5745,.T.);
#7407=ORIENTED_EDGE('',*,*,#5747,.T.);
#7408=ORIENTED_EDGE('',*,*,#5688,.T.);
#7409=ORIENTED_EDGE('',*,*,#5653,.T.);
#7410=ORIENTED_EDGE('',*,*,#5693,.T.);
#7411=ORIENTED_EDGE('',*,*,#5743,.T.);
#7412=ORIENTED_EDGE('',*,*,#5748,.T.);
#7413=ORIENTED_EDGE('',*,*,#5736,.F.);
#7414=ORIENTED_EDGE('',*,*,#5689,.T.);
#7415=ORIENTED_EDGE('',*,*,#5747,.F.);
#7416=ORIENTED_EDGE('',*,*,#5749,.T.);
#7417=ORIENTED_EDGE('',*,*,#5750,.F.);
#7418=ORIENTED_EDGE('',*,*,#5734,.T.);
#7419=ORIENTED_EDGE('',*,*,#5746,.F.);
#7420=ORIENTED_EDGE('',*,*,#5744,.T.);
#7421=ORIENTED_EDGE('',*,*,#5748,.F.);
#7422=ORIENTED_EDGE('',*,*,#5742,.F.);
#7423=ORIENTED_EDGE('',*,*,#5751,.F.);
#7424=ORIENTED_EDGE('',*,*,#5749,.F.);
#7425=ORIENTED_EDGE('',*,*,#5750,.T.);
#7426=ORIENTED_EDGE('',*,*,#5751,.T.);
#7427=ORIENTED_EDGE('',*,*,#5741,.T.);
#7428=ORIENTED_EDGE('',*,*,#5730,.T.);
#7429=ORIENTED_EDGE('',*,*,#5695,.T.);
#7430=ORIENTED_EDGE('',*,*,#5735,.T.);
#7431=ORIENTED_EDGE('',*,*,#5752,.F.);
#7432=ORIENTED_EDGE('',*,*,#5753,.T.);
#7433=ORIENTED_EDGE('',*,*,#5754,.T.);
#7434=ORIENTED_EDGE('',*,*,#5755,.F.);
#7435=ORIENTED_EDGE('',*,*,#5756,.F.);
#7436=ORIENTED_EDGE('',*,*,#5757,.F.);
#7437=ORIENTED_EDGE('',*,*,#5758,.T.);
#7438=ORIENTED_EDGE('',*,*,#5759,.F.);
#7439=ORIENTED_EDGE('',*,*,#5760,.F.);
#7440=ORIENTED_EDGE('',*,*,#5761,.T.);
#7441=ORIENTED_EDGE('',*,*,#5762,.T.);
#7442=ORIENTED_EDGE('',*,*,#5763,.F.);
#7443=ORIENTED_EDGE('',*,*,#5764,.T.);
#7444=ORIENTED_EDGE('',*,*,#5765,.T.);
#7445=ORIENTED_EDGE('',*,*,#5766,.T.);
#7446=ORIENTED_EDGE('',*,*,#5767,.F.);
#7447=ORIENTED_EDGE('',*,*,#5768,.T.);
#7448=ORIENTED_EDGE('',*,*,#5769,.T.);
#7449=ORIENTED_EDGE('',*,*,#5770,.T.);
#7450=ORIENTED_EDGE('',*,*,#5771,.F.);
#7451=ORIENTED_EDGE('',*,*,#5772,.T.);
#7452=ORIENTED_EDGE('',*,*,#5773,.T.);
#7453=ORIENTED_EDGE('',*,*,#5774,.T.);
#7454=ORIENTED_EDGE('',*,*,#5775,.F.);
#7455=ORIENTED_EDGE('',*,*,#5776,.T.);
#7456=ORIENTED_EDGE('',*,*,#5777,.T.);
#7457=ORIENTED_EDGE('',*,*,#5778,.F.);
#7458=ORIENTED_EDGE('',*,*,#5779,.T.);
#7459=ORIENTED_EDGE('',*,*,#5780,.T.);
#7460=ORIENTED_EDGE('',*,*,#5781,.T.);
#7461=ORIENTED_EDGE('',*,*,#5782,.T.);
#7462=ORIENTED_EDGE('',*,*,#5783,.T.);
#7463=ORIENTED_EDGE('',*,*,#5784,.T.);
#7464=ORIENTED_EDGE('',*,*,#5778,.T.);
#7465=ORIENTED_EDGE('',*,*,#5785,.T.);
#7466=ORIENTED_EDGE('',*,*,#5756,.T.);
#7467=ORIENTED_EDGE('',*,*,#5786,.F.);
#7468=ORIENTED_EDGE('',*,*,#5776,.F.);
#7469=ORIENTED_EDGE('',*,*,#5787,.F.);
#7470=ORIENTED_EDGE('',*,*,#5772,.F.);
#7471=ORIENTED_EDGE('',*,*,#5788,.F.);
#7472=ORIENTED_EDGE('',*,*,#5768,.F.);
#7473=ORIENTED_EDGE('',*,*,#5789,.F.);
#7474=ORIENTED_EDGE('',*,*,#5764,.F.);
#7475=ORIENTED_EDGE('',*,*,#5790,.F.);
#7476=ORIENTED_EDGE('',*,*,#5783,.F.);
#7477=ORIENTED_EDGE('',*,*,#5790,.T.);
#7478=ORIENTED_EDGE('',*,*,#5791,.F.);
#7479=ORIENTED_EDGE('',*,*,#5792,.F.);
#7480=ORIENTED_EDGE('',*,*,#5780,.F.);
#7481=ORIENTED_EDGE('',*,*,#5786,.T.);
#7482=ORIENTED_EDGE('',*,*,#5782,.F.);
#7483=ORIENTED_EDGE('',*,*,#5793,.F.);
#7484=ORIENTED_EDGE('',*,*,#5794,.F.);
#7485=ORIENTED_EDGE('',*,*,#5792,.T.);
#7486=ORIENTED_EDGE('',*,*,#5754,.F.);
#7487=ORIENTED_EDGE('',*,*,#5795,.F.);
#7488=ORIENTED_EDGE('',*,*,#5762,.F.);
#7489=ORIENTED_EDGE('',*,*,#5796,.F.);
#7490=ORIENTED_EDGE('',*,*,#5758,.F.);
#7491=ORIENTED_EDGE('',*,*,#5793,.T.);
#7492=ORIENTED_EDGE('',*,*,#5781,.F.);
#7493=ORIENTED_EDGE('',*,*,#5757,.T.);
#7494=ORIENTED_EDGE('',*,*,#5785,.F.);
#7495=ORIENTED_EDGE('',*,*,#5777,.F.);
#7496=ORIENTED_EDGE('',*,*,#5794,.T.);
#7497=ORIENTED_EDGE('',*,*,#5755,.T.);
#7498=ORIENTED_EDGE('',*,*,#5791,.T.);
#7499=ORIENTED_EDGE('',*,*,#5779,.F.);
#7500=ORIENTED_EDGE('',*,*,#5784,.F.);
#7501=ORIENTED_EDGE('',*,*,#5797,.T.);
#7502=ORIENTED_EDGE('',*,*,#5798,.F.);
#7503=ORIENTED_EDGE('',*,*,#5799,.F.);
#7504=ORIENTED_EDGE('',*,*,#5800,.T.);
#7505=ORIENTED_EDGE('',*,*,#5801,.F.);
#7506=ORIENTED_EDGE('',*,*,#5802,.F.);
#7507=ORIENTED_EDGE('',*,*,#5803,.T.);
#7508=ORIENTED_EDGE('',*,*,#5798,.T.);
#7509=ORIENTED_EDGE('',*,*,#5804,.F.);
#7510=ORIENTED_EDGE('',*,*,#5805,.F.);
#7511=ORIENTED_EDGE('',*,*,#5806,.T.);
#7512=ORIENTED_EDGE('',*,*,#5802,.T.);
#7513=ORIENTED_EDGE('',*,*,#5807,.F.);
#7514=ORIENTED_EDGE('',*,*,#5808,.F.);
#7515=ORIENTED_EDGE('',*,*,#5809,.T.);
#7516=ORIENTED_EDGE('',*,*,#5805,.T.);
#7517=ORIENTED_EDGE('',*,*,#5810,.F.);
#7518=ORIENTED_EDGE('',*,*,#5811,.F.);
#7519=ORIENTED_EDGE('',*,*,#5812,.T.);
#7520=ORIENTED_EDGE('',*,*,#5808,.T.);
#7521=ORIENTED_EDGE('',*,*,#5811,.T.);
#7522=ORIENTED_EDGE('',*,*,#5813,.F.);
#7523=ORIENTED_EDGE('',*,*,#5814,.F.);
#7524=ORIENTED_EDGE('',*,*,#5815,.T.);
#7525=ORIENTED_EDGE('',*,*,#5816,.F.);
#7526=ORIENTED_EDGE('',*,*,#5774,.F.);
#7527=ORIENTED_EDGE('',*,*,#5817,.T.);
#7528=ORIENTED_EDGE('',*,*,#5814,.T.);
#7529=ORIENTED_EDGE('',*,*,#5787,.T.);
#7530=ORIENTED_EDGE('',*,*,#5818,.T.);
#7531=ORIENTED_EDGE('',*,*,#5819,.F.);
#7532=ORIENTED_EDGE('',*,*,#5820,.F.);
#7533=ORIENTED_EDGE('',*,*,#5821,.T.);
#7534=ORIENTED_EDGE('',*,*,#5822,.F.);
#7535=ORIENTED_EDGE('',*,*,#5823,.F.);
#7536=ORIENTED_EDGE('',*,*,#5819,.T.);
#7537=ORIENTED_EDGE('',*,*,#5824,.T.);
#7538=ORIENTED_EDGE('',*,*,#5825,.F.);
#7539=ORIENTED_EDGE('',*,*,#5826,.F.);
#7540=ORIENTED_EDGE('',*,*,#5822,.T.);
#7541=ORIENTED_EDGE('',*,*,#5825,.T.);
#7542=ORIENTED_EDGE('',*,*,#5827,.T.);
#7543=ORIENTED_EDGE('',*,*,#5800,.F.);
#7544=ORIENTED_EDGE('',*,*,#5828,.F.);
#7545=ORIENTED_EDGE('',*,*,#5773,.F.);
#7546=ORIENTED_EDGE('',*,*,#5820,.T.);
#7547=ORIENTED_EDGE('',*,*,#5823,.T.);
#7548=ORIENTED_EDGE('',*,*,#5826,.T.);
#7549=ORIENTED_EDGE('',*,*,#5828,.T.);
#7550=ORIENTED_EDGE('',*,*,#5799,.T.);
#7551=ORIENTED_EDGE('',*,*,#5803,.F.);
#7552=ORIENTED_EDGE('',*,*,#5806,.F.);
#7553=ORIENTED_EDGE('',*,*,#5809,.F.);
#7554=ORIENTED_EDGE('',*,*,#5812,.F.);
#7555=ORIENTED_EDGE('',*,*,#5815,.F.);
#7556=ORIENTED_EDGE('',*,*,#5817,.F.);
#7557=ORIENTED_EDGE('',*,*,#5818,.F.);
#7558=ORIENTED_EDGE('',*,*,#5775,.T.);
#7559=ORIENTED_EDGE('',*,*,#5816,.T.);
#7560=ORIENTED_EDGE('',*,*,#5813,.T.);
#7561=ORIENTED_EDGE('',*,*,#5810,.T.);
#7562=ORIENTED_EDGE('',*,*,#5807,.T.);
#7563=ORIENTED_EDGE('',*,*,#5804,.T.);
#7564=ORIENTED_EDGE('',*,*,#5801,.T.);
#7565=ORIENTED_EDGE('',*,*,#5797,.F.);
#7566=ORIENTED_EDGE('',*,*,#5827,.F.);
#7567=ORIENTED_EDGE('',*,*,#5824,.F.);
#7568=ORIENTED_EDGE('',*,*,#5821,.F.);
#7569=ORIENTED_EDGE('',*,*,#5829,.F.);
#7570=ORIENTED_EDGE('',*,*,#5830,.F.);
#7571=ORIENTED_EDGE('',*,*,#5831,.T.);
#7572=ORIENTED_EDGE('',*,*,#5832,.T.);
#7573=ORIENTED_EDGE('',*,*,#5830,.T.);
#7574=ORIENTED_EDGE('',*,*,#5833,.F.);
#7575=ORIENTED_EDGE('',*,*,#5834,.F.);
#7576=ORIENTED_EDGE('',*,*,#5835,.T.);
#7577=ORIENTED_EDGE('',*,*,#5836,.F.);
#7578=ORIENTED_EDGE('',*,*,#5837,.F.);
#7579=ORIENTED_EDGE('',*,*,#5838,.T.);
#7580=ORIENTED_EDGE('',*,*,#5834,.T.);
#7581=ORIENTED_EDGE('',*,*,#5839,.F.);
#7582=ORIENTED_EDGE('',*,*,#5840,.F.);
#7583=ORIENTED_EDGE('',*,*,#5841,.T.);
#7584=ORIENTED_EDGE('',*,*,#5837,.T.);
#7585=ORIENTED_EDGE('',*,*,#5842,.F.);
#7586=ORIENTED_EDGE('',*,*,#5796,.T.);
#7587=ORIENTED_EDGE('',*,*,#5843,.T.);
#7588=ORIENTED_EDGE('',*,*,#5840,.T.);
#7589=ORIENTED_EDGE('',*,*,#5844,.T.);
#7590=ORIENTED_EDGE('',*,*,#5845,.F.);
#7591=ORIENTED_EDGE('',*,*,#5846,.F.);
#7592=ORIENTED_EDGE('',*,*,#5760,.T.);
#7593=ORIENTED_EDGE('',*,*,#5845,.T.);
#7594=ORIENTED_EDGE('',*,*,#5847,.T.);
#7595=ORIENTED_EDGE('',*,*,#5848,.F.);
#7596=ORIENTED_EDGE('',*,*,#5849,.F.);
#7597=ORIENTED_EDGE('',*,*,#5850,.T.);
#7598=ORIENTED_EDGE('',*,*,#5851,.F.);
#7599=ORIENTED_EDGE('',*,*,#5852,.F.);
#7600=ORIENTED_EDGE('',*,*,#5848,.T.);
#7601=ORIENTED_EDGE('',*,*,#5853,.T.);
#7602=ORIENTED_EDGE('',*,*,#5854,.F.);
#7603=ORIENTED_EDGE('',*,*,#5855,.F.);
#7604=ORIENTED_EDGE('',*,*,#5851,.T.);
#7605=ORIENTED_EDGE('',*,*,#5856,.T.);
#7606=ORIENTED_EDGE('',*,*,#5857,.F.);
#7607=ORIENTED_EDGE('',*,*,#5858,.F.);
#7608=ORIENTED_EDGE('',*,*,#5854,.T.);
#7609=ORIENTED_EDGE('',*,*,#5859,.T.);
#7610=ORIENTED_EDGE('',*,*,#5832,.F.);
#7611=ORIENTED_EDGE('',*,*,#5860,.F.);
#7612=ORIENTED_EDGE('',*,*,#5857,.T.);
#7613=ORIENTED_EDGE('',*,*,#5761,.F.);
#7614=ORIENTED_EDGE('',*,*,#5846,.T.);
#7615=ORIENTED_EDGE('',*,*,#5849,.T.);
#7616=ORIENTED_EDGE('',*,*,#5852,.T.);
#7617=ORIENTED_EDGE('',*,*,#5855,.T.);
#7618=ORIENTED_EDGE('',*,*,#5858,.T.);
#7619=ORIENTED_EDGE('',*,*,#5860,.T.);
#7620=ORIENTED_EDGE('',*,*,#5831,.F.);
#7621=ORIENTED_EDGE('',*,*,#5835,.F.);
#7622=ORIENTED_EDGE('',*,*,#5838,.F.);
#7623=ORIENTED_EDGE('',*,*,#5841,.F.);
#7624=ORIENTED_EDGE('',*,*,#5843,.F.);
#7625=ORIENTED_EDGE('',*,*,#5844,.F.);
#7626=ORIENTED_EDGE('',*,*,#5759,.T.);
#7627=ORIENTED_EDGE('',*,*,#5842,.T.);
#7628=ORIENTED_EDGE('',*,*,#5839,.T.);
#7629=ORIENTED_EDGE('',*,*,#5836,.T.);
#7630=ORIENTED_EDGE('',*,*,#5833,.T.);
#7631=ORIENTED_EDGE('',*,*,#5829,.T.);
#7632=ORIENTED_EDGE('',*,*,#5859,.F.);
#7633=ORIENTED_EDGE('',*,*,#5856,.F.);
#7634=ORIENTED_EDGE('',*,*,#5853,.F.);
#7635=ORIENTED_EDGE('',*,*,#5850,.F.);
#7636=ORIENTED_EDGE('',*,*,#5847,.F.);
#7637=ORIENTED_EDGE('',*,*,#5861,.T.);
#7638=ORIENTED_EDGE('',*,*,#5862,.F.);
#7639=ORIENTED_EDGE('',*,*,#5863,.F.);
#7640=ORIENTED_EDGE('',*,*,#5864,.T.);
#7641=ORIENTED_EDGE('',*,*,#5865,.F.);
#7642=ORIENTED_EDGE('',*,*,#5866,.F.);
#7643=ORIENTED_EDGE('',*,*,#5867,.T.);
#7644=ORIENTED_EDGE('',*,*,#5862,.T.);
#7645=ORIENTED_EDGE('',*,*,#5868,.F.);
#7646=ORIENTED_EDGE('',*,*,#5869,.F.);
#7647=ORIENTED_EDGE('',*,*,#5870,.T.);
#7648=ORIENTED_EDGE('',*,*,#5866,.T.);
#7649=ORIENTED_EDGE('',*,*,#5871,.F.);
#7650=ORIENTED_EDGE('',*,*,#5872,.F.);
#7651=ORIENTED_EDGE('',*,*,#5873,.T.);
#7652=ORIENTED_EDGE('',*,*,#5869,.T.);
#7653=ORIENTED_EDGE('',*,*,#5874,.F.);
#7654=ORIENTED_EDGE('',*,*,#5875,.F.);
#7655=ORIENTED_EDGE('',*,*,#5876,.T.);
#7656=ORIENTED_EDGE('',*,*,#5872,.T.);
#7657=ORIENTED_EDGE('',*,*,#5875,.T.);
#7658=ORIENTED_EDGE('',*,*,#5877,.F.);
#7659=ORIENTED_EDGE('',*,*,#5878,.F.);
#7660=ORIENTED_EDGE('',*,*,#5879,.T.);
#7661=ORIENTED_EDGE('',*,*,#5880,.F.);
#7662=ORIENTED_EDGE('',*,*,#5770,.F.);
#7663=ORIENTED_EDGE('',*,*,#5881,.T.);
#7664=ORIENTED_EDGE('',*,*,#5878,.T.);
#7665=ORIENTED_EDGE('',*,*,#5788,.T.);
#7666=ORIENTED_EDGE('',*,*,#5882,.T.);
#7667=ORIENTED_EDGE('',*,*,#5883,.F.);
#7668=ORIENTED_EDGE('',*,*,#5884,.F.);
#7669=ORIENTED_EDGE('',*,*,#5885,.T.);
#7670=ORIENTED_EDGE('',*,*,#5886,.F.);
#7671=ORIENTED_EDGE('',*,*,#5887,.F.);
#7672=ORIENTED_EDGE('',*,*,#5883,.T.);
#7673=ORIENTED_EDGE('',*,*,#5888,.T.);
#7674=ORIENTED_EDGE('',*,*,#5889,.F.);
#7675=ORIENTED_EDGE('',*,*,#5890,.F.);
#7676=ORIENTED_EDGE('',*,*,#5886,.T.);
#7677=ORIENTED_EDGE('',*,*,#5889,.T.);
#7678=ORIENTED_EDGE('',*,*,#5891,.T.);
#7679=ORIENTED_EDGE('',*,*,#5864,.F.);
#7680=ORIENTED_EDGE('',*,*,#5892,.F.);
#7681=ORIENTED_EDGE('',*,*,#5769,.F.);
#7682=ORIENTED_EDGE('',*,*,#5884,.T.);
#7683=ORIENTED_EDGE('',*,*,#5887,.T.);
#7684=ORIENTED_EDGE('',*,*,#5890,.T.);
#7685=ORIENTED_EDGE('',*,*,#5892,.T.);
#7686=ORIENTED_EDGE('',*,*,#5863,.T.);
#7687=ORIENTED_EDGE('',*,*,#5867,.F.);
#7688=ORIENTED_EDGE('',*,*,#5870,.F.);
#7689=ORIENTED_EDGE('',*,*,#5873,.F.);
#7690=ORIENTED_EDGE('',*,*,#5876,.F.);
#7691=ORIENTED_EDGE('',*,*,#5879,.F.);
#7692=ORIENTED_EDGE('',*,*,#5881,.F.);
#7693=ORIENTED_EDGE('',*,*,#5882,.F.);
#7694=ORIENTED_EDGE('',*,*,#5771,.T.);
#7695=ORIENTED_EDGE('',*,*,#5880,.T.);
#7696=ORIENTED_EDGE('',*,*,#5877,.T.);
#7697=ORIENTED_EDGE('',*,*,#5874,.T.);
#7698=ORIENTED_EDGE('',*,*,#5871,.T.);
#7699=ORIENTED_EDGE('',*,*,#5868,.T.);
#7700=ORIENTED_EDGE('',*,*,#5865,.T.);
#7701=ORIENTED_EDGE('',*,*,#5861,.F.);
#7702=ORIENTED_EDGE('',*,*,#5891,.F.);
#7703=ORIENTED_EDGE('',*,*,#5888,.F.);
#7704=ORIENTED_EDGE('',*,*,#5885,.F.);
#7705=ORIENTED_EDGE('',*,*,#5893,.T.);
#7706=ORIENTED_EDGE('',*,*,#5894,.F.);
#7707=ORIENTED_EDGE('',*,*,#5895,.F.);
#7708=ORIENTED_EDGE('',*,*,#5896,.T.);
#7709=ORIENTED_EDGE('',*,*,#5897,.F.);
#7710=ORIENTED_EDGE('',*,*,#5898,.F.);
#7711=ORIENTED_EDGE('',*,*,#5899,.T.);
#7712=ORIENTED_EDGE('',*,*,#5894,.T.);
#7713=ORIENTED_EDGE('',*,*,#5900,.F.);
#7714=ORIENTED_EDGE('',*,*,#5901,.F.);
#7715=ORIENTED_EDGE('',*,*,#5902,.T.);
#7716=ORIENTED_EDGE('',*,*,#5898,.T.);
#7717=ORIENTED_EDGE('',*,*,#5903,.F.);
#7718=ORIENTED_EDGE('',*,*,#5904,.F.);
#7719=ORIENTED_EDGE('',*,*,#5905,.T.);
#7720=ORIENTED_EDGE('',*,*,#5901,.T.);
#7721=ORIENTED_EDGE('',*,*,#5906,.F.);
#7722=ORIENTED_EDGE('',*,*,#5907,.F.);
#7723=ORIENTED_EDGE('',*,*,#5908,.T.);
#7724=ORIENTED_EDGE('',*,*,#5904,.T.);
#7725=ORIENTED_EDGE('',*,*,#5907,.T.);
#7726=ORIENTED_EDGE('',*,*,#5909,.F.);
#7727=ORIENTED_EDGE('',*,*,#5910,.F.);
#7728=ORIENTED_EDGE('',*,*,#5911,.T.);
#7729=ORIENTED_EDGE('',*,*,#5912,.F.);
#7730=ORIENTED_EDGE('',*,*,#5766,.F.);
#7731=ORIENTED_EDGE('',*,*,#5913,.T.);
#7732=ORIENTED_EDGE('',*,*,#5910,.T.);
#7733=ORIENTED_EDGE('',*,*,#5789,.T.);
#7734=ORIENTED_EDGE('',*,*,#5914,.T.);
#7735=ORIENTED_EDGE('',*,*,#5915,.F.);
#7736=ORIENTED_EDGE('',*,*,#5916,.F.);
#7737=ORIENTED_EDGE('',*,*,#5917,.T.);
#7738=ORIENTED_EDGE('',*,*,#5918,.F.);
#7739=ORIENTED_EDGE('',*,*,#5919,.F.);
#7740=ORIENTED_EDGE('',*,*,#5915,.T.);
#7741=ORIENTED_EDGE('',*,*,#5920,.T.);
#7742=ORIENTED_EDGE('',*,*,#5921,.F.);
#7743=ORIENTED_EDGE('',*,*,#5922,.F.);
#7744=ORIENTED_EDGE('',*,*,#5918,.T.);
#7745=ORIENTED_EDGE('',*,*,#5921,.T.);
#7746=ORIENTED_EDGE('',*,*,#5923,.T.);
#7747=ORIENTED_EDGE('',*,*,#5896,.F.);
#7748=ORIENTED_EDGE('',*,*,#5924,.F.);
#7749=ORIENTED_EDGE('',*,*,#5765,.F.);
#7750=ORIENTED_EDGE('',*,*,#5916,.T.);
#7751=ORIENTED_EDGE('',*,*,#5919,.T.);
#7752=ORIENTED_EDGE('',*,*,#5922,.T.);
#7753=ORIENTED_EDGE('',*,*,#5924,.T.);
#7754=ORIENTED_EDGE('',*,*,#5895,.T.);
#7755=ORIENTED_EDGE('',*,*,#5899,.F.);
#7756=ORIENTED_EDGE('',*,*,#5902,.F.);
#7757=ORIENTED_EDGE('',*,*,#5905,.F.);
#7758=ORIENTED_EDGE('',*,*,#5908,.F.);
#7759=ORIENTED_EDGE('',*,*,#5911,.F.);
#7760=ORIENTED_EDGE('',*,*,#5913,.F.);
#7761=ORIENTED_EDGE('',*,*,#5914,.F.);
#7762=ORIENTED_EDGE('',*,*,#5767,.T.);
#7763=ORIENTED_EDGE('',*,*,#5912,.T.);
#7764=ORIENTED_EDGE('',*,*,#5909,.T.);
#7765=ORIENTED_EDGE('',*,*,#5906,.T.);
#7766=ORIENTED_EDGE('',*,*,#5903,.T.);
#7767=ORIENTED_EDGE('',*,*,#5900,.T.);
#7768=ORIENTED_EDGE('',*,*,#5897,.T.);
#7769=ORIENTED_EDGE('',*,*,#5893,.F.);
#7770=ORIENTED_EDGE('',*,*,#5923,.F.);
#7771=ORIENTED_EDGE('',*,*,#5920,.F.);
#7772=ORIENTED_EDGE('',*,*,#5917,.F.);
#7773=ORIENTED_EDGE('',*,*,#5925,.F.);
#7774=ORIENTED_EDGE('',*,*,#5926,.F.);
#7775=ORIENTED_EDGE('',*,*,#5927,.T.);
#7776=ORIENTED_EDGE('',*,*,#5928,.T.);
#7777=ORIENTED_EDGE('',*,*,#5926,.T.);
#7778=ORIENTED_EDGE('',*,*,#5929,.F.);
#7779=ORIENTED_EDGE('',*,*,#5930,.F.);
#7780=ORIENTED_EDGE('',*,*,#5931,.T.);
#7781=ORIENTED_EDGE('',*,*,#5932,.F.);
#7782=ORIENTED_EDGE('',*,*,#5933,.F.);
#7783=ORIENTED_EDGE('',*,*,#5934,.T.);
#7784=ORIENTED_EDGE('',*,*,#5930,.T.);
#7785=ORIENTED_EDGE('',*,*,#5935,.F.);
#7786=ORIENTED_EDGE('',*,*,#5936,.F.);
#7787=ORIENTED_EDGE('',*,*,#5937,.T.);
#7788=ORIENTED_EDGE('',*,*,#5933,.T.);
#7789=ORIENTED_EDGE('',*,*,#5938,.F.);
#7790=ORIENTED_EDGE('',*,*,#5795,.T.);
#7791=ORIENTED_EDGE('',*,*,#5939,.T.);
#7792=ORIENTED_EDGE('',*,*,#5936,.T.);
#7793=ORIENTED_EDGE('',*,*,#5940,.T.);
#7794=ORIENTED_EDGE('',*,*,#5941,.F.);
#7795=ORIENTED_EDGE('',*,*,#5942,.F.);
#7796=ORIENTED_EDGE('',*,*,#5752,.T.);
#7797=ORIENTED_EDGE('',*,*,#5941,.T.);
#7798=ORIENTED_EDGE('',*,*,#5943,.T.);
#7799=ORIENTED_EDGE('',*,*,#5944,.F.);
#7800=ORIENTED_EDGE('',*,*,#5945,.F.);
#7801=ORIENTED_EDGE('',*,*,#5946,.T.);
#7802=ORIENTED_EDGE('',*,*,#5947,.F.);
#7803=ORIENTED_EDGE('',*,*,#5948,.F.);
#7804=ORIENTED_EDGE('',*,*,#5944,.T.);
#7805=ORIENTED_EDGE('',*,*,#5949,.T.);
#7806=ORIENTED_EDGE('',*,*,#5950,.F.);
#7807=ORIENTED_EDGE('',*,*,#5951,.F.);
#7808=ORIENTED_EDGE('',*,*,#5947,.T.);
#7809=ORIENTED_EDGE('',*,*,#5952,.T.);
#7810=ORIENTED_EDGE('',*,*,#5953,.F.);
#7811=ORIENTED_EDGE('',*,*,#5954,.F.);
#7812=ORIENTED_EDGE('',*,*,#5950,.T.);
#7813=ORIENTED_EDGE('',*,*,#5955,.T.);
#7814=ORIENTED_EDGE('',*,*,#5928,.F.);
#7815=ORIENTED_EDGE('',*,*,#5956,.F.);
#7816=ORIENTED_EDGE('',*,*,#5953,.T.);
#7817=ORIENTED_EDGE('',*,*,#5753,.F.);
#7818=ORIENTED_EDGE('',*,*,#5942,.T.);
#7819=ORIENTED_EDGE('',*,*,#5945,.T.);
#7820=ORIENTED_EDGE('',*,*,#5948,.T.);
#7821=ORIENTED_EDGE('',*,*,#5951,.T.);
#7822=ORIENTED_EDGE('',*,*,#5954,.T.);
#7823=ORIENTED_EDGE('',*,*,#5956,.T.);
#7824=ORIENTED_EDGE('',*,*,#5927,.F.);
#7825=ORIENTED_EDGE('',*,*,#5931,.F.);
#7826=ORIENTED_EDGE('',*,*,#5934,.F.);
#7827=ORIENTED_EDGE('',*,*,#5937,.F.);
#7828=ORIENTED_EDGE('',*,*,#5939,.F.);
#7829=ORIENTED_EDGE('',*,*,#5940,.F.);
#7830=ORIENTED_EDGE('',*,*,#5763,.T.);
#7831=ORIENTED_EDGE('',*,*,#5938,.T.);
#7832=ORIENTED_EDGE('',*,*,#5935,.T.);
#7833=ORIENTED_EDGE('',*,*,#5932,.T.);
#7834=ORIENTED_EDGE('',*,*,#5929,.T.);
#7835=ORIENTED_EDGE('',*,*,#5925,.T.);
#7836=ORIENTED_EDGE('',*,*,#5955,.F.);
#7837=ORIENTED_EDGE('',*,*,#5952,.F.);
#7838=ORIENTED_EDGE('',*,*,#5949,.F.);
#7839=ORIENTED_EDGE('',*,*,#5946,.F.);
#7840=ORIENTED_EDGE('',*,*,#5943,.F.);
#7841=ORIENTED_EDGE('',*,*,#5957,.F.);
#7842=ORIENTED_EDGE('',*,*,#5958,.F.);
#7843=ORIENTED_EDGE('',*,*,#5959,.F.);
#7844=ORIENTED_EDGE('',*,*,#5960,.T.);
#7845=ORIENTED_EDGE('',*,*,#5961,.F.);
#7846=ORIENTED_EDGE('',*,*,#5962,.F.);
#7847=ORIENTED_EDGE('',*,*,#5963,.F.);
#7848=ORIENTED_EDGE('',*,*,#5964,.T.);
#7849=ORIENTED_EDGE('',*,*,#5965,.T.);
#7850=ORIENTED_EDGE('',*,*,#5966,.T.);
#7851=ORIENTED_EDGE('',*,*,#5963,.T.);
#7852=ORIENTED_EDGE('',*,*,#5967,.T.);
#7853=ORIENTED_EDGE('',*,*,#5968,.T.);
#7854=ORIENTED_EDGE('',*,*,#5969,.T.);
#7855=ORIENTED_EDGE('',*,*,#5961,.T.);
#7856=ORIENTED_EDGE('',*,*,#5970,.T.);
#7857=ORIENTED_EDGE('',*,*,#5962,.T.);
#7858=ORIENTED_EDGE('',*,*,#5969,.F.);
#7859=ORIENTED_EDGE('',*,*,#5971,.F.);
#7860=ORIENTED_EDGE('',*,*,#5967,.F.);
#7861=ORIENTED_EDGE('',*,*,#5972,.F.);
#7862=ORIENTED_EDGE('',*,*,#5964,.F.);
#7863=ORIENTED_EDGE('',*,*,#5966,.F.);
#7864=ORIENTED_EDGE('',*,*,#5973,.T.);
#7865=ORIENTED_EDGE('',*,*,#5970,.F.);
#7866=ORIENTED_EDGE('',*,*,#5960,.F.);
#7867=ORIENTED_EDGE('',*,*,#5974,.F.);
#7868=ORIENTED_EDGE('',*,*,#5975,.F.);
#7869=ORIENTED_EDGE('',*,*,#5971,.T.);
#7870=ORIENTED_EDGE('',*,*,#5968,.F.);
#7871=ORIENTED_EDGE('',*,*,#5973,.F.);
#7872=ORIENTED_EDGE('',*,*,#5965,.F.);
#7873=ORIENTED_EDGE('',*,*,#5975,.T.);
#7874=ORIENTED_EDGE('',*,*,#5976,.F.);
#7875=ORIENTED_EDGE('',*,*,#5977,.T.);
#7876=ORIENTED_EDGE('',*,*,#5978,.F.);
#7877=ORIENTED_EDGE('',*,*,#5974,.T.);
#7878=ORIENTED_EDGE('',*,*,#5959,.T.);
#7879=ORIENTED_EDGE('',*,*,#5979,.T.);
#7880=ORIENTED_EDGE('',*,*,#5980,.T.);
#7881=ORIENTED_EDGE('',*,*,#5981,.T.);
#7882=ORIENTED_EDGE('',*,*,#5982,.T.);
#7883=ORIENTED_EDGE('',*,*,#5983,.T.);
#7884=ORIENTED_EDGE('',*,*,#5984,.T.);
#7885=ORIENTED_EDGE('',*,*,#5985,.T.);
#7886=ORIENTED_EDGE('',*,*,#5986,.T.);
#7887=ORIENTED_EDGE('',*,*,#5987,.T.);
#7888=ORIENTED_EDGE('',*,*,#5988,.T.);
#7889=ORIENTED_EDGE('',*,*,#5989,.T.);
#7890=ORIENTED_EDGE('',*,*,#5990,.T.);
#7891=ORIENTED_EDGE('',*,*,#5991,.T.);
#7892=ORIENTED_EDGE('',*,*,#5992,.T.);
#7893=ORIENTED_EDGE('',*,*,#5993,.T.);
#7894=ORIENTED_EDGE('',*,*,#5994,.T.);
#7895=ORIENTED_EDGE('',*,*,#5995,.T.);
#7896=ORIENTED_EDGE('',*,*,#5996,.T.);
#7897=ORIENTED_EDGE('',*,*,#5997,.T.);
#7898=ORIENTED_EDGE('',*,*,#5998,.T.);
#7899=ORIENTED_EDGE('',*,*,#5999,.T.);
#7900=ORIENTED_EDGE('',*,*,#6000,.T.);
#7901=ORIENTED_EDGE('',*,*,#6001,.T.);
#7902=ORIENTED_EDGE('',*,*,#6002,.T.);
#7903=ORIENTED_EDGE('',*,*,#6003,.T.);
#7904=ORIENTED_EDGE('',*,*,#5976,.T.);
#7905=ORIENTED_EDGE('',*,*,#5994,.F.);
#7906=ORIENTED_EDGE('',*,*,#6004,.F.);
#7907=ORIENTED_EDGE('',*,*,#6005,.F.);
#7908=ORIENTED_EDGE('',*,*,#6006,.F.);
#7909=ORIENTED_EDGE('',*,*,#6007,.F.);
#7910=ORIENTED_EDGE('',*,*,#6008,.T.);
#7911=ORIENTED_EDGE('',*,*,#6009,.F.);
#7912=ORIENTED_EDGE('',*,*,#6010,.F.);
#7913=ORIENTED_EDGE('',*,*,#6011,.T.);
#7914=ORIENTED_EDGE('',*,*,#6012,.T.);
#7915=ORIENTED_EDGE('',*,*,#6007,.T.);
#7916=ORIENTED_EDGE('',*,*,#6013,.T.);
#7917=ORIENTED_EDGE('',*,*,#6014,.T.);
#7918=ORIENTED_EDGE('',*,*,#6015,.T.);
#7919=ORIENTED_EDGE('',*,*,#6009,.T.);
#7920=ORIENTED_EDGE('',*,*,#6016,.T.);
#7921=ORIENTED_EDGE('',*,*,#5995,.F.);
#7922=ORIENTED_EDGE('',*,*,#6010,.T.);
#7923=ORIENTED_EDGE('',*,*,#6015,.F.);
#7924=ORIENTED_EDGE('',*,*,#6017,.F.);
#7925=ORIENTED_EDGE('',*,*,#6013,.F.);
#7926=ORIENTED_EDGE('',*,*,#6006,.T.);
#7927=ORIENTED_EDGE('',*,*,#6018,.F.);
#7928=ORIENTED_EDGE('',*,*,#6019,.F.);
#7929=ORIENTED_EDGE('',*,*,#6020,.T.);
#7930=ORIENTED_EDGE('',*,*,#6016,.F.);
#7931=ORIENTED_EDGE('',*,*,#6008,.F.);
#7932=ORIENTED_EDGE('',*,*,#6012,.F.);
#7933=ORIENTED_EDGE('',*,*,#6017,.T.);
#7934=ORIENTED_EDGE('',*,*,#6014,.F.);
#7935=ORIENTED_EDGE('',*,*,#6020,.F.);
#7936=ORIENTED_EDGE('',*,*,#6011,.F.);
#7937=ORIENTED_EDGE('',*,*,#6019,.T.);
#7938=ORIENTED_EDGE('',*,*,#6021,.F.);
#7939=ORIENTED_EDGE('',*,*,#6022,.T.);
#7940=ORIENTED_EDGE('',*,*,#5996,.F.);
#7941=ORIENTED_EDGE('',*,*,#6023,.F.);
#7942=ORIENTED_EDGE('',*,*,#6024,.F.);
#7943=ORIENTED_EDGE('',*,*,#5981,.F.);
#7944=ORIENTED_EDGE('',*,*,#6025,.T.);
#7945=ORIENTED_EDGE('',*,*,#6026,.F.);
#7946=ORIENTED_EDGE('',*,*,#6027,.F.);
#7947=ORIENTED_EDGE('',*,*,#6028,.F.);
#7948=ORIENTED_EDGE('',*,*,#6029,.T.);
#7949=ORIENTED_EDGE('',*,*,#6030,.T.);
#7950=ORIENTED_EDGE('',*,*,#6028,.T.);
#7951=ORIENTED_EDGE('',*,*,#6031,.T.);
#7952=ORIENTED_EDGE('',*,*,#6032,.T.);
#7953=ORIENTED_EDGE('',*,*,#6033,.T.);
#7954=ORIENTED_EDGE('',*,*,#6034,.T.);
#7955=ORIENTED_EDGE('',*,*,#6035,.T.);
#7956=ORIENTED_EDGE('',*,*,#6026,.T.);
#7957=ORIENTED_EDGE('',*,*,#6036,.T.);
#7958=ORIENTED_EDGE('',*,*,#6034,.F.);
#7959=ORIENTED_EDGE('',*,*,#6037,.F.);
#7960=ORIENTED_EDGE('',*,*,#6032,.F.);
#7961=ORIENTED_EDGE('',*,*,#6027,.T.);
#7962=ORIENTED_EDGE('',*,*,#6035,.F.);
#7963=ORIENTED_EDGE('',*,*,#6036,.F.);
#7964=ORIENTED_EDGE('',*,*,#6031,.F.);
#7965=ORIENTED_EDGE('',*,*,#6038,.F.);
#7966=ORIENTED_EDGE('',*,*,#6029,.F.);
#7967=ORIENTED_EDGE('',*,*,#6030,.F.);
#7968=ORIENTED_EDGE('',*,*,#6037,.T.);
#7969=ORIENTED_EDGE('',*,*,#6033,.F.);
#7970=ORIENTED_EDGE('',*,*,#6025,.F.);
#7971=ORIENTED_EDGE('',*,*,#5980,.F.);
#7972=ORIENTED_EDGE('',*,*,#6039,.F.);
#7973=ORIENTED_EDGE('',*,*,#5958,.T.);
#7974=ORIENTED_EDGE('',*,*,#6040,.F.);
#7975=ORIENTED_EDGE('',*,*,#6039,.T.);
#7976=ORIENTED_EDGE('',*,*,#5979,.F.);
#7977=ORIENTED_EDGE('',*,*,#6041,.F.);
#7978=ORIENTED_EDGE('',*,*,#6042,.F.);
#7979=ORIENTED_EDGE('',*,*,#5992,.F.);
#7980=ORIENTED_EDGE('',*,*,#6043,.T.);
#7981=ORIENTED_EDGE('',*,*,#6044,.F.);
#7982=ORIENTED_EDGE('',*,*,#6045,.F.);
#7983=ORIENTED_EDGE('',*,*,#6046,.F.);
#7984=ORIENTED_EDGE('',*,*,#6047,.T.);
#7985=ORIENTED_EDGE('',*,*,#6046,.T.);
#7986=ORIENTED_EDGE('',*,*,#6048,.T.);
#7987=ORIENTED_EDGE('',*,*,#6049,.T.);
#7988=ORIENTED_EDGE('',*,*,#6050,.T.);
#7989=ORIENTED_EDGE('',*,*,#6044,.T.);
#7990=ORIENTED_EDGE('',*,*,#6051,.T.);
#7991=ORIENTED_EDGE('',*,*,#6052,.T.);
#7992=ORIENTED_EDGE('',*,*,#6053,.T.);
#7993=ORIENTED_EDGE('',*,*,#6054,.F.);
#7994=ORIENTED_EDGE('',*,*,#6047,.F.);
#7995=ORIENTED_EDGE('',*,*,#6050,.F.);
#7996=ORIENTED_EDGE('',*,*,#6055,.T.);
#7997=ORIENTED_EDGE('',*,*,#6051,.F.);
#7998=ORIENTED_EDGE('',*,*,#6043,.F.);
#7999=ORIENTED_EDGE('',*,*,#5991,.F.);
#8000=ORIENTED_EDGE('',*,*,#6056,.F.);
#8001=ORIENTED_EDGE('',*,*,#6057,.T.);
#8002=ORIENTED_EDGE('',*,*,#6052,.F.);
#8003=ORIENTED_EDGE('',*,*,#6055,.F.);
#8004=ORIENTED_EDGE('',*,*,#6049,.F.);
#8005=ORIENTED_EDGE('',*,*,#6045,.T.);
#8006=ORIENTED_EDGE('',*,*,#6053,.F.);
#8007=ORIENTED_EDGE('',*,*,#6057,.F.);
#8008=ORIENTED_EDGE('',*,*,#6048,.F.);
#8009=ORIENTED_EDGE('',*,*,#5972,.T.);
#8010=ORIENTED_EDGE('',*,*,#5978,.T.);
#8011=ORIENTED_EDGE('',*,*,#6058,.T.);
#8012=ORIENTED_EDGE('',*,*,#6059,.T.);
#8013=ORIENTED_EDGE('',*,*,#6060,.T.);
#8014=ORIENTED_EDGE('',*,*,#6061,.T.);
#8015=ORIENTED_EDGE('',*,*,#6062,.T.);
#8016=ORIENTED_EDGE('',*,*,#6063,.T.);
#8017=ORIENTED_EDGE('',*,*,#6064,.T.);
#8018=ORIENTED_EDGE('',*,*,#6021,.T.);
#8019=ORIENTED_EDGE('',*,*,#6018,.T.);
#8020=ORIENTED_EDGE('',*,*,#6005,.T.);
#8021=ORIENTED_EDGE('',*,*,#6065,.T.);
#8022=ORIENTED_EDGE('',*,*,#6041,.T.);
#8023=ORIENTED_EDGE('',*,*,#6054,.T.);
#8024=ORIENTED_EDGE('',*,*,#6066,.T.);
#8025=ORIENTED_EDGE('',*,*,#6067,.T.);
#8026=ORIENTED_EDGE('',*,*,#6068,.T.);
#8027=ORIENTED_EDGE('',*,*,#6069,.T.);
#8028=ORIENTED_EDGE('',*,*,#6070,.T.);
#8029=ORIENTED_EDGE('',*,*,#6071,.T.);
#8030=ORIENTED_EDGE('',*,*,#6072,.T.);
#8031=ORIENTED_EDGE('',*,*,#6073,.T.);
#8032=ORIENTED_EDGE('',*,*,#6074,.T.);
#8033=ORIENTED_EDGE('',*,*,#6023,.T.);
#8034=ORIENTED_EDGE('',*,*,#6038,.T.);
#8035=ORIENTED_EDGE('',*,*,#6040,.T.);
#8036=ORIENTED_EDGE('',*,*,#5957,.T.);
#8037=ORIENTED_EDGE('',*,*,#6056,.T.);
#8038=ORIENTED_EDGE('',*,*,#5990,.F.);
#8039=ORIENTED_EDGE('',*,*,#6075,.T.);
#8040=ORIENTED_EDGE('',*,*,#6066,.F.);
#8041=ORIENTED_EDGE('',*,*,#6058,.F.);
#8042=ORIENTED_EDGE('',*,*,#5977,.F.);
#8043=ORIENTED_EDGE('',*,*,#6003,.F.);
#8044=ORIENTED_EDGE('',*,*,#6076,.T.);
#8045=ORIENTED_EDGE('',*,*,#6077,.F.);
#8046=ORIENTED_EDGE('',*,*,#6078,.F.);
#8047=ORIENTED_EDGE('',*,*,#6079,.F.);
#8048=ORIENTED_EDGE('',*,*,#6080,.T.);
#8049=ORIENTED_EDGE('',*,*,#6002,.F.);
#8050=ORIENTED_EDGE('',*,*,#6081,.T.);
#8051=ORIENTED_EDGE('',*,*,#6082,.F.);
#8052=ORIENTED_EDGE('',*,*,#6076,.F.);
#8053=ORIENTED_EDGE('',*,*,#6059,.F.);
#8054=ORIENTED_EDGE('',*,*,#6080,.F.);
#8055=ORIENTED_EDGE('',*,*,#6083,.F.);
#8056=ORIENTED_EDGE('',*,*,#6084,.T.);
#8057=ORIENTED_EDGE('',*,*,#6085,.T.);
#8058=ORIENTED_EDGE('',*,*,#6086,.T.);
#8059=ORIENTED_EDGE('',*,*,#6083,.T.);
#8060=ORIENTED_EDGE('',*,*,#6079,.T.);
#8061=ORIENTED_EDGE('',*,*,#6087,.T.);
#8062=ORIENTED_EDGE('',*,*,#6077,.T.);
#8063=ORIENTED_EDGE('',*,*,#6082,.T.);
#8064=ORIENTED_EDGE('',*,*,#6088,.T.);
#8065=ORIENTED_EDGE('',*,*,#6060,.F.);
#8066=ORIENTED_EDGE('',*,*,#6084,.F.);
#8067=ORIENTED_EDGE('',*,*,#6086,.F.);
#8068=ORIENTED_EDGE('',*,*,#6089,.T.);
#8069=ORIENTED_EDGE('',*,*,#6088,.F.);
#8070=ORIENTED_EDGE('',*,*,#6081,.F.);
#8071=ORIENTED_EDGE('',*,*,#6001,.F.);
#8072=ORIENTED_EDGE('',*,*,#6090,.F.);
#8073=ORIENTED_EDGE('',*,*,#6078,.T.);
#8074=ORIENTED_EDGE('',*,*,#6087,.F.);
#8075=ORIENTED_EDGE('',*,*,#6089,.F.);
#8076=ORIENTED_EDGE('',*,*,#6085,.F.);
#8077=ORIENTED_EDGE('',*,*,#6090,.T.);
#8078=ORIENTED_EDGE('',*,*,#6000,.F.);
#8079=ORIENTED_EDGE('',*,*,#6091,.T.);
#8080=ORIENTED_EDGE('',*,*,#6061,.F.);
#8081=ORIENTED_EDGE('',*,*,#5997,.F.);
#8082=ORIENTED_EDGE('',*,*,#6022,.F.);
#8083=ORIENTED_EDGE('',*,*,#6064,.F.);
#8084=ORIENTED_EDGE('',*,*,#6092,.F.);
#8085=ORIENTED_EDGE('',*,*,#6093,.F.);
#8086=ORIENTED_EDGE('',*,*,#6094,.T.);
#8087=ORIENTED_EDGE('',*,*,#6095,.F.);
#8088=ORIENTED_EDGE('',*,*,#6096,.F.);
#8089=ORIENTED_EDGE('',*,*,#6063,.F.);
#8090=ORIENTED_EDGE('',*,*,#6097,.F.);
#8091=ORIENTED_EDGE('',*,*,#6098,.F.);
#8092=ORIENTED_EDGE('',*,*,#6092,.T.);
#8093=ORIENTED_EDGE('',*,*,#6099,.T.);
#8094=ORIENTED_EDGE('',*,*,#6093,.T.);
#8095=ORIENTED_EDGE('',*,*,#6098,.T.);
#8096=ORIENTED_EDGE('',*,*,#6100,.T.);
#8097=ORIENTED_EDGE('',*,*,#6101,.T.);
#8098=ORIENTED_EDGE('',*,*,#6102,.T.);
#8099=ORIENTED_EDGE('',*,*,#6103,.T.);
#8100=ORIENTED_EDGE('',*,*,#6095,.T.);
#8101=ORIENTED_EDGE('',*,*,#5999,.F.);
#8102=ORIENTED_EDGE('',*,*,#6104,.T.);
#8103=ORIENTED_EDGE('',*,*,#6102,.F.);
#8104=ORIENTED_EDGE('',*,*,#6105,.F.);
#8105=ORIENTED_EDGE('',*,*,#6100,.F.);
#8106=ORIENTED_EDGE('',*,*,#6097,.T.);
#8107=ORIENTED_EDGE('',*,*,#6062,.F.);
#8108=ORIENTED_EDGE('',*,*,#6091,.F.);
#8109=ORIENTED_EDGE('',*,*,#5998,.F.);
#8110=ORIENTED_EDGE('',*,*,#6096,.T.);
#8111=ORIENTED_EDGE('',*,*,#6103,.F.);
#8112=ORIENTED_EDGE('',*,*,#6104,.F.);
#8113=ORIENTED_EDGE('',*,*,#6105,.T.);
#8114=ORIENTED_EDGE('',*,*,#6101,.F.);
#8115=ORIENTED_EDGE('',*,*,#6094,.F.);
#8116=ORIENTED_EDGE('',*,*,#6099,.F.);
#8117=ORIENTED_EDGE('',*,*,#6071,.F.);
#8118=ORIENTED_EDGE('',*,*,#6106,.F.);
#8119=ORIENTED_EDGE('',*,*,#5985,.F.);
#8120=ORIENTED_EDGE('',*,*,#6107,.T.);
#8121=ORIENTED_EDGE('',*,*,#6108,.F.);
#8122=ORIENTED_EDGE('',*,*,#6109,.F.);
#8123=ORIENTED_EDGE('',*,*,#6110,.F.);
#8124=ORIENTED_EDGE('',*,*,#6111,.T.);
#8125=ORIENTED_EDGE('',*,*,#5984,.F.);
#8126=ORIENTED_EDGE('',*,*,#6112,.T.);
#8127=ORIENTED_EDGE('',*,*,#6113,.F.);
#8128=ORIENTED_EDGE('',*,*,#6107,.F.);
#8129=ORIENTED_EDGE('',*,*,#6072,.F.);
#8130=ORIENTED_EDGE('',*,*,#6111,.F.);
#8131=ORIENTED_EDGE('',*,*,#6114,.F.);
#8132=ORIENTED_EDGE('',*,*,#6115,.T.);
#8133=ORIENTED_EDGE('',*,*,#6114,.T.);
#8134=ORIENTED_EDGE('',*,*,#6110,.T.);
#8135=ORIENTED_EDGE('',*,*,#6116,.T.);
#8136=ORIENTED_EDGE('',*,*,#6117,.T.);
#8137=ORIENTED_EDGE('',*,*,#6113,.T.);
#8138=ORIENTED_EDGE('',*,*,#6118,.T.);
#8139=ORIENTED_EDGE('',*,*,#6119,.T.);
#8140=ORIENTED_EDGE('',*,*,#6108,.T.);
#8141=ORIENTED_EDGE('',*,*,#6073,.F.);
#8142=ORIENTED_EDGE('',*,*,#6115,.F.);
#8143=ORIENTED_EDGE('',*,*,#6117,.F.);
#8144=ORIENTED_EDGE('',*,*,#6120,.T.);
#8145=ORIENTED_EDGE('',*,*,#6118,.F.);
#8146=ORIENTED_EDGE('',*,*,#6112,.F.);
#8147=ORIENTED_EDGE('',*,*,#5983,.F.);
#8148=ORIENTED_EDGE('',*,*,#6121,.F.);
#8149=ORIENTED_EDGE('',*,*,#6109,.T.);
#8150=ORIENTED_EDGE('',*,*,#6119,.F.);
#8151=ORIENTED_EDGE('',*,*,#6120,.F.);
#8152=ORIENTED_EDGE('',*,*,#6116,.F.);
#8153=ORIENTED_EDGE('',*,*,#6106,.T.);
#8154=ORIENTED_EDGE('',*,*,#6070,.F.);
#8155=ORIENTED_EDGE('',*,*,#6122,.T.);
#8156=ORIENTED_EDGE('',*,*,#5986,.F.);
#8157=ORIENTED_EDGE('',*,*,#6024,.T.);
#8158=ORIENTED_EDGE('',*,*,#6074,.F.);
#8159=ORIENTED_EDGE('',*,*,#6121,.T.);
#8160=ORIENTED_EDGE('',*,*,#5982,.F.);
#8161=ORIENTED_EDGE('',*,*,#6067,.F.);
#8162=ORIENTED_EDGE('',*,*,#6075,.F.);
#8163=ORIENTED_EDGE('',*,*,#5989,.F.);
#8164=ORIENTED_EDGE('',*,*,#6123,.T.);
#8165=ORIENTED_EDGE('',*,*,#6124,.F.);
#8166=ORIENTED_EDGE('',*,*,#6125,.F.);
#8167=ORIENTED_EDGE('',*,*,#6126,.F.);
#8168=ORIENTED_EDGE('',*,*,#6127,.T.);
#8169=ORIENTED_EDGE('',*,*,#5988,.F.);
#8170=ORIENTED_EDGE('',*,*,#6128,.T.);
#8171=ORIENTED_EDGE('',*,*,#6129,.F.);
#8172=ORIENTED_EDGE('',*,*,#6123,.F.);
#8173=ORIENTED_EDGE('',*,*,#6068,.F.);
#8174=ORIENTED_EDGE('',*,*,#6127,.F.);
#8175=ORIENTED_EDGE('',*,*,#6130,.F.);
#8176=ORIENTED_EDGE('',*,*,#6131,.T.);
#8177=ORIENTED_EDGE('',*,*,#6130,.T.);
#8178=ORIENTED_EDGE('',*,*,#6126,.T.);
#8179=ORIENTED_EDGE('',*,*,#6132,.T.);
#8180=ORIENTED_EDGE('',*,*,#6133,.T.);
#8181=ORIENTED_EDGE('',*,*,#6129,.T.);
#8182=ORIENTED_EDGE('',*,*,#6134,.T.);
#8183=ORIENTED_EDGE('',*,*,#6135,.T.);
#8184=ORIENTED_EDGE('',*,*,#6124,.T.);
#8185=ORIENTED_EDGE('',*,*,#6069,.F.);
#8186=ORIENTED_EDGE('',*,*,#6131,.F.);
#8187=ORIENTED_EDGE('',*,*,#6133,.F.);
#8188=ORIENTED_EDGE('',*,*,#6136,.T.);
#8189=ORIENTED_EDGE('',*,*,#6134,.F.);
#8190=ORIENTED_EDGE('',*,*,#6128,.F.);
#8191=ORIENTED_EDGE('',*,*,#5987,.F.);
#8192=ORIENTED_EDGE('',*,*,#6122,.F.);
#8193=ORIENTED_EDGE('',*,*,#6125,.T.);
#8194=ORIENTED_EDGE('',*,*,#6135,.F.);
#8195=ORIENTED_EDGE('',*,*,#6136,.F.);
#8196=ORIENTED_EDGE('',*,*,#6132,.F.);
#8197=ORIENTED_EDGE('',*,*,#6004,.T.);
#8198=ORIENTED_EDGE('',*,*,#5993,.F.);
#8199=ORIENTED_EDGE('',*,*,#6042,.T.);
#8200=ORIENTED_EDGE('',*,*,#6065,.F.);
#8201=ORIENTED_EDGE('',*,*,#6137,.T.);
#8202=ORIENTED_EDGE('',*,*,#6138,.T.);
#8203=ORIENTED_EDGE('',*,*,#6139,.T.);
#8204=ORIENTED_EDGE('',*,*,#6140,.T.);
#8205=ORIENTED_EDGE('',*,*,#6141,.T.);
#8206=ORIENTED_EDGE('',*,*,#6142,.T.);
#8207=ORIENTED_EDGE('',*,*,#6143,.T.);
#8208=ORIENTED_EDGE('',*,*,#6144,.F.);
#8209=ORIENTED_EDGE('',*,*,#6145,.T.);
#8210=ORIENTED_EDGE('',*,*,#6146,.T.);
#8211=ORIENTED_EDGE('',*,*,#6147,.T.);
#8212=ORIENTED_EDGE('',*,*,#6148,.T.);
#8213=ORIENTED_EDGE('',*,*,#6149,.F.);
#8214=ORIENTED_EDGE('',*,*,#6150,.F.);
#8215=ORIENTED_EDGE('',*,*,#6151,.F.);
#8216=ORIENTED_EDGE('',*,*,#6138,.F.);
#8217=ORIENTED_EDGE('',*,*,#6151,.T.);
#8218=ORIENTED_EDGE('',*,*,#6152,.F.);
#8219=ORIENTED_EDGE('',*,*,#6153,.F.);
#8220=ORIENTED_EDGE('',*,*,#6139,.F.);
#8221=ORIENTED_EDGE('',*,*,#6153,.T.);
#8222=ORIENTED_EDGE('',*,*,#6154,.F.);
#8223=ORIENTED_EDGE('',*,*,#6155,.F.);
#8224=ORIENTED_EDGE('',*,*,#6140,.F.);
#8225=ORIENTED_EDGE('',*,*,#6155,.T.);
#8226=ORIENTED_EDGE('',*,*,#6156,.F.);
#8227=ORIENTED_EDGE('',*,*,#6157,.F.);
#8228=ORIENTED_EDGE('',*,*,#6141,.F.);
#8229=ORIENTED_EDGE('',*,*,#6157,.T.);
#8230=ORIENTED_EDGE('',*,*,#6158,.F.);
#8231=ORIENTED_EDGE('',*,*,#6159,.F.);
#8232=ORIENTED_EDGE('',*,*,#6142,.F.);
#8233=ORIENTED_EDGE('',*,*,#6159,.T.);
#8234=ORIENTED_EDGE('',*,*,#6160,.F.);
#8235=ORIENTED_EDGE('',*,*,#6161,.T.);
#8236=ORIENTED_EDGE('',*,*,#6143,.F.);
#8237=ORIENTED_EDGE('',*,*,#6162,.F.);
#8238=ORIENTED_EDGE('',*,*,#6163,.F.);
#8239=ORIENTED_EDGE('',*,*,#6164,.F.);
#8240=ORIENTED_EDGE('',*,*,#6145,.F.);
#8241=ORIENTED_EDGE('',*,*,#6164,.T.);
#8242=ORIENTED_EDGE('',*,*,#6165,.F.);
#8243=ORIENTED_EDGE('',*,*,#6166,.F.);
#8244=ORIENTED_EDGE('',*,*,#6146,.F.);
#8245=ORIENTED_EDGE('',*,*,#6166,.T.);
#8246=ORIENTED_EDGE('',*,*,#6167,.F.);
#8247=ORIENTED_EDGE('',*,*,#6168,.F.);
#8248=ORIENTED_EDGE('',*,*,#6147,.F.);
#8249=ORIENTED_EDGE('',*,*,#6168,.T.);
#8250=ORIENTED_EDGE('',*,*,#6169,.F.);
#8251=ORIENTED_EDGE('',*,*,#6170,.F.);
#8252=ORIENTED_EDGE('',*,*,#6148,.F.);
#8253=ORIENTED_EDGE('',*,*,#6170,.T.);
#8254=ORIENTED_EDGE('',*,*,#6171,.F.);
#8255=ORIENTED_EDGE('',*,*,#6149,.T.);
#8256=ORIENTED_EDGE('',*,*,#6137,.F.);
#8257=ORIENTED_EDGE('',*,*,#6171,.T.);
#8258=ORIENTED_EDGE('',*,*,#6169,.T.);
#8259=ORIENTED_EDGE('',*,*,#6167,.T.);
#8260=ORIENTED_EDGE('',*,*,#6165,.T.);
#8261=ORIENTED_EDGE('',*,*,#6163,.T.);
#8262=ORIENTED_EDGE('',*,*,#6172,.F.);
#8263=ORIENTED_EDGE('',*,*,#6160,.T.);
#8264=ORIENTED_EDGE('',*,*,#6158,.T.);
#8265=ORIENTED_EDGE('',*,*,#6156,.T.);
#8266=ORIENTED_EDGE('',*,*,#6154,.T.);
#8267=ORIENTED_EDGE('',*,*,#6152,.T.);
#8268=ORIENTED_EDGE('',*,*,#6150,.T.);
#8269=ORIENTED_EDGE('',*,*,#6144,.T.);
#8270=ORIENTED_EDGE('',*,*,#6173,.T.);
#8271=ORIENTED_EDGE('',*,*,#6174,.F.);
#8272=ORIENTED_EDGE('',*,*,#6175,.F.);
#8273=ORIENTED_EDGE('',*,*,#6172,.T.);
#8274=ORIENTED_EDGE('',*,*,#6176,.F.);
#8275=ORIENTED_EDGE('',*,*,#6177,.T.);
#8276=ORIENTED_EDGE('',*,*,#6178,.T.);
#8277=ORIENTED_EDGE('',*,*,#6179,.T.);
#8278=ORIENTED_EDGE('',*,*,#6180,.F.);
#8279=ORIENTED_EDGE('',*,*,#6181,.F.);
#8280=ORIENTED_EDGE('',*,*,#6182,.T.);
#8281=ORIENTED_EDGE('',*,*,#6183,.T.);
#8282=ORIENTED_EDGE('',*,*,#6184,.F.);
#8283=ORIENTED_EDGE('',*,*,#6185,.F.);
#8284=ORIENTED_EDGE('',*,*,#6186,.T.);
#8285=ORIENTED_EDGE('',*,*,#6187,.F.);
#8286=ORIENTED_EDGE('',*,*,#6188,.F.);
#8287=ORIENTED_EDGE('',*,*,#6189,.T.);
#8288=ORIENTED_EDGE('',*,*,#6190,.T.);
#8289=ORIENTED_EDGE('',*,*,#6191,.F.);
#8290=ORIENTED_EDGE('',*,*,#6192,.F.);
#8291=ORIENTED_EDGE('',*,*,#6193,.T.);
#8292=ORIENTED_EDGE('',*,*,#6194,.T.);
#8293=ORIENTED_EDGE('',*,*,#6195,.F.);
#8294=ORIENTED_EDGE('',*,*,#6196,.F.);
#8295=ORIENTED_EDGE('',*,*,#6197,.T.);
#8296=ORIENTED_EDGE('',*,*,#6198,.T.);
#8297=ORIENTED_EDGE('',*,*,#6199,.T.);
#8298=ORIENTED_EDGE('',*,*,#6200,.T.);
#8299=ORIENTED_EDGE('',*,*,#6194,.F.);
#8300=ORIENTED_EDGE('',*,*,#6201,.F.);
#8301=ORIENTED_EDGE('',*,*,#6185,.T.);
#8302=ORIENTED_EDGE('',*,*,#6202,.F.);
#8303=ORIENTED_EDGE('',*,*,#6189,.F.);
#8304=ORIENTED_EDGE('',*,*,#6203,.T.);
#8305=ORIENTED_EDGE('',*,*,#6204,.F.);
#8306=ORIENTED_EDGE('',*,*,#6205,.T.);
#8307=ORIENTED_EDGE('',*,*,#6206,.T.);
#8308=ORIENTED_EDGE('',*,*,#6199,.F.);
#8309=ORIENTED_EDGE('',*,*,#6207,.F.);
#8310=ORIENTED_EDGE('',*,*,#6208,.F.);
#8311=ORIENTED_EDGE('',*,*,#6209,.T.);
#8312=ORIENTED_EDGE('',*,*,#6210,.T.);
#8313=ORIENTED_EDGE('',*,*,#6211,.T.);
#8314=ORIENTED_EDGE('',*,*,#6212,.T.);
#8315=ORIENTED_EDGE('',*,*,#6213,.F.);
#8316=ORIENTED_EDGE('',*,*,#6214,.F.);
#8317=ORIENTED_EDGE('',*,*,#6215,.T.);
#8318=ORIENTED_EDGE('',*,*,#6216,.F.);
#8319=ORIENTED_EDGE('',*,*,#6217,.F.);
#8320=ORIENTED_EDGE('',*,*,#6218,.T.);
#8321=ORIENTED_EDGE('',*,*,#6219,.F.);
#8322=ORIENTED_EDGE('',*,*,#6220,.F.);
#8323=ORIENTED_EDGE('',*,*,#6221,.T.);
#8324=ORIENTED_EDGE('',*,*,#6216,.T.);
#8325=ORIENTED_EDGE('',*,*,#6222,.F.);
#8326=ORIENTED_EDGE('',*,*,#6223,.F.);
#8327=ORIENTED_EDGE('',*,*,#6224,.T.);
#8328=ORIENTED_EDGE('',*,*,#6220,.T.);
#8329=ORIENTED_EDGE('',*,*,#6225,.F.);
#8330=ORIENTED_EDGE('',*,*,#6226,.F.);
#8331=ORIENTED_EDGE('',*,*,#6227,.T.);
#8332=ORIENTED_EDGE('',*,*,#6223,.T.);
#8333=ORIENTED_EDGE('',*,*,#6228,.F.);
#8334=ORIENTED_EDGE('',*,*,#6229,.F.);
#8335=ORIENTED_EDGE('',*,*,#6230,.T.);
#8336=ORIENTED_EDGE('',*,*,#6226,.T.);
#8337=ORIENTED_EDGE('',*,*,#6229,.T.);
#8338=ORIENTED_EDGE('',*,*,#6231,.F.);
#8339=ORIENTED_EDGE('',*,*,#6232,.F.);
#8340=ORIENTED_EDGE('',*,*,#6233,.T.);
#8341=ORIENTED_EDGE('',*,*,#6234,.F.);
#8342=ORIENTED_EDGE('',*,*,#6235,.F.);
#8343=ORIENTED_EDGE('',*,*,#6236,.T.);
#8344=ORIENTED_EDGE('',*,*,#6232,.T.);
#8345=ORIENTED_EDGE('',*,*,#6237,.T.);
#8346=ORIENTED_EDGE('',*,*,#6238,.F.);
#8347=ORIENTED_EDGE('',*,*,#6239,.F.);
#8348=ORIENTED_EDGE('',*,*,#6240,.T.);
#8349=ORIENTED_EDGE('',*,*,#6241,.T.);
#8350=ORIENTED_EDGE('',*,*,#6242,.F.);
#8351=ORIENTED_EDGE('',*,*,#6243,.F.);
#8352=ORIENTED_EDGE('',*,*,#6238,.T.);
#8353=ORIENTED_EDGE('',*,*,#6244,.T.);
#8354=ORIENTED_EDGE('',*,*,#6245,.F.);
#8355=ORIENTED_EDGE('',*,*,#6246,.F.);
#8356=ORIENTED_EDGE('',*,*,#6242,.T.);
#8357=ORIENTED_EDGE('',*,*,#6245,.T.);
#8358=ORIENTED_EDGE('',*,*,#6247,.T.);
#8359=ORIENTED_EDGE('',*,*,#6218,.F.);
#8360=ORIENTED_EDGE('',*,*,#6248,.F.);
#8361=ORIENTED_EDGE('',*,*,#6217,.T.);
#8362=ORIENTED_EDGE('',*,*,#6221,.F.);
#8363=ORIENTED_EDGE('',*,*,#6224,.F.);
#8364=ORIENTED_EDGE('',*,*,#6227,.F.);
#8365=ORIENTED_EDGE('',*,*,#6230,.F.);
#8366=ORIENTED_EDGE('',*,*,#6233,.F.);
#8367=ORIENTED_EDGE('',*,*,#6236,.F.);
#8368=ORIENTED_EDGE('',*,*,#6198,.F.);
#8369=ORIENTED_EDGE('',*,*,#6239,.T.);
#8370=ORIENTED_EDGE('',*,*,#6243,.T.);
#8371=ORIENTED_EDGE('',*,*,#6246,.T.);
#8372=ORIENTED_EDGE('',*,*,#6248,.T.);
#8373=ORIENTED_EDGE('',*,*,#6215,.F.);
#8374=ORIENTED_EDGE('',*,*,#6247,.F.);
#8375=ORIENTED_EDGE('',*,*,#6244,.F.);
#8376=ORIENTED_EDGE('',*,*,#6241,.F.);
#8377=ORIENTED_EDGE('',*,*,#6237,.F.);
#8378=ORIENTED_EDGE('',*,*,#6181,.T.);
#8379=ORIENTED_EDGE('',*,*,#6234,.T.);
#8380=ORIENTED_EDGE('',*,*,#6231,.T.);
#8381=ORIENTED_EDGE('',*,*,#6228,.T.);
#8382=ORIENTED_EDGE('',*,*,#6225,.T.);
#8383=ORIENTED_EDGE('',*,*,#6222,.T.);
#8384=ORIENTED_EDGE('',*,*,#6219,.T.);
#8385=ORIENTED_EDGE('',*,*,#6186,.F.);
#8386=ORIENTED_EDGE('',*,*,#6249,.T.);
#8387=ORIENTED_EDGE('',*,*,#6207,.T.);
#8388=ORIENTED_EDGE('',*,*,#6250,.T.);
#8389=ORIENTED_EDGE('',*,*,#6193,.F.);
#8390=ORIENTED_EDGE('',*,*,#6251,.F.);
#8391=ORIENTED_EDGE('',*,*,#6182,.F.);
#8392=ORIENTED_EDGE('',*,*,#6240,.F.);
#8393=ORIENTED_EDGE('',*,*,#6197,.F.);
#8394=ORIENTED_EDGE('',*,*,#6252,.F.);
#8395=ORIENTED_EDGE('',*,*,#6212,.F.);
#8396=ORIENTED_EDGE('',*,*,#6253,.T.);
#8397=ORIENTED_EDGE('',*,*,#6184,.T.);
#8398=ORIENTED_EDGE('',*,*,#6254,.T.);
#8399=ORIENTED_EDGE('',*,*,#6195,.T.);
#8400=ORIENTED_EDGE('',*,*,#6235,.T.);
#8401=ORIENTED_EDGE('',*,*,#6180,.T.);
#8402=ORIENTED_EDGE('',*,*,#6255,.T.);
#8403=ORIENTED_EDGE('',*,*,#6191,.T.);
#8404=ORIENTED_EDGE('',*,*,#6256,.T.);
#8405=ORIENTED_EDGE('',*,*,#6209,.F.);
#8406=ORIENTED_EDGE('',*,*,#6257,.T.);
#8407=ORIENTED_EDGE('',*,*,#6188,.T.);
#8408=ORIENTED_EDGE('',*,*,#6258,.T.);
#8409=ORIENTED_EDGE('',*,*,#6176,.T.);
#8410=ORIENTED_EDGE('',*,*,#6162,.T.);
#8411=ORIENTED_EDGE('',*,*,#6175,.T.);
#8412=ORIENTED_EDGE('',*,*,#6259,.T.);
#8413=ORIENTED_EDGE('',*,*,#6204,.T.);
#8414=ORIENTED_EDGE('',*,*,#6260,.T.);
#8415=ORIENTED_EDGE('',*,*,#6190,.F.);
#8416=ORIENTED_EDGE('',*,*,#6261,.T.);
#8417=ORIENTED_EDGE('',*,*,#6214,.T.);
#8418=ORIENTED_EDGE('',*,*,#6262,.T.);
#8419=ORIENTED_EDGE('',*,*,#6206,.F.);
#8420=ORIENTED_EDGE('',*,*,#6263,.F.);
#8421=ORIENTED_EDGE('',*,*,#6173,.F.);
#8422=ORIENTED_EDGE('',*,*,#6161,.F.);
#8423=ORIENTED_EDGE('',*,*,#6178,.F.);
#8424=ORIENTED_EDGE('',*,*,#6264,.F.);
#8425=ORIENTED_EDGE('',*,*,#6210,.F.);
#8426=ORIENTED_EDGE('',*,*,#6260,.F.);
#8427=ORIENTED_EDGE('',*,*,#6201,.T.);
#8428=ORIENTED_EDGE('',*,*,#6250,.F.);
#8429=ORIENTED_EDGE('',*,*,#6203,.F.);
#8430=ORIENTED_EDGE('',*,*,#6257,.F.);
#8431=ORIENTED_EDGE('',*,*,#6208,.T.);
#8432=ORIENTED_EDGE('',*,*,#6249,.F.);
#8433=ORIENTED_EDGE('',*,*,#6200,.F.);
#8434=ORIENTED_EDGE('',*,*,#6262,.F.);
#8435=ORIENTED_EDGE('',*,*,#6213,.T.);
#8436=ORIENTED_EDGE('',*,*,#6256,.F.);
#8437=ORIENTED_EDGE('',*,*,#6211,.F.);
#8438=ORIENTED_EDGE('',*,*,#6261,.F.);
#8439=ORIENTED_EDGE('',*,*,#6202,.T.);
#8440=ORIENTED_EDGE('',*,*,#6253,.F.);
#8441=ORIENTED_EDGE('',*,*,#6265,.F.);
#8442=ORIENTED_EDGE('',*,*,#6266,.F.);
#8443=ORIENTED_EDGE('',*,*,#6267,.T.);
#8444=ORIENTED_EDGE('',*,*,#6268,.T.);
#8445=ORIENTED_EDGE('',*,*,#6266,.T.);
#8446=ORIENTED_EDGE('',*,*,#6269,.F.);
#8447=ORIENTED_EDGE('',*,*,#6270,.F.);
#8448=ORIENTED_EDGE('',*,*,#6271,.T.);
#8449=ORIENTED_EDGE('',*,*,#6272,.F.);
#8450=ORIENTED_EDGE('',*,*,#6273,.F.);
#8451=ORIENTED_EDGE('',*,*,#6274,.T.);
#8452=ORIENTED_EDGE('',*,*,#6270,.T.);
#8453=ORIENTED_EDGE('',*,*,#6275,.F.);
#8454=ORIENTED_EDGE('',*,*,#6276,.F.);
#8455=ORIENTED_EDGE('',*,*,#6277,.T.);
#8456=ORIENTED_EDGE('',*,*,#6273,.T.);
#8457=ORIENTED_EDGE('',*,*,#6278,.F.);
#8458=ORIENTED_EDGE('',*,*,#6258,.F.);
#8459=ORIENTED_EDGE('',*,*,#6279,.T.);
#8460=ORIENTED_EDGE('',*,*,#6276,.T.);
#8461=ORIENTED_EDGE('',*,*,#6280,.T.);
#8462=ORIENTED_EDGE('',*,*,#6281,.F.);
#8463=ORIENTED_EDGE('',*,*,#6282,.F.);
#8464=ORIENTED_EDGE('',*,*,#6264,.T.);
#8465=ORIENTED_EDGE('',*,*,#6281,.T.);
#8466=ORIENTED_EDGE('',*,*,#6283,.T.);
#8467=ORIENTED_EDGE('',*,*,#6284,.F.);
#8468=ORIENTED_EDGE('',*,*,#6285,.F.);
#8469=ORIENTED_EDGE('',*,*,#6286,.T.);
#8470=ORIENTED_EDGE('',*,*,#6287,.F.);
#8471=ORIENTED_EDGE('',*,*,#6288,.F.);
#8472=ORIENTED_EDGE('',*,*,#6284,.T.);
#8473=ORIENTED_EDGE('',*,*,#6289,.T.);
#8474=ORIENTED_EDGE('',*,*,#6290,.F.);
#8475=ORIENTED_EDGE('',*,*,#6291,.F.);
#8476=ORIENTED_EDGE('',*,*,#6287,.T.);
#8477=ORIENTED_EDGE('',*,*,#6292,.T.);
#8478=ORIENTED_EDGE('',*,*,#6293,.F.);
#8479=ORIENTED_EDGE('',*,*,#6294,.F.);
#8480=ORIENTED_EDGE('',*,*,#6290,.T.);
#8481=ORIENTED_EDGE('',*,*,#6295,.T.);
#8482=ORIENTED_EDGE('',*,*,#6268,.F.);
#8483=ORIENTED_EDGE('',*,*,#6296,.F.);
#8484=ORIENTED_EDGE('',*,*,#6293,.T.);
#8485=ORIENTED_EDGE('',*,*,#6267,.F.);
#8486=ORIENTED_EDGE('',*,*,#6271,.F.);
#8487=ORIENTED_EDGE('',*,*,#6274,.F.);
#8488=ORIENTED_EDGE('',*,*,#6277,.F.);
#8489=ORIENTED_EDGE('',*,*,#6279,.F.);
#8490=ORIENTED_EDGE('',*,*,#6187,.T.);
#8491=ORIENTED_EDGE('',*,*,#6282,.T.);
#8492=ORIENTED_EDGE('',*,*,#6285,.T.);
#8493=ORIENTED_EDGE('',*,*,#6288,.T.);
#8494=ORIENTED_EDGE('',*,*,#6291,.T.);
#8495=ORIENTED_EDGE('',*,*,#6294,.T.);
#8496=ORIENTED_EDGE('',*,*,#6296,.T.);
#8497=ORIENTED_EDGE('',*,*,#6265,.T.);
#8498=ORIENTED_EDGE('',*,*,#6295,.F.);
#8499=ORIENTED_EDGE('',*,*,#6292,.F.);
#8500=ORIENTED_EDGE('',*,*,#6289,.F.);
#8501=ORIENTED_EDGE('',*,*,#6286,.F.);
#8502=ORIENTED_EDGE('',*,*,#6283,.F.);
#8503=ORIENTED_EDGE('',*,*,#6280,.F.);
#8504=ORIENTED_EDGE('',*,*,#6177,.F.);
#8505=ORIENTED_EDGE('',*,*,#6278,.T.);
#8506=ORIENTED_EDGE('',*,*,#6275,.T.);
#8507=ORIENTED_EDGE('',*,*,#6272,.T.);
#8508=ORIENTED_EDGE('',*,*,#6269,.T.);
#8509=ORIENTED_EDGE('',*,*,#6297,.F.);
#8510=ORIENTED_EDGE('',*,*,#6298,.F.);
#8511=ORIENTED_EDGE('',*,*,#6299,.T.);
#8512=ORIENTED_EDGE('',*,*,#6300,.T.);
#8513=ORIENTED_EDGE('',*,*,#6298,.T.);
#8514=ORIENTED_EDGE('',*,*,#6301,.F.);
#8515=ORIENTED_EDGE('',*,*,#6302,.F.);
#8516=ORIENTED_EDGE('',*,*,#6303,.T.);
#8517=ORIENTED_EDGE('',*,*,#6304,.F.);
#8518=ORIENTED_EDGE('',*,*,#6305,.F.);
#8519=ORIENTED_EDGE('',*,*,#6306,.T.);
#8520=ORIENTED_EDGE('',*,*,#6302,.T.);
#8521=ORIENTED_EDGE('',*,*,#6307,.F.);
#8522=ORIENTED_EDGE('',*,*,#6308,.F.);
#8523=ORIENTED_EDGE('',*,*,#6309,.T.);
#8524=ORIENTED_EDGE('',*,*,#6305,.T.);
#8525=ORIENTED_EDGE('',*,*,#6310,.F.);
#8526=ORIENTED_EDGE('',*,*,#6259,.F.);
#8527=ORIENTED_EDGE('',*,*,#6311,.T.);
#8528=ORIENTED_EDGE('',*,*,#6308,.T.);
#8529=ORIENTED_EDGE('',*,*,#6312,.T.);
#8530=ORIENTED_EDGE('',*,*,#6313,.F.);
#8531=ORIENTED_EDGE('',*,*,#6314,.F.);
#8532=ORIENTED_EDGE('',*,*,#6263,.T.);
#8533=ORIENTED_EDGE('',*,*,#6313,.T.);
#8534=ORIENTED_EDGE('',*,*,#6315,.T.);
#8535=ORIENTED_EDGE('',*,*,#6316,.F.);
#8536=ORIENTED_EDGE('',*,*,#6317,.F.);
#8537=ORIENTED_EDGE('',*,*,#6318,.T.);
#8538=ORIENTED_EDGE('',*,*,#6319,.F.);
#8539=ORIENTED_EDGE('',*,*,#6320,.F.);
#8540=ORIENTED_EDGE('',*,*,#6316,.T.);
#8541=ORIENTED_EDGE('',*,*,#6321,.T.);
#8542=ORIENTED_EDGE('',*,*,#6322,.F.);
#8543=ORIENTED_EDGE('',*,*,#6323,.F.);
#8544=ORIENTED_EDGE('',*,*,#6319,.T.);
#8545=ORIENTED_EDGE('',*,*,#6324,.T.);
#8546=ORIENTED_EDGE('',*,*,#6325,.F.);
#8547=ORIENTED_EDGE('',*,*,#6326,.F.);
#8548=ORIENTED_EDGE('',*,*,#6322,.T.);
#8549=ORIENTED_EDGE('',*,*,#6327,.T.);
#8550=ORIENTED_EDGE('',*,*,#6300,.F.);
#8551=ORIENTED_EDGE('',*,*,#6328,.F.);
#8552=ORIENTED_EDGE('',*,*,#6325,.T.);
#8553=ORIENTED_EDGE('',*,*,#6299,.F.);
#8554=ORIENTED_EDGE('',*,*,#6303,.F.);
#8555=ORIENTED_EDGE('',*,*,#6306,.F.);
#8556=ORIENTED_EDGE('',*,*,#6309,.F.);
#8557=ORIENTED_EDGE('',*,*,#6311,.F.);
#8558=ORIENTED_EDGE('',*,*,#6174,.T.);
#8559=ORIENTED_EDGE('',*,*,#6314,.T.);
#8560=ORIENTED_EDGE('',*,*,#6317,.T.);
#8561=ORIENTED_EDGE('',*,*,#6320,.T.);
#8562=ORIENTED_EDGE('',*,*,#6323,.T.);
#8563=ORIENTED_EDGE('',*,*,#6326,.T.);
#8564=ORIENTED_EDGE('',*,*,#6328,.T.);
#8565=ORIENTED_EDGE('',*,*,#6297,.T.);
#8566=ORIENTED_EDGE('',*,*,#6327,.F.);
#8567=ORIENTED_EDGE('',*,*,#6324,.F.);
#8568=ORIENTED_EDGE('',*,*,#6321,.F.);
#8569=ORIENTED_EDGE('',*,*,#6318,.F.);
#8570=ORIENTED_EDGE('',*,*,#6315,.F.);
#8571=ORIENTED_EDGE('',*,*,#6312,.F.);
#8572=ORIENTED_EDGE('',*,*,#6205,.F.);
#8573=ORIENTED_EDGE('',*,*,#6310,.T.);
#8574=ORIENTED_EDGE('',*,*,#6307,.T.);
#8575=ORIENTED_EDGE('',*,*,#6304,.T.);
#8576=ORIENTED_EDGE('',*,*,#6301,.T.);
#8577=ORIENTED_EDGE('',*,*,#6329,.T.);
#8578=ORIENTED_EDGE('',*,*,#6330,.F.);
#8579=ORIENTED_EDGE('',*,*,#6331,.F.);
#8580=ORIENTED_EDGE('',*,*,#6332,.T.);
#8581=ORIENTED_EDGE('',*,*,#6333,.F.);
#8582=ORIENTED_EDGE('',*,*,#6334,.F.);
#8583=ORIENTED_EDGE('',*,*,#6335,.T.);
#8584=ORIENTED_EDGE('',*,*,#6330,.T.);
#8585=ORIENTED_EDGE('',*,*,#6336,.F.);
#8586=ORIENTED_EDGE('',*,*,#6337,.F.);
#8587=ORIENTED_EDGE('',*,*,#6338,.T.);
#8588=ORIENTED_EDGE('',*,*,#6334,.T.);
#8589=ORIENTED_EDGE('',*,*,#6339,.F.);
#8590=ORIENTED_EDGE('',*,*,#6340,.F.);
#8591=ORIENTED_EDGE('',*,*,#6341,.T.);
#8592=ORIENTED_EDGE('',*,*,#6337,.T.);
#8593=ORIENTED_EDGE('',*,*,#6342,.F.);
#8594=ORIENTED_EDGE('',*,*,#6343,.F.);
#8595=ORIENTED_EDGE('',*,*,#6344,.T.);
#8596=ORIENTED_EDGE('',*,*,#6340,.T.);
#8597=ORIENTED_EDGE('',*,*,#6343,.T.);
#8598=ORIENTED_EDGE('',*,*,#6345,.F.);
#8599=ORIENTED_EDGE('',*,*,#6346,.F.);
#8600=ORIENTED_EDGE('',*,*,#6347,.T.);
#8601=ORIENTED_EDGE('',*,*,#6348,.F.);
#8602=ORIENTED_EDGE('',*,*,#6254,.F.);
#8603=ORIENTED_EDGE('',*,*,#6349,.T.);
#8604=ORIENTED_EDGE('',*,*,#6346,.T.);
#8605=ORIENTED_EDGE('',*,*,#6350,.T.);
#8606=ORIENTED_EDGE('',*,*,#6351,.F.);
#8607=ORIENTED_EDGE('',*,*,#6352,.F.);
#8608=ORIENTED_EDGE('',*,*,#6252,.T.);
#8609=ORIENTED_EDGE('',*,*,#6353,.T.);
#8610=ORIENTED_EDGE('',*,*,#6354,.F.);
#8611=ORIENTED_EDGE('',*,*,#6355,.F.);
#8612=ORIENTED_EDGE('',*,*,#6351,.T.);
#8613=ORIENTED_EDGE('',*,*,#6356,.T.);
#8614=ORIENTED_EDGE('',*,*,#6357,.F.);
#8615=ORIENTED_EDGE('',*,*,#6358,.F.);
#8616=ORIENTED_EDGE('',*,*,#6354,.T.);
#8617=ORIENTED_EDGE('',*,*,#6357,.T.);
#8618=ORIENTED_EDGE('',*,*,#6359,.T.);
#8619=ORIENTED_EDGE('',*,*,#6332,.F.);
#8620=ORIENTED_EDGE('',*,*,#6360,.F.);
#8621=ORIENTED_EDGE('',*,*,#6331,.T.);
#8622=ORIENTED_EDGE('',*,*,#6335,.F.);
#8623=ORIENTED_EDGE('',*,*,#6338,.F.);
#8624=ORIENTED_EDGE('',*,*,#6341,.F.);
#8625=ORIENTED_EDGE('',*,*,#6344,.F.);
#8626=ORIENTED_EDGE('',*,*,#6347,.F.);
#8627=ORIENTED_EDGE('',*,*,#6349,.F.);
#8628=ORIENTED_EDGE('',*,*,#6183,.F.);
#8629=ORIENTED_EDGE('',*,*,#6352,.T.);
#8630=ORIENTED_EDGE('',*,*,#6355,.T.);
#8631=ORIENTED_EDGE('',*,*,#6358,.T.);
#8632=ORIENTED_EDGE('',*,*,#6360,.T.);
#8633=ORIENTED_EDGE('',*,*,#6329,.F.);
#8634=ORIENTED_EDGE('',*,*,#6359,.F.);
#8635=ORIENTED_EDGE('',*,*,#6356,.F.);
#8636=ORIENTED_EDGE('',*,*,#6353,.F.);
#8637=ORIENTED_EDGE('',*,*,#6350,.F.);
#8638=ORIENTED_EDGE('',*,*,#6196,.T.);
#8639=ORIENTED_EDGE('',*,*,#6348,.T.);
#8640=ORIENTED_EDGE('',*,*,#6345,.T.);
#8641=ORIENTED_EDGE('',*,*,#6342,.T.);
#8642=ORIENTED_EDGE('',*,*,#6339,.T.);
#8643=ORIENTED_EDGE('',*,*,#6336,.T.);
#8644=ORIENTED_EDGE('',*,*,#6333,.T.);
#8645=ORIENTED_EDGE('',*,*,#6361,.T.);
#8646=ORIENTED_EDGE('',*,*,#6362,.F.);
#8647=ORIENTED_EDGE('',*,*,#6363,.F.);
#8648=ORIENTED_EDGE('',*,*,#6364,.T.);
#8649=ORIENTED_EDGE('',*,*,#6365,.F.);
#8650=ORIENTED_EDGE('',*,*,#6366,.F.);
#8651=ORIENTED_EDGE('',*,*,#6367,.T.);
#8652=ORIENTED_EDGE('',*,*,#6362,.T.);
#8653=ORIENTED_EDGE('',*,*,#6368,.F.);
#8654=ORIENTED_EDGE('',*,*,#6369,.F.);
#8655=ORIENTED_EDGE('',*,*,#6370,.T.);
#8656=ORIENTED_EDGE('',*,*,#6366,.T.);
#8657=ORIENTED_EDGE('',*,*,#6371,.F.);
#8658=ORIENTED_EDGE('',*,*,#6372,.F.);
#8659=ORIENTED_EDGE('',*,*,#6373,.T.);
#8660=ORIENTED_EDGE('',*,*,#6369,.T.);
#8661=ORIENTED_EDGE('',*,*,#6374,.F.);
#8662=ORIENTED_EDGE('',*,*,#6375,.F.);
#8663=ORIENTED_EDGE('',*,*,#6376,.T.);
#8664=ORIENTED_EDGE('',*,*,#6372,.T.);
#8665=ORIENTED_EDGE('',*,*,#6375,.T.);
#8666=ORIENTED_EDGE('',*,*,#6377,.F.);
#8667=ORIENTED_EDGE('',*,*,#6378,.F.);
#8668=ORIENTED_EDGE('',*,*,#6379,.T.);
#8669=ORIENTED_EDGE('',*,*,#6380,.F.);
#8670=ORIENTED_EDGE('',*,*,#6255,.F.);
#8671=ORIENTED_EDGE('',*,*,#6381,.T.);
#8672=ORIENTED_EDGE('',*,*,#6378,.T.);
#8673=ORIENTED_EDGE('',*,*,#6382,.T.);
#8674=ORIENTED_EDGE('',*,*,#6383,.F.);
#8675=ORIENTED_EDGE('',*,*,#6384,.F.);
#8676=ORIENTED_EDGE('',*,*,#6251,.T.);
#8677=ORIENTED_EDGE('',*,*,#6385,.T.);
#8678=ORIENTED_EDGE('',*,*,#6386,.F.);
#8679=ORIENTED_EDGE('',*,*,#6387,.F.);
#8680=ORIENTED_EDGE('',*,*,#6383,.T.);
#8681=ORIENTED_EDGE('',*,*,#6388,.T.);
#8682=ORIENTED_EDGE('',*,*,#6389,.F.);
#8683=ORIENTED_EDGE('',*,*,#6390,.F.);
#8684=ORIENTED_EDGE('',*,*,#6386,.T.);
#8685=ORIENTED_EDGE('',*,*,#6389,.T.);
#8686=ORIENTED_EDGE('',*,*,#6391,.T.);
#8687=ORIENTED_EDGE('',*,*,#6364,.F.);
#8688=ORIENTED_EDGE('',*,*,#6392,.F.);
#8689=ORIENTED_EDGE('',*,*,#6363,.T.);
#8690=ORIENTED_EDGE('',*,*,#6367,.F.);
#8691=ORIENTED_EDGE('',*,*,#6370,.F.);
#8692=ORIENTED_EDGE('',*,*,#6373,.F.);
#8693=ORIENTED_EDGE('',*,*,#6376,.F.);
#8694=ORIENTED_EDGE('',*,*,#6379,.F.);
#8695=ORIENTED_EDGE('',*,*,#6381,.F.);
#8696=ORIENTED_EDGE('',*,*,#6179,.F.);
#8697=ORIENTED_EDGE('',*,*,#6384,.T.);
#8698=ORIENTED_EDGE('',*,*,#6387,.T.);
#8699=ORIENTED_EDGE('',*,*,#6390,.T.);
#8700=ORIENTED_EDGE('',*,*,#6392,.T.);
#8701=ORIENTED_EDGE('',*,*,#6361,.F.);
#8702=ORIENTED_EDGE('',*,*,#6391,.F.);
#8703=ORIENTED_EDGE('',*,*,#6388,.F.);
#8704=ORIENTED_EDGE('',*,*,#6385,.F.);
#8705=ORIENTED_EDGE('',*,*,#6382,.F.);
#8706=ORIENTED_EDGE('',*,*,#6192,.T.);
#8707=ORIENTED_EDGE('',*,*,#6380,.T.);
#8708=ORIENTED_EDGE('',*,*,#6377,.T.);
#8709=ORIENTED_EDGE('',*,*,#6374,.T.);
#8710=ORIENTED_EDGE('',*,*,#6371,.T.);
#8711=ORIENTED_EDGE('',*,*,#6368,.T.);
#8712=ORIENTED_EDGE('',*,*,#6365,.T.);
#8713=ORIENTED_EDGE('',*,*,#6393,.F.);
#8714=ORIENTED_EDGE('',*,*,#6394,.F.);
#8715=ORIENTED_EDGE('',*,*,#6395,.F.);
#8716=ORIENTED_EDGE('',*,*,#6396,.T.);
#8717=ORIENTED_EDGE('',*,*,#6397,.T.);
#8718=ORIENTED_EDGE('',*,*,#6398,.T.);
#8719=ORIENTED_EDGE('',*,*,#6399,.T.);
#8720=ORIENTED_EDGE('',*,*,#6396,.F.);
#8721=ORIENTED_EDGE('',*,*,#6400,.F.);
#8722=ORIENTED_EDGE('',*,*,#6395,.T.);
#8723=ORIENTED_EDGE('',*,*,#6401,.T.);
#8724=ORIENTED_EDGE('',*,*,#6397,.F.);
#8725=ORIENTED_EDGE('',*,*,#6399,.F.);
#8726=ORIENTED_EDGE('',*,*,#6394,.T.);
#8727=ORIENTED_EDGE('',*,*,#6400,.T.);
#8728=ORIENTED_EDGE('',*,*,#6398,.F.);
#8729=ORIENTED_EDGE('',*,*,#6401,.F.);
#8730=ORIENTED_EDGE('',*,*,#6393,.T.);
#8731=ORIENTED_EDGE('',*,*,#6402,.T.);
#8732=ORIENTED_EDGE('',*,*,#6403,.F.);
#8733=ORIENTED_EDGE('',*,*,#6404,.T.);
#8734=ORIENTED_EDGE('',*,*,#6405,.T.);
#8735=ORIENTED_EDGE('',*,*,#6406,.T.);
#8736=ORIENTED_EDGE('',*,*,#6407,.F.);
#8737=ORIENTED_EDGE('',*,*,#6408,.F.);
#8738=ORIENTED_EDGE('',*,*,#6409,.T.);
#8739=ORIENTED_EDGE('',*,*,#6410,.T.);
#8740=ORIENTED_EDGE('',*,*,#6411,.F.);
#8741=ORIENTED_EDGE('',*,*,#6412,.F.);
#8742=ORIENTED_EDGE('',*,*,#6413,.T.);
#8743=ORIENTED_EDGE('',*,*,#6408,.T.);
#8744=ORIENTED_EDGE('',*,*,#6414,.T.);
#8745=ORIENTED_EDGE('',*,*,#6415,.T.);
#8746=ORIENTED_EDGE('',*,*,#6416,.F.);
#8747=ORIENTED_EDGE('',*,*,#6417,.T.);
#8748=ORIENTED_EDGE('',*,*,#6415,.F.);
#8749=ORIENTED_EDGE('',*,*,#6418,.F.);
#8750=ORIENTED_EDGE('',*,*,#6419,.F.);
#8751=ORIENTED_EDGE('',*,*,#6419,.T.);
#8752=ORIENTED_EDGE('',*,*,#6420,.F.);
#8753=ORIENTED_EDGE('',*,*,#6410,.F.);
#8754=ORIENTED_EDGE('',*,*,#6421,.T.);
#8755=ORIENTED_EDGE('',*,*,#6420,.T.);
#8756=ORIENTED_EDGE('',*,*,#6418,.T.);
#8757=ORIENTED_EDGE('',*,*,#6414,.F.);
#8758=ORIENTED_EDGE('',*,*,#6407,.T.);
#8759=ORIENTED_EDGE('',*,*,#6422,.T.);
#8760=ORIENTED_EDGE('',*,*,#6423,.F.);
#8761=ORIENTED_EDGE('',*,*,#6424,.F.);
#8762=ORIENTED_EDGE('',*,*,#6411,.T.);
#8763=ORIENTED_EDGE('',*,*,#6425,.F.);
#8764=ORIENTED_EDGE('',*,*,#6426,.T.);
#8765=ORIENTED_EDGE('',*,*,#6427,.T.);
#8766=ORIENTED_EDGE('',*,*,#6409,.F.);
#8767=ORIENTED_EDGE('',*,*,#6416,.T.);
#8768=ORIENTED_EDGE('',*,*,#6417,.F.);
#8769=ORIENTED_EDGE('',*,*,#6421,.F.);
#8770=ORIENTED_EDGE('',*,*,#6413,.F.);
#8771=ORIENTED_EDGE('',*,*,#6428,.F.);
#8772=ORIENTED_EDGE('',*,*,#6429,.T.);
#8773=ORIENTED_EDGE('',*,*,#6430,.T.);
#8774=ORIENTED_EDGE('',*,*,#6431,.F.);
#8775=ORIENTED_EDGE('',*,*,#6432,.F.);
#8776=ORIENTED_EDGE('',*,*,#6404,.F.);
#8777=ORIENTED_EDGE('',*,*,#6433,.T.);
#8778=ORIENTED_EDGE('',*,*,#6434,.T.);
#8779=ORIENTED_EDGE('',*,*,#6435,.F.);
#8780=ORIENTED_EDGE('',*,*,#6428,.T.);
#8781=ORIENTED_EDGE('',*,*,#6436,.T.);
#8782=ORIENTED_EDGE('',*,*,#6405,.F.);
#8783=ORIENTED_EDGE('',*,*,#6432,.T.);
#8784=ORIENTED_EDGE('',*,*,#6431,.T.);
#8785=ORIENTED_EDGE('',*,*,#6430,.F.);
#8786=ORIENTED_EDGE('',*,*,#6437,.T.);
#8787=ORIENTED_EDGE('',*,*,#6438,.F.);
#8788=ORIENTED_EDGE('',*,*,#6439,.F.);
#8789=ORIENTED_EDGE('',*,*,#6402,.F.);
#8790=ORIENTED_EDGE('',*,*,#6436,.F.);
#8791=ORIENTED_EDGE('',*,*,#6403,.T.);
#8792=ORIENTED_EDGE('',*,*,#6439,.T.);
#8793=ORIENTED_EDGE('',*,*,#6440,.T.);
#8794=ORIENTED_EDGE('',*,*,#6425,.T.);
#8795=ORIENTED_EDGE('',*,*,#6412,.T.);
#8796=ORIENTED_EDGE('',*,*,#6424,.T.);
#8797=ORIENTED_EDGE('',*,*,#6441,.T.);
#8798=ORIENTED_EDGE('',*,*,#6433,.F.);
#8799=ORIENTED_EDGE('',*,*,#6442,.F.);
#8800=ORIENTED_EDGE('',*,*,#6422,.F.);
#8801=ORIENTED_EDGE('',*,*,#6406,.F.);
#8802=ORIENTED_EDGE('',*,*,#6427,.F.);
#8803=ORIENTED_EDGE('',*,*,#6443,.F.);
#8804=ORIENTED_EDGE('',*,*,#6437,.F.);
#8805=ORIENTED_EDGE('',*,*,#6429,.F.);
#8806=ORIENTED_EDGE('',*,*,#6435,.T.);
#8807=ORIENTED_EDGE('',*,*,#6443,.T.);
#8808=ORIENTED_EDGE('',*,*,#6426,.F.);
#8809=ORIENTED_EDGE('',*,*,#6440,.F.);
#8810=ORIENTED_EDGE('',*,*,#6438,.T.);
#8811=ORIENTED_EDGE('',*,*,#6441,.F.);
#8812=ORIENTED_EDGE('',*,*,#6423,.T.);
#8813=ORIENTED_EDGE('',*,*,#6442,.T.);
#8814=ORIENTED_EDGE('',*,*,#6434,.F.);
#8815=ORIENTED_EDGE('',*,*,#6444,.F.);
#8816=ORIENTED_EDGE('',*,*,#6445,.F.);
#8817=ORIENTED_EDGE('',*,*,#6446,.T.);
#8818=ORIENTED_EDGE('',*,*,#6447,.F.);
#8819=ORIENTED_EDGE('',*,*,#6448,.F.);
#8820=ORIENTED_EDGE('',*,*,#6449,.T.);
#8821=ORIENTED_EDGE('',*,*,#6450,.T.);
#8822=ORIENTED_EDGE('',*,*,#6451,.F.);
#8823=ORIENTED_EDGE('',*,*,#6452,.F.);
#8824=ORIENTED_EDGE('',*,*,#6453,.T.);
#8825=ORIENTED_EDGE('',*,*,#6454,.T.);
#8826=ORIENTED_EDGE('',*,*,#6455,.F.);
#8827=ORIENTED_EDGE('',*,*,#6456,.T.);
#8828=ORIENTED_EDGE('',*,*,#6457,.F.);
#8829=ORIENTED_EDGE('',*,*,#6458,.F.);
#8830=ORIENTED_EDGE('',*,*,#6449,.F.);
#8831=ORIENTED_EDGE('',*,*,#6459,.T.);
#8832=ORIENTED_EDGE('',*,*,#6460,.T.);
#8833=ORIENTED_EDGE('',*,*,#6457,.T.);
#8834=ORIENTED_EDGE('',*,*,#6461,.F.);
#8835=ORIENTED_EDGE('',*,*,#6462,.F.);
#8836=ORIENTED_EDGE('',*,*,#6455,.T.);
#8837=ORIENTED_EDGE('',*,*,#6463,.T.);
#8838=ORIENTED_EDGE('',*,*,#6459,.F.);
#8839=ORIENTED_EDGE('',*,*,#6454,.F.);
#8840=ORIENTED_EDGE('',*,*,#6464,.T.);
#8841=ORIENTED_EDGE('',*,*,#6465,.T.);
#8842=ORIENTED_EDGE('',*,*,#6466,.F.);
#8843=ORIENTED_EDGE('',*,*,#6450,.F.);
#8844=ORIENTED_EDGE('',*,*,#6458,.T.);
#8845=ORIENTED_EDGE('',*,*,#6460,.F.);
#8846=ORIENTED_EDGE('',*,*,#6463,.F.);
#8847=ORIENTED_EDGE('',*,*,#6452,.T.);
#8848=ORIENTED_EDGE('',*,*,#6462,.T.);
#8849=ORIENTED_EDGE('',*,*,#6461,.T.);
#8850=ORIENTED_EDGE('',*,*,#6456,.F.);
#8851=ORIENTED_EDGE('',*,*,#6448,.T.);
#8852=ORIENTED_EDGE('',*,*,#6467,.F.);
#8853=ORIENTED_EDGE('',*,*,#6468,.F.);
#8854=ORIENTED_EDGE('',*,*,#6469,.T.);
#8855=ORIENTED_EDGE('',*,*,#6470,.T.);
#8856=ORIENTED_EDGE('',*,*,#6471,.F.);
#8857=ORIENTED_EDGE('',*,*,#6472,.F.);
#8858=ORIENTED_EDGE('',*,*,#6473,.T.);
#8859=ORIENTED_EDGE('',*,*,#6473,.F.);
#8860=ORIENTED_EDGE('',*,*,#6474,.T.);
#8861=ORIENTED_EDGE('',*,*,#6475,.F.);
#8862=ORIENTED_EDGE('',*,*,#6476,.F.);
#8863=ORIENTED_EDGE('',*,*,#6445,.T.);
#8864=ORIENTED_EDGE('',*,*,#6477,.T.);
#8865=ORIENTED_EDGE('',*,*,#6470,.F.);
#8866=ORIENTED_EDGE('',*,*,#6477,.F.);
#8867=ORIENTED_EDGE('',*,*,#6444,.T.);
#8868=ORIENTED_EDGE('',*,*,#6478,.F.);
#8869=ORIENTED_EDGE('',*,*,#6478,.T.);
#8870=ORIENTED_EDGE('',*,*,#6447,.T.);
#8871=ORIENTED_EDGE('',*,*,#6479,.T.);
#8872=ORIENTED_EDGE('',*,*,#6480,.T.);
#8873=ORIENTED_EDGE('',*,*,#6481,.F.);
#8874=ORIENTED_EDGE('',*,*,#6471,.T.);
#8875=ORIENTED_EDGE('',*,*,#6476,.T.);
#8876=ORIENTED_EDGE('',*,*,#6482,.F.);
#8877=ORIENTED_EDGE('',*,*,#6464,.F.);
#8878=ORIENTED_EDGE('',*,*,#6453,.F.);
#8879=ORIENTED_EDGE('',*,*,#6469,.F.);
#8880=ORIENTED_EDGE('',*,*,#6483,.F.);
#8881=ORIENTED_EDGE('',*,*,#6479,.F.);
#8882=ORIENTED_EDGE('',*,*,#6446,.F.);
#8883=ORIENTED_EDGE('',*,*,#6474,.F.);
#8884=ORIENTED_EDGE('',*,*,#6472,.T.);
#8885=ORIENTED_EDGE('',*,*,#6481,.T.);
#8886=ORIENTED_EDGE('',*,*,#6484,.T.);
#8887=ORIENTED_EDGE('',*,*,#6467,.T.);
#8888=ORIENTED_EDGE('',*,*,#6451,.T.);
#8889=ORIENTED_EDGE('',*,*,#6466,.T.);
#8890=ORIENTED_EDGE('',*,*,#6485,.T.);
#8891=ORIENTED_EDGE('',*,*,#6480,.F.);
#8892=ORIENTED_EDGE('',*,*,#6483,.T.);
#8893=ORIENTED_EDGE('',*,*,#6468,.T.);
#8894=ORIENTED_EDGE('',*,*,#6484,.F.);
#8895=ORIENTED_EDGE('',*,*,#6475,.T.);
#8896=ORIENTED_EDGE('',*,*,#6485,.F.);
#8897=ORIENTED_EDGE('',*,*,#6465,.F.);
#8898=ORIENTED_EDGE('',*,*,#6482,.T.);
#8899=ORIENTED_EDGE('',*,*,#6486,.T.);
#8900=ORIENTED_EDGE('',*,*,#6487,.T.);
#8901=ORIENTED_EDGE('',*,*,#6488,.F.);
#8902=ORIENTED_EDGE('',*,*,#6489,.F.);
#8903=ORIENTED_EDGE('',*,*,#6490,.T.);
#8904=ORIENTED_EDGE('',*,*,#6491,.T.);
#8905=ORIENTED_EDGE('',*,*,#6492,.T.);
#8906=ORIENTED_EDGE('',*,*,#6493,.F.);
#8907=ORIENTED_EDGE('',*,*,#6494,.T.);
#8908=ORIENTED_EDGE('',*,*,#6495,.T.);
#8909=ORIENTED_EDGE('',*,*,#6496,.F.);
#8910=ORIENTED_EDGE('',*,*,#6492,.F.);
#8911=ORIENTED_EDGE('',*,*,#6497,.T.);
#8912=ORIENTED_EDGE('',*,*,#6498,.T.);
#8913=ORIENTED_EDGE('',*,*,#6489,.T.);
#8914=ORIENTED_EDGE('',*,*,#6499,.F.);
#8915=ORIENTED_EDGE('',*,*,#6500,.T.);
#8916=ORIENTED_EDGE('',*,*,#6501,.F.);
#8917=ORIENTED_EDGE('',*,*,#6502,.F.);
#8918=ORIENTED_EDGE('',*,*,#6503,.T.);
#8919=ORIENTED_EDGE('',*,*,#6504,.T.);
#8920=ORIENTED_EDGE('',*,*,#6505,.F.);
#8921=ORIENTED_EDGE('',*,*,#6506,.F.);
#8922=ORIENTED_EDGE('',*,*,#6504,.F.);
#8923=ORIENTED_EDGE('',*,*,#6507,.T.);
#8924=ORIENTED_EDGE('',*,*,#6508,.F.);
#8925=ORIENTED_EDGE('',*,*,#6509,.F.);
#8926=ORIENTED_EDGE('',*,*,#6487,.F.);
#8927=ORIENTED_EDGE('',*,*,#6510,.T.);
#8928=ORIENTED_EDGE('',*,*,#6511,.F.);
#8929=ORIENTED_EDGE('',*,*,#6503,.F.);
#8930=ORIENTED_EDGE('',*,*,#6511,.T.);
#8931=ORIENTED_EDGE('',*,*,#6512,.F.);
#8932=ORIENTED_EDGE('',*,*,#6507,.F.);
#8933=ORIENTED_EDGE('',*,*,#6505,.T.);
#8934=ORIENTED_EDGE('',*,*,#6506,.T.);
#8935=ORIENTED_EDGE('',*,*,#6513,.F.);
#8936=ORIENTED_EDGE('',*,*,#6490,.F.);
#8937=ORIENTED_EDGE('',*,*,#6512,.T.);
#8938=ORIENTED_EDGE('',*,*,#6514,.T.);
#8939=ORIENTED_EDGE('',*,*,#6515,.T.);
#8940=ORIENTED_EDGE('',*,*,#6516,.F.);
#8941=ORIENTED_EDGE('',*,*,#6513,.T.);
#8942=ORIENTED_EDGE('',*,*,#6508,.T.);
#8943=ORIENTED_EDGE('',*,*,#6517,.T.);
#8944=ORIENTED_EDGE('',*,*,#6518,.F.);
#8945=ORIENTED_EDGE('',*,*,#6519,.T.);
#8946=ORIENTED_EDGE('',*,*,#6520,.T.);
#8947=ORIENTED_EDGE('',*,*,#6518,.T.);
#8948=ORIENTED_EDGE('',*,*,#6521,.T.);
#8949=ORIENTED_EDGE('',*,*,#6497,.F.);
#8950=ORIENTED_EDGE('',*,*,#6522,.T.);
#8951=ORIENTED_EDGE('',*,*,#6523,.T.);
#8952=ORIENTED_EDGE('',*,*,#6524,.T.);
#8953=ORIENTED_EDGE('',*,*,#6520,.F.);
#8954=ORIENTED_EDGE('',*,*,#6525,.F.);
#8955=ORIENTED_EDGE('',*,*,#6526,.F.);
#8956=ORIENTED_EDGE('',*,*,#6495,.F.);
#8957=ORIENTED_EDGE('',*,*,#6527,.T.);
#8958=ORIENTED_EDGE('',*,*,#6523,.F.);
#8959=ORIENTED_EDGE('',*,*,#6528,.T.);
#8960=ORIENTED_EDGE('',*,*,#6529,.T.);
#8961=ORIENTED_EDGE('',*,*,#6530,.F.);
#8962=ORIENTED_EDGE('',*,*,#6527,.F.);
#8963=ORIENTED_EDGE('',*,*,#6494,.F.);
#8964=ORIENTED_EDGE('',*,*,#6491,.F.);
#8965=ORIENTED_EDGE('',*,*,#6516,.T.);
#8966=ORIENTED_EDGE('',*,*,#6515,.F.);
#8967=ORIENTED_EDGE('',*,*,#6514,.F.);
#8968=ORIENTED_EDGE('',*,*,#6510,.F.);
#8969=ORIENTED_EDGE('',*,*,#6486,.F.);
#8970=ORIENTED_EDGE('',*,*,#6498,.F.);
#8971=ORIENTED_EDGE('',*,*,#6517,.F.);
#8972=ORIENTED_EDGE('',*,*,#6524,.F.);
#8973=ORIENTED_EDGE('',*,*,#6530,.T.);
#8974=ORIENTED_EDGE('',*,*,#6529,.F.);
#8975=ORIENTED_EDGE('',*,*,#6528,.F.);
#8976=ORIENTED_EDGE('',*,*,#6521,.F.);
#8977=ORIENTED_EDGE('',*,*,#6531,.T.);
#8978=ORIENTED_EDGE('',*,*,#6532,.F.);
#8979=ORIENTED_EDGE('',*,*,#6533,.F.);
#8980=ORIENTED_EDGE('',*,*,#6499,.T.);
#8981=ORIENTED_EDGE('',*,*,#6488,.T.);
#8982=ORIENTED_EDGE('',*,*,#6509,.T.);
#8983=ORIENTED_EDGE('',*,*,#6502,.T.);
#8984=ORIENTED_EDGE('',*,*,#6501,.T.);
#8985=ORIENTED_EDGE('',*,*,#6500,.F.);
#8986=ORIENTED_EDGE('',*,*,#6493,.T.);
#8987=ORIENTED_EDGE('',*,*,#6496,.T.);
#8988=ORIENTED_EDGE('',*,*,#6526,.T.);
#8989=ORIENTED_EDGE('',*,*,#6525,.T.);
#8990=ORIENTED_EDGE('',*,*,#6519,.F.);
#8991=ORIENTED_EDGE('',*,*,#6522,.F.);
#8992=ORIENTED_EDGE('',*,*,#6533,.T.);
#8993=ORIENTED_EDGE('',*,*,#6532,.T.);
#8994=ORIENTED_EDGE('',*,*,#6531,.F.);
#8995=ORIENTED_EDGE('',*,*,#6534,.F.);
#8996=ORIENTED_EDGE('',*,*,#6535,.F.);
#8997=ORIENTED_EDGE('',*,*,#6536,.F.);
#8998=ORIENTED_EDGE('',*,*,#6537,.F.);
#8999=ORIENTED_EDGE('',*,*,#6538,.F.);
#9000=ORIENTED_EDGE('',*,*,#6535,.T.);
#9001=ORIENTED_EDGE('',*,*,#6539,.T.);
#9002=ORIENTED_EDGE('',*,*,#6540,.F.);
#9003=ORIENTED_EDGE('',*,*,#6541,.T.);
#9004=ORIENTED_EDGE('',*,*,#6542,.T.);
#9005=ORIENTED_EDGE('',*,*,#6543,.T.);
#9006=ORIENTED_EDGE('',*,*,#6544,.T.);
#9007=ORIENTED_EDGE('',*,*,#6539,.F.);
#9008=ORIENTED_EDGE('',*,*,#6534,.T.);
#9009=ORIENTED_EDGE('',*,*,#6545,.T.);
#9010=ORIENTED_EDGE('',*,*,#6546,.T.);
#9011=ORIENTED_EDGE('',*,*,#6541,.F.);
#9012=ORIENTED_EDGE('',*,*,#6547,.T.);
#9013=ORIENTED_EDGE('',*,*,#6544,.F.);
#9014=ORIENTED_EDGE('',*,*,#6548,.F.);
#9015=ORIENTED_EDGE('',*,*,#6540,.T.);
#9016=ORIENTED_EDGE('',*,*,#6547,.F.);
#9017=ORIENTED_EDGE('',*,*,#6543,.F.);
#9018=ORIENTED_EDGE('',*,*,#6549,.T.);
#9019=ORIENTED_EDGE('',*,*,#6550,.F.);
#9020=ORIENTED_EDGE('',*,*,#6536,.T.);
#9021=ORIENTED_EDGE('',*,*,#6538,.T.);
#9022=ORIENTED_EDGE('',*,*,#6548,.T.);
#9023=ORIENTED_EDGE('',*,*,#6542,.F.);
#9024=ORIENTED_EDGE('',*,*,#6546,.F.);
#9025=ORIENTED_EDGE('',*,*,#6551,.T.);
#9026=ORIENTED_EDGE('',*,*,#6549,.F.);
#9027=ORIENTED_EDGE('',*,*,#6545,.F.);
#9028=ORIENTED_EDGE('',*,*,#6537,.T.);
#9029=ORIENTED_EDGE('',*,*,#6550,.T.);
#9030=ORIENTED_EDGE('',*,*,#6551,.F.);
#9031=ORIENTED_EDGE('',*,*,#6552,.F.);
#9032=ORIENTED_EDGE('',*,*,#6553,.F.);
#9033=ORIENTED_EDGE('',*,*,#6554,.F.);
#9034=ORIENTED_EDGE('',*,*,#6555,.F.);
#9035=ORIENTED_EDGE('',*,*,#6556,.F.);
#9036=ORIENTED_EDGE('',*,*,#6557,.F.);
#9037=ORIENTED_EDGE('',*,*,#6558,.F.);
#9038=ORIENTED_EDGE('',*,*,#6553,.T.);
#9039=ORIENTED_EDGE('',*,*,#6559,.F.);
#9040=ORIENTED_EDGE('',*,*,#6560,.F.);
#9041=ORIENTED_EDGE('',*,*,#6561,.F.);
#9042=ORIENTED_EDGE('',*,*,#6557,.T.);
#9043=ORIENTED_EDGE('',*,*,#6562,.F.);
#9044=ORIENTED_EDGE('',*,*,#6555,.T.);
#9045=ORIENTED_EDGE('',*,*,#6563,.F.);
#9046=ORIENTED_EDGE('',*,*,#6560,.T.);
#9047=ORIENTED_EDGE('',*,*,#6559,.T.);
#9048=ORIENTED_EDGE('',*,*,#6556,.T.);
#9049=ORIENTED_EDGE('',*,*,#6552,.T.);
#9050=ORIENTED_EDGE('',*,*,#6562,.T.);
#9051=ORIENTED_EDGE('',*,*,#6554,.T.);
#9052=ORIENTED_EDGE('',*,*,#6558,.T.);
#9053=ORIENTED_EDGE('',*,*,#6561,.T.);
#9054=ORIENTED_EDGE('',*,*,#6563,.T.);
#9055=ORIENTED_EDGE('',*,*,#6564,.F.);
#9056=ORIENTED_EDGE('',*,*,#6565,.F.);
#9057=ORIENTED_EDGE('',*,*,#6566,.F.);
#9058=ORIENTED_EDGE('',*,*,#6567,.F.);
#9059=ORIENTED_EDGE('',*,*,#6568,.F.);
#9060=ORIENTED_EDGE('',*,*,#6569,.F.);
#9061=ORIENTED_EDGE('',*,*,#6570,.F.);
#9062=ORIENTED_EDGE('',*,*,#6565,.T.);
#9063=ORIENTED_EDGE('',*,*,#6571,.F.);
#9064=ORIENTED_EDGE('',*,*,#6572,.F.);
#9065=ORIENTED_EDGE('',*,*,#6573,.F.);
#9066=ORIENTED_EDGE('',*,*,#6569,.T.);
#9067=ORIENTED_EDGE('',*,*,#6574,.F.);
#9068=ORIENTED_EDGE('',*,*,#6567,.T.);
#9069=ORIENTED_EDGE('',*,*,#6575,.F.);
#9070=ORIENTED_EDGE('',*,*,#6572,.T.);
#9071=ORIENTED_EDGE('',*,*,#6571,.T.);
#9072=ORIENTED_EDGE('',*,*,#6568,.T.);
#9073=ORIENTED_EDGE('',*,*,#6564,.T.);
#9074=ORIENTED_EDGE('',*,*,#6574,.T.);
#9075=ORIENTED_EDGE('',*,*,#6566,.T.);
#9076=ORIENTED_EDGE('',*,*,#6570,.T.);
#9077=ORIENTED_EDGE('',*,*,#6573,.T.);
#9078=ORIENTED_EDGE('',*,*,#6575,.T.);
#9079=ORIENTED_EDGE('',*,*,#6576,.F.);
#9080=ORIENTED_EDGE('',*,*,#6577,.F.);
#9081=ORIENTED_EDGE('',*,*,#6578,.F.);
#9082=ORIENTED_EDGE('',*,*,#6579,.F.);
#9083=ORIENTED_EDGE('',*,*,#6580,.F.);
#9084=ORIENTED_EDGE('',*,*,#6581,.F.);
#9085=ORIENTED_EDGE('',*,*,#6582,.F.);
#9086=ORIENTED_EDGE('',*,*,#6577,.T.);
#9087=ORIENTED_EDGE('',*,*,#6583,.F.);
#9088=ORIENTED_EDGE('',*,*,#6584,.F.);
#9089=ORIENTED_EDGE('',*,*,#6585,.F.);
#9090=ORIENTED_EDGE('',*,*,#6581,.T.);
#9091=ORIENTED_EDGE('',*,*,#6586,.F.);
#9092=ORIENTED_EDGE('',*,*,#6579,.T.);
#9093=ORIENTED_EDGE('',*,*,#6587,.F.);
#9094=ORIENTED_EDGE('',*,*,#6584,.T.);
#9095=ORIENTED_EDGE('',*,*,#6583,.T.);
#9096=ORIENTED_EDGE('',*,*,#6580,.T.);
#9097=ORIENTED_EDGE('',*,*,#6576,.T.);
#9098=ORIENTED_EDGE('',*,*,#6586,.T.);
#9099=ORIENTED_EDGE('',*,*,#6578,.T.);
#9100=ORIENTED_EDGE('',*,*,#6582,.T.);
#9101=ORIENTED_EDGE('',*,*,#6585,.T.);
#9102=ORIENTED_EDGE('',*,*,#6587,.T.);
#9103=ORIENTED_EDGE('',*,*,#6588,.F.);
#9104=ORIENTED_EDGE('',*,*,#6589,.F.);
#9105=ORIENTED_EDGE('',*,*,#6590,.F.);
#9106=ORIENTED_EDGE('',*,*,#6591,.F.);
#9107=ORIENTED_EDGE('',*,*,#6592,.F.);
#9108=ORIENTED_EDGE('',*,*,#6593,.F.);
#9109=ORIENTED_EDGE('',*,*,#6594,.F.);
#9110=ORIENTED_EDGE('',*,*,#6589,.T.);
#9111=ORIENTED_EDGE('',*,*,#6595,.F.);
#9112=ORIENTED_EDGE('',*,*,#6596,.F.);
#9113=ORIENTED_EDGE('',*,*,#6597,.F.);
#9114=ORIENTED_EDGE('',*,*,#6593,.T.);
#9115=ORIENTED_EDGE('',*,*,#6598,.F.);
#9116=ORIENTED_EDGE('',*,*,#6591,.T.);
#9117=ORIENTED_EDGE('',*,*,#6599,.F.);
#9118=ORIENTED_EDGE('',*,*,#6596,.T.);
#9119=ORIENTED_EDGE('',*,*,#6595,.T.);
#9120=ORIENTED_EDGE('',*,*,#6592,.T.);
#9121=ORIENTED_EDGE('',*,*,#6588,.T.);
#9122=ORIENTED_EDGE('',*,*,#6598,.T.);
#9123=ORIENTED_EDGE('',*,*,#6590,.T.);
#9124=ORIENTED_EDGE('',*,*,#6594,.T.);
#9125=ORIENTED_EDGE('',*,*,#6597,.T.);
#9126=ORIENTED_EDGE('',*,*,#6599,.T.);
#9127=ORIENTED_EDGE('',*,*,#6600,.F.);
#9128=ORIENTED_EDGE('',*,*,#6601,.F.);
#9129=ORIENTED_EDGE('',*,*,#6602,.F.);
#9130=ORIENTED_EDGE('',*,*,#6603,.F.);
#9131=ORIENTED_EDGE('',*,*,#6604,.F.);
#9132=ORIENTED_EDGE('',*,*,#6605,.F.);
#9133=ORIENTED_EDGE('',*,*,#6606,.F.);
#9134=ORIENTED_EDGE('',*,*,#6601,.T.);
#9135=ORIENTED_EDGE('',*,*,#6607,.F.);
#9136=ORIENTED_EDGE('',*,*,#6608,.F.);
#9137=ORIENTED_EDGE('',*,*,#6609,.F.);
#9138=ORIENTED_EDGE('',*,*,#6605,.T.);
#9139=ORIENTED_EDGE('',*,*,#6610,.F.);
#9140=ORIENTED_EDGE('',*,*,#6603,.T.);
#9141=ORIENTED_EDGE('',*,*,#6611,.F.);
#9142=ORIENTED_EDGE('',*,*,#6608,.T.);
#9143=ORIENTED_EDGE('',*,*,#6607,.T.);
#9144=ORIENTED_EDGE('',*,*,#6604,.T.);
#9145=ORIENTED_EDGE('',*,*,#6600,.T.);
#9146=ORIENTED_EDGE('',*,*,#6610,.T.);
#9147=ORIENTED_EDGE('',*,*,#6602,.T.);
#9148=ORIENTED_EDGE('',*,*,#6606,.T.);
#9149=ORIENTED_EDGE('',*,*,#6609,.T.);
#9150=ORIENTED_EDGE('',*,*,#6611,.T.);
#9151=ORIENTED_EDGE('',*,*,#6612,.F.);
#9152=ORIENTED_EDGE('',*,*,#6613,.F.);
#9153=ORIENTED_EDGE('',*,*,#6614,.F.);
#9154=ORIENTED_EDGE('',*,*,#6615,.F.);
#9155=ORIENTED_EDGE('',*,*,#6616,.F.);
#9156=ORIENTED_EDGE('',*,*,#6617,.F.);
#9157=ORIENTED_EDGE('',*,*,#6618,.F.);
#9158=ORIENTED_EDGE('',*,*,#6613,.T.);
#9159=ORIENTED_EDGE('',*,*,#6619,.F.);
#9160=ORIENTED_EDGE('',*,*,#6620,.F.);
#9161=ORIENTED_EDGE('',*,*,#6621,.F.);
#9162=ORIENTED_EDGE('',*,*,#6617,.T.);
#9163=ORIENTED_EDGE('',*,*,#6622,.F.);
#9164=ORIENTED_EDGE('',*,*,#6615,.T.);
#9165=ORIENTED_EDGE('',*,*,#6623,.F.);
#9166=ORIENTED_EDGE('',*,*,#6620,.T.);
#9167=ORIENTED_EDGE('',*,*,#6619,.T.);
#9168=ORIENTED_EDGE('',*,*,#6616,.T.);
#9169=ORIENTED_EDGE('',*,*,#6612,.T.);
#9170=ORIENTED_EDGE('',*,*,#6622,.T.);
#9171=ORIENTED_EDGE('',*,*,#6614,.T.);
#9172=ORIENTED_EDGE('',*,*,#6618,.T.);
#9173=ORIENTED_EDGE('',*,*,#6621,.T.);
#9174=ORIENTED_EDGE('',*,*,#6623,.T.);
#9175=ORIENTED_EDGE('',*,*,#6624,.F.);
#9176=ORIENTED_EDGE('',*,*,#6625,.F.);
#9177=ORIENTED_EDGE('',*,*,#6626,.F.);
#9178=ORIENTED_EDGE('',*,*,#6627,.F.);
#9179=ORIENTED_EDGE('',*,*,#6628,.F.);
#9180=ORIENTED_EDGE('',*,*,#6629,.F.);
#9181=ORIENTED_EDGE('',*,*,#6630,.F.);
#9182=ORIENTED_EDGE('',*,*,#6625,.T.);
#9183=ORIENTED_EDGE('',*,*,#6631,.F.);
#9184=ORIENTED_EDGE('',*,*,#6632,.F.);
#9185=ORIENTED_EDGE('',*,*,#6633,.F.);
#9186=ORIENTED_EDGE('',*,*,#6629,.T.);
#9187=ORIENTED_EDGE('',*,*,#6634,.F.);
#9188=ORIENTED_EDGE('',*,*,#6627,.T.);
#9189=ORIENTED_EDGE('',*,*,#6635,.F.);
#9190=ORIENTED_EDGE('',*,*,#6632,.T.);
#9191=ORIENTED_EDGE('',*,*,#6631,.T.);
#9192=ORIENTED_EDGE('',*,*,#6628,.T.);
#9193=ORIENTED_EDGE('',*,*,#6624,.T.);
#9194=ORIENTED_EDGE('',*,*,#6634,.T.);
#9195=ORIENTED_EDGE('',*,*,#6626,.T.);
#9196=ORIENTED_EDGE('',*,*,#6630,.T.);
#9197=ORIENTED_EDGE('',*,*,#6633,.T.);
#9198=ORIENTED_EDGE('',*,*,#6635,.T.);
#9199=ORIENTED_EDGE('',*,*,#6636,.F.);
#9200=ORIENTED_EDGE('',*,*,#6637,.F.);
#9201=ORIENTED_EDGE('',*,*,#6638,.F.);
#9202=ORIENTED_EDGE('',*,*,#6639,.F.);
#9203=ORIENTED_EDGE('',*,*,#6640,.F.);
#9204=ORIENTED_EDGE('',*,*,#6641,.F.);
#9205=ORIENTED_EDGE('',*,*,#6642,.F.);
#9206=ORIENTED_EDGE('',*,*,#6637,.T.);
#9207=ORIENTED_EDGE('',*,*,#6643,.F.);
#9208=ORIENTED_EDGE('',*,*,#6644,.F.);
#9209=ORIENTED_EDGE('',*,*,#6645,.F.);
#9210=ORIENTED_EDGE('',*,*,#6641,.T.);
#9211=ORIENTED_EDGE('',*,*,#6646,.F.);
#9212=ORIENTED_EDGE('',*,*,#6639,.T.);
#9213=ORIENTED_EDGE('',*,*,#6647,.F.);
#9214=ORIENTED_EDGE('',*,*,#6644,.T.);
#9215=ORIENTED_EDGE('',*,*,#6643,.T.);
#9216=ORIENTED_EDGE('',*,*,#6640,.T.);
#9217=ORIENTED_EDGE('',*,*,#6636,.T.);
#9218=ORIENTED_EDGE('',*,*,#6646,.T.);
#9219=ORIENTED_EDGE('',*,*,#6638,.T.);
#9220=ORIENTED_EDGE('',*,*,#6642,.T.);
#9221=ORIENTED_EDGE('',*,*,#6645,.T.);
#9222=ORIENTED_EDGE('',*,*,#6647,.T.);
#9223=ORIENTED_EDGE('',*,*,#6648,.F.);
#9224=ORIENTED_EDGE('',*,*,#6649,.F.);
#9225=ORIENTED_EDGE('',*,*,#6650,.F.);
#9226=ORIENTED_EDGE('',*,*,#6651,.F.);
#9227=ORIENTED_EDGE('',*,*,#6652,.F.);
#9228=ORIENTED_EDGE('',*,*,#6653,.F.);
#9229=ORIENTED_EDGE('',*,*,#6654,.F.);
#9230=ORIENTED_EDGE('',*,*,#6649,.T.);
#9231=ORIENTED_EDGE('',*,*,#6655,.F.);
#9232=ORIENTED_EDGE('',*,*,#6656,.F.);
#9233=ORIENTED_EDGE('',*,*,#6657,.F.);
#9234=ORIENTED_EDGE('',*,*,#6653,.T.);
#9235=ORIENTED_EDGE('',*,*,#6658,.F.);
#9236=ORIENTED_EDGE('',*,*,#6651,.T.);
#9237=ORIENTED_EDGE('',*,*,#6659,.F.);
#9238=ORIENTED_EDGE('',*,*,#6656,.T.);
#9239=ORIENTED_EDGE('',*,*,#6655,.T.);
#9240=ORIENTED_EDGE('',*,*,#6652,.T.);
#9241=ORIENTED_EDGE('',*,*,#6648,.T.);
#9242=ORIENTED_EDGE('',*,*,#6658,.T.);
#9243=ORIENTED_EDGE('',*,*,#6650,.T.);
#9244=ORIENTED_EDGE('',*,*,#6654,.T.);
#9245=ORIENTED_EDGE('',*,*,#6657,.T.);
#9246=ORIENTED_EDGE('',*,*,#6659,.T.);
#9247=ORIENTED_EDGE('',*,*,#6660,.F.);
#9248=ORIENTED_EDGE('',*,*,#6661,.T.);
#9249=ORIENTED_EDGE('',*,*,#6662,.T.);
#9250=ORIENTED_EDGE('',*,*,#6661,.F.);
#9251=ORIENTED_EDGE('',*,*,#6662,.F.);
#9252=ORIENTED_EDGE('',*,*,#6663,.F.);
#9253=ORIENTED_EDGE('',*,*,#6664,.T.);
#9254=ORIENTED_EDGE('',*,*,#6665,.T.);
#9255=ORIENTED_EDGE('',*,*,#6664,.F.);
#9256=ORIENTED_EDGE('',*,*,#6666,.F.);
#9257=ORIENTED_EDGE('',*,*,#6667,.T.);
#9258=ORIENTED_EDGE('',*,*,#6668,.F.);
#9259=ORIENTED_EDGE('',*,*,#6667,.F.);
#9260=ORIENTED_EDGE('',*,*,#6666,.T.);
#9261=ORIENTED_EDGE('',*,*,#6669,.F.);
#9262=ORIENTED_EDGE('',*,*,#6670,.F.);
#9263=ORIENTED_EDGE('',*,*,#6671,.T.);
#9264=ORIENTED_EDGE('',*,*,#6669,.T.);
#9265=ORIENTED_EDGE('',*,*,#6671,.F.);
#9266=ORIENTED_EDGE('',*,*,#6672,.F.);
#9267=ORIENTED_EDGE('',*,*,#6670,.T.);
#9268=ORIENTED_EDGE('',*,*,#6673,.F.);
#9269=ORIENTED_EDGE('',*,*,#6674,.T.);
#9270=ORIENTED_EDGE('',*,*,#6672,.T.);
#9271=ORIENTED_EDGE('',*,*,#6674,.F.);
#9272=ORIENTED_EDGE('',*,*,#6673,.T.);
#9273=ORIENTED_EDGE('',*,*,#6665,.F.);
#9274=ORIENTED_EDGE('',*,*,#6675,.T.);
#9275=ORIENTED_EDGE('',*,*,#6676,.T.);
#9276=ORIENTED_EDGE('',*,*,#6677,.T.);
#9277=ORIENTED_EDGE('',*,*,#6678,.T.);
#9278=ORIENTED_EDGE('',*,*,#6660,.T.);
#9279=ORIENTED_EDGE('',*,*,#6668,.T.);
#9280=ORIENTED_EDGE('',*,*,#6679,.F.);
#9281=ORIENTED_EDGE('',*,*,#6680,.T.);
#9282=ORIENTED_EDGE('',*,*,#6678,.F.);
#9283=ORIENTED_EDGE('',*,*,#6681,.F.);
#9284=ORIENTED_EDGE('',*,*,#6682,.F.);
#9285=ORIENTED_EDGE('',*,*,#6681,.T.);
#9286=ORIENTED_EDGE('',*,*,#6677,.F.);
#9287=ORIENTED_EDGE('',*,*,#6683,.F.);
#9288=ORIENTED_EDGE('',*,*,#6684,.F.);
#9289=ORIENTED_EDGE('',*,*,#6683,.T.);
#9290=ORIENTED_EDGE('',*,*,#6676,.F.);
#9291=ORIENTED_EDGE('',*,*,#6685,.F.);
#9292=ORIENTED_EDGE('',*,*,#6686,.F.);
#9293=ORIENTED_EDGE('',*,*,#6685,.T.);
#9294=ORIENTED_EDGE('',*,*,#6675,.F.);
#9295=ORIENTED_EDGE('',*,*,#6680,.F.);
#9296=ORIENTED_EDGE('',*,*,#6663,.T.);
#9297=ORIENTED_EDGE('',*,*,#6686,.T.);
#9298=ORIENTED_EDGE('',*,*,#6679,.T.);
#9299=ORIENTED_EDGE('',*,*,#6682,.T.);
#9300=ORIENTED_EDGE('',*,*,#6684,.T.);
#9301=ORIENTED_EDGE('',*,*,#6687,.T.);
#9302=ORIENTED_EDGE('',*,*,#6688,.T.);
#9303=ORIENTED_EDGE('',*,*,#6689,.T.);
#9304=ORIENTED_EDGE('',*,*,#6690,.T.);
#9305=ORIENTED_EDGE('',*,*,#6691,.T.);
#9306=ORIENTED_EDGE('',*,*,#6692,.F.);
#9307=ORIENTED_EDGE('',*,*,#6687,.F.);
#9308=ORIENTED_EDGE('',*,*,#6693,.T.);
#9309=ORIENTED_EDGE('',*,*,#6689,.F.);
#9310=ORIENTED_EDGE('',*,*,#6694,.T.);
#9311=ORIENTED_EDGE('',*,*,#6695,.T.);
#9312=ORIENTED_EDGE('',*,*,#6696,.F.);
#9313=ORIENTED_EDGE('',*,*,#6697,.T.);
#9314=ORIENTED_EDGE('',*,*,#6698,.F.);
#9315=ORIENTED_EDGE('',*,*,#6699,.F.);
#9316=ORIENTED_EDGE('',*,*,#6700,.T.);
#9317=ORIENTED_EDGE('',*,*,#6701,.T.);
#9318=ORIENTED_EDGE('',*,*,#6702,.F.);
#9319=ORIENTED_EDGE('',*,*,#6703,.F.);
#9320=ORIENTED_EDGE('',*,*,#6698,.T.);
#9321=ORIENTED_EDGE('',*,*,#6704,.T.);
#9322=ORIENTED_EDGE('',*,*,#6693,.F.);
#9323=ORIENTED_EDGE('',*,*,#6690,.F.);
#9324=ORIENTED_EDGE('',*,*,#6696,.T.);
#9325=ORIENTED_EDGE('',*,*,#6705,.F.);
#9326=ORIENTED_EDGE('',*,*,#6706,.T.);
#9327=ORIENTED_EDGE('',*,*,#6707,.T.);
#9328=ORIENTED_EDGE('',*,*,#6700,.F.);
#9329=ORIENTED_EDGE('',*,*,#6708,.T.);
#9330=ORIENTED_EDGE('',*,*,#6705,.T.);
#9331=ORIENTED_EDGE('',*,*,#6699,.T.);
#9332=ORIENTED_EDGE('',*,*,#6703,.T.);
#9333=ORIENTED_EDGE('',*,*,#6709,.F.);
#9334=ORIENTED_EDGE('',*,*,#6710,.F.);
#9335=ORIENTED_EDGE('',*,*,#6691,.F.);
#9336=ORIENTED_EDGE('',*,*,#6704,.F.);
#9337=ORIENTED_EDGE('',*,*,#6695,.F.);
#9338=ORIENTED_EDGE('',*,*,#6711,.F.);
#9339=ORIENTED_EDGE('',*,*,#6712,.F.);
#9340=ORIENTED_EDGE('',*,*,#6713,.F.);
#9341=ORIENTED_EDGE('',*,*,#6701,.F.);
#9342=ORIENTED_EDGE('',*,*,#6697,.F.);
#9343=ORIENTED_EDGE('',*,*,#6707,.F.);
#9344=ORIENTED_EDGE('',*,*,#6714,.F.);
#9345=ORIENTED_EDGE('',*,*,#6711,.T.);
#9346=ORIENTED_EDGE('',*,*,#6694,.F.);
#9347=ORIENTED_EDGE('',*,*,#6688,.F.);
#9348=ORIENTED_EDGE('',*,*,#6692,.T.);
#9349=ORIENTED_EDGE('',*,*,#6710,.T.);
#9350=ORIENTED_EDGE('',*,*,#6715,.F.);
#9351=ORIENTED_EDGE('',*,*,#6716,.T.);
#9352=ORIENTED_EDGE('',*,*,#6717,.T.);
#9353=ORIENTED_EDGE('',*,*,#6717,.F.);
#9354=ORIENTED_EDGE('',*,*,#6718,.F.);
#9355=ORIENTED_EDGE('',*,*,#6719,.T.);
#9356=ORIENTED_EDGE('',*,*,#6712,.T.);
#9357=ORIENTED_EDGE('',*,*,#6713,.T.);
#9358=ORIENTED_EDGE('',*,*,#6719,.F.);
#9359=ORIENTED_EDGE('',*,*,#6720,.F.);
#9360=ORIENTED_EDGE('',*,*,#6721,.T.);
#9361=ORIENTED_EDGE('',*,*,#6714,.T.);
#9362=ORIENTED_EDGE('',*,*,#6706,.F.);
#9363=ORIENTED_EDGE('',*,*,#6708,.F.);
#9364=ORIENTED_EDGE('',*,*,#6702,.T.);
#9365=ORIENTED_EDGE('',*,*,#6721,.F.);
#9366=ORIENTED_EDGE('',*,*,#6722,.T.);
#9367=ORIENTED_EDGE('',*,*,#6715,.T.);
#9368=ORIENTED_EDGE('',*,*,#6709,.T.);
#9369=ORIENTED_EDGE('',*,*,#6720,.T.);
#9370=ORIENTED_EDGE('',*,*,#6718,.T.);
#9371=ORIENTED_EDGE('',*,*,#6716,.F.);
#9372=ORIENTED_EDGE('',*,*,#6722,.F.);
#9373=ORIENTED_EDGE('',*,*,#6723,.T.);
#9374=ORIENTED_EDGE('',*,*,#6724,.T.);
#9375=ORIENTED_EDGE('',*,*,#6725,.T.);
#9376=ORIENTED_EDGE('',*,*,#6726,.T.);
#9377=ORIENTED_EDGE('',*,*,#6727,.T.);
#9378=ORIENTED_EDGE('',*,*,#6728,.F.);
#9379=ORIENTED_EDGE('',*,*,#6723,.F.);
#9380=ORIENTED_EDGE('',*,*,#6729,.T.);
#9381=ORIENTED_EDGE('',*,*,#6725,.F.);
#9382=ORIENTED_EDGE('',*,*,#6730,.T.);
#9383=ORIENTED_EDGE('',*,*,#6731,.T.);
#9384=ORIENTED_EDGE('',*,*,#6732,.F.);
#9385=ORIENTED_EDGE('',*,*,#6733,.T.);
#9386=ORIENTED_EDGE('',*,*,#6734,.F.);
#9387=ORIENTED_EDGE('',*,*,#6735,.F.);
#9388=ORIENTED_EDGE('',*,*,#6736,.T.);
#9389=ORIENTED_EDGE('',*,*,#6737,.T.);
#9390=ORIENTED_EDGE('',*,*,#6738,.F.);
#9391=ORIENTED_EDGE('',*,*,#6739,.F.);
#9392=ORIENTED_EDGE('',*,*,#6734,.T.);
#9393=ORIENTED_EDGE('',*,*,#6740,.T.);
#9394=ORIENTED_EDGE('',*,*,#6729,.F.);
#9395=ORIENTED_EDGE('',*,*,#6726,.F.);
#9396=ORIENTED_EDGE('',*,*,#6732,.T.);
#9397=ORIENTED_EDGE('',*,*,#6741,.F.);
#9398=ORIENTED_EDGE('',*,*,#6742,.T.);
#9399=ORIENTED_EDGE('',*,*,#6743,.T.);
#9400=ORIENTED_EDGE('',*,*,#6736,.F.);
#9401=ORIENTED_EDGE('',*,*,#6744,.T.);
#9402=ORIENTED_EDGE('',*,*,#6741,.T.);
#9403=ORIENTED_EDGE('',*,*,#6735,.T.);
#9404=ORIENTED_EDGE('',*,*,#6739,.T.);
#9405=ORIENTED_EDGE('',*,*,#6745,.F.);
#9406=ORIENTED_EDGE('',*,*,#6746,.F.);
#9407=ORIENTED_EDGE('',*,*,#6727,.F.);
#9408=ORIENTED_EDGE('',*,*,#6740,.F.);
#9409=ORIENTED_EDGE('',*,*,#6731,.F.);
#9410=ORIENTED_EDGE('',*,*,#6747,.F.);
#9411=ORIENTED_EDGE('',*,*,#6748,.F.);
#9412=ORIENTED_EDGE('',*,*,#6749,.F.);
#9413=ORIENTED_EDGE('',*,*,#6737,.F.);
#9414=ORIENTED_EDGE('',*,*,#6733,.F.);
#9415=ORIENTED_EDGE('',*,*,#6743,.F.);
#9416=ORIENTED_EDGE('',*,*,#6750,.F.);
#9417=ORIENTED_EDGE('',*,*,#6747,.T.);
#9418=ORIENTED_EDGE('',*,*,#6730,.F.);
#9419=ORIENTED_EDGE('',*,*,#6724,.F.);
#9420=ORIENTED_EDGE('',*,*,#6728,.T.);
#9421=ORIENTED_EDGE('',*,*,#6746,.T.);
#9422=ORIENTED_EDGE('',*,*,#6751,.F.);
#9423=ORIENTED_EDGE('',*,*,#6752,.T.);
#9424=ORIENTED_EDGE('',*,*,#6753,.T.);
#9425=ORIENTED_EDGE('',*,*,#6753,.F.);
#9426=ORIENTED_EDGE('',*,*,#6754,.F.);
#9427=ORIENTED_EDGE('',*,*,#6755,.T.);
#9428=ORIENTED_EDGE('',*,*,#6748,.T.);
#9429=ORIENTED_EDGE('',*,*,#6749,.T.);
#9430=ORIENTED_EDGE('',*,*,#6755,.F.);
#9431=ORIENTED_EDGE('',*,*,#6756,.F.);
#9432=ORIENTED_EDGE('',*,*,#6757,.T.);
#9433=ORIENTED_EDGE('',*,*,#6750,.T.);
#9434=ORIENTED_EDGE('',*,*,#6742,.F.);
#9435=ORIENTED_EDGE('',*,*,#6744,.F.);
#9436=ORIENTED_EDGE('',*,*,#6738,.T.);
#9437=ORIENTED_EDGE('',*,*,#6757,.F.);
#9438=ORIENTED_EDGE('',*,*,#6758,.T.);
#9439=ORIENTED_EDGE('',*,*,#6751,.T.);
#9440=ORIENTED_EDGE('',*,*,#6745,.T.);
#9441=ORIENTED_EDGE('',*,*,#6756,.T.);
#9442=ORIENTED_EDGE('',*,*,#6754,.T.);
#9443=ORIENTED_EDGE('',*,*,#6752,.F.);
#9444=ORIENTED_EDGE('',*,*,#6758,.F.);
#9445=ORIENTED_EDGE('',*,*,#6759,.F.);
#9446=ORIENTED_EDGE('',*,*,#6760,.T.);
#9447=ORIENTED_EDGE('',*,*,#6761,.F.);
#9448=ORIENTED_EDGE('',*,*,#6762,.F.);
#9449=ORIENTED_EDGE('',*,*,#6761,.T.);
#9450=ORIENTED_EDGE('',*,*,#6763,.T.);
#9451=ORIENTED_EDGE('',*,*,#6764,.F.);
#9452=ORIENTED_EDGE('',*,*,#6765,.T.);
#9453=ORIENTED_EDGE('',*,*,#6766,.T.);
#9454=ORIENTED_EDGE('',*,*,#6767,.T.);
#9455=ORIENTED_EDGE('',*,*,#6768,.T.);
#9456=ORIENTED_EDGE('',*,*,#6769,.T.);
#9457=ORIENTED_EDGE('',*,*,#6770,.F.);
#9458=ORIENTED_EDGE('',*,*,#6771,.T.);
#9459=ORIENTED_EDGE('',*,*,#6763,.F.);
#9460=ORIENTED_EDGE('',*,*,#6760,.F.);
#9461=ORIENTED_EDGE('',*,*,#6772,.F.);
#9462=ORIENTED_EDGE('',*,*,#6773,.T.);
#9463=ORIENTED_EDGE('',*,*,#6774,.F.);
#9464=ORIENTED_EDGE('',*,*,#6775,.F.);
#9465=ORIENTED_EDGE('',*,*,#6776,.F.);
#9466=ORIENTED_EDGE('',*,*,#6777,.T.);
#9467=ORIENTED_EDGE('',*,*,#6778,.F.);
#9468=ORIENTED_EDGE('',*,*,#6779,.F.);
#9469=ORIENTED_EDGE('',*,*,#6780,.F.);
#9470=ORIENTED_EDGE('',*,*,#6781,.T.);
#9471=ORIENTED_EDGE('',*,*,#6782,.F.);
#9472=ORIENTED_EDGE('',*,*,#6783,.F.);
#9473=ORIENTED_EDGE('',*,*,#6762,.T.);
#9474=ORIENTED_EDGE('',*,*,#6765,.F.);
#9475=ORIENTED_EDGE('',*,*,#6784,.F.);
#9476=ORIENTED_EDGE('',*,*,#6785,.T.);
#9477=ORIENTED_EDGE('',*,*,#6759,.T.);
#9478=ORIENTED_EDGE('',*,*,#6785,.F.);
#9479=ORIENTED_EDGE('',*,*,#6786,.F.);
#9480=ORIENTED_EDGE('',*,*,#6770,.T.);
#9481=ORIENTED_EDGE('',*,*,#6771,.F.);
#9482=ORIENTED_EDGE('',*,*,#6786,.T.);
#9483=ORIENTED_EDGE('',*,*,#6784,.T.);
#9484=ORIENTED_EDGE('',*,*,#6764,.T.);
#9485=ORIENTED_EDGE('',*,*,#6787,.T.);
#9486=ORIENTED_EDGE('',*,*,#6788,.F.);
#9487=ORIENTED_EDGE('',*,*,#6767,.F.);
#9488=ORIENTED_EDGE('',*,*,#6789,.T.);
#9489=ORIENTED_EDGE('',*,*,#6790,.F.);
#9490=ORIENTED_EDGE('',*,*,#6783,.T.);
#9491=ORIENTED_EDGE('',*,*,#6791,.F.);
#9492=ORIENTED_EDGE('',*,*,#6792,.F.);
#9493=ORIENTED_EDGE('',*,*,#6793,.F.);
#9494=ORIENTED_EDGE('',*,*,#6794,.T.);
#9495=ORIENTED_EDGE('',*,*,#6795,.T.);
#9496=ORIENTED_EDGE('',*,*,#6789,.F.);
#9497=ORIENTED_EDGE('',*,*,#6766,.F.);
#9498=ORIENTED_EDGE('',*,*,#6796,.T.);
#9499=ORIENTED_EDGE('',*,*,#6797,.T.);
#9500=ORIENTED_EDGE('',*,*,#6798,.F.);
#9501=ORIENTED_EDGE('',*,*,#6799,.T.);
#9502=ORIENTED_EDGE('',*,*,#6778,.T.);
#9503=ORIENTED_EDGE('',*,*,#6800,.F.);
#9504=ORIENTED_EDGE('',*,*,#6801,.T.);
#9505=ORIENTED_EDGE('',*,*,#6802,.T.);
#9506=ORIENTED_EDGE('',*,*,#6803,.F.);
#9507=ORIENTED_EDGE('',*,*,#6804,.F.);
#9508=ORIENTED_EDGE('',*,*,#6772,.T.);
#9509=ORIENTED_EDGE('',*,*,#6805,.T.);
#9510=ORIENTED_EDGE('',*,*,#6796,.F.);
#9511=ORIENTED_EDGE('',*,*,#6769,.F.);
#9512=ORIENTED_EDGE('',*,*,#6806,.T.);
#9513=ORIENTED_EDGE('',*,*,#6777,.F.);
#9514=ORIENTED_EDGE('',*,*,#6807,.T.);
#9515=ORIENTED_EDGE('',*,*,#6808,.T.);
#9516=ORIENTED_EDGE('',*,*,#6800,.T.);
#9517=ORIENTED_EDGE('',*,*,#6781,.F.);
#9518=ORIENTED_EDGE('',*,*,#6809,.T.);
#9519=ORIENTED_EDGE('',*,*,#6810,.T.);
#9520=ORIENTED_EDGE('',*,*,#6811,.T.);
#9521=ORIENTED_EDGE('',*,*,#6812,.T.);
#9522=ORIENTED_EDGE('',*,*,#6774,.T.);
#9523=ORIENTED_EDGE('',*,*,#6813,.F.);
#9524=ORIENTED_EDGE('',*,*,#6814,.T.);
#9525=ORIENTED_EDGE('',*,*,#6815,.F.);
#9526=ORIENTED_EDGE('',*,*,#6779,.T.);
#9527=ORIENTED_EDGE('',*,*,#6799,.F.);
#9528=ORIENTED_EDGE('',*,*,#6816,.F.);
#9529=ORIENTED_EDGE('',*,*,#6773,.F.);
#9530=ORIENTED_EDGE('',*,*,#6804,.T.);
#9531=ORIENTED_EDGE('',*,*,#6817,.T.);
#9532=ORIENTED_EDGE('',*,*,#6813,.T.);
#9533=ORIENTED_EDGE('',*,*,#6818,.T.);
#9534=ORIENTED_EDGE('',*,*,#6819,.F.);
#9535=ORIENTED_EDGE('',*,*,#6820,.F.);
#9536=ORIENTED_EDGE('',*,*,#6821,.T.);
#9537=ORIENTED_EDGE('',*,*,#6822,.T.);
#9538=ORIENTED_EDGE('',*,*,#6806,.F.);
#9539=ORIENTED_EDGE('',*,*,#6768,.F.);
#9540=ORIENTED_EDGE('',*,*,#6788,.T.);
#9541=ORIENTED_EDGE('',*,*,#6791,.T.);
#9542=ORIENTED_EDGE('',*,*,#6782,.T.);
#9543=ORIENTED_EDGE('',*,*,#6811,.F.);
#9544=ORIENTED_EDGE('',*,*,#6823,.T.);
#9545=ORIENTED_EDGE('',*,*,#6802,.F.);
#9546=ORIENTED_EDGE('',*,*,#6775,.T.);
#9547=ORIENTED_EDGE('',*,*,#6812,.F.);
#9548=ORIENTED_EDGE('',*,*,#6824,.F.);
#9549=ORIENTED_EDGE('',*,*,#6790,.T.);
#9550=ORIENTED_EDGE('',*,*,#6825,.F.);
#9551=ORIENTED_EDGE('',*,*,#6809,.F.);
#9552=ORIENTED_EDGE('',*,*,#6780,.T.);
#9553=ORIENTED_EDGE('',*,*,#6815,.T.);
#9554=ORIENTED_EDGE('',*,*,#6826,.F.);
#9555=ORIENTED_EDGE('',*,*,#6807,.F.);
#9556=ORIENTED_EDGE('',*,*,#6776,.T.);
#9557=ORIENTED_EDGE('',*,*,#6827,.F.);
#9558=ORIENTED_EDGE('',*,*,#6828,.T.);
#9559=ORIENTED_EDGE('',*,*,#6829,.T.);
#9560=ORIENTED_EDGE('',*,*,#6830,.F.);
#9561=ORIENTED_EDGE('',*,*,#6831,.T.);
#9562=ORIENTED_EDGE('',*,*,#6832,.T.);
#9563=ORIENTED_EDGE('',*,*,#6833,.F.);
#9564=ORIENTED_EDGE('',*,*,#6834,.F.);
#9565=ORIENTED_EDGE('',*,*,#6835,.T.);
#9566=ORIENTED_EDGE('',*,*,#6836,.F.);
#9567=ORIENTED_EDGE('',*,*,#6837,.F.);
#9568=ORIENTED_EDGE('',*,*,#6838,.T.);
#9569=ORIENTED_EDGE('',*,*,#6839,.F.);
#9570=ORIENTED_EDGE('',*,*,#6840,.F.);
#9571=ORIENTED_EDGE('',*,*,#6818,.F.);
#9572=ORIENTED_EDGE('',*,*,#6787,.F.);
#9573=ORIENTED_EDGE('',*,*,#6795,.F.);
#9574=ORIENTED_EDGE('',*,*,#6841,.F.);
#9575=ORIENTED_EDGE('',*,*,#6842,.F.);
#9576=ORIENTED_EDGE('',*,*,#6843,.F.);
#9577=ORIENTED_EDGE('',*,*,#6797,.F.);
#9578=ORIENTED_EDGE('',*,*,#6805,.F.);
#9579=ORIENTED_EDGE('',*,*,#6822,.F.);
#9580=ORIENTED_EDGE('',*,*,#6844,.F.);
#9581=ORIENTED_EDGE('',*,*,#6792,.T.);
#9582=ORIENTED_EDGE('',*,*,#6823,.F.);
#9583=ORIENTED_EDGE('',*,*,#6810,.F.);
#9584=ORIENTED_EDGE('',*,*,#6825,.T.);
#9585=ORIENTED_EDGE('',*,*,#6793,.T.);
#9586=ORIENTED_EDGE('',*,*,#6845,.T.);
#9587=ORIENTED_EDGE('',*,*,#6846,.T.);
#9588=ORIENTED_EDGE('',*,*,#6847,.T.);
#9589=ORIENTED_EDGE('',*,*,#6843,.T.);
#9590=ORIENTED_EDGE('',*,*,#6848,.F.);
#9591=ORIENTED_EDGE('',*,*,#6845,.F.);
#9592=ORIENTED_EDGE('',*,*,#6798,.T.);
#9593=ORIENTED_EDGE('',*,*,#6841,.T.);
#9594=ORIENTED_EDGE('',*,*,#6794,.F.);
#9595=ORIENTED_EDGE('',*,*,#6847,.F.);
#9596=ORIENTED_EDGE('',*,*,#6849,.T.);
#9597=ORIENTED_EDGE('',*,*,#6816,.T.);
#9598=ORIENTED_EDGE('',*,*,#6801,.F.);
#9599=ORIENTED_EDGE('',*,*,#6808,.F.);
#9600=ORIENTED_EDGE('',*,*,#6826,.T.);
#9601=ORIENTED_EDGE('',*,*,#6824,.T.);
#9602=ORIENTED_EDGE('',*,*,#6814,.F.);
#9603=ORIENTED_EDGE('',*,*,#6817,.F.);
#9604=ORIENTED_EDGE('',*,*,#6803,.T.);
#9605=ORIENTED_EDGE('',*,*,#6850,.T.);
#9606=ORIENTED_EDGE('',*,*,#6851,.T.);
#9607=ORIENTED_EDGE('',*,*,#6852,.T.);
#9608=ORIENTED_EDGE('',*,*,#6820,.T.);
#9609=ORIENTED_EDGE('',*,*,#6844,.T.);
#9610=ORIENTED_EDGE('',*,*,#6821,.F.);
#9611=ORIENTED_EDGE('',*,*,#6852,.F.);
#9612=ORIENTED_EDGE('',*,*,#6853,.T.);
#9613=ORIENTED_EDGE('',*,*,#6840,.T.);
#9614=ORIENTED_EDGE('',*,*,#6854,.F.);
#9615=ORIENTED_EDGE('',*,*,#6850,.F.);
#9616=ORIENTED_EDGE('',*,*,#6819,.T.);
#9617=ORIENTED_EDGE('',*,*,#6855,.T.);
#9618=ORIENTED_EDGE('',*,*,#6856,.F.);
#9619=ORIENTED_EDGE('',*,*,#6857,.F.);
#9620=ORIENTED_EDGE('',*,*,#6833,.T.);
#9621=ORIENTED_EDGE('',*,*,#6839,.T.);
#9622=ORIENTED_EDGE('',*,*,#6853,.F.);
#9623=ORIENTED_EDGE('',*,*,#6851,.F.);
#9624=ORIENTED_EDGE('',*,*,#6854,.T.);
#9625=ORIENTED_EDGE('',*,*,#6858,.F.);
#9626=ORIENTED_EDGE('',*,*,#6830,.T.);
#9627=ORIENTED_EDGE('',*,*,#6859,.T.);
#9628=ORIENTED_EDGE('',*,*,#6860,.T.);
#9629=ORIENTED_EDGE('',*,*,#6861,.T.);
#9630=ORIENTED_EDGE('',*,*,#6862,.T.);
#9631=ORIENTED_EDGE('',*,*,#6863,.T.);
#9632=ORIENTED_EDGE('',*,*,#6864,.T.);
#9633=ORIENTED_EDGE('',*,*,#6865,.T.);
#9634=ORIENTED_EDGE('',*,*,#6866,.T.);
#9635=ORIENTED_EDGE('',*,*,#6867,.T.);
#9636=ORIENTED_EDGE('',*,*,#6838,.F.);
#9637=ORIENTED_EDGE('',*,*,#6868,.F.);
#9638=ORIENTED_EDGE('',*,*,#6869,.T.);
#9639=ORIENTED_EDGE('',*,*,#6870,.T.);
#9640=ORIENTED_EDGE('',*,*,#6871,.T.);
#9641=ORIENTED_EDGE('',*,*,#6872,.F.);
#9642=ORIENTED_EDGE('',*,*,#6873,.T.);
#9643=ORIENTED_EDGE('',*,*,#6874,.T.);
#9644=ORIENTED_EDGE('',*,*,#6875,.F.);
#9645=ORIENTED_EDGE('',*,*,#6876,.F.);
#9646=ORIENTED_EDGE('',*,*,#6877,.F.);
#9647=ORIENTED_EDGE('',*,*,#6878,.F.);
#9648=ORIENTED_EDGE('',*,*,#6879,.F.);
#9649=ORIENTED_EDGE('',*,*,#6831,.F.);
#9650=ORIENTED_EDGE('',*,*,#6858,.T.);
#9651=ORIENTED_EDGE('',*,*,#6880,.T.);
#9652=ORIENTED_EDGE('',*,*,#6881,.T.);
#9653=ORIENTED_EDGE('',*,*,#6863,.F.);
#9654=ORIENTED_EDGE('',*,*,#6882,.F.);
#9655=ORIENTED_EDGE('',*,*,#6883,.F.);
#9656=ORIENTED_EDGE('',*,*,#6884,.T.);
#9657=ORIENTED_EDGE('',*,*,#6885,.T.);
#9658=ORIENTED_EDGE('',*,*,#6886,.F.);
#9659=ORIENTED_EDGE('',*,*,#6887,.F.);
#9660=ORIENTED_EDGE('',*,*,#6888,.T.);
#9661=ORIENTED_EDGE('',*,*,#6889,.T.);
#9662=ORIENTED_EDGE('',*,*,#6890,.F.);
#9663=ORIENTED_EDGE('',*,*,#6891,.F.);
#9664=ORIENTED_EDGE('',*,*,#6892,.T.);
#9665=ORIENTED_EDGE('',*,*,#6893,.T.);
#9666=ORIENTED_EDGE('',*,*,#6894,.F.);
#9667=ORIENTED_EDGE('',*,*,#6895,.T.);
#9668=ORIENTED_EDGE('',*,*,#6827,.T.);
#9669=ORIENTED_EDGE('',*,*,#6867,.F.);
#9670=ORIENTED_EDGE('',*,*,#6896,.F.);
#9671=ORIENTED_EDGE('',*,*,#6897,.T.);
#9672=ORIENTED_EDGE('',*,*,#6898,.T.);
#9673=ORIENTED_EDGE('',*,*,#6834,.T.);
#9674=ORIENTED_EDGE('',*,*,#6857,.T.);
#9675=ORIENTED_EDGE('',*,*,#6899,.T.);
#9676=ORIENTED_EDGE('',*,*,#6900,.F.);
#9677=ORIENTED_EDGE('',*,*,#6901,.T.);
#9678=ORIENTED_EDGE('',*,*,#6902,.F.);
#9679=ORIENTED_EDGE('',*,*,#6903,.F.);
#9680=ORIENTED_EDGE('',*,*,#6904,.F.);
#9681=ORIENTED_EDGE('',*,*,#6905,.F.);
#9682=ORIENTED_EDGE('',*,*,#6828,.F.);
#9683=ORIENTED_EDGE('',*,*,#6895,.F.);
#9684=ORIENTED_EDGE('',*,*,#6906,.F.);
#9685=ORIENTED_EDGE('',*,*,#6907,.T.);
#9686=ORIENTED_EDGE('',*,*,#6868,.T.);
#9687=ORIENTED_EDGE('',*,*,#6837,.T.);
#9688=ORIENTED_EDGE('',*,*,#6908,.T.);
#9689=ORIENTED_EDGE('',*,*,#6909,.F.);
#9690=ORIENTED_EDGE('',*,*,#6910,.F.);
#9691=ORIENTED_EDGE('',*,*,#6911,.T.);
#9692=ORIENTED_EDGE('',*,*,#6912,.T.);
#9693=ORIENTED_EDGE('',*,*,#6879,.T.);
#9694=ORIENTED_EDGE('',*,*,#6913,.F.);
#9695=ORIENTED_EDGE('',*,*,#6855,.F.);
#9696=ORIENTED_EDGE('',*,*,#6832,.F.);
#9697=ORIENTED_EDGE('',*,*,#6914,.F.);
#9698=ORIENTED_EDGE('',*,*,#6915,.F.);
#9699=ORIENTED_EDGE('',*,*,#6908,.F.);
#9700=ORIENTED_EDGE('',*,*,#6836,.T.);
#9701=ORIENTED_EDGE('',*,*,#6916,.F.);
#9702=ORIENTED_EDGE('',*,*,#6917,.F.);
#9703=ORIENTED_EDGE('',*,*,#6918,.F.);
#9704=ORIENTED_EDGE('',*,*,#6919,.F.);
#9705=ORIENTED_EDGE('',*,*,#6876,.T.);
#9706=ORIENTED_EDGE('',*,*,#6920,.F.);
#9707=ORIENTED_EDGE('',*,*,#6921,.F.);
#9708=ORIENTED_EDGE('',*,*,#6922,.F.);
#9709=ORIENTED_EDGE('',*,*,#6842,.T.);
#9710=ORIENTED_EDGE('',*,*,#6849,.F.);
#9711=ORIENTED_EDGE('',*,*,#6846,.F.);
#9712=ORIENTED_EDGE('',*,*,#6848,.T.);
#9713=ORIENTED_EDGE('',*,*,#6835,.F.);
#9714=ORIENTED_EDGE('',*,*,#6898,.F.);
#9715=ORIENTED_EDGE('',*,*,#6923,.T.);
#9716=ORIENTED_EDGE('',*,*,#6916,.T.);
#9717=ORIENTED_EDGE('',*,*,#6859,.F.);
#9718=ORIENTED_EDGE('',*,*,#6829,.F.);
#9719=ORIENTED_EDGE('',*,*,#6905,.T.);
#9720=ORIENTED_EDGE('',*,*,#6924,.T.);
#9721=ORIENTED_EDGE('',*,*,#6878,.T.);
#9722=ORIENTED_EDGE('',*,*,#6899,.F.);
#9723=ORIENTED_EDGE('',*,*,#6856,.T.);
#9724=ORIENTED_EDGE('',*,*,#6913,.T.);
#9725=ORIENTED_EDGE('',*,*,#6904,.T.);
#9726=ORIENTED_EDGE('',*,*,#6880,.F.);
#9727=ORIENTED_EDGE('',*,*,#6860,.F.);
#9728=ORIENTED_EDGE('',*,*,#6924,.F.);
#9729=ORIENTED_EDGE('',*,*,#6871,.F.);
#9730=ORIENTED_EDGE('',*,*,#6925,.F.);
#9731=ORIENTED_EDGE('',*,*,#6926,.T.);
#9732=ORIENTED_EDGE('',*,*,#6927,.T.);
#9733=ORIENTED_EDGE('',*,*,#6870,.F.);
#9734=ORIENTED_EDGE('',*,*,#6928,.F.);
#9735=ORIENTED_EDGE('',*,*,#6929,.T.);
#9736=ORIENTED_EDGE('',*,*,#6925,.T.);
#9737=ORIENTED_EDGE('',*,*,#6869,.F.);
#9738=ORIENTED_EDGE('',*,*,#6907,.F.);
#9739=ORIENTED_EDGE('',*,*,#6930,.T.);
#9740=ORIENTED_EDGE('',*,*,#6928,.T.);
#9741=ORIENTED_EDGE('',*,*,#6931,.F.);
#9742=ORIENTED_EDGE('',*,*,#6932,.T.);
#9743=ORIENTED_EDGE('',*,*,#6894,.T.);
#9744=ORIENTED_EDGE('',*,*,#6933,.F.);
#9745=ORIENTED_EDGE('',*,*,#6934,.F.);
#9746=ORIENTED_EDGE('',*,*,#6935,.T.);
#9747=ORIENTED_EDGE('',*,*,#6890,.T.);
#9748=ORIENTED_EDGE('',*,*,#6936,.F.);
#9749=ORIENTED_EDGE('',*,*,#6937,.F.);
#9750=ORIENTED_EDGE('',*,*,#6938,.T.);
#9751=ORIENTED_EDGE('',*,*,#6886,.T.);
#9752=ORIENTED_EDGE('',*,*,#6939,.F.);
#9753=ORIENTED_EDGE('',*,*,#6940,.F.);
#9754=ORIENTED_EDGE('',*,*,#6941,.T.);
#9755=ORIENTED_EDGE('',*,*,#6882,.T.);
#9756=ORIENTED_EDGE('',*,*,#6862,.F.);
#9757=ORIENTED_EDGE('',*,*,#6942,.F.);
#9758=ORIENTED_EDGE('',*,*,#6943,.T.);
#9759=ORIENTED_EDGE('',*,*,#6911,.F.);
#9760=ORIENTED_EDGE('',*,*,#6944,.F.);
#9761=ORIENTED_EDGE('',*,*,#6945,.T.);
#9762=ORIENTED_EDGE('',*,*,#6920,.T.);
#9763=ORIENTED_EDGE('',*,*,#6875,.T.);
#9764=ORIENTED_EDGE('',*,*,#6946,.F.);
#9765=ORIENTED_EDGE('',*,*,#6902,.T.);
#9766=ORIENTED_EDGE('',*,*,#6947,.T.);
#9767=ORIENTED_EDGE('',*,*,#6865,.F.);
#9768=ORIENTED_EDGE('',*,*,#6948,.F.);
#9769=ORIENTED_EDGE('',*,*,#6861,.F.);
#9770=ORIENTED_EDGE('',*,*,#6927,.F.);
#9771=ORIENTED_EDGE('',*,*,#6949,.T.);
#9772=ORIENTED_EDGE('',*,*,#6942,.T.);
#9773=ORIENTED_EDGE('',*,*,#6906,.T.);
#9774=ORIENTED_EDGE('',*,*,#6896,.T.);
#9775=ORIENTED_EDGE('',*,*,#6866,.F.);
#9776=ORIENTED_EDGE('',*,*,#6947,.F.);
#9777=ORIENTED_EDGE('',*,*,#6903,.T.);
#9778=ORIENTED_EDGE('',*,*,#6948,.T.);
#9779=ORIENTED_EDGE('',*,*,#6864,.F.);
#9780=ORIENTED_EDGE('',*,*,#6881,.F.);
#9781=ORIENTED_EDGE('',*,*,#6935,.F.);
#9782=ORIENTED_EDGE('',*,*,#6950,.T.);
#9783=ORIENTED_EDGE('',*,*,#6951,.T.);
#9784=ORIENTED_EDGE('',*,*,#6952,.T.);
#9785=ORIENTED_EDGE('',*,*,#6953,.T.);
#9786=ORIENTED_EDGE('',*,*,#6891,.T.);
#9787=ORIENTED_EDGE('',*,*,#6954,.F.);
#9788=ORIENTED_EDGE('',*,*,#6946,.T.);
#9789=ORIENTED_EDGE('',*,*,#6874,.F.);
#9790=ORIENTED_EDGE('',*,*,#6955,.F.);
#9791=ORIENTED_EDGE('',*,*,#6956,.F.);
#9792=ORIENTED_EDGE('',*,*,#6957,.F.);
#9793=ORIENTED_EDGE('',*,*,#6958,.F.);
#9794=ORIENTED_EDGE('',*,*,#6900,.T.);
#9795=ORIENTED_EDGE('',*,*,#6877,.T.);
#9796=ORIENTED_EDGE('',*,*,#6919,.T.);
#9797=ORIENTED_EDGE('',*,*,#6941,.F.);
#9798=ORIENTED_EDGE('',*,*,#6959,.T.);
#9799=ORIENTED_EDGE('',*,*,#6960,.T.);
#9800=ORIENTED_EDGE('',*,*,#6961,.T.);
#9801=ORIENTED_EDGE('',*,*,#6962,.T.);
#9802=ORIENTED_EDGE('',*,*,#6883,.T.);
#9803=ORIENTED_EDGE('',*,*,#6963,.F.);
#9804=ORIENTED_EDGE('',*,*,#6933,.T.);
#9805=ORIENTED_EDGE('',*,*,#6893,.F.);
#9806=ORIENTED_EDGE('',*,*,#6964,.F.);
#9807=ORIENTED_EDGE('',*,*,#6965,.F.);
#9808=ORIENTED_EDGE('',*,*,#6966,.F.);
#9809=ORIENTED_EDGE('',*,*,#6967,.F.);
#9810=ORIENTED_EDGE('',*,*,#6936,.T.);
#9811=ORIENTED_EDGE('',*,*,#6889,.F.);
#9812=ORIENTED_EDGE('',*,*,#6968,.F.);
#9813=ORIENTED_EDGE('',*,*,#6969,.F.);
#9814=ORIENTED_EDGE('',*,*,#6970,.F.);
#9815=ORIENTED_EDGE('',*,*,#6892,.F.);
#9816=ORIENTED_EDGE('',*,*,#6953,.F.);
#9817=ORIENTED_EDGE('',*,*,#6971,.T.);
#9818=ORIENTED_EDGE('',*,*,#6964,.T.);
#9819=ORIENTED_EDGE('',*,*,#6938,.F.);
#9820=ORIENTED_EDGE('',*,*,#6972,.T.);
#9821=ORIENTED_EDGE('',*,*,#6973,.T.);
#9822=ORIENTED_EDGE('',*,*,#6974,.T.);
#9823=ORIENTED_EDGE('',*,*,#6975,.T.);
#9824=ORIENTED_EDGE('',*,*,#6887,.T.);
#9825=ORIENTED_EDGE('',*,*,#6888,.F.);
#9826=ORIENTED_EDGE('',*,*,#6975,.F.);
#9827=ORIENTED_EDGE('',*,*,#6976,.T.);
#9828=ORIENTED_EDGE('',*,*,#6968,.T.);
#9829=ORIENTED_EDGE('',*,*,#6977,.F.);
#9830=ORIENTED_EDGE('',*,*,#6939,.T.);
#9831=ORIENTED_EDGE('',*,*,#6885,.F.);
#9832=ORIENTED_EDGE('',*,*,#6978,.F.);
#9833=ORIENTED_EDGE('',*,*,#6979,.F.);
#9834=ORIENTED_EDGE('',*,*,#6980,.F.);
#9835=ORIENTED_EDGE('',*,*,#6884,.F.);
#9836=ORIENTED_EDGE('',*,*,#6962,.F.);
#9837=ORIENTED_EDGE('',*,*,#6981,.T.);
#9838=ORIENTED_EDGE('',*,*,#6978,.T.);
#9839=ORIENTED_EDGE('',*,*,#6932,.F.);
#9840=ORIENTED_EDGE('',*,*,#6982,.T.);
#9841=ORIENTED_EDGE('',*,*,#6983,.T.);
#9842=ORIENTED_EDGE('',*,*,#6984,.T.);
#9843=ORIENTED_EDGE('',*,*,#6985,.T.);
#9844=ORIENTED_EDGE('',*,*,#6872,.T.);
#9845=ORIENTED_EDGE('',*,*,#6873,.F.);
#9846=ORIENTED_EDGE('',*,*,#6985,.F.);
#9847=ORIENTED_EDGE('',*,*,#6986,.T.);
#9848=ORIENTED_EDGE('',*,*,#6955,.T.);
#9849=ORIENTED_EDGE('',*,*,#6923,.F.);
#9850=ORIENTED_EDGE('',*,*,#6897,.F.);
#9851=ORIENTED_EDGE('',*,*,#6987,.T.);
#9852=ORIENTED_EDGE('',*,*,#6917,.T.);
#9853=ORIENTED_EDGE('',*,*,#6987,.F.);
#9854=ORIENTED_EDGE('',*,*,#6901,.F.);
#9855=ORIENTED_EDGE('',*,*,#6958,.T.);
#9856=ORIENTED_EDGE('',*,*,#6918,.T.);
#9857=ORIENTED_EDGE('',*,*,#6988,.T.);
#9858=ORIENTED_EDGE('',*,*,#6989,.T.);
#9859=ORIENTED_EDGE('',*,*,#6990,.T.);
#9860=ORIENTED_EDGE('',*,*,#6944,.T.);
#9861=ORIENTED_EDGE('',*,*,#6910,.T.);
#9862=ORIENTED_EDGE('',*,*,#6991,.T.);
#9863=ORIENTED_EDGE('',*,*,#6929,.F.);
#9864=ORIENTED_EDGE('',*,*,#6930,.F.);
#9865=ORIENTED_EDGE('',*,*,#6912,.F.);
#9866=ORIENTED_EDGE('',*,*,#6943,.F.);
#9867=ORIENTED_EDGE('',*,*,#6949,.F.);
#9868=ORIENTED_EDGE('',*,*,#6926,.F.);
#9869=ORIENTED_EDGE('',*,*,#6915,.T.);
#9870=ORIENTED_EDGE('',*,*,#6992,.F.);
#9871=ORIENTED_EDGE('',*,*,#6991,.F.);
#9872=ORIENTED_EDGE('',*,*,#6909,.T.);
#9873=ORIENTED_EDGE('',*,*,#6921,.T.);
#9874=ORIENTED_EDGE('',*,*,#6945,.F.);
#9875=ORIENTED_EDGE('',*,*,#6990,.F.);
#9876=ORIENTED_EDGE('',*,*,#6993,.T.);
#9877=ORIENTED_EDGE('',*,*,#6922,.T.);
#9878=ORIENTED_EDGE('',*,*,#6993,.F.);
#9879=ORIENTED_EDGE('',*,*,#6989,.F.);
#9880=ORIENTED_EDGE('',*,*,#6994,.T.);
#9881=ORIENTED_EDGE('',*,*,#6914,.T.);
#9882=ORIENTED_EDGE('',*,*,#6994,.F.);
#9883=ORIENTED_EDGE('',*,*,#6988,.F.);
#9884=ORIENTED_EDGE('',*,*,#6992,.T.);
#9885=ORIENTED_EDGE('',*,*,#6977,.T.);
#9886=ORIENTED_EDGE('',*,*,#6995,.F.);
#9887=ORIENTED_EDGE('',*,*,#6959,.F.);
#9888=ORIENTED_EDGE('',*,*,#6940,.T.);
#9889=ORIENTED_EDGE('',*,*,#6963,.T.);
#9890=ORIENTED_EDGE('',*,*,#6996,.F.);
#9891=ORIENTED_EDGE('',*,*,#6950,.F.);
#9892=ORIENTED_EDGE('',*,*,#6934,.T.);
#9893=ORIENTED_EDGE('',*,*,#6967,.T.);
#9894=ORIENTED_EDGE('',*,*,#6997,.F.);
#9895=ORIENTED_EDGE('',*,*,#6972,.F.);
#9896=ORIENTED_EDGE('',*,*,#6937,.T.);
#9897=ORIENTED_EDGE('',*,*,#6954,.T.);
#9898=ORIENTED_EDGE('',*,*,#6998,.F.);
#9899=ORIENTED_EDGE('',*,*,#6982,.F.);
#9900=ORIENTED_EDGE('',*,*,#6931,.T.);
#9901=ORIENTED_EDGE('',*,*,#6965,.T.);
#9902=ORIENTED_EDGE('',*,*,#6971,.F.);
#9903=ORIENTED_EDGE('',*,*,#6952,.F.);
#9904=ORIENTED_EDGE('',*,*,#6999,.T.);
#9905=ORIENTED_EDGE('',*,*,#6966,.T.);
#9906=ORIENTED_EDGE('',*,*,#6999,.F.);
#9907=ORIENTED_EDGE('',*,*,#6951,.F.);
#9908=ORIENTED_EDGE('',*,*,#6996,.T.);
#9909=ORIENTED_EDGE('',*,*,#6956,.T.);
#9910=ORIENTED_EDGE('',*,*,#6986,.F.);
#9911=ORIENTED_EDGE('',*,*,#6984,.F.);
#9912=ORIENTED_EDGE('',*,*,#7000,.T.);
#9913=ORIENTED_EDGE('',*,*,#6957,.T.);
#9914=ORIENTED_EDGE('',*,*,#7000,.F.);
#9915=ORIENTED_EDGE('',*,*,#6983,.F.);
#9916=ORIENTED_EDGE('',*,*,#6998,.T.);
#9917=ORIENTED_EDGE('',*,*,#6980,.T.);
#9918=ORIENTED_EDGE('',*,*,#7001,.F.);
#9919=ORIENTED_EDGE('',*,*,#6960,.F.);
#9920=ORIENTED_EDGE('',*,*,#6995,.T.);
#9921=ORIENTED_EDGE('',*,*,#6979,.T.);
#9922=ORIENTED_EDGE('',*,*,#6981,.F.);
#9923=ORIENTED_EDGE('',*,*,#6961,.F.);
#9924=ORIENTED_EDGE('',*,*,#7001,.T.);
#9925=ORIENTED_EDGE('',*,*,#6969,.T.);
#9926=ORIENTED_EDGE('',*,*,#6976,.F.);
#9927=ORIENTED_EDGE('',*,*,#6974,.F.);
#9928=ORIENTED_EDGE('',*,*,#7002,.T.);
#9929=ORIENTED_EDGE('',*,*,#6970,.T.);
#9930=ORIENTED_EDGE('',*,*,#7002,.F.);
#9931=ORIENTED_EDGE('',*,*,#6973,.F.);
#9932=ORIENTED_EDGE('',*,*,#6997,.T.);
#9933=CYLINDRICAL_SURFACE('',#11172,1.25);
#9934=CYLINDRICAL_SURFACE('',#11175,0.5);
#9935=CYLINDRICAL_SURFACE('',#11178,0.5);
#9936=CYLINDRICAL_SURFACE('',#11181,0.5);
#9937=CYLINDRICAL_SURFACE('',#11184,0.5);
#9938=CYLINDRICAL_SURFACE('',#11187,0.249999999999999);
#9939=CYLINDRICAL_SURFACE('',#11190,0.25);
#9940=CYLINDRICAL_SURFACE('',#11193,0.25);
#9941=CYLINDRICAL_SURFACE('',#11196,0.25);
#9942=CYLINDRICAL_SURFACE('',#11199,0.196999999999998);
#9943=CYLINDRICAL_SURFACE('',#11202,0.197000000000001);
#9944=CYLINDRICAL_SURFACE('',#11205,0.249999999999999);
#9945=CYLINDRICAL_SURFACE('',#11208,0.25);
#9946=CYLINDRICAL_SURFACE('',#11211,0.249999999999999);
#9947=CYLINDRICAL_SURFACE('',#11214,0.249999999999999);
#9948=CYLINDRICAL_SURFACE('',#11217,0.25);
#9949=CYLINDRICAL_SURFACE('',#11220,0.249999999999999);
#9950=CYLINDRICAL_SURFACE('',#11223,0.249999999999999);
#9951=CYLINDRICAL_SURFACE('',#11226,0.250000000000001);
#9952=CYLINDRICAL_SURFACE('',#11229,0.241500000000001);
#9953=CYLINDRICAL_SURFACE('',#11232,0.196999999999998);
#9954=CYLINDRICAL_SURFACE('',#11235,0.249999999999999);
#9955=CYLINDRICAL_SURFACE('',#11238,0.249999999999999);
#9956=CYLINDRICAL_SURFACE('',#11241,0.197000000000001);
#9957=CYLINDRICAL_SURFACE('',#11244,0.25);
#9958=CYLINDRICAL_SURFACE('',#11247,0.5);
#9959=CYLINDRICAL_SURFACE('',#11250,0.5);
#9960=CYLINDRICAL_SURFACE('',#11253,0.5);
#9961=CYLINDRICAL_SURFACE('',#11256,0.499999999999998);
#9962=CYLINDRICAL_SURFACE('',#11259,1.25);
#9963=CYLINDRICAL_SURFACE('',#11263,2.54);
#9964=CYLINDRICAL_SURFACE('',#11267,2.54);
#9965=CYLINDRICAL_SURFACE('',#11271,2.54);
#9966=CYLINDRICAL_SURFACE('',#11275,2.54);
#9967=CYLINDRICAL_SURFACE('',#11282,0.2);
#9968=CYLINDRICAL_SURFACE('',#11286,0.05);
#9969=CYLINDRICAL_SURFACE('',#11292,0.2);
#9970=CYLINDRICAL_SURFACE('',#11296,0.05);
#9971=CYLINDRICAL_SURFACE('',#11305,0.2);
#9972=CYLINDRICAL_SURFACE('',#11309,0.05);
#9973=CYLINDRICAL_SURFACE('',#11315,0.2);
#9974=CYLINDRICAL_SURFACE('',#11319,0.05);
#9975=CYLINDRICAL_SURFACE('',#11349,0.2);
#9976=CYLINDRICAL_SURFACE('',#11353,0.1);
#9977=CYLINDRICAL_SURFACE('',#11358,0.2);
#9978=CYLINDRICAL_SURFACE('',#11362,0.1);
#9979=CYLINDRICAL_SURFACE('',#11368,0.1);
#9980=CYLINDRICAL_SURFACE('',#11372,0.2);
#9981=CYLINDRICAL_SURFACE('',#11377,0.1);
#9982=CYLINDRICAL_SURFACE('',#11381,0.2);
#9983=CYLINDRICAL_SURFACE('',#11391,0.2);
#9984=CYLINDRICAL_SURFACE('',#11395,0.1);
#9985=CYLINDRICAL_SURFACE('',#11400,0.2);
#9986=CYLINDRICAL_SURFACE('',#11404,0.1);
#9987=CYLINDRICAL_SURFACE('',#11412,0.2);
#9988=CYLINDRICAL_SURFACE('',#11416,0.1);
#9989=CYLINDRICAL_SURFACE('',#11421,0.2);
#9990=CYLINDRICAL_SURFACE('',#11425,0.1);
#9991=CYLINDRICAL_SURFACE('',#11431,0.1);
#9992=CYLINDRICAL_SURFACE('',#11435,0.2);
#9993=CYLINDRICAL_SURFACE('',#11440,0.1);
#9994=CYLINDRICAL_SURFACE('',#11444,0.2);
#9995=CYLINDRICAL_SURFACE('',#11522,0.27);
#9996=CYLINDRICAL_SURFACE('',#11525,0.05);
#9997=CYLINDRICAL_SURFACE('',#11529,0.27);
#9998=CYLINDRICAL_SURFACE('',#11532,0.05);
#9999=CYLINDRICAL_SURFACE('',#11551,0.27);
#10000=CYLINDRICAL_SURFACE('',#11555,0.05);
#10001=CYLINDRICAL_SURFACE('',#11560,0.27);
#10002=CYLINDRICAL_SURFACE('',#11564,0.05);
#10003=CYLINDRICAL_SURFACE('',#11578,0.05);
#10004=CYLINDRICAL_SURFACE('',#11582,0.27);
#10005=CYLINDRICAL_SURFACE('',#11587,0.05);
#10006=CYLINDRICAL_SURFACE('',#11591,0.27);
#10007=CYLINDRICAL_SURFACE('',#11599,0.05);
#10008=CYLINDRICAL_SURFACE('',#11603,0.27);
#10009=CYLINDRICAL_SURFACE('',#11608,0.05);
#10010=CYLINDRICAL_SURFACE('',#11612,0.27);
#10011=CYLINDRICAL_SURFACE('',#11622,0.27);
#10012=CYLINDRICAL_SURFACE('',#11626,0.05);
#10013=CYLINDRICAL_SURFACE('',#11631,0.27);
#10014=CYLINDRICAL_SURFACE('',#11635,0.05);
#10015=CYLINDRICAL_SURFACE('',#11643,0.27);
#10016=CYLINDRICAL_SURFACE('',#11647,0.05);
#10017=CYLINDRICAL_SURFACE('',#11652,0.27);
#10018=CYLINDRICAL_SURFACE('',#11656,0.05);
#10019=CYLINDRICAL_SURFACE('',#11671,0.177800000000001);
#10020=CYLINDRICAL_SURFACE('',#11690,0.177800000000001);
#10021=CYLINDRICAL_SURFACE('',#11731,0.0762000000000016);
#10022=CYLINDRICAL_SURFACE('',#11735,0.0761999999999967);
#10023=CYLINDRICAL_SURFACE('',#11792,0.1);
#10024=CYLINDRICAL_SURFACE('',#11796,1.1);
#10025=CYLINDRICAL_SURFACE('',#11799,1.525);
#10026=CYLINDRICAL_SURFACE('',#11804,1.275);
#10027=CYLINDRICAL_SURFACE('',#11808,1.5);
#10028=STYLED_ITEM('',(#17992),#10473);
#10029=STYLED_ITEM('',(#17992),#10474);
#10030=STYLED_ITEM('',(#17992),#10475);
#10031=STYLED_ITEM('',(#17992),#10476);
#10032=STYLED_ITEM('',(#17992),#10477);
#10033=STYLED_ITEM('',(#17992),#10478);
#10034=STYLED_ITEM('',(#17992),#10479);
#10035=STYLED_ITEM('',(#17992),#10480);
#10036=STYLED_ITEM('',(#17992),#10481);
#10037=STYLED_ITEM('',(#17992),#10482);
#10038=STYLED_ITEM('',(#17992),#10483);
#10039=STYLED_ITEM('',(#17992),#10484);
#10040=STYLED_ITEM('',(#17992),#10485);
#10041=STYLED_ITEM('',(#17992),#10486);
#10042=STYLED_ITEM('',(#17992),#10487);
#10043=STYLED_ITEM('',(#17992),#10488);
#10044=STYLED_ITEM('',(#17992),#10489);
#10045=STYLED_ITEM('',(#17992),#10490);
#10046=STYLED_ITEM('',(#17992),#10491);
#10047=STYLED_ITEM('',(#17992),#10492);
#10048=STYLED_ITEM('',(#17992),#10493);
#10049=STYLED_ITEM('',(#17992),#10494);
#10050=STYLED_ITEM('',(#17992),#10495);
#10051=STYLED_ITEM('',(#17992),#10496);
#10052=STYLED_ITEM('',(#17992),#10497);
#10053=STYLED_ITEM('',(#17992),#10498);
#10054=STYLED_ITEM('',(#17992),#10499);
#10055=STYLED_ITEM('',(#17992),#10500);
#10056=STYLED_ITEM('',(#17992),#10501);
#10057=STYLED_ITEM('',(#17992),#10502);
#10058=STYLED_ITEM('',(#17991),#103);
#10059=STYLED_ITEM('',(#17994),#10513);
#10060=STYLED_ITEM('',(#17994),#10514);
#10061=STYLED_ITEM('',(#17994),#10515);
#10062=STYLED_ITEM('',(#17994),#10516);
#10063=STYLED_ITEM('',(#17994),#10517);
#10064=STYLED_ITEM('',(#17994),#10518);
#10065=STYLED_ITEM('',(#17994),#10519);
#10066=STYLED_ITEM('',(#17994),#10520);
#10067=STYLED_ITEM('',(#17994),#10521);
#10068=STYLED_ITEM('',(#17994),#10522);
#10069=STYLED_ITEM('',(#17994),#10523);
#10070=STYLED_ITEM('',(#17994),#10524);
#10071=STYLED_ITEM('',(#17994),#10525);
#10072=STYLED_ITEM('',(#17995),#10526);
#10073=STYLED_ITEM('',(#17995),#10527);
#10074=STYLED_ITEM('',(#17994),#10528);
#10075=STYLED_ITEM('',(#17994),#10529);
#10076=STYLED_ITEM('',(#17994),#10530);
#10077=STYLED_ITEM('',(#17994),#10531);
#10078=STYLED_ITEM('',(#17994),#10532);
#10079=STYLED_ITEM('',(#17994),#10533);
#10080=STYLED_ITEM('',(#17994),#10534);
#10081=STYLED_ITEM('',(#17994),#10535);
#10082=STYLED_ITEM('',(#17994),#10536);
#10083=STYLED_ITEM('',(#17994),#10537);
#10084=STYLED_ITEM('',(#17994),#10538);
#10085=STYLED_ITEM('',(#17994),#10539);
#10086=STYLED_ITEM('',(#17994),#10540);
#10087=STYLED_ITEM('',(#17995),#10541);
#10088=STYLED_ITEM('',(#17995),#10542);
#10089=STYLED_ITEM('',(#17995),#10543);
#10090=STYLED_ITEM('',(#17995),#10544);
#10091=STYLED_ITEM('',(#17995),#10545);
#10092=STYLED_ITEM('',(#17995),#10546);
#10093=STYLED_ITEM('',(#17995),#10547);
#10094=STYLED_ITEM('',(#17995),#10548);
#10095=STYLED_ITEM('',(#17995),#10549);
#10096=STYLED_ITEM('',(#17995),#10550);
#10097=STYLED_ITEM('',(#17993),#104);
#10098=STYLED_ITEM('',(#17996),#10551);
#10099=STYLED_ITEM('',(#17996),#10552);
#10100=STYLED_ITEM('',(#17996),#10553);
#10101=STYLED_ITEM('',(#17996),#10554);
#10102=STYLED_ITEM('',(#17996),#10555);
#10103=STYLED_ITEM('',(#17996),#10556);
#10104=STYLED_ITEM('',(#17996),#10557);
#10105=STYLED_ITEM('',(#17996),#10558);
#10106=STYLED_ITEM('',(#17996),#10559);
#10107=STYLED_ITEM('',(#17996),#10560);
#10108=STYLED_ITEM('',(#17997),#10561);
#10109=STYLED_ITEM('',(#17997),#10562);
#10110=STYLED_ITEM('',(#17997),#10563);
#10111=STYLED_ITEM('',(#17997),#10564);
#10112=STYLED_ITEM('',(#17997),#10565);
#10113=STYLED_ITEM('',(#17997),#10566);
#10114=STYLED_ITEM('',(#17997),#10567);
#10115=STYLED_ITEM('',(#17997),#10568);
#10116=STYLED_ITEM('',(#17997),#10569);
#10117=STYLED_ITEM('',(#17997),#10570);
#10118=STYLED_ITEM('',(#17997),#10571);
#10119=STYLED_ITEM('',(#17997),#10572);
#10120=STYLED_ITEM('',(#17997),#10573);
#10121=STYLED_ITEM('',(#17997),#10574);
#10122=STYLED_ITEM('',(#17997),#10575);
#10123=STYLED_ITEM('',(#17997),#10576);
#10124=STYLED_ITEM('',(#17997),#10577);
#10125=STYLED_ITEM('',(#17997),#10578);
#10126=STYLED_ITEM('',(#17997),#10579);
#10127=STYLED_ITEM('',(#17997),#10580);
#10128=STYLED_ITEM('',(#17997),#10581);
#10129=STYLED_ITEM('',(#17997),#10582);
#10130=STYLED_ITEM('',(#17997),#10583);
#10131=STYLED_ITEM('',(#17997),#10584);
#10132=STYLED_ITEM('',(#17997),#10585);
#10133=STYLED_ITEM('',(#17997),#10586);
#10134=STYLED_ITEM('',(#17997),#10587);
#10135=STYLED_ITEM('',(#17997),#10588);
#10136=STYLED_ITEM('',(#17997),#10589);
#10137=STYLED_ITEM('',(#17997),#10590);
#10138=STYLED_ITEM('',(#17997),#10591);
#10139=STYLED_ITEM('',(#17997),#10592);
#10140=STYLED_ITEM('',(#17997),#10593);
#10141=STYLED_ITEM('',(#17997),#10594);
#10142=STYLED_ITEM('',(#17997),#10595);
#10143=STYLED_ITEM('',(#17997),#10596);
#10144=STYLED_ITEM('',(#17997),#10597);
#10145=STYLED_ITEM('',(#17997),#10598);
#10146=STYLED_ITEM('',(#17997),#10599);
#10147=STYLED_ITEM('',(#17997),#10600);
#10148=STYLED_ITEM('',(#17997),#10601);
#10149=STYLED_ITEM('',(#17997),#10602);
#10150=STYLED_ITEM('',(#17997),#10603);
#10151=STYLED_ITEM('',(#17997),#10604);
#10152=STYLED_ITEM('',(#17997),#10605);
#10153=STYLED_ITEM('',(#17997),#10606);
#10154=STYLED_ITEM('',(#17997),#10607);
#10155=STYLED_ITEM('',(#17997),#10608);
#10156=STYLED_ITEM('',(#17997),#10609);
#10157=STYLED_ITEM('',(#17997),#10610);
#10158=STYLED_ITEM('',(#17997),#10611);
#10159=STYLED_ITEM('',(#17997),#10612);
#10160=STYLED_ITEM('',(#17997),#10613);
#10161=STYLED_ITEM('',(#17997),#10614);
#10162=STYLED_ITEM('',(#17997),#10615);
#10163=STYLED_ITEM('',(#17997),#10616);
#10164=STYLED_ITEM('',(#17997),#10617);
#10165=STYLED_ITEM('',(#17997),#10618);
#10166=STYLED_ITEM('',(#17997),#10619);
#10167=STYLED_ITEM('',(#17997),#10620);
#10168=STYLED_ITEM('',(#17997),#10621);
#10169=STYLED_ITEM('',(#17997),#10622);
#10170=STYLED_ITEM('',(#17997),#10623);
#10171=STYLED_ITEM('',(#17997),#10624);
#10172=STYLED_ITEM('',(#17997),#10625);
#10173=STYLED_ITEM('',(#17993),#105);
#10174=STYLED_ITEM('',(#17994),#10626);
#10175=STYLED_ITEM('',(#17994),#10627);
#10176=STYLED_ITEM('',(#17994),#10628);
#10177=STYLED_ITEM('',(#17994),#10629);
#10178=STYLED_ITEM('',(#17994),#10630);
#10179=STYLED_ITEM('',(#17994),#10631);
#10180=STYLED_ITEM('',(#17995),#10632);
#10181=STYLED_ITEM('',(#17995),#10633);
#10182=STYLED_ITEM('',(#17994),#10634);
#10183=STYLED_ITEM('',(#17994),#10635);
#10184=STYLED_ITEM('',(#17994),#10636);
#10185=STYLED_ITEM('',(#17994),#10637);
#10186=STYLED_ITEM('',(#17994),#10638);
#10187=STYLED_ITEM('',(#17994),#10639);
#10188=STYLED_ITEM('',(#17995),#10640);
#10189=STYLED_ITEM('',(#17994),#10641);
#10190=STYLED_ITEM('',(#17994),#10642);
#10191=STYLED_ITEM('',(#17994),#10643);
#10192=STYLED_ITEM('',(#17994),#10644);
#10193=STYLED_ITEM('',(#17994),#10645);
#10194=STYLED_ITEM('',(#17994),#10646);
#10195=STYLED_ITEM('',(#17995),#10647);
#10196=STYLED_ITEM('',(#17994),#10648);
#10197=STYLED_ITEM('',(#17994),#10649);
#10198=STYLED_ITEM('',(#17994),#10650);
#10199=STYLED_ITEM('',(#17994),#10651);
#10200=STYLED_ITEM('',(#17994),#10652);
#10201=STYLED_ITEM('',(#17994),#10653);
#10202=STYLED_ITEM('',(#17995),#10654);
#10203=STYLED_ITEM('',(#17995),#10655);
#10204=STYLED_ITEM('',(#17994),#10656);
#10205=STYLED_ITEM('',(#17994),#10657);
#10206=STYLED_ITEM('',(#17994),#10658);
#10207=STYLED_ITEM('',(#17994),#10659);
#10208=STYLED_ITEM('',(#17994),#10660);
#10209=STYLED_ITEM('',(#17994),#10661);
#10210=STYLED_ITEM('',(#17994),#10662);
#10211=STYLED_ITEM('',(#17995),#10663);
#10212=STYLED_ITEM('',(#17994),#10664);
#10213=STYLED_ITEM('',(#17994),#10665);
#10214=STYLED_ITEM('',(#17994),#10666);
#10215=STYLED_ITEM('',(#17994),#10667);
#10216=STYLED_ITEM('',(#17994),#10668);
#10217=STYLED_ITEM('',(#17994),#10669);
#10218=STYLED_ITEM('',(#17994),#10670);
#10219=STYLED_ITEM('',(#17994),#10671);
#10220=STYLED_ITEM('',(#17994),#10672);
#10221=STYLED_ITEM('',(#17994),#10673);
#10222=STYLED_ITEM('',(#17994),#10674);
#10223=STYLED_ITEM('',(#17994),#10675);
#10224=STYLED_ITEM('',(#17994),#10676);
#10225=STYLED_ITEM('',(#17994),#10677);
#10226=STYLED_ITEM('',(#17995),#10678);
#10227=STYLED_ITEM('',(#17995),#10679);
#10228=STYLED_ITEM('',(#17994),#10680);
#10229=STYLED_ITEM('',(#17994),#10681);
#10230=STYLED_ITEM('',(#17994),#10682);
#10231=STYLED_ITEM('',(#17994),#10683);
#10232=STYLED_ITEM('',(#17994),#10684);
#10233=STYLED_ITEM('',(#17994),#10685);
#10234=STYLED_ITEM('',(#17994),#10686);
#10235=STYLED_ITEM('',(#17995),#10687);
#10236=STYLED_ITEM('',(#17993),#106);
#10237=STYLED_ITEM('',(#17997),#10688);
#10238=STYLED_ITEM('',(#17997),#10689);
#10239=STYLED_ITEM('',(#17997),#10690);
#10240=STYLED_ITEM('',(#17997),#10691);
#10241=STYLED_ITEM('',(#17997),#10692);
#10242=STYLED_ITEM('',(#17997),#10693);
#10243=STYLED_ITEM('',(#17997),#10694);
#10244=STYLED_ITEM('',(#17997),#10695);
#10245=STYLED_ITEM('',(#17997),#10696);
#10246=STYLED_ITEM('',(#17997),#10697);
#10247=STYLED_ITEM('',(#17997),#10698);
#10248=STYLED_ITEM('',(#17997),#10699);
#10249=STYLED_ITEM('',(#17997),#10700);
#10250=STYLED_ITEM('',(#17996),#10701);
#10251=STYLED_ITEM('',(#17996),#10702);
#10252=STYLED_ITEM('',(#17996),#10703);
#10253=STYLED_ITEM('',(#17996),#10704);
#10254=STYLED_ITEM('',(#17996),#10705);
#10255=STYLED_ITEM('',(#17996),#10706);
#10256=STYLED_ITEM('',(#17996),#10707);
#10257=STYLED_ITEM('',(#17996),#10708);
#10258=STYLED_ITEM('',(#17996),#10709);
#10259=STYLED_ITEM('',(#17996),#10710);
#10260=STYLED_ITEM('',(#17996),#10711);
#10261=STYLED_ITEM('',(#17996),#10712);
#10262=STYLED_ITEM('',(#17997),#10713);
#10263=STYLED_ITEM('',(#17997),#10714);
#10264=STYLED_ITEM('',(#17997),#10715);
#10265=STYLED_ITEM('',(#17997),#10716);
#10266=STYLED_ITEM('',(#17997),#10717);
#10267=STYLED_ITEM('',(#17997),#10718);
#10268=STYLED_ITEM('',(#17997),#10719);
#10269=STYLED_ITEM('',(#17997),#10720);
#10270=STYLED_ITEM('',(#17997),#10721);
#10271=STYLED_ITEM('',(#17997),#10722);
#10272=STYLED_ITEM('',(#17997),#10723);
#10273=STYLED_ITEM('',(#17997),#10724);
#10274=STYLED_ITEM('',(#17997),#10725);
#10275=STYLED_ITEM('',(#17996),#10726);
#10276=STYLED_ITEM('',(#17996),#10727);
#10277=STYLED_ITEM('',(#17996),#10728);
#10278=STYLED_ITEM('',(#17996),#10729);
#10279=STYLED_ITEM('',(#17996),#10730);
#10280=STYLED_ITEM('',(#17996),#10731);
#10281=STYLED_ITEM('',(#17996),#10732);
#10282=STYLED_ITEM('',(#17996),#10733);
#10283=STYLED_ITEM('',(#17997),#10734);
#10284=STYLED_ITEM('',(#17997),#10735);
#10285=STYLED_ITEM('',(#17997),#10736);
#10286=STYLED_ITEM('',(#17997),#10737);
#10287=STYLED_ITEM('',(#17997),#10738);
#10288=STYLED_ITEM('',(#17997),#10739);
#10289=STYLED_ITEM('',(#17997),#10740);
#10290=STYLED_ITEM('',(#17997),#10741);
#10291=STYLED_ITEM('',(#17997),#10742);
#10292=STYLED_ITEM('',(#17997),#10743);
#10293=STYLED_ITEM('',(#17997),#10744);
#10294=STYLED_ITEM('',(#17997),#10745);
#10295=STYLED_ITEM('',(#17997),#10746);
#10296=STYLED_ITEM('',(#17997),#10747);
#10297=STYLED_ITEM('',(#17997),#10748);
#10298=STYLED_ITEM('',(#17997),#10749);
#10299=STYLED_ITEM('',(#17997),#10750);
#10300=STYLED_ITEM('',(#17997),#10751);
#10301=STYLED_ITEM('',(#17997),#10752);
#10302=STYLED_ITEM('',(#17997),#10753);
#10303=STYLED_ITEM('',(#17997),#10754);
#10304=STYLED_ITEM('',(#17997),#10755);
#10305=STYLED_ITEM('',(#17997),#10756);
#10306=STYLED_ITEM('',(#17997),#10757);
#10307=STYLED_ITEM('',(#17997),#10758);
#10308=STYLED_ITEM('',(#17997),#10759);
#10309=STYLED_ITEM('',(#17997),#10760);
#10310=STYLED_ITEM('',(#17997),#10761);
#10311=STYLED_ITEM('',(#17997),#10762);
#10312=STYLED_ITEM('',(#17997),#10763);
#10313=STYLED_ITEM('',(#17997),#10764);
#10314=STYLED_ITEM('',(#17997),#10765);
#10315=STYLED_ITEM('',(#17997),#10766);
#10316=STYLED_ITEM('',(#17997),#10767);
#10317=STYLED_ITEM('',(#17997),#10768);
#10318=STYLED_ITEM('',(#17997),#10769);
#10319=STYLED_ITEM('',(#17997),#10770);
#10320=STYLED_ITEM('',(#17997),#10771);
#10321=STYLED_ITEM('',(#17997),#10772);
#10322=STYLED_ITEM('',(#17997),#10773);
#10323=STYLED_ITEM('',(#17997),#10774);
#10324=STYLED_ITEM('',(#17997),#10775);
#10325=STYLED_ITEM('',(#17997),#10776);
#10326=STYLED_ITEM('',(#17997),#10777);
#10327=STYLED_ITEM('',(#17997),#10778);
#10328=STYLED_ITEM('',(#17997),#10779);
#10329=STYLED_ITEM('',(#17997),#10780);
#10330=STYLED_ITEM('',(#17997),#10781);
#10331=STYLED_ITEM('',(#17997),#10782);
#10332=STYLED_ITEM('',(#17997),#10783);
#10333=STYLED_ITEM('',(#17997),#10784);
#10334=STYLED_ITEM('',(#17997),#10785);
#10335=STYLED_ITEM('',(#17994),#107);
#10336=STYLED_ITEM('',(#17998),#108);
#10337=STYLED_ITEM('',(#17999),#109);
#10338=STYLED_ITEM('',(#17999),#110);
#10339=STYLED_ITEM('',(#18000),#111);
#10340=STYLED_ITEM('',(#18001),#112);
#10341=STYLED_ITEM('',(#18002),#10849);
#10342=STYLED_ITEM('',(#18002),#10850);
#10343=STYLED_ITEM('',(#18002),#10851);
#10344=STYLED_ITEM('',(#18002),#10852);
#10345=STYLED_ITEM('',(#18002),#10853);
#10346=STYLED_ITEM('',(#18002),#10854);
#10347=STYLED_ITEM('',(#17993),#113);
#10348=STYLED_ITEM('',(#18002),#10855);
#10349=STYLED_ITEM('',(#18002),#10856);
#10350=STYLED_ITEM('',(#18002),#10857);
#10351=STYLED_ITEM('',(#18002),#10858);
#10352=STYLED_ITEM('',(#18002),#10859);
#10353=STYLED_ITEM('',(#18002),#10860);
#10354=STYLED_ITEM('',(#17993),#114);
#10355=STYLED_ITEM('',(#18002),#10861);
#10356=STYLED_ITEM('',(#18002),#10862);
#10357=STYLED_ITEM('',(#18002),#10863);
#10358=STYLED_ITEM('',(#18002),#10864);
#10359=STYLED_ITEM('',(#18002),#10865);
#10360=STYLED_ITEM('',(#18002),#10866);
#10361=STYLED_ITEM('',(#17993),#115);
#10362=STYLED_ITEM('',(#18002),#10867);
#10363=STYLED_ITEM('',(#18002),#10868);
#10364=STYLED_ITEM('',(#18002),#10869);
#10365=STYLED_ITEM('',(#18002),#10870);
#10366=STYLED_ITEM('',(#18002),#10871);
#10367=STYLED_ITEM('',(#18002),#10872);
#10368=STYLED_ITEM('',(#17993),#116);
#10369=STYLED_ITEM('',(#18002),#10873);
#10370=STYLED_ITEM('',(#18002),#10874);
#10371=STYLED_ITEM('',(#18002),#10875);
#10372=STYLED_ITEM('',(#18002),#10876);
#10373=STYLED_ITEM('',(#18002),#10877);
#10374=STYLED_ITEM('',(#18002),#10878);
#10375=STYLED_ITEM('',(#17993),#117);
#10376=STYLED_ITEM('',(#18002),#10879);
#10377=STYLED_ITEM('',(#18002),#10880);
#10378=STYLED_ITEM('',(#18002),#10881);
#10379=STYLED_ITEM('',(#18002),#10882);
#10380=STYLED_ITEM('',(#18002),#10883);
#10381=STYLED_ITEM('',(#18002),#10884);
#10382=STYLED_ITEM('',(#17993),#118);
#10383=STYLED_ITEM('',(#18002),#10885);
#10384=STYLED_ITEM('',(#18002),#10886);
#10385=STYLED_ITEM('',(#18002),#10887);
#10386=STYLED_ITEM('',(#18002),#10888);
#10387=STYLED_ITEM('',(#18002),#10889);
#10388=STYLED_ITEM('',(#18002),#10890);
#10389=STYLED_ITEM('',(#17993),#119);
#10390=STYLED_ITEM('',(#18002),#10891);
#10391=STYLED_ITEM('',(#18002),#10892);
#10392=STYLED_ITEM('',(#18002),#10893);
#10393=STYLED_ITEM('',(#18002),#10894);
#10394=STYLED_ITEM('',(#18002),#10895);
#10395=STYLED_ITEM('',(#18002),#10896);
#10396=STYLED_ITEM('',(#17993),#120);
#10397=STYLED_ITEM('',(#18003),#10897);
#10398=STYLED_ITEM('',(#18003),#10898);
#10399=STYLED_ITEM('',(#18003),#10899);
#10400=STYLED_ITEM('',(#18003),#10900);
#10401=STYLED_ITEM('',(#18003),#10901);
#10402=STYLED_ITEM('',(#18003),#10902);
#10403=STYLED_ITEM('',(#17993),#121);
#10404=STYLED_ITEM('',(#17993),#122);
#10405=STYLED_ITEM('',(#17997),#10919);
#10406=STYLED_ITEM('',(#17997),#10920);
#10407=STYLED_ITEM('',(#17997),#10921);
#10408=STYLED_ITEM('',(#17997),#10922);
#10409=STYLED_ITEM('',(#17997),#10923);
#10410=STYLED_ITEM('',(#17997),#10924);
#10411=STYLED_ITEM('',(#17997),#10925);
#10412=STYLED_ITEM('',(#17997),#10926);
#10413=STYLED_ITEM('',(#17997),#10927);
#10414=STYLED_ITEM('',(#17996),#10928);
#10415=STYLED_ITEM('',(#17996),#10929);
#10416=STYLED_ITEM('',(#17996),#10930);
#10417=STYLED_ITEM('',(#17996),#10931);
#10418=STYLED_ITEM('',(#17996),#10932);
#10419=STYLED_ITEM('',(#17993),#123);
#10420=STYLED_ITEM('',(#17997),#10933);
#10421=STYLED_ITEM('',(#17997),#10934);
#10422=STYLED_ITEM('',(#17997),#10935);
#10423=STYLED_ITEM('',(#17997),#10936);
#10424=STYLED_ITEM('',(#17997),#10937);
#10425=STYLED_ITEM('',(#17997),#10938);
#10426=STYLED_ITEM('',(#17997),#10939);
#10427=STYLED_ITEM('',(#17997),#10940);
#10428=STYLED_ITEM('',(#17997),#10941);
#10429=STYLED_ITEM('',(#18004),#10942);
#10430=STYLED_ITEM('',(#18004),#10943);
#10431=STYLED_ITEM('',(#18004),#10944);
#10432=STYLED_ITEM('',(#18004),#10945);
#10433=STYLED_ITEM('',(#18004),#10946);
#10434=STYLED_ITEM('',(#17993),#124);
#10435=STYLED_ITEM('',(#18005),#10949);
#10436=STYLED_ITEM('',(#18005),#10953);
#10437=STYLED_ITEM('',(#18005),#10955);
#10438=STYLED_ITEM('',(#18005),#10958);
#10439=STYLED_ITEM('',(#18005),#10964);
#10440=STYLED_ITEM('',(#18005),#10969);
#10441=STYLED_ITEM('',(#18005),#10971);
#10442=STYLED_ITEM('',(#18005),#10972);
#10443=STYLED_ITEM('',(#18005),#10973);
#10444=STYLED_ITEM('',(#18005),#10976);
#10445=STYLED_ITEM('',(#18005),#10977);
#10446=STYLED_ITEM('',(#18005),#10978);
#10447=STYLED_ITEM('',(#18005),#10980);
#10448=STYLED_ITEM('',(#18005),#10982);
#10449=STYLED_ITEM('',(#18005),#10983);
#10450=STYLED_ITEM('',(#18005),#10984);
#10451=STYLED_ITEM('',(#18005),#10987);
#10452=STYLED_ITEM('',(#18005),#10989);
#10453=STYLED_ITEM('',(#18005),#10990);
#10454=STYLED_ITEM('',(#18005),#10991);
#10455=STYLED_ITEM('',(#18005),#10995);
#10456=STYLED_ITEM('',(#18005),#10996);
#10457=STYLED_ITEM('',(#18005),#10997);
#10458=STYLED_ITEM('',(#18005),#10998);
#10459=STYLED_ITEM('',(#18005),#10999);
#10460=STYLED_ITEM('',(#18005),#11000);
#10461=STYLED_ITEM('',(#18005),#11001);
#10462=STYLED_ITEM('',(#18005),#11002);
#10463=STYLED_ITEM('',(#18005),#11005);
#10464=STYLED_ITEM('',(#18005),#11016);
#10465=STYLED_ITEM('',(#18005),#11017);
#10466=STYLED_ITEM('',(#18005),#11018);
#10467=STYLED_ITEM('',(#18005),#11019);
#10468=STYLED_ITEM('',(#18005),#11020);
#10469=STYLED_ITEM('',(#18005),#11021);
#10470=STYLED_ITEM('',(#18005),#11022);
#10471=STYLED_ITEM('',(#18005),#11023);
#10472=STYLED_ITEM('',(#17993),#125);
#10473=ADVANCED_FACE('',(#660),#9933,.F.);
#10474=ADVANCED_FACE('',(#661),#9934,.F.);
#10475=ADVANCED_FACE('',(#662),#9935,.F.);
#10476=ADVANCED_FACE('',(#663),#9936,.F.);
#10477=ADVANCED_FACE('',(#664),#9937,.F.);
#10478=ADVANCED_FACE('',(#665),#9938,.F.);
#10479=ADVANCED_FACE('',(#666),#9939,.F.);
#10480=ADVANCED_FACE('',(#667),#9940,.F.);
#10481=ADVANCED_FACE('',(#668),#9941,.F.);
#10482=ADVANCED_FACE('',(#669),#9942,.F.);
#10483=ADVANCED_FACE('',(#670),#9943,.F.);
#10484=ADVANCED_FACE('',(#671),#9944,.F.);
#10485=ADVANCED_FACE('',(#672),#9945,.F.);
#10486=ADVANCED_FACE('',(#673),#9946,.F.);
#10487=ADVANCED_FACE('',(#674),#9947,.F.);
#10488=ADVANCED_FACE('',(#675),#9948,.F.);
#10489=ADVANCED_FACE('',(#676),#9949,.F.);
#10490=ADVANCED_FACE('',(#677),#9950,.F.);
#10491=ADVANCED_FACE('',(#678),#9951,.F.);
#10492=ADVANCED_FACE('',(#679),#9952,.F.);
#10493=ADVANCED_FACE('',(#680),#9953,.F.);
#10494=ADVANCED_FACE('',(#681),#9954,.F.);
#10495=ADVANCED_FACE('',(#682),#9955,.F.);
#10496=ADVANCED_FACE('',(#683),#9956,.F.);
#10497=ADVANCED_FACE('',(#684),#9957,.F.);
#10498=ADVANCED_FACE('',(#685),#9958,.F.);
#10499=ADVANCED_FACE('',(#686),#9959,.F.);
#10500=ADVANCED_FACE('',(#687),#9960,.F.);
#10501=ADVANCED_FACE('',(#688),#9961,.F.);
#10502=ADVANCED_FACE('',(#689),#9962,.F.);
#10503=ADVANCED_FACE('',(#690),#196,.T.);
#10504=ADVANCED_FACE('',(#691),#9963,.T.);
#10505=ADVANCED_FACE('',(#692),#197,.T.);
#10506=ADVANCED_FACE('',(#693),#9964,.T.);
#10507=ADVANCED_FACE('',(#694),#198,.T.);
#10508=ADVANCED_FACE('',(#695),#9965,.T.);
#10509=ADVANCED_FACE('',(#696),#199,.T.);
#10510=ADVANCED_FACE('',(#697),#9966,.T.);
#10511=ADVANCED_FACE('',(#698,#126,#127,#128,#129,#130,#131,#132,#133,#134,
#135,#136,#137,#138,#139,#140,#141,#142,#143,#144,#145,#146,#147,#148,#149,
#150,#151,#152,#153,#154,#155),#200,.T.);
#10512=ADVANCED_FACE('',(#699,#156,#157,#158,#159,#160,#161,#162,#163,#164,
#165,#166,#167,#168,#169,#170,#171,#172,#173,#174,#175,#176,#177,#178,#179,
#180,#181,#182,#183,#184,#185),#201,.F.);
#10513=ADVANCED_FACE('',(#700),#202,.T.);
#10514=ADVANCED_FACE('',(#701),#9967,.T.);
#10515=ADVANCED_FACE('',(#702),#203,.T.);
#10516=ADVANCED_FACE('',(#703),#9968,.F.);
#10517=ADVANCED_FACE('',(#704),#204,.T.);
#10518=ADVANCED_FACE('',(#705),#205,.T.);
#10519=ADVANCED_FACE('',(#706),#206,.T.);
#10520=ADVANCED_FACE('',(#707),#9969,.T.);
#10521=ADVANCED_FACE('',(#708),#207,.T.);
#10522=ADVANCED_FACE('',(#709),#9970,.F.);
#10523=ADVANCED_FACE('',(#710),#208,.T.);
#10524=ADVANCED_FACE('',(#711),#209,.T.);
#10525=ADVANCED_FACE('',(#712),#210,.F.);
#10526=ADVANCED_FACE('',(#713),#211,.F.);
#10527=ADVANCED_FACE('',(#714),#212,.F.);
#10528=ADVANCED_FACE('',(#715),#213,.T.);
#10529=ADVANCED_FACE('',(#716),#9971,.T.);
#10530=ADVANCED_FACE('',(#717),#214,.T.);
#10531=ADVANCED_FACE('',(#718),#9972,.F.);
#10532=ADVANCED_FACE('',(#719),#215,.T.);
#10533=ADVANCED_FACE('',(#720),#216,.T.);
#10534=ADVANCED_FACE('',(#721),#217,.T.);
#10535=ADVANCED_FACE('',(#722),#9973,.T.);
#10536=ADVANCED_FACE('',(#723),#218,.T.);
#10537=ADVANCED_FACE('',(#724),#9974,.F.);
#10538=ADVANCED_FACE('',(#725),#219,.T.);
#10539=ADVANCED_FACE('',(#726),#220,.T.);
#10540=ADVANCED_FACE('',(#727),#221,.F.);
#10541=ADVANCED_FACE('',(#728),#222,.F.);
#10542=ADVANCED_FACE('',(#729),#223,.F.);
#10543=ADVANCED_FACE('',(#730),#224,.T.);
#10544=ADVANCED_FACE('',(#731),#225,.T.);
#10545=ADVANCED_FACE('',(#732),#226,.F.);
#10546=ADVANCED_FACE('',(#733),#227,.T.);
#10547=ADVANCED_FACE('',(#734),#228,.T.);
#10548=ADVANCED_FACE('',(#735),#229,.F.);
#10549=ADVANCED_FACE('',(#736),#230,.F.);
#10550=ADVANCED_FACE('',(#737),#231,.T.);
#10551=ADVANCED_FACE('',(#738),#232,.T.);
#10552=ADVANCED_FACE('',(#739),#233,.T.);
#10553=ADVANCED_FACE('',(#740),#234,.F.);
#10554=ADVANCED_FACE('',(#741),#235,.T.);
#10555=ADVANCED_FACE('',(#742),#236,.F.);
#10556=ADVANCED_FACE('',(#743),#237,.F.);
#10557=ADVANCED_FACE('',(#744),#238,.F.);
#10558=ADVANCED_FACE('',(#745),#239,.F.);
#10559=ADVANCED_FACE('',(#746),#240,.T.);
#10560=ADVANCED_FACE('',(#747),#241,.T.);
#10561=ADVANCED_FACE('',(#748),#242,.F.);
#10562=ADVANCED_FACE('',(#749),#243,.T.);
#10563=ADVANCED_FACE('',(#750),#244,.T.);
#10564=ADVANCED_FACE('',(#751),#9975,.T.);
#10565=ADVANCED_FACE('',(#752),#245,.T.);
#10566=ADVANCED_FACE('',(#753),#9976,.F.);
#10567=ADVANCED_FACE('',(#754),#246,.T.);
#10568=ADVANCED_FACE('',(#755),#247,.F.);
#10569=ADVANCED_FACE('',(#756),#9977,.T.);
#10570=ADVANCED_FACE('',(#757),#248,.F.);
#10571=ADVANCED_FACE('',(#758),#9978,.F.);
#10572=ADVANCED_FACE('',(#759),#249,.F.);
#10573=ADVANCED_FACE('',(#760),#250,.T.);
#10574=ADVANCED_FACE('',(#761),#251,.T.);
#10575=ADVANCED_FACE('',(#762),#9979,.F.);
#10576=ADVANCED_FACE('',(#763),#252,.T.);
#10577=ADVANCED_FACE('',(#764),#9980,.T.);
#10578=ADVANCED_FACE('',(#765),#253,.T.);
#10579=ADVANCED_FACE('',(#766),#254,.F.);
#10580=ADVANCED_FACE('',(#767),#9981,.F.);
#10581=ADVANCED_FACE('',(#768),#255,.F.);
#10582=ADVANCED_FACE('',(#769),#9982,.T.);
#10583=ADVANCED_FACE('',(#770),#256,.F.);
#10584=ADVANCED_FACE('',(#771),#257,.F.);
#10585=ADVANCED_FACE('',(#772),#258,.F.);
#10586=ADVANCED_FACE('',(#773),#259,.T.);
#10587=ADVANCED_FACE('',(#774),#260,.F.);
#10588=ADVANCED_FACE('',(#775),#261,.T.);
#10589=ADVANCED_FACE('',(#776),#262,.T.);
#10590=ADVANCED_FACE('',(#777),#9983,.T.);
#10591=ADVANCED_FACE('',(#778),#263,.T.);
#10592=ADVANCED_FACE('',(#779),#9984,.F.);
#10593=ADVANCED_FACE('',(#780),#264,.T.);
#10594=ADVANCED_FACE('',(#781),#265,.F.);
#10595=ADVANCED_FACE('',(#782),#9985,.T.);
#10596=ADVANCED_FACE('',(#783),#266,.F.);
#10597=ADVANCED_FACE('',(#784),#9986,.F.);
#10598=ADVANCED_FACE('',(#785),#267,.F.);
#10599=ADVANCED_FACE('',(#786),#268,.T.);
#10600=ADVANCED_FACE('',(#787),#269,.F.);
#10601=ADVANCED_FACE('',(#788),#270,.T.);
#10602=ADVANCED_FACE('',(#789),#271,.T.);
#10603=ADVANCED_FACE('',(#790),#9987,.T.);
#10604=ADVANCED_FACE('',(#791),#272,.T.);
#10605=ADVANCED_FACE('',(#792),#9988,.F.);
#10606=ADVANCED_FACE('',(#793),#273,.T.);
#10607=ADVANCED_FACE('',(#794),#274,.F.);
#10608=ADVANCED_FACE('',(#795),#9989,.T.);
#10609=ADVANCED_FACE('',(#796),#275,.F.);
#10610=ADVANCED_FACE('',(#797),#9990,.F.);
#10611=ADVANCED_FACE('',(#798),#276,.F.);
#10612=ADVANCED_FACE('',(#799),#277,.T.);
#10613=ADVANCED_FACE('',(#800),#278,.T.);
#10614=ADVANCED_FACE('',(#801),#9991,.F.);
#10615=ADVANCED_FACE('',(#802),#279,.T.);
#10616=ADVANCED_FACE('',(#803),#9992,.T.);
#10617=ADVANCED_FACE('',(#804),#280,.T.);
#10618=ADVANCED_FACE('',(#805),#281,.F.);
#10619=ADVANCED_FACE('',(#806),#9993,.F.);
#10620=ADVANCED_FACE('',(#807),#282,.F.);
#10621=ADVANCED_FACE('',(#808),#9994,.T.);
#10622=ADVANCED_FACE('',(#809),#283,.F.);
#10623=ADVANCED_FACE('',(#810),#284,.F.);
#10624=ADVANCED_FACE('',(#811),#285,.F.);
#10625=ADVANCED_FACE('',(#812),#286,.T.);
#10626=ADVANCED_FACE('',(#813),#287,.F.);
#10627=ADVANCED_FACE('',(#814),#288,.T.);
#10628=ADVANCED_FACE('',(#815),#289,.F.);
#10629=ADVANCED_FACE('',(#816),#290,.F.);
#10630=ADVANCED_FACE('',(#817),#291,.F.);
#10631=ADVANCED_FACE('',(#818),#292,.F.);
#10632=ADVANCED_FACE('',(#819),#293,.F.);
#10633=ADVANCED_FACE('',(#820),#294,.F.);
#10634=ADVANCED_FACE('',(#821),#295,.F.);
#10635=ADVANCED_FACE('',(#822),#296,.T.);
#10636=ADVANCED_FACE('',(#823),#297,.F.);
#10637=ADVANCED_FACE('',(#824),#298,.F.);
#10638=ADVANCED_FACE('',(#825),#299,.F.);
#10639=ADVANCED_FACE('',(#826),#300,.F.);
#10640=ADVANCED_FACE('',(#827),#301,.F.);
#10641=ADVANCED_FACE('',(#828),#302,.F.);
#10642=ADVANCED_FACE('',(#829),#303,.T.);
#10643=ADVANCED_FACE('',(#830),#304,.F.);
#10644=ADVANCED_FACE('',(#831),#305,.F.);
#10645=ADVANCED_FACE('',(#832),#306,.F.);
#10646=ADVANCED_FACE('',(#833),#307,.F.);
#10647=ADVANCED_FACE('',(#834),#308,.F.);
#10648=ADVANCED_FACE('',(#835),#309,.F.);
#10649=ADVANCED_FACE('',(#836),#310,.T.);
#10650=ADVANCED_FACE('',(#837),#311,.F.);
#10651=ADVANCED_FACE('',(#838),#312,.F.);
#10652=ADVANCED_FACE('',(#839),#313,.F.);
#10653=ADVANCED_FACE('',(#840),#314,.F.);
#10654=ADVANCED_FACE('',(#841),#315,.T.);
#10655=ADVANCED_FACE('',(#842),#316,.F.);
#10656=ADVANCED_FACE('',(#843),#317,.F.);
#10657=ADVANCED_FACE('',(#844),#318,.F.);
#10658=ADVANCED_FACE('',(#845),#319,.F.);
#10659=ADVANCED_FACE('',(#846),#320,.T.);
#10660=ADVANCED_FACE('',(#847),#321,.F.);
#10661=ADVANCED_FACE('',(#848),#322,.F.);
#10662=ADVANCED_FACE('',(#849),#323,.F.);
#10663=ADVANCED_FACE('',(#850),#324,.F.);
#10664=ADVANCED_FACE('',(#851),#325,.F.);
#10665=ADVANCED_FACE('',(#852),#326,.F.);
#10666=ADVANCED_FACE('',(#853),#327,.T.);
#10667=ADVANCED_FACE('',(#854),#328,.F.);
#10668=ADVANCED_FACE('',(#855),#329,.F.);
#10669=ADVANCED_FACE('',(#856),#330,.F.);
#10670=ADVANCED_FACE('',(#857),#331,.F.);
#10671=ADVANCED_FACE('',(#858),#332,.F.);
#10672=ADVANCED_FACE('',(#859),#333,.F.);
#10673=ADVANCED_FACE('',(#860),#334,.F.);
#10674=ADVANCED_FACE('',(#861),#335,.T.);
#10675=ADVANCED_FACE('',(#862),#336,.F.);
#10676=ADVANCED_FACE('',(#863),#337,.F.);
#10677=ADVANCED_FACE('',(#864),#338,.F.);
#10678=ADVANCED_FACE('',(#865),#339,.F.);
#10679=ADVANCED_FACE('',(#866),#340,.F.);
#10680=ADVANCED_FACE('',(#867),#341,.F.);
#10681=ADVANCED_FACE('',(#868),#342,.F.);
#10682=ADVANCED_FACE('',(#869),#343,.F.);
#10683=ADVANCED_FACE('',(#870),#344,.T.);
#10684=ADVANCED_FACE('',(#871),#345,.F.);
#10685=ADVANCED_FACE('',(#872),#346,.F.);
#10686=ADVANCED_FACE('',(#873),#347,.F.);
#10687=ADVANCED_FACE('',(#874),#348,.F.);
#10688=ADVANCED_FACE('',(#875),#349,.F.);
#10689=ADVANCED_FACE('',(#876),#350,.T.);
#10690=ADVANCED_FACE('',(#877),#351,.T.);
#10691=ADVANCED_FACE('',(#878),#9995,.T.);
#10692=ADVANCED_FACE('',(#879),#352,.T.);
#10693=ADVANCED_FACE('',(#880),#9996,.F.);
#10694=ADVANCED_FACE('',(#881),#353,.T.);
#10695=ADVANCED_FACE('',(#882),#354,.T.);
#10696=ADVANCED_FACE('',(#883),#9997,.T.);
#10697=ADVANCED_FACE('',(#884),#355,.T.);
#10698=ADVANCED_FACE('',(#885),#9998,.F.);
#10699=ADVANCED_FACE('',(#886),#356,.T.);
#10700=ADVANCED_FACE('',(#887),#357,.T.);
#10701=ADVANCED_FACE('',(#888),#358,.F.);
#10702=ADVANCED_FACE('',(#889),#359,.F.);
#10703=ADVANCED_FACE('',(#890),#360,.F.);
#10704=ADVANCED_FACE('',(#891),#361,.F.);
#10705=ADVANCED_FACE('',(#892),#362,.F.);
#10706=ADVANCED_FACE('',(#893),#363,.F.);
#10707=ADVANCED_FACE('',(#894),#364,.F.);
#10708=ADVANCED_FACE('',(#895),#365,.F.);
#10709=ADVANCED_FACE('',(#896),#366,.F.);
#10710=ADVANCED_FACE('',(#897),#367,.F.);
#10711=ADVANCED_FACE('',(#898),#368,.F.);
#10712=ADVANCED_FACE('',(#899),#369,.T.);
#10713=ADVANCED_FACE('',(#900),#370,.F.);
#10714=ADVANCED_FACE('',(#901),#371,.T.);
#10715=ADVANCED_FACE('',(#902),#372,.T.);
#10716=ADVANCED_FACE('',(#903),#9999,.T.);
#10717=ADVANCED_FACE('',(#904),#373,.T.);
#10718=ADVANCED_FACE('',(#905),#10000,.F.);
#10719=ADVANCED_FACE('',(#906),#374,.T.);
#10720=ADVANCED_FACE('',(#907),#375,.F.);
#10721=ADVANCED_FACE('',(#908),#10001,.T.);
#10722=ADVANCED_FACE('',(#909),#376,.F.);
#10723=ADVANCED_FACE('',(#910),#10002,.F.);
#10724=ADVANCED_FACE('',(#911),#377,.F.);
#10725=ADVANCED_FACE('',(#912),#378,.T.);
#10726=ADVANCED_FACE('',(#913),#379,.F.);
#10727=ADVANCED_FACE('',(#914),#380,.F.);
#10728=ADVANCED_FACE('',(#915),#381,.F.);
#10729=ADVANCED_FACE('',(#916),#382,.F.);
#10730=ADVANCED_FACE('',(#917),#383,.F.);
#10731=ADVANCED_FACE('',(#918),#384,.F.);
#10732=ADVANCED_FACE('',(#919),#385,.F.);
#10733=ADVANCED_FACE('',(#920),#386,.F.);
#10734=ADVANCED_FACE('',(#921),#387,.T.);
#10735=ADVANCED_FACE('',(#922),#10003,.F.);
#10736=ADVANCED_FACE('',(#923),#388,.T.);
#10737=ADVANCED_FACE('',(#924),#10004,.T.);
#10738=ADVANCED_FACE('',(#925),#389,.T.);
#10739=ADVANCED_FACE('',(#926),#390,.F.);
#10740=ADVANCED_FACE('',(#927),#10005,.F.);
#10741=ADVANCED_FACE('',(#928),#391,.F.);
#10742=ADVANCED_FACE('',(#929),#10006,.T.);
#10743=ADVANCED_FACE('',(#930),#392,.F.);
#10744=ADVANCED_FACE('',(#931),#393,.F.);
#10745=ADVANCED_FACE('',(#932),#394,.F.);
#10746=ADVANCED_FACE('',(#933),#395,.T.);
#10747=ADVANCED_FACE('',(#934),#396,.T.);
#10748=ADVANCED_FACE('',(#935),#10007,.F.);
#10749=ADVANCED_FACE('',(#936),#397,.T.);
#10750=ADVANCED_FACE('',(#937),#10008,.T.);
#10751=ADVANCED_FACE('',(#938),#398,.T.);
#10752=ADVANCED_FACE('',(#939),#399,.F.);
#10753=ADVANCED_FACE('',(#940),#10009,.F.);
#10754=ADVANCED_FACE('',(#941),#400,.F.);
#10755=ADVANCED_FACE('',(#942),#10010,.T.);
#10756=ADVANCED_FACE('',(#943),#401,.F.);
#10757=ADVANCED_FACE('',(#944),#402,.F.);
#10758=ADVANCED_FACE('',(#945),#403,.F.);
#10759=ADVANCED_FACE('',(#946),#404,.T.);
#10760=ADVANCED_FACE('',(#947),#405,.F.);
#10761=ADVANCED_FACE('',(#948),#406,.T.);
#10762=ADVANCED_FACE('',(#949),#407,.T.);
#10763=ADVANCED_FACE('',(#950),#10011,.T.);
#10764=ADVANCED_FACE('',(#951),#408,.T.);
#10765=ADVANCED_FACE('',(#952),#10012,.F.);
#10766=ADVANCED_FACE('',(#953),#409,.T.);
#10767=ADVANCED_FACE('',(#954),#410,.F.);
#10768=ADVANCED_FACE('',(#955),#10013,.T.);
#10769=ADVANCED_FACE('',(#956),#411,.F.);
#10770=ADVANCED_FACE('',(#957),#10014,.F.);
#10771=ADVANCED_FACE('',(#958),#412,.F.);
#10772=ADVANCED_FACE('',(#959),#413,.T.);
#10773=ADVANCED_FACE('',(#960),#414,.F.);
#10774=ADVANCED_FACE('',(#961),#415,.T.);
#10775=ADVANCED_FACE('',(#962),#416,.T.);
#10776=ADVANCED_FACE('',(#963),#10015,.T.);
#10777=ADVANCED_FACE('',(#964),#417,.T.);
#10778=ADVANCED_FACE('',(#965),#10016,.F.);
#10779=ADVANCED_FACE('',(#966),#418,.T.);
#10780=ADVANCED_FACE('',(#967),#419,.F.);
#10781=ADVANCED_FACE('',(#968),#10017,.T.);
#10782=ADVANCED_FACE('',(#969),#420,.F.);
#10783=ADVANCED_FACE('',(#970),#10018,.F.);
#10784=ADVANCED_FACE('',(#971),#421,.F.);
#10785=ADVANCED_FACE('',(#972),#422,.T.);
#10786=ADVANCED_FACE('',(#973),#423,.T.);
#10787=ADVANCED_FACE('',(#974),#424,.T.);
#10788=ADVANCED_FACE('',(#975),#425,.T.);
#10789=ADVANCED_FACE('',(#976),#426,.T.);
#10790=ADVANCED_FACE('',(#977),#427,.T.);
#10791=ADVANCED_FACE('',(#978),#428,.T.);
#10792=ADVANCED_FACE('',(#979),#429,.T.);
#10793=ADVANCED_FACE('',(#980),#430,.T.);
#10794=ADVANCED_FACE('',(#981),#431,.T.);
#10795=ADVANCED_FACE('',(#982),#10019,.F.);
#10796=ADVANCED_FACE('',(#983),#432,.T.);
#10797=ADVANCED_FACE('',(#984),#433,.T.);
#10798=ADVANCED_FACE('',(#985),#434,.T.);
#10799=ADVANCED_FACE('',(#986),#435,.T.);
#10800=ADVANCED_FACE('',(#987),#436,.T.);
#10801=ADVANCED_FACE('',(#988),#71,.T.);
#10802=ADVANCED_FACE('',(#989),#437,.T.);
#10803=ADVANCED_FACE('',(#990),#438,.T.);
#10804=ADVANCED_FACE('',(#991),#439,.T.);
#10805=ADVANCED_FACE('',(#992),#440,.T.);
#10806=ADVANCED_FACE('',(#993),#441,.T.);
#10807=ADVANCED_FACE('',(#994),#442,.T.);
#10808=ADVANCED_FACE('',(#995),#443,.T.);
#10809=ADVANCED_FACE('',(#996),#444,.T.);
#10810=ADVANCED_FACE('',(#997),#445,.T.);
#10811=ADVANCED_FACE('',(#998),#10020,.F.);
#10812=ADVANCED_FACE('',(#999),#446,.T.);
#10813=ADVANCED_FACE('',(#1000),#447,.T.);
#10814=ADVANCED_FACE('',(#1001),#448,.T.);
#10815=ADVANCED_FACE('',(#1002),#449,.T.);
#10816=ADVANCED_FACE('',(#1003),#450,.T.);
#10817=ADVANCED_FACE('',(#1004),#72,.F.);
#10818=ADVANCED_FACE('',(#1005),#451,.T.);
#10819=ADVANCED_FACE('',(#1006),#452,.T.);
#10820=ADVANCED_FACE('',(#1007),#453,.T.);
#10821=ADVANCED_FACE('',(#1008),#454,.T.);
#10822=ADVANCED_FACE('',(#1009),#455,.T.);
#10823=ADVANCED_FACE('',(#1010),#456,.T.);
#10824=ADVANCED_FACE('',(#1011),#457,.T.);
#10825=ADVANCED_FACE('',(#1012),#458,.T.);
#10826=ADVANCED_FACE('',(#1013),#459,.T.);
#10827=ADVANCED_FACE('',(#1014),#460,.T.);
#10828=ADVANCED_FACE('',(#1015),#73,.F.);
#10829=ADVANCED_FACE('',(#1016),#461,.T.);
#10830=ADVANCED_FACE('',(#1017),#462,.T.);
#10831=ADVANCED_FACE('',(#1018),#463,.T.);
#10832=ADVANCED_FACE('',(#1019),#464,.T.);
#10833=ADVANCED_FACE('',(#1020),#74,.T.);
#10834=ADVANCED_FACE('',(#1021),#465,.T.);
#10835=ADVANCED_FACE('',(#1022),#466,.T.);
#10836=ADVANCED_FACE('',(#1023),#467,.T.);
#10837=ADVANCED_FACE('',(#1024),#468,.T.);
#10838=ADVANCED_FACE('',(#1025),#469,.T.);
#10839=ADVANCED_FACE('',(#1026),#470,.T.);
#10840=ADVANCED_FACE('',(#1027),#471,.T.);
#10841=ADVANCED_FACE('',(#1028),#472,.T.);
#10842=ADVANCED_FACE('',(#1029),#473,.T.);
#10843=ADVANCED_FACE('',(#1030),#474,.T.);
#10844=ADVANCED_FACE('',(#1031),#475,.T.);
#10845=ADVANCED_FACE('',(#1032),#10021,.T.);
#10846=ADVANCED_FACE('',(#1033),#476,.T.);
#10847=ADVANCED_FACE('',(#1034),#10022,.T.);
#10848=ADVANCED_FACE('',(#1035),#477,.T.);
#10849=ADVANCED_FACE('',(#1036),#478,.T.);
#10850=ADVANCED_FACE('',(#1037),#479,.T.);
#10851=ADVANCED_FACE('',(#1038),#480,.T.);
#10852=ADVANCED_FACE('',(#1039),#481,.T.);
#10853=ADVANCED_FACE('',(#1040),#482,.T.);
#10854=ADVANCED_FACE('',(#1041),#483,.T.);
#10855=ADVANCED_FACE('',(#1042),#484,.T.);
#10856=ADVANCED_FACE('',(#1043),#485,.T.);
#10857=ADVANCED_FACE('',(#1044),#486,.T.);
#10858=ADVANCED_FACE('',(#1045),#487,.T.);
#10859=ADVANCED_FACE('',(#1046),#488,.T.);
#10860=ADVANCED_FACE('',(#1047),#489,.T.);
#10861=ADVANCED_FACE('',(#1048),#490,.T.);
#10862=ADVANCED_FACE('',(#1049),#491,.T.);
#10863=ADVANCED_FACE('',(#1050),#492,.T.);
#10864=ADVANCED_FACE('',(#1051),#493,.T.);
#10865=ADVANCED_FACE('',(#1052),#494,.T.);
#10866=ADVANCED_FACE('',(#1053),#495,.T.);
#10867=ADVANCED_FACE('',(#1054),#496,.T.);
#10868=ADVANCED_FACE('',(#1055),#497,.T.);
#10869=ADVANCED_FACE('',(#1056),#498,.T.);
#10870=ADVANCED_FACE('',(#1057),#499,.T.);
#10871=ADVANCED_FACE('',(#1058),#500,.T.);
#10872=ADVANCED_FACE('',(#1059),#501,.T.);
#10873=ADVANCED_FACE('',(#1060),#502,.T.);
#10874=ADVANCED_FACE('',(#1061),#503,.T.);
#10875=ADVANCED_FACE('',(#1062),#504,.T.);
#10876=ADVANCED_FACE('',(#1063),#505,.T.);
#10877=ADVANCED_FACE('',(#1064),#506,.T.);
#10878=ADVANCED_FACE('',(#1065),#507,.T.);
#10879=ADVANCED_FACE('',(#1066),#508,.T.);
#10880=ADVANCED_FACE('',(#1067),#509,.T.);
#10881=ADVANCED_FACE('',(#1068),#510,.T.);
#10882=ADVANCED_FACE('',(#1069),#511,.T.);
#10883=ADVANCED_FACE('',(#1070),#512,.T.);
#10884=ADVANCED_FACE('',(#1071),#513,.T.);
#10885=ADVANCED_FACE('',(#1072),#514,.T.);
#10886=ADVANCED_FACE('',(#1073),#515,.T.);
#10887=ADVANCED_FACE('',(#1074),#516,.T.);
#10888=ADVANCED_FACE('',(#1075),#517,.T.);
#10889=ADVANCED_FACE('',(#1076),#518,.T.);
#10890=ADVANCED_FACE('',(#1077),#519,.T.);
#10891=ADVANCED_FACE('',(#1078),#520,.T.);
#10892=ADVANCED_FACE('',(#1079),#521,.T.);
#10893=ADVANCED_FACE('',(#1080),#522,.T.);
#10894=ADVANCED_FACE('',(#1081),#523,.T.);
#10895=ADVANCED_FACE('',(#1082),#524,.T.);
#10896=ADVANCED_FACE('',(#1083),#525,.T.);
#10897=ADVANCED_FACE('',(#1084),#526,.T.);
#10898=ADVANCED_FACE('',(#1085),#527,.T.);
#10899=ADVANCED_FACE('',(#1086),#528,.T.);
#10900=ADVANCED_FACE('',(#1087),#529,.T.);
#10901=ADVANCED_FACE('',(#1088),#530,.T.);
#10902=ADVANCED_FACE('',(#1089),#531,.T.);
#10903=ADVANCED_FACE('',(#1090),#10023,.F.);
#10904=ADVANCED_FACE('',(#1091),#532,.T.);
#10905=ADVANCED_FACE('',(#1092),#10024,.F.);
#10906=ADVANCED_FACE('',(#1093),#10025,.T.);
#10907=ADVANCED_FACE('',(#1094,#186),#533,.T.);
#10908=ADVANCED_FACE('',(#1095),#10026,.T.);
#10909=ADVANCED_FACE('',(#1096,#187),#534,.T.);
#10910=ADVANCED_FACE('',(#1097),#10027,.T.);
#10911=ADVANCED_FACE('',(#1098,#188),#535,.T.);
#10912=ADVANCED_FACE('',(#1099,#189,#190),#536,.T.);
#10913=ADVANCED_FACE('',(#1100),#537,.T.);
#10914=ADVANCED_FACE('',(#1101),#538,.T.);
#10915=ADVANCED_FACE('',(#1102),#539,.T.);
#10916=ADVANCED_FACE('',(#1103),#540,.T.);
#10917=ADVANCED_FACE('',(#1104),#541,.T.);
#10918=ADVANCED_FACE('',(#1105),#542,.F.);
#10919=ADVANCED_FACE('',(#1106),#543,.T.);
#10920=ADVANCED_FACE('',(#1107),#544,.F.);
#10921=ADVANCED_FACE('',(#1108),#545,.F.);
#10922=ADVANCED_FACE('',(#1109),#546,.F.);
#10923=ADVANCED_FACE('',(#1110),#547,.F.);
#10924=ADVANCED_FACE('',(#1111),#548,.F.);
#10925=ADVANCED_FACE('',(#1112),#549,.F.);
#10926=ADVANCED_FACE('',(#1113),#550,.T.);
#10927=ADVANCED_FACE('',(#1114),#551,.F.);
#10928=ADVANCED_FACE('',(#1115),#552,.F.);
#10929=ADVANCED_FACE('',(#1116),#553,.F.);
#10930=ADVANCED_FACE('',(#1117),#554,.F.);
#10931=ADVANCED_FACE('',(#1118),#555,.F.);
#10932=ADVANCED_FACE('',(#1119),#556,.F.);
#10933=ADVANCED_FACE('',(#1120),#557,.T.);
#10934=ADVANCED_FACE('',(#1121),#558,.F.);
#10935=ADVANCED_FACE('',(#1122),#559,.F.);
#10936=ADVANCED_FACE('',(#1123),#560,.F.);
#10937=ADVANCED_FACE('',(#1124),#561,.F.);
#10938=ADVANCED_FACE('',(#1125),#562,.F.);
#10939=ADVANCED_FACE('',(#1126),#563,.F.);
#10940=ADVANCED_FACE('',(#1127),#564,.T.);
#10941=ADVANCED_FACE('',(#1128),#565,.F.);
#10942=ADVANCED_FACE('',(#1129),#566,.F.);
#10943=ADVANCED_FACE('',(#1130),#567,.F.);
#10944=ADVANCED_FACE('',(#1131),#568,.F.);
#10945=ADVANCED_FACE('',(#1132),#569,.F.);
#10946=ADVANCED_FACE('',(#1133),#570,.F.);
#10947=ADVANCED_FACE('',(#1134),#571,.F.);
#10948=ADVANCED_FACE('',(#1135),#572,.F.);
#10949=ADVANCED_FACE('',(#1136,#191,#192,#193,#194),#573,.F.);
#10950=ADVANCED_FACE('',(#1137),#574,.F.);
#10951=ADVANCED_FACE('',(#1138),#575,.F.);
#10952=ADVANCED_FACE('',(#1139),#576,.T.);
#10953=ADVANCED_FACE('',(#1140),#577,.F.);
#10954=ADVANCED_FACE('',(#1141),#578,.F.);
#10955=ADVANCED_FACE('',(#1142),#579,.F.);
#10956=ADVANCED_FACE('',(#1143),#580,.F.);
#10957=ADVANCED_FACE('',(#1144),#581,.F.);
#10958=ADVANCED_FACE('',(#1145),#582,.F.);
#10959=ADVANCED_FACE('',(#1146),#583,.T.);
#10960=ADVANCED_FACE('',(#1147),#584,.T.);
#10961=ADVANCED_FACE('',(#1148),#585,.F.);
#10962=ADVANCED_FACE('',(#1149),#586,.F.);
#10963=ADVANCED_FACE('',(#1150),#587,.T.);
#10964=ADVANCED_FACE('',(#1151),#588,.F.);
#10965=ADVANCED_FACE('',(#1152),#589,.F.);
#10966=ADVANCED_FACE('',(#1153),#590,.F.);
#10967=ADVANCED_FACE('',(#1154),#591,.F.);
#10968=ADVANCED_FACE('',(#1155),#592,.F.);
#10969=ADVANCED_FACE('',(#1156,#195),#593,.F.);
#10970=ADVANCED_FACE('',(#1157),#594,.F.);
#10971=ADVANCED_FACE('',(#1158),#595,.T.);
#10972=ADVANCED_FACE('',(#1159),#596,.F.);
#10973=ADVANCED_FACE('',(#1160),#597,.F.);
#10974=ADVANCED_FACE('',(#1161),#598,.F.);
#10975=ADVANCED_FACE('',(#1162),#599,.F.);
#10976=ADVANCED_FACE('',(#1163),#600,.T.);
#10977=ADVANCED_FACE('',(#1164),#601,.F.);
#10978=ADVANCED_FACE('',(#1165),#602,.F.);
#10979=ADVANCED_FACE('',(#1166),#603,.F.);
#10980=ADVANCED_FACE('',(#1167),#604,.F.);
#10981=ADVANCED_FACE('',(#1168),#605,.F.);
#10982=ADVANCED_FACE('',(#1169),#606,.F.);
#10983=ADVANCED_FACE('',(#1170),#607,.T.);
#10984=ADVANCED_FACE('',(#1171),#608,.T.);
#10985=ADVANCED_FACE('',(#1172),#609,.T.);
#10986=ADVANCED_FACE('',(#1173),#610,.T.);
#10987=ADVANCED_FACE('',(#1174),#611,.F.);
#10988=ADVANCED_FACE('',(#1175),#612,.F.);
#10989=ADVANCED_FACE('',(#1176),#613,.F.);
#10990=ADVANCED_FACE('',(#1177),#614,.F.);
#10991=ADVANCED_FACE('',(#1178),#615,.F.);
#10992=ADVANCED_FACE('',(#1179),#616,.T.);
#10993=ADVANCED_FACE('',(#1180),#617,.F.);
#10994=ADVANCED_FACE('',(#1181),#618,.T.);
#10995=ADVANCED_FACE('',(#1182),#619,.T.);
#10996=ADVANCED_FACE('',(#1183),#620,.T.);
#10997=ADVANCED_FACE('',(#1184),#621,.T.);
#10998=ADVANCED_FACE('',(#1185),#622,.F.);
#10999=ADVANCED_FACE('',(#1186),#623,.T.);
#11000=ADVANCED_FACE('',(#1187),#624,.T.);
#11001=ADVANCED_FACE('',(#1188),#625,.T.);
#11002=ADVANCED_FACE('',(#1189),#626,.T.);
#11003=ADVANCED_FACE('',(#1190),#627,.T.);
#11004=ADVANCED_FACE('',(#1191),#628,.F.);
#11005=ADVANCED_FACE('',(#1192),#629,.F.);
#11006=ADVANCED_FACE('',(#1193),#630,.T.);
#11007=ADVANCED_FACE('',(#1194),#631,.F.);
#11008=ADVANCED_FACE('',(#1195),#632,.F.);
#11009=ADVANCED_FACE('',(#1196),#633,.F.);
#11010=ADVANCED_FACE('',(#1197),#634,.T.);
#11011=ADVANCED_FACE('',(#1198),#635,.F.);
#11012=ADVANCED_FACE('',(#1199),#636,.F.);
#11013=ADVANCED_FACE('',(#1200),#637,.F.);
#11014=ADVANCED_FACE('',(#1201),#638,.T.);
#11015=ADVANCED_FACE('',(#1202),#639,.F.);
#11016=ADVANCED_FACE('',(#1203),#640,.F.);
#11017=ADVANCED_FACE('',(#1204),#641,.F.);
#11018=ADVANCED_FACE('',(#1205),#642,.F.);
#11019=ADVANCED_FACE('',(#1206),#643,.F.);
#11020=ADVANCED_FACE('',(#1207),#644,.F.);
#11021=ADVANCED_FACE('',(#1208),#645,.F.);
#11022=ADVANCED_FACE('',(#1209),#646,.F.);
#11023=ADVANCED_FACE('',(#1210),#647,.F.);
#11024=ADVANCED_FACE('',(#1211),#648,.F.);
#11025=ADVANCED_FACE('',(#1212),#649,.F.);
#11026=ADVANCED_FACE('',(#1213),#650,.F.);
#11027=ADVANCED_FACE('',(#1214),#651,.F.);
#11028=ADVANCED_FACE('',(#1215),#652,.F.);
#11029=ADVANCED_FACE('',(#1216),#653,.F.);
#11030=ADVANCED_FACE('',(#1217),#654,.F.);
#11031=ADVANCED_FACE('',(#1218),#655,.F.);
#11032=ADVANCED_FACE('',(#1219),#656,.F.);
#11033=ADVANCED_FACE('',(#1220),#657,.F.);
#11034=ADVANCED_FACE('',(#1221),#658,.F.);
#11035=ADVANCED_FACE('',(#1222),#659,.F.);
#11036=CLOSED_SHELL('',(#10473,#10474,#10475,#10476,#10477,#10478,#10479,
#10480,#10481,#10482,#10483,#10484,#10485,#10486,#10487,#10488,#10489,#10490,
#10491,#10492,#10493,#10494,#10495,#10496,#10497,#10498,#10499,#10500,#10501,
#10502,#10503,#10504,#10505,#10506,#10507,#10508,#10509,#10510,#10511,#10512));
#11037=CLOSED_SHELL('',(#10513,#10514,#10515,#10516,#10517,#10518,#10519,
#10520,#10521,#10522,#10523,#10524,#10525,#10526,#10527,#10528,#10529,#10530,
#10531,#10532,#10533,#10534,#10535,#10536,#10537,#10538,#10539,#10540,#10541,
#10542,#10543,#10544,#10545,#10546,#10547,#10548,#10549,#10550));
#11038=CLOSED_SHELL('',(#10551,#10552,#10553,#10554,#10555,#10556,#10557,
#10558,#10559,#10560,#10561,#10562,#10563,#10564,#10565,#10566,#10567,#10568,
#10569,#10570,#10571,#10572,#10573,#10574,#10575,#10576,#10577,#10578,#10579,
#10580,#10581,#10582,#10583,#10584,#10585,#10586,#10587,#10588,#10589,#10590,
#10591,#10592,#10593,#10594,#10595,#10596,#10597,#10598,#10599,#10600,#10601,
#10602,#10603,#10604,#10605,#10606,#10607,#10608,#10609,#10610,#10611,#10612,
#10613,#10614,#10615,#10616,#10617,#10618,#10619,#10620,#10621,#10622,#10623,
#10624,#10625));
#11039=CLOSED_SHELL('',(#10626,#10627,#10628,#10629,#10630,#10631,#10632,
#10633,#10634,#10635,#10636,#10637,#10638,#10639,#10640,#10641,#10642,#10643,
#10644,#10645,#10646,#10647,#10648,#10649,#10650,#10651,#10652,#10653,#10654,
#10655,#10656,#10657,#10658,#10659,#10660,#10661,#10662,#10663,#10664,#10665,
#10666,#10667,#10668,#10669,#10670,#10671,#10672,#10673,#10674,#10675,#10676,
#10677,#10678,#10679,#10680,#10681,#10682,#10683,#10684,#10685,#10686,#10687));
#11040=CLOSED_SHELL('',(#10688,#10689,#10690,#10691,#10692,#10693,#10694,
#10695,#10696,#10697,#10698,#10699,#10700,#10701,#10702,#10703,#10704,#10705,
#10706,#10707,#10708,#10709,#10710,#10711,#10712,#10713,#10714,#10715,#10716,
#10717,#10718,#10719,#10720,#10721,#10722,#10723,#10724,#10725,#10726,#10727,
#10728,#10729,#10730,#10731,#10732,#10733,#10734,#10735,#10736,#10737,#10738,
#10739,#10740,#10741,#10742,#10743,#10744,#10745,#10746,#10747,#10748,#10749,
#10750,#10751,#10752,#10753,#10754,#10755,#10756,#10757,#10758,#10759,#10760,
#10761,#10762,#10763,#10764,#10765,#10766,#10767,#10768,#10769,#10770,#10771,
#10772,#10773,#10774,#10775,#10776,#10777,#10778,#10779,#10780,#10781,#10782,
#10783,#10784,#10785));
#11041=CLOSED_SHELL('',(#10786,#10787,#10788,#10789,#10790));
#11042=CLOSED_SHELL('',(#10791,#10792,#10793,#10794,#10795,#10796,#10797,
#10798,#10799,#10800,#10801,#10802,#10803,#10804,#10805,#10806));
#11043=CLOSED_SHELL('',(#10807,#10808,#10809,#10810,#10811,#10812,#10813,
#10814,#10815,#10816,#10817,#10818,#10819,#10820,#10821,#10822));
#11044=CLOSED_SHELL('',(#10823,#10824,#10825,#10826,#10827,#10828,#10829,
#10830,#10831,#10832,#10833,#10834,#10835,#10836,#10837,#10838,#10839,#10840));
#11045=CLOSED_SHELL('',(#10841,#10842,#10843,#10844,#10845,#10846,#10847,
#10848));
#11046=CLOSED_SHELL('',(#10849,#10850,#10851,#10852,#10853,#10854));
#11047=CLOSED_SHELL('',(#10855,#10856,#10857,#10858,#10859,#10860));
#11048=CLOSED_SHELL('',(#10861,#10862,#10863,#10864,#10865,#10866));
#11049=CLOSED_SHELL('',(#10867,#10868,#10869,#10870,#10871,#10872));
#11050=CLOSED_SHELL('',(#10873,#10874,#10875,#10876,#10877,#10878));
#11051=CLOSED_SHELL('',(#10879,#10880,#10881,#10882,#10883,#10884));
#11052=CLOSED_SHELL('',(#10885,#10886,#10887,#10888,#10889,#10890));
#11053=CLOSED_SHELL('',(#10891,#10892,#10893,#10894,#10895,#10896));
#11054=CLOSED_SHELL('',(#10897,#10898,#10899,#10900,#10901,#10902));
#11055=CLOSED_SHELL('',(#10903,#10904,#10905,#10906,#10907,#10908,#10909,
#10910,#10911,#10912,#10913,#10914,#10915,#10916,#10917,#10918));
#11056=CLOSED_SHELL('',(#10919,#10920,#10921,#10922,#10923,#10924,#10925,
#10926,#10927,#10928,#10929,#10930,#10931,#10932));
#11057=CLOSED_SHELL('',(#10933,#10934,#10935,#10936,#10937,#10938,#10939,
#10940,#10941,#10942,#10943,#10944,#10945,#10946));
#11058=CLOSED_SHELL('',(#10947,#10948,#10949,#10950,#10951,#10952,#10953,
#10954,#10955,#10956,#10957,#10958,#10959,#10960,#10961,#10962,#10963,#10964,
#10965,#10966,#10967,#10968,#10969,#10970,#10971,#10972,#10973,#10974,#10975,
#10976,#10977,#10978,#10979,#10980,#10981,#10982,#10983,#10984,#10985,#10986,
#10987,#10988,#10989,#10990,#10991,#10992,#10993,#10994,#10995,#10996,#10997,
#10998,#10999,#11000,#11001,#11002,#11003,#11004,#11005,#11006,#11007,#11008,
#11009,#11010,#11011,#11012,#11013,#11014,#11015,#11016,#11017,#11018,#11019,
#11020,#11021,#11022,#11023,#11024,#11025,#11026,#11027,#11028,#11029,#11030,
#11031,#11032,#11033,#11034,#11035));
#11059=DERIVED_UNIT_ELEMENT(#11079,1.);
#11060=DERIVED_UNIT_ELEMENT(#17891,-3.);
#11061=DERIVED_UNIT_ELEMENT(#11079,1.);
#11062=DERIVED_UNIT_ELEMENT(#17891,-3.);
#11063=DERIVED_UNIT_ELEMENT(#11079,1.);
#11064=DERIVED_UNIT_ELEMENT(#17891,-3.);
#11065=DERIVED_UNIT_ELEMENT(#11079,1.);
#11066=DERIVED_UNIT_ELEMENT(#17891,-3.);
#11067=DERIVED_UNIT_ELEMENT(#11079,1.);
#11068=DERIVED_UNIT_ELEMENT(#17891,-3.);
#11069=DERIVED_UNIT_ELEMENT(#11079,1.);
#11070=DERIVED_UNIT_ELEMENT(#17891,-3.);
#11071=DERIVED_UNIT_ELEMENT(#11079,1.);
#11072=DERIVED_UNIT_ELEMENT(#17891,-3.);
#11073=DERIVED_UNIT_ELEMENT(#11079,1.);
#11074=DERIVED_UNIT_ELEMENT(#17891,-3.);
#11075=DERIVED_UNIT_ELEMENT(#11079,1.);
#11076=DERIVED_UNIT_ELEMENT(#17891,-3.);
#11077=DERIVED_UNIT_ELEMENT(#11079,1.);
#11078=DERIVED_UNIT_ELEMENT(#17891,-3.);
#11079=(
MASS_UNIT()
NAMED_UNIT(*)
SI_UNIT(.KILO.,.GRAM.)
);
#11080=DERIVED_UNIT((#11059,#11060));
#11081=DERIVED_UNIT((#11061,#11062));
#11082=DERIVED_UNIT((#11063,#11064));
#11083=DERIVED_UNIT((#11065,#11066));
#11084=DERIVED_UNIT((#11067,#11068));
#11085=DERIVED_UNIT((#11069,#11070));
#11086=DERIVED_UNIT((#11071,#11072));
#11087=DERIVED_UNIT((#11073,#11074));
#11088=DERIVED_UNIT((#11075,#11076));
#11089=DERIVED_UNIT((#11077,#11078));
#11090=MEASURE_REPRESENTATION_ITEM('density measure',
POSITIVE_RATIO_MEASURE(7850.),#11080);
#11091=MEASURE_REPRESENTATION_ITEM('density measure',
POSITIVE_RATIO_MEASURE(7850.),#11081);
#11092=MEASURE_REPRESENTATION_ITEM('density measure',
POSITIVE_RATIO_MEASURE(7850.),#11082);
#11093=MEASURE_REPRESENTATION_ITEM('density measure',
POSITIVE_RATIO_MEASURE(7850.),#11083);
#11094=MEASURE_REPRESENTATION_ITEM('density measure',
POSITIVE_RATIO_MEASURE(7850.),#11084);
#11095=MEASURE_REPRESENTATION_ITEM('density measure',
POSITIVE_RATIO_MEASURE(7850.),#11085);
#11096=MEASURE_REPRESENTATION_ITEM('density measure',
POSITIVE_RATIO_MEASURE(7850.),#11086);
#11097=MEASURE_REPRESENTATION_ITEM('density measure',
POSITIVE_RATIO_MEASURE(7850.),#11087);
#11098=MEASURE_REPRESENTATION_ITEM('density measure',
POSITIVE_RATIO_MEASURE(7850.),#11088);
#11099=MEASURE_REPRESENTATION_ITEM('density measure',
POSITIVE_RATIO_MEASURE(7850.),#11089);
#11100=PROPERTY_DEFINITION_REPRESENTATION(#11150,#11120);
#11101=PROPERTY_DEFINITION_REPRESENTATION(#11151,#11121);
#11102=PROPERTY_DEFINITION_REPRESENTATION(#11152,#11122);
#11103=PROPERTY_DEFINITION_REPRESENTATION(#11153,#11123);
#11104=PROPERTY_DEFINITION_REPRESENTATION(#11154,#11124);
#11105=PROPERTY_DEFINITION_REPRESENTATION(#11155,#11125);
#11106=PROPERTY_DEFINITION_REPRESENTATION(#11156,#11126);
#11107=PROPERTY_DEFINITION_REPRESENTATION(#11157,#11127);
#11108=PROPERTY_DEFINITION_REPRESENTATION(#11158,#11128);
#11109=PROPERTY_DEFINITION_REPRESENTATION(#11159,#11129);
#11110=PROPERTY_DEFINITION_REPRESENTATION(#11160,#11130);
#11111=PROPERTY_DEFINITION_REPRESENTATION(#11161,#11131);
#11112=PROPERTY_DEFINITION_REPRESENTATION(#11162,#11132);
#11113=PROPERTY_DEFINITION_REPRESENTATION(#11163,#11133);
#11114=PROPERTY_DEFINITION_REPRESENTATION(#11164,#11134);
#11115=PROPERTY_DEFINITION_REPRESENTATION(#11165,#11135);
#11116=PROPERTY_DEFINITION_REPRESENTATION(#11166,#11136);
#11117=PROPERTY_DEFINITION_REPRESENTATION(#11167,#11137);
#11118=PROPERTY_DEFINITION_REPRESENTATION(#11168,#11138);
#11119=PROPERTY_DEFINITION_REPRESENTATION(#11169,#11139);
#11120=REPRESENTATION('material name',(#11140),#17879);
#11121=REPRESENTATION('density',(#11090),#17879);
#11122=REPRESENTATION('material name',(#11141),#17880);
#11123=REPRESENTATION('density',(#11091),#17880);
#11124=REPRESENTATION('material name',(#11142),#17881);
#11125=REPRESENTATION('density',(#11092),#17881);
#11126=REPRESENTATION('material name',(#11143),#17882);
#11127=REPRESENTATION('density',(#11093),#17882);
#11128=REPRESENTATION('material name',(#11144),#17883);
#11129=REPRESENTATION('density',(#11094),#17883);
#11130=REPRESENTATION('material name',(#11145),#17884);
#11131=REPRESENTATION('density',(#11095),#17884);
#11132=REPRESENTATION('material name',(#11146),#17885);
#11133=REPRESENTATION('density',(#11096),#17885);
#11134=REPRESENTATION('material name',(#11147),#17886);
#11135=REPRESENTATION('density',(#11097),#17886);
#11136=REPRESENTATION('material name',(#11148),#17887);
#11137=REPRESENTATION('density',(#11098),#17887);
#11138=REPRESENTATION('material name',(#11149),#17888);
#11139=REPRESENTATION('density',(#11099),#17888);
#11140=DESCRIPTIVE_REPRESENTATION_ITEM('Steel','Steel');
#11141=DESCRIPTIVE_REPRESENTATION_ITEM('Steel','Steel');
#11142=DESCRIPTIVE_REPRESENTATION_ITEM('Steel','Steel');
#11143=DESCRIPTIVE_REPRESENTATION_ITEM('Steel','Steel');
#11144=DESCRIPTIVE_REPRESENTATION_ITEM('Steel','Steel');
#11145=DESCRIPTIVE_REPRESENTATION_ITEM('Steel','Steel');
#11146=DESCRIPTIVE_REPRESENTATION_ITEM('Steel','Steel');
#11147=DESCRIPTIVE_REPRESENTATION_ITEM('Steel','Steel');
#11148=DESCRIPTIVE_REPRESENTATION_ITEM('Steel','Steel');
#11149=DESCRIPTIVE_REPRESENTATION_ITEM('Steel','Steel');
#11150=PROPERTY_DEFINITION('material property','material name',#17944);
#11151=PROPERTY_DEFINITION('material property','density of part',#17944);
#11152=PROPERTY_DEFINITION('material property','material name',#17945);
#11153=PROPERTY_DEFINITION('material property','density of part',#17945);
#11154=PROPERTY_DEFINITION('material property','material name',#17946);
#11155=PROPERTY_DEFINITION('material property','density of part',#17946);
#11156=PROPERTY_DEFINITION('material property','material name',#17947);
#11157=PROPERTY_DEFINITION('material property','density of part',#17947);
#11158=PROPERTY_DEFINITION('material property','material name',#17948);
#11159=PROPERTY_DEFINITION('material property','density of part',#17948);
#11160=PROPERTY_DEFINITION('material property','material name',#17949);
#11161=PROPERTY_DEFINITION('material property','density of part',#17949);
#11162=PROPERTY_DEFINITION('material property','material name',#17950);
#11163=PROPERTY_DEFINITION('material property','density of part',#17950);
#11164=PROPERTY_DEFINITION('material property','material name',#17951);
#11165=PROPERTY_DEFINITION('material property','density of part',#17951);
#11166=PROPERTY_DEFINITION('material property','material name',#17952);
#11167=PROPERTY_DEFINITION('material property','density of part',#17952);
#11168=PROPERTY_DEFINITION('material property','material name',#17953);
#11169=PROPERTY_DEFINITION('material property','density of part',#17953);
#11170=AXIS2_PLACEMENT_3D('',#14786,#11953,#11954);
#11171=AXIS2_PLACEMENT_3D('',#14787,#11955,#11956);
#11172=AXIS2_PLACEMENT_3D('',#14788,#11957,#11958);
#11173=AXIS2_PLACEMENT_3D('',#14790,#11959,#11960);
#11174=AXIS2_PLACEMENT_3D('',#14793,#11962,#11963);
#11175=AXIS2_PLACEMENT_3D('',#14794,#11964,#11965);
#11176=AXIS2_PLACEMENT_3D('',#14796,#11966,#11967);
#11177=AXIS2_PLACEMENT_3D('',#14799,#11969,#11970);
#11178=AXIS2_PLACEMENT_3D('',#14800,#11971,#11972);
#11179=AXIS2_PLACEMENT_3D('',#14802,#11973,#11974);
#11180=AXIS2_PLACEMENT_3D('',#14805,#11976,#11977);
#11181=AXIS2_PLACEMENT_3D('',#14806,#11978,#11979);
#11182=AXIS2_PLACEMENT_3D('',#14808,#11980,#11981);
#11183=AXIS2_PLACEMENT_3D('',#14811,#11983,#11984);
#11184=AXIS2_PLACEMENT_3D('',#14812,#11985,#11986);
#11185=AXIS2_PLACEMENT_3D('',#14814,#11987,#11988);
#11186=AXIS2_PLACEMENT_3D('',#14817,#11990,#11991);
#11187=AXIS2_PLACEMENT_3D('',#14818,#11992,#11993);
#11188=AXIS2_PLACEMENT_3D('',#14820,#11994,#11995);
#11189=AXIS2_PLACEMENT_3D('',#14823,#11997,#11998);
#11190=AXIS2_PLACEMENT_3D('',#14824,#11999,#12000);
#11191=AXIS2_PLACEMENT_3D('',#14826,#12001,#12002);
#11192=AXIS2_PLACEMENT_3D('',#14829,#12004,#12005);
#11193=AXIS2_PLACEMENT_3D('',#14830,#12006,#12007);
#11194=AXIS2_PLACEMENT_3D('',#14832,#12008,#12009);
#11195=AXIS2_PLACEMENT_3D('',#14835,#12011,#12012);
#11196=AXIS2_PLACEMENT_3D('',#14836,#12013,#12014);
#11197=AXIS2_PLACEMENT_3D('',#14838,#12015,#12016);
#11198=AXIS2_PLACEMENT_3D('',#14841,#12018,#12019);
#11199=AXIS2_PLACEMENT_3D('',#14842,#12020,#12021);
#11200=AXIS2_PLACEMENT_3D('',#14844,#12022,#12023);
#11201=AXIS2_PLACEMENT_3D('',#14847,#12025,#12026);
#11202=AXIS2_PLACEMENT_3D('',#14848,#12027,#12028);
#11203=AXIS2_PLACEMENT_3D('',#14850,#12029,#12030);
#11204=AXIS2_PLACEMENT_3D('',#14853,#12032,#12033);
#11205=AXIS2_PLACEMENT_3D('',#14854,#12034,#12035);
#11206=AXIS2_PLACEMENT_3D('',#14856,#12036,#12037);
#11207=AXIS2_PLACEMENT_3D('',#14859,#12039,#12040);
#11208=AXIS2_PLACEMENT_3D('',#14860,#12041,#12042);
#11209=AXIS2_PLACEMENT_3D('',#14862,#12043,#12044);
#11210=AXIS2_PLACEMENT_3D('',#14865,#12046,#12047);
#11211=AXIS2_PLACEMENT_3D('',#14866,#12048,#12049);
#11212=AXIS2_PLACEMENT_3D('',#14868,#12050,#12051);
#11213=AXIS2_PLACEMENT_3D('',#14871,#12053,#12054);
#11214=AXIS2_PLACEMENT_3D('',#14872,#12055,#12056);
#11215=AXIS2_PLACEMENT_3D('',#14874,#12057,#12058);
#11216=AXIS2_PLACEMENT_3D('',#14877,#12060,#12061);
#11217=AXIS2_PLACEMENT_3D('',#14878,#12062,#12063);
#11218=AXIS2_PLACEMENT_3D('',#14880,#12064,#12065);
#11219=AXIS2_PLACEMENT_3D('',#14883,#12067,#12068);
#11220=AXIS2_PLACEMENT_3D('',#14884,#12069,#12070);
#11221=AXIS2_PLACEMENT_3D('',#14886,#12071,#12072);
#11222=AXIS2_PLACEMENT_3D('',#14889,#12074,#12075);
#11223=AXIS2_PLACEMENT_3D('',#14890,#12076,#12077);
#11224=AXIS2_PLACEMENT_3D('',#14892,#12078,#12079);
#11225=AXIS2_PLACEMENT_3D('',#14895,#12081,#12082);
#11226=AXIS2_PLACEMENT_3D('',#14896,#12083,#12084);
#11227=AXIS2_PLACEMENT_3D('',#14898,#12085,#12086);
#11228=AXIS2_PLACEMENT_3D('',#14901,#12088,#12089);
#11229=AXIS2_PLACEMENT_3D('',#14902,#12090,#12091);
#11230=AXIS2_PLACEMENT_3D('',#14904,#12092,#12093);
#11231=AXIS2_PLACEMENT_3D('',#14907,#12095,#12096);
#11232=AXIS2_PLACEMENT_3D('',#14908,#12097,#12098);
#11233=AXIS2_PLACEMENT_3D('',#14910,#12099,#12100);
#11234=AXIS2_PLACEMENT_3D('',#14913,#12102,#12103);
#11235=AXIS2_PLACEMENT_3D('',#14914,#12104,#12105);
#11236=AXIS2_PLACEMENT_3D('',#14916,#12106,#12107);
#11237=AXIS2_PLACEMENT_3D('',#14919,#12109,#12110);
#11238=AXIS2_PLACEMENT_3D('',#14920,#12111,#12112);
#11239=AXIS2_PLACEMENT_3D('',#14922,#12113,#12114);
#11240=AXIS2_PLACEMENT_3D('',#14925,#12116,#12117);
#11241=AXIS2_PLACEMENT_3D('',#14926,#12118,#12119);
#11242=AXIS2_PLACEMENT_3D('',#14928,#12120,#12121);
#11243=AXIS2_PLACEMENT_3D('',#14931,#12123,#12124);
#11244=AXIS2_PLACEMENT_3D('',#14932,#12125,#12126);
#11245=AXIS2_PLACEMENT_3D('',#14934,#12127,#12128);
#11246=AXIS2_PLACEMENT_3D('',#14937,#12130,#12131);
#11247=AXIS2_PLACEMENT_3D('',#14938,#12132,#12133);
#11248=AXIS2_PLACEMENT_3D('',#14940,#12134,#12135);
#11249=AXIS2_PLACEMENT_3D('',#14943,#12137,#12138);
#11250=AXIS2_PLACEMENT_3D('',#14944,#12139,#12140);
#11251=AXIS2_PLACEMENT_3D('',#14946,#12141,#12142);
#11252=AXIS2_PLACEMENT_3D('',#14949,#12144,#12145);
#11253=AXIS2_PLACEMENT_3D('',#14950,#12146,#12147);
#11254=AXIS2_PLACEMENT_3D('',#14952,#12148,#12149);
#11255=AXIS2_PLACEMENT_3D('',#14955,#12151,#12152);
#11256=AXIS2_PLACEMENT_3D('',#14956,#12153,#12154);
#11257=AXIS2_PLACEMENT_3D('',#14958,#12155,#12156);
#11258=AXIS2_PLACEMENT_3D('',#14961,#12158,#12159);
#11259=AXIS2_PLACEMENT_3D('',#14962,#12160,#12161);
#11260=AXIS2_PLACEMENT_3D('',#14964,#12162,#12163);
#11261=AXIS2_PLACEMENT_3D('',#14967,#12165,#12166);
#11262=AXIS2_PLACEMENT_3D('',#14968,#12167,#12168);
#11263=AXIS2_PLACEMENT_3D('',#14977,#12173,#12174);
#11264=AXIS2_PLACEMENT_3D('',#14979,#12175,#12176);
#11265=AXIS2_PLACEMENT_3D('',#14981,#12177,#12178);
#11266=AXIS2_PLACEMENT_3D('',#14983,#12180,#12181);
#11267=AXIS2_PLACEMENT_3D('',#14989,#12185,#12186);
#11268=AXIS2_PLACEMENT_3D('',#14991,#12187,#12188);
#11269=AXIS2_PLACEMENT_3D('',#14993,#12189,#12190);
#11270=AXIS2_PLACEMENT_3D('',#14995,#12192,#12193);
#11271=AXIS2_PLACEMENT_3D('',#15001,#12197,#12198);
#11272=AXIS2_PLACEMENT_3D('',#15003,#12199,#12200);
#11273=AXIS2_PLACEMENT_3D('',#15005,#12201,#12202);
#11274=AXIS2_PLACEMENT_3D('',#15007,#12204,#12205);
#11275=AXIS2_PLACEMENT_3D('',#15013,#12209,#12210);
#11276=AXIS2_PLACEMENT_3D('',#15014,#12211,#12212);
#11277=AXIS2_PLACEMENT_3D('',#15015,#12213,#12214);
#11278=AXIS2_PLACEMENT_3D('',#15016,#12215,#12216);
#11279=AXIS2_PLACEMENT_3D('',#15017,#12217,#12218);
#11280=AXIS2_PLACEMENT_3D('',#15018,#12219,#12220);
#11281=AXIS2_PLACEMENT_3D('',#15019,#12221,#12222);
#11282=AXIS2_PLACEMENT_3D('',#15028,#12227,#12228);
#11283=AXIS2_PLACEMENT_3D('',#15030,#12229,#12230);
#11284=AXIS2_PLACEMENT_3D('',#15032,#12231,#12232);
#11285=AXIS2_PLACEMENT_3D('',#15034,#12234,#12235);
#11286=AXIS2_PLACEMENT_3D('',#15040,#12239,#12240);
#11287=AXIS2_PLACEMENT_3D('',#15042,#12241,#12242);
#11288=AXIS2_PLACEMENT_3D('',#15044,#12243,#12244);
#11289=AXIS2_PLACEMENT_3D('',#15046,#12246,#12247);
#11290=AXIS2_PLACEMENT_3D('',#15052,#12251,#12252);
#11291=AXIS2_PLACEMENT_3D('',#15058,#12256,#12257);
#11292=AXIS2_PLACEMENT_3D('',#15064,#12261,#12262);
#11293=AXIS2_PLACEMENT_3D('',#15066,#12263,#12264);
#11294=AXIS2_PLACEMENT_3D('',#15068,#12265,#12266);
#11295=AXIS2_PLACEMENT_3D('',#15070,#12268,#12269);
#11296=AXIS2_PLACEMENT_3D('',#15076,#12273,#12274);
#11297=AXIS2_PLACEMENT_3D('',#15078,#12275,#12276);
#11298=AXIS2_PLACEMENT_3D('',#15080,#12277,#12278);
#11299=AXIS2_PLACEMENT_3D('',#15082,#12280,#12281);
#11300=AXIS2_PLACEMENT_3D('',#15088,#12285,#12286);
#11301=AXIS2_PLACEMENT_3D('',#15090,#12288,#12289);
#11302=AXIS2_PLACEMENT_3D('',#15092,#12291,#12292);
#11303=AXIS2_PLACEMENT_3D('',#15098,#12296,#12297);
#11304=AXIS2_PLACEMENT_3D('',#15104,#12301,#12302);
#11305=AXIS2_PLACEMENT_3D('',#15113,#12307,#12308);
#11306=AXIS2_PLACEMENT_3D('',#15115,#12309,#12310);
#11307=AXIS2_PLACEMENT_3D('',#15117,#12311,#12312);
#11308=AXIS2_PLACEMENT_3D('',#15119,#12314,#12315);
#11309=AXIS2_PLACEMENT_3D('',#15125,#12319,#12320);
#11310=AXIS2_PLACEMENT_3D('',#15127,#12321,#12322);
#11311=AXIS2_PLACEMENT_3D('',#15129,#12323,#12324);
#11312=AXIS2_PLACEMENT_3D('',#15131,#12326,#12327);
#11313=AXIS2_PLACEMENT_3D('',#15137,#12331,#12332);
#11314=AXIS2_PLACEMENT_3D('',#15143,#12336,#12337);
#11315=AXIS2_PLACEMENT_3D('',#15149,#12341,#12342);
#11316=AXIS2_PLACEMENT_3D('',#15151,#12343,#12344);
#11317=AXIS2_PLACEMENT_3D('',#15153,#12345,#12346);
#11318=AXIS2_PLACEMENT_3D('',#15155,#12348,#12349);
#11319=AXIS2_PLACEMENT_3D('',#15161,#12353,#12354);
#11320=AXIS2_PLACEMENT_3D('',#15163,#12355,#12356);
#11321=AXIS2_PLACEMENT_3D('',#15165,#12357,#12358);
#11322=AXIS2_PLACEMENT_3D('',#15167,#12360,#12361);
#11323=AXIS2_PLACEMENT_3D('',#15173,#12365,#12366);
#11324=AXIS2_PLACEMENT_3D('',#15175,#12368,#12369);
#11325=AXIS2_PLACEMENT_3D('',#15177,#12371,#12372);
#11326=AXIS2_PLACEMENT_3D('',#15183,#12376,#12377);
#11327=AXIS2_PLACEMENT_3D('',#15189,#12381,#12382);
#11328=AXIS2_PLACEMENT_3D('',#15195,#12386,#12387);
#11329=AXIS2_PLACEMENT_3D('',#15204,#12393,#12394);
#11330=AXIS2_PLACEMENT_3D('',#15208,#12397,#12398);
#11331=AXIS2_PLACEMENT_3D('',#15210,#12400,#12401);
#11332=AXIS2_PLACEMENT_3D('',#15214,#12404,#12405);
#11333=AXIS2_PLACEMENT_3D('',#15218,#12408,#12409);
#11334=AXIS2_PLACEMENT_3D('',#15220,#12411,#12412);
#11335=AXIS2_PLACEMENT_3D('',#15221,#12413,#12414);
#11336=AXIS2_PLACEMENT_3D('',#15222,#12415,#12416);
#11337=AXIS2_PLACEMENT_3D('',#15247,#12429,#12430);
#11338=AXIS2_PLACEMENT_3D('',#15280,#12447,#12448);
#11339=AXIS2_PLACEMENT_3D('',#15289,#12453,#12454);
#11340=AXIS2_PLACEMENT_3D('',#15292,#12457,#12458);
#11341=AXIS2_PLACEMENT_3D('',#15298,#12464,#12465);
#11342=AXIS2_PLACEMENT_3D('',#15301,#12468,#12469);
#11343=AXIS2_PLACEMENT_3D('',#15304,#12472,#12473);
#11344=AXIS2_PLACEMENT_3D('',#15307,#12476,#12477);
#11345=AXIS2_PLACEMENT_3D('',#15308,#12478,#12479);
#11346=AXIS2_PLACEMENT_3D('',#15309,#12480,#12481);
#11347=AXIS2_PLACEMENT_3D('',#15318,#12486,#12487);
#11348=AXIS2_PLACEMENT_3D('',#15324,#12491,#12492);
#11349=AXIS2_PLACEMENT_3D('',#15330,#12496,#12497);
#11350=AXIS2_PLACEMENT_3D('',#15332,#12498,#12499);
#11351=AXIS2_PLACEMENT_3D('',#15335,#12501,#12502);
#11352=AXIS2_PLACEMENT_3D('',#15336,#12503,#12504);
#11353=AXIS2_PLACEMENT_3D('',#15342,#12508,#12509);
#11354=AXIS2_PLACEMENT_3D('',#15344,#12510,#12511);
#11355=AXIS2_PLACEMENT_3D('',#15347,#12513,#12514);
#11356=AXIS2_PLACEMENT_3D('',#15348,#12515,#12516);
#11357=AXIS2_PLACEMENT_3D('',#15351,#12519,#12520);
#11358=AXIS2_PLACEMENT_3D('',#15357,#12524,#12525);
#11359=AXIS2_PLACEMENT_3D('',#15359,#12526,#12527);
#11360=AXIS2_PLACEMENT_3D('',#15362,#12529,#12530);
#11361=AXIS2_PLACEMENT_3D('',#15363,#12531,#12532);
#11362=AXIS2_PLACEMENT_3D('',#15369,#12536,#12537);
#11363=AXIS2_PLACEMENT_3D('',#15370,#12538,#12539);
#11364=AXIS2_PLACEMENT_3D('',#15371,#12540,#12541);
#11365=AXIS2_PLACEMENT_3D('',#15372,#12542,#12543);
#11366=AXIS2_PLACEMENT_3D('',#15373,#12544,#12545);
#11367=AXIS2_PLACEMENT_3D('',#15374,#12546,#12547);
#11368=AXIS2_PLACEMENT_3D('',#15383,#12552,#12553);
#11369=AXIS2_PLACEMENT_3D('',#15385,#12554,#12555);
#11370=AXIS2_PLACEMENT_3D('',#15388,#12557,#12558);
#11371=AXIS2_PLACEMENT_3D('',#15389,#12559,#12560);
#11372=AXIS2_PLACEMENT_3D('',#15395,#12564,#12565);
#11373=AXIS2_PLACEMENT_3D('',#15397,#12566,#12567);
#11374=AXIS2_PLACEMENT_3D('',#15400,#12569,#12570);
#11375=AXIS2_PLACEMENT_3D('',#15401,#12571,#12572);
#11376=AXIS2_PLACEMENT_3D('',#15404,#12575,#12576);
#11377=AXIS2_PLACEMENT_3D('',#15410,#12580,#12581);
#11378=AXIS2_PLACEMENT_3D('',#15412,#12582,#12583);
#11379=AXIS2_PLACEMENT_3D('',#15415,#12585,#12586);
#11380=AXIS2_PLACEMENT_3D('',#15416,#12587,#12588);
#11381=AXIS2_PLACEMENT_3D('',#15422,#12592,#12593);
#11382=AXIS2_PLACEMENT_3D('',#15424,#12594,#12595);
#11383=AXIS2_PLACEMENT_3D('',#15427,#12597,#12598);
#11384=AXIS2_PLACEMENT_3D('',#15428,#12599,#12600);
#11385=AXIS2_PLACEMENT_3D('',#15434,#12604,#12605);
#11386=AXIS2_PLACEMENT_3D('',#15437,#12608,#12609);
#11387=AXIS2_PLACEMENT_3D('',#15438,#12610,#12611);
#11388=AXIS2_PLACEMENT_3D('',#15439,#12612,#12613);
#11389=AXIS2_PLACEMENT_3D('',#15448,#12618,#12619);
#11390=AXIS2_PLACEMENT_3D('',#15454,#12623,#12624);
#11391=AXIS2_PLACEMENT_3D('',#15460,#12628,#12629);
#11392=AXIS2_PLACEMENT_3D('',#15462,#12630,#12631);
#11393=AXIS2_PLACEMENT_3D('',#15465,#12633,#12634);
#11394=AXIS2_PLACEMENT_3D('',#15466,#12635,#12636);
#11395=AXIS2_PLACEMENT_3D('',#15472,#12640,#12641);
#11396=AXIS2_PLACEMENT_3D('',#15474,#12642,#12643);
#11397=AXIS2_PLACEMENT_3D('',#15477,#12645,#12646);
#11398=AXIS2_PLACEMENT_3D('',#15478,#12647,#12648);
#11399=AXIS2_PLACEMENT_3D('',#15481,#12651,#12652);
#11400=AXIS2_PLACEMENT_3D('',#15487,#12656,#12657);
#11401=AXIS2_PLACEMENT_3D('',#15489,#12658,#12659);
#11402=AXIS2_PLACEMENT_3D('',#15492,#12661,#12662);
#11403=AXIS2_PLACEMENT_3D('',#15493,#12663,#12664);
#11404=AXIS2_PLACEMENT_3D('',#15499,#12668,#12669);
#11405=AXIS2_PLACEMENT_3D('',#15500,#12670,#12671);
#11406=AXIS2_PLACEMENT_3D('',#15501,#12672,#12673);
#11407=AXIS2_PLACEMENT_3D('',#15502,#12674,#12675);
#11408=AXIS2_PLACEMENT_3D('',#15503,#12676,#12677);
#11409=AXIS2_PLACEMENT_3D('',#15504,#12678,#12679);
#11410=AXIS2_PLACEMENT_3D('',#15513,#12684,#12685);
#11411=AXIS2_PLACEMENT_3D('',#15519,#12689,#12690);
#11412=AXIS2_PLACEMENT_3D('',#15525,#12694,#12695);
#11413=AXIS2_PLACEMENT_3D('',#15527,#12696,#12697);
#11414=AXIS2_PLACEMENT_3D('',#15530,#12699,#12700);
#11415=AXIS2_PLACEMENT_3D('',#15531,#12701,#12702);
#11416=AXIS2_PLACEMENT_3D('',#15537,#12706,#12707);
#11417=AXIS2_PLACEMENT_3D('',#15539,#12708,#12709);
#11418=AXIS2_PLACEMENT_3D('',#15542,#12711,#12712);
#11419=AXIS2_PLACEMENT_3D('',#15543,#12713,#12714);
#11420=AXIS2_PLACEMENT_3D('',#15546,#12717,#12718);
#11421=AXIS2_PLACEMENT_3D('',#15552,#12722,#12723);
#11422=AXIS2_PLACEMENT_3D('',#15554,#12724,#12725);
#11423=AXIS2_PLACEMENT_3D('',#15557,#12727,#12728);
#11424=AXIS2_PLACEMENT_3D('',#15558,#12729,#12730);
#11425=AXIS2_PLACEMENT_3D('',#15564,#12734,#12735);
#11426=AXIS2_PLACEMENT_3D('',#15565,#12736,#12737);
#11427=AXIS2_PLACEMENT_3D('',#15566,#12738,#12739);
#11428=AXIS2_PLACEMENT_3D('',#15567,#12740,#12741);
#11429=AXIS2_PLACEMENT_3D('',#15568,#12742,#12743);
#11430=AXIS2_PLACEMENT_3D('',#15569,#12744,#12745);
#11431=AXIS2_PLACEMENT_3D('',#15578,#12750,#12751);
#11432=AXIS2_PLACEMENT_3D('',#15580,#12752,#12753);
#11433=AXIS2_PLACEMENT_3D('',#15583,#12755,#12756);
#11434=AXIS2_PLACEMENT_3D('',#15584,#12757,#12758);
#11435=AXIS2_PLACEMENT_3D('',#15590,#12762,#12763);
#11436=AXIS2_PLACEMENT_3D('',#15592,#12764,#12765);
#11437=AXIS2_PLACEMENT_3D('',#15595,#12767,#12768);
#11438=AXIS2_PLACEMENT_3D('',#15596,#12769,#12770);
#11439=AXIS2_PLACEMENT_3D('',#15599,#12773,#12774);
#11440=AXIS2_PLACEMENT_3D('',#15605,#12778,#12779);
#11441=AXIS2_PLACEMENT_3D('',#15607,#12780,#12781);
#11442=AXIS2_PLACEMENT_3D('',#15610,#12783,#12784);
#11443=AXIS2_PLACEMENT_3D('',#15611,#12785,#12786);
#11444=AXIS2_PLACEMENT_3D('',#15617,#12790,#12791);
#11445=AXIS2_PLACEMENT_3D('',#15619,#12792,#12793);
#11446=AXIS2_PLACEMENT_3D('',#15622,#12795,#12796);
#11447=AXIS2_PLACEMENT_3D('',#15623,#12797,#12798);
#11448=AXIS2_PLACEMENT_3D('',#15629,#12802,#12803);
#11449=AXIS2_PLACEMENT_3D('',#15632,#12806,#12807);
#11450=AXIS2_PLACEMENT_3D('',#15633,#12808,#12809);
#11451=AXIS2_PLACEMENT_3D('',#15634,#12810,#12811);
#11452=AXIS2_PLACEMENT_3D('',#15635,#12812,#12813);
#11453=AXIS2_PLACEMENT_3D('',#15652,#12822,#12823);
#11454=AXIS2_PLACEMENT_3D('',#15658,#12827,#12828);
#11455=AXIS2_PLACEMENT_3D('',#15664,#12832,#12833);
#11456=AXIS2_PLACEMENT_3D('',#15666,#12835,#12836);
#11457=AXIS2_PLACEMENT_3D('',#15673,#12841,#12842);
#11458=AXIS2_PLACEMENT_3D('',#15674,#12843,#12844);
#11459=AXIS2_PLACEMENT_3D('',#15680,#12848,#12849);
#11460=AXIS2_PLACEMENT_3D('',#15730,#12875,#12876);
#11461=AXIS2_PLACEMENT_3D('',#15744,#12884,#12885);
#11462=AXIS2_PLACEMENT_3D('',#15750,#12889,#12890);
#11463=AXIS2_PLACEMENT_3D('',#15756,#12894,#12895);
#11464=AXIS2_PLACEMENT_3D('',#15761,#12899,#12900);
#11465=AXIS2_PLACEMENT_3D('',#15763,#12902,#12903);
#11466=AXIS2_PLACEMENT_3D('',#15764,#12904,#12905);
#11467=AXIS2_PLACEMENT_3D('',#15768,#12908,#12909);
#11468=AXIS2_PLACEMENT_3D('',#15782,#12917,#12918);
#11469=AXIS2_PLACEMENT_3D('',#15788,#12922,#12923);
#11470=AXIS2_PLACEMENT_3D('',#15794,#12927,#12928);
#11471=AXIS2_PLACEMENT_3D('',#15797,#12931,#12932);
#11472=AXIS2_PLACEMENT_3D('',#15798,#12933,#12934);
#11473=AXIS2_PLACEMENT_3D('',#15802,#12937,#12938);
#11474=AXIS2_PLACEMENT_3D('',#15804,#12940,#12941);
#11475=AXIS2_PLACEMENT_3D('',#15818,#12949,#12950);
#11476=AXIS2_PLACEMENT_3D('',#15824,#12954,#12955);
#11477=AXIS2_PLACEMENT_3D('',#15830,#12959,#12960);
#11478=AXIS2_PLACEMENT_3D('',#15835,#12964,#12965);
#11479=AXIS2_PLACEMENT_3D('',#15837,#12967,#12968);
#11480=AXIS2_PLACEMENT_3D('',#15838,#12969,#12970);
#11481=AXIS2_PLACEMENT_3D('',#15870,#12988,#12989);
#11482=AXIS2_PLACEMENT_3D('',#15872,#12991,#12992);
#11483=AXIS2_PLACEMENT_3D('',#15882,#12998,#12999);
#11484=AXIS2_PLACEMENT_3D('',#15886,#13002,#13003);
#11485=AXIS2_PLACEMENT_3D('',#15890,#13006,#13007);
#11486=AXIS2_PLACEMENT_3D('',#15894,#13010,#13011);
#11487=AXIS2_PLACEMENT_3D('',#15898,#13014,#13015);
#11488=AXIS2_PLACEMENT_3D('',#15901,#13018,#13019);
#11489=AXIS2_PLACEMENT_3D('',#15902,#13020,#13021);
#11490=AXIS2_PLACEMENT_3D('',#15904,#13023,#13024);
#11491=AXIS2_PLACEMENT_3D('',#15914,#13030,#13031);
#11492=AXIS2_PLACEMENT_3D('',#15918,#13034,#13035);
#11493=AXIS2_PLACEMENT_3D('',#15922,#13038,#13039);
#11494=AXIS2_PLACEMENT_3D('',#15928,#13043,#13044);
#11495=AXIS2_PLACEMENT_3D('',#15931,#13047,#13048);
#11496=AXIS2_PLACEMENT_3D('',#15932,#13049,#13050);
#11497=AXIS2_PLACEMENT_3D('',#15933,#13051,#13052);
#11498=AXIS2_PLACEMENT_3D('',#15944,#13059,#13060);
#11499=AXIS2_PLACEMENT_3D('',#15948,#13063,#13064);
#11500=AXIS2_PLACEMENT_3D('',#15952,#13067,#13068);
#11501=AXIS2_PLACEMENT_3D('',#15956,#13071,#13072);
#11502=AXIS2_PLACEMENT_3D('',#15960,#13075,#13076);
#11503=AXIS2_PLACEMENT_3D('',#15963,#13079,#13080);
#11504=AXIS2_PLACEMENT_3D('',#15964,#13081,#13082);
#11505=AXIS2_PLACEMENT_3D('',#15966,#13084,#13085);
#11506=AXIS2_PLACEMENT_3D('',#15967,#13086,#13087);
#11507=AXIS2_PLACEMENT_3D('',#15977,#13093,#13094);
#11508=AXIS2_PLACEMENT_3D('',#15981,#13097,#13098);
#11509=AXIS2_PLACEMENT_3D('',#15985,#13101,#13102);
#11510=AXIS2_PLACEMENT_3D('',#15989,#13105,#13106);
#11511=AXIS2_PLACEMENT_3D('',#15993,#13109,#13110);
#11512=AXIS2_PLACEMENT_3D('',#15995,#13112,#13113);
#11513=AXIS2_PLACEMENT_3D('',#15996,#13114,#13115);
#11514=AXIS2_PLACEMENT_3D('',#15997,#13116,#13117);
#11515=AXIS2_PLACEMENT_3D('',#15998,#13118,#13119);
#11516=AXIS2_PLACEMENT_3D('',#16007,#13123,#13124);
#11517=AXIS2_PLACEMENT_3D('',#16011,#13126,#13127);
#11518=AXIS2_PLACEMENT_3D('',#16019,#13131,#13132);
#11519=AXIS2_PLACEMENT_3D('',#16022,#13134,#13135);
#11520=AXIS2_PLACEMENT_3D('',#16023,#13136,#13137);
#11521=AXIS2_PLACEMENT_3D('',#16029,#13141,#13142);
#11522=AXIS2_PLACEMENT_3D('',#16033,#13145,#13146);
#11523=AXIS2_PLACEMENT_3D('',#16035,#13147,#13148);
#11524=AXIS2_PLACEMENT_3D('',#16037,#13150,#13151);
#11525=AXIS2_PLACEMENT_3D('',#16041,#13154,#13155);
#11526=AXIS2_PLACEMENT_3D('',#16043,#13156,#13157);
#11527=AXIS2_PLACEMENT_3D('',#16045,#13159,#13160);
#11528=AXIS2_PLACEMENT_3D('',#16049,#13163,#13164);
#11529=AXIS2_PLACEMENT_3D('',#16055,#13168,#13169);
#11530=AXIS2_PLACEMENT_3D('',#16057,#13170,#13171);
#11531=AXIS2_PLACEMENT_3D('',#16059,#13173,#13174);
#11532=AXIS2_PLACEMENT_3D('',#16063,#13177,#13178);
#11533=AXIS2_PLACEMENT_3D('',#16065,#13179,#13180);
#11534=AXIS2_PLACEMENT_3D('',#16067,#13182,#13183);
#11535=AXIS2_PLACEMENT_3D('',#16069,#13185,#13186);
#11536=AXIS2_PLACEMENT_3D('',#16071,#13188,#13189);
#11537=AXIS2_PLACEMENT_3D('',#16077,#13193,#13194);
#11538=AXIS2_PLACEMENT_3D('',#16083,#13198,#13199);
#11539=AXIS2_PLACEMENT_3D('',#16092,#13204,#13205);
#11540=AXIS2_PLACEMENT_3D('',#16101,#13210,#13211);
#11541=AXIS2_PLACEMENT_3D('',#16110,#13216,#13217);
#11542=AXIS2_PLACEMENT_3D('',#16119,#13222,#13223);
#11543=AXIS2_PLACEMENT_3D('',#16128,#13228,#13229);
#11544=AXIS2_PLACEMENT_3D('',#16134,#13233,#13234);
#11545=AXIS2_PLACEMENT_3D('',#16137,#13237,#13238);
#11546=AXIS2_PLACEMENT_3D('',#16143,#13242,#13243);
#11547=AXIS2_PLACEMENT_3D('',#16152,#13248,#13249);
#11548=AXIS2_PLACEMENT_3D('',#16161,#13254,#13255);
#11549=AXIS2_PLACEMENT_3D('',#16170,#13260,#13261);
#11550=AXIS2_PLACEMENT_3D('',#16176,#13265,#13266);
#11551=AXIS2_PLACEMENT_3D('',#16182,#13270,#13271);
#11552=AXIS2_PLACEMENT_3D('',#16184,#13272,#13273);
#11553=AXIS2_PLACEMENT_3D('',#16187,#13275,#13276);
#11554=AXIS2_PLACEMENT_3D('',#16188,#13277,#13278);
#11555=AXIS2_PLACEMENT_3D('',#16194,#13282,#13283);
#11556=AXIS2_PLACEMENT_3D('',#16196,#13284,#13285);
#11557=AXIS2_PLACEMENT_3D('',#16199,#13287,#13288);
#11558=AXIS2_PLACEMENT_3D('',#16200,#13289,#13290);
#11559=AXIS2_PLACEMENT_3D('',#16204,#13294,#13295);
#11560=AXIS2_PLACEMENT_3D('',#16211,#13300,#13301);
#11561=AXIS2_PLACEMENT_3D('',#16213,#13302,#13303);
#11562=AXIS2_PLACEMENT_3D('',#16216,#13305,#13306);
#11563=AXIS2_PLACEMENT_3D('',#16217,#13307,#13308);
#11564=AXIS2_PLACEMENT_3D('',#16223,#13312,#13313);
#11565=AXIS2_PLACEMENT_3D('',#16224,#13314,#13315);
#11566=AXIS2_PLACEMENT_3D('',#16225,#13316,#13317);
#11567=AXIS2_PLACEMENT_3D('',#16226,#13318,#13319);
#11568=AXIS2_PLACEMENT_3D('',#16227,#13320,#13321);
#11569=AXIS2_PLACEMENT_3D('',#16228,#13322,#13323);
#11570=AXIS2_PLACEMENT_3D('',#16233,#13328,#13329);
#11571=AXIS2_PLACEMENT_3D('',#16238,#13334,#13335);
#11572=AXIS2_PLACEMENT_3D('',#16243,#13340,#13341);
#11573=AXIS2_PLACEMENT_3D('',#16248,#13346,#13347);
#11574=AXIS2_PLACEMENT_3D('',#16249,#13348,#13349);
#11575=AXIS2_PLACEMENT_3D('',#16250,#13350,#13351);
#11576=AXIS2_PLACEMENT_3D('',#16251,#13352,#13353);
#11577=AXIS2_PLACEMENT_3D('',#16252,#13354,#13355);
#11578=AXIS2_PLACEMENT_3D('',#16261,#13360,#13361);
#11579=AXIS2_PLACEMENT_3D('',#16263,#13362,#13363);
#11580=AXIS2_PLACEMENT_3D('',#16266,#13365,#13366);
#11581=AXIS2_PLACEMENT_3D('',#16267,#13367,#13368);
#11582=AXIS2_PLACEMENT_3D('',#16273,#13372,#13373);
#11583=AXIS2_PLACEMENT_3D('',#16275,#13374,#13375);
#11584=AXIS2_PLACEMENT_3D('',#16278,#13377,#13378);
#11585=AXIS2_PLACEMENT_3D('',#16279,#13379,#13380);
#11586=AXIS2_PLACEMENT_3D('',#16282,#13383,#13384);
#11587=AXIS2_PLACEMENT_3D('',#16288,#13388,#13389);
#11588=AXIS2_PLACEMENT_3D('',#16290,#13390,#13391);
#11589=AXIS2_PLACEMENT_3D('',#16293,#13393,#13394);
#11590=AXIS2_PLACEMENT_3D('',#16294,#13395,#13396);
#11591=AXIS2_PLACEMENT_3D('',#16300,#13400,#13401);
#11592=AXIS2_PLACEMENT_3D('',#16302,#13402,#13403);
#11593=AXIS2_PLACEMENT_3D('',#16305,#13405,#13406);
#11594=AXIS2_PLACEMENT_3D('',#16306,#13407,#13408);
#11595=AXIS2_PLACEMENT_3D('',#16312,#13412,#13413);
#11596=AXIS2_PLACEMENT_3D('',#16315,#13416,#13417);
#11597=AXIS2_PLACEMENT_3D('',#16316,#13418,#13419);
#11598=AXIS2_PLACEMENT_3D('',#16317,#13420,#13421);
#11599=AXIS2_PLACEMENT_3D('',#16326,#13426,#13427);
#11600=AXIS2_PLACEMENT_3D('',#16328,#13428,#13429);
#11601=AXIS2_PLACEMENT_3D('',#16331,#13431,#13432);
#11602=AXIS2_PLACEMENT_3D('',#16332,#13433,#13434);
#11603=AXIS2_PLACEMENT_3D('',#16338,#13438,#13439);
#11604=AXIS2_PLACEMENT_3D('',#16340,#13440,#13441);
#11605=AXIS2_PLACEMENT_3D('',#16343,#13443,#13444);
#11606=AXIS2_PLACEMENT_3D('',#16344,#13445,#13446);
#11607=AXIS2_PLACEMENT_3D('',#16347,#13449,#13450);
#11608=AXIS2_PLACEMENT_3D('',#16353,#13454,#13455);
#11609=AXIS2_PLACEMENT_3D('',#16355,#13456,#13457);
#11610=AXIS2_PLACEMENT_3D('',#16358,#13459,#13460);
#11611=AXIS2_PLACEMENT_3D('',#16359,#13461,#13462);
#11612=AXIS2_PLACEMENT_3D('',#16365,#13466,#13467);
#11613=AXIS2_PLACEMENT_3D('',#16367,#13468,#13469);
#11614=AXIS2_PLACEMENT_3D('',#16370,#13471,#13472);
#11615=AXIS2_PLACEMENT_3D('',#16371,#13473,#13474);
#11616=AXIS2_PLACEMENT_3D('',#16377,#13478,#13479);
#11617=AXIS2_PLACEMENT_3D('',#16380,#13482,#13483);
#11618=AXIS2_PLACEMENT_3D('',#16381,#13484,#13485);
#11619=AXIS2_PLACEMENT_3D('',#16382,#13486,#13487);
#11620=AXIS2_PLACEMENT_3D('',#16391,#13492,#13493);
#11621=AXIS2_PLACEMENT_3D('',#16397,#13497,#13498);
#11622=AXIS2_PLACEMENT_3D('',#16403,#13502,#13503);
#11623=AXIS2_PLACEMENT_3D('',#16405,#13504,#13505);
#11624=AXIS2_PLACEMENT_3D('',#16408,#13507,#13508);
#11625=AXIS2_PLACEMENT_3D('',#16409,#13509,#13510);
#11626=AXIS2_PLACEMENT_3D('',#16415,#13514,#13515);
#11627=AXIS2_PLACEMENT_3D('',#16417,#13516,#13517);
#11628=AXIS2_PLACEMENT_3D('',#16420,#13519,#13520);
#11629=AXIS2_PLACEMENT_3D('',#16421,#13521,#13522);
#11630=AXIS2_PLACEMENT_3D('',#16424,#13525,#13526);
#11631=AXIS2_PLACEMENT_3D('',#16430,#13530,#13531);
#11632=AXIS2_PLACEMENT_3D('',#16432,#13532,#13533);
#11633=AXIS2_PLACEMENT_3D('',#16435,#13535,#13536);
#11634=AXIS2_PLACEMENT_3D('',#16436,#13537,#13538);
#11635=AXIS2_PLACEMENT_3D('',#16442,#13542,#13543);
#11636=AXIS2_PLACEMENT_3D('',#16443,#13544,#13545);
#11637=AXIS2_PLACEMENT_3D('',#16444,#13546,#13547);
#11638=AXIS2_PLACEMENT_3D('',#16445,#13548,#13549);
#11639=AXIS2_PLACEMENT_3D('',#16446,#13550,#13551);
#11640=AXIS2_PLACEMENT_3D('',#16447,#13552,#13553);
#11641=AXIS2_PLACEMENT_3D('',#16456,#13558,#13559);
#11642=AXIS2_PLACEMENT_3D('',#16462,#13563,#13564);
#11643=AXIS2_PLACEMENT_3D('',#16468,#13568,#13569);
#11644=AXIS2_PLACEMENT_3D('',#16470,#13570,#13571);
#11645=AXIS2_PLACEMENT_3D('',#16473,#13573,#13574);
#11646=AXIS2_PLACEMENT_3D('',#16474,#13575,#13576);
#11647=AXIS2_PLACEMENT_3D('',#16480,#13580,#13581);
#11648=AXIS2_PLACEMENT_3D('',#16482,#13582,#13583);
#11649=AXIS2_PLACEMENT_3D('',#16485,#13585,#13586);
#11650=AXIS2_PLACEMENT_3D('',#16486,#13587,#13588);
#11651=AXIS2_PLACEMENT_3D('',#16489,#13591,#13592);
#11652=AXIS2_PLACEMENT_3D('',#16495,#13596,#13597);
#11653=AXIS2_PLACEMENT_3D('',#16497,#13598,#13599);
#11654=AXIS2_PLACEMENT_3D('',#16500,#13601,#13602);
#11655=AXIS2_PLACEMENT_3D('',#16501,#13603,#13604);
#11656=AXIS2_PLACEMENT_3D('',#16507,#13608,#13609);
#11657=AXIS2_PLACEMENT_3D('',#16508,#13610,#13611);
#11658=AXIS2_PLACEMENT_3D('',#16509,#13612,#13613);
#11659=AXIS2_PLACEMENT_3D('',#16510,#13614,#13615);
#11660=AXIS2_PLACEMENT_3D('',#16511,#13616,#13617);
#11661=AXIS2_PLACEMENT_3D('',#16512,#13618,#13619);
#11662=AXIS2_PLACEMENT_3D('',#16513,#13620,#13621);
#11663=AXIS2_PLACEMENT_3D('',#16520,#13625,#13626);
#11664=AXIS2_PLACEMENT_3D('',#16527,#13630,#13631);
#11665=AXIS2_PLACEMENT_3D('',#16530,#13634,#13635);
#11666=AXIS2_PLACEMENT_3D('',#16532,#13637,#13638);
#11667=AXIS2_PLACEMENT_3D('',#16533,#13639,#13640);
#11668=AXIS2_PLACEMENT_3D('',#16542,#13645,#13646);
#11669=AXIS2_PLACEMENT_3D('',#16551,#13651,#13652);
#11670=AXIS2_PLACEMENT_3D('',#16560,#13657,#13658);
#11671=AXIS2_PLACEMENT_3D('',#16566,#13662,#13663);
#11672=AXIS2_PLACEMENT_3D('',#16568,#13664,#13665);
#11673=AXIS2_PLACEMENT_3D('',#16570,#13666,#13667);
#11674=AXIS2_PLACEMENT_3D('',#16572,#13669,#13670);
#11675=AXIS2_PLACEMENT_3D('',#16575,#13673,#13674);
#11676=AXIS2_PLACEMENT_3D('',#16581,#13678,#13679);
#11677=AXIS2_PLACEMENT_3D('',#16587,#13683,#13684);
#11678=AXIS2_PLACEMENT_3D('',#16596,#13689,#13690);
#11679=AXIS2_PLACEMENT_3D('',#16597,#13691,#13692);
#11680=AXIS2_PLACEMENT_3D('',#16621,#13696,#13697);
#11681=AXIS2_PLACEMENT_3D('',#16622,#13698,#13699);
#11682=AXIS2_PLACEMENT_3D('',#16628,#13703,#13704);
#11683=AXIS2_PLACEMENT_3D('',#16631,#13707,#13708);
#11684=AXIS2_PLACEMENT_3D('',#16634,#13711,#13712);
#11685=AXIS2_PLACEMENT_3D('',#16635,#13713,#13714);
#11686=AXIS2_PLACEMENT_3D('',#16636,#13715,#13716);
#11687=AXIS2_PLACEMENT_3D('',#16645,#13721,#13722);
#11688=AXIS2_PLACEMENT_3D('',#16654,#13727,#13728);
#11689=AXIS2_PLACEMENT_3D('',#16663,#13733,#13734);
#11690=AXIS2_PLACEMENT_3D('',#16669,#13738,#13739);
#11691=AXIS2_PLACEMENT_3D('',#16673,#13741,#13742);
#11692=AXIS2_PLACEMENT_3D('',#16674,#13743,#13744);
#11693=AXIS2_PLACEMENT_3D('',#16675,#13745,#13746);
#11694=AXIS2_PLACEMENT_3D('',#16678,#13749,#13750);
#11695=AXIS2_PLACEMENT_3D('',#16684,#13754,#13755);
#11696=AXIS2_PLACEMENT_3D('',#16690,#13759,#13760);
#11697=AXIS2_PLACEMENT_3D('',#16699,#13765,#13766);
#11698=AXIS2_PLACEMENT_3D('',#16705,#13770,#13771);
#11699=AXIS2_PLACEMENT_3D('',#16724,#13772,#13773);
#11700=AXIS2_PLACEMENT_3D('',#16725,#13774,#13775);
#11701=AXIS2_PLACEMENT_3D('',#16731,#13779,#13780);
#11702=AXIS2_PLACEMENT_3D('',#16734,#13783,#13784);
#11703=AXIS2_PLACEMENT_3D('',#16737,#13787,#13788);
#11704=AXIS2_PLACEMENT_3D('',#16738,#13789,#13790);
#11705=AXIS2_PLACEMENT_3D('',#16739,#13791,#13792);
#11706=AXIS2_PLACEMENT_3D('',#16748,#13797,#13798);
#11707=AXIS2_PLACEMENT_3D('',#16757,#13803,#13804);
#11708=AXIS2_PLACEMENT_3D('',#16763,#13808,#13809);
#11709=AXIS2_PLACEMENT_3D('',#16769,#13813,#13814);
#11710=AXIS2_PLACEMENT_3D('',#16779,#13819,#13820);
#11711=AXIS2_PLACEMENT_3D('',#16803,#13824,#13825);
#11712=AXIS2_PLACEMENT_3D('',#16804,#13826,#13827);
#11713=AXIS2_PLACEMENT_3D('',#16809,#13831,#13832);
#11714=AXIS2_PLACEMENT_3D('',#16811,#13834,#13835);
#11715=AXIS2_PLACEMENT_3D('',#16813,#13837,#13838);
#11716=AXIS2_PLACEMENT_3D('',#16839,#13842,#13843);
#11717=AXIS2_PLACEMENT_3D('',#16843,#13845,#13846);
#11718=AXIS2_PLACEMENT_3D('',#16845,#13848,#13849);
#11719=AXIS2_PLACEMENT_3D('',#16848,#13852,#13853);
#11720=AXIS2_PLACEMENT_3D('',#16854,#13857,#13858);
#11721=AXIS2_PLACEMENT_3D('',#16857,#13861,#13862);
#11722=AXIS2_PLACEMENT_3D('',#16863,#13866,#13867);
#11723=AXIS2_PLACEMENT_3D('',#16864,#13868,#13869);
#11724=AXIS2_PLACEMENT_3D('',#16870,#13873,#13874);
#11725=AXIS2_PLACEMENT_3D('',#16871,#13875,#13876);
#11726=AXIS2_PLACEMENT_3D('',#16880,#13881,#13882);
#11727=AXIS2_PLACEMENT_3D('',#16886,#13886,#13887);
#11728=AXIS2_PLACEMENT_3D('',#16895,#13892,#13893);
#11729=AXIS2_PLACEMENT_3D('',#16898,#13895,#13896);
#11730=AXIS2_PLACEMENT_3D('',#16899,#13897,#13898);
#11731=AXIS2_PLACEMENT_3D('',#16900,#13899,#13900);
#11732=AXIS2_PLACEMENT_3D('',#16901,#13901,#13902);
#11733=AXIS2_PLACEMENT_3D('',#16902,#13903,#13904);
#11734=AXIS2_PLACEMENT_3D('',#16904,#13905,#13906);
#11735=AXIS2_PLACEMENT_3D('',#16906,#13908,#13909);
#11736=AXIS2_PLACEMENT_3D('',#16908,#13911,#13912);
#11737=AXIS2_PLACEMENT_3D('',#16909,#13913,#13914);
#11738=AXIS2_PLACEMENT_3D('',#16910,#13915,#13916);
#11739=AXIS2_PLACEMENT_3D('',#16919,#13921,#13922);
#11740=AXIS2_PLACEMENT_3D('',#16925,#13926,#13927);
#11741=AXIS2_PLACEMENT_3D('',#16931,#13931,#13932);
#11742=AXIS2_PLACEMENT_3D('',#16934,#13935,#13936);
#11743=AXIS2_PLACEMENT_3D('',#16935,#13937,#13938);
#11744=AXIS2_PLACEMENT_3D('',#16936,#13939,#13940);
#11745=AXIS2_PLACEMENT_3D('',#16945,#13945,#13946);
#11746=AXIS2_PLACEMENT_3D('',#16951,#13950,#13951);
#11747=AXIS2_PLACEMENT_3D('',#16957,#13955,#13956);
#11748=AXIS2_PLACEMENT_3D('',#16960,#13959,#13960);
#11749=AXIS2_PLACEMENT_3D('',#16961,#13961,#13962);
#11750=AXIS2_PLACEMENT_3D('',#16962,#13963,#13964);
#11751=AXIS2_PLACEMENT_3D('',#16971,#13969,#13970);
#11752=AXIS2_PLACEMENT_3D('',#16977,#13974,#13975);
#11753=AXIS2_PLACEMENT_3D('',#16983,#13979,#13980);
#11754=AXIS2_PLACEMENT_3D('',#16986,#13983,#13984);
#11755=AXIS2_PLACEMENT_3D('',#16987,#13985,#13986);
#11756=AXIS2_PLACEMENT_3D('',#16988,#13987,#13988);
#11757=AXIS2_PLACEMENT_3D('',#16997,#13993,#13994);
#11758=AXIS2_PLACEMENT_3D('',#17003,#13998,#13999);
#11759=AXIS2_PLACEMENT_3D('',#17009,#14003,#14004);
#11760=AXIS2_PLACEMENT_3D('',#17012,#14007,#14008);
#11761=AXIS2_PLACEMENT_3D('',#17013,#14009,#14010);
#11762=AXIS2_PLACEMENT_3D('',#17014,#14011,#14012);
#11763=AXIS2_PLACEMENT_3D('',#17023,#14017,#14018);
#11764=AXIS2_PLACEMENT_3D('',#17029,#14022,#14023);
#11765=AXIS2_PLACEMENT_3D('',#17035,#14027,#14028);
#11766=AXIS2_PLACEMENT_3D('',#17038,#14031,#14032);
#11767=AXIS2_PLACEMENT_3D('',#17039,#14033,#14034);
#11768=AXIS2_PLACEMENT_3D('',#17040,#14035,#14036);
#11769=AXIS2_PLACEMENT_3D('',#17049,#14041,#14042);
#11770=AXIS2_PLACEMENT_3D('',#17055,#14046,#14047);
#11771=AXIS2_PLACEMENT_3D('',#17061,#14051,#14052);
#11772=AXIS2_PLACEMENT_3D('',#17064,#14055,#14056);
#11773=AXIS2_PLACEMENT_3D('',#17065,#14057,#14058);
#11774=AXIS2_PLACEMENT_3D('',#17066,#14059,#14060);
#11775=AXIS2_PLACEMENT_3D('',#17075,#14065,#14066);
#11776=AXIS2_PLACEMENT_3D('',#17081,#14070,#14071);
#11777=AXIS2_PLACEMENT_3D('',#17087,#14075,#14076);
#11778=AXIS2_PLACEMENT_3D('',#17090,#14079,#14080);
#11779=AXIS2_PLACEMENT_3D('',#17091,#14081,#14082);
#11780=AXIS2_PLACEMENT_3D('',#17092,#14083,#14084);
#11781=AXIS2_PLACEMENT_3D('',#17101,#14089,#14090);
#11782=AXIS2_PLACEMENT_3D('',#17107,#14094,#14095);
#11783=AXIS2_PLACEMENT_3D('',#17113,#14099,#14100);
#11784=AXIS2_PLACEMENT_3D('',#17116,#14103,#14104);
#11785=AXIS2_PLACEMENT_3D('',#17117,#14105,#14106);
#11786=AXIS2_PLACEMENT_3D('',#17118,#14107,#14108);
#11787=AXIS2_PLACEMENT_3D('',#17127,#14113,#14114);
#11788=AXIS2_PLACEMENT_3D('',#17133,#14118,#14119);
#11789=AXIS2_PLACEMENT_3D('',#17139,#14123,#14124);
#11790=AXIS2_PLACEMENT_3D('',#17142,#14127,#14128);
#11791=AXIS2_PLACEMENT_3D('',#17143,#14129,#14130);
#11792=AXIS2_PLACEMENT_3D('',#17144,#14131,#14132);
#11793=AXIS2_PLACEMENT_3D('',#17146,#14133,#14134);
#11794=AXIS2_PLACEMENT_3D('',#17149,#14136,#14137);
#11795=AXIS2_PLACEMENT_3D('',#17150,#14138,#14139);
#11796=AXIS2_PLACEMENT_3D('',#17151,#14140,#14141);
#11797=AXIS2_PLACEMENT_3D('',#17153,#14142,#14143);
#11798=AXIS2_PLACEMENT_3D('',#17156,#14145,#14146);
#11799=AXIS2_PLACEMENT_3D('',#17157,#14147,#14148);
#11800=AXIS2_PLACEMENT_3D('',#17159,#14149,#14150);
#11801=AXIS2_PLACEMENT_3D('',#17162,#14152,#14153);
#11802=AXIS2_PLACEMENT_3D('',#17163,#14154,#14155);
#11803=AXIS2_PLACEMENT_3D('',#17165,#14156,#14157);
#11804=AXIS2_PLACEMENT_3D('',#17166,#14158,#14159);
#11805=AXIS2_PLACEMENT_3D('',#17168,#14160,#14161);
#11806=AXIS2_PLACEMENT_3D('',#17170,#14163,#14164);
#11807=AXIS2_PLACEMENT_3D('',#17172,#14165,#14166);
#11808=AXIS2_PLACEMENT_3D('',#17173,#14167,#14168);
#11809=AXIS2_PLACEMENT_3D('',#17175,#14169,#14170);
#11810=AXIS2_PLACEMENT_3D('',#17177,#14172,#14173);
#11811=AXIS2_PLACEMENT_3D('',#17178,#14174,#14175);
#11812=AXIS2_PLACEMENT_3D('',#17187,#14180,#14181);
#11813=AXIS2_PLACEMENT_3D('',#17193,#14185,#14186);
#11814=AXIS2_PLACEMENT_3D('',#17197,#14189,#14190);
#11815=AXIS2_PLACEMENT_3D('',#17201,#14193,#14194);
#11816=AXIS2_PLACEMENT_3D('',#17203,#14196,#14197);
#11817=AXIS2_PLACEMENT_3D('',#17204,#14198,#14199);
#11818=AXIS2_PLACEMENT_3D('',#17205,#14200,#14201);
#11819=AXIS2_PLACEMENT_3D('',#17206,#14202,#14203);
#11820=AXIS2_PLACEMENT_3D('',#17215,#14208,#14209);
#11821=AXIS2_PLACEMENT_3D('',#17221,#14213,#14214);
#11822=AXIS2_PLACEMENT_3D('',#17227,#14218,#14219);
#11823=AXIS2_PLACEMENT_3D('',#17236,#14224,#14225);
#11824=AXIS2_PLACEMENT_3D('',#17242,#14229,#14230);
#11825=AXIS2_PLACEMENT_3D('',#17244,#14232,#14233);
#11826=AXIS2_PLACEMENT_3D('',#17250,#14237,#14238);
#11827=AXIS2_PLACEMENT_3D('',#17252,#14240,#14241);
#11828=AXIS2_PLACEMENT_3D('',#17263,#14248,#14249);
#11829=AXIS2_PLACEMENT_3D('',#17269,#14253,#14254);
#11830=AXIS2_PLACEMENT_3D('',#17273,#14257,#14258);
#11831=AXIS2_PLACEMENT_3D('',#17277,#14261,#14262);
#11832=AXIS2_PLACEMENT_3D('',#17279,#14264,#14265);
#11833=AXIS2_PLACEMENT_3D('',#17280,#14266,#14267);
#11834=AXIS2_PLACEMENT_3D('',#17281,#14268,#14269);
#11835=AXIS2_PLACEMENT_3D('',#17290,#14274,#14275);
#11836=AXIS2_PLACEMENT_3D('',#17296,#14279,#14280);
#11837=AXIS2_PLACEMENT_3D('',#17302,#14284,#14285);
#11838=AXIS2_PLACEMENT_3D('',#17311,#14290,#14291);
#11839=AXIS2_PLACEMENT_3D('',#17317,#14295,#14296);
#11840=AXIS2_PLACEMENT_3D('',#17319,#14298,#14299);
#11841=AXIS2_PLACEMENT_3D('',#17325,#14303,#14304);
#11842=AXIS2_PLACEMENT_3D('',#17327,#14306,#14307);
#11843=AXIS2_PLACEMENT_3D('',#17338,#14314,#14315);
#11844=AXIS2_PLACEMENT_3D('',#17344,#14319,#14320);
#11845=AXIS2_PLACEMENT_3D('',#17348,#14323,#14324);
#11846=AXIS2_PLACEMENT_3D('',#17352,#14327,#14328);
#11847=AXIS2_PLACEMENT_3D('',#17354,#14330,#14331);
#11848=AXIS2_PLACEMENT_3D('',#17355,#14332,#14333);
#11849=AXIS2_PLACEMENT_3D('',#17356,#14334,#14335);
#11850=AXIS2_PLACEMENT_3D('',#17365,#14340,#14341);
#11851=AXIS2_PLACEMENT_3D('',#17371,#14345,#14346);
#11852=AXIS2_PLACEMENT_3D('',#17407,#14365,#14366);
#11853=AXIS2_PLACEMENT_3D('',#17411,#14369,#14370);
#11854=AXIS2_PLACEMENT_3D('',#17413,#14372,#14373);
#11855=AXIS2_PLACEMENT_3D('',#17414,#14374,#14375);
#11856=AXIS2_PLACEMENT_3D('',#17420,#14379,#14380);
#11857=AXIS2_PLACEMENT_3D('',#17426,#14384,#14385);
#11858=AXIS2_PLACEMENT_3D('',#17438,#14392,#14393);
#11859=AXIS2_PLACEMENT_3D('',#17444,#14397,#14398);
#11860=AXIS2_PLACEMENT_3D('',#17450,#14402,#14403);
#11861=AXIS2_PLACEMENT_3D('',#17454,#14406,#14407);
#11862=AXIS2_PLACEMENT_3D('',#17458,#14410,#14411);
#11863=AXIS2_PLACEMENT_3D('',#17464,#14415,#14416);
#11864=AXIS2_PLACEMENT_3D('',#17470,#14420,#14421);
#11865=AXIS2_PLACEMENT_3D('',#17474,#14424,#14425);
#11866=AXIS2_PLACEMENT_3D('',#17476,#14427,#14428);
#11867=AXIS2_PLACEMENT_3D('',#17486,#14434,#14435);
#11868=AXIS2_PLACEMENT_3D('',#17488,#14437,#14438);
#11869=AXIS2_PLACEMENT_3D('',#17490,#14440,#14441);
#11870=AXIS2_PLACEMENT_3D('',#17492,#14443,#14444);
#11871=AXIS2_PLACEMENT_3D('',#17494,#14446,#14447);
#11872=AXIS2_PLACEMENT_3D('',#17529,#14466,#14467);
#11873=AXIS2_PLACEMENT_3D('',#17530,#14468,#14469);
#11874=AXIS2_PLACEMENT_3D('',#17536,#14473,#14474);
#11875=AXIS2_PLACEMENT_3D('',#17538,#14476,#14477);
#11876=AXIS2_PLACEMENT_3D('',#17540,#14479,#14480);
#11877=AXIS2_PLACEMENT_3D('',#17541,#14481,#14482);
#11878=AXIS2_PLACEMENT_3D('',#17542,#14483,#14484);
#11879=AXIS2_PLACEMENT_3D('',#17548,#14488,#14489);
#11880=AXIS2_PLACEMENT_3D('',#17550,#14491,#14492);
#11881=AXIS2_PLACEMENT_3D('',#17552,#14494,#14495);
#11882=AXIS2_PLACEMENT_3D('',#17558,#14499,#14500);
#11883=AXIS2_PLACEMENT_3D('',#17559,#14501,#14502);
#11884=AXIS2_PLACEMENT_3D('',#17565,#14506,#14507);
#11885=AXIS2_PLACEMENT_3D('',#17587,#14519,#14520);
#11886=AXIS2_PLACEMENT_3D('',#17632,#14544,#14545);
#11887=AXIS2_PLACEMENT_3D('',#17636,#14548,#14549);
#11888=AXIS2_PLACEMENT_3D('',#17645,#14555,#14556);
#11889=AXIS2_PLACEMENT_3D('',#17654,#14562,#14563);
#11890=AXIS2_PLACEMENT_3D('',#17666,#14570,#14571);
#11891=AXIS2_PLACEMENT_3D('',#17668,#14573,#14574);
#11892=AXIS2_PLACEMENT_3D('',#17685,#14584,#14585);
#11893=AXIS2_PLACEMENT_3D('',#17686,#14586,#14587);
#11894=AXIS2_PLACEMENT_3D('',#17688,#14589,#14590);
#11895=AXIS2_PLACEMENT_3D('',#17690,#14592,#14593);
#11896=AXIS2_PLACEMENT_3D('',#17691,#14594,#14595);
#11897=AXIS2_PLACEMENT_3D('',#17692,#14596,#14597);
#11898=AXIS2_PLACEMENT_3D('',#17698,#14601,#14602);
#11899=AXIS2_PLACEMENT_3D('',#17702,#14605,#14606);
#11900=AXIS2_PLACEMENT_3D('',#17704,#14608,#14609);
#11901=AXIS2_PLACEMENT_3D('',#17731,#14626,#14627);
#11902=AXIS2_PLACEMENT_3D('',#17734,#14630,#14631);
#11903=AXIS2_PLACEMENT_3D('',#17736,#14633,#14634);
#11904=AXIS2_PLACEMENT_3D('',#17737,#14635,#14636);
#11905=AXIS2_PLACEMENT_3D('',#17738,#14637,#14638);
#11906=AXIS2_PLACEMENT_3D('',#17746,#14643,#14644);
#11907=AXIS2_PLACEMENT_3D('',#17754,#14649,#14650);
#11908=AXIS2_PLACEMENT_3D('',#17756,#14652,#14653);
#11909=AXIS2_PLACEMENT_3D('',#17764,#14658,#14659);
#11910=AXIS2_PLACEMENT_3D('',#17772,#14664,#14665);
#11911=AXIS2_PLACEMENT_3D('',#17780,#14670,#14671);
#11912=AXIS2_PLACEMENT_3D('',#17782,#14673,#14674);
#11913=AXIS2_PLACEMENT_3D('',#17790,#14679,#14680);
#11914=AXIS2_PLACEMENT_3D('',#17792,#14682,#14683);
#11915=AXIS2_PLACEMENT_3D('',#17800,#14688,#14689);
#11916=AXIS2_PLACEMENT_3D('',#17802,#14691,#14692);
#11917=AXIS2_PLACEMENT_3D('',#17810,#14697,#14698);
#11918=AXIS2_PLACEMENT_3D('',#17812,#14700,#14701);
#11919=AXIS2_PLACEMENT_3D('',#17814,#14703,#14704);
#11920=AXIS2_PLACEMENT_3D('',#17815,#14705,#14706);
#11921=AXIS2_PLACEMENT_3D('',#17823,#14711,#14712);
#11922=AXIS2_PLACEMENT_3D('',#17824,#14713,#14714);
#11923=AXIS2_PLACEMENT_3D('',#17826,#14716,#14717);
#11924=AXIS2_PLACEMENT_3D('',#17828,#14719,#14720);
#11925=AXIS2_PLACEMENT_3D('',#17830,#14722,#14723);
#11926=AXIS2_PLACEMENT_3D('',#17831,#14724,#14725);
#11927=AXIS2_PLACEMENT_3D('',#17833,#14727,#14728);
#11928=AXIS2_PLACEMENT_3D('',#17835,#14730,#14731);
#11929=AXIS2_PLACEMENT_3D('',#17837,#14733,#14734);
#11930=AXIS2_PLACEMENT_3D('',#17839,#14736,#14737);
#11931=AXIS2_PLACEMENT_3D('',#17841,#14739,#14740);
#11932=AXIS2_PLACEMENT_3D('',#17842,#14741,#14742);
#11933=AXIS2_PLACEMENT_3D('',#17844,#14744,#14745);
#11934=AXIS2_PLACEMENT_3D('',#17845,#14746,#14747);
#11935=AXIS2_PLACEMENT_3D('',#17847,#14749,#14750);
#11936=AXIS2_PLACEMENT_3D('',#17848,#14751,#14752);
#11937=AXIS2_PLACEMENT_3D('',#17850,#14754,#14755);
#11938=AXIS2_PLACEMENT_3D('',#17851,#14756,#14757);
#11939=AXIS2_PLACEMENT_3D('',#17852,#14758,#14759);
#11940=AXIS2_PLACEMENT_3D('',#17853,#14760,#14761);
#11941=AXIS2_PLACEMENT_3D('',#17854,#14762,#14763);
#11942=AXIS2_PLACEMENT_3D('',#17855,#14764,#14765);
#11943=AXIS2_PLACEMENT_3D('',#17856,#14766,#14767);
#11944=AXIS2_PLACEMENT_3D('',#17857,#14768,#14769);
#11945=AXIS2_PLACEMENT_3D('',#17858,#14770,#14771);
#11946=AXIS2_PLACEMENT_3D('',#17859,#14772,#14773);
#11947=AXIS2_PLACEMENT_3D('',#17860,#14774,#14775);
#11948=AXIS2_PLACEMENT_3D('',#17861,#14776,#14777);
#11949=AXIS2_PLACEMENT_3D('',#17862,#14778,#14779);
#11950=AXIS2_PLACEMENT_3D('',#17863,#14780,#14781);
#11951=AXIS2_PLACEMENT_3D('',#17864,#14782,#14783);
#11952=AXIS2_PLACEMENT_3D('',#17865,#14784,#14785);
#11953=DIRECTION('axis',(0.,0.,1.));
#11954=DIRECTION('refdir',(1.,0.,0.));
#11955=DIRECTION('axis',(0.,0.,1.));
#11956=DIRECTION('refdir',(1.,0.,0.));
#11957=DIRECTION('center_axis',(0.,0.,1.));
#11958=DIRECTION('ref_axis',(1.,0.,0.));
#11959=DIRECTION('center_axis',(0.,0.,1.));
#11960=DIRECTION('ref_axis',(1.,0.,0.));
#11961=DIRECTION('',(0.,0.,1.));
#11962=DIRECTION('center_axis',(0.,0.,-1.));
#11963=DIRECTION('ref_axis',(1.,0.,0.));
#11964=DIRECTION('center_axis',(0.,0.,1.));
#11965=DIRECTION('ref_axis',(1.,0.,0.));
#11966=DIRECTION('center_axis',(0.,0.,1.));
#11967=DIRECTION('ref_axis',(1.,0.,0.));
#11968=DIRECTION('',(0.,0.,1.));
#11969=DIRECTION('center_axis',(0.,0.,-1.));
#11970=DIRECTION('ref_axis',(1.,0.,0.));
#11971=DIRECTION('center_axis',(0.,0.,1.));
#11972=DIRECTION('ref_axis',(1.,0.,0.));
#11973=DIRECTION('center_axis',(0.,0.,1.));
#11974=DIRECTION('ref_axis',(1.,0.,0.));
#11975=DIRECTION('',(0.,0.,1.));
#11976=DIRECTION('center_axis',(0.,0.,-1.));
#11977=DIRECTION('ref_axis',(1.,0.,0.));
#11978=DIRECTION('center_axis',(0.,0.,1.));
#11979=DIRECTION('ref_axis',(1.,0.,0.));
#11980=DIRECTION('center_axis',(0.,0.,1.));
#11981=DIRECTION('ref_axis',(1.,0.,0.));
#11982=DIRECTION('',(0.,0.,1.));
#11983=DIRECTION('center_axis',(0.,0.,-1.));
#11984=DIRECTION('ref_axis',(1.,0.,0.));
#11985=DIRECTION('center_axis',(0.,0.,1.));
#11986=DIRECTION('ref_axis',(1.,0.,0.));
#11987=DIRECTION('center_axis',(0.,0.,1.));
#11988=DIRECTION('ref_axis',(1.,0.,0.));
#11989=DIRECTION('',(0.,0.,1.));
#11990=DIRECTION('center_axis',(0.,0.,-1.));
#11991=DIRECTION('ref_axis',(1.,0.,0.));
#11992=DIRECTION('center_axis',(0.,0.,1.));
#11993=DIRECTION('ref_axis',(1.,0.,0.));
#11994=DIRECTION('center_axis',(0.,0.,1.));
#11995=DIRECTION('ref_axis',(1.,0.,0.));
#11996=DIRECTION('',(0.,0.,1.));
#11997=DIRECTION('center_axis',(0.,0.,-1.));
#11998=DIRECTION('ref_axis',(1.,0.,0.));
#11999=DIRECTION('center_axis',(0.,0.,1.));
#12000=DIRECTION('ref_axis',(1.,0.,0.));
#12001=DIRECTION('center_axis',(0.,0.,1.));
#12002=DIRECTION('ref_axis',(1.,0.,0.));
#12003=DIRECTION('',(0.,0.,1.));
#12004=DIRECTION('center_axis',(0.,0.,-1.));
#12005=DIRECTION('ref_axis',(1.,0.,0.));
#12006=DIRECTION('center_axis',(0.,0.,1.));
#12007=DIRECTION('ref_axis',(1.,0.,0.));
#12008=DIRECTION('center_axis',(0.,0.,1.));
#12009=DIRECTION('ref_axis',(1.,0.,0.));
#12010=DIRECTION('',(0.,0.,1.));
#12011=DIRECTION('center_axis',(0.,0.,-1.));
#12012=DIRECTION('ref_axis',(1.,0.,0.));
#12013=DIRECTION('center_axis',(0.,0.,1.));
#12014=DIRECTION('ref_axis',(1.,0.,0.));
#12015=DIRECTION('center_axis',(0.,0.,1.));
#12016=DIRECTION('ref_axis',(1.,0.,0.));
#12017=DIRECTION('',(0.,0.,1.));
#12018=DIRECTION('center_axis',(0.,0.,-1.));
#12019=DIRECTION('ref_axis',(1.,0.,0.));
#12020=DIRECTION('center_axis',(0.,0.,1.));
#12021=DIRECTION('ref_axis',(1.,0.,0.));
#12022=DIRECTION('center_axis',(0.,0.,1.));
#12023=DIRECTION('ref_axis',(1.,0.,0.));
#12024=DIRECTION('',(0.,0.,1.));
#12025=DIRECTION('center_axis',(0.,0.,-1.));
#12026=DIRECTION('ref_axis',(1.,0.,0.));
#12027=DIRECTION('center_axis',(0.,0.,1.));
#12028=DIRECTION('ref_axis',(1.,0.,0.));
#12029=DIRECTION('center_axis',(0.,0.,1.));
#12030=DIRECTION('ref_axis',(1.,0.,0.));
#12031=DIRECTION('',(0.,0.,1.));
#12032=DIRECTION('center_axis',(0.,0.,-1.));
#12033=DIRECTION('ref_axis',(1.,0.,0.));
#12034=DIRECTION('center_axis',(0.,0.,1.));
#12035=DIRECTION('ref_axis',(1.,0.,0.));
#12036=DIRECTION('center_axis',(0.,0.,1.));
#12037=DIRECTION('ref_axis',(1.,0.,0.));
#12038=DIRECTION('',(0.,0.,1.));
#12039=DIRECTION('center_axis',(0.,0.,-1.));
#12040=DIRECTION('ref_axis',(1.,0.,0.));
#12041=DIRECTION('center_axis',(0.,0.,1.));
#12042=DIRECTION('ref_axis',(1.,0.,0.));
#12043=DIRECTION('center_axis',(0.,0.,1.));
#12044=DIRECTION('ref_axis',(1.,0.,0.));
#12045=DIRECTION('',(0.,0.,1.));
#12046=DIRECTION('center_axis',(0.,0.,-1.));
#12047=DIRECTION('ref_axis',(1.,0.,0.));
#12048=DIRECTION('center_axis',(0.,0.,1.));
#12049=DIRECTION('ref_axis',(1.,0.,0.));
#12050=DIRECTION('center_axis',(0.,0.,1.));
#12051=DIRECTION('ref_axis',(1.,0.,0.));
#12052=DIRECTION('',(0.,0.,1.));
#12053=DIRECTION('center_axis',(0.,0.,-1.));
#12054=DIRECTION('ref_axis',(1.,0.,0.));
#12055=DIRECTION('center_axis',(0.,0.,1.));
#12056=DIRECTION('ref_axis',(1.,0.,0.));
#12057=DIRECTION('center_axis',(0.,0.,1.));
#12058=DIRECTION('ref_axis',(1.,0.,0.));
#12059=DIRECTION('',(0.,0.,1.));
#12060=DIRECTION('center_axis',(0.,0.,-1.));
#12061=DIRECTION('ref_axis',(1.,0.,0.));
#12062=DIRECTION('center_axis',(0.,0.,1.));
#12063=DIRECTION('ref_axis',(1.,0.,0.));
#12064=DIRECTION('center_axis',(0.,0.,1.));
#12065=DIRECTION('ref_axis',(1.,0.,0.));
#12066=DIRECTION('',(0.,0.,1.));
#12067=DIRECTION('center_axis',(0.,0.,-1.));
#12068=DIRECTION('ref_axis',(1.,0.,0.));
#12069=DIRECTION('center_axis',(0.,0.,1.));
#12070=DIRECTION('ref_axis',(1.,0.,0.));
#12071=DIRECTION('center_axis',(0.,0.,1.));
#12072=DIRECTION('ref_axis',(1.,0.,0.));
#12073=DIRECTION('',(0.,0.,1.));
#12074=DIRECTION('center_axis',(0.,0.,-1.));
#12075=DIRECTION('ref_axis',(1.,0.,0.));
#12076=DIRECTION('center_axis',(0.,0.,1.));
#12077=DIRECTION('ref_axis',(1.,0.,0.));
#12078=DIRECTION('center_axis',(0.,0.,1.));
#12079=DIRECTION('ref_axis',(1.,0.,0.));
#12080=DIRECTION('',(0.,0.,1.));
#12081=DIRECTION('center_axis',(0.,0.,-1.));
#12082=DIRECTION('ref_axis',(1.,0.,0.));
#12083=DIRECTION('center_axis',(0.,0.,1.));
#12084=DIRECTION('ref_axis',(1.,0.,0.));
#12085=DIRECTION('center_axis',(0.,0.,1.));
#12086=DIRECTION('ref_axis',(1.,0.,0.));
#12087=DIRECTION('',(0.,0.,1.));
#12088=DIRECTION('center_axis',(0.,0.,-1.));
#12089=DIRECTION('ref_axis',(1.,0.,0.));
#12090=DIRECTION('center_axis',(0.,0.,1.));
#12091=DIRECTION('ref_axis',(1.,0.,0.));
#12092=DIRECTION('center_axis',(0.,0.,1.));
#12093=DIRECTION('ref_axis',(1.,0.,0.));
#12094=DIRECTION('',(0.,0.,1.));
#12095=DIRECTION('center_axis',(0.,0.,-1.));
#12096=DIRECTION('ref_axis',(1.,0.,0.));
#12097=DIRECTION('center_axis',(0.,0.,1.));
#12098=DIRECTION('ref_axis',(1.,0.,0.));
#12099=DIRECTION('center_axis',(0.,0.,1.));
#12100=DIRECTION('ref_axis',(1.,0.,0.));
#12101=DIRECTION('',(0.,0.,1.));
#12102=DIRECTION('center_axis',(0.,0.,-1.));
#12103=DIRECTION('ref_axis',(1.,0.,0.));
#12104=DIRECTION('center_axis',(0.,0.,1.));
#12105=DIRECTION('ref_axis',(1.,0.,0.));
#12106=DIRECTION('center_axis',(0.,0.,1.));
#12107=DIRECTION('ref_axis',(1.,0.,0.));
#12108=DIRECTION('',(0.,0.,1.));
#12109=DIRECTION('center_axis',(0.,0.,-1.));
#12110=DIRECTION('ref_axis',(1.,0.,0.));
#12111=DIRECTION('center_axis',(0.,0.,1.));
#12112=DIRECTION('ref_axis',(1.,0.,0.));
#12113=DIRECTION('center_axis',(0.,0.,1.));
#12114=DIRECTION('ref_axis',(1.,0.,0.));
#12115=DIRECTION('',(0.,0.,1.));
#12116=DIRECTION('center_axis',(0.,0.,-1.));
#12117=DIRECTION('ref_axis',(1.,0.,0.));
#12118=DIRECTION('center_axis',(0.,0.,1.));
#12119=DIRECTION('ref_axis',(1.,0.,0.));
#12120=DIRECTION('center_axis',(0.,0.,1.));
#12121=DIRECTION('ref_axis',(1.,0.,0.));
#12122=DIRECTION('',(0.,0.,1.));
#12123=DIRECTION('center_axis',(0.,0.,-1.));
#12124=DIRECTION('ref_axis',(1.,0.,0.));
#12125=DIRECTION('center_axis',(0.,0.,1.));
#12126=DIRECTION('ref_axis',(1.,0.,0.));
#12127=DIRECTION('center_axis',(0.,0.,1.));
#12128=DIRECTION('ref_axis',(1.,0.,0.));
#12129=DIRECTION('',(0.,0.,1.));
#12130=DIRECTION('center_axis',(0.,0.,-1.));
#12131=DIRECTION('ref_axis',(1.,0.,0.));
#12132=DIRECTION('center_axis',(0.,0.,1.));
#12133=DIRECTION('ref_axis',(1.,0.,0.));
#12134=DIRECTION('center_axis',(0.,0.,1.));
#12135=DIRECTION('ref_axis',(1.,0.,0.));
#12136=DIRECTION('',(0.,0.,1.));
#12137=DIRECTION('center_axis',(0.,0.,-1.));
#12138=DIRECTION('ref_axis',(1.,0.,0.));
#12139=DIRECTION('center_axis',(0.,0.,1.));
#12140=DIRECTION('ref_axis',(1.,0.,0.));
#12141=DIRECTION('center_axis',(0.,0.,1.));
#12142=DIRECTION('ref_axis',(1.,0.,0.));
#12143=DIRECTION('',(0.,0.,1.));
#12144=DIRECTION('center_axis',(0.,0.,-1.));
#12145=DIRECTION('ref_axis',(1.,0.,0.));
#12146=DIRECTION('center_axis',(0.,0.,1.));
#12147=DIRECTION('ref_axis',(1.,0.,0.));
#12148=DIRECTION('center_axis',(0.,0.,1.));
#12149=DIRECTION('ref_axis',(1.,0.,0.));
#12150=DIRECTION('',(0.,0.,1.));
#12151=DIRECTION('center_axis',(0.,0.,-1.));
#12152=DIRECTION('ref_axis',(1.,0.,0.));
#12153=DIRECTION('center_axis',(0.,0.,1.));
#12154=DIRECTION('ref_axis',(1.,0.,0.));
#12155=DIRECTION('center_axis',(0.,0.,1.));
#12156=DIRECTION('ref_axis',(1.,0.,0.));
#12157=DIRECTION('',(0.,0.,1.));
#12158=DIRECTION('center_axis',(0.,0.,-1.));
#12159=DIRECTION('ref_axis',(1.,0.,0.));
#12160=DIRECTION('center_axis',(0.,0.,1.));
#12161=DIRECTION('ref_axis',(1.,0.,0.));
#12162=DIRECTION('center_axis',(0.,0.,1.));
#12163=DIRECTION('ref_axis',(1.,0.,0.));
#12164=DIRECTION('',(0.,0.,1.));
#12165=DIRECTION('center_axis',(0.,0.,-1.));
#12166=DIRECTION('ref_axis',(1.,0.,0.));
#12167=DIRECTION('center_axis',(0.,1.,0.));
#12168=DIRECTION('ref_axis',(-1.,0.,0.));
#12169=DIRECTION('',(-1.,0.,0.));
#12170=DIRECTION('',(0.,0.,1.));
#12171=DIRECTION('',(-1.,0.,0.));
#12172=DIRECTION('',(0.,0.,1.));
#12173=DIRECTION('center_axis',(0.,0.,1.));
#12174=DIRECTION('ref_axis',(1.,-8.74191357972564E-16,0.));
#12175=DIRECTION('center_axis',(0.,0.,1.));
#12176=DIRECTION('ref_axis',(1.,-8.74191357972564E-16,0.));
#12177=DIRECTION('center_axis',(0.,0.,1.));
#12178=DIRECTION('ref_axis',(1.,-8.74191357972564E-16,0.));
#12179=DIRECTION('',(0.,0.,1.));
#12180=DIRECTION('center_axis',(1.,0.,0.));
#12181=DIRECTION('ref_axis',(0.,1.,0.));
#12182=DIRECTION('',(0.,1.,0.));
#12183=DIRECTION('',(0.,1.,0.));
#12184=DIRECTION('',(0.,0.,1.));
#12185=DIRECTION('center_axis',(0.,0.,1.));
#12186=DIRECTION('ref_axis',(0.,-1.,0.));
#12187=DIRECTION('center_axis',(0.,0.,1.));
#12188=DIRECTION('ref_axis',(0.,-1.,0.));
#12189=DIRECTION('center_axis',(0.,0.,1.));
#12190=DIRECTION('ref_axis',(0.,-1.,0.));
#12191=DIRECTION('',(0.,0.,1.));
#12192=DIRECTION('center_axis',(0.,-1.,0.));
#12193=DIRECTION('ref_axis',(1.,0.,0.));
#12194=DIRECTION('',(1.,0.,0.));
#12195=DIRECTION('',(1.,0.,0.));
#12196=DIRECTION('',(0.,0.,1.));
#12197=DIRECTION('center_axis',(0.,0.,1.));
#12198=DIRECTION('ref_axis',(-1.,0.,0.));
#12199=DIRECTION('center_axis',(0.,0.,1.));
#12200=DIRECTION('ref_axis',(-1.,0.,0.));
#12201=DIRECTION('center_axis',(0.,0.,1.));
#12202=DIRECTION('ref_axis',(-1.,0.,0.));
#12203=DIRECTION('',(0.,0.,1.));
#12204=DIRECTION('center_axis',(-1.,0.,0.));
#12205=DIRECTION('ref_axis',(0.,-1.,0.));
#12206=DIRECTION('',(0.,-1.,0.));
#12207=DIRECTION('',(0.,-1.,0.));
#12208=DIRECTION('',(0.,0.,1.));
#12209=DIRECTION('center_axis',(0.,0.,1.));
#12210=DIRECTION('ref_axis',(-4.37095678986282E-16,1.,0.));
#12211=DIRECTION('center_axis',(0.,0.,1.));
#12212=DIRECTION('ref_axis',(-4.37095678986282E-16,1.,0.));
#12213=DIRECTION('center_axis',(0.,0.,1.));
#12214=DIRECTION('ref_axis',(-4.37095678986282E-16,1.,0.));
#12215=DIRECTION('center_axis',(0.,0.,1.));
#12216=DIRECTION('ref_axis',(1.,0.,0.));
#12217=DIRECTION('center_axis',(0.,0.,1.));
#12218=DIRECTION('ref_axis',(1.,0.,0.));
#12219=DIRECTION('axis',(0.,0.,1.));
#12220=DIRECTION('refdir',(1.,0.,0.));
#12221=DIRECTION('center_axis',(0.,6.12323399573677E-17,1.));
#12222=DIRECTION('ref_axis',(1.,1.22464679914735E-16,-7.49879891330927E-33));
#12223=DIRECTION('',(-1.,-1.22464679914735E-16,7.49879891330929E-33));
#12224=DIRECTION('',(0.,-1.,6.12323399573677E-17));
#12225=DIRECTION('',(1.,1.22464679914735E-16,-7.49879891330929E-33));
#12226=DIRECTION('',(-1.22464679914735E-16,1.,-6.12323399573677E-17));
#12227=DIRECTION('center_axis',(-1.22464679914735E-16,1.,-6.12323399573677E-17));
#12228=DIRECTION('ref_axis',(-1.,-1.22464679914735E-16,7.49879891330929E-33));
#12229=DIRECTION('center_axis',(1.22464679914735E-16,-1.,6.12323399573677E-17));
#12230=DIRECTION('ref_axis',(-1.,-1.22464679914735E-16,7.49879891330929E-33));
#12231=DIRECTION('center_axis',(-1.22464679914735E-16,1.,-6.12323399573677E-17));
#12232=DIRECTION('ref_axis',(-1.,-1.22464679914735E-16,7.49879891330929E-33));
#12233=DIRECTION('',(-1.22464679914735E-16,1.,-6.12323399573677E-17));
#12234=DIRECTION('center_axis',(-1.,-1.22464679914735E-16,7.49879891330929E-33));
#12235=DIRECTION('ref_axis',(1.64214663788065E-47,6.12323399573677E-17,
1.));
#12236=DIRECTION('',(0.,-6.12323399573677E-17,-1.));
#12237=DIRECTION('',(0.,6.12323399573677E-17,1.));
#12238=DIRECTION('',(-1.22464679914735E-16,1.,-6.12323399573677E-17));
#12239=DIRECTION('center_axis',(-1.22464679914735E-16,1.,-6.12323399573677E-17));
#12240=DIRECTION('ref_axis',(-1.,-1.22464679914735E-16,7.49879891330929E-33));
#12241=DIRECTION('center_axis',(-1.22464679914735E-16,1.,-6.12323399573677E-17));
#12242=DIRECTION('ref_axis',(-1.,-1.22464679914735E-16,7.49879891330929E-33));
#12243=DIRECTION('center_axis',(1.22464679914735E-16,-1.,6.12323399573677E-17));
#12244=DIRECTION('ref_axis',(-1.,-1.22464679914735E-16,7.49879891330929E-33));
#12245=DIRECTION('',(-1.22464679914735E-16,1.,-6.12323399573677E-17));
#12246=DIRECTION('center_axis',(0.,6.12323399573677E-17,1.));
#12247=DIRECTION('ref_axis',(1.,1.22464679914735E-16,-7.49879891330927E-33));
#12248=DIRECTION('',(-1.,-1.22464679914735E-16,7.49879891330929E-33));
#12249=DIRECTION('',(1.,1.22464679914735E-16,-7.49879891330929E-33));
#12250=DIRECTION('',(-1.22464679914735E-16,1.,-6.12323399573677E-17));
#12251=DIRECTION('center_axis',(-1.,-1.22464679914735E-16,7.49879891330929E-33));
#12252=DIRECTION('ref_axis',(1.64214663788065E-47,6.12323399573677E-17,
1.));
#12253=DIRECTION('',(0.,-6.12323399573677E-17,-1.));
#12254=DIRECTION('',(0.,6.12323399573677E-17,1.));
#12255=DIRECTION('',(-1.22464679914735E-16,1.,-6.12323399573677E-17));
#12256=DIRECTION('center_axis',(0.,-6.12323399573677E-17,-1.));
#12257=DIRECTION('ref_axis',(-1.,-1.22464679914735E-16,7.49879891330927E-33));
#12258=DIRECTION('',(1.,1.22464679914735E-16,-7.49879891330929E-33));
#12259=DIRECTION('',(-1.,-1.22464679914735E-16,7.49879891330929E-33));
#12260=DIRECTION('',(-1.22464679914735E-16,1.,-6.12323399573677E-17));
#12261=DIRECTION('center_axis',(-1.22464679914735E-16,1.,-6.12323399573677E-17));
#12262=DIRECTION('ref_axis',(-1.,-1.22464679914735E-16,7.49879891330929E-33));
#12263=DIRECTION('center_axis',(1.22464679914735E-16,-1.,6.12323399573677E-17));
#12264=DIRECTION('ref_axis',(-1.,-1.22464679914735E-16,7.49879891330929E-33));
#12265=DIRECTION('center_axis',(-1.22464679914735E-16,1.,-6.12323399573677E-17));
#12266=DIRECTION('ref_axis',(-1.,-1.22464679914735E-16,7.49879891330929E-33));
#12267=DIRECTION('',(-1.22464679914735E-16,1.,-6.12323399573677E-17));
#12268=DIRECTION('center_axis',(1.,1.22464679914735E-16,-7.49879891330929E-33));
#12269=DIRECTION('ref_axis',(-1.64214663788065E-47,-6.12323399573677E-17,
-1.));
#12270=DIRECTION('',(0.,6.12323399573677E-17,1.));
#12271=DIRECTION('',(0.,-6.12323399573677E-17,-1.));
#12272=DIRECTION('',(-1.22464679914735E-16,1.,-6.12323399573677E-17));
#12273=DIRECTION('center_axis',(-1.22464679914735E-16,1.,-6.12323399573677E-17));
#12274=DIRECTION('ref_axis',(-1.,-1.22464679914735E-16,7.49879891330929E-33));
#12275=DIRECTION('center_axis',(-1.22464679914735E-16,1.,-6.12323399573677E-17));
#12276=DIRECTION('ref_axis',(-1.,-1.22464679914735E-16,7.49879891330929E-33));
#12277=DIRECTION('center_axis',(1.22464679914735E-16,-1.,6.12323399573677E-17));
#12278=DIRECTION('ref_axis',(-1.,-1.22464679914735E-16,7.49879891330929E-33));
#12279=DIRECTION('',(-1.22464679914735E-16,1.,-6.12323399573677E-17));
#12280=DIRECTION('center_axis',(0.,-6.12323399573677E-17,-1.));
#12281=DIRECTION('ref_axis',(-1.,-1.22464679914735E-16,7.49879891330927E-33));
#12282=DIRECTION('',(1.,1.22464679914735E-16,-7.49879891330929E-33));
#12283=DIRECTION('',(-1.,-1.22464679914735E-16,7.49879891330929E-33));
#12284=DIRECTION('',(0.,1.,-6.12323399573677E-17));
#12285=DIRECTION('center_axis',(1.22464679914735E-16,-1.,6.12323399573677E-17));
#12286=DIRECTION('ref_axis',(1.,1.22464679914735E-16,-7.49879891330929E-33));
#12287=DIRECTION('',(0.,-6.12323399573677E-17,-1.));
#12288=DIRECTION('center_axis',(1.22464679914735E-16,-1.,6.12323399573677E-17));
#12289=DIRECTION('ref_axis',(1.,1.22464679914735E-16,-7.49879891330929E-33));
#12290=DIRECTION('',(0.,6.12323399573677E-17,1.));
#12291=DIRECTION('center_axis',(1.,0.,0.));
#12292=DIRECTION('ref_axis',(0.,1.,-6.12323399573677E-17));
#12293=DIRECTION('',(0.,-1.,6.12323399573677E-17));
#12294=DIRECTION('',(0.,6.12323399573677E-17,1.));
#12295=DIRECTION('',(0.,1.,-6.12323399573677E-17));
#12296=DIRECTION('center_axis',(1.,0.,0.));
#12297=DIRECTION('ref_axis',(0.,1.,-6.12323399573677E-17));
#12298=DIRECTION('',(0.,1.,-6.12323399573677E-17));
#12299=DIRECTION('',(0.,-6.12323399573677E-17,-1.));
#12300=DIRECTION('',(0.,-1.,6.12323399573677E-17));
#12301=DIRECTION('center_axis',(0.,6.12323399573677E-17,1.));
#12302=DIRECTION('ref_axis',(-1.,0.,0.));
#12303=DIRECTION('',(1.,0.,0.));
#12304=DIRECTION('',(0.,1.,-6.12323399573677E-17));
#12305=DIRECTION('',(-1.,0.,0.));
#12306=DIRECTION('',(0.,-1.,6.12323399573677E-17));
#12307=DIRECTION('center_axis',(0.,-1.,6.12323399573677E-17));
#12308=DIRECTION('ref_axis',(1.,0.,0.));
#12309=DIRECTION('center_axis',(0.,1.,-6.12323399573677E-17));
#12310=DIRECTION('ref_axis',(1.,0.,0.));
#12311=DIRECTION('center_axis',(0.,-1.,6.12323399573677E-17));
#12312=DIRECTION('ref_axis',(1.,0.,0.));
#12313=DIRECTION('',(0.,-1.,6.12323399573677E-17));
#12314=DIRECTION('center_axis',(1.,0.,0.));
#12315=DIRECTION('ref_axis',(0.,6.12323399573677E-17,1.));
#12316=DIRECTION('',(0.,-6.12323399573677E-17,-1.));
#12317=DIRECTION('',(0.,6.12323399573677E-17,1.));
#12318=DIRECTION('',(0.,-1.,6.12323399573677E-17));
#12319=DIRECTION('center_axis',(0.,-1.,6.12323399573677E-17));
#12320=DIRECTION('ref_axis',(1.,0.,0.));
#12321=DIRECTION('center_axis',(0.,-1.,6.12323399573677E-17));
#12322=DIRECTION('ref_axis',(1.,0.,0.));
#12323=DIRECTION('center_axis',(0.,1.,-6.12323399573677E-17));
#12324=DIRECTION('ref_axis',(1.,0.,0.));
#12325=DIRECTION('',(0.,-1.,6.12323399573677E-17));
#12326=DIRECTION('center_axis',(0.,6.12323399573677E-17,1.));
#12327=DIRECTION('ref_axis',(-1.,0.,0.));
#12328=DIRECTION('',(1.,0.,0.));
#12329=DIRECTION('',(-1.,0.,0.));
#12330=DIRECTION('',(0.,-1.,6.12323399573677E-17));
#12331=DIRECTION('center_axis',(1.,0.,0.));
#12332=DIRECTION('ref_axis',(0.,6.12323399573677E-17,1.));
#12333=DIRECTION('',(0.,-6.12323399573677E-17,-1.));
#12334=DIRECTION('',(0.,6.12323399573677E-17,1.));
#12335=DIRECTION('',(0.,-1.,6.12323399573677E-17));
#12336=DIRECTION('center_axis',(0.,-6.12323399573677E-17,-1.));
#12337=DIRECTION('ref_axis',(1.,0.,0.));
#12338=DIRECTION('',(-1.,0.,0.));
#12339=DIRECTION('',(1.,0.,0.));
#12340=DIRECTION('',(0.,-1.,6.12323399573677E-17));
#12341=DIRECTION('center_axis',(0.,-1.,6.12323399573677E-17));
#12342=DIRECTION('ref_axis',(1.,0.,0.));
#12343=DIRECTION('center_axis',(0.,1.,-6.12323399573677E-17));
#12344=DIRECTION('ref_axis',(1.,0.,0.));
#12345=DIRECTION('center_axis',(0.,-1.,6.12323399573677E-17));
#12346=DIRECTION('ref_axis',(1.,0.,0.));
#12347=DIRECTION('',(0.,-1.,6.12323399573677E-17));
#12348=DIRECTION('center_axis',(-1.,0.,0.));
#12349=DIRECTION('ref_axis',(0.,-6.12323399573677E-17,-1.));
#12350=DIRECTION('',(0.,6.12323399573677E-17,1.));
#12351=DIRECTION('',(0.,-6.12323399573677E-17,-1.));
#12352=DIRECTION('',(0.,-1.,6.12323399573677E-17));
#12353=DIRECTION('center_axis',(0.,-1.,6.12323399573677E-17));
#12354=DIRECTION('ref_axis',(1.,0.,0.));
#12355=DIRECTION('center_axis',(0.,-1.,6.12323399573677E-17));
#12356=DIRECTION('ref_axis',(1.,0.,0.));
#12357=DIRECTION('center_axis',(0.,1.,-6.12323399573677E-17));
#12358=DIRECTION('ref_axis',(1.,0.,0.));
#12359=DIRECTION('',(0.,-1.,6.12323399573677E-17));
#12360=DIRECTION('center_axis',(0.,-6.12323399573677E-17,-1.));
#12361=DIRECTION('ref_axis',(1.,0.,0.));
#12362=DIRECTION('',(-1.,0.,0.));
#12363=DIRECTION('',(1.,0.,0.));
#12364=DIRECTION('',(0.,-1.,6.12323399573677E-17));
#12365=DIRECTION('center_axis',(0.,1.,-6.12323399573677E-17));
#12366=DIRECTION('ref_axis',(-1.,0.,0.));
#12367=DIRECTION('',(0.,-6.12323399573677E-17,-1.));
#12368=DIRECTION('center_axis',(0.,1.,-6.12323399573677E-17));
#12369=DIRECTION('ref_axis',(-1.,0.,0.));
#12370=DIRECTION('',(0.,6.12323399573677E-17,1.));
#12371=DIRECTION('center_axis',(-1.,0.,0.));
#12372=DIRECTION('ref_axis',(0.,-1.,6.12323399573677E-17));
#12373=DIRECTION('',(0.,1.,-6.12323399573677E-17));
#12374=DIRECTION('',(0.,6.12323399573677E-17,1.));
#12375=DIRECTION('',(0.,-1.,6.12323399573677E-17));
#12376=DIRECTION('center_axis',(-1.,0.,0.));
#12377=DIRECTION('ref_axis',(0.,-1.,6.12323399573677E-17));
#12378=DIRECTION('',(0.,-1.,6.12323399573677E-17));
#12379=DIRECTION('',(0.,-6.12323399573677E-17,-1.));
#12380=DIRECTION('',(0.,1.,-6.12323399573677E-17));
#12381=DIRECTION('center_axis',(-0.99026806874157,-8.52189463090778E-18,
-0.139173100960065));
#12382=DIRECTION('ref_axis',(2.46519032881566E-32,-1.,6.12323399573677E-17));
#12383=DIRECTION('',(0.139173100960065,-6.06364310341097E-17,-0.99026806874157));
#12384=DIRECTION('',(0.,-1.,6.12323399573677E-17));
#12385=DIRECTION('',(-0.139173100960065,6.06364310341097E-17,0.99026806874157));
#12386=DIRECTION('center_axis',(0.,-1.,6.12323399573677E-17));
#12387=DIRECTION('ref_axis',(1.,0.,0.));
#12388=DIRECTION('',(1.,0.,0.));
#12389=DIRECTION('',(-0.139173100960065,-6.06364310341098E-17,-0.99026806874157));
#12390=DIRECTION('',(0.139173100960065,-6.06364310341098E-17,-0.99026806874157));
#12391=DIRECTION('',(-1.,0.,0.));
#12392=DIRECTION('',(0.139173100960065,6.06364310341097E-17,0.99026806874157));
#12393=DIRECTION('center_axis',(0.,6.12323399573677E-17,1.));
#12394=DIRECTION('ref_axis',(0.,-1.,6.12323399573677E-17));
#12395=DIRECTION('',(-1.,0.,0.));
#12396=DIRECTION('',(0.,1.,-6.12323399573677E-17));
#12397=DIRECTION('center_axis',(0.99026806874157,-8.52189463090776E-18,
-0.139173100960065));
#12398=DIRECTION('ref_axis',(4.62223186652937E-33,1.,-6.12323399573677E-17));
#12399=DIRECTION('',(0.139173100960065,6.06364310341098E-17,0.99026806874157));
#12400=DIRECTION('center_axis',(-0.99026806874157,8.52189463090778E-18,
0.139173100960065));
#12401=DIRECTION('ref_axis',(-2.46519032881566E-32,-1.,6.12323399573677E-17));
#12402=DIRECTION('',(-0.139173100960065,-6.06364310341097E-17,-0.99026806874157));
#12403=DIRECTION('',(0.,1.,-6.12323399573677E-17));
#12404=DIRECTION('center_axis',(0.,-1.,6.12323399573677E-17));
#12405=DIRECTION('ref_axis',(1.,0.,0.));
#12406=DIRECTION('',(1.,0.,0.));
#12407=DIRECTION('',(-0.139173100960065,6.06364310341098E-17,0.99026806874157));
#12408=DIRECTION('center_axis',(0.,-6.12323399573677E-17,-1.));
#12409=DIRECTION('ref_axis',(0.,1.,-6.12323399573677E-17));
#12410=DIRECTION('',(0.,-1.,6.12323399573677E-17));
#12411=DIRECTION('center_axis',(0.99026806874157,8.52189463090776E-18,0.139173100960065));
#12412=DIRECTION('ref_axis',(-4.62223186652937E-33,1.,-6.12323399573677E-17));
#12413=DIRECTION('axis',(0.,0.,1.));
#12414=DIRECTION('refdir',(1.,0.,0.));
#12415=DIRECTION('center_axis',(0.,0.988371697650617,-0.152057184253941));
#12416=DIRECTION('ref_axis',(1.,0.,0.));
#12417=DIRECTION('',(-1.,0.,0.));
#12418=DIRECTION('',(0.,0.152057184253941,0.988371697650617));
#12419=DIRECTION('',(1.,0.,0.));
#12420=DIRECTION('',(0.150329205600933,0.150329205600933,0.977139836403564));
#12421=DIRECTION('',(1.,0.,0.));
#12422=DIRECTION('',(0.150329205600933,-0.150329205600933,-0.977139836403564));
#12423=DIRECTION('',(1.,0.,0.));
#12424=DIRECTION('',(0.,0.152057184253941,0.988371697650617));
#12425=DIRECTION('',(-1.,0.,0.));
#12426=DIRECTION('',(0.,0.152057184253941,0.988371697650617));
#12427=DIRECTION('',(1.,0.,0.));
#12428=DIRECTION('',(0.,0.152057184253941,0.988371697650617));
#12429=DIRECTION('center_axis',(0.,-0.988371697650617,-0.152057184253941));
#12430=DIRECTION('ref_axis',(-1.,0.,0.));
#12431=DIRECTION('',(-1.,0.,0.));
#12432=DIRECTION('',(0.,0.152057184253941,-0.988371697650617));
#12433=DIRECTION('',(-1.,0.,0.));
#12434=DIRECTION('',(0.,0.152057184253941,-0.988371697650617));
#12435=DIRECTION('',(-1.,0.,0.));
#12436=DIRECTION('',(0.,0.152057184253941,-0.988371697650617));
#12437=DIRECTION('',(-1.,0.,0.));
#12438=DIRECTION('',(0.,0.152057184253941,-0.988371697650617));
#12439=DIRECTION('',(-1.,0.,0.));
#12440=DIRECTION('',(0.,0.152057184253941,-0.988371697650617));
#12441=DIRECTION('',(-1.,0.,0.));
#12442=DIRECTION('',(0.,0.152057184253941,-0.988371697650617));
#12443=DIRECTION('',(-1.,0.,0.));
#12444=DIRECTION('',(0.150329205600933,0.150329205600933,-0.977139836403564));
#12445=DIRECTION('',(-1.,0.,0.));
#12446=DIRECTION('',(0.150329205600933,-0.150329205600933,0.977139836403564));
#12447=DIRECTION('center_axis',(0.,0.,-1.));
#12448=DIRECTION('ref_axis',(-1.,0.,0.));
#12449=DIRECTION('',(0.,1.,0.));
#12450=DIRECTION('',(-1.,0.,0.));
#12451=DIRECTION('',(0.,-1.,0.));
#12452=DIRECTION('',(1.,0.,0.));
#12453=DIRECTION('center_axis',(0.,0.,-1.));
#12454=DIRECTION('ref_axis',(-1.,0.,0.));
#12455=DIRECTION('',(0.,-1.,0.));
#12456=DIRECTION('',(0.,1.,0.));
#12457=DIRECTION('center_axis',(0.,0.988371697650617,-0.152057184253941));
#12458=DIRECTION('ref_axis',(1.,0.,0.));
#12459=DIRECTION('',(0.150329205600933,0.150329205600933,0.977139836403564));
#12460=DIRECTION('',(-1.,0.,0.));
#12461=DIRECTION('',(-1.,0.,0.));
#12462=DIRECTION('',(-1.,0.,0.));
#12463=DIRECTION('',(0.150329205600933,-0.150329205600933,-0.977139836403564));
#12464=DIRECTION('center_axis',(-0.988371697650617,0.,-0.152057184253941));
#12465=DIRECTION('ref_axis',(0.,1.,0.));
#12466=DIRECTION('',(0.,-1.,0.));
#12467=DIRECTION('',(0.150329205600933,0.150329205600933,-0.977139836403564));
#12468=DIRECTION('center_axis',(0.988371697650617,0.,-0.152057184253941));
#12469=DIRECTION('ref_axis',(0.,-1.,0.));
#12470=DIRECTION('',(0.150329205600933,-0.150329205600933,0.977139836403564));
#12471=DIRECTION('',(0.,1.,0.));
#12472=DIRECTION('center_axis',(0.,-0.988371697650617,-0.152057184253941));
#12473=DIRECTION('ref_axis',(-1.,0.,0.));
#12474=DIRECTION('',(1.,0.,0.));
#12475=DIRECTION('',(1.,0.,0.));
#12476=DIRECTION('center_axis',(-0.988371697650617,0.,-0.152057184253941));
#12477=DIRECTION('ref_axis',(0.,1.,0.));
#12478=DIRECTION('center_axis',(0.988371697650617,0.,-0.152057184253941));
#12479=DIRECTION('ref_axis',(0.,-1.,0.));
#12480=DIRECTION('center_axis',(0.,3.429011037613E-16,-1.));
#12481=DIRECTION('ref_axis',(0.,1.,3.429011037613E-16));
#12482=DIRECTION('',(0.,-1.,-3.429011037613E-16));
#12483=DIRECTION('',(-1.,0.,0.));
#12484=DIRECTION('',(0.,-1.,-3.429011037613E-16));
#12485=DIRECTION('',(-1.,0.,0.));
#12486=DIRECTION('center_axis',(0.,-1.,0.));
#12487=DIRECTION('ref_axis',(0.,0.,-1.));
#12488=DIRECTION('',(0.,0.,1.));
#12489=DIRECTION('',(-1.,0.,0.));
#12490=DIRECTION('',(0.,0.,1.));
#12491=DIRECTION('center_axis',(0.,3.429011037613E-16,-1.));
#12492=DIRECTION('ref_axis',(0.,1.,3.429011037613E-16));
#12493=DIRECTION('',(0.,-1.,-3.429011037613E-16));
#12494=DIRECTION('',(-1.,0.,0.));
#12495=DIRECTION('',(0.,-1.,-3.429011037613E-16));
#12496=DIRECTION('center_axis',(-1.,0.,0.));
#12497=DIRECTION('ref_axis',(0.,0.,1.));
#12498=DIRECTION('center_axis',(-1.,0.,0.));
#12499=DIRECTION('ref_axis',(0.,0.,1.));
#12500=DIRECTION('',(-1.,0.,0.));
#12501=DIRECTION('center_axis',(-1.,0.,0.));
#12502=DIRECTION('ref_axis',(0.,0.,1.));
#12503=DIRECTION('center_axis',(0.,1.,0.));
#12504=DIRECTION('ref_axis',(0.,0.,1.));
#12505=DIRECTION('',(0.,0.,-1.));
#12506=DIRECTION('',(-1.,0.,0.));
#12507=DIRECTION('',(0.,0.,-1.));
#12508=DIRECTION('center_axis',(-1.,0.,0.));
#12509=DIRECTION('ref_axis',(0.,0.,1.));
#12510=DIRECTION('center_axis',(1.,0.,0.));
#12511=DIRECTION('ref_axis',(0.,0.,-1.));
#12512=DIRECTION('',(-1.,0.,0.));
#12513=DIRECTION('center_axis',(1.,0.,0.));
#12514=DIRECTION('ref_axis',(0.,0.,-1.));
#12515=DIRECTION('center_axis',(0.,0.,-1.));
#12516=DIRECTION('ref_axis',(-1.,0.,0.));
#12517=DIRECTION('',(0.,-1.,0.));
#12518=DIRECTION('',(0.,-1.,0.));
#12519=DIRECTION('center_axis',(0.,0.,-1.));
#12520=DIRECTION('ref_axis',(-1.,0.,0.));
#12521=DIRECTION('',(0.,-1.,0.));
#12522=DIRECTION('',(-1.,0.,0.));
#12523=DIRECTION('',(0.,-1.,0.));
#12524=DIRECTION('center_axis',(-1.,0.,0.));
#12525=DIRECTION('ref_axis',(0.,0.,1.));
#12526=DIRECTION('center_axis',(1.,0.,0.));
#12527=DIRECTION('ref_axis',(0.,0.,-1.));
#12528=DIRECTION('',(-1.,0.,0.));
#12529=DIRECTION('center_axis',(1.,0.,0.));
#12530=DIRECTION('ref_axis',(0.,0.,-1.));
#12531=DIRECTION('center_axis',(0.,1.,0.));
#12532=DIRECTION('ref_axis',(0.,0.,1.));
#12533=DIRECTION('',(0.,0.,-1.));
#12534=DIRECTION('',(-1.,0.,0.));
#12535=DIRECTION('',(0.,0.,-1.));
#12536=DIRECTION('center_axis',(-1.,0.,0.));
#12537=DIRECTION('ref_axis',(0.,0.,1.));
#12538=DIRECTION('center_axis',(-1.,0.,0.));
#12539=DIRECTION('ref_axis',(0.,0.,-1.));
#12540=DIRECTION('center_axis',(-1.,0.,0.));
#12541=DIRECTION('ref_axis',(0.,0.,-1.));
#12542=DIRECTION('center_axis',(-1.,0.,0.));
#12543=DIRECTION('ref_axis',(0.,0.,1.));
#12544=DIRECTION('center_axis',(-1.,0.,0.));
#12545=DIRECTION('ref_axis',(0.,0.,1.));
#12546=DIRECTION('center_axis',(0.,3.429011037613E-16,1.));
#12547=DIRECTION('ref_axis',(0.,-1.,3.429011037613E-16));
#12548=DIRECTION('',(0.,1.,-3.429011037613E-16));
#12549=DIRECTION('',(-1.,0.,0.));
#12550=DIRECTION('',(0.,1.,-3.429011037613E-16));
#12551=DIRECTION('',(-1.,0.,0.));
#12552=DIRECTION('center_axis',(-1.,0.,0.));
#12553=DIRECTION('ref_axis',(0.,0.,1.));
#12554=DIRECTION('center_axis',(1.,0.,0.));
#12555=DIRECTION('ref_axis',(0.,0.,-1.));
#12556=DIRECTION('',(-1.,0.,0.));
#12557=DIRECTION('center_axis',(1.,0.,0.));
#12558=DIRECTION('ref_axis',(0.,0.,-1.));
#12559=DIRECTION('center_axis',(0.,1.,0.));
#12560=DIRECTION('ref_axis',(0.,0.,1.));
#12561=DIRECTION('',(0.,0.,-1.));
#12562=DIRECTION('',(-1.,0.,0.));
#12563=DIRECTION('',(0.,0.,-1.));
#12564=DIRECTION('center_axis',(-1.,0.,0.));
#12565=DIRECTION('ref_axis',(0.,0.,1.));
#12566=DIRECTION('center_axis',(-1.,0.,0.));
#12567=DIRECTION('ref_axis',(0.,0.,-1.));
#12568=DIRECTION('',(-1.,0.,0.));
#12569=DIRECTION('center_axis',(-1.,0.,0.));
#12570=DIRECTION('ref_axis',(0.,0.,-1.));
#12571=DIRECTION('center_axis',(0.,0.,1.));
#12572=DIRECTION('ref_axis',(1.,0.,0.));
#12573=DIRECTION('',(0.,1.,0.));
#12574=DIRECTION('',(0.,1.,0.));
#12575=DIRECTION('center_axis',(0.,0.,1.));
#12576=DIRECTION('ref_axis',(1.,0.,0.));
#12577=DIRECTION('',(0.,1.,0.));
#12578=DIRECTION('',(-1.,0.,0.));
#12579=DIRECTION('',(0.,1.,0.));
#12580=DIRECTION('center_axis',(-1.,0.,0.));
#12581=DIRECTION('ref_axis',(0.,0.,1.));
#12582=DIRECTION('center_axis',(-1.,0.,0.));
#12583=DIRECTION('ref_axis',(0.,0.,-1.));
#12584=DIRECTION('',(-1.,0.,0.));
#12585=DIRECTION('center_axis',(-1.,0.,0.));
#12586=DIRECTION('ref_axis',(0.,0.,-1.));
#12587=DIRECTION('center_axis',(0.,1.,0.));
#12588=DIRECTION('ref_axis',(0.,0.,1.));
#12589=DIRECTION('',(0.,0.,-1.));
#12590=DIRECTION('',(-1.,0.,0.));
#12591=DIRECTION('',(0.,0.,-1.));
#12592=DIRECTION('center_axis',(-1.,0.,0.));
#12593=DIRECTION('ref_axis',(0.,0.,1.));
#12594=DIRECTION('center_axis',(1.,0.,0.));
#12595=DIRECTION('ref_axis',(0.,0.,1.));
#12596=DIRECTION('',(-1.,0.,0.));
#12597=DIRECTION('center_axis',(1.,0.,0.));
#12598=DIRECTION('ref_axis',(0.,0.,1.));
#12599=DIRECTION('center_axis',(0.,3.429011037613E-16,1.));
#12600=DIRECTION('ref_axis',(0.,-1.,3.429011037613E-16));
#12601=DIRECTION('',(0.,1.,-3.429011037613E-16));
#12602=DIRECTION('',(-1.,0.,0.));
#12603=DIRECTION('',(0.,1.,-3.429011037613E-16));
#12604=DIRECTION('center_axis',(0.,-1.,0.));
#12605=DIRECTION('ref_axis',(0.,0.,-1.));
#12606=DIRECTION('',(0.,0.,1.));
#12607=DIRECTION('',(0.,0.,1.));
#12608=DIRECTION('center_axis',(-1.,0.,0.));
#12609=DIRECTION('ref_axis',(0.,0.,1.));
#12610=DIRECTION('center_axis',(-1.,0.,0.));
#12611=DIRECTION('ref_axis',(0.,0.,1.));
#12612=DIRECTION('center_axis',(0.,3.429011037613E-16,-1.));
#12613=DIRECTION('ref_axis',(0.,1.,3.429011037613E-16));
#12614=DIRECTION('',(0.,-1.,-3.429011037613E-16));
#12615=DIRECTION('',(-1.,0.,0.));
#12616=DIRECTION('',(0.,-1.,-3.429011037613E-16));
#12617=DIRECTION('',(-1.,0.,0.));
#12618=DIRECTION('center_axis',(0.,-1.,0.));
#12619=DIRECTION('ref_axis',(0.,0.,-1.));
#12620=DIRECTION('',(0.,0.,1.));
#12621=DIRECTION('',(-1.,0.,0.));
#12622=DIRECTION('',(0.,0.,1.));
#12623=DIRECTION('center_axis',(0.,3.429011037613E-16,-1.));
#12624=DIRECTION('ref_axis',(0.,1.,3.429011037613E-16));
#12625=DIRECTION('',(0.,-1.,-3.429011037613E-16));
#12626=DIRECTION('',(-1.,0.,0.));
#12627=DIRECTION('',(0.,-1.,-3.429011037613E-16));
#12628=DIRECTION('center_axis',(-1.,0.,0.));
#12629=DIRECTION('ref_axis',(0.,0.,1.));
#12630=DIRECTION('center_axis',(-1.,0.,0.));
#12631=DIRECTION('ref_axis',(0.,0.,1.));
#12632=DIRECTION('',(-1.,0.,0.));
#12633=DIRECTION('center_axis',(-1.,0.,0.));
#12634=DIRECTION('ref_axis',(0.,0.,1.));
#12635=DIRECTION('center_axis',(0.,1.,0.));
#12636=DIRECTION('ref_axis',(0.,0.,1.));
#12637=DIRECTION('',(0.,0.,-1.));
#12638=DIRECTION('',(-1.,0.,0.));
#12639=DIRECTION('',(0.,0.,-1.));
#12640=DIRECTION('center_axis',(-1.,0.,0.));
#12641=DIRECTION('ref_axis',(0.,0.,1.));
#12642=DIRECTION('center_axis',(1.,0.,0.));
#12643=DIRECTION('ref_axis',(0.,0.,-1.));
#12644=DIRECTION('',(-1.,0.,0.));
#12645=DIRECTION('center_axis',(1.,0.,0.));
#12646=DIRECTION('ref_axis',(0.,0.,-1.));
#12647=DIRECTION('center_axis',(0.,0.,-1.));
#12648=DIRECTION('ref_axis',(-1.,0.,0.));
#12649=DIRECTION('',(0.,-1.,0.));
#12650=DIRECTION('',(0.,-1.,0.));
#12651=DIRECTION('center_axis',(0.,0.,-1.));
#12652=DIRECTION('ref_axis',(-1.,0.,0.));
#12653=DIRECTION('',(0.,-1.,0.));
#12654=DIRECTION('',(-1.,0.,0.));
#12655=DIRECTION('',(0.,-1.,0.));
#12656=DIRECTION('center_axis',(-1.,0.,0.));
#12657=DIRECTION('ref_axis',(0.,0.,1.));
#12658=DIRECTION('center_axis',(1.,0.,0.));
#12659=DIRECTION('ref_axis',(0.,0.,-1.));
#12660=DIRECTION('',(-1.,0.,0.));
#12661=DIRECTION('center_axis',(1.,0.,0.));
#12662=DIRECTION('ref_axis',(0.,0.,-1.));
#12663=DIRECTION('center_axis',(0.,1.,0.));
#12664=DIRECTION('ref_axis',(0.,0.,1.));
#12665=DIRECTION('',(0.,0.,-1.));
#12666=DIRECTION('',(-1.,0.,0.));
#12667=DIRECTION('',(0.,0.,-1.));
#12668=DIRECTION('center_axis',(-1.,0.,0.));
#12669=DIRECTION('ref_axis',(0.,0.,1.));
#12670=DIRECTION('center_axis',(-1.,0.,0.));
#12671=DIRECTION('ref_axis',(0.,0.,-1.));
#12672=DIRECTION('center_axis',(-1.,0.,0.));
#12673=DIRECTION('ref_axis',(0.,0.,-1.));
#12674=DIRECTION('center_axis',(-1.,0.,0.));
#12675=DIRECTION('ref_axis',(0.,0.,1.));
#12676=DIRECTION('center_axis',(-1.,0.,0.));
#12677=DIRECTION('ref_axis',(0.,0.,1.));
#12678=DIRECTION('center_axis',(0.,3.429011037613E-16,-1.));
#12679=DIRECTION('ref_axis',(0.,1.,3.429011037613E-16));
#12680=DIRECTION('',(0.,-1.,-3.429011037613E-16));
#12681=DIRECTION('',(-1.,0.,0.));
#12682=DIRECTION('',(0.,-1.,-3.429011037613E-16));
#12683=DIRECTION('',(-1.,0.,0.));
#12684=DIRECTION('center_axis',(0.,-1.,0.));
#12685=DIRECTION('ref_axis',(0.,0.,-1.));
#12686=DIRECTION('',(0.,0.,1.));
#12687=DIRECTION('',(-1.,0.,0.));
#12688=DIRECTION('',(0.,0.,1.));
#12689=DIRECTION('center_axis',(0.,3.429011037613E-16,-1.));
#12690=DIRECTION('ref_axis',(0.,1.,3.429011037613E-16));
#12691=DIRECTION('',(0.,-1.,-3.429011037613E-16));
#12692=DIRECTION('',(-1.,0.,0.));
#12693=DIRECTION('',(0.,-1.,-3.429011037613E-16));
#12694=DIRECTION('center_axis',(-1.,0.,0.));
#12695=DIRECTION('ref_axis',(0.,0.,1.));
#12696=DIRECTION('center_axis',(-1.,0.,0.));
#12697=DIRECTION('ref_axis',(0.,0.,1.));
#12698=DIRECTION('',(-1.,0.,0.));
#12699=DIRECTION('center_axis',(-1.,0.,0.));
#12700=DIRECTION('ref_axis',(0.,0.,1.));
#12701=DIRECTION('center_axis',(0.,1.,0.));
#12702=DIRECTION('ref_axis',(0.,0.,1.));
#12703=DIRECTION('',(0.,0.,-1.));
#12704=DIRECTION('',(-1.,0.,0.));
#12705=DIRECTION('',(0.,0.,-1.));
#12706=DIRECTION('center_axis',(-1.,0.,0.));
#12707=DIRECTION('ref_axis',(0.,0.,1.));
#12708=DIRECTION('center_axis',(1.,0.,0.));
#12709=DIRECTION('ref_axis',(0.,0.,-1.));
#12710=DIRECTION('',(-1.,0.,0.));
#12711=DIRECTION('center_axis',(1.,0.,0.));
#12712=DIRECTION('ref_axis',(0.,0.,-1.));
#12713=DIRECTION('center_axis',(0.,0.,-1.));
#12714=DIRECTION('ref_axis',(-1.,0.,0.));
#12715=DIRECTION('',(0.,-1.,0.));
#12716=DIRECTION('',(0.,-1.,0.));
#12717=DIRECTION('center_axis',(0.,0.,-1.));
#12718=DIRECTION('ref_axis',(-1.,0.,0.));
#12719=DIRECTION('',(0.,-1.,0.));
#12720=DIRECTION('',(-1.,0.,0.));
#12721=DIRECTION('',(0.,-1.,0.));
#12722=DIRECTION('center_axis',(-1.,0.,0.));
#12723=DIRECTION('ref_axis',(0.,0.,1.));
#12724=DIRECTION('center_axis',(1.,0.,0.));
#12725=DIRECTION('ref_axis',(0.,0.,-1.));
#12726=DIRECTION('',(-1.,0.,0.));
#12727=DIRECTION('center_axis',(1.,0.,0.));
#12728=DIRECTION('ref_axis',(0.,0.,-1.));
#12729=DIRECTION('center_axis',(0.,1.,0.));
#12730=DIRECTION('ref_axis',(0.,0.,1.));
#12731=DIRECTION('',(0.,0.,-1.));
#12732=DIRECTION('',(-1.,0.,0.));
#12733=DIRECTION('',(0.,0.,-1.));
#12734=DIRECTION('center_axis',(-1.,0.,0.));
#12735=DIRECTION('ref_axis',(0.,0.,1.));
#12736=DIRECTION('center_axis',(-1.,0.,0.));
#12737=DIRECTION('ref_axis',(0.,0.,-1.));
#12738=DIRECTION('center_axis',(-1.,0.,0.));
#12739=DIRECTION('ref_axis',(0.,0.,-1.));
#12740=DIRECTION('center_axis',(-1.,0.,0.));
#12741=DIRECTION('ref_axis',(0.,0.,1.));
#12742=DIRECTION('center_axis',(-1.,0.,0.));
#12743=DIRECTION('ref_axis',(0.,0.,1.));
#12744=DIRECTION('center_axis',(0.,3.429011037613E-16,1.));
#12745=DIRECTION('ref_axis',(0.,-1.,3.429011037613E-16));
#12746=DIRECTION('',(0.,1.,-3.429011037613E-16));
#12747=DIRECTION('',(-1.,0.,0.));
#12748=DIRECTION('',(0.,1.,-3.429011037613E-16));
#12749=DIRECTION('',(-1.,0.,0.));
#12750=DIRECTION('center_axis',(-1.,0.,0.));
#12751=DIRECTION('ref_axis',(0.,0.,1.));
#12752=DIRECTION('center_axis',(1.,0.,0.));
#12753=DIRECTION('ref_axis',(0.,0.,-1.));
#12754=DIRECTION('',(-1.,0.,0.));
#12755=DIRECTION('center_axis',(1.,0.,0.));
#12756=DIRECTION('ref_axis',(0.,0.,-1.));
#12757=DIRECTION('center_axis',(0.,1.,0.));
#12758=DIRECTION('ref_axis',(0.,0.,1.));
#12759=DIRECTION('',(0.,0.,-1.));
#12760=DIRECTION('',(-1.,0.,0.));
#12761=DIRECTION('',(0.,0.,-1.));
#12762=DIRECTION('center_axis',(-1.,0.,0.));
#12763=DIRECTION('ref_axis',(0.,0.,1.));
#12764=DIRECTION('center_axis',(-1.,0.,0.));
#12765=DIRECTION('ref_axis',(0.,0.,-1.));
#12766=DIRECTION('',(-1.,0.,0.));
#12767=DIRECTION('center_axis',(-1.,0.,0.));
#12768=DIRECTION('ref_axis',(0.,0.,-1.));
#12769=DIRECTION('center_axis',(0.,0.,1.));
#12770=DIRECTION('ref_axis',(1.,0.,0.));
#12771=DIRECTION('',(0.,1.,0.));
#12772=DIRECTION('',(0.,1.,0.));
#12773=DIRECTION('center_axis',(0.,0.,1.));
#12774=DIRECTION('ref_axis',(1.,0.,0.));
#12775=DIRECTION('',(0.,1.,0.));
#12776=DIRECTION('',(-1.,0.,0.));
#12777=DIRECTION('',(0.,1.,0.));
#12778=DIRECTION('center_axis',(-1.,0.,0.));
#12779=DIRECTION('ref_axis',(0.,0.,1.));
#12780=DIRECTION('center_axis',(-1.,0.,0.));
#12781=DIRECTION('ref_axis',(0.,0.,-1.));
#12782=DIRECTION('',(-1.,0.,0.));
#12783=DIRECTION('center_axis',(-1.,0.,0.));
#12784=DIRECTION('ref_axis',(0.,0.,-1.));
#12785=DIRECTION('center_axis',(0.,1.,0.));
#12786=DIRECTION('ref_axis',(0.,0.,1.));
#12787=DIRECTION('',(0.,0.,-1.));
#12788=DIRECTION('',(-1.,0.,0.));
#12789=DIRECTION('',(0.,0.,-1.));
#12790=DIRECTION('center_axis',(-1.,0.,0.));
#12791=DIRECTION('ref_axis',(0.,0.,1.));
#12792=DIRECTION('center_axis',(1.,0.,0.));
#12793=DIRECTION('ref_axis',(0.,0.,1.));
#12794=DIRECTION('',(-1.,0.,0.));
#12795=DIRECTION('center_axis',(1.,0.,0.));
#12796=DIRECTION('ref_axis',(0.,0.,1.));
#12797=DIRECTION('center_axis',(0.,3.429011037613E-16,1.));
#12798=DIRECTION('ref_axis',(0.,-1.,3.429011037613E-16));
#12799=DIRECTION('',(0.,1.,-3.429011037613E-16));
#12800=DIRECTION('',(-1.,0.,0.));
#12801=DIRECTION('',(0.,1.,-3.429011037613E-16));
#12802=DIRECTION('center_axis',(0.,-1.,0.));
#12803=DIRECTION('ref_axis',(0.,0.,-1.));
#12804=DIRECTION('',(0.,0.,1.));
#12805=DIRECTION('',(0.,0.,1.));
#12806=DIRECTION('center_axis',(-1.,0.,0.));
#12807=DIRECTION('ref_axis',(0.,0.,1.));
#12808=DIRECTION('center_axis',(-1.,0.,0.));
#12809=DIRECTION('ref_axis',(0.,0.,1.));
#12810=DIRECTION('axis',(0.,0.,1.));
#12811=DIRECTION('refdir',(1.,0.,0.));
#12812=DIRECTION('center_axis',(2.22044604925031E-16,-1.,0.));
#12813=DIRECTION('ref_axis',(0.,0.,-1.));
#12814=DIRECTION('',(1.,2.22044604925031E-16,0.));
#12815=DIRECTION('',(0.,0.,1.));
#12816=DIRECTION('',(-1.,-2.22044604925031E-16,0.));
#12817=DIRECTION('',(0.,0.,-1.));
#12818=DIRECTION('',(1.,2.22044604925031E-16,0.));
#12819=DIRECTION('',(0.,0.,-1.));
#12820=DIRECTION('',(-1.,-2.22044604925031E-16,0.));
#12821=DIRECTION('',(0.,0.,-1.));
#12822=DIRECTION('center_axis',(0.,0.,1.));
#12823=DIRECTION('ref_axis',(2.22044604925031E-16,-1.,0.));
#12824=DIRECTION('',(1.,2.22044604925031E-16,0.));
#12825=DIRECTION('',(-2.22044604925031E-16,1.,0.));
#12826=DIRECTION('',(2.22044604925031E-16,-1.,0.));
#12827=DIRECTION('center_axis',(0.,0.,1.));
#12828=DIRECTION('ref_axis',(2.22044604925031E-16,-1.,0.));
#12829=DIRECTION('',(-1.,-2.22044604925031E-16,0.));
#12830=DIRECTION('',(-2.22044604925031E-16,1.,0.));
#12831=DIRECTION('',(2.22044604925031E-16,-1.,0.));
#12832=DIRECTION('center_axis',(1.,2.22044604925031E-16,0.));
#12833=DIRECTION('ref_axis',(0.,0.,1.));
#12834=DIRECTION('',(0.,0.,-1.));
#12835=DIRECTION('center_axis',(-1.,-2.22044604925031E-16,0.));
#12836=DIRECTION('ref_axis',(0.,0.,-1.));
#12837=DIRECTION('',(2.22044604925031E-16,-1.,0.));
#12838=DIRECTION('',(0.,0.,-1.));
#12839=DIRECTION('',(-2.22044604925031E-16,1.,0.));
#12840=DIRECTION('',(0.,0.,-1.));
#12841=DIRECTION('center_axis',(-2.22044604925031E-16,1.,0.));
#12842=DIRECTION('ref_axis',(0.,0.,1.));
#12843=DIRECTION('center_axis',(-2.22044604925031E-16,1.,0.));
#12844=DIRECTION('ref_axis',(0.,0.,1.));
#12845=DIRECTION('',(-1.,-2.22044604925031E-16,0.));
#12846=DIRECTION('',(0.,0.,1.));
#12847=DIRECTION('',(1.,2.22044604925031E-16,0.));
#12848=DIRECTION('center_axis',(0.,0.,1.));
#12849=DIRECTION('ref_axis',(2.22044604925031E-16,-1.,0.));
#12850=DIRECTION('',(-2.22044604925031E-16,1.,0.));
#12851=DIRECTION('',(1.,2.22044604925031E-16,0.));
#12852=DIRECTION('',(-2.22044604925031E-16,1.,0.));
#12853=DIRECTION('',(1.,2.22044604925031E-16,0.));
#12854=DIRECTION('',(2.22044604925031E-16,-1.,0.));
#12855=DIRECTION('',(1.,2.22044604925031E-16,0.));
#12856=DIRECTION('',(-2.22044604925031E-16,1.,0.));
#12857=DIRECTION('',(1.,2.22044604925031E-16,0.));
#12858=DIRECTION('',(2.22044604925031E-16,-1.,0.));
#12859=DIRECTION('',(1.,2.22044604925031E-16,0.));
#12860=DIRECTION('',(-2.22044604925031E-16,1.,0.));
#12861=DIRECTION('',(1.,2.22044604925031E-16,0.));
#12862=DIRECTION('',(2.22044604925031E-16,-1.,0.));
#12863=DIRECTION('',(1.,2.22044604925031E-16,0.));
#12864=DIRECTION('',(2.22044604925031E-16,-1.,0.));
#12865=DIRECTION('',(-1.,-2.22044604925031E-16,0.));
#12866=DIRECTION('',(2.22044604925031E-16,-1.,0.));
#12867=DIRECTION('',(-1.,-2.22044604925031E-16,0.));
#12868=DIRECTION('',(-2.22044604925031E-16,1.,0.));
#12869=DIRECTION('',(-1.,-2.22044604925031E-16,0.));
#12870=DIRECTION('',(2.22044604925031E-16,-1.,0.));
#12871=DIRECTION('',(-1.,-2.22044604925031E-16,0.));
#12872=DIRECTION('',(-2.22044604925031E-16,1.,0.));
#12873=DIRECTION('',(-1.,-2.22044604925031E-16,0.));
#12874=DIRECTION('',(2.22044604925031E-16,-1.,0.));
#12875=DIRECTION('center_axis',(2.22044604925031E-16,-1.,0.));
#12876=DIRECTION('ref_axis',(0.,0.,-1.));
#12877=DIRECTION('',(0.,0.,-1.));
#12878=DIRECTION('',(1.,2.22044604925031E-16,0.));
#12879=DIRECTION('',(0.,0.,-1.));
#12880=DIRECTION('',(-1.,-2.22044604925031E-16,0.));
#12881=DIRECTION('',(0.,0.,-1.));
#12882=DIRECTION('',(1.,2.22044604925031E-16,0.));
#12883=DIRECTION('',(0.,0.,-1.));
#12884=DIRECTION('center_axis',(0.,0.,1.));
#12885=DIRECTION('ref_axis',(2.22044604925031E-16,-1.,0.));
#12886=DIRECTION('',(1.,2.22044604925031E-16,0.));
#12887=DIRECTION('',(-2.22044604925031E-16,1.,0.));
#12888=DIRECTION('',(2.22044604925031E-16,-1.,0.));
#12889=DIRECTION('center_axis',(0.,0.,1.));
#12890=DIRECTION('ref_axis',(2.22044604925031E-16,-1.,0.));
#12891=DIRECTION('',(-1.,-2.22044604925031E-16,0.));
#12892=DIRECTION('',(-2.22044604925031E-16,1.,0.));
#12893=DIRECTION('',(2.22044604925031E-16,-1.,0.));
#12894=DIRECTION('center_axis',(1.,2.22044604925031E-16,0.));
#12895=DIRECTION('ref_axis',(0.,0.,1.));
#12896=DIRECTION('',(0.,0.,-1.));
#12897=DIRECTION('',(-2.22044604925031E-16,1.,0.));
#12898=DIRECTION('',(0.,0.,1.));
#12899=DIRECTION('center_axis',(-1.,-2.22044604925031E-16,0.));
#12900=DIRECTION('ref_axis',(0.,0.,-1.));
#12901=DIRECTION('',(0.,0.,-1.));
#12902=DIRECTION('center_axis',(-2.22044604925031E-16,1.,0.));
#12903=DIRECTION('ref_axis',(0.,0.,1.));
#12904=DIRECTION('center_axis',(-2.22044604925031E-16,1.,0.));
#12905=DIRECTION('ref_axis',(0.,0.,1.));
#12906=DIRECTION('',(1.,2.22044604925031E-16,0.));
#12907=DIRECTION('',(0.,0.,-1.));
#12908=DIRECTION('center_axis',(-1.,-2.22044604925031E-16,0.));
#12909=DIRECTION('ref_axis',(0.,0.,-1.));
#12910=DIRECTION('',(2.22044604925031E-16,-1.,0.));
#12911=DIRECTION('',(0.,0.,1.));
#12912=DIRECTION('',(0.,0.,-1.));
#12913=DIRECTION('',(2.22044604925031E-16,-1.,0.));
#12914=DIRECTION('',(0.,0.,-1.));
#12915=DIRECTION('',(-2.22044604925031E-16,1.,0.));
#12916=DIRECTION('',(0.,0.,-1.));
#12917=DIRECTION('center_axis',(0.,0.,1.));
#12918=DIRECTION('ref_axis',(2.22044604925031E-16,-1.,0.));
#12919=DIRECTION('',(1.,2.22044604925031E-16,0.));
#12920=DIRECTION('',(-1.,-2.22044604925031E-16,0.));
#12921=DIRECTION('',(2.22044604925031E-16,-1.,0.));
#12922=DIRECTION('center_axis',(0.,0.,1.));
#12923=DIRECTION('ref_axis',(2.22044604925031E-16,-1.,0.));
#12924=DIRECTION('',(-1.,-2.22044604925031E-16,0.));
#12925=DIRECTION('',(-2.22044604925031E-16,1.,0.));
#12926=DIRECTION('',(1.,2.22044604925031E-16,0.));
#12927=DIRECTION('center_axis',(1.,2.22044604925031E-16,0.));
#12928=DIRECTION('ref_axis',(0.,0.,1.));
#12929=DIRECTION('',(0.,0.,-1.));
#12930=DIRECTION('',(0.,0.,-1.));
#12931=DIRECTION('center_axis',(2.22044604925031E-16,-1.,0.));
#12932=DIRECTION('ref_axis',(0.,0.,-1.));
#12933=DIRECTION('center_axis',(-2.22044604925031E-16,1.,0.));
#12934=DIRECTION('ref_axis',(0.,0.,1.));
#12935=DIRECTION('',(-1.,-2.22044604925031E-16,0.));
#12936=DIRECTION('',(0.,0.,-1.));
#12937=DIRECTION('center_axis',(1.,2.22044604925031E-16,0.));
#12938=DIRECTION('ref_axis',(0.,0.,1.));
#12939=DIRECTION('',(2.22044604925031E-16,-1.,0.));
#12940=DIRECTION('center_axis',(-2.22044604925031E-16,1.,0.));
#12941=DIRECTION('ref_axis',(0.,0.,1.));
#12942=DIRECTION('',(-1.,-2.22044604925031E-16,0.));
#12943=DIRECTION('',(0.,0.,1.));
#12944=DIRECTION('',(0.,0.,-1.));
#12945=DIRECTION('',(-1.,-2.22044604925031E-16,0.));
#12946=DIRECTION('',(0.,0.,-1.));
#12947=DIRECTION('',(1.,2.22044604925031E-16,0.));
#12948=DIRECTION('',(0.,0.,-1.));
#12949=DIRECTION('center_axis',(0.,0.,1.));
#12950=DIRECTION('ref_axis',(2.22044604925031E-16,-1.,0.));
#12951=DIRECTION('',(-2.22044604925031E-16,1.,0.));
#12952=DIRECTION('',(-1.,-2.22044604925031E-16,0.));
#12953=DIRECTION('',(2.22044604925031E-16,-1.,0.));
#12954=DIRECTION('center_axis',(0.,0.,1.));
#12955=DIRECTION('ref_axis',(2.22044604925031E-16,-1.,0.));
#12956=DIRECTION('',(-2.22044604925031E-16,1.,0.));
#12957=DIRECTION('',(1.,2.22044604925031E-16,0.));
#12958=DIRECTION('',(2.22044604925031E-16,-1.,0.));
#12959=DIRECTION('center_axis',(1.,2.22044604925031E-16,0.));
#12960=DIRECTION('ref_axis',(0.,0.,1.));
#12961=DIRECTION('',(-2.22044604925031E-16,1.,0.));
#12962=DIRECTION('',(0.,0.,-1.));
#12963=DIRECTION('',(0.,0.,-1.));
#12964=DIRECTION('center_axis',(2.22044604925031E-16,-1.,0.));
#12965=DIRECTION('ref_axis',(0.,0.,-1.));
#12966=DIRECTION('',(0.,0.,-1.));
#12967=DIRECTION('center_axis',(-1.,-2.22044604925031E-16,0.));
#12968=DIRECTION('ref_axis',(0.,0.,-1.));
#12969=DIRECTION('center_axis',(0.,0.,1.));
#12970=DIRECTION('ref_axis',(2.22044604925031E-16,-1.,0.));
#12971=DIRECTION('',(-2.22044604925031E-16,1.,0.));
#12972=DIRECTION('',(1.,2.22044604925031E-16,0.));
#12973=DIRECTION('',(2.22044604925031E-16,-1.,0.));
#12974=DIRECTION('',(1.,2.22044604925031E-16,0.));
#12975=DIRECTION('',(-2.22044604925031E-16,1.,0.));
#12976=DIRECTION('',(1.,2.22044604925031E-16,0.));
#12977=DIRECTION('',(2.22044604925031E-16,-1.,0.));
#12978=DIRECTION('',(-2.22044604925031E-16,1.,0.));
#12979=DIRECTION('',(-1.,-2.22044604925031E-16,0.));
#12980=DIRECTION('',(2.22044604925031E-16,-1.,0.));
#12981=DIRECTION('',(-1.,-2.22044604925031E-16,0.));
#12982=DIRECTION('',(-2.22044604925031E-16,1.,0.));
#12983=DIRECTION('',(-1.,-2.22044604925031E-16,0.));
#12984=DIRECTION('',(2.22044604925031E-16,-1.,0.));
#12985=DIRECTION('',(-1.,-2.22044604925031E-16,0.));
#12986=DIRECTION('',(-2.22044604925031E-16,1.,0.));
#12987=DIRECTION('',(-1.,-2.22044604925031E-16,0.));
#12988=DIRECTION('center_axis',(2.22044604925031E-16,-1.,0.));
#12989=DIRECTION('ref_axis',(0.,0.,-1.));
#12990=DIRECTION('',(0.,0.,1.));
#12991=DIRECTION('center_axis',(1.,2.22044604925031E-16,0.));
#12992=DIRECTION('ref_axis',(0.,0.,1.));
#12993=DIRECTION('',(0.,0.,-1.));
#12994=DIRECTION('',(-2.22044604925031E-16,1.,0.));
#12995=DIRECTION('',(0.,0.,-1.));
#12996=DIRECTION('',(2.22044604925031E-16,-1.,0.));
#12997=DIRECTION('',(0.,0.,-1.));
#12998=DIRECTION('center_axis',(2.22044604925031E-16,-1.,0.));
#12999=DIRECTION('ref_axis',(0.,0.,-1.));
#13000=DIRECTION('',(0.,0.,-1.));
#13001=DIRECTION('',(1.,2.22044604925031E-16,0.));
#13002=DIRECTION('center_axis',(2.22044604925031E-16,-1.,0.));
#13003=DIRECTION('ref_axis',(0.,0.,-1.));
#13004=DIRECTION('',(-1.,-2.22044604925031E-16,0.));
#13005=DIRECTION('',(0.,0.,-1.));
#13006=DIRECTION('center_axis',(0.,0.,1.));
#13007=DIRECTION('ref_axis',(2.22044604925031E-16,-1.,0.));
#13008=DIRECTION('',(1.,2.22044604925031E-16,0.));
#13009=DIRECTION('',(-2.22044604925031E-16,1.,0.));
#13010=DIRECTION('center_axis',(0.,0.,1.));
#13011=DIRECTION('ref_axis',(2.22044604925031E-16,-1.,0.));
#13012=DIRECTION('',(-1.,-2.22044604925031E-16,0.));
#13013=DIRECTION('',(2.22044604925031E-16,-1.,0.));
#13014=DIRECTION('center_axis',(-1.,-2.22044604925031E-16,0.));
#13015=DIRECTION('ref_axis',(0.,0.,-1.));
#13016=DIRECTION('',(0.,0.,-1.));
#13017=DIRECTION('',(0.,0.,-1.));
#13018=DIRECTION('center_axis',(-2.22044604925031E-16,1.,0.));
#13019=DIRECTION('ref_axis',(0.,0.,1.));
#13020=DIRECTION('center_axis',(-2.22044604925031E-16,1.,0.));
#13021=DIRECTION('ref_axis',(0.,0.,1.));
#13022=DIRECTION('',(0.,0.,1.));
#13023=DIRECTION('center_axis',(-1.,-2.22044604925031E-16,0.));
#13024=DIRECTION('ref_axis',(0.,0.,-1.));
#13025=DIRECTION('',(0.,0.,-1.));
#13026=DIRECTION('',(-2.22044604925031E-16,1.,0.));
#13027=DIRECTION('',(0.,0.,-1.));
#13028=DIRECTION('',(2.22044604925031E-16,-1.,0.));
#13029=DIRECTION('',(0.,0.,-1.));
#13030=DIRECTION('center_axis',(2.22044604925031E-16,-1.,0.));
#13031=DIRECTION('ref_axis',(0.,0.,-1.));
#13032=DIRECTION('',(0.,0.,-1.));
#13033=DIRECTION('',(-1.,-2.22044604925031E-16,0.));
#13034=DIRECTION('center_axis',(0.,0.,1.));
#13035=DIRECTION('ref_axis',(2.22044604925031E-16,-1.,0.));
#13036=DIRECTION('',(1.,2.22044604925031E-16,0.));
#13037=DIRECTION('',(2.22044604925031E-16,-1.,0.));
#13038=DIRECTION('center_axis',(0.,0.,1.));
#13039=DIRECTION('ref_axis',(2.22044604925031E-16,-1.,0.));
#13040=DIRECTION('',(-1.,-2.22044604925031E-16,0.));
#13041=DIRECTION('',(-2.22044604925031E-16,1.,0.));
#13042=DIRECTION('',(1.,2.22044604925031E-16,0.));
#13043=DIRECTION('center_axis',(1.,2.22044604925031E-16,0.));
#13044=DIRECTION('ref_axis',(0.,0.,1.));
#13045=DIRECTION('',(0.,0.,-1.));
#13046=DIRECTION('',(0.,0.,-1.));
#13047=DIRECTION('center_axis',(2.22044604925031E-16,-1.,0.));
#13048=DIRECTION('ref_axis',(0.,0.,-1.));
#13049=DIRECTION('center_axis',(-2.22044604925031E-16,1.,0.));
#13050=DIRECTION('ref_axis',(0.,0.,1.));
#13051=DIRECTION('center_axis',(-1.,-2.22044604925031E-16,0.));
#13052=DIRECTION('ref_axis',(0.,0.,-1.));
#13053=DIRECTION('',(0.,0.,1.));
#13054=DIRECTION('',(0.,0.,-1.));
#13055=DIRECTION('',(2.22044604925031E-16,-1.,0.));
#13056=DIRECTION('',(0.,0.,-1.));
#13057=DIRECTION('',(-2.22044604925031E-16,1.,0.));
#13058=DIRECTION('',(0.,0.,-1.));
#13059=DIRECTION('center_axis',(-2.22044604925031E-16,1.,0.));
#13060=DIRECTION('ref_axis',(0.,0.,1.));
#13061=DIRECTION('',(0.,0.,-1.));
#13062=DIRECTION('',(-1.,-2.22044604925031E-16,0.));
#13063=DIRECTION('center_axis',(-2.22044604925031E-16,1.,0.));
#13064=DIRECTION('ref_axis',(0.,0.,1.));
#13065=DIRECTION('',(1.,2.22044604925031E-16,0.));
#13066=DIRECTION('',(0.,0.,-1.));
#13067=DIRECTION('center_axis',(0.,0.,1.));
#13068=DIRECTION('ref_axis',(2.22044604925031E-16,-1.,0.));
#13069=DIRECTION('',(-1.,-2.22044604925031E-16,0.));
#13070=DIRECTION('',(2.22044604925031E-16,-1.,0.));
#13071=DIRECTION('center_axis',(0.,0.,1.));
#13072=DIRECTION('ref_axis',(2.22044604925031E-16,-1.,0.));
#13073=DIRECTION('',(-2.22044604925031E-16,1.,0.));
#13074=DIRECTION('',(1.,2.22044604925031E-16,0.));
#13075=DIRECTION('center_axis',(1.,2.22044604925031E-16,0.));
#13076=DIRECTION('ref_axis',(0.,0.,1.));
#13077=DIRECTION('',(0.,0.,-1.));
#13078=DIRECTION('',(0.,0.,-1.));
#13079=DIRECTION('center_axis',(2.22044604925031E-16,-1.,0.));
#13080=DIRECTION('ref_axis',(0.,0.,-1.));
#13081=DIRECTION('center_axis',(2.22044604925031E-16,-1.,0.));
#13082=DIRECTION('ref_axis',(0.,0.,-1.));
#13083=DIRECTION('',(0.,0.,-1.));
#13084=DIRECTION('center_axis',(2.22044604925031E-16,-1.,0.));
#13085=DIRECTION('ref_axis',(0.,0.,-1.));
#13086=DIRECTION('center_axis',(-1.,-2.22044604925031E-16,0.));
#13087=DIRECTION('ref_axis',(0.,0.,-1.));
#13088=DIRECTION('',(0.,0.,-1.));
#13089=DIRECTION('',(2.22044604925031E-16,-1.,0.));
#13090=DIRECTION('',(0.,0.,-1.));
#13091=DIRECTION('',(-2.22044604925031E-16,1.,0.));
#13092=DIRECTION('',(0.,0.,-1.));
#13093=DIRECTION('center_axis',(-2.22044604925031E-16,1.,0.));
#13094=DIRECTION('ref_axis',(0.,0.,1.));
#13095=DIRECTION('',(0.,0.,-1.));
#13096=DIRECTION('',(-1.,-2.22044604925031E-16,0.));
#13097=DIRECTION('center_axis',(-2.22044604925031E-16,1.,0.));
#13098=DIRECTION('ref_axis',(0.,0.,1.));
#13099=DIRECTION('',(1.,2.22044604925031E-16,0.));
#13100=DIRECTION('',(0.,0.,-1.));
#13101=DIRECTION('center_axis',(0.,0.,1.));
#13102=DIRECTION('ref_axis',(2.22044604925031E-16,-1.,0.));
#13103=DIRECTION('',(-1.,-2.22044604925031E-16,0.));
#13104=DIRECTION('',(2.22044604925031E-16,-1.,0.));
#13105=DIRECTION('center_axis',(0.,0.,1.));
#13106=DIRECTION('ref_axis',(2.22044604925031E-16,-1.,0.));
#13107=DIRECTION('',(-2.22044604925031E-16,1.,0.));
#13108=DIRECTION('',(1.,2.22044604925031E-16,0.));
#13109=DIRECTION('center_axis',(1.,2.22044604925031E-16,0.));
#13110=DIRECTION('ref_axis',(0.,0.,1.));
#13111=DIRECTION('',(0.,0.,-1.));
#13112=DIRECTION('center_axis',(2.22044604925031E-16,-1.,0.));
#13113=DIRECTION('ref_axis',(0.,0.,-1.));
#13114=DIRECTION('center_axis',(-1.,-2.22044604925031E-16,0.));
#13115=DIRECTION('ref_axis',(0.,0.,-1.));
#13116=DIRECTION('axis',(0.,0.,1.));
#13117=DIRECTION('refdir',(1.,0.,0.));
#13118=DIRECTION('center_axis',(1.,0.,0.));
#13119=DIRECTION('ref_axis',(0.,0.,-1.));
#13120=DIRECTION('',(0.,1.,0.));
#13121=DIRECTION('',(0.,0.,-1.));
#13122=DIRECTION('',(0.,-1.,6.02334540269777E-16));
#13123=DIRECTION('center_axis',(-1.,0.,0.));
#13124=DIRECTION('ref_axis',(0.,-1.,0.));
#13125=DIRECTION('',(0.,0.,1.));
#13126=DIRECTION('center_axis',(1.,0.,0.));
#13127=DIRECTION('ref_axis',(0.,-1.,0.));
#13128=DIRECTION('',(0.,-1.,0.));
#13129=DIRECTION('',(0.,0.,-1.));
#13130=DIRECTION('',(0.,1.,0.));
#13131=DIRECTION('center_axis',(-1.,0.,0.));
#13132=DIRECTION('ref_axis',(0.,1.,0.));
#13133=DIRECTION('',(0.,0.,-1.));
#13134=DIRECTION('center_axis',(1.,0.,0.));
#13135=DIRECTION('ref_axis',(0.,1.,0.));
#13136=DIRECTION('center_axis',(0.,1.,0.));
#13137=DIRECTION('ref_axis',(0.,0.,1.));
#13138=DIRECTION('',(-1.,0.,0.));
#13139=DIRECTION('',(0.,0.,1.));
#13140=DIRECTION('',(1.,0.,0.));
#13141=DIRECTION('center_axis',(0.,-6.02334540269777E-16,-1.));
#13142=DIRECTION('ref_axis',(0.,1.,-6.02334540269777E-16));
#13143=DIRECTION('',(0.,1.,-6.02334540269777E-16));
#13144=DIRECTION('',(1.,0.,0.));
#13145=DIRECTION('center_axis',(1.,0.,0.));
#13146=DIRECTION('ref_axis',(0.,-1.,0.));
#13147=DIRECTION('center_axis',(1.,0.,0.));
#13148=DIRECTION('ref_axis',(0.,-1.,0.));
#13149=DIRECTION('',(1.,0.,0.));
#13150=DIRECTION('center_axis',(0.,-1.,0.));
#13151=DIRECTION('ref_axis',(0.,0.,-1.));
#13152=DIRECTION('',(0.,0.,-1.));
#13153=DIRECTION('',(1.,0.,0.));
#13154=DIRECTION('center_axis',(1.,0.,0.));
#13155=DIRECTION('ref_axis',(0.,-1.,0.));
#13156=DIRECTION('center_axis',(-1.,0.,0.));
#13157=DIRECTION('ref_axis',(0.,-1.,0.));
#13158=DIRECTION('',(1.,0.,0.));
#13159=DIRECTION('center_axis',(0.,0.,-1.));
#13160=DIRECTION('ref_axis',(0.,1.,0.));
#13161=DIRECTION('',(0.,1.,0.));
#13162=DIRECTION('',(-1.,0.,0.));
#13163=DIRECTION('center_axis',(0.,0.,1.));
#13164=DIRECTION('ref_axis',(0.,-1.,0.));
#13165=DIRECTION('',(-1.,0.,0.));
#13166=DIRECTION('',(0.,-1.,0.));
#13167=DIRECTION('',(1.,0.,0.));
#13168=DIRECTION('center_axis',(1.,0.,0.));
#13169=DIRECTION('ref_axis',(0.,1.,0.));
#13170=DIRECTION('center_axis',(1.,0.,0.));
#13171=DIRECTION('ref_axis',(0.,1.,0.));
#13172=DIRECTION('',(1.,0.,0.));
#13173=DIRECTION('center_axis',(0.,1.,0.));
#13174=DIRECTION('ref_axis',(0.,0.,1.));
#13175=DIRECTION('',(0.,0.,1.));
#13176=DIRECTION('',(1.,0.,0.));
#13177=DIRECTION('center_axis',(1.,0.,0.));
#13178=DIRECTION('ref_axis',(0.,1.,0.));
#13179=DIRECTION('center_axis',(-1.,0.,0.));
#13180=DIRECTION('ref_axis',(0.,1.,0.));
#13181=DIRECTION('',(1.,0.,0.));
#13182=DIRECTION('center_axis',(0.,0.,1.));
#13183=DIRECTION('ref_axis',(0.,-1.,0.));
#13184=DIRECTION('',(0.,-1.,0.));
#13185=DIRECTION('center_axis',(1.,0.,0.));
#13186=DIRECTION('ref_axis',(0.,0.,-1.));
#13187=DIRECTION('',(0.,0.,1.));
#13188=DIRECTION('center_axis',(0.,-1.,0.));
#13189=DIRECTION('ref_axis',(0.,0.,-1.));
#13190=DIRECTION('',(-1.,0.,0.));
#13191=DIRECTION('',(0.,0.,-1.));
#13192=DIRECTION('',(-1.,0.,0.));
#13193=DIRECTION('center_axis',(0.,-1.,0.));
#13194=DIRECTION('ref_axis',(0.,0.,-1.));
#13195=DIRECTION('',(-1.,0.,0.));
#13196=DIRECTION('',(0.,0.,-1.));
#13197=DIRECTION('',(-1.,0.,0.));
#13198=DIRECTION('center_axis',(0.,1.,0.));
#13199=DIRECTION('ref_axis',(0.,0.,1.));
#13200=DIRECTION('',(0.,0.,-1.));
#13201=DIRECTION('',(-1.,0.,0.));
#13202=DIRECTION('',(0.,0.,-1.));
#13203=DIRECTION('',(-1.,0.,0.));
#13204=DIRECTION('center_axis',(0.,1.,0.));
#13205=DIRECTION('ref_axis',(0.,0.,1.));
#13206=DIRECTION('',(0.,0.,-1.));
#13207=DIRECTION('',(-1.,0.,0.));
#13208=DIRECTION('',(0.,0.,-1.));
#13209=DIRECTION('',(-1.,0.,0.));
#13210=DIRECTION('center_axis',(0.,-1.,0.));
#13211=DIRECTION('ref_axis',(0.,0.,-1.));
#13212=DIRECTION('',(0.,0.,-1.));
#13213=DIRECTION('',(-1.,0.,0.));
#13214=DIRECTION('',(0.,0.,-1.));
#13215=DIRECTION('',(-1.,0.,0.));
#13216=DIRECTION('center_axis',(0.,1.,0.));
#13217=DIRECTION('ref_axis',(0.,0.,1.));
#13218=DIRECTION('',(-1.,0.,0.));
#13219=DIRECTION('',(0.,0.,-1.));
#13220=DIRECTION('',(-1.,0.,0.));
#13221=DIRECTION('',(0.,0.,-1.));
#13222=DIRECTION('center_axis',(0.,1.,0.));
#13223=DIRECTION('ref_axis',(0.,0.,1.));
#13224=DIRECTION('',(-1.,0.,0.));
#13225=DIRECTION('',(0.,0.,-1.));
#13226=DIRECTION('',(-1.,0.,0.));
#13227=DIRECTION('',(0.,0.,-1.));
#13228=DIRECTION('center_axis',(1.,0.,0.));
#13229=DIRECTION('ref_axis',(0.,0.,-1.));
#13230=DIRECTION('',(0.,0.,-1.));
#13231=DIRECTION('',(0.,-1.,0.));
#13232=DIRECTION('',(0.,-1.,0.));
#13233=DIRECTION('center_axis',(-1.,0.,0.));
#13234=DIRECTION('ref_axis',(0.,0.,1.));
#13235=DIRECTION('',(0.,-1.,0.));
#13236=DIRECTION('',(0.,-1.,0.));
#13237=DIRECTION('center_axis',(0.,-1.,0.));
#13238=DIRECTION('ref_axis',(0.,0.,-1.));
#13239=DIRECTION('',(-1.,0.,0.));
#13240=DIRECTION('',(0.,0.,-1.));
#13241=DIRECTION('',(-1.,0.,0.));
#13242=DIRECTION('center_axis',(0.,0.,-1.));
#13243=DIRECTION('ref_axis',(-1.,0.,0.));
#13244=DIRECTION('',(-1.,0.,0.));
#13245=DIRECTION('',(0.,-1.,0.));
#13246=DIRECTION('',(-1.,0.,0.));
#13247=DIRECTION('',(0.,-1.,0.));
#13248=DIRECTION('center_axis',(0.,0.,-1.));
#13249=DIRECTION('ref_axis',(-1.,0.,0.));
#13250=DIRECTION('',(0.,-1.,0.));
#13251=DIRECTION('',(-1.,0.,0.));
#13252=DIRECTION('',(0.,-1.,0.));
#13253=DIRECTION('',(-1.,0.,0.));
#13254=DIRECTION('center_axis',(0.,6.023345402697E-16,-1.));
#13255=DIRECTION('ref_axis',(0.,1.,6.023345402697E-16));
#13256=DIRECTION('',(0.,-1.,-6.023345402697E-16));
#13257=DIRECTION('',(-1.,0.,0.));
#13258=DIRECTION('',(0.,-1.,-6.023345402697E-16));
#13259=DIRECTION('',(-1.,0.,0.));
#13260=DIRECTION('center_axis',(0.,-1.,-9.856383386232E-16));
#13261=DIRECTION('ref_axis',(0.,9.856383386232E-16,-1.));
#13262=DIRECTION('',(0.,-9.856383386232E-16,1.));
#13263=DIRECTION('',(-1.,0.,0.));
#13264=DIRECTION('',(0.,-9.856383386232E-16,1.));
#13265=DIRECTION('center_axis',(0.,6.023345402697E-16,-1.));
#13266=DIRECTION('ref_axis',(0.,1.,6.023345402697E-16));
#13267=DIRECTION('',(0.,-1.,-6.023345402697E-16));
#13268=DIRECTION('',(-1.,0.,0.));
#13269=DIRECTION('',(0.,-1.,-6.023345402697E-16));
#13270=DIRECTION('center_axis',(-1.,0.,0.));
#13271=DIRECTION('ref_axis',(0.,0.,1.));
#13272=DIRECTION('center_axis',(-1.,0.,0.));
#13273=DIRECTION('ref_axis',(0.,0.,1.));
#13274=DIRECTION('',(-1.,0.,0.));
#13275=DIRECTION('center_axis',(-1.,0.,0.));
#13276=DIRECTION('ref_axis',(0.,0.,1.));
#13277=DIRECTION('center_axis',(0.,1.,6.023345402697E-16));
#13278=DIRECTION('ref_axis',(0.,-6.023345402697E-16,1.));
#13279=DIRECTION('',(0.,6.023345402697E-16,-1.));
#13280=DIRECTION('',(-1.,0.,0.));
#13281=DIRECTION('',(0.,6.023345402697E-16,-1.));
#13282=DIRECTION('center_axis',(-1.,0.,0.));
#13283=DIRECTION('ref_axis',(0.,0.,1.));
#13284=DIRECTION('center_axis',(1.,0.,0.));
#13285=DIRECTION('ref_axis',(0.,0.,-1.));
#13286=DIRECTION('',(-1.,0.,0.));
#13287=DIRECTION('center_axis',(1.,0.,0.));
#13288=DIRECTION('ref_axis',(0.,0.,-1.));
#13289=DIRECTION('center_axis',(0.,0.,-1.));
#13290=DIRECTION('ref_axis',(-1.,0.,0.));
#13291=DIRECTION('',(0.,-1.,0.));
#13292=DIRECTION('',(-1.,0.,0.));
#13293=DIRECTION('',(0.,-1.,0.));
#13294=DIRECTION('center_axis',(0.,0.,-1.));
#13295=DIRECTION('ref_axis',(-1.,0.,0.));
#13296=DIRECTION('',(0.,-1.,0.));
#13297=DIRECTION('',(-1.,0.,0.));
#13298=DIRECTION('',(0.,-1.,0.));
#13299=DIRECTION('',(-1.,0.,0.));
#13300=DIRECTION('center_axis',(-1.,0.,0.));
#13301=DIRECTION('ref_axis',(0.,0.,1.));
#13302=DIRECTION('center_axis',(1.,0.,0.));
#13303=DIRECTION('ref_axis',(0.,0.,-1.));
#13304=DIRECTION('',(-1.,0.,0.));
#13305=DIRECTION('center_axis',(1.,0.,0.));
#13306=DIRECTION('ref_axis',(0.,0.,-1.));
#13307=DIRECTION('center_axis',(0.,1.,6.023345402697E-16));
#13308=DIRECTION('ref_axis',(0.,-6.023345402697E-16,1.));
#13309=DIRECTION('',(0.,6.023345402697E-16,-1.));
#13310=DIRECTION('',(-1.,0.,0.));
#13311=DIRECTION('',(0.,6.023345402697E-16,-1.));
#13312=DIRECTION('center_axis',(-1.,0.,0.));
#13313=DIRECTION('ref_axis',(0.,0.,1.));
#13314=DIRECTION('center_axis',(-1.,0.,0.));
#13315=DIRECTION('ref_axis',(0.,0.,-1.));
#13316=DIRECTION('center_axis',(-1.,0.,0.));
#13317=DIRECTION('ref_axis',(0.,0.,-1.));
#13318=DIRECTION('center_axis',(-1.,0.,0.));
#13319=DIRECTION('ref_axis',(0.,0.,1.));
#13320=DIRECTION('center_axis',(-1.,0.,0.));
#13321=DIRECTION('ref_axis',(0.,0.,1.));
#13322=DIRECTION('center_axis',(0.,0.98480775301219,-0.173648177667034));
#13323=DIRECTION('ref_axis',(0.,0.173648177667034,0.98480775301219));
#13324=DIRECTION('',(-0.171087869745971,0.171087869745971,0.970287525247837));
#13325=DIRECTION('',(-0.171087869745971,-0.171087869745971,-0.970287525247837));
#13326=DIRECTION('',(-1.,0.,0.));
#13327=DIRECTION('',(-1.,0.,0.));
#13328=DIRECTION('center_axis',(0.,0.986258612807671,0.165208803223945));
#13329=DIRECTION('ref_axis',(0.,-0.165208803223945,0.986258612807671));
#13330=DIRECTION('',(0.162999330364055,-0.162999330364055,0.973068567266325));
#13331=DIRECTION('',(-1.,0.,0.));
#13332=DIRECTION('',(-1.,0.,0.));
#13333=DIRECTION('',(0.162999330364055,0.162999330364055,-0.973068567266325));
#13334=DIRECTION('center_axis',(0.,-0.98480775301219,-0.173648177667034));
#13335=DIRECTION('ref_axis',(0.,0.173648177667034,-0.98480775301219));
#13336=DIRECTION('',(0.171087869745971,0.171087869745971,-0.970287525247837));
#13337=DIRECTION('',(-1.,0.,0.));
#13338=DIRECTION('',(-1.,0.,0.));
#13339=DIRECTION('',(0.171087869745971,-0.171087869745971,0.970287525247837));
#13340=DIRECTION('center_axis',(0.,-0.986258612807671,0.165208803223945));
#13341=DIRECTION('ref_axis',(0.,-0.165208803223945,-0.986258612807671));
#13342=DIRECTION('',(-0.162999330364055,-0.162999330364055,-0.973068567266325));
#13343=DIRECTION('',(-0.162999330364055,0.162999330364055,0.973068567266325));
#13344=DIRECTION('',(-1.,0.,0.));
#13345=DIRECTION('',(-1.,0.,0.));
#13346=DIRECTION('center_axis',(0.98480775301219,0.,-0.173648177667034));
#13347=DIRECTION('ref_axis',(-0.173648177667034,0.,-0.98480775301219));
#13348=DIRECTION('center_axis',(-0.98480775301219,0.,-0.173648177667034));
#13349=DIRECTION('ref_axis',(-0.173648177667034,0.,0.98480775301219));
#13350=DIRECTION('center_axis',(0.986258612807671,0.,0.165208803223945));
#13351=DIRECTION('ref_axis',(0.165208803223945,0.,-0.986258612807671));
#13352=DIRECTION('center_axis',(-0.986258612807671,0.,0.165208803223945));
#13353=DIRECTION('ref_axis',(0.165208803223945,0.,0.986258612807671));
#13354=DIRECTION('center_axis',(0.,6.023345402697E-16,1.));
#13355=DIRECTION('ref_axis',(0.,-1.,6.023345402697E-16));
#13356=DIRECTION('',(0.,1.,-6.023345402697E-16));
#13357=DIRECTION('',(-1.,0.,0.));
#13358=DIRECTION('',(0.,1.,-6.023345402697E-16));
#13359=DIRECTION('',(-1.,0.,0.));
#13360=DIRECTION('center_axis',(-1.,0.,0.));
#13361=DIRECTION('ref_axis',(0.,0.,1.));
#13362=DIRECTION('center_axis',(1.,0.,0.));
#13363=DIRECTION('ref_axis',(0.,0.,-1.));
#13364=DIRECTION('',(-1.,0.,0.));
#13365=DIRECTION('center_axis',(1.,0.,0.));
#13366=DIRECTION('ref_axis',(0.,0.,-1.));
#13367=DIRECTION('center_axis',(0.,1.,-6.023345402697E-16));
#13368=DIRECTION('ref_axis',(0.,6.023345402697E-16,1.));
#13369=DIRECTION('',(0.,-6.023345402697E-16,-1.));
#13370=DIRECTION('',(-1.,0.,0.));
#13371=DIRECTION('',(0.,-6.023345402697E-16,-1.));
#13372=DIRECTION('center_axis',(-1.,0.,0.));
#13373=DIRECTION('ref_axis',(0.,0.,1.));
#13374=DIRECTION('center_axis',(-1.,0.,0.));
#13375=DIRECTION('ref_axis',(0.,0.,-1.));
#13376=DIRECTION('',(-1.,0.,0.));
#13377=DIRECTION('center_axis',(-1.,0.,0.));
#13378=DIRECTION('ref_axis',(0.,0.,-1.));
#13379=DIRECTION('center_axis',(0.,0.,1.));
#13380=DIRECTION('ref_axis',(1.,0.,0.));
#13381=DIRECTION('',(0.,1.,0.));
#13382=DIRECTION('',(0.,1.,0.));
#13383=DIRECTION('center_axis',(0.,0.,1.));
#13384=DIRECTION('ref_axis',(1.,0.,0.));
#13385=DIRECTION('',(0.,1.,0.));
#13386=DIRECTION('',(-1.,0.,0.));
#13387=DIRECTION('',(0.,1.,0.));
#13388=DIRECTION('center_axis',(-1.,0.,0.));
#13389=DIRECTION('ref_axis',(0.,0.,1.));
#13390=DIRECTION('center_axis',(-1.,0.,0.));
#13391=DIRECTION('ref_axis',(0.,0.,-1.));
#13392=DIRECTION('',(-1.,0.,0.));
#13393=DIRECTION('center_axis',(-1.,0.,0.));
#13394=DIRECTION('ref_axis',(0.,0.,-1.));
#13395=DIRECTION('center_axis',(0.,1.,-6.023345402697E-16));
#13396=DIRECTION('ref_axis',(0.,6.023345402697E-16,1.));
#13397=DIRECTION('',(0.,-6.023345402697E-16,-1.));
#13398=DIRECTION('',(-1.,0.,0.));
#13399=DIRECTION('',(0.,-6.023345402697E-16,-1.));
#13400=DIRECTION('center_axis',(-1.,0.,0.));
#13401=DIRECTION('ref_axis',(0.,0.,1.));
#13402=DIRECTION('center_axis',(1.,0.,0.));
#13403=DIRECTION('ref_axis',(0.,0.,1.));
#13404=DIRECTION('',(-1.,0.,0.));
#13405=DIRECTION('center_axis',(1.,0.,0.));
#13406=DIRECTION('ref_axis',(0.,0.,1.));
#13407=DIRECTION('center_axis',(0.,6.023345402697E-16,1.));
#13408=DIRECTION('ref_axis',(0.,-1.,6.023345402697E-16));
#13409=DIRECTION('',(0.,1.,-6.023345402697E-16));
#13410=DIRECTION('',(-1.,0.,0.));
#13411=DIRECTION('',(0.,1.,-6.023345402697E-16));
#13412=DIRECTION('center_axis',(0.,-1.,9.856383386232E-16));
#13413=DIRECTION('ref_axis',(0.,-9.856383386232E-16,-1.));
#13414=DIRECTION('',(0.,9.856383386232E-16,1.));
#13415=DIRECTION('',(0.,9.856383386232E-16,1.));
#13416=DIRECTION('center_axis',(-1.,0.,0.));
#13417=DIRECTION('ref_axis',(0.,0.,1.));
#13418=DIRECTION('center_axis',(-1.,0.,0.));
#13419=DIRECTION('ref_axis',(0.,0.,1.));
#13420=DIRECTION('center_axis',(0.,6.023345402697E-16,1.));
#13421=DIRECTION('ref_axis',(0.,-1.,6.023345402697E-16));
#13422=DIRECTION('',(0.,1.,-6.023345402697E-16));
#13423=DIRECTION('',(-1.,0.,0.));
#13424=DIRECTION('',(0.,1.,-6.023345402697E-16));
#13425=DIRECTION('',(-1.,0.,0.));
#13426=DIRECTION('center_axis',(-1.,0.,0.));
#13427=DIRECTION('ref_axis',(0.,0.,1.));
#13428=DIRECTION('center_axis',(1.,0.,0.));
#13429=DIRECTION('ref_axis',(0.,0.,-1.));
#13430=DIRECTION('',(-1.,0.,0.));
#13431=DIRECTION('center_axis',(1.,0.,0.));
#13432=DIRECTION('ref_axis',(0.,0.,-1.));
#13433=DIRECTION('center_axis',(0.,1.,-6.023345402697E-16));
#13434=DIRECTION('ref_axis',(0.,6.023345402697E-16,1.));
#13435=DIRECTION('',(0.,-6.023345402697E-16,-1.));
#13436=DIRECTION('',(-1.,0.,0.));
#13437=DIRECTION('',(0.,-6.023345402697E-16,-1.));
#13438=DIRECTION('center_axis',(-1.,0.,0.));
#13439=DIRECTION('ref_axis',(0.,0.,1.));
#13440=DIRECTION('center_axis',(-1.,0.,0.));
#13441=DIRECTION('ref_axis',(0.,0.,-1.));
#13442=DIRECTION('',(-1.,0.,0.));
#13443=DIRECTION('center_axis',(-1.,0.,0.));
#13444=DIRECTION('ref_axis',(0.,0.,-1.));
#13445=DIRECTION('center_axis',(0.,0.,1.));
#13446=DIRECTION('ref_axis',(1.,0.,0.));
#13447=DIRECTION('',(0.,1.,0.));
#13448=DIRECTION('',(0.,1.,0.));
#13449=DIRECTION('center_axis',(0.,0.,1.));
#13450=DIRECTION('ref_axis',(1.,0.,0.));
#13451=DIRECTION('',(0.,1.,0.));
#13452=DIRECTION('',(-1.,0.,0.));
#13453=DIRECTION('',(0.,1.,0.));
#13454=DIRECTION('center_axis',(-1.,0.,0.));
#13455=DIRECTION('ref_axis',(0.,0.,1.));
#13456=DIRECTION('center_axis',(-1.,0.,0.));
#13457=DIRECTION('ref_axis',(0.,0.,-1.));
#13458=DIRECTION('',(-1.,0.,0.));
#13459=DIRECTION('center_axis',(-1.,0.,0.));
#13460=DIRECTION('ref_axis',(0.,0.,-1.));
#13461=DIRECTION('center_axis',(0.,1.,-6.023345402697E-16));
#13462=DIRECTION('ref_axis',(0.,6.023345402697E-16,1.));
#13463=DIRECTION('',(0.,-6.023345402697E-16,-1.));
#13464=DIRECTION('',(-1.,0.,0.));
#13465=DIRECTION('',(0.,-6.023345402697E-16,-1.));
#13466=DIRECTION('center_axis',(-1.,0.,0.));
#13467=DIRECTION('ref_axis',(0.,0.,1.));
#13468=DIRECTION('center_axis',(1.,0.,0.));
#13469=DIRECTION('ref_axis',(0.,0.,1.));
#13470=DIRECTION('',(-1.,0.,0.));
#13471=DIRECTION('center_axis',(1.,0.,0.));
#13472=DIRECTION('ref_axis',(0.,0.,1.));
#13473=DIRECTION('center_axis',(0.,6.023345402697E-16,1.));
#13474=DIRECTION('ref_axis',(0.,-1.,6.023345402697E-16));
#13475=DIRECTION('',(0.,1.,-6.023345402697E-16));
#13476=DIRECTION('',(-1.,0.,0.));
#13477=DIRECTION('',(0.,1.,-6.023345402697E-16));
#13478=DIRECTION('center_axis',(0.,-1.,9.856383386232E-16));
#13479=DIRECTION('ref_axis',(0.,-9.856383386232E-16,-1.));
#13480=DIRECTION('',(0.,9.856383386232E-16,1.));
#13481=DIRECTION('',(0.,9.856383386232E-16,1.));
#13482=DIRECTION('center_axis',(-1.,0.,0.));
#13483=DIRECTION('ref_axis',(0.,0.,1.));
#13484=DIRECTION('center_axis',(-1.,0.,0.));
#13485=DIRECTION('ref_axis',(0.,0.,1.));
#13486=DIRECTION('center_axis',(0.,6.023345402697E-16,-1.));
#13487=DIRECTION('ref_axis',(0.,1.,6.023345402697E-16));
#13488=DIRECTION('',(0.,-1.,-6.023345402697E-16));
#13489=DIRECTION('',(-1.,0.,0.));
#13490=DIRECTION('',(0.,-1.,-6.023345402697E-16));
#13491=DIRECTION('',(-1.,0.,0.));
#13492=DIRECTION('center_axis',(0.,-1.,-9.856383386232E-16));
#13493=DIRECTION('ref_axis',(0.,9.856383386232E-16,-1.));
#13494=DIRECTION('',(0.,-9.856383386232E-16,1.));
#13495=DIRECTION('',(-1.,0.,0.));
#13496=DIRECTION('',(0.,-9.856383386232E-16,1.));
#13497=DIRECTION('center_axis',(0.,6.023345402697E-16,-1.));
#13498=DIRECTION('ref_axis',(0.,1.,6.023345402697E-16));
#13499=DIRECTION('',(0.,-1.,-6.023345402697E-16));
#13500=DIRECTION('',(-1.,0.,0.));
#13501=DIRECTION('',(0.,-1.,-6.023345402697E-16));
#13502=DIRECTION('center_axis',(-1.,0.,0.));
#13503=DIRECTION('ref_axis',(0.,0.,1.));
#13504=DIRECTION('center_axis',(-1.,0.,0.));
#13505=DIRECTION('ref_axis',(0.,0.,1.));
#13506=DIRECTION('',(-1.,0.,0.));
#13507=DIRECTION('center_axis',(-1.,0.,0.));
#13508=DIRECTION('ref_axis',(0.,0.,1.));
#13509=DIRECTION('center_axis',(0.,1.,6.023345402697E-16));
#13510=DIRECTION('ref_axis',(0.,-6.023345402697E-16,1.));
#13511=DIRECTION('',(0.,6.023345402697E-16,-1.));
#13512=DIRECTION('',(-1.,0.,0.));
#13513=DIRECTION('',(0.,6.023345402697E-16,-1.));
#13514=DIRECTION('center_axis',(-1.,0.,0.));
#13515=DIRECTION('ref_axis',(0.,0.,1.));
#13516=DIRECTION('center_axis',(1.,0.,0.));
#13517=DIRECTION('ref_axis',(0.,0.,-1.));
#13518=DIRECTION('',(-1.,0.,0.));
#13519=DIRECTION('center_axis',(1.,0.,0.));
#13520=DIRECTION('ref_axis',(0.,0.,-1.));
#13521=DIRECTION('center_axis',(0.,0.,-1.));
#13522=DIRECTION('ref_axis',(-1.,0.,0.));
#13523=DIRECTION('',(0.,-1.,0.));
#13524=DIRECTION('',(0.,-1.,0.));
#13525=DIRECTION('center_axis',(0.,0.,-1.));
#13526=DIRECTION('ref_axis',(-1.,0.,0.));
#13527=DIRECTION('',(0.,-1.,0.));
#13528=DIRECTION('',(-1.,0.,0.));
#13529=DIRECTION('',(0.,-1.,0.));
#13530=DIRECTION('center_axis',(-1.,0.,0.));
#13531=DIRECTION('ref_axis',(0.,0.,1.));
#13532=DIRECTION('center_axis',(1.,0.,0.));
#13533=DIRECTION('ref_axis',(0.,0.,-1.));
#13534=DIRECTION('',(-1.,0.,0.));
#13535=DIRECTION('center_axis',(1.,0.,0.));
#13536=DIRECTION('ref_axis',(0.,0.,-1.));
#13537=DIRECTION('center_axis',(0.,1.,6.023345402697E-16));
#13538=DIRECTION('ref_axis',(0.,-6.023345402697E-16,1.));
#13539=DIRECTION('',(0.,6.023345402697E-16,-1.));
#13540=DIRECTION('',(-1.,0.,0.));
#13541=DIRECTION('',(0.,6.023345402697E-16,-1.));
#13542=DIRECTION('center_axis',(-1.,0.,0.));
#13543=DIRECTION('ref_axis',(0.,0.,1.));
#13544=DIRECTION('center_axis',(-1.,0.,0.));
#13545=DIRECTION('ref_axis',(0.,0.,-1.));
#13546=DIRECTION('center_axis',(-1.,0.,0.));
#13547=DIRECTION('ref_axis',(0.,0.,-1.));
#13548=DIRECTION('center_axis',(-1.,0.,0.));
#13549=DIRECTION('ref_axis',(0.,0.,1.));
#13550=DIRECTION('center_axis',(-1.,0.,0.));
#13551=DIRECTION('ref_axis',(0.,0.,1.));
#13552=DIRECTION('center_axis',(0.,6.023345402697E-16,-1.));
#13553=DIRECTION('ref_axis',(0.,1.,6.023345402697E-16));
#13554=DIRECTION('',(0.,-1.,-6.023345402697E-16));
#13555=DIRECTION('',(-1.,0.,0.));
#13556=DIRECTION('',(0.,-1.,-6.023345402697E-16));
#13557=DIRECTION('',(-1.,0.,0.));
#13558=DIRECTION('center_axis',(0.,-1.,-9.856383386232E-16));
#13559=DIRECTION('ref_axis',(0.,9.856383386232E-16,-1.));
#13560=DIRECTION('',(0.,-9.856383386232E-16,1.));
#13561=DIRECTION('',(-1.,0.,0.));
#13562=DIRECTION('',(0.,-9.856383386232E-16,1.));
#13563=DIRECTION('center_axis',(0.,6.023345402697E-16,-1.));
#13564=DIRECTION('ref_axis',(0.,1.,6.023345402697E-16));
#13565=DIRECTION('',(0.,-1.,-6.023345402697E-16));
#13566=DIRECTION('',(-1.,0.,0.));
#13567=DIRECTION('',(0.,-1.,-6.023345402697E-16));
#13568=DIRECTION('center_axis',(-1.,0.,0.));
#13569=DIRECTION('ref_axis',(0.,0.,1.));
#13570=DIRECTION('center_axis',(-1.,0.,0.));
#13571=DIRECTION('ref_axis',(0.,0.,1.));
#13572=DIRECTION('',(-1.,0.,0.));
#13573=DIRECTION('center_axis',(-1.,0.,0.));
#13574=DIRECTION('ref_axis',(0.,0.,1.));
#13575=DIRECTION('center_axis',(0.,1.,6.023345402697E-16));
#13576=DIRECTION('ref_axis',(0.,-6.023345402697E-16,1.));
#13577=DIRECTION('',(0.,6.023345402697E-16,-1.));
#13578=DIRECTION('',(-1.,0.,0.));
#13579=DIRECTION('',(0.,6.023345402697E-16,-1.));
#13580=DIRECTION('center_axis',(-1.,0.,0.));
#13581=DIRECTION('ref_axis',(0.,0.,1.));
#13582=DIRECTION('center_axis',(1.,0.,0.));
#13583=DIRECTION('ref_axis',(0.,0.,-1.));
#13584=DIRECTION('',(-1.,0.,0.));
#13585=DIRECTION('center_axis',(1.,0.,0.));
#13586=DIRECTION('ref_axis',(0.,0.,-1.));
#13587=DIRECTION('center_axis',(0.,0.,-1.));
#13588=DIRECTION('ref_axis',(-1.,0.,0.));
#13589=DIRECTION('',(0.,-1.,0.));
#13590=DIRECTION('',(0.,-1.,0.));
#13591=DIRECTION('center_axis',(0.,0.,-1.));
#13592=DIRECTION('ref_axis',(-1.,0.,0.));
#13593=DIRECTION('',(0.,-1.,0.));
#13594=DIRECTION('',(-1.,0.,0.));
#13595=DIRECTION('',(0.,-1.,0.));
#13596=DIRECTION('center_axis',(-1.,0.,0.));
#13597=DIRECTION('ref_axis',(0.,0.,1.));
#13598=DIRECTION('center_axis',(1.,0.,0.));
#13599=DIRECTION('ref_axis',(0.,0.,-1.));
#13600=DIRECTION('',(-1.,0.,0.));
#13601=DIRECTION('center_axis',(1.,0.,0.));
#13602=DIRECTION('ref_axis',(0.,0.,-1.));
#13603=DIRECTION('center_axis',(0.,1.,6.023345402697E-16));
#13604=DIRECTION('ref_axis',(0.,-6.023345402697E-16,1.));
#13605=DIRECTION('',(0.,6.023345402697E-16,-1.));
#13606=DIRECTION('',(-1.,0.,0.));
#13607=DIRECTION('',(0.,6.023345402697E-16,-1.));
#13608=DIRECTION('center_axis',(-1.,0.,0.));
#13609=DIRECTION('ref_axis',(0.,0.,1.));
#13610=DIRECTION('center_axis',(-1.,0.,0.));
#13611=DIRECTION('ref_axis',(0.,0.,-1.));
#13612=DIRECTION('center_axis',(-1.,0.,0.));
#13613=DIRECTION('ref_axis',(0.,0.,-1.));
#13614=DIRECTION('center_axis',(-1.,0.,0.));
#13615=DIRECTION('ref_axis',(0.,0.,1.));
#13616=DIRECTION('center_axis',(-1.,0.,0.));
#13617=DIRECTION('ref_axis',(0.,0.,1.));
#13618=DIRECTION('axis',(0.,0.,1.));
#13619=DIRECTION('refdir',(1.,0.,0.));
#13620=DIRECTION('center_axis',(0.,0.,1.));
#13621=DIRECTION('ref_axis',(-1.,0.,0.));
#13622=DIRECTION('',(-1.,0.,0.));
#13623=DIRECTION('',(0.49999999999992,-0.866025403784485,0.));
#13624=DIRECTION('',(0.49999999999992,0.866025403784485,0.));
#13625=DIRECTION('center_axis',(0.,0.,-1.));
#13626=DIRECTION('ref_axis',(1.,0.,0.));
#13627=DIRECTION('',(0.49999999999992,0.866025403784485,0.));
#13628=DIRECTION('',(0.49999999999992,-0.866025403784485,0.));
#13629=DIRECTION('',(-1.,0.,0.));
#13630=DIRECTION('center_axis',(-0.866025403784407,0.500000000000056,0.));
#13631=DIRECTION('ref_axis',(0.500000000000056,0.866025403784407,0.));
#13632=DIRECTION('',(0.,0.,-1.));
#13633=DIRECTION('',(0.,0.,-1.));
#13634=DIRECTION('center_axis',(0.866025403784407,0.500000000000056,0.));
#13635=DIRECTION('ref_axis',(0.500000000000056,-0.866025403784407,0.));
#13636=DIRECTION('',(0.,0.,-1.));
#13637=DIRECTION('center_axis',(0.,-1.,0.));
#13638=DIRECTION('ref_axis',(0.,0.,1.));
#13639=DIRECTION('center_axis',(0.,-1.,0.));
#13640=DIRECTION('ref_axis',(0.,0.,1.));
#13641=DIRECTION('',(-1.,0.,0.));
#13642=DIRECTION('',(0.,0.,1.));
#13643=DIRECTION('',(1.,0.,0.));
#13644=DIRECTION('',(-2.83794940645819E-9,0.,1.));
#13645=DIRECTION('center_axis',(0.,1.,0.));
#13646=DIRECTION('ref_axis',(0.,0.,-1.));
#13647=DIRECTION('',(0.,0.,-1.));
#13648=DIRECTION('',(1.,0.,0.));
#13649=DIRECTION('',(0.,0.,-1.));
#13650=DIRECTION('',(1.,0.,0.));
#13651=DIRECTION('center_axis',(0.,1.,0.));
#13652=DIRECTION('ref_axis',(0.,0.,-1.));
#13653=DIRECTION('',(0.,0.,-1.));
#13654=DIRECTION('',(1.,0.,0.));
#13655=DIRECTION('',(0.,0.,-1.));
#13656=DIRECTION('',(1.,0.,0.));
#13657=DIRECTION('center_axis',(-1.,0.,0.));
#13658=DIRECTION('ref_axis',(0.,1.,0.));
#13659=DIRECTION('',(0.,-1.,0.));
#13660=DIRECTION('',(0.,0.,1.));
#13661=DIRECTION('',(0.,-1.,0.));
#13662=DIRECTION('center_axis',(0.,0.,1.));
#13663=DIRECTION('ref_axis',(-9.75659997737233E-17,-1.,0.));
#13664=DIRECTION('center_axis',(0.,-1.95131999547447E-16,1.));
#13665=DIRECTION('ref_axis',(1.,3.90263999094896E-15,7.61529944947701E-31));
#13666=DIRECTION('center_axis',(0.,1.21957499717155E-17,1.));
#13667=DIRECTION('ref_axis',(1.,3.90263999094896E-15,-4.75956215592316E-32));
#13668=DIRECTION('',(0.,0.,-1.));
#13669=DIRECTION('center_axis',(1.,0.,0.));
#13670=DIRECTION('ref_axis',(0.,-1.,0.));
#13671=DIRECTION('',(0.,-1.,0.));
#13672=DIRECTION('',(0.,-1.,0.));
#13673=DIRECTION('center_axis',(0.,0.,-1.));
#13674=DIRECTION('ref_axis',(1.,0.,0.));
#13675=DIRECTION('',(0.,-1.,0.));
#13676=DIRECTION('',(1.,0.,0.));
#13677=DIRECTION('',(0.,-1.,0.));
#13678=DIRECTION('center_axis',(0.,0.,1.));
#13679=DIRECTION('ref_axis',(-1.,0.,0.));
#13680=DIRECTION('',(0.,1.,0.));
#13681=DIRECTION('',(1.,0.,0.));
#13682=DIRECTION('',(0.,1.,0.));
#13683=DIRECTION('center_axis',(0.,-1.,0.));
#13684=DIRECTION('ref_axis',(0.,0.,1.));
#13685=DIRECTION('',(-1.,4.62475416365391E-13,-1.41769692138617E-16));
#13686=DIRECTION('',(0.,0.,1.));
#13687=DIRECTION('',(-1.,0.,0.));
#13688=DIRECTION('',(0.,1.52033279647402E-14,1.));
#13689=DIRECTION('center_axis',(0.,0.,1.));
#13690=DIRECTION('ref_axis',(-1.,0.,0.));
#13691=DIRECTION('center_axis',(3.06152972708382E-17,-2.20365987607599E-17,
1.));
#13692=DIRECTION('ref_axis',(1.,-1.1903410151807E-12,-3.06152972708644E-17));
#13693=DIRECTION('',(0.,-1.,-2.57347999403154E-17));
#13694=DIRECTION('',(1.,0.,0.));
#13695=DIRECTION('',(0.,-1.,-1.93010999552366E-17));
#13696=DIRECTION('center_axis',(-9.42037290412352E-17,-2.82613253916624E-16,
-1.));
#13697=DIRECTION('ref_axis',(1.,-7.20471744567094E-13,-9.42037290410316E-17));
#13698=DIRECTION('center_axis',(0.,0.,-1.));
#13699=DIRECTION('ref_axis',(1.,0.,0.));
#13700=DIRECTION('',(0.,-1.,0.));
#13701=DIRECTION('',(1.,0.,0.));
#13702=DIRECTION('',(0.,-1.,0.));
#13703=DIRECTION('center_axis',(-1.,0.,0.));
#13704=DIRECTION('ref_axis',(0.,1.,0.));
#13705=DIRECTION('',(0.,0.,1.));
#13706=DIRECTION('',(0.,0.,1.));
#13707=DIRECTION('center_axis',(1.,0.,0.));
#13708=DIRECTION('ref_axis',(0.,-1.,0.));
#13709=DIRECTION('',(0.,0.,1.));
#13710=DIRECTION('',(0.,0.,1.));
#13711=DIRECTION('center_axis',(0.,-1.,0.));
#13712=DIRECTION('ref_axis',(0.,0.,1.));
#13713=DIRECTION('center_axis',(0.,-1.,0.));
#13714=DIRECTION('ref_axis',(0.,0.,1.));
#13715=DIRECTION('center_axis',(0.,1.,0.));
#13716=DIRECTION('ref_axis',(0.,0.,-1.));
#13717=DIRECTION('',(-2.83794940645819E-9,0.,1.));
#13718=DIRECTION('',(1.,0.,0.));
#13719=DIRECTION('',(0.,0.,1.));
#13720=DIRECTION('',(-1.,0.,0.));
#13721=DIRECTION('center_axis',(0.,-1.,0.));
#13722=DIRECTION('ref_axis',(0.,0.,1.));
#13723=DIRECTION('',(1.,0.,0.));
#13724=DIRECTION('',(0.,0.,-1.));
#13725=DIRECTION('',(1.,0.,0.));
#13726=DIRECTION('',(0.,0.,-1.));
#13727=DIRECTION('center_axis',(0.,-1.,0.));
#13728=DIRECTION('ref_axis',(0.,0.,1.));
#13729=DIRECTION('',(1.,0.,0.));
#13730=DIRECTION('',(0.,0.,-1.));
#13731=DIRECTION('',(1.,0.,0.));
#13732=DIRECTION('',(0.,0.,-1.));
#13733=DIRECTION('center_axis',(-1.,0.,0.));
#13734=DIRECTION('ref_axis',(0.,1.,0.));
#13735=DIRECTION('',(0.,1.,0.));
#13736=DIRECTION('',(0.,0.,1.));
#13737=DIRECTION('',(0.,1.,0.));
#13738=DIRECTION('center_axis',(0.,0.,1.));
#13739=DIRECTION('ref_axis',(-1.93462502593202E-13,1.,0.));
#13740=DIRECTION('',(0.,0.,-1.));
#13741=DIRECTION('center_axis',(0.,1.21957499717155E-17,-1.));
#13742=DIRECTION('ref_axis',(1.,-3.90263999094896E-15,-4.75956215592316E-32));
#13743=DIRECTION('center_axis',(0.,-1.95131999547447E-16,-1.));
#13744=DIRECTION('ref_axis',(1.,-3.90263999094896E-15,7.61529944947701E-31));
#13745=DIRECTION('center_axis',(1.,0.,0.));
#13746=DIRECTION('ref_axis',(0.,-1.,0.));
#13747=DIRECTION('',(0.,1.,0.));
#13748=DIRECTION('',(0.,1.,0.));
#13749=DIRECTION('center_axis',(0.,0.,-1.));
#13750=DIRECTION('ref_axis',(1.,0.,0.));
#13751=DIRECTION('',(0.,1.,0.));
#13752=DIRECTION('',(1.,0.,0.));
#13753=DIRECTION('',(0.,1.,0.));
#13754=DIRECTION('center_axis',(0.,0.,1.));
#13755=DIRECTION('ref_axis',(-1.,0.,0.));
#13756=DIRECTION('',(0.,-1.,0.));
#13757=DIRECTION('',(1.,0.,0.));
#13758=DIRECTION('',(0.,-1.,0.));
#13759=DIRECTION('center_axis',(0.,1.,0.));
#13760=DIRECTION('ref_axis',(0.,0.,-1.));
#13761=DIRECTION('',(0.,-1.52033279647402E-14,1.));
#13762=DIRECTION('',(-1.,0.,0.));
#13763=DIRECTION('',(0.,0.,1.));
#13764=DIRECTION('',(-1.,-4.62475416365391E-13,-1.41769692138617E-16));
#13765=DIRECTION('center_axis',(0.,0.,1.));
#13766=DIRECTION('ref_axis',(-1.,0.,0.));
#13767=DIRECTION('',(0.,1.,-1.93010999552366E-17));
#13768=DIRECTION('',(1.,0.,0.));
#13769=DIRECTION('',(0.,1.,-2.57347999403154E-17));
#13770=DIRECTION('center_axis',(-3.06152972708382E-17,-2.20365987607599E-17,
-1.));
#13771=DIRECTION('ref_axis',(1.,1.1903410151807E-12,-3.06152972708644E-17));
#13772=DIRECTION('center_axis',(-1.37982279948908E-21,1.88410222035348E-16,
1.));
#13773=DIRECTION('ref_axis',(1.,7.51796603026795E-13,1.37982265784292E-21));
#13774=DIRECTION('center_axis',(0.,0.,-1.));
#13775=DIRECTION('ref_axis',(1.,0.,0.));
#13776=DIRECTION('',(0.,1.,0.));
#13777=DIRECTION('',(1.,0.,0.));
#13778=DIRECTION('',(0.,1.,0.));
#13779=DIRECTION('center_axis',(-1.,0.,0.));
#13780=DIRECTION('ref_axis',(0.,1.,0.));
#13781=DIRECTION('',(0.,0.,1.));
#13782=DIRECTION('',(0.,0.,1.));
#13783=DIRECTION('center_axis',(1.,0.,0.));
#13784=DIRECTION('ref_axis',(0.,-1.,0.));
#13785=DIRECTION('',(0.,0.,1.));
#13786=DIRECTION('',(0.,0.,1.));
#13787=DIRECTION('center_axis',(0.,1.,0.));
#13788=DIRECTION('ref_axis',(0.,0.,-1.));
#13789=DIRECTION('center_axis',(0.,1.,0.));
#13790=DIRECTION('ref_axis',(0.,0.,-1.));
#13791=DIRECTION('center_axis',(-1.,0.,0.));
#13792=DIRECTION('ref_axis',(0.,1.,0.));
#13793=DIRECTION('',(0.,1.,0.));
#13794=DIRECTION('',(0.,0.,-1.));
#13795=DIRECTION('',(0.,1.,0.));
#13796=DIRECTION('',(0.,0.,-1.));
#13797=DIRECTION('center_axis',(0.,1.,0.));
#13798=DIRECTION('ref_axis',(0.,0.,-1.));
#13799=DIRECTION('',(0.,0.,1.));
#13800=DIRECTION('',(1.,0.,0.));
#13801=DIRECTION('',(0.,0.,-1.));
#13802=DIRECTION('',(1.,0.,-3.32943974227858E-16));
#13803=DIRECTION('center_axis',(1.,0.,0.));
#13804=DIRECTION('ref_axis',(0.,-1.,0.));
#13805=DIRECTION('',(0.,-1.,0.));
#13806=DIRECTION('',(0.,0.,-1.));
#13807=DIRECTION('',(0.,-1.,0.));
#13808=DIRECTION('center_axis',(0.,-1.,0.));
#13809=DIRECTION('ref_axis',(0.,0.,1.));
#13810=DIRECTION('',(0.,0.,1.));
#13811=DIRECTION('',(-1.,0.,0.));
#13812=DIRECTION('',(-1.,0.,-4.43925298970476E-16));
#13813=DIRECTION('center_axis',(0.,0.,-1.));
#13814=DIRECTION('ref_axis',(1.,0.,0.));
#13815=DIRECTION('',(0.,-1.,-9.65054997761833E-18));
#13816=DIRECTION('',(1.,0.,0.));
#13817=DIRECTION('',(0.,-1.,-1.28673999701578E-17));
#13818=DIRECTION('',(1.,0.,0.));
#13819=DIRECTION('center_axis',(1.53076855387251E-17,-1.53085443658487E-17,
1.));
#13820=DIRECTION('ref_axis',(1.,-1.34698987884786E-12,-1.53076855387457E-17));
#13821=DIRECTION('',(-1.,2.34057680233704E-13,-7.08848460693085E-17));
#13822=DIRECTION('',(-2.37551999449066E-16,1.69612127606633E-13,1.));
#13823=DIRECTION('',(-2.83794952523419E-9,0.,1.));
#13824=DIRECTION('center_axis',(-1.88401248482294E-16,5.65233153086044E-16,
-1.));
#13825=DIRECTION('ref_axis',(1.,-1.50363998996034E-12,-1.88401248483144E-16));
#13826=DIRECTION('center_axis',(0.,1.,0.));
#13827=DIRECTION('ref_axis',(0.,0.,-1.));
#13828=DIRECTION('',(1.,0.,4.43925298970476E-16));
#13829=DIRECTION('',(1.,0.,0.));
#13830=DIRECTION('',(0.,0.,1.));
#13831=DIRECTION('center_axis',(0.,1.,0.));
#13832=DIRECTION('ref_axis',(0.,0.,-1.));
#13833=DIRECTION('',(-1.,0.,0.));
#13834=DIRECTION('center_axis',(0.,1.,0.));
#13835=DIRECTION('ref_axis',(0.,0.,-1.));
#13836=DIRECTION('',(-1.,0.,0.));
#13837=DIRECTION('center_axis',(0.,0.,1.));
#13838=DIRECTION('ref_axis',(-1.,0.,0.));
#13839=DIRECTION('',(0.,-1.,0.));
#13840=DIRECTION('',(1.,0.,0.));
#13841=DIRECTION('',(0.,-1.,0.));
#13842=DIRECTION('center_axis',(2.8260394246693E-16,2.82616993756484E-16,
1.));
#13843=DIRECTION('ref_axis',(1.,8.45797494352985E-13,-2.82603942467169E-16));
#13844=DIRECTION('',(-2.83794940645819E-9,0.,1.));
#13845=DIRECTION('center_axis',(-1.53076855387251E-17,-1.53085443658488E-17,
-1.));
#13846=DIRECTION('ref_axis',(1.,1.50361660893728E-12,-1.53076855387481E-17));
#13847=DIRECTION('',(-2.37551999449066E-16,-1.69612127606633E-13,1.));
#13848=DIRECTION('center_axis',(0.,-1.,0.));
#13849=DIRECTION('ref_axis',(0.,0.,1.));
#13850=DIRECTION('',(-1.,0.,0.));
#13851=DIRECTION('',(1.,0.,0.));
#13852=DIRECTION('center_axis',(0.,-1.,0.));
#13853=DIRECTION('ref_axis',(0.,0.,1.));
#13854=DIRECTION('',(0.,0.,1.));
#13855=DIRECTION('',(-1.,0.,0.));
#13856=DIRECTION('',(-1.,-2.34057680233704E-13,-7.08848460693085E-17));
#13857=DIRECTION('center_axis',(0.,-1.,0.));
#13858=DIRECTION('ref_axis',(0.,0.,1.));
#13859=DIRECTION('',(-1.,0.,3.32943974227858E-16));
#13860=DIRECTION('',(-1.,0.,0.));
#13861=DIRECTION('center_axis',(0.,0.,1.));
#13862=DIRECTION('ref_axis',(-1.,0.,0.));
#13863=DIRECTION('',(0.,1.,0.));
#13864=DIRECTION('',(1.,0.,0.));
#13865=DIRECTION('',(0.,1.,0.));
#13866=DIRECTION('center_axis',(0.,0.,1.));
#13867=DIRECTION('ref_axis',(-1.,0.,0.));
#13868=DIRECTION('center_axis',(0.,0.,-1.));
#13869=DIRECTION('ref_axis',(1.,0.,0.));
#13870=DIRECTION('',(0.,1.,-9.65054997761833E-18));
#13871=DIRECTION('',(1.,0.,0.));
#13872=DIRECTION('',(0.,1.,-1.28673999701578E-17));
#13873=DIRECTION('center_axis',(0.,0.,-1.));
#13874=DIRECTION('ref_axis',(1.,0.,0.));
#13875=DIRECTION('center_axis',(0.,0.,-1.));
#13876=DIRECTION('ref_axis',(1.,0.,0.));
#13877=DIRECTION('',(0.,1.,0.));
#13878=DIRECTION('',(1.,0.,0.));
#13879=DIRECTION('',(0.,-1.,0.));
#13880=DIRECTION('',(-1.,0.,0.));
#13881=DIRECTION('center_axis',(2.62179603473312E-16,-0.998629534754557,
0.0523359562432686));
#13882=DIRECTION('ref_axis',(0.,0.0523359562432686,0.998629534754557));
#13883=DIRECTION('',(0.,0.0523359562428744,0.998629534754577));
#13884=DIRECTION('',(0.,0.0523359562428775,0.998629534754577));
#13885=DIRECTION('',(1.,1.3218619324182E-15,0.));
#13886=DIRECTION('center_axis',(0.,0.,1.));
#13887=DIRECTION('ref_axis',(-1.,0.,0.));
#13888=DIRECTION('',(0.,1.,0.));
#13889=DIRECTION('',(-1.,0.,0.));
#13890=DIRECTION('',(0.,-1.,0.));
#13891=DIRECTION('',(1.,-1.23373780359032E-15,0.));
#13892=DIRECTION('center_axis',(1.,0.,0.));
#13893=DIRECTION('ref_axis',(0.,-1.,0.));
#13894=DIRECTION('',(0.,-0.0523359562428744,0.998629534754577));
#13895=DIRECTION('center_axis',(1.,0.,0.));
#13896=DIRECTION('ref_axis',(0.,-3.73352559134443E-14,1.));
#13897=DIRECTION('center_axis',(1.,0.,0.));
#13898=DIRECTION('ref_axis',(0.,-0.998629534754605,0.0523359562423536));
#13899=DIRECTION('center_axis',(-1.,0.,0.));
#13900=DIRECTION('ref_axis',(0.,-0.688354575693779,0.725374371012264));
#13901=DIRECTION('center_axis',(-1.,-1.59773391802458E-14,1.68366024830068E-14));
#13902=DIRECTION('ref_axis',(1.68366024830061E-14,4.37095678986662E-14,
1.));
#13903=DIRECTION('center_axis',(-1.,0.,0.));
#13904=DIRECTION('ref_axis',(0.,1.,0.));
#13905=DIRECTION('center_axis',(-1.,0.,0.));
#13906=DIRECTION('ref_axis',(0.,0.998629534754604,0.0523359562423691));
#13907=DIRECTION('',(0.,-0.0523359562428744,0.998629534754577));
#13908=DIRECTION('center_axis',(1.,-6.30048483532594E-16,5.97893686184942E-16));
#13909=DIRECTION('ref_axis',(-8.38164711797325E-31,0.688354575693794,0.72537437101225));
#13910=DIRECTION('',(-1.,0.,0.));
#13911=DIRECTION('center_axis',(-2.99633832540928E-16,0.998629534754557,
0.0523359562432679));
#13912=DIRECTION('ref_axis',(6.16297582203915E-33,0.0523359562432679,-0.998629534754557));
#13913=DIRECTION('axis',(0.,0.,1.));
#13914=DIRECTION('refdir',(1.,0.,0.));
#13915=DIRECTION('center_axis',(0.,-1.,0.));
#13916=DIRECTION('ref_axis',(0.,0.,1.));
#13917=DIRECTION('',(-1.,0.,0.));
#13918=DIRECTION('',(0.,0.,-1.));
#13919=DIRECTION('',(1.,0.,0.));
#13920=DIRECTION('',(0.,0.,1.));
#13921=DIRECTION('center_axis',(1.,0.,0.));
#13922=DIRECTION('ref_axis',(0.,0.,1.));
#13923=DIRECTION('',(0.,-1.,0.));
#13924=DIRECTION('',(0.,0.,-1.));
#13925=DIRECTION('',(0.,1.,0.));
#13926=DIRECTION('center_axis',(0.,1.,0.));
#13927=DIRECTION('ref_axis',(0.,0.,1.));
#13928=DIRECTION('',(1.,0.,0.));
#13929=DIRECTION('',(0.,0.,-1.));
#13930=DIRECTION('',(-1.,0.,0.));
#13931=DIRECTION('center_axis',(-1.,0.,0.));
#13932=DIRECTION('ref_axis',(0.,0.,1.));
#13933=DIRECTION('',(0.,1.,0.));
#13934=DIRECTION('',(0.,-1.,0.));
#13935=DIRECTION('center_axis',(0.,0.,-1.));
#13936=DIRECTION('ref_axis',(0.,1.,0.));
#13937=DIRECTION('center_axis',(0.,0.,1.));
#13938=DIRECTION('ref_axis',(0.,1.,0.));
#13939=DIRECTION('center_axis',(0.,-1.,0.));
#13940=DIRECTION('ref_axis',(0.,0.,1.));
#13941=DIRECTION('',(-1.,0.,0.));
#13942=DIRECTION('',(0.,0.,-1.));
#13943=DIRECTION('',(1.,0.,0.));
#13944=DIRECTION('',(0.,0.,1.));
#13945=DIRECTION('center_axis',(1.,0.,0.));
#13946=DIRECTION('ref_axis',(0.,0.,1.));
#13947=DIRECTION('',(0.,-1.,0.));
#13948=DIRECTION('',(0.,0.,-1.));
#13949=DIRECTION('',(0.,1.,0.));
#13950=DIRECTION('center_axis',(0.,1.,0.));
#13951=DIRECTION('ref_axis',(0.,0.,1.));
#13952=DIRECTION('',(1.,0.,0.));
#13953=DIRECTION('',(0.,0.,-1.));
#13954=DIRECTION('',(-1.,0.,0.));
#13955=DIRECTION('center_axis',(-1.,0.,0.));
#13956=DIRECTION('ref_axis',(0.,0.,1.));
#13957=DIRECTION('',(0.,1.,0.));
#13958=DIRECTION('',(0.,-1.,0.));
#13959=DIRECTION('center_axis',(0.,0.,-1.));
#13960=DIRECTION('ref_axis',(0.,1.,0.));
#13961=DIRECTION('center_axis',(0.,0.,1.));
#13962=DIRECTION('ref_axis',(0.,1.,0.));
#13963=DIRECTION('center_axis',(0.,-1.,0.));
#13964=DIRECTION('ref_axis',(0.,0.,1.));
#13965=DIRECTION('',(-1.,0.,0.));
#13966=DIRECTION('',(0.,0.,-1.));
#13967=DIRECTION('',(1.,0.,0.));
#13968=DIRECTION('',(0.,0.,1.));
#13969=DIRECTION('center_axis',(1.,0.,0.));
#13970=DIRECTION('ref_axis',(0.,0.,1.));
#13971=DIRECTION('',(0.,-1.,0.));
#13972=DIRECTION('',(0.,0.,-1.));
#13973=DIRECTION('',(0.,1.,0.));
#13974=DIRECTION('center_axis',(0.,1.,0.));
#13975=DIRECTION('ref_axis',(0.,0.,1.));
#13976=DIRECTION('',(1.,0.,0.));
#13977=DIRECTION('',(0.,0.,-1.));
#13978=DIRECTION('',(-1.,0.,0.));
#13979=DIRECTION('center_axis',(-1.,0.,0.));
#13980=DIRECTION('ref_axis',(0.,0.,1.));
#13981=DIRECTION('',(0.,1.,0.));
#13982=DIRECTION('',(0.,-1.,0.));
#13983=DIRECTION('center_axis',(0.,0.,-1.));
#13984=DIRECTION('ref_axis',(0.,1.,0.));
#13985=DIRECTION('center_axis',(0.,0.,1.));
#13986=DIRECTION('ref_axis',(0.,1.,0.));
#13987=DIRECTION('center_axis',(0.,-1.,0.));
#13988=DIRECTION('ref_axis',(0.,0.,1.));
#13989=DIRECTION('',(-1.,0.,0.));
#13990=DIRECTION('',(0.,0.,-1.));
#13991=DIRECTION('',(1.,0.,0.));
#13992=DIRECTION('',(0.,0.,1.));
#13993=DIRECTION('center_axis',(1.,0.,0.));
#13994=DIRECTION('ref_axis',(0.,0.,1.));
#13995=DIRECTION('',(0.,-1.,0.));
#13996=DIRECTION('',(0.,0.,-1.));
#13997=DIRECTION('',(0.,1.,0.));
#13998=DIRECTION('center_axis',(0.,1.,0.));
#13999=DIRECTION('ref_axis',(0.,0.,1.));
#14000=DIRECTION('',(1.,0.,0.));
#14001=DIRECTION('',(0.,0.,-1.));
#14002=DIRECTION('',(-1.,0.,0.));
#14003=DIRECTION('center_axis',(-1.,0.,0.));
#14004=DIRECTION('ref_axis',(0.,0.,1.));
#14005=DIRECTION('',(0.,1.,0.));
#14006=DIRECTION('',(0.,-1.,0.));
#14007=DIRECTION('center_axis',(0.,0.,-1.));
#14008=DIRECTION('ref_axis',(0.,1.,0.));
#14009=DIRECTION('center_axis',(0.,0.,1.));
#14010=DIRECTION('ref_axis',(0.,1.,0.));
#14011=DIRECTION('center_axis',(0.,-1.,0.));
#14012=DIRECTION('ref_axis',(0.,0.,1.));
#14013=DIRECTION('',(-1.,0.,0.));
#14014=DIRECTION('',(0.,0.,-1.));
#14015=DIRECTION('',(1.,0.,0.));
#14016=DIRECTION('',(0.,0.,1.));
#14017=DIRECTION('center_axis',(1.,0.,0.));
#14018=DIRECTION('ref_axis',(0.,0.,1.));
#14019=DIRECTION('',(0.,-1.,0.));
#14020=DIRECTION('',(0.,0.,-1.));
#14021=DIRECTION('',(0.,1.,0.));
#14022=DIRECTION('center_axis',(0.,1.,0.));
#14023=DIRECTION('ref_axis',(0.,0.,1.));
#14024=DIRECTION('',(1.,0.,0.));
#14025=DIRECTION('',(0.,0.,-1.));
#14026=DIRECTION('',(-1.,0.,0.));
#14027=DIRECTION('center_axis',(-1.,0.,0.));
#14028=DIRECTION('ref_axis',(0.,0.,1.));
#14029=DIRECTION('',(0.,1.,0.));
#14030=DIRECTION('',(0.,-1.,0.));
#14031=DIRECTION('center_axis',(0.,0.,-1.));
#14032=DIRECTION('ref_axis',(0.,1.,0.));
#14033=DIRECTION('center_axis',(0.,0.,1.));
#14034=DIRECTION('ref_axis',(0.,1.,0.));
#14035=DIRECTION('center_axis',(0.,-1.,0.));
#14036=DIRECTION('ref_axis',(0.,0.,1.));
#14037=DIRECTION('',(-1.,0.,0.));
#14038=DIRECTION('',(0.,0.,-1.));
#14039=DIRECTION('',(1.,0.,0.));
#14040=DIRECTION('',(0.,0.,1.));
#14041=DIRECTION('center_axis',(1.,0.,0.));
#14042=DIRECTION('ref_axis',(0.,0.,1.));
#14043=DIRECTION('',(0.,-1.,0.));
#14044=DIRECTION('',(0.,0.,-1.));
#14045=DIRECTION('',(0.,1.,0.));
#14046=DIRECTION('center_axis',(0.,1.,0.));
#14047=DIRECTION('ref_axis',(0.,0.,1.));
#14048=DIRECTION('',(1.,0.,0.));
#14049=DIRECTION('',(0.,0.,-1.));
#14050=DIRECTION('',(-1.,0.,0.));
#14051=DIRECTION('center_axis',(-1.,0.,0.));
#14052=DIRECTION('ref_axis',(0.,0.,1.));
#14053=DIRECTION('',(0.,1.,0.));
#14054=DIRECTION('',(0.,-1.,0.));
#14055=DIRECTION('center_axis',(0.,0.,-1.));
#14056=DIRECTION('ref_axis',(0.,1.,0.));
#14057=DIRECTION('center_axis',(0.,0.,1.));
#14058=DIRECTION('ref_axis',(0.,1.,0.));
#14059=DIRECTION('center_axis',(0.,-1.,0.));
#14060=DIRECTION('ref_axis',(0.,0.,1.));
#14061=DIRECTION('',(-1.,0.,0.));
#14062=DIRECTION('',(0.,0.,-1.));
#14063=DIRECTION('',(1.,0.,0.));
#14064=DIRECTION('',(0.,0.,1.));
#14065=DIRECTION('center_axis',(1.,0.,0.));
#14066=DIRECTION('ref_axis',(0.,0.,1.));
#14067=DIRECTION('',(0.,-1.,0.));
#14068=DIRECTION('',(0.,0.,-1.));
#14069=DIRECTION('',(0.,1.,0.));
#14070=DIRECTION('center_axis',(0.,1.,0.));
#14071=DIRECTION('ref_axis',(0.,0.,1.));
#14072=DIRECTION('',(1.,0.,0.));
#14073=DIRECTION('',(0.,0.,-1.));
#14074=DIRECTION('',(-1.,0.,0.));
#14075=DIRECTION('center_axis',(-1.,0.,0.));
#14076=DIRECTION('ref_axis',(0.,0.,1.));
#14077=DIRECTION('',(0.,1.,0.));
#14078=DIRECTION('',(0.,-1.,0.));
#14079=DIRECTION('center_axis',(0.,0.,-1.));
#14080=DIRECTION('ref_axis',(0.,1.,0.));
#14081=DIRECTION('center_axis',(0.,0.,1.));
#14082=DIRECTION('ref_axis',(0.,1.,0.));
#14083=DIRECTION('center_axis',(0.,-1.,0.));
#14084=DIRECTION('ref_axis',(0.,0.,1.));
#14085=DIRECTION('',(-1.,0.,0.));
#14086=DIRECTION('',(0.,0.,-1.));
#14087=DIRECTION('',(1.,0.,0.));
#14088=DIRECTION('',(0.,0.,1.));
#14089=DIRECTION('center_axis',(1.,0.,0.));
#14090=DIRECTION('ref_axis',(0.,0.,1.));
#14091=DIRECTION('',(0.,-1.,0.));
#14092=DIRECTION('',(0.,0.,-1.));
#14093=DIRECTION('',(0.,1.,0.));
#14094=DIRECTION('center_axis',(0.,1.,0.));
#14095=DIRECTION('ref_axis',(0.,0.,1.));
#14096=DIRECTION('',(1.,0.,0.));
#14097=DIRECTION('',(0.,0.,-1.));
#14098=DIRECTION('',(-1.,0.,0.));
#14099=DIRECTION('center_axis',(-1.,0.,0.));
#14100=DIRECTION('ref_axis',(0.,0.,1.));
#14101=DIRECTION('',(0.,1.,0.));
#14102=DIRECTION('',(0.,-1.,0.));
#14103=DIRECTION('center_axis',(0.,0.,-1.));
#14104=DIRECTION('ref_axis',(0.,1.,0.));
#14105=DIRECTION('center_axis',(0.,0.,1.));
#14106=DIRECTION('ref_axis',(0.,1.,0.));
#14107=DIRECTION('center_axis',(0.,-1.,0.));
#14108=DIRECTION('ref_axis',(0.,0.,1.));
#14109=DIRECTION('',(-1.,0.,0.));
#14110=DIRECTION('',(0.,0.,-1.));
#14111=DIRECTION('',(1.,0.,0.));
#14112=DIRECTION('',(0.,0.,1.));
#14113=DIRECTION('center_axis',(1.,0.,0.));
#14114=DIRECTION('ref_axis',(0.,0.,1.));
#14115=DIRECTION('',(0.,-1.,0.));
#14116=DIRECTION('',(0.,0.,-1.));
#14117=DIRECTION('',(0.,1.,0.));
#14118=DIRECTION('center_axis',(0.,1.,0.));
#14119=DIRECTION('ref_axis',(0.,0.,1.));
#14120=DIRECTION('',(1.,0.,0.));
#14121=DIRECTION('',(0.,0.,-1.));
#14122=DIRECTION('',(-1.,0.,0.));
#14123=DIRECTION('center_axis',(-1.,0.,0.));
#14124=DIRECTION('ref_axis',(0.,0.,1.));
#14125=DIRECTION('',(0.,1.,0.));
#14126=DIRECTION('',(0.,-1.,0.));
#14127=DIRECTION('center_axis',(0.,0.,-1.));
#14128=DIRECTION('ref_axis',(0.,1.,0.));
#14129=DIRECTION('center_axis',(0.,0.,1.));
#14130=DIRECTION('ref_axis',(0.,1.,0.));
#14131=DIRECTION('center_axis',(0.,0.,-1.));
#14132=DIRECTION('ref_axis',(-1.,0.,0.));
#14133=DIRECTION('center_axis',(0.,0.,-1.));
#14134=DIRECTION('ref_axis',(-1.,0.,0.));
#14135=DIRECTION('',(0.,0.,-1.));
#14136=DIRECTION('center_axis',(0.,0.,-1.));
#14137=DIRECTION('ref_axis',(-1.,0.,0.));
#14138=DIRECTION('center_axis',(0.,0.,1.));
#14139=DIRECTION('ref_axis',(-1.,0.,0.));
#14140=DIRECTION('center_axis',(0.,0.,1.));
#14141=DIRECTION('ref_axis',(1.,0.,0.));
#14142=DIRECTION('center_axis',(0.,0.,1.));
#14143=DIRECTION('ref_axis',(1.,0.,0.));
#14144=DIRECTION('',(0.,0.,1.));
#14145=DIRECTION('center_axis',(0.,0.,1.));
#14146=DIRECTION('ref_axis',(1.,0.,0.));
#14147=DIRECTION('center_axis',(0.,0.,1.));
#14148=DIRECTION('ref_axis',(1.,0.,0.));
#14149=DIRECTION('center_axis',(0.,0.,1.));
#14150=DIRECTION('ref_axis',(1.,0.,0.));
#14151=DIRECTION('',(0.,0.,-1.));
#14152=DIRECTION('center_axis',(0.,0.,-1.));
#14153=DIRECTION('ref_axis',(1.,0.,0.));
#14154=DIRECTION('center_axis',(0.,0.,1.));
#14155=DIRECTION('ref_axis',(1.,0.,0.));
#14156=DIRECTION('center_axis',(0.,0.,1.));
#14157=DIRECTION('ref_axis',(1.,0.,0.));
#14158=DIRECTION('center_axis',(0.,0.,1.));
#14159=DIRECTION('ref_axis',(1.,0.,0.));
#14160=DIRECTION('center_axis',(0.,0.,1.));
#14161=DIRECTION('ref_axis',(1.,0.,0.));
#14162=DIRECTION('',(0.,0.,-1.));
#14163=DIRECTION('center_axis',(0.,0.,-1.));
#14164=DIRECTION('ref_axis',(-1.,0.,0.));
#14165=DIRECTION('center_axis',(0.,0.,1.));
#14166=DIRECTION('ref_axis',(1.,0.,0.));
#14167=DIRECTION('center_axis',(0.,0.,1.));
#14168=DIRECTION('ref_axis',(1.,0.,0.));
#14169=DIRECTION('center_axis',(0.,0.,1.));
#14170=DIRECTION('ref_axis',(1.,0.,0.));
#14171=DIRECTION('',(0.,0.,-1.));
#14172=DIRECTION('center_axis',(0.,0.,1.));
#14173=DIRECTION('ref_axis',(1.,0.,0.));
#14174=DIRECTION('center_axis',(0.,0.,1.));
#14175=DIRECTION('ref_axis',(1.,0.,0.));
#14176=DIRECTION('',(1.,0.,0.));
#14177=DIRECTION('',(0.,1.,0.));
#14178=DIRECTION('',(-1.,0.,0.));
#14179=DIRECTION('',(0.,-1.,0.));
#14180=DIRECTION('center_axis',(-1.,0.,0.));
#14181=DIRECTION('ref_axis',(0.,-1.,0.));
#14182=DIRECTION('',(0.,1.,0.));
#14183=DIRECTION('',(0.,0.,1.));
#14184=DIRECTION('',(0.,0.,1.));
#14185=DIRECTION('center_axis',(0.,1.,0.));
#14186=DIRECTION('ref_axis',(-1.,0.,0.));
#14187=DIRECTION('',(1.,0.,0.));
#14188=DIRECTION('',(0.,0.,1.));
#14189=DIRECTION('center_axis',(1.,0.,0.));
#14190=DIRECTION('ref_axis',(0.,1.,0.));
#14191=DIRECTION('',(0.,-1.,0.));
#14192=DIRECTION('',(0.,0.,1.));
#14193=DIRECTION('center_axis',(0.,-1.,0.));
#14194=DIRECTION('ref_axis',(1.,0.,0.));
#14195=DIRECTION('',(-1.,0.,0.));
#14196=DIRECTION('center_axis',(0.,0.,1.));
#14197=DIRECTION('ref_axis',(1.,0.,0.));
#14198=DIRECTION('center_axis',(0.,0.,1.));
#14199=DIRECTION('ref_axis',(-1.,0.,0.));
#14200=DIRECTION('axis',(0.,0.,1.));
#14201=DIRECTION('refdir',(1.,0.,0.));
#14202=DIRECTION('center_axis',(0.,0.,1.));
#14203=DIRECTION('ref_axis',(1.,0.,0.));
#14204=DIRECTION('',(1.,0.,0.));
#14205=DIRECTION('',(0.,1.,0.));
#14206=DIRECTION('',(-1.,0.,0.));
#14207=DIRECTION('',(2.677042401199E-16,-1.,0.));
#14208=DIRECTION('center_axis',(0.,1.,0.));
#14209=DIRECTION('ref_axis',(0.,0.,1.));
#14210=DIRECTION('',(1.,0.,0.));
#14211=DIRECTION('',(0.,0.,-1.));
#14212=DIRECTION('',(0.,0.,-1.));
#14213=DIRECTION('center_axis',(0.,-1.,0.));
#14214=DIRECTION('ref_axis',(0.,0.,-1.));
#14215=DIRECTION('',(0.,0.,-1.));
#14216=DIRECTION('',(-1.,0.,0.));
#14217=DIRECTION('',(0.,0.,-1.));
#14218=DIRECTION('center_axis',(-1.,-1.338521200599E-16,0.));
#14219=DIRECTION('ref_axis',(1.338521200599E-16,-1.,0.));
#14220=DIRECTION('',(-1.338521200599E-16,1.,0.));
#14221=DIRECTION('',(0.,0.,-1.));
#14222=DIRECTION('',(-1.338521200599E-16,1.,0.));
#14223=DIRECTION('',(0.,0.,-1.));
#14224=DIRECTION('center_axis',(0.,-1.,0.));
#14225=DIRECTION('ref_axis',(0.,0.,-1.));
#14226=DIRECTION('',(-1.,0.,0.));
#14227=DIRECTION('',(0.,0.,-1.));
#14228=DIRECTION('',(-1.,0.,0.));
#14229=DIRECTION('center_axis',(1.,2.677042401199E-16,0.));
#14230=DIRECTION('ref_axis',(-2.677042401199E-16,1.,0.));
#14231=DIRECTION('',(2.677042401199E-16,-1.,0.));
#14232=DIRECTION('center_axis',(0.,1.,0.));
#14233=DIRECTION('ref_axis',(0.,0.,1.));
#14234=DIRECTION('',(1.,0.,0.));
#14235=DIRECTION('',(0.,0.,-1.));
#14236=DIRECTION('',(1.,0.,0.));
#14237=DIRECTION('center_axis',(0.,0.,1.));
#14238=DIRECTION('ref_axis',(1.,0.,0.));
#14239=DIRECTION('',(-5.421010862427E-14,-1.,0.));
#14240=DIRECTION('center_axis',(0.,0.,1.));
#14241=DIRECTION('ref_axis',(1.,0.,0.));
#14242=DIRECTION('',(1.,0.,0.));
#14243=DIRECTION('',(0.,1.,0.));
#14244=DIRECTION('',(0.,1.,0.));
#14245=DIRECTION('',(-1.,6.570922257488E-17,0.));
#14246=DIRECTION('',(-5.421010862427E-14,-1.,0.));
#14247=DIRECTION('',(5.421010862427E-14,-1.,0.));
#14248=DIRECTION('center_axis',(-1.,0.,0.));
#14249=DIRECTION('ref_axis',(0.,0.,1.));
#14250=DIRECTION('',(0.,0.,-1.));
#14251=DIRECTION('',(0.,1.,0.));
#14252=DIRECTION('',(0.,0.,-1.));
#14253=DIRECTION('center_axis',(-6.570922257488E-17,-1.,0.));
#14254=DIRECTION('ref_axis',(1.,-6.570922257488E-17,0.));
#14255=DIRECTION('',(-1.,0.,2.628368902995E-16));
#14256=DIRECTION('',(0.,0.,-1.));
#14257=DIRECTION('center_axis',(1.,-5.421010862427E-14,0.));
#14258=DIRECTION('ref_axis',(5.421010862427E-14,1.,0.));
#14259=DIRECTION('',(0.,1.,0.));
#14260=DIRECTION('',(0.,0.,-1.));
#14261=DIRECTION('center_axis',(0.,1.,0.));
#14262=DIRECTION('ref_axis',(0.,0.,1.));
#14263=DIRECTION('',(-1.,0.,2.628368902995E-16));
#14264=DIRECTION('center_axis',(-2.628368902995E-16,0.,-1.));
#14265=DIRECTION('ref_axis',(-1.,0.,2.628368902995E-16));
#14266=DIRECTION('axis',(0.,0.,1.));
#14267=DIRECTION('refdir',(1.,0.,0.));
#14268=DIRECTION('center_axis',(0.,0.,1.));
#14269=DIRECTION('ref_axis',(1.,0.,0.));
#14270=DIRECTION('',(1.,0.,0.));
#14271=DIRECTION('',(0.,1.,0.));
#14272=DIRECTION('',(-1.,0.,0.));
#14273=DIRECTION('',(0.,-1.,0.));
#14274=DIRECTION('center_axis',(0.,1.,0.));
#14275=DIRECTION('ref_axis',(0.,0.,1.));
#14276=DIRECTION('',(1.,0.,0.));
#14277=DIRECTION('',(0.,0.,-1.));
#14278=DIRECTION('',(0.,0.,-1.));
#14279=DIRECTION('center_axis',(0.,-1.,0.));
#14280=DIRECTION('ref_axis',(0.,0.,-1.));
#14281=DIRECTION('',(0.,0.,-1.));
#14282=DIRECTION('',(-1.,0.,0.));
#14283=DIRECTION('',(0.,0.,-1.));
#14284=DIRECTION('center_axis',(-1.,0.,0.));
#14285=DIRECTION('ref_axis',(0.,0.,1.));
#14286=DIRECTION('',(0.,1.,0.));
#14287=DIRECTION('',(0.,0.,-1.));
#14288=DIRECTION('',(0.,1.,0.));
#14289=DIRECTION('',(0.,0.,-1.));
#14290=DIRECTION('center_axis',(0.,-1.,0.));
#14291=DIRECTION('ref_axis',(0.,0.,-1.));
#14292=DIRECTION('',(-1.,0.,0.));
#14293=DIRECTION('',(0.,0.,-1.));
#14294=DIRECTION('',(-1.,0.,0.));
#14295=DIRECTION('center_axis',(1.,0.,0.));
#14296=DIRECTION('ref_axis',(0.,0.,-1.));
#14297=DIRECTION('',(0.,-1.,0.));
#14298=DIRECTION('center_axis',(0.,1.,0.));
#14299=DIRECTION('ref_axis',(0.,0.,1.));
#14300=DIRECTION('',(1.,0.,0.));
#14301=DIRECTION('',(0.,0.,-1.));
#14302=DIRECTION('',(1.,0.,0.));
#14303=DIRECTION('center_axis',(0.,0.,1.));
#14304=DIRECTION('ref_axis',(1.,0.,0.));
#14305=DIRECTION('',(0.,-1.,0.));
#14306=DIRECTION('center_axis',(0.,0.,1.));
#14307=DIRECTION('ref_axis',(1.,0.,0.));
#14308=DIRECTION('',(1.,0.,0.));
#14309=DIRECTION('',(-2.168404344971E-13,1.,0.));
#14310=DIRECTION('',(0.,1.,0.));
#14311=DIRECTION('',(-1.,0.,0.));
#14312=DIRECTION('',(0.,-1.,0.));
#14313=DIRECTION('',(2.168404344971E-13,-1.,0.));
#14314=DIRECTION('center_axis',(-1.,0.,0.));
#14315=DIRECTION('ref_axis',(0.,0.,1.));
#14316=DIRECTION('',(0.,0.,-1.));
#14317=DIRECTION('',(0.,1.,0.));
#14318=DIRECTION('',(0.,0.,-1.));
#14319=DIRECTION('center_axis',(0.,-1.,0.));
#14320=DIRECTION('ref_axis',(0.,0.,-1.));
#14321=DIRECTION('',(-1.,0.,0.));
#14322=DIRECTION('',(0.,0.,-1.));
#14323=DIRECTION('center_axis',(1.,0.,0.));
#14324=DIRECTION('ref_axis',(0.,0.,-1.));
#14325=DIRECTION('',(0.,1.,0.));
#14326=DIRECTION('',(0.,0.,-1.));
#14327=DIRECTION('center_axis',(0.,1.,0.));
#14328=DIRECTION('ref_axis',(0.,0.,1.));
#14329=DIRECTION('',(-1.,0.,0.));
#14330=DIRECTION('center_axis',(0.,0.,-1.));
#14331=DIRECTION('ref_axis',(-1.,0.,0.));
#14332=DIRECTION('axis',(0.,0.,1.));
#14333=DIRECTION('refdir',(1.,0.,0.));
#14334=DIRECTION('center_axis',(-1.,-6.98296672221876E-15,-1.52333746557077E-30));
#14335=DIRECTION('ref_axis',(-2.44081047432762E-29,3.71352796603441E-15,
-1.));
#14336=DIRECTION('',(6.96377881247794E-15,-0.99725218370585,0.074081590789574));
#14337=DIRECTION('',(2.44081047432763E-29,-3.71352796603441E-15,1.));
#14338=DIRECTION('',(-6.98296672221876E-15,1.,3.89054056562388E-15));
#14339=DIRECTION('',(2.44081047432763E-29,-3.71352796603441E-15,1.));
#14340=DIRECTION('center_axis',(-2.5644177835623E-29,3.89054056562388E-15,
-1.));
#14341=DIRECTION('ref_axis',(6.98296672221876E-15,-1.,-3.89054056562388E-15));
#14342=DIRECTION('',(-1.,-6.98296672221876E-15,-1.52333746557077E-30));
#14343=DIRECTION('',(-6.98296672221876E-15,1.,3.89054056562388E-15));
#14344=DIRECTION('',(1.,6.98296672221876E-15,1.52333746557077E-30));
#14345=DIRECTION('center_axis',(-6.98296672221876E-15,1.,3.71352796603441E-15));
#14346=DIRECTION('ref_axis',(-2.44081047432763E-29,3.71352796603441E-15,
-1.));
#14347=DIRECTION('',(-2.06514699521024E-16,-3.71352796603442E-15,1.));
#14348=DIRECTION('',(-1.,-6.98296672221876E-15,-9.85638338623201E-17));
#14349=DIRECTION('',(2.06514699521024E-16,3.71352796603442E-15,-1.));
#14350=DIRECTION('',(1.,6.98296672221876E-15,1.232047923279E-16));
#14351=DIRECTION('',(1.,6.98296672221876E-15,1.52333746557077E-30));
#14352=DIRECTION('',(2.44081047432763E-29,-3.71352796603441E-15,1.));
#14353=DIRECTION('',(1.,6.98296672221876E-15,1.52333746557077E-30));
#14354=DIRECTION('',(2.44081047432763E-29,-3.71352796603441E-15,1.));
#14355=DIRECTION('',(-1.,-6.98296672221876E-15,-1.52333746557077E-30));
#14356=DIRECTION('',(2.44081047432763E-29,-3.71352796603441E-15,1.));
#14357=DIRECTION('',(1.,6.98296672221876E-15,1.52333746557077E-30));
#14358=DIRECTION('',(2.44081047432763E-29,-3.71352796603441E-15,1.));
#14359=DIRECTION('',(-1.,-6.98296672221876E-15,-1.52333746557077E-30));
#14360=DIRECTION('',(2.44081047432763E-29,-3.71352796603441E-15,1.));
#14361=DIRECTION('',(1.,6.98296672221876E-15,1.52333746557077E-30));
#14362=DIRECTION('',(2.44081047432763E-29,-3.71352796603441E-15,1.));
#14363=DIRECTION('',(-1.,-6.98296672221876E-15,-1.52333746557077E-30));
#14364=DIRECTION('',(2.44081047432763E-29,-3.71352796603441E-15,1.));
#14365=DIRECTION('center_axis',(-6.98296672221876E-15,1.,3.71352796603441E-15));
#14366=DIRECTION('ref_axis',(-2.44081047432763E-29,3.71352796603441E-15,
-1.));
#14367=DIRECTION('',(2.44081047432763E-29,-3.71352796603441E-15,1.));
#14368=DIRECTION('',(1.,6.98296672221876E-15,1.52333746557077E-30));
#14369=DIRECTION('center_axis',(-5.17309283212625E-16,0.074081590789574,
0.99725218370585));
#14370=DIRECTION('ref_axis',(-6.96377881247795E-15,0.99725218370585,-0.074081590789574));
#14371=DIRECTION('',(6.96377881247794E-15,-0.99725218370585,0.074081590789574));
#14372=DIRECTION('center_axis',(-1.,-6.98296672221876E-15,-1.52333746557077E-30));
#14373=DIRECTION('ref_axis',(-2.44081047432762E-29,3.71352796603441E-15,
-1.));
#14374=DIRECTION('center_axis',(-9.85638338622942E-17,-3.71352796603441E-15,
1.));
#14375=DIRECTION('ref_axis',(-1.,-6.98296672221876E-15,-9.85638338623201E-17));
#14376=DIRECTION('',(-1.,-6.98296672221876E-15,-9.85638338623201E-17));
#14377=DIRECTION('',(7.08500927962916E-15,-1.,-3.71352796603441E-15));
#14378=DIRECTION('',(7.08500927962916E-15,-1.,-3.71352796603441E-15));
#14379=DIRECTION('center_axis',(-1.,-6.98296672221876E-15,-1.52333746557077E-30));
#14380=DIRECTION('ref_axis',(-2.44081047432762E-29,3.71352796603441E-15,
-1.));
#14381=DIRECTION('',(6.96377881247794E-15,-0.99725218370585,0.074081590789574));
#14382=DIRECTION('',(-6.98296672221876E-15,1.,3.89054056562388E-15));
#14383=DIRECTION('',(2.44081047432763E-29,-3.71352796603441E-15,1.));
#14384=DIRECTION('center_axis',(1.,7.08500927962916E-15,2.0651469952105E-16));
#14385=DIRECTION('ref_axis',(-2.06514699521024E-16,-3.71352796603441E-15,
1.));
#14386=DIRECTION('',(-2.44081047432763E-29,3.71352796603441E-15,-1.));
#14387=DIRECTION('',(7.08500927962916E-15,-1.,-3.71352796603441E-15));
#14388=DIRECTION('',(-2.06514699521024E-16,-3.71352796603442E-15,1.));
#14389=DIRECTION('',(7.08500927962916E-15,-1.,-3.71352796603441E-15));
#14390=DIRECTION('',(-2.06514699521024E-16,-3.71352796603442E-15,1.));
#14391=DIRECTION('',(7.08500927962916E-15,-1.,-3.71352796603441E-15));
#14392=DIRECTION('center_axis',(-2.5644177835623E-29,3.89054056562388E-15,
-1.));
#14393=DIRECTION('ref_axis',(6.98296672221876E-15,-1.,-3.89054056562388E-15));
#14394=DIRECTION('',(-6.98296672221876E-15,1.,3.89054056562388E-15));
#14395=DIRECTION('',(-6.98296672221876E-15,1.,3.89054056562388E-15));
#14396=DIRECTION('',(1.,6.98296672221876E-15,1.52333746557077E-30));
#14397=DIRECTION('center_axis',(-5.17309283212625E-16,0.074081590789574,
0.99725218370585));
#14398=DIRECTION('ref_axis',(-6.96377881247795E-15,0.99725218370585,-0.074081590789574));
#14399=DIRECTION('',(6.96377881247794E-15,-0.99725218370585,0.074081590789574));
#14400=DIRECTION('',(1.,6.98296672221876E-15,1.52333746557077E-30));
#14401=DIRECTION('',(6.96377881247794E-15,-0.99725218370585,0.074081590789574));
#14402=DIRECTION('center_axis',(1.23204792327874E-16,3.71352796603441E-15,
-1.));
#14403=DIRECTION('ref_axis',(1.,6.98296672221876E-15,1.232047923279E-16));
#14404=DIRECTION('',(1.,6.98296672221876E-15,1.232047923279E-16));
#14405=DIRECTION('',(7.08500927962916E-15,-1.,-3.71352796603441E-15));
#14406=DIRECTION('center_axis',(-1.,-6.98296672221876E-15,-1.52333746557077E-30));
#14407=DIRECTION('ref_axis',(-2.44081047432762E-29,3.71352796603441E-15,
-1.));
#14408=DIRECTION('',(6.96377881247794E-15,-0.99725218370585,0.074081590789574));
#14409=DIRECTION('',(2.44081047432763E-29,-3.71352796603441E-15,1.));
#14410=DIRECTION('center_axis',(-1.,-6.98296672221876E-15,-1.52333746557077E-30));
#14411=DIRECTION('ref_axis',(-2.44081047432762E-29,3.71352796603441E-15,
-1.));
#14412=DIRECTION('',(6.96377881247794E-15,-0.99725218370585,0.074081590789574));
#14413=DIRECTION('',(2.44081047432763E-29,-3.71352796603441E-15,1.));
#14414=DIRECTION('',(-6.98296672221876E-15,1.,3.89054056562388E-15));
#14415=DIRECTION('center_axis',(-2.5644177835623E-29,3.89054056562388E-15,
-1.));
#14416=DIRECTION('ref_axis',(6.98296672221876E-15,-1.,-3.89054056562388E-15));
#14417=DIRECTION('',(-6.98296672221876E-15,1.,3.89054056562388E-15));
#14418=DIRECTION('',(-6.98296672221876E-15,1.,3.89054056562388E-15));
#14419=DIRECTION('',(1.,6.98296672221876E-15,1.52333746557077E-30));
#14420=DIRECTION('center_axis',(-1.,-6.98296672221876E-15,-1.52333746557077E-30));
#14421=DIRECTION('ref_axis',(-2.44081047432762E-29,3.71352796603441E-15,
-1.));
#14422=DIRECTION('',(6.96377881247794E-15,-0.99725218370585,0.074081590789574));
#14423=DIRECTION('',(2.44081047432763E-29,-3.71352796603441E-15,1.));
#14424=DIRECTION('center_axis',(-1.,-6.98296672221876E-15,-1.52333746557077E-30));
#14425=DIRECTION('ref_axis',(-2.44081047432762E-29,3.71352796603441E-15,
-1.));
#14426=DIRECTION('',(2.44081047432763E-29,-3.71352796603441E-15,1.));
#14427=DIRECTION('center_axis',(-1.,-7.08500927962916E-15,-2.0651469952105E-16));
#14428=DIRECTION('ref_axis',(2.06514699521024E-16,3.71352796603441E-15,
-1.));
#14429=DIRECTION('',(2.06514699521024E-16,3.71352796603442E-15,-1.));
#14430=DIRECTION('',(7.08500927962916E-15,-1.,-3.71352796603441E-15));
#14431=DIRECTION('',(-1.44560289664731E-15,-3.71352796603442E-15,1.));
#14432=DIRECTION('',(7.08500927962916E-15,-1.,-3.71352796603441E-15));
#14433=DIRECTION('',(2.06514699521024E-16,3.71352796603442E-15,-1.));
#14434=DIRECTION('center_axis',(-2.5644177835623E-29,3.89054056562388E-15,
-1.));
#14435=DIRECTION('ref_axis',(6.98296672221876E-15,-1.,-3.89054056562388E-15));
#14436=DIRECTION('',(1.,6.98296672221876E-15,1.52333746557077E-30));
#14437=DIRECTION('center_axis',(-1.,-6.98296672221876E-15,-1.52333746557077E-30));
#14438=DIRECTION('ref_axis',(-2.44081047432762E-29,3.71352796603441E-15,
-1.));
#14439=DIRECTION('',(2.44081047432763E-29,-3.71352796603441E-15,1.));
#14440=DIRECTION('center_axis',(-5.17309283212625E-16,0.074081590789574,
0.99725218370585));
#14441=DIRECTION('ref_axis',(-6.96377881247795E-15,0.99725218370585,-0.074081590789574));
#14442=DIRECTION('',(1.,6.98296672221876E-15,1.52333746557077E-30));
#14443=DIRECTION('center_axis',(-5.17309283212625E-16,0.074081590789574,
0.99725218370585));
#14444=DIRECTION('ref_axis',(-6.96377881247795E-15,0.99725218370585,-0.074081590789574));
#14445=DIRECTION('',(1.,6.98296672221876E-15,1.52333746557077E-30));
#14446=DIRECTION('center_axis',(-7.1275270118835E-15,1.,3.71352796603441E-15));
#14447=DIRECTION('ref_axis',(-1.,-7.1275270118835E-15,-2.06016614401879E-30));
#14448=DIRECTION('',(-1.,-6.98296672221876E-15,-1.52333746557077E-30));
#14449=DIRECTION('',(-2.44081047432763E-29,3.71352796603441E-15,-1.));
#14450=DIRECTION('',(1.,6.98296672221876E-15,1.52333746557077E-30));
#14451=DIRECTION('',(-2.44081047432763E-29,3.71352796603441E-15,-1.));
#14452=DIRECTION('',(1.,7.1275270118835E-15,2.06016614401879E-30));
#14453=DIRECTION('',(-2.44081047432763E-29,3.71352796603441E-15,-1.));
#14454=DIRECTION('',(-1.,-6.98296672221876E-15,-1.52333746557077E-30));
#14455=DIRECTION('',(-2.44081047432763E-29,3.71352796603441E-15,-1.));
#14456=DIRECTION('',(1.,6.98296672221876E-15,1.52333746557077E-30));
#14457=DIRECTION('',(-2.44081047432763E-29,3.71352796603441E-15,-1.));
#14458=DIRECTION('',(1.,7.1275270118835E-15,2.06016614401879E-30));
#14459=DIRECTION('',(-2.44081047432763E-29,3.71352796603441E-15,-1.));
#14460=DIRECTION('',(1.44560289664731E-15,3.71352796603442E-15,-1.));
#14461=DIRECTION('',(-1.,-6.98296672221876E-15,-1.52333746557077E-30));
#14462=DIRECTION('',(-1.,-6.98296672221876E-15,-1.52333746557077E-30));
#14463=DIRECTION('',(2.44081047432763E-29,-3.71352796603441E-15,1.));
#14464=DIRECTION('',(1.,6.98296672221876E-15,1.52333746557077E-30));
#14465=DIRECTION('',(1.,6.98296672221876E-15,6.19544098563148E-16));
#14466=DIRECTION('center_axis',(-6.98296672221876E-15,1.,3.71352796603441E-15));
#14467=DIRECTION('ref_axis',(-2.44081047432763E-29,3.71352796603441E-15,
-1.));
#14468=DIRECTION('center_axis',(6.98296672221876E-15,-1.,-3.71352796603441E-15));
#14469=DIRECTION('ref_axis',(2.44081047432763E-29,-3.71352796603441E-15,
1.));
#14470=DIRECTION('',(1.,6.98296672221876E-15,1.52333746557077E-30));
#14471=DIRECTION('',(2.44081047432763E-29,-3.71352796603441E-15,1.));
#14472=DIRECTION('',(-1.,-6.98296672221876E-15,-1.52333746557077E-30));
#14473=DIRECTION('center_axis',(-2.44081047432763E-29,3.71352796603441E-15,
-1.));
#14474=DIRECTION('ref_axis',(1.,6.98296672221876E-15,1.5233374655707E-30));
#14475=DIRECTION('',(7.08500927962916E-15,-1.,-3.71352796603441E-15));
#14476=DIRECTION('center_axis',(2.44081047432763E-29,-3.71352796603441E-15,
1.));
#14477=DIRECTION('ref_axis',(-1.,-6.98296672221876E-15,-1.5233374655707E-30));
#14478=DIRECTION('',(7.08500927962916E-15,-1.,-3.71352796603441E-15));
#14479=DIRECTION('center_axis',(-6.98296672221876E-15,1.,3.71352796603441E-15));
#14480=DIRECTION('ref_axis',(-2.44081047432763E-29,3.71352796603441E-15,
-1.));
#14481=DIRECTION('center_axis',(-6.98296672221876E-15,1.,3.71352796603441E-15));
#14482=DIRECTION('ref_axis',(-2.44081047432763E-29,3.71352796603441E-15,
-1.));
#14483=DIRECTION('center_axis',(6.98296672221876E-15,-1.,-3.71352796603441E-15));
#14484=DIRECTION('ref_axis',(2.44081047432763E-29,-3.71352796603441E-15,
1.));
#14485=DIRECTION('',(-1.,-6.98296672221876E-15,-1.52333746557077E-30));
#14486=DIRECTION('',(1.44560289664731E-15,3.71352796603442E-15,-1.));
#14487=DIRECTION('',(1.,6.98296672221876E-15,6.19544098563148E-16));
#14488=DIRECTION('center_axis',(6.19544098563122E-16,3.71352796603442E-15,
-1.));
#14489=DIRECTION('ref_axis',(1.,6.98296672221876E-15,6.19544098563148E-16));
#14490=DIRECTION('',(7.08500927962916E-15,-1.,-3.71352796603441E-15));
#14491=DIRECTION('center_axis',(2.44081047432763E-29,-3.71352796603441E-15,
1.));
#14492=DIRECTION('ref_axis',(-1.,-6.98296672221876E-15,-1.5233374655707E-30));
#14493=DIRECTION('',(7.08500927962916E-15,-1.,-3.71352796603441E-15));
#14494=DIRECTION('center_axis',(2.52598363584714E-29,-3.83550071043903E-15,
1.));
#14495=DIRECTION('ref_axis',(-6.98296672221876E-15,1.,3.83550071043903E-15));
#14496=DIRECTION('',(-6.98296672221876E-15,1.,3.83550071043903E-15));
#14497=DIRECTION('',(-1.,-6.98296672221876E-15,-1.52333746557077E-30));
#14498=DIRECTION('',(-6.98296672221876E-15,1.,3.83550071043903E-15));
#14499=DIRECTION('center_axis',(-1.,-7.08500927962916E-15,-1.44560289664734E-15));
#14500=DIRECTION('ref_axis',(1.44560289664731E-15,3.71352796603442E-15,
-1.));
#14501=DIRECTION('center_axis',(-1.,-6.98296672221876E-15,-1.52333746557077E-30));
#14502=DIRECTION('ref_axis',(2.44081047432762E-29,-3.71352796603441E-15,
1.));
#14503=DIRECTION('',(-6.98296672221876E-15,1.,3.71352796603441E-15));
#14504=DIRECTION('',(-6.98296672221876E-15,1.,3.83550071043903E-15));
#14505=DIRECTION('',(2.44081047432763E-29,-3.71352796603441E-15,1.));
#14506=DIRECTION('center_axis',(1.,6.98296672221876E-15,1.52333746557077E-30));
#14507=DIRECTION('ref_axis',(2.44081047432762E-29,-3.71352796603441E-15,
1.));
#14508=DIRECTION('',(-6.98296672221876E-15,1.,3.71352796603441E-15));
#14509=DIRECTION('',(-2.44081047432763E-29,3.71352796603441E-15,-1.));
#14510=DIRECTION('',(6.98296672221876E-15,-1.,-3.71352796603441E-15));
#14511=DIRECTION('',(2.44081047432763E-29,-3.71352796603441E-15,1.));
#14512=DIRECTION('',(6.98296672221876E-15,-1.,-3.82194818328296E-15));
#14513=DIRECTION('',(2.44081047432763E-29,-3.71352796603441E-15,1.));
#14514=DIRECTION('',(6.98296672221876E-15,-1.,-3.27984709704021E-15));
#14515=DIRECTION('',(6.98296672221876E-15,-1.,-3.71352796603441E-15));
#14516=DIRECTION('',(-3.4914833611094E-15,0.500000000000002,-0.866025403784437));
#14517=DIRECTION('',(-6.98296672221876E-15,1.,3.71352796603441E-15));
#14518=DIRECTION('',(-2.51651995123386E-29,3.82194818328296E-15,-1.));
#14519=DIRECTION('center_axis',(-2.44081047432763E-29,3.71352796603441E-15,
-1.));
#14520=DIRECTION('ref_axis',(1.,6.98296672221876E-15,1.5233374655707E-30));
#14521=DIRECTION('',(-6.98296672221876E-15,1.,3.71352796603441E-15));
#14522=DIRECTION('',(1.,6.98296672221876E-15,1.52333746557077E-30));
#14523=DIRECTION('',(-6.98296672221876E-15,1.,3.71352796603441E-15));
#14524=DIRECTION('',(-1.,-7.105427357601E-15,-1.97809845980105E-30));
#14525=DIRECTION('',(-7.18705183703957E-15,1.,3.71352796603441E-15));
#14526=DIRECTION('',(1.,6.98296672221876E-15,1.52333746557077E-30));
#14527=DIRECTION('',(1.,6.98296672221876E-15,1.52333746557077E-30));
#14528=DIRECTION('',(-6.98296672221876E-15,1.,3.71352796603441E-15));
#14529=DIRECTION('',(-1.,-6.98296672221876E-15,-1.52333746557077E-30));
#14530=DIRECTION('',(-1.,-6.98296672221876E-15,-1.52333746557077E-30));
#14531=DIRECTION('',(-1.,-7.105427357601E-15,-1.97809845980105E-30));
#14532=DIRECTION('',(-6.98296672221876E-15,1.,3.71352796603441E-15));
#14533=DIRECTION('',(1.,6.98296672221876E-15,1.52333746557077E-30));
#14534=DIRECTION('',(-6.98296672221876E-15,1.,3.71352796603441E-15));
#14535=DIRECTION('',(-1.,-7.105427357601E-15,-1.97809845980105E-30));
#14536=DIRECTION('',(-6.98296672221876E-15,1.,3.71352796603441E-15));
#14537=DIRECTION('',(1.,6.98296672221876E-15,1.52333746557077E-30));
#14538=DIRECTION('',(-6.98296672221876E-15,1.,3.71352796603441E-15));
#14539=DIRECTION('',(-1.,-7.105427357601E-15,-1.97809845980105E-30));
#14540=DIRECTION('',(-6.98296672221876E-15,1.,3.71352796603441E-15));
#14541=DIRECTION('',(1.,6.98296672221876E-15,1.52333746557077E-30));
#14542=DIRECTION('',(-6.98296672221876E-15,1.,3.71352796603441E-15));
#14543=DIRECTION('',(-1.,-7.105427357601E-15,-1.97809845980105E-30));
#14544=DIRECTION('center_axis',(-2.13797256670268E-29,3.27984709704021E-15,
-1.));
#14545=DIRECTION('ref_axis',(6.98296672221876E-15,-1.,-3.27984709704021E-15));
#14546=DIRECTION('',(6.98296672221876E-15,-1.,-3.71352796603441E-15));
#14547=DIRECTION('',(-1.,-6.98296672221876E-15,-1.52333746557077E-30));
#14548=DIRECTION('center_axis',(1.,6.98296672221876E-15,1.52333746557077E-30));
#14549=DIRECTION('ref_axis',(2.44081047432762E-29,-3.71352796603441E-15,
1.));
#14550=DIRECTION('',(2.44081047432763E-29,-3.71352796603441E-15,1.));
#14551=DIRECTION('',(6.98296672221876E-15,-1.,-3.71352796603441E-15));
#14552=DIRECTION('',(2.44081047432763E-29,-3.71352796603441E-15,1.));
#14553=DIRECTION('',(-2.44081047432763E-29,3.71352796603441E-15,-1.));
#14554=DIRECTION('',(6.98296672221876E-15,-1.,-3.71352796603441E-15));
#14555=DIRECTION('center_axis',(-1.,-6.98296672221876E-15,-1.52333746557077E-30));
#14556=DIRECTION('ref_axis',(2.44081047432762E-29,-3.71352796603441E-15,
1.));
#14557=DIRECTION('',(6.98296672221876E-15,-1.,-3.71352796603441E-15));
#14558=DIRECTION('',(2.44081047432763E-29,-3.71352796603441E-15,1.));
#14559=DIRECTION('',(2.44081047432763E-29,-3.71352796603441E-15,1.));
#14560=DIRECTION('',(-6.98296672221876E-15,1.,3.83550071043903E-15));
#14561=DIRECTION('',(2.44081047432763E-29,-3.71352796603441E-15,1.));
#14562=DIRECTION('center_axis',(-2.44081047432763E-29,3.71352796603441E-15,
-1.));
#14563=DIRECTION('ref_axis',(1.,6.98296672221876E-15,1.5233374655707E-30));
#14564=DIRECTION('',(-1.,-6.98296672221876E-15,-1.52333746557077E-30));
#14565=DIRECTION('',(-7.18705183703957E-15,1.,3.71352796603441E-15));
#14566=DIRECTION('',(1.,6.98296672221876E-15,1.52333746557077E-30));
#14567=DIRECTION('',(6.98296672221876E-15,-1.,-3.71352796603441E-15));
#14568=DIRECTION('',(-1.,-7.105427357601E-15,-1.97809845980105E-30));
#14569=DIRECTION('',(6.98296672221876E-15,-1.,-3.71352796603441E-15));
#14570=DIRECTION('center_axis',(1.,6.98296672221876E-15,1.52333746557077E-30));
#14571=DIRECTION('ref_axis',(2.44081047432762E-29,-3.71352796603441E-15,
1.));
#14572=DIRECTION('',(2.44081047432763E-29,-3.71352796603441E-15,1.));
#14573=DIRECTION('center_axis',(-1.,-7.18705183703957E-15,-2.28121324690916E-30));
#14574=DIRECTION('ref_axis',(7.18705183703957E-15,-1.,-3.71352796603441E-15));
#14575=DIRECTION('',(-6.98296672221876E-15,1.,3.71352796603441E-15));
#14576=DIRECTION('',(-3.4914833611094E-15,0.500000000000002,-0.866025403784437));
#14577=DIRECTION('',(6.98296672221876E-15,-1.,-3.27984709704021E-15));
#14578=DIRECTION('',(2.44081047432763E-29,-3.71352796603441E-15,1.));
#14579=DIRECTION('',(6.98296672221876E-15,-1.,-3.82194818328296E-15));
#14580=DIRECTION('',(2.44081047432763E-29,-3.71352796603441E-15,1.));
#14581=DIRECTION('',(-2.44081047432763E-29,3.71352796603441E-15,-1.));
#14582=DIRECTION('',(-6.98296672221876E-15,1.,3.71352796603441E-15));
#14583=DIRECTION('',(-2.51651995123386E-29,3.82194818328296E-15,-1.));
#14584=DIRECTION('center_axis',(1.,7.08500927962916E-15,1.90227535623996E-30));
#14585=DIRECTION('ref_axis',(-7.08500927962916E-15,1.,3.71352796603441E-15));
#14586=DIRECTION('center_axis',(2.13797256670268E-29,-3.27984709704021E-15,
1.));
#14587=DIRECTION('ref_axis',(-6.98296672221876E-15,1.,3.27984709704021E-15));
#14588=DIRECTION('',(1.,6.98296672221876E-15,1.52333746557077E-30));
#14589=DIRECTION('center_axis',(-2.52598363584714E-29,3.83550071043903E-15,
-1.));
#14590=DIRECTION('ref_axis',(6.98296672221876E-15,-1.,-3.83550071043903E-15));
#14591=DIRECTION('',(1.,6.98296672221876E-15,1.52333746557077E-30));
#14592=DIRECTION('center_axis',(6.98296672221876E-15,-1.,-3.71352796603441E-15));
#14593=DIRECTION('ref_axis',(2.44081047432763E-29,-3.71352796603441E-15,
1.));
#14594=DIRECTION('center_axis',(-6.98296672221876E-15,1.,3.71352796603441E-15));
#14595=DIRECTION('ref_axis',(-2.44081047432763E-29,3.71352796603441E-15,
-1.));
#14596=DIRECTION('center_axis',(-6.98296672221876E-15,1.,3.82194818328296E-15));
#14597=DIRECTION('ref_axis',(-2.51651995123386E-29,3.82194818328296E-15,
-1.));
#14598=DIRECTION('',(-1.,-6.98296672221876E-15,-1.52333746557077E-30));
#14599=DIRECTION('',(-2.51651995123386E-29,3.82194818328296E-15,-1.));
#14600=DIRECTION('',(-1.,-6.98296672221876E-15,-1.52333746557077E-30));
#14601=DIRECTION('center_axis',(2.44081047432763E-29,-3.71352796603441E-15,
1.));
#14602=DIRECTION('ref_axis',(-1.,-6.98296672221876E-15,-1.5233374655707E-30));
#14603=DIRECTION('',(-1.,-6.98296672221876E-15,-1.52333746557077E-30));
#14604=DIRECTION('',(-6.98296672221876E-15,1.,3.71352796603441E-15));
#14605=DIRECTION('center_axis',(-6.0474265752228E-15,0.866025403784437,
0.500000000000002));
#14606=DIRECTION('ref_axis',(-3.4914833611094E-15,0.500000000000002,-0.866025403784437));
#14607=DIRECTION('',(-3.4914833611094E-15,0.500000000000002,-0.866025403784437));
#14608=DIRECTION('center_axis',(7.105427357601E-15,-1.,-3.71352796603441E-15));
#14609=DIRECTION('ref_axis',(1.,7.105427357601E-15,1.97809845980105E-30));
#14610=DIRECTION('',(1.,6.98296672221876E-15,1.52333746557077E-30));
#14611=DIRECTION('',(-2.44081047432763E-29,3.71352796603441E-15,-1.));
#14612=DIRECTION('',(-2.44081047432763E-29,3.71352796603441E-15,-1.));
#14613=DIRECTION('',(1.,6.98296672221876E-15,1.52333746557077E-30));
#14614=DIRECTION('',(-2.44081047432763E-29,3.71352796603441E-15,-1.));
#14615=DIRECTION('',(-2.44081047432763E-29,3.71352796603441E-15,-1.));
#14616=DIRECTION('',(1.,6.98296672221876E-15,1.52333746557077E-30));
#14617=DIRECTION('',(-2.44081047432763E-29,3.71352796603441E-15,-1.));
#14618=DIRECTION('',(-2.44081047432763E-29,3.71352796603441E-15,-1.));
#14619=DIRECTION('',(1.,6.98296672221876E-15,1.52333746557077E-30));
#14620=DIRECTION('',(-2.44081047432763E-29,3.71352796603441E-15,-1.));
#14621=DIRECTION('',(-1.,-6.98296672221876E-15,-1.52333746557077E-30));
#14622=DIRECTION('',(2.40796224244985E-29,-3.66648745562605E-15,1.));
#14623=DIRECTION('',(2.44081047432763E-29,-3.71352796603441E-15,1.));
#14624=DIRECTION('',(1.,6.98296672221876E-15,1.52333746557077E-30));
#14625=DIRECTION('',(-2.44081047432763E-29,3.71352796603441E-15,-1.));
#14626=DIRECTION('center_axis',(-2.51651995123386E-29,3.82194818328296E-15,
-1.));
#14627=DIRECTION('ref_axis',(6.98296672221876E-15,-1.,-3.82194818328296E-15));
#14628=DIRECTION('',(-1.,-6.98296672221876E-15,-1.52333746557077E-30));
#14629=DIRECTION('',(-1.,-6.98296672221876E-15,-1.52333746557077E-30));
#14630=DIRECTION('center_axis',(2.44081047432763E-29,-3.71352796603441E-15,
1.));
#14631=DIRECTION('ref_axis',(-1.,-6.98296672221876E-15,-1.5233374655707E-30));
#14632=DIRECTION('',(-6.98296672221876E-15,1.,3.71352796603441E-15));
#14633=DIRECTION('center_axis',(6.98296672221876E-15,-1.,-3.71352796603441E-15));
#14634=DIRECTION('ref_axis',(2.44081047432763E-29,-3.71352796603441E-15,
1.));
#14635=DIRECTION('center_axis',(6.98296672221876E-15,-1.,-3.71352796603441E-15));
#14636=DIRECTION('ref_axis',(2.44081047432763E-29,-3.71352796603441E-15,
1.));
#14637=DIRECTION('center_axis',(-1.,-6.98296672221876E-15,-1.52333746557077E-30));
#14638=DIRECTION('ref_axis',(-2.44081047432762E-29,3.71352796603441E-15,
-1.));
#14639=DIRECTION('',(-6.98296672221876E-15,1.,3.79097097835481E-15));
#14640=DIRECTION('',(-4.33354739698352E-29,6.42403339724817E-15,-1.));
#14641=DIRECTION('',(6.98296672221876E-15,-1.,-3.60341368289135E-15));
#14642=DIRECTION('',(2.37771924357243E-29,-3.62317778499396E-15,1.));
#14643=DIRECTION('center_axis',(-1.,-6.98296672221876E-15,-1.52333746557077E-30));
#14644=DIRECTION('ref_axis',(-2.44081047432762E-29,3.71352796603441E-15,
-1.));
#14645=DIRECTION('',(-6.98296672221876E-15,1.,3.79097097835481E-15));
#14646=DIRECTION('',(2.37771924357243E-29,-3.62317778499396E-15,1.));
#14647=DIRECTION('',(6.98296672221876E-15,-1.,-3.60341368289135E-15));
#14648=DIRECTION('',(-4.33354739698352E-29,6.42403339724817E-15,-1.));
#14649=DIRECTION('center_axis',(-6.98296672221876E-15,1.,3.71352796603441E-15));
#14650=DIRECTION('ref_axis',(-2.44081047432763E-29,3.71352796603441E-15,
-1.));
#14651=DIRECTION('',(1.,6.98296672221876E-15,1.52333746557077E-30));
#14652=DIRECTION('center_axis',(-1.,-6.98296672221876E-15,-1.52333746557077E-30));
#14653=DIRECTION('ref_axis',(-2.44081047432762E-29,3.71352796603441E-15,
-1.));
#14654=DIRECTION('',(-6.98296672221876E-15,1.,3.79097097835481E-15));
#14655=DIRECTION('',(-4.33354739698352E-29,6.42403339724817E-15,-1.));
#14656=DIRECTION('',(6.98296672221876E-15,-1.,-3.60341368289135E-15));
#14657=DIRECTION('',(2.37771924357243E-29,-3.62317778499396E-15,1.));
#14658=DIRECTION('center_axis',(-1.,-6.98296672221876E-15,-1.52333746557077E-30));
#14659=DIRECTION('ref_axis',(-2.44081047432762E-29,3.71352796603441E-15,
-1.));
#14660=DIRECTION('',(-6.98296672221876E-15,1.,3.79097097835481E-15));
#14661=DIRECTION('',(2.37771924357243E-29,-3.62317778499396E-15,1.));
#14662=DIRECTION('',(6.98296672221876E-15,-1.,-3.60341368289135E-15));
#14663=DIRECTION('',(-4.33354739698352E-29,6.42403339724817E-15,-1.));
#14664=DIRECTION('center_axis',(-1.,-6.98296672221876E-15,-1.52333746557077E-30));
#14665=DIRECTION('ref_axis',(-2.44081047432762E-29,3.71352796603441E-15,
-1.));
#14666=DIRECTION('',(-6.98296672221876E-15,1.,3.79097097835481E-15));
#14667=DIRECTION('',(2.37771924357243E-29,-3.62317778499396E-15,1.));
#14668=DIRECTION('',(6.98296672221876E-15,-1.,-3.60341368289135E-15));
#14669=DIRECTION('',(-4.33354739698352E-29,6.42403339724817E-15,-1.));
#14670=DIRECTION('center_axis',(-6.98296672221876E-15,1.,3.62317778499396E-15));
#14671=DIRECTION('ref_axis',(-2.37771924357244E-29,3.62317778499396E-15,
-1.));
#14672=DIRECTION('',(1.,6.98296672221876E-15,1.52333746557077E-30));
#14673=DIRECTION('center_axis',(-1.,-6.98296672221876E-15,-1.52333746557077E-30));
#14674=DIRECTION('ref_axis',(-2.44081047432762E-29,3.71352796603441E-15,
-1.));
#14675=DIRECTION('',(-6.98296672221876E-15,1.,3.79097097835481E-15));
#14676=DIRECTION('',(-4.33354739698352E-29,6.42403339724817E-15,-1.));
#14677=DIRECTION('',(6.98296672221876E-15,-1.,-3.60341368289135E-15));
#14678=DIRECTION('',(2.37771924357243E-29,-3.62317778499396E-15,1.));
#14679=DIRECTION('center_axis',(-6.98296672221876E-15,1.,3.62317778499396E-15));
#14680=DIRECTION('ref_axis',(-2.37771924357244E-29,3.62317778499396E-15,
-1.));
#14681=DIRECTION('',(1.,6.98296672221876E-15,1.52333746557077E-30));
#14682=DIRECTION('center_axis',(-1.,-6.98296672221876E-15,-1.52333746557077E-30));
#14683=DIRECTION('ref_axis',(-2.44081047432762E-29,3.71352796603441E-15,
-1.));
#14684=DIRECTION('',(-6.98296672221876E-15,1.,3.79097097835481E-15));
#14685=DIRECTION('',(2.37771924357243E-29,-3.62317778499396E-15,1.));
#14686=DIRECTION('',(6.98296672221876E-15,-1.,-3.60341368289135E-15));
#14687=DIRECTION('',(-4.33354739698352E-29,6.42403339724817E-15,-1.));
#14688=DIRECTION('center_axis',(-6.98296672221876E-15,1.,3.62317778499396E-15));
#14689=DIRECTION('ref_axis',(-2.37771924357244E-29,3.62317778499396E-15,
-1.));
#14690=DIRECTION('',(1.,6.98296672221876E-15,1.52333746557077E-30));
#14691=DIRECTION('center_axis',(-1.,-6.98296672221876E-15,-1.52333746557077E-30));
#14692=DIRECTION('ref_axis',(-2.44081047432762E-29,3.71352796603441E-15,
-1.));
#14693=DIRECTION('',(-6.98296672221876E-15,1.,3.79097097835481E-15));
#14694=DIRECTION('',(-4.33354739698352E-29,6.42403339724817E-15,-1.));
#14695=DIRECTION('',(6.98296672221876E-15,-1.,-3.60341368289135E-15));
#14696=DIRECTION('',(2.37771924357243E-29,-3.62317778499396E-15,1.));
#14697=DIRECTION('center_axis',(-6.98296672221876E-15,1.,3.62317778499396E-15));
#14698=DIRECTION('ref_axis',(-2.37771924357244E-29,3.62317778499396E-15,
-1.));
#14699=DIRECTION('',(1.,6.98296672221876E-15,1.52333746557077E-30));
#14700=DIRECTION('center_axis',(-6.98296672221876E-15,1.,3.71352796603441E-15));
#14701=DIRECTION('ref_axis',(-2.44081047432763E-29,3.71352796603441E-15,
-1.));
#14702=DIRECTION('',(1.,6.98296672221876E-15,1.52333746557077E-30));
#14703=DIRECTION('center_axis',(2.51651995123386E-29,-3.82194818328296E-15,
1.));
#14704=DIRECTION('ref_axis',(-6.98296672221876E-15,1.,3.82194818328296E-15));
#14705=DIRECTION('center_axis',(-1.,-6.98296672221876E-15,-1.52333746557077E-30));
#14706=DIRECTION('ref_axis',(-2.44081047432762E-29,3.71352796603441E-15,
-1.));
#14707=DIRECTION('',(-6.98296672221876E-15,1.,3.71352796603441E-15));
#14708=DIRECTION('',(-2.51651995123386E-29,3.82194818328296E-15,-1.));
#14709=DIRECTION('',(-6.98296672221876E-15,1.,3.71352796603441E-15));
#14710=DIRECTION('',(-3.4914833611094E-15,0.500000000000002,-0.866025403784437));
#14711=DIRECTION('center_axis',(1.,6.98296672221876E-15,1.52333746557077E-30));
#14712=DIRECTION('ref_axis',(-2.44081047432762E-29,3.71352796603441E-15,
-1.));
#14713=DIRECTION('center_axis',(6.0474265752228E-15,-0.866025403784437,
-0.500000000000002));
#14714=DIRECTION('ref_axis',(3.4914833611094E-15,-0.500000000000002,0.866025403784437));
#14715=DIRECTION('',(1.,6.98296672221876E-15,1.52333746557077E-30));
#14716=DIRECTION('center_axis',(-2.44081047432763E-29,3.71352796603441E-15,
-1.));
#14717=DIRECTION('ref_axis',(1.,6.98296672221876E-15,1.5233374655707E-30));
#14718=DIRECTION('',(1.,6.98296672221876E-15,1.52333746557077E-30));
#14719=DIRECTION('center_axis',(6.98296672221876E-15,-1.,-3.82194818328296E-15));
#14720=DIRECTION('ref_axis',(2.51651995123386E-29,-3.82194818328296E-15,
1.));
#14721=DIRECTION('',(1.,6.98296672221876E-15,1.52333746557077E-30));
#14722=DIRECTION('center_axis',(-2.44081047432763E-29,3.71352796603441E-15,
-1.));
#14723=DIRECTION('ref_axis',(1.,6.98296672221876E-15,1.5233374655707E-30));
#14724=DIRECTION('center_axis',(-2.4948886721178E-29,3.79097097835481E-15,
-1.));
#14725=DIRECTION('ref_axis',(6.98296672221876E-15,-1.,-3.79097097835481E-15));
#14726=DIRECTION('',(1.,6.98296672221876E-15,1.52333746557077E-30));
#14727=DIRECTION('center_axis',(-2.4948886721178E-29,3.79097097835481E-15,
-1.));
#14728=DIRECTION('ref_axis',(6.98296672221876E-15,-1.,-3.79097097835481E-15));
#14729=DIRECTION('',(1.,6.98296672221876E-15,1.52333746557077E-30));
#14730=DIRECTION('center_axis',(-2.4948886721178E-29,3.79097097835481E-15,
-1.));
#14731=DIRECTION('ref_axis',(6.98296672221876E-15,-1.,-3.79097097835481E-15));
#14732=DIRECTION('',(1.,6.98296672221876E-15,1.52333746557077E-30));
#14733=DIRECTION('center_axis',(-2.4948886721178E-29,3.79097097835481E-15,
-1.));
#14734=DIRECTION('ref_axis',(6.98296672221876E-15,-1.,-3.79097097835481E-15));
#14735=DIRECTION('',(1.,6.98296672221876E-15,1.52333746557077E-30));
#14736=DIRECTION('center_axis',(2.36391803684473E-29,-3.60341368289135E-15,
1.));
#14737=DIRECTION('ref_axis',(-6.98296672221876E-15,1.,3.60341368289135E-15));
#14738=DIRECTION('',(1.,6.98296672221876E-15,1.52333746557077E-30));
#14739=DIRECTION('center_axis',(6.98296672221876E-15,-1.,-6.42403339724817E-15));
#14740=DIRECTION('ref_axis',(4.33354739698352E-29,-6.42403339724817E-15,
1.));
#14741=DIRECTION('center_axis',(2.36391803684473E-29,-3.60341368289135E-15,
1.));
#14742=DIRECTION('ref_axis',(-6.98296672221876E-15,1.,3.60341368289135E-15));
#14743=DIRECTION('',(1.,6.98296672221876E-15,1.52333746557077E-30));
#14744=DIRECTION('center_axis',(6.98296672221876E-15,-1.,-6.42403339724817E-15));
#14745=DIRECTION('ref_axis',(4.33354739698352E-29,-6.42403339724817E-15,
1.));
#14746=DIRECTION('center_axis',(6.98296672221876E-15,-1.,-6.42403339724817E-15));
#14747=DIRECTION('ref_axis',(4.33354739698352E-29,-6.42403339724817E-15,
1.));
#14748=DIRECTION('',(1.,6.98296672221876E-15,1.52333746557077E-30));
#14749=DIRECTION('center_axis',(2.36391803684473E-29,-3.60341368289135E-15,
1.));
#14750=DIRECTION('ref_axis',(-6.98296672221876E-15,1.,3.60341368289135E-15));
#14751=DIRECTION('center_axis',(2.36391803684473E-29,-3.60341368289135E-15,
1.));
#14752=DIRECTION('ref_axis',(-6.98296672221876E-15,1.,3.60341368289135E-15));
#14753=DIRECTION('',(1.,6.98296672221876E-15,1.52333746557077E-30));
#14754=DIRECTION('center_axis',(6.98296672221876E-15,-1.,-6.42403339724817E-15));
#14755=DIRECTION('ref_axis',(4.33354739698352E-29,-6.42403339724817E-15,
1.));
#14756=DIRECTION('',(0.,0.,1.));
#14757=DIRECTION('',(1.,0.,0.));
#14758=DIRECTION('',(0.,0.,1.));
#14759=DIRECTION('',(-1.,3.67394039744206E-16,0.));
#14760=DIRECTION('',(0.,0.,1.));
#14761=DIRECTION('',(-1.,3.67394039744206E-16,0.));
#14762=DIRECTION('',(0.,0.,1.));
#14763=DIRECTION('',(1.,0.,0.));
#14764=DIRECTION('',(0.,0.,1.));
#14765=DIRECTION('',(1.,0.,0.));
#14766=DIRECTION('',(0.,0.,1.));
#14767=DIRECTION('',(-1.,3.67394039744206E-16,0.));
#14768=DIRECTION('',(0.,0.,1.));
#14769=DIRECTION('',(3.06161699786838E-16,1.,0.));
#14770=DIRECTION('',(0.,0.,1.));
#14771=DIRECTION('',(3.06161699786838E-16,1.,0.));
#14772=DIRECTION('',(0.,0.,1.));
#14773=DIRECTION('',(3.06161699786838E-16,1.,0.));
#14774=DIRECTION('',(0.,0.,1.));
#14775=DIRECTION('',(-1.,3.67394039744206E-16,0.));
#14776=DIRECTION('',(0.,0.,1.));
#14777=DIRECTION('',(-1.,3.67394039744206E-16,0.));
#14778=DIRECTION('',(0.,0.,1.));
#14779=DIRECTION('',(-1.,3.67394039744206E-16,0.));
#14780=DIRECTION('',(0.,0.,1.));
#14781=DIRECTION('',(-4.28626379701574E-16,-1.,0.));
#14782=DIRECTION('',(0.,0.,1.));
#14783=DIRECTION('',(1.,0.,0.));
#14784=DIRECTION('',(0.,0.,1.));
#14785=DIRECTION('',(-4.28626379701574E-16,-1.,0.));
#14786=CARTESIAN_POINT('',(0.,0.,0.));
#14787=CARTESIAN_POINT('',(0.,0.,0.));
#14788=CARTESIAN_POINT('Origin',(2.54,15.24,0.));
#14789=CARTESIAN_POINT('',(1.29,15.24,0.));
#14790=CARTESIAN_POINT('Origin',(2.54,15.24,0.));
#14791=CARTESIAN_POINT('',(1.29,15.24,1.57));
#14792=CARTESIAN_POINT('',(1.29,15.24,0.));
#14793=CARTESIAN_POINT('Origin',(2.54,15.24,1.57));
#14794=CARTESIAN_POINT('Origin',(19.05,2.54,0.));
#14795=CARTESIAN_POINT('',(18.55,2.54,0.));
#14796=CARTESIAN_POINT('Origin',(19.05,2.54,0.));
#14797=CARTESIAN_POINT('',(18.55,2.54,1.57));
#14798=CARTESIAN_POINT('',(18.55,2.54,0.));
#14799=CARTESIAN_POINT('Origin',(19.05,2.54,1.57));
#14800=CARTESIAN_POINT('Origin',(13.97,2.54,0.));
#14801=CARTESIAN_POINT('',(13.47,2.54,0.));
#14802=CARTESIAN_POINT('Origin',(13.97,2.54,0.));
#14803=CARTESIAN_POINT('',(13.47,2.54,1.57));
#14804=CARTESIAN_POINT('',(13.47,2.54,0.));
#14805=CARTESIAN_POINT('Origin',(13.97,2.54,1.57));
#14806=CARTESIAN_POINT('Origin',(8.89,2.54,0.));
#14807=CARTESIAN_POINT('',(8.39,2.54,0.));
#14808=CARTESIAN_POINT('Origin',(8.89,2.54,0.));
#14809=CARTESIAN_POINT('',(8.39,2.54,1.57));
#14810=CARTESIAN_POINT('',(8.39,2.54,0.));
#14811=CARTESIAN_POINT('Origin',(8.89,2.54,1.57));
#14812=CARTESIAN_POINT('Origin',(3.81,2.54,0.));
#14813=CARTESIAN_POINT('',(3.31,2.54,0.));
#14814=CARTESIAN_POINT('Origin',(3.81,2.54,0.));
#14815=CARTESIAN_POINT('',(3.31,2.54,1.57));
#14816=CARTESIAN_POINT('',(3.31,2.54,0.));
#14817=CARTESIAN_POINT('Origin',(3.81,2.54,1.57));
#14818=CARTESIAN_POINT('Origin',(22.01,12.026,0.));
#14819=CARTESIAN_POINT('',(21.76,12.026,0.));
#14820=CARTESIAN_POINT('Origin',(22.01,12.026,0.));
#14821=CARTESIAN_POINT('',(21.76,12.026,1.57));
#14822=CARTESIAN_POINT('',(21.76,12.026,0.));
#14823=CARTESIAN_POINT('Origin',(22.01,12.026,1.57));
#14824=CARTESIAN_POINT('Origin',(3.556,6.731,0.));
#14825=CARTESIAN_POINT('',(3.306,6.731,0.));
#14826=CARTESIAN_POINT('Origin',(3.556,6.731,0.));
#14827=CARTESIAN_POINT('',(3.306,6.731,1.57));
#14828=CARTESIAN_POINT('',(3.306,6.731,0.));
#14829=CARTESIAN_POINT('Origin',(3.556,6.731,1.57));
#14830=CARTESIAN_POINT('Origin',(3.81,11.43,0.));
#14831=CARTESIAN_POINT('',(3.56,11.43,0.));
#14832=CARTESIAN_POINT('Origin',(3.81,11.43,0.));
#14833=CARTESIAN_POINT('',(3.56,11.43,1.57));
#14834=CARTESIAN_POINT('',(3.56,11.43,0.));
#14835=CARTESIAN_POINT('Origin',(3.81,11.43,1.57));
#14836=CARTESIAN_POINT('Origin',(3.452,8.024,0.));
#14837=CARTESIAN_POINT('',(3.202,8.024,0.));
#14838=CARTESIAN_POINT('Origin',(3.452,8.024,0.));
#14839=CARTESIAN_POINT('',(3.202,8.024,1.57));
#14840=CARTESIAN_POINT('',(3.202,8.024,0.));
#14841=CARTESIAN_POINT('Origin',(3.452,8.024,1.57));
#14842=CARTESIAN_POINT('Origin',(10.979,6.445,0.));
#14843=CARTESIAN_POINT('',(10.782,6.445,0.));
#14844=CARTESIAN_POINT('Origin',(10.979,6.445,0.));
#14845=CARTESIAN_POINT('',(10.782,6.445,1.57));
#14846=CARTESIAN_POINT('',(10.782,6.445,0.));
#14847=CARTESIAN_POINT('Origin',(10.979,6.445,1.57));
#14848=CARTESIAN_POINT('Origin',(13.287,6.699,0.));
#14849=CARTESIAN_POINT('',(13.09,6.699,0.));
#14850=CARTESIAN_POINT('Origin',(13.287,6.699,0.));
#14851=CARTESIAN_POINT('',(13.09,6.699,1.57));
#14852=CARTESIAN_POINT('',(13.09,6.699,0.));
#14853=CARTESIAN_POINT('Origin',(13.287,6.699,1.57));
#14854=CARTESIAN_POINT('Origin',(21.717,4.953,0.));
#14855=CARTESIAN_POINT('',(21.467,4.953,0.));
#14856=CARTESIAN_POINT('Origin',(21.717,4.953,0.));
#14857=CARTESIAN_POINT('',(21.467,4.953,1.57));
#14858=CARTESIAN_POINT('',(21.467,4.953,0.));
#14859=CARTESIAN_POINT('Origin',(21.717,4.953,1.57));
#14860=CARTESIAN_POINT('Origin',(1.27,8.89,0.));
#14861=CARTESIAN_POINT('',(1.02,8.89,0.));
#14862=CARTESIAN_POINT('Origin',(1.27,8.89,0.));
#14863=CARTESIAN_POINT('',(1.02,8.89,1.57));
#14864=CARTESIAN_POINT('',(1.02,8.89,0.));
#14865=CARTESIAN_POINT('Origin',(1.27,8.89,1.57));
#14866=CARTESIAN_POINT('Origin',(10.668,10.922,0.));
#14867=CARTESIAN_POINT('',(10.418,10.922,0.));
#14868=CARTESIAN_POINT('Origin',(10.668,10.922,0.));
#14869=CARTESIAN_POINT('',(10.418,10.922,1.57));
#14870=CARTESIAN_POINT('',(10.418,10.922,0.));
#14871=CARTESIAN_POINT('Origin',(10.668,10.922,1.57));
#14872=CARTESIAN_POINT('Origin',(22.098,7.239,0.));
#14873=CARTESIAN_POINT('',(21.848,7.239,0.));
#14874=CARTESIAN_POINT('Origin',(22.098,7.239,0.));
#14875=CARTESIAN_POINT('',(21.848,7.239,1.57));
#14876=CARTESIAN_POINT('',(21.848,7.239,0.));
#14877=CARTESIAN_POINT('Origin',(22.098,7.239,1.57));
#14878=CARTESIAN_POINT('Origin',(8.255,13.716,0.));
#14879=CARTESIAN_POINT('',(8.005,13.716,0.));
#14880=CARTESIAN_POINT('Origin',(8.255,13.716,0.));
#14881=CARTESIAN_POINT('',(8.005,13.716,1.57));
#14882=CARTESIAN_POINT('',(8.005,13.716,0.));
#14883=CARTESIAN_POINT('Origin',(8.255,13.716,1.57));
#14884=CARTESIAN_POINT('Origin',(24.638,13.208,0.));
#14885=CARTESIAN_POINT('',(24.388,13.208,0.));
#14886=CARTESIAN_POINT('Origin',(24.638,13.208,0.));
#14887=CARTESIAN_POINT('',(24.388,13.208,1.57));
#14888=CARTESIAN_POINT('',(24.388,13.208,0.));
#14889=CARTESIAN_POINT('Origin',(24.638,13.208,1.57));
#14890=CARTESIAN_POINT('Origin',(11.684,4.826,0.));
#14891=CARTESIAN_POINT('',(11.434,4.826,0.));
#14892=CARTESIAN_POINT('Origin',(11.684,4.826,0.));
#14893=CARTESIAN_POINT('',(11.434,4.826,1.57));
#14894=CARTESIAN_POINT('',(11.434,4.826,0.));
#14895=CARTESIAN_POINT('Origin',(11.684,4.826,1.57));
#14896=CARTESIAN_POINT('Origin',(19.431,11.43,0.));
#14897=CARTESIAN_POINT('',(19.181,11.43,0.));
#14898=CARTESIAN_POINT('Origin',(19.431,11.43,0.));
#14899=CARTESIAN_POINT('',(19.181,11.43,1.57));
#14900=CARTESIAN_POINT('',(19.181,11.43,0.));
#14901=CARTESIAN_POINT('Origin',(19.431,11.43,1.57));
#14902=CARTESIAN_POINT('Origin',(15.113,4.178,0.));
#14903=CARTESIAN_POINT('',(14.8715,4.178,0.));
#14904=CARTESIAN_POINT('Origin',(15.113,4.178,0.));
#14905=CARTESIAN_POINT('',(14.8715,4.178,1.57));
#14906=CARTESIAN_POINT('',(14.8715,4.178,0.));
#14907=CARTESIAN_POINT('Origin',(15.113,4.178,1.57));
#14908=CARTESIAN_POINT('Origin',(14.986,10.16,0.));
#14909=CARTESIAN_POINT('',(14.789,10.16,0.));
#14910=CARTESIAN_POINT('Origin',(14.986,10.16,0.));
#14911=CARTESIAN_POINT('',(14.789,10.16,1.57));
#14912=CARTESIAN_POINT('',(14.789,10.16,0.));
#14913=CARTESIAN_POINT('Origin',(14.986,10.16,1.57));
#14914=CARTESIAN_POINT('Origin',(21.844,9.525,0.));
#14915=CARTESIAN_POINT('',(21.594,9.525,0.));
#14916=CARTESIAN_POINT('Origin',(21.844,9.525,0.));
#14917=CARTESIAN_POINT('',(21.594,9.525,1.57));
#14918=CARTESIAN_POINT('',(21.594,9.525,0.));
#14919=CARTESIAN_POINT('Origin',(21.844,9.525,1.57));
#14920=CARTESIAN_POINT('Origin',(17.253,9.398,0.));
#14921=CARTESIAN_POINT('',(17.003,9.398,0.));
#14922=CARTESIAN_POINT('Origin',(17.253,9.398,0.));
#14923=CARTESIAN_POINT('',(17.003,9.398,1.57));
#14924=CARTESIAN_POINT('',(17.003,9.398,0.));
#14925=CARTESIAN_POINT('Origin',(17.253,9.398,1.57));
#14926=CARTESIAN_POINT('Origin',(12.065,11.049,0.));
#14927=CARTESIAN_POINT('',(11.868,11.049,0.));
#14928=CARTESIAN_POINT('Origin',(12.065,11.049,0.));
#14929=CARTESIAN_POINT('',(11.868,11.049,1.57));
#14930=CARTESIAN_POINT('',(11.868,11.049,0.));
#14931=CARTESIAN_POINT('Origin',(12.065,11.049,1.57));
#14932=CARTESIAN_POINT('Origin',(3.556,9.779,0.));
#14933=CARTESIAN_POINT('',(3.306,9.779,0.));
#14934=CARTESIAN_POINT('Origin',(3.556,9.779,0.));
#14935=CARTESIAN_POINT('',(3.306,9.779,1.57));
#14936=CARTESIAN_POINT('',(3.306,9.779,0.));
#14937=CARTESIAN_POINT('Origin',(3.556,9.779,1.57));
#14938=CARTESIAN_POINT('Origin',(6.35,2.54,0.));
#14939=CARTESIAN_POINT('',(5.85,2.54,0.));
#14940=CARTESIAN_POINT('Origin',(6.35,2.54,0.));
#14941=CARTESIAN_POINT('',(5.85,2.54,1.57));
#14942=CARTESIAN_POINT('',(5.85,2.54,0.));
#14943=CARTESIAN_POINT('Origin',(6.35,2.54,1.57));
#14944=CARTESIAN_POINT('Origin',(11.43,2.54,0.));
#14945=CARTESIAN_POINT('',(10.93,2.54,0.));
#14946=CARTESIAN_POINT('Origin',(11.43,2.54,0.));
#14947=CARTESIAN_POINT('',(10.93,2.54,1.57));
#14948=CARTESIAN_POINT('',(10.93,2.54,0.));
#14949=CARTESIAN_POINT('Origin',(11.43,2.54,1.57));
#14950=CARTESIAN_POINT('Origin',(16.51,2.54,0.));
#14951=CARTESIAN_POINT('',(16.01,2.54,0.));
#14952=CARTESIAN_POINT('Origin',(16.51,2.54,0.));
#14953=CARTESIAN_POINT('',(16.01,2.54,1.57));
#14954=CARTESIAN_POINT('',(16.01,2.54,0.));
#14955=CARTESIAN_POINT('Origin',(16.51,2.54,1.57));
#14956=CARTESIAN_POINT('Origin',(21.59,2.54,0.));
#14957=CARTESIAN_POINT('',(21.09,2.54,0.));
#14958=CARTESIAN_POINT('Origin',(21.59,2.54,0.));
#14959=CARTESIAN_POINT('',(21.09,2.54,1.57));
#14960=CARTESIAN_POINT('',(21.09,2.54,0.));
#14961=CARTESIAN_POINT('Origin',(21.59,2.54,1.57));
#14962=CARTESIAN_POINT('Origin',(22.86,15.24,0.));
#14963=CARTESIAN_POINT('',(21.61,15.24,0.));
#14964=CARTESIAN_POINT('Origin',(22.86,15.24,0.));
#14965=CARTESIAN_POINT('',(21.61,15.24,1.57));
#14966=CARTESIAN_POINT('',(21.61,15.24,0.));
#14967=CARTESIAN_POINT('Origin',(22.86,15.24,1.57));
#14968=CARTESIAN_POINT('Origin',(22.86,17.78,0.));
#14969=CARTESIAN_POINT('',(22.86,17.78,0.));
#14970=CARTESIAN_POINT('',(2.54,17.78,0.));
#14971=CARTESIAN_POINT('',(22.86,17.78,0.));
#14972=CARTESIAN_POINT('',(2.54,17.78,1.57));
#14973=CARTESIAN_POINT('',(2.54,17.78,0.));
#14974=CARTESIAN_POINT('',(22.86,17.78,1.57));
#14975=CARTESIAN_POINT('',(22.86,17.78,1.57));
#14976=CARTESIAN_POINT('',(22.86,17.78,0.));
#14977=CARTESIAN_POINT('Origin',(22.86,15.24,0.));
#14978=CARTESIAN_POINT('',(25.4,15.24,0.));
#14979=CARTESIAN_POINT('Origin',(22.86,15.24,0.));
#14980=CARTESIAN_POINT('',(25.4,15.24,1.57));
#14981=CARTESIAN_POINT('Origin',(22.86,15.24,1.57));
#14982=CARTESIAN_POINT('',(25.4,15.24,0.));
#14983=CARTESIAN_POINT('Origin',(25.4,2.54,0.));
#14984=CARTESIAN_POINT('',(25.4,2.54,0.));
#14985=CARTESIAN_POINT('',(25.4,2.54,0.));
#14986=CARTESIAN_POINT('',(25.4,2.54,1.57));
#14987=CARTESIAN_POINT('',(25.4,2.54,1.57));
#14988=CARTESIAN_POINT('',(25.4,2.54,0.));
#14989=CARTESIAN_POINT('Origin',(22.86,2.54,0.));
#14990=CARTESIAN_POINT('',(22.86,0.,0.));
#14991=CARTESIAN_POINT('Origin',(22.86,2.54,0.));
#14992=CARTESIAN_POINT('',(22.86,0.,1.57));
#14993=CARTESIAN_POINT('Origin',(22.86,2.54,1.57));
#14994=CARTESIAN_POINT('',(22.86,0.,0.));
#14995=CARTESIAN_POINT('Origin',(2.54,0.,0.));
#14996=CARTESIAN_POINT('',(2.54,0.,0.));
#14997=CARTESIAN_POINT('',(2.54,0.,0.));
#14998=CARTESIAN_POINT('',(2.54,0.,1.57));
#14999=CARTESIAN_POINT('',(2.54,0.,1.57));
#15000=CARTESIAN_POINT('',(2.54,0.,0.));
#15001=CARTESIAN_POINT('Origin',(2.54,2.54,0.));
#15002=CARTESIAN_POINT('',(0.,2.54,0.));
#15003=CARTESIAN_POINT('Origin',(2.54,2.54,0.));
#15004=CARTESIAN_POINT('',(0.,2.54,1.57));
#15005=CARTESIAN_POINT('Origin',(2.54,2.54,1.57));
#15006=CARTESIAN_POINT('',(0.,2.54,0.));
#15007=CARTESIAN_POINT('Origin',(0.,15.24,0.));
#15008=CARTESIAN_POINT('',(1.11022302462516E-15,15.24,0.));
#15009=CARTESIAN_POINT('',(0.,15.24,0.));
#15010=CARTESIAN_POINT('',(1.11022302462516E-15,15.24,1.57));
#15011=CARTESIAN_POINT('',(0.,15.24,1.57));
#15012=CARTESIAN_POINT('',(1.11022302462516E-15,15.24,0.));
#15013=CARTESIAN_POINT('Origin',(2.54,15.24,0.));
#15014=CARTESIAN_POINT('Origin',(2.54,15.24,0.));
#15015=CARTESIAN_POINT('Origin',(2.54,15.24,1.57));
#15016=CARTESIAN_POINT('Origin',(12.7,8.89,1.57));
#15017=CARTESIAN_POINT('Origin',(12.7,8.89,0.));
#15018=CARTESIAN_POINT('',(0.,0.,0.));
#15019=CARTESIAN_POINT('Origin',(-0.93,-0.2,0.7));
#15020=CARTESIAN_POINT('',(-0.9,-0.2,0.7));
#15021=CARTESIAN_POINT('',(-0.93,-0.2,0.7));
#15022=CARTESIAN_POINT('',(-0.9,-0.2,0.7));
#15023=CARTESIAN_POINT('',(-0.9,0.2,0.7));
#15024=CARTESIAN_POINT('',(-0.9,0.,0.7));
#15025=CARTESIAN_POINT('',(-0.93,0.2,0.7));
#15026=CARTESIAN_POINT('',(-0.9,0.2,0.7));
#15027=CARTESIAN_POINT('',(-0.93,-0.2,0.7));
#15028=CARTESIAN_POINT('Origin',(-0.93,-0.2,0.5));
#15029=CARTESIAN_POINT('',(-1.13,-0.2,0.5));
#15030=CARTESIAN_POINT('Origin',(-0.93,-0.2,0.5));
#15031=CARTESIAN_POINT('',(-1.13,0.2,0.5));
#15032=CARTESIAN_POINT('Origin',(-0.93,0.2,0.5));
#15033=CARTESIAN_POINT('',(-1.13,-0.2,0.5));
#15034=CARTESIAN_POINT('Origin',(-1.13,-0.2,0.2));
#15035=CARTESIAN_POINT('',(-1.13,-0.2,0.2));
#15036=CARTESIAN_POINT('',(-1.13,-0.2,0.5));
#15037=CARTESIAN_POINT('',(-1.13,0.2,0.2));
#15038=CARTESIAN_POINT('',(-1.13,0.2,0.5));
#15039=CARTESIAN_POINT('',(-1.13,-0.2,0.2));
#15040=CARTESIAN_POINT('Origin',(-1.18,-0.2,0.2));
#15041=CARTESIAN_POINT('',(-1.18,-0.2,0.15));
#15042=CARTESIAN_POINT('Origin',(-1.18,-0.2,0.2));
#15043=CARTESIAN_POINT('',(-1.18,0.2,0.15));
#15044=CARTESIAN_POINT('Origin',(-1.18,0.2,0.2));
#15045=CARTESIAN_POINT('',(-1.18,-0.2,0.15));
#15046=CARTESIAN_POINT('Origin',(-1.35,-0.2,0.15));
#15047=CARTESIAN_POINT('',(-1.35,-0.2,0.15));
#15048=CARTESIAN_POINT('',(-1.18,-0.2,0.15));
#15049=CARTESIAN_POINT('',(-1.35,0.2,0.15));
#15050=CARTESIAN_POINT('',(-1.18,0.2,0.15));
#15051=CARTESIAN_POINT('',(-1.35,-0.2,0.15));
#15052=CARTESIAN_POINT('Origin',(-1.35,-0.2,0.));
#15053=CARTESIAN_POINT('',(-1.35,-0.2,0.));
#15054=CARTESIAN_POINT('',(-1.35,-0.2,0.15));
#15055=CARTESIAN_POINT('',(-1.35,0.2,0.));
#15056=CARTESIAN_POINT('',(-1.35,0.2,0.15));
#15057=CARTESIAN_POINT('',(-1.35,-0.2,0.));
#15058=CARTESIAN_POINT('Origin',(-1.18,-0.2,0.));
#15059=CARTESIAN_POINT('',(-1.18,-0.2,0.));
#15060=CARTESIAN_POINT('',(-1.35,-0.2,0.));
#15061=CARTESIAN_POINT('',(-1.18,0.2,0.));
#15062=CARTESIAN_POINT('',(-1.35,0.2,0.));
#15063=CARTESIAN_POINT('',(-1.18,-0.2,0.));
#15064=CARTESIAN_POINT('Origin',(-1.18,-0.2,0.2));
#15065=CARTESIAN_POINT('',(-0.98,-0.2,0.2));
#15066=CARTESIAN_POINT('Origin',(-1.18,-0.2,0.2));
#15067=CARTESIAN_POINT('',(-0.98,0.2,0.2));
#15068=CARTESIAN_POINT('Origin',(-1.18,0.2,0.2));
#15069=CARTESIAN_POINT('',(-0.98,-0.2,0.2));
#15070=CARTESIAN_POINT('Origin',(-0.98,-0.2,0.5));
#15071=CARTESIAN_POINT('',(-0.98,-0.2,0.5));
#15072=CARTESIAN_POINT('',(-0.98,-0.2,0.2));
#15073=CARTESIAN_POINT('',(-0.98,0.2,0.5));
#15074=CARTESIAN_POINT('',(-0.98,0.2,0.2));
#15075=CARTESIAN_POINT('',(-0.98,-0.2,0.5));
#15076=CARTESIAN_POINT('Origin',(-0.93,-0.2,0.5));
#15077=CARTESIAN_POINT('',(-0.93,-0.2,0.55));
#15078=CARTESIAN_POINT('Origin',(-0.93,-0.2,0.5));
#15079=CARTESIAN_POINT('',(-0.93,0.2,0.55));
#15080=CARTESIAN_POINT('Origin',(-0.93,0.2,0.5));
#15081=CARTESIAN_POINT('',(-0.93,-0.2,0.55));
#15082=CARTESIAN_POINT('Origin',(-0.9,-0.2,0.55));
#15083=CARTESIAN_POINT('',(-0.9,-0.2,0.55));
#15084=CARTESIAN_POINT('',(-0.93,-0.2,0.55));
#15085=CARTESIAN_POINT('',(-0.9,0.2,0.55));
#15086=CARTESIAN_POINT('',(-0.93,0.2,0.55));
#15087=CARTESIAN_POINT('',(-0.9,0.,0.55));
#15088=CARTESIAN_POINT('Origin',(-0.9,-0.2,0.7));
#15089=CARTESIAN_POINT('',(-0.9,-0.2,0.6625));
#15090=CARTESIAN_POINT('Origin',(-0.9,0.2,0.7));
#15091=CARTESIAN_POINT('',(-0.9,0.2,0.6625));
#15092=CARTESIAN_POINT('Origin',(-0.9,0.,0.625));
#15093=CARTESIAN_POINT('',(-0.9,0.675,0.7));
#15094=CARTESIAN_POINT('',(-0.9,0.,0.7));
#15095=CARTESIAN_POINT('',(-0.9,0.675,0.55));
#15096=CARTESIAN_POINT('',(-0.9,0.675,0.625));
#15097=CARTESIAN_POINT('',(-0.9,0.,0.55));
#15098=CARTESIAN_POINT('Origin',(-0.9,0.,0.625));
#15099=CARTESIAN_POINT('',(-0.9,-0.675,0.55));
#15100=CARTESIAN_POINT('',(-0.9,0.,0.55));
#15101=CARTESIAN_POINT('',(-0.9,-0.675,0.7));
#15102=CARTESIAN_POINT('',(-0.9,-0.675,0.625));
#15103=CARTESIAN_POINT('',(-0.9,0.,0.7));
#15104=CARTESIAN_POINT('Origin',(0.93,0.2,0.7));
#15105=CARTESIAN_POINT('',(0.9,0.2,0.7));
#15106=CARTESIAN_POINT('',(0.93,0.2,0.7));
#15107=CARTESIAN_POINT('',(0.9,0.2,0.7));
#15108=CARTESIAN_POINT('',(0.9,-0.2,0.7));
#15109=CARTESIAN_POINT('',(0.9,0.,0.7));
#15110=CARTESIAN_POINT('',(0.93,-0.2,0.7));
#15111=CARTESIAN_POINT('',(0.9,-0.2,0.7));
#15112=CARTESIAN_POINT('',(0.93,0.2,0.7));
#15113=CARTESIAN_POINT('Origin',(0.93,0.2,0.5));
#15114=CARTESIAN_POINT('',(1.13,0.2,0.5));
#15115=CARTESIAN_POINT('Origin',(0.93,0.2,0.5));
#15116=CARTESIAN_POINT('',(1.13,-0.2,0.5));
#15117=CARTESIAN_POINT('Origin',(0.93,-0.2,0.5));
#15118=CARTESIAN_POINT('',(1.13,0.2,0.5));
#15119=CARTESIAN_POINT('Origin',(1.13,0.2,0.2));
#15120=CARTESIAN_POINT('',(1.13,0.2,0.2));
#15121=CARTESIAN_POINT('',(1.13,0.2,0.5));
#15122=CARTESIAN_POINT('',(1.13,-0.2,0.2));
#15123=CARTESIAN_POINT('',(1.13,-0.2,0.5));
#15124=CARTESIAN_POINT('',(1.13,0.2,0.2));
#15125=CARTESIAN_POINT('Origin',(1.18,0.2,0.2));
#15126=CARTESIAN_POINT('',(1.18,0.2,0.15));
#15127=CARTESIAN_POINT('Origin',(1.18,0.2,0.2));
#15128=CARTESIAN_POINT('',(1.18,-0.2,0.15));
#15129=CARTESIAN_POINT('Origin',(1.18,-0.2,0.2));
#15130=CARTESIAN_POINT('',(1.18,0.2,0.15));
#15131=CARTESIAN_POINT('Origin',(1.35,0.2,0.15));
#15132=CARTESIAN_POINT('',(1.35,0.2,0.15));
#15133=CARTESIAN_POINT('',(1.18,0.2,0.15));
#15134=CARTESIAN_POINT('',(1.35,-0.2,0.15));
#15135=CARTESIAN_POINT('',(1.18,-0.2,0.15));
#15136=CARTESIAN_POINT('',(1.35,0.2,0.15));
#15137=CARTESIAN_POINT('Origin',(1.35,0.2,0.));
#15138=CARTESIAN_POINT('',(1.35,0.2,0.));
#15139=CARTESIAN_POINT('',(1.35,0.2,0.15));
#15140=CARTESIAN_POINT('',(1.35,-0.2,0.));
#15141=CARTESIAN_POINT('',(1.35,-0.2,0.15));
#15142=CARTESIAN_POINT('',(1.35,0.2,0.));
#15143=CARTESIAN_POINT('Origin',(1.18,0.2,0.));
#15144=CARTESIAN_POINT('',(1.18,0.2,0.));
#15145=CARTESIAN_POINT('',(1.35,0.2,0.));
#15146=CARTESIAN_POINT('',(1.18,-0.2,0.));
#15147=CARTESIAN_POINT('',(1.35,-0.2,0.));
#15148=CARTESIAN_POINT('',(1.18,0.2,0.));
#15149=CARTESIAN_POINT('Origin',(1.18,0.2,0.2));
#15150=CARTESIAN_POINT('',(0.98,0.2,0.2));
#15151=CARTESIAN_POINT('Origin',(1.18,0.2,0.2));
#15152=CARTESIAN_POINT('',(0.98,-0.2,0.2));
#15153=CARTESIAN_POINT('Origin',(1.18,-0.2,0.2));
#15154=CARTESIAN_POINT('',(0.98,0.2,0.2));
#15155=CARTESIAN_POINT('Origin',(0.98,0.2,0.5));
#15156=CARTESIAN_POINT('',(0.98,0.2,0.5));
#15157=CARTESIAN_POINT('',(0.98,0.2,0.2));
#15158=CARTESIAN_POINT('',(0.98,-0.2,0.5));
#15159=CARTESIAN_POINT('',(0.98,-0.2,0.2));
#15160=CARTESIAN_POINT('',(0.98,0.2,0.5));
#15161=CARTESIAN_POINT('Origin',(0.93,0.2,0.5));
#15162=CARTESIAN_POINT('',(0.93,0.2,0.55));
#15163=CARTESIAN_POINT('Origin',(0.93,0.2,0.5));
#15164=CARTESIAN_POINT('',(0.93,-0.2,0.55));
#15165=CARTESIAN_POINT('Origin',(0.93,-0.2,0.5));
#15166=CARTESIAN_POINT('',(0.93,0.2,0.55));
#15167=CARTESIAN_POINT('Origin',(0.9,0.2,0.55));
#15168=CARTESIAN_POINT('',(0.9,0.2,0.55));
#15169=CARTESIAN_POINT('',(0.93,0.2,0.55));
#15170=CARTESIAN_POINT('',(0.9,-0.2,0.55));
#15171=CARTESIAN_POINT('',(0.93,-0.2,0.55));
#15172=CARTESIAN_POINT('',(0.9,0.,0.55));
#15173=CARTESIAN_POINT('Origin',(0.9,0.2,0.7));
#15174=CARTESIAN_POINT('',(0.9,0.2,0.6625));
#15175=CARTESIAN_POINT('Origin',(0.9,-0.2,0.7));
#15176=CARTESIAN_POINT('',(0.9,-0.2,0.6625));
#15177=CARTESIAN_POINT('Origin',(0.9,0.,0.625));
#15178=CARTESIAN_POINT('',(0.9,-0.675,0.7));
#15179=CARTESIAN_POINT('',(0.9,0.,0.7));
#15180=CARTESIAN_POINT('',(0.9,-0.675,0.55));
#15181=CARTESIAN_POINT('',(0.9,-0.675,0.625));
#15182=CARTESIAN_POINT('',(0.9,0.,0.55));
#15183=CARTESIAN_POINT('Origin',(0.9,0.,0.625));
#15184=CARTESIAN_POINT('',(0.9,0.675,0.55));
#15185=CARTESIAN_POINT('',(0.9,0.,0.55));
#15186=CARTESIAN_POINT('',(0.9,0.675,0.7));
#15187=CARTESIAN_POINT('',(0.9,0.675,0.625));
#15188=CARTESIAN_POINT('',(0.9,0.,0.7));
#15189=CARTESIAN_POINT('Origin',(-0.871891833059522,0.,0.35));
#15190=CARTESIAN_POINT('',(-0.843783666119043,0.675,0.15));
#15191=CARTESIAN_POINT('',(-0.882397998537451,0.675,0.424755251740019));
#15192=CARTESIAN_POINT('',(-0.843783666119043,-0.675,0.15));
#15193=CARTESIAN_POINT('',(-0.843783666119043,0.,0.15));
#15194=CARTESIAN_POINT('',(-0.882397998537451,-0.675,0.424755251740019));
#15195=CARTESIAN_POINT('Origin',(0.,-0.675,0.625));
#15196=CARTESIAN_POINT('',(0.843783666119044,-0.675,0.15));
#15197=CARTESIAN_POINT('',(0.,-0.675,0.15));
#15198=CARTESIAN_POINT('',(0.882397998537451,-0.675,0.424755251740019));
#15199=CARTESIAN_POINT('',(0.843783666119044,-0.675,1.1));
#15200=CARTESIAN_POINT('',(0.882397998537451,-0.675,0.825244748259981));
#15201=CARTESIAN_POINT('',(-0.843783666119043,-0.675,1.1));
#15202=CARTESIAN_POINT('',(0.,-0.675,1.1));
#15203=CARTESIAN_POINT('',(-0.882397998537451,-0.675,0.825244748259982));
#15204=CARTESIAN_POINT('Origin',(0.,0.,0.15));
#15205=CARTESIAN_POINT('',(0.843783666119044,0.675,0.15));
#15206=CARTESIAN_POINT('',(0.,0.675,0.15));
#15207=CARTESIAN_POINT('',(0.843783666119044,0.,0.15));
#15208=CARTESIAN_POINT('Origin',(0.871891833059522,0.,0.35));
#15209=CARTESIAN_POINT('',(0.882397998537451,0.675,0.424755251740019));
#15210=CARTESIAN_POINT('Origin',(-0.871891833059522,0.,0.9));
#15211=CARTESIAN_POINT('',(-0.843783666119043,0.675,1.1));
#15212=CARTESIAN_POINT('',(-0.882397998537451,0.675,0.825244748259981));
#15213=CARTESIAN_POINT('',(-0.843783666119043,1.11022302462516E-16,1.1));
#15214=CARTESIAN_POINT('Origin',(0.,0.675,0.625));
#15215=CARTESIAN_POINT('',(0.843783666119044,0.675,1.1));
#15216=CARTESIAN_POINT('',(0.,0.675,1.1));
#15217=CARTESIAN_POINT('',(0.882397998537451,0.675,0.825244748259981));
#15218=CARTESIAN_POINT('Origin',(0.,1.11022302462516E-16,1.1));
#15219=CARTESIAN_POINT('',(0.843783666119044,1.11022302462516E-16,1.1));
#15220=CARTESIAN_POINT('Origin',(0.871891833059522,0.,0.9));
#15221=CARTESIAN_POINT('',(0.,0.,0.));
#15222=CARTESIAN_POINT('Origin',(-1.5,0.85,0.75));
#15223=CARTESIAN_POINT('',(1.2,0.834615384615,0.65));
#15224=CARTESIAN_POINT('',(0.7,0.834615384615,0.65));
#15225=CARTESIAN_POINT('',(1.2,0.834615384615,0.65));
#15226=CARTESIAN_POINT('',(1.2,0.85,0.75));
#15227=CARTESIAN_POINT('',(1.2,0.85,0.75));
#15228=CARTESIAN_POINT('',(1.5,0.85,0.75));
#15229=CARTESIAN_POINT('',(-1.5,0.85,0.75));
#15230=CARTESIAN_POINT('',(1.4,0.75,0.1));
#15231=CARTESIAN_POINT('',(1.432203389831,0.782203389831,0.309322033898));
#15232=CARTESIAN_POINT('',(-1.4,0.75,0.1));
#15233=CARTESIAN_POINT('',(1.5,0.75,0.1));
#15234=CARTESIAN_POINT('',(-1.5,0.85,0.75));
#15235=CARTESIAN_POINT('',(-1.461581920904,0.811581920904,0.500282485876));
#15236=CARTESIAN_POINT('',(-1.2,0.85,0.75));
#15237=CARTESIAN_POINT('',(-1.5,0.85,0.75));
#15238=CARTESIAN_POINT('',(-1.2,0.834615384615,0.65));
#15239=CARTESIAN_POINT('',(-1.2,0.85,0.75));
#15240=CARTESIAN_POINT('',(-0.7,0.834615384615,0.65));
#15241=CARTESIAN_POINT('',(-0.7,0.834615384615,0.65));
#15242=CARTESIAN_POINT('',(-0.7,0.85,0.75));
#15243=CARTESIAN_POINT('',(-0.7,0.85,0.75));
#15244=CARTESIAN_POINT('',(0.7,0.85,0.75));
#15245=CARTESIAN_POINT('',(-1.5,0.85,0.75));
#15246=CARTESIAN_POINT('',(0.7,0.85,0.75));
#15247=CARTESIAN_POINT('Origin',(-1.5,-0.85,0.75));
#15248=CARTESIAN_POINT('',(1.5,-0.85,0.75));
#15249=CARTESIAN_POINT('',(1.2,-0.85,0.75));
#15250=CARTESIAN_POINT('',(-1.5,-0.85,0.75));
#15251=CARTESIAN_POINT('',(1.2,-0.834615384615,0.65));
#15252=CARTESIAN_POINT('',(1.2,-0.85,0.75));
#15253=CARTESIAN_POINT('',(0.7,-0.834615384615,0.65));
#15254=CARTESIAN_POINT('',(1.2,-0.834615384615,0.65));
#15255=CARTESIAN_POINT('',(0.7,-0.85,0.75));
#15256=CARTESIAN_POINT('',(0.7,-0.85,0.75));
#15257=CARTESIAN_POINT('',(0.25,-0.85,0.75));
#15258=CARTESIAN_POINT('',(-1.5,-0.85,0.75));
#15259=CARTESIAN_POINT('',(0.25,-0.834615384615,0.65));
#15260=CARTESIAN_POINT('',(0.25,-0.85,0.75));
#15261=CARTESIAN_POINT('',(-0.25,-0.834615384615,0.65));
#15262=CARTESIAN_POINT('',(0.25,-0.834615384615,0.65));
#15263=CARTESIAN_POINT('',(-0.25,-0.85,0.75));
#15264=CARTESIAN_POINT('',(-0.25,-0.85,0.75));
#15265=CARTESIAN_POINT('',(-0.7,-0.85,0.75));
#15266=CARTESIAN_POINT('',(-1.5,-0.85,0.75));
#15267=CARTESIAN_POINT('',(-0.7,-0.834615384615,0.65));
#15268=CARTESIAN_POINT('',(-0.7,-0.85,0.75));
#15269=CARTESIAN_POINT('',(-1.2,-0.834615384615,0.65));
#15270=CARTESIAN_POINT('',(-0.7,-0.834615384615,0.65));
#15271=CARTESIAN_POINT('',(-1.2,-0.85,0.75));
#15272=CARTESIAN_POINT('',(-1.2,-0.85,0.75));
#15273=CARTESIAN_POINT('',(-1.5,-0.85,0.75));
#15274=CARTESIAN_POINT('',(-1.5,-0.85,0.75));
#15275=CARTESIAN_POINT('',(-1.4,-0.75,0.1));
#15276=CARTESIAN_POINT('',(-1.5,-0.85,0.75));
#15277=CARTESIAN_POINT('',(1.4,-0.75,0.1));
#15278=CARTESIAN_POINT('',(-1.5,-0.75,0.1));
#15279=CARTESIAN_POINT('',(1.5,-0.85,0.75));
#15280=CARTESIAN_POINT('Origin',(0.,0.,1.4));
#15281=CARTESIAN_POINT('',(1.4,-0.75,1.4));
#15282=CARTESIAN_POINT('',(1.4,0.75,1.4));
#15283=CARTESIAN_POINT('',(1.4,0.,1.4));
#15284=CARTESIAN_POINT('',(-1.4,0.75,1.4));
#15285=CARTESIAN_POINT('',(0.,0.75,1.4));
#15286=CARTESIAN_POINT('',(-1.4,-0.75,1.4));
#15287=CARTESIAN_POINT('',(-1.4,0.,1.4));
#15288=CARTESIAN_POINT('',(0.,-0.75,1.4));
#15289=CARTESIAN_POINT('Origin',(0.,0.,0.1));
#15290=CARTESIAN_POINT('',(1.4,-0.85,0.1));
#15291=CARTESIAN_POINT('',(-1.4,0.85,0.1));
#15292=CARTESIAN_POINT('Origin',(0.,-0.75,1.4));
#15293=CARTESIAN_POINT('',(-1.383050847458,-0.733050847458,1.510169491525));
#15294=CARTESIAN_POINT('',(-1.5,-0.85,0.75));
#15295=CARTESIAN_POINT('',(-1.5,-0.85,0.75));
#15296=CARTESIAN_POINT('',(-1.5,-0.85,0.75));
#15297=CARTESIAN_POINT('',(1.368361581921,-0.718361581921,1.605649717514));
#15298=CARTESIAN_POINT('Origin',(1.4,0.,1.4));
#15299=CARTESIAN_POINT('',(1.5,-0.85,0.75));
#15300=CARTESIAN_POINT('',(1.383050847458,0.733050847458,1.510169491525));
#15301=CARTESIAN_POINT('Origin',(-1.4,0.,1.4));
#15302=CARTESIAN_POINT('',(-1.383050847458,0.733050847458,1.510169491525));
#15303=CARTESIAN_POINT('',(-1.5,-0.85,0.75));
#15304=CARTESIAN_POINT('Origin',(0.,0.75,1.4));
#15305=CARTESIAN_POINT('',(-1.5,0.85,0.75));
#15306=CARTESIAN_POINT('',(-1.5,0.85,0.75));
#15307=CARTESIAN_POINT('Origin',(-1.5,-0.85,0.75));
#15308=CARTESIAN_POINT('Origin',(1.5,-0.85,0.75));
#15309=CARTESIAN_POINT('Origin',(-0.7,-1.3,0.1));
#15310=CARTESIAN_POINT('',(-1.2,-1.3,0.1));
#15311=CARTESIAN_POINT('',(-1.2,-1.5,0.1));
#15312=CARTESIAN_POINT('',(-1.2,-1.3,0.1));
#15313=CARTESIAN_POINT('',(-0.7,-1.5,0.1));
#15314=CARTESIAN_POINT('',(-0.7,-1.5,0.1));
#15315=CARTESIAN_POINT('',(-0.7,-1.3,0.1));
#15316=CARTESIAN_POINT('',(-0.7,-1.3,0.1));
#15317=CARTESIAN_POINT('',(-0.7,-1.3,0.1));
#15318=CARTESIAN_POINT('Origin',(-0.7,-1.5,0.));
#15319=CARTESIAN_POINT('',(-1.2,-1.5,0.));
#15320=CARTESIAN_POINT('',(-1.2,-1.5,0.));
#15321=CARTESIAN_POINT('',(-0.7,-1.5,0.));
#15322=CARTESIAN_POINT('',(-0.7,-1.5,0.));
#15323=CARTESIAN_POINT('',(-0.7,-1.5,0.));
#15324=CARTESIAN_POINT('Origin',(-0.7,-1.3,0.));
#15325=CARTESIAN_POINT('',(-1.2,-1.3,0.));
#15326=CARTESIAN_POINT('',(-1.2,-1.3,0.));
#15327=CARTESIAN_POINT('',(-0.7,-1.3,0.));
#15328=CARTESIAN_POINT('',(-0.7,-1.3,0.));
#15329=CARTESIAN_POINT('',(-0.7,-1.3,0.));
#15330=CARTESIAN_POINT('Origin',(-0.7,-1.3,0.2));
#15331=CARTESIAN_POINT('',(-1.2,-1.1,0.2));
#15332=CARTESIAN_POINT('Origin',(-1.2,-1.3,0.2));
#15333=CARTESIAN_POINT('',(-0.7,-1.1,0.2));
#15334=CARTESIAN_POINT('',(-0.7,-1.1,0.2));
#15335=CARTESIAN_POINT('Origin',(-0.7,-1.3,0.2));
#15336=CARTESIAN_POINT('Origin',(-0.7,-1.1,0.55));
#15337=CARTESIAN_POINT('',(-1.2,-1.1,0.55));
#15338=CARTESIAN_POINT('',(-1.2,-1.1,0.55));
#15339=CARTESIAN_POINT('',(-0.7,-1.1,0.55));
#15340=CARTESIAN_POINT('',(-0.7,-1.1,0.55));
#15341=CARTESIAN_POINT('',(-0.7,-1.1,0.55));
#15342=CARTESIAN_POINT('Origin',(-0.7,-1.,0.55));
#15343=CARTESIAN_POINT('',(-1.2,-1.,0.65));
#15344=CARTESIAN_POINT('Origin',(-1.2,-1.,0.55));
#15345=CARTESIAN_POINT('',(-0.7,-1.,0.65));
#15346=CARTESIAN_POINT('',(-0.7,-1.,0.65));
#15347=CARTESIAN_POINT('Origin',(-0.7,-1.,0.55));
#15348=CARTESIAN_POINT('Origin',(-0.7,-0.834615384615,0.65));
#15349=CARTESIAN_POINT('',(-1.2,-0.834615384615,0.65));
#15350=CARTESIAN_POINT('',(-0.7,-0.834615384615,0.65));
#15351=CARTESIAN_POINT('Origin',(-0.7,-0.834615384615,0.75));
#15352=CARTESIAN_POINT('',(-1.2,-1.,0.75));
#15353=CARTESIAN_POINT('',(-1.2,-0.834615384615,0.75));
#15354=CARTESIAN_POINT('',(-0.7,-1.,0.75));
#15355=CARTESIAN_POINT('',(-0.7,-1.,0.75));
#15356=CARTESIAN_POINT('',(-0.7,-0.834615384615,0.75));
#15357=CARTESIAN_POINT('Origin',(-0.7,-1.,0.55));
#15358=CARTESIAN_POINT('',(-1.2,-1.2,0.55));
#15359=CARTESIAN_POINT('Origin',(-1.2,-1.,0.55));
#15360=CARTESIAN_POINT('',(-0.7,-1.2,0.55));
#15361=CARTESIAN_POINT('',(-0.7,-1.2,0.55));
#15362=CARTESIAN_POINT('Origin',(-0.7,-1.,0.55));
#15363=CARTESIAN_POINT('Origin',(-0.7,-1.2,0.55));
#15364=CARTESIAN_POINT('',(-1.2,-1.2,0.2));
#15365=CARTESIAN_POINT('',(-1.2,-1.2,0.55));
#15366=CARTESIAN_POINT('',(-0.7,-1.2,0.2));
#15367=CARTESIAN_POINT('',(-0.7,-1.2,0.2));
#15368=CARTESIAN_POINT('',(-0.7,-1.2,0.55));
#15369=CARTESIAN_POINT('Origin',(-0.7,-1.3,0.2));
#15370=CARTESIAN_POINT('Origin',(-1.2,-1.3,0.2));
#15371=CARTESIAN_POINT('Origin',(-0.7,-1.3,0.2));
#15372=CARTESIAN_POINT('Origin',(-0.7,-1.3,0.2));
#15373=CARTESIAN_POINT('Origin',(-1.2,-1.3,0.2));
#15374=CARTESIAN_POINT('Origin',(-0.7,1.3,0.1));
#15375=CARTESIAN_POINT('',(-1.2,1.3,0.1));
#15376=CARTESIAN_POINT('',(-1.2,1.5,0.1));
#15377=CARTESIAN_POINT('',(-1.2,1.3,0.1));
#15378=CARTESIAN_POINT('',(-0.7,1.3,0.1));
#15379=CARTESIAN_POINT('',(-0.7,1.3,0.1));
#15380=CARTESIAN_POINT('',(-0.7,1.5,0.1));
#15381=CARTESIAN_POINT('',(-0.7,1.3,0.1));
#15382=CARTESIAN_POINT('',(-0.7,1.5,0.1));
#15383=CARTESIAN_POINT('Origin',(-0.7,1.3,0.2));
#15384=CARTESIAN_POINT('',(-1.2,1.2,0.2));
#15385=CARTESIAN_POINT('Origin',(-1.2,1.3,0.2));
#15386=CARTESIAN_POINT('',(-0.7,1.2,0.2));
#15387=CARTESIAN_POINT('',(-0.7,1.2,0.2));
#15388=CARTESIAN_POINT('Origin',(-0.7,1.3,0.2));
#15389=CARTESIAN_POINT('Origin',(-0.7,1.2,0.55));
#15390=CARTESIAN_POINT('',(-1.2,1.2,0.55));
#15391=CARTESIAN_POINT('',(-1.2,1.2,0.55));
#15392=CARTESIAN_POINT('',(-0.7,1.2,0.55));
#15393=CARTESIAN_POINT('',(-0.7,1.2,0.55));
#15394=CARTESIAN_POINT('',(-0.7,1.2,0.55));
#15395=CARTESIAN_POINT('Origin',(-0.7,1.,0.55));
#15396=CARTESIAN_POINT('',(-1.2,1.,0.75));
#15397=CARTESIAN_POINT('Origin',(-1.2,1.,0.55));
#15398=CARTESIAN_POINT('',(-0.7,1.,0.75));
#15399=CARTESIAN_POINT('',(-0.7,1.,0.75));
#15400=CARTESIAN_POINT('Origin',(-0.7,1.,0.55));
#15401=CARTESIAN_POINT('Origin',(-0.7,0.834615384615,0.75));
#15402=CARTESIAN_POINT('',(-1.2,0.834615384615,0.75));
#15403=CARTESIAN_POINT('',(-0.7,0.834615384615,0.75));
#15404=CARTESIAN_POINT('Origin',(-0.7,0.834615384615,0.65));
#15405=CARTESIAN_POINT('',(-1.2,1.,0.65));
#15406=CARTESIAN_POINT('',(-1.2,0.834615384615,0.65));
#15407=CARTESIAN_POINT('',(-0.7,1.,0.65));
#15408=CARTESIAN_POINT('',(-0.7,1.,0.65));
#15409=CARTESIAN_POINT('',(-0.7,0.834615384615,0.65));
#15410=CARTESIAN_POINT('Origin',(-0.7,1.,0.55));
#15411=CARTESIAN_POINT('',(-1.2,1.1,0.55));
#15412=CARTESIAN_POINT('Origin',(-1.2,1.,0.55));
#15413=CARTESIAN_POINT('',(-0.7,1.1,0.55));
#15414=CARTESIAN_POINT('',(-0.7,1.1,0.55));
#15415=CARTESIAN_POINT('Origin',(-0.7,1.,0.55));
#15416=CARTESIAN_POINT('Origin',(-0.7,1.1,0.55));
#15417=CARTESIAN_POINT('',(-1.2,1.1,0.2));
#15418=CARTESIAN_POINT('',(-1.2,1.1,0.55));
#15419=CARTESIAN_POINT('',(-0.7,1.1,0.2));
#15420=CARTESIAN_POINT('',(-0.7,1.1,0.2));
#15421=CARTESIAN_POINT('',(-0.7,1.1,0.55));
#15422=CARTESIAN_POINT('Origin',(-0.7,1.3,0.2));
#15423=CARTESIAN_POINT('',(-1.2,1.3,0.));
#15424=CARTESIAN_POINT('Origin',(-1.2,1.3,0.2));
#15425=CARTESIAN_POINT('',(-0.7,1.3,0.));
#15426=CARTESIAN_POINT('',(-0.7,1.3,0.));
#15427=CARTESIAN_POINT('Origin',(-0.7,1.3,0.2));
#15428=CARTESIAN_POINT('Origin',(-0.7,1.3,0.));
#15429=CARTESIAN_POINT('',(-1.2,1.5,0.));
#15430=CARTESIAN_POINT('',(-1.2,1.3,0.));
#15431=CARTESIAN_POINT('',(-0.7,1.5,0.));
#15432=CARTESIAN_POINT('',(-0.7,1.5,0.));
#15433=CARTESIAN_POINT('',(-0.7,1.3,0.));
#15434=CARTESIAN_POINT('Origin',(-0.7,1.5,0.));
#15435=CARTESIAN_POINT('',(-1.2,1.5,0.));
#15436=CARTESIAN_POINT('',(-0.7,1.5,0.));
#15437=CARTESIAN_POINT('Origin',(-0.7,1.3,0.2));
#15438=CARTESIAN_POINT('Origin',(-1.2,1.3,0.2));
#15439=CARTESIAN_POINT('Origin',(0.25,-1.3,0.1));
#15440=CARTESIAN_POINT('',(-0.25,-1.3,0.1));
#15441=CARTESIAN_POINT('',(-0.25,-1.5,0.1));
#15442=CARTESIAN_POINT('',(-0.25,-1.3,0.1));
#15443=CARTESIAN_POINT('',(0.25,-1.5,0.1));
#15444=CARTESIAN_POINT('',(0.25,-1.5,0.1));
#15445=CARTESIAN_POINT('',(0.25,-1.3,0.1));
#15446=CARTESIAN_POINT('',(0.25,-1.3,0.1));
#15447=CARTESIAN_POINT('',(0.25,-1.3,0.1));
#15448=CARTESIAN_POINT('Origin',(0.25,-1.5,0.));
#15449=CARTESIAN_POINT('',(-0.25,-1.5,0.));
#15450=CARTESIAN_POINT('',(-0.25,-1.5,0.));
#15451=CARTESIAN_POINT('',(0.25,-1.5,0.));
#15452=CARTESIAN_POINT('',(0.25,-1.5,0.));
#15453=CARTESIAN_POINT('',(0.25,-1.5,0.));
#15454=CARTESIAN_POINT('Origin',(0.25,-1.3,0.));
#15455=CARTESIAN_POINT('',(-0.25,-1.3,0.));
#15456=CARTESIAN_POINT('',(-0.25,-1.3,0.));
#15457=CARTESIAN_POINT('',(0.25,-1.3,0.));
#15458=CARTESIAN_POINT('',(0.25,-1.3,0.));
#15459=CARTESIAN_POINT('',(0.25,-1.3,0.));
#15460=CARTESIAN_POINT('Origin',(0.25,-1.3,0.2));
#15461=CARTESIAN_POINT('',(-0.25,-1.1,0.2));
#15462=CARTESIAN_POINT('Origin',(-0.25,-1.3,0.2));
#15463=CARTESIAN_POINT('',(0.25,-1.1,0.2));
#15464=CARTESIAN_POINT('',(0.25,-1.1,0.2));
#15465=CARTESIAN_POINT('Origin',(0.25,-1.3,0.2));
#15466=CARTESIAN_POINT('Origin',(0.25,-1.1,0.55));
#15467=CARTESIAN_POINT('',(-0.25,-1.1,0.55));
#15468=CARTESIAN_POINT('',(-0.25,-1.1,0.55));
#15469=CARTESIAN_POINT('',(0.25,-1.1,0.55));
#15470=CARTESIAN_POINT('',(0.25,-1.1,0.55));
#15471=CARTESIAN_POINT('',(0.25,-1.1,0.55));
#15472=CARTESIAN_POINT('Origin',(0.25,-1.,0.55));
#15473=CARTESIAN_POINT('',(-0.25,-1.,0.65));
#15474=CARTESIAN_POINT('Origin',(-0.25,-1.,0.55));
#15475=CARTESIAN_POINT('',(0.25,-1.,0.65));
#15476=CARTESIAN_POINT('',(0.25,-1.,0.65));
#15477=CARTESIAN_POINT('Origin',(0.25,-1.,0.55));
#15478=CARTESIAN_POINT('Origin',(0.25,-0.834615384615,0.65));
#15479=CARTESIAN_POINT('',(-0.25,-0.834615384615,0.65));
#15480=CARTESIAN_POINT('',(0.25,-0.834615384615,0.65));
#15481=CARTESIAN_POINT('Origin',(0.25,-0.834615384615,0.75));
#15482=CARTESIAN_POINT('',(-0.25,-1.,0.75));
#15483=CARTESIAN_POINT('',(-0.25,-0.834615384615,0.75));
#15484=CARTESIAN_POINT('',(0.25,-1.,0.75));
#15485=CARTESIAN_POINT('',(0.25,-1.,0.75));
#15486=CARTESIAN_POINT('',(0.25,-0.834615384615,0.75));
#15487=CARTESIAN_POINT('Origin',(0.25,-1.,0.55));
#15488=CARTESIAN_POINT('',(-0.25,-1.2,0.55));
#15489=CARTESIAN_POINT('Origin',(-0.25,-1.,0.55));
#15490=CARTESIAN_POINT('',(0.25,-1.2,0.55));
#15491=CARTESIAN_POINT('',(0.25,-1.2,0.55));
#15492=CARTESIAN_POINT('Origin',(0.25,-1.,0.55));
#15493=CARTESIAN_POINT('Origin',(0.25,-1.2,0.55));
#15494=CARTESIAN_POINT('',(-0.25,-1.2,0.2));
#15495=CARTESIAN_POINT('',(-0.25,-1.2,0.55));
#15496=CARTESIAN_POINT('',(0.25,-1.2,0.2));
#15497=CARTESIAN_POINT('',(0.25,-1.2,0.2));
#15498=CARTESIAN_POINT('',(0.25,-1.2,0.55));
#15499=CARTESIAN_POINT('Origin',(0.25,-1.3,0.2));
#15500=CARTESIAN_POINT('Origin',(-0.25,-1.3,0.2));
#15501=CARTESIAN_POINT('Origin',(0.25,-1.3,0.2));
#15502=CARTESIAN_POINT('Origin',(0.25,-1.3,0.2));
#15503=CARTESIAN_POINT('Origin',(-0.25,-1.3,0.2));
#15504=CARTESIAN_POINT('Origin',(1.2,-1.3,0.1));
#15505=CARTESIAN_POINT('',(0.7,-1.3,0.1));
#15506=CARTESIAN_POINT('',(0.7,-1.5,0.1));
#15507=CARTESIAN_POINT('',(0.7,-1.3,0.1));
#15508=CARTESIAN_POINT('',(1.2,-1.5,0.1));
#15509=CARTESIAN_POINT('',(1.2,-1.5,0.1));
#15510=CARTESIAN_POINT('',(1.2,-1.3,0.1));
#15511=CARTESIAN_POINT('',(1.2,-1.3,0.1));
#15512=CARTESIAN_POINT('',(1.2,-1.3,0.1));
#15513=CARTESIAN_POINT('Origin',(1.2,-1.5,0.));
#15514=CARTESIAN_POINT('',(0.7,-1.5,0.));
#15515=CARTESIAN_POINT('',(0.7,-1.5,0.));
#15516=CARTESIAN_POINT('',(1.2,-1.5,0.));
#15517=CARTESIAN_POINT('',(1.2,-1.5,0.));
#15518=CARTESIAN_POINT('',(1.2,-1.5,0.));
#15519=CARTESIAN_POINT('Origin',(1.2,-1.3,0.));
#15520=CARTESIAN_POINT('',(0.7,-1.3,0.));
#15521=CARTESIAN_POINT('',(0.7,-1.3,0.));
#15522=CARTESIAN_POINT('',(1.2,-1.3,0.));
#15523=CARTESIAN_POINT('',(1.2,-1.3,0.));
#15524=CARTESIAN_POINT('',(1.2,-1.3,0.));
#15525=CARTESIAN_POINT('Origin',(1.2,-1.3,0.2));
#15526=CARTESIAN_POINT('',(0.7,-1.1,0.2));
#15527=CARTESIAN_POINT('Origin',(0.7,-1.3,0.2));
#15528=CARTESIAN_POINT('',(1.2,-1.1,0.2));
#15529=CARTESIAN_POINT('',(1.2,-1.1,0.2));
#15530=CARTESIAN_POINT('Origin',(1.2,-1.3,0.2));
#15531=CARTESIAN_POINT('Origin',(1.2,-1.1,0.55));
#15532=CARTESIAN_POINT('',(0.7,-1.1,0.55));
#15533=CARTESIAN_POINT('',(0.7,-1.1,0.55));
#15534=CARTESIAN_POINT('',(1.2,-1.1,0.55));
#15535=CARTESIAN_POINT('',(1.2,-1.1,0.55));
#15536=CARTESIAN_POINT('',(1.2,-1.1,0.55));
#15537=CARTESIAN_POINT('Origin',(1.2,-1.,0.55));
#15538=CARTESIAN_POINT('',(0.7,-1.,0.65));
#15539=CARTESIAN_POINT('Origin',(0.7,-1.,0.55));
#15540=CARTESIAN_POINT('',(1.2,-1.,0.65));
#15541=CARTESIAN_POINT('',(1.2,-1.,0.65));
#15542=CARTESIAN_POINT('Origin',(1.2,-1.,0.55));
#15543=CARTESIAN_POINT('Origin',(1.2,-0.834615384615,0.65));
#15544=CARTESIAN_POINT('',(0.7,-0.834615384615,0.65));
#15545=CARTESIAN_POINT('',(1.2,-0.834615384615,0.65));
#15546=CARTESIAN_POINT('Origin',(1.2,-0.834615384615,0.75));
#15547=CARTESIAN_POINT('',(0.7,-1.,0.75));
#15548=CARTESIAN_POINT('',(0.7,-0.834615384615,0.75));
#15549=CARTESIAN_POINT('',(1.2,-1.,0.75));
#15550=CARTESIAN_POINT('',(1.2,-1.,0.75));
#15551=CARTESIAN_POINT('',(1.2,-0.834615384615,0.75));
#15552=CARTESIAN_POINT('Origin',(1.2,-1.,0.55));
#15553=CARTESIAN_POINT('',(0.7,-1.2,0.55));
#15554=CARTESIAN_POINT('Origin',(0.7,-1.,0.55));
#15555=CARTESIAN_POINT('',(1.2,-1.2,0.55));
#15556=CARTESIAN_POINT('',(1.2,-1.2,0.55));
#15557=CARTESIAN_POINT('Origin',(1.2,-1.,0.55));
#15558=CARTESIAN_POINT('Origin',(1.2,-1.2,0.55));
#15559=CARTESIAN_POINT('',(0.7,-1.2,0.2));
#15560=CARTESIAN_POINT('',(0.7,-1.2,0.55));
#15561=CARTESIAN_POINT('',(1.2,-1.2,0.2));
#15562=CARTESIAN_POINT('',(1.2,-1.2,0.2));
#15563=CARTESIAN_POINT('',(1.2,-1.2,0.55));
#15564=CARTESIAN_POINT('Origin',(1.2,-1.3,0.2));
#15565=CARTESIAN_POINT('Origin',(0.7,-1.3,0.2));
#15566=CARTESIAN_POINT('Origin',(1.2,-1.3,0.2));
#15567=CARTESIAN_POINT('Origin',(1.2,-1.3,0.2));
#15568=CARTESIAN_POINT('Origin',(0.7,-1.3,0.2));
#15569=CARTESIAN_POINT('Origin',(1.2,1.3,0.1));
#15570=CARTESIAN_POINT('',(0.7,1.3,0.1));
#15571=CARTESIAN_POINT('',(0.7,1.5,0.1));
#15572=CARTESIAN_POINT('',(0.7,1.3,0.1));
#15573=CARTESIAN_POINT('',(1.2,1.3,0.1));
#15574=CARTESIAN_POINT('',(1.2,1.3,0.1));
#15575=CARTESIAN_POINT('',(1.2,1.5,0.1));
#15576=CARTESIAN_POINT('',(1.2,1.3,0.1));
#15577=CARTESIAN_POINT('',(1.2,1.5,0.1));
#15578=CARTESIAN_POINT('Origin',(1.2,1.3,0.2));
#15579=CARTESIAN_POINT('',(0.7,1.2,0.2));
#15580=CARTESIAN_POINT('Origin',(0.7,1.3,0.2));
#15581=CARTESIAN_POINT('',(1.2,1.2,0.2));
#15582=CARTESIAN_POINT('',(1.2,1.2,0.2));
#15583=CARTESIAN_POINT('Origin',(1.2,1.3,0.2));
#15584=CARTESIAN_POINT('Origin',(1.2,1.2,0.55));
#15585=CARTESIAN_POINT('',(0.7,1.2,0.55));
#15586=CARTESIAN_POINT('',(0.7,1.2,0.55));
#15587=CARTESIAN_POINT('',(1.2,1.2,0.55));
#15588=CARTESIAN_POINT('',(1.2,1.2,0.55));
#15589=CARTESIAN_POINT('',(1.2,1.2,0.55));
#15590=CARTESIAN_POINT('Origin',(1.2,1.,0.55));
#15591=CARTESIAN_POINT('',(0.7,1.,0.75));
#15592=CARTESIAN_POINT('Origin',(0.7,1.,0.55));
#15593=CARTESIAN_POINT('',(1.2,1.,0.75));
#15594=CARTESIAN_POINT('',(1.2,1.,0.75));
#15595=CARTESIAN_POINT('Origin',(1.2,1.,0.55));
#15596=CARTESIAN_POINT('Origin',(1.2,0.834615384615,0.75));
#15597=CARTESIAN_POINT('',(0.7,0.834615384615,0.75));
#15598=CARTESIAN_POINT('',(1.2,0.834615384615,0.75));
#15599=CARTESIAN_POINT('Origin',(1.2,0.834615384615,0.65));
#15600=CARTESIAN_POINT('',(0.7,1.,0.65));
#15601=CARTESIAN_POINT('',(0.7,0.834615384615,0.65));
#15602=CARTESIAN_POINT('',(1.2,1.,0.65));
#15603=CARTESIAN_POINT('',(1.2,1.,0.65));
#15604=CARTESIAN_POINT('',(1.2,0.834615384615,0.65));
#15605=CARTESIAN_POINT('Origin',(1.2,1.,0.55));
#15606=CARTESIAN_POINT('',(0.7,1.1,0.55));
#15607=CARTESIAN_POINT('Origin',(0.7,1.,0.55));
#15608=CARTESIAN_POINT('',(1.2,1.1,0.55));
#15609=CARTESIAN_POINT('',(1.2,1.1,0.55));
#15610=CARTESIAN_POINT('Origin',(1.2,1.,0.55));
#15611=CARTESIAN_POINT('Origin',(1.2,1.1,0.55));
#15612=CARTESIAN_POINT('',(0.7,1.1,0.2));
#15613=CARTESIAN_POINT('',(0.7,1.1,0.55));
#15614=CARTESIAN_POINT('',(1.2,1.1,0.2));
#15615=CARTESIAN_POINT('',(1.2,1.1,0.2));
#15616=CARTESIAN_POINT('',(1.2,1.1,0.55));
#15617=CARTESIAN_POINT('Origin',(1.2,1.3,0.2));
#15618=CARTESIAN_POINT('',(0.7,1.3,0.));
#15619=CARTESIAN_POINT('Origin',(0.7,1.3,0.2));
#15620=CARTESIAN_POINT('',(1.2,1.3,0.));
#15621=CARTESIAN_POINT('',(1.2,1.3,0.));
#15622=CARTESIAN_POINT('Origin',(1.2,1.3,0.2));
#15623=CARTESIAN_POINT('Origin',(1.2,1.3,0.));
#15624=CARTESIAN_POINT('',(0.7,1.5,0.));
#15625=CARTESIAN_POINT('',(0.7,1.3,0.));
#15626=CARTESIAN_POINT('',(1.2,1.5,0.));
#15627=CARTESIAN_POINT('',(1.2,1.5,0.));
#15628=CARTESIAN_POINT('',(1.2,1.3,0.));
#15629=CARTESIAN_POINT('Origin',(1.2,1.5,0.));
#15630=CARTESIAN_POINT('',(0.7,1.5,0.));
#15631=CARTESIAN_POINT('',(1.2,1.5,0.));
#15632=CARTESIAN_POINT('Origin',(1.2,1.3,0.2));
#15633=CARTESIAN_POINT('Origin',(0.7,1.3,0.2));
#15634=CARTESIAN_POINT('',(0.,0.,0.));
#15635=CARTESIAN_POINT('Origin',(-1.2,-0.45,0.25));
#15636=CARTESIAN_POINT('',(-1.495,-0.45,0.495));
#15637=CARTESIAN_POINT('',(-0.875,-0.45,0.495));
#15638=CARTESIAN_POINT('',(-0.6,-0.45,0.495));
#15639=CARTESIAN_POINT('',(-1.495,-0.45,0.005));
#15640=CARTESIAN_POINT('',(-1.495,-0.45,0.25));
#15641=CARTESIAN_POINT('',(-0.875,-0.45,0.005));
#15642=CARTESIAN_POINT('',(-0.6,-0.45,0.005));
#15643=CARTESIAN_POINT('',(-0.875,-0.45,0.));
#15644=CARTESIAN_POINT('',(-0.875,-0.45,0.25));
#15645=CARTESIAN_POINT('',(-1.525,-0.45,0.));
#15646=CARTESIAN_POINT('',(-1.2,-0.45,0.));
#15647=CARTESIAN_POINT('',(-1.525,-0.45,0.5));
#15648=CARTESIAN_POINT('',(-1.525,-0.45,0.25));
#15649=CARTESIAN_POINT('',(-0.875,-0.45,0.5));
#15650=CARTESIAN_POINT('',(-1.2,-0.45,0.5));
#15651=CARTESIAN_POINT('',(-0.875,-0.45,0.25));
#15652=CARTESIAN_POINT('Origin',(-1.2,-0.625,0.5));
#15653=CARTESIAN_POINT('',(-1.525,-0.8,0.5));
#15654=CARTESIAN_POINT('',(-0.875,-0.8,0.5));
#15655=CARTESIAN_POINT('',(-1.2,-0.8,0.5));
#15656=CARTESIAN_POINT('',(-0.875,-0.625,0.5));
#15657=CARTESIAN_POINT('',(-1.525,-0.625,0.5));
#15658=CARTESIAN_POINT('Origin',(-1.2,-0.625,0.));
#15659=CARTESIAN_POINT('',(-0.875,-0.8,0.));
#15660=CARTESIAN_POINT('',(-1.525,-0.8,0.));
#15661=CARTESIAN_POINT('',(-1.2,-0.8,0.));
#15662=CARTESIAN_POINT('',(-1.525,-0.625,0.));
#15663=CARTESIAN_POINT('',(-0.875,-0.625,0.));
#15664=CARTESIAN_POINT('Origin',(-1.525,-0.625,0.25));
#15665=CARTESIAN_POINT('',(-1.525,-0.8,0.25));
#15666=CARTESIAN_POINT('Origin',(-0.875,-0.625,0.25));
#15667=CARTESIAN_POINT('',(-0.875,-0.75,0.495));
#15668=CARTESIAN_POINT('',(-0.875,-0.3125,0.495));
#15669=CARTESIAN_POINT('',(-0.875,-0.8,0.25));
#15670=CARTESIAN_POINT('',(-0.875,-0.75,0.005));
#15671=CARTESIAN_POINT('',(-0.875,-0.3125,0.005));
#15672=CARTESIAN_POINT('',(-0.875,-0.75,0.25));
#15673=CARTESIAN_POINT('Origin',(-1.2,-0.8,0.25));
#15674=CARTESIAN_POINT('Origin',(1.66533453693774E-16,-0.75,0.25));
#15675=CARTESIAN_POINT('',(-0.625,-0.75,0.005));
#15676=CARTESIAN_POINT('',(1.66533453693774E-16,-0.75,0.005));
#15677=CARTESIAN_POINT('',(-0.625,-0.75,0.495));
#15678=CARTESIAN_POINT('',(-0.625,-0.75,0.25));
#15679=CARTESIAN_POINT('',(1.66533453693774E-16,-0.75,0.495));
#15680=CARTESIAN_POINT('Origin',(0.,0.,0.005));
#15681=CARTESIAN_POINT('',(-1.495,0.45,0.005));
#15682=CARTESIAN_POINT('',(-1.495,-3.31956684362922E-16,0.005));
#15683=CARTESIAN_POINT('',(-0.875,0.45,0.005));
#15684=CARTESIAN_POINT('',(-0.6,0.45,0.005));
#15685=CARTESIAN_POINT('',(-0.875,0.75,0.005));
#15686=CARTESIAN_POINT('',(-0.875,0.3125,0.005));
#15687=CARTESIAN_POINT('',(-0.625,0.75,0.005));
#15688=CARTESIAN_POINT('',(-1.66533453693774E-16,0.75,0.005));
#15689=CARTESIAN_POINT('',(-0.625,0.45,0.005));
#15690=CARTESIAN_POINT('',(-0.625,0.3125,0.005));
#15691=CARTESIAN_POINT('',(-0.175,0.45,0.005));
#15692=CARTESIAN_POINT('',(-0.2,0.45,0.005));
#15693=CARTESIAN_POINT('',(-0.175,0.75,0.005));
#15694=CARTESIAN_POINT('',(-0.175,0.3125,0.005));
#15695=CARTESIAN_POINT('',(0.175,0.75,0.005));
#15696=CARTESIAN_POINT('',(-1.66533453693774E-16,0.75,0.005));
#15697=CARTESIAN_POINT('',(0.175,0.45,0.005));
#15698=CARTESIAN_POINT('',(0.175,0.3125,0.005));
#15699=CARTESIAN_POINT('',(0.625,0.45,0.005));
#15700=CARTESIAN_POINT('',(0.2,0.45,0.005));
#15701=CARTESIAN_POINT('',(0.625,0.75,0.005));
#15702=CARTESIAN_POINT('',(0.625,0.3125,0.005));
#15703=CARTESIAN_POINT('',(0.875,0.75,0.005));
#15704=CARTESIAN_POINT('',(-1.66533453693774E-16,0.75,0.005));
#15705=CARTESIAN_POINT('',(0.875,0.45,0.005));
#15706=CARTESIAN_POINT('',(0.875,0.3125,0.005));
#15707=CARTESIAN_POINT('',(1.495,0.45,0.005));
#15708=CARTESIAN_POINT('',(0.6,0.45,0.005));
#15709=CARTESIAN_POINT('',(1.495,-0.45,0.005));
#15710=CARTESIAN_POINT('',(1.495,3.31956684362922E-16,0.005));
#15711=CARTESIAN_POINT('',(0.875,-0.45,0.005));
#15712=CARTESIAN_POINT('',(0.6,-0.45,0.005));
#15713=CARTESIAN_POINT('',(0.875,-0.75,0.005));
#15714=CARTESIAN_POINT('',(0.875,-0.3125,0.005));
#15715=CARTESIAN_POINT('',(0.625,-0.75,0.005));
#15716=CARTESIAN_POINT('',(1.66533453693774E-16,-0.75,0.005));
#15717=CARTESIAN_POINT('',(0.625,-0.45,0.005));
#15718=CARTESIAN_POINT('',(0.625,-0.3125,0.005));
#15719=CARTESIAN_POINT('',(0.175,-0.45,0.005));
#15720=CARTESIAN_POINT('',(0.2,-0.45,0.005));
#15721=CARTESIAN_POINT('',(0.175,-0.75,0.005));
#15722=CARTESIAN_POINT('',(0.175,-0.3125,0.005));
#15723=CARTESIAN_POINT('',(-0.175,-0.75,0.005));
#15724=CARTESIAN_POINT('',(1.66533453693774E-16,-0.75,0.005));
#15725=CARTESIAN_POINT('',(-0.175,-0.45,0.005));
#15726=CARTESIAN_POINT('',(-0.175,-0.3125,0.005));
#15727=CARTESIAN_POINT('',(-0.625,-0.45,0.005));
#15728=CARTESIAN_POINT('',(-0.2,-0.45,0.005));
#15729=CARTESIAN_POINT('',(-0.625,-0.3125,0.005));
#15730=CARTESIAN_POINT('Origin',(1.2,-0.45,0.25));
#15731=CARTESIAN_POINT('',(1.495,-0.45,0.495));
#15732=CARTESIAN_POINT('',(1.495,-0.45,0.25));
#15733=CARTESIAN_POINT('',(0.875,-0.45,0.495));
#15734=CARTESIAN_POINT('',(0.6,-0.45,0.495));
#15735=CARTESIAN_POINT('',(0.875,-0.45,0.5));
#15736=CARTESIAN_POINT('',(0.875,-0.45,0.25));
#15737=CARTESIAN_POINT('',(1.525,-0.45,0.5));
#15738=CARTESIAN_POINT('',(1.2,-0.45,0.5));
#15739=CARTESIAN_POINT('',(1.525,-0.45,0.));
#15740=CARTESIAN_POINT('',(1.525,-0.45,0.25));
#15741=CARTESIAN_POINT('',(0.875,-0.45,0.));
#15742=CARTESIAN_POINT('',(1.2,-0.45,0.));
#15743=CARTESIAN_POINT('',(0.875,-0.45,0.25));
#15744=CARTESIAN_POINT('Origin',(1.2,-0.625,0.5));
#15745=CARTESIAN_POINT('',(0.875,-0.8,0.5));
#15746=CARTESIAN_POINT('',(1.525,-0.8,0.5));
#15747=CARTESIAN_POINT('',(1.2,-0.8,0.5));
#15748=CARTESIAN_POINT('',(1.525,-0.625,0.5));
#15749=CARTESIAN_POINT('',(0.875,-0.625,0.5));
#15750=CARTESIAN_POINT('Origin',(1.2,-0.625,0.));
#15751=CARTESIAN_POINT('',(1.525,-0.8,0.));
#15752=CARTESIAN_POINT('',(0.875,-0.8,0.));
#15753=CARTESIAN_POINT('',(1.2,-0.8,0.));
#15754=CARTESIAN_POINT('',(0.875,-0.625,0.));
#15755=CARTESIAN_POINT('',(1.525,-0.625,0.));
#15756=CARTESIAN_POINT('Origin',(0.875,-0.625,0.25));
#15757=CARTESIAN_POINT('',(0.875,-0.8,0.25));
#15758=CARTESIAN_POINT('',(0.875,-0.75,0.495));
#15759=CARTESIAN_POINT('',(0.875,-0.3125,0.495));
#15760=CARTESIAN_POINT('',(0.875,-0.75,0.25));
#15761=CARTESIAN_POINT('Origin',(1.525,-0.625,0.25));
#15762=CARTESIAN_POINT('',(1.525,-0.8,0.25));
#15763=CARTESIAN_POINT('Origin',(1.2,-0.8,0.25));
#15764=CARTESIAN_POINT('Origin',(1.66533453693774E-16,-0.75,0.25));
#15765=CARTESIAN_POINT('',(0.625,-0.75,0.495));
#15766=CARTESIAN_POINT('',(1.66533453693774E-16,-0.75,0.495));
#15767=CARTESIAN_POINT('',(0.625,-0.75,0.25));
#15768=CARTESIAN_POINT('Origin',(-0.875,0.625,0.25));
#15769=CARTESIAN_POINT('',(-0.875,0.75,0.495));
#15770=CARTESIAN_POINT('',(-0.875,0.45,0.495));
#15771=CARTESIAN_POINT('',(-0.875,0.3125,0.495));
#15772=CARTESIAN_POINT('',(-0.875,0.75,0.25));
#15773=CARTESIAN_POINT('',(-0.875,0.45,0.));
#15774=CARTESIAN_POINT('',(-0.875,0.45,0.25));
#15775=CARTESIAN_POINT('',(-0.875,0.8,0.));
#15776=CARTESIAN_POINT('',(-0.875,0.625,0.));
#15777=CARTESIAN_POINT('',(-0.875,0.8,0.5));
#15778=CARTESIAN_POINT('',(-0.875,0.8,0.25));
#15779=CARTESIAN_POINT('',(-0.875,0.45,0.5));
#15780=CARTESIAN_POINT('',(-0.875,0.625,0.5));
#15781=CARTESIAN_POINT('',(-0.875,0.45,0.25));
#15782=CARTESIAN_POINT('Origin',(-1.2,0.625,0.5));
#15783=CARTESIAN_POINT('',(-1.525,0.45,0.5));
#15784=CARTESIAN_POINT('',(-1.2,0.45,0.5));
#15785=CARTESIAN_POINT('',(-1.525,0.8,0.5));
#15786=CARTESIAN_POINT('',(-1.2,0.8,0.5));
#15787=CARTESIAN_POINT('',(-1.525,0.625,0.5));
#15788=CARTESIAN_POINT('Origin',(-1.2,0.625,0.));
#15789=CARTESIAN_POINT('',(-1.525,0.45,0.));
#15790=CARTESIAN_POINT('',(-1.2,0.45,0.));
#15791=CARTESIAN_POINT('',(-1.525,0.8,0.));
#15792=CARTESIAN_POINT('',(-1.525,0.625,0.));
#15793=CARTESIAN_POINT('',(-1.2,0.8,0.));
#15794=CARTESIAN_POINT('Origin',(-1.525,0.625,0.25));
#15795=CARTESIAN_POINT('',(-1.525,0.8,0.25));
#15796=CARTESIAN_POINT('',(-1.525,0.45,0.25));
#15797=CARTESIAN_POINT('Origin',(-1.2,0.8,0.25));
#15798=CARTESIAN_POINT('Origin',(-1.2,0.45,0.25));
#15799=CARTESIAN_POINT('',(-1.495,0.45,0.495));
#15800=CARTESIAN_POINT('',(-0.6,0.45,0.495));
#15801=CARTESIAN_POINT('',(-1.495,0.45,0.25));
#15802=CARTESIAN_POINT('Origin',(-1.495,-3.31956684362922E-16,0.25));
#15803=CARTESIAN_POINT('',(-1.495,-3.31956684362922E-16,0.495));
#15804=CARTESIAN_POINT('Origin',(1.2,0.45,0.25));
#15805=CARTESIAN_POINT('',(1.495,0.45,0.495));
#15806=CARTESIAN_POINT('',(0.875,0.45,0.495));
#15807=CARTESIAN_POINT('',(0.6,0.45,0.495));
#15808=CARTESIAN_POINT('',(1.495,0.45,0.25));
#15809=CARTESIAN_POINT('',(0.875,0.45,0.));
#15810=CARTESIAN_POINT('',(0.875,0.45,0.25));
#15811=CARTESIAN_POINT('',(1.525,0.45,0.));
#15812=CARTESIAN_POINT('',(1.2,0.45,0.));
#15813=CARTESIAN_POINT('',(1.525,0.45,0.5));
#15814=CARTESIAN_POINT('',(1.525,0.45,0.25));
#15815=CARTESIAN_POINT('',(0.875,0.45,0.5));
#15816=CARTESIAN_POINT('',(1.2,0.45,0.5));
#15817=CARTESIAN_POINT('',(0.875,0.45,0.25));
#15818=CARTESIAN_POINT('Origin',(1.2,0.625,0.5));
#15819=CARTESIAN_POINT('',(1.525,0.8,0.5));
#15820=CARTESIAN_POINT('',(1.525,0.625,0.5));
#15821=CARTESIAN_POINT('',(0.875,0.8,0.5));
#15822=CARTESIAN_POINT('',(1.2,0.8,0.5));
#15823=CARTESIAN_POINT('',(0.875,0.625,0.5));
#15824=CARTESIAN_POINT('Origin',(1.2,0.625,0.));
#15825=CARTESIAN_POINT('',(0.875,0.8,0.));
#15826=CARTESIAN_POINT('',(0.875,0.625,0.));
#15827=CARTESIAN_POINT('',(1.525,0.8,0.));
#15828=CARTESIAN_POINT('',(1.2,0.8,0.));
#15829=CARTESIAN_POINT('',(1.525,0.625,0.));
#15830=CARTESIAN_POINT('Origin',(0.875,0.625,0.25));
#15831=CARTESIAN_POINT('',(0.875,0.75,0.495));
#15832=CARTESIAN_POINT('',(0.875,0.3125,0.495));
#15833=CARTESIAN_POINT('',(0.875,0.8,0.25));
#15834=CARTESIAN_POINT('',(0.875,0.75,0.25));
#15835=CARTESIAN_POINT('Origin',(1.2,0.8,0.25));
#15836=CARTESIAN_POINT('',(1.525,0.8,0.25));
#15837=CARTESIAN_POINT('Origin',(1.525,0.625,0.25));
#15838=CARTESIAN_POINT('Origin',(0.,0.,0.495));
#15839=CARTESIAN_POINT('',(-0.625,-0.45,0.495));
#15840=CARTESIAN_POINT('',(-0.625,-0.3125,0.495));
#15841=CARTESIAN_POINT('',(-0.175,-0.45,0.495));
#15842=CARTESIAN_POINT('',(-0.2,-0.45,0.495));
#15843=CARTESIAN_POINT('',(-0.175,-0.75,0.495));
#15844=CARTESIAN_POINT('',(-0.175,-0.3125,0.495));
#15845=CARTESIAN_POINT('',(0.175,-0.75,0.495));
#15846=CARTESIAN_POINT('',(1.66533453693774E-16,-0.75,0.495));
#15847=CARTESIAN_POINT('',(0.175,-0.45,0.495));
#15848=CARTESIAN_POINT('',(0.175,-0.3125,0.495));
#15849=CARTESIAN_POINT('',(0.625,-0.45,0.495));
#15850=CARTESIAN_POINT('',(0.2,-0.45,0.495));
#15851=CARTESIAN_POINT('',(0.625,-0.3125,0.495));
#15852=CARTESIAN_POINT('',(1.495,3.31956684362922E-16,0.495));
#15853=CARTESIAN_POINT('',(0.625,0.75,0.495));
#15854=CARTESIAN_POINT('',(-1.66533453693774E-16,0.75,0.495));
#15855=CARTESIAN_POINT('',(0.625,0.45,0.495));
#15856=CARTESIAN_POINT('',(0.625,0.3125,0.495));
#15857=CARTESIAN_POINT('',(0.175,0.45,0.495));
#15858=CARTESIAN_POINT('',(0.2,0.45,0.495));
#15859=CARTESIAN_POINT('',(0.175,0.75,0.495));
#15860=CARTESIAN_POINT('',(0.175,0.3125,0.495));
#15861=CARTESIAN_POINT('',(-0.175,0.75,0.495));
#15862=CARTESIAN_POINT('',(-1.66533453693774E-16,0.75,0.495));
#15863=CARTESIAN_POINT('',(-0.175,0.45,0.495));
#15864=CARTESIAN_POINT('',(-0.175,0.3125,0.495));
#15865=CARTESIAN_POINT('',(-0.625,0.45,0.495));
#15866=CARTESIAN_POINT('',(-0.2,0.45,0.495));
#15867=CARTESIAN_POINT('',(-0.625,0.75,0.495));
#15868=CARTESIAN_POINT('',(-0.625,0.3125,0.495));
#15869=CARTESIAN_POINT('',(-1.66533453693774E-16,0.75,0.495));
#15870=CARTESIAN_POINT('Origin',(-1.66533453693774E-16,0.75,0.25));
#15871=CARTESIAN_POINT('',(0.625,0.75,0.25));
#15872=CARTESIAN_POINT('Origin',(-0.625,-0.625,0.25));
#15873=CARTESIAN_POINT('',(-0.625,-0.45,0.));
#15874=CARTESIAN_POINT('',(-0.625,-0.45,0.25));
#15875=CARTESIAN_POINT('',(-0.625,-0.8,0.));
#15876=CARTESIAN_POINT('',(-0.625,-0.625,0.));
#15877=CARTESIAN_POINT('',(-0.625,-0.8,0.5));
#15878=CARTESIAN_POINT('',(-0.625,-0.8,0.25));
#15879=CARTESIAN_POINT('',(-0.625,-0.45,0.5));
#15880=CARTESIAN_POINT('',(-0.625,-0.625,0.5));
#15881=CARTESIAN_POINT('',(-0.625,-0.45,0.25));
#15882=CARTESIAN_POINT('Origin',(-0.4,-0.45,0.25));
#15883=CARTESIAN_POINT('',(-0.175,-0.45,0.));
#15884=CARTESIAN_POINT('',(-0.175,-0.45,0.25));
#15885=CARTESIAN_POINT('',(-0.4,-0.45,0.));
#15886=CARTESIAN_POINT('Origin',(-0.4,-0.45,0.25));
#15887=CARTESIAN_POINT('',(-0.175,-0.45,0.5));
#15888=CARTESIAN_POINT('',(-0.4,-0.45,0.5));
#15889=CARTESIAN_POINT('',(-0.175,-0.45,0.25));
#15890=CARTESIAN_POINT('Origin',(-0.4,-0.625,0.5));
#15891=CARTESIAN_POINT('',(-0.175,-0.8,0.5));
#15892=CARTESIAN_POINT('',(-0.4,-0.8,0.5));
#15893=CARTESIAN_POINT('',(-0.175,-0.625,0.5));
#15894=CARTESIAN_POINT('Origin',(-0.4,-0.625,0.));
#15895=CARTESIAN_POINT('',(-0.175,-0.8,0.));
#15896=CARTESIAN_POINT('',(-0.4,-0.8,0.));
#15897=CARTESIAN_POINT('',(-0.175,-0.625,0.));
#15898=CARTESIAN_POINT('Origin',(-0.175,-0.625,0.25));
#15899=CARTESIAN_POINT('',(-0.175,-0.8,0.25));
#15900=CARTESIAN_POINT('',(-0.175,-0.75,0.25));
#15901=CARTESIAN_POINT('Origin',(-0.4,-0.8,0.25));
#15902=CARTESIAN_POINT('Origin',(1.66533453693774E-16,-0.75,0.25));
#15903=CARTESIAN_POINT('',(0.175,-0.75,0.25));
#15904=CARTESIAN_POINT('Origin',(0.625,-0.625,0.25));
#15905=CARTESIAN_POINT('',(0.625,-0.45,0.5));
#15906=CARTESIAN_POINT('',(0.625,-0.45,0.25));
#15907=CARTESIAN_POINT('',(0.625,-0.8,0.5));
#15908=CARTESIAN_POINT('',(0.625,-0.625,0.5));
#15909=CARTESIAN_POINT('',(0.625,-0.8,0.));
#15910=CARTESIAN_POINT('',(0.625,-0.8,0.25));
#15911=CARTESIAN_POINT('',(0.625,-0.45,0.));
#15912=CARTESIAN_POINT('',(0.625,-0.625,0.));
#15913=CARTESIAN_POINT('',(0.625,-0.45,0.25));
#15914=CARTESIAN_POINT('Origin',(0.4,-0.45,0.25));
#15915=CARTESIAN_POINT('',(0.175,-0.45,0.5));
#15916=CARTESIAN_POINT('',(0.175,-0.45,0.25));
#15917=CARTESIAN_POINT('',(0.4,-0.45,0.5));
#15918=CARTESIAN_POINT('Origin',(0.4,-0.625,0.5));
#15919=CARTESIAN_POINT('',(0.175,-0.8,0.5));
#15920=CARTESIAN_POINT('',(0.4,-0.8,0.5));
#15921=CARTESIAN_POINT('',(0.175,-0.625,0.5));
#15922=CARTESIAN_POINT('Origin',(0.4,-0.625,0.));
#15923=CARTESIAN_POINT('',(0.175,-0.8,0.));
#15924=CARTESIAN_POINT('',(0.4,-0.8,0.));
#15925=CARTESIAN_POINT('',(0.175,-0.45,0.));
#15926=CARTESIAN_POINT('',(0.175,-0.625,0.));
#15927=CARTESIAN_POINT('',(0.4,-0.45,0.));
#15928=CARTESIAN_POINT('Origin',(0.175,-0.625,0.25));
#15929=CARTESIAN_POINT('',(0.175,-0.45,0.25));
#15930=CARTESIAN_POINT('',(0.175,-0.8,0.25));
#15931=CARTESIAN_POINT('Origin',(0.4,-0.45,0.25));
#15932=CARTESIAN_POINT('Origin',(0.4,-0.8,0.25));
#15933=CARTESIAN_POINT('Origin',(-0.175,0.625,0.25));
#15934=CARTESIAN_POINT('',(-0.175,0.75,0.25));
#15935=CARTESIAN_POINT('',(-0.175,0.45,0.));
#15936=CARTESIAN_POINT('',(-0.175,0.45,0.25));
#15937=CARTESIAN_POINT('',(-0.175,0.8,0.));
#15938=CARTESIAN_POINT('',(-0.175,0.625,0.));
#15939=CARTESIAN_POINT('',(-0.175,0.8,0.5));
#15940=CARTESIAN_POINT('',(-0.175,0.8,0.25));
#15941=CARTESIAN_POINT('',(-0.175,0.45,0.5));
#15942=CARTESIAN_POINT('',(-0.175,0.625,0.5));
#15943=CARTESIAN_POINT('',(-0.175,0.45,0.25));
#15944=CARTESIAN_POINT('Origin',(-0.4,0.45,0.25));
#15945=CARTESIAN_POINT('',(-0.625,0.45,0.));
#15946=CARTESIAN_POINT('',(-0.625,0.45,0.25));
#15947=CARTESIAN_POINT('',(-0.4,0.45,0.));
#15948=CARTESIAN_POINT('Origin',(-0.4,0.45,0.25));
#15949=CARTESIAN_POINT('',(-0.625,0.45,0.5));
#15950=CARTESIAN_POINT('',(-0.4,0.45,0.5));
#15951=CARTESIAN_POINT('',(-0.625,0.45,0.25));
#15952=CARTESIAN_POINT('Origin',(-0.4,0.625,0.5));
#15953=CARTESIAN_POINT('',(-0.625,0.8,0.5));
#15954=CARTESIAN_POINT('',(-0.4,0.8,0.5));
#15955=CARTESIAN_POINT('',(-0.625,0.625,0.5));
#15956=CARTESIAN_POINT('Origin',(-0.4,0.625,0.));
#15957=CARTESIAN_POINT('',(-0.625,0.8,0.));
#15958=CARTESIAN_POINT('',(-0.625,0.625,0.));
#15959=CARTESIAN_POINT('',(-0.4,0.8,0.));
#15960=CARTESIAN_POINT('Origin',(-0.625,0.625,0.25));
#15961=CARTESIAN_POINT('',(-0.625,0.8,0.25));
#15962=CARTESIAN_POINT('',(-0.625,0.75,0.25));
#15963=CARTESIAN_POINT('Origin',(-0.4,0.8,0.25));
#15964=CARTESIAN_POINT('Origin',(-1.66533453693774E-16,0.75,0.25));
#15965=CARTESIAN_POINT('',(0.175,0.75,0.25));
#15966=CARTESIAN_POINT('Origin',(-1.66533453693774E-16,0.75,0.25));
#15967=CARTESIAN_POINT('Origin',(0.625,0.625,0.25));
#15968=CARTESIAN_POINT('',(0.625,0.45,0.));
#15969=CARTESIAN_POINT('',(0.625,0.45,0.25));
#15970=CARTESIAN_POINT('',(0.625,0.8,0.));
#15971=CARTESIAN_POINT('',(0.625,0.625,0.));
#15972=CARTESIAN_POINT('',(0.625,0.8,0.5));
#15973=CARTESIAN_POINT('',(0.625,0.8,0.25));
#15974=CARTESIAN_POINT('',(0.625,0.45,0.5));
#15975=CARTESIAN_POINT('',(0.625,0.625,0.5));
#15976=CARTESIAN_POINT('',(0.625,0.45,0.25));
#15977=CARTESIAN_POINT('Origin',(0.4,0.45,0.25));
#15978=CARTESIAN_POINT('',(0.175,0.45,0.));
#15979=CARTESIAN_POINT('',(0.175,0.45,0.25));
#15980=CARTESIAN_POINT('',(0.4,0.45,0.));
#15981=CARTESIAN_POINT('Origin',(0.4,0.45,0.25));
#15982=CARTESIAN_POINT('',(0.175,0.45,0.5));
#15983=CARTESIAN_POINT('',(0.4,0.45,0.5));
#15984=CARTESIAN_POINT('',(0.175,0.45,0.25));
#15985=CARTESIAN_POINT('Origin',(0.4,0.625,0.5));
#15986=CARTESIAN_POINT('',(0.175,0.8,0.5));
#15987=CARTESIAN_POINT('',(0.4,0.8,0.5));
#15988=CARTESIAN_POINT('',(0.175,0.625,0.5));
#15989=CARTESIAN_POINT('Origin',(0.4,0.625,0.));
#15990=CARTESIAN_POINT('',(0.175,0.8,0.));
#15991=CARTESIAN_POINT('',(0.175,0.625,0.));
#15992=CARTESIAN_POINT('',(0.4,0.8,0.));
#15993=CARTESIAN_POINT('Origin',(0.175,0.625,0.25));
#15994=CARTESIAN_POINT('',(0.175,0.8,0.25));
#15995=CARTESIAN_POINT('Origin',(0.4,0.8,0.25));
#15996=CARTESIAN_POINT('Origin',(1.495,3.31956684362922E-16,0.25));
#15997=CARTESIAN_POINT('',(0.,0.,0.));
#15998=CARTESIAN_POINT('Origin',(-0.15,0.827423745539563,0.338741282527471));
#15999=CARTESIAN_POINT('',(-0.15,0.96,0.22));
#16000=CARTESIAN_POINT('',(-0.15,1.05,0.22));
#16001=CARTESIAN_POINT('',(-0.15,1.05,0.22));
#16002=CARTESIAN_POINT('',(-0.15,1.05,0.));
#16003=CARTESIAN_POINT('',(-0.15,1.05,0.));
#16004=CARTESIAN_POINT('',(-0.15,0.96,6.93889390390723E-17));
#16005=CARTESIAN_POINT('',(-0.15,0.96,6.93889390390723E-17));
#16006=CARTESIAN_POINT('',(-0.15,0.69,0.27));
#16007=CARTESIAN_POINT('Origin',(-0.15,0.96,0.27));
#16008=CARTESIAN_POINT('',(-0.15,0.69,0.45));
#16009=CARTESIAN_POINT('',(-0.15,0.69,0.45));
#16010=CARTESIAN_POINT('',(-0.15,0.64,0.5));
#16011=CARTESIAN_POINT('Origin',(-0.15,0.64,0.45));
#16012=CARTESIAN_POINT('',(-0.15,0.625,0.5));
#16013=CARTESIAN_POINT('',(-0.15,0.625,0.5));
#16014=CARTESIAN_POINT('',(-0.15,0.625,0.72));
#16015=CARTESIAN_POINT('',(-0.15,0.625,0.719370641263736));
#16016=CARTESIAN_POINT('',(-0.15,0.64,0.72));
#16017=CARTESIAN_POINT('',(-0.15,0.64,0.72));
#16018=CARTESIAN_POINT('',(-0.15,0.91,0.45));
#16019=CARTESIAN_POINT('Origin',(-0.15,0.64,0.45));
#16020=CARTESIAN_POINT('',(-0.15,0.91,0.27));
#16021=CARTESIAN_POINT('',(-0.15,0.91,0.27));
#16022=CARTESIAN_POINT('Origin',(-0.15,0.96,0.27));
#16023=CARTESIAN_POINT('Origin',(0.,1.05,0.));
#16024=CARTESIAN_POINT('',(0.15,1.05,0.22));
#16025=CARTESIAN_POINT('',(0.,1.05,0.22));
#16026=CARTESIAN_POINT('',(0.15,1.05,0.));
#16027=CARTESIAN_POINT('',(0.15,1.05,0.));
#16028=CARTESIAN_POINT('',(0.,1.05,0.));
#16029=CARTESIAN_POINT('Origin',(0.,0.96,6.93889390390723E-17));
#16030=CARTESIAN_POINT('',(0.15,0.96,6.93889390390723E-17));
#16031=CARTESIAN_POINT('',(0.15,0.96,6.93889390390723E-17));
#16032=CARTESIAN_POINT('',(0.,0.96,6.93889390390723E-17));
#16033=CARTESIAN_POINT('Origin',(0.,0.96,0.27));
#16034=CARTESIAN_POINT('',(0.15,0.69,0.27));
#16035=CARTESIAN_POINT('Origin',(0.15,0.96,0.27));
#16036=CARTESIAN_POINT('',(0.,0.69,0.27));
#16037=CARTESIAN_POINT('Origin',(0.,0.69,0.45));
#16038=CARTESIAN_POINT('',(0.15,0.69,0.45));
#16039=CARTESIAN_POINT('',(0.15,0.69,0.45));
#16040=CARTESIAN_POINT('',(0.,0.69,0.45));
#16041=CARTESIAN_POINT('Origin',(0.,0.64,0.45));
#16042=CARTESIAN_POINT('',(0.15,0.64,0.5));
#16043=CARTESIAN_POINT('Origin',(0.15,0.64,0.45));
#16044=CARTESIAN_POINT('',(0.,0.64,0.5));
#16045=CARTESIAN_POINT('Origin',(0.,0.625,0.5));
#16046=CARTESIAN_POINT('',(0.15,0.625,0.5));
#16047=CARTESIAN_POINT('',(0.15,0.625,0.5));
#16048=CARTESIAN_POINT('',(1.,0.625,0.5));
#16049=CARTESIAN_POINT('Origin',(0.,0.64,0.72));
#16050=CARTESIAN_POINT('',(0.15,0.625,0.72));
#16051=CARTESIAN_POINT('',(1.,0.625,0.72));
#16052=CARTESIAN_POINT('',(0.15,0.64,0.72));
#16053=CARTESIAN_POINT('',(0.15,0.64,0.72));
#16054=CARTESIAN_POINT('',(0.,0.64,0.72));
#16055=CARTESIAN_POINT('Origin',(0.,0.64,0.45));
#16056=CARTESIAN_POINT('',(0.15,0.91,0.45));
#16057=CARTESIAN_POINT('Origin',(0.15,0.64,0.45));
#16058=CARTESIAN_POINT('',(0.,0.91,0.45));
#16059=CARTESIAN_POINT('Origin',(0.,0.91,0.27));
#16060=CARTESIAN_POINT('',(0.15,0.91,0.27));
#16061=CARTESIAN_POINT('',(0.15,0.91,0.27));
#16062=CARTESIAN_POINT('',(0.,0.91,0.27));
#16063=CARTESIAN_POINT('Origin',(0.,0.96,0.27));
#16064=CARTESIAN_POINT('',(0.15,0.96,0.22));
#16065=CARTESIAN_POINT('Origin',(0.15,0.96,0.27));
#16066=CARTESIAN_POINT('',(0.,0.96,0.22));
#16067=CARTESIAN_POINT('Origin',(0.,1.05,0.22));
#16068=CARTESIAN_POINT('',(0.15,1.05,0.22));
#16069=CARTESIAN_POINT('Origin',(0.15,0.827423745539563,0.338741282527471));
#16070=CARTESIAN_POINT('',(0.15,0.625,0.719370641263736));
#16071=CARTESIAN_POINT('Origin',(-1.,0.625,1.1));
#16072=CARTESIAN_POINT('',(-0.5,0.625,0.5));
#16073=CARTESIAN_POINT('',(1.,0.625,0.5));
#16074=CARTESIAN_POINT('',(-0.5,0.625,0.72));
#16075=CARTESIAN_POINT('',(-0.5,0.625,0.72));
#16076=CARTESIAN_POINT('',(1.,0.625,0.72));
#16077=CARTESIAN_POINT('Origin',(-1.,0.625,1.1));
#16078=CARTESIAN_POINT('',(0.5,0.625,0.72));
#16079=CARTESIAN_POINT('',(1.,0.625,0.72));
#16080=CARTESIAN_POINT('',(0.5,0.625,0.5));
#16081=CARTESIAN_POINT('',(0.5,0.625,0.72));
#16082=CARTESIAN_POINT('',(1.,0.625,0.5));
#16083=CARTESIAN_POINT('Origin',(-1.,-0.625,1.1));
#16084=CARTESIAN_POINT('',(-0.5,-0.625,0.72));
#16085=CARTESIAN_POINT('',(-0.5,-0.625,0.5));
#16086=CARTESIAN_POINT('',(-0.5,-0.625,0.72));
#16087=CARTESIAN_POINT('',(-0.15,-0.625,0.5));
#16088=CARTESIAN_POINT('',(1.,-0.625,0.5));
#16089=CARTESIAN_POINT('',(-0.15,-0.625,0.72));
#16090=CARTESIAN_POINT('',(-0.15,-0.625,0.72));
#16091=CARTESIAN_POINT('',(1.,-0.625,0.72));
#16092=CARTESIAN_POINT('Origin',(-1.,-0.625,1.1));
#16093=CARTESIAN_POINT('',(0.8,-0.625,0.72));
#16094=CARTESIAN_POINT('',(0.8,-0.625,0.5));
#16095=CARTESIAN_POINT('',(0.8,-0.625,0.72));
#16096=CARTESIAN_POINT('',(1.,-0.625,0.5));
#16097=CARTESIAN_POINT('',(1.,-0.625,0.5));
#16098=CARTESIAN_POINT('',(1.,-0.625,0.72));
#16099=CARTESIAN_POINT('',(1.,-0.625,1.1));
#16100=CARTESIAN_POINT('',(1.,-0.625,0.72));
#16101=CARTESIAN_POINT('Origin',(-1.,0.625,1.1));
#16102=CARTESIAN_POINT('',(0.8,0.625,0.72));
#16103=CARTESIAN_POINT('',(0.8,0.625,0.5));
#16104=CARTESIAN_POINT('',(0.8,0.625,0.72));
#16105=CARTESIAN_POINT('',(1.,0.625,0.72));
#16106=CARTESIAN_POINT('',(1.,0.625,0.72));
#16107=CARTESIAN_POINT('',(1.,0.625,0.5));
#16108=CARTESIAN_POINT('',(1.,0.625,1.1));
#16109=CARTESIAN_POINT('',(1.,0.625,0.5));
#16110=CARTESIAN_POINT('Origin',(-1.,-0.625,1.1));
#16111=CARTESIAN_POINT('',(-0.8,-0.625,0.5));
#16112=CARTESIAN_POINT('',(-1.,-0.625,0.5));
#16113=CARTESIAN_POINT('',(1.,-0.625,0.5));
#16114=CARTESIAN_POINT('',(-0.8,-0.625,0.72));
#16115=CARTESIAN_POINT('',(-0.8,-0.625,0.72));
#16116=CARTESIAN_POINT('',(-1.,-0.625,0.72));
#16117=CARTESIAN_POINT('',(1.,-0.625,0.72));
#16118=CARTESIAN_POINT('',(-1.,-0.625,1.1));
#16119=CARTESIAN_POINT('Origin',(-1.,-0.625,1.1));
#16120=CARTESIAN_POINT('',(0.5,-0.625,0.5));
#16121=CARTESIAN_POINT('',(0.15,-0.625,0.5));
#16122=CARTESIAN_POINT('',(1.,-0.625,0.5));
#16123=CARTESIAN_POINT('',(0.5,-0.625,0.72));
#16124=CARTESIAN_POINT('',(0.5,-0.625,0.72));
#16125=CARTESIAN_POINT('',(0.15,-0.625,0.72));
#16126=CARTESIAN_POINT('',(1.,-0.625,0.72));
#16127=CARTESIAN_POINT('',(0.15,-0.625,0.72));
#16128=CARTESIAN_POINT('Origin',(-1.,-0.625,1.1));
#16129=CARTESIAN_POINT('',(-1.,0.625,0.72));
#16130=CARTESIAN_POINT('',(-1.,0.625,0.5));
#16131=CARTESIAN_POINT('',(-1.,0.625,1.1));
#16132=CARTESIAN_POINT('',(-1.,0.625,0.5));
#16133=CARTESIAN_POINT('',(-1.,0.625,0.72));
#16134=CARTESIAN_POINT('Origin',(1.,-0.625,1.1));
#16135=CARTESIAN_POINT('',(1.,0.625,0.5));
#16136=CARTESIAN_POINT('',(1.,0.625,0.72));
#16137=CARTESIAN_POINT('Origin',(-1.,0.625,1.1));
#16138=CARTESIAN_POINT('',(-0.8,0.625,0.72));
#16139=CARTESIAN_POINT('',(1.,0.625,0.72));
#16140=CARTESIAN_POINT('',(-0.8,0.625,0.5));
#16141=CARTESIAN_POINT('',(-0.8,0.625,0.72));
#16142=CARTESIAN_POINT('',(1.,0.625,0.5));
#16143=CARTESIAN_POINT('Origin',(0.,0.,1.1));
#16144=CARTESIAN_POINT('',(0.932995747331,-0.557995747331,1.1));
#16145=CARTESIAN_POINT('',(-0.932995747331,-0.557995747331,1.1));
#16146=CARTESIAN_POINT('',(1.,-0.557995747331,1.1));
#16147=CARTESIAN_POINT('',(0.932995747331,0.557995747331,1.1));
#16148=CARTESIAN_POINT('',(0.932995747331,0.625,1.1));
#16149=CARTESIAN_POINT('',(-0.932995747331,0.557995747331,1.1));
#16150=CARTESIAN_POINT('',(1.,0.557995747331,1.1));
#16151=CARTESIAN_POINT('',(-0.932995747331,0.625,1.1));
#16152=CARTESIAN_POINT('Origin',(0.,0.,0.1));
#16153=CARTESIAN_POINT('',(0.932995747331,0.557995747331,0.1));
#16154=CARTESIAN_POINT('',(0.932995747331,-0.557995747331,0.1));
#16155=CARTESIAN_POINT('',(0.932995747331,0.625,0.1));
#16156=CARTESIAN_POINT('',(-0.932995747331,-0.557995747331,0.1));
#16157=CARTESIAN_POINT('',(1.,-0.557995747331,0.1));
#16158=CARTESIAN_POINT('',(-0.932995747331,0.557995747331,0.1));
#16159=CARTESIAN_POINT('',(-0.932995747331,0.625,0.1));
#16160=CARTESIAN_POINT('',(1.,0.557995747331,0.1));
#16161=CARTESIAN_POINT('Origin',(0.15,-0.96,0.22));
#16162=CARTESIAN_POINT('',(-0.15,-0.96,0.22));
#16163=CARTESIAN_POINT('',(-0.15,-1.05,0.22));
#16164=CARTESIAN_POINT('',(-0.15,-0.96,0.22));
#16165=CARTESIAN_POINT('',(0.15,-1.05,0.22));
#16166=CARTESIAN_POINT('',(0.15,-1.05,0.22));
#16167=CARTESIAN_POINT('',(0.15,-0.96,0.22));
#16168=CARTESIAN_POINT('',(0.15,-0.96,0.22));
#16169=CARTESIAN_POINT('',(0.15,-0.96,0.22));
#16170=CARTESIAN_POINT('Origin',(0.15,-1.05,0.));
#16171=CARTESIAN_POINT('',(-0.15,-1.05,0.));
#16172=CARTESIAN_POINT('',(-0.15,-1.05,0.));
#16173=CARTESIAN_POINT('',(0.15,-1.05,0.));
#16174=CARTESIAN_POINT('',(0.15,-1.05,0.));
#16175=CARTESIAN_POINT('',(0.15,-1.05,0.));
#16176=CARTESIAN_POINT('Origin',(0.15,-0.96,6.93889390390723E-17));
#16177=CARTESIAN_POINT('',(-0.15,-0.96,6.93889390390723E-17));
#16178=CARTESIAN_POINT('',(-0.15,-0.96,6.93889390390723E-17));
#16179=CARTESIAN_POINT('',(0.15,-0.96,6.93889390390723E-17));
#16180=CARTESIAN_POINT('',(0.15,-0.96,6.93889390390723E-17));
#16181=CARTESIAN_POINT('',(0.15,-0.96,6.93889390390723E-17));
#16182=CARTESIAN_POINT('Origin',(0.15,-0.96,0.27));
#16183=CARTESIAN_POINT('',(-0.15,-0.69,0.27));
#16184=CARTESIAN_POINT('Origin',(-0.15,-0.96,0.27));
#16185=CARTESIAN_POINT('',(0.15,-0.69,0.27));
#16186=CARTESIAN_POINT('',(0.15,-0.69,0.27));
#16187=CARTESIAN_POINT('Origin',(0.15,-0.96,0.27));
#16188=CARTESIAN_POINT('Origin',(0.15,-0.69,0.45));
#16189=CARTESIAN_POINT('',(-0.15,-0.69,0.45));
#16190=CARTESIAN_POINT('',(-0.15,-0.69,0.45));
#16191=CARTESIAN_POINT('',(0.15,-0.69,0.45));
#16192=CARTESIAN_POINT('',(0.15,-0.69,0.45));
#16193=CARTESIAN_POINT('',(0.15,-0.69,0.45));
#16194=CARTESIAN_POINT('Origin',(0.15,-0.64,0.45));
#16195=CARTESIAN_POINT('',(-0.15,-0.64,0.5));
#16196=CARTESIAN_POINT('Origin',(-0.15,-0.64,0.45));
#16197=CARTESIAN_POINT('',(0.15,-0.64,0.5));
#16198=CARTESIAN_POINT('',(0.15,-0.64,0.5));
#16199=CARTESIAN_POINT('Origin',(0.15,-0.64,0.45));
#16200=CARTESIAN_POINT('Origin',(0.15,-0.625,0.5));
#16201=CARTESIAN_POINT('',(-0.15,-0.625,0.5));
#16202=CARTESIAN_POINT('',(0.15,-0.625,0.5));
#16203=CARTESIAN_POINT('',(0.15,-0.625,0.5));
#16204=CARTESIAN_POINT('Origin',(0.15,-0.625,0.72));
#16205=CARTESIAN_POINT('',(-0.15,-0.64,0.72));
#16206=CARTESIAN_POINT('',(-0.15,-0.625,0.72));
#16207=CARTESIAN_POINT('',(0.15,-0.64,0.72));
#16208=CARTESIAN_POINT('',(0.15,-0.64,0.72));
#16209=CARTESIAN_POINT('',(0.15,-0.625,0.72));
#16210=CARTESIAN_POINT('',(0.15,-0.625,0.72));
#16211=CARTESIAN_POINT('Origin',(0.15,-0.64,0.45));
#16212=CARTESIAN_POINT('',(-0.15,-0.91,0.45));
#16213=CARTESIAN_POINT('Origin',(-0.15,-0.64,0.45));
#16214=CARTESIAN_POINT('',(0.15,-0.91,0.45));
#16215=CARTESIAN_POINT('',(0.15,-0.91,0.45));
#16216=CARTESIAN_POINT('Origin',(0.15,-0.64,0.45));
#16217=CARTESIAN_POINT('Origin',(0.15,-0.91,0.45));
#16218=CARTESIAN_POINT('',(-0.15,-0.91,0.27));
#16219=CARTESIAN_POINT('',(-0.15,-0.91,0.45));
#16220=CARTESIAN_POINT('',(0.15,-0.91,0.27));
#16221=CARTESIAN_POINT('',(0.15,-0.91,0.27));
#16222=CARTESIAN_POINT('',(0.15,-0.91,0.45));
#16223=CARTESIAN_POINT('Origin',(0.15,-0.96,0.27));
#16224=CARTESIAN_POINT('Origin',(-0.15,-0.96,0.27));
#16225=CARTESIAN_POINT('Origin',(0.15,-0.96,0.27));
#16226=CARTESIAN_POINT('Origin',(0.15,-0.96,0.27));
#16227=CARTESIAN_POINT('Origin',(-0.15,-0.96,0.27));
#16228=CARTESIAN_POINT('Origin',(1.,-0.625,0.72));
#16229=CARTESIAN_POINT('',(1.,-0.625,0.72));
#16230=CARTESIAN_POINT('',(-0.941457881652,-0.566457881652,1.052008851472));
#16231=CARTESIAN_POINT('',(-0.5,-0.625,0.72));
#16232=CARTESIAN_POINT('',(0.8,-0.625,0.72));
#16233=CARTESIAN_POINT('Origin',(1.,-0.625,0.5));
#16234=CARTESIAN_POINT('',(1.,-0.625,0.5));
#16235=CARTESIAN_POINT('',(0.8,-0.625,0.5));
#16236=CARTESIAN_POINT('',(-0.5,-0.625,0.5));
#16237=CARTESIAN_POINT('',(-0.946862436602,-0.571862436602,0.182780950275));
#16238=CARTESIAN_POINT('Origin',(1.,0.625,0.72));
#16239=CARTESIAN_POINT('',(1.,0.625,0.72));
#16240=CARTESIAN_POINT('',(0.8,0.625,0.72));
#16241=CARTESIAN_POINT('',(-0.5,0.625,0.72));
#16242=CARTESIAN_POINT('',(-0.941457881652,0.566457881652,1.052008851472));
#16243=CARTESIAN_POINT('Origin',(1.,0.557995747331,0.1));
#16244=CARTESIAN_POINT('',(0.934775968693,0.559775968693,0.11062751268));
#16245=CARTESIAN_POINT('',(-0.881638405295,0.506638405295,-0.206591537046));
#16246=CARTESIAN_POINT('',(-0.5,0.625,0.5));
#16247=CARTESIAN_POINT('',(0.8,0.625,0.5));
#16248=CARTESIAN_POINT('Origin',(-1.,0.625,0.72));
#16249=CARTESIAN_POINT('Origin',(1.,0.625,0.72));
#16250=CARTESIAN_POINT('Origin',(-1.,0.625,0.5));
#16251=CARTESIAN_POINT('Origin',(1.,0.625,0.5));
#16252=CARTESIAN_POINT('Origin',(0.8,0.96,0.22));
#16253=CARTESIAN_POINT('',(0.5,0.96,0.22));
#16254=CARTESIAN_POINT('',(0.5,1.05,0.22));
#16255=CARTESIAN_POINT('',(0.5,0.96,0.22));
#16256=CARTESIAN_POINT('',(0.8,0.96,0.22));
#16257=CARTESIAN_POINT('',(0.8,0.96,0.22));
#16258=CARTESIAN_POINT('',(0.8,1.05,0.22));
#16259=CARTESIAN_POINT('',(0.8,0.96,0.22));
#16260=CARTESIAN_POINT('',(0.8,1.05,0.22));
#16261=CARTESIAN_POINT('Origin',(0.8,0.96,0.27));
#16262=CARTESIAN_POINT('',(0.5,0.91,0.27));
#16263=CARTESIAN_POINT('Origin',(0.5,0.96,0.27));
#16264=CARTESIAN_POINT('',(0.8,0.91,0.27));
#16265=CARTESIAN_POINT('',(0.8,0.91,0.27));
#16266=CARTESIAN_POINT('Origin',(0.8,0.96,0.27));
#16267=CARTESIAN_POINT('Origin',(0.8,0.91,0.45));
#16268=CARTESIAN_POINT('',(0.5,0.91,0.45));
#16269=CARTESIAN_POINT('',(0.5,0.91,0.45));
#16270=CARTESIAN_POINT('',(0.8,0.91,0.45));
#16271=CARTESIAN_POINT('',(0.8,0.91,0.45));
#16272=CARTESIAN_POINT('',(0.8,0.91,0.45));
#16273=CARTESIAN_POINT('Origin',(0.8,0.64,0.45));
#16274=CARTESIAN_POINT('',(0.5,0.64,0.72));
#16275=CARTESIAN_POINT('Origin',(0.5,0.64,0.45));
#16276=CARTESIAN_POINT('',(0.8,0.64,0.72));
#16277=CARTESIAN_POINT('',(0.8,0.64,0.72));
#16278=CARTESIAN_POINT('Origin',(0.8,0.64,0.45));
#16279=CARTESIAN_POINT('Origin',(0.8,0.625,0.72));
#16280=CARTESIAN_POINT('',(0.5,0.625,0.72));
#16281=CARTESIAN_POINT('',(0.8,0.625,0.72));
#16282=CARTESIAN_POINT('Origin',(0.8,0.625,0.5));
#16283=CARTESIAN_POINT('',(0.5,0.64,0.5));
#16284=CARTESIAN_POINT('',(0.5,0.625,0.5));
#16285=CARTESIAN_POINT('',(0.8,0.64,0.5));
#16286=CARTESIAN_POINT('',(0.8,0.64,0.5));
#16287=CARTESIAN_POINT('',(0.8,0.625,0.5));
#16288=CARTESIAN_POINT('Origin',(0.8,0.64,0.45));
#16289=CARTESIAN_POINT('',(0.5,0.69,0.45));
#16290=CARTESIAN_POINT('Origin',(0.5,0.64,0.45));
#16291=CARTESIAN_POINT('',(0.8,0.69,0.45));
#16292=CARTESIAN_POINT('',(0.8,0.69,0.45));
#16293=CARTESIAN_POINT('Origin',(0.8,0.64,0.45));
#16294=CARTESIAN_POINT('Origin',(0.8,0.69,0.45));
#16295=CARTESIAN_POINT('',(0.5,0.69,0.27));
#16296=CARTESIAN_POINT('',(0.5,0.69,0.45));
#16297=CARTESIAN_POINT('',(0.8,0.69,0.27));
#16298=CARTESIAN_POINT('',(0.8,0.69,0.27));
#16299=CARTESIAN_POINT('',(0.8,0.69,0.45));
#16300=CARTESIAN_POINT('Origin',(0.8,0.96,0.27));
#16301=CARTESIAN_POINT('',(0.5,0.96,6.93889390390723E-17));
#16302=CARTESIAN_POINT('Origin',(0.5,0.96,0.27));
#16303=CARTESIAN_POINT('',(0.8,0.96,6.93889390390723E-17));
#16304=CARTESIAN_POINT('',(0.8,0.96,6.93889390390723E-17));
#16305=CARTESIAN_POINT('Origin',(0.8,0.96,0.27));
#16306=CARTESIAN_POINT('Origin',(0.8,0.96,6.93889390390723E-17));
#16307=CARTESIAN_POINT('',(0.5,1.05,0.));
#16308=CARTESIAN_POINT('',(0.5,0.96,6.93889390390723E-17));
#16309=CARTESIAN_POINT('',(0.8,1.05,0.));
#16310=CARTESIAN_POINT('',(0.8,1.05,0.));
#16311=CARTESIAN_POINT('',(0.8,0.96,6.93889390390723E-17));
#16312=CARTESIAN_POINT('Origin',(0.8,1.05,0.));
#16313=CARTESIAN_POINT('',(0.5,1.05,0.));
#16314=CARTESIAN_POINT('',(0.8,1.05,0.));
#16315=CARTESIAN_POINT('Origin',(0.8,0.96,0.27));
#16316=CARTESIAN_POINT('Origin',(0.5,0.96,0.27));
#16317=CARTESIAN_POINT('Origin',(-0.5,0.96,0.22));
#16318=CARTESIAN_POINT('',(-0.8,0.96,0.22));
#16319=CARTESIAN_POINT('',(-0.8,1.05,0.22));
#16320=CARTESIAN_POINT('',(-0.8,0.96,0.22));
#16321=CARTESIAN_POINT('',(-0.5,0.96,0.22));
#16322=CARTESIAN_POINT('',(-0.5,0.96,0.22));
#16323=CARTESIAN_POINT('',(-0.5,1.05,0.22));
#16324=CARTESIAN_POINT('',(-0.5,0.96,0.22));
#16325=CARTESIAN_POINT('',(-0.5,1.05,0.22));
#16326=CARTESIAN_POINT('Origin',(-0.5,0.96,0.27));
#16327=CARTESIAN_POINT('',(-0.8,0.91,0.27));
#16328=CARTESIAN_POINT('Origin',(-0.8,0.96,0.27));
#16329=CARTESIAN_POINT('',(-0.5,0.91,0.27));
#16330=CARTESIAN_POINT('',(-0.5,0.91,0.27));
#16331=CARTESIAN_POINT('Origin',(-0.5,0.96,0.27));
#16332=CARTESIAN_POINT('Origin',(-0.5,0.91,0.45));
#16333=CARTESIAN_POINT('',(-0.8,0.91,0.45));
#16334=CARTESIAN_POINT('',(-0.8,0.91,0.45));
#16335=CARTESIAN_POINT('',(-0.5,0.91,0.45));
#16336=CARTESIAN_POINT('',(-0.5,0.91,0.45));
#16337=CARTESIAN_POINT('',(-0.5,0.91,0.45));
#16338=CARTESIAN_POINT('Origin',(-0.5,0.64,0.45));
#16339=CARTESIAN_POINT('',(-0.8,0.64,0.72));
#16340=CARTESIAN_POINT('Origin',(-0.8,0.64,0.45));
#16341=CARTESIAN_POINT('',(-0.5,0.64,0.72));
#16342=CARTESIAN_POINT('',(-0.5,0.64,0.72));
#16343=CARTESIAN_POINT('Origin',(-0.5,0.64,0.45));
#16344=CARTESIAN_POINT('Origin',(-0.5,0.625,0.72));
#16345=CARTESIAN_POINT('',(-0.8,0.625,0.72));
#16346=CARTESIAN_POINT('',(-0.5,0.625,0.72));
#16347=CARTESIAN_POINT('Origin',(-0.5,0.625,0.5));
#16348=CARTESIAN_POINT('',(-0.8,0.64,0.5));
#16349=CARTESIAN_POINT('',(-0.8,0.625,0.5));
#16350=CARTESIAN_POINT('',(-0.5,0.64,0.5));
#16351=CARTESIAN_POINT('',(-0.5,0.64,0.5));
#16352=CARTESIAN_POINT('',(-0.5,0.625,0.5));
#16353=CARTESIAN_POINT('Origin',(-0.5,0.64,0.45));
#16354=CARTESIAN_POINT('',(-0.8,0.69,0.45));
#16355=CARTESIAN_POINT('Origin',(-0.8,0.64,0.45));
#16356=CARTESIAN_POINT('',(-0.5,0.69,0.45));
#16357=CARTESIAN_POINT('',(-0.5,0.69,0.45));
#16358=CARTESIAN_POINT('Origin',(-0.5,0.64,0.45));
#16359=CARTESIAN_POINT('Origin',(-0.5,0.69,0.45));
#16360=CARTESIAN_POINT('',(-0.8,0.69,0.27));
#16361=CARTESIAN_POINT('',(-0.8,0.69,0.45));
#16362=CARTESIAN_POINT('',(-0.5,0.69,0.27));
#16363=CARTESIAN_POINT('',(-0.5,0.69,0.27));
#16364=CARTESIAN_POINT('',(-0.5,0.69,0.45));
#16365=CARTESIAN_POINT('Origin',(-0.5,0.96,0.27));
#16366=CARTESIAN_POINT('',(-0.8,0.96,6.93889390390723E-17));
#16367=CARTESIAN_POINT('Origin',(-0.8,0.96,0.27));
#16368=CARTESIAN_POINT('',(-0.5,0.96,6.93889390390723E-17));
#16369=CARTESIAN_POINT('',(-0.5,0.96,6.93889390390723E-17));
#16370=CARTESIAN_POINT('Origin',(-0.5,0.96,0.27));
#16371=CARTESIAN_POINT('Origin',(-0.5,0.96,6.93889390390723E-17));
#16372=CARTESIAN_POINT('',(-0.8,1.05,0.));
#16373=CARTESIAN_POINT('',(-0.8,0.96,6.93889390390723E-17));
#16374=CARTESIAN_POINT('',(-0.5,1.05,0.));
#16375=CARTESIAN_POINT('',(-0.5,1.05,0.));
#16376=CARTESIAN_POINT('',(-0.5,0.96,6.93889390390723E-17));
#16377=CARTESIAN_POINT('Origin',(-0.5,1.05,0.));
#16378=CARTESIAN_POINT('',(-0.8,1.05,0.));
#16379=CARTESIAN_POINT('',(-0.5,1.05,0.));
#16380=CARTESIAN_POINT('Origin',(-0.5,0.96,0.27));
#16381=CARTESIAN_POINT('Origin',(-0.8,0.96,0.27));
#16382=CARTESIAN_POINT('Origin',(0.8,-0.96,0.22));
#16383=CARTESIAN_POINT('',(0.5,-0.96,0.22));
#16384=CARTESIAN_POINT('',(0.5,-1.05,0.22));
#16385=CARTESIAN_POINT('',(0.5,-0.96,0.22));
#16386=CARTESIAN_POINT('',(0.8,-1.05,0.22));
#16387=CARTESIAN_POINT('',(0.8,-1.05,0.22));
#16388=CARTESIAN_POINT('',(0.8,-0.96,0.22));
#16389=CARTESIAN_POINT('',(0.8,-0.96,0.22));
#16390=CARTESIAN_POINT('',(0.8,-0.96,0.22));
#16391=CARTESIAN_POINT('Origin',(0.8,-1.05,0.));
#16392=CARTESIAN_POINT('',(0.5,-1.05,0.));
#16393=CARTESIAN_POINT('',(0.5,-1.05,0.));
#16394=CARTESIAN_POINT('',(0.8,-1.05,0.));
#16395=CARTESIAN_POINT('',(0.8,-1.05,0.));
#16396=CARTESIAN_POINT('',(0.8,-1.05,0.));
#16397=CARTESIAN_POINT('Origin',(0.8,-0.96,6.93889390390723E-17));
#16398=CARTESIAN_POINT('',(0.5,-0.96,6.93889390390723E-17));
#16399=CARTESIAN_POINT('',(0.5,-0.96,6.93889390390723E-17));
#16400=CARTESIAN_POINT('',(0.8,-0.96,6.93889390390723E-17));
#16401=CARTESIAN_POINT('',(0.8,-0.96,6.93889390390723E-17));
#16402=CARTESIAN_POINT('',(0.8,-0.96,6.93889390390723E-17));
#16403=CARTESIAN_POINT('Origin',(0.8,-0.96,0.27));
#16404=CARTESIAN_POINT('',(0.5,-0.69,0.27));
#16405=CARTESIAN_POINT('Origin',(0.5,-0.96,0.27));
#16406=CARTESIAN_POINT('',(0.8,-0.69,0.27));
#16407=CARTESIAN_POINT('',(0.8,-0.69,0.27));
#16408=CARTESIAN_POINT('Origin',(0.8,-0.96,0.27));
#16409=CARTESIAN_POINT('Origin',(0.8,-0.69,0.45));
#16410=CARTESIAN_POINT('',(0.5,-0.69,0.45));
#16411=CARTESIAN_POINT('',(0.5,-0.69,0.45));
#16412=CARTESIAN_POINT('',(0.8,-0.69,0.45));
#16413=CARTESIAN_POINT('',(0.8,-0.69,0.45));
#16414=CARTESIAN_POINT('',(0.8,-0.69,0.45));
#16415=CARTESIAN_POINT('Origin',(0.8,-0.64,0.45));
#16416=CARTESIAN_POINT('',(0.5,-0.64,0.5));
#16417=CARTESIAN_POINT('Origin',(0.5,-0.64,0.45));
#16418=CARTESIAN_POINT('',(0.8,-0.64,0.5));
#16419=CARTESIAN_POINT('',(0.8,-0.64,0.5));
#16420=CARTESIAN_POINT('Origin',(0.8,-0.64,0.45));
#16421=CARTESIAN_POINT('Origin',(0.8,-0.625,0.5));
#16422=CARTESIAN_POINT('',(0.5,-0.625,0.5));
#16423=CARTESIAN_POINT('',(0.8,-0.625,0.5));
#16424=CARTESIAN_POINT('Origin',(0.8,-0.625,0.72));
#16425=CARTESIAN_POINT('',(0.5,-0.64,0.72));
#16426=CARTESIAN_POINT('',(0.5,-0.625,0.72));
#16427=CARTESIAN_POINT('',(0.8,-0.64,0.72));
#16428=CARTESIAN_POINT('',(0.8,-0.64,0.72));
#16429=CARTESIAN_POINT('',(0.8,-0.625,0.72));
#16430=CARTESIAN_POINT('Origin',(0.8,-0.64,0.45));
#16431=CARTESIAN_POINT('',(0.5,-0.91,0.45));
#16432=CARTESIAN_POINT('Origin',(0.5,-0.64,0.45));
#16433=CARTESIAN_POINT('',(0.8,-0.91,0.45));
#16434=CARTESIAN_POINT('',(0.8,-0.91,0.45));
#16435=CARTESIAN_POINT('Origin',(0.8,-0.64,0.45));
#16436=CARTESIAN_POINT('Origin',(0.8,-0.91,0.45));
#16437=CARTESIAN_POINT('',(0.5,-0.91,0.27));
#16438=CARTESIAN_POINT('',(0.5,-0.91,0.45));
#16439=CARTESIAN_POINT('',(0.8,-0.91,0.27));
#16440=CARTESIAN_POINT('',(0.8,-0.91,0.27));
#16441=CARTESIAN_POINT('',(0.8,-0.91,0.45));
#16442=CARTESIAN_POINT('Origin',(0.8,-0.96,0.27));
#16443=CARTESIAN_POINT('Origin',(0.5,-0.96,0.27));
#16444=CARTESIAN_POINT('Origin',(0.8,-0.96,0.27));
#16445=CARTESIAN_POINT('Origin',(0.8,-0.96,0.27));
#16446=CARTESIAN_POINT('Origin',(0.5,-0.96,0.27));
#16447=CARTESIAN_POINT('Origin',(-0.5,-0.96,0.22));
#16448=CARTESIAN_POINT('',(-0.8,-0.96,0.22));
#16449=CARTESIAN_POINT('',(-0.8,-1.05,0.22));
#16450=CARTESIAN_POINT('',(-0.8,-0.96,0.22));
#16451=CARTESIAN_POINT('',(-0.5,-1.05,0.22));
#16452=CARTESIAN_POINT('',(-0.5,-1.05,0.22));
#16453=CARTESIAN_POINT('',(-0.5,-0.96,0.22));
#16454=CARTESIAN_POINT('',(-0.5,-0.96,0.22));
#16455=CARTESIAN_POINT('',(-0.5,-0.96,0.22));
#16456=CARTESIAN_POINT('Origin',(-0.5,-1.05,0.));
#16457=CARTESIAN_POINT('',(-0.8,-1.05,0.));
#16458=CARTESIAN_POINT('',(-0.8,-1.05,0.));
#16459=CARTESIAN_POINT('',(-0.5,-1.05,0.));
#16460=CARTESIAN_POINT('',(-0.5,-1.05,0.));
#16461=CARTESIAN_POINT('',(-0.5,-1.05,0.));
#16462=CARTESIAN_POINT('Origin',(-0.5,-0.96,6.93889390390723E-17));
#16463=CARTESIAN_POINT('',(-0.8,-0.96,6.93889390390723E-17));
#16464=CARTESIAN_POINT('',(-0.8,-0.96,6.93889390390723E-17));
#16465=CARTESIAN_POINT('',(-0.5,-0.96,6.93889390390723E-17));
#16466=CARTESIAN_POINT('',(-0.5,-0.96,6.93889390390723E-17));
#16467=CARTESIAN_POINT('',(-0.5,-0.96,6.93889390390723E-17));
#16468=CARTESIAN_POINT('Origin',(-0.5,-0.96,0.27));
#16469=CARTESIAN_POINT('',(-0.8,-0.69,0.27));
#16470=CARTESIAN_POINT('Origin',(-0.8,-0.96,0.27));
#16471=CARTESIAN_POINT('',(-0.5,-0.69,0.27));
#16472=CARTESIAN_POINT('',(-0.5,-0.69,0.27));
#16473=CARTESIAN_POINT('Origin',(-0.5,-0.96,0.27));
#16474=CARTESIAN_POINT('Origin',(-0.5,-0.69,0.45));
#16475=CARTESIAN_POINT('',(-0.8,-0.69,0.45));
#16476=CARTESIAN_POINT('',(-0.8,-0.69,0.45));
#16477=CARTESIAN_POINT('',(-0.5,-0.69,0.45));
#16478=CARTESIAN_POINT('',(-0.5,-0.69,0.45));
#16479=CARTESIAN_POINT('',(-0.5,-0.69,0.45));
#16480=CARTESIAN_POINT('Origin',(-0.5,-0.64,0.45));
#16481=CARTESIAN_POINT('',(-0.8,-0.64,0.5));
#16482=CARTESIAN_POINT('Origin',(-0.8,-0.64,0.45));
#16483=CARTESIAN_POINT('',(-0.5,-0.64,0.5));
#16484=CARTESIAN_POINT('',(-0.5,-0.64,0.5));
#16485=CARTESIAN_POINT('Origin',(-0.5,-0.64,0.45));
#16486=CARTESIAN_POINT('Origin',(-0.5,-0.625,0.5));
#16487=CARTESIAN_POINT('',(-0.8,-0.625,0.5));
#16488=CARTESIAN_POINT('',(-0.5,-0.625,0.5));
#16489=CARTESIAN_POINT('Origin',(-0.5,-0.625,0.72));
#16490=CARTESIAN_POINT('',(-0.8,-0.64,0.72));
#16491=CARTESIAN_POINT('',(-0.8,-0.625,0.72));
#16492=CARTESIAN_POINT('',(-0.5,-0.64,0.72));
#16493=CARTESIAN_POINT('',(-0.5,-0.64,0.72));
#16494=CARTESIAN_POINT('',(-0.5,-0.625,0.72));
#16495=CARTESIAN_POINT('Origin',(-0.5,-0.64,0.45));
#16496=CARTESIAN_POINT('',(-0.8,-0.91,0.45));
#16497=CARTESIAN_POINT('Origin',(-0.8,-0.64,0.45));
#16498=CARTESIAN_POINT('',(-0.5,-0.91,0.45));
#16499=CARTESIAN_POINT('',(-0.5,-0.91,0.45));
#16500=CARTESIAN_POINT('Origin',(-0.5,-0.64,0.45));
#16501=CARTESIAN_POINT('Origin',(-0.5,-0.91,0.45));
#16502=CARTESIAN_POINT('',(-0.8,-0.91,0.27));
#16503=CARTESIAN_POINT('',(-0.8,-0.91,0.45));
#16504=CARTESIAN_POINT('',(-0.5,-0.91,0.27));
#16505=CARTESIAN_POINT('',(-0.5,-0.91,0.27));
#16506=CARTESIAN_POINT('',(-0.5,-0.91,0.45));
#16507=CARTESIAN_POINT('Origin',(-0.5,-0.96,0.27));
#16508=CARTESIAN_POINT('Origin',(-0.8,-0.96,0.27));
#16509=CARTESIAN_POINT('Origin',(-0.5,-0.96,0.27));
#16510=CARTESIAN_POINT('Origin',(-0.5,-0.96,0.27));
#16511=CARTESIAN_POINT('Origin',(-0.8,-0.96,0.27));
#16512=CARTESIAN_POINT('',(0.,0.,0.));
#16513=CARTESIAN_POINT('Origin',(-0.303293936748267,0.264,0.00761999999999999));
#16514=CARTESIAN_POINT('',(0.293293936748267,-0.254,0.00761999999999999));
#16515=CARTESIAN_POINT('',(-0.293293936748267,-0.254,0.00761999999999999));
#16516=CARTESIAN_POINT('',(0.293293936748267,-0.254,0.00761999999999999));
#16517=CARTESIAN_POINT('',(0.,0.254,0.00761999999999999));
#16518=CARTESIAN_POINT('',(0.,0.254,0.00761999999999999));
#16519=CARTESIAN_POINT('',(-0.293293936748267,-0.254,0.00761999999999999));
#16520=CARTESIAN_POINT('Origin',(-0.305025694218156,-0.26416,3.46944695195361E-17));
#16521=CARTESIAN_POINT('',(-0.293293936748267,-0.254,3.46944695195361E-17));
#16522=CARTESIAN_POINT('',(0.,0.254,3.46944695195361E-17));
#16523=CARTESIAN_POINT('',(-0.293293936748267,-0.254,3.46944695195361E-17));
#16524=CARTESIAN_POINT('',(0.293293936748267,-0.254,3.46944695195361E-17));
#16525=CARTESIAN_POINT('',(0.,0.254,3.46944695195361E-17));
#16526=CARTESIAN_POINT('',(0.293293936748267,-0.254,3.46944695195361E-17));
#16527=CARTESIAN_POINT('Origin',(-0.299159815483339,-0.26416,0.00995510421077952));
#16528=CARTESIAN_POINT('',(0.,0.254,0.00761999999999999));
#16529=CARTESIAN_POINT('',(-0.293293936748267,-0.254,0.00761999999999999));
#16530=CARTESIAN_POINT('Origin',(-0.00586587873496924,0.26416,0.00995510421077952));
#16531=CARTESIAN_POINT('',(0.293293936748267,-0.254,0.00761999999999999));
#16532=CARTESIAN_POINT('Origin',(0.305025694218156,-0.254,0.00995510421077952));
#16533=CARTESIAN_POINT('Origin',(-0.39624,0.79375,0.312166));
#16534=CARTESIAN_POINT('',(-0.184149988081179,0.79375000004485,0.29972));
#16535=CARTESIAN_POINT('',(-0.381,0.79375,0.29972));
#16536=CARTESIAN_POINT('',(-0.184149985954691,0.79375,0.29972));
#16537=CARTESIAN_POINT('',(-0.381,0.79375,0.00761999999999999));
#16538=CARTESIAN_POINT('',(-0.381,0.79375,0.00761999999999999));
#16539=CARTESIAN_POINT('',(-0.184149987723748,0.793750000044958,0.00762));
#16540=CARTESIAN_POINT('',(-0.381,0.79375,0.00761999999999999));
#16541=CARTESIAN_POINT('',(-0.184149985125726,0.79375,0.00761999999999999));
#16542=CARTESIAN_POINT('Origin',(-0.39624,0.8001,0.312166));
#16543=CARTESIAN_POINT('',(0.381,0.8001,0.30607));
#16544=CARTESIAN_POINT('',(0.381,0.8001,0.00126999999999992));
#16545=CARTESIAN_POINT('',(0.381,0.8001,0.30607));
#16546=CARTESIAN_POINT('',(0.177799999999999,0.8001,0.00126999999999992));
#16547=CARTESIAN_POINT('',(0.177799999999999,0.8001,0.00126999999999992));
#16548=CARTESIAN_POINT('',(0.177799999999999,0.8001,0.30607));
#16549=CARTESIAN_POINT('',(0.177799999999999,0.8001,0.30607));
#16550=CARTESIAN_POINT('',(0.177799999999999,0.8001,0.30607));
#16551=CARTESIAN_POINT('Origin',(-0.39624,0.8001,0.312166));
#16552=CARTESIAN_POINT('',(-0.1778,0.8001,0.30607));
#16553=CARTESIAN_POINT('',(-0.1778,0.8001,0.00126999999999992));
#16554=CARTESIAN_POINT('',(-0.1778,0.8001,0.30607));
#16555=CARTESIAN_POINT('',(-0.381,0.8001,0.00126999999999992));
#16556=CARTESIAN_POINT('',(-0.381,0.8001,0.00126999999999992));
#16557=CARTESIAN_POINT('',(-0.381,0.8001,0.30607));
#16558=CARTESIAN_POINT('',(-0.381,0.8001,0.30607));
#16559=CARTESIAN_POINT('',(-0.381,0.8001,0.30607));
#16560=CARTESIAN_POINT('Origin',(0.1778,0.790821123764292,-0.00482600000000003));
#16561=CARTESIAN_POINT('',(0.177799999999999,0.79375,0.00126999999999992));
#16562=CARTESIAN_POINT('',(0.177799999999999,0.8001,0.00126999999999992));
#16563=CARTESIAN_POINT('',(0.177799999999999,0.79375,0.30607));
#16564=CARTESIAN_POINT('',(0.177799999999999,0.79375,0.00126999999999992));
#16565=CARTESIAN_POINT('',(0.177799999999999,0.8001,0.30607));
#16566=CARTESIAN_POINT('Origin',(4.85722573273506E-16,0.793750000000001,
0.15367));
#16567=CARTESIAN_POINT('',(-0.1778,0.79375,0.30607));
#16568=CARTESIAN_POINT('Origin',(-4.85722573273506E-16,0.793749999999999,
0.30607));
#16569=CARTESIAN_POINT('',(-0.1778,0.79375,0.00126999999999992));
#16570=CARTESIAN_POINT('Origin',(-4.85722573273506E-16,0.793749999999999,
0.00126999999999992));
#16571=CARTESIAN_POINT('',(-0.1778,0.79375,0.30607));
#16572=CARTESIAN_POINT('Origin',(-0.1778,0.803028876235708,-0.00482600000000003));
#16573=CARTESIAN_POINT('',(-0.1778,0.8001,0.00126999999999992));
#16574=CARTESIAN_POINT('',(-0.1778,0.8001,0.30607));
#16575=CARTESIAN_POINT('Origin',(-0.39624,0.80899,0.00126999999999992));
#16576=CARTESIAN_POINT('',(0.381,0.3556,0.00126999999999992));
#16577=CARTESIAN_POINT('',(0.381,0.8001,0.00126999999999992));
#16578=CARTESIAN_POINT('',(-0.381,0.3556,0.00126999999999992));
#16579=CARTESIAN_POINT('',(-0.381,0.3556,0.00126999999999992));
#16580=CARTESIAN_POINT('',(-0.381,0.8001,0.00126999999999992));
#16581=CARTESIAN_POINT('Origin',(-0.39624,0.54102,0.30607));
#16582=CARTESIAN_POINT('',(-0.381,0.5461,0.30607));
#16583=CARTESIAN_POINT('',(-0.381,0.5461,0.30607));
#16584=CARTESIAN_POINT('',(0.381,0.5461,0.30607));
#16585=CARTESIAN_POINT('',(-0.381,0.5461,0.30607));
#16586=CARTESIAN_POINT('',(0.381,0.5461,0.30607));
#16587=CARTESIAN_POINT('Origin',(-0.39624,0.79375,0.312166));
#16588=CARTESIAN_POINT('',(0.381,0.79375,0.00761999999999999));
#16589=CARTESIAN_POINT('',(0.184149995010036,0.793750000000091,0.00761999999999995));
#16590=CARTESIAN_POINT('',(0.381,0.79375,0.00761999999999999));
#16591=CARTESIAN_POINT('',(0.381,0.79375,0.29972));
#16592=CARTESIAN_POINT('',(0.381,0.79375,0.00761999999999999));
#16593=CARTESIAN_POINT('',(0.184149994849039,0.79375,0.29972));
#16594=CARTESIAN_POINT('',(0.381,0.79375,0.29972));
#16595=CARTESIAN_POINT('',(0.18414999484904,0.793749999999996,0.00761999999999999));
#16596=CARTESIAN_POINT('Origin',(-0.39624,0.80899,0.00761999999999999));
#16597=CARTESIAN_POINT('Origin',(2.57780449763878E-9,0.793640798745588,
0.00761999999999999));
#16598=CARTESIAN_POINT('',(-0.381,0.3556,0.00761999999999999));
#16599=CARTESIAN_POINT('',(-0.381,0.79375,0.00761999999999999));
#16600=CARTESIAN_POINT('',(0.381,0.3556,0.00761999999999999));
#16601=CARTESIAN_POINT('',(-0.381,0.3556,0.00761999999999999));
#16602=CARTESIAN_POINT('',(0.381,0.79375,0.00761999999999999));
#16603=CARTESIAN_POINT('Ctrl Pts',(-0.184149984710894,0.793758091731122,
0.00761999999999999));
#16604=CARTESIAN_POINT('Ctrl Pts',(-0.184149984710894,0.793758091731122,
0.5178552));
#16605=CARTESIAN_POINT('Ctrl Pts',(-0.184267352476789,0.609725434806223,
0.00761999999999999));
#16606=CARTESIAN_POINT('Ctrl Pts',(-0.184267352476789,0.609725434806223,
0.5178552));
#16607=CARTESIAN_POINT('Ctrl Pts',(-0.000117365188091689,0.609608141820689,
0.00761999999999999));
#16608=CARTESIAN_POINT('Ctrl Pts',(-0.000117365188091689,0.609608141820689,
0.5178552));
#16609=CARTESIAN_POINT('Ctrl Pts',(0.184032622100608,0.609490848835155,
0.00761999999999999));
#16610=CARTESIAN_POINT('Ctrl Pts',(0.184032622100608,0.609490848835155,
0.5178552));
#16611=CARTESIAN_POINT('Ctrl Pts',(0.184149989866503,0.793523505760054,
0.00761999999999999));
#16612=CARTESIAN_POINT('Ctrl Pts',(0.184149989866503,0.793523505760054,
0.5178552));
#16613=CARTESIAN_POINT('Ctrl Pts',(0.184267357632399,0.977556162684953,
0.00761999999999999));
#16614=CARTESIAN_POINT('Ctrl Pts',(0.184267357632399,0.977556162684953,
0.5178552));
#16615=CARTESIAN_POINT('Ctrl Pts',(0.000117370343700962,0.977673455670486,
0.00761999999999999));
#16616=CARTESIAN_POINT('Ctrl Pts',(0.000117370343700962,0.977673455670486,
0.5178552));
#16617=CARTESIAN_POINT('Ctrl Pts',(-0.184032616944998,0.97779074865602,
0.00761999999999999));
#16618=CARTESIAN_POINT('Ctrl Pts',(-0.184032616944998,0.97779074865602,
0.5178552));
#16619=CARTESIAN_POINT('Ctrl Pts',(-0.184149984710894,0.793758091731122,
0.00761999999999999));
#16620=CARTESIAN_POINT('Ctrl Pts',(-0.184149984710894,0.793758091731122,
0.5178552));
#16621=CARTESIAN_POINT('Origin',(2.57780453233325E-9,0.793640798745588,
0.29972));
#16622=CARTESIAN_POINT('Origin',(-0.39624,0.54102,0.29972));
#16623=CARTESIAN_POINT('',(0.381,0.5461,0.29972));
#16624=CARTESIAN_POINT('',(0.381,0.79375,0.29972));
#16625=CARTESIAN_POINT('',(-0.381,0.5461,0.29972));
#16626=CARTESIAN_POINT('',(-0.381,0.5461,0.29972));
#16627=CARTESIAN_POINT('',(-0.381,0.79375,0.29972));
#16628=CARTESIAN_POINT('Origin',(-0.381,0.80899,-0.00482600000000003));
#16629=CARTESIAN_POINT('',(-0.381,0.5461,0.29972));
#16630=CARTESIAN_POINT('',(-0.381,0.3556,0.00126999999999992));
#16631=CARTESIAN_POINT('Origin',(0.381,0.80899,-0.00482600000000003));
#16632=CARTESIAN_POINT('',(0.381,0.3556,0.00126999999999992));
#16633=CARTESIAN_POINT('',(0.381,0.5461,0.29972));
#16634=CARTESIAN_POINT('Origin',(-0.39624,0.5461,0.296791123764292));
#16635=CARTESIAN_POINT('Origin',(-0.39624,0.3556,-0.00165887623579938));
#16636=CARTESIAN_POINT('Origin',(-0.39624,-0.79375,0.312166));
#16637=CARTESIAN_POINT('',(-0.184149987723748,-0.793750000044958,0.00762));
#16638=CARTESIAN_POINT('',(-0.184149988081179,-0.79375000004485,0.29972));
#16639=CARTESIAN_POINT('',(-0.184149985125726,-0.79375,0.00761999999999999));
#16640=CARTESIAN_POINT('',(-0.381,-0.79375,0.00761999999999999));
#16641=CARTESIAN_POINT('',(-0.381,-0.79375,0.00761999999999999));
#16642=CARTESIAN_POINT('',(-0.381,-0.79375,0.29972));
#16643=CARTESIAN_POINT('',(-0.381,-0.79375,0.00761999999999999));
#16644=CARTESIAN_POINT('',(-0.184149985954691,-0.79375,0.29972));
#16645=CARTESIAN_POINT('Origin',(-0.39624,-0.8001,0.312166));
#16646=CARTESIAN_POINT('',(0.177799999999999,-0.8001,0.30607));
#16647=CARTESIAN_POINT('',(0.381,-0.8001,0.30607));
#16648=CARTESIAN_POINT('',(0.177799999999999,-0.8001,0.30607));
#16649=CARTESIAN_POINT('',(0.177799999999999,-0.8001,0.00126999999999992));
#16650=CARTESIAN_POINT('',(0.177799999999999,-0.8001,0.30607));
#16651=CARTESIAN_POINT('',(0.381,-0.8001,0.00126999999999992));
#16652=CARTESIAN_POINT('',(0.177799999999999,-0.8001,0.00126999999999992));
#16653=CARTESIAN_POINT('',(0.381,-0.8001,0.30607));
#16654=CARTESIAN_POINT('Origin',(-0.39624,-0.8001,0.312166));
#16655=CARTESIAN_POINT('',(-0.381,-0.8001,0.30607));
#16656=CARTESIAN_POINT('',(-0.1778,-0.8001,0.30607));
#16657=CARTESIAN_POINT('',(-0.381,-0.8001,0.30607));
#16658=CARTESIAN_POINT('',(-0.381,-0.8001,0.00126999999999992));
#16659=CARTESIAN_POINT('',(-0.381,-0.8001,0.30607));
#16660=CARTESIAN_POINT('',(-0.1778,-0.8001,0.00126999999999992));
#16661=CARTESIAN_POINT('',(-0.381,-0.8001,0.00126999999999992));
#16662=CARTESIAN_POINT('',(-0.1778,-0.8001,0.30607));
#16663=CARTESIAN_POINT('Origin',(0.1778,-0.790821123764292,-0.00482600000000003));
#16664=CARTESIAN_POINT('',(0.177799999999999,-0.79375,0.30607));
#16665=CARTESIAN_POINT('',(0.177799999999999,-0.8001,0.30607));
#16666=CARTESIAN_POINT('',(0.177799999999999,-0.79375,0.00126999999999992));
#16667=CARTESIAN_POINT('',(0.177799999999999,-0.79375,0.00126999999999992));
#16668=CARTESIAN_POINT('',(0.177799999999999,-0.8001,0.00126999999999992));
#16669=CARTESIAN_POINT('Origin',(5.35830710004253E-16,-0.793750000000001,
-0.00482600000000003));
#16670=CARTESIAN_POINT('',(-0.1778,-0.79375,0.30607));
#16671=CARTESIAN_POINT('',(-0.1778,-0.79375,0.00126999999999992));
#16672=CARTESIAN_POINT('',(-0.1778,-0.79375,0.30607));
#16673=CARTESIAN_POINT('Origin',(-4.85722573273506E-16,-0.793749999999999,
0.00126999999999992));
#16674=CARTESIAN_POINT('Origin',(-4.85722573273506E-16,-0.793749999999999,
0.30607));
#16675=CARTESIAN_POINT('Origin',(-0.1778,-0.803028876235708,-0.00482600000000003));
#16676=CARTESIAN_POINT('',(-0.1778,-0.8001,0.30607));
#16677=CARTESIAN_POINT('',(-0.1778,-0.8001,0.00126999999999992));
#16678=CARTESIAN_POINT('Origin',(-0.39624,-0.80899,0.00126999999999992));
#16679=CARTESIAN_POINT('',(-0.381,-0.3556,0.00126999999999992));
#16680=CARTESIAN_POINT('',(-0.381,-0.8001,0.00126999999999992));
#16681=CARTESIAN_POINT('',(0.381,-0.3556,0.00126999999999992));
#16682=CARTESIAN_POINT('',(-0.381,-0.3556,0.00126999999999992));
#16683=CARTESIAN_POINT('',(0.381,-0.8001,0.00126999999999992));
#16684=CARTESIAN_POINT('Origin',(-0.39624,-0.54102,0.30607));
#16685=CARTESIAN_POINT('',(0.381,-0.5461,0.30607));
#16686=CARTESIAN_POINT('',(0.381,-0.5461,0.30607));
#16687=CARTESIAN_POINT('',(-0.381,-0.5461,0.30607));
#16688=CARTESIAN_POINT('',(-0.381,-0.5461,0.30607));
#16689=CARTESIAN_POINT('',(-0.381,-0.5461,0.30607));
#16690=CARTESIAN_POINT('Origin',(-0.39624,-0.79375,0.312166));
#16691=CARTESIAN_POINT('',(0.184149995010036,-0.793750000000091,0.00761999999999995));
#16692=CARTESIAN_POINT('',(0.184149994849039,-0.79375,0.29972));
#16693=CARTESIAN_POINT('',(0.18414999484904,-0.793749999999996,0.00761999999999999));
#16694=CARTESIAN_POINT('',(0.381,-0.79375,0.29972));
#16695=CARTESIAN_POINT('',(0.381,-0.79375,0.29972));
#16696=CARTESIAN_POINT('',(0.381,-0.79375,0.00761999999999999));
#16697=CARTESIAN_POINT('',(0.381,-0.79375,0.00761999999999999));
#16698=CARTESIAN_POINT('',(0.381,-0.79375,0.00761999999999999));
#16699=CARTESIAN_POINT('Origin',(-0.39624,-0.80899,0.00761999999999999));
#16700=CARTESIAN_POINT('',(0.381,-0.3556,0.00761999999999999));
#16701=CARTESIAN_POINT('',(0.381,-0.79375,0.00761999999999999));
#16702=CARTESIAN_POINT('',(-0.381,-0.3556,0.00761999999999999));
#16703=CARTESIAN_POINT('',(-0.381,-0.3556,0.00761999999999999));
#16704=CARTESIAN_POINT('',(-0.381,-0.79375,0.00761999999999999));
#16705=CARTESIAN_POINT('Origin',(2.57780449763878E-9,-0.793640798745588,
0.00761999999999999));
#16706=CARTESIAN_POINT('Ctrl Pts',(-0.184149984710894,-0.793758091731122,
0.00761999999999999));
#16707=CARTESIAN_POINT('Ctrl Pts',(-0.184149984710894,-0.793758091731122,
0.5178552));
#16708=CARTESIAN_POINT('Ctrl Pts',(-0.184267352476789,-0.609725434806223,
0.00761999999999999));
#16709=CARTESIAN_POINT('Ctrl Pts',(-0.184267352476789,-0.609725434806223,
0.5178552));
#16710=CARTESIAN_POINT('Ctrl Pts',(-0.000117365188091689,-0.609608141820689,
0.00761999999999999));
#16711=CARTESIAN_POINT('Ctrl Pts',(-0.000117365188091689,-0.609608141820689,
0.5178552));
#16712=CARTESIAN_POINT('Ctrl Pts',(0.184032622100608,-0.609490848835155,
0.00761999999999999));
#16713=CARTESIAN_POINT('Ctrl Pts',(0.184032622100608,-0.609490848835155,
0.5178552));
#16714=CARTESIAN_POINT('Ctrl Pts',(0.184149989866503,-0.793523505760054,
0.00761999999999999));
#16715=CARTESIAN_POINT('Ctrl Pts',(0.184149989866503,-0.793523505760054,
0.5178552));
#16716=CARTESIAN_POINT('Ctrl Pts',(0.184267357632399,-0.977556162684953,
0.00761999999999999));
#16717=CARTESIAN_POINT('Ctrl Pts',(0.184267357632399,-0.977556162684953,
0.5178552));
#16718=CARTESIAN_POINT('Ctrl Pts',(0.000117370343700962,-0.977673455670486,
0.00761999999999999));
#16719=CARTESIAN_POINT('Ctrl Pts',(0.000117370343700962,-0.977673455670486,
0.5178552));
#16720=CARTESIAN_POINT('Ctrl Pts',(-0.184032616944998,-0.97779074865602,
0.00761999999999999));
#16721=CARTESIAN_POINT('Ctrl Pts',(-0.184032616944998,-0.97779074865602,
0.5178552));
#16722=CARTESIAN_POINT('Ctrl Pts',(-0.184149984710894,-0.793758091731122,
0.00761999999999999));
#16723=CARTESIAN_POINT('Ctrl Pts',(-0.184149984710894,-0.793758091731122,
0.5178552));
#16724=CARTESIAN_POINT('Origin',(2.57780453233325E-9,-0.793640798745588,
0.29972));
#16725=CARTESIAN_POINT('Origin',(-0.39624,-0.54102,0.29972));
#16726=CARTESIAN_POINT('',(-0.381,-0.5461,0.29972));
#16727=CARTESIAN_POINT('',(-0.381,-0.79375,0.29972));
#16728=CARTESIAN_POINT('',(0.381,-0.5461,0.29972));
#16729=CARTESIAN_POINT('',(-0.381,-0.5461,0.29972));
#16730=CARTESIAN_POINT('',(0.381,-0.79375,0.29972));
#16731=CARTESIAN_POINT('Origin',(-0.381,-0.80899,-0.00482600000000003));
#16732=CARTESIAN_POINT('',(-0.381,-0.3556,0.00126999999999992));
#16733=CARTESIAN_POINT('',(-0.381,-0.5461,0.29972));
#16734=CARTESIAN_POINT('Origin',(0.381,-0.80899,-0.00482600000000003));
#16735=CARTESIAN_POINT('',(0.381,-0.5461,0.29972));
#16736=CARTESIAN_POINT('',(0.381,-0.3556,0.00126999999999992));
#16737=CARTESIAN_POINT('Origin',(-0.39624,-0.5461,0.296791123764292));
#16738=CARTESIAN_POINT('Origin',(-0.39624,-0.3556,-0.00165887623579938));
#16739=CARTESIAN_POINT('Origin',(-0.393699999999999,-0.79375,0.29972));
#16740=CARTESIAN_POINT('',(-0.393699999999999,-0.79375,0.29972));
#16741=CARTESIAN_POINT('',(-0.393699999999999,0.79375,0.29972));
#16742=CARTESIAN_POINT('',(-0.393699999999999,-0.79375,0.29972));
#16743=CARTESIAN_POINT('',(-0.393699999999999,0.79375,0.00761999999999999));
#16744=CARTESIAN_POINT('',(-0.393699999999999,0.79375,0.29972));
#16745=CARTESIAN_POINT('',(-0.393699999999999,-0.79375,0.00761999999999999));
#16746=CARTESIAN_POINT('',(-0.393699999999999,-0.79375,0.00761999999999999));
#16747=CARTESIAN_POINT('',(-0.393699999999999,-0.79375,0.29972));
#16748=CARTESIAN_POINT('Origin',(-0.393699999999999,0.79375,0.29972));
#16749=CARTESIAN_POINT('',(0.381,0.79375,0.00761999999999999));
#16750=CARTESIAN_POINT('',(0.381,0.79375,0.29972));
#16751=CARTESIAN_POINT('',(0.381,0.79375,0.00761999999999999));
#16752=CARTESIAN_POINT('',(0.393699999999999,0.79375,0.29972));
#16753=CARTESIAN_POINT('',(0.381,0.79375,0.29972));
#16754=CARTESIAN_POINT('',(0.393699999999999,0.79375,0.00761999999999999));
#16755=CARTESIAN_POINT('',(0.393699999999999,0.79375,0.29972));
#16756=CARTESIAN_POINT('',(0.381,0.79375,0.00761999999999999));
#16757=CARTESIAN_POINT('Origin',(0.393699999999999,0.79375,0.29972));
#16758=CARTESIAN_POINT('',(0.393699999999999,-0.79375,0.29972));
#16759=CARTESIAN_POINT('',(0.393699999999999,0.79375,0.29972));
#16760=CARTESIAN_POINT('',(0.393699999999999,-0.79375,0.00761999999999999));
#16761=CARTESIAN_POINT('',(0.393699999999999,-0.79375,0.29972));
#16762=CARTESIAN_POINT('',(0.393699999999999,0.79375,0.00761999999999999));
#16763=CARTESIAN_POINT('Origin',(0.393699999999999,-0.79375,0.29972));
#16764=CARTESIAN_POINT('',(-0.381,-0.79375,0.00761999999999999));
#16765=CARTESIAN_POINT('',(-0.381,-0.79375,0.29972));
#16766=CARTESIAN_POINT('',(-0.381,-0.79375,0.00761999999999999));
#16767=CARTESIAN_POINT('',(-0.381,-0.79375,0.29972));
#16768=CARTESIAN_POINT('',(-0.381,-0.79375,0.00761999999999999));
#16769=CARTESIAN_POINT('Origin',(-0.393699999999999,-0.79375,0.00761999999999999));
#16770=CARTESIAN_POINT('',(0.381,0.3556,0.00761999999999999));
#16771=CARTESIAN_POINT('',(0.381,0.79375,0.00761999999999999));
#16772=CARTESIAN_POINT('',(-0.381,0.3556,0.00761999999999999));
#16773=CARTESIAN_POINT('',(-0.381,0.3556,0.00761999999999999));
#16774=CARTESIAN_POINT('',(-0.381,0.79375,0.00761999999999999));
#16775=CARTESIAN_POINT('',(-0.381,0.79375,0.00761999999999999));
#16776=CARTESIAN_POINT('',(-0.18414998772381,0.793750000028323,0.00762));
#16777=CARTESIAN_POINT('',(-0.381,0.79375,0.00761999999999999));
#16778=CARTESIAN_POINT('',(0.184149995010036,0.793750000000046,0.00761999999999999));
#16779=CARTESIAN_POINT('Origin',(2.57780446294431E-9,0.793640798745588,
0.00761999999999999));
#16780=CARTESIAN_POINT('',(0.381,0.79375,0.00761999999999999));
#16781=CARTESIAN_POINT('Ctrl Pts',(-0.184149984710894,0.793758091731122,
0.00761999999999999));
#16782=CARTESIAN_POINT('Ctrl Pts',(-0.184149984710894,0.793758091731122,
0.5178552));
#16783=CARTESIAN_POINT('Ctrl Pts',(-0.184267352476789,0.609725434806223,
0.00761999999999999));
#16784=CARTESIAN_POINT('Ctrl Pts',(-0.184267352476789,0.609725434806223,
0.5178552));
#16785=CARTESIAN_POINT('Ctrl Pts',(-0.000117365188091689,0.609608141820689,
0.00761999999999999));
#16786=CARTESIAN_POINT('Ctrl Pts',(-0.000117365188091689,0.609608141820689,
0.5178552));
#16787=CARTESIAN_POINT('Ctrl Pts',(0.184032622100608,0.609490848835155,
0.00761999999999999));
#16788=CARTESIAN_POINT('Ctrl Pts',(0.184032622100608,0.609490848835155,
0.5178552));
#16789=CARTESIAN_POINT('Ctrl Pts',(0.184149989866503,0.793523505760054,
0.00761999999999999));
#16790=CARTESIAN_POINT('Ctrl Pts',(0.184149989866503,0.793523505760054,
0.5178552));
#16791=CARTESIAN_POINT('Ctrl Pts',(0.184267357632399,0.977556162684953,
0.00761999999999999));
#16792=CARTESIAN_POINT('Ctrl Pts',(0.184267357632399,0.977556162684953,
0.5178552));
#16793=CARTESIAN_POINT('Ctrl Pts',(0.000117370343700962,0.977673455670486,
0.00761999999999999));
#16794=CARTESIAN_POINT('Ctrl Pts',(0.000117370343700962,0.977673455670486,
0.5178552));
#16795=CARTESIAN_POINT('Ctrl Pts',(-0.184032616944998,0.97779074865602,
0.00761999999999999));
#16796=CARTESIAN_POINT('Ctrl Pts',(-0.184032616944998,0.97779074865602,
0.5178552));
#16797=CARTESIAN_POINT('Ctrl Pts',(-0.184149984710894,0.793758091731122,
0.00761999999999999));
#16798=CARTESIAN_POINT('Ctrl Pts',(-0.184149984710894,0.793758091731122,
0.5178552));
#16799=CARTESIAN_POINT('',(0.184149994849039,0.79375,0.29972));
#16800=CARTESIAN_POINT('',(0.18414999484904,0.79374999999995,0.00761999999999999));
#16801=CARTESIAN_POINT('',(-0.18414998808124,0.793750000028215,0.29972));
#16802=CARTESIAN_POINT('',(-0.184149985125726,0.79375,0.00761999999999999));
#16803=CARTESIAN_POINT('Origin',(2.57780449763878E-9,0.793640798745588,
0.29972));
#16804=CARTESIAN_POINT('Origin',(-0.393699999999999,0.79375,0.29972));
#16805=CARTESIAN_POINT('',(-0.393699999999999,0.79375,0.00761999999999999));
#16806=CARTESIAN_POINT('',(-0.381,0.79375,0.29972));
#16807=CARTESIAN_POINT('',(-0.393699999999999,0.79375,0.29972));
#16808=CARTESIAN_POINT('',(-0.381,0.79375,0.00761999999999999));
#16809=CARTESIAN_POINT('Origin',(-0.393699999999999,0.79375,0.29972));
#16810=CARTESIAN_POINT('',(-0.184149985954691,0.79375,0.29972));
#16811=CARTESIAN_POINT('Origin',(-0.393699999999999,0.79375,0.29972));
#16812=CARTESIAN_POINT('',(0.381,0.79375,0.29972));
#16813=CARTESIAN_POINT('Origin',(-0.393699999999999,-0.79375,0.29972));
#16814=CARTESIAN_POINT('',(-0.381,0.5461,0.29972));
#16815=CARTESIAN_POINT('',(-0.381,0.79375,0.29972));
#16816=CARTESIAN_POINT('',(0.381,0.5461,0.29972));
#16817=CARTESIAN_POINT('',(-0.381,0.5461,0.29972));
#16818=CARTESIAN_POINT('',(0.381,0.79375,0.29972));
#16819=CARTESIAN_POINT('Ctrl Pts',(-0.184149984710894,-0.793758091731122,
0.00761999999999999));
#16820=CARTESIAN_POINT('Ctrl Pts',(-0.184149984710894,-0.793758091731122,
0.5178552));
#16821=CARTESIAN_POINT('Ctrl Pts',(-0.184267352476789,-0.609725434806223,
0.00761999999999999));
#16822=CARTESIAN_POINT('Ctrl Pts',(-0.184267352476789,-0.609725434806223,
0.5178552));
#16823=CARTESIAN_POINT('Ctrl Pts',(-0.000117365188091689,-0.609608141820689,
0.00761999999999999));
#16824=CARTESIAN_POINT('Ctrl Pts',(-0.000117365188091689,-0.609608141820689,
0.5178552));
#16825=CARTESIAN_POINT('Ctrl Pts',(0.184032622100608,-0.609490848835155,
0.00761999999999999));
#16826=CARTESIAN_POINT('Ctrl Pts',(0.184032622100608,-0.609490848835155,
0.5178552));
#16827=CARTESIAN_POINT('Ctrl Pts',(0.184149989866503,-0.793523505760054,
0.00761999999999999));
#16828=CARTESIAN_POINT('Ctrl Pts',(0.184149989866503,-0.793523505760054,
0.5178552));
#16829=CARTESIAN_POINT('Ctrl Pts',(0.184267357632399,-0.977556162684953,
0.00761999999999999));
#16830=CARTESIAN_POINT('Ctrl Pts',(0.184267357632399,-0.977556162684953,
0.5178552));
#16831=CARTESIAN_POINT('Ctrl Pts',(0.000117370343700962,-0.977673455670486,
0.00761999999999999));
#16832=CARTESIAN_POINT('Ctrl Pts',(0.000117370343700962,-0.977673455670486,
0.5178552));
#16833=CARTESIAN_POINT('Ctrl Pts',(-0.184032616944998,-0.97779074865602,
0.00761999999999999));
#16834=CARTESIAN_POINT('Ctrl Pts',(-0.184032616944998,-0.97779074865602,
0.5178552));
#16835=CARTESIAN_POINT('Ctrl Pts',(-0.184149984710894,-0.793758091731122,
0.00761999999999999));
#16836=CARTESIAN_POINT('Ctrl Pts',(-0.184149984710894,-0.793758091731122,
0.5178552));
#16837=CARTESIAN_POINT('',(0.184149994849039,-0.79375,0.29972));
#16838=CARTESIAN_POINT('',(-0.18414998808124,-0.793750000028215,0.29972));
#16839=CARTESIAN_POINT('Origin',(2.57780449763878E-9,-0.793640798745588,
0.29972));
#16840=CARTESIAN_POINT('',(-0.18414998772381,-0.793750000028323,0.00761999999999999));
#16841=CARTESIAN_POINT('',(-0.184149985125726,-0.79375,0.00761999999999999));
#16842=CARTESIAN_POINT('',(0.184149995010036,-0.793750000000046,0.00761999999999999));
#16843=CARTESIAN_POINT('Origin',(2.57780446294431E-9,-0.793640798745588,
0.00761999999999999));
#16844=CARTESIAN_POINT('',(0.18414999484904,-0.79374999999995,0.00761999999999999));
#16845=CARTESIAN_POINT('Origin',(0.393699999999999,-0.79375,0.29972));
#16846=CARTESIAN_POINT('',(-0.184149985954691,-0.79375,0.29972));
#16847=CARTESIAN_POINT('',(-0.381,-0.79375,0.00761999999999999));
#16848=CARTESIAN_POINT('Origin',(0.393699999999999,-0.79375,0.29972));
#16849=CARTESIAN_POINT('',(0.381,-0.79375,0.00761999999999999));
#16850=CARTESIAN_POINT('',(0.381,-0.79375,0.29972));
#16851=CARTESIAN_POINT('',(0.381,-0.79375,0.00761999999999999));
#16852=CARTESIAN_POINT('',(0.381,-0.79375,0.29972));
#16853=CARTESIAN_POINT('',(0.381,-0.79375,0.00761999999999999));
#16854=CARTESIAN_POINT('Origin',(0.393699999999999,-0.79375,0.29972));
#16855=CARTESIAN_POINT('',(0.393699999999999,-0.79375,0.00761999999999999));
#16856=CARTESIAN_POINT('',(0.393699999999999,-0.79375,0.29972));
#16857=CARTESIAN_POINT('Origin',(-0.393699999999999,-0.79375,0.29972));
#16858=CARTESIAN_POINT('',(-0.381,-0.5461,0.29972));
#16859=CARTESIAN_POINT('',(-0.381,-0.79375,0.29972));
#16860=CARTESIAN_POINT('',(0.381,-0.5461,0.29972));
#16861=CARTESIAN_POINT('',(-0.381,-0.5461,0.29972));
#16862=CARTESIAN_POINT('',(0.381,-0.79375,0.29972));
#16863=CARTESIAN_POINT('Origin',(-0.393699999999999,-0.79375,0.29972));
#16864=CARTESIAN_POINT('Origin',(-0.393699999999999,-0.79375,0.00761999999999999));
#16865=CARTESIAN_POINT('',(0.381,-0.3556,0.00761999999999999));
#16866=CARTESIAN_POINT('',(0.381,-0.79375,0.00761999999999999));
#16867=CARTESIAN_POINT('',(-0.381,-0.3556,0.00761999999999999));
#16868=CARTESIAN_POINT('',(-0.381,-0.3556,0.00761999999999999));
#16869=CARTESIAN_POINT('',(-0.381,-0.79375,0.00761999999999999));
#16870=CARTESIAN_POINT('Origin',(-0.393699999999999,-0.79375,0.00761999999999999));
#16871=CARTESIAN_POINT('Origin',(-0.401573999999999,-0.55688622192539,0.30226));
#16872=CARTESIAN_POINT('',(0.393699999999999,-0.545966884240578,0.30226));
#16873=CARTESIAN_POINT('',(0.393699999999999,0.545966884240578,0.30226));
#16874=CARTESIAN_POINT('',(0.393699999999999,-0.545966884240578,0.30226));
#16875=CARTESIAN_POINT('',(-0.393699999999999,-0.545966884240578,0.30226));
#16876=CARTESIAN_POINT('',(-0.393699999999999,-0.545966884240578,0.30226));
#16877=CARTESIAN_POINT('',(-0.393699999999999,0.545966884240578,0.30226));
#16878=CARTESIAN_POINT('',(-0.393699999999999,0.545966884240578,0.30226));
#16879=CARTESIAN_POINT('',(0.393699999999999,0.545966884240578,0.30226));
#16880=CARTESIAN_POINT('Origin',(-0.409447999999999,-0.546317165259344,
0.295576240002802));
#16881=CARTESIAN_POINT('',(-0.393699999999999,-0.528452833304597,0.636447999865732));
#16882=CARTESIAN_POINT('',(-0.393699999999999,-0.545966884240578,0.30226));
#16883=CARTESIAN_POINT('',(0.393699999999999,-0.528452833304596,0.636447999865732));
#16884=CARTESIAN_POINT('',(0.393699999999999,-0.545966884240578,0.30226));
#16885=CARTESIAN_POINT('',(-0.393699999999999,-0.528452833304597,0.636447999865732));
#16886=CARTESIAN_POINT('Origin',(-0.409447999999999,-0.470451553266462,
0.70866));
#16887=CARTESIAN_POINT('',(0.393699999999999,-0.45235726275636,0.708660000000001));
#16888=CARTESIAN_POINT('',(0.393699999999999,0.45235726275636,0.708660000000001));
#16889=CARTESIAN_POINT('',(0.393699999999999,-0.45235726275636,0.708660000000001));
#16890=CARTESIAN_POINT('',(-0.393699999999999,0.45235726275636,0.708660000000001));
#16891=CARTESIAN_POINT('',(0.393699999999999,0.45235726275636,0.708660000000001));
#16892=CARTESIAN_POINT('',(-0.393699999999999,-0.452357262756359,0.708660000000001));
#16893=CARTESIAN_POINT('',(-0.393699999999999,0.45235726275636,0.708660000000001));
#16894=CARTESIAN_POINT('',(-0.393699999999999,-0.452357262756359,0.708660000000001));
#16895=CARTESIAN_POINT('Origin',(0.393699999999999,-0.567805559610129,0.294132));
#16896=CARTESIAN_POINT('',(0.393699999999999,0.528452833304597,0.636447999865732));
#16897=CARTESIAN_POINT('',(0.393699999999999,0.545966884240578,0.30226));
#16898=CARTESIAN_POINT('Origin',(0.393699999999999,0.452357262756363,0.632460000000068));
#16899=CARTESIAN_POINT('Origin',(0.393699999999999,-0.452357262756362,0.632460000000068));
#16900=CARTESIAN_POINT('Origin',(-0.409447999999999,-0.452357262756359,
0.632459999999999));
#16901=CARTESIAN_POINT('Origin',(-0.3937,-0.452357262756362,0.632460000000067));
#16902=CARTESIAN_POINT('Origin',(-0.393699999999999,0.56780555961013,0.294132));
#16903=CARTESIAN_POINT('',(-0.393699999999999,0.528452833304597,0.636447999865732));
#16904=CARTESIAN_POINT('Origin',(-0.393699999999999,0.452357262756362,0.632460000000067));
#16905=CARTESIAN_POINT('',(-0.393699999999999,0.545966884240578,0.30226));
#16906=CARTESIAN_POINT('Origin',(0.409447999999999,0.452357262756361,0.632460000000003));
#16907=CARTESIAN_POINT('',(0.393699999999999,0.528452833304597,0.636447999865732));
#16908=CARTESIAN_POINT('Origin',(0.409447999999999,0.546317165259344,0.295576240002802));
#16909=CARTESIAN_POINT('',(0.,0.,0.));
#16910=CARTESIAN_POINT('Origin',(-1.524,0.681,0.));
#16911=CARTESIAN_POINT('',(-0.914,0.681,0.));
#16912=CARTESIAN_POINT('',(-1.524,0.681,0.));
#16913=CARTESIAN_POINT('',(-0.914,0.681,0.));
#16914=CARTESIAN_POINT('',(-0.914,0.681,0.0510000000000001));
#16915=CARTESIAN_POINT('',(-0.914,0.681,0.0510000000000001));
#16916=CARTESIAN_POINT('',(-1.524,0.681,0.0510000000000001));
#16917=CARTESIAN_POINT('',(-1.524,0.681,0.0510000000000001));
#16918=CARTESIAN_POINT('',(-1.524,0.681,0.));
#16919=CARTESIAN_POINT('Origin',(-0.914,0.681,0.));
#16920=CARTESIAN_POINT('',(-0.914,1.519,0.));
#16921=CARTESIAN_POINT('',(-0.914,1.519,0.));
#16922=CARTESIAN_POINT('',(-0.914,1.519,0.0510000000000001));
#16923=CARTESIAN_POINT('',(-0.914,1.519,0.0510000000000001));
#16924=CARTESIAN_POINT('',(-0.914,0.681,0.0510000000000001));
#16925=CARTESIAN_POINT('Origin',(-0.914,1.519,0.));
#16926=CARTESIAN_POINT('',(-1.524,1.519,0.));
#16927=CARTESIAN_POINT('',(-1.524,1.519,0.));
#16928=CARTESIAN_POINT('',(-1.524,1.519,0.0510000000000001));
#16929=CARTESIAN_POINT('',(-1.524,1.519,0.0510000000000001));
#16930=CARTESIAN_POINT('',(-0.914,1.519,0.0510000000000001));
#16931=CARTESIAN_POINT('Origin',(-1.524,1.519,0.));
#16932=CARTESIAN_POINT('',(-1.524,0.681,0.));
#16933=CARTESIAN_POINT('',(-1.524,1.519,0.0510000000000001));
#16934=CARTESIAN_POINT('Origin',(-1.524,1.519,0.));
#16935=CARTESIAN_POINT('Origin',(-1.524,0.681,0.0510000000000001));
#16936=CARTESIAN_POINT('Origin',(-1.524,-0.419,0.));
#16937=CARTESIAN_POINT('',(-0.914,-0.419,0.));
#16938=CARTESIAN_POINT('',(-1.524,-0.419,0.));
#16939=CARTESIAN_POINT('',(-0.914,-0.419,0.));
#16940=CARTESIAN_POINT('',(-0.914,-0.419,0.0510000000000001));
#16941=CARTESIAN_POINT('',(-0.914,-0.419,0.0510000000000001));
#16942=CARTESIAN_POINT('',(-1.524,-0.419,0.0510000000000001));
#16943=CARTESIAN_POINT('',(-1.524,-0.419,0.0510000000000001));
#16944=CARTESIAN_POINT('',(-1.524,-0.419,0.));
#16945=CARTESIAN_POINT('Origin',(-0.914,-0.419,0.));
#16946=CARTESIAN_POINT('',(-0.914,0.419,0.));
#16947=CARTESIAN_POINT('',(-0.914,0.419,0.));
#16948=CARTESIAN_POINT('',(-0.914,0.419,0.0510000000000001));
#16949=CARTESIAN_POINT('',(-0.914,0.419,0.0510000000000001));
#16950=CARTESIAN_POINT('',(-0.914,-0.419,0.0510000000000001));
#16951=CARTESIAN_POINT('Origin',(-0.914,0.419,0.));
#16952=CARTESIAN_POINT('',(-1.524,0.419,0.));
#16953=CARTESIAN_POINT('',(-1.524,0.419,0.));
#16954=CARTESIAN_POINT('',(-1.524,0.419,0.0510000000000001));
#16955=CARTESIAN_POINT('',(-1.524,0.419,0.0510000000000001));
#16956=CARTESIAN_POINT('',(-0.914,0.419,0.0510000000000001));
#16957=CARTESIAN_POINT('Origin',(-1.524,0.419,0.));
#16958=CARTESIAN_POINT('',(-1.524,-0.419,0.));
#16959=CARTESIAN_POINT('',(-1.524,0.419,0.0510000000000001));
#16960=CARTESIAN_POINT('Origin',(-1.524,0.419,0.));
#16961=CARTESIAN_POINT('Origin',(-1.524,-0.419,0.0510000000000001));
#16962=CARTESIAN_POINT('Origin',(-1.524,-1.519,0.));
#16963=CARTESIAN_POINT('',(-0.914,-1.519,0.));
#16964=CARTESIAN_POINT('',(-1.524,-1.519,0.));
#16965=CARTESIAN_POINT('',(-0.914,-1.519,0.));
#16966=CARTESIAN_POINT('',(-0.914,-1.519,0.0510000000000001));
#16967=CARTESIAN_POINT('',(-0.914,-1.519,0.0510000000000001));
#16968=CARTESIAN_POINT('',(-1.524,-1.519,0.0510000000000001));
#16969=CARTESIAN_POINT('',(-1.524,-1.519,0.0510000000000001));
#16970=CARTESIAN_POINT('',(-1.524,-1.519,0.));
#16971=CARTESIAN_POINT('Origin',(-0.914,-1.519,0.));
#16972=CARTESIAN_POINT('',(-0.914,-0.681,0.));
#16973=CARTESIAN_POINT('',(-0.914,-0.681,0.));
#16974=CARTESIAN_POINT('',(-0.914,-0.681,0.0510000000000001));
#16975=CARTESIAN_POINT('',(-0.914,-0.681,0.0510000000000001));
#16976=CARTESIAN_POINT('',(-0.914,-1.519,0.0510000000000001));
#16977=CARTESIAN_POINT('Origin',(-0.914,-0.681,0.));
#16978=CARTESIAN_POINT('',(-1.524,-0.681,0.));
#16979=CARTESIAN_POINT('',(-1.524,-0.681,0.));
#16980=CARTESIAN_POINT('',(-1.524,-0.681,0.0510000000000001));
#16981=CARTESIAN_POINT('',(-1.524,-0.681,0.0510000000000001));
#16982=CARTESIAN_POINT('',(-0.914,-0.681,0.0510000000000001));
#16983=CARTESIAN_POINT('Origin',(-1.524,-0.681,0.));
#16984=CARTESIAN_POINT('',(-1.524,-1.519,0.));
#16985=CARTESIAN_POINT('',(-1.524,-0.681,0.0510000000000001));
#16986=CARTESIAN_POINT('Origin',(-1.524,-0.681,0.));
#16987=CARTESIAN_POINT('Origin',(-1.524,-1.519,0.0510000000000001));
#16988=CARTESIAN_POINT('Origin',(-0.419,-1.524,0.));
#16989=CARTESIAN_POINT('',(0.419,-1.524,0.));
#16990=CARTESIAN_POINT('',(-0.419,-1.524,0.));
#16991=CARTESIAN_POINT('',(0.419,-1.524,0.));
#16992=CARTESIAN_POINT('',(0.419,-1.524,0.0510000000000001));
#16993=CARTESIAN_POINT('',(0.419,-1.524,0.0510000000000001));
#16994=CARTESIAN_POINT('',(-0.419,-1.524,0.0510000000000001));
#16995=CARTESIAN_POINT('',(-0.419,-1.524,0.0510000000000001));
#16996=CARTESIAN_POINT('',(-0.419,-1.524,0.));
#16997=CARTESIAN_POINT('Origin',(0.419,-1.524,0.));
#16998=CARTESIAN_POINT('',(0.419,-0.914,0.));
#16999=CARTESIAN_POINT('',(0.419,-0.914,0.));
#17000=CARTESIAN_POINT('',(0.419,-0.914,0.0510000000000001));
#17001=CARTESIAN_POINT('',(0.419,-0.914,0.0510000000000001));
#17002=CARTESIAN_POINT('',(0.419,-1.524,0.0510000000000001));
#17003=CARTESIAN_POINT('Origin',(0.419,-0.914,0.));
#17004=CARTESIAN_POINT('',(-0.419,-0.914,0.));
#17005=CARTESIAN_POINT('',(-0.419,-0.914,0.));
#17006=CARTESIAN_POINT('',(-0.419,-0.914,0.0510000000000001));
#17007=CARTESIAN_POINT('',(-0.419,-0.914,0.0510000000000001));
#17008=CARTESIAN_POINT('',(0.419,-0.914,0.0510000000000001));
#17009=CARTESIAN_POINT('Origin',(-0.419,-0.914,0.));
#17010=CARTESIAN_POINT('',(-0.419,-1.524,0.));
#17011=CARTESIAN_POINT('',(-0.419,-0.914,0.0510000000000001));
#17012=CARTESIAN_POINT('Origin',(-0.419,-0.914,0.));
#17013=CARTESIAN_POINT('Origin',(-0.419,-1.524,0.0510000000000001));
#17014=CARTESIAN_POINT('Origin',(0.914,-1.519,0.));
#17015=CARTESIAN_POINT('',(1.524,-1.519,0.));
#17016=CARTESIAN_POINT('',(0.914,-1.519,0.));
#17017=CARTESIAN_POINT('',(1.524,-1.519,0.));
#17018=CARTESIAN_POINT('',(1.524,-1.519,0.0510000000000001));
#17019=CARTESIAN_POINT('',(1.524,-1.519,0.0510000000000001));
#17020=CARTESIAN_POINT('',(0.914,-1.519,0.0510000000000001));
#17021=CARTESIAN_POINT('',(0.914,-1.519,0.0510000000000001));
#17022=CARTESIAN_POINT('',(0.914,-1.519,0.));
#17023=CARTESIAN_POINT('Origin',(1.524,-1.519,0.));
#17024=CARTESIAN_POINT('',(1.524,-0.681,0.));
#17025=CARTESIAN_POINT('',(1.524,-0.681,0.));
#17026=CARTESIAN_POINT('',(1.524,-0.681,0.0510000000000001));
#17027=CARTESIAN_POINT('',(1.524,-0.681,0.0510000000000001));
#17028=CARTESIAN_POINT('',(1.524,-1.519,0.0510000000000001));
#17029=CARTESIAN_POINT('Origin',(1.524,-0.681,0.));
#17030=CARTESIAN_POINT('',(0.914,-0.681,0.));
#17031=CARTESIAN_POINT('',(0.914,-0.681,0.));
#17032=CARTESIAN_POINT('',(0.914,-0.681,0.0510000000000001));
#17033=CARTESIAN_POINT('',(0.914,-0.681,0.0510000000000001));
#17034=CARTESIAN_POINT('',(1.524,-0.681,0.0510000000000001));
#17035=CARTESIAN_POINT('Origin',(0.914,-0.681,0.));
#17036=CARTESIAN_POINT('',(0.914,-1.519,0.));
#17037=CARTESIAN_POINT('',(0.914,-0.681,0.0510000000000001));
#17038=CARTESIAN_POINT('Origin',(0.914,-0.681,0.));
#17039=CARTESIAN_POINT('Origin',(0.914,-1.519,0.0510000000000001));
#17040=CARTESIAN_POINT('Origin',(0.914,-0.419,0.));
#17041=CARTESIAN_POINT('',(1.524,-0.419,0.));
#17042=CARTESIAN_POINT('',(0.914,-0.419,0.));
#17043=CARTESIAN_POINT('',(1.524,-0.419,0.));
#17044=CARTESIAN_POINT('',(1.524,-0.419,0.0510000000000001));
#17045=CARTESIAN_POINT('',(1.524,-0.419,0.0510000000000001));
#17046=CARTESIAN_POINT('',(0.914,-0.419,0.0510000000000001));
#17047=CARTESIAN_POINT('',(0.914,-0.419,0.0510000000000001));
#17048=CARTESIAN_POINT('',(0.914,-0.419,0.));
#17049=CARTESIAN_POINT('Origin',(1.524,-0.419,0.));
#17050=CARTESIAN_POINT('',(1.524,0.419,0.));
#17051=CARTESIAN_POINT('',(1.524,0.419,0.));
#17052=CARTESIAN_POINT('',(1.524,0.419,0.0510000000000001));
#17053=CARTESIAN_POINT('',(1.524,0.419,0.0510000000000001));
#17054=CARTESIAN_POINT('',(1.524,-0.419,0.0510000000000001));
#17055=CARTESIAN_POINT('Origin',(1.524,0.419,0.));
#17056=CARTESIAN_POINT('',(0.914,0.419,0.));
#17057=CARTESIAN_POINT('',(0.914,0.419,0.));
#17058=CARTESIAN_POINT('',(0.914,0.419,0.0510000000000001));
#17059=CARTESIAN_POINT('',(0.914,0.419,0.0510000000000001));
#17060=CARTESIAN_POINT('',(1.524,0.419,0.0510000000000001));
#17061=CARTESIAN_POINT('Origin',(0.914,0.419,0.));
#17062=CARTESIAN_POINT('',(0.914,-0.419,0.));
#17063=CARTESIAN_POINT('',(0.914,0.419,0.0510000000000001));
#17064=CARTESIAN_POINT('Origin',(0.914,0.419,0.));
#17065=CARTESIAN_POINT('Origin',(0.914,-0.419,0.0510000000000001));
#17066=CARTESIAN_POINT('Origin',(0.914,0.681,0.));
#17067=CARTESIAN_POINT('',(1.524,0.681,0.));
#17068=CARTESIAN_POINT('',(0.914,0.681,0.));
#17069=CARTESIAN_POINT('',(1.524,0.681,0.));
#17070=CARTESIAN_POINT('',(1.524,0.681,0.0510000000000001));
#17071=CARTESIAN_POINT('',(1.524,0.681,0.0510000000000001));
#17072=CARTESIAN_POINT('',(0.914,0.681,0.0510000000000001));
#17073=CARTESIAN_POINT('',(0.914,0.681,0.0510000000000001));
#17074=CARTESIAN_POINT('',(0.914,0.681,0.));
#17075=CARTESIAN_POINT('Origin',(1.524,0.681,0.));
#17076=CARTESIAN_POINT('',(1.524,1.519,0.));
#17077=CARTESIAN_POINT('',(1.524,1.519,0.));
#17078=CARTESIAN_POINT('',(1.524,1.519,0.0510000000000001));
#17079=CARTESIAN_POINT('',(1.524,1.519,0.0510000000000001));
#17080=CARTESIAN_POINT('',(1.524,0.681,0.0510000000000001));
#17081=CARTESIAN_POINT('Origin',(1.524,1.519,0.));
#17082=CARTESIAN_POINT('',(0.914,1.519,0.));
#17083=CARTESIAN_POINT('',(0.914,1.519,0.));
#17084=CARTESIAN_POINT('',(0.914,1.519,0.0510000000000001));
#17085=CARTESIAN_POINT('',(0.914,1.519,0.0510000000000001));
#17086=CARTESIAN_POINT('',(1.524,1.519,0.0510000000000001));
#17087=CARTESIAN_POINT('Origin',(0.914,1.519,0.));
#17088=CARTESIAN_POINT('',(0.914,0.681,0.));
#17089=CARTESIAN_POINT('',(0.914,1.519,0.0510000000000001));
#17090=CARTESIAN_POINT('Origin',(0.914,1.519,0.));
#17091=CARTESIAN_POINT('Origin',(0.914,0.681,0.0510000000000001));
#17092=CARTESIAN_POINT('Origin',(-0.419,0.914,0.));
#17093=CARTESIAN_POINT('',(0.419,0.914,0.));
#17094=CARTESIAN_POINT('',(-0.419,0.914,0.));
#17095=CARTESIAN_POINT('',(0.419,0.914,0.));
#17096=CARTESIAN_POINT('',(0.419,0.914,0.0510000000000001));
#17097=CARTESIAN_POINT('',(0.419,0.914,0.0510000000000001));
#17098=CARTESIAN_POINT('',(-0.419,0.914,0.0510000000000001));
#17099=CARTESIAN_POINT('',(-0.419,0.914,0.0510000000000001));
#17100=CARTESIAN_POINT('',(-0.419,0.914,0.));
#17101=CARTESIAN_POINT('Origin',(0.419,0.914,0.));
#17102=CARTESIAN_POINT('',(0.419,1.524,0.));
#17103=CARTESIAN_POINT('',(0.419,1.524,0.));
#17104=CARTESIAN_POINT('',(0.419,1.524,0.0510000000000001));
#17105=CARTESIAN_POINT('',(0.419,1.524,0.0510000000000001));
#17106=CARTESIAN_POINT('',(0.419,0.914,0.0510000000000001));
#17107=CARTESIAN_POINT('Origin',(0.419,1.524,0.));
#17108=CARTESIAN_POINT('',(-0.419,1.524,0.));
#17109=CARTESIAN_POINT('',(-0.419,1.524,0.));
#17110=CARTESIAN_POINT('',(-0.419,1.524,0.0510000000000001));
#17111=CARTESIAN_POINT('',(-0.419,1.524,0.0510000000000001));
#17112=CARTESIAN_POINT('',(0.419,1.524,0.0510000000000001));
#17113=CARTESIAN_POINT('Origin',(-0.419,1.524,0.));
#17114=CARTESIAN_POINT('',(-0.419,0.914,0.));
#17115=CARTESIAN_POINT('',(-0.419,1.524,0.0510000000000001));
#17116=CARTESIAN_POINT('Origin',(-0.419,1.524,0.));
#17117=CARTESIAN_POINT('Origin',(-0.419,0.914,0.0510000000000001));
#17118=CARTESIAN_POINT('Origin',(-0.533,-0.533,0.));
#17119=CARTESIAN_POINT('',(0.533,-0.533,0.));
#17120=CARTESIAN_POINT('',(-0.533,-0.533,0.));
#17121=CARTESIAN_POINT('',(0.533,-0.533,0.));
#17122=CARTESIAN_POINT('',(0.533,-0.533,0.0510000000000001));
#17123=CARTESIAN_POINT('',(0.533,-0.533,0.0510000000000001));
#17124=CARTESIAN_POINT('',(-0.533,-0.533,0.0510000000000001));
#17125=CARTESIAN_POINT('',(-0.533,-0.533,0.0510000000000001));
#17126=CARTESIAN_POINT('',(-0.533,-0.533,0.));
#17127=CARTESIAN_POINT('Origin',(0.533,-0.533,0.));
#17128=CARTESIAN_POINT('',(0.533,0.533,0.));
#17129=CARTESIAN_POINT('',(0.533,0.533,0.));
#17130=CARTESIAN_POINT('',(0.533,0.533,0.0510000000000001));
#17131=CARTESIAN_POINT('',(0.533,0.533,0.0510000000000001));
#17132=CARTESIAN_POINT('',(0.533,-0.533,0.0510000000000001));
#17133=CARTESIAN_POINT('Origin',(0.533,0.533,0.));
#17134=CARTESIAN_POINT('',(-0.533,0.533,0.));
#17135=CARTESIAN_POINT('',(-0.533,0.533,0.));
#17136=CARTESIAN_POINT('',(-0.533,0.533,0.0510000000000001));
#17137=CARTESIAN_POINT('',(-0.533,0.533,0.0510000000000001));
#17138=CARTESIAN_POINT('',(0.533,0.533,0.0510000000000001));
#17139=CARTESIAN_POINT('Origin',(-0.533,0.533,0.));
#17140=CARTESIAN_POINT('',(-0.533,-0.533,0.));
#17141=CARTESIAN_POINT('',(-0.533,0.533,0.0510000000000001));
#17142=CARTESIAN_POINT('Origin',(-0.533,0.533,0.));
#17143=CARTESIAN_POINT('Origin',(-0.533,-0.533,0.0510000000000001));
#17144=CARTESIAN_POINT('Origin',(-1.25,1.25,0.391));
#17145=CARTESIAN_POINT('',(-1.15,1.25,0.391));
#17146=CARTESIAN_POINT('Origin',(-1.25,1.25,0.391));
#17147=CARTESIAN_POINT('',(-1.15,1.25,0.341));
#17148=CARTESIAN_POINT('',(-1.15,1.25,0.391));
#17149=CARTESIAN_POINT('Origin',(-1.25,1.25,0.341));
#17150=CARTESIAN_POINT('Origin',(-1.25,1.25,0.341));
#17151=CARTESIAN_POINT('Origin',(0.,0.,1.1255));
#17152=CARTESIAN_POINT('',(-1.1,-1.38777878078145E-16,0.391));
#17153=CARTESIAN_POINT('Origin',(0.,0.,0.391));
#17154=CARTESIAN_POINT('',(-1.1,-1.38777878078145E-16,1.86));
#17155=CARTESIAN_POINT('',(-1.1,-1.34711147906209E-16,1.1255));
#17156=CARTESIAN_POINT('Origin',(0.,0.,1.86));
#17157=CARTESIAN_POINT('Origin',(0.,0.,0.641));
#17158=CARTESIAN_POINT('',(-1.525,-1.90819582357449E-16,0.891));
#17159=CARTESIAN_POINT('Origin',(0.,0.,0.891));
#17160=CARTESIAN_POINT('',(-1.525,-1.90819582357449E-16,0.391));
#17161=CARTESIAN_POINT('',(-1.525,-1.86758636869971E-16,0.641));
#17162=CARTESIAN_POINT('Origin',(0.,0.,0.391));
#17163=CARTESIAN_POINT('Origin',(1.275,0.,0.891));
#17164=CARTESIAN_POINT('',(-1.275,-1.56125112837913E-16,0.891));
#17165=CARTESIAN_POINT('Origin',(0.,0.,0.891));
#17166=CARTESIAN_POINT('Origin',(0.,0.,1.291));
#17167=CARTESIAN_POINT('',(-1.275,-1.56125112837913E-16,1.691));
#17168=CARTESIAN_POINT('Origin',(0.,0.,1.691));
#17169=CARTESIAN_POINT('',(-1.275,-1.56142466891288E-16,1.291));
#17170=CARTESIAN_POINT('Origin',(1.5,0.,1.691));
#17171=CARTESIAN_POINT('',(-1.5,-1.90819582357449E-16,1.691));
#17172=CARTESIAN_POINT('Origin',(0.,0.,1.691));
#17173=CARTESIAN_POINT('Origin',(0.,0.,1.7755));
#17174=CARTESIAN_POINT('',(-1.5,-1.90819582357449E-16,1.86));
#17175=CARTESIAN_POINT('Origin',(0.,0.,1.86));
#17176=CARTESIAN_POINT('',(-1.5,-1.83697019872103E-16,1.7755));
#17177=CARTESIAN_POINT('Origin',(1.1,0.,1.86));
#17178=CARTESIAN_POINT('Origin',(0.,0.,0.391));
#17179=CARTESIAN_POINT('',(-1.625,-1.625,0.391));
#17180=CARTESIAN_POINT('',(1.625,-1.625,0.391));
#17181=CARTESIAN_POINT('',(1.625,-1.625,0.391));
#17182=CARTESIAN_POINT('',(1.625,1.625,0.391));
#17183=CARTESIAN_POINT('',(1.625,1.625,0.391));
#17184=CARTESIAN_POINT('',(-1.625,1.625,0.391));
#17185=CARTESIAN_POINT('',(-1.625,1.625,0.391));
#17186=CARTESIAN_POINT('',(-1.625,-1.625,0.391));
#17187=CARTESIAN_POINT('Origin',(-1.625,1.625,0.0510000000000001));
#17188=CARTESIAN_POINT('',(-1.625,-1.625,0.0510000000000001));
#17189=CARTESIAN_POINT('',(-1.625,1.625,0.0510000000000001));
#17190=CARTESIAN_POINT('',(-1.625,-1.625,0.0510000000000001));
#17191=CARTESIAN_POINT('',(-1.625,-1.625,0.0510000000000001));
#17192=CARTESIAN_POINT('',(-1.625,1.625,0.0510000000000001));
#17193=CARTESIAN_POINT('Origin',(1.625,1.625,0.0510000000000001));
#17194=CARTESIAN_POINT('',(1.625,1.625,0.0510000000000001));
#17195=CARTESIAN_POINT('',(-1.625,1.625,0.0510000000000001));
#17196=CARTESIAN_POINT('',(1.625,1.625,0.0510000000000001));
#17197=CARTESIAN_POINT('Origin',(1.625,-1.625,0.0510000000000001));
#17198=CARTESIAN_POINT('',(1.625,-1.625,0.0510000000000001));
#17199=CARTESIAN_POINT('',(1.625,1.625,0.0510000000000001));
#17200=CARTESIAN_POINT('',(1.625,-1.625,0.0510000000000001));
#17201=CARTESIAN_POINT('Origin',(-1.625,-1.625,0.0510000000000001));
#17202=CARTESIAN_POINT('',(1.625,-1.625,0.0510000000000001));
#17203=CARTESIAN_POINT('Origin',(0.,0.,0.391));
#17204=CARTESIAN_POINT('Origin',(0.,0.,0.0510000000000001));
#17205=CARTESIAN_POINT('',(0.,0.,0.));
#17206=CARTESIAN_POINT('Origin',(0.,0.,0.38));
#17207=CARTESIAN_POINT('',(-0.8125,-0.405,0.38));
#17208=CARTESIAN_POINT('',(-0.4125,-0.405,0.38));
#17209=CARTESIAN_POINT('',(-0.8125,-0.405,0.38));
#17210=CARTESIAN_POINT('',(-0.4125,0.405,0.38));
#17211=CARTESIAN_POINT('',(-0.4125,0.405,0.38));
#17212=CARTESIAN_POINT('',(-0.8125,0.405,0.38));
#17213=CARTESIAN_POINT('',(-0.8125,0.405,0.38));
#17214=CARTESIAN_POINT('',(-0.8125,0.405,0.38));
#17215=CARTESIAN_POINT('Origin',(-0.8125,-0.405,0.38));
#17216=CARTESIAN_POINT('',(-0.8125,-0.405,0.));
#17217=CARTESIAN_POINT('',(-0.4125,-0.405,0.));
#17218=CARTESIAN_POINT('',(-0.8125,-0.405,0.));
#17219=CARTESIAN_POINT('',(-0.4125,-0.405,0.38));
#17220=CARTESIAN_POINT('',(-0.8125,-0.405,0.38));
#17221=CARTESIAN_POINT('Origin',(-0.8125,0.405,0.38));
#17222=CARTESIAN_POINT('',(-0.4125,0.405,0.));
#17223=CARTESIAN_POINT('',(-0.4125,0.405,0.38));
#17224=CARTESIAN_POINT('',(-0.8125,0.405,0.));
#17225=CARTESIAN_POINT('',(-0.8125,0.405,0.));
#17226=CARTESIAN_POINT('',(-0.8125,0.405,0.38));
#17227=CARTESIAN_POINT('Origin',(0.8125,0.405,0.38));
#17228=CARTESIAN_POINT('',(0.8125,-0.405,0.));
#17229=CARTESIAN_POINT('',(0.8125,0.405,0.));
#17230=CARTESIAN_POINT('',(0.8125,0.405,0.));
#17231=CARTESIAN_POINT('',(0.8125,0.405,0.38));
#17232=CARTESIAN_POINT('',(0.8125,0.405,0.38));
#17233=CARTESIAN_POINT('',(0.8125,-0.405,0.38));
#17234=CARTESIAN_POINT('',(0.8125,0.405,0.38));
#17235=CARTESIAN_POINT('',(0.8125,-0.405,0.38));
#17236=CARTESIAN_POINT('Origin',(-0.8125,0.405,0.38));
#17237=CARTESIAN_POINT('',(0.4125,0.405,0.));
#17238=CARTESIAN_POINT('',(-0.8125,0.405,0.));
#17239=CARTESIAN_POINT('',(0.4125,0.405,0.38));
#17240=CARTESIAN_POINT('',(0.4125,0.405,0.38));
#17241=CARTESIAN_POINT('',(-0.8125,0.405,0.38));
#17242=CARTESIAN_POINT('Origin',(-0.8125,0.405,0.38));
#17243=CARTESIAN_POINT('',(-0.8125,0.405,0.));
#17244=CARTESIAN_POINT('Origin',(-0.8125,-0.405,0.38));
#17245=CARTESIAN_POINT('',(0.4125,-0.405,0.38));
#17246=CARTESIAN_POINT('',(-0.8125,-0.405,0.38));
#17247=CARTESIAN_POINT('',(0.4125,-0.405,0.));
#17248=CARTESIAN_POINT('',(0.4125,-0.405,0.38));
#17249=CARTESIAN_POINT('',(-0.8125,-0.405,0.));
#17250=CARTESIAN_POINT('Origin',(0.,0.,0.38));
#17251=CARTESIAN_POINT('',(0.4125,0.405,0.38));
#17252=CARTESIAN_POINT('Origin',(0.,0.,0.));
#17253=CARTESIAN_POINT('',(-0.4125,-0.404,0.));
#17254=CARTESIAN_POINT('',(0.4125,-0.404,0.));
#17255=CARTESIAN_POINT('',(0.4125,-0.404,0.));
#17256=CARTESIAN_POINT('',(-0.4125,-0.404,0.));
#17257=CARTESIAN_POINT('',(-0.4125,0.404,0.));
#17258=CARTESIAN_POINT('',(-0.4125,0.405,0.));
#17259=CARTESIAN_POINT('',(0.4125,0.404,0.));
#17260=CARTESIAN_POINT('',(0.4125,0.404,0.));
#17261=CARTESIAN_POINT('',(0.4125,0.405,0.));
#17262=CARTESIAN_POINT('',(0.4125,-0.404,0.));
#17263=CARTESIAN_POINT('Origin',(-0.4125,0.405,0.38));
#17264=CARTESIAN_POINT('',(-0.4125,-0.404,0.379));
#17265=CARTESIAN_POINT('',(-0.4125,-0.404,0.38));
#17266=CARTESIAN_POINT('',(-0.4125,0.404,0.379));
#17267=CARTESIAN_POINT('',(-0.4125,-0.405,0.379));
#17268=CARTESIAN_POINT('',(-0.4125,0.404,0.38));
#17269=CARTESIAN_POINT('Origin',(0.4125,0.404,0.38));
#17270=CARTESIAN_POINT('',(0.4125,0.404,0.379));
#17271=CARTESIAN_POINT('',(0.4125,0.404,0.379));
#17272=CARTESIAN_POINT('',(0.4125,0.404,0.38));
#17273=CARTESIAN_POINT('Origin',(0.4125,0.405,0.38));
#17274=CARTESIAN_POINT('',(0.4125,-0.404,0.379));
#17275=CARTESIAN_POINT('',(0.4125,-0.405,0.379));
#17276=CARTESIAN_POINT('',(0.4125,-0.404,0.38));
#17277=CARTESIAN_POINT('Origin',(0.4125,-0.404,0.38));
#17278=CARTESIAN_POINT('',(0.4125,-0.404,0.379));
#17279=CARTESIAN_POINT('Origin',(0.4125,-0.405,0.379));
#17280=CARTESIAN_POINT('',(0.,0.,0.));
#17281=CARTESIAN_POINT('Origin',(0.,0.,1.));
#17282=CARTESIAN_POINT('',(-1.,-0.625,1.));
#17283=CARTESIAN_POINT('',(-0.6,-0.625,1.));
#17284=CARTESIAN_POINT('',(-1.,-0.625,1.));
#17285=CARTESIAN_POINT('',(-0.6,0.625,1.));
#17286=CARTESIAN_POINT('',(-0.6,0.625,1.));
#17287=CARTESIAN_POINT('',(-1.,0.625,1.));
#17288=CARTESIAN_POINT('',(-1.,0.625,1.));
#17289=CARTESIAN_POINT('',(-1.,0.625,1.));
#17290=CARTESIAN_POINT('Origin',(-1.,-0.625,1.));
#17291=CARTESIAN_POINT('',(-1.,-0.625,0.));
#17292=CARTESIAN_POINT('',(-0.6,-0.625,0.));
#17293=CARTESIAN_POINT('',(-1.,-0.625,0.));
#17294=CARTESIAN_POINT('',(-0.6,-0.625,1.));
#17295=CARTESIAN_POINT('',(-1.,-0.625,1.));
#17296=CARTESIAN_POINT('Origin',(-1.,0.625,1.));
#17297=CARTESIAN_POINT('',(-0.6,0.625,0.));
#17298=CARTESIAN_POINT('',(-0.6,0.625,1.));
#17299=CARTESIAN_POINT('',(-1.,0.625,0.));
#17300=CARTESIAN_POINT('',(-1.,0.625,0.));
#17301=CARTESIAN_POINT('',(-1.,0.625,1.));
#17302=CARTESIAN_POINT('Origin',(1.,0.625,1.));
#17303=CARTESIAN_POINT('',(1.,-0.625,0.));
#17304=CARTESIAN_POINT('',(1.,0.625,0.));
#17305=CARTESIAN_POINT('',(1.,0.625,0.));
#17306=CARTESIAN_POINT('',(1.,0.625,1.));
#17307=CARTESIAN_POINT('',(1.,0.625,1.));
#17308=CARTESIAN_POINT('',(1.,-0.625,1.));
#17309=CARTESIAN_POINT('',(1.,0.625,1.));
#17310=CARTESIAN_POINT('',(1.,-0.625,1.));
#17311=CARTESIAN_POINT('Origin',(-1.,0.625,1.));
#17312=CARTESIAN_POINT('',(0.6,0.625,0.));
#17313=CARTESIAN_POINT('',(-1.,0.625,0.));
#17314=CARTESIAN_POINT('',(0.6,0.625,1.));
#17315=CARTESIAN_POINT('',(0.6,0.625,1.));
#17316=CARTESIAN_POINT('',(-1.,0.625,1.));
#17317=CARTESIAN_POINT('Origin',(-1.,0.625,1.));
#17318=CARTESIAN_POINT('',(-1.,0.625,0.));
#17319=CARTESIAN_POINT('Origin',(-1.,-0.625,1.));
#17320=CARTESIAN_POINT('',(0.6,-0.625,1.));
#17321=CARTESIAN_POINT('',(-1.,-0.625,1.));
#17322=CARTESIAN_POINT('',(0.6,-0.625,0.));
#17323=CARTESIAN_POINT('',(0.6,-0.625,1.));
#17324=CARTESIAN_POINT('',(-1.,-0.625,0.));
#17325=CARTESIAN_POINT('Origin',(0.,0.,1.));
#17326=CARTESIAN_POINT('',(0.6,0.625,1.));
#17327=CARTESIAN_POINT('Origin',(0.,0.,0.));
#17328=CARTESIAN_POINT('',(-0.6,-0.624,0.));
#17329=CARTESIAN_POINT('',(0.6,-0.624,0.));
#17330=CARTESIAN_POINT('',(0.6,-0.624,0.));
#17331=CARTESIAN_POINT('',(-0.6,-0.624,0.));
#17332=CARTESIAN_POINT('',(-0.6,0.624,0.));
#17333=CARTESIAN_POINT('',(-0.6,0.625,0.));
#17334=CARTESIAN_POINT('',(0.6,0.624,0.));
#17335=CARTESIAN_POINT('',(0.6,0.624,0.));
#17336=CARTESIAN_POINT('',(0.6,0.625,0.));
#17337=CARTESIAN_POINT('',(0.6,-0.624,0.));
#17338=CARTESIAN_POINT('Origin',(-0.6,0.625,1.));
#17339=CARTESIAN_POINT('',(-0.6,-0.624,0.999));
#17340=CARTESIAN_POINT('',(-0.6,-0.624,1.));
#17341=CARTESIAN_POINT('',(-0.6,0.624,0.999));
#17342=CARTESIAN_POINT('',(-0.6,-0.625,0.999));
#17343=CARTESIAN_POINT('',(-0.6,0.624,1.));
#17344=CARTESIAN_POINT('Origin',(0.6,0.624,1.));
#17345=CARTESIAN_POINT('',(0.6,0.624,0.999));
#17346=CARTESIAN_POINT('',(0.6,0.624,0.999));
#17347=CARTESIAN_POINT('',(0.6,0.624,1.));
#17348=CARTESIAN_POINT('Origin',(0.6,0.625,1.));
#17349=CARTESIAN_POINT('',(0.6,-0.624,0.999));
#17350=CARTESIAN_POINT('',(0.6,-0.625,0.999));
#17351=CARTESIAN_POINT('',(0.6,-0.624,1.));
#17352=CARTESIAN_POINT('Origin',(0.6,-0.624,1.));
#17353=CARTESIAN_POINT('',(0.6,-0.624,0.999));
#17354=CARTESIAN_POINT('Origin',(0.6,-0.625,0.999));
#17355=CARTESIAN_POINT('',(0.,0.,0.));
#17356=CARTESIAN_POINT('Origin',(1.59999999999997,1.225,0.149999999999996));
#17357=CARTESIAN_POINT('',(1.59999999999998,0.525000000000001,1.65999999999999));
#17358=CARTESIAN_POINT('',(1.59999999999999,-1.225,1.78999999999999));
#17359=CARTESIAN_POINT('',(1.59999999999999,-1.225,1.78999999999999));
#17360=CARTESIAN_POINT('',(1.59999999999998,0.524999999999999,2.13999999999999));
#17361=CARTESIAN_POINT('',(1.59999999999998,0.525000000000005,0.459999999999993));
#17362=CARTESIAN_POINT('',(1.59999999999999,-1.225,2.13999999999999));
#17363=CARTESIAN_POINT('',(1.59999999999999,-1.225,2.13999999999999));
#17364=CARTESIAN_POINT('',(1.59999999999999,-1.225,2.13999999999999));
#17365=CARTESIAN_POINT('Origin',(1.39999999999999,-1.225,2.13999999999999));
#17366=CARTESIAN_POINT('',(1.39999999999998,0.524999999999997,2.13999999999999));
#17367=CARTESIAN_POINT('',(2.19999999999997,0.525000000000003,2.13999999999999));
#17368=CARTESIAN_POINT('',(1.39999999999999,-1.225,2.13999999999999));
#17369=CARTESIAN_POINT('',(1.39999999999999,-1.225,2.13999999999999));
#17370=CARTESIAN_POINT('',(1.39999999999999,-1.225,2.13999999999999));
#17371=CARTESIAN_POINT('Origin',(2.19999999999997,0.525000000000009,0.459999999999993));
#17372=CARTESIAN_POINT('',(2.19999999999997,0.525000000000009,0.459999999999993));
#17373=CARTESIAN_POINT('',(2.19999999999997,0.525000000000001,2.55999999999999));
#17374=CARTESIAN_POINT('',(2.19999999999997,0.525000000000001,2.55999999999999));
#17375=CARTESIAN_POINT('',(-2.20000000000003,0.524999999999971,2.55999999999999));
#17376=CARTESIAN_POINT('',(-2.20000000000003,0.524999999999971,2.55999999999999));
#17377=CARTESIAN_POINT('',(-2.20000000000003,0.524999999999979,0.459999999999992));
#17378=CARTESIAN_POINT('',(-2.20000000000003,0.524999999999971,2.55999999999999));
#17379=CARTESIAN_POINT('',(2.19999999999997,0.525000000000009,0.459999999999993));
#17380=CARTESIAN_POINT('',(1.39999999999998,0.524999999999999,1.65999999999999));
#17381=CARTESIAN_POINT('',(1.39999999999998,0.525,1.65999999999999));
#17382=CARTESIAN_POINT('',(1.39999999999998,0.525000000000004,0.459999999999993));
#17383=CARTESIAN_POINT('',(0.39999999999998,0.524999999999992,1.65999999999999));
#17384=CARTESIAN_POINT('',(0.59999999999998,0.524999999999993,1.65999999999999));
#17385=CARTESIAN_POINT('',(0.39999999999998,0.524999999999993,1.65999999999999));
#17386=CARTESIAN_POINT('',(0.39999999999998,0.52499999999999,2.13999999999999));
#17387=CARTESIAN_POINT('',(0.39999999999998,0.524999999999997,0.459999999999993));
#17388=CARTESIAN_POINT('',(0.59999999999998,0.524999999999992,2.13999999999999));
#17389=CARTESIAN_POINT('',(2.19999999999997,0.525000000000003,2.13999999999999));
#17390=CARTESIAN_POINT('',(0.59999999999998,0.524999999999998,0.459999999999993));
#17391=CARTESIAN_POINT('',(-0.60000000000002,0.524999999999985,1.65999999999999));
#17392=CARTESIAN_POINT('',(-0.40000000000002,0.524999999999986,1.65999999999999));
#17393=CARTESIAN_POINT('',(-0.60000000000002,0.524999999999986,1.65999999999999));
#17394=CARTESIAN_POINT('',(-0.60000000000002,0.524999999999983,2.13999999999999));
#17395=CARTESIAN_POINT('',(-0.600000000000019,0.52499999999999,0.459999999999993));
#17396=CARTESIAN_POINT('',(-0.40000000000002,0.524999999999985,2.13999999999999));
#17397=CARTESIAN_POINT('',(2.19999999999997,0.525000000000003,2.13999999999999));
#17398=CARTESIAN_POINT('',(-0.40000000000002,0.524999999999991,0.459999999999993));
#17399=CARTESIAN_POINT('',(-1.60000000000003,0.524999999999978,1.65999999999999));
#17400=CARTESIAN_POINT('',(-1.40000000000002,0.52499999999998,1.65999999999999));
#17401=CARTESIAN_POINT('',(-1.60000000000002,0.524999999999978,1.65999999999999));
#17402=CARTESIAN_POINT('',(-1.60000000000003,0.524999999999976,2.13999999999999));
#17403=CARTESIAN_POINT('',(-1.60000000000002,0.524999999999983,0.459999999999993));
#17404=CARTESIAN_POINT('',(-1.40000000000002,0.524999999999978,2.13999999999999));
#17405=CARTESIAN_POINT('',(2.19999999999997,0.525000000000003,2.13999999999999));
#17406=CARTESIAN_POINT('',(-1.40000000000002,0.524999999999984,0.459999999999993));
#17407=CARTESIAN_POINT('Origin',(1.39999999999999,-1.225,2.13999999999999));
#17408=CARTESIAN_POINT('',(1.39999999999999,-1.225,1.78999999999999));
#17409=CARTESIAN_POINT('',(1.39999999999999,-1.225,2.13999999999999));
#17410=CARTESIAN_POINT('',(1.39999999999999,-1.225,1.78999999999999));
#17411=CARTESIAN_POINT('Origin',(1.39999999999999,-1.225,1.78999999999999));
#17412=CARTESIAN_POINT('',(1.39999999999999,-1.225,1.78999999999999));
#17413=CARTESIAN_POINT('Origin',(1.39999999999997,1.225,0.149999999999996));
#17414=CARTESIAN_POINT('Origin',(-2.20000000000003,0.524999999999971,2.55999999999999));
#17415=CARTESIAN_POINT('',(2.20000000000001,-2.475,2.55999999999998));
#17416=CARTESIAN_POINT('',(-2.2,-2.47500000000003,2.55999999999998));
#17417=CARTESIAN_POINT('',(-2.2,-2.47500000000003,2.55999999999998));
#17418=CARTESIAN_POINT('',(-2.20000000000003,0.524999999999971,2.55999999999999));
#17419=CARTESIAN_POINT('',(2.19999999999997,0.525000000000001,2.55999999999999));
#17420=CARTESIAN_POINT('Origin',(-1.40000000000003,1.22499999999998,0.149999999999996));
#17421=CARTESIAN_POINT('',(-1.40000000000001,-1.22500000000002,1.78999999999999));
#17422=CARTESIAN_POINT('',(-1.40000000000001,-1.22500000000002,1.78999999999999));
#17423=CARTESIAN_POINT('',(-1.40000000000001,-1.22500000000002,2.13999999999999));
#17424=CARTESIAN_POINT('',(-1.40000000000001,-1.22500000000002,2.13999999999999));
#17425=CARTESIAN_POINT('',(-1.40000000000001,-1.22500000000002,2.13999999999999));
#17426=CARTESIAN_POINT('Origin',(2.19999999999997,0.525000000000001,2.55999999999999));
#17427=CARTESIAN_POINT('',(2.19999999999999,-0.0749999999999972,2.05999999999999));
#17428=CARTESIAN_POINT('',(2.19999999999999,-0.0749999999999951,1.45999999999999));
#17429=CARTESIAN_POINT('',(2.19999999999999,-0.0749999999999972,2.05999999999999));
#17430=CARTESIAN_POINT('',(2.20000000000001,-2.475,2.05999999999998));
#17431=CARTESIAN_POINT('',(2.19999999999999,-0.0749999999999972,2.05999999999999));
#17432=CARTESIAN_POINT('',(2.20000000000001,-2.475,2.55999999999998));
#17433=CARTESIAN_POINT('',(2.20000000000001,-2.475,0.459999999999982));
#17434=CARTESIAN_POINT('',(2.19999999999997,0.525000000000009,0.459999999999993));
#17435=CARTESIAN_POINT('',(2.20000000000001,-2.475,1.45999999999998));
#17436=CARTESIAN_POINT('',(2.20000000000001,-2.475,2.55999999999998));
#17437=CARTESIAN_POINT('',(2.19999999999999,-0.0749999999999951,1.45999999999999));
#17438=CARTESIAN_POINT('Origin',(-0.600000000000008,-1.22500000000002,2.13999999999999));
#17439=CARTESIAN_POINT('',(-0.400000000000008,-1.22500000000002,2.13999999999999));
#17440=CARTESIAN_POINT('',(-0.400000000000008,-1.22500000000002,2.13999999999999));
#17441=CARTESIAN_POINT('',(-0.600000000000008,-1.22500000000002,2.13999999999999));
#17442=CARTESIAN_POINT('',(-0.600000000000008,-1.22500000000002,2.13999999999999));
#17443=CARTESIAN_POINT('',(-0.600000000000008,-1.22500000000002,2.13999999999999));
#17444=CARTESIAN_POINT('Origin',(0.399999999999993,-1.22500000000001,1.78999999999999));
#17445=CARTESIAN_POINT('',(0.599999999999993,-1.22500000000001,1.78999999999999));
#17446=CARTESIAN_POINT('',(0.599999999999993,-1.22500000000001,1.78999999999999));
#17447=CARTESIAN_POINT('',(0.399999999999993,-1.22500000000001,1.78999999999999));
#17448=CARTESIAN_POINT('',(0.399999999999993,-1.22500000000001,1.78999999999999));
#17449=CARTESIAN_POINT('',(0.399999999999993,-1.22500000000001,1.78999999999999));
#17450=CARTESIAN_POINT('Origin',(2.19999999999997,0.525000000000009,0.459999999999993));
#17451=CARTESIAN_POINT('',(-2.2,-2.47500000000003,0.459999999999981));
#17452=CARTESIAN_POINT('',(2.20000000000001,-2.475,0.459999999999982));
#17453=CARTESIAN_POINT('',(-2.20000000000003,0.524999999999979,0.459999999999992));
#17454=CARTESIAN_POINT('Origin',(-0.600000000000025,1.22499999999998,0.149999999999996));
#17455=CARTESIAN_POINT('',(-0.600000000000008,-1.22500000000002,1.78999999999999));
#17456=CARTESIAN_POINT('',(-0.600000000000008,-1.22500000000002,1.78999999999999));
#17457=CARTESIAN_POINT('',(-0.600000000000008,-1.22500000000002,2.13999999999999));
#17458=CARTESIAN_POINT('Origin',(-1.60000000000003,1.22499999999998,0.149999999999996));
#17459=CARTESIAN_POINT('',(-1.60000000000001,-1.22500000000002,1.78999999999999));
#17460=CARTESIAN_POINT('',(-1.60000000000001,-1.22500000000002,1.78999999999999));
#17461=CARTESIAN_POINT('',(-1.60000000000001,-1.22500000000002,2.13999999999999));
#17462=CARTESIAN_POINT('',(-1.60000000000001,-1.22500000000002,2.13999999999999));
#17463=CARTESIAN_POINT('',(-1.60000000000001,-1.22500000000002,2.13999999999999));
#17464=CARTESIAN_POINT('Origin',(0.399999999999993,-1.22500000000001,2.13999999999999));
#17465=CARTESIAN_POINT('',(0.599999999999993,-1.22500000000001,2.13999999999999));
#17466=CARTESIAN_POINT('',(0.599999999999993,-1.22500000000001,2.13999999999999));
#17467=CARTESIAN_POINT('',(0.399999999999993,-1.22500000000001,2.13999999999999));
#17468=CARTESIAN_POINT('',(0.399999999999993,-1.22500000000001,2.13999999999999));
#17469=CARTESIAN_POINT('',(0.399999999999993,-1.22500000000001,2.13999999999999));
#17470=CARTESIAN_POINT('Origin',(-0.400000000000025,1.22499999999999,0.149999999999996));
#17471=CARTESIAN_POINT('',(-0.400000000000008,-1.22500000000001,1.78999999999999));
#17472=CARTESIAN_POINT('',(-0.400000000000008,-1.22500000000001,1.78999999999999));
#17473=CARTESIAN_POINT('',(-0.400000000000008,-1.22500000000002,2.13999999999999));
#17474=CARTESIAN_POINT('Origin',(0.399999999999975,1.22499999999999,0.149999999999996));
#17475=CARTESIAN_POINT('',(0.399999999999993,-1.22500000000001,2.13999999999999));
#17476=CARTESIAN_POINT('Origin',(-2.20000000000003,0.524999999999971,2.55999999999999));
#17477=CARTESIAN_POINT('',(-2.20000000000001,-2.47500000000003,2.05999999999998));
#17478=CARTESIAN_POINT('',(-2.2,-2.47500000000003,2.55999999999998));
#17479=CARTESIAN_POINT('',(-2.20000000000002,-0.0750000000000282,2.05999999999999));
#17480=CARTESIAN_POINT('',(-2.20000000000002,-0.0750000000000282,2.05999999999999));
#17481=CARTESIAN_POINT('',(-2.20000000000002,-0.0750000000000262,1.45999999999999));
#17482=CARTESIAN_POINT('',(-2.20000000000002,-0.0750000000000282,2.05999999999999));
#17483=CARTESIAN_POINT('',(-2.2,-2.47500000000003,1.45999999999998));
#17484=CARTESIAN_POINT('',(-2.20000000000002,-0.0750000000000262,1.45999999999999));
#17485=CARTESIAN_POINT('',(-2.2,-2.47500000000003,2.55999999999998));
#17486=CARTESIAN_POINT('Origin',(-1.60000000000001,-1.22500000000002,2.13999999999999));
#17487=CARTESIAN_POINT('',(-1.60000000000001,-1.22500000000002,2.13999999999999));
#17488=CARTESIAN_POINT('Origin',(0.599999999999975,1.22499999999999,0.149999999999996));
#17489=CARTESIAN_POINT('',(0.599999999999993,-1.22500000000001,2.13999999999999));
#17490=CARTESIAN_POINT('Origin',(-1.60000000000001,-1.22500000000002,1.78999999999999));
#17491=CARTESIAN_POINT('',(-1.60000000000001,-1.22500000000002,1.78999999999999));
#17492=CARTESIAN_POINT('Origin',(-0.600000000000008,-1.22500000000002,1.78999999999999));
#17493=CARTESIAN_POINT('',(-0.600000000000008,-1.22500000000002,1.78999999999999));
#17494=CARTESIAN_POINT('Origin',(-3.,-2.47500000000004,2.95999999999998));
#17495=CARTESIAN_POINT('',(-2.7,-2.47500000000003,1.25999999999998));
#17496=CARTESIAN_POINT('',(-2.99999999999999,-2.47500000000003,1.25999999999998));
#17497=CARTESIAN_POINT('',(-2.5,-2.47500000000002,1.25999999999998));
#17498=CARTESIAN_POINT('',(-2.7,-2.47500000000002,0.00999999999998197));
#17499=CARTESIAN_POINT('',(-2.7,-2.47500000000003,1.25999999999998));
#17500=CARTESIAN_POINT('',(-2.5,-2.47500000000002,0.00999999999998197));
#17501=CARTESIAN_POINT('',(-2.7,-2.47500000000002,0.00999999999998197));
#17502=CARTESIAN_POINT('',(-2.5,-2.47500000000001,0.059999999999982));
#17503=CARTESIAN_POINT('',(-2.5,-2.47500000000002,1.25999999999998));
#17504=CARTESIAN_POINT('',(2.5,-2.47499999999997,0.059999999999982));
#17505=CARTESIAN_POINT('',(-3.,-2.47500000000003,0.059999999999982));
#17506=CARTESIAN_POINT('',(2.5,-2.47499999999997,0.00999999999998197));
#17507=CARTESIAN_POINT('',(2.5,-2.47499999999999,1.25999999999998));
#17508=CARTESIAN_POINT('',(2.69999999999999,-2.47499999999997,0.00999999999998197));
#17509=CARTESIAN_POINT('',(2.69999999999999,-2.47499999999997,0.00999999999998197));
#17510=CARTESIAN_POINT('',(2.69999999999999,-2.47499999999999,1.25999999999998));
#17511=CARTESIAN_POINT('',(2.69999999999999,-2.47499999999999,1.25999999999998));
#17512=CARTESIAN_POINT('',(2.99999999999999,-2.47499999999997,1.25999999999998));
#17513=CARTESIAN_POINT('',(2.5,-2.47499999999999,1.25999999999998));
#17514=CARTESIAN_POINT('',(3.,-2.475,2.95999999999998));
#17515=CARTESIAN_POINT('',(3.,-2.475,2.95999999999998));
#17516=CARTESIAN_POINT('',(-3.,-2.47500000000004,2.95999999999998));
#17517=CARTESIAN_POINT('',(-3.,-2.47500000000004,2.95999999999998));
#17518=CARTESIAN_POINT('',(-3.,-2.47500000000004,2.95999999999998));
#17519=CARTESIAN_POINT('',(-2.55000000000001,-2.47500000000004,2.05999999999998));
#17520=CARTESIAN_POINT('',(-2.55,-2.47500000000003,1.45999999999998));
#17521=CARTESIAN_POINT('',(-2.55000000000001,-2.47500000000004,2.05999999999998));
#17522=CARTESIAN_POINT('',(-2.20000000000001,-2.47500000000003,2.05999999999998));
#17523=CARTESIAN_POINT('',(2.55,-2.475,2.05999999999998));
#17524=CARTESIAN_POINT('',(2.20000000000001,-2.475,2.05999999999998));
#17525=CARTESIAN_POINT('',(2.55,-2.475,1.45999999999998));
#17526=CARTESIAN_POINT('',(2.55,-2.475,2.05999999999998));
#17527=CARTESIAN_POINT('',(2.20000000000001,-2.475,1.45999999999998));
#17528=CARTESIAN_POINT('',(-2.2,-2.47500000000003,1.45999999999998));
#17529=CARTESIAN_POINT('Origin',(-1.60000000000001,-1.22500000000002,2.13999999999999));
#17530=CARTESIAN_POINT('Origin',(2.19999999999999,-0.0749999999999951,1.45999999999999));
#17531=CARTESIAN_POINT('',(2.54999999999998,-0.0749999999999931,1.45999999999999));
#17532=CARTESIAN_POINT('',(2.19999999999999,-0.0749999999999951,1.45999999999999));
#17533=CARTESIAN_POINT('',(2.54999999999998,-0.0749999999999951,2.05999999999999));
#17534=CARTESIAN_POINT('',(2.54999999999998,-0.0749999999999951,2.05999999999999));
#17535=CARTESIAN_POINT('',(2.19999999999999,-0.0749999999999972,2.05999999999999));
#17536=CARTESIAN_POINT('Origin',(2.19999999999999,-0.0749999999999951,1.45999999999999));
#17537=CARTESIAN_POINT('',(2.54999999999998,-0.0749999999999931,1.45999999999999));
#17538=CARTESIAN_POINT('Origin',(2.19999999999999,-0.0749999999999972,2.05999999999999));
#17539=CARTESIAN_POINT('',(2.54999999999998,-0.0749999999999951,2.05999999999999));
#17540=CARTESIAN_POINT('Origin',(-0.600000000000008,-1.22500000000002,2.13999999999999));
#17541=CARTESIAN_POINT('Origin',(0.399999999999993,-1.22500000000001,2.13999999999999));
#17542=CARTESIAN_POINT('Origin',(-2.55000000000002,-0.0750000000000302,
2.05999999999999));
#17543=CARTESIAN_POINT('',(-2.55000000000002,-0.0750000000000302,2.05999999999999));
#17544=CARTESIAN_POINT('',(-2.20000000000002,-0.0750000000000282,2.05999999999999));
#17545=CARTESIAN_POINT('',(-2.55000000000002,-0.0750000000000282,1.45999999999999));
#17546=CARTESIAN_POINT('',(-2.55000000000002,-0.0750000000000302,2.05999999999999));
#17547=CARTESIAN_POINT('',(-2.20000000000002,-0.0750000000000262,1.45999999999999));
#17548=CARTESIAN_POINT('Origin',(-2.20000000000002,-0.0750000000000262,
1.45999999999999));
#17549=CARTESIAN_POINT('',(-2.55000000000002,-0.0750000000000282,1.45999999999999));
#17550=CARTESIAN_POINT('Origin',(-2.20000000000002,-0.0750000000000282,
2.05999999999999));
#17551=CARTESIAN_POINT('',(-2.55000000000002,-0.0750000000000302,2.05999999999999));
#17552=CARTESIAN_POINT('Origin',(2.69999999999999,-2.47499999999997,0.00999999999998197));
#17553=CARTESIAN_POINT('',(2.49999999999998,-0.974999999999979,0.0099999999999878));
#17554=CARTESIAN_POINT('',(2.5,-2.47499999999997,0.00999999999998197));
#17555=CARTESIAN_POINT('',(2.69999999999998,-0.974999999999978,0.0099999999999878));
#17556=CARTESIAN_POINT('',(2.69999999999998,-0.974999999999978,0.0099999999999878));
#17557=CARTESIAN_POINT('',(2.69999999999999,-2.47499999999997,0.00999999999998197));
#17558=CARTESIAN_POINT('Origin',(-2.55000000000002,-0.0750000000000302,
2.05999999999999));
#17559=CARTESIAN_POINT('Origin',(-2.50000000000002,-0.975000000000016,0.609999999999988));
#17560=CARTESIAN_POINT('',(-2.50000000000002,-0.975000000000014,0.0599999999999876));
#17561=CARTESIAN_POINT('',(-2.50000000000002,-0.975000000000013,0.0599999999999876));
#17562=CARTESIAN_POINT('',(-2.50000000000002,-0.975000000000014,0.0099999999999878));
#17563=CARTESIAN_POINT('',(-2.5,-2.47500000000002,0.00999999999998197));
#17564=CARTESIAN_POINT('',(-2.50000000000002,-0.975000000000014,0.0099999999999878));
#17565=CARTESIAN_POINT('Origin',(-3.00000000000004,1.77499999999996,2.96));
#17566=CARTESIAN_POINT('',(-3.00000000000003,1.22499999999997,1.46));
#17567=CARTESIAN_POINT('',(-3.00000000000003,1.77499999999998,1.46));
#17568=CARTESIAN_POINT('',(-3.00000000000003,1.22499999999997,1.46));
#17569=CARTESIAN_POINT('',(-3.00000000000004,1.77499999999998,0.0599999999999976));
#17570=CARTESIAN_POINT('',(-3.00000000000004,1.77499999999996,2.96));
#17571=CARTESIAN_POINT('',(-3.,-0.975000000000017,0.0599999999999876));
#17572=CARTESIAN_POINT('',(-3.00000000000004,1.77499999999998,0.0599999999999976));
#17573=CARTESIAN_POINT('',(-3.,-0.975000000000018,0.609999999999988));
#17574=CARTESIAN_POINT('',(-3.,-0.975000000000018,0.609999999999988));
#17575=CARTESIAN_POINT('',(-3.,-1.97500000000002,0.609999999999984));
#17576=CARTESIAN_POINT('',(-3.,-1.97500000000002,0.609999999999984));
#17577=CARTESIAN_POINT('',(-3.,-1.97500000000002,1.25999999999998));
#17578=CARTESIAN_POINT('',(-3.,-1.97500000000002,1.25999999999998));
#17579=CARTESIAN_POINT('',(-2.99999999999999,-2.47500000000003,1.25999999999998));
#17580=CARTESIAN_POINT('',(-3.00000000000002,0.286324865405152,2.95999999999999));
#17581=CARTESIAN_POINT('',(-3.00000000000004,1.77499999999996,2.96));
#17582=CARTESIAN_POINT('',(-3.00000000000003,0.574999999999966,2.45999999999999));
#17583=CARTESIAN_POINT('',(-3.00000000000003,0.574999999999966,2.45999999999999));
#17584=CARTESIAN_POINT('',(-3.00000000000003,1.22499999999996,2.46));
#17585=CARTESIAN_POINT('',(-3.00000000000003,1.22499999999996,2.46));
#17586=CARTESIAN_POINT('',(-3.00000000000003,1.22499999999996,2.46));
#17587=CARTESIAN_POINT('Origin',(-3.00000000000004,1.77499999999998,0.0599999999999976));
#17588=CARTESIAN_POINT('',(1.39999999999997,1.675,0.0599999999999973));
#17589=CARTESIAN_POINT('',(1.39999999999997,1.775,0.0599999999999976));
#17590=CARTESIAN_POINT('',(1.39999999999997,1.775,0.0599999999999976));
#17591=CARTESIAN_POINT('',(1.59999999999997,1.675,0.0599999999999973));
#17592=CARTESIAN_POINT('',(-3.00000000000004,1.67499999999997,0.0599999999999973));
#17593=CARTESIAN_POINT('',(1.59999999999997,1.775,0.0599999999999976));
#17594=CARTESIAN_POINT('',(1.59999999999997,1.775,0.0599999999999976));
#17595=CARTESIAN_POINT('',(2.99999999999996,1.77500000000002,0.0599999999999976));
#17596=CARTESIAN_POINT('',(2.99999999999996,1.77500000000002,0.0599999999999976));
#17597=CARTESIAN_POINT('',(2.99999999999998,-0.974999999999975,0.0599999999999876));
#17598=CARTESIAN_POINT('',(2.99999999999996,1.77500000000002,0.0599999999999976));
#17599=CARTESIAN_POINT('',(2.69999999999998,-0.974999999999977,0.0599999999999876));
#17600=CARTESIAN_POINT('',(2.49999999999998,-0.974999999999979,0.0599999999999876));
#17601=CARTESIAN_POINT('',(2.49999999999998,-0.974999999999979,0.0599999999999876));
#17602=CARTESIAN_POINT('',(2.49999999999998,-0.974999999999979,0.0599999999999876));
#17603=CARTESIAN_POINT('',(2.49999999999998,-0.974999999999979,0.0599999999999876));
#17604=CARTESIAN_POINT('',(-2.70000000000001,-0.975000000000015,0.0599999999999876));
#17605=CARTESIAN_POINT('',(-2.50000000000002,-0.975000000000013,0.0599999999999876));
#17606=CARTESIAN_POINT('',(-2.50000000000002,-0.975000000000013,0.0599999999999876));
#17607=CARTESIAN_POINT('',(-1.60000000000003,1.77499999999998,0.0599999999999976));
#17608=CARTESIAN_POINT('',(2.99999999999996,1.77500000000002,0.0599999999999976));
#17609=CARTESIAN_POINT('',(-1.60000000000003,1.67499999999998,0.0599999999999973));
#17610=CARTESIAN_POINT('',(-1.60000000000003,1.77499999999998,0.0599999999999976));
#17611=CARTESIAN_POINT('',(-1.40000000000003,1.67499999999998,0.0599999999999973));
#17612=CARTESIAN_POINT('',(-3.00000000000004,1.67499999999997,0.0599999999999973));
#17613=CARTESIAN_POINT('',(-1.40000000000003,1.77499999999998,0.0599999999999976));
#17614=CARTESIAN_POINT('',(-1.40000000000003,1.77499999999998,0.0599999999999976));
#17615=CARTESIAN_POINT('',(-0.600000000000028,1.775,0.0599999999999976));
#17616=CARTESIAN_POINT('',(2.99999999999996,1.77500000000002,0.0599999999999976));
#17617=CARTESIAN_POINT('',(-0.600000000000028,1.67499999999999,0.0599999999999973));
#17618=CARTESIAN_POINT('',(-0.600000000000028,1.775,0.0599999999999976));
#17619=CARTESIAN_POINT('',(-0.400000000000028,1.67499999999999,0.0599999999999973));
#17620=CARTESIAN_POINT('',(-3.00000000000004,1.67499999999997,0.0599999999999973));
#17621=CARTESIAN_POINT('',(-0.400000000000029,1.775,0.0599999999999976));
#17622=CARTESIAN_POINT('',(-0.400000000000029,1.775,0.0599999999999976));
#17623=CARTESIAN_POINT('',(0.399999999999972,1.775,0.0599999999999976));
#17624=CARTESIAN_POINT('',(2.99999999999996,1.77500000000002,0.0599999999999976));
#17625=CARTESIAN_POINT('',(0.399999999999972,1.67499999999999,0.0599999999999973));
#17626=CARTESIAN_POINT('',(0.399999999999972,1.775,0.0599999999999976));
#17627=CARTESIAN_POINT('',(0.599999999999972,1.675,0.0599999999999973));
#17628=CARTESIAN_POINT('',(-3.00000000000004,1.67499999999997,0.0599999999999973));
#17629=CARTESIAN_POINT('',(0.599999999999971,1.775,0.0599999999999976));
#17630=CARTESIAN_POINT('',(0.599999999999971,1.775,0.0599999999999976));
#17631=CARTESIAN_POINT('',(2.99999999999996,1.77500000000002,0.0599999999999976));
#17632=CARTESIAN_POINT('Origin',(-2.5,-2.47500000000002,1.25999999999998));
#17633=CARTESIAN_POINT('',(-2.70000000000001,-1.97500000000002,1.25999999999998));
#17634=CARTESIAN_POINT('',(-2.70000000000001,-1.17500000000002,1.25999999999999));
#17635=CARTESIAN_POINT('',(-2.50000000000001,-1.97500000000002,1.25999999999998));
#17636=CARTESIAN_POINT('Origin',(2.69999999999998,-0.97499999999998,0.609999999999988));
#17637=CARTESIAN_POINT('',(2.69999999999999,-1.97499999999998,0.609999999999984));
#17638=CARTESIAN_POINT('',(2.69999999999999,-1.97499999999998,1.25999999999998));
#17639=CARTESIAN_POINT('',(2.69999999999999,-1.97499999999998,0.609999999999984));
#17640=CARTESIAN_POINT('',(2.69999999999999,-1.17499999999998,1.25999999999999));
#17641=CARTESIAN_POINT('',(2.69999999999998,-0.974999999999978,0.0099999999999878));
#17642=CARTESIAN_POINT('',(2.69999999999998,-0.974999999999979,0.609999999999988));
#17643=CARTESIAN_POINT('',(2.69999999999998,-0.974999999999979,0.609999999999988));
#17644=CARTESIAN_POINT('',(2.69999999999998,-0.674999999999979,0.609999999999989));
#17645=CARTESIAN_POINT('Origin',(-2.70000000000001,-0.975000000000017,0.609999999999988));
#17646=CARTESIAN_POINT('',(-2.70000000000001,-0.975000000000017,0.609999999999988));
#17647=CARTESIAN_POINT('',(-2.70000000000001,-1.97500000000002,0.609999999999984));
#17648=CARTESIAN_POINT('',(-2.70000000000002,-0.675000000000017,0.609999999999989));
#17649=CARTESIAN_POINT('',(-2.70000000000001,-0.975000000000015,0.0099999999999878));
#17650=CARTESIAN_POINT('',(-2.70000000000001,-0.975000000000015,0.0099999999999878));
#17651=CARTESIAN_POINT('',(-2.70000000000001,-0.975000000000015,0.0099999999999878));
#17652=CARTESIAN_POINT('',(-2.7,-2.47500000000002,0.00999999999998197));
#17653=CARTESIAN_POINT('',(-2.70000000000001,-1.97500000000002,0.609999999999984));
#17654=CARTESIAN_POINT('Origin',(-3.00000000000004,1.77499999999996,2.96));
#17655=CARTESIAN_POINT('',(-2.50000000000002,0.286324865405156,2.95999999999999));
#17656=CARTESIAN_POINT('',(-2.50000000000002,0.286324865405156,2.95999999999999));
#17657=CARTESIAN_POINT('',(2.99999999999998,0.286324865405195,2.95999999999999));
#17658=CARTESIAN_POINT('',(2.99999999999996,1.775,2.96));
#17659=CARTESIAN_POINT('',(2.49999999999998,0.286324865405191,2.95999999999999));
#17660=CARTESIAN_POINT('',(2.49999999999998,0.286324865405191,2.95999999999999));
#17661=CARTESIAN_POINT('',(2.49999999999996,1.775,2.96));
#17662=CARTESIAN_POINT('',(2.49999999999997,1.225,2.96));
#17663=CARTESIAN_POINT('',(-2.50000000000003,1.77499999999996,2.96));
#17664=CARTESIAN_POINT('',(2.99999999999996,1.775,2.96));
#17665=CARTESIAN_POINT('',(-2.50000000000002,0.286324865405156,2.95999999999999));
#17666=CARTESIAN_POINT('Origin',(2.49999999999998,-0.974999999999981,0.609999999999988));
#17667=CARTESIAN_POINT('',(2.49999999999998,-0.974999999999979,0.0099999999999878));
#17668=CARTESIAN_POINT('Origin',(2.99999999999996,1.775,2.96));
#17669=CARTESIAN_POINT('',(2.99999999999998,0.575000000000008,2.45999999999999));
#17670=CARTESIAN_POINT('',(2.99999999999998,1.225,2.46));
#17671=CARTESIAN_POINT('',(2.99999999999998,1.225,2.46));
#17672=CARTESIAN_POINT('',(2.99999999999998,0.575000000000008,2.45999999999999));
#17673=CARTESIAN_POINT('',(2.99999999999999,-1.97499999999998,1.25999999999998));
#17674=CARTESIAN_POINT('',(2.99999999999999,-2.47499999999997,1.25999999999998));
#17675=CARTESIAN_POINT('',(2.99999999999999,-1.97499999999998,0.609999999999984));
#17676=CARTESIAN_POINT('',(2.99999999999999,-1.97499999999998,1.25999999999998));
#17677=CARTESIAN_POINT('',(2.99999999999998,-0.974999999999977,0.609999999999988));
#17678=CARTESIAN_POINT('',(2.99999999999999,-1.97499999999998,0.609999999999984));
#17679=CARTESIAN_POINT('',(2.99999999999998,-0.974999999999977,0.609999999999988));
#17680=CARTESIAN_POINT('',(2.99999999999996,1.77500000000002,1.46));
#17681=CARTESIAN_POINT('',(2.99999999999996,1.775,2.96));
#17682=CARTESIAN_POINT('',(2.99999999999998,1.22500000000001,1.46));
#17683=CARTESIAN_POINT('',(2.99999999999998,1.22500000000001,1.46));
#17684=CARTESIAN_POINT('',(2.99999999999998,1.225,2.46));
#17685=CARTESIAN_POINT('Origin',(2.54999999999998,-0.0749999999999951,2.05999999999999));
#17686=CARTESIAN_POINT('Origin',(2.5,-2.47499999999999,1.25999999999998));
#17687=CARTESIAN_POINT('',(2.5,-1.97499999999998,1.25999999999998));
#17688=CARTESIAN_POINT('Origin',(-2.7,-2.47500000000002,0.00999999999998197));
#17689=CARTESIAN_POINT('',(-2.70000000000001,-0.975000000000015,0.0099999999999878));
#17690=CARTESIAN_POINT('Origin',(2.69999999999998,-0.974999999999978,0.0099999999999878));
#17691=CARTESIAN_POINT('Origin',(-2.70000000000001,-0.975000000000015,0.0099999999999878));
#17692=CARTESIAN_POINT('Origin',(-2.50000000000003,1.22499999999996,2.46));
#17693=CARTESIAN_POINT('',(-2.50000000000003,1.22499999999996,2.46));
#17694=CARTESIAN_POINT('',(-2.50000000000003,1.22499999999996,2.46));
#17695=CARTESIAN_POINT('',(-2.50000000000003,1.22499999999997,1.46));
#17696=CARTESIAN_POINT('',(-2.50000000000003,1.22499999999996,2.46));
#17697=CARTESIAN_POINT('',(-2.50000000000003,1.22499999999997,1.46));
#17698=CARTESIAN_POINT('Origin',(-2.50000000000003,1.22499999999996,2.46));
#17699=CARTESIAN_POINT('',(-2.50000000000003,0.57499999999997,2.45999999999999));
#17700=CARTESIAN_POINT('',(-2.50000000000003,0.57499999999997,2.45999999999999));
#17701=CARTESIAN_POINT('',(-2.50000000000003,1.22499999999996,2.46));
#17702=CARTESIAN_POINT('Origin',(-2.50000000000003,0.57499999999997,2.45999999999999));
#17703=CARTESIAN_POINT('',(-2.50000000000003,0.57499999999997,2.45999999999999));
#17704=CARTESIAN_POINT('Origin',(2.99999999999996,1.775,2.96));
#17705=CARTESIAN_POINT('',(1.39999999999997,1.775,0.199999999999998));
#17706=CARTESIAN_POINT('',(1.59999999999997,1.775,0.199999999999998));
#17707=CARTESIAN_POINT('',(1.39999999999997,1.775,0.199999999999998));
#17708=CARTESIAN_POINT('',(1.39999999999997,1.775,2.96));
#17709=CARTESIAN_POINT('',(0.599999999999972,1.775,0.199999999999998));
#17710=CARTESIAN_POINT('',(0.599999999999971,1.77499999999998,2.96));
#17711=CARTESIAN_POINT('',(0.399999999999972,1.775,0.199999999999998));
#17712=CARTESIAN_POINT('',(0.399999999999972,1.775,0.199999999999998));
#17713=CARTESIAN_POINT('',(0.399999999999972,1.77499999999998,2.96));
#17714=CARTESIAN_POINT('',(-0.400000000000028,1.775,0.199999999999998));
#17715=CARTESIAN_POINT('',(-0.400000000000029,1.77499999999998,2.96));
#17716=CARTESIAN_POINT('',(-0.600000000000028,1.775,0.199999999999998));
#17717=CARTESIAN_POINT('',(-0.600000000000028,1.775,0.199999999999998));
#17718=CARTESIAN_POINT('',(-0.600000000000028,1.77499999999998,2.96));
#17719=CARTESIAN_POINT('',(-1.40000000000003,1.77499999999998,0.199999999999998));
#17720=CARTESIAN_POINT('',(-1.40000000000003,1.77499999999998,2.96));
#17721=CARTESIAN_POINT('',(-1.60000000000003,1.77499999999998,0.199999999999998));
#17722=CARTESIAN_POINT('',(-1.60000000000003,1.77499999999998,0.199999999999998));
#17723=CARTESIAN_POINT('',(-1.60000000000003,1.77499999999998,2.96));
#17724=CARTESIAN_POINT('',(-2.50000000000003,1.77499999999998,1.46));
#17725=CARTESIAN_POINT('',(-2.50000000000003,1.77499999999998,1.46));
#17726=CARTESIAN_POINT('',(-2.50000000000003,1.77499999999996,2.46));
#17727=CARTESIAN_POINT('',(2.49999999999996,1.775,1.46));
#17728=CARTESIAN_POINT('',(2.49999999999996,1.775,1.46));
#17729=CARTESIAN_POINT('',(2.49999999999996,1.775,1.46));
#17730=CARTESIAN_POINT('',(1.59999999999997,1.775,2.96));
#17731=CARTESIAN_POINT('Origin',(-2.50000000000001,-1.97500000000002,0.609999999999984));
#17732=CARTESIAN_POINT('',(-2.50000000000001,-1.97500000000002,0.609999999999984));
#17733=CARTESIAN_POINT('',(-2.50000000000002,-0.975000000000015,0.609999999999988));
#17734=CARTESIAN_POINT('Origin',(-2.50000000000003,1.22499999999997,1.46));
#17735=CARTESIAN_POINT('',(-2.50000000000003,1.22499999999997,1.46));
#17736=CARTESIAN_POINT('Origin',(-2.50000000000001,-1.97500000000002,1.25999999999998));
#17737=CARTESIAN_POINT('Origin',(-2.50000000000002,-0.975000000000015,0.609999999999988));
#17738=CARTESIAN_POINT('Origin',(0.399999999999975,1.22499999999999,0.149999999999996));
#17739=CARTESIAN_POINT('',(0.399999999999967,2.475,0.2));
#17740=CARTESIAN_POINT('',(0.399999999999967,2.475,0.2));
#17741=CARTESIAN_POINT('',(0.399999999999967,2.475,0.));
#17742=CARTESIAN_POINT('',(0.399999999999967,2.475,0.));
#17743=CARTESIAN_POINT('',(0.399999999999972,1.67499999999999,-3.05311331771918E-15));
#17744=CARTESIAN_POINT('',(0.399999999999972,1.67499999999999,-3.05311331771918E-15));
#17745=CARTESIAN_POINT('',(0.399999999999972,1.67499999999999,-3.05311331771918E-15));
#17746=CARTESIAN_POINT('Origin',(1.59999999999997,1.225,0.149999999999996));
#17747=CARTESIAN_POINT('',(1.59999999999997,2.475,0.2));
#17748=CARTESIAN_POINT('',(1.59999999999997,2.475,0.2));
#17749=CARTESIAN_POINT('',(1.59999999999997,1.675,-3.05311331771918E-15));
#17750=CARTESIAN_POINT('',(1.59999999999997,1.675,-3.05311331771918E-15));
#17751=CARTESIAN_POINT('',(1.59999999999997,2.475,0.));
#17752=CARTESIAN_POINT('',(1.59999999999997,1.675,-3.05311331771918E-15));
#17753=CARTESIAN_POINT('',(1.59999999999997,2.475,0.));
#17754=CARTESIAN_POINT('Origin',(2.49999999999998,-0.97499999999998,0.609999999999988));
#17755=CARTESIAN_POINT('',(2.49999999999998,-0.97499999999998,0.609999999999988));
#17756=CARTESIAN_POINT('Origin',(-1.60000000000003,1.22499999999998,0.149999999999996));
#17757=CARTESIAN_POINT('',(-1.60000000000004,2.47499999999998,0.2));
#17758=CARTESIAN_POINT('',(-1.60000000000004,2.47499999999998,0.2));
#17759=CARTESIAN_POINT('',(-1.60000000000004,2.47499999999998,0.));
#17760=CARTESIAN_POINT('',(-1.60000000000004,2.47499999999998,0.));
#17761=CARTESIAN_POINT('',(-1.60000000000003,1.67499999999998,-3.05311331771918E-15));
#17762=CARTESIAN_POINT('',(-1.60000000000003,1.67499999999998,-3.05311331771918E-15));
#17763=CARTESIAN_POINT('',(-1.60000000000003,1.67499999999998,-3.05311331771918E-15));
#17764=CARTESIAN_POINT('Origin',(0.599999999999975,1.22499999999999,0.149999999999996));
#17765=CARTESIAN_POINT('',(0.599999999999967,2.475,0.2));
#17766=CARTESIAN_POINT('',(0.599999999999967,2.475,0.2));
#17767=CARTESIAN_POINT('',(0.599999999999972,1.675,-3.05311331771918E-15));
#17768=CARTESIAN_POINT('',(0.599999999999972,1.675,-3.05311331771918E-15));
#17769=CARTESIAN_POINT('',(0.599999999999967,2.475,0.));
#17770=CARTESIAN_POINT('',(0.599999999999972,1.675,-3.05311331771918E-15));
#17771=CARTESIAN_POINT('',(0.599999999999967,2.475,0.));
#17772=CARTESIAN_POINT('Origin',(-0.400000000000025,1.22499999999999,0.149999999999996));
#17773=CARTESIAN_POINT('',(-0.400000000000033,2.475,0.2));
#17774=CARTESIAN_POINT('',(-0.400000000000033,2.475,0.2));
#17775=CARTESIAN_POINT('',(-0.400000000000028,1.67499999999999,-3.05311331771918E-15));
#17776=CARTESIAN_POINT('',(-0.400000000000028,1.67499999999999,-3.05311331771918E-15));
#17777=CARTESIAN_POINT('',(-0.400000000000033,2.475,0.));
#17778=CARTESIAN_POINT('',(-0.400000000000028,1.67499999999999,-3.05311331771918E-15));
#17779=CARTESIAN_POINT('',(-0.400000000000033,2.475,0.));
#17780=CARTESIAN_POINT('Origin',(0.399999999999972,1.67499999999999,-3.05311331771918E-15));
#17781=CARTESIAN_POINT('',(0.399999999999972,1.67499999999999,-3.05311331771918E-15));
#17782=CARTESIAN_POINT('Origin',(-0.600000000000025,1.22499999999998,0.149999999999996));
#17783=CARTESIAN_POINT('',(-0.600000000000033,2.475,0.2));
#17784=CARTESIAN_POINT('',(-0.600000000000033,2.475,0.2));
#17785=CARTESIAN_POINT('',(-0.600000000000033,2.475,0.));
#17786=CARTESIAN_POINT('',(-0.600000000000033,2.475,0.));
#17787=CARTESIAN_POINT('',(-0.600000000000028,1.67499999999999,-3.05311331771918E-15));
#17788=CARTESIAN_POINT('',(-0.600000000000028,1.67499999999999,-3.05311331771918E-15));
#17789=CARTESIAN_POINT('',(-0.600000000000028,1.67499999999999,-3.05311331771918E-15));
#17790=CARTESIAN_POINT('Origin',(-0.600000000000028,1.67499999999999,-3.05311331771918E-15));
#17791=CARTESIAN_POINT('',(-0.600000000000028,1.67499999999999,-3.05311331771918E-15));
#17792=CARTESIAN_POINT('Origin',(-1.40000000000003,1.22499999999998,0.149999999999996));
#17793=CARTESIAN_POINT('',(-1.40000000000003,2.47499999999998,0.2));
#17794=CARTESIAN_POINT('',(-1.40000000000003,2.47499999999998,0.2));
#17795=CARTESIAN_POINT('',(-1.40000000000003,1.67499999999998,-3.05311331771918E-15));
#17796=CARTESIAN_POINT('',(-1.40000000000003,1.67499999999998,-3.05311331771918E-15));
#17797=CARTESIAN_POINT('',(-1.40000000000003,2.47499999999998,0.));
#17798=CARTESIAN_POINT('',(-1.40000000000003,1.67499999999998,-3.05311331771918E-15));
#17799=CARTESIAN_POINT('',(-1.40000000000003,2.47499999999998,0.));
#17800=CARTESIAN_POINT('Origin',(-1.60000000000003,1.67499999999998,-3.05311331771918E-15));
#17801=CARTESIAN_POINT('',(-1.60000000000003,1.67499999999998,-3.05311331771918E-15));
#17802=CARTESIAN_POINT('Origin',(1.39999999999997,1.225,0.149999999999996));
#17803=CARTESIAN_POINT('',(1.39999999999996,2.475,0.2));
#17804=CARTESIAN_POINT('',(1.39999999999996,2.475,0.2));
#17805=CARTESIAN_POINT('',(1.39999999999996,2.475,0.));
#17806=CARTESIAN_POINT('',(1.39999999999996,2.475,0.));
#17807=CARTESIAN_POINT('',(1.39999999999997,1.675,-3.05311331771918E-15));
#17808=CARTESIAN_POINT('',(1.39999999999997,1.675,-3.05311331771918E-15));
#17809=CARTESIAN_POINT('',(1.39999999999997,1.675,-3.05311331771918E-15));
#17810=CARTESIAN_POINT('Origin',(1.39999999999997,1.675,-3.05311331771918E-15));
#17811=CARTESIAN_POINT('',(1.39999999999997,1.675,-3.05311331771918E-15));
#17812=CARTESIAN_POINT('Origin',(2.5,-1.97499999999998,1.25999999999998));
#17813=CARTESIAN_POINT('',(2.5,-1.97499999999998,0.609999999999984));
#17814=CARTESIAN_POINT('Origin',(2.5,-1.97499999999998,0.609999999999984));
#17815=CARTESIAN_POINT('Origin',(2.49999999999996,1.775,2.46));
#17816=CARTESIAN_POINT('',(2.49999999999997,0.575000000000005,2.45999999999999));
#17817=CARTESIAN_POINT('',(2.49999999999997,1.225,2.46));
#17818=CARTESIAN_POINT('',(2.49999999999997,1.225,2.46));
#17819=CARTESIAN_POINT('',(2.49999999999997,1.225,1.46));
#17820=CARTESIAN_POINT('',(2.49999999999997,1.225,2.46));
#17821=CARTESIAN_POINT('',(2.49999999999997,1.225,1.46));
#17822=CARTESIAN_POINT('',(2.49999999999997,0.575000000000005,2.45999999999999));
#17823=CARTESIAN_POINT('Origin',(-2.50000000000003,1.77499999999996,2.46));
#17824=CARTESIAN_POINT('Origin',(2.49999999999997,0.575000000000005,2.45999999999999));
#17825=CARTESIAN_POINT('',(2.49999999999997,0.575000000000005,2.45999999999999));
#17826=CARTESIAN_POINT('Origin',(2.49999999999997,1.225,1.46));
#17827=CARTESIAN_POINT('',(2.49999999999997,1.225,1.46));
#17828=CARTESIAN_POINT('Origin',(2.49999999999997,1.225,2.46));
#17829=CARTESIAN_POINT('',(2.49999999999997,1.225,2.46));
#17830=CARTESIAN_POINT('Origin',(2.49999999999997,1.225,2.46));
#17831=CARTESIAN_POINT('Origin',(-1.60000000000004,2.47499999999998,0.2));
#17832=CARTESIAN_POINT('',(-1.60000000000004,2.47499999999998,0.2));
#17833=CARTESIAN_POINT('Origin',(0.399999999999967,2.475,0.2));
#17834=CARTESIAN_POINT('',(0.399999999999967,2.475,0.2));
#17835=CARTESIAN_POINT('Origin',(-0.600000000000033,2.475,0.2));
#17836=CARTESIAN_POINT('',(-0.600000000000033,2.475,0.2));
#17837=CARTESIAN_POINT('Origin',(1.39999999999996,2.475,0.2));
#17838=CARTESIAN_POINT('',(1.39999999999996,2.475,0.2));
#17839=CARTESIAN_POINT('Origin',(0.399999999999972,1.67499999999999,-3.05311331771918E-15));
#17840=CARTESIAN_POINT('',(0.399999999999967,2.475,0.));
#17841=CARTESIAN_POINT('Origin',(0.399999999999967,2.475,0.));
#17842=CARTESIAN_POINT('Origin',(1.39999999999997,1.675,-3.05311331771918E-15));
#17843=CARTESIAN_POINT('',(1.39999999999996,2.475,0.));
#17844=CARTESIAN_POINT('Origin',(1.39999999999996,2.475,0.));
#17845=CARTESIAN_POINT('Origin',(-1.60000000000004,2.47499999999998,0.));
#17846=CARTESIAN_POINT('',(-1.60000000000004,2.47499999999998,0.));
#17847=CARTESIAN_POINT('Origin',(-1.60000000000003,1.67499999999998,-3.05311331771918E-15));
#17848=CARTESIAN_POINT('Origin',(-0.600000000000028,1.67499999999999,-3.05311331771918E-15));
#17849=CARTESIAN_POINT('',(-0.600000000000033,2.475,0.));
#17850=CARTESIAN_POINT('Origin',(-0.600000000000033,2.475,0.));
#17851=CARTESIAN_POINT('',(0.,0.,0.));
#17852=CARTESIAN_POINT('',(14.097,13.716,1.57));
#17853=CARTESIAN_POINT('',(18.288,5.461,1.57));
#17854=CARTESIAN_POINT('',(6.731,5.715,1.57));
#17855=CARTESIAN_POINT('',(8.128,8.763,1.57));
#17856=CARTESIAN_POINT('',(17.145,11.43,1.57));
#17857=CARTESIAN_POINT('',(17.018,7.747,1.57));
#17858=CARTESIAN_POINT('',(22.225,8.89,1.57));
#17859=CARTESIAN_POINT('',(3.556,12.573,1.57));
#17860=CARTESIAN_POINT('',(12.7,8.89,1.57));
#17861=CARTESIAN_POINT('',(14.224,5.334,1.57));
#17862=CARTESIAN_POINT('',(11.049,13.716,1.57));
#17863=CARTESIAN_POINT('',(5.588,12.446,1.57));
#17864=CARTESIAN_POINT('',(8.128,12.192,1.57));
#17865=CARTESIAN_POINT('',(3.175,8.89,1.57));
#17866=UNCERTAINTY_MEASURE_WITH_UNIT(LENGTH_MEASURE(0.01),#17890,
'DISTANCE_ACCURACY_VALUE',
'Maximum model space distance between geometric entities at asserted c
onnectivities');
#17867=UNCERTAINTY_MEASURE_WITH_UNIT(LENGTH_MEASURE(0.01),#17890,
'DISTANCE_ACCURACY_VALUE',
'Maximum model space distance between geometric entities at asserted c
onnectivities');
#17868=UNCERTAINTY_MEASURE_WITH_UNIT(LENGTH_MEASURE(0.01),#17890,
'DISTANCE_ACCURACY_VALUE',
'Maximum model space distance between geometric entities at asserted c
onnectivities');
#17869=UNCERTAINTY_MEASURE_WITH_UNIT(LENGTH_MEASURE(0.01),#17890,
'DISTANCE_ACCURACY_VALUE',
'Maximum model space distance between geometric entities at asserted c
onnectivities');
#17870=UNCERTAINTY_MEASURE_WITH_UNIT(LENGTH_MEASURE(0.01),#17890,
'DISTANCE_ACCURACY_VALUE',
'Maximum model space distance between geometric entities at asserted c
onnectivities');
#17871=UNCERTAINTY_MEASURE_WITH_UNIT(LENGTH_MEASURE(0.01),#17890,
'DISTANCE_ACCURACY_VALUE',
'Maximum model space distance between geometric entities at asserted c
onnectivities');
#17872=UNCERTAINTY_MEASURE_WITH_UNIT(LENGTH_MEASURE(0.01),#17890,
'DISTANCE_ACCURACY_VALUE',
'Maximum model space distance between geometric entities at asserted c
onnectivities');
#17873=UNCERTAINTY_MEASURE_WITH_UNIT(LENGTH_MEASURE(0.01),#17890,
'DISTANCE_ACCURACY_VALUE',
'Maximum model space distance between geometric entities at asserted c
onnectivities');
#17874=UNCERTAINTY_MEASURE_WITH_UNIT(LENGTH_MEASURE(0.01),#17890,
'DISTANCE_ACCURACY_VALUE',
'Maximum model space distance between geometric entities at asserted c
onnectivities');
#17875=UNCERTAINTY_MEASURE_WITH_UNIT(LENGTH_MEASURE(0.01),#17890,
'DISTANCE_ACCURACY_VALUE',
'Maximum model space distance between geometric entities at asserted c
onnectivities');
#17876=UNCERTAINTY_MEASURE_WITH_UNIT(LENGTH_MEASURE(0.01),#17890,
'DISTANCE_ACCURACY_VALUE',
'Maximum model space distance between geometric entities at asserted c
onnectivities');
#17877=UNCERTAINTY_MEASURE_WITH_UNIT(LENGTH_MEASURE(0.01),#17890,
'DISTANCE_ACCURACY_VALUE',
'Maximum model space distance between geometric entities at asserted c
onnectivities');
#17878=(
GEOMETRIC_REPRESENTATION_CONTEXT(3)
GLOBAL_UNCERTAINTY_ASSIGNED_CONTEXT((#17866))
GLOBAL_UNIT_ASSIGNED_CONTEXT((#17890,#17892,#17893))
REPRESENTATION_CONTEXT('','3D')
);
#17879=(
GEOMETRIC_REPRESENTATION_CONTEXT(3)
GLOBAL_UNCERTAINTY_ASSIGNED_CONTEXT((#17867))
GLOBAL_UNIT_ASSIGNED_CONTEXT((#17890,#17892,#17893))
REPRESENTATION_CONTEXT('','3D')
);
#17880=(
GEOMETRIC_REPRESENTATION_CONTEXT(3)
GLOBAL_UNCERTAINTY_ASSIGNED_CONTEXT((#17868))
GLOBAL_UNIT_ASSIGNED_CONTEXT((#17890,#17892,#17893))
REPRESENTATION_CONTEXT('','3D')
);
#17881=(
GEOMETRIC_REPRESENTATION_CONTEXT(3)
GLOBAL_UNCERTAINTY_ASSIGNED_CONTEXT((#17869))
GLOBAL_UNIT_ASSIGNED_CONTEXT((#17890,#17892,#17893))
REPRESENTATION_CONTEXT('','3D')
);
#17882=(
GEOMETRIC_REPRESENTATION_CONTEXT(3)
GLOBAL_UNCERTAINTY_ASSIGNED_CONTEXT((#17870))
GLOBAL_UNIT_ASSIGNED_CONTEXT((#17890,#17892,#17893))
REPRESENTATION_CONTEXT('','3D')
);
#17883=(
GEOMETRIC_REPRESENTATION_CONTEXT(3)
GLOBAL_UNCERTAINTY_ASSIGNED_CONTEXT((#17871))
GLOBAL_UNIT_ASSIGNED_CONTEXT((#17890,#17892,#17893))
REPRESENTATION_CONTEXT('','3D')
);
#17884=(
GEOMETRIC_REPRESENTATION_CONTEXT(3)
GLOBAL_UNCERTAINTY_ASSIGNED_CONTEXT((#17872))
GLOBAL_UNIT_ASSIGNED_CONTEXT((#17890,#17892,#17893))
REPRESENTATION_CONTEXT('','3D')
);
#17885=(
GEOMETRIC_REPRESENTATION_CONTEXT(3)
GLOBAL_UNCERTAINTY_ASSIGNED_CONTEXT((#17873))
GLOBAL_UNIT_ASSIGNED_CONTEXT((#17890,#17892,#17893))
REPRESENTATION_CONTEXT('','3D')
);
#17886=(
GEOMETRIC_REPRESENTATION_CONTEXT(3)
GLOBAL_UNCERTAINTY_ASSIGNED_CONTEXT((#17874))
GLOBAL_UNIT_ASSIGNED_CONTEXT((#17890,#17892,#17893))
REPRESENTATION_CONTEXT('','3D')
);
#17887=(
GEOMETRIC_REPRESENTATION_CONTEXT(3)
GLOBAL_UNCERTAINTY_ASSIGNED_CONTEXT((#17875))
GLOBAL_UNIT_ASSIGNED_CONTEXT((#17890,#17892,#17893))
REPRESENTATION_CONTEXT('','3D')
);
#17888=(
GEOMETRIC_REPRESENTATION_CONTEXT(3)
GLOBAL_UNCERTAINTY_ASSIGNED_CONTEXT((#17876))
GLOBAL_UNIT_ASSIGNED_CONTEXT((#17890,#17892,#17893))
REPRESENTATION_CONTEXT('','3D')
);
#17889=(
GEOMETRIC_REPRESENTATION_CONTEXT(3)
GLOBAL_UNCERTAINTY_ASSIGNED_CONTEXT((#17877))
GLOBAL_UNIT_ASSIGNED_CONTEXT((#17890,#17892,#17893))
REPRESENTATION_CONTEXT('','3D')
);
#17890=(
LENGTH_UNIT()
NAMED_UNIT(*)
SI_UNIT(.MILLI.,.METRE.)
);
#17891=(
LENGTH_UNIT()
NAMED_UNIT(*)
SI_UNIT($,.METRE.)
);
#17892=(
NAMED_UNIT(*)
PLANE_ANGLE_UNIT()
SI_UNIT($,.RADIAN.)
);
#17893=(
NAMED_UNIT(*)
SI_UNIT($,.STERADIAN.)
SOLID_ANGLE_UNIT()
);
#17894=SHAPE_DEFINITION_REPRESENTATION(#17905,#17931);
#17895=SHAPE_DEFINITION_REPRESENTATION(#17906,#17932);
#17896=SHAPE_DEFINITION_REPRESENTATION(#17907,#17933);
#17897=SHAPE_DEFINITION_REPRESENTATION(#17908,#17934);
#17898=SHAPE_DEFINITION_REPRESENTATION(#17909,#17935);
#17899=SHAPE_DEFINITION_REPRESENTATION(#17910,#17936);
#17900=SHAPE_DEFINITION_REPRESENTATION(#17911,#17937);
#17901=SHAPE_DEFINITION_REPRESENTATION(#17912,#17938);
#17902=SHAPE_DEFINITION_REPRESENTATION(#17913,#17939);
#17903=SHAPE_DEFINITION_REPRESENTATION(#17914,#17940);
#17904=SHAPE_DEFINITION_REPRESENTATION(#17915,#17941);
#17905=PRODUCT_DEFINITION_SHAPE('',$,#17943);
#17906=PRODUCT_DEFINITION_SHAPE('',$,#17944);
#17907=PRODUCT_DEFINITION_SHAPE('',$,#17945);
#17908=PRODUCT_DEFINITION_SHAPE('',$,#17946);
#17909=PRODUCT_DEFINITION_SHAPE('',$,#17947);
#17910=PRODUCT_DEFINITION_SHAPE('',$,#17948);
#17911=PRODUCT_DEFINITION_SHAPE('',$,#17949);
#17912=PRODUCT_DEFINITION_SHAPE('',$,#17950);
#17913=PRODUCT_DEFINITION_SHAPE('',$,#17951);
#17914=PRODUCT_DEFINITION_SHAPE('',$,#17952);
#17915=PRODUCT_DEFINITION_SHAPE('',$,#17953);
#17916=PRODUCT_DEFINITION_SHAPE($,$,#56);
#17917=PRODUCT_DEFINITION_SHAPE($,$,#57);
#17918=PRODUCT_DEFINITION_SHAPE($,$,#58);
#17919=PRODUCT_DEFINITION_SHAPE($,$,#59);
#17920=PRODUCT_DEFINITION_SHAPE($,$,#60);
#17921=PRODUCT_DEFINITION_SHAPE($,$,#61);
#17922=PRODUCT_DEFINITION_SHAPE($,$,#62);
#17923=PRODUCT_DEFINITION_SHAPE($,$,#63);
#17924=PRODUCT_DEFINITION_SHAPE($,$,#64);
#17925=PRODUCT_DEFINITION_SHAPE($,$,#65);
#17926=PRODUCT_DEFINITION_SHAPE($,$,#66);
#17927=PRODUCT_DEFINITION_SHAPE($,$,#67);
#17928=PRODUCT_DEFINITION_SHAPE($,$,#68);
#17929=PRODUCT_DEFINITION_SHAPE($,$,#69);
#17930=PRODUCT_DEFINITION_SHAPE($,$,#70);
#17931=SHAPE_REPRESENTATION('',(#11170,#11938,#11939,#11940,#11941,#11942,
#11943,#11944,#11945,#11946,#11947,#11948,#11949,#11950,#11951,#11952),
#17878);
#17932=SHAPE_REPRESENTATION('',(#11171),#17879);
#17933=SHAPE_REPRESENTATION('',(#11280),#17880);
#17934=SHAPE_REPRESENTATION('',(#11335),#17881);
#17935=SHAPE_REPRESENTATION('',(#11451),#17882);
#17936=SHAPE_REPRESENTATION('',(#11514),#17883);
#17937=SHAPE_REPRESENTATION('',(#11661),#17884);
#17938=SHAPE_REPRESENTATION('',(#11737),#17885);
#17939=SHAPE_REPRESENTATION('',(#11818),#17886);
#17940=SHAPE_REPRESENTATION('',(#11833),#17887);
#17941=SHAPE_REPRESENTATION('',(#11848),#17888);
#17942=PRODUCT_DEFINITION_CONTEXT('part definition',#17977,'design');
#17943=PRODUCT_DEFINITION('PCB Component',
'Adafruit BMP585 (Similar to BMP581) v2',#17954,#17942);
#17944=PRODUCT_DEFINITION('Board','Board',#17955,#17942);
#17945=PRODUCT_DEFINITION('1N4148','SOD-323',#17956,#17942);
#17946=PRODUCT_DEFINITION('AP2127K-3.3','SOT23-5',#17957,#17942);
#17947=PRODUCT_DEFINITION('10K Pack','RESPACK_4X0603',#17958,#17942);
#17948=PRODUCT_DEFINITION('BSS138','SOT363',#17959,#17942);
#17949=PRODUCT_DEFINITION('GREEN','CHIPLED_0603_NOOUTLINE',#17960,#17942);
#17950=PRODUCT_DEFINITION('BMP585','LGA9_BMP585_BOS',#17961,#17942);
#17951=PRODUCT_DEFINITION('10K','0603-NO',#17962,#17942);
#17952=PRODUCT_DEFINITION('10uF','0805-NO',#17963,#17942);
#17953=PRODUCT_DEFINITION('STEMMA_I2C_QT','JST_SH4',#17964,#17942);
#17954=PRODUCT_DEFINITION_FORMATION('',$,#17979);
#17955=PRODUCT_DEFINITION_FORMATION('',$,#17980);
#17956=PRODUCT_DEFINITION_FORMATION('',$,#17981);
#17957=PRODUCT_DEFINITION_FORMATION('',$,#17982);
#17958=PRODUCT_DEFINITION_FORMATION('',$,#17983);
#17959=PRODUCT_DEFINITION_FORMATION('',$,#17984);
#17960=PRODUCT_DEFINITION_FORMATION('',$,#17985);
#17961=PRODUCT_DEFINITION_FORMATION('',$,#17986);
#17962=PRODUCT_DEFINITION_FORMATION('',$,#17987);
#17963=PRODUCT_DEFINITION_FORMATION('',$,#17988);
#17964=PRODUCT_DEFINITION_FORMATION('',$,#17989);
#17965=PRODUCT_RELATED_PRODUCT_CATEGORY(
'Adafruit BMP585 (Similar to BMP581) v2',
'Adafruit BMP585 (Similar to BMP581) v2',(#17979));
#17966=PRODUCT_RELATED_PRODUCT_CATEGORY('Board','Board',(#17980));
#17967=PRODUCT_RELATED_PRODUCT_CATEGORY('SOD-323','SOD-323',(#17981));
#17968=PRODUCT_RELATED_PRODUCT_CATEGORY('SOT23-5','SOT23-5',(#17982));
#17969=PRODUCT_RELATED_PRODUCT_CATEGORY('RESPACK_4X0603',
'RESPACK_4X0603',(#17983));
#17970=PRODUCT_RELATED_PRODUCT_CATEGORY('SOT363','SOT363',(#17984));
#17971=PRODUCT_RELATED_PRODUCT_CATEGORY('CHIPLED_0603_NOOUTLINE',
'CHIPLED_0603_NOOUTLINE',(#17985));
#17972=PRODUCT_RELATED_PRODUCT_CATEGORY('LGA9_BMP585_BOS',
'LGA9_BMP585_BOS',(#17986));
#17973=PRODUCT_RELATED_PRODUCT_CATEGORY('0603-NO','0603-NO',(#17987));
#17974=PRODUCT_RELATED_PRODUCT_CATEGORY('0805-NO','0805-NO',(#17988));
#17975=PRODUCT_RELATED_PRODUCT_CATEGORY('JST_SH4','JST_SH4',(#17989));
#17976=APPLICATION_PROTOCOL_DEFINITION('international standard',
'automotive_design',2009,#17977);
#17977=APPLICATION_CONTEXT(
'Core Data for Automotive Mechanical Design Process');
#17978=PRODUCT_CONTEXT('part definition',#17977,'mechanical');
#17979=PRODUCT('PCB Component','Adafruit BMP585 (Similar to BMP581) v2',
$,(#17978));
#17980=PRODUCT('Board','Board',$,(#17978));
#17981=PRODUCT('1N4148','SOD-323',$,(#17978));
#17982=PRODUCT('AP2127K-3.3','SOT23-5',$,(#17978));
#17983=PRODUCT('10K Pack','RESPACK_4X0603',$,(#17978));
#17984=PRODUCT('BSS138','SOT363',$,(#17978));
#17985=PRODUCT('GREEN','CHIPLED_0603_NOOUTLINE',$,(#17978));
#17986=PRODUCT('BMP585','LGA9_BMP585_BOS',$,(#17978));
#17987=PRODUCT('10K','0603-NO',$,(#17978));
#17988=PRODUCT('10uF','0805-NO',$,(#17978));
#17989=PRODUCT('STEMMA_I2C_QT','JST_SH4',$,(#17978));
#17990=PRESENTATION_STYLE_ASSIGNMENT((#18006));
#17991=PRESENTATION_STYLE_ASSIGNMENT((#18007));
#17992=PRESENTATION_STYLE_ASSIGNMENT((#18008));
#17993=PRESENTATION_STYLE_ASSIGNMENT((#18009));
#17994=PRESENTATION_STYLE_ASSIGNMENT((#18010));
#17995=PRESENTATION_STYLE_ASSIGNMENT((#18011));
#17996=PRESENTATION_STYLE_ASSIGNMENT((#18012));
#17997=PRESENTATION_STYLE_ASSIGNMENT((#18013));
#17998=PRESENTATION_STYLE_ASSIGNMENT((#18014));
#17999=PRESENTATION_STYLE_ASSIGNMENT((#18015));
#18000=PRESENTATION_STYLE_ASSIGNMENT((#18016));
#18001=PRESENTATION_STYLE_ASSIGNMENT((#18017));
#18002=PRESENTATION_STYLE_ASSIGNMENT((#18018));
#18003=PRESENTATION_STYLE_ASSIGNMENT((#18019));
#18004=PRESENTATION_STYLE_ASSIGNMENT((#18020));
#18005=PRESENTATION_STYLE_ASSIGNMENT((#18021));
#18006=SURFACE_STYLE_USAGE(.BOTH.,#18022);
#18007=SURFACE_STYLE_USAGE(.BOTH.,#18023);
#18008=SURFACE_STYLE_USAGE(.BOTH.,#18024);
#18009=SURFACE_STYLE_USAGE(.BOTH.,#18025);
#18010=SURFACE_STYLE_USAGE(.BOTH.,#18026);
#18011=SURFACE_STYLE_USAGE(.BOTH.,#18027);
#18012=SURFACE_STYLE_USAGE(.BOTH.,#18028);
#18013=SURFACE_STYLE_USAGE(.BOTH.,#18029);
#18014=SURFACE_STYLE_USAGE(.BOTH.,#18030);
#18015=SURFACE_STYLE_USAGE(.BOTH.,#18031);
#18016=SURFACE_STYLE_USAGE(.BOTH.,#18032);
#18017=SURFACE_STYLE_USAGE(.BOTH.,#18033);
#18018=SURFACE_STYLE_USAGE(.BOTH.,#18034);
#18019=SURFACE_STYLE_USAGE(.BOTH.,#18035);
#18020=SURFACE_STYLE_USAGE(.BOTH.,#18036);
#18021=SURFACE_STYLE_USAGE(.BOTH.,#18037);
#18022=SURFACE_SIDE_STYLE('',(#18038));
#18023=SURFACE_SIDE_STYLE('',(#18039));
#18024=SURFACE_SIDE_STYLE('',(#18040));
#18025=SURFACE_SIDE_STYLE('',(#18041));
#18026=SURFACE_SIDE_STYLE('',(#18042));
#18027=SURFACE_SIDE_STYLE('',(#18043));
#18028=SURFACE_SIDE_STYLE('',(#18044));
#18029=SURFACE_SIDE_STYLE('',(#18045));
#18030=SURFACE_SIDE_STYLE('',(#18046));
#18031=SURFACE_SIDE_STYLE('',(#18047));
#18032=SURFACE_SIDE_STYLE('',(#18048));
#18033=SURFACE_SIDE_STYLE('',(#18049));
#18034=SURFACE_SIDE_STYLE('',(#18050));
#18035=SURFACE_SIDE_STYLE('',(#18051));
#18036=SURFACE_SIDE_STYLE('',(#18052));
#18037=SURFACE_SIDE_STYLE('',(#18053));
#18038=SURFACE_STYLE_FILL_AREA(#18054);
#18039=SURFACE_STYLE_FILL_AREA(#18055);
#18040=SURFACE_STYLE_FILL_AREA(#18056);
#18041=SURFACE_STYLE_FILL_AREA(#18057);
#18042=SURFACE_STYLE_FILL_AREA(#18058);
#18043=SURFACE_STYLE_FILL_AREA(#18059);
#18044=SURFACE_STYLE_FILL_AREA(#18060);
#18045=SURFACE_STYLE_FILL_AREA(#18061);
#18046=SURFACE_STYLE_FILL_AREA(#18062);
#18047=SURFACE_STYLE_FILL_AREA(#18063);
#18048=SURFACE_STYLE_FILL_AREA(#18064);
#18049=SURFACE_STYLE_FILL_AREA(#18065);
#18050=SURFACE_STYLE_FILL_AREA(#18066);
#18051=SURFACE_STYLE_FILL_AREA(#18067);
#18052=SURFACE_STYLE_FILL_AREA(#18068);
#18053=SURFACE_STYLE_FILL_AREA(#18069);
#18054=FILL_AREA_STYLE('Steel - Satin',(#18070));
#18055=FILL_AREA_STYLE('Opaque(10,10,10) (1)',(#18071));
#18056=FILL_AREA_STYLE('Opaque(251,212,169)',(#18072));
#18057=FILL_AREA_STYLE('Opaque(160,160,160)',(#18073));
#18058=FILL_AREA_STYLE('Opaque(191,191,191)',(#18074));
#18059=FILL_AREA_STYLE('Opaque(10,10,10)',(#18075));
#18060=FILL_AREA_STYLE('Opaque(128,128,128)',(#18076));
#18061=FILL_AREA_STYLE('Opaque(255,255,255)',(#18077));
#18062=FILL_AREA_STYLE('Opaque(0,127,0)',(#18078));
#18063=FILL_AREA_STYLE('Opaque(209,204,192)',(#18079));
#18064=FILL_AREA_STYLE('Opaque(230,230,230)',(#18080));
#18065=FILL_AREA_STYLE('Opaque(68,150,72)',(#18081));
#18066=FILL_AREA_STYLE('Opaque(185,185,185)',(#18082));
#18067=FILL_AREA_STYLE('Opaque(150,150,150)',(#18083));
#18068=FILL_AREA_STYLE('Opaque(228,180,12)',(#18084));
#18069=FILL_AREA_STYLE('Opaque(101,101,101)',(#18085));
#18070=FILL_AREA_STYLE_COLOUR('Steel - Satin',#18086);
#18071=FILL_AREA_STYLE_COLOUR('Opaque(10,10,10) (1)',#18087);
#18072=FILL_AREA_STYLE_COLOUR('Opaque(251,212,169)',#18088);
#18073=FILL_AREA_STYLE_COLOUR('Opaque(160,160,160)',#18089);
#18074=FILL_AREA_STYLE_COLOUR('Opaque(191,191,191)',#18090);
#18075=FILL_AREA_STYLE_COLOUR('Opaque(10,10,10)',#18091);
#18076=FILL_AREA_STYLE_COLOUR('Opaque(128,128,128)',#18092);
#18077=FILL_AREA_STYLE_COLOUR('Opaque(255,255,255)',#18093);
#18078=FILL_AREA_STYLE_COLOUR('Opaque(0,127,0)',#18094);
#18079=FILL_AREA_STYLE_COLOUR('Opaque(209,204,192)',#18095);
#18080=FILL_AREA_STYLE_COLOUR('Opaque(230,230,230)',#18096);
#18081=FILL_AREA_STYLE_COLOUR('Opaque(68,150,72)',#18097);
#18082=FILL_AREA_STYLE_COLOUR('Opaque(185,185,185)',#18098);
#18083=FILL_AREA_STYLE_COLOUR('Opaque(150,150,150)',#18099);
#18084=FILL_AREA_STYLE_COLOUR('Opaque(228,180,12)',#18100);
#18085=FILL_AREA_STYLE_COLOUR('Opaque(101,101,101)',#18101);
#18086=COLOUR_RGB('Steel - Satin',0.627450980392157,0.627450980392157,0.627450980392157);
#18087=COLOUR_RGB('Opaque(10,10,10) (1)',0.0980392156862745,0.0980392156862745,
0.0980392156862745);
#18088=COLOUR_RGB('Opaque(251,212,169)',0.984313725490196,0.831372549019608,
0.662745098039216);
#18089=COLOUR_RGB('Opaque(160,160,160)',0.627450980392157,0.627450980392157,
0.627450980392157);
#18090=COLOUR_RGB('Opaque(191,191,191)',0.749019607843137,0.749019607843137,
0.749019607843137);
#18091=COLOUR_RGB('Opaque(10,10,10)',0.0392156862745098,0.0392156862745098,
0.0392156862745098);
#18092=COLOUR_RGB('Opaque(128,128,128)',0.501960784313725,0.501960784313725,
0.501960784313725);
#18093=COLOUR_RGB('Opaque(255,255,255)',1.,1.,1.);
#18094=COLOUR_RGB('Opaque(0,127,0)',0.,0.498039215686275,0.);
#18095=COLOUR_RGB('Opaque(209,204,192)',0.819607843137255,0.8,0.752941176470588);
#18096=COLOUR_RGB('Opaque(230,230,230)',0.901960784313726,0.901960784313726,
0.901960784313726);
#18097=COLOUR_RGB('Opaque(68,150,72)',0.266666666666667,0.588235294117647,
0.282352941176471);
#18098=COLOUR_RGB('Opaque(185,185,185)',0.725490196078431,0.725490196078431,
0.725490196078431);
#18099=COLOUR_RGB('Opaque(150,150,150)',0.588235294117647,0.588235294117647,
0.588235294117647);
#18100=COLOUR_RGB('Opaque(228,180,12)',0.894117647058824,0.705882352941177,
0.0470588235294118);
#18101=COLOUR_RGB('Opaque(101,101,101)',0.396078431372549,0.396078431372549,
0.396078431372549);
ENDSEC;
END-ISO-10303-21;
