ISO-10303-21;
HEADER;
FILE_DESCRIPTION (( 'STEP AP214' ),
    '1' );
FILE_NAME ('CD54-220MC.STEP',
    '2025-04-29T01:43:21',
    ( '' ),
    ( '' ),
    'SwSTEP 2.0',
    'SolidWorks 2021',
    '' );
FILE_SCHEMA (( 'AUTOMOTIVE_DESIGN' ));
ENDSEC;

DATA;
#1 = LINE ( 'NONE', #1405, #2338 ) ;
#2 = DIRECTION ( 'NONE',  ( 0.000000000000000000, 0.000000000000000000, -1.000000000000000000 ) ) ;
#3 = DIRECTION ( 'NONE',  ( -1.000000000000000000, 0.000000000000000000, -0.000000000000000000 ) ) ;
#4 = ORIENTED_EDGE ( 'NONE', *, *, #2978, .F. ) ;
#5 = CARTESIAN_POINT ( 'NONE',  ( -3.299999999999999822, 3.849999999999999201, 0.000000000000000000 ) ) ;
#6 = CARTESIAN_POINT ( 'NONE',  ( 1.284523257866512891, 4.849999999999999645, 2.299999999999998046 ) ) ;
#7 = EDGE_CURVE ( 'NONE', #556, #2105, #1782, .T. ) ;
#8 = DIRECTION ( 'NONE',  ( 1.000000000000000000, 0.000000000000000000, -0.000000000000000000 ) ) ;
#9 = FACE_OUTER_BOUND ( 'NONE', #754, .T. ) ;
#10 = CARTESIAN_POINT ( 'NONE',  ( -2.649999999999999911, 0.2000000000000000111, -0.4500000000000000111 ) ) ;
#11 = ORIENTED_EDGE ( 'NONE', *, *, #2098, .T. ) ;
#12 = EDGE_CURVE ( 'NONE', #1700, #1277, #1469, .T. ) ;
#13 = ORIENTED_EDGE ( 'NONE', *, *, #1323, .T. ) ;
#14 = FACE_OUTER_BOUND ( 'NONE', #1290, .T. ) ;
#15 = ADVANCED_FACE ( 'NONE', ( #2681 ), #1233, .T. ) ;
#16 = CARTESIAN_POINT ( 'NONE',  ( 0.000000000000000000, 3.849999999999999201, 0.000000000000000000 ) ) ;
#17 = CARTESIAN_POINT ( 'NONE',  ( 2.939152317953631821E-16, 2.537500000000001421, 2.399999999999985256 ) ) ;
#18 = CARTESIAN_POINT ( 'NONE',  ( 0.000000000000000000, 4.849999999999999645, -2.600000000000000089 ) ) ;
#19 = EDGE_CURVE ( 'NONE', #2165, #626, #1687, .T. ) ;
#20 = ORIENTED_EDGE ( 'NONE', *, *, #2866, .T. ) ;
#21 = VERTEX_POINT ( 'NONE', #240 ) ;
#22 = AXIS2_PLACEMENT_3D ( 'NONE', #2689, #2466, #2196 ) ;
#23 = CARTESIAN_POINT ( 'NONE',  ( 2.939152317953635273E-16, 2.800000000000002043, 2.399999999999988365 ) ) ;
#24 = DIRECTION ( 'NONE',  ( -0.000000000000000000, -1.000000000000000000, -0.000000000000000000 ) ) ;
#25 = AXIS2_PLACEMENT_3D ( 'NONE', #2266, #1314, #2014 ) ;
#26 = AXIS2_PLACEMENT_3D ( 'NONE', #405, #156, #2291 ) ;
#27 = DIRECTION ( 'NONE',  ( -1.000000000000000000, 0.000000000000000000, 6.834751344692818976E-16 ) ) ;
#28 = DIRECTION ( 'NONE',  ( 0.000000000000000000, -1.000000000000000000, -0.000000000000000000 ) ) ;
#29 = ORIENTED_EDGE ( 'NONE', *, *, #1979, .F. ) ;
#30 = VECTOR ( 'NONE', #674, 1000.000000000000000 ) ;
#31 = ORIENTED_EDGE ( 'NONE', *, *, #1618, .F. ) ;
#32 = EDGE_LOOP ( 'NONE', ( #927, #120, #163, #3075 ) ) ;
#33 = DIRECTION ( 'NONE',  ( 0.000000000000000000, 1.000000000000000000, -0.000000000000000000 ) ) ;
#34 = AXIS2_PLACEMENT_3D ( 'NONE', #2754, #1543, #2711 ) ;
#35 = EDGE_CURVE ( 'NONE', #2887, #1251, #1217, .T. ) ;
#36 = CIRCLE ( 'NONE', #434, 0.1312500000000002831 ) ;
#37 = LINE ( 'NONE', #997, #554 ) ;
#38 = PLANE ( 'NONE',  #1239 ) ;
#39 = ORIENTED_EDGE ( 'NONE', *, *, #147, .F. ) ;
#40 = CARTESIAN_POINT ( 'NONE',  ( -2.649999999999999911, 4.549999999999998046, 6.302141671781267579E-17 ) ) ;
#41 = ORIENTED_EDGE ( 'NONE', *, *, #2500, .F. ) ;
#42 = PLANE ( 'NONE',  #154 ) ;
#43 = DIRECTION ( 'NONE',  ( 0.000000000000000000, 0.000000000000000000, -1.000000000000000000 ) ) ;
#44 = DIRECTION ( 'NONE',  ( -0.000000000000000000, -1.000000000000000000, -0.000000000000000000 ) ) ;
#45 = DIRECTION ( 'NONE',  ( -0.000000000000000000, 1.000000000000000000, -0.000000000000000000 ) ) ;
#46 = ORIENTED_EDGE ( 'NONE', *, *, #2877, .T. ) ;
#47 = ORIENTED_EDGE ( 'NONE', *, *, #2983, .F. ) ;
#48 = AXIS2_PLACEMENT_3D ( 'NONE', #995, #260, #1701 ) ;
#49 = AXIS2_PLACEMENT_3D ( 'NONE', #3063, #1946, #2147 ) ;
#50 = AXIS2_PLACEMENT_3D ( 'NONE', #1743, #1196, #267 ) ;
#51 = CARTESIAN_POINT ( 'NONE',  ( 2.649999999999999911, 4.549999999999998046, -0.4500000000000000111 ) ) ;
#52 = FACE_OUTER_BOUND ( 'NONE', #2222, .T. ) ;
#53 = ORIENTED_EDGE ( 'NONE', *, *, #1435, .F. ) ;
#54 = EDGE_CURVE ( 'NONE', #1728, #2242, #2483, .T. ) ;
#55 = CARTESIAN_POINT ( 'NONE',  ( 2.649999999999999911, 0.2000000000000000111, -0.4500000000000000111 ) ) ;
#56 = ORIENTED_EDGE ( 'NONE', *, *, #153, .T. ) ;
#57 = CARTESIAN_POINT ( 'NONE',  ( 1.212435565298652262, 4.849999999999999645, 2.299999999999998046 ) ) ;
#58 = DIRECTION ( 'NONE',  ( 0.000000000000000000, 0.000000000000000000, 1.000000000000000000 ) ) ;
#59 = DIRECTION ( 'NONE',  ( 0.000000000000000000, 1.000000000000000000, 0.000000000000000000 ) ) ;
#60 = CARTESIAN_POINT ( 'NONE',  ( 0.000000000000000000, 2.537500000000001421, 0.000000000000000000 ) ) ;
#61 = EDGE_LOOP ( 'NONE', ( #567, #2199, #2531, #431 ) ) ;
#62 = EDGE_CURVE ( 'NONE', #2265, #2105, #1326, .T. ) ;
#63 = VERTEX_POINT ( 'NONE', #3016 ) ;
#64 = FACE_OUTER_BOUND ( 'NONE', #3066, .T. ) ;
#65 = ORIENTED_EDGE ( 'NONE', *, *, #1230, .F. ) ;
#66 = DIRECTION ( 'NONE',  ( 0.000000000000000000, 0.000000000000000000, -1.000000000000000000 ) ) ;
#67 = CARTESIAN_POINT ( 'NONE',  ( 0.000000000000000000, 0.9624999999999981348, 0.000000000000000000 ) ) ;
#68 = ADVANCED_FACE ( 'NONE', ( #1321 ), #2002, .F. ) ;
#69 = CARTESIAN_POINT ( 'NONE',  ( 0.000000000000000000, 1.225000000000000977, -2.399999999999971934 ) ) ;
#70 = ORIENTED_EDGE ( 'NONE', *, *, #253, .T. ) ;
#71 = EDGE_CURVE ( 'NONE', #1251, #2760, #1080, .T. ) ;
#72 = ADVANCED_FACE ( 'NONE', ( #2546 ), #1307, .T. ) ;
#73 = ORIENTED_EDGE ( 'NONE', *, *, #838, .F. ) ;
#74 = LINE ( 'NONE', #2542, #297 ) ;
#75 = CARTESIAN_POINT ( 'NONE',  ( 0.000000000000000000, 0.2000000000000000111, 0.000000000000000000 ) ) ;
#76 = EDGE_LOOP ( 'NONE', ( #2244, #1075, #1859, #1828, #2791, #2156, #79, #2587 ) ) ;
#77 = DIRECTION ( 'NONE',  ( 0.000000000000000000, 1.000000000000000000, -0.000000000000000000 ) ) ;
#78 = DIRECTION ( 'NONE',  ( 0.000000000000000000, 0.000000000000000000, -1.000000000000000000 ) ) ;
#79 = ORIENTED_EDGE ( 'NONE', *, *, #623, .F. ) ;
#80 = ORIENTED_EDGE ( 'NONE', *, *, #1710, .T. ) ;
#81 = AXIS2_PLACEMENT_3D ( 'NONE', #179, #208, #2114 ) ;
#82 = DIRECTION ( 'NONE',  ( 0.000000000000000000, 1.000000000000000000, 0.000000000000000000 ) ) ;
#83 = DIRECTION ( 'NONE',  ( -0.000000000000000000, 1.000000000000000000, -0.000000000000000000 ) ) ;
#84 = VECTOR ( 'NONE', #1813, 1000.000000000000000 ) ;
#85 = VECTOR ( 'NONE', #662, 1000.000000000000000 ) ;
#86 = ORIENTED_EDGE ( 'NONE', *, *, #1085, .F. ) ;
#87 = DIRECTION ( 'NONE',  ( 1.000000000000000000, 0.000000000000000000, 0.000000000000000000 ) ) ;
#88 = CARTESIAN_POINT ( 'NONE',  ( -1.284523257866512891, 0.2000000000000000111, 2.600000000000000089 ) ) ;
#89 = FACE_OUTER_BOUND ( 'NONE', #2525, .T. ) ;
#90 = CARTESIAN_POINT ( 'NONE',  ( 0.000000000000000000, 4.849999999999999645, 0.000000000000000000 ) ) ;
#91 = ORIENTED_EDGE ( 'NONE', *, *, #385, .F. ) ;
#92 = EDGE_LOOP ( 'NONE', ( #2146, #1308, #923, #2768, #481, #854 ) ) ;
#93 = CYLINDRICAL_SURFACE ( 'NONE', #1977, 2.899999999999999911 ) ;
#94 = CARTESIAN_POINT ( 'NONE',  ( 2.939152317953647106E-16, 3.587500000000003908, 2.399999999999999467 ) ) ;
#95 = ORIENTED_EDGE ( 'NONE', *, *, #2027, .T. ) ;
#96 = LINE ( 'NONE', #2545, #2267 ) ;
#97 = CARTESIAN_POINT ( 'NONE',  ( 2.419640550616107610, 0.7014199054866364635, -0.08254107868071848542 ) ) ;
#98 = ORIENTED_EDGE ( 'NONE', *, *, #1124, .T. ) ;
#99 = PLANE ( 'NONE',  #684 ) ;
#100 = AXIS2_PLACEMENT_3D ( 'NONE', #1715, #495, #1653 ) ;
#101 = CARTESIAN_POINT ( 'NONE',  ( -3.299999999999999378, 0.6999999999999999556, 0.000000000000000000 ) ) ;
#102 = EDGE_CURVE ( 'NONE', #1835, #1536, #360, .T. ) ;
#103 = EDGE_LOOP ( 'NONE', ( #1854, #258, #2722, #465, #2255, #1750 ) ) ;
#104 = CIRCLE ( 'NONE', #2739, 0.4500000000000000111 ) ;
#105 = CARTESIAN_POINT ( 'NONE',  ( 0.000000000000000000, 1.750000000000001332, -2.399999999999977707 ) ) ;
#106 = VECTOR ( 'NONE', #1731, 1000.000000000000000 ) ;
#107 = DIRECTION ( 'NONE',  ( 0.000000000000000000, 0.000000000000000000, 1.000000000000000000 ) ) ;
#108 = VECTOR ( 'NONE', #2956, 1000.000000000000000 ) ;
#109 = DIRECTION ( 'NONE',  ( 0.000000000000000000, 0.000000000000000000, -1.000000000000000000 ) ) ;
#110 = ORIENTED_EDGE ( 'NONE', *, *, #706, .T. ) ;
#111 = DIRECTION ( 'NONE',  ( 1.000000000000000000, 0.000000000000000000, -1.224646799147353207E-16 ) ) ;
#112 = LINE ( 'NONE', #2803, #3024 ) ;
#113 = EDGE_LOOP ( 'NONE', ( #2571, #664, #1732, #321, #1481, #2107, #1894, #676 ) ) ;
#114 = CARTESIAN_POINT ( 'NONE',  ( 2.446853893727923168, 0.7086940199437370413, 0.03079156447504025410 ) ) ;
#115 = VERTEX_POINT ( 'NONE', #777 ) ;
#116 = EDGE_CURVE ( 'NONE', #1277, #1497, #2275, .T. ) ;
#117 = DIRECTION ( 'NONE',  ( 0.000000000000000000, 0.000000000000000000, -1.000000000000000000 ) ) ;
#118 = CARTESIAN_POINT ( 'NONE',  ( 2.649999999999999911, 3.849999999999999201, -0.4500000000000000111 ) ) ;
#119 = ADVANCED_FACE ( 'NONE', ( #1284 ), #1769, .T. ) ;
#120 = ORIENTED_EDGE ( 'NONE', *, *, #1864, .F. ) ;
#121 = EDGE_CURVE ( 'NONE', #2475, #115, #1932, .T. ) ;
#122 = EDGE_CURVE ( 'NONE', #2475, #2278, #400, .T. ) ;
#123 = DIRECTION ( 'NONE',  ( 0.000000000000000000, 0.000000000000000000, -1.000000000000000000 ) ) ;
#124 = FACE_OUTER_BOUND ( 'NONE', #416, .T. ) ;
#125 = ORIENTED_EDGE ( 'NONE', *, *, #2693, .F. ) ;
#126 = DIRECTION ( 'NONE',  ( -0.000000000000000000, -1.000000000000000000, -0.000000000000000000 ) ) ;
#127 = DIRECTION ( 'NONE',  ( 0.000000000000000000, 0.000000000000000000, -1.000000000000000000 ) ) ;
#128 = DIRECTION ( 'NONE',  ( 0.000000000000000000, 0.000000000000000000, 1.000000000000000000 ) ) ;
#129 = PLANE ( 'NONE',  #1627 ) ;
#130 = CARTESIAN_POINT ( 'NONE',  ( 0.000000000000000000, 0.9624999999999981348, 0.000000000000000000 ) ) ;
#131 = ORIENTED_EDGE ( 'NONE', *, *, #723, .T. ) ;
#132 = EDGE_CURVE ( 'NONE', #615, #1194, #3138, .T. ) ;
#133 = AXIS2_PLACEMENT_3D ( 'NONE', #1672, #2175, #2391 ) ;
#134 = CARTESIAN_POINT ( 'NONE',  ( -2.402434261122549763, 0.6999999999996497912, 0.09828920298597071392 ) ) ;
#135 = DIRECTION ( 'NONE',  ( 0.000000000000000000, 0.000000000000000000, -1.000000000000000000 ) ) ;
#136 = DIRECTION ( 'NONE',  ( 0.000000000000000000, 0.000000000000000000, 1.000000000000000000 ) ) ;
#137 = ORIENTED_EDGE ( 'NONE', *, *, #1955, .T. ) ;
#138 = LINE ( 'NONE', #2553, #1355 ) ;
#139 = ORIENTED_EDGE ( 'NONE', *, *, #2500, .T. ) ;
#140 = DIRECTION ( 'NONE',  ( -0.000000000000000000, -1.000000000000000000, -0.000000000000000000 ) ) ;
#141 =( LENGTH_UNIT ( ) NAMED_UNIT ( * ) SI_UNIT ( .MILLI., .METRE. ) );
#142 = LINE ( 'NONE', #865, #1256 ) ;
#143 = CIRCLE ( 'NONE', #2663, 2.899999999999999911 ) ;
#144 = ORIENTED_EDGE ( 'NONE', *, *, #456, .F. ) ;
#145 = CIRCLE ( 'NONE', #1571, 2.899999999999999911 ) ;
#146 =( NAMED_UNIT ( * ) PLANE_ANGLE_UNIT ( ) SI_UNIT ( $, .RADIAN. ) );
#147 = EDGE_CURVE ( 'NONE', #1657, #1070, #1596, .T. ) ;
#148 = DIRECTION ( 'NONE',  ( 0.000000000000000000, -0.000000000000000000, -1.000000000000000000 ) ) ;
#149 = DIRECTION ( 'NONE',  ( 0.000000000000000000, 0.000000000000000000, 1.000000000000000000 ) ) ;
#150 = AXIS2_PLACEMENT_3D ( 'NONE', #2947, #794, #78 ) ;
#151 = ORIENTED_EDGE ( 'NONE', *, *, #484, .F. ) ;
#152 = COLOUR_RGB ( '',0.2509803921568627416, 0.2509803921568627416, 0.2509803921568627416 ) ;
#153 = EDGE_CURVE ( 'NONE', #2941, #3095, #1649, .T. ) ;
#154 = AXIS2_PLACEMENT_3D ( 'NONE', #990, #2470, #1998 ) ;
#155 = AXIS2_PLACEMENT_3D ( 'NONE', #1887, #2355, #3084 ) ;
#156 = DIRECTION ( 'NONE',  ( -0.000000000000000000, -1.000000000000000000, -0.000000000000000000 ) ) ;
#157 = VERTEX_POINT ( 'NONE', #2133 ) ;
#158 = DIRECTION ( 'NONE',  ( 0.000000000000000000, 0.000000000000000000, -1.000000000000000000 ) ) ;
#159 = DIRECTION ( 'NONE',  ( -1.000000000000000000, 0.000000000000000000, 0.000000000000000000 ) ) ;
#160 = DIRECTION ( 'NONE',  ( 0.000000000000000000, -1.000000000000000000, 0.000000000000000000 ) ) ;
#161 = EDGE_CURVE ( 'NONE', #2105, #63, #2179, .T. ) ;
#162 = ORIENTED_EDGE ( 'NONE', *, *, #536, .F. ) ;
#163 = ORIENTED_EDGE ( 'NONE', *, *, #1058, .F. ) ;
#164 = DIRECTION ( 'NONE',  ( 0.000000000000000000, 0.000000000000000000, -1.000000000000000000 ) ) ;
#165 = CARTESIAN_POINT ( 'NONE',  ( 1.284523257866512225, 0.2000000000000000111, 2.600000000000000089 ) ) ;
#166 = ADVANCED_FACE ( 'NONE', ( #1384 ), #699, .T. ) ;
#167 = ORIENTED_EDGE ( 'NONE', *, *, #814, .T. ) ;
#168 = PLANE ( 'NONE',  #588 ) ;
#169 = ORIENTED_EDGE ( 'NONE', *, *, #1979, .T. ) ;
#170 = EDGE_CURVE ( 'NONE', #572, #2878, #1163, .T. ) ;
#171 = DIRECTION ( 'NONE',  ( 0.000000000000000000, 0.000000000000000000, -1.000000000000000000 ) ) ;
#172 = CARTESIAN_POINT ( 'NONE',  ( 2.649999999999999911, 0.2000000000000000111, -0.4500000000000000111 ) ) ;
#173 = CARTESIAN_POINT ( 'NONE',  ( 0.000000000000000000, 0.6999999999999999556, 0.000000000000000000 ) ) ;
#174 = VERTEX_POINT ( 'NONE', #3036 ) ;
#175 = CIRCLE ( 'NONE', #2518, 2.399999999999999467 ) ;
#176 = AXIS2_PLACEMENT_3D ( 'NONE', #1150, #182, #2129 ) ;
#177 = DIRECTION ( 'NONE',  ( 2.018308117240545420E-15, 0.000000000000000000, 1.000000000000000000 ) ) ;
#178 = CARTESIAN_POINT ( 'NONE',  ( -2.445021066864662362, 0.7080253469197436145, 0.03754506395394367063 ) ) ;
#179 = CARTESIAN_POINT ( 'NONE',  ( 0.000000000000000000, 4.549999999999998046, -2.600000000000000089 ) ) ;
#180 = CIRCLE ( 'NONE', #133, 0.1312499999999998668 ) ;
#181 = VECTOR ( 'NONE', #2062, 1000.000000000000000 ) ;
#182 = DIRECTION ( 'NONE',  ( -0.000000000000000000, 0.7071067811865475727, 0.7071067811865475727 ) ) ;
#183 = VERTEX_POINT ( 'NONE', #2077 ) ;
#184 = SURFACE_STYLE_FILL_AREA ( #2617 ) ;
#185 = DIRECTION ( 'NONE',  ( -1.000000000000000000, 0.000000000000000000, 0.000000000000000000 ) ) ;
#186 = CARTESIAN_POINT ( 'NONE',  ( -1.284523257866513557, 4.849999999999999645, -2.600000000000000089 ) ) ;
#187 = CARTESIAN_POINT ( 'NONE',  ( 2.324999999999999734, 0.7000000000000013989, -0.1250000000000001943 ) ) ;
#188 = VERTEX_POINT ( 'NONE', #2603 ) ;
#189 = ADVANCED_FACE ( 'NONE', ( #673 ), #1008, .T. ) ;
#190 = CARTESIAN_POINT ( 'NONE',  ( 0.000000000000000000, 0.9624999999999981348, -2.399999999999969269 ) ) ;
#191 = CARTESIAN_POINT ( 'NONE',  ( -2.403331765235802830, 0.7000000000000047296, -0.09764552898687754723 ) ) ;
#192 = CIRCLE ( 'NONE', #2332, 2.399999999999999467 ) ;
#193 = CARTESIAN_POINT ( 'NONE',  ( -2.324999999999999734, 0.1000000000000014488, -0.1250000000000001943 ) ) ;
#194 = CIRCLE ( 'NONE', #3135, 0.1312500000000011435 ) ;
#195 = VERTEX_POINT ( 'NONE', #1137 ) ;
#196 = LINE ( 'NONE', #1166, #2232 ) ;
#197 = AXIS2_PLACEMENT_3D ( 'NONE', #1877, #2555, #372 ) ;
#198 = CIRCLE ( 'NONE', #2886, 0.1312500000000002831 ) ;
#199 = DIRECTION ( 'NONE',  ( 0.000000000000000000, -0.000000000000000000, 1.000000000000000000 ) ) ;
#200 = B_SPLINE_CURVE_WITH_KNOTS ( 'NONE', 3,
 ( #663, #1641, #2792, #420 ),
 .UNSPECIFIED., .F., .F.,
 ( 4, 4 ),
 ( 0.000000000000000000, 0.0004303447866767982325 ),
 .UNSPECIFIED. ) ;
#201 = VERTEX_POINT ( 'NONE', #2815 ) ;
#202 = EDGE_CURVE ( 'NONE', #3055, #2964, #3091, .T. ) ;
#203 = ORIENTED_EDGE ( 'NONE', *, *, #453, .F. ) ;
#204 = EDGE_CURVE ( 'NONE', #365, #2224, #2936, .T. ) ;
#205 = ADVANCED_FACE ( 'NONE', ( #1863 ), #417, .T. ) ;
#206 = LINE ( 'NONE', #2874, #2484 ) ;
#207 = DIRECTION ( 'NONE',  ( 0.000000000000000000, 0.000000000000000000, -1.000000000000000000 ) ) ;
#208 = DIRECTION ( 'NONE',  ( 0.000000000000000000, -0.7071067811865475727, 0.7071067811865475727 ) ) ;
#209 = ORIENTED_EDGE ( 'NONE', *, *, #1902, .F. ) ;
#210 = DIRECTION ( 'NONE',  ( 0.000000000000000000, 0.000000000000000000, 1.000000000000000000 ) ) ;
#211 = DIRECTION ( 'NONE',  ( -1.000000000000000000, 0.000000000000000000, -1.251002506714043540E-16 ) ) ;
#212 = DIRECTION ( 'NONE',  ( 0.000000000000000000, 0.000000000000000000, -1.000000000000000000 ) ) ;
#213 = CARTESIAN_POINT ( 'NONE',  ( 2.649999999999999911, 4.849999999999999645, 0.000000000000000000 ) ) ;
#214 = VERTEX_POINT ( 'NONE', #2573 ) ;
#215 = EDGE_LOOP ( 'NONE', ( #1158, #2623, #2004, #110 ) ) ;
#216 = ADVANCED_FACE ( 'NONE', ( #919 ), #2852, .T. ) ;
#217 = CARTESIAN_POINT ( 'NONE',  ( 0.6500000000000005773, 0.2000000000000000111, -2.600000000000000089 ) ) ;
#218 = CARTESIAN_POINT ( 'NONE',  ( -2.199999999999999734, 0.6999999999999999556, 4.041334437186264524E-16 ) ) ;
#219 = DIRECTION ( 'NONE',  ( -1.000000000000000000, 0.000000000000000000, -0.000000000000000000 ) ) ;
#220 = VECTOR ( 'NONE', #1888, 1000.000000000000000 ) ;
#221 = TOROIDAL_SURFACE ( 'NONE', #1040, 2.399999999999977707, 0.1312500000000000611 ) ;
#222 = AXIS2_PLACEMENT_3D ( 'NONE', #824, #1812, #855 ) ;
#223 = ORIENTED_EDGE ( 'NONE', *, *, #341, .F. ) ;
#224 = CARTESIAN_POINT ( 'NONE',  ( 0.000000000000000000, 0.7000000000000000666, -0.4500000000000000111 ) ) ;
#225 = CARTESIAN_POINT ( 'NONE',  ( 0.000000000000000000, 0.2000000000000000111, 0.000000000000000000 ) ) ;
#226 = CARTESIAN_POINT ( 'NONE',  ( 0.000000000000000000, 3.849999999999999201, 2.600000000000000089 ) ) ;
#227 = FACE_BOUND ( 'NONE', #994, .T. ) ;
#228 = ORIENTED_EDGE ( 'NONE', *, *, #1916, .F. ) ;
#229 = ORIENTED_EDGE ( 'NONE', *, *, #341, .T. ) ;
#230 = DIRECTION ( 'NONE',  ( -0.000000000000000000, -1.000000000000000000, -0.000000000000000000 ) ) ;
#231 = DIRECTION ( 'NONE',  ( -1.000000000000000000, 0.000000000000000000, 6.834751344692818976E-16 ) ) ;
#232 = DIRECTION ( 'NONE',  ( 0.000000000000000000, 0.000000000000000000, -1.000000000000000000 ) ) ;
#233 = ADVANCED_FACE ( 'NONE', ( #3077 ), #129, .F. ) ;
#234 = CIRCLE ( 'NONE', #2930, 2.399999999999971934 ) ;
#235 = ORIENTED_EDGE ( 'NONE', *, *, #941, .T. ) ;
#236 = LINE ( 'NONE', #6, #1681 ) ;
#237 = LINE ( 'NONE', #1412, #1675 ) ;
#238 = FACE_OUTER_BOUND ( 'NONE', #1945, .T. ) ;
#239 = CIRCLE ( 'NONE', #497, 0.1312499999999972577 ) ;
#240 = CARTESIAN_POINT ( 'NONE',  ( -0.6499999999999993561, 0.000000000000000000, -2.600000000000000089 ) ) ;
#241 = ORIENTED_EDGE ( 'NONE', *, *, #835, .F. ) ;
#242 = DIRECTION ( 'NONE',  ( 0.000000000000000000, 0.000000000000000000, 1.000000000000000000 ) ) ;
#243 = CIRCLE ( 'NONE', #3144, 0.4500000000000000111 ) ;
#244 = CIRCLE ( 'NONE', #448, 0.4500000000000000111 ) ;
#245 = CARTESIAN_POINT ( 'NONE',  ( 0.000000000000000000, 2.143750000000001599, -2.399999999999983036 ) ) ;
#246 = LINE ( 'NONE', #3019, #2989 ) ;
#247 = DIRECTION ( 'NONE',  ( -0.000000000000000000, -1.000000000000000000, -0.000000000000000000 ) ) ;
#248 = ORIENTED_EDGE ( 'NONE', *, *, #54, .T. ) ;
#249 = ADVANCED_FACE ( 'NONE', ( #1592 ), #902, .F. ) ;
#250 = ORIENTED_EDGE ( 'NONE', *, *, #2693, .T. ) ;
#251 = DIRECTION ( 'NONE',  ( 0.000000000000000000, -1.000000000000000000, 0.000000000000000000 ) ) ;
#252 = ORIENTED_EDGE ( 'NONE', *, *, #385, .T. ) ;
#253 = EDGE_CURVE ( 'NONE', #1804, #836, #2382, .T. ) ;
#254 = DIRECTION ( 'NONE',  ( 0.000000000000000000, 0.000000000000000000, -1.000000000000000000 ) ) ;
#255 = DIRECTION ( 'NONE',  ( -0.000000000000000000, -1.000000000000000000, -0.000000000000000000 ) ) ;
#256 = CARTESIAN_POINT ( 'NONE',  ( 0.6500000000000000222, 0.2000000000000000111, 2.600000000000000533 ) ) ;
#257 = ORIENTED_EDGE ( 'NONE', *, *, #2271, .T. ) ;
#258 = ORIENTED_EDGE ( 'NONE', *, *, #866, .F. ) ;
#259 = ORIENTED_EDGE ( 'NONE', *, *, #484, .T. ) ;
#260 = DIRECTION ( 'NONE',  ( -0.000000000000000000, -1.000000000000000000, -0.000000000000000000 ) ) ;
#261 = PLANE ( 'NONE',  #401 ) ;
#262 = CARTESIAN_POINT ( 'NONE',  ( 0.000000000000000000, 0.2000000000000000111, 0.000000000000000000 ) ) ;
#263 = ORIENTED_EDGE ( 'NONE', *, *, #1831, .F. ) ;
#264 = CIRCLE ( 'NONE', #1757, 0.1250000000000001943 ) ;
#265 = CARTESIAN_POINT ( 'NONE',  ( 0.000000000000000000, 4.849999999999999645, 0.000000000000000000 ) ) ;
#266 = ORIENTED_EDGE ( 'NONE', *, *, #860, .F. ) ;
#267 = DIRECTION ( 'NONE',  ( 0.000000000000000000, 0.000000000000000000, -1.000000000000000000 ) ) ;
#268 = CIRCLE ( 'NONE', #2262, 2.399999999999991029 ) ;
#269 = CIRCLE ( 'NONE', #2463, 0.4500000000000000111 ) ;
#270 = CARTESIAN_POINT ( 'NONE',  ( -2.649999999999999911, 0.7000000000000000666, 0.4500000000000000111 ) ) ;
#271 = FACE_OUTER_BOUND ( 'NONE', #1183, .T. ) ;
#272 = ORIENTED_EDGE ( 'NONE', *, *, #379, .T. ) ;
#273 = AXIS2_PLACEMENT_3D ( 'NONE', #1546, #117, #2807 ) ;
#274 = EDGE_LOOP ( 'NONE', ( #263, #2799, #1505, #2560, #1604 ) ) ;
#275 = EDGE_LOOP ( 'NONE', ( #228, #805, #70, #1774, #241 ) ) ;
#276 = DIRECTION ( 'NONE',  ( 0.000000000000000000, -1.000000000000000000, 0.000000000000000000 ) ) ;
#277 = ADVANCED_FACE ( 'NONE', ( #629 ), #3052, .F. ) ;
#278 = ADVANCED_FACE ( 'NONE', ( #1128 ), #2109, .T. ) ;
#279 = EDGE_CURVE ( 'NONE', #183, #592, #196, .T. ) ;
#280 = FACE_OUTER_BOUND ( 'NONE', #345, .T. ) ;
#281 = DIRECTION ( 'NONE',  ( 0.000000000000000000, 0.000000000000000000, -1.000000000000000000 ) ) ;
#282 = EDGE_CURVE ( 'NONE', #1835, #21, #461, .T. ) ;
#283 = VERTEX_POINT ( 'NONE', #2646 ) ;
#284 = PLANE ( 'NONE',  #558 ) ;
#285 = CARTESIAN_POINT ( 'NONE',  ( 2.939152317953627877E-16, 2.275000000000001688, 2.399999999999983036 ) ) ;
#286 = AXIS2_PLACEMENT_3D ( 'NONE', #707, #199, #8 ) ;
#287 = PLANE ( 'NONE',  #2011 ) ;
#288 = DIRECTION ( 'NONE',  ( -0.000000000000000000, -1.000000000000000000, 0.000000000000000000 ) ) ;
#289 = ORIENTED_EDGE ( 'NONE', *, *, #2959, .F. ) ;
#290 = ORIENTED_EDGE ( 'NONE', *, *, #597, .F. ) ;
#291 = DIRECTION ( 'NONE',  ( 0.000000000000000000, 0.000000000000000000, -1.000000000000000000 ) ) ;
#292 = VECTOR ( 'NONE', #251, 1000.000000000000000 ) ;
#293 = AXIS2_PLACEMENT_3D ( 'NONE', #1707, #230, #2671 ) ;
#294 = EDGE_CURVE ( 'NONE', #741, #550, #1440, .T. ) ;
#295 = ORIENTED_EDGE ( 'NONE', *, *, #3022, .F. ) ;
#296 = AXIS2_PLACEMENT_3D ( 'NONE', #786, #1763, #2724 ) ;
#297 = VECTOR ( 'NONE', #1817, 1000.000000000000000 ) ;
#298 = EDGE_CURVE ( 'NONE', #1245, #993, #928, .T. ) ;
#299 = FACE_OUTER_BOUND ( 'NONE', #892, .T. ) ;
#300 = EDGE_CURVE ( 'NONE', #1700, #1646, #492, .T. ) ;
#301 = CARTESIAN_POINT ( 'NONE',  ( 0.000000000000000000, 3.062500000000001776, 0.000000000000000000 ) ) ;
#302 = ORIENTED_EDGE ( 'NONE', *, *, #1667, .F. ) ;
#303 = CARTESIAN_POINT ( 'NONE',  ( 2.649999999999999911, 4.849999999999999645, -0.4500000000000000111 ) ) ;
#304 = ORIENTED_EDGE ( 'NONE', *, *, #866, .T. ) ;
#305 = DIRECTION ( 'NONE',  ( 0.000000000000000000, -0.7071067811865477948, 0.7071067811865473507 ) ) ;
#306 = VERTEX_POINT ( 'NONE', #1227 ) ;
#307 = DIRECTION ( 'NONE',  ( 0.000000000000000000, 0.000000000000000000, -1.000000000000000000 ) ) ;
#308 = CARTESIAN_POINT ( 'NONE',  ( 2.939152317953647106E-16, 3.849999999999999201, 2.399999999999999467 ) ) ;
#309 = ORIENTED_EDGE ( 'NONE', *, *, #375, .F. ) ;
#310 = CARTESIAN_POINT ( 'NONE',  ( 0.000000000000000000, 1.881250000000001421, 0.000000000000000000 ) ) ;
#311 = DIRECTION ( 'NONE',  ( 0.000000000000000000, -0.000000000000000000, 1.000000000000000000 ) ) ;
#312 = ORIENTED_EDGE ( 'NONE', *, *, #1192, .T. ) ;
#313 = ORIENTED_EDGE ( 'NONE', *, *, #518, .T. ) ;
#314 = DIRECTION ( 'NONE',  ( -0.000000000000000000, -1.000000000000000000, -0.000000000000000000 ) ) ;
#315 = EDGE_LOOP ( 'NONE', ( #1620, #2818, #1181, #922 ) ) ;
#316 = CARTESIAN_POINT ( 'NONE',  ( -0.6500000000000000222, 0.2000000000000000111, 2.600000000000000533 ) ) ;
#317 = DIRECTION ( 'NONE',  ( 0.000000000000000000, 0.000000000000000000, 1.000000000000000000 ) ) ;
#318 = EDGE_CURVE ( 'NONE', #1881, #2504, #2435, .T. ) ;
#319 = CARTESIAN_POINT ( 'NONE',  ( 2.939152317953633794E-16, 2.668750000000001954, 2.399999999999988365 ) ) ;
#320 = ORIENTED_EDGE ( 'NONE', *, *, #1252, .T. ) ;
#321 = ORIENTED_EDGE ( 'NONE', *, *, #3078, .F. ) ;
#322 = EDGE_CURVE ( 'NONE', #836, #391, #2427, .T. ) ;
#323 = CARTESIAN_POINT ( 'NONE',  ( 2.324999999999999734, 0.7000000000000013989, 0.000000000000000000 ) ) ;
#324 = CARTESIAN_POINT ( 'NONE',  ( 0.000000000000000000, 0.6999999999999999556, 0.000000000000000000 ) ) ;
#325 = VERTEX_POINT ( 'NONE', #2865 ) ;
#326 = CARTESIAN_POINT ( 'NONE',  ( 2.410896515533205609, 0.7006068004465130228, -0.09081183083306799964 ) ) ;
#327 = EDGE_LOOP ( 'NONE', ( #1364, #2327, #295, #1335 ) ) ;
#328 = AXIS2_PLACEMENT_3D ( 'NONE', #1378, #444, #1645 ) ;
#329 = VECTOR ( 'NONE', #2084, 1000.000000000000000 ) ;
#330 = SURFACE_SIDE_STYLE ('',( #2514 ) ) ;
#331 = LINE ( 'NONE', #2656, #2135 ) ;
#332 = AXIS2_PLACEMENT_3D ( 'NONE', #1756, #2030, #2721 ) ;
#333 = VECTOR ( 'NONE', #1684, 1000.000000000000000 ) ;
#334 = ORIENTED_EDGE ( 'NONE', *, *, #1105, .F. ) ;
#335 = DIRECTION ( 'NONE',  ( 0.000000000000000000, 0.000000000000000000, 1.000000000000000000 ) ) ;
#336 = DIRECTION ( 'NONE',  ( -0.000000000000000000, -1.000000000000000000, -0.000000000000000000 ) ) ;
#337 = DIRECTION ( 'NONE',  ( -0.000000000000000000, -1.000000000000000000, -0.000000000000000000 ) ) ;
#338 = ADVANCED_FACE ( 'NONE', ( #2696 ), #1884, .T. ) ;
#339 = ORIENTED_EDGE ( 'NONE', *, *, #1435, .T. ) ;
#340 = DIRECTION ( 'NONE',  ( -0.000000000000000000, -1.000000000000000000, -0.000000000000000000 ) ) ;
#341 = EDGE_CURVE ( 'NONE', #21, #2585, #2198, .T. ) ;
#342 = CARTESIAN_POINT ( 'NONE',  ( 2.864873470155357538, 0.000000000000000000, 0.4500000000000000111 ) ) ;
#343 = EDGE_LOOP ( 'NONE', ( #830, #2965, #2150, #2824 ) ) ;
#344 = CARTESIAN_POINT ( 'NONE',  ( -2.199999999999999734, 0.7000000000000013989, 0.000000000000000000 ) ) ;
#345 = EDGE_LOOP ( 'NONE', ( #1994, #2203, #1585, #1200, #2204, #1257 ) ) ;
#346 = FILL_AREA_STYLE ('',( #815 ) ) ;
#347 = CIRCLE ( 'NONE', #2536, 0.4500000000000000111 ) ;
#348 = DIRECTION ( 'NONE',  ( 0.000000000000000000, 0.000000000000000000, -1.000000000000000000 ) ) ;
#349 = ORIENTED_EDGE ( 'NONE', *, *, #3053, .F. ) ;
#350 = AXIS2_PLACEMENT_3D ( 'NONE', #2430, #1547, #851 ) ;
#351 = ADVANCED_FACE ( 'NONE', ( #1195 ), #2659, .F. ) ;
#352 = VECTOR ( 'NONE', #584, 1000.000000000000000 ) ;
#353 = AXIS2_PLACEMENT_3D ( 'NONE', #1913, #2655, #468 ) ;
#354 = CARTESIAN_POINT ( 'NONE',  ( 0.000000000000000000, 0.6999999999999999556, 0.000000000000000000 ) ) ;
#355 = DIRECTION ( 'NONE',  ( -0.000000000000000000, -1.000000000000000000, -0.000000000000000000 ) ) ;
#356 = ORIENTED_EDGE ( 'NONE', *, *, #2881, .T. ) ;
#357 = CARTESIAN_POINT ( 'NONE',  ( 0.000000000000000000, 0.2000000000000000111, 0.000000000000000000 ) ) ;
#358 = DIRECTION ( 'NONE',  ( -0.000000000000000000, -1.000000000000000000, -0.000000000000000000 ) ) ;
#359 = CARTESIAN_POINT ( 'NONE',  ( 2.649999999999999911, 4.549999999999998046, 0.4500000000000000111 ) ) ;
#360 = LINE ( 'NONE', #2044, #3048 ) ;
#361 = MANIFOLD_SOLID_BREP ( 'Cut-Extrude1', #1068 ) ;
#362 = ADVANCED_FACE ( 'NONE', ( #1210 ), #1472, .T. ) ;
#363 =( NAMED_UNIT ( * ) PLANE_ANGLE_UNIT ( ) SI_UNIT ( $, .RADIAN. ) );
#364 = DIRECTION ( 'NONE',  ( -0.000000000000000000, 1.000000000000000000, -0.000000000000000000 ) ) ;
#365 = VERTEX_POINT ( 'NONE', #23 ) ;
#366 = DIRECTION ( 'NONE',  ( 0.000000000000000000, -1.000000000000000000, 0.000000000000000000 ) ) ;
#367 = CARTESIAN_POINT ( 'NONE',  ( 0.6500000000000000222, 0.000000000000000000, 2.600000000000000533 ) ) ;
#368 = CARTESIAN_POINT ( 'NONE',  ( 2.199999999999999734, 0.6999999999999999556, 0.000000000000000000 ) ) ;
#369 = ORIENTED_EDGE ( 'NONE', *, *, #1453, .T. ) ;
#370 = LINE ( 'NONE', #2304, #1910 ) ;
#371 = ORIENTED_EDGE ( 'NONE', *, *, #916, .T. ) ;
#372 = DIRECTION ( 'NONE',  ( 0.000000000000000000, 0.000000000000000000, -1.000000000000000000 ) ) ;
#373 = DIRECTION ( 'NONE',  ( 1.000000000000000000, 0.000000000000000000, -0.000000000000000000 ) ) ;
#374 = ORIENTED_EDGE ( 'NONE', *, *, #1275, .T. ) ;
#375 = EDGE_CURVE ( 'NONE', #858, #115, #1480, .T. ) ;
#376 = TOROIDAL_SURFACE ( 'NONE', #1811, 2.399999999999974598, 0.1312500000000000611 ) ;
#377 = CIRCLE ( 'NONE', #2968, 2.399999999999993694 ) ;
#378 = AXIS2_PLACEMENT_3D ( 'NONE', #1324, #1825, #389 ) ;
#379 = EDGE_CURVE ( 'NONE', #63, #2804, #2041, .T. ) ;
#380 = ADVANCED_FACE ( 'NONE', ( #1980 ), #2468, .T. ) ;
#381 = LINE ( 'NONE', #3056, #108 ) ;
#382 = FACE_OUTER_BOUND ( 'NONE', #2793, .T. ) ;
#383 = CARTESIAN_POINT ( 'NONE',  ( 2.864873470155357538, 3.849999999999999201, 0.4500000000000000111 ) ) ;
#384 = VERTEX_POINT ( 'NONE', #2563 ) ;
#385 = EDGE_CURVE ( 'NONE', #773, #628, #1930, .T. ) ;
#386 = LINE ( 'NONE', #627, #423 ) ;
#387 = EDGE_LOOP ( 'NONE', ( #3127, #1736, #1988, #3011, #1243 ) ) ;
#388 = DIRECTION ( 'NONE',  ( -0.000000000000000000, -1.000000000000000000, -0.000000000000000000 ) ) ;
#389 = DIRECTION ( 'NONE',  ( 0.000000000000000000, 0.000000000000000000, -1.000000000000000000 ) ) ;
#390 = CARTESIAN_POINT ( 'NONE',  ( 2.794695346411885328, 4.610015356685953414, 0.5100153566859559895 ) ) ;
#391 = VERTEX_POINT ( 'NONE', #803 ) ;
#392 = CIRCLE ( 'NONE', #2281, 2.399999999999969269 ) ;
#393 = EDGE_CURVE ( 'NONE', #1089, #2192, #243, .T. ) ;
#394 = AXIS2_PLACEMENT_3D ( 'NONE', #3038, #2096, #2309 ) ;
#395 = CARTESIAN_POINT ( 'NONE',  ( -2.440062917254736341, 0.7062404225864622465, 0.05072565443291140314 ) ) ;
#396 = ORIENTED_EDGE ( 'NONE', *, *, #2653, .T. ) ;
#397 = EDGE_CURVE ( 'NONE', #441, #21, #381, .T. ) ;
#398 = CARTESIAN_POINT ( 'NONE',  ( -2.649999999999999911, 0.2000000000000000111, 6.302141671781267579E-17 ) ) ;
#399 = LINE ( 'NONE', #2344, #1184 ) ;
#400 = CIRCLE ( 'NONE', #2140, 0.7500000000000015543 ) ;
#401 = AXIS2_PLACEMENT_3D ( 'NONE', #519, #781, #573 ) ;
#402 = ORIENTED_EDGE ( 'NONE', *, *, #12, .F. ) ;
#403 = AXIS2_PLACEMENT_3D ( 'NONE', #1904, #2895, #2880 ) ;
#404 = AXIS2_PLACEMENT_3D ( 'NONE', #323, #580, #1039 ) ;
#405 = CARTESIAN_POINT ( 'NONE',  ( 0.000000000000000000, 0.6999999999999999556, 0.000000000000000000 ) ) ;
#406 = ORIENTED_EDGE ( 'NONE', *, *, #857, .F. ) ;
#407 = CARTESIAN_POINT ( 'NONE',  ( 0.000000000000000000, 0.000000000000000000, 0.000000000000000000 ) ) ;
#408 = DIRECTION ( 'NONE',  ( -0.000000000000000000, -1.000000000000000000, -0.000000000000000000 ) ) ;
#409 = DIRECTION ( 'NONE',  ( -0.000000000000000000, -1.000000000000000000, -0.000000000000000000 ) ) ;
#410 = CARTESIAN_POINT ( 'NONE',  ( -1.261150137421217732, 4.650077722736320140, 2.499922277263676662 ) ) ;
#411 = ORIENTED_EDGE ( 'NONE', *, *, #294, .T. ) ;
#412 = CARTESIAN_POINT ( 'NONE',  ( -2.649999999999999911, 0.000000000000000000, 6.302141671781267579E-17 ) ) ;
#413 = DIRECTION ( 'NONE',  ( -0.000000000000000000, -1.000000000000000000, -0.000000000000000000 ) ) ;
#414 = DIRECTION ( 'NONE',  ( -1.224646799147356165E-16, 0.000000000000000000, -1.000000000000000000 ) ) ;
#415 = FACE_OUTER_BOUND ( 'NONE', #215, .T. ) ;
#416 = EDGE_LOOP ( 'NONE', ( #2336, #2116, #1824, #2374, #482 ) ) ;
#417 = CYLINDRICAL_SURFACE ( 'NONE', #553, 2.899999999999999911 ) ;
#418 = EDGE_CURVE ( 'NONE', #183, #3055, #502, .T. ) ;
#419 = DIRECTION ( 'NONE',  ( -0.000000000000000000, -1.000000000000000000, -0.000000000000000000 ) ) ;
#420 = CARTESIAN_POINT ( 'NONE',  ( 1.212435565298651818, 4.849999999999999645, -2.299999999999767120 ) ) ;
#421 = VERTEX_POINT ( 'NONE', #55 ) ;
#422 = TOROIDAL_SURFACE ( 'NONE', #2208, 2.399999999999999467, 0.1312499999999987843 ) ;
#423 = VECTOR ( 'NONE', #3013, 1000.000000000000000 ) ;
#424 = DIRECTION ( 'NONE',  ( -0.000000000000000000, -1.000000000000000000, -0.000000000000000000 ) ) ;
#425 = CARTESIAN_POINT ( 'NONE',  ( 0.000000000000000000, 0.2000000000000000111, 0.000000000000000000 ) ) ;
#426 = CARTESIAN_POINT ( 'NONE',  ( -1.284523257866512891, 4.549999999999998046, 2.600000000000000089 ) ) ;
#427 = AXIS2_PLACEMENT_3D ( 'NONE', #1984, #77, #831 ) ;
#428 = CIRCLE ( 'NONE', #2073, 0.4500000000000000111 ) ;
#429 = ORIENTED_EDGE ( 'NONE', *, *, #838, .T. ) ;
#430 = EDGE_CURVE ( 'NONE', #2278, #1911, #657, .T. ) ;
#431 = ORIENTED_EDGE ( 'NONE', *, *, #857, .T. ) ;
#432 = DIRECTION ( 'NONE',  ( 0.000000000000000000, 0.000000000000000000, 1.000000000000000000 ) ) ;
#433 = MANIFOLD_SOLID_BREP ( 'Boss-Extrude2[2]', #1583 ) ;
#434 = AXIS2_PLACEMENT_3D ( 'NONE', #1126, #1365, #1860 ) ;
#435 = ADVANCED_FACE ( 'NONE', ( #1119 ), #2942, .F. ) ;
#436 = EDGE_CURVE ( 'NONE', #115, #2192, #1522, .T. ) ;
#437 = DIRECTION ( 'NONE',  ( -1.000000000000000000, 0.000000000000000000, -1.366950268938563795E-15 ) ) ;
#438 = EDGE_CURVE ( 'NONE', #2765, #2878, #1278, .T. ) ;
#439 = DIRECTION ( 'NONE',  ( 0.000000000000000000, -1.000000000000000000, 0.000000000000000000 ) ) ;
#440 = EDGE_LOOP ( 'NONE', ( #586, #710, #1115, #874, #988, #1903, #1581, #841 ) ) ;
#441 = VERTEX_POINT ( 'NONE', #2749 ) ;
#442 = DIRECTION ( 'NONE',  ( 0.000000000000000000, -1.000000000000000000, 0.000000000000000000 ) ) ;
#443 = CARTESIAN_POINT ( 'NONE',  ( -2.422971505811133852, 0.7019146724982777696, -0.07882990372519504962 ) ) ;
#444 = DIRECTION ( 'NONE',  ( 0.000000000000000000, 1.000000000000000000, 0.000000000000000000 ) ) ;
#445 = TOROIDAL_SURFACE ( 'NONE', #2231, 2.399999999999991029, 0.1312500000000000611 ) ;
#446 = ORIENTED_EDGE ( 'NONE', *, *, #1058, .T. ) ;
#447 = SURFACE_STYLE_USAGE ( .BOTH. , #1665 ) ;
#448 = AXIS2_PLACEMENT_3D ( 'NONE', #412, #1147, #806 ) ;
#449 = DIRECTION ( 'NONE',  ( 0.000000000000000000, -1.000000000000000000, 0.000000000000000000 ) ) ;
#450 = CARTESIAN_POINT ( 'NONE',  ( 0.000000000000000000, 1.225000000000000977, 0.000000000000000000 ) ) ;
#451 = CARTESIAN_POINT ( 'NONE',  ( 2.324999999999999734, 0.1000000000000014488, 0.1250000000000001943 ) ) ;
#452 = CARTESIAN_POINT ( 'NONE',  ( 0.000000000000000000, 0.7000000000000000666, 0.000000000000000000 ) ) ;
#453 = EDGE_CURVE ( 'NONE', #507, #2927, #1632, .T. ) ;
#454 = ORIENTED_EDGE ( 'NONE', *, *, #2104, .F. ) ;
#455 = ORIENTED_EDGE ( 'NONE', *, *, #2365, .T. ) ;
#456 = EDGE_CURVE ( 'NONE', #1409, #2479, #641, .T. ) ;
#457 = LINE ( 'NONE', #1160, #2686 ) ;
#458 = CARTESIAN_POINT ( 'NONE',  ( 0.000000000000000000, 2.012500000000001066, -2.399999999999980371 ) ) ;
#459 = CARTESIAN_POINT ( 'NONE',  ( 0.000000000000000000, 3.849999999999999201, 0.000000000000000000 ) ) ;
#460 = ORIENTED_EDGE ( 'NONE', *, *, #2457, .T. ) ;
#461 = LINE ( 'NONE', #1176, #292 ) ;
#462 = DIRECTION ( 'NONE',  ( 0.000000000000000000, 0.000000000000000000, -1.000000000000000000 ) ) ;
#463 = FACE_OUTER_BOUND ( 'NONE', #1820, .T. ) ;
#464 = FACE_OUTER_BOUND ( 'NONE', #562, .T. ) ;
#465 = ORIENTED_EDGE ( 'NONE', *, *, #2955, .T. ) ;
#466 = ORIENTED_EDGE ( 'NONE', *, *, #2311, .T. ) ;
#467 = EDGE_CURVE ( 'NONE', #2616, #2504, #1406, .T. ) ;
#468 = DIRECTION ( 'NONE',  ( 0.000000000000000000, 0.000000000000000000, -1.000000000000000000 ) ) ;
#469 = DIRECTION ( 'NONE',  ( -1.000000000000000000, 0.000000000000000000, 2.018308117240545420E-15 ) ) ;
#470 = DIRECTION ( 'NONE',  ( -1.251002506714043540E-16, 0.000000000000000000, 1.000000000000000000 ) ) ;
#471 = AXIS2_PLACEMENT_3D ( 'NONE', #3071, #1601, #1873 ) ;
#472 = CIRCLE ( 'NONE', #1186, 2.899999999999999911 ) ;
#473 = VECTOR ( 'NONE', #589, 1000.000000000000000 ) ;
#474 = EDGE_LOOP ( 'NONE', ( #309, #289, #2171 ) ) ;
#475 = CARTESIAN_POINT ( 'NONE',  ( -0.6500000000000000222, 0.000000000000000000, 2.600000000000000533 ) ) ;
#476 = ADVANCED_FACE ( 'NONE', ( #937 ), #2875, .T. ) ;
#477 = DIRECTION ( 'NONE',  ( -1.000000000000000000, 0.000000000000000000, 0.000000000000000000 ) ) ;
#478 = PLANE ( 'NONE',  #286 ) ;
#479 = DIRECTION ( 'NONE',  ( -3.552713678800500929E-15, 0.000000000000000000, 1.000000000000000000 ) ) ;
#480 = DIRECTION ( 'NONE',  ( 0.000000000000000000, 0.000000000000000000, 1.000000000000000000 ) ) ;
#481 = ORIENTED_EDGE ( 'NONE', *, *, #998, .F. ) ;
#482 = ORIENTED_EDGE ( 'NONE', *, *, #3028, .T. ) ;
#483 = CARTESIAN_POINT ( 'NONE',  ( 0.000000000000000000, 2.275000000000001688, -2.399999999999983036 ) ) ;
#484 = EDGE_CURVE ( 'NONE', #1300, #2788, #1666, .T. ) ;
#485 = DIRECTION ( 'NONE',  ( -1.000000000000000000, 0.000000000000000000, 0.000000000000000000 ) ) ;
#486 = CARTESIAN_POINT ( 'NONE',  ( 0.6500000000000000222, 0.000000000000000000, 2.600000000000000533 ) ) ;
#487 = DIRECTION ( 'NONE',  ( -1.000000000000000000, 0.000000000000000000, -1.251002506714043540E-16 ) ) ;
#488 = EDGE_CURVE ( 'NONE', #1610, #2016, #2609, .T. ) ;
#489 = AXIS2_PLACEMENT_3D ( 'NONE', #632, #2605, #1399 ) ;
#490 = ORIENTED_EDGE ( 'NONE', *, *, #1193, .T. ) ;
#491 = CIRCLE ( 'NONE', #1832, 2.199999999999999734 ) ;
#492 = LINE ( 'NONE', #224, #106 ) ;
#493 = VERTEX_POINT ( 'NONE', #1897 ) ;
#494 = FACE_OUTER_BOUND ( 'NONE', #2719, .T. ) ;
#495 = DIRECTION ( 'NONE',  ( -0.000000000000000000, -1.000000000000000000, -0.000000000000000000 ) ) ;
#496 = DIRECTION ( 'NONE',  ( -0.000000000000000000, -1.000000000000000000, -0.000000000000000000 ) ) ;
#497 = AXIS2_PLACEMENT_3D ( 'NONE', #1567, #594, #1028 ) ;
#498 = CARTESIAN_POINT ( 'NONE',  ( 0.000000000000000000, 4.849999999999999645, 0.000000000000000000 ) ) ;
#499 = EDGE_LOOP ( 'NONE', ( #1978, #2387, #1602, #1479, #2177, #3128, #1523, #2702 ) ) ;
#500 = ORIENTED_EDGE ( 'NONE', *, *, #2053, .T. ) ;
#501 = DIRECTION ( 'NONE',  ( -0.000000000000000000, -1.000000000000000000, -0.000000000000000000 ) ) ;
#502 = CIRCLE ( 'NONE', #557, 0.4500000000000000111 ) ;
#503 = FACE_OUTER_BOUND ( 'NONE', #693, .T. ) ;
#504 = CARTESIAN_POINT ( 'NONE',  ( -2.864873470155357538, 0.2000000000000000111, 0.4500000000000000111 ) ) ;
#505 = CARTESIAN_POINT ( 'NONE',  ( 0.000000000000000000, 2.143750000000001599, 0.000000000000000000 ) ) ;
#506 = ORIENTED_EDGE ( 'NONE', *, *, #2027, .F. ) ;
#507 = VERTEX_POINT ( 'NONE', #2127 ) ;
#508 = CARTESIAN_POINT ( 'NONE',  ( 2.649999999999999911, 0.2000000000000000111, 0.000000000000000000 ) ) ;
#509 = EDGE_LOOP ( 'NONE', ( #2713, #2286, #2700, #2732 ) ) ;
#510 = CARTESIAN_POINT ( 'NONE',  ( 1.261150137421207962, 4.650077722736362773, 2.499922277263634918 ) ) ;
#511 = CARTESIAN_POINT ( 'NONE',  ( 2.494339622641506882, 4.849999999999999645, 0.7336687583103248533 ) ) ;
#512 = DIRECTION ( 'NONE',  ( -0.000000000000000000, -1.000000000000000000, -0.000000000000000000 ) ) ;
#513 = ORIENTED_EDGE ( 'NONE', *, *, #488, .T. ) ;
#514 = ORIENTED_EDGE ( 'NONE', *, *, #132, .T. ) ;
#515 = EDGE_CURVE ( 'NONE', #1497, #2165, #143, .T. ) ;
#516 = ORIENTED_EDGE ( 'NONE', *, *, #769, .T. ) ;
#517 = DIRECTION ( 'NONE',  ( 0.000000000000000000, -0.000000000000000000, -1.000000000000000000 ) ) ;
#518 = EDGE_CURVE ( 'NONE', #550, #2908, #2461, .T. ) ;
#519 = CARTESIAN_POINT ( 'NONE',  ( 0.000000000000000000, 4.549999999999998046, 0.4500000000000000111 ) ) ;
#520 = CARTESIAN_POINT ( 'NONE',  ( 0.000000000000000000, 4.849999999999999645, -0.4500000000000000111 ) ) ;
#521 = EDGE_LOOP ( 'NONE', ( #1050, #506, #2675, #751 ) ) ;
#522 = AXIS2_PLACEMENT_3D ( 'NONE', #2599, #2566, #414 ) ;
#523 = PRESENTATION_STYLE_ASSIGNMENT (( #2505 ) ) ;
#524 = ORIENTED_EDGE ( 'NONE', *, *, #1064, .F. ) ;
#525 = LINE ( 'NONE', #2660, #2996 ) ;
#526 = ADVANCED_FACE ( 'NONE', ( #2849 ), #1692, .F. ) ;
#527 = CIRCLE ( 'NONE', #1865, 0.4500000000000000111 ) ;
#528 = AXIS2_PLACEMENT_3D ( 'NONE', #1586, #1054, #1799 ) ;
#529 = DIRECTION ( 'NONE',  ( 0.000000000000000000, 0.000000000000000000, -1.000000000000000000 ) ) ;
#530 = FACE_OUTER_BOUND ( 'NONE', #867, .T. ) ;
#531 = CARTESIAN_POINT ( 'NONE',  ( 2.433206269485265860, 0.7044832066406193638, -0.06258117323989742520 ) ) ;
#532 = ORIENTED_EDGE ( 'NONE', *, *, #1688, .T. ) ;
#533 = EDGE_CURVE ( 'NONE', #2224, #365, #671, .T. ) ;
#534 = EDGE_LOOP ( 'NONE', ( #304, #2645 ) ) ;
#535 = UNCERTAINTY_MEASURE_WITH_UNIT (LENGTH_MEASURE( 1.000000000000000082E-05 ), #1850, 'distance_accuracy_value', 'NONE');
#536 = EDGE_CURVE ( 'NONE', #2408, #1027, #642, .T. ) ;
#537 = CARTESIAN_POINT ( 'NONE',  ( 0.000000000000000000, 2.406250000000001776, 0.000000000000000000 ) ) ;
#538 = ORIENTED_EDGE ( 'NONE', *, *, #961, .F. ) ;
#539 = DIRECTION ( 'NONE',  ( 0.000000000000000000, 0.000000000000000000, -1.000000000000000000 ) ) ;
#540 = CARTESIAN_POINT ( 'NONE',  ( 0.000000000000000000, 0.6999999999999999556, -2.199999999999999734 ) ) ;
#541 = CARTESIAN_POINT ( 'NONE',  ( -2.864873470155357538, 0.7000000000000000666, 0.4500000000000000111 ) ) ;
#542 = DIRECTION ( 'NONE',  ( 0.000000000000000000, 0.000000000000000000, 1.000000000000000000 ) ) ;
#543 = VERTEX_POINT ( 'NONE', #911 ) ;
#544 = DIRECTION ( 'NONE',  ( -1.000000000000000000, 0.000000000000000000, 0.000000000000000000 ) ) ;
#545 = LINE ( 'NONE', #2491, #1621 ) ;
#546 = ORIENTED_EDGE ( 'NONE', *, *, #1395, .T. ) ;
#547 = AXIS2_PLACEMENT_3D ( 'NONE', #2339, #160, #1386 ) ;
#548 = CARTESIAN_POINT ( 'NONE',  ( 0.000000000000000000, 0.000000000000000000, -2.199999999999999734 ) ) ;
#549 = DIRECTION ( 'NONE',  ( -1.156482317317868964E-15, 0.000000000000000000, 1.000000000000000000 ) ) ;
#550 = VERTEX_POINT ( 'NONE', #2343 ) ;
#551 = ORIENTED_EDGE ( 'NONE', *, *, #1538, .T. ) ;
#552 = CARTESIAN_POINT ( 'NONE',  ( 2.939152317953625412E-16, 2.012500000000001066, 2.399999999999980371 ) ) ;
#553 = AXIS2_PLACEMENT_3D ( 'NONE', #1396, #140, #2119 ) ;
#554 = VECTOR ( 'NONE', #1796, 1000.000000000000000 ) ;
#555 = EDGE_CURVE ( 'NONE', #1545, #1610, #2282, .T. ) ;
#556 = VERTEX_POINT ( 'NONE', #458 ) ;
#557 = AXIS2_PLACEMENT_3D ( 'NONE', #1361, #2448, #622 ) ;
#558 = AXIS2_PLACEMENT_3D ( 'NONE', #789, #1076, #2354 ) ;
#559 = CARTESIAN_POINT ( 'NONE',  ( -2.864873470155357538, 0.000000000000000000, 0.4500000000000000111 ) ) ;
#560 = CYLINDRICAL_SURFACE ( 'NONE', #1302, 0.1250000000000001943 ) ;
#561 = CARTESIAN_POINT ( 'NONE',  ( -2.649999999999999911, 0.7000000000000000666, -0.4499999999999999556 ) ) ;
#562 = EDGE_LOOP ( 'NONE', ( #2961, #1394, #2124, #2528 ) ) ;
#563 = CARTESIAN_POINT ( 'NONE',  ( 2.324999999999999734, 0.1000000000000014488, 0.000000000000000000 ) ) ;
#564 = ORIENTED_EDGE ( 'NONE', *, *, #2049, .F. ) ;
#565 = CARTESIAN_POINT ( 'NONE',  ( 0.000000000000000000, 4.849999999999999645, 0.000000000000000000 ) ) ;
#566 = CARTESIAN_POINT ( 'NONE',  ( 0.000000000000000000, 4.549999999999998046, 0.000000000000000000 ) ) ;
#567 = ORIENTED_EDGE ( 'NONE', *, *, #488, .F. ) ;
#568 = CARTESIAN_POINT ( 'NONE',  ( 2.406806950703167747, 0.7002265131142129118, -0.09468004233948654202 ) ) ;
#569 = ORIENTED_EDGE ( 'NONE', *, *, #555, .F. ) ;
#570 = FACE_OUTER_BOUND ( 'NONE', #343, .T. ) ;
#571 = DIRECTION ( 'NONE',  ( 0.000000000000000000, -0.000000000000000000, 1.000000000000000000 ) ) ;
#572 = VERTEX_POINT ( 'NONE', #218 ) ;
#573 = DIRECTION ( 'NONE',  ( -1.000000000000000000, 0.000000000000000000, 0.000000000000000000 ) ) ;
#574 = EDGE_CURVE ( 'NONE', #1026, #493, #809, .T. ) ;
#575 = ADVANCED_FACE ( 'NONE', ( #3112 ), #2167, .F. ) ;
#576 = CARTESIAN_POINT ( 'NONE',  ( 1.284523257866512225, 3.849999999999999201, -2.600000000000000089 ) ) ;
#577 = EDGE_CURVE ( 'NONE', #1046, #1545, #2833, .T. ) ;
#578 = LINE ( 'NONE', #303, #3072 ) ;
#579 = EDGE_LOOP ( 'NONE', ( #2544, #613, #633, #761 ) ) ;
#580 = DIRECTION ( 'NONE',  ( -0.000000000000000000, -1.000000000000000000, -0.000000000000000000 ) ) ;
#581 = DIRECTION ( 'NONE',  ( 0.000000000000000000, 0.000000000000000000, 1.000000000000000000 ) ) ;
#582 = ORIENTED_EDGE ( 'NONE', *, *, #2415, .F. ) ;
#583 = PLANE ( 'NONE',  #34 ) ;
#584 = DIRECTION ( 'NONE',  ( -1.000000000000000000, 0.000000000000000000, 2.018308117240545420E-15 ) ) ;
#585 = EDGE_CURVE ( 'NONE', #1795, #2489, #246, .T. ) ;
#586 = ORIENTED_EDGE ( 'NONE', *, *, #1955, .F. ) ;
#587 = AXIS2_PLACEMENT_3D ( 'NONE', #505, #2446, #1487 ) ;
#588 = AXIS2_PLACEMENT_3D ( 'NONE', #3033, #1334, #1619 ) ;
#589 = DIRECTION ( 'NONE',  ( 1.000000000000000000, 0.000000000000000000, 0.000000000000000000 ) ) ;
#590 = DIRECTION ( 'NONE',  ( 0.000000000000000000, 0.000000000000000000, 1.000000000000000000 ) ) ;
#591 = COLOUR_RGB ( '',0.7921568627450980005, 0.8196078431372548767, 0.9333333333333333481 ) ;
#592 = VERTEX_POINT ( 'NONE', #118 ) ;
#593 = PRODUCT_DEFINITION_FORMATION_WITH_SPECIFIED_SOURCE ( 'ANY', '', #1015, .NOT_KNOWN. ) ;
#594 = DIRECTION ( 'NONE',  ( 1.000000000000000000, 0.000000000000000000, -1.224646799147353207E-16 ) ) ;
#595 = DIRECTION ( 'NONE',  ( -1.000000000000000000, 0.000000000000000000, 0.000000000000000000 ) ) ;
#596 = LINE ( 'NONE', #1587, #2717 ) ;
#597 = EDGE_CURVE ( 'NONE', #1194, #2408, #2836, .T. ) ;
#598 = EDGE_LOOP ( 'NONE', ( #1490, #2112, #2215, #2668 ) ) ;
#599 = CARTESIAN_POINT ( 'NONE',  ( 0.000000000000000000, 0.2000000000000000111, 0.000000000000000000 ) ) ;
#600 = DIRECTION ( 'NONE',  ( 1.000000000000000000, 0.000000000000000000, -1.224646799147353207E-16 ) ) ;
#601 = VERTEX_POINT ( 'NONE', #2182 ) ;
#602 = B_SPLINE_CURVE_WITH_KNOTS ( 'NONE', 3,
 ( #57, #1935, #510, #2200 ),
 .UNSPECIFIED., .F., .F.,
 ( 4, 4 ),
 ( 0.000000000000000000, 0.0004303447866767971483 ),
 .UNSPECIFIED. ) ;
#603 = CARTESIAN_POINT ( 'NONE',  ( 1.284523257866512891, 3.849999999999999201, 2.600000000000000089 ) ) ;
#604 = CARTESIAN_POINT ( 'NONE',  ( 2.403331765235802830, 0.7000000000000047296, 0.09764552898687754723 ) ) ;
#605 = VERTEX_POINT ( 'NONE', #1083 ) ;
#606 = AXIS2_PLACEMENT_3D ( 'NONE', #2220, #2252, #1262 ) ;
#607 = CARTESIAN_POINT ( 'NONE',  ( -2.324999999999999734, 0.1000000000000014488, 0.1250000000000001943 ) ) ;
#608 = EDGE_LOOP ( 'NONE', ( #1566, #2984, #2441, #3059 ) ) ;
#609 = TOROIDAL_SURFACE ( 'NONE', #909, 2.399999999999993694, 0.1312500000000000611 ) ;
#610 = AXIS2_PLACEMENT_3D ( 'NONE', #1836, #388, #2827 ) ;
#611 = DIRECTION ( 'NONE',  ( -1.040834085586082679E-14, 0.000000000000000000, 1.000000000000000000 ) ) ;
#612 = CARTESIAN_POINT ( 'NONE',  ( 0.6500000000000000222, 0.000000000000000000, 2.600000000000000089 ) ) ;
#613 = ORIENTED_EDGE ( 'NONE', *, *, #1944, .T. ) ;
#614 = DIRECTION ( 'NONE',  ( 0.000000000000000000, 0.000000000000000000, -1.000000000000000000 ) ) ;
#615 = VERTEX_POINT ( 'NONE', #17 ) ;
#616 = DIRECTION ( 'NONE',  ( -0.000000000000000000, -1.000000000000000000, -0.000000000000000000 ) ) ;
#617 = ADVANCED_FACE ( 'NONE', ( #1465 ), #2758, .F. ) ;
#618 = CARTESIAN_POINT ( 'NONE',  ( 0.000000000000000000, 3.849999999999999201, 0.000000000000000000 ) ) ;
#619 = FACE_OUTER_BOUND ( 'NONE', #877, .T. ) ;
#620 = EDGE_CURVE ( 'NONE', #2918, #948, #1067, .T. ) ;
#621 = ORIENTED_EDGE ( 'NONE', *, *, #2330, .T. ) ;
#622 = DIRECTION ( 'NONE',  ( 0.000000000000000000, 0.000000000000000000, 1.000000000000000000 ) ) ;
#623 = EDGE_CURVE ( 'NONE', #306, #1933, #2047, .T. ) ;
#624 = DIRECTION ( 'NONE',  ( 0.000000000000000000, 0.000000000000000000, -1.000000000000000000 ) ) ;
#625 = CARTESIAN_POINT ( 'NONE',  ( -1.284523257866513557, 4.549999999999998046, -2.600000000000000089 ) ) ;
#626 = VERTEX_POINT ( 'NONE', #834 ) ;
#627 = CARTESIAN_POINT ( 'NONE',  ( 0.000000000000000000, 0.000000000000000000, -2.600000000000000089 ) ) ;
#628 = VERTEX_POINT ( 'NONE', #2923 ) ;
#629 = FACE_OUTER_BOUND ( 'NONE', #2943, .T. ) ;
#630 = EDGE_CURVE ( 'NONE', #1842, #712, #1624, .T. ) ;
#631 = DIRECTION ( 'NONE',  ( -0.000000000000000000, -1.000000000000000000, -0.000000000000000000 ) ) ;
#632 = CARTESIAN_POINT ( 'NONE',  ( 0.000000000000000000, 4.849999999999999645, 0.000000000000000000 ) ) ;
#633 = ORIENTED_EDGE ( 'NONE', *, *, #1104, .F. ) ;
#634 = EDGE_CURVE ( 'NONE', #2887, #2358, #331, .T. ) ;
#635 = AXIS2_PLACEMENT_3D ( 'NONE', #537, #501, #797 ) ;
#636 = CIRCLE ( 'NONE', #2520, 2.399999999999969269 ) ;
#637 = CIRCLE ( 'NONE', #1607, 2.199999999999999734 ) ;
#638 = CARTESIAN_POINT ( 'NONE',  ( -2.419640550616107610, 0.7014199054866364635, 0.08254107868071848542 ) ) ;
#639 = DIRECTION ( 'NONE',  ( -0.000000000000000000, -1.000000000000000000, -0.000000000000000000 ) ) ;
#640 = CARTESIAN_POINT ( 'NONE',  ( 2.649999999999999911, 4.726865671641788502, 0.6268656716417908559 ) ) ;
#641 = B_SPLINE_CURVE_WITH_KNOTS ( 'NONE', 3,
 ( #2312, #134, #2819, #1374, #638, #1613, #2578, #395, #178, #1635, #2113, #696, #1928, #2598, #1644, #1148, #952, #443, #1437, #2372, #191, #1161 ),
 .UNSPECIFIED., .F., .F.,
 ( 4, 3, 3, 3, 3, 3, 3, 4 ),
 ( 0.0002104992852933969846, 0.0002272796974278794627, 0.0002632683072255539579, 0.0003045928260554817352, 0.0003464406341017634439, 0.0003856444392770503183, 0.0004267420476949931657, 0.0004469033008522984912 ),
 .UNSPECIFIED. ) ;
#642 = CIRCLE ( 'NONE', #155, 2.399999999999983036 ) ;
#643 = ORIENTED_EDGE ( 'NONE', *, *, #3110, .F. ) ;
#644 = CARTESIAN_POINT ( 'NONE',  ( 0.000000000000000000, 0.7000000000000000666, 0.4500000000000000111 ) ) ;
#645 = ORIENTED_EDGE ( 'NONE', *, *, #1146, .T. ) ;
#646 = DIRECTION ( 'NONE',  ( 0.000000000000000000, 0.000000000000000000, -1.000000000000000000 ) ) ;
#647 = DIRECTION ( 'NONE',  ( 0.000000000000000000, -1.000000000000000000, 0.000000000000000000 ) ) ;
#648 = CARTESIAN_POINT ( 'NONE',  ( -1.212435565298652262, 4.849999999999999645, 2.299999999999767120 ) ) ;
#649 = EDGE_LOOP ( 'NONE', ( #429, #1282, #1131, #39, #41, #1444 ) ) ;
#650 = VECTOR ( 'NONE', #2439, 1000.000000000000000 ) ;
#651 = AXIS2_PLACEMENT_3D ( 'NONE', #1172, #1872, #1189 ) ;
#652 = DIRECTION ( 'NONE',  ( 0.000000000000000000, -1.000000000000000000, 0.000000000000000000 ) ) ;
#653 = CARTESIAN_POINT ( 'NONE',  ( -2.649999999999999911, 4.849999999999999645, 0.4500000000000000111 ) ) ;
#654 = CARTESIAN_POINT ( 'NONE',  ( -0.6500000000000000222, 0.000000000000000000, 2.600000000000000533 ) ) ;
#655 = VECTOR ( 'NONE', #2907, 1000.000000000000000 ) ;
#656 = CIRCLE ( 'NONE', #2383, 2.399999999999985256 ) ;
#657 = CIRCLE ( 'NONE', #915, 2.599999999999998312 ) ;
#658 = CIRCLE ( 'NONE', #1212, 0.1312499999999998668 ) ;
#659 = LINE ( 'NONE', #1637, #731 ) ;
#660 = EDGE_LOOP ( 'NONE', ( #2241, #514, #1209, #1249 ) ) ;
#661 = DIRECTION ( 'NONE',  ( 0.000000000000000000, 1.000000000000000000, 0.000000000000000000 ) ) ;
#662 = DIRECTION ( 'NONE',  ( 1.251002506714043540E-16, 0.000000000000000000, -1.000000000000000000 ) ) ;
#663 = CARTESIAN_POINT ( 'NONE',  ( 1.284523257866512225, 4.549999999999998046, -2.600000000000000089 ) ) ;
#664 = ORIENTED_EDGE ( 'NONE', *, *, #1448, .F. ) ;
#665 = ADVANCED_FACE ( 'NONE', ( #2413 ), #609, .T. ) ;
#666 = DIRECTION ( 'NONE',  ( -0.000000000000000000, -1.000000000000000000, -0.000000000000000000 ) ) ;
#667 = CARTESIAN_POINT ( 'NONE',  ( 2.864873470155357538, 4.849999999999999645, 0.4500000000000000111 ) ) ;
#668 = FACE_OUTER_BOUND ( 'NONE', #275, .T. ) ;
#669 = ADVANCED_FACE ( 'NONE', ( #1807 ), #2934, .T. ) ;
#670 = EDGE_CURVE ( 'NONE', #687, #2980, #1794, .T. ) ;
#671 = CIRCLE ( 'NONE', #2867, 2.399999999999988365 ) ;
#672 = EDGE_LOOP ( 'NONE', ( #203, #98, #2100, #827, #1950, #302 ) ) ;
#673 = FACE_OUTER_BOUND ( 'NONE', #3108, .T. ) ;
#674 = DIRECTION ( 'NONE',  ( 0.000000000000000000, -1.000000000000000000, 0.000000000000000000 ) ) ;
#675 = DIRECTION ( 'NONE',  ( 0.000000000000000000, 0.000000000000000000, 1.000000000000000000 ) ) ;
#676 = ORIENTED_EDGE ( 'NONE', *, *, #1170, .F. ) ;
#677 = EDGE_LOOP ( 'NONE', ( #1268, #1792, #3051, #2381 ) ) ;
#678 = AXIS2_PLACEMENT_3D ( 'NONE', #2951, #2243, #517 ) ;
#679 = VECTOR ( 'NONE', #1686, 1000.000000000000000 ) ;
#680 = AXIS2_PLACEMENT_3D ( 'NONE', #1600, #1362, #1122 ) ;
#681 = DIRECTION ( 'NONE',  ( 0.000000000000000000, -1.000000000000000000, 0.000000000000000000 ) ) ;
#682 = DIRECTION ( 'NONE',  ( -0.000000000000000000, 1.000000000000000000, -0.000000000000000000 ) ) ;
#683 = CARTESIAN_POINT ( 'NONE',  ( 0.000000000000000000, 1.356250000000001066, 0.000000000000000000 ) ) ;
#684 = AXIS2_PLACEMENT_3D ( 'NONE', #2095, #3037, #1838 ) ;
#685 = ADVANCED_FACE ( 'NONE', ( #979 ), #2688, .T. ) ;
#686 = ORIENTED_EDGE ( 'NONE', *, *, #2125, .F. ) ;
#687 = VERTEX_POINT ( 'NONE', #1723 ) ;
#688 = FILL_AREA_STYLE_COLOUR ( '', #152 ) ;
#689 = CARTESIAN_POINT ( 'NONE',  ( 0.000000000000000000, 0.000000000000000000, 0.000000000000000000 ) ) ;
#690 = CARTESIAN_POINT ( 'NONE',  ( 0.000000000000000000, 4.549999999999998046, 0.4500000000000000111 ) ) ;
#691 = CARTESIAN_POINT ( 'NONE',  ( 2.649999999999999911, 0.2000000000000000111, 0.4500000000000000111 ) ) ;
#692 = ORIENTED_EDGE ( 'NONE', *, *, #2169, .T. ) ;
#693 = EDGE_LOOP ( 'NONE', ( #1471, #2863, #931 ) ) ;
#694 = EDGE_LOOP ( 'NONE', ( #2851, #250, #169, #1597 ) ) ;
#695 = CARTESIAN_POINT ( 'NONE',  ( 0.000000000000000000, 3.849999999999999201, 0.4500000000000000111 ) ) ;
#696 = CARTESIAN_POINT ( 'NONE',  ( -2.450709892615396512, 0.7101599050006661695, -0.004034874880356312081 ) ) ;
#697 = AXIS2_PLACEMENT_3D ( 'NONE', #324, #1734, #1507 ) ;
#698 = CARTESIAN_POINT ( 'NONE',  ( 2.864873470155357538, 4.549999999999998046, 0.4500000000000000111 ) ) ;
#699 = TOROIDAL_SURFACE ( 'NONE', #2541, 2.399999999999980371, 0.1312500000000000611 ) ;
#700 = AXIS2_PLACEMENT_3D ( 'NONE', #727, #485, #1464 ) ;
#701 = VERTEX_POINT ( 'NONE', #2258 ) ;
#702 = CARTESIAN_POINT ( 'NONE',  ( 0.000000000000000000, 3.849999999999999201, 0.4500000000000000111 ) ) ;
#703 = MECHANICAL_DESIGN_GEOMETRIC_PRESENTATION_REPRESENTATION (  '', ( #2995 ), #2593 ) ;
#704 = CIRCLE ( 'NONE', #2341, 2.899999999999999911 ) ;
#705 = FACE_OUTER_BOUND ( 'NONE', #750, .T. ) ;
#706 = EDGE_CURVE ( 'NONE', #543, #2701, #1942, .T. ) ;
#707 = CARTESIAN_POINT ( 'NONE',  ( 0.000000000000000000, 4.849999999999999645, -0.4500000000000000111 ) ) ;
#708 = DIRECTION ( 'NONE',  ( -0.000000000000000000, -1.000000000000000000, -0.000000000000000000 ) ) ;
#709 = DIRECTION ( 'NONE',  ( -0.000000000000000000, -1.000000000000000000, -0.000000000000000000 ) ) ;
#710 = ORIENTED_EDGE ( 'NONE', *, *, #2049, .T. ) ;
#711 = EDGE_CURVE ( 'NONE', #626, #3034, #104, .T. ) ;
#712 = VERTEX_POINT ( 'NONE', #2903 ) ;
#713 = EDGE_CURVE ( 'NONE', #1089, #917, #2672, .T. ) ;
#714 = DIRECTION ( 'NONE',  ( 0.000000000000000000, 0.000000000000000000, -1.000000000000000000 ) ) ;
#715 = DIRECTION ( 'NONE',  ( 0.000000000000000000, 0.000000000000000000, -1.000000000000000000 ) ) ;
#716 = CARTESIAN_POINT ( 'NONE',  ( 0.000000000000000000, 0.8312500000000008216, 0.000000000000000000 ) ) ;
#717 = EDGE_CURVE ( 'NONE', #833, #3089, #1466, .T. ) ;
#718 = ORIENTED_EDGE ( 'NONE', *, *, #2900, .F. ) ;
#719 = DIRECTION ( 'NONE',  ( -0.000000000000000000, -1.000000000000000000, -0.000000000000000000 ) ) ;
#720 = DIRECTION ( 'NONE',  ( 1.000000000000000000, 0.000000000000000000, 2.522885146550681775E-16 ) ) ;
#721 = CARTESIAN_POINT ( 'NONE',  ( 2.864873470155357538, 0.7000000000000000666, 0.4500000000000000111 ) ) ;
#722 = VERTEX_POINT ( 'NONE', #1325 ) ;
#723 = EDGE_CURVE ( 'NONE', #1786, #2091, #194, .T. ) ;
#724 = VERTEX_POINT ( 'NONE', #3054 ) ;
#725 = CARTESIAN_POINT ( 'NONE',  ( -1.284523257866513557, 0.2000000000000000111, -2.600000000000000089 ) ) ;
#726 = EDGE_CURVE ( 'NONE', #1911, #2454, #1612, .T. ) ;
#727 = CARTESIAN_POINT ( 'NONE',  ( 0.000000000000000000, 0.8312500000000008216, -2.399999999999969269 ) ) ;
#728 = CARTESIAN_POINT ( 'NONE',  ( 2.649999999999999911, 0.2000000000000000111, 0.000000000000000000 ) ) ;
#729 = DIRECTION ( 'NONE',  ( -0.000000000000000000, -1.000000000000000000, -0.000000000000000000 ) ) ;
#730 = AXIS2_PLACEMENT_3D ( 'NONE', #18, #1240, #3 ) ;
#731 = VECTOR ( 'NONE', #2787, 1000.000000000000000 ) ;
#732 = CIRCLE ( 'NONE', #2567, 0.1312500000000002831 ) ;
#733 = TOROIDAL_SURFACE ( 'NONE', #1100, 2.399999999999969269, 0.1312499999999973688 ) ;
#734 = ORIENTED_EDGE ( 'NONE', *, *, #1535, .F. ) ;
#735 = DIRECTION ( 'NONE',  ( 0.000000000000000000, 0.000000000000000000, -1.000000000000000000 ) ) ;
#736 = EDGE_LOOP ( 'NONE', ( #2071, #966, #2442, #2455 ) ) ;
#737 = TOROIDAL_SURFACE ( 'NONE', #1404, 2.399999999999980371, 0.1312500000000000611 ) ;
#738 = CARTESIAN_POINT ( 'NONE',  ( 0.000000000000000000, 4.849999999999999645, -2.299999999999998046 ) ) ;
#739 = LINE ( 'NONE', #226, #1876 ) ;
#740 = CARTESIAN_POINT ( 'NONE',  ( 0.000000000000000000, 4.849999999999999645, 0.000000000000000000 ) ) ;
#741 = VERTEX_POINT ( 'NONE', #1868 ) ;
#742 = ORIENTED_EDGE ( 'NONE', *, *, #1293, .T. ) ;
#743 = ORIENTED_EDGE ( 'NONE', *, *, #1395, .F. ) ;
#744 = CARTESIAN_POINT ( 'NONE',  ( 0.000000000000000000, 3.456250000000002487, 0.000000000000000000 ) ) ;
#745 = CARTESIAN_POINT ( 'NONE',  ( 0.000000000000000000, 0.2000000000000000111, 0.000000000000000000 ) ) ;
#746 = CARTESIAN_POINT ( 'NONE',  ( 1.284523257866512891, 0.2000000000000000111, 2.600000000000000089 ) ) ;
#747 = DIRECTION ( 'NONE',  ( 0.000000000000000000, -1.000000000000000000, 0.000000000000000000 ) ) ;
#748 = ADVANCED_FACE ( 'NONE', ( #2575 ), #1778, .T. ) ;
#749 = CIRCLE ( 'NONE', #2480, 2.899999999999999911 ) ;
#750 = EDGE_LOOP ( 'NONE', ( #2628, #2424, #31, #3020 ) ) ;
#751 = ORIENTED_EDGE ( 'NONE', *, *, #2138, .T. ) ;
#752 = VECTOR ( 'NONE', #231, 1000.000000000000000 ) ;
#753 = DIRECTION ( 'NONE',  ( -1.000000000000000000, 0.000000000000000000, 0.000000000000000000 ) ) ;
#754 = EDGE_LOOP ( 'NONE', ( #582, #2888 ) ) ;
#755 = CARTESIAN_POINT ( 'NONE',  ( 0.000000000000000000, 0.7000000000000000666, 0.4500000000000000111 ) ) ;
#756 = DIRECTION ( 'NONE',  ( -0.000000000000000000, -1.000000000000000000, -0.000000000000000000 ) ) ;
#757 = AXIS2_PLACEMENT_3D ( 'NONE', #2840, #185, #432 ) ;
#758 = DIRECTION ( 'NONE',  ( 0.000000000000000000, 0.000000000000000000, -1.000000000000000000 ) ) ;
#759 = VECTOR ( 'NONE', #1722, 1000.000000000000000 ) ;
#760 = VERTEX_POINT ( 'NONE', #1371 ) ;
#761 = ORIENTED_EDGE ( 'NONE', *, *, #161, .F. ) ;
#762 = VERTEX_POINT ( 'NONE', #2136 ) ;
#763 = DIRECTION ( 'NONE',  ( -0.000000000000000000, 1.000000000000000000, -0.000000000000000000 ) ) ;
#764 = PRODUCT_DEFINITION_SHAPE ( 'NONE', 'NONE',  #2759 ) ;
#765 = DIRECTION ( 'NONE',  ( 0.000000000000000000, 0.000000000000000000, -1.000000000000000000 ) ) ;
#766 = DIRECTION ( 'NONE',  ( -0.000000000000000000, -1.000000000000000000, -0.000000000000000000 ) ) ;
#767 = ADVANCED_FACE ( 'NONE', ( #619 ), #2558, .F. ) ;
#768 = ORIENTED_EDGE ( 'NONE', *, *, #204, .T. ) ;
#769 = EDGE_CURVE ( 'NONE', #2616, #2964, #1224, .T. ) ;
#770 = EDGE_CURVE ( 'NONE', #2479, #1414, #1879, .T. ) ;
#771 = EDGE_CURVE ( 'NONE', #993, #836, #491, .T. ) ;
#772 = FILL_AREA_STYLE_COLOUR ( '', #2293 ) ;
#773 = VERTEX_POINT ( 'NONE', #1140 ) ;
#774 = CARTESIAN_POINT ( 'NONE',  ( 2.324999999999999734, 0.1000000000000014488, 0.1250000000000001943 ) ) ;
#775 = DIRECTION ( 'NONE',  ( -0.000000000000000000, -1.000000000000000000, -0.000000000000000000 ) ) ;
#776 = DIRECTION ( 'NONE',  ( -0.000000000000000000, -1.000000000000000000, -0.000000000000000000 ) ) ;
#777 = CARTESIAN_POINT ( 'NONE',  ( -2.649999999999999911, 4.726865671641788502, -0.6268656716417908559 ) ) ;
#778 = EDGE_LOOP ( 'NONE', ( #2665, #2894, #2292, #779 ) ) ;
#779 = ORIENTED_EDGE ( 'NONE', *, *, #318, .F. ) ;
#780 = CARTESIAN_POINT ( 'NONE',  ( 0.000000000000000000, 2.406250000000001776, 0.000000000000000000 ) ) ;
#781 = DIRECTION ( 'NONE',  ( 0.000000000000000000, 0.7071067811865475727, -0.7071067811865475727 ) ) ;
#782 = DIRECTION ( 'NONE',  ( -0.000000000000000000, -1.000000000000000000, -0.000000000000000000 ) ) ;
#783 = ORIENTED_EDGE ( 'NONE', *, *, #2411, .F. ) ;
#784 = FACE_OUTER_BOUND ( 'NONE', #274, .T. ) ;
#785 = AXIS2_PLACEMENT_3D ( 'NONE', #1534, #314, #2257 ) ;
#786 = CARTESIAN_POINT ( 'NONE',  ( -0.6500000000000000222, 0.2000000000000000111, 2.600000000000000533 ) ) ;
#787 = ORIENTED_EDGE ( 'NONE', *, *, #397, .F. ) ;
#788 = ADVANCED_FACE ( 'NONE', ( #1625 ), #1826, .T. ) ;
#789 = CARTESIAN_POINT ( 'NONE',  ( 0.000000000000000000, 4.849999999999999645, 0.4500000000000000111 ) ) ;
#790 = AXIS2_PLACEMENT_3D ( 'NONE', #1760, #355, #1551 ) ;
#791 = COLOUR_RGB ( '',0.7294117647058823151, 0.3568627450980392246, 0.02352941176470588203 ) ;
#792 = DIRECTION ( 'NONE',  ( -1.000000000000000000, 0.000000000000000000, 0.000000000000000000 ) ) ;
#793 = ORIENTED_EDGE ( 'NONE', *, *, #2694, .F. ) ;
#794 = DIRECTION ( 'NONE',  ( -0.000000000000000000, -1.000000000000000000, -0.000000000000000000 ) ) ;
#795 = ORIENTED_EDGE ( 'NONE', *, *, #3082, .F. ) ;
#796 = ORIENTED_EDGE ( 'NONE', *, *, #2478, .T. ) ;
#797 = DIRECTION ( 'NONE',  ( 0.000000000000000000, 0.000000000000000000, -1.000000000000000000 ) ) ;
#798 = ORIENTED_EDGE ( 'NONE', *, *, #153, .F. ) ;
#799 = CARTESIAN_POINT ( 'NONE',  ( -2.864873470155357538, 0.000000000000000000, 0.4500000000000000111 ) ) ;
#800 = DIRECTION ( 'NONE',  ( -0.000000000000000000, 1.000000000000000000, -0.000000000000000000 ) ) ;
#801 = DIRECTION ( 'NONE',  ( 0.000000000000000000, 0.000000000000000000, -1.000000000000000000 ) ) ;
#802 = VERTEX_POINT ( 'NONE', #187 ) ;
#803 = CARTESIAN_POINT ( 'NONE',  ( -2.324999999999999734, 0.7000000000000013989, 0.1250000000000001943 ) ) ;
#804 = AXIS2_PLACEMENT_3D ( 'NONE', #1007, #2020, #1983 ) ;
#805 = ORIENTED_EDGE ( 'NONE', *, *, #2519, .T. ) ;
#806 = DIRECTION ( 'NONE',  ( 0.000000000000000000, 0.000000000000000000, -1.000000000000000000 ) ) ;
#807 = DIRECTION ( 'NONE',  ( 0.000000000000000000, -1.000000000000000000, 0.000000000000000000 ) ) ;
#808 = EDGE_LOOP ( 'NONE', ( #718, #768, #1110, #2548 ) ) ;
#809 = CIRCLE ( 'NONE', #651, 2.899999999999999911 ) ;
#810 = DIRECTION ( 'NONE',  ( -1.000000000000000000, 0.000000000000000000, 0.000000000000000000 ) ) ;
#811 = CARTESIAN_POINT ( 'NONE',  ( -2.649999999999999911, 4.726865671641788502, -0.6268656716417908559 ) ) ;
#812 = ORIENTED_EDGE ( 'NONE', *, *, #2882, .F. ) ;
#813 = EDGE_LOOP ( 'NONE', ( #2323, #1165, #2915, #1889 ) ) ;
#814 = EDGE_CURVE ( 'NONE', #325, #1182, #2087, .T. ) ;
#815 = FILL_AREA_STYLE_COLOUR ( '', #791 ) ;
#816 = DIRECTION ( 'NONE',  ( -0.000000000000000000, 1.000000000000000000, -0.000000000000000000 ) ) ;
#817 = CIRCLE ( 'NONE', #868, 2.599999999999998312 ) ;
#818 = EDGE_CURVE ( 'NONE', #836, #2753, #2629, .T. ) ;
#819 = VERTEX_POINT ( 'NONE', #2351 ) ;
#820 = ADVANCED_FACE ( 'NONE', ( #3080 ), #2794, .T. ) ;
#821 = AXIS2_PLACEMENT_3D ( 'NONE', #1643, #126, #307 ) ;
#822 = CARTESIAN_POINT ( 'NONE',  ( -2.199999999999999734, 0.7000000000000013989, 0.000000000000000000 ) ) ;
#823 = CARTESIAN_POINT ( 'NONE',  ( 0.000000000000000000, 1.225000000000000977, 0.000000000000000000 ) ) ;
#824 = CARTESIAN_POINT ( 'NONE',  ( 2.939152317953647106E-16, 3.718750000000002220, 2.399999999999999467 ) ) ;
#825 = DIRECTION ( 'NONE',  ( -1.224646799147356165E-16, 0.000000000000000000, -1.000000000000000000 ) ) ;
#826 = EDGE_CURVE ( 'NONE', #773, #2409, #200, .T. ) ;
#827 = ORIENTED_EDGE ( 'NONE', *, *, #147, .T. ) ;
#828 = CARTESIAN_POINT ( 'NONE',  ( -2.324999999999999734, 0.7000000000000013989, -0.1250000000000001943 ) ) ;
#829 = DIRECTION ( 'NONE',  ( -0.000000000000000000, 1.000000000000000000, -0.000000000000000000 ) ) ;
#830 = ORIENTED_EDGE ( 'NONE', *, *, #1468, .F. ) ;
#831 = DIRECTION ( 'NONE',  ( 0.000000000000000000, 0.000000000000000000, 1.000000000000000000 ) ) ;
#832 = CARTESIAN_POINT ( 'NONE',  ( 2.431114293869941267, 0.7038242079661413131, 0.06745729821815496519 ) ) ;
#833 = VERTEX_POINT ( 'NONE', #1155 ) ;
#834 = CARTESIAN_POINT ( 'NONE',  ( 2.649999999999999911, 0.2000000000000000111, -0.4500000000000000111 ) ) ;
#835 = EDGE_CURVE ( 'NONE', #174, #391, #1595, .T. ) ;
#836 = VERTEX_POINT ( 'NONE', #1340 ) ;
#837 = DIRECTION ( 'NONE',  ( 1.000000000000000000, 0.000000000000000000, 0.000000000000000000 ) ) ;
#838 = EDGE_CURVE ( 'NONE', #1963, #1791, #392, .T. ) ;
#839 = DIRECTION ( 'NONE',  ( 0.000000000000000000, -1.000000000000000000, 0.000000000000000000 ) ) ;
#840 = DIRECTION ( 'NONE',  ( -0.000000000000000000, -1.000000000000000000, -0.000000000000000000 ) ) ;
#841 = ORIENTED_EDGE ( 'NONE', *, *, #1864, .T. ) ;
#842 = PLANE ( 'NONE',  #3145 ) ;
#843 = CARTESIAN_POINT ( 'NONE',  ( 2.939152317953636752E-16, 2.931250000000002132, 2.399999999999991029 ) ) ;
#844 = ORIENTED_EDGE ( 'NONE', *, *, #2784, .F. ) ;
#845 = AXIS2_PLACEMENT_3D ( 'NONE', #1971, #1483, #1288 ) ;
#846 = CARTESIAN_POINT ( 'NONE',  ( -2.649999999999999911, 4.726865671641788502, 0.6268656716417908559 ) ) ;
#847 = CARTESIAN_POINT ( 'NONE',  ( 2.408512654608860881, 0.7003243845002148360, 0.09325168606029865526 ) ) ;
#848 = ORIENTED_EDGE ( 'NONE', *, *, #1468, .T. ) ;
#849 = CIRCLE ( 'NONE', #26, 2.199999999999999734 ) ;
#850 =( NAMED_UNIT ( * ) SI_UNIT ( $, .STERADIAN. ) SOLID_ANGLE_UNIT ( ) );
#851 = DIRECTION ( 'NONE',  ( -1.224646799147356165E-16, 0.000000000000000000, -1.000000000000000000 ) ) ;
#852 = AXIS2_PLACEMENT_3D ( 'NONE', #407, #918, #3076 ) ;
#853 = AXIS2_PLACEMENT_3D ( 'NONE', #2883, #409, #1891 ) ;
#854 = ORIENTED_EDGE ( 'NONE', *, *, #1177, .F. ) ;
#855 = DIRECTION ( 'NONE',  ( -1.224646799147353700E-16, 0.000000000000000000, -1.000000000000000000 ) ) ;
#856 = DIRECTION ( 'NONE',  ( 1.000000000000000000, 0.000000000000000000, -1.224646799147353207E-16 ) ) ;
#857 = EDGE_CURVE ( 'NONE', #2765, #2016, #142, .T. ) ;
#858 = VERTEX_POINT ( 'NONE', #2808 ) ;
#859 = DIRECTION ( 'NONE',  ( 0.000000000000000000, 0.000000000000000000, 1.000000000000000000 ) ) ;
#860 = EDGE_CURVE ( 'NONE', #2988, #1026, #2403, .T. ) ;
#861 = CARTESIAN_POINT ( 'NONE',  ( -2.864873470155357538, 0.2000000000000000111, 0.4500000000000000111 ) ) ;
#862 = ORIENTED_EDGE ( 'NONE', *, *, #943, .T. ) ;
#863 = DIRECTION ( 'NONE',  ( 0.000000000000000000, -1.000000000000000000, 0.000000000000000000 ) ) ;
#864 = VECTOR ( 'NONE', #27, 1000.000000000000000 ) ;
#865 = CARTESIAN_POINT ( 'NONE',  ( -2.864873470155357538, 4.849999999999999645, -0.4500000000000000111 ) ) ;
#866 = EDGE_CURVE ( 'NONE', #174, #2513, #2834, .T. ) ;
#867 = EDGE_LOOP ( 'NONE', ( #1808, #3031, #2449, #460, #1981, #1673, #2187, #339, #2731 ) ) ;
#868 = AXIS2_PLACEMENT_3D ( 'NONE', #565, #1540, #859 ) ;
#869 = DIRECTION ( 'NONE',  ( 0.000000000000000000, 1.000000000000000000, 0.000000000000000000 ) ) ;
#870 = AXIS2_PLACEMENT_3D ( 'NONE', #2303, #666, #2251 ) ;
#871 = CARTESIAN_POINT ( 'NONE',  ( 0.000000000000000000, 0.7000000000000029532, -2.399999999999999467 ) ) ;
#872 = PLANE ( 'NONE',  #81 ) ;
#873 = ADVANCED_FACE ( 'NONE', ( #2419 ), #2736, .T. ) ;
#874 = ORIENTED_EDGE ( 'NONE', *, *, #1434, .F. ) ;
#875 = EDGE_CURVE ( 'NONE', #3095, #1816, #739, .T. ) ;
#876 = DIRECTION ( 'NONE',  ( -1.251002506714043540E-16, -0.000000000000000000, 1.000000000000000000 ) ) ;
#877 = EDGE_LOOP ( 'NONE', ( #686, #47, #1869, #1322 ) ) ;
#878 = EDGE_CURVE ( 'NONE', #195, #1089, #1937, .T. ) ;
#879 = CARTESIAN_POINT ( 'NONE',  ( 2.649999999999999911, 0.2000000000000000111, 0.000000000000000000 ) ) ;
#880 =( NAMED_UNIT ( * ) PLANE_ANGLE_UNIT ( ) SI_UNIT ( $, .RADIAN. ) );
#881 = DIRECTION ( 'NONE',  ( 0.000000000000000000, 0.000000000000000000, -1.000000000000000000 ) ) ;
#882 = ORIENTED_EDGE ( 'NONE', *, *, #1944, .F. ) ;
#883 = DIRECTION ( 'NONE',  ( -1.000000000000000000, 0.000000000000000000, 0.000000000000000000 ) ) ;
#884 = CARTESIAN_POINT ( 'NONE',  ( 0.000000000000000000, 0.000000000000000000, 2.600000000000000089 ) ) ;
#885 = CARTESIAN_POINT ( 'NONE',  ( -1.261150137421208406, 4.650077722736362773, -2.499922277263634918 ) ) ;
#886 = ORIENTED_EDGE ( 'NONE', *, *, #202, .F. ) ;
#887 = LINE ( 'NONE', #644, #1553 ) ;
#888 = ORIENTED_EDGE ( 'NONE', *, *, #1726, .F. ) ;
#889 = EDGE_CURVE ( 'NONE', #1182, #1545, #1231, .T. ) ;
#890 = DIRECTION ( 'NONE',  ( -1.251002506714043540E-16, 0.000000000000000000, 1.000000000000000000 ) ) ;
#891 = CARTESIAN_POINT ( 'NONE',  ( -1.237158227329657745, 4.750084550950230522, 2.399915449049766725 ) ) ;
#892 = EDGE_LOOP ( 'NONE', ( #2495, #1156, #1759, #2236, #2607 ) ) ;
#893 = CIRCLE ( 'NONE', #2661, 0.1312500000000002831 ) ;
#894 = AXIS2_PLACEMENT_3D ( 'NONE', #2331, #3029, #148 ) ;
#895 = CONICAL_SURFACE ( 'NONE', #2162, 2.599999999999998312, 0.7853981633974482790 ) ;
#896 = AXIS2_PLACEMENT_3D ( 'NONE', #1167, #462, #1441 ) ;
#897 = VECTOR ( 'NONE', #1788, 1000.000000000000000 ) ;
#898 = DIRECTION ( 'NONE',  ( 0.000000000000000000, 0.000000000000000000, -1.000000000000000000 ) ) ;
#899 = FACE_OUTER_BOUND ( 'NONE', #1533, .T. ) ;
#900 = DIRECTION ( 'NONE',  ( 0.000000000000000000, 0.000000000000000000, -1.000000000000000000 ) ) ;
#901 = ORIENTED_EDGE ( 'NONE', *, *, #2019, .T. ) ;
#902 = CYLINDRICAL_SURFACE ( 'NONE', #197, 0.4500000000000000111 ) ;
#903 = CARTESIAN_POINT ( 'NONE',  ( 0.6500000000000000222, 0.2000000000000000111, 2.600000000000000533 ) ) ;
#904 = CARTESIAN_POINT ( 'NONE',  ( 2.649999999999999911, 4.726865671641788502, 0.6268656716417908559 ) ) ;
#905 = ORIENTED_EDGE ( 'NONE', *, *, #2411, .T. ) ;
#906 = EDGE_CURVE ( 'NONE', #3055, #1881, #237, .T. ) ;
#907 = VECTOR ( 'NONE', #439, 1000.000000000000000 ) ;
#908 = ADVANCED_FACE ( 'NONE', ( #921 ), #2622, .T. ) ;
#909 = AXIS2_PLACEMENT_3D ( 'NONE', #1565, #1222, #1708 ) ;
#910 = FACE_OUTER_BOUND ( 'NONE', #965, .T. ) ;
#911 = CARTESIAN_POINT ( 'NONE',  ( 1.284523257866511559, 0.2000000000000000111, -2.600000000000000533 ) ) ;
#912 = DIRECTION ( 'NONE',  ( -0.000000000000000000, 1.000000000000000000, -0.000000000000000000 ) ) ;
#913 = AXIS2_PLACEMENT_3D ( 'NONE', #1368, #616, #1622 ) ;
#914 = AXIS2_PLACEMENT_3D ( 'NONE', #1517, #2212, #2704 ) ;
#915 = AXIS2_PLACEMENT_3D ( 'NONE', #265, #1003, #1504 ) ;
#916 = EDGE_CURVE ( 'NONE', #2804, #1218, #234, .T. ) ;
#917 = VERTEX_POINT ( 'NONE', #1696 ) ;
#918 = DIRECTION ( 'NONE',  ( 0.000000000000000000, 0.000000000000000000, 1.000000000000000000 ) ) ;
#919 = FACE_OUTER_BOUND ( 'NONE', #2458, .T. ) ;
#920 = CARTESIAN_POINT ( 'NONE',  ( 0.000000000000000000, 4.849999999999999645, 2.299999999999998046 ) ) ;
#921 = FACE_OUTER_BOUND ( 'NONE', #2130, .T. ) ;
#922 = ORIENTED_EDGE ( 'NONE', *, *, #35, .T. ) ;
#923 = ORIENTED_EDGE ( 'NONE', *, *, #1491, .T. ) ;
#924 = EDGE_CURVE ( 'NONE', #2003, #712, #1463, .T. ) ;
#925 = CARTESIAN_POINT ( 'NONE',  ( 2.864873470155357538, 4.849999999999999645, 0.4500000000000000111 ) ) ;
#926 = DIRECTION ( 'NONE',  ( -0.000000000000000000, -1.000000000000000000, -0.000000000000000000 ) ) ;
#927 = ORIENTED_EDGE ( 'NONE', *, *, #814, .F. ) ;
#928 = LINE ( 'NONE', #2630, #1925 ) ;
#929 = DIRECTION ( 'NONE',  ( 0.000000000000000000, 0.7071067811865475727, 0.7071067811865475727 ) ) ;
#930 = DIRECTION ( 'NONE',  ( -0.000000000000000000, -1.000000000000000000, -0.000000000000000000 ) ) ;
#931 = ORIENTED_EDGE ( 'NONE', *, *, #769, .F. ) ;
#932 = ORIENTED_EDGE ( 'NONE', *, *, #279, .F. ) ;
#933 = AXIS2_PLACEMENT_3D ( 'NONE', #2154, #247, #1915 ) ;
#934 = AXIS2_PLACEMENT_3D ( 'NONE', #1697, #2664, #1458 ) ;
#935 = VECTOR ( 'NONE', #3057, 1000.000000000000000 ) ;
#936 = CYLINDRICAL_SURFACE ( 'NONE', #353, 2.899999999999999911 ) ;
#937 = FACE_OUTER_BOUND ( 'NONE', #1461, .T. ) ;
#938 = DIRECTION ( 'NONE',  ( 0.000000000000000000, -1.000000000000000000, 0.000000000000000000 ) ) ;
#939 = ADVANCED_FACE ( 'NONE', ( #2189 ), #478, .T. ) ;
#940 = ORIENTED_EDGE ( 'NONE', *, *, #536, .T. ) ;
#941 = EDGE_CURVE ( 'NONE', #2218, #1034, #953, .T. ) ;
#942 = ADVANCED_FACE ( 'NONE', ( #1179 ), #2679, .T. ) ;
#943 = EDGE_CURVE ( 'NONE', #1690, #592, #347, .T. ) ;
#944 = FACE_OUTER_BOUND ( 'NONE', #808, .T. ) ;
#945 = CARTESIAN_POINT ( 'NONE',  ( 2.547794645401529667, 4.807714683488340413, -0.7017835811043495742 ) ) ;
#946 = CARTESIAN_POINT ( 'NONE',  ( -2.864873470155357538, 4.849999999999999645, 0.4500000000000000111 ) ) ;
#947 = ORIENTED_EDGE ( 'NONE', *, *, #2211, .T. ) ;
#948 = VERTEX_POINT ( 'NONE', #1685 ) ;
#949 = EDGE_CURVE ( 'NONE', #858, #550, #3124, .T. ) ;
#950 = CIRCLE ( 'NONE', #1972, 2.899999999999999911 ) ;
#951 = LINE ( 'NONE', #1941, #956 ) ;
#952 = CARTESIAN_POINT ( 'NONE',  ( -2.431114293869941267, 0.7038242079661413131, -0.06745729821815496519 ) ) ;
#953 = CIRCLE ( 'NONE', #1720, 2.599999999999998312 ) ;
#954 = FACE_OUTER_BOUND ( 'NONE', #61, .T. ) ;
#955 = VECTOR ( 'NONE', #1580, 1000.000000000000000 ) ;
#956 = VECTOR ( 'NONE', #1202, 1000.000000000000000 ) ;
#957 = EDGE_CURVE ( 'NONE', #2197, #2025, #2369, .T. ) ;
#958 = ORIENTED_EDGE ( 'NONE', *, *, #826, .F. ) ;
#959 = VECTOR ( 'NONE', #2017, 1000.000000000000000 ) ;
#960 = TOROIDAL_SURFACE ( 'NONE', #870, 2.399999999999996803, 0.1312500000000013656 ) ;
#961 = EDGE_CURVE ( 'NONE', #214, #760, #1907, .T. ) ;
#962 = DIRECTION ( 'NONE',  ( 0.000000000000000000, 0.000000000000000000, -1.000000000000000000 ) ) ;
#963 = DIRECTION ( 'NONE',  ( -1.000000000000000000, 0.000000000000000000, 0.000000000000000000 ) ) ;
#964 = CARTESIAN_POINT ( 'NONE',  ( -2.324999999999999734, 0.7000000000000013989, 0.000000000000000000 ) ) ;
#965 = EDGE_LOOP ( 'NONE', ( #137, #167, #1875, #2957, #513, #1270, #1439, #312 ) ) ;
#966 = ORIENTED_EDGE ( 'NONE', *, *, #2740, .T. ) ;
#967 = CARTESIAN_POINT ( 'NONE',  ( 0.000000000000000000, 1.093750000000000888, -2.399999999999971934 ) ) ;
#968 = DIRECTION ( 'NONE',  ( -1.000000000000000000, 0.000000000000000000, 0.000000000000000000 ) ) ;
#969 = ORIENTED_EDGE ( 'NONE', *, *, #161, .T. ) ;
#970 = DIRECTION ( 'NONE',  ( 0.000000000000000000, -1.000000000000000000, -0.000000000000000000 ) ) ;
#971 = DIRECTION ( 'NONE',  ( -0.000000000000000000, -1.000000000000000000, -0.000000000000000000 ) ) ;
#972 = DIRECTION ( 'NONE',  ( 0.000000000000000000, 0.000000000000000000, -1.000000000000000000 ) ) ;
#973 = DIRECTION ( 'NONE',  ( 0.000000000000000000, -0.000000000000000000, 1.000000000000000000 ) ) ;
#974 = ORIENTED_EDGE ( 'NONE', *, *, #2577, .T. ) ;
#975 = ORIENTED_EDGE ( 'NONE', *, *, #717, .T. ) ;
#976 = DIRECTION ( 'NONE',  ( -0.000000000000000000, -1.000000000000000000, -0.000000000000000000 ) ) ;
#977 = ADVANCED_FACE ( 'NONE', ( #463 ), #1442, .T. ) ;
#978 = DIRECTION ( 'NONE',  ( -1.000000000000000000, 0.000000000000000000, 0.000000000000000000 ) ) ;
#979 = FACE_OUTER_BOUND ( 'NONE', #1510, .T. ) ;
#980 = AXIS2_PLACEMENT_3D ( 'NONE', #1123, #2356, #1636 ) ;
#981 = LINE ( 'NONE', #1190, #1351 ) ;
#982 = CIRCLE ( 'NONE', #2860, 2.899999999999999911 ) ;
#983 = CIRCLE ( 'NONE', #1704, 0.1312499999999985623 ) ;
#984 = AXIS2_PLACEMENT_3D ( 'NONE', #2404, #973, #1921 ) ;
#985 = AXIS2_PLACEMENT_3D ( 'NONE', #2377, #211, #890 ) ;
#986 = ORIENTED_EDGE ( 'NONE', *, *, #1018, .T. ) ;
#987 = CARTESIAN_POINT ( 'NONE',  ( 0.000000000000000000, 1.356250000000001066, 0.000000000000000000 ) ) ;
#988 = ORIENTED_EDGE ( 'NONE', *, *, #2065, .F. ) ;
#989 = MECHANICAL_DESIGN_GEOMETRIC_PRESENTATION_REPRESENTATION (  '', ( #2015 ), #1099 ) ;
#990 = CARTESIAN_POINT ( 'NONE',  ( -0.6500000000000000222, 0.2000000000000000111, 2.600000000000000533 ) ) ;
#991 = DIRECTION ( 'NONE',  ( 0.000000000000000000, 1.000000000000000000, 0.000000000000000000 ) ) ;
#992 = CARTESIAN_POINT ( 'NONE',  ( -2.599835639764003670, 4.766547926753846198, 0.6665479267538479968 ) ) ;
#993 = VERTEX_POINT ( 'NONE', #2508 ) ;
#994 = EDGE_LOOP ( 'NONE', ( #974, #1380 ) ) ;
#995 = CARTESIAN_POINT ( 'NONE',  ( 0.000000000000000000, 3.849999999999999201, 0.000000000000000000 ) ) ;
#996 = EDGE_CURVE ( 'NONE', #493, #2447, #2767, .T. ) ;
#997 = CARTESIAN_POINT ( 'NONE',  ( 2.649999999999999911, 0.2000000000000000111, 0.4500000000000000111 ) ) ;
#998 = EDGE_CURVE ( 'NONE', #572, #760, #3040, .T. ) ;
#999 = ADVANCED_FACE ( 'NONE', ( #1785 ), #1924, .T. ) ;
#1000 = AXIS2_PLACEMENT_3D ( 'NONE', #1457, #1948, #2201 ) ;
#1001 = ORIENTED_EDGE ( 'NONE', *, *, #1535, .T. ) ;
#1002 = EDGE_LOOP ( 'NONE', ( #2844, #235, #356, #2393, #532, #2296, #1548, #1372 ) ) ;
#1003 = DIRECTION ( 'NONE',  ( 0.000000000000000000, 1.000000000000000000, -0.000000000000000000 ) ) ;
#1004 = ORIENTED_EDGE ( 'NONE', *, *, #322, .F. ) ;
#1005 = AXIS2_PLACEMENT_3D ( 'NONE', #1752, #763, #291 ) ;
#1006 = CARTESIAN_POINT ( 'NONE',  ( -3.299999999999999822, 3.849999999999999201, 0.000000000000000000 ) ) ;
#1007 = CARTESIAN_POINT ( 'NONE',  ( 0.000000000000000000, 4.849999999999999645, 0.4500000000000000111 ) ) ;
#1008 = TOROIDAL_SURFACE ( 'NONE', #610, 2.399999999999983036, 0.1312500000000000611 ) ;
#1009 = DIRECTION ( 'NONE',  ( 0.000000000000000000, 0.000000000000000000, 1.000000000000000000 ) ) ;
#1010 = AXIS2_PLACEMENT_3D ( 'NONE', #2443, #33, #2193 ) ;
#1011 = DIRECTION ( 'NONE',  ( 0.000000000000000000, 0.000000000000000000, 1.000000000000000000 ) ) ;
#1012 = ORIENTED_EDGE ( 'NONE', *, *, #1650, .T. ) ;
#1013 = ORIENTED_EDGE ( 'NONE', *, *, #2882, .T. ) ;
#1014 = PLANE ( 'NONE',  #1010 ) ;
#1015 = PRODUCT ( 'CD54-220MC', 'CD54-220MC', '', ( #1648 ) ) ;
#1016 = DIRECTION ( 'NONE',  ( 0.000000000000000000, 0.000000000000000000, -1.000000000000000000 ) ) ;
#1017 = DIRECTION ( 'NONE',  ( -0.000000000000000000, -1.000000000000000000, -0.000000000000000000 ) ) ;
#1018 = EDGE_CURVE ( 'NONE', #2701, #601, #749, .T. ) ;
#1019 = EDGE_LOOP ( 'NONE', ( #2683, #490, #1060, #1969 ) ) ;
#1020 = VERTEX_POINT ( 'NONE', #1493 ) ;
#1021 = EDGE_LOOP ( 'NONE', ( #2469, #1296, #2176, #1588, #1004, #1742, #2040, #1748 ) ) ;
#1022 = FACE_OUTER_BOUND ( 'NONE', #1425, .T. ) ;
#1023 = DIRECTION ( 'NONE',  ( -0.000000000000000000, -1.000000000000000000, -0.000000000000000000 ) ) ;
#1024 = DIRECTION ( 'NONE',  ( 1.000000000000000000, 0.000000000000000000, -6.834751344692839684E-16 ) ) ;
#1025 = CARTESIAN_POINT ( 'NONE',  ( 2.442884871857473605, 0.7071966507878438835, 0.04355961469810189918 ) ) ;
#1026 = VERTEX_POINT ( 'NONE', #342 ) ;
#1027 = VERTEX_POINT ( 'NONE', #285 ) ;
#1028 = DIRECTION ( 'NONE',  ( -1.224646799147354686E-16, 0.000000000000000000, -1.000000000000000000 ) ) ;
#1029 = ORIENTED_EDGE ( 'NONE', *, *, #1593, .T. ) ;
#1030 = CARTESIAN_POINT ( 'NONE',  ( 0.000000000000000000, 0.2000000000000000111, 0.000000000000000000 ) ) ;
#1031 = CARTESIAN_POINT ( 'NONE',  ( -1.284523257866513557, 4.849999999999999645, -2.600000000000000089 ) ) ;
#1032 = VERTEX_POINT ( 'NONE', #1318 ) ;
#1033 = DIRECTION ( 'NONE',  ( -0.000000000000000000, -1.000000000000000000, -0.000000000000000000 ) ) ;
#1034 = VERTEX_POINT ( 'NONE', #511 ) ;
#1035 = EDGE_CURVE ( 'NONE', #2224, #1194, #1113, .T. ) ;
#1036 = CIRCLE ( 'NONE', #980, 2.399999999999999467 ) ;
#1037 = CARTESIAN_POINT ( 'NONE',  ( 0.000000000000000000, 0.7000000000000000666, -0.4500000000000000111 ) ) ;
#1038 = ORIENTED_EDGE ( 'NONE', *, *, #116, .F. ) ;
#1039 = DIRECTION ( 'NONE',  ( 0.000000000000000000, 0.000000000000000000, 1.000000000000000000 ) ) ;
#1040 = AXIS2_PLACEMENT_3D ( 'NONE', #2870, #44, #2421 ) ;
#1041 = VECTOR ( 'NONE', #2322, 1000.000000000000000 ) ;
#1042 = DIRECTION ( 'NONE',  ( 0.000000000000000000, -1.000000000000000000, 0.000000000000000000 ) ) ;
#1043 = ORIENTED_EDGE ( 'NONE', *, *, #717, .F. ) ;
#1044 =( NAMED_UNIT ( * ) PLANE_ANGLE_UNIT ( ) SI_UNIT ( $, .RADIAN. ) );
#1045 = CARTESIAN_POINT ( 'NONE',  ( 2.397849462365590600, 0.7000000000000013989, -0.1015773391709190732 ) ) ;
#1046 = VERTEX_POINT ( 'NONE', #270 ) ;
#1047 = ORIENTED_EDGE ( 'NONE', *, *, #2577, .F. ) ;
#1048 = CARTESIAN_POINT ( 'NONE',  ( -1.284523257866513557, 0.2000000000000000111, -2.600000000000000089 ) ) ;
#1049 = DIRECTION ( 'NONE',  ( 1.251002506714043540E-16, 0.000000000000000000, -1.000000000000000000 ) ) ;
#1050 = ORIENTED_EDGE ( 'NONE', *, *, #1392, .F. ) ;
#1051 = EDGE_CURVE ( 'NONE', #556, #2392, #1519, .T. ) ;
#1052 = CARTESIAN_POINT ( 'NONE',  ( 2.939152317953622454E-16, 1.750000000000001332, 2.399999999999977707 ) ) ;
#1053 = DIRECTION ( 'NONE',  ( -0.000000000000000000, -1.000000000000000000, -0.000000000000000000 ) ) ;
#1054 = DIRECTION ( 'NONE',  ( 0.000000000000000000, -1.000000000000000000, 0.000000000000000000 ) ) ;
#1055 = LINE ( 'NONE', #2975, #2069 ) ;
#1056 = ORIENTED_EDGE ( 'NONE', *, *, #2046, .F. ) ;
#1057 = CARTESIAN_POINT ( 'NONE',  ( -1.284523257866512891, 3.849999999999999201, 2.600000000000000089 ) ) ;
#1058 = EDGE_CURVE ( 'NONE', #2856, #1020, #145, .T. ) ;
#1059 = CARTESIAN_POINT ( 'NONE',  ( 0.000000000000000000, 4.549999999999998046, -0.4500000000000000111 ) ) ;
#1060 = ORIENTED_EDGE ( 'NONE', *, *, #1710, .F. ) ;
#1061 = AXIS2_PLACEMENT_3D ( 'NONE', #1852, #2367, #373 ) ;
#1062 = LINE ( 'NONE', #359, #897 ) ;
#1063 = CARTESIAN_POINT ( 'NONE',  ( 2.437135985713917208, 0.7055495107894378393, 0.05523151915318050970 ) ) ;
#1064 = EDGE_CURVE ( 'NONE', #1786, #1081, #192, .T. ) ;
#1065 = ORIENTED_EDGE ( 'NONE', *, *, #2328, .T. ) ;
#1066 = PRESENTATION_STYLE_ASSIGNMENT (( #1793 ) ) ;
#1067 = LINE ( 'NONE', #486, #2684 ) ;
#1068 = CLOSED_SHELL ( 'NONE', ( #908, #249, #939, #119, #205, #2654, #2321, #3062, #15, #2083, #767, #2583, #1474, #617, #1900, #685, #1702, #3133, #362, #2290, #1798, #216, #1512, #1936, #1102, #2847, #526, #977, #2651, #788, #2921, #2972, #1286, #820, #2798, #2108, #2451, #2802, #669, #1670, #1633, #2556, #2210, #3046, #1516, #380, #435, #1895 ) ) ;
#1069 = CIRCLE ( 'NONE', #2744, 0.1312500000000002831 ) ;
#1070 = VERTEX_POINT ( 'NONE', #1967 ) ;
#1071 = PRESENTATION_LAYER_ASSIGNMENT (  '', '', ( #2889 ) ) ;
#1072 = LINE ( 'NONE', #1485, #1926 ) ;
#1073 = DIRECTION ( 'NONE',  ( 0.000000000000000000, -0.000000000000000000, -1.000000000000000000 ) ) ;
#1074 = CARTESIAN_POINT ( 'NONE',  ( 0.000000000000000000, 4.549999999999998046, 0.4500000000000000111 ) ) ;
#1075 = ORIENTED_EDGE ( 'NONE', *, *, #102, .F. ) ;
#1076 = DIRECTION ( 'NONE',  ( 0.000000000000000000, -0.000000000000000000, 1.000000000000000000 ) ) ;
#1077 = DIRECTION ( 'NONE',  ( 0.000000000000000000, 0.000000000000000000, 1.000000000000000000 ) ) ;
#1078 = ORIENTED_EDGE ( 'NONE', *, *, #2019, .F. ) ;
#1079 = DIRECTION ( 'NONE',  ( 0.000000000000000000, 0.000000000000000000, -1.000000000000000000 ) ) ;
#1080 = LINE ( 'NONE', #2494, #352 ) ;
#1081 = VERTEX_POINT ( 'NONE', #94 ) ;
#1082 = SURFACE_STYLE_FILL_AREA ( #346 ) ;
#1083 = CARTESIAN_POINT ( 'NONE',  ( -2.864873470155357538, 3.849999999999999201, 0.4500000000000000111 ) ) ;
#1084 = ORIENTED_EDGE ( 'NONE', *, *, #2457, .F. ) ;
#1085 = EDGE_CURVE ( 'NONE', #858, #2783, #950, .T. ) ;
#1086 = EDGE_CURVE ( 'NONE', #722, #2137, #2174, .T. ) ;
#1087 = CARTESIAN_POINT ( 'NONE',  ( 0.6500000000000000222, 0.2000000000000000111, 2.600000000000000533 ) ) ;
#1088 = CARTESIAN_POINT ( 'NONE',  ( 2.794695346411885328, 4.610015356685953414, -0.5100153566859559895 ) ) ;
#1089 = VERTEX_POINT ( 'NONE', #1559 ) ;
#1090 = DIRECTION ( 'NONE',  ( 1.000000000000000000, 0.000000000000000000, -2.018308117240545420E-15 ) ) ;
#1091 = LINE ( 'NONE', #2074, #1041 ) ;
#1092 = EDGE_LOOP ( 'NONE', ( #1078, #454, #2826, #13, #2954, #2057, #2440, #2273 ) ) ;
#1093 = TOROIDAL_SURFACE ( 'NONE', #2009, 2.399999999999969269, 0.1312499999999973688 ) ;
#1094 = CARTESIAN_POINT ( 'NONE',  ( 0.000000000000000000, 0.2000000000000000111, 0.000000000000000000 ) ) ;
#1095 = APPLICATION_CONTEXT ( 'automotive_design' ) ;
#1096 = AXIS2_PLACEMENT_3D ( 'NONE', #2820, #2780, #1073 ) ;
#1097 = LINE ( 'NONE', #2308, #181 ) ;
#1098 = DIRECTION ( 'NONE',  ( -0.000000000000000000, -1.000000000000000000, -0.000000000000000000 ) ) ;
#1099 =( GEOMETRIC_REPRESENTATION_CONTEXT ( 3 ) GLOBAL_UNCERTAINTY_ASSIGNED_CONTEXT ( ( #535 ) ) GLOBAL_UNIT_ASSIGNED_CONTEXT ( ( #1850, #1591, #3090 ) ) REPRESENTATION_CONTEXT ( 'NONE', 'WORKASPACE' ) );
#1100 = AXIS2_PLACEMENT_3D ( 'NONE', #1878, #2842, #2604 ) ;
#1101 = ORIENTED_EDGE ( 'NONE', *, *, #1574, .F. ) ;
#1102 = ADVANCED_FACE ( 'NONE', ( #2929 ), #2945, .T. ) ;
#1103 = CARTESIAN_POINT ( 'NONE',  ( -2.794695346411885328, 4.610015356685953414, -0.5100153566859559895 ) ) ;
#1104 = EDGE_CURVE ( 'NONE', #63, #2164, #2581, .T. ) ;
#1105 = EDGE_CURVE ( 'NONE', #628, #183, #2272, .T. ) ;
#1106 = LINE ( 'NONE', #2067, #1503 ) ;
#1107 = CYLINDRICAL_SURFACE ( 'NONE', #1241, 0.4500000000000000111 ) ;
#1108 = VERTEX_POINT ( 'NONE', #1767 ) ;
#1109 = CARTESIAN_POINT ( 'NONE',  ( 1.284523257866512225, 0.7000000000000000666, -2.600000000000000089 ) ) ;
#1110 = ORIENTED_EDGE ( 'NONE', *, *, #1035, .T. ) ;
#1111 = DIRECTION ( 'NONE',  ( -0.000000000000000000, -1.000000000000000000, -0.000000000000000000 ) ) ;
#1112 = LINE ( 'NONE', #2297, #1706 ) ;
#1113 = CIRCLE ( 'NONE', #2879, 0.1312499999999998668 ) ;
#1114 = CARTESIAN_POINT ( 'NONE',  ( -1.284523257866512891, 4.549999999999998046, 2.600000000000000089 ) ) ;
#1115 = ORIENTED_EDGE ( 'NONE', *, *, #1379, .T. ) ;
#1116 = VECTOR ( 'NONE', #753, 1000.000000000000000 ) ;
#1117 = AXIS2_PLACEMENT_3D ( 'NONE', #967, #978, #1927 ) ;
#1118 = PRESENTATION_LAYER_ASSIGNMENT (  '', '', ( #2995 ) ) ;
#1119 = FACE_OUTER_BOUND ( 'NONE', #2345, .T. ) ;
#1120 = VECTOR ( 'NONE', #2072, 1000.000000000000000 ) ;
#1121 = VECTOR ( 'NONE', #3130, 1000.000000000000000 ) ;
#1122 = DIRECTION ( 'NONE',  ( 1.000000000000000000, 0.000000000000000000, -0.000000000000000000 ) ) ;
#1123 = CARTESIAN_POINT ( 'NONE',  ( 0.000000000000000000, 0.7000000000000029532, 0.000000000000000000 ) ) ;
#1124 = EDGE_CURVE ( 'NONE', #507, #802, #545, .T. ) ;
#1125 = ORIENTED_EDGE ( 'NONE', *, *, #1252, .F. ) ;
#1126 = CARTESIAN_POINT ( 'NONE',  ( 2.939152317953626891E-16, 2.143750000000001599, 2.399999999999983036 ) ) ;
#1127 = ORIENTED_EDGE ( 'NONE', *, *, #2978, .T. ) ;
#1128 = FACE_OUTER_BOUND ( 'NONE', #2276, .T. ) ;
#1129 = PRESENTATION_STYLE_ASSIGNMENT (( #1594 ) ) ;
#1130 = CARTESIAN_POINT ( 'NONE',  ( 0.000000000000000000, 0.6999999999999999556, 0.000000000000000000 ) ) ;
#1131 = ORIENTED_EDGE ( 'NONE', *, *, #1274, .F. ) ;
#1132 = CARTESIAN_POINT ( 'NONE',  ( -2.649999999999999911, 0.2000000000000000111, -0.4500000000000000111 ) ) ;
#1133 = CARTESIAN_POINT ( 'NONE',  ( -1.237158227329637317, 4.750084550950314899, -2.399915449049683236 ) ) ;
#1134 = DIRECTION ( 'NONE',  ( 1.000000000000000000, 0.000000000000000000, -1.224646799147353207E-16 ) ) ;
#1135 = VERTEX_POINT ( 'NONE', #308 ) ;
#1136 = EDGE_CURVE ( 'NONE', #543, #2054, #1401, .T. ) ;
#1137 = CARTESIAN_POINT ( 'NONE',  ( -2.864873470155357538, 4.549999999999998046, 0.4500000000000000111 ) ) ;
#1138 = EDGE_CURVE ( 'NONE', #3014, #2080, #887, .T. ) ;
#1139 = CARTESIAN_POINT ( 'NONE',  ( -2.649999999999999911, 0.2000000000000000111, -0.4500000000000000111 ) ) ;
#1140 = CARTESIAN_POINT ( 'NONE',  ( 1.284523257866512225, 4.549999999999998046, -2.600000000000000089 ) ) ;
#1141 = ADVANCED_FACE ( 'NONE', ( #415 ), #1589, .T. ) ;
#1142 = ORIENTED_EDGE ( 'NONE', *, *, #2805, .F. ) ;
#1143 = AXIS2_PLACEMENT_3D ( 'NONE', #2735, #82, #242 ) ;
#1144 = CONICAL_SURFACE ( 'NONE', #2916, 2.599999999999998312, 0.7853981633974482790 ) ;
#1145 = CIRCLE ( 'NONE', #2263, 0.1250000000000001943 ) ;
#1146 = EDGE_CURVE ( 'NONE', #1027, #2392, #36, .T. ) ;
#1147 = DIRECTION ( 'NONE',  ( -0.000000000000000000, 1.000000000000000000, -0.000000000000000000 ) ) ;
#1148 = CARTESIAN_POINT ( 'NONE',  ( -2.437135985713917208, 0.7055495107894378393, -0.05523151915318050970 ) ) ;
#1149 = DIRECTION ( 'NONE',  ( 1.000000000000000000, 0.000000000000000000, 0.000000000000000000 ) ) ;
#1150 = CARTESIAN_POINT ( 'NONE',  ( 0.000000000000000000, 4.549999999999998046, -0.4500000000000000111 ) ) ;
#1151 = EDGE_LOOP ( 'NONE', ( #371, #1285, #73, #29 ) ) ;
#1152 = DIRECTION ( 'NONE',  ( 0.000000000000000000, 0.7071067811865474617, 0.7071067811865474617 ) ) ;
#1153 = ADVANCED_FACE ( 'NONE', ( #1874 ), #2825, .T. ) ;
#1154 = LINE ( 'NONE', #903, #85 ) ;
#1155 = CARTESIAN_POINT ( 'NONE',  ( 2.649999999999999911, 0.000000000000000000, -0.4500000000000000111 ) ) ;
#1156 = ORIENTED_EDGE ( 'NONE', *, *, #298, .T. ) ;
#1157 = ADVANCED_FACE ( 'NONE', ( #2813 ), #168, .F. ) ;
#1158 = ORIENTED_EDGE ( 'NONE', *, *, #2920, .F. ) ;
#1159 = AXIS2_PLACEMENT_3D ( 'NONE', #1304, #775, #43 ) ;
#1160 = CARTESIAN_POINT ( 'NONE',  ( -0.6500000000000000222, 0.2000000000000000111, 2.600000000000000533 ) ) ;
#1161 = CARTESIAN_POINT ( 'NONE',  ( -2.397849462365590600, 0.7000000000000013989, -0.1015773391709190732 ) ) ;
#1162 = DIRECTION ( 'NONE',  ( -0.000000000000000000, 1.000000000000000000, -0.000000000000000000 ) ) ;
#1163 = CIRCLE ( 'NONE', #2743, 0.4500000000000000111 ) ;
#1164 = AXIS2_PLACEMENT_3D ( 'NONE', #1301, #652, #2507 ) ;
#1165 = ORIENTED_EDGE ( 'NONE', *, *, #19, .F. ) ;
#1166 = CARTESIAN_POINT ( 'NONE',  ( 2.649999999999999911, 4.849999999999999645, -0.4500000000000000111 ) ) ;
#1167 = CARTESIAN_POINT ( 'NONE',  ( 0.000000000000000000, 4.849999999999999645, 2.600000000000000089 ) ) ;
#1168 = ORIENTED_EDGE ( 'NONE', *, *, #1688, .F. ) ;
#1169 = ORIENTED_EDGE ( 'NONE', *, *, #3053, .T. ) ;
#1170 = EDGE_CURVE ( 'NONE', #2669, #2988, #659, .T. ) ;
#1171 = LINE ( 'NONE', #2412, #1260 ) ;
#1172 = CARTESIAN_POINT ( 'NONE',  ( 0.000000000000000000, 0.000000000000000000, 0.000000000000000000 ) ) ;
#1173 = DIRECTION ( 'NONE',  ( 0.000000000000000000, 0.000000000000000000, -1.000000000000000000 ) ) ;
#1174 = EDGE_CURVE ( 'NONE', #1646, #1728, #269, .T. ) ;
#1175 = ORIENTED_EDGE ( 'NONE', *, *, #2438, .T. ) ;
#1176 = CARTESIAN_POINT ( 'NONE',  ( -0.6499999999999993561, 0.2000000000000000111, -2.600000000000000089 ) ) ;
#1177 = EDGE_CURVE ( 'NONE', #2242, #572, #849, .T. ) ;
#1178 = FACE_OUTER_BOUND ( 'NONE', #2812, .T. ) ;
#1179 = FACE_OUTER_BOUND ( 'NONE', #677, .T. ) ;
#1180 = CARTESIAN_POINT ( 'NONE',  ( 0.000000000000000000, 4.549999999999998046, 0.000000000000000000 ) ) ;
#1181 = ORIENTED_EDGE ( 'NONE', *, *, #2295, .T. ) ;
#1182 = VERTEX_POINT ( 'NONE', #861 ) ;
#1183 = EDGE_LOOP ( 'NONE', ( #932, #2738, #2697, #1029, #862 ) ) ;
#1184 = VECTOR ( 'NONE', #1149, 1000.000000000000000 ) ;
#1185 = EDGE_CURVE ( 'NONE', #3001, #948, #138, .T. ) ;
#1186 = AXIS2_PLACEMENT_3D ( 'NONE', #1180, #1443, #479 ) ;
#1187 = CIRCLE ( 'NONE', #3069, 0.1250000000000001943 ) ;
#1188 = LINE ( 'NONE', #925, #2937 ) ;
#1189 = DIRECTION ( 'NONE',  ( 0.000000000000000000, 0.000000000000000000, -1.000000000000000000 ) ) ;
#1190 = CARTESIAN_POINT ( 'NONE',  ( -2.864873470155357982, 0.2000000000000000111, -0.4499999999999981237 ) ) ;
#1191 = CIRCLE ( 'NONE', #427, 2.599999999999998312 ) ;
#1192 = EDGE_CURVE ( 'NONE', #283, #384, #370, .T. ) ;
#1193 = EDGE_CURVE ( 'NONE', #1081, #1842, #1242, .T. ) ;
#1194 = VERTEX_POINT ( 'NONE', #3060 ) ;
#1195 = FACE_OUTER_BOUND ( 'NONE', #2925, .T. ) ;
#1196 = DIRECTION ( 'NONE',  ( -0.000000000000000000, -1.000000000000000000, -0.000000000000000000 ) ) ;
#1197 = CARTESIAN_POINT ( 'NONE',  ( 0.000000000000000000, 1.093750000000000888, 0.000000000000000000 ) ) ;
#1198 = LINE ( 'NONE', #946, #679 ) ;
#1199 = CARTESIAN_POINT ( 'NONE',  ( 0.000000000000000000, 1.881250000000001421, -2.399999999999980371 ) ) ;
#1200 = ORIENTED_EDGE ( 'NONE', *, *, #122, .F. ) ;
#1201 = AXIS2_PLACEMENT_3D ( 'NONE', #2238, #1023, #1999 ) ;
#1202 = DIRECTION ( 'NONE',  ( -0.000000000000000000, -1.000000000000000000, -0.000000000000000000 ) ) ;
#1203 = DIRECTION ( 'NONE',  ( 0.000000000000000000, -1.000000000000000000, 0.000000000000000000 ) ) ;
#1204 = VECTOR ( 'NONE', #2026, 1000.000000000000000 ) ;
#1205 = DIRECTION ( 'NONE',  ( 0.000000000000000000, -1.000000000000000000, 0.000000000000000000 ) ) ;
#1206 = B_SPLINE_CURVE_WITH_KNOTS ( 'NONE', 3,
 ( #846, #2946, #3002, #2059 ),
 .UNSPECIFIED., .F., .F.,
 ( 4, 4 ),
 ( 0.001282475304032417015, 0.001610778988265116653 ),
 .UNSPECIFIED. ) ;
#1207 = CLOSED_SHELL ( 'NONE', ( #1766, #278, #1153, #1996, #1810, #575, #3117, #2613, #233, #1343 ) ) ;
#1208 = AXIS2_PLACEMENT_3D ( 'NONE', #822, #2761, #2280 ) ;
#1209 = ORIENTED_EDGE ( 'NONE', *, *, #597, .T. ) ;
#1210 = FACE_OUTER_BOUND ( 'NONE', #1912, .T. ) ;
#1211 = AXIS2_PLACEMENT_3D ( 'NONE', #508, #2082, #1244 ) ;
#1212 = AXIS2_PLACEMENT_3D ( 'NONE', #2726, #2237, #2909 ) ;
#1213 = AXIS2_PLACEMENT_3D ( 'NONE', #563, #366, #1345 ) ;
#1214 = PLANE ( 'NONE',  #2097 ) ;
#1215 = CARTESIAN_POINT ( 'NONE',  ( 0.000000000000000000, 0.000000000000000000, 0.000000000000000000 ) ) ;
#1216 = CYLINDRICAL_SURFACE ( 'NONE', #2462, 0.4500000000000000111 ) ;
#1217 = LINE ( 'NONE', #10, #955 ) ;
#1218 = VERTEX_POINT ( 'NONE', #1381 ) ;
#1219 = EDGE_LOOP ( 'NONE', ( #975, #848, #2496, #2635, #2334, #1965, #986, #2809 ) ) ;
#1220 = FACE_OUTER_BOUND ( 'NONE', #1219, .T. ) ;
#1221 = DIRECTION ( 'NONE',  ( -1.000000000000000000, 0.000000000000000000, 0.000000000000000000 ) ) ;
#1222 = DIRECTION ( 'NONE',  ( -0.000000000000000000, -1.000000000000000000, -0.000000000000000000 ) ) ;
#1223 = CARTESIAN_POINT ( 'NONE',  ( 0.000000000000000000, 0.2000000000000000111, 0.000000000000000000 ) ) ;
#1224 = B_SPLINE_CURVE_WITH_KNOTS ( 'NONE', 3,
 ( #1582, #390, #2817, #904 ),
 .UNSPECIFIED., .F., .F.,
 ( 4, 4 ),
 ( 0.000000000000000000, 0.0003283036842326993122 ),
 .UNSPECIFIED. ) ;
#1225 = EDGE_LOOP ( 'NONE', ( #812, #91, #2756, #209, #2855 ) ) ;
#1226 = ORIENTED_EDGE ( 'NONE', *, *, #1598, .T. ) ;
#1227 = CARTESIAN_POINT ( 'NONE',  ( -2.864873470155357538, 0.2000000000000000111, 0.4500000000000000111 ) ) ;
#1228 = ORIENTED_EDGE ( 'NONE', *, *, #1085, .T. ) ;
#1229 = DIRECTION ( 'NONE',  ( -0.000000000000000000, -0.7071067811865475727, -0.7071067811865475727 ) ) ;
#1230 = EDGE_CURVE ( 'NONE', #2454, #1816, #112, .T. ) ;
#1231 = LINE ( 'NONE', #2897, #2420 ) ;
#1232 = PLANE ( 'NONE',  #1402 ) ;
#1233 = CYLINDRICAL_SURFACE ( 'NONE', #1263, 2.899999999999999911 ) ;
#1234 = ORIENTED_EDGE ( 'NONE', *, *, #1344, .T. ) ;
#1235 = EDGE_LOOP ( 'NONE', ( #886, #2347, #1542, #3109, #2636, #783 ) ) ;
#1236 = EDGE_CURVE ( 'NONE', #1795, #948, #386, .T. ) ;
#1237 = FACE_OUTER_BOUND ( 'NONE', #1019, .T. ) ;
#1238 = DIRECTION ( 'NONE',  ( -1.000000000000000000, 0.000000000000000000, -1.366950268938563795E-15 ) ) ;
#1239 = AXIS2_PLACEMENT_3D ( 'NONE', #2939, #1739, #219 ) ;
#1240 = DIRECTION ( 'NONE',  ( 0.000000000000000000, 0.000000000000000000, -1.000000000000000000 ) ) ;
#1241 = AXIS2_PLACEMENT_3D ( 'NONE', #2723, #2781, #3010 ) ;
#1242 = CIRCLE ( 'NONE', #2012, 0.1312500000000011435 ) ;
#1243 = ORIENTED_EDGE ( 'NONE', *, *, #2400, .T. ) ;
#1244 = DIRECTION ( 'NONE',  ( 0.000000000000000000, -0.000000000000000000, -1.000000000000000000 ) ) ;
#1245 = VERTEX_POINT ( 'NONE', #2346 ) ;
#1246 = DIRECTION ( 'NONE',  ( -0.000000000000000000, 1.000000000000000000, -0.000000000000000000 ) ) ;
#1247 = CARTESIAN_POINT ( 'NONE',  ( 0.000000000000000000, 3.587500000000003908, 0.000000000000000000 ) ) ;
#1248 = DIRECTION ( 'NONE',  ( 0.000000000000000000, 0.000000000000000000, -1.000000000000000000 ) ) ;
#1249 = ORIENTED_EDGE ( 'NONE', *, *, #2866, .F. ) ;
#1250 = ORIENTED_EDGE ( 'NONE', *, *, #1951, .T. ) ;
#1251 = VERTEX_POINT ( 'NONE', #1603 ) ;
#1252 = EDGE_CURVE ( 'NONE', #2164, #63, #2823, .T. ) ;
#1253 = AXIS2_PLACEMENT_3D ( 'NONE', #2144, #682, #3070 ) ;
#1254 = DIRECTION ( 'NONE',  ( 0.000000000000000000, -1.000000000000000000, 0.000000000000000000 ) ) ;
#1255 = LINE ( 'NONE', #1031, #2822 ) ;
#1256 = VECTOR ( 'NONE', #1839, 1000.000000000000000 ) ;
#1257 = ORIENTED_EDGE ( 'NONE', *, *, #436, .T. ) ;
#1258 =( NAMED_UNIT ( * ) SI_UNIT ( $, .STERADIAN. ) SOLID_ANGLE_UNIT ( ) );
#1259 = ORIENTED_EDGE ( 'NONE', *, *, #1138, .T. ) ;
#1260 = VECTOR ( 'NONE', #1660, 1000.000000000000000 ) ;
#1261 = FACE_OUTER_BOUND ( 'NONE', #2223, .T. ) ;
#1262 = DIRECTION ( 'NONE',  ( 0.000000000000000000, 0.000000000000000000, -1.000000000000000000 ) ) ;
#1263 = AXIS2_PLACEMENT_3D ( 'NONE', #498, #709, #2191 ) ;
#1264 = CARTESIAN_POINT ( 'NONE',  ( -3.299999999999999378, 0.6999999999999999556, 0.000000000000000000 ) ) ;
#1265 = AXIS2_PLACEMENT_3D ( 'NONE', #1947, #1229, #544 ) ;
#1266 = DIRECTION ( 'NONE',  ( 0.000000000000000000, 0.000000000000000000, -1.000000000000000000 ) ) ;
#1267 = ORIENTED_EDGE ( 'NONE', *, *, #379, .F. ) ;
#1268 = ORIENTED_EDGE ( 'NONE', *, *, #533, .T. ) ;
#1269 = DIRECTION ( 'NONE',  ( 0.000000000000000000, 0.000000000000000000, 1.000000000000000000 ) ) ;
#1270 = ORIENTED_EDGE ( 'NONE', *, *, #2562, .T. ) ;
#1271 = DIRECTION ( 'NONE',  ( 0.000000000000000000, -1.000000000000000000, 0.000000000000000000 ) ) ;
#1272 = EDGE_CURVE ( 'NONE', #712, #365, #1299, .T. ) ;
#1273 = CARTESIAN_POINT ( 'NONE',  ( -2.864873470155357982, 0.000000000000000000, -0.4499999999999981237 ) ) ;
#1274 = EDGE_CURVE ( 'NONE', #1070, #1576, #2969, .T. ) ;
#1275 = EDGE_CURVE ( 'NONE', #687, #493, #1091, .T. ) ;
#1276 = DIRECTION ( 'NONE',  ( 1.251002506714043540E-16, 0.000000000000000000, -1.000000000000000000 ) ) ;
#1277 = VERTEX_POINT ( 'NONE', #1109 ) ;
#1278 = LINE ( 'NONE', #1037, #959 ) ;
#1279 = EDGE_LOOP ( 'NONE', ( #2299, #1169, #2932, #1382 ) ) ;
#1280 = DIRECTION ( 'NONE',  ( 0.000000000000000000, 0.000000000000000000, -1.000000000000000000 ) ) ;
#1281 = DIRECTION ( 'NONE',  ( -0.000000000000000000, -1.000000000000000000, -0.000000000000000000 ) ) ;
#1282 = ORIENTED_EDGE ( 'NONE', *, *, #2279, .T. ) ;
#1283 = PLANE ( 'NONE',  #2619 ) ;
#1284 = FACE_OUTER_BOUND ( 'NONE', #2088, .T. ) ;
#1285 = ORIENTED_EDGE ( 'NONE', *, *, #2502, .T. ) ;
#1286 = ADVANCED_FACE ( 'NONE', ( #2090 ), #1393, .T. ) ;
#1287 = ORIENTED_EDGE ( 'NONE', *, *, #713, .F. ) ;
#1288 = DIRECTION ( 'NONE',  ( 0.000000000000000000, 0.000000000000000000, -1.000000000000000000 ) ) ;
#1289 = DIRECTION ( 'NONE',  ( 0.000000000000000000, 0.000000000000000000, -1.000000000000000000 ) ) ;
#1290 = EDGE_LOOP ( 'NONE', ( #3134, #2007, #162, #290 ) ) ;
#1291 = CARTESIAN_POINT ( 'NONE',  ( 1.212435565298652262, 4.849999999999999645, 2.299999999999998046 ) ) ;
#1292 = DIRECTION ( 'NONE',  ( -1.000000000000000000, 0.000000000000000000, 0.000000000000000000 ) ) ;
#1293 = EDGE_CURVE ( 'NONE', #628, #2788, #2357, .T. ) ;
#1294 = LINE ( 'NONE', #3009, #2777 ) ;
#1295 = FACE_OUTER_BOUND ( 'NONE', #1893, .T. ) ;
#1296 = ORIENTED_EDGE ( 'NONE', *, *, #1274, .T. ) ;
#1297 = EDGE_CURVE ( 'NONE', #2872, #993, #2718, .T. ) ;
#1298 = CIRCLE ( 'NONE', #2459, 2.899999999999999911 ) ;
#1299 = CIRCLE ( 'NONE', #1815, 0.1312499999999998668 ) ;
#1300 = VERTEX_POINT ( 'NONE', #576 ) ;
#1301 = CARTESIAN_POINT ( 'NONE',  ( -2.324999999999999734, 0.1000000000000014488, 0.000000000000000000 ) ) ;
#1302 = AXIS2_PLACEMENT_3D ( 'NONE', #2010, #800, #317 ) ;
#1303 = AXIS2_PLACEMENT_3D ( 'NONE', #618, #631, #1564 ) ;
#1304 = CARTESIAN_POINT ( 'NONE',  ( 0.000000000000000000, 2.012500000000001066, 0.000000000000000000 ) ) ;
#1305 = ORIENTED_EDGE ( 'NONE', *, *, #916, .F. ) ;
#1306 =( NAMED_UNIT ( * ) SI_UNIT ( $, .STERADIAN. ) SOLID_ANGLE_UNIT ( ) );
#1307 = CYLINDRICAL_SURFACE ( 'NONE', #2800, 0.1250000000000001943 ) ;
#1308 = ORIENTED_EDGE ( 'NONE', *, *, #1387, .T. ) ;
#1309 = FILL_AREA_STYLE_COLOUR ( '', #591 ) ;
#1310 = CARTESIAN_POINT ( 'NONE',  ( 1.284523257866511559, 0.2000000000000000111, -2.600000000000000533 ) ) ;
#1311 = ORIENTED_EDGE ( 'NONE', *, *, #1749, .F. ) ;
#1312 = CARTESIAN_POINT ( 'NONE',  ( 0.000000000000000000, 2.800000000000002043, -2.399999999999988365 ) ) ;
#1313 = CARTESIAN_POINT ( 'NONE',  ( 0.000000000000000000, 0.2000000000000000111, 0.000000000000000000 ) ) ;
#1314 = DIRECTION ( 'NONE',  ( -0.000000000000000000, -1.000000000000000000, -0.000000000000000000 ) ) ;
#1315 = AXIS2_PLACEMENT_3D ( 'NONE', #1215, #255, #3107 ) ;
#1316 = ORIENTED_EDGE ( 'NONE', *, *, #453, .T. ) ;
#1317 = DIRECTION ( 'NONE',  ( 0.000000000000000000, 0.000000000000000000, -1.000000000000000000 ) ) ;
#1318 = CARTESIAN_POINT ( 'NONE',  ( -1.284523257866513335, 0.7000000000000000666, -2.599999999999999645 ) ) ;
#1319 = EDGE_LOOP ( 'NONE', ( #743, #2706, #1482, #2467 ) ) ;
#1320 = AXIS2_PLACEMENT_3D ( 'NONE', #2445, #968, #590 ) ;
#1321 = FACE_OUTER_BOUND ( 'NONE', #1772, .T. ) ;
#1322 = ORIENTED_EDGE ( 'NONE', *, *, #2046, .T. ) ;
#1323 = EDGE_CURVE ( 'NONE', #1032, #1277, #1106, .T. ) ;
#1324 = CARTESIAN_POINT ( 'NONE',  ( 0.000000000000000000, 0.6999999999999999556, 0.000000000000000000 ) ) ;
#1325 = CARTESIAN_POINT ( 'NONE',  ( -1.284523257866512891, 0.000000000000000000, 2.600000000000000089 ) ) ;
#1326 = CIRCLE ( 'NONE', #150, 2.399999999999977707 ) ;
#1327 = VECTOR ( 'NONE', #1537, 1000.000000000000000 ) ;
#1328 = ORIENTED_EDGE ( 'NONE', *, *, #7, .F. ) ;
#1329 = DIRECTION ( 'NONE',  ( -0.000000000000000000, -1.000000000000000000, -0.000000000000000000 ) ) ;
#1330 = LINE ( 'NONE', #2034, #84 ) ;
#1331 = ADVANCED_BREP_SHAPE_REPRESENTATION ( 'CD54-220MC', ( #361, #1488, #433, #1447, #852 ), #1823 ) ;
#1332 = ORIENTED_EDGE ( 'NONE', *, *, #1360, .F. ) ;
#1333 = DIRECTION ( 'NONE',  ( 0.000000000000000000, 0.000000000000000000, -1.000000000000000000 ) ) ;
#1334 = DIRECTION ( 'NONE',  ( 0.000000000000000000, -1.000000000000000000, 0.000000000000000000 ) ) ;
#1335 = ORIENTED_EDGE ( 'NONE', *, *, #1726, .T. ) ;
#1336 = CARTESIAN_POINT ( 'NONE',  ( -1.284523257866512891, 0.2000000000000000111, 2.600000000000000089 ) ) ;
#1337 = CARTESIAN_POINT ( 'NONE',  ( 0.000000000000000000, 0.6999999999999999556, 0.000000000000000000 ) ) ;
#1338 = EDGE_CURVE ( 'NONE', #802, #1657, #1187, .T. ) ;
#1339 = UNCERTAINTY_MEASURE_WITH_UNIT (LENGTH_MEASURE( 1.000000000000000082E-05 ), #141, 'distance_accuracy_value', 'NONE');
#1340 = CARTESIAN_POINT ( 'NONE',  ( -2.199999999999999734, 0.6999999999999999556, 2.058937431066487242E-16 ) ) ;
#1341 = EDGE_CURVE ( 'NONE', #1135, #1081, #3119, .T. ) ;
#1342 = EDGE_LOOP ( 'NONE', ( #65, #692, #546, #2757 ) ) ;
#1343 = ADVANCED_FACE ( 'NONE', ( #1829 ), #2795, .T. ) ;
#1344 = EDGE_CURVE ( 'NONE', #1690, #1970, #2209, .T. ) ;
#1345 = DIRECTION ( 'NONE',  ( 0.000000000000000000, 0.000000000000000000, 1.000000000000000000 ) ) ;
#1346 = CARTESIAN_POINT ( 'NONE',  ( 2.324999999999999734, 0.7000000000000013989, 0.000000000000000000 ) ) ;
#1347 = CARTESIAN_POINT ( 'NONE',  ( 2.723131729981723481, 4.669015198671170985, -0.5690151986711738941 ) ) ;
#1348 = ORIENTED_EDGE ( 'NONE', *, *, #1104, .T. ) ;
#1349 = CARTESIAN_POINT ( 'NONE',  ( 0.000000000000000000, 1.487500000000001155, 0.000000000000000000 ) ) ;
#1350 = EDGE_LOOP ( 'NONE', ( #2540, #1554, #2905, #2305 ) ) ;
#1351 = VECTOR ( 'NONE', #2213, 1000.000000000000000 ) ;
#1352 = FILL_AREA_STYLE_COLOUR ( '', #2971 ) ;
#1353 = CARTESIAN_POINT ( 'NONE',  ( -2.324999999999999734, 0.7000000000000013989, 0.000000000000000000 ) ) ;
#1354 = VECTOR ( 'NONE', #1429, 1000.000000000000000 ) ;
#1355 = VECTOR ( 'NONE', #2601, 1000.000000000000000 ) ;
#1356 = PLANE ( 'NONE',  #273 ) ;
#1357 = DIRECTION ( 'NONE',  ( -0.000000000000000000, -1.000000000000000000, -0.000000000000000000 ) ) ;
#1358 = AXIS2_PLACEMENT_3D ( 'NONE', #1529, #1746, #1561 ) ;
#1359 = EDGE_LOOP ( 'NONE', ( #2035, #1047, #1801, #2370, #2612 ) ) ;
#1360 = EDGE_CURVE ( 'NONE', #2476, #1786, #983, .T. ) ;
#1361 = CARTESIAN_POINT ( 'NONE',  ( 2.649999999999999911, 4.549999999999998046, 0.000000000000000000 ) ) ;
#1362 = DIRECTION ( 'NONE',  ( 0.000000000000000000, 0.000000000000000000, 1.000000000000000000 ) ) ;
#1363 = CARTESIAN_POINT ( 'NONE',  ( 0.000000000000000000, 3.849999999999999201, 0.000000000000000000 ) ) ;
#1364 = ORIENTED_EDGE ( 'NONE', *, *, #577, .T. ) ;
#1365 = DIRECTION ( 'NONE',  ( 1.000000000000000000, 0.000000000000000000, -1.224646799147353207E-16 ) ) ;
#1366 = EDGE_LOOP ( 'NONE', ( #2602, #2099, #2379, #455 ) ) ;
#1367 = VECTOR ( 'NONE', #930, 1000.000000000000000 ) ;
#1368 = CARTESIAN_POINT ( 'NONE',  ( 0.000000000000000000, 4.849999999999999645, 0.000000000000000000 ) ) ;
#1369 =( NAMED_UNIT ( * ) SI_UNIT ( $, .STERADIAN. ) SOLID_ANGLE_UNIT ( ) );
#1370 = AXIS2_PLACEMENT_3D ( 'NONE', #398, #1377, #164 ) ;
#1371 = CARTESIAN_POINT ( 'NONE',  ( 0.000000000000000000, 0.6999999999999999556, -2.199999999999999734 ) ) ;
#1372 = ORIENTED_EDGE ( 'NONE', *, *, #430, .T. ) ;
#1373 = AXIS2_PLACEMENT_3D ( 'NONE', #1639, #2618, #646 ) ;
#1374 = CARTESIAN_POINT ( 'NONE',  ( -2.410896515533205609, 0.7006068004465130228, 0.09081183083306799964 ) ) ;
#1375 = ORIENTED_EDGE ( 'NONE', *, *, #2740, .F. ) ;
#1376 = ADVANCED_FACE ( 'NONE', ( #89 ), #2580, .T. ) ;
#1377 = DIRECTION ( 'NONE',  ( 0.000000000000000000, -1.000000000000000000, 0.000000000000000000 ) ) ;
#1378 = CARTESIAN_POINT ( 'NONE',  ( 2.649999999999999911, 4.549999999999998046, 0.000000000000000000 ) ) ;
#1379 = EDGE_CURVE ( 'NONE', #2489, #2918, #2550, .T. ) ;
#1380 = ORIENTED_EDGE ( 'NONE', *, *, #2086, .T. ) ;
#1381 = CARTESIAN_POINT ( 'NONE',  ( 2.939152317953615058E-16, 1.225000000000000977, 2.399999999999971934 ) ) ;
#1382 = ORIENTED_EDGE ( 'NONE', *, *, #2737, .F. ) ;
#1383 = SURFACE_STYLE_USAGE ( .BOTH. , #1410 ) ;
#1384 = FACE_OUTER_BOUND ( 'NONE', #736, .T. ) ;
#1385 = CARTESIAN_POINT ( 'NONE',  ( 0.000000000000000000, 3.849999999999999201, -0.4500000000000000111 ) ) ;
#1386 = DIRECTION ( 'NONE',  ( 0.000000000000000000, 0.000000000000000000, -1.000000000000000000 ) ) ;
#1387 = EDGE_CURVE ( 'NONE', #1970, #762, #2615, .T. ) ;
#1388 = ORIENTED_EDGE ( 'NONE', *, *, #1341, .T. ) ;
#1389 = DIRECTION ( 'NONE',  ( 0.000000000000000000, -1.000000000000000000, 0.000000000000000000 ) ) ;
#1390 = DIRECTION ( 'NONE',  ( -0.000000000000000000, -1.000000000000000000, -0.000000000000000000 ) ) ;
#1391 = CARTESIAN_POINT ( 'NONE',  ( 0.000000000000000000, 3.849999999999999201, -2.399999999999999467 ) ) ;
#1392 = EDGE_CURVE ( 'NONE', #2447, #201, #1550, .T. ) ;
#1393 = PLANE ( 'NONE',  #176 ) ;
#1394 = ORIENTED_EDGE ( 'NONE', *, *, #1105, .T. ) ;
#1395 = EDGE_CURVE ( 'NONE', #195, #605, #1294, .T. ) ;
#1396 = CARTESIAN_POINT ( 'NONE',  ( 0.000000000000000000, 4.849999999999999645, 0.000000000000000000 ) ) ;
#1397 = CARTESIAN_POINT ( 'NONE',  ( -2.864873470155357538, 0.2000000000000000111, 0.4500000000000000111 ) ) ;
#1398 = VECTOR ( 'NONE', #1162, 1000.000000000000000 ) ;
#1399 = DIRECTION ( 'NONE',  ( 0.000000000000000000, 0.000000000000000000, -1.000000000000000000 ) ) ;
#1400 = ORIENTED_EDGE ( 'NONE', *, *, #1570, .T. ) ;
#1401 = CIRCLE ( 'NONE', #1449, 2.899999999999999911 ) ;
#1402 = AXIS2_PLACEMENT_3D ( 'NONE', #2221, #28, #2160 ) ;
#1403 = VECTOR ( 'NONE', #2853, 1000.000000000000000 ) ;
#1404 = AXIS2_PLACEMENT_3D ( 'NONE', #310, #2042, #2001 ) ;
#1405 = CARTESIAN_POINT ( 'NONE',  ( -0.6499999999999993561, 0.2000000000000000111, -2.600000000000000089 ) ) ;
#1406 = LINE ( 'NONE', #667, #1121 ) ;
#1407 = CARTESIAN_POINT ( 'NONE',  ( 0.000000000000000000, 0.7000000000000000666, 0.000000000000000000 ) ) ;
#1408 = CIRCLE ( 'NONE', #2070, 2.899999999999999911 ) ;
#1409 = VERTEX_POINT ( 'NONE', #3042 ) ;
#1410 = SURFACE_SIDE_STYLE ('',( #184 ) ) ;
#1411 = DIRECTION ( 'NONE',  ( 0.000000000000000000, 0.000000000000000000, -1.000000000000000000 ) ) ;
#1412 = CARTESIAN_POINT ( 'NONE',  ( 2.649999999999999911, 4.849999999999999645, 0.4500000000000000111 ) ) ;
#1413 = VERTEX_POINT ( 'NONE', #1844 ) ;
#1414 = VERTEX_POINT ( 'NONE', #871 ) ;
#1415 = EDGE_CURVE ( 'NONE', #2771, #306, #1408, .T. ) ;
#1416 = VECTOR ( 'NONE', #2648, 1000.000000000000000 ) ;
#1417 = ADVANCED_FACE ( 'NONE', ( #382 ), #2810, .T. ) ;
#1418 = CIRCLE ( 'NONE', #48, 2.899999999999999911 ) ;
#1419 = CARTESIAN_POINT ( 'NONE',  ( 2.494339622641506882, 4.849999999999999645, -0.7336687583103248533 ) ) ;
#1420 = CARTESIAN_POINT ( 'NONE',  ( -2.649999999999999911, 0.2000000000000000111, 6.302141671781267579E-17 ) ) ;
#1421 = CARTESIAN_POINT ( 'NONE',  ( 0.6500000000000000222, 0.000000000000000000, 2.600000000000000533 ) ) ;
#1422 = AXIS2_PLACEMENT_3D ( 'NONE', #1353, #1111, #2092 ) ;
#1423 = AXIS2_PLACEMENT_3D ( 'NONE', #689, #1695, #962 ) ;
#1424 = ADVANCED_FACE ( 'NONE', ( #2565 ), #2538, .T. ) ;
#1425 = EDGE_LOOP ( 'NONE', ( #2205, #2624, #2949, #2714 ) ) ;
#1426 = PRESENTATION_STYLE_ASSIGNMENT (( #447 ) ) ;
#1427 = DIRECTION ( 'NONE',  ( 0.000000000000000000, 0.000000000000000000, -1.000000000000000000 ) ) ;
#1428 = DIRECTION ( 'NONE',  ( 0.000000000000000000, 1.000000000000000000, -0.000000000000000000 ) ) ;
#1429 = DIRECTION ( 'NONE',  ( -1.000000000000000000, 0.000000000000000000, 0.000000000000000000 ) ) ;
#1430 = ORIENTED_EDGE ( 'NONE', *, *, #770, .T. ) ;
#1431 = EDGE_CURVE ( 'NONE', #2753, #2872, #637, .T. ) ;
#1432 = ORIENTED_EDGE ( 'NONE', *, *, #54, .F. ) ;
#1433 = EDGE_LOOP ( 'NONE', ( #940, #645, #2933, #1713 ) ) ;
#1434 = EDGE_CURVE ( 'NONE', #2982, #2918, #2102, .T. ) ;
#1435 = EDGE_CURVE ( 'NONE', #760, #1728, #1758, .T. ) ;
#1436 = DIRECTION ( 'NONE',  ( -1.000000000000000000, 0.000000000000000000, 0.000000000000000000 ) ) ;
#1437 = CARTESIAN_POINT ( 'NONE',  ( -2.413274826734355560, 0.7008481622934806810, -0.08850172294944050333 ) ) ;
#1438 = LINE ( 'NONE', #2168, #3116 ) ;
#1439 = ORIENTED_EDGE ( 'NONE', *, *, #2104, .T. ) ;
#1440 = LINE ( 'NONE', #3104, #1116 ) ;
#1441 = DIRECTION ( 'NONE',  ( -1.000000000000000000, 0.000000000000000000, -0.000000000000000000 ) ) ;
#1442 = CYLINDRICAL_SURFACE ( 'NONE', #2227, 2.899999999999999911 ) ;
#1443 = DIRECTION ( 'NONE',  ( 0.000000000000000000, -1.000000000000000000, 0.000000000000000000 ) ) ;
#1444 = ORIENTED_EDGE ( 'NONE', *, *, #2089, .F. ) ;
#1445 = ORIENTED_EDGE ( 'NONE', *, *, #1593, .F. ) ;
#1446 = VECTOR ( 'NONE', #276, 1000.000000000000000 ) ;
#1447 = MANIFOLD_SOLID_BREP ( 'Boss-Extrude3', #1840 ) ;
#1448 = EDGE_CURVE ( 'NONE', #2054, #421, #1097, .T. ) ;
#1449 = AXIS2_PLACEMENT_3D ( 'NONE', #75, #1042, #2979 ) ;
#1450 = LINE ( 'NONE', #695, #1524 ) ;
#1451 = CARTESIAN_POINT ( 'NONE',  ( 0.000000000000000000, 0.000000000000000000, 0.000000000000000000 ) ) ;
#1452 = DIRECTION ( 'NONE',  ( 1.000000000000000000, 0.000000000000000000, -1.224646799147353207E-16 ) ) ;
#1453 = EDGE_CURVE ( 'NONE', #2941, #2454, #1112, .T. ) ;
#1454 = ORIENTED_EDGE ( 'NONE', *, *, #2524, .F. ) ;
#1455 = DIRECTION ( 'NONE',  ( 0.000000000000000000, 0.000000000000000000, -1.000000000000000000 ) ) ;
#1456 = FACE_OUTER_BOUND ( 'NONE', #3017, .T. ) ;
#1457 = CARTESIAN_POINT ( 'NONE',  ( -2.324999999999999734, 0.1000000000000014488, 0.000000000000000000 ) ) ;
#1458 = DIRECTION ( 'NONE',  ( 0.000000000000000000, 0.000000000000000000, -1.000000000000000000 ) ) ;
#1459 = CARTESIAN_POINT ( 'NONE',  ( 2.864873470155357538, 0.2000000000000000111, -0.4500000000000000111 ) ) ;
#1460 = ORIENTED_EDGE ( 'NONE', *, *, #2737, .T. ) ;
#1461 = EDGE_LOOP ( 'NONE', ( #2061, #734, #2576, #2216, #2970 ) ) ;
#1462 = CARTESIAN_POINT ( 'NONE',  ( 0.000000000000000000, 2.931250000000002132, 0.000000000000000000 ) ) ;
#1463 = CIRCLE ( 'NONE', #1777, 2.399999999999991029 ) ;
#1464 = DIRECTION ( 'NONE',  ( 0.000000000000000000, 0.000000000000000000, 1.000000000000000000 ) ) ;
#1465 = FACE_OUTER_BOUND ( 'NONE', #598, .T. ) ;
#1466 = CIRCLE ( 'NONE', #2425, 0.4500000000000000111 ) ;
#1467 = FACE_OUTER_BOUND ( 'NONE', #608, .T. ) ;
#1468 = EDGE_CURVE ( 'NONE', #3089, #1026, #2325, .T. ) ;
#1469 = CIRCLE ( 'NONE', #1976, 2.899999999999999911 ) ;
#1470 = CIRCLE ( 'NONE', #1883, 2.899999999999999911 ) ;
#1471 = ORIENTED_EDGE ( 'NONE', *, *, #3097, .F. ) ;
#1472 = PLANE ( 'NONE',  #2432 ) ;
#1473 = AXIS2_PLACEMENT_3D ( 'NONE', #1918, #2376, #210 ) ;
#1474 = ADVANCED_FACE ( 'NONE', ( #2557 ), #99, .F. ) ;
#1475 = EDGE_LOOP ( 'NONE', ( #2839, #2353, #2250, #2750, #144, #1764 ) ) ;
#1476 = DIRECTION ( 'NONE',  ( 1.000000000000000000, -0.000000000000000000, 0.000000000000000000 ) ) ;
#1477 = CARTESIAN_POINT ( 'NONE',  ( 0.000000000000000000, 3.062500000000001776, 0.000000000000000000 ) ) ;
#1478 = CARTESIAN_POINT ( 'NONE',  ( -2.649999999999999911, 4.549999999999998046, -0.4500000000000000111 ) ) ;
#1479 = ORIENTED_EDGE ( 'NONE', *, *, #2065, .T. ) ;
#1480 = B_SPLINE_CURVE_WITH_KNOTS ( 'NONE', 3,
 ( #2235, #1103, #1599, #1855 ),
 .UNSPECIFIED., .F., .F.,
 ( 4, 4 ),
 ( 0.000000000000000000, 0.0003283036842326993122 ),
 .UNSPECIFIED. ) ;
#1481 = ORIENTED_EDGE ( 'NONE', *, *, #2837, .F. ) ;
#1482 = ORIENTED_EDGE ( 'NONE', *, *, #1831, .T. ) ;
#1483 = DIRECTION ( 'NONE',  ( -0.000000000000000000, -1.000000000000000000, -0.000000000000000000 ) ) ;
#1484 = ADVANCED_FACE ( 'NONE', ( #570 ), #1356, .T. ) ;
#1485 = CARTESIAN_POINT ( 'NONE',  ( -1.284523257866513557, 0.2000000000000000111, -2.600000000000000089 ) ) ;
#1486 = DIRECTION ( 'NONE',  ( 0.000000000000000000, -1.000000000000000000, 0.000000000000000000 ) ) ;
#1487 = DIRECTION ( 'NONE',  ( 0.000000000000000000, 0.000000000000000000, -1.000000000000000000 ) ) ;
#1488 = MANIFOLD_SOLID_BREP ( 'Boss-Extrude2[1]', #1207 ) ;
#1489 = CARTESIAN_POINT ( 'NONE',  ( 0.000000000000000000, 4.549999999999998046, 0.000000000000000000 ) ) ;
#1490 = ORIENTED_EDGE ( 'NONE', *, *, #1379, .F. ) ;
#1491 = EDGE_CURVE ( 'NONE', #762, #214, #3073, .T. ) ;
#1492 = CARTESIAN_POINT ( 'NONE',  ( 2.199999999999999734, 0.6999999999999999556, -1.347111479062088257E-16 ) ) ;
#1493 = CARTESIAN_POINT ( 'NONE',  ( -1.284523257866512891, 0.7000000000000000666, 2.600000000000000089 ) ) ;
#1494 = FACE_OUTER_BOUND ( 'NONE', #1986, .T. ) ;
#1495 = ORIENTED_EDGE ( 'NONE', *, *, #1018, .F. ) ;
#1496 = ORIENTED_EDGE ( 'NONE', *, *, #1853, .F. ) ;
#1497 = VERTEX_POINT ( 'NONE', #1608 ) ;
#1498 = DIRECTION ( 'NONE',  ( 0.000000000000000000, 0.000000000000000000, -1.000000000000000000 ) ) ;
#1499 = LINE ( 'NONE', #316, #2180 ) ;
#1500 = CIRCLE ( 'NONE', #22, 0.4500000000000000111 ) ;
#1501 = DIRECTION ( 'NONE',  ( 0.000000000000000000, 0.000000000000000000, -1.000000000000000000 ) ) ;
#1502 = CIRCLE ( 'NONE', #1606, 0.1312499999999998668 ) ;
#1503 = VECTOR ( 'NONE', #1615, 1000.000000000000000 ) ;
#1504 = DIRECTION ( 'NONE',  ( 0.000000000000000000, 0.000000000000000000, 1.000000000000000000 ) ) ;
#1505 = ORIENTED_EDGE ( 'NONE', *, *, #2141, .T. ) ;
#1506 = CARTESIAN_POINT ( 'NONE',  ( 2.200000000000000178, 3.849999999999999201, 0.000000000000000000 ) ) ;
#1507 = DIRECTION ( 'NONE',  ( 0.000000000000000000, 0.000000000000000000, -1.000000000000000000 ) ) ;
#1508 = DIRECTION ( 'NONE',  ( 0.000000000000000000, 1.000000000000000000, 0.000000000000000000 ) ) ;
#1509 = DIRECTION ( 'NONE',  ( 0.000000000000000000, 0.000000000000000000, -1.000000000000000000 ) ) ;
#1510 = EDGE_LOOP ( 'NONE', ( #248, #3039, #643, #888, #446, #46, #1922, #1259, #2000 ) ) ;
#1511 = ORIENTED_EDGE ( 'NONE', *, *, #1995, .F. ) ;
#1512 = ADVANCED_FACE ( 'NONE', ( #2574 ), #2985, .F. ) ;
#1513 = CARTESIAN_POINT ( 'NONE',  ( 2.864873470155357538, 0.2000000000000000111, -0.4500000000000000666 ) ) ;
#1514 = EDGE_CURVE ( 'NONE', #2783, #2908, #1669, .T. ) ;
#1515 = ORIENTED_EDGE ( 'NONE', *, *, #1992, .T. ) ;
#1516 = ADVANCED_FACE ( 'NONE', ( #705 ), #2621, .F. ) ;
#1517 = CARTESIAN_POINT ( 'NONE',  ( -2.649999999999999911, 4.549999999999998046, 6.302141671781267579E-17 ) ) ;
#1518 = DIRECTION ( 'NONE',  ( -0.000000000000000000, -1.000000000000000000, -0.000000000000000000 ) ) ;
#1519 = CIRCLE ( 'NONE', #1159, 2.399999999999980371 ) ;
#1520 = CARTESIAN_POINT ( 'NONE',  ( 0.000000000000000000, 3.718750000000002220, 0.000000000000000000 ) ) ;
#1521 = ADVANCED_FACE ( 'NONE', ( #1178 ), #2591, .T. ) ;
#1522 = LINE ( 'NONE', #2488, #2340 ) ;
#1523 = ORIENTED_EDGE ( 'NONE', *, *, #515, .T. ) ;
#1524 = VECTOR ( 'NONE', #1436, 1000.000000000000000 ) ;
#1525 = CARTESIAN_POINT ( 'NONE',  ( 2.864873470155357538, 0.7000000000000000666, -0.4500000000000000111 ) ) ;
#1526 = DIRECTION ( 'NONE',  ( 0.000000000000000000, 0.000000000000000000, -1.000000000000000000 ) ) ;
#1527 = ORIENTED_EDGE ( 'NONE', *, *, #518, .F. ) ;
#1528 = MECHANICAL_DESIGN_GEOMETRIC_PRESENTATION_REPRESENTATION (  '', ( #2889 ), #1680 ) ;
#1529 = CARTESIAN_POINT ( 'NONE',  ( 0.000000000000000000, 0.7000000000000029532, 0.000000000000000000 ) ) ;
#1530 = CIRCLE ( 'NONE', #50, 2.399999999999993694 ) ;
#1531 = CARTESIAN_POINT ( 'NONE',  ( 2.427215863251106498, 0.7029479903497064530, -0.07293891307987931949 ) ) ;
#1532 = ORIENTED_EDGE ( 'NONE', *, *, #1192, .F. ) ;
#1533 = EDGE_LOOP ( 'NONE', ( #1175, #1168, #958, #2045 ) ) ;
#1534 = CARTESIAN_POINT ( 'NONE',  ( 0.000000000000000000, 1.093750000000000888, 0.000000000000000000 ) ) ;
#1535 = EDGE_CURVE ( 'NONE', #2927, #507, #1145, .T. ) ;
#1536 = VERTEX_POINT ( 'NONE', #3123 ) ;
#1537 = DIRECTION ( 'NONE',  ( 1.000000000000000000, 0.000000000000000000, 2.522885146550681775E-16 ) ) ;
#1538 = EDGE_CURVE ( 'NONE', #2988, #687, #3025, .T. ) ;
#1539 = ORIENTED_EDGE ( 'NONE', *, *, #1453, .F. ) ;
#1540 = DIRECTION ( 'NONE',  ( 0.000000000000000000, 1.000000000000000000, -0.000000000000000000 ) ) ;
#1541 = CARTESIAN_POINT ( 'NONE',  ( 0.000000000000000000, 4.849999999999999645, 0.000000000000000000 ) ) ;
#1542 = ORIENTED_EDGE ( 'NONE', *, *, #2151, .T. ) ;
#1543 = DIRECTION ( 'NONE',  ( 2.522885146550681775E-16, 0.000000000000000000, -1.000000000000000000 ) ) ;
#1544 = CARTESIAN_POINT ( 'NONE',  ( 2.448721832362212414, 0.7094041299336960593, 0.01782998028424414433 ) ) ;
#1545 = VERTEX_POINT ( 'NONE', #1867 ) ;
#1546 = CARTESIAN_POINT ( 'NONE',  ( 2.649999999999999911, 0.2000000000000000111, 0.4500000000000000111 ) ) ;
#1547 = DIRECTION ( 'NONE',  ( 1.000000000000000000, 0.000000000000000000, -1.224646799147353207E-16 ) ) ;
#1548 = ORIENTED_EDGE ( 'NONE', *, *, #122, .T. ) ;
#1549 = CARTESIAN_POINT ( 'NONE',  ( -2.649999999999999911, 4.549999999999998046, -0.4500000000000000111 ) ) ;
#1550 = LINE ( 'NONE', #367, #2318 ) ;
#1551 = DIRECTION ( 'NONE',  ( 1.040834085586082679E-14, 0.000000000000000000, 1.000000000000000000 ) ) ;
#1552 = TOROIDAL_SURFACE ( 'NONE', #587, 2.399999999999983036, 0.1312500000000000611 ) ;
#1553 = VECTOR ( 'NONE', #2115, 1000.000000000000000 ) ;
#1554 = ORIENTED_EDGE ( 'NONE', *, *, #1570, .F. ) ;
#1555 = ADVANCED_FACE ( 'NONE', ( #944 ), #1659, .T. ) ;
#1556 = CARTESIAN_POINT ( 'NONE',  ( 0.000000000000000000, 1.750000000000001332, 0.000000000000000000 ) ) ;
#1557 = AXIS2_PLACEMENT_3D ( 'NONE', #2523, #1033, #109 ) ;
#1558 = AXIS2_PLACEMENT_3D ( 'NONE', #2157, #2828, #2389 ) ;
#1559 = CARTESIAN_POINT ( 'NONE',  ( -2.649999999999999911, 4.549999999999998046, 0.4500000000000000111 ) ) ;
#1560 = ORIENTED_EDGE ( 'NONE', *, *, #818, .F. ) ;
#1561 = DIRECTION ( 'NONE',  ( 0.000000000000000000, 0.000000000000000000, -1.000000000000000000 ) ) ;
#1562 = CARTESIAN_POINT ( 'NONE',  ( 2.413274826734355560, 0.7008481622934806810, 0.08850172294944050333 ) ) ;
#1563 = ORIENTED_EDGE ( 'NONE', *, *, #35, .F. ) ;
#1564 = DIRECTION ( 'NONE',  ( 0.000000000000000000, 0.000000000000000000, -1.000000000000000000 ) ) ;
#1565 = CARTESIAN_POINT ( 'NONE',  ( 0.000000000000000000, 3.193750000000002309, 0.000000000000000000 ) ) ;
#1566 = ORIENTED_EDGE ( 'NONE', *, *, #1514, .F. ) ;
#1567 = CARTESIAN_POINT ( 'NONE',  ( 2.939152317953610128E-16, 0.8312500000000008216, 2.399999999999969269 ) ) ;
#1568 = DIRECTION ( 'NONE',  ( -0.000000000000000000, -1.000000000000000000, -0.000000000000000000 ) ) ;
#1569 = DIRECTION ( 'NONE',  ( 1.000000000000000000, 0.000000000000000000, 0.000000000000000000 ) ) ;
#1570 = EDGE_CURVE ( 'NONE', #306, #2137, #1623, .T. ) ;
#1571 = AXIS2_PLACEMENT_3D ( 'NONE', #1745, #991, #581 ) ;
#1572 = ORIENTED_EDGE ( 'NONE', *, *, #585, .T. ) ;
#1573 = CARTESIAN_POINT ( 'NONE',  ( -2.649999999999999911, 0.2000000000000000111, -0.4500000000000000111 ) ) ;
#1574 = EDGE_CURVE ( 'NONE', #2585, #722, #3079, .T. ) ;
#1575 = DIRECTION ( 'NONE',  ( -1.224646799147356165E-16, 0.000000000000000000, -1.000000000000000000 ) ) ;
#1576 = VERTEX_POINT ( 'NONE', #3106 ) ;
#1577 = EDGE_CURVE ( 'NONE', #592, #2788, #1919, .T. ) ;
#1578 = AXIS2_PLACEMENT_3D ( 'NONE', #2533, #1486, #1289 ) ;
#1579 = DIRECTION ( 'NONE',  ( 0.000000000000000000, -0.000000000000000000, 1.000000000000000000 ) ) ;
#1580 = DIRECTION ( 'NONE',  ( 0.000000000000000000, -1.000000000000000000, 0.000000000000000000 ) ) ;
#1581 = ORIENTED_EDGE ( 'NONE', *, *, #2877, .F. ) ;
#1582 = CARTESIAN_POINT ( 'NONE',  ( 2.864873470155357538, 4.549999999999998046, 0.4500000000000000111 ) ) ;
#1583 = CLOSED_SHELL ( 'NONE', ( #277, #1417, #1376, #1141, #2600, #1521, #2142, #1484, #1157, #2359 ) ) ;
#1584 = VECTOR ( 'NONE', #2990, 1000.000000000000114 ) ;
#1585 = ORIENTED_EDGE ( 'NONE', *, *, #3028, .F. ) ;
#1586 = CARTESIAN_POINT ( 'NONE',  ( 0.000000000000000000, 0.2000000000000000111, 0.000000000000000000 ) ) ;
#1587 = CARTESIAN_POINT ( 'NONE',  ( 0.6500000000000005773, 0.000000000000000000, -2.600000000000000089 ) ) ;
#1588 = ORIENTED_EDGE ( 'NONE', *, *, #2955, .F. ) ;
#1589 = PLANE ( 'NONE',  #2785 ) ;
#1590 = ORIENTED_EDGE ( 'NONE', *, *, #2365, .F. ) ;
#1591 =( NAMED_UNIT ( * ) PLANE_ANGLE_UNIT ( ) SI_UNIT ( $, .RADIAN. ) );
#1592 = FACE_OUTER_BOUND ( 'NONE', #387, .T. ) ;
#1593 = EDGE_CURVE ( 'NONE', #1881, #1690, #428, .T. ) ;
#1594 = SURFACE_STYLE_USAGE ( .BOTH. , #330 ) ;
#1595 = LINE ( 'NONE', #607, #2375 ) ;
#1596 = B_SPLINE_CURVE_WITH_KNOTS ( 'NONE', 3,
 ( #1045, #2712, #568, #326, #97, #1531, #531, #2963, #2755, #1790, #2023, #2790, #1544, #114, #1025, #1063, #832, #1805, #1562, #847, #604, #2337 ),
 .UNSPECIFIED., .F., .F.,
 ( 4, 3, 3, 3, 3, 3, 3, 4 ),
 ( 0.0002104992852933969846, 0.0002272796974278794627, 0.0002632683072255539579, 0.0003045928260554817352, 0.0003464406341017634439, 0.0003856444392770503183, 0.0004267420476949931657, 0.0004469033008522984912 ),
 .UNSPECIFIED. ) ;
#1597 = ORIENTED_EDGE ( 'NONE', *, *, #2695, .F. ) ;
#1598 = EDGE_CURVE ( 'NONE', #421, #833, #2110, .T. ) ;
#1599 = CARTESIAN_POINT ( 'NONE',  ( -2.723131729981723481, 4.669015198671170985, -0.5690151986711738941 ) ) ;
#1600 = CARTESIAN_POINT ( 'NONE',  ( 2.864873470155357538, 0.2000000000000000111, -0.4500000000000000111 ) ) ;
#1601 = DIRECTION ( 'NONE',  ( 0.000000000000000000, 1.000000000000000000, 0.000000000000000000 ) ) ;
#1602 = ORIENTED_EDGE ( 'NONE', *, *, #2188, .T. ) ;
#1603 = CARTESIAN_POINT ( 'NONE',  ( -2.649999999999999911, 0.000000000000000000, -0.4500000000000000111 ) ) ;
#1604 = ORIENTED_EDGE ( 'NONE', *, *, #2644, .T. ) ;
#1605 = AXIS2_PLACEMENT_3D ( 'NONE', #1989, #2935, #1269 ) ;
#1606 = AXIS2_PLACEMENT_3D ( 'NONE', #319, #856, #825 ) ;
#1607 = AXIS2_PLACEMENT_3D ( 'NONE', #354, #1329, #123 ) ;
#1608 = CARTESIAN_POINT ( 'NONE',  ( 1.284523257866511559, 0.2000000000000000111, -2.600000000000000533 ) ) ;
#1609 = DIRECTION ( 'NONE',  ( -0.000000000000000000, -1.000000000000000000, -0.000000000000000000 ) ) ;
#1610 = VERTEX_POINT ( 'NONE', #1139 ) ;
#1611 = ADVANCED_FACE ( 'NONE', ( #3064 ), #733, .T. ) ;
#1612 = B_SPLINE_CURVE_WITH_KNOTS ( 'NONE', 3,
 ( #648, #891, #410, #1114 ),
 .UNSPECIFIED., .F., .F.,
 ( 4, 4 ),
 ( 0.000000000000000000, 0.0004303447866766165744 ),
 .UNSPECIFIED. ) ;
#1613 = CARTESIAN_POINT ( 'NONE',  ( -2.427215863251106498, 0.7029479903497064530, 0.07293891307987931949 ) ) ;
#1614 = EDGE_LOOP ( 'NONE', ( #2302, #406, #1084, #2161 ) ) ;
#1615 = DIRECTION ( 'NONE',  ( 1.000000000000000000, -0.000000000000000000, 0.000000000000000000 ) ) ;
#1616 = CARTESIAN_POINT ( 'NONE',  ( 1.284523257866512225, 4.849999999999999645, -2.600000000000000089 ) ) ;
#1617 = ORIENTED_EDGE ( 'NONE', *, *, #1885, .F. ) ;
#1618 = EDGE_CURVE ( 'NONE', #2982, #3001, #1154, .T. ) ;
#1619 = DIRECTION ( 'NONE',  ( 0.000000000000000000, -0.000000000000000000, -1.000000000000000000 ) ) ;
#1620 = ORIENTED_EDGE ( 'NONE', *, *, #1856, .F. ) ;
#1621 = VECTOR ( 'NONE', #829, 1000.000000000000000 ) ;
#1622 = DIRECTION ( 'NONE',  ( 0.000000000000000000, 0.000000000000000000, -1.000000000000000000 ) ) ;
#1623 = LINE ( 'NONE', #1397, #30 ) ;
#1624 = CIRCLE ( 'NONE', #350, 0.1312499999999998668 ) ;
#1625 = FACE_OUTER_BOUND ( 'NONE', #2652, .T. ) ;
#1626 = ORIENTED_EDGE ( 'NONE', *, *, #1338, .F. ) ;
#1627 = AXIS2_PLACEMENT_3D ( 'NONE', #1094, #863, #2806 ) ;
#1628 = VECTOR ( 'NONE', #837, 1000.000000000000000 ) ;
#1629 = EDGE_CURVE ( 'NONE', #1135, #2476, #2521, .T. ) ;
#1630 = AXIS2_PLACEMENT_3D ( 'NONE', #1489, #3041, #2217 ) ;
#1631 = TOROIDAL_SURFACE ( 'NONE', #1841, 2.399999999999999467, 0.1312499999999987843 ) ;
#1632 = CIRCLE ( 'NONE', #1213, 0.1250000000000001943 ) ;
#1633 = ADVANCED_FACE ( 'NONE', ( #2134 ), #3093, .T. ) ;
#1634 = DIRECTION ( 'NONE',  ( 0.000000000000000000, -1.000000000000000000, 0.000000000000000000 ) ) ;
#1635 = CARTESIAN_POINT ( 'NONE',  ( -2.447668649734374480, 0.7090084207014933915, 0.02402919832922885066 ) ) ;
#1636 = DIRECTION ( 'NONE',  ( 0.000000000000000000, 0.000000000000000000, -1.000000000000000000 ) ) ;
#1637 = CARTESIAN_POINT ( 'NONE',  ( 2.649999999999999911, 0.2000000000000000111, 0.4500000000000000111 ) ) ;
#1638 = ORIENTED_EDGE ( 'NONE', *, *, #1987, .F. ) ;
#1639 = CARTESIAN_POINT ( 'NONE',  ( 0.000000000000000000, 2.800000000000002043, 0.000000000000000000 ) ) ;
#1640 = CARTESIAN_POINT ( 'NONE',  ( 0.000000000000000000, 3.849999999999999201, 0.000000000000000000 ) ) ;
#1641 = CARTESIAN_POINT ( 'NONE',  ( 1.261150137421217066, 4.650077722736320140, -2.499922277263676662 ) ) ;
#1642 = ORIENTED_EDGE ( 'NONE', *, *, #1995, .T. ) ;
#1643 = CARTESIAN_POINT ( 'NONE',  ( 0.000000000000000000, 0.000000000000000000, 0.000000000000000000 ) ) ;
#1644 = CARTESIAN_POINT ( 'NONE',  ( -2.442884871857473605, 0.7071966507878438835, -0.04355961469810189918 ) ) ;
#1645 = DIRECTION ( 'NONE',  ( 0.000000000000000000, 0.000000000000000000, 1.000000000000000000 ) ) ;
#1646 = VERTEX_POINT ( 'NONE', #2868 ) ;
#1647 = ORIENTED_EDGE ( 'NONE', *, *, #3102, .F. ) ;
#1648 = PRODUCT_CONTEXT ( 'NONE', #1095, 'mechanical' ) ;
#1649 = LINE ( 'NONE', #2324, #1882 ) ;
#1650 = EDGE_CURVE ( 'NONE', #2760, #441, #2433, .T. ) ;
#1651 = CARTESIAN_POINT ( 'NONE',  ( 2.649999999999999911, 3.849999999999999201, 0.000000000000000000 ) ) ;
#1652 = CIRCLE ( 'NONE', #1605, 0.1312499999999998668 ) ;
#1653 = DIRECTION ( 'NONE',  ( 0.000000000000000000, 0.000000000000000000, -1.000000000000000000 ) ) ;
#1654 = EDGE_LOOP ( 'NONE', ( #787, #1590, #257, #1833 ) ) ;
#1655 = CIRCLE ( 'NONE', #1958, 0.1250000000000001943 ) ;
#1656 = AXIS2_PLACEMENT_3D ( 'NONE', #2264, #1568, #624 ) ;
#1657 = VERTEX_POINT ( 'NONE', #3137 ) ;
#1658 = AXIS2_PLACEMENT_3D ( 'NONE', #2493, #1508, #128 ) ;
#1659 = TOROIDAL_SURFACE ( 'NONE', #853, 2.399999999999988365, 0.1312500000000000611 ) ;
#1660 = DIRECTION ( 'NONE',  ( -1.000000000000000000, 0.000000000000000000, 6.834751344692818976E-16 ) ) ;
#1661 = CARTESIAN_POINT ( 'NONE',  ( 0.000000000000000000, 2.800000000000002043, 0.000000000000000000 ) ) ;
#1662 = DIRECTION ( 'NONE',  ( -0.000000000000000000, -1.000000000000000000, -0.000000000000000000 ) ) ;
#1663 = EDGE_CURVE ( 'NONE', #2091, #2003, #658, .T. ) ;
#1664 = ORIENTED_EDGE ( 'NONE', *, *, #2247, .T. ) ;
#1665 = SURFACE_SIDE_STYLE ('',( #2676 ) ) ;
#1666 = CIRCLE ( 'NONE', #2081, 2.899999999999999911 ) ;
#1667 = EDGE_CURVE ( 'NONE', #2927, #157, #1765, .T. ) ;
#1668 = EDGE_CURVE ( 'NONE', #2878, #1610, #525, .T. ) ;
#1669 = LINE ( 'NONE', #186, #1403 ) ;
#1670 = ADVANCED_FACE ( 'NONE', ( #1456 ), #2944, .F. ) ;
#1671 = CARTESIAN_POINT ( 'NONE',  ( 2.599835639764003670, 4.766547926753846198, -0.6665479267538478858 ) ) ;
#1672 = CARTESIAN_POINT ( 'NONE',  ( 2.939152317953616537E-16, 1.356250000000001066, 2.399999999999974598 ) ) ;
#1673 = ORIENTED_EDGE ( 'NONE', *, *, #170, .F. ) ;
#1674 = ORIENTED_EDGE ( 'NONE', *, *, #2415, .T. ) ;
#1675 = VECTOR ( 'NONE', #2378, 1000.000000000000000 ) ;
#1676 = VECTOR ( 'NONE', #2641, 1000.000000000000000 ) ;
#1677 = LINE ( 'NONE', #2166, #1676 ) ;
#1678 = CARTESIAN_POINT ( 'NONE',  ( 0.000000000000000000, 3.849999999999999201, 0.000000000000000000 ) ) ;
#1679 = FACE_OUTER_BOUND ( 'NONE', #1092, .T. ) ;
#1680 =( GEOMETRIC_REPRESENTATION_CONTEXT ( 3 ) GLOBAL_UNCERTAINTY_ASSIGNED_CONTEXT ( ( #2950 ) ) GLOBAL_UNIT_ASSIGNED_CONTEXT ( ( #1843, #146, #1258 ) ) REPRESENTATION_CONTEXT ( 'NONE', 'WORKASPACE' ) );
#1681 = VECTOR ( 'NONE', #1714, 1000.000000000000000 ) ;
#1682 = ORIENTED_EDGE ( 'NONE', *, *, #3110, .T. ) ;
#1683 = DIRECTION ( 'NONE',  ( -1.251002506714043540E-16, -0.000000000000000000, 1.000000000000000000 ) ) ;
#1684 = DIRECTION ( 'NONE',  ( 0.000000000000000000, -1.000000000000000000, 0.000000000000000000 ) ) ;
#1685 = CARTESIAN_POINT ( 'NONE',  ( 0.6500000000000005773, 0.000000000000000000, -2.600000000000000089 ) ) ;
#1686 = DIRECTION ( 'NONE',  ( -0.000000000000000000, -1.000000000000000000, -0.000000000000000000 ) ) ;
#1687 = LINE ( 'NONE', #1459, #2093 ) ;
#1688 = EDGE_CURVE ( 'NONE', #2409, #1413, #2698, .T. ) ;
#1689 = ORIENTED_EDGE ( 'NONE', *, *, #577, .F. ) ;
#1690 = VERTEX_POINT ( 'NONE', #1506 ) ;
#1691 = DIRECTION ( 'NONE',  ( -0.000000000000000000, -1.000000000000000000, -0.000000000000000000 ) ) ;
#1692 = PLANE ( 'NONE',  #2352 ) ;
#1693 = FACE_OUTER_BOUND ( 'NONE', #1475, .T. ) ;
#1694 = ORIENTED_EDGE ( 'NONE', *, *, #1146, .F. ) ;
#1695 = DIRECTION ( 'NONE',  ( 0.000000000000000000, -1.000000000000000000, 0.000000000000000000 ) ) ;
#1696 = CARTESIAN_POINT ( 'NONE',  ( -2.649999999999999911, 4.726865671641788502, 0.6268656716417908559 ) ) ;
#1697 = CARTESIAN_POINT ( 'NONE',  ( 0.000000000000000000, 0.000000000000000000, 0.000000000000000000 ) ) ;
#1698 = ORIENTED_EDGE ( 'NONE', *, *, #875, .T. ) ;
#1699 = ORIENTED_EDGE ( 'NONE', *, *, #3067, .F. ) ;
#1700 = VERTEX_POINT ( 'NONE', #1525 ) ;
#1701 = DIRECTION ( 'NONE',  ( 0.000000000000000000, 0.000000000000000000, -1.000000000000000000 ) ) ;
#1702 = ADVANCED_FACE ( 'NONE', ( #1261 ), #1214, .T. ) ;
#1703 = CIRCLE ( 'NONE', #2158, 2.200000000000000178 ) ;
#1704 = AXIS2_PLACEMENT_3D ( 'NONE', #2763, #595, #107 ) ;
#1705 = AXIS2_PLACEMENT_3D ( 'NONE', #823, #1518, #1776 ) ;
#1706 = VECTOR ( 'NONE', #159, 1000.000000000000000 ) ;
#1707 = CARTESIAN_POINT ( 'NONE',  ( 0.000000000000000000, 3.849999999999999201, 0.000000000000000000 ) ) ;
#1708 = DIRECTION ( 'NONE',  ( 0.000000000000000000, 0.000000000000000000, -1.000000000000000000 ) ) ;
#1709 = FACE_OUTER_BOUND ( 'NONE', #1952, .T. ) ;
#1710 = EDGE_CURVE ( 'NONE', #2091, #1842, #1530, .T. ) ;
#1711 = VECTOR ( 'NONE', #776, 1000.000000000000000 ) ;
#1712 = ORIENTED_EDGE ( 'NONE', *, *, #1491, .F. ) ;
#1713 = ORIENTED_EDGE ( 'NONE', *, *, #2098, .F. ) ;
#1714 = DIRECTION ( 'NONE',  ( 1.000000000000000000, 0.000000000000000000, 0.000000000000000000 ) ) ;
#1715 = CARTESIAN_POINT ( 'NONE',  ( 0.000000000000000000, 2.668750000000001954, 0.000000000000000000 ) ) ;
#1716 = CARTESIAN_POINT ( 'NONE',  ( 2.649999999999999911, 4.726865671641788502, 0.6268656716417908559 ) ) ;
#1717 = ORIENTED_EDGE ( 'NONE', *, *, #2456, .F. ) ;
#1718 = ORIENTED_EDGE ( 'NONE', *, *, #924, .T. ) ;
#1719 = FACE_OUTER_BOUND ( 'NONE', #1002, .T. ) ;
#1720 = AXIS2_PLACEMENT_3D ( 'NONE', #2854, #1428, #675 ) ;
#1721 = EDGE_CURVE ( 'NONE', #1081, #1786, #1789, .T. ) ;
#1722 = DIRECTION ( 'NONE',  ( -0.000000000000000000, -1.000000000000000000, -0.000000000000000000 ) ) ;
#1723 = CARTESIAN_POINT ( 'NONE',  ( 1.284523257866512225, 0.2000000000000000111, 2.600000000000000089 ) ) ;
#1724 = AXIS2_PLACEMENT_3D ( 'NONE', #1451, #1961, #2515 ) ;
#1725 = CARTESIAN_POINT ( 'NONE',  ( -0.6500000000000000222, 0.000000000000000000, 2.600000000000000533 ) ) ;
#1726 = EDGE_CURVE ( 'NONE', #2856, #1046, #2437, .T. ) ;
#1727 = AXIS2_PLACEMENT_3D ( 'NONE', #1199, #3126, #3141 ) ;
#1728 = VERTEX_POINT ( 'NONE', #1492 ) ;
#1729 = CIRCLE ( 'NONE', #1005, 0.4500000000000000111 ) ;
#1730 = ORIENTED_EDGE ( 'NONE', *, *, #397, .T. ) ;
#1731 = DIRECTION ( 'NONE',  ( -1.000000000000000000, 0.000000000000000000, 0.000000000000000000 ) ) ;
#1732 = ORIENTED_EDGE ( 'NONE', *, *, #1136, .F. ) ;
#1733 = CARTESIAN_POINT ( 'NONE',  ( 0.000000000000000000, 3.587500000000003908, -2.399999999999999467 ) ) ;
#1734 = DIRECTION ( 'NONE',  ( -0.000000000000000000, -1.000000000000000000, -0.000000000000000000 ) ) ;
#1735 = CARTESIAN_POINT ( 'NONE',  ( 0.000000000000000000, 3.325000000000002398, 0.000000000000000000 ) ) ;
#1736 = ORIENTED_EDGE ( 'NONE', *, *, #711, .F. ) ;
#1737 = ORIENTED_EDGE ( 'NONE', *, *, #62, .T. ) ;
#1738 = CARTESIAN_POINT ( 'NONE',  ( 0.000000000000000000, 4.549999999999998046, 0.000000000000000000 ) ) ;
#1739 = DIRECTION ( 'NONE',  ( 0.000000000000000000, 0.000000000000000000, -1.000000000000000000 ) ) ;
#1740 = ORIENTED_EDGE ( 'NONE', *, *, #1598, .F. ) ;
#1741 = FILL_AREA_STYLE ('',( #772 ) ) ;
#1742 = ORIENTED_EDGE ( 'NONE', *, *, #771, .F. ) ;
#1743 = CARTESIAN_POINT ( 'NONE',  ( 0.000000000000000000, 3.325000000000002398, 0.000000000000000000 ) ) ;
#1744 = EDGE_CURVE ( 'NONE', #2218, #2941, #602, .T. ) ;
#1745 = CARTESIAN_POINT ( 'NONE',  ( 0.000000000000000000, 0.7000000000000000666, 0.000000000000000000 ) ) ;
#1746 = DIRECTION ( 'NONE',  ( -0.000000000000000000, -1.000000000000000000, -0.000000000000000000 ) ) ;
#1747 = CARTESIAN_POINT ( 'NONE',  ( -2.547794645401529667, 4.807714683488340413, -0.7017835811043494632 ) ) ;
#1748 = ORIENTED_EDGE ( 'NONE', *, *, #2816, .F. ) ;
#1749 = EDGE_CURVE ( 'NONE', #1911, #2218, #236, .T. ) ;
#1750 = ORIENTED_EDGE ( 'NONE', *, *, #2784, .T. ) ;
#1751 = UNCERTAINTY_MEASURE_WITH_UNIT (LENGTH_MEASURE( 1.000000000000000082E-05 ), #2510, 'distance_accuracy_value', 'NONE');
#1752 = CARTESIAN_POINT ( 'NONE',  ( -2.649999999999999911, 0.2000000000000000111, 6.302141671781267579E-17 ) ) ;
#1753 = ADVANCED_FACE ( 'NONE', ( #1022 ), #1631, .T. ) ;
#1754 = CARTESIAN_POINT ( 'NONE',  ( 0.000000000000000000, 2.537500000000001421, 0.000000000000000000 ) ) ;
#1755 = AXIS2_PLACEMENT_3D ( 'NONE', #520, #232, #1929 ) ;
#1756 = CARTESIAN_POINT ( 'NONE',  ( 0.000000000000000000, 2.012500000000001066, 0.000000000000000000 ) ) ;
#1757 = AXIS2_PLACEMENT_3D ( 'NONE', #2183, #729, #2673 ) ;
#1758 = CIRCLE ( 'NONE', #378, 2.199999999999999734 ) ;
#1759 = ORIENTED_EDGE ( 'NONE', *, *, #771, .T. ) ;
#1760 = CARTESIAN_POINT ( 'NONE',  ( -2.324999999999999734, 0.7000000000000013989, 0.000000000000000000 ) ) ;
#1761 = CIRCLE ( 'NONE', #1358, 2.399999999999999467 ) ;
#1762 = ORIENTED_EDGE ( 'NONE', *, *, #878, .F. ) ;
#1763 = DIRECTION ( 'NONE',  ( 1.000000000000000000, -0.000000000000000000, 1.251002506714043540E-16 ) ) ;
#1764 = ORIENTED_EDGE ( 'NONE', *, *, #3105, .F. ) ;
#1765 = LINE ( 'NONE', #774, #1931 ) ;
#1766 = ADVANCED_FACE ( 'NONE', ( #494 ), #42, .T. ) ;
#1767 = CARTESIAN_POINT ( 'NONE',  ( -2.649999999999999911, 0.000000000000000000, 0.4500000000000000666 ) ) ;
#1768 = ORIENTED_EDGE ( 'NONE', *, *, #1744, .F. ) ;
#1769 = CYLINDRICAL_SURFACE ( 'NONE', #3044, 2.899999999999999911 ) ;
#1770 = ORIENTED_EDGE ( 'NONE', *, *, #2940, .F. ) ;
#1771 = EDGE_CURVE ( 'NONE', #3001, #1497, #1966, .T. ) ;
#1772 = EDGE_LOOP ( 'NONE', ( #1496, #2873, #1560, #2064, #844, #1430, #139, #1626 ) ) ;
#1773 = FACE_OUTER_BOUND ( 'NONE', #694, .T. ) ;
#1774 = ORIENTED_EDGE ( 'NONE', *, *, #322, .T. ) ;
#1775 = LINE ( 'NONE', #2938, #759 ) ;
#1776 = DIRECTION ( 'NONE',  ( 0.000000000000000000, 0.000000000000000000, -1.000000000000000000 ) ) ;
#1777 = AXIS2_PLACEMENT_3D ( 'NONE', #1477, #2662, #2912 ) ;
#1778 = TOROIDAL_SURFACE ( 'NONE', #394, 2.399999999999993694, 0.1312500000000000611 ) ;
#1779 = DIRECTION ( 'NONE',  ( -0.000000000000000000, -1.000000000000000000, -0.000000000000000000 ) ) ;
#1780 = ORIENTED_EDGE ( 'NONE', *, *, #1415, .T. ) ;
#1781 = VERTEX_POINT ( 'NONE', #2928 ) ;
#1782 = CIRCLE ( 'NONE', #1727, 0.1312500000000002831 ) ;
#1783 = VECTOR ( 'NONE', #1973, 1000.000000000000000 ) ;
#1784 = LINE ( 'NONE', #2526, #1120 ) ;
#1785 = FACE_OUTER_BOUND ( 'NONE', #2725, .T. ) ;
#1786 = VERTEX_POINT ( 'NONE', #1733 ) ;
#1787 = VECTOR ( 'NONE', #1683, 1000.000000000000000 ) ;
#1788 = DIRECTION ( 'NONE',  ( 1.000000000000000000, 0.000000000000000000, 0.000000000000000000 ) ) ;
#1789 = CIRCLE ( 'NONE', #2890, 2.399999999999999467 ) ;
#1790 = CARTESIAN_POINT ( 'NONE',  ( 2.447668649734374480, 0.7090084207014933915, -0.02402919832922885066 ) ) ;
#1791 = VERTEX_POINT ( 'NONE', #1982 ) ;
#1792 = ORIENTED_EDGE ( 'NONE', *, *, #2900, .T. ) ;
#1793 = SURFACE_STYLE_USAGE ( .BOTH. , #2547 ) ;
#1794 = LINE ( 'NONE', #746, #752 ) ;
#1795 = VERTEX_POINT ( 'NONE', #2450 ) ;
#1796 = DIRECTION ( 'NONE',  ( 1.000000000000000000, 0.000000000000000000, 0.000000000000000000 ) ) ;
#1797 = CARTESIAN_POINT ( 'NONE',  ( 2.864873470155357538, 0.000000000000000000, -0.4500000000000000111 ) ) ;
#1798 = ADVANCED_FACE ( 'NONE', ( #2709 ), #284, .F. ) ;
#1799 = DIRECTION ( 'NONE',  ( 0.000000000000000000, 0.000000000000000000, -1.000000000000000000 ) ) ;
#1800 = DIRECTION ( 'NONE',  ( 0.000000000000000000, -0.7071067811865475727, 0.7071067811865475727 ) ) ;
#1801 = ORIENTED_EDGE ( 'NONE', *, *, #3101, .T. ) ;
#1802 = CARTESIAN_POINT ( 'NONE',  ( -0.6499999999999993561, 0.2000000000000000111, -2.600000000000000089 ) ) ;
#1803 = DIRECTION ( 'NONE',  ( 0.000000000000000000, 0.000000000000000000, -1.000000000000000000 ) ) ;
#1804 = VERTEX_POINT ( 'NONE', #828 ) ;
#1805 = CARTESIAN_POINT ( 'NONE',  ( 2.422971505811133852, 0.7019146724982777696, 0.07882990372519504962 ) ) ;
#1806 = EDGE_LOOP ( 'NONE', ( #3096, #1539, #1768, #1311 ) ) ;
#1807 = FACE_OUTER_BOUND ( 'NONE', #1225, .T. ) ;
#1808 = ORIENTED_EDGE ( 'NONE', *, *, #300, .F. ) ;
#1809 = CARTESIAN_POINT ( 'NONE',  ( -2.494339622641506882, 4.849999999999999645, 0.7336687583103249644 ) ) ;
#1810 = ADVANCED_FACE ( 'NONE', ( #2126 ), #2848, .T. ) ;
#1811 = AXIS2_PLACEMENT_3D ( 'NONE', #683, #1662, #2627 ) ;
#1812 = DIRECTION ( 'NONE',  ( 1.000000000000000000, 0.000000000000000000, -1.224646799147353207E-16 ) ) ;
#1813 = DIRECTION ( 'NONE',  ( 1.000000000000000000, -0.000000000000000000, 0.000000000000000000 ) ) ;
#1814 = VECTOR ( 'NONE', #1292, 1000.000000000000000 ) ;
#1815 = AXIS2_PLACEMENT_3D ( 'NONE', #843, #600, #1575 ) ;
#1816 = VERTEX_POINT ( 'NONE', #1057 ) ;
#1817 = DIRECTION ( 'NONE',  ( -0.000000000000000000, -1.000000000000000000, -0.000000000000000000 ) ) ;
#1818 = VECTOR ( 'NONE', #2121, 1000.000000000000000 ) ;
#1819 = DIRECTION ( 'NONE',  ( 0.000000000000000000, 1.000000000000000000, 0.000000000000000000 ) ) ;
#1820 = EDGE_LOOP ( 'NONE', ( #2234, #1228, #1997, #1527 ) ) ;
#1821 = LINE ( 'NONE', #548, #1711 ) ;
#1822 = DIRECTION ( 'NONE',  ( 0.000000000000000000, 0.000000000000000000, -1.000000000000000000 ) ) ;
#1823 =( GEOMETRIC_REPRESENTATION_CONTEXT ( 3 ) GLOBAL_UNCERTAINTY_ASSIGNED_CONTEXT ( ( #1751 ) ) GLOBAL_UNIT_ASSIGNED_CONTEXT ( ( #2510, #1044, #1306 ) ) REPRESENTATION_CONTEXT ( 'NONE', 'WORKASPACE' ) );
#1824 = ORIENTED_EDGE ( 'NONE', *, *, #726, .F. ) ;
#1825 = DIRECTION ( 'NONE',  ( -0.000000000000000000, -1.000000000000000000, -0.000000000000000000 ) ) ;
#1826 = CYLINDRICAL_SURFACE ( 'NONE', #489, 2.899999999999999911 ) ;
#1827 = AXIS2_PLACEMENT_3D ( 'NONE', #2994, #1857, #135 ) ;
#1828 = ORIENTED_EDGE ( 'NONE', *, *, #1849, .F. ) ;
#1829 = FACE_OUTER_BOUND ( 'NONE', #2569, .T. ) ;
#1830 = CARTESIAN_POINT ( 'NONE',  ( -1.284523257866513335, 3.849999999999999201, -2.599999999999999645 ) ) ;
#1831 = EDGE_CURVE ( 'NONE', #1089, #1781, #74, .T. ) ;
#1832 = AXIS2_PLACEMENT_3D ( 'NONE', #173, #1357, #3094 ) ;
#1833 = ORIENTED_EDGE ( 'NONE', *, *, #282, .T. ) ;
#1834 = DIRECTION ( 'NONE',  ( -1.224646799147355426E-16, 0.000000000000000000, -1.000000000000000000 ) ) ;
#1835 = VERTEX_POINT ( 'NONE', #1802 ) ;
#1836 = CARTESIAN_POINT ( 'NONE',  ( 0.000000000000000000, 2.143750000000001599, 0.000000000000000000 ) ) ;
#1837 = VECTOR ( 'NONE', #2143, 1000.000000000000000 ) ;
#1838 = DIRECTION ( 'NONE',  ( -1.000000000000000000, 0.000000000000000000, -0.000000000000000000 ) ) ;
#1839 = DIRECTION ( 'NONE',  ( -0.000000000000000000, -1.000000000000000000, -0.000000000000000000 ) ) ;
#1840 = CLOSED_SHELL ( 'NONE', ( #2762, #2512, #2229, #873, #2559, #2845, #3114, #2640, #2368, #942, #2313, #748, #2329, #2782, #1611, #2596, #68, #1753, #1870, #665, #999, #1555, #2380, #189, #166, #3027, #338, #2394, #2268, #3026, #3008, #72, #1424, #476, #351 ) ) ;
#1841 = AXIS2_PLACEMENT_3D ( 'NONE', #2896, #971, #254 ) ;
#1842 = VERTEX_POINT ( 'NONE', #2832 ) ;
#1843 =( LENGTH_UNIT ( ) NAMED_UNIT ( * ) SI_UNIT ( .MILLI., .METRE. ) );
#1844 = CARTESIAN_POINT ( 'NONE',  ( -1.212435565298652040, 4.849999999999999645, -2.299999999999998046 ) ) ;
#1845 = DIRECTION ( 'NONE',  ( 0.000000000000000000, 1.000000000000000000, 0.000000000000000000 ) ) ;
#1846 = EDGE_LOOP ( 'NONE', ( #2253, #1563, #2139, #1993 ) ) ;
#1847 = DIRECTION ( 'NONE',  ( -6.834751344692840670E-16, 0.000000000000000000, -1.000000000000000000 ) ) ;
#1848 = ORIENTED_EDGE ( 'NONE', *, *, #102, .T. ) ;
#1849 = EDGE_CURVE ( 'NONE', #2358, #724, #704, .T. ) ;
#1850 =( LENGTH_UNIT ( ) NAMED_UNIT ( * ) SI_UNIT ( .MILLI., .METRE. ) );
#1851 = DIRECTION ( 'NONE',  ( 0.000000000000000000, -1.000000000000000000, 0.000000000000000000 ) ) ;
#1852 = CARTESIAN_POINT ( 'NONE',  ( 0.000000000000000000, 4.849999999999999645, 0.4500000000000000111 ) ) ;
#1853 = EDGE_CURVE ( 'NONE', #2872, #802, #2486, .T. ) ;
#1854 = ORIENTED_EDGE ( 'NONE', *, *, #2519, .F. ) ;
#1855 = CARTESIAN_POINT ( 'NONE',  ( -2.649999999999999911, 4.726865671641788502, -0.6268656716417908559 ) ) ;
#1856 = EDGE_CURVE ( 'NONE', #1108, #1251, #244, .T. ) ;
#1857 = DIRECTION ( 'NONE',  ( -0.000000000000000000, -1.000000000000000000, -0.000000000000000000 ) ) ;
#1858 = DIRECTION ( 'NONE',  ( -0.000000000000000000, -1.000000000000000000, -0.000000000000000000 ) ) ;
#1859 = ORIENTED_EDGE ( 'NONE', *, *, #2271, .F. ) ;
#1860 = DIRECTION ( 'NONE',  ( -1.224646799147352221E-16, 0.000000000000000000, -1.000000000000000000 ) ) ;
#1861 = ORIENTED_EDGE ( 'NONE', *, *, #2053, .F. ) ;
#1862 = AXIS2_PLACEMENT_3D ( 'NONE', #744, #2207, #2497 ) ;
#1863 = FACE_OUTER_BOUND ( 'NONE', #1614, .T. ) ;
#1864 = EDGE_CURVE ( 'NONE', #1020, #325, #1784, .T. ) ;
#1865 = AXIS2_PLACEMENT_3D ( 'NONE', #2764, #337, #2551 ) ;
#1866 = AXIS2_PLACEMENT_3D ( 'NONE', #1640, #419, #2366 ) ;
#1867 = CARTESIAN_POINT ( 'NONE',  ( -2.649999999999999911, 0.2000000000000000111, 0.4500000000000000666 ) ) ;
#1868 = CARTESIAN_POINT ( 'NONE',  ( -2.649999999999999911, 3.849999999999999201, -0.4499999999999999556 ) ) ;
#1869 = ORIENTED_EDGE ( 'NONE', *, *, #1138, .F. ) ;
#1870 = ADVANCED_FACE ( 'NONE', ( #3083 ), #960, .T. ) ;
#1871 = CARTESIAN_POINT ( 'NONE',  ( -1.212435565298652262, 4.849999999999999645, 2.299999999999767120 ) ) ;
#1872 = DIRECTION ( 'NONE',  ( 0.000000000000000000, -1.000000000000000000, 0.000000000000000000 ) ) ;
#1873 = DIRECTION ( 'NONE',  ( 0.000000000000000000, 0.000000000000000000, 1.000000000000000000 ) ) ;
#1874 = FACE_OUTER_BOUND ( 'NONE', #1654, .T. ) ;
#1875 = ORIENTED_EDGE ( 'NONE', *, *, #889, .T. ) ;
#1876 = VECTOR ( 'NONE', #963, 1000.000000000000000 ) ;
#1877 = CARTESIAN_POINT ( 'NONE',  ( 2.649999999999999911, 4.849999999999999645, 0.000000000000000000 ) ) ;
#1878 = CARTESIAN_POINT ( 'NONE',  ( 0.000000000000000000, 0.8312500000000008216, 0.000000000000000000 ) ) ;
#1879 = CIRCLE ( 'NONE', #2178, 2.399999999999999467 ) ;
#1880 = DIRECTION ( 'NONE',  ( 0.000000000000000000, -1.000000000000000000, 0.000000000000000000 ) ) ;
#1881 = VERTEX_POINT ( 'NONE', #1886 ) ;
#1882 = VECTOR ( 'NONE', #408, 1000.000000000000000 ) ;
#1883 = AXIS2_PLACEMENT_3D ( 'NONE', #1738, #1254, #335 ) ;
#1884 = TOROIDAL_SURFACE ( 'NONE', #2184, 2.399999999999974598, 0.1312500000000000611 ) ;
#1885 = EDGE_CURVE ( 'NONE', #2105, #2265, #2185, .T. ) ;
#1886 = CARTESIAN_POINT ( 'NONE',  ( 2.649999999999999911, 3.849999999999999201, 0.4500000000000000111 ) ) ;
#1887 = CARTESIAN_POINT ( 'NONE',  ( 0.000000000000000000, 2.275000000000001688, 0.000000000000000000 ) ) ;
#1888 = DIRECTION ( 'NONE',  ( -0.000000000000000000, -1.000000000000000000, -0.000000000000000000 ) ) ;
#1889 = ORIENTED_EDGE ( 'NONE', *, *, #300, .T. ) ;
#1890 = DIRECTION ( 'NONE',  ( -0.000000000000000000, -1.000000000000000000, -0.000000000000000000 ) ) ;
#1891 = DIRECTION ( 'NONE',  ( 0.000000000000000000, 0.000000000000000000, -1.000000000000000000 ) ) ;
#1892 = DIRECTION ( 'NONE',  ( 0.000000000000000000, 0.000000000000000000, -1.000000000000000000 ) ) ;
#1893 = EDGE_LOOP ( 'NONE', ( #1287, #1762, #1699 ) ) ;
#1894 = ORIENTED_EDGE ( 'NONE', *, *, #1538, .F. ) ;
#1895 = ADVANCED_FACE ( 'NONE', ( #910 ), #842, .T. ) ;
#1896 = DIRECTION ( 'NONE',  ( -0.000000000000000000, -1.000000000000000000, -0.000000000000000000 ) ) ;
#1897 = CARTESIAN_POINT ( 'NONE',  ( 1.284523257866512225, 0.000000000000000000, 2.600000000000000089 ) ) ;
#1898 = B_SPLINE_CURVE_WITH_KNOTS ( 'NONE', 3,
 ( #625, #885, #1133, #1899 ),
 .UNSPECIFIED., .F., .F.,
 ( 4, 4 ),
 ( 0.000000000000000000, 0.0004303447866766371200 ),
 .UNSPECIFIED. ) ;
#1899 = CARTESIAN_POINT ( 'NONE',  ( -1.212435565298652040, 4.849999999999999645, -2.299999999999998046 ) ) ;
#1900 = ADVANCED_FACE ( 'NONE', ( #2597 ), #2999, .T. ) ;
#1901 = EDGE_CURVE ( 'NONE', #1933, #1108, #2786, .T. ) ;
#1902 = EDGE_CURVE ( 'NONE', #2025, #2409, #817, .T. ) ;
#1903 = ORIENTED_EDGE ( 'NONE', *, *, #1992, .F. ) ;
#1904 = CARTESIAN_POINT ( 'NONE',  ( -2.324999999999999734, 0.7000000000000013989, 0.000000000000000000 ) ) ;
#1905 = DIRECTION ( 'NONE',  ( -1.000000000000000000, 0.000000000000000000, 0.000000000000000000 ) ) ;
#1906 = TOROIDAL_SURFACE ( 'NONE', #635, 2.399999999999985256, 0.1312500000000000611 ) ;
#1907 = LINE ( 'NONE', #2884, #1416 ) ;
#1908 = ORIENTED_EDGE ( 'NONE', *, *, #996, .F. ) ;
#1909 = CIRCLE ( 'NONE', #790, 0.1250000000000001943 ) ;
#1910 = VECTOR ( 'NONE', #876, 1000.000000000000000 ) ;
#1911 = VERTEX_POINT ( 'NONE', #1871 ) ;
#1912 = EDGE_LOOP ( 'NONE', ( #2814, #796, #1698, #466, #1638, #2552, #2906, #2658, #1445 ) ) ;
#1913 = CARTESIAN_POINT ( 'NONE',  ( 0.000000000000000000, 4.849999999999999645, 0.000000000000000000 ) ) ;
#1914 = DIRECTION ( 'NONE',  ( 0.000000000000000000, 0.000000000000000000, -1.000000000000000000 ) ) ;
#1915 = DIRECTION ( 'NONE',  ( 0.000000000000000000, 0.000000000000000000, -1.000000000000000000 ) ) ;
#1916 = EDGE_CURVE ( 'NONE', #2513, #174, #2634, .T. ) ;
#1917 = ORIENTED_EDGE ( 'NONE', *, *, #2940, .T. ) ;
#1918 = CARTESIAN_POINT ( 'NONE',  ( 2.324999999999999734, 0.1000000000000014488, 0.000000000000000000 ) ) ;
#1919 = LINE ( 'NONE', #1385, #1818 ) ;
#1920 = CARTESIAN_POINT ( 'NONE',  ( 2.494339622641506882, 4.849999999999999645, -0.7336687583103248533 ) ) ;
#1921 = DIRECTION ( 'NONE',  ( 1.000000000000000000, 0.000000000000000000, -0.000000000000000000 ) ) ;
#1922 = ORIENTED_EDGE ( 'NONE', *, *, #2456, .T. ) ;
#1923 = ORIENTED_EDGE ( 'NONE', *, *, #1272, .T. ) ;
#1924 = TOROIDAL_SURFACE ( 'NONE', #2131, 2.399999999999991029, 0.1312500000000000611 ) ;
#1925 = VECTOR ( 'NONE', #2399, 1000.000000000000000 ) ;
#1926 = VECTOR ( 'NONE', #87, 1000.000000000000000 ) ;
#1927 = DIRECTION ( 'NONE',  ( 0.000000000000000000, 0.000000000000000000, 1.000000000000000000 ) ) ;
#1928 = CARTESIAN_POINT ( 'NONE',  ( -2.448721832362212414, 0.7094041299336960593, -0.01782998028424414433 ) ) ;
#1929 = DIRECTION ( 'NONE',  ( -1.000000000000000000, 0.000000000000000000, -0.000000000000000000 ) ) ;
#1930 = CIRCLE ( 'NONE', #1630, 2.899999999999999911 ) ;
#1931 = VECTOR ( 'NONE', #1246, 1000.000000000000000 ) ;
#1932 = B_SPLINE_CURVE_WITH_KNOTS ( 'NONE', 3,
 ( #2730, #1747, #2511, #811 ),
 .UNSPECIFIED., .F., .F.,
 ( 4, 4 ),
 ( 0.000000000000000000, 0.0002253865905983374338 ),
 .UNSPECIFIED. ) ;
#1933 = VERTEX_POINT ( 'NONE', #2270 ) ;
#1934 =( NAMED_UNIT ( * ) SI_UNIT ( $, .STERADIAN. ) SOLID_ANGLE_UNIT ( ) );
#1935 = CARTESIAN_POINT ( 'NONE',  ( 1.237158227329637983, 4.750084550950314899, 2.399915449049683236 ) ) ;
#1936 = ADVANCED_FACE ( 'NONE', ( #2055 ), #93, .T. ) ;
#1937 = LINE ( 'NONE', #690, #650 ) ;
#1938 = DIRECTION ( 'NONE',  ( 0.000000000000000000, 0.000000000000000000, -1.000000000000000000 ) ) ;
#1939 = DIRECTION ( 'NONE',  ( 0.000000000000000000, 1.000000000000000000, 0.000000000000000000 ) ) ;
#1940 = ORIENTED_EDGE ( 'NONE', *, *, #1744, .T. ) ;
#1941 = CARTESIAN_POINT ( 'NONE',  ( 2.694222958124176513E-16, 0.000000000000000000, 2.199999999999999734 ) ) ;
#1942 = LINE ( 'NONE', #1310, #2584 ) ;
#1943 = PLANE ( 'NONE',  #2966 ) ;
#1944 = EDGE_CURVE ( 'NONE', #2265, #2164, #1069, .T. ) ;
#1945 = EDGE_LOOP ( 'NONE', ( #1940, #4, #516, #905, #3103 ) ) ;
#1946 = DIRECTION ( 'NONE',  ( 1.000000000000000000, 0.000000000000000000, 1.251002506714043540E-16 ) ) ;
#1947 = CARTESIAN_POINT ( 'NONE',  ( 0.000000000000000000, 4.549999999999998046, -0.4500000000000000111 ) ) ;
#1948 = DIRECTION ( 'NONE',  ( 0.000000000000000000, -1.000000000000000000, 0.000000000000000000 ) ) ;
#1949 = CARTESIAN_POINT ( 'NONE',  ( 0.6500000000000000222, 0.2000000000000000111, 2.600000000000000533 ) ) ;
#1950 = ORIENTED_EDGE ( 'NONE', *, *, #2690, .T. ) ;
#1951 = EDGE_CURVE ( 'NONE', #1970, #2242, #951, .T. ) ;
#1952 = EDGE_LOOP ( 'NONE', ( #2018, #1647, #1780, #1400 ) ) ;
#1953 = EDGE_LOOP ( 'NONE', ( #1348, #1917, #1305, #1267 ) ) ;
#1954 = LINE ( 'NONE', #725, #1446 ) ;
#1955 = EDGE_CURVE ( 'NONE', #384, #325, #206, .T. ) ;
#1956 = CIRCLE ( 'NONE', #1143, 0.4500000000000000111 ) ;
#1957 = VECTOR ( 'NONE', #2033, 1000.000000000000000 ) ;
#1958 = AXIS2_PLACEMENT_3D ( 'NONE', #964, #2680, #1009 ) ;
#1959 = STYLED_ITEM ( 'NONE', ( #1129 ), #1488 ) ;
#1960 = CARTESIAN_POINT ( 'NONE',  ( 2.694222958124177006E-16, 3.849999999999999201, 2.200000000000000178 ) ) ;
#1961 = DIRECTION ( 'NONE',  ( 0.000000000000000000, 1.000000000000000000, -0.000000000000000000 ) ) ;
#1962 = DIRECTION ( 'NONE',  ( -1.224646799147352221E-16, 0.000000000000000000, -1.000000000000000000 ) ) ;
#1963 = VERTEX_POINT ( 'NONE', #190 ) ;
#1964 = DIRECTION ( 'NONE',  ( -0.000000000000000000, -1.000000000000000000, -0.000000000000000000 ) ) ;
#1965 = ORIENTED_EDGE ( 'NONE', *, *, #2920, .T. ) ;
#1966 = LINE ( 'NONE', #2219, #2233 ) ;
#1967 = CARTESIAN_POINT ( 'NONE',  ( 2.397849462365590600, 0.7000000000000013989, 0.1015773391709190732 ) ) ;
#1968 = CARTESIAN_POINT ( 'NONE',  ( -2.649999999999999911, 4.726865671641788502, 0.6268656716417908559 ) ) ;
#1969 = ORIENTED_EDGE ( 'NONE', *, *, #723, .F. ) ;
#1970 = VERTEX_POINT ( 'NONE', #1960 ) ;
#1971 = CARTESIAN_POINT ( 'NONE',  ( -2.649999999999999911, 4.849999999999999645, 6.302141671781267579E-17 ) ) ;
#1972 = AXIS2_PLACEMENT_3D ( 'NONE', #566, #2710, #58 ) ;
#1973 = DIRECTION ( 'NONE',  ( 0.000000000000000000, -1.000000000000000000, 0.000000000000000000 ) ) ;
#1974 = AXIS2_PLACEMENT_3D ( 'NONE', #101, #2063, #571 ) ;
#1975 = DIRECTION ( 'NONE',  ( -0.000000000000000000, -1.000000000000000000, -0.000000000000000000 ) ) ;
#1976 = AXIS2_PLACEMENT_3D ( 'NONE', #452, #1939, #480 ) ;
#1977 = AXIS2_PLACEMENT_3D ( 'NONE', #2766, #340, #1317 ) ;
#1978 = ORIENTED_EDGE ( 'NONE', *, *, #711, .T. ) ;
#1979 = EDGE_CURVE ( 'NONE', #2804, #1963, #2428, .T. ) ;
#1980 = FACE_OUTER_BOUND ( 'NONE', #499, .T. ) ;
#1981 = ORIENTED_EDGE ( 'NONE', *, *, #438, .T. ) ;
#1982 = CARTESIAN_POINT ( 'NONE',  ( 2.939152317953628370E-16, 0.9624999999999981348, 2.399999999999969269 ) ) ;
#1983 = DIRECTION ( 'NONE',  ( -1.000000000000000000, 0.000000000000000000, -0.000000000000000000 ) ) ;
#1984 = CARTESIAN_POINT ( 'NONE',  ( 0.000000000000000000, 4.849999999999999645, 0.000000000000000000 ) ) ;
#1985 = DIRECTION ( 'NONE',  ( -1.251002506714043540E-16, -0.000000000000000000, 1.000000000000000000 ) ) ;
#1986 = EDGE_LOOP ( 'NONE', ( #882, #1737, #969, #1125 ) ) ;
#1987 = EDGE_CURVE ( 'NONE', #1781, #605, #1450, .T. ) ;
#1988 = ORIENTED_EDGE ( 'NONE', *, *, #2831, .F. ) ;
#1989 = CARTESIAN_POINT ( 'NONE',  ( 0.000000000000000000, 2.931250000000002132, -2.399999999999991029 ) ) ;
#1990 = DIRECTION ( 'NONE',  ( 0.000000000000000000, -1.000000000000000000, 0.000000000000000000 ) ) ;
#1991 = LINE ( 'NONE', #1797, #1814 ) ;
#1992 = EDGE_CURVE ( 'NONE', #188, #2434, #1677, .T. ) ;
#1993 = ORIENTED_EDGE ( 'NONE', *, *, #2637, .T. ) ;
#1994 = ORIENTED_EDGE ( 'NONE', *, *, #393, .F. ) ;
#1995 = EDGE_CURVE ( 'NONE', #1536, #2585, #457, .T. ) ;
#1996 = ADVANCED_FACE ( 'NONE', ( #3098 ), #2922, .T. ) ;
#1997 = ORIENTED_EDGE ( 'NONE', *, *, #1514, .T. ) ;
#1998 = DIRECTION ( 'NONE',  ( 1.000000000000000000, 0.000000000000000000, 1.366950268938563795E-15 ) ) ;
#1999 = DIRECTION ( 'NONE',  ( 0.000000000000000000, 0.000000000000000000, -1.000000000000000000 ) ) ;
#2000 = ORIENTED_EDGE ( 'NONE', *, *, #2400, .F. ) ;
#2001 = DIRECTION ( 'NONE',  ( 0.000000000000000000, 0.000000000000000000, -1.000000000000000000 ) ) ;
#2002 = PLANE ( 'NONE',  #2638 ) ;
#2003 = VERTEX_POINT ( 'NONE', #2902 ) ;
#2004 = ORIENTED_EDGE ( 'NONE', *, *, #3078, .T. ) ;
#2005 = UNCERTAINTY_MEASURE_WITH_UNIT (LENGTH_MEASURE( 1.000000000000000082E-05 ), #2532, 'distance_accuracy_value', 'NONE');
#2006 = FACE_OUTER_BOUND ( 'NONE', #2398, .T. ) ;
#2007 = ORIENTED_EDGE ( 'NONE', *, *, #2561, .T. ) ;
#2008 = CARTESIAN_POINT ( 'NONE',  ( 2.694222958124176513E-16, 0.6999999999999999556, 2.199999999999999734 ) ) ;
#2009 = AXIS2_PLACEMENT_3D ( 'NONE', #716, #766, #1501 ) ;
#2010 = CARTESIAN_POINT ( 'NONE',  ( 2.324999999999999734, 0.1000000000000014488, 0.000000000000000000 ) ) ;
#2011 = AXIS2_PLACEMENT_3D ( 'NONE', #2239, #1079, #2274 ) ;
#2012 = AXIS2_PLACEMENT_3D ( 'NONE', #2570, #1134, #1834 ) ;
#2013 = ORIENTED_EDGE ( 'NONE', *, *, #71, .T. ) ;
#2014 = DIRECTION ( 'NONE',  ( 0.000000000000000000, 0.000000000000000000, 1.000000000000000000 ) ) ;
#2015 = STYLED_ITEM ( 'NONE', ( #2132 ), #1331 ) ;
#2016 = VERTEX_POINT ( 'NONE', #2608 ) ;
#2017 = DIRECTION ( 'NONE',  ( 1.000000000000000000, -0.000000000000000000, 0.000000000000000000 ) ) ;
#2018 = ORIENTED_EDGE ( 'NONE', *, *, #1086, .F. ) ;
#2019 = EDGE_CURVE ( 'NONE', #283, #1795, #1, .T. ) ;
#2020 = DIRECTION ( 'NONE',  ( 0.000000000000000000, 0.000000000000000000, -1.000000000000000000 ) ) ;
#2021 = ORIENTED_EDGE ( 'NONE', *, *, #1051, .T. ) ;
#2022 = CARTESIAN_POINT ( 'NONE',  ( 2.649999999999999911, 4.549999999999998046, 0.4500000000000000111 ) ) ;
#2023 = CARTESIAN_POINT ( 'NONE',  ( 2.450345055778630154, 0.7100021968138573447, -0.01036619088755316893 ) ) ;
#2024 = ORIENTED_EDGE ( 'NONE', *, *, #1086, .T. ) ;
#2025 = VERTEX_POINT ( 'NONE', #1419 ) ;
#2026 = DIRECTION ( 'NONE',  ( -0.000000000000000000, -1.000000000000000000, -0.000000000000000000 ) ) ;
#2027 = EDGE_CURVE ( 'NONE', #2980, #2447, #2181, .T. ) ;
#2028 = VERTEX_POINT ( 'NONE', #217 ) ;
#2029 = PLANE ( 'NONE',  #1208 ) ;
#2030 = DIRECTION ( 'NONE',  ( -0.000000000000000000, -1.000000000000000000, -0.000000000000000000 ) ) ;
#2031 = AXIS2_PLACEMENT_3D ( 'NONE', #2829, #1880, #3065 ) ;
#2032 = VECTOR ( 'NONE', #2195, 1000.000000000000000 ) ;
#2033 = DIRECTION ( 'NONE',  ( -0.000000000000000000, -1.000000000000000000, -0.000000000000000000 ) ) ;
#2034 = CARTESIAN_POINT ( 'NONE',  ( 0.000000000000000000, 0.7000000000000000666, 2.600000000000000089 ) ) ;
#2035 = ORIENTED_EDGE ( 'NONE', *, *, #298, .F. ) ;
#2036 = AXIS2_PLACEMENT_3D ( 'NONE', #879, #1851, #158 ) ;
#2037 = VECTOR ( 'NONE', #1896, 1000.000000000000000 ) ;
#2038 = DIRECTION ( 'NONE',  ( -0.000000000000000000, -1.000000000000000000, -0.000000000000000000 ) ) ;
#2039 = CARTESIAN_POINT ( 'NONE',  ( 1.284523257866512891, 0.000000000000000000, 2.600000000000000089 ) ) ;
#2040 = ORIENTED_EDGE ( 'NONE', *, *, #1297, .F. ) ;
#2041 = CIRCLE ( 'NONE', #2745, 0.1312499999999998668 ) ;
#2042 = DIRECTION ( 'NONE',  ( -0.000000000000000000, -1.000000000000000000, -0.000000000000000000 ) ) ;
#2043 = VECTOR ( 'NONE', #477, 1000.000000000000000 ) ;
#2044 = CARTESIAN_POINT ( 'NONE',  ( -0.6500000000000000222, 0.2000000000000000111, 2.600000000000000533 ) ) ;
#2045 = ORIENTED_EDGE ( 'NONE', *, *, #2549, .F. ) ;
#2046 = EDGE_CURVE ( 'NONE', #3014, #819, #1188, .T. ) ;
#2047 = LINE ( 'NONE', #504, #3087 ) ;
#2048 = EDGE_LOOP ( 'NONE', ( #798, #369, #2269, #2554 ) ) ;
#2049 = EDGE_CURVE ( 'NONE', #384, #2489, #3129, .T. ) ;
#2050 = CARTESIAN_POINT ( 'NONE',  ( 0.6500000000000005773, 0.2000000000000000111, -2.600000000000000089 ) ) ;
#2051 = CARTESIAN_POINT ( 'NONE',  ( 0.000000000000000000, 3.849999999999999201, 0.000000000000000000 ) ) ;
#2052 = CARTESIAN_POINT ( 'NONE',  ( 0.000000000000000000, 2.275000000000001688, 0.000000000000000000 ) ) ;
#2053 = EDGE_CURVE ( 'NONE', #214, #1690, #3140, .T. ) ;
#2054 = VERTEX_POINT ( 'NONE', #2625 ) ;
#2055 = FACE_OUTER_BOUND ( 'NONE', #1342, .T. ) ;
#2056 = DIRECTION ( 'NONE',  ( -0.000000000000000000, -1.000000000000000000, -0.000000000000000000 ) ) ;
#2057 = ORIENTED_EDGE ( 'NONE', *, *, #1771, .F. ) ;
#2058 = ORIENTED_EDGE ( 'NONE', *, *, #2330, .F. ) ;
#2059 = CARTESIAN_POINT ( 'NONE',  ( -2.864873470155357538, 4.549999999999998046, 0.4500000000000000111 ) ) ;
#2060 = CARTESIAN_POINT ( 'NONE',  ( 1.284523257866512225, 4.849999999999999645, -2.600000000000000089 ) ) ;
#2061 = ORIENTED_EDGE ( 'NONE', *, *, #1124, .F. ) ;
#2062 = DIRECTION ( 'NONE',  ( -1.000000000000000000, 0.000000000000000000, 0.000000000000000000 ) ) ;
#2063 = DIRECTION ( 'NONE',  ( 0.000000000000000000, 1.000000000000000000, 0.000000000000000000 ) ) ;
#2064 = ORIENTED_EDGE ( 'NONE', *, *, #253, .F. ) ;
#2065 = EDGE_CURVE ( 'NONE', #2434, #2982, #1171, .T. ) ;
#2066 = CIRCLE ( 'NONE', #471, 2.899999999999999911 ) ;
#2067 = CARTESIAN_POINT ( 'NONE',  ( 0.000000000000000000, 0.7000000000000000666, -2.600000000000000089 ) ) ;
#2068 = CARTESIAN_POINT ( 'NONE',  ( 2.649999999999999911, 4.726865671641788502, -0.6268656716417907449 ) ) ;
#2069 = VECTOR ( 'NONE', #1276, 1000.000000000000000 ) ;
#2070 = AXIS2_PLACEMENT_3D ( 'NONE', #1313, #839, #2283 ) ;
#2071 = ORIENTED_EDGE ( 'NONE', *, *, #2733, .F. ) ;
#2072 = DIRECTION ( 'NONE',  ( -0.000000000000000000, -1.000000000000000000, -0.000000000000000000 ) ) ;
#2073 = AXIS2_PLACEMENT_3D ( 'NONE', #1651, #2350, #1411 ) ;
#2074 = CARTESIAN_POINT ( 'NONE',  ( 1.284523257866512225, 0.2000000000000000111, 2.600000000000000089 ) ) ;
#2075 = ORIENTED_EDGE ( 'NONE', *, *, #1721, .T. ) ;
#2076 = APPLICATION_PROTOCOL_DEFINITION ( 'draft international standard', 'automotive_design', 1998, #1095 ) ;
#2077 = CARTESIAN_POINT ( 'NONE',  ( 2.649999999999999911, 4.549999999999998046, -0.4500000000000000111 ) ) ;
#2078 = CARTESIAN_POINT ( 'NONE',  ( 2.649999999999999911, 0.000000000000000000, 0.4500000000000000111 ) ) ;
#2079 = DIRECTION ( 'NONE',  ( 0.000000000000000000, 0.000000000000000000, -1.000000000000000000 ) ) ;
#2080 = VERTEX_POINT ( 'NONE', #2152 ) ;
#2081 = AXIS2_PLACEMENT_3D ( 'NONE', #2396, #413, #2153 ) ;
#2082 = DIRECTION ( 'NONE',  ( 0.000000000000000000, -1.000000000000000000, 0.000000000000000000 ) ) ;
#2083 = ADVANCED_FACE ( 'NONE', ( #3111 ), #936, .T. ) ;
#2084 = DIRECTION ( 'NONE',  ( 1.000000000000000000, -0.000000000000000000, 0.000000000000000000 ) ) ;
#2085 = PLANE ( 'NONE',  #2120 ) ;
#2086 = EDGE_CURVE ( 'NONE', #1245, #701, #2841, .T. ) ;
#2087 = CIRCLE ( 'NONE', #547, 2.899999999999999911 ) ;
#2088 = EDGE_LOOP ( 'NONE', ( #2310, #1038, #402, #396 ) ) ;
#2089 = EDGE_CURVE ( 'NONE', #1963, #1414, #2288, .T. ) ;
#2090 = FACE_OUTER_BOUND ( 'NONE', #474, .T. ) ;
#2091 = VERTEX_POINT ( 'NONE', #2429 ) ;
#2092 = DIRECTION ( 'NONE',  ( 0.000000000000000000, 0.000000000000000000, 1.000000000000000000 ) ) ;
#2093 = VECTOR ( 'NONE', #2422, 1000.000000000000000 ) ;
#2094 = CIRCLE ( 'NONE', #2801, 2.899999999999999911 ) ;
#2095 = CARTESIAN_POINT ( 'NONE',  ( 0.000000000000000000, 4.849999999999999645, 2.600000000000000089 ) ) ;
#2096 = DIRECTION ( 'NONE',  ( -0.000000000000000000, -1.000000000000000000, -0.000000000000000000 ) ) ;
#2097 = AXIS2_PLACEMENT_3D ( 'NONE', #1006, #2418, #2490 ) ;
#2098 = EDGE_CURVE ( 'NONE', #2408, #556, #198, .T. ) ;
#2099 = ORIENTED_EDGE ( 'NONE', *, *, #2637, .F. ) ;
#2100 = ORIENTED_EDGE ( 'NONE', *, *, #1338, .T. ) ;
#2101 = DIRECTION ( 'NONE',  ( 0.000000000000000000, 0.000000000000000000, 1.000000000000000000 ) ) ;
#2102 = LINE ( 'NONE', #1087, #935 ) ;
#2103 = LINE ( 'NONE', #3058, #1398 ) ;
#2104 = EDGE_CURVE ( 'NONE', #2405, #283, #1072, .T. ) ;
#2105 = VERTEX_POINT ( 'NONE', #105 ) ;
#2106 = CARTESIAN_POINT ( 'NONE',  ( 0.6500000000000005773, 0.2000000000000000111, -2.600000000000000089 ) ) ;
#2107 = ORIENTED_EDGE ( 'NONE', *, *, #670, .F. ) ;
#2108 = ADVANCED_FACE ( 'NONE', ( #280 ), #3045, .F. ) ;
#2109 = PLANE ( 'NONE',  #49 ) ;
#2110 = LINE ( 'NONE', #172, #333 ) ;
#2111 = DIRECTION ( 'NONE',  ( -1.000000000000000000, 0.000000000000000000, 0.000000000000000000 ) ) ;
#2112 = ORIENTED_EDGE ( 'NONE', *, *, #585, .F. ) ;
#2113 = CARTESIAN_POINT ( 'NONE',  ( -2.450345055778630154, 0.7100021968138573447, 0.01036619088755316893 ) ) ;
#2114 = DIRECTION ( 'NONE',  ( 1.000000000000000000, 0.000000000000000000, 0.000000000000000000 ) ) ;
#2115 = DIRECTION ( 'NONE',  ( -1.000000000000000000, 0.000000000000000000, 0.000000000000000000 ) ) ;
#2116 = ORIENTED_EDGE ( 'NONE', *, *, #2169, .F. ) ;
#2117 = AXIS2_PLACEMENT_3D ( 'NONE', #1407, #1845, #2373 ) ;
#2118 = AXIS2_PLACEMENT_3D ( 'NONE', #2586, #127, #2838 ) ;
#2119 = DIRECTION ( 'NONE',  ( 0.000000000000000000, 0.000000000000000000, -1.000000000000000000 ) ) ;
#2120 = AXIS2_PLACEMENT_3D ( 'NONE', #1074, #1800, #1569 ) ;
#2121 = DIRECTION ( 'NONE',  ( 1.000000000000000000, 0.000000000000000000, 0.000000000000000000 ) ) ;
#2122 = DIRECTION ( 'NONE',  ( -0.000000000000000000, -1.000000000000000000, -0.000000000000000000 ) ) ;
#2123 = CIRCLE ( 'NONE', #1658, 0.4500000000000000111 ) ;
#2124 = ORIENTED_EDGE ( 'NONE', *, *, #279, .T. ) ;
#2125 = EDGE_CURVE ( 'NONE', #3034, #819, #37, .T. ) ;
#2126 = FACE_OUTER_BOUND ( 'NONE', #1846, .T. ) ;
#2127 = CARTESIAN_POINT ( 'NONE',  ( 2.324999999999999734, 0.1000000000000014488, -0.1250000000000001943 ) ) ;
#2128 = CARTESIAN_POINT ( 'NONE',  ( 2.494339622641506882, 4.849999999999999645, 0.7336687583103248533 ) ) ;
#2129 = DIRECTION ( 'NONE',  ( 1.000000000000000000, 0.000000000000000000, 0.000000000000000000 ) ) ;
#2130 = EDGE_LOOP ( 'NONE', ( #1234, #1250, #1432, #53, #538, #500 ) ) ;
#2131 = AXIS2_PLACEMENT_3D ( 'NONE', #2527, #1281, #3000 ) ;
#2132 = PRESENTATION_STYLE_ASSIGNMENT (( #1383 ) ) ;
#2133 = CARTESIAN_POINT ( 'NONE',  ( 2.324999999999999734, 0.7000000000000013989, 0.1250000000000001943 ) ) ;
#2134 = FACE_OUTER_BOUND ( 'NONE', #1806, .T. ) ;
#2135 = VECTOR ( 'NONE', #469, 1000.000000000000000 ) ;
#2136 = CARTESIAN_POINT ( 'NONE',  ( -2.200000000000000178, 3.849999999999999201, 5.231966670912750280E-17 ) ) ;
#2137 = VERTEX_POINT ( 'NONE', #799 ) ;
#2138 = EDGE_CURVE ( 'NONE', #2028, #201, #3007, .T. ) ;
#2139 = ORIENTED_EDGE ( 'NONE', *, *, #634, .T. ) ;
#2140 = AXIS2_PLACEMENT_3D ( 'NONE', #2254, #288, #549 ) ;
#2141 = EDGE_CURVE ( 'NONE', #2192, #741, #1775, .T. ) ;
#2142 = ADVANCED_FACE ( 'NONE', ( #2687 ), #2444, .T. ) ;
#2143 = DIRECTION ( 'NONE',  ( 0.000000000000000000, -1.000000000000000000, 0.000000000000000000 ) ) ;
#2144 = CARTESIAN_POINT ( 'NONE',  ( 2.324999999999999734, 0.1000000000000014488, 0.000000000000000000 ) ) ;
#2145 = FACE_OUTER_BOUND ( 'NONE', #1953, .T. ) ;
#2146 = ORIENTED_EDGE ( 'NONE', *, *, #1951, .F. ) ;
#2147 = DIRECTION ( 'NONE',  ( 1.251002506714043540E-16, 0.000000000000000000, -1.000000000000000000 ) ) ;
#2148 = CARTESIAN_POINT ( 'NONE',  ( 2.649999999999999911, 3.849999999999999201, 0.000000000000000000 ) ) ;
#2149 = ORIENTED_EDGE ( 'NONE', *, *, #2188, .F. ) ;
#2150 = ORIENTED_EDGE ( 'NONE', *, *, #1170, .T. ) ;
#2151 = EDGE_CURVE ( 'NONE', #183, #2197, #2499, .T. ) ;
#2152 = CARTESIAN_POINT ( 'NONE',  ( 2.649999999999999911, 0.7000000000000000666, 0.4500000000000000111 ) ) ;
#2153 = DIRECTION ( 'NONE',  ( 0.000000000000000000, 0.000000000000000000, -1.000000000000000000 ) ) ;
#2154 = CARTESIAN_POINT ( 'NONE',  ( -2.649999999999999911, 3.849999999999999201, 6.302141671781267579E-17 ) ) ;
#2155 = ORIENTED_EDGE ( 'NONE', *, *, #467, .F. ) ;
#2156 = ORIENTED_EDGE ( 'NONE', *, *, #2295, .F. ) ;
#2157 = CARTESIAN_POINT ( 'NONE',  ( 1.284523257866512891, 0.2000000000000000111, 2.600000000000000089 ) ) ;
#2158 = AXIS2_PLACEMENT_3D ( 'NONE', #459, #1975, #281 ) ;
#2159 = DIRECTION ( 'NONE',  ( -0.000000000000000000, -1.000000000000000000, -0.000000000000000000 ) ) ;
#2160 = DIRECTION ( 'NONE',  ( 0.000000000000000000, 0.000000000000000000, -1.000000000000000000 ) ) ;
#2161 = ORIENTED_EDGE ( 'NONE', *, *, #2708, .T. ) ;
#2162 = AXIS2_PLACEMENT_3D ( 'NONE', #740, #2931, #758 ) ;
#2163 = AXIS2_PLACEMENT_3D ( 'NONE', #2051, #639, #2315 ) ;
#2164 = VERTEX_POINT ( 'NONE', #2481 ) ;
#2165 = VERTEX_POINT ( 'NONE', #2465 ) ;
#2166 = CARTESIAN_POINT ( 'NONE',  ( 1.284523257866512891, 4.849999999999999645, 2.600000000000000089 ) ) ;
#2167 = CYLINDRICAL_SURFACE ( 'NONE', #1370, 0.4500000000000000111 ) ;
#2168 = CARTESIAN_POINT ( 'NONE',  ( 2.864873470155357538, 4.849999999999999645, -0.4500000000000000111 ) ) ;
#2169 = EDGE_CURVE ( 'NONE', #2454, #195, #1470, .T. ) ;
#2170 = APPLICATION_CONTEXT ( 'automotive_design' ) ;
#2171 = ORIENTED_EDGE ( 'NONE', *, *, #436, .F. ) ;
#2172 = DIRECTION ( 'NONE',  ( 0.000000000000000000, 0.000000000000000000, -1.000000000000000000 ) ) ;
#2173 = CARTESIAN_POINT ( 'NONE',  ( 2.864873470155357538, 0.2000000000000000111, 0.4500000000000000111 ) ) ;
#2174 = CIRCLE ( 'NONE', #606, 2.899999999999999911 ) ;
#2175 = DIRECTION ( 'NONE',  ( 1.000000000000000000, 0.000000000000000000, -1.224646799147353207E-16 ) ) ;
#2176 = ORIENTED_EDGE ( 'NONE', *, *, #3105, .T. ) ;
#2177 = ORIENTED_EDGE ( 'NONE', *, *, #1618, .T. ) ;
#2178 = AXIS2_PLACEMENT_3D ( 'NONE', #2843, #1609, #881 ) ;
#2179 = CIRCLE ( 'NONE', #757, 0.1312500000000002831 ) ;
#2180 = VECTOR ( 'NONE', #1238, 1000.000000000000000 ) ;
#2181 = LINE ( 'NONE', #2395, #1837 ) ;
#2182 = CARTESIAN_POINT ( 'NONE',  ( 2.864873470155357538, 0.000000000000000000, -0.4500000000000000666 ) ) ;
#2183 = CARTESIAN_POINT ( 'NONE',  ( 2.324999999999999734, 0.7000000000000013989, 0.000000000000000000 ) ) ;
#2184 = AXIS2_PLACEMENT_3D ( 'NONE', #987, #1964, #1455 ) ;
#2185 = CIRCLE ( 'NONE', #2594, 2.399999999999977707 ) ;
#2186 = PRODUCT_RELATED_PRODUCT_CATEGORY ( 'part', '', ( #1015 ) ) ;
#2187 = ORIENTED_EDGE ( 'NONE', *, *, #998, .T. ) ;
#2188 = EDGE_CURVE ( 'NONE', #819, #2434, #2094, .T. ) ;
#2189 = FACE_OUTER_BOUND ( 'NONE', #813, .T. ) ;
#2190 = CARTESIAN_POINT ( 'NONE',  ( -2.494339622641506882, 4.849999999999999645, 0.7336687583103249644 ) ) ;
#2191 = DIRECTION ( 'NONE',  ( 0.000000000000000000, 0.000000000000000000, -1.000000000000000000 ) ) ;
#2192 = VERTEX_POINT ( 'NONE', #1549 ) ;
#2193 = DIRECTION ( 'NONE',  ( 0.000000000000000000, 0.000000000000000000, 1.000000000000000000 ) ) ;
#2194 = DIRECTION ( 'NONE',  ( 0.000000000000000000, 0.000000000000000000, 1.000000000000000000 ) ) ;
#2195 = DIRECTION ( 'NONE',  ( 0.000000000000000000, 0.7071067811865474617, 0.7071067811865476838 ) ) ;
#2196 = DIRECTION ( 'NONE',  ( 0.000000000000000000, 0.000000000000000000, -1.000000000000000000 ) ) ;
#2197 = VERTEX_POINT ( 'NONE', #2952 ) ;
#2198 = LINE ( 'NONE', #475, #1787 ) ;
#2199 = ORIENTED_EDGE ( 'NONE', *, *, #1668, .F. ) ;
#2200 = CARTESIAN_POINT ( 'NONE',  ( 1.284523257866512891, 4.549999999999998046, 2.600000000000000089 ) ) ;
#2201 = DIRECTION ( 'NONE',  ( 0.000000000000000000, 0.000000000000000000, -1.000000000000000000 ) ) ;
#2202 = PLANE ( 'NONE',  #984 ) ;
#2203 = ORIENTED_EDGE ( 'NONE', *, *, #713, .T. ) ;
#2204 = ORIENTED_EDGE ( 'NONE', *, *, #121, .T. ) ;
#2205 = ORIENTED_EDGE ( 'NONE', *, *, #1341, .F. ) ;
#2206 = AXIS2_PLACEMENT_3D ( 'NONE', #262, #938, #2397 ) ;
#2207 = DIRECTION ( 'NONE',  ( -0.000000000000000000, -1.000000000000000000, -0.000000000000000000 ) ) ;
#2208 = AXIS2_PLACEMENT_3D ( 'NONE', #1520, #1779, #801 ) ;
#2209 = CIRCLE ( 'NONE', #2163, 2.200000000000000178 ) ;
#2210 = ADVANCED_FACE ( 'NONE', ( #503 ), #261, .T. ) ;
#2211 = EDGE_CURVE ( 'NONE', #1536, #2771, #1499, .T. ) ;
#2212 = DIRECTION ( 'NONE',  ( 0.000000000000000000, 1.000000000000000000, 0.000000000000000000 ) ) ;
#2213 = DIRECTION ( 'NONE',  ( 0.000000000000000000, -1.000000000000000000, 0.000000000000000000 ) ) ;
#2214 = MECHANICAL_DESIGN_GEOMETRIC_PRESENTATION_REPRESENTATION (  '', ( #2568 ), #2911 ) ;
#2215 = ORIENTED_EDGE ( 'NONE', *, *, #1236, .T. ) ;
#2216 = ORIENTED_EDGE ( 'NONE', *, *, #2816, .T. ) ;
#2217 = DIRECTION ( 'NONE',  ( -1.776356839400250465E-15, 0.000000000000000000, 1.000000000000000000 ) ) ;
#2218 = VERTEX_POINT ( 'NONE', #1291 ) ;
#2219 = CARTESIAN_POINT ( 'NONE',  ( 0.6500000000000005773, 0.2000000000000000111, -2.600000000000000089 ) ) ;
#2220 = CARTESIAN_POINT ( 'NONE',  ( 0.000000000000000000, 0.000000000000000000, 0.000000000000000000 ) ) ;
#2221 = CARTESIAN_POINT ( 'NONE',  ( -2.399999999999999467, 3.849999999999999201, 0.000000000000000000 ) ) ;
#2222 = EDGE_LOOP ( 'NONE', ( #1674, #1388, #524, #1332 ) ) ;
#2223 = EDGE_LOOP ( 'NONE', ( #2423, #1861, #1712, #1142, #411, #313, #795, #259, #3006 ) ) ;
#2224 = VERTEX_POINT ( 'NONE', #1312 ) ;
#2225 = DIRECTION ( 'NONE',  ( 0.000000000000000000, -1.000000000000000000, 0.000000000000000000 ) ) ;
#2226 = EDGE_CURVE ( 'NONE', #1194, #615, #656, .T. ) ;
#2227 = AXIS2_PLACEMENT_3D ( 'NONE', #1541, #756, #529 ) ;
#2228 = CARTESIAN_POINT ( 'NONE',  ( 0.000000000000000000, 0.2000000000000000111, 0.000000000000000000 ) ) ;
#2229 = ADVANCED_FACE ( 'NONE', ( #299 ), #2260, .F. ) ;
#2230 = DIRECTION ( 'NONE',  ( 0.000000000000000000, 0.000000000000000000, -1.000000000000000000 ) ) ;
#2231 = AXIS2_PLACEMENT_3D ( 'NONE', #1462, #2477, #1498 ) ;
#2232 = VECTOR ( 'NONE', #2388, 1000.000000000000000 ) ;
#2233 = VECTOR ( 'NONE', #2958, 1000.000000000000000 ) ;
#2234 = ORIENTED_EDGE ( 'NONE', *, *, #949, .F. ) ;
#2235 = CARTESIAN_POINT ( 'NONE',  ( -2.864873470155357538, 4.549999999999998046, -0.4500000000000000111 ) ) ;
#2236 = ORIENTED_EDGE ( 'NONE', *, *, #818, .T. ) ;
#2237 = DIRECTION ( 'NONE',  ( -1.000000000000000000, 0.000000000000000000, 0.000000000000000000 ) ) ;
#2238 = CARTESIAN_POINT ( 'NONE',  ( 0.000000000000000000, 1.487500000000001155, 0.000000000000000000 ) ) ;
#2239 = CARTESIAN_POINT ( 'NONE',  ( 0.000000000000000000, 4.849999999999999645, 0.4500000000000000111 ) ) ;
#2240 = CARTESIAN_POINT ( 'NONE',  ( 0.000000000000000000, 4.849999999999999645, 0.000000000000000000 ) ) ;
#2241 = ORIENTED_EDGE ( 'NONE', *, *, #2561, .F. ) ;
#2242 = VERTEX_POINT ( 'NONE', #2008 ) ;
#2243 = DIRECTION ( 'NONE',  ( 0.000000000000000000, -1.000000000000000000, 0.000000000000000000 ) ) ;
#2244 = ORIENTED_EDGE ( 'NONE', *, *, #2211, .F. ) ;
#2245 = CARTESIAN_POINT ( 'NONE',  ( 0.000000000000000000, 0.000000000000000000, 0.000000000000000000 ) ) ;
#2246 = FACE_OUTER_BOUND ( 'NONE', #672, .T. ) ;
#2247 = EDGE_CURVE ( 'NONE', #2137, #1108, #2973, .T. ) ;
#2248 = FACE_OUTER_BOUND ( 'NONE', #579, .T. ) ;
#2249 = ORIENTED_EDGE ( 'NONE', *, *, #2733, .T. ) ;
#2250 = ORIENTED_EDGE ( 'NONE', *, *, #2089, .T. ) ;
#2251 = DIRECTION ( 'NONE',  ( 0.000000000000000000, 0.000000000000000000, -1.000000000000000000 ) ) ;
#2252 = DIRECTION ( 'NONE',  ( 0.000000000000000000, -1.000000000000000000, 0.000000000000000000 ) ) ;
#2253 = ORIENTED_EDGE ( 'NONE', *, *, #71, .F. ) ;
#2254 = CARTESIAN_POINT ( 'NONE',  ( -2.649999999999999911, 4.849999999999999645, 6.302141671781267579E-17 ) ) ;
#2255 = ORIENTED_EDGE ( 'NONE', *, *, #456, .T. ) ;
#2256 = ORIENTED_EDGE ( 'NONE', *, *, #1448, .T. ) ;
#2257 = DIRECTION ( 'NONE',  ( 0.000000000000000000, 0.000000000000000000, -1.000000000000000000 ) ) ;
#2258 = CARTESIAN_POINT ( 'NONE',  ( 0.000000000000000000, 3.849999999999999201, -2.200000000000000178 ) ) ;
#2259 = ORIENTED_EDGE ( 'NONE', *, *, #574, .F. ) ;
#2260 = CYLINDRICAL_SURFACE ( 'NONE', #2590, 2.199999999999999734 ) ;
#2261 = CARTESIAN_POINT ( 'NONE',  ( 2.939152317953623933E-16, 1.881250000000001421, 2.399999999999980371 ) ) ;
#2262 = AXIS2_PLACEMENT_3D ( 'NONE', #301, #1053, #2230 ) ;
#2263 = AXIS2_PLACEMENT_3D ( 'NONE', #2631, #647, #2647 ) ;
#2264 = CARTESIAN_POINT ( 'NONE',  ( 0.000000000000000000, 3.849999999999999201, 0.000000000000000000 ) ) ;
#2265 = VERTEX_POINT ( 'NONE', #1052 ) ;
#2266 = CARTESIAN_POINT ( 'NONE',  ( 2.324999999999999734, 0.7000000000000013989, 0.000000000000000000 ) ) ;
#2267 = VECTOR ( 'NONE', #810, 1000.000000000000000 ) ;
#2268 = ADVANCED_FACE ( 'NONE', ( #2517 ), #2029, .F. ) ;
#2269 = ORIENTED_EDGE ( 'NONE', *, *, #1230, .T. ) ;
#2270 = CARTESIAN_POINT ( 'NONE',  ( -2.649999999999999911, 0.2000000000000000111, 0.4500000000000000666 ) ) ;
#2271 = EDGE_CURVE ( 'NONE', #724, #1835, #2535, .T. ) ;
#2272 = LINE ( 'NONE', #1059, #2986 ) ;
#2273 = ORIENTED_EDGE ( 'NONE', *, *, #1236, .F. ) ;
#2274 = DIRECTION ( 'NONE',  ( -1.000000000000000000, 0.000000000000000000, -0.000000000000000000 ) ) ;
#2275 = LINE ( 'NONE', #2060, #2685 ) ;
#2276 = EDGE_LOOP ( 'NONE', ( #223, #2416, #1848, #1642 ) ) ;
#2277 = DIRECTION ( 'NONE',  ( -1.251002506714043540E-16, -0.000000000000000000, 1.000000000000000000 ) ) ;
#2278 = VERTEX_POINT ( 'NONE', #1809 ) ;
#2279 = EDGE_CURVE ( 'NONE', #1791, #1576, #239, .T. ) ;
#2280 = DIRECTION ( 'NONE',  ( 0.000000000000000000, -0.000000000000000000, 1.000000000000000000 ) ) ;
#2281 = AXIS2_PLACEMENT_3D ( 'NONE', #130, #1098, #2079 ) ;
#2282 = CIRCLE ( 'NONE', #2537, 0.4500000000000000111 ) ;
#2283 = DIRECTION ( 'NONE',  ( 0.000000000000000000, 0.000000000000000000, -1.000000000000000000 ) ) ;
#2284 = B_SPLINE_CURVE_WITH_KNOTS ( 'NONE', 3,
 ( #2539, #1088, #1347, #2068 ),
 .UNSPECIFIED., .F., .F.,
 ( 4, 4 ),
 ( 0.000000000000000000, 0.0003283036842326993122 ),
 .UNSPECIFIED. ) ;
#2285 = DIRECTION ( 'NONE',  ( 0.000000000000000000, -1.000000000000000000, 0.000000000000000000 ) ) ;
#2286 = ORIENTED_EDGE ( 'NONE', *, *, #2959, .T. ) ;
#2287 = VECTOR ( 'NONE', #1152, 1000.000000000000114 ) ;
#2288 = CIRCLE ( 'NONE', #700, 0.1312499999999972577 ) ;
#2289 = CARTESIAN_POINT ( 'NONE',  ( 2.939152317953620482E-16, 1.618750000000001243, 2.399999999999977707 ) ) ;
#2290 = ADVANCED_FACE ( 'NONE', ( #1719 ), #1014, .T. ) ;
#2291 = DIRECTION ( 'NONE',  ( 0.000000000000000000, 0.000000000000000000, -1.000000000000000000 ) ) ;
#2292 = ORIENTED_EDGE ( 'NONE', *, *, #467, .T. ) ;
#2293 = COLOUR_RGB ( '',0.7921568627450980005, 0.8196078431372548767, 0.9333333333333333481 ) ;
#2294 = DIRECTION ( 'NONE',  ( -0.000000000000000000, -1.000000000000000000, -0.000000000000000000 ) ) ;
#2295 = EDGE_CURVE ( 'NONE', #1933, #2887, #1729, .T. ) ;
#2296 = ORIENTED_EDGE ( 'NONE', *, *, #3115, .T. ) ;
#2297 = CARTESIAN_POINT ( 'NONE',  ( -1.284523257866512891, 4.549999999999998046, 2.600000000000000089 ) ) ;
#2298 = CARTESIAN_POINT ( 'NONE',  ( 0.000000000000000000, 3.456250000000002487, -2.399999999999996803 ) ) ;
#2299 = ORIENTED_EDGE ( 'NONE', *, *, #630, .F. ) ;
#2300 = DIRECTION ( 'NONE',  ( 1.251002506714043540E-16, 0.000000000000000000, -1.000000000000000000 ) ) ;
#2301 = CARTESIAN_POINT ( 'NONE',  ( 2.864873470155357538, 3.849999999999999201, -0.4500000000000000111 ) ) ;
#2302 = ORIENTED_EDGE ( 'NONE', *, *, #2562, .F. ) ;
#2303 = CARTESIAN_POINT ( 'NONE',  ( 0.000000000000000000, 3.456250000000002487, 0.000000000000000000 ) ) ;
#2304 = CARTESIAN_POINT ( 'NONE',  ( -0.6500000000000000222, 0.2000000000000000111, 2.600000000000000533 ) ) ;
#2305 = ORIENTED_EDGE ( 'NONE', *, *, #1901, .T. ) ;
#2306 = DIRECTION ( 'NONE',  ( 0.000000000000000000, -1.000000000000000000, 0.000000000000000000 ) ) ;
#2307 = CARTESIAN_POINT ( 'NONE',  ( 2.649999999999999911, 4.549999999999998046, 0.4500000000000000111 ) ) ;
#2308 = CARTESIAN_POINT ( 'NONE',  ( 2.864873470155357538, 0.2000000000000000111, -0.4500000000000000111 ) ) ;
#2309 = DIRECTION ( 'NONE',  ( 0.000000000000000000, 0.000000000000000000, -1.000000000000000000 ) ) ;
#2310 = ORIENTED_EDGE ( 'NONE', *, *, #515, .F. ) ;
#2311 = EDGE_CURVE ( 'NONE', #1816, #605, #1418, .T. ) ;
#2312 = CARTESIAN_POINT ( 'NONE',  ( -2.397849462365590600, 0.7000000000000013989, 0.1015773391709190732 ) ) ;
#2313 = ADVANCED_FACE ( 'NONE', ( #64 ), #445, .T. ) ;
#2314 = AXIS2_PLACEMENT_3D ( 'NONE', #2582, #912, #149 ) ;
#2315 = DIRECTION ( 'NONE',  ( 0.000000000000000000, 0.000000000000000000, -1.000000000000000000 ) ) ;
#2316 = DIRECTION ( 'NONE',  ( 1.000000000000000000, 0.000000000000000000, -6.834751344692839684E-16 ) ) ;
#2317 = CIRCLE ( 'NONE', #3023, 0.7500000000000015543 ) ;
#2318 = VECTOR ( 'NONE', #2300, 1000.000000000000000 ) ;
#2319 = ORIENTED_EDGE ( 'NONE', *, *, #670, .T. ) ;
#2320 = PRESENTATION_LAYER_ASSIGNMENT (  '', '', ( #2015 ) ) ;
#2321 = ADVANCED_FACE ( 'NONE', ( #2006 ), #2919, .F. ) ;
#2322 = DIRECTION ( 'NONE',  ( 0.000000000000000000, -1.000000000000000000, 0.000000000000000000 ) ) ;
#2323 = ORIENTED_EDGE ( 'NONE', *, *, #2831, .T. ) ;
#2324 = CARTESIAN_POINT ( 'NONE',  ( 1.284523257866512891, 4.849999999999999645, 2.600000000000000089 ) ) ;
#2325 = LINE ( 'NONE', #2078, #473 ) ;
#2326 = DIRECTION ( 'NONE',  ( 0.000000000000000000, 0.000000000000000000, -1.000000000000000000 ) ) ;
#2327 = ORIENTED_EDGE ( 'NONE', *, *, #889, .F. ) ;
#2328 = EDGE_CURVE ( 'NONE', #2003, #2224, #1652, .T. ) ;
#2329 = ADVANCED_FACE ( 'NONE', ( #1237 ), #2402, .T. ) ;
#2330 = EDGE_CURVE ( 'NONE', #2054, #601, #2460, .T. ) ;
#2331 = CARTESIAN_POINT ( 'NONE',  ( -2.324999999999999734, 0.1000000000000014488, 0.000000000000000000 ) ) ;
#2332 = AXIS2_PLACEMENT_3D ( 'NONE', #1247, #2752, #1803 ) ;
#2333 = CYLINDRICAL_SURFACE ( 'NONE', #2314, 0.1250000000000001943 ) ;
#2334 = ORIENTED_EDGE ( 'NONE', *, *, #1392, .T. ) ;
#2335 = CARTESIAN_POINT ( 'NONE',  ( 2.649999999999999911, 0.7000000000000000666, 0.000000000000000000 ) ) ;
#2336 = ORIENTED_EDGE ( 'NONE', *, *, #3067, .T. ) ;
#2337 = CARTESIAN_POINT ( 'NONE',  ( 2.397849462365590600, 0.7000000000000013989, 0.1015773391709190732 ) ) ;
#2338 = VECTOR ( 'NONE', #424, 1000.000000000000000 ) ;
#2339 = CARTESIAN_POINT ( 'NONE',  ( 0.000000000000000000, 0.2000000000000000111, 0.000000000000000000 ) ) ;
#2340 = VECTOR ( 'NONE', #305, 999.9999999999998863 ) ;
#2341 = AXIS2_PLACEMENT_3D ( 'NONE', #357, #1389, #1333 ) ;
#2342 = ORIENTED_EDGE ( 'NONE', *, *, #2606, .T. ) ;
#2343 = CARTESIAN_POINT ( 'NONE',  ( -2.864873470155357538, 3.849999999999999201, -0.4500000000000000111 ) ) ;
#2344 = CARTESIAN_POINT ( 'NONE',  ( 0.000000000000000000, 4.549999999999998046, -2.600000000000000089 ) ) ;
#2345 = EDGE_LOOP ( 'NONE', ( #1572, #564, #1532, #901 ) ) ;
#2346 = CARTESIAN_POINT ( 'NONE',  ( 2.694222958124177006E-16, 3.849999999999999201, 2.200000000000000178 ) ) ;
#2347 = ORIENTED_EDGE ( 'NONE', *, *, #418, .F. ) ;
#2348 = CARTESIAN_POINT ( 'NONE',  ( 0.000000000000000000, 1.881250000000001421, 0.000000000000000000 ) ) ;
#2349 = UNCERTAINTY_MEASURE_WITH_UNIT (LENGTH_MEASURE( 1.000000000000000082E-05 ), #3121, 'distance_accuracy_value', 'NONE');
#2350 = DIRECTION ( 'NONE',  ( -0.000000000000000000, -1.000000000000000000, -0.000000000000000000 ) ) ;
#2351 = CARTESIAN_POINT ( 'NONE',  ( 2.864873470155357538, 0.2000000000000000111, 0.4500000000000000111 ) ) ;
#2352 = AXIS2_PLACEMENT_3D ( 'NONE', #2858, #898, #2642 ) ;
#2353 = ORIENTED_EDGE ( 'NONE', *, *, #2695, .T. ) ;
#2354 = DIRECTION ( 'NONE',  ( 1.000000000000000000, 0.000000000000000000, -0.000000000000000000 ) ) ;
#2355 = DIRECTION ( 'NONE',  ( -0.000000000000000000, -1.000000000000000000, -0.000000000000000000 ) ) ;
#2356 = DIRECTION ( 'NONE',  ( -0.000000000000000000, -1.000000000000000000, -0.000000000000000000 ) ) ;
#2357 = LINE ( 'NONE', #3088, #1957 ) ;
#2358 = VERTEX_POINT ( 'NONE', #2703 ) ;
#2359 = ADVANCED_FACE ( 'NONE', ( #1220 ), #2716, .T. ) ;
#2360 = TOROIDAL_SURFACE ( 'NONE', #785, 2.399999999999971934, 0.1312500000000000611 ) ;
#2361 = AXIS2_PLACEMENT_3D ( 'NONE', #2543, #358, #614 ) ;
#2362 = DIRECTION ( 'NONE',  ( 0.000000000000000000, 0.000000000000000000, 1.000000000000000000 ) ) ;
#2363 = CIRCLE ( 'NONE', #332, 2.399999999999980371 ) ;
#2364 = PRESENTATION_LAYER_ASSIGNMENT (  '', '', ( #1959 ) ) ;
#2365 = EDGE_CURVE ( 'NONE', #724, #441, #1954, .T. ) ;
#2366 = DIRECTION ( 'NONE',  ( 0.000000000000000000, 0.000000000000000000, -1.000000000000000000 ) ) ;
#2367 = DIRECTION ( 'NONE',  ( 0.000000000000000000, -0.000000000000000000, 1.000000000000000000 ) ) ;
#2368 = ADVANCED_FACE ( 'NONE', ( #14 ), #2776, .T. ) ;
#2369 = B_SPLINE_CURVE_WITH_KNOTS ( 'NONE', 3,
 ( #2869, #1671, #945, #1920 ),
 .UNSPECIFIED., .F., .F.,
 ( 4, 4 ),
 ( 0.000000000000000000, 0.0002253865905983374880 ),
 .UNSPECIFIED. ) ;
#2370 = ORIENTED_EDGE ( 'NONE', *, *, #1431, .T. ) ;
#2371 = DIRECTION ( 'NONE',  ( -1.000000000000000000, 0.000000000000000000, -1.366950268938563795E-15 ) ) ;
#2372 = CARTESIAN_POINT ( 'NONE',  ( -2.408512654608860881, 0.7003243845002148360, -0.09325168606029865526 ) ) ;
#2373 = DIRECTION ( 'NONE',  ( 0.000000000000000000, 0.000000000000000000, 1.000000000000000000 ) ) ;
#2374 = ORIENTED_EDGE ( 'NONE', *, *, #430, .F. ) ;
#2375 = VECTOR ( 'NONE', #364, 1000.000000000000000 ) ;
#2376 = DIRECTION ( 'NONE',  ( -0.000000000000000000, 1.000000000000000000, 0.000000000000000000 ) ) ;
#2377 = CARTESIAN_POINT ( 'NONE',  ( 0.6500000000000000222, 0.2000000000000000111, 2.600000000000000533 ) ) ;
#2378 = DIRECTION ( 'NONE',  ( -0.000000000000000000, -1.000000000000000000, -0.000000000000000000 ) ) ;
#2379 = ORIENTED_EDGE ( 'NONE', *, *, #1849, .T. ) ;
#2380 = ADVANCED_FACE ( 'NONE', ( #2967 ), #1906, .T. ) ;
#2381 = ORIENTED_EDGE ( 'NONE', *, *, #1035, .F. ) ;
#2382 = CIRCLE ( 'NONE', #1422, 0.1250000000000001943 ) ;
#2383 = AXIS2_PLACEMENT_3D ( 'NONE', #1754, #2720, #539 ) ;
#2384 = DIRECTION ( 'NONE',  ( -0.000000000000000000, -1.000000000000000000, -0.000000000000000000 ) ) ;
#2385 = DIRECTION ( 'NONE',  ( -0.000000000000000000, 1.000000000000000000, -0.000000000000000000 ) ) ;
#2386 = CARTESIAN_POINT ( 'NONE',  ( 2.547794645401529667, 4.807714683488340413, 0.7017835811043501293 ) ) ;
#2387 = ORIENTED_EDGE ( 'NONE', *, *, #2125, .T. ) ;
#2388 = DIRECTION ( 'NONE',  ( -0.000000000000000000, -1.000000000000000000, -0.000000000000000000 ) ) ;
#2389 = DIRECTION ( 'NONE',  ( 1.000000000000000000, 0.000000000000000000, -6.834751344692818976E-16 ) ) ;
#2390 = CARTESIAN_POINT ( 'NONE',  ( -2.864873470155357538, 4.849999999999999645, -0.4500000000000000111 ) ) ;
#2391 = DIRECTION ( 'NONE',  ( -1.224646799147356165E-16, 0.000000000000000000, -1.000000000000000000 ) ) ;
#2392 = VERTEX_POINT ( 'NONE', #552 ) ;
#2393 = ORIENTED_EDGE ( 'NONE', *, *, #1902, .T. ) ;
#2394 = ADVANCED_FACE ( 'NONE', ( #1773 ), #2360, .T. ) ;
#2395 = CARTESIAN_POINT ( 'NONE',  ( 0.6500000000000000222, 0.2000000000000000111, 2.600000000000000533 ) ) ;
#2396 = CARTESIAN_POINT ( 'NONE',  ( 0.000000000000000000, 3.849999999999999201, 0.000000000000000000 ) ) ;
#2397 = DIRECTION ( 'NONE',  ( 0.000000000000000000, 0.000000000000000000, -1.000000000000000000 ) ) ;
#2398 = EDGE_LOOP ( 'NONE', ( #3061, #569, #1689, #1682, #2692 ) ) ;
#2399 = DIRECTION ( 'NONE',  ( -0.000000000000000000, -1.000000000000000000, -0.000000000000000000 ) ) ;
#2400 = EDGE_CURVE ( 'NONE', #1728, #2080, #1956, .T. ) ;
#2401 = CARTESIAN_POINT ( 'NONE',  ( -0.6500000000000000222, 0.000000000000000000, 2.600000000000000533 ) ) ;
#2402 = TOROIDAL_SURFACE ( 'NONE', #1862, 2.399999999999996803, 0.1312500000000013656 ) ;
#2403 = LINE ( 'NONE', #2173, #907 ) ;
#2404 = CARTESIAN_POINT ( 'NONE',  ( 0.000000000000000000, 4.849999999999999645, -0.4500000000000000111 ) ) ;
#2405 = VERTEX_POINT ( 'NONE', #1048 ) ;
#2406 = TOROIDAL_SURFACE ( 'NONE', #1557, 2.399999999999977707, 0.1312500000000000611 ) ;
#2407 = PRESENTATION_LAYER_ASSIGNMENT (  '', '', ( #2568 ) ) ;
#2408 = VERTEX_POINT ( 'NONE', #483 ) ;
#2409 = VERTEX_POINT ( 'NONE', #2670 ) ;
#2410 = VECTOR ( 'NONE', #2306, 1000.000000000000000 ) ;
#2411 = EDGE_CURVE ( 'NONE', #2964, #1034, #2846, .T. ) ;
#2412 = CARTESIAN_POINT ( 'NONE',  ( 1.284523257866512891, 0.2000000000000000111, 2.600000000000000089 ) ) ;
#2413 = FACE_OUTER_BOUND ( 'NONE', #1279, .T. ) ;
#2414 = DIRECTION ( 'NONE',  ( 0.000000000000000000, 0.000000000000000000, -1.000000000000000000 ) ) ;
#2415 = EDGE_CURVE ( 'NONE', #2476, #1135, #175, .T. ) ;
#2416 = ORIENTED_EDGE ( 'NONE', *, *, #282, .F. ) ;
#2417 =( NAMED_UNIT ( * ) PLANE_ANGLE_UNIT ( ) SI_UNIT ( $, .RADIAN. ) );
#2418 = DIRECTION ( 'NONE',  ( 0.000000000000000000, -1.000000000000000000, -0.000000000000000000 ) ) ;
#2419 = FACE_OUTER_BOUND ( 'NONE', #1151, .T. ) ;
#2420 = VECTOR ( 'NONE', #720, 1000.000000000000000 ) ;
#2421 = DIRECTION ( 'NONE',  ( 0.000000000000000000, 0.000000000000000000, -1.000000000000000000 ) ) ;
#2422 = DIRECTION ( 'NONE',  ( -1.000000000000000000, 0.000000000000000000, 0.000000000000000000 ) ) ;
#2423 = ORIENTED_EDGE ( 'NONE', *, *, #943, .F. ) ;
#2424 = ORIENTED_EDGE ( 'NONE', *, *, #1185, .F. ) ;
#2425 = AXIS2_PLACEMENT_3D ( 'NONE', #2987, #816, #348 ) ;
#2426 = DIRECTION ( 'NONE',  ( 0.000000000000000000, 0.000000000000000000, -1.000000000000000000 ) ) ;
#2427 = CIRCLE ( 'NONE', #403, 0.1250000000000001943 ) ;
#2428 = CIRCLE ( 'NONE', #1117, 0.1312499999999998668 ) ;
#2429 = CARTESIAN_POINT ( 'NONE',  ( 0.000000000000000000, 3.325000000000002398, -2.399999999999993694 ) ) ;
#2430 = CARTESIAN_POINT ( 'NONE',  ( 2.939152317953640203E-16, 3.193750000000002309, 2.399999999999993694 ) ) ;
#2431 = CYLINDRICAL_SURFACE ( 'NONE', #2206, 2.899999999999999911 ) ;
#2432 = AXIS2_PLACEMENT_3D ( 'NONE', #5, #970, #735 ) ;
#2433 = CIRCLE ( 'NONE', #1423, 2.899999999999999911 ) ;
#2434 = VERTEX_POINT ( 'NONE', #165 ) ;
#2435 = LINE ( 'NONE', #702, #655 ) ;
#2436 = ORIENTED_EDGE ( 'NONE', *, *, #2674, .T. ) ;
#2437 = LINE ( 'NONE', #755, #3049 ) ;
#2438 = EDGE_CURVE ( 'NONE', #2783, #1413, #1898, .T. ) ;
#2439 = DIRECTION ( 'NONE',  ( 1.000000000000000000, 0.000000000000000000, 0.000000000000000000 ) ) ;
#2440 = ORIENTED_EDGE ( 'NONE', *, *, #1185, .T. ) ;
#2441 = ORIENTED_EDGE ( 'NONE', *, *, #2524, .T. ) ;
#2442 = ORIENTED_EDGE ( 'NONE', *, *, #7, .T. ) ;
#2443 = CARTESIAN_POINT ( 'NONE',  ( 0.000000000000000000, 4.849999999999999645, 0.000000000000000000 ) ) ;
#2444 = CYLINDRICAL_SURFACE ( 'NONE', #2797, 2.899999999999999911 ) ;
#2445 = CARTESIAN_POINT ( 'NONE',  ( 0.000000000000000000, 2.406250000000001776, -2.399999999999985256 ) ) ;
#2446 = DIRECTION ( 'NONE',  ( -0.000000000000000000, -1.000000000000000000, -0.000000000000000000 ) ) ;
#2447 = VERTEX_POINT ( 'NONE', #1421 ) ;
#2448 = DIRECTION ( 'NONE',  ( 0.000000000000000000, 1.000000000000000000, 0.000000000000000000 ) ) ;
#2449 = ORIENTED_EDGE ( 'NONE', *, *, #1323, .F. ) ;
#2450 = CARTESIAN_POINT ( 'NONE',  ( -0.6499999999999993561, 0.000000000000000000, -2.600000000000000089 ) ) ;
#2451 = ADVANCED_FACE ( 'NONE', ( #899 ), #872, .F. ) ;
#2452 = DIRECTION ( 'NONE',  ( 0.000000000000000000, 0.000000000000000000, 1.000000000000000000 ) ) ;
#2453 = CARTESIAN_POINT ( 'NONE',  ( -2.547794645401529667, 4.807714683488340413, 0.7017835811043495742 ) ) ;
#2454 = VERTEX_POINT ( 'NONE', #426 ) ;
#2455 = ORIENTED_EDGE ( 'NONE', *, *, #62, .F. ) ;
#2456 = EDGE_CURVE ( 'NONE', #188, #3014, #2066, .T. ) ;
#2457 = EDGE_CURVE ( 'NONE', #1032, #2765, #2910, .T. ) ;
#2458 = EDGE_LOOP ( 'NONE', ( #2155, #1127, #56, #2485 ) ) ;
#2459 = AXIS2_PLACEMENT_3D ( 'NONE', #1223, #747, #2414 ) ;
#2460 = LINE ( 'NONE', #1513, #3068 ) ;
#2461 = CIRCLE ( 'NONE', #2864, 2.899999999999999911 ) ;
#2462 = AXIS2_PLACEMENT_3D ( 'NONE', #213, #708, #1938 ) ;
#2463 = AXIS2_PLACEMENT_3D ( 'NONE', #2335, #1819, #1077 ) ;
#2464 = VECTOR ( 'NONE', #437, 1000.000000000000000 ) ;
#2465 = CARTESIAN_POINT ( 'NONE',  ( 2.864873470155357538, 0.2000000000000000111, -0.4500000000000000666 ) ) ;
#2466 = DIRECTION ( 'NONE',  ( -0.000000000000000000, 1.000000000000000000, -0.000000000000000000 ) ) ;
#2467 = ORIENTED_EDGE ( 'NONE', *, *, #1987, .T. ) ;
#2468 = PLANE ( 'NONE',  #1211 ) ;
#2469 = ORIENTED_EDGE ( 'NONE', *, *, #2690, .F. ) ;
#2470 = DIRECTION ( 'NONE',  ( -1.366950268938563795E-15, 0.000000000000000000, 1.000000000000000000 ) ) ;
#2471 = CARTESIAN_POINT ( 'NONE',  ( 0.000000000000000000, 0.000000000000000000, 0.000000000000000000 ) ) ;
#2472 = VECTOR ( 'NONE', #2892, 1000.000000000000000 ) ;
#2473 = LINE ( 'NONE', #3015, #3122 ) ;
#2474 = CARTESIAN_POINT ( 'NONE',  ( -2.324999999999999734, 0.1000000000000014488, 0.000000000000000000 ) ) ;
#2475 = VERTEX_POINT ( 'NONE', #3100 ) ;
#2476 = VERTEX_POINT ( 'NONE', #1391 ) ;
#2477 = DIRECTION ( 'NONE',  ( -0.000000000000000000, -1.000000000000000000, -0.000000000000000000 ) ) ;
#2478 = EDGE_CURVE ( 'NONE', #2504, #3095, #982, .T. ) ;
#2479 = VERTEX_POINT ( 'NONE', #2811 ) ;
#2480 = AXIS2_PLACEMENT_3D ( 'NONE', #2471, #807, #1526 ) ;
#2481 = CARTESIAN_POINT ( 'NONE',  ( 2.939152317953618509E-16, 1.487500000000001155, 2.399999999999974598 ) ) ;
#2482 = DIRECTION ( 'NONE',  ( -1.224646799147352221E-16, 0.000000000000000000, -1.000000000000000000 ) ) ;
#2483 = CIRCLE ( 'NONE', #2589, 2.199999999999999734 ) ;
#2484 = VECTOR ( 'NONE', #2371, 1000.000000000000000 ) ;
#2485 = ORIENTED_EDGE ( 'NONE', *, *, #2478, .F. ) ;
#2486 = CIRCLE ( 'NONE', #404, 0.1250000000000001943 ) ;
#2487 = DIRECTION ( 'NONE',  ( 0.000000000000000000, 0.000000000000000000, -1.000000000000000000 ) ) ;
#2488 = CARTESIAN_POINT ( 'NONE',  ( -2.649999999999999911, 4.849999999999999645, -0.7500000000000015543 ) ) ;
#2489 = VERTEX_POINT ( 'NONE', #654 ) ;
#2490 = DIRECTION ( 'NONE',  ( 0.000000000000000000, 0.000000000000000000, -1.000000000000000000 ) ) ;
#2491 = CARTESIAN_POINT ( 'NONE',  ( 2.324999999999999734, 0.1000000000000014488, -0.1250000000000001943 ) ) ;
#2492 = EDGE_LOOP ( 'NONE', ( #2579, #2075, #131, #349 ) ) ;
#2493 = CARTESIAN_POINT ( 'NONE',  ( -2.649999999999999911, 0.7000000000000000666, 6.302141671781267579E-17 ) ) ;
#2494 = CARTESIAN_POINT ( 'NONE',  ( -2.649999999999999911, 0.000000000000000000, -0.4500000000000000111 ) ) ;
#2495 = ORIENTED_EDGE ( 'NONE', *, *, #2086, .F. ) ;
#2496 = ORIENTED_EDGE ( 'NONE', *, *, #574, .T. ) ;
#2497 = DIRECTION ( 'NONE',  ( 0.000000000000000000, 0.000000000000000000, -1.000000000000000000 ) ) ;
#2498 = ORIENTED_EDGE ( 'NONE', *, *, #533, .F. ) ;
#2499 = LINE ( 'NONE', #51, #1584 ) ;
#2500 = EDGE_CURVE ( 'NONE', #1414, #1657, #1036, .T. ) ;
#2501 = CARTESIAN_POINT ( 'NONE',  ( 1.284523257866511559, 0.000000000000000000, -2.600000000000000533 ) ) ;
#2502 = EDGE_CURVE ( 'NONE', #1218, #1791, #2774, .T. ) ;
#2503 = DIRECTION ( 'NONE',  ( -0.000000000000000000, -1.000000000000000000, 0.000000000000000000 ) ) ;
#2504 = VERTEX_POINT ( 'NONE', #383 ) ;
#2505 = SURFACE_STYLE_USAGE ( .BOTH. , #2976 ) ;
#2506 = ORIENTED_EDGE ( 'NONE', *, *, #2438, .F. ) ;
#2507 = DIRECTION ( 'NONE',  ( 0.000000000000000000, 0.000000000000000000, -1.000000000000000000 ) ) ;
#2508 = CARTESIAN_POINT ( 'NONE',  ( 2.694222958124176513E-16, 0.6999999999999999556, 2.199999999999999734 ) ) ;
#2509 = ORIENTED_EDGE ( 'NONE', *, *, #1574, .T. ) ;
#2510 =( LENGTH_UNIT ( ) NAMED_UNIT ( * ) SI_UNIT ( .MILLI., .METRE. ) );
#2511 = CARTESIAN_POINT ( 'NONE',  ( -2.599835639764003670, 4.766547926753846198, -0.6665479267538478858 ) ) ;
#2512 = ADVANCED_FACE ( 'NONE', ( #668 ), #2333, .T. ) ;
#2513 = VERTEX_POINT ( 'NONE', #193 ) ;
#2514 = SURFACE_STYLE_FILL_AREA ( #3018 ) ;
#2515 = DIRECTION ( 'NONE',  ( 0.000000000000000000, 0.000000000000000000, 1.000000000000000000 ) ) ;
#2516 = ORIENTED_EDGE ( 'NONE', *, *, #924, .F. ) ;
#2517 = FACE_OUTER_BOUND ( 'NONE', #1021, .T. ) ;
#2518 = AXIS2_PLACEMENT_3D ( 'NONE', #1363, #3043, #1173 ) ;
#2519 = EDGE_CURVE ( 'NONE', #2513, #1804, #2103, .T. ) ;
#2520 = AXIS2_PLACEMENT_3D ( 'NONE', #67, #1017, #2974 ) ;
#2521 = CIRCLE ( 'NONE', #1866, 2.399999999999999467 ) ;
#2522 = DIRECTION ( 'NONE',  ( -0.000000000000000000, -1.000000000000000000, -0.000000000000000000 ) ) ;
#2523 = CARTESIAN_POINT ( 'NONE',  ( 0.000000000000000000, 1.618750000000001243, 0.000000000000000000 ) ) ;
#2524 = EDGE_CURVE ( 'NONE', #773, #1300, #2821, .T. ) ;
#2525 = EDGE_LOOP ( 'NONE', ( #1495, #2728, #2534, #621 ) ) ;
#2526 = CARTESIAN_POINT ( 'NONE',  ( -1.284523257866512891, 4.849999999999999645, 2.600000000000000089 ) ) ;
#2527 = CARTESIAN_POINT ( 'NONE',  ( 0.000000000000000000, 2.931250000000002132, 0.000000000000000000 ) ) ;
#2528 = ORIENTED_EDGE ( 'NONE', *, *, #1577, .T. ) ;
#2529 = FACE_OUTER_BOUND ( 'NONE', #3004, .T. ) ;
#2530 = DIRECTION ( 'NONE',  ( 0.000000000000000000, 1.000000000000000000, 0.000000000000000000 ) ) ;
#2531 = ORIENTED_EDGE ( 'NONE', *, *, #438, .F. ) ;
#2532 =( LENGTH_UNIT ( ) NAMED_UNIT ( * ) SI_UNIT ( .MILLI., .METRE. ) );
#2533 = CARTESIAN_POINT ( 'NONE',  ( 0.000000000000000000, 4.849999999999999645, 0.000000000000000000 ) ) ;
#2534 = ORIENTED_EDGE ( 'NONE', *, *, #1136, .T. ) ;
#2535 = LINE ( 'NONE', #2775, #1628 ) ;
#2536 = AXIS2_PLACEMENT_3D ( 'NONE', #2148, #2159, #972 ) ;
#2537 = AXIS2_PLACEMENT_3D ( 'NONE', #1420, #2385, #207 ) ;
#2538 = PLANE ( 'NONE',  #894 ) ;
#2539 = CARTESIAN_POINT ( 'NONE',  ( 2.864873470155357538, 4.549999999999998046, -0.4500000000000000111 ) ) ;
#2540 = ORIENTED_EDGE ( 'NONE', *, *, #2247, .F. ) ;
#2541 = AXIS2_PLACEMENT_3D ( 'NONE', #2348, #1890, #171 ) ;
#2542 = CARTESIAN_POINT ( 'NONE',  ( -2.649999999999999911, 4.849999999999999645, 0.4500000000000000111 ) ) ;
#2543 = CARTESIAN_POINT ( 'NONE',  ( 0.000000000000000000, 0.7000000000000029532, 0.000000000000000000 ) ) ;
#2544 = ORIENTED_EDGE ( 'NONE', *, *, #1885, .T. ) ;
#2545 = CARTESIAN_POINT ( 'NONE',  ( 0.000000000000000000, 3.849999999999999201, -2.600000000000000089 ) ) ;
#2546 = FACE_OUTER_BOUND ( 'NONE', #103, .T. ) ;
#2547 = SURFACE_SIDE_STYLE ('',( #1082 ) ) ;
#2548 = ORIENTED_EDGE ( 'NONE', *, *, #132, .F. ) ;
#2549 = EDGE_CURVE ( 'NONE', #2783, #773, #399, .T. ) ;
#2550 = LINE ( 'NONE', #884, #329 ) ;
#2551 = DIRECTION ( 'NONE',  ( 0.000000000000000000, 0.000000000000000000, -1.000000000000000000 ) ) ;
#2552 = ORIENTED_EDGE ( 'NONE', *, *, #2644, .F. ) ;
#2553 = CARTESIAN_POINT ( 'NONE',  ( 0.6500000000000005773, 0.2000000000000000111, -2.600000000000000089 ) ) ;
#2554 = ORIENTED_EDGE ( 'NONE', *, *, #875, .F. ) ;
#2555 = DIRECTION ( 'NONE',  ( -0.000000000000000000, -1.000000000000000000, -0.000000000000000000 ) ) ;
#2556 = ADVANCED_FACE ( 'NONE', ( #2850 ), #2715, .F. ) ;
#2557 = FACE_OUTER_BOUND ( 'NONE', #440, .T. ) ;
#2558 = PLANE ( 'NONE',  #1061 ) ;
#2559 = ADVANCED_FACE ( 'NONE', ( #2145 ), #376, .T. ) ;
#2560 = ORIENTED_EDGE ( 'NONE', *, *, #2805, .T. ) ;
#2561 = EDGE_CURVE ( 'NONE', #615, #1027, #893, .T. ) ;
#2562 = EDGE_CURVE ( 'NONE', #2016, #2405, #1298, .T. ) ;
#2563 = CARTESIAN_POINT ( 'NONE',  ( -0.6500000000000000222, 0.2000000000000000111, 2.600000000000000533 ) ) ;
#2564 = AXIS2_PLACEMENT_3D ( 'NONE', #780, #976, #2426 ) ;
#2565 = FACE_OUTER_BOUND ( 'NONE', #534, .T. ) ;
#2566 = DIRECTION ( 'NONE',  ( 1.000000000000000000, 0.000000000000000000, -1.224646799147353207E-16 ) ) ;
#2567 = AXIS2_PLACEMENT_3D ( 'NONE', #2261, #2953, #2482 ) ;
#2568 = STYLED_ITEM ( 'NONE', ( #1066 ), #1447 ) ;
#2569 = EDGE_LOOP ( 'NONE', ( #2509, #2024, #1664, #2901, #2013, #1012, #1730, #229 ) ) ;
#2570 = CARTESIAN_POINT ( 'NONE',  ( 2.939152317953643654E-16, 3.456250000000002487, 2.399999999999996803 ) ) ;
#2571 = ORIENTED_EDGE ( 'NONE', *, *, #2606, .F. ) ;
#2572 = SHAPE_DEFINITION_REPRESENTATION ( #764, #1331 ) ;
#2573 = CARTESIAN_POINT ( 'NONE',  ( 0.000000000000000000, 3.849999999999999201, -2.200000000000000178 ) ) ;
#2574 = FACE_OUTER_BOUND ( 'NONE', #2048, .T. ) ;
#2575 = FACE_OUTER_BOUND ( 'NONE', #2773, .T. ) ;
#2576 = ORIENTED_EDGE ( 'NONE', *, *, #1667, .T. ) ;
#2577 = EDGE_CURVE ( 'NONE', #701, #1245, #1703, .T. ) ;
#2578 = CARTESIAN_POINT ( 'NONE',  ( -2.433206269485265860, 0.7044832066406193638, 0.06258117323989742520 ) ) ;
#2579 = ORIENTED_EDGE ( 'NONE', *, *, #1193, .F. ) ;
#2580 = CYLINDRICAL_SURFACE ( 'NONE', #528, 2.899999999999999911 ) ;
#2581 = CIRCLE ( 'NONE', #1201, 2.399999999999974598 ) ;
#2582 = CARTESIAN_POINT ( 'NONE',  ( -2.324999999999999734, 0.1000000000000014488, 0.000000000000000000 ) ) ;
#2583 = ADVANCED_FACE ( 'NONE', ( #1679 ), #3113, .T. ) ;
#2584 = VECTOR ( 'NONE', #1203, 1000.000000000000000 ) ;
#2585 = VERTEX_POINT ( 'NONE', #1725 ) ;
#2586 = CARTESIAN_POINT ( 'NONE',  ( -1.284523257866513557, 0.2000000000000000111, -2.600000000000000089 ) ) ;
#2587 = ORIENTED_EDGE ( 'NONE', *, *, #1415, .F. ) ;
#2588 = CARTESIAN_POINT ( 'NONE',  ( -2.649999999999999911, 0.7000000000000000666, 6.302141671781267579E-17 ) ) ;
#2589 = AXIS2_PLACEMENT_3D ( 'NONE', #1337, #2981, #1509 ) ;
#2590 = AXIS2_PLACEMENT_3D ( 'NONE', #2245, #2741, #66 ) ;
#2591 = PLANE ( 'NONE',  #1558 ) ;
#2592 = DIRECTION ( 'NONE',  ( 0.000000000000000000, 0.000000000000000000, 1.000000000000000000 ) ) ;
#2593 =( GEOMETRIC_REPRESENTATION_CONTEXT ( 3 ) GLOBAL_UNCERTAINTY_ASSIGNED_CONTEXT ( ( #2349 ) ) GLOBAL_UNIT_ASSIGNED_CONTEXT ( ( #3121, #2417, #1934 ) ) REPRESENTATION_CONTEXT ( 'NONE', 'WORKASPACE' ) );
#2594 = AXIS2_PLACEMENT_3D ( 'NONE', #1556, #2038, #1280 ) ;
#2595 = ORIENTED_EDGE ( 'NONE', *, *, #121, .F. ) ;
#2596 = ADVANCED_FACE ( 'NONE', ( #1693 ), #1093, .T. ) ;
#2597 = FACE_OUTER_BOUND ( 'NONE', #92, .T. ) ;
#2598 = CARTESIAN_POINT ( 'NONE',  ( -2.446853893727923168, 0.7086940199437370413, -0.03079156447504025410 ) ) ;
#2599 = CARTESIAN_POINT ( 'NONE',  ( 2.939152317953613579E-16, 1.093750000000000888, 2.399999999999971934 ) ) ;
#2600 = ADVANCED_FACE ( 'NONE', ( #2876 ), #1943, .T. ) ;
#2601 = DIRECTION ( 'NONE',  ( -0.000000000000000000, -1.000000000000000000, -0.000000000000000000 ) ) ;
#2602 = ORIENTED_EDGE ( 'NONE', *, *, #1650, .F. ) ;
#2603 = CARTESIAN_POINT ( 'NONE',  ( 1.284523257866512891, 0.7000000000000000666, 2.600000000000000089 ) ) ;
#2604 = DIRECTION ( 'NONE',  ( 0.000000000000000000, 0.000000000000000000, -1.000000000000000000 ) ) ;
#2605 = DIRECTION ( 'NONE',  ( -0.000000000000000000, -1.000000000000000000, -0.000000000000000000 ) ) ;
#2606 = EDGE_CURVE ( 'NONE', #421, #2669, #1500, .T. ) ;
#2607 = ORIENTED_EDGE ( 'NONE', *, *, #3101, .F. ) ;
#2608 = CARTESIAN_POINT ( 'NONE',  ( -2.864873470155357982, 0.2000000000000000111, -0.4499999999999981237 ) ) ;
#2609 = LINE ( 'NONE', #1132, #2472 ) ;
#2610 = CARTESIAN_POINT ( 'NONE',  ( 2.599835639764003670, 4.766547926753846198, 0.6665479267538481079 ) ) ;
#2611 = CIRCLE ( 'NONE', #933, 0.4500000000000000111 ) ;
#2612 = ORIENTED_EDGE ( 'NONE', *, *, #1297, .T. ) ;
#2613 = ADVANCED_FACE ( 'NONE', ( #1709 ), #2431, .T. ) ;
#2614 = CIRCLE ( 'NONE', #25, 0.1250000000000001943 ) ;
#2615 = CIRCLE ( 'NONE', #1656, 2.200000000000000178 ) ;
#2616 = VERTEX_POINT ( 'NONE', #698 ) ;
#2617 = FILL_AREA_STYLE ('',( #1352 ) ) ;
#2618 = DIRECTION ( 'NONE',  ( -0.000000000000000000, -1.000000000000000000, -0.000000000000000000 ) ) ;
#2619 = AXIS2_PLACEMENT_3D ( 'NONE', #1264, #59, #1579 ) ;
#2620 = MECHANICAL_DESIGN_GEOMETRIC_PRESENTATION_REPRESENTATION (  '', ( #1959 ), #2917 ) ;
#2621 = PLANE ( 'NONE',  #985 ) ;
#2622 = CYLINDRICAL_SURFACE ( 'NONE', #1315, 2.199999999999999734 ) ;
#2623 = ORIENTED_EDGE ( 'NONE', *, *, #2138, .F. ) ;
#2624 = ORIENTED_EDGE ( 'NONE', *, *, #1629, .T. ) ;
#2625 = CARTESIAN_POINT ( 'NONE',  ( 2.864873470155357538, 0.2000000000000000111, -0.4500000000000000666 ) ) ;
#2626 = DIRECTION ( 'NONE',  ( 0.000000000000000000, 0.000000000000000000, -1.000000000000000000 ) ) ;
#2627 = DIRECTION ( 'NONE',  ( 0.000000000000000000, 0.000000000000000000, -1.000000000000000000 ) ) ;
#2628 = ORIENTED_EDGE ( 'NONE', *, *, #620, .T. ) ;
#2629 = CIRCLE ( 'NONE', #3085, 2.199999999999999734 ) ;
#2630 = CARTESIAN_POINT ( 'NONE',  ( 2.694222958124176513E-16, 0.000000000000000000, 2.199999999999999734 ) ) ;
#2631 = CARTESIAN_POINT ( 'NONE',  ( 2.324999999999999734, 0.1000000000000014488, 0.000000000000000000 ) ) ;
#2632 = DIRECTION ( 'NONE',  ( -0.000000000000000000, -1.000000000000000000, -0.000000000000000000 ) ) ;
#2633 = LINE ( 'NONE', #2914, #2778 ) ;
#2634 = CIRCLE ( 'NONE', #1164, 0.1250000000000001943 ) ;
#2635 = ORIENTED_EDGE ( 'NONE', *, *, #996, .T. ) ;
#2636 = ORIENTED_EDGE ( 'NONE', *, *, #2881, .F. ) ;
#2637 = EDGE_CURVE ( 'NONE', #2358, #2760, #981, .T. ) ;
#2638 = AXIS2_PLACEMENT_3D ( 'NONE', #344, #2530, #311 ) ;
#2639 = VECTOR ( 'NONE', #3032, 1000.000000000000000 ) ;
#2640 = ADVANCED_FACE ( 'NONE', ( #2924 ), #1552, .T. ) ;
#2641 = DIRECTION ( 'NONE',  ( -0.000000000000000000, -1.000000000000000000, -0.000000000000000000 ) ) ;
#2642 = DIRECTION ( 'NONE',  ( -1.000000000000000000, 0.000000000000000000, -0.000000000000000000 ) ) ;
#2643 = CARTESIAN_POINT ( 'NONE',  ( 0.6500000000000000222, 0.2000000000000000111, 2.600000000000000533 ) ) ;
#2644 = EDGE_CURVE ( 'NONE', #762, #1781, #2611, .T. ) ;
#2645 = ORIENTED_EDGE ( 'NONE', *, *, #1916, .T. ) ;
#2646 = CARTESIAN_POINT ( 'NONE',  ( -0.6499999999999993561, 0.2000000000000000111, -2.600000000000000089 ) ) ;
#2647 = DIRECTION ( 'NONE',  ( 0.000000000000000000, 0.000000000000000000, 1.000000000000000000 ) ) ;
#2648 = DIRECTION ( 'NONE',  ( -0.000000000000000000, -1.000000000000000000, -0.000000000000000000 ) ) ;
#2649 = FACE_OUTER_BOUND ( 'NONE', #1359, .T. ) ;
#2650 = ORIENTED_EDGE ( 'NONE', *, *, #375, .T. ) ;
#2651 = ADVANCED_FACE ( 'NONE', ( #1467 ), #38, .T. ) ;
#2652 = EDGE_LOOP ( 'NONE', ( #1454, #252, #742, #151 ) ) ;
#2653 = EDGE_CURVE ( 'NONE', #1700, #2165, #1438, .T. ) ;
#2654 = ADVANCED_FACE ( 'NONE', ( #954 ), #2705, .F. ) ;
#2655 = DIRECTION ( 'NONE',  ( -0.000000000000000000, -1.000000000000000000, -0.000000000000000000 ) ) ;
#2656 = CARTESIAN_POINT ( 'NONE',  ( -2.649999999999999911, 0.2000000000000000111, -0.4500000000000000111 ) ) ;
#2657 = LINE ( 'NONE', #2904, #3021 ) ;
#2658 = ORIENTED_EDGE ( 'NONE', *, *, #1344, .F. ) ;
#2659 = PLANE ( 'NONE',  #1473 ) ;
#2660 = CARTESIAN_POINT ( 'NONE',  ( -2.649999999999999911, 4.849999999999999645, -0.4500000000000000111 ) ) ;
#2661 = AXIS2_PLACEMENT_3D ( 'NONE', #2859, #1452, #1962 ) ;
#2662 = DIRECTION ( 'NONE',  ( -0.000000000000000000, -1.000000000000000000, -0.000000000000000000 ) ) ;
#2663 = AXIS2_PLACEMENT_3D ( 'NONE', #425, #3099, #715 ) ;
#2664 = DIRECTION ( 'NONE',  ( -0.000000000000000000, -1.000000000000000000, -0.000000000000000000 ) ) ;
#2665 = ORIENTED_EDGE ( 'NONE', *, *, #906, .F. ) ;
#2666 = CIRCLE ( 'NONE', #3118, 2.399999999999983036 ) ;
#2667 = AXIS2_PLACEMENT_3D ( 'NONE', #920, #929, #1905 ) ;
#2668 = ORIENTED_EDGE ( 'NONE', *, *, #620, .F. ) ;
#2669 = VERTEX_POINT ( 'NONE', #2893 ) ;
#2670 = CARTESIAN_POINT ( 'NONE',  ( 1.212435565298651818, 4.849999999999999645, -2.299999999999767120 ) ) ;
#2671 = DIRECTION ( 'NONE',  ( 0.000000000000000000, 0.000000000000000000, -1.000000000000000000 ) ) ;
#2672 = LINE ( 'NONE', #2772, #2032 ) ;
#2673 = DIRECTION ( 'NONE',  ( 2.081668171172165358E-14, 0.000000000000000000, 1.000000000000000000 ) ) ;
#2674 = EDGE_CURVE ( 'NONE', #2669, #3089, #2657, .T. ) ;
#2675 = ORIENTED_EDGE ( 'NONE', *, *, #2837, .T. ) ;
#2676 = SURFACE_STYLE_FILL_AREA ( #3136 ) ;
#2677 = CARTESIAN_POINT ( 'NONE',  ( 0.000000000000000000, 3.587500000000003908, 0.000000000000000000 ) ) ;
#2678 = DIRECTION ( 'NONE',  ( -0.000000000000000000, -1.000000000000000000, -0.000000000000000000 ) ) ;
#2679 = TOROIDAL_SURFACE ( 'NONE', #100, 2.399999999999988365, 0.1312500000000000611 ) ;
#2680 = DIRECTION ( 'NONE',  ( -0.000000000000000000, -1.000000000000000000, -0.000000000000000000 ) ) ;
#2681 = FACE_OUTER_BOUND ( 'NONE', #32, .T. ) ;
#2682 = EDGE_LOOP ( 'NONE', ( #2259, #266, #551, #374 ) ) ;
#2683 = ORIENTED_EDGE ( 'NONE', *, *, #1064, .T. ) ;
#2684 = VECTOR ( 'NONE', #1049, 1000.000000000000000 ) ;
#2685 = VECTOR ( 'NONE', #2294, 1000.000000000000000 ) ;
#2686 = VECTOR ( 'NONE', #442, 1000.000000000000000 ) ;
#2687 = FACE_OUTER_BOUND ( 'NONE', #2682, .T. ) ;
#2688 = PLANE ( 'NONE',  #1974 ) ;
#2689 = CARTESIAN_POINT ( 'NONE',  ( 2.649999999999999911, 0.2000000000000000111, 0.000000000000000000 ) ) ;
#2690 = EDGE_CURVE ( 'NONE', #1070, #157, #264, .T. ) ;
#2691 = ORIENTED_EDGE ( 'NONE', *, *, #3115, .F. ) ;
#2692 = ORIENTED_EDGE ( 'NONE', *, *, #170, .T. ) ;
#2693 = EDGE_CURVE ( 'NONE', #1218, #2804, #2861, .T. ) ;
#2694 = EDGE_CURVE ( 'NONE', #601, #833, #1991, .T. ) ;
#2695 = EDGE_CURVE ( 'NONE', #1791, #1963, #636, .T. ) ;
#2696 = FACE_OUTER_BOUND ( 'NONE', #2871, .T. ) ;
#2697 = ORIENTED_EDGE ( 'NONE', *, *, #906, .T. ) ;
#2698 = LINE ( 'NONE', #738, #2043 ) ;
#2699 = CYLINDRICAL_SURFACE ( 'NONE', #934, 2.199999999999999734 ) ;
#2700 = ORIENTED_EDGE ( 'NONE', *, *, #949, .T. ) ;
#2701 = VERTEX_POINT ( 'NONE', #2501 ) ;
#2702 = ORIENTED_EDGE ( 'NONE', *, *, #19, .T. ) ;
#2703 = CARTESIAN_POINT ( 'NONE',  ( -2.864873470155357982, 0.2000000000000000111, -0.4499999999999981237 ) ) ;
#2704 = DIRECTION ( 'NONE',  ( 0.000000000000000000, 0.000000000000000000, 1.000000000000000000 ) ) ;
#2705 = PLANE ( 'NONE',  #1755 ) ;
#2706 = ORIENTED_EDGE ( 'NONE', *, *, #878, .T. ) ;
#2707 = SURFACE_STYLE_FILL_AREA ( #1741 ) ;
#2708 = EDGE_CURVE ( 'NONE', #1032, #2405, #1255, .T. ) ;
#2709 = FACE_OUTER_BOUND ( 'NONE', #778, .T. ) ;
#2710 = DIRECTION ( 'NONE',  ( 0.000000000000000000, -1.000000000000000000, 0.000000000000000000 ) ) ;
#2711 = DIRECTION ( 'NONE',  ( -1.000000000000000000, 0.000000000000000000, -2.522885146550681775E-16 ) ) ;
#2712 = CARTESIAN_POINT ( 'NONE',  ( 2.402434261122549763, 0.6999999999996497912, -0.09828920298597071392 ) ) ;
#2713 = ORIENTED_EDGE ( 'NONE', *, *, #2141, .F. ) ;
#2714 = ORIENTED_EDGE ( 'NONE', *, *, #1721, .F. ) ;
#2715 = CONICAL_SURFACE ( 'NONE', #328, 0.4500000000000000111, 0.7853981633974480570 ) ;
#2716 = PLANE ( 'NONE',  #678 ) ;
#2717 = VECTOR ( 'NONE', #2316, 1000.000000000000000 ) ;
#2718 = CIRCLE ( 'NONE', #1827, 2.199999999999999734 ) ;
#2719 = EDGE_LOOP ( 'NONE', ( #1101, #1511, #947, #3142 ) ) ;
#2720 = DIRECTION ( 'NONE',  ( -0.000000000000000000, -1.000000000000000000, -0.000000000000000000 ) ) ;
#2721 = DIRECTION ( 'NONE',  ( 0.000000000000000000, 0.000000000000000000, -1.000000000000000000 ) ) ;
#2722 = ORIENTED_EDGE ( 'NONE', *, *, #835, .T. ) ;
#2723 = CARTESIAN_POINT ( 'NONE',  ( -2.649999999999999911, 4.849999999999999645, 6.302141671781267579E-17 ) ) ;
#2724 = DIRECTION ( 'NONE',  ( 1.251002506714043540E-16, 0.000000000000000000, -1.000000000000000000 ) ) ;
#2725 = EDGE_LOOP ( 'NONE', ( #3047, #1460, #1065, #2830 ) ) ;
#2726 = CARTESIAN_POINT ( 'NONE',  ( 0.000000000000000000, 3.193750000000002309, -2.399999999999993694 ) ) ;
#2727 = CARTESIAN_POINT ( 'NONE',  ( 0.000000000000000000, 2.668750000000001954, -2.399999999999988365 ) ) ;
#2728 = ORIENTED_EDGE ( 'NONE', *, *, #706, .F. ) ;
#2729 = FACE_OUTER_BOUND ( 'NONE', #327, .T. ) ;
#2730 = CARTESIAN_POINT ( 'NONE',  ( -2.494339622641506882, 4.849999999999999645, -0.7336687583103257415 ) ) ;
#2731 = ORIENTED_EDGE ( 'NONE', *, *, #1174, .F. ) ;
#2732 = ORIENTED_EDGE ( 'NONE', *, *, #294, .F. ) ;
#2733 = EDGE_CURVE ( 'NONE', #2392, #2265, #732, .T. ) ;
#2734 = PRODUCT_DEFINITION_CONTEXT ( 'detailed design', #2170, 'design' ) ;
#2735 = CARTESIAN_POINT ( 'NONE',  ( 2.649999999999999911, 0.7000000000000000666, 0.000000000000000000 ) ) ;
#2736 = TOROIDAL_SURFACE ( 'NONE', #3132, 2.399999999999971934, 0.1312500000000000611 ) ;
#2737 = EDGE_CURVE ( 'NONE', #712, #2003, #268, .T. ) ;
#2738 = ORIENTED_EDGE ( 'NONE', *, *, #418, .T. ) ;
#2739 = AXIS2_PLACEMENT_3D ( 'NONE', #728, #83, #2 ) ;
#2740 = EDGE_CURVE ( 'NONE', #2392, #556, #2363, .T. ) ;
#2741 = DIRECTION ( 'NONE',  ( -0.000000000000000000, -1.000000000000000000, -0.000000000000000000 ) ) ;
#2742 = CARTESIAN_POINT ( 'NONE',  ( -2.864873470155357538, 0.7000000000000000666, -0.4500000000000000111 ) ) ;
#2743 = AXIS2_PLACEMENT_3D ( 'NONE', #2588, #661, #2362 ) ;
#2744 = AXIS2_PLACEMENT_3D ( 'NONE', #2289, #111, #3012 ) ;
#2745 = AXIS2_PLACEMENT_3D ( 'NONE', #2926, #883, #542 ) ;
#2746 = AXIS2_PLACEMENT_3D ( 'NONE', #1573, #177, #1090 ) ;
#2747 = DIRECTION ( 'NONE',  ( -0.000000000000000000, -1.000000000000000000, -0.000000000000000000 ) ) ;
#2748 = ORIENTED_EDGE ( 'NONE', *, *, #630, .T. ) ;
#2749 = CARTESIAN_POINT ( 'NONE',  ( -1.284523257866513557, 0.000000000000000000, -2.600000000000000089 ) ) ;
#2750 = ORIENTED_EDGE ( 'NONE', *, *, #770, .F. ) ;
#2751 = CARTESIAN_POINT ( 'NONE',  ( -2.649999999999999911, 0.2000000000000000111, 0.4500000000000000666 ) ) ;
#2752 = DIRECTION ( 'NONE',  ( -0.000000000000000000, -1.000000000000000000, -0.000000000000000000 ) ) ;
#2753 = VERTEX_POINT ( 'NONE', #540 ) ;
#2754 = CARTESIAN_POINT ( 'NONE',  ( -2.864873470155357538, 0.2000000000000000111, 0.4500000000000000111 ) ) ;
#2755 = CARTESIAN_POINT ( 'NONE',  ( 2.445021066864662362, 0.7080253469197436145, -0.03754506395394367063 ) ) ;
#2756 = ORIENTED_EDGE ( 'NONE', *, *, #826, .T. ) ;
#2757 = ORIENTED_EDGE ( 'NONE', *, *, #2311, .F. ) ;
#2758 = PLANE ( 'NONE',  #1724 ) ;
#2759 = PRODUCT_DEFINITION ( 'UNKNOWN', '', #593, #2734 ) ;
#2760 = VERTEX_POINT ( 'NONE', #1273 ) ;
#2761 = DIRECTION ( 'NONE',  ( 0.000000000000000000, 1.000000000000000000, 0.000000000000000000 ) ) ;
#2762 = ADVANCED_FACE ( 'NONE', ( #2246 ), #560, .T. ) ;
#2763 = CARTESIAN_POINT ( 'NONE',  ( 0.000000000000000000, 3.718750000000002220, -2.399999999999999467 ) ) ;
#2764 = CARTESIAN_POINT ( 'NONE',  ( -2.649999999999999911, 3.849999999999999201, 6.302141671781267579E-17 ) ) ;
#2765 = VERTEX_POINT ( 'NONE', #2742 ) ;
#2766 = CARTESIAN_POINT ( 'NONE',  ( 0.000000000000000000, 4.849999999999999645, 0.000000000000000000 ) ) ;
#2767 = LINE ( 'NONE', #2039, #864 ) ;
#2768 = ORIENTED_EDGE ( 'NONE', *, *, #961, .T. ) ;
#2769 = CARTESIAN_POINT ( 'NONE',  ( 2.649999999999999911, 0.000000000000000000, 0.4500000000000000111 ) ) ;
#2770 = DIRECTION ( 'NONE',  ( -0.000000000000000000, -1.000000000000000000, -0.000000000000000000 ) ) ;
#2771 = VERTEX_POINT ( 'NONE', #88 ) ;
#2772 = CARTESIAN_POINT ( 'NONE',  ( -2.649999999999999911, 4.549999999999998046, 0.4500000000000000111 ) ) ;
#2773 = EDGE_LOOP ( 'NONE', ( #80, #2748, #2516, #2948 ) ) ;
#2774 = CIRCLE ( 'NONE', #522, 0.1312499999999998668 ) ;
#2775 = CARTESIAN_POINT ( 'NONE',  ( -1.284523257866513557, 0.2000000000000000111, -2.600000000000000089 ) ) ;
#2776 = TOROIDAL_SURFACE ( 'NONE', #2564, 2.399999999999985256, 0.1312500000000000611 ) ;
#2777 = VECTOR ( 'NONE', #336, 1000.000000000000000 ) ;
#2778 = VECTOR ( 'NONE', #496, 1000.000000000000000 ) ;
#2779 = AXIS2_PLACEMENT_3D ( 'NONE', #225, #449, #1427 ) ;
#2780 = DIRECTION ( 'NONE',  ( 0.000000000000000000, -1.000000000000000000, 0.000000000000000000 ) ) ;
#2781 = DIRECTION ( 'NONE',  ( -0.000000000000000000, -1.000000000000000000, -0.000000000000000000 ) ) ;
#2782 = ADVANCED_FACE ( 'NONE', ( #52 ), #422, .T. ) ;
#2783 = VERTEX_POINT ( 'NONE', #2991 ) ;
#2784 = EDGE_CURVE ( 'NONE', #2479, #1804, #1909, .T. ) ;
#2785 = AXIS2_PLACEMENT_3D ( 'NONE', #2106, #1847, #3050 ) ;
#2786 = LINE ( 'NONE', #2751, #2639 ) ;
#2787 = DIRECTION ( 'NONE',  ( 1.000000000000000000, 0.000000000000000000, 0.000000000000000000 ) ) ;
#2788 = VERTEX_POINT ( 'NONE', #2301 ) ;
#2789 = FACE_OUTER_BOUND ( 'NONE', #1350, .T. ) ;
#2790 = CARTESIAN_POINT ( 'NONE',  ( 2.450709892615396512, 0.7101599050006661695, 0.004034874880356312081 ) ) ;
#2791 = ORIENTED_EDGE ( 'NONE', *, *, #634, .F. ) ;
#2792 = CARTESIAN_POINT ( 'NONE',  ( 1.237158227329657301, 4.750084550950230522, -2.399915449049766725 ) ) ;
#2793 = EDGE_LOOP ( 'NONE', ( #793, #2058, #2256, #1226 ) ) ;
#2794 = CONICAL_SURFACE ( 'NONE', #2031, 2.599999999999998312, 0.7853981633974482790 ) ;
#2795 = PLANE ( 'NONE',  #1096 ) ;
#2796 = DIRECTION ( 'NONE',  ( 0.000000000000000000, 0.000000000000000000, -1.000000000000000000 ) ) ;
#2797 = AXIS2_PLACEMENT_3D ( 'NONE', #2228, #1271, #765 ) ;
#2798 = ADVANCED_FACE ( 'NONE', ( #1295 ), #2085, .F. ) ;
#2799 = ORIENTED_EDGE ( 'NONE', *, *, #393, .T. ) ;
#2800 = AXIS2_PLACEMENT_3D ( 'NONE', #2474, #45, #1011 ) ;
#2801 = AXIS2_PLACEMENT_3D ( 'NONE', #1030, #1990, #1016 ) ;
#2802 = ADVANCED_FACE ( 'NONE', ( #124 ), #1144, .T. ) ;
#2803 = CARTESIAN_POINT ( 'NONE',  ( -1.284523257866512891, 4.849999999999999645, 2.600000000000000089 ) ) ;
#2804 = VERTEX_POINT ( 'NONE', #69 ) ;
#2805 = EDGE_CURVE ( 'NONE', #741, #762, #527, .T. ) ;
#2806 = DIRECTION ( 'NONE',  ( 0.000000000000000000, -0.000000000000000000, -1.000000000000000000 ) ) ;
#2807 = DIRECTION ( 'NONE',  ( -1.000000000000000000, 0.000000000000000000, -0.000000000000000000 ) ) ;
#2808 = CARTESIAN_POINT ( 'NONE',  ( -2.864873470155357538, 4.549999999999998046, -0.4500000000000000111 ) ) ;
#2809 = ORIENTED_EDGE ( 'NONE', *, *, #2694, .T. ) ;
#2810 = PLANE ( 'NONE',  #680 ) ;
#2811 = CARTESIAN_POINT ( 'NONE',  ( -2.397849462365590600, 0.7000000000000013989, -0.1015773391709190732 ) ) ;
#2812 = EDGE_LOOP ( 'NONE', ( #1908, #2998, #2319, #95 ) ) ;
#2813 = FACE_OUTER_BOUND ( 'NONE', #113, .T. ) ;
#2814 = ORIENTED_EDGE ( 'NONE', *, *, #318, .T. ) ;
#2815 = CARTESIAN_POINT ( 'NONE',  ( 0.6500000000000005773, 0.000000000000000000, -2.600000000000000089 ) ) ;
#2816 = EDGE_CURVE ( 'NONE', #157, #2872, #2614, .T. ) ;
#2817 = CARTESIAN_POINT ( 'NONE',  ( 2.723131729981723481, 4.669015198671170985, 0.5690151986711738941 ) ) ;
#2818 = ORIENTED_EDGE ( 'NONE', *, *, #1901, .F. ) ;
#2819 = CARTESIAN_POINT ( 'NONE',  ( -2.406806950703167747, 0.7002265131142129118, 0.09468004233948654202 ) ) ;
#2820 = CARTESIAN_POINT ( 'NONE',  ( 0.000000000000000000, 0.000000000000000000, 0.000000000000000000 ) ) ;
#2821 = LINE ( 'NONE', #1616, #220 ) ;
#2822 = VECTOR ( 'NONE', #782, 1000.000000000000000 ) ;
#2823 = CIRCLE ( 'NONE', #2862, 2.399999999999974598 ) ;
#2824 = ORIENTED_EDGE ( 'NONE', *, *, #860, .T. ) ;
#2825 = PLANE ( 'NONE',  #2118 ) ;
#2826 = ORIENTED_EDGE ( 'NONE', *, *, #2708, .F. ) ;
#2827 = DIRECTION ( 'NONE',  ( 0.000000000000000000, 0.000000000000000000, -1.000000000000000000 ) ) ;
#2828 = DIRECTION ( 'NONE',  ( 6.834751344692818976E-16, 0.000000000000000000, 1.000000000000000000 ) ) ;
#2829 = CARTESIAN_POINT ( 'NONE',  ( 0.000000000000000000, 4.849999999999999645, 0.000000000000000000 ) ) ;
#2830 = ORIENTED_EDGE ( 'NONE', *, *, #204, .F. ) ;
#2831 = EDGE_CURVE ( 'NONE', #1646, #626, #578, .T. ) ;
#2832 = CARTESIAN_POINT ( 'NONE',  ( 2.939152317953643654E-16, 3.325000000000002398, 2.399999999999993694 ) ) ;
#2833 = LINE ( 'NONE', #653, #1204 ) ;
#2834 = CIRCLE ( 'NONE', #1000, 0.1250000000000001943 ) ;
#2835 = CARTESIAN_POINT ( 'NONE',  ( 0.000000000000000000, 3.849999999999999201, 0.000000000000000000 ) ) ;
#2836 = CIRCLE ( 'NONE', #1320, 0.1312500000000002831 ) ;
#2837 = EDGE_CURVE ( 'NONE', #2980, #2028, #1055, .T. ) ;
#2838 = DIRECTION ( 'NONE',  ( -1.000000000000000000, 0.000000000000000000, -0.000000000000000000 ) ) ;
#2839 = ORIENTED_EDGE ( 'NONE', *, *, #2279, .F. ) ;
#2840 = CARTESIAN_POINT ( 'NONE',  ( 0.000000000000000000, 1.618750000000001243, -2.399999999999977707 ) ) ;
#2841 = CIRCLE ( 'NONE', #293, 2.200000000000000178 ) ;
#2842 = DIRECTION ( 'NONE',  ( -0.000000000000000000, -1.000000000000000000, -0.000000000000000000 ) ) ;
#2843 = CARTESIAN_POINT ( 'NONE',  ( 0.000000000000000000, 0.7000000000000029532, 0.000000000000000000 ) ) ;
#2844 = ORIENTED_EDGE ( 'NONE', *, *, #1749, .T. ) ;
#2845 = ADVANCED_FACE ( 'NONE', ( #2248 ), #2406, .T. ) ;
#2846 = B_SPLINE_CURVE_WITH_KNOTS ( 'NONE', 3,
 ( #640, #2610, #2386, #2128 ),
 .UNSPECIFIED., .F., .F.,
 ( 4, 4 ),
 ( 0.000000000000000000, 0.0002253865905983378133 ),
 .UNSPECIFIED. ) ;
#2847 = ADVANCED_FACE ( 'NONE', ( #784 ), #1107, .F. ) ;
#2848 = PLANE ( 'NONE',  #2746 ) ;
#2849 = FACE_OUTER_BOUND ( 'NONE', #509, .T. ) ;
#2850 = FACE_OUTER_BOUND ( 'NONE', #1235, .T. ) ;
#2851 = ORIENTED_EDGE ( 'NONE', *, *, #2502, .F. ) ;
#2852 = CYLINDRICAL_SURFACE ( 'NONE', #913, 2.899999999999999911 ) ;
#2853 = DIRECTION ( 'NONE',  ( -0.000000000000000000, -1.000000000000000000, -0.000000000000000000 ) ) ;
#2854 = CARTESIAN_POINT ( 'NONE',  ( 0.000000000000000000, 4.849999999999999645, 0.000000000000000000 ) ) ;
#2855 = ORIENTED_EDGE ( 'NONE', *, *, #957, .F. ) ;
#2856 = VERTEX_POINT ( 'NONE', #541 ) ;
#2857 = DIRECTION ( 'NONE',  ( 0.000000000000000000, 0.000000000000000000, -1.000000000000000000 ) ) ;
#2858 = CARTESIAN_POINT ( 'NONE',  ( 0.000000000000000000, 4.849999999999999645, -0.4500000000000000111 ) ) ;
#2859 = CARTESIAN_POINT ( 'NONE',  ( 2.939152317953629849E-16, 2.406250000000001776, 2.399999999999985256 ) ) ;
#2860 = AXIS2_PLACEMENT_3D ( 'NONE', #2835, #1858, #3086 ) ;
#2861 = CIRCLE ( 'NONE', #1705, 2.399999999999971934 ) ;
#2862 = AXIS2_PLACEMENT_3D ( 'NONE', #1349, #3074, #900 ) ;
#2863 = ORIENTED_EDGE ( 'NONE', *, *, #202, .T. ) ;
#2864 = AXIS2_PLACEMENT_3D ( 'NONE', #1678, #926, #1914 ) ;
#2865 = CARTESIAN_POINT ( 'NONE',  ( -1.284523257866512891, 0.2000000000000000111, 2.600000000000000089 ) ) ;
#2866 = EDGE_CURVE ( 'NONE', #1027, #2408, #2666, .T. ) ;
#2867 = AXIS2_PLACEMENT_3D ( 'NONE', #1661, #1390, #2626 ) ;
#2868 = CARTESIAN_POINT ( 'NONE',  ( 2.649999999999999911, 0.7000000000000000666, -0.4500000000000000111 ) ) ;
#2869 = CARTESIAN_POINT ( 'NONE',  ( 2.649999999999999911, 4.726865671641788502, -0.6268656716417907449 ) ) ;
#2870 = CARTESIAN_POINT ( 'NONE',  ( 0.000000000000000000, 1.618750000000001243, 0.000000000000000000 ) ) ;
#2871 = EDGE_LOOP ( 'NONE', ( #1770, #320, #272, #125 ) ) ;
#2872 = VERTEX_POINT ( 'NONE', #368 ) ;
#2873 = ORIENTED_EDGE ( 'NONE', *, *, #1431, .F. ) ;
#2874 = CARTESIAN_POINT ( 'NONE',  ( -0.6500000000000000222, 0.2000000000000000111, 2.600000000000000533 ) ) ;
#2875 = CYLINDRICAL_SURFACE ( 'NONE', #1253, 0.1250000000000001943 ) ;
#2876 = FACE_OUTER_BOUND ( 'NONE', #521, .T. ) ;
#2877 = EDGE_CURVE ( 'NONE', #1020, #188, #1330, .T. ) ;
#2878 = VERTEX_POINT ( 'NONE', #561 ) ;
#2879 = AXIS2_PLACEMENT_3D ( 'NONE', #2727, #792, #2452 ) ;
#2880 = DIRECTION ( 'NONE',  ( 0.000000000000000000, 0.000000000000000000, 1.000000000000000000 ) ) ;
#2881 = EDGE_CURVE ( 'NONE', #1034, #2025, #2317, .T. ) ;
#2882 = EDGE_CURVE ( 'NONE', #628, #2197, #2284, .T. ) ;
#2883 = CARTESIAN_POINT ( 'NONE',  ( 0.000000000000000000, 2.668750000000001954, 0.000000000000000000 ) ) ;
#2884 = CARTESIAN_POINT ( 'NONE',  ( 0.000000000000000000, 0.000000000000000000, -2.199999999999999734 ) ) ;
#2885 = LINE ( 'NONE', #1478, #1354 ) ;
#2886 = AXIS2_PLACEMENT_3D ( 'NONE', #245, #1221, #2194 ) ;
#2887 = VERTEX_POINT ( 'NONE', #3030 ) ;
#2888 = ORIENTED_EDGE ( 'NONE', *, *, #1629, .F. ) ;
#2889 = STYLED_ITEM ( 'NONE', ( #523 ), #433 ) ;
#2890 = AXIS2_PLACEMENT_3D ( 'NONE', #2677, #24, #2172 ) ;
#2891 = CARTESIAN_POINT ( 'NONE',  ( -0.6500000000000000222, 0.2000000000000000111, 2.600000000000000533 ) ) ;
#2892 = DIRECTION ( 'NONE',  ( -1.000000000000000000, 0.000000000000000000, 2.018308117240545420E-15 ) ) ;
#2893 = CARTESIAN_POINT ( 'NONE',  ( 2.649999999999999911, 0.2000000000000000111, 0.4500000000000000111 ) ) ;
#2894 = ORIENTED_EDGE ( 'NONE', *, *, #3097, .T. ) ;
#2895 = DIRECTION ( 'NONE',  ( -0.000000000000000000, -1.000000000000000000, -0.000000000000000000 ) ) ;
#2896 = CARTESIAN_POINT ( 'NONE',  ( 0.000000000000000000, 3.718750000000002220, 0.000000000000000000 ) ) ;
#2897 = CARTESIAN_POINT ( 'NONE',  ( -2.864873470155357538, 0.2000000000000000111, 0.4500000000000000111 ) ) ;
#2898 = CARTESIAN_POINT ( 'NONE',  ( 2.864873470155357538, 0.2000000000000000111, 0.4500000000000000111 ) ) ;
#2899 = EDGE_LOOP ( 'NONE', ( #2149, #1056, #1717, #1515 ) ) ;
#2900 = EDGE_CURVE ( 'NONE', #365, #615, #1502, .T. ) ;
#2901 = ORIENTED_EDGE ( 'NONE', *, *, #1856, .T. ) ;
#2902 = CARTESIAN_POINT ( 'NONE',  ( 0.000000000000000000, 3.062500000000001776, -2.399999999999991029 ) ) ;
#2903 = CARTESIAN_POINT ( 'NONE',  ( 2.939152317953638724E-16, 3.062500000000001776, 2.399999999999991029 ) ) ;
#2904 = CARTESIAN_POINT ( 'NONE',  ( 2.649999999999999911, 0.2000000000000000111, 0.4500000000000000111 ) ) ;
#2905 = ORIENTED_EDGE ( 'NONE', *, *, #623, .T. ) ;
#2906 = ORIENTED_EDGE ( 'NONE', *, *, #1387, .F. ) ;
#2907 = DIRECTION ( 'NONE',  ( 1.000000000000000000, 0.000000000000000000, 0.000000000000000000 ) ) ;
#2908 = VERTEX_POINT ( 'NONE', #1830 ) ;
#2909 = DIRECTION ( 'NONE',  ( 0.000000000000000000, 0.000000000000000000, 1.000000000000000000 ) ) ;
#2910 = CIRCLE ( 'NONE', #2117, 2.899999999999999911 ) ;
#2911 =( GEOMETRIC_REPRESENTATION_CONTEXT ( 3 ) GLOBAL_UNCERTAINTY_ASSIGNED_CONTEXT ( ( #2005 ) ) GLOBAL_UNIT_ASSIGNED_CONTEXT ( ( #2532, #363, #850 ) ) REPRESENTATION_CONTEXT ( 'NONE', 'WORKASPACE' ) );
#2912 = DIRECTION ( 'NONE',  ( 0.000000000000000000, 0.000000000000000000, -1.000000000000000000 ) ) ;
#2913 = B_SPLINE_CURVE_WITH_KNOTS ( 'NONE', 3,
 ( #2190, #2453, #992, #1968 ),
 .UNSPECIFIED., .F., .F.,
 ( 4, 4 ),
 ( 0.000000000000000000, 0.0002253865905983375422 ),
 .UNSPECIFIED. ) ;
#2914 = CARTESIAN_POINT ( 'NONE',  ( 2.649999999999999911, 4.849999999999999645, 0.4500000000000000111 ) ) ;
#2915 = ORIENTED_EDGE ( 'NONE', *, *, #2653, .F. ) ;
#2916 = AXIS2_PLACEMENT_3D ( 'NONE', #90, #2285, #2487 ) ;
#2917 =( GEOMETRIC_REPRESENTATION_CONTEXT ( 3 ) GLOBAL_UNCERTAINTY_ASSIGNED_CONTEXT ( ( #1339 ) ) GLOBAL_UNIT_ASSIGNED_CONTEXT ( ( #141, #880, #1369 ) ) REPRESENTATION_CONTEXT ( 'NONE', 'WORKASPACE' ) );
#2918 = VERTEX_POINT ( 'NONE', #612 ) ;
#2919 = CYLINDRICAL_SURFACE ( 'NONE', #845, 0.4500000000000000111 ) ;
#2920 = EDGE_CURVE ( 'NONE', #201, #2701, #596, .T. ) ;
#2921 = ADVANCED_FACE ( 'NONE', ( #464 ), #2202, .T. ) ;
#2922 = CYLINDRICAL_SURFACE ( 'NONE', #2993, 2.899999999999999911 ) ;
#2923 = CARTESIAN_POINT ( 'NONE',  ( 2.864873470155357538, 4.549999999999998046, -0.4500000000000000111 ) ) ;
#2924 = FACE_OUTER_BOUND ( 'NONE', #1433, .T. ) ;
#2925 = EDGE_LOOP ( 'NONE', ( #1001, #1316 ) ) ;
#2926 = CARTESIAN_POINT ( 'NONE',  ( 0.000000000000000000, 1.356250000000001066, -2.399999999999974598 ) ) ;
#2927 = VERTEX_POINT ( 'NONE', #451 ) ;
#2928 = CARTESIAN_POINT ( 'NONE',  ( -2.649999999999999911, 3.849999999999999201, 0.4500000000000000111 ) ) ;
#2929 = FACE_OUTER_BOUND ( 'NONE', #1319, .T. ) ;
#2930 = AXIS2_PLACEMENT_3D ( 'NONE', #450, #2678, #1892 ) ;
#2931 = DIRECTION ( 'NONE',  ( 0.000000000000000000, -1.000000000000000000, 0.000000000000000000 ) ) ;
#2932 = ORIENTED_EDGE ( 'NONE', *, *, #1663, .T. ) ;
#2933 = ORIENTED_EDGE ( 'NONE', *, *, #1051, .F. ) ;
#2934 = CONICAL_SURFACE ( 'NONE', #1578, 2.599999999999998312, 0.7853981633974482790 ) ;
#2935 = DIRECTION ( 'NONE',  ( -1.000000000000000000, 0.000000000000000000, 0.000000000000000000 ) ) ;
#2936 = CIRCLE ( 'NONE', #1373, 2.399999999999988365 ) ;
#2937 = VECTOR ( 'NONE', #2384, 1000.000000000000000 ) ;
#2938 = CARTESIAN_POINT ( 'NONE',  ( -2.649999999999999911, 4.849999999999999645, -0.4500000000000000111 ) ) ;
#2939 = CARTESIAN_POINT ( 'NONE',  ( 0.000000000000000000, 4.849999999999999645, -2.600000000000000089 ) ) ;
#2940 = EDGE_CURVE ( 'NONE', #2164, #1218, #180, .T. ) ;
#2941 = VERTEX_POINT ( 'NONE', #3139 ) ;
#2942 = PLANE ( 'NONE',  #296 ) ;
#2943 = EDGE_LOOP ( 'NONE', ( #1043, #1740, #2342, #2436 ) ) ;
#2944 = PLANE ( 'NONE',  #1265 ) ;
#2945 = PLANE ( 'NONE',  #804 ) ;
#2946 = CARTESIAN_POINT ( 'NONE',  ( -2.723131729981723481, 4.669015198671170985, 0.5690151986711737830 ) ) ;
#2947 = CARTESIAN_POINT ( 'NONE',  ( 0.000000000000000000, 1.750000000000001332, 0.000000000000000000 ) ) ;
#2948 = ORIENTED_EDGE ( 'NONE', *, *, #1663, .F. ) ;
#2949 = ORIENTED_EDGE ( 'NONE', *, *, #1360, .T. ) ;
#2950 = UNCERTAINTY_MEASURE_WITH_UNIT (LENGTH_MEASURE( 1.000000000000000082E-05 ), #1843, 'distance_accuracy_value', 'NONE');
#2951 = CARTESIAN_POINT ( 'NONE',  ( 2.649999999999999911, 0.000000000000000000, 0.000000000000000000 ) ) ;
#2952 = CARTESIAN_POINT ( 'NONE',  ( 2.649999999999999911, 4.726865671641788502, -0.6268656716417907449 ) ) ;
#2953 = DIRECTION ( 'NONE',  ( 1.000000000000000000, 0.000000000000000000, -1.224646799147353207E-16 ) ) ;
#2954 = ORIENTED_EDGE ( 'NONE', *, *, #116, .T. ) ;
#2955 = EDGE_CURVE ( 'NONE', #391, #1409, #1655, .T. ) ;
#2956 = DIRECTION ( 'NONE',  ( 1.000000000000000000, 0.000000000000000000, 0.000000000000000000 ) ) ;
#2957 = ORIENTED_EDGE ( 'NONE', *, *, #555, .T. ) ;
#2958 = DIRECTION ( 'NONE',  ( 1.000000000000000000, 0.000000000000000000, -6.834751344692839684E-16 ) ) ;
#2959 = EDGE_CURVE ( 'NONE', #2192, #858, #2885, .T. ) ;
#2960 = DIRECTION ( 'NONE',  ( -1.000000000000000000, 0.000000000000000000, 0.000000000000000000 ) ) ;
#2961 = ORIENTED_EDGE ( 'NONE', *, *, #1293, .F. ) ;
#2962 = LINE ( 'NONE', #1336, #2410 ) ;
#2963 = CARTESIAN_POINT ( 'NONE',  ( 2.440062917254736341, 0.7062404225864622465, -0.05072565443291140314 ) ) ;
#2964 = VERTEX_POINT ( 'NONE', #1716 ) ;
#2965 = ORIENTED_EDGE ( 'NONE', *, *, #2674, .F. ) ;
#2966 = AXIS2_PLACEMENT_3D ( 'NONE', #2643, #487, #470 ) ;
#2967 = FACE_OUTER_BOUND ( 'NONE', #660, .T. ) ;
#2968 = AXIS2_PLACEMENT_3D ( 'NONE', #1735, #512, #1248 ) ;
#2969 = CIRCLE ( 'NONE', #2361, 2.399999999999999467 ) ;
#2970 = ORIENTED_EDGE ( 'NONE', *, *, #1853, .T. ) ;
#2971 = COLOUR_RGB ( '',0.7921568627450980005, 0.8196078431372548767, 0.9333333333333333481 ) ;
#2972 = ADVANCED_FACE ( 'NONE', ( #271 ), #1216, .F. ) ;
#2973 = LINE ( 'NONE', #559, #1327 ) ;
#2974 = DIRECTION ( 'NONE',  ( 0.000000000000000000, 0.000000000000000000, -1.000000000000000000 ) ) ;
#2975 = CARTESIAN_POINT ( 'NONE',  ( 0.6500000000000000222, 0.2000000000000000111, 2.600000000000000533 ) ) ;
#2976 = SURFACE_SIDE_STYLE ('',( #2707 ) ) ;
#2977 = DIRECTION ( 'NONE',  ( 0.000000000000000000, -0.000000000000000000, -1.000000000000000000 ) ) ;
#2978 = EDGE_CURVE ( 'NONE', #2616, #2941, #472, .T. ) ;
#2979 = DIRECTION ( 'NONE',  ( 0.000000000000000000, 0.000000000000000000, -1.000000000000000000 ) ) ;
#2980 = VERTEX_POINT ( 'NONE', #1949 ) ;
#2981 = DIRECTION ( 'NONE',  ( -0.000000000000000000, -1.000000000000000000, -0.000000000000000000 ) ) ;
#2982 = VERTEX_POINT ( 'NONE', #256 ) ;
#2983 = EDGE_CURVE ( 'NONE', #2080, #3034, #2633, .T. ) ;
#2984 = ORIENTED_EDGE ( 'NONE', *, *, #2549, .T. ) ;
#2985 = PLANE ( 'NONE',  #896 ) ;
#2986 = VECTOR ( 'NONE', #2960, 1000.000000000000000 ) ;
#2987 = CARTESIAN_POINT ( 'NONE',  ( 2.649999999999999911, 0.000000000000000000, 0.000000000000000000 ) ) ;
#2988 = VERTEX_POINT ( 'NONE', #2898 ) ;
#2989 = VECTOR ( 'NONE', #2277, 1000.000000000000000 ) ;
#2990 = DIRECTION ( 'NONE',  ( 0.000000000000000000, 0.7071067811865474617, -0.7071067811865474617 ) ) ;
#2991 = CARTESIAN_POINT ( 'NONE',  ( -1.284523257866513557, 4.549999999999998046, -2.600000000000000089 ) ) ;
#2992 = AXIS2_PLACEMENT_3D ( 'NONE', #60, #3003, #1266 ) ;
#2993 = AXIS2_PLACEMENT_3D ( 'NONE', #745, #681, #714 ) ;
#2994 = CARTESIAN_POINT ( 'NONE',  ( 0.000000000000000000, 0.6999999999999999556, 0.000000000000000000 ) ) ;
#2995 = STYLED_ITEM ( 'NONE', ( #1426 ), #361 ) ;
#2996 = VECTOR ( 'NONE', #719, 1000.000000000000000 ) ;
#2997 = CARTESIAN_POINT ( 'NONE',  ( 2.649999999999999911, 4.849999999999999645, 0.000000000000000000 ) ) ;
#2998 = ORIENTED_EDGE ( 'NONE', *, *, #1275, .F. ) ;
#2999 = CYLINDRICAL_SURFACE ( 'NONE', #821, 2.199999999999999734 ) ;
#3000 = DIRECTION ( 'NONE',  ( 0.000000000000000000, 0.000000000000000000, -1.000000000000000000 ) ) ;
#3001 = VERTEX_POINT ( 'NONE', #3125 ) ;
#3002 = CARTESIAN_POINT ( 'NONE',  ( -2.794695346411885328, 4.610015356685953414, 0.5100153566859559895 ) ) ;
#3003 = DIRECTION ( 'NONE',  ( -0.000000000000000000, -1.000000000000000000, -0.000000000000000000 ) ) ;
#3004 = EDGE_LOOP ( 'NONE', ( #2021, #2249, #1617, #1328 ) ) ;
#3005 = DIRECTION ( 'NONE',  ( 1.000000000000000000, 0.000000000000000000, 2.522885146550681775E-16 ) ) ;
#3006 = ORIENTED_EDGE ( 'NONE', *, *, #1577, .F. ) ;
#3007 = LINE ( 'NONE', #2050, #1783 ) ;
#3008 = ADVANCED_FACE ( 'NONE', ( #9, #227 ), #1232, .F. ) ;
#3009 = CARTESIAN_POINT ( 'NONE',  ( -2.864873470155357538, 4.849999999999999645, 0.4500000000000000111 ) ) ;
#3010 = DIRECTION ( 'NONE',  ( 0.000000000000000000, 0.000000000000000000, -1.000000000000000000 ) ) ;
#3011 = ORIENTED_EDGE ( 'NONE', *, *, #1174, .T. ) ;
#3012 = DIRECTION ( 'NONE',  ( -1.224646799147352221E-16, 0.000000000000000000, -1.000000000000000000 ) ) ;
#3013 = DIRECTION ( 'NONE',  ( 1.000000000000000000, -0.000000000000000000, 0.000000000000000000 ) ) ;
#3014 = VERTEX_POINT ( 'NONE', #721 ) ;
#3015 = CARTESIAN_POINT ( 'NONE',  ( 0.6500000000000005773, 0.2000000000000000111, -2.600000000000000089 ) ) ;
#3016 = CARTESIAN_POINT ( 'NONE',  ( 0.000000000000000000, 1.487500000000001155, -2.399999999999974598 ) ) ;
#3017 = EDGE_LOOP ( 'NONE', ( #334, #1013, #3120 ) ) ;
#3018 = FILL_AREA_STYLE ('',( #1309 ) ) ;
#3019 = CARTESIAN_POINT ( 'NONE',  ( -0.6500000000000000222, 0.000000000000000000, 2.600000000000000533 ) ) ;
#3020 = ORIENTED_EDGE ( 'NONE', *, *, #1434, .T. ) ;
#3021 = VECTOR ( 'NONE', #1205, 1000.000000000000000 ) ;
#3022 = EDGE_CURVE ( 'NONE', #2856, #1182, #1198, .T. ) ;
#3023 = AXIS2_PLACEMENT_3D ( 'NONE', #2997, #2503, #136 ) ;
#3024 = VECTOR ( 'NONE', #2056, 1000.000000000000000 ) ;
#3025 = CIRCLE ( 'NONE', #2779, 2.899999999999999911 ) ;
#3026 = ADVANCED_FACE ( 'NONE', ( #2649 ), #2699, .F. ) ;
#3027 = ADVANCED_FACE ( 'NONE', ( #1494 ), #221, .T. ) ;
#3028 = EDGE_CURVE ( 'NONE', #2278, #917, #2913, .T. ) ;
#3029 = DIRECTION ( 'NONE',  ( 0.000000000000000000, -1.000000000000000000, 0.000000000000000000 ) ) ;
#3030 = CARTESIAN_POINT ( 'NONE',  ( -2.649999999999999911, 0.2000000000000000111, -0.4500000000000000111 ) ) ;
#3031 = ORIENTED_EDGE ( 'NONE', *, *, #12, .T. ) ;
#3032 = DIRECTION ( 'NONE',  ( 0.000000000000000000, -1.000000000000000000, 0.000000000000000000 ) ) ;
#3033 = CARTESIAN_POINT ( 'NONE',  ( 2.649999999999999911, 0.2000000000000000111, 0.000000000000000000 ) ) ;
#3034 = VERTEX_POINT ( 'NONE', #691 ) ;
#3035 = APPLICATION_PROTOCOL_DEFINITION ( 'draft international standard', 'automotive_design', 1998, #2170 ) ;
#3036 = CARTESIAN_POINT ( 'NONE',  ( -2.324999999999999734, 0.1000000000000014488, 0.1250000000000001943 ) ) ;
#3037 = DIRECTION ( 'NONE',  ( 0.000000000000000000, 0.000000000000000000, -1.000000000000000000 ) ) ;
#3038 = CARTESIAN_POINT ( 'NONE',  ( 0.000000000000000000, 3.193750000000002309, 0.000000000000000000 ) ) ;
#3039 = ORIENTED_EDGE ( 'NONE', *, *, #1177, .T. ) ;
#3040 = CIRCLE ( 'NONE', #697, 2.199999999999999734 ) ;
#3041 = DIRECTION ( 'NONE',  ( 0.000000000000000000, -1.000000000000000000, 0.000000000000000000 ) ) ;
#3042 = CARTESIAN_POINT ( 'NONE',  ( -2.397849462365590600, 0.7000000000000013989, 0.1015773391709190732 ) ) ;
#3043 = DIRECTION ( 'NONE',  ( -0.000000000000000000, -1.000000000000000000, -0.000000000000000000 ) ) ;
#3044 = AXIS2_PLACEMENT_3D ( 'NONE', #2240, #2770, #1822 ) ;
#3045 = CONICAL_SURFACE ( 'NONE', #914, 0.4500000000000000111, 0.7853981633974480570 ) ;
#3046 = ADVANCED_FACE ( 'NONE', ( #238 ), #895, .T. ) ;
#3047 = ORIENTED_EDGE ( 'NONE', *, *, #1272, .F. ) ;
#3048 = VECTOR ( 'NONE', #1985, 1000.000000000000000 ) ;
#3049 = VECTOR ( 'NONE', #1476, 1000.000000000000000 ) ;
#3050 = DIRECTION ( 'NONE',  ( -1.000000000000000000, 0.000000000000000000, 6.834751344692840670E-16 ) ) ;
#3051 = ORIENTED_EDGE ( 'NONE', *, *, #2226, .F. ) ;
#3052 = CYLINDRICAL_SURFACE ( 'NONE', #2036, 0.4500000000000000111 ) ;
#3053 = EDGE_CURVE ( 'NONE', #1842, #2091, #377, .T. ) ;
#3054 = CARTESIAN_POINT ( 'NONE',  ( -1.284523257866513557, 0.2000000000000000111, -2.600000000000000089 ) ) ;
#3055 = VERTEX_POINT ( 'NONE', #2022 ) ;
#3056 = CARTESIAN_POINT ( 'NONE',  ( -1.284523257866513557, 0.000000000000000000, -2.600000000000000089 ) ) ;
#3057 = DIRECTION ( 'NONE',  ( -0.000000000000000000, -1.000000000000000000, -0.000000000000000000 ) ) ;
#3058 = CARTESIAN_POINT ( 'NONE',  ( -2.324999999999999734, 0.1000000000000014488, -0.1250000000000001943 ) ) ;
#3059 = ORIENTED_EDGE ( 'NONE', *, *, #3082, .T. ) ;
#3060 = CARTESIAN_POINT ( 'NONE',  ( 0.000000000000000000, 2.537500000000001421, -2.399999999999985256 ) ) ;
#3061 = ORIENTED_EDGE ( 'NONE', *, *, #1668, .T. ) ;
#3062 = ADVANCED_FACE ( 'NONE', ( #2729 ), #287, .T. ) ;
#3063 = CARTESIAN_POINT ( 'NONE',  ( -0.6500000000000000222, 0.2000000000000000111, 2.600000000000000533 ) ) ;
#3064 = FACE_OUTER_BOUND ( 'NONE', #649, .T. ) ;
#3065 = DIRECTION ( 'NONE',  ( 0.000000000000000000, 0.000000000000000000, -1.000000000000000000 ) ) ;
#3066 = EDGE_LOOP ( 'NONE', ( #1718, #1923, #2498, #3143 ) ) ;
#3067 = EDGE_CURVE ( 'NONE', #917, #195, #1206, .T. ) ;
#3068 = VECTOR ( 'NONE', #2225, 1000.000000000000000 ) ;
#3069 = AXIS2_PLACEMENT_3D ( 'NONE', #1346, #2522, #611 ) ;
#3070 = DIRECTION ( 'NONE',  ( 0.000000000000000000, 0.000000000000000000, 1.000000000000000000 ) ) ;
#3071 = CARTESIAN_POINT ( 'NONE',  ( 0.000000000000000000, 0.7000000000000000666, 0.000000000000000000 ) ) ;
#3072 = VECTOR ( 'NONE', #2747, 1000.000000000000000 ) ;
#3073 = CIRCLE ( 'NONE', #1303, 2.200000000000000178 ) ;
#3074 = DIRECTION ( 'NONE',  ( -0.000000000000000000, -1.000000000000000000, -0.000000000000000000 ) ) ;
#3075 = ORIENTED_EDGE ( 'NONE', *, *, #3022, .T. ) ;
#3076 = DIRECTION ( 'NONE',  ( 1.000000000000000000, 0.000000000000000000, 0.000000000000000000 ) ) ;
#3077 = FACE_OUTER_BOUND ( 'NONE', #76, .T. ) ;
#3078 = EDGE_CURVE ( 'NONE', #2028, #543, #2473, .T. ) ;
#3079 = LINE ( 'NONE', #2401, #2464 ) ;
#3080 = FACE_OUTER_BOUND ( 'NONE', #3081, .T. ) ;
#3081 = EDGE_LOOP ( 'NONE', ( #86, #2650, #2595, #2691, #2506 ) ) ;
#3082 = EDGE_CURVE ( 'NONE', #1300, #2908, #96, .T. ) ;
#3083 = FACE_OUTER_BOUND ( 'NONE', #2492, .T. ) ;
#3084 = DIRECTION ( 'NONE',  ( 0.000000000000000000, 0.000000000000000000, -1.000000000000000000 ) ) ;
#3085 = AXIS2_PLACEMENT_3D ( 'NONE', #1130, #2122, #2326 ) ;
#3086 = DIRECTION ( 'NONE',  ( 0.000000000000000000, 0.000000000000000000, -1.000000000000000000 ) ) ;
#3087 = VECTOR ( 'NONE', #3005, 1000.000000000000000 ) ;
#3088 = CARTESIAN_POINT ( 'NONE',  ( 2.864873470155357538, 4.849999999999999645, -0.4500000000000000111 ) ) ;
#3089 = VERTEX_POINT ( 'NONE', #2769 ) ;
#3090 =( NAMED_UNIT ( * ) SI_UNIT ( $, .STERADIAN. ) SOLID_ANGLE_UNIT ( ) );
#3091 = LINE ( 'NONE', #2307, #2287 ) ;
#3092 = AXIS2_PLACEMENT_3D ( 'NONE', #16, #1691, #2857 ) ;
#3093 = PLANE ( 'NONE',  #2667 ) ;
#3094 = DIRECTION ( 'NONE',  ( 0.000000000000000000, 0.000000000000000000, -1.000000000000000000 ) ) ;
#3095 = VERTEX_POINT ( 'NONE', #603 ) ;
#3096 = ORIENTED_EDGE ( 'NONE', *, *, #726, .T. ) ;
#3097 = EDGE_CURVE ( 'NONE', #3055, #2616, #1062, .T. ) ;
#3098 = FACE_OUTER_BOUND ( 'NONE', #1366, .T. ) ;
#3099 = DIRECTION ( 'NONE',  ( 0.000000000000000000, -1.000000000000000000, 0.000000000000000000 ) ) ;
#3100 = CARTESIAN_POINT ( 'NONE',  ( -2.494339622641506882, 4.849999999999999645, -0.7336687583103257415 ) ) ;
#3101 = EDGE_CURVE ( 'NONE', #701, #2753, #1821, .T. ) ;
#3102 = EDGE_CURVE ( 'NONE', #2771, #722, #2962, .T. ) ;
#3103 = ORIENTED_EDGE ( 'NONE', *, *, #941, .F. ) ;
#3104 = CARTESIAN_POINT ( 'NONE',  ( 0.000000000000000000, 3.849999999999999201, -0.4500000000000000111 ) ) ;
#3105 = EDGE_CURVE ( 'NONE', #1576, #1409, #1761, .T. ) ;
#3106 = CARTESIAN_POINT ( 'NONE',  ( 2.939152317953647106E-16, 0.7000000000000029532, 2.399999999999999467 ) ) ;
#3107 = DIRECTION ( 'NONE',  ( 0.000000000000000000, 0.000000000000000000, -1.000000000000000000 ) ) ;
#3108 = EDGE_LOOP ( 'NONE', ( #1694, #20, #11, #1375 ) ) ;
#3109 = ORIENTED_EDGE ( 'NONE', *, *, #957, .T. ) ;
#3110 = EDGE_CURVE ( 'NONE', #1046, #572, #2123, .T. ) ;
#3111 = FACE_OUTER_BOUND ( 'NONE', #2899, .T. ) ;
#3112 = FACE_OUTER_BOUND ( 'NONE', #315, .T. ) ;
#3113 = PLANE ( 'NONE',  #730 ) ;
#3114 = ADVANCED_FACE ( 'NONE', ( #2529 ), #737, .T. ) ;
#3115 = EDGE_CURVE ( 'NONE', #1413, #2475, #1191, .T. ) ;
#3116 = VECTOR ( 'NONE', #3131, 1000.000000000000000 ) ;
#3117 = ADVANCED_FACE ( 'NONE', ( #2789 ), #583, .T. ) ;
#3118 = AXIS2_PLACEMENT_3D ( 'NONE', #2052, #840, #2796 ) ;
#3119 = CIRCLE ( 'NONE', #222, 0.1312499999999985623 ) ;
#3120 = ORIENTED_EDGE ( 'NONE', *, *, #2151, .F. ) ;
#3121 =( LENGTH_UNIT ( ) NAMED_UNIT ( * ) SI_UNIT ( .MILLI., .METRE. ) );
#3122 = VECTOR ( 'NONE', #1024, 1000.000000000000000 ) ;
#3123 = CARTESIAN_POINT ( 'NONE',  ( -0.6500000000000000222, 0.2000000000000000111, 2.600000000000000533 ) ) ;
#3124 = LINE ( 'NONE', #2390, #1367 ) ;
#3125 = CARTESIAN_POINT ( 'NONE',  ( 0.6500000000000005773, 0.2000000000000000111, -2.600000000000000089 ) ) ;
#3126 = DIRECTION ( 'NONE',  ( -1.000000000000000000, 0.000000000000000000, 0.000000000000000000 ) ) ;
#3127 = ORIENTED_EDGE ( 'NONE', *, *, #2983, .T. ) ;
#3128 = ORIENTED_EDGE ( 'NONE', *, *, #1771, .T. ) ;
#3129 = LINE ( 'NONE', #2891, #2037 ) ;
#3130 = DIRECTION ( 'NONE',  ( -0.000000000000000000, -1.000000000000000000, -0.000000000000000000 ) ) ;
#3131 = DIRECTION ( 'NONE',  ( -0.000000000000000000, -1.000000000000000000, -0.000000000000000000 ) ) ;
#3132 = AXIS2_PLACEMENT_3D ( 'NONE', #1197, #2632, #212 ) ;
#3133 = ADVANCED_FACE ( 'NONE', ( #530 ), #1283, .T. ) ;
#3134 = ORIENTED_EDGE ( 'NONE', *, *, #2226, .T. ) ;
#3135 = AXIS2_PLACEMENT_3D ( 'NONE', #2298, #2111, #2592 ) ;
#3136 = FILL_AREA_STYLE ('',( #688 ) ) ;
#3137 = CARTESIAN_POINT ( 'NONE',  ( 2.397849462365590600, 0.7000000000000013989, -0.1015773391709190732 ) ) ;
#3138 = CIRCLE ( 'NONE', #2992, 2.399999999999985256 ) ;
#3139 = CARTESIAN_POINT ( 'NONE',  ( 1.284523257866512891, 4.549999999999998046, 2.600000000000000089 ) ) ;
#3140 = CIRCLE ( 'NONE', #3092, 2.200000000000000178 ) ;
#3141 = DIRECTION ( 'NONE',  ( 0.000000000000000000, 0.000000000000000000, 1.000000000000000000 ) ) ;
#3142 = ORIENTED_EDGE ( 'NONE', *, *, #3102, .T. ) ;
#3143 = ORIENTED_EDGE ( 'NONE', *, *, #2328, .F. ) ;
#3144 = AXIS2_PLACEMENT_3D ( 'NONE', #40, #869, #2101 ) ;
#3145 = AXIS2_PLACEMENT_3D ( 'NONE', #599, #1634, #2977 ) ;
ENDSEC;
END-ISO-10303-21;
