ISO-10303-21;
HEADER;
/* Generated by software containing ST-Developer
 * from STEP Tools, Inc. (www.steptools.com) 
 */

FILE_DESCRIPTION(
/* description */ (''),
/* implementation_level */ '2;1');

FILE_NAME(
/* name */ 'HPC 8040NC-4R7M.step',
/* time_stamp */ '2026-04-16T00:49:24-04:00',
/* author */ (''),
/* organization */ (''),
/* preprocessor_version */ 'ST-DEVELOPER v20.1',
/* originating_system */ 'Autodesk Translation Framework v14.24.0.0',
/* authorisation */ '');

FILE_SCHEMA (('AUTOMOTIVE_DESIGN { 1 0 10303 214 3 1 1 }'));
ENDSEC;

DATA;
#10=MECHANICAL_DESIGN_GEOMETRIC_PRESENTATION_REPRESENTATION('',(#1094,#1095,
#1096,#1097,#1098,#1099,#1100),#2165);
#11=SHAPE_REPRESENTATION_RELATIONSHIP('SRR','None',#2172,#12);
#12=ADVANCED_BREP_SHAPE_REPRESENTATION('',(#13),#2164);
#13=MANIFOLD_SOLID_BREP('Body3',#1167);
#14=FACE_BOUND('',#192,.T.);
#15=FACE_BOUND('',#195,.T.);
#16=ELLIPSE('',#1232,0.989949493661166,0.7);
#17=ELLIPSE('',#1233,0.989949493661166,0.7);
#18=ELLIPSE('',#1235,0.989949493661166,0.7);
#19=ELLIPSE('',#1237,0.989949493661166,0.7);
#20=ELLIPSE('',#1255,0.989949493661167,0.7);
#21=ELLIPSE('',#1256,0.989949493661167,0.7);
#22=ELLIPSE('',#1258,0.989949493661166,0.7);
#23=ELLIPSE('',#1259,0.989949493661166,0.7);
#24=PLANE('',#1201);
#25=PLANE('',#1202);
#26=PLANE('',#1203);
#27=PLANE('',#1204);
#28=PLANE('',#1205);
#29=PLANE('',#1207);
#30=PLANE('',#1208);
#31=PLANE('',#1210);
#32=PLANE('',#1212);
#33=PLANE('',#1260);
#34=PLANE('',#1261);
#35=PLANE('',#1262);
#36=PLANE('',#1263);
#37=PLANE('',#1264);
#38=PLANE('',#1265);
#39=PLANE('',#1266);
#40=PLANE('',#1267);
#41=PLANE('',#1268);
#42=PLANE('',#1269);
#43=PLANE('',#1270);
#44=PLANE('',#1271);
#45=PLANE('',#1272);
#46=PLANE('',#1273);
#47=PLANE('',#1274);
#48=PLANE('',#1275);
#49=PLANE('',#1276);
#50=PLANE('',#1277);
#51=PLANE('',#1278);
#52=PLANE('',#1279);
#53=PLANE('',#1280);
#54=PLANE('',#1281);
#55=PLANE('',#1282);
#56=PLANE('',#1283);
#57=PLANE('',#1284);
#58=PLANE('',#1285);
#59=PLANE('',#1286);
#60=PLANE('',#1287);
#61=PLANE('',#1288);
#62=PLANE('',#1289);
#63=PLANE('',#1290);
#64=PLANE('',#1291);
#65=PLANE('',#1292);
#66=TOROIDAL_SURFACE('',#1184,0.699999984353781,0.125);
#67=TOROIDAL_SURFACE('',#1187,1.7,0.7);
#68=TOROIDAL_SURFACE('',#1194,0.699999984353781,0.125);
#69=TOROIDAL_SURFACE('',#1197,1.7,0.7);
#70=TOROIDAL_SURFACE('',#1213,1.7,0.7);
#71=TOROIDAL_SURFACE('',#1217,1.7,0.7);
#72=TOROIDAL_SURFACE('',#1219,1.7,0.7);
#73=TOROIDAL_SURFACE('',#1223,1.7,0.7);
#74=TOROIDAL_SURFACE('',#1226,1.7,0.7);
#75=TOROIDAL_SURFACE('',#1238,1.7,0.7);
#76=TOROIDAL_SURFACE('',#1242,1.7,0.7);
#77=TOROIDAL_SURFACE('',#1243,1.7,0.7);
#78=TOROIDAL_SURFACE('',#1245,1.7,0.7);
#79=TOROIDAL_SURFACE('',#1248,1.7,0.7);
#80=FACE_OUTER_BOUND('',#146,.T.);
#81=FACE_OUTER_BOUND('',#147,.T.);
#82=FACE_OUTER_BOUND('',#148,.T.);
#83=FACE_OUTER_BOUND('',#149,.T.);
#84=FACE_OUTER_BOUND('',#150,.T.);
#85=FACE_OUTER_BOUND('',#151,.T.);
#86=FACE_OUTER_BOUND('',#152,.T.);
#87=FACE_OUTER_BOUND('',#153,.T.);
#88=FACE_OUTER_BOUND('',#154,.T.);
#89=FACE_OUTER_BOUND('',#155,.T.);
#90=FACE_OUTER_BOUND('',#156,.T.);
#91=FACE_OUTER_BOUND('',#157,.T.);
#92=FACE_OUTER_BOUND('',#158,.T.);
#93=FACE_OUTER_BOUND('',#159,.T.);
#94=FACE_OUTER_BOUND('',#160,.T.);
#95=FACE_OUTER_BOUND('',#161,.T.);
#96=FACE_OUTER_BOUND('',#162,.T.);
#97=FACE_OUTER_BOUND('',#163,.T.);
#98=FACE_OUTER_BOUND('',#164,.T.);
#99=FACE_OUTER_BOUND('',#165,.T.);
#100=FACE_OUTER_BOUND('',#166,.T.);
#101=FACE_OUTER_BOUND('',#167,.T.);
#102=FACE_OUTER_BOUND('',#168,.T.);
#103=FACE_OUTER_BOUND('',#169,.T.);
#104=FACE_OUTER_BOUND('',#170,.T.);
#105=FACE_OUTER_BOUND('',#171,.T.);
#106=FACE_OUTER_BOUND('',#172,.T.);
#107=FACE_OUTER_BOUND('',#173,.T.);
#108=FACE_OUTER_BOUND('',#174,.T.);
#109=FACE_OUTER_BOUND('',#175,.T.);
#110=FACE_OUTER_BOUND('',#176,.T.);
#111=FACE_OUTER_BOUND('',#177,.T.);
#112=FACE_OUTER_BOUND('',#178,.T.);
#113=FACE_OUTER_BOUND('',#179,.T.);
#114=FACE_OUTER_BOUND('',#180,.T.);
#115=FACE_OUTER_BOUND('',#181,.T.);
#116=FACE_OUTER_BOUND('',#182,.T.);
#117=FACE_OUTER_BOUND('',#183,.T.);
#118=FACE_OUTER_BOUND('',#184,.T.);
#119=FACE_OUTER_BOUND('',#185,.T.);
#120=FACE_OUTER_BOUND('',#186,.T.);
#121=FACE_OUTER_BOUND('',#187,.T.);
#122=FACE_OUTER_BOUND('',#188,.T.);
#123=FACE_OUTER_BOUND('',#189,.T.);
#124=FACE_OUTER_BOUND('',#190,.T.);
#125=FACE_OUTER_BOUND('',#191,.T.);
#126=FACE_OUTER_BOUND('',#193,.T.);
#127=FACE_OUTER_BOUND('',#194,.T.);
#128=FACE_OUTER_BOUND('',#196,.T.);
#129=FACE_OUTER_BOUND('',#197,.T.);
#130=FACE_OUTER_BOUND('',#198,.T.);
#131=FACE_OUTER_BOUND('',#199,.T.);
#132=FACE_OUTER_BOUND('',#200,.T.);
#133=FACE_OUTER_BOUND('',#201,.T.);
#134=FACE_OUTER_BOUND('',#202,.T.);
#135=FACE_OUTER_BOUND('',#203,.T.);
#136=FACE_OUTER_BOUND('',#204,.T.);
#137=FACE_OUTER_BOUND('',#205,.T.);
#138=FACE_OUTER_BOUND('',#206,.T.);
#139=FACE_OUTER_BOUND('',#207,.T.);
#140=FACE_OUTER_BOUND('',#208,.T.);
#141=FACE_OUTER_BOUND('',#209,.T.);
#142=FACE_OUTER_BOUND('',#210,.T.);
#143=FACE_OUTER_BOUND('',#211,.T.);
#144=FACE_OUTER_BOUND('',#212,.T.);
#145=FACE_OUTER_BOUND('',#213,.T.);
#146=EDGE_LOOP('',(#744,#745,#746,#747,#748,#749,#750));
#147=EDGE_LOOP('',(#751,#752,#753,#754,#755));
#148=EDGE_LOOP('',(#756,#757,#758,#759,#760,#761,#762,#763));
#149=EDGE_LOOP('',(#764,#765,#766,#767,#768,#769,#770));
#150=EDGE_LOOP('',(#771,#772,#773,#774,#775));
#151=EDGE_LOOP('',(#776,#777,#778,#779,#780,#781,#782,#783));
#152=EDGE_LOOP('',(#784,#785,#786,#787));
#153=EDGE_LOOP('',(#788,#789,#790,#791,#792,#793));
#154=EDGE_LOOP('',(#794,#795,#796,#797));
#155=EDGE_LOOP('',(#798,#799,#800,#801,#802,#803));
#156=EDGE_LOOP('',(#804,#805,#806));
#157=EDGE_LOOP('',(#807,#808,#809,#810));
#158=EDGE_LOOP('',(#811,#812,#813));
#159=EDGE_LOOP('',(#814,#815,#816));
#160=EDGE_LOOP('',(#817,#818,#819,#820));
#161=EDGE_LOOP('',(#821,#822,#823,#824,#825,#826,#827));
#162=EDGE_LOOP('',(#828,#829,#830,#831));
#163=EDGE_LOOP('',(#832,#833,#834,#835));
#164=EDGE_LOOP('',(#836,#837,#838,#839));
#165=EDGE_LOOP('',(#840,#841,#842,#843));
#166=EDGE_LOOP('',(#844,#845,#846,#847,#848,#849));
#167=EDGE_LOOP('',(#850,#851,#852,#853));
#168=EDGE_LOOP('',(#854,#855,#856,#857));
#169=EDGE_LOOP('',(#858,#859,#860,#861));
#170=EDGE_LOOP('',(#862,#863,#864,#865));
#171=EDGE_LOOP('',(#866,#867,#868,#869,#870,#871));
#172=EDGE_LOOP('',(#872,#873,#874,#875));
#173=EDGE_LOOP('',(#876,#877,#878,#879,#880,#881,#882));
#174=EDGE_LOOP('',(#883,#884,#885,#886));
#175=EDGE_LOOP('',(#887,#888,#889,#890));
#176=EDGE_LOOP('',(#891,#892,#893,#894));
#177=EDGE_LOOP('',(#895,#896,#897,#898));
#178=EDGE_LOOP('',(#899,#900,#901,#902));
#179=EDGE_LOOP('',(#903,#904,#905));
#180=EDGE_LOOP('',(#906,#907,#908,#909));
#181=EDGE_LOOP('',(#910,#911,#912));
#182=EDGE_LOOP('',(#913,#914,#915));
#183=EDGE_LOOP('',(#916,#917,#918,#919));
#184=EDGE_LOOP('',(#920,#921,#922));
#185=EDGE_LOOP('',(#923,#924,#925));
#186=EDGE_LOOP('',(#926,#927,#928,#929));
#187=EDGE_LOOP('',(#930,#931,#932,#933));
#188=EDGE_LOOP('',(#934,#935,#936,#937,#938,#939,#940));
#189=EDGE_LOOP('',(#941,#942,#943,#944,#945,#946));
#190=EDGE_LOOP('',(#947,#948,#949,#950,#951,#952,#953));
#191=EDGE_LOOP('',(#954,#955,#956,#957,#958));
#192=EDGE_LOOP('',(#959));
#193=EDGE_LOOP('',(#960,#961,#962,#963,#964));
#194=EDGE_LOOP('',(#965,#966,#967,#968,#969));
#195=EDGE_LOOP('',(#970));
#196=EDGE_LOOP('',(#971,#972,#973,#974,#975,#976,#977,#978));
#197=EDGE_LOOP('',(#979,#980,#981,#982,#983,#984,#985,#986));
#198=EDGE_LOOP('',(#987,#988,#989,#990,#991,#992,#993,#994));
#199=EDGE_LOOP('',(#995,#996,#997,#998,#999));
#200=EDGE_LOOP('',(#1000,#1001,#1002,#1003,#1004));
#201=EDGE_LOOP('',(#1005,#1006,#1007,#1008,#1009));
#202=EDGE_LOOP('',(#1010,#1011,#1012,#1013,#1014,#1015,#1016));
#203=EDGE_LOOP('',(#1017,#1018,#1019,#1020,#1021,#1022));
#204=EDGE_LOOP('',(#1023,#1024,#1025,#1026,#1027,#1028,#1029));
#205=EDGE_LOOP('',(#1030,#1031,#1032,#1033));
#206=EDGE_LOOP('',(#1034,#1035,#1036,#1037));
#207=EDGE_LOOP('',(#1038,#1039,#1040,#1041,#1042,#1043));
#208=EDGE_LOOP('',(#1044,#1045,#1046,#1047,#1048));
#209=EDGE_LOOP('',(#1049,#1050,#1051,#1052,#1053,#1054,#1055,#1056));
#210=EDGE_LOOP('',(#1057,#1058,#1059,#1060,#1061));
#211=EDGE_LOOP('',(#1062,#1063,#1064,#1065,#1066,#1067));
#212=EDGE_LOOP('',(#1068,#1069,#1070,#1071,#1072,#1073,#1074,#1075,#1076,
#1077,#1078,#1079));
#213=EDGE_LOOP('',(#1080,#1081,#1082,#1083));
#214=B_SPLINE_CURVE_WITH_KNOTS('',3,(#1621,#1622,#1623,#1624,#1625,#1626,
#1627,#1628,#1629,#1630,#1631,#1632,#1633,#1634,#1635,#1636),
 .UNSPECIFIED.,.F.,.F.,(4,2,2,2,2,2,2,4),(-0.0491109600165882,-0.0482760705741887,
-0.0457053445791457,-0.0426556202424084,-0.0379609709556189,-0.0314754359727341,
-0.0269265996020042,-0.0232126047530489),.UNSPECIFIED.);
#215=B_SPLINE_CURVE_WITH_KNOTS('',3,(#1638,#1639,#1640,#1641,#1642,#1643,
#1644,#1645,#1646,#1647,#1648,#1649,#1650,#1651,#1652,#1653,#1654,#1655,
#1656,#1657),.UNSPECIFIED.,.F.,.F.,(4,2,2,2,2,2,2,2,2,4),(-0.0377170997287677,
-0.0362580685846796,-0.0323495723864219,-0.0274483720678831,-0.0225907275232567,
-0.0178076396818467,-0.0132105618737452,-0.0086526945130568,-0.00414883652618633,
-0.00208404411853848),.UNSPECIFIED.);
#216=B_SPLINE_CURVE_WITH_KNOTS('',3,(#1658,#1659,#1660,#1661,#1662,#1663,
#1664,#1665,#1666,#1667,#1668,#1669,#1670,#1671,#1672,#1673,#1674,#1675,
#1676),.UNSPECIFIED.,.F.,.F.,(4,2,2,2,2,2,3,2,4),(-0.0232126047530489,-0.0231475768746032,
-0.0191778749924309,-0.0139871470459086,-0.00700303560070805,-0.00286070697297396,
0.,0.00171035312772781,0.00276904345424996),.UNSPECIFIED.);
#217=B_SPLINE_CURVE_WITH_KNOTS('',3,(#1686,#1687,#1688,#1689,#1690,#1691),
 .UNSPECIFIED.,.F.,.F.,(4,2,4),(0.763833674687754,0.78693702432077,0.829221317177212),
 .UNSPECIFIED.);
#218=B_SPLINE_CURVE_WITH_KNOTS('',3,(#1693,#1694,#1695,#1696),
 .UNSPECIFIED.,.F.,.F.,(4,4),(0.0976537878979141,0.110769746797827),
 .UNSPECIFIED.);
#219=B_SPLINE_CURVE_WITH_KNOTS('',3,(#1700,#1701,#1702,#1703),
 .UNSPECIFIED.,.F.,.F.,(4,4),(0.847094659080164,0.86021061799308),
 .UNSPECIFIED.);
#220=B_SPLINE_CURVE_WITH_KNOTS('',3,(#1705,#1706,#1707,#1708,#1709,#1710),
 .UNSPECIFIED.,.F.,.F.,(4,2,4),(0.00968703649514275,0.0519713293393275,
0.0750746789723437),.UNSPECIFIED.);
#221=B_SPLINE_CURVE_WITH_KNOTS('',3,(#1715,#1716,#1717,#1718,#1719,#1720,
#1721,#1722,#1723,#1724,#1725,#1726,#1727,#1728,#1729,#1730,#1731,#1732,
#1733),.UNSPECIFIED.,.F.,.F.,(4,2,3,2,2,2,2,2,4),(-0.00276399612617037,
-0.00259848310405426,0.,0.00176415821257074,0.00529353361973524,0.0109029462859151,
0.0163413598695567,0.0202520807864844,0.0225102349465652),.UNSPECIFIED.);
#222=B_SPLINE_CURVE_WITH_KNOTS('',3,(#1735,#1736,#1737,#1738,#1739,#1740,
#1741,#1742,#1743,#1744,#1745,#1746,#1747,#1748,#1749,#1750,#1751,#1752,
#1753,#1754),.UNSPECIFIED.,.F.,.F.,(4,2,2,2,2,2,2,2,2,4),(-0.0377170966455672,
-0.0362580692697169,-0.0323495742677735,-0.0274483741342817,-0.0225907297947272,
-0.0178076416580993,-0.0132105634541018,-0.008652695849314,-0.00414883674175282,
-0.00208404098985915),.UNSPECIFIED.);
#223=B_SPLINE_CURVE_WITH_KNOTS('',3,(#1755,#1756,#1757,#1758,#1759,#1760,
#1761,#1762,#1763,#1764,#1765,#1766,#1767,#1768,#1769,#1770),
 .UNSPECIFIED.,.F.,.F.,(4,2,2,2,2,2,2,4),(0.0225102349465652,0.0238283308300921,
0.0278607732866997,0.0333210670825387,0.0391023680942234,0.042554319825695,
0.04515250645702,0.0470711724601363),.UNSPECIFIED.);
#224=B_SPLINE_CURVE_WITH_KNOTS('',3,(#1784,#1785,#1786,#1787,#1788,#1789),
 .UNSPECIFIED.,.F.,.F.,(4,2,4),(0.763833674687754,0.78693702432077,0.829221316298639),
 .UNSPECIFIED.);
#225=B_SPLINE_CURVE_WITH_KNOTS('',3,(#1791,#1792,#1793,#1794),
 .UNSPECIFIED.,.F.,.F.,(4,4),(0.0976537869924799,0.11076974711285),
 .UNSPECIFIED.);
#226=B_SPLINE_CURVE_WITH_KNOTS('',3,(#1798,#1799,#1800,#1801),
 .UNSPECIFIED.,.F.,.F.,(4,4),(0.847094656118312,0.860210616251685),
 .UNSPECIFIED.);
#227=B_SPLINE_CURVE_WITH_KNOTS('',3,(#1803,#1804,#1805,#1806,#1807,#1808),
 .UNSPECIFIED.,.F.,.F.,(4,2,4),(0.0096870373737167,0.0519713293393277,0.075074678972344),
 .UNSPECIFIED.);
#228=B_SPLINE_CURVE_WITH_KNOTS('',3,(#1894,#1895,#1896,#1897,#1898,#1899),
 .UNSPECIFIED.,.F.,.F.,(4,2,4),(0.763841084416916,0.786944434049932,0.83891576338926),
 .UNSPECIFIED.);
#229=B_SPLINE_CURVE_WITH_KNOTS('',3,(#1902,#1903,#1904,#1905,#1906,#1907),
 .UNSPECIFIED.,.F.,.F.,(4,2,4),(0.,0.0519713293393273,0.0750746789723432),
 .UNSPECIFIED.);
#230=B_SPLINE_CURVE_WITH_KNOTS('',3,(#1916,#1917,#1918,#1919,#1920,#1921),
 .UNSPECIFIED.,.F.,.F.,(4,2,4),(0.,0.0519713293393273,0.0750746789723432),
 .UNSPECIFIED.);
#231=B_SPLINE_CURVE_WITH_KNOTS('',3,(#1923,#1924,#1925,#1926,#1927,#1928),
 .UNSPECIFIED.,.F.,.F.,(4,2,4),(0.763841084416916,0.786944434049932,0.83891576338926),
 .UNSPECIFIED.);
#232=B_SPLINE_CURVE_WITH_KNOTS('',3,(#1936,#1937,#1938,#1939),
 .UNSPECIFIED.,.F.,.F.,(4,4),(0.0976537790124763,0.110769749889292),
 .UNSPECIFIED.);
#233=B_SPLINE_CURVE_WITH_KNOTS('',3,(#1943,#1944,#1945,#1946),
 .UNSPECIFIED.,.F.,.F.,(4,4),(0.847094630014158,0.860210600903977),
 .UNSPECIFIED.);
#234=B_SPLINE_CURVE_WITH_KNOTS('',3,(#1947,#1948,#1949,#1950,#1951,#1952),
 .UNSPECIFIED.,.F.,.F.,(4,2,4),(0.00968704511698781,0.0519713293393273,
0.0750746789723431),.UNSPECIFIED.);
#235=B_SPLINE_CURVE_WITH_KNOTS('',3,(#1953,#1954,#1955,#1956,#1957,#1958),
 .UNSPECIFIED.,.F.,.F.,(4,2,4),(0.763841084416916,0.786944434049932,0.829228718284529),
 .UNSPECIFIED.);
#236=B_SPLINE_CURVE_WITH_KNOTS('',3,(#1982,#1983,#1984,#1985,#1986,#1987),
 .UNSPECIFIED.,.F.,.F.,(4,2,4),(0.00968704511698791,0.0519713293393273,
0.0750746789723431),.UNSPECIFIED.);
#237=B_SPLINE_CURVE_WITH_KNOTS('',3,(#1989,#1990,#1991,#1992,#1993,#1994),
 .UNSPECIFIED.,.F.,.F.,(4,2,4),(0.763841084416917,0.786944434049932,0.829228718284529),
 .UNSPECIFIED.);
#238=B_SPLINE_CURVE_WITH_KNOTS('',3,(#1995,#1996,#1997,#1998),
 .UNSPECIFIED.,.F.,.F.,(4,4),(0.0976537790124763,0.110769749889292),
 .UNSPECIFIED.);
#239=B_SPLINE_CURVE_WITH_KNOTS('',3,(#1999,#2000,#2001,#2002),
 .UNSPECIFIED.,.F.,.F.,(4,4),(0.847094630014158,0.860210600903977),
 .UNSPECIFIED.);
#240=B_SPLINE_CURVE_WITH_KNOTS('',3,(#2005,#2006,#2007,#2008,#2009,#2010),
 .UNSPECIFIED.,.F.,.F.,(4,2,4),(0.763841084416916,0.786944434049932,0.83891576338926),
 .UNSPECIFIED.);
#241=B_SPLINE_CURVE_WITH_KNOTS('',3,(#2013,#2014,#2015,#2016,#2017,#2018),
 .UNSPECIFIED.,.F.,.F.,(4,2,4),(0.,0.0519713293393273,0.0750746789723432),
 .UNSPECIFIED.);
#242=B_SPLINE_CURVE_WITH_KNOTS('',3,(#2025,#2026,#2027,#2028,#2029,#2030),
 .UNSPECIFIED.,.F.,.F.,(4,2,4),(0.,0.0519713293393273,0.0750746789723432),
 .UNSPECIFIED.);
#243=B_SPLINE_CURVE_WITH_KNOTS('',3,(#2032,#2033,#2034,#2035,#2036,#2037),
 .UNSPECIFIED.,.F.,.F.,(4,2,4),(0.763841084416916,0.786944434049932,0.83891576338926),
 .UNSPECIFIED.);
#244=LINE('',#1619,#338);
#245=LINE('',#1772,#339);
#246=LINE('',#1813,#340);
#247=LINE('',#1815,#341);
#248=LINE('',#1817,#342);
#249=LINE('',#1818,#343);
#250=LINE('',#1821,#344);
#251=LINE('',#1823,#345);
#252=LINE('',#1825,#346);
#253=LINE('',#1827,#347);
#254=LINE('',#1828,#348);
#255=LINE('',#1832,#349);
#256=LINE('',#1834,#350);
#257=LINE('',#1836,#351);
#258=LINE('',#1837,#352);
#259=LINE('',#1841,#353);
#260=LINE('',#1843,#354);
#261=LINE('',#1845,#355);
#262=LINE('',#1846,#356);
#263=LINE('',#1847,#357);
#264=LINE('',#1853,#358);
#265=LINE('',#1854,#359);
#266=LINE('',#1858,#360);
#267=LINE('',#1860,#361);
#268=LINE('',#1862,#362);
#269=LINE('',#1863,#363);
#270=LINE('',#1868,#364);
#271=LINE('',#1869,#365);
#272=LINE('',#1875,#366);
#273=LINE('',#1876,#367);
#274=LINE('',#1880,#368);
#275=LINE('',#1882,#369);
#276=LINE('',#1884,#370);
#277=LINE('',#1885,#371);
#278=LINE('',#1931,#372);
#279=LINE('',#1932,#373);
#280=LINE('',#1963,#374);
#281=LINE('',#2040,#375);
#282=LINE('',#2041,#376);
#283=LINE('',#2046,#377);
#284=LINE('',#2056,#378);
#285=LINE('',#2057,#379);
#286=LINE('',#2060,#380);
#287=LINE('',#2062,#381);
#288=LINE('',#2063,#382);
#289=LINE('',#2066,#383);
#290=LINE('',#2067,#384);
#291=LINE('',#2070,#385);
#292=LINE('',#2071,#386);
#293=LINE('',#2074,#387);
#294=LINE('',#2076,#388);
#295=LINE('',#2077,#389);
#296=LINE('',#2080,#390);
#297=LINE('',#2081,#391);
#298=LINE('',#2084,#392);
#299=LINE('',#2085,#393);
#300=LINE('',#2087,#394);
#301=LINE('',#2088,#395);
#302=LINE('',#2089,#396);
#303=LINE('',#2092,#397);
#304=LINE('',#2094,#398);
#305=LINE('',#2095,#399);
#306=LINE('',#2097,#400);
#307=LINE('',#2100,#401);
#308=LINE('',#2101,#402);
#309=LINE('',#2103,#403);
#310=LINE('',#2105,#404);
#311=LINE('',#2108,#405);
#312=LINE('',#2109,#406);
#313=LINE('',#2111,#407);
#314=LINE('',#2113,#408);
#315=LINE('',#2116,#409);
#316=LINE('',#2117,#410);
#317=LINE('',#2119,#411);
#318=LINE('',#2121,#412);
#319=LINE('',#2124,#413);
#320=LINE('',#2125,#414);
#321=LINE('',#2127,#415);
#322=LINE('',#2129,#416);
#323=LINE('',#2132,#417);
#324=LINE('',#2133,#418);
#325=LINE('',#2135,#419);
#326=LINE('',#2137,#420);
#327=LINE('',#2140,#421);
#328=LINE('',#2141,#422);
#329=LINE('',#2144,#423);
#330=LINE('',#2145,#424);
#331=LINE('',#2148,#425);
#332=LINE('',#2149,#426);
#333=LINE('',#2152,#427);
#334=LINE('',#2153,#428);
#335=LINE('',#2156,#429);
#336=LINE('',#2157,#430);
#337=LINE('',#2159,#431);
#338=VECTOR('',#1299,0.125);
#339=VECTOR('',#1318,0.125);
#340=VECTOR('',#1339,10.);
#341=VECTOR('',#1340,10.);
#342=VECTOR('',#1341,10.);
#343=VECTOR('',#1342,10.);
#344=VECTOR('',#1345,10.);
#345=VECTOR('',#1346,10.);
#346=VECTOR('',#1347,10.);
#347=VECTOR('',#1348,10.);
#348=VECTOR('',#1349,10.);
#349=VECTOR('',#1352,10.);
#350=VECTOR('',#1353,10.);
#351=VECTOR('',#1354,10.);
#352=VECTOR('',#1355,10.);
#353=VECTOR('',#1358,10.);
#354=VECTOR('',#1359,10.);
#355=VECTOR('',#1360,10.);
#356=VECTOR('',#1361,10.);
#357=VECTOR('',#1362,10.);
#358=VECTOR('',#1367,10.);
#359=VECTOR('',#1368,10.);
#360=VECTOR('',#1371,10.);
#361=VECTOR('',#1372,10.);
#362=VECTOR('',#1373,10.);
#363=VECTOR('',#1374,10.);
#364=VECTOR('',#1379,10.);
#365=VECTOR('',#1380,10.);
#366=VECTOR('',#1385,10.);
#367=VECTOR('',#1386,10.);
#368=VECTOR('',#1389,10.);
#369=VECTOR('',#1390,10.);
#370=VECTOR('',#1391,10.);
#371=VECTOR('',#1392,10.);
#372=VECTOR('',#1419,10.);
#373=VECTOR('',#1420,10.);
#374=VECTOR('',#1429,10.);
#375=VECTOR('',#1472,10.);
#376=VECTOR('',#1473,10.);
#377=VECTOR('',#1478,10.);
#378=VECTOR('',#1495,10.);
#379=VECTOR('',#1496,10.);
#380=VECTOR('',#1499,10.);
#381=VECTOR('',#1500,10.);
#382=VECTOR('',#1501,10.);
#383=VECTOR('',#1504,10.);
#384=VECTOR('',#1505,10.);
#385=VECTOR('',#1508,10.);
#386=VECTOR('',#1509,10.);
#387=VECTOR('',#1512,10.);
#388=VECTOR('',#1513,10.);
#389=VECTOR('',#1514,10.);
#390=VECTOR('',#1517,10.);
#391=VECTOR('',#1518,10.);
#392=VECTOR('',#1521,10.);
#393=VECTOR('',#1522,10.);
#394=VECTOR('',#1525,10.);
#395=VECTOR('',#1526,10.);
#396=VECTOR('',#1527,10.);
#397=VECTOR('',#1530,10.);
#398=VECTOR('',#1531,10.);
#399=VECTOR('',#1532,10.);
#400=VECTOR('',#1535,10.);
#401=VECTOR('',#1538,10.);
#402=VECTOR('',#1539,10.);
#403=VECTOR('',#1542,10.);
#404=VECTOR('',#1545,10.);
#405=VECTOR('',#1548,10.);
#406=VECTOR('',#1549,10.);
#407=VECTOR('',#1552,10.);
#408=VECTOR('',#1555,10.);
#409=VECTOR('',#1558,10.);
#410=VECTOR('',#1559,10.);
#411=VECTOR('',#1562,10.);
#412=VECTOR('',#1565,10.);
#413=VECTOR('',#1568,10.);
#414=VECTOR('',#1569,10.);
#415=VECTOR('',#1572,10.);
#416=VECTOR('',#1575,10.);
#417=VECTOR('',#1578,10.);
#418=VECTOR('',#1579,10.);
#419=VECTOR('',#1582,10.);
#420=VECTOR('',#1585,10.);
#421=VECTOR('',#1588,10.);
#422=VECTOR('',#1589,10.);
#423=VECTOR('',#1592,10.);
#424=VECTOR('',#1593,10.);
#425=VECTOR('',#1596,10.);
#426=VECTOR('',#1597,10.);
#427=VECTOR('',#1600,10.);
#428=VECTOR('',#1601,10.);
#429=VECTOR('',#1604,10.);
#430=VECTOR('',#1605,10.);
#431=VECTOR('',#1608,10.);
#432=CIRCLE('',#1182,0.125);
#433=CIRCLE('',#1183,0.125);
#434=CIRCLE('',#1185,0.125);
#435=CIRCLE('',#1186,0.574999984353781);
#436=CIRCLE('',#1188,0.7);
#437=CIRCLE('',#1189,0.7);
#438=CIRCLE('',#1190,0.7);
#439=CIRCLE('',#1192,0.125);
#440=CIRCLE('',#1193,0.125);
#441=CIRCLE('',#1195,0.574999984353781);
#442=CIRCLE('',#1196,0.125);
#443=CIRCLE('',#1198,0.7);
#444=CIRCLE('',#1199,0.7);
#445=CIRCLE('',#1200,0.7);
#446=CIRCLE('',#1206,1.7);
#447=CIRCLE('',#1209,1.7);
#448=CIRCLE('',#1211,1.7);
#449=CIRCLE('',#1214,1.7);
#450=CIRCLE('',#1215,0.7);
#451=CIRCLE('',#1216,1.7);
#452=CIRCLE('',#1218,0.7);
#453=CIRCLE('',#1220,0.7);
#454=CIRCLE('',#1221,1.7);
#455=CIRCLE('',#1222,0.699999999999999);
#456=CIRCLE('',#1224,0.7);
#457=CIRCLE('',#1227,0.7);
#458=CIRCLE('',#1229,0.7);
#459=CIRCLE('',#1230,0.7);
#460=CIRCLE('',#1236,0.7);
#461=CIRCLE('',#1239,0.7);
#462=CIRCLE('',#1240,1.7);
#463=CIRCLE('',#1241,0.7);
#464=CIRCLE('',#1244,0.7);
#465=CIRCLE('',#1246,0.7);
#466=CIRCLE('',#1247,1.7);
#467=CIRCLE('',#1249,0.7);
#468=CIRCLE('',#1252,0.7);
#469=CIRCLE('',#1253,0.7);
#470=VERTEX_POINT('',#1615);
#471=VERTEX_POINT('',#1616);
#472=VERTEX_POINT('',#1618);
#473=VERTEX_POINT('',#1620);
#474=VERTEX_POINT('',#1637);
#475=VERTEX_POINT('',#1679);
#476=VERTEX_POINT('',#1683);
#477=VERTEX_POINT('',#1685);
#478=VERTEX_POINT('',#1692);
#479=VERTEX_POINT('',#1697);
#480=VERTEX_POINT('',#1699);
#481=VERTEX_POINT('',#1704);
#482=VERTEX_POINT('',#1713);
#483=VERTEX_POINT('',#1714);
#484=VERTEX_POINT('',#1734);
#485=VERTEX_POINT('',#1771);
#486=VERTEX_POINT('',#1773);
#487=VERTEX_POINT('',#1777);
#488=VERTEX_POINT('',#1781);
#489=VERTEX_POINT('',#1783);
#490=VERTEX_POINT('',#1790);
#491=VERTEX_POINT('',#1795);
#492=VERTEX_POINT('',#1797);
#493=VERTEX_POINT('',#1802);
#494=VERTEX_POINT('',#1811);
#495=VERTEX_POINT('',#1812);
#496=VERTEX_POINT('',#1814);
#497=VERTEX_POINT('',#1816);
#498=VERTEX_POINT('',#1820);
#499=VERTEX_POINT('',#1822);
#500=VERTEX_POINT('',#1824);
#501=VERTEX_POINT('',#1826);
#502=VERTEX_POINT('',#1830);
#503=VERTEX_POINT('',#1831);
#504=VERTEX_POINT('',#1833);
#505=VERTEX_POINT('',#1835);
#506=VERTEX_POINT('',#1839);
#507=VERTEX_POINT('',#1840);
#508=VERTEX_POINT('',#1842);
#509=VERTEX_POINT('',#1844);
#510=VERTEX_POINT('',#1849);
#511=VERTEX_POINT('',#1850);
#512=VERTEX_POINT('',#1852);
#513=VERTEX_POINT('',#1856);
#514=VERTEX_POINT('',#1857);
#515=VERTEX_POINT('',#1859);
#516=VERTEX_POINT('',#1861);
#517=VERTEX_POINT('',#1865);
#518=VERTEX_POINT('',#1867);
#519=VERTEX_POINT('',#1871);
#520=VERTEX_POINT('',#1872);
#521=VERTEX_POINT('',#1874);
#522=VERTEX_POINT('',#1878);
#523=VERTEX_POINT('',#1879);
#524=VERTEX_POINT('',#1881);
#525=VERTEX_POINT('',#1883);
#526=VERTEX_POINT('',#1887);
#527=VERTEX_POINT('',#1889);
#528=VERTEX_POINT('',#1893);
#529=VERTEX_POINT('',#1900);
#530=VERTEX_POINT('',#1909);
#531=VERTEX_POINT('',#1911);
#532=VERTEX_POINT('',#1915);
#533=VERTEX_POINT('',#1922);
#534=VERTEX_POINT('',#1934);
#535=VERTEX_POINT('',#1935);
#536=VERTEX_POINT('',#1940);
#537=VERTEX_POINT('',#1942);
#538=VERTEX_POINT('',#1960);
#539=VERTEX_POINT('',#1962);
#540=VERTEX_POINT('',#1969);
#541=VERTEX_POINT('',#1971);
#542=VERTEX_POINT('',#1975);
#543=VERTEX_POINT('',#1977);
#544=VERTEX_POINT('',#1981);
#545=VERTEX_POINT('',#1988);
#546=VERTEX_POINT('',#2004);
#547=VERTEX_POINT('',#2011);
#548=VERTEX_POINT('',#2020);
#549=VERTEX_POINT('',#2024);
#550=VERTEX_POINT('',#2031);
#551=VERTEX_POINT('',#2043);
#552=VERTEX_POINT('',#2045);
#553=VERTEX_POINT('',#2055);
#554=VERTEX_POINT('',#2059);
#555=VERTEX_POINT('',#2061);
#556=VERTEX_POINT('',#2065);
#557=VERTEX_POINT('',#2069);
#558=VERTEX_POINT('',#2073);
#559=VERTEX_POINT('',#2075);
#560=VERTEX_POINT('',#2079);
#561=VERTEX_POINT('',#2083);
#562=VERTEX_POINT('',#2091);
#563=VERTEX_POINT('',#2093);
#564=VERTEX_POINT('',#2099);
#565=VERTEX_POINT('',#2107);
#566=VERTEX_POINT('',#2115);
#567=VERTEX_POINT('',#2123);
#568=VERTEX_POINT('',#2131);
#569=VERTEX_POINT('',#2139);
#570=VERTEX_POINT('',#2143);
#571=VERTEX_POINT('',#2147);
#572=VERTEX_POINT('',#2151);
#573=VERTEX_POINT('',#2155);
#574=EDGE_CURVE('',#470,#471,#432,.T.);
#575=EDGE_CURVE('',#470,#472,#244,.T.);
#576=EDGE_CURVE('',#473,#472,#214,.T.);
#577=EDGE_CURVE('',#474,#473,#215,.T.);
#578=EDGE_CURVE('',#472,#474,#216,.T.);
#579=EDGE_CURVE('',#471,#470,#433,.T.);
#580=EDGE_CURVE('',#475,#475,#434,.T.);
#581=EDGE_CURVE('',#475,#471,#435,.T.);
#582=EDGE_CURVE('',#476,#473,#436,.T.);
#583=EDGE_CURVE('',#476,#477,#217,.T.);
#584=EDGE_CURVE('',#477,#478,#218,.T.);
#585=EDGE_CURVE('',#478,#479,#437,.T.);
#586=EDGE_CURVE('',#479,#480,#219,.T.);
#587=EDGE_CURVE('',#481,#480,#220,.F.);
#588=EDGE_CURVE('',#474,#481,#438,.T.);
#589=EDGE_CURVE('',#482,#483,#221,.T.);
#590=EDGE_CURVE('',#484,#482,#222,.T.);
#591=EDGE_CURVE('',#483,#484,#223,.T.);
#592=EDGE_CURVE('',#483,#485,#245,.T.);
#593=EDGE_CURVE('',#485,#486,#439,.T.);
#594=EDGE_CURVE('',#486,#485,#440,.T.);
#595=EDGE_CURVE('',#486,#487,#441,.T.);
#596=EDGE_CURVE('',#487,#487,#442,.T.);
#597=EDGE_CURVE('',#488,#482,#443,.T.);
#598=EDGE_CURVE('',#488,#489,#224,.T.);
#599=EDGE_CURVE('',#489,#490,#225,.T.);
#600=EDGE_CURVE('',#490,#491,#444,.T.);
#601=EDGE_CURVE('',#491,#492,#226,.T.);
#602=EDGE_CURVE('',#493,#492,#227,.F.);
#603=EDGE_CURVE('',#484,#493,#445,.T.);
#604=EDGE_CURVE('',#494,#495,#246,.T.);
#605=EDGE_CURVE('',#494,#496,#247,.T.);
#606=EDGE_CURVE('',#497,#496,#248,.T.);
#607=EDGE_CURVE('',#495,#497,#249,.T.);
#608=EDGE_CURVE('',#496,#498,#250,.T.);
#609=EDGE_CURVE('',#498,#499,#251,.T.);
#610=EDGE_CURVE('',#499,#500,#252,.T.);
#611=EDGE_CURVE('',#500,#501,#253,.T.);
#612=EDGE_CURVE('',#501,#497,#254,.T.);
#613=EDGE_CURVE('',#502,#503,#255,.T.);
#614=EDGE_CURVE('',#502,#504,#256,.T.);
#615=EDGE_CURVE('',#505,#504,#257,.T.);
#616=EDGE_CURVE('',#503,#505,#258,.T.);
#617=EDGE_CURVE('',#506,#507,#259,.T.);
#618=EDGE_CURVE('',#507,#508,#260,.T.);
#619=EDGE_CURVE('',#508,#509,#261,.T.);
#620=EDGE_CURVE('',#509,#505,#262,.T.);
#621=EDGE_CURVE('',#504,#506,#263,.T.);
#622=EDGE_CURVE('',#510,#511,#446,.T.);
#623=EDGE_CURVE('',#512,#510,#264,.T.);
#624=EDGE_CURVE('',#511,#512,#265,.T.);
#625=EDGE_CURVE('',#513,#514,#266,.T.);
#626=EDGE_CURVE('',#515,#513,#267,.T.);
#627=EDGE_CURVE('',#516,#515,#268,.T.);
#628=EDGE_CURVE('',#514,#516,#269,.T.);
#629=EDGE_CURVE('',#481,#517,#447,.T.);
#630=EDGE_CURVE('',#518,#481,#270,.T.);
#631=EDGE_CURVE('',#517,#518,#271,.T.);
#632=EDGE_CURVE('',#519,#520,#448,.T.);
#633=EDGE_CURVE('',#521,#519,#272,.T.);
#634=EDGE_CURVE('',#520,#521,#273,.T.);
#635=EDGE_CURVE('',#522,#523,#274,.T.);
#636=EDGE_CURVE('',#524,#522,#275,.T.);
#637=EDGE_CURVE('',#525,#524,#276,.T.);
#638=EDGE_CURVE('',#523,#525,#277,.T.);
#639=EDGE_CURVE('',#493,#526,#449,.T.);
#640=EDGE_CURVE('',#526,#527,#450,.T.);
#641=EDGE_CURVE('',#527,#488,#451,.T.);
#642=EDGE_CURVE('',#526,#528,#228,.T.);
#643=EDGE_CURVE('',#528,#529,#452,.T.);
#644=EDGE_CURVE('',#529,#527,#229,.T.);
#645=EDGE_CURVE('',#520,#530,#453,.T.);
#646=EDGE_CURVE('',#530,#531,#454,.T.);
#647=EDGE_CURVE('',#531,#519,#455,.T.);
#648=EDGE_CURVE('',#532,#530,#230,.T.);
#649=EDGE_CURVE('',#520,#533,#231,.T.);
#650=EDGE_CURVE('',#533,#532,#456,.T.);
#651=EDGE_CURVE('',#528,#532,#278,.T.);
#652=EDGE_CURVE('',#533,#529,#279,.T.);
#653=EDGE_CURVE('',#534,#535,#232,.T.);
#654=EDGE_CURVE('',#536,#535,#457,.T.);
#655=EDGE_CURVE('',#536,#537,#233,.T.);
#656=EDGE_CURVE('',#519,#537,#234,.F.);
#657=EDGE_CURVE('',#531,#534,#235,.T.);
#658=EDGE_CURVE('',#514,#538,#458,.T.);
#659=EDGE_CURVE('',#538,#539,#280,.T.);
#660=EDGE_CURVE('',#539,#513,#459,.T.);
#661=EDGE_CURVE('',#535,#538,#16,.T.);
#662=EDGE_CURVE('',#514,#536,#17,.T.);
#663=EDGE_CURVE('',#539,#540,#18,.T.);
#664=EDGE_CURVE('',#540,#541,#460,.T.);
#665=EDGE_CURVE('',#541,#513,#19,.T.);
#666=EDGE_CURVE('',#511,#542,#461,.T.);
#667=EDGE_CURVE('',#542,#543,#462,.T.);
#668=EDGE_CURVE('',#543,#510,#463,.T.);
#669=EDGE_CURVE('',#542,#544,#236,.F.);
#670=EDGE_CURVE('',#511,#545,#237,.T.);
#671=EDGE_CURVE('',#545,#541,#238,.T.);
#672=EDGE_CURVE('',#540,#544,#239,.T.);
#673=EDGE_CURVE('',#543,#546,#240,.T.);
#674=EDGE_CURVE('',#546,#547,#464,.T.);
#675=EDGE_CURVE('',#547,#510,#241,.T.);
#676=EDGE_CURVE('',#517,#548,#465,.T.);
#677=EDGE_CURVE('',#548,#476,#466,.T.);
#678=EDGE_CURVE('',#549,#548,#242,.T.);
#679=EDGE_CURVE('',#517,#550,#243,.T.);
#680=EDGE_CURVE('',#550,#549,#467,.T.);
#681=EDGE_CURVE('',#546,#549,#281,.T.);
#682=EDGE_CURVE('',#550,#547,#282,.T.);
#683=EDGE_CURVE('',#523,#551,#468,.T.);
#684=EDGE_CURVE('',#551,#552,#283,.T.);
#685=EDGE_CURVE('',#552,#522,#469,.T.);
#686=EDGE_CURVE('',#478,#551,#20,.T.);
#687=EDGE_CURVE('',#523,#479,#21,.T.);
#688=EDGE_CURVE('',#552,#491,#22,.T.);
#689=EDGE_CURVE('',#490,#522,#23,.T.);
#690=EDGE_CURVE('',#553,#530,#284,.T.);
#691=EDGE_CURVE('',#531,#553,#285,.T.);
#692=EDGE_CURVE('',#554,#538,#286,.T.);
#693=EDGE_CURVE('',#555,#554,#287,.T.);
#694=EDGE_CURVE('',#539,#555,#288,.T.);
#695=EDGE_CURVE('',#556,#493,#289,.T.);
#696=EDGE_CURVE('',#526,#556,#290,.T.);
#697=EDGE_CURVE('',#557,#542,#291,.T.);
#698=EDGE_CURVE('',#543,#557,#292,.T.);
#699=EDGE_CURVE('',#558,#551,#293,.T.);
#700=EDGE_CURVE('',#559,#558,#294,.T.);
#701=EDGE_CURVE('',#552,#559,#295,.T.);
#702=EDGE_CURVE('',#560,#527,#296,.T.);
#703=EDGE_CURVE('',#488,#560,#297,.T.);
#704=EDGE_CURVE('',#561,#548,#298,.T.);
#705=EDGE_CURVE('',#476,#561,#299,.T.);
#706=EDGE_CURVE('',#502,#558,#300,.T.);
#707=EDGE_CURVE('',#495,#502,#301,.T.);
#708=EDGE_CURVE('',#495,#559,#302,.T.);
#709=EDGE_CURVE('',#524,#562,#303,.T.);
#710=EDGE_CURVE('',#563,#562,#304,.T.);
#711=EDGE_CURVE('',#525,#563,#305,.T.);
#712=EDGE_CURVE('',#501,#492,#306,.T.);
#713=EDGE_CURVE('',#489,#564,#307,.T.);
#714=EDGE_CURVE('',#562,#564,#308,.T.);
#715=EDGE_CURVE('',#477,#506,#309,.F.);
#716=EDGE_CURVE('',#500,#556,#310,.T.);
#717=EDGE_CURVE('',#560,#565,#311,.T.);
#718=EDGE_CURVE('',#564,#565,#312,.T.);
#719=EDGE_CURVE('',#507,#561,#313,.T.);
#720=EDGE_CURVE('',#499,#553,#314,.T.);
#721=EDGE_CURVE('',#521,#566,#315,.T.);
#722=EDGE_CURVE('',#565,#566,#316,.T.);
#723=EDGE_CURVE('',#508,#557,#317,.T.);
#724=EDGE_CURVE('',#498,#534,#318,.T.);
#725=EDGE_CURVE('',#537,#567,#319,.T.);
#726=EDGE_CURVE('',#566,#567,#320,.T.);
#727=EDGE_CURVE('',#544,#509,#321,.F.);
#728=EDGE_CURVE('',#494,#554,#322,.T.);
#729=EDGE_CURVE('',#516,#568,#323,.T.);
#730=EDGE_CURVE('',#567,#568,#324,.T.);
#731=EDGE_CURVE('',#503,#555,#325,.T.);
#732=EDGE_CURVE('',#503,#494,#326,.T.);
#733=EDGE_CURVE('',#515,#569,#327,.T.);
#734=EDGE_CURVE('',#568,#569,#328,.T.);
#735=EDGE_CURVE('',#570,#563,#329,.T.);
#736=EDGE_CURVE('',#480,#570,#330,.T.);
#737=EDGE_CURVE('',#571,#570,#331,.T.);
#738=EDGE_CURVE('',#518,#571,#332,.T.);
#739=EDGE_CURVE('',#572,#571,#333,.T.);
#740=EDGE_CURVE('',#512,#572,#334,.T.);
#741=EDGE_CURVE('',#573,#572,#335,.T.);
#742=EDGE_CURVE('',#545,#573,#336,.T.);
#743=EDGE_CURVE('',#569,#573,#337,.T.);
#744=ORIENTED_EDGE('',*,*,#574,.F.);
#745=ORIENTED_EDGE('',*,*,#575,.T.);
#746=ORIENTED_EDGE('',*,*,#576,.F.);
#747=ORIENTED_EDGE('',*,*,#577,.F.);
#748=ORIENTED_EDGE('',*,*,#578,.F.);
#749=ORIENTED_EDGE('',*,*,#575,.F.);
#750=ORIENTED_EDGE('',*,*,#579,.F.);
#751=ORIENTED_EDGE('',*,*,#580,.F.);
#752=ORIENTED_EDGE('',*,*,#581,.T.);
#753=ORIENTED_EDGE('',*,*,#579,.T.);
#754=ORIENTED_EDGE('',*,*,#574,.T.);
#755=ORIENTED_EDGE('',*,*,#581,.F.);
#756=ORIENTED_EDGE('',*,*,#577,.T.);
#757=ORIENTED_EDGE('',*,*,#582,.F.);
#758=ORIENTED_EDGE('',*,*,#583,.T.);
#759=ORIENTED_EDGE('',*,*,#584,.T.);
#760=ORIENTED_EDGE('',*,*,#585,.T.);
#761=ORIENTED_EDGE('',*,*,#586,.T.);
#762=ORIENTED_EDGE('',*,*,#587,.F.);
#763=ORIENTED_EDGE('',*,*,#588,.F.);
#764=ORIENTED_EDGE('',*,*,#589,.F.);
#765=ORIENTED_EDGE('',*,*,#590,.F.);
#766=ORIENTED_EDGE('',*,*,#591,.F.);
#767=ORIENTED_EDGE('',*,*,#592,.T.);
#768=ORIENTED_EDGE('',*,*,#593,.T.);
#769=ORIENTED_EDGE('',*,*,#594,.T.);
#770=ORIENTED_EDGE('',*,*,#592,.F.);
#771=ORIENTED_EDGE('',*,*,#593,.F.);
#772=ORIENTED_EDGE('',*,*,#594,.F.);
#773=ORIENTED_EDGE('',*,*,#595,.T.);
#774=ORIENTED_EDGE('',*,*,#596,.F.);
#775=ORIENTED_EDGE('',*,*,#595,.F.);
#776=ORIENTED_EDGE('',*,*,#590,.T.);
#777=ORIENTED_EDGE('',*,*,#597,.F.);
#778=ORIENTED_EDGE('',*,*,#598,.T.);
#779=ORIENTED_EDGE('',*,*,#599,.T.);
#780=ORIENTED_EDGE('',*,*,#600,.T.);
#781=ORIENTED_EDGE('',*,*,#601,.T.);
#782=ORIENTED_EDGE('',*,*,#602,.F.);
#783=ORIENTED_EDGE('',*,*,#603,.F.);
#784=ORIENTED_EDGE('',*,*,#604,.F.);
#785=ORIENTED_EDGE('',*,*,#605,.T.);
#786=ORIENTED_EDGE('',*,*,#606,.F.);
#787=ORIENTED_EDGE('',*,*,#607,.F.);
#788=ORIENTED_EDGE('',*,*,#608,.T.);
#789=ORIENTED_EDGE('',*,*,#609,.T.);
#790=ORIENTED_EDGE('',*,*,#610,.T.);
#791=ORIENTED_EDGE('',*,*,#611,.T.);
#792=ORIENTED_EDGE('',*,*,#612,.T.);
#793=ORIENTED_EDGE('',*,*,#606,.T.);
#794=ORIENTED_EDGE('',*,*,#613,.F.);
#795=ORIENTED_EDGE('',*,*,#614,.T.);
#796=ORIENTED_EDGE('',*,*,#615,.F.);
#797=ORIENTED_EDGE('',*,*,#616,.F.);
#798=ORIENTED_EDGE('',*,*,#617,.T.);
#799=ORIENTED_EDGE('',*,*,#618,.T.);
#800=ORIENTED_EDGE('',*,*,#619,.T.);
#801=ORIENTED_EDGE('',*,*,#620,.T.);
#802=ORIENTED_EDGE('',*,*,#615,.T.);
#803=ORIENTED_EDGE('',*,*,#621,.T.);
#804=ORIENTED_EDGE('',*,*,#622,.F.);
#805=ORIENTED_EDGE('',*,*,#623,.F.);
#806=ORIENTED_EDGE('',*,*,#624,.F.);
#807=ORIENTED_EDGE('',*,*,#625,.F.);
#808=ORIENTED_EDGE('',*,*,#626,.F.);
#809=ORIENTED_EDGE('',*,*,#627,.F.);
#810=ORIENTED_EDGE('',*,*,#628,.F.);
#811=ORIENTED_EDGE('',*,*,#629,.F.);
#812=ORIENTED_EDGE('',*,*,#630,.F.);
#813=ORIENTED_EDGE('',*,*,#631,.F.);
#814=ORIENTED_EDGE('',*,*,#632,.F.);
#815=ORIENTED_EDGE('',*,*,#633,.F.);
#816=ORIENTED_EDGE('',*,*,#634,.F.);
#817=ORIENTED_EDGE('',*,*,#635,.F.);
#818=ORIENTED_EDGE('',*,*,#636,.F.);
#819=ORIENTED_EDGE('',*,*,#637,.F.);
#820=ORIENTED_EDGE('',*,*,#638,.F.);
#821=ORIENTED_EDGE('',*,*,#589,.T.);
#822=ORIENTED_EDGE('',*,*,#591,.T.);
#823=ORIENTED_EDGE('',*,*,#603,.T.);
#824=ORIENTED_EDGE('',*,*,#639,.T.);
#825=ORIENTED_EDGE('',*,*,#640,.T.);
#826=ORIENTED_EDGE('',*,*,#641,.T.);
#827=ORIENTED_EDGE('',*,*,#597,.T.);
#828=ORIENTED_EDGE('',*,*,#642,.T.);
#829=ORIENTED_EDGE('',*,*,#643,.T.);
#830=ORIENTED_EDGE('',*,*,#644,.T.);
#831=ORIENTED_EDGE('',*,*,#640,.F.);
#832=ORIENTED_EDGE('',*,*,#645,.T.);
#833=ORIENTED_EDGE('',*,*,#646,.T.);
#834=ORIENTED_EDGE('',*,*,#647,.T.);
#835=ORIENTED_EDGE('',*,*,#632,.T.);
#836=ORIENTED_EDGE('',*,*,#648,.T.);
#837=ORIENTED_EDGE('',*,*,#645,.F.);
#838=ORIENTED_EDGE('',*,*,#649,.T.);
#839=ORIENTED_EDGE('',*,*,#650,.T.);
#840=ORIENTED_EDGE('',*,*,#651,.T.);
#841=ORIENTED_EDGE('',*,*,#650,.F.);
#842=ORIENTED_EDGE('',*,*,#652,.T.);
#843=ORIENTED_EDGE('',*,*,#643,.F.);
#844=ORIENTED_EDGE('',*,*,#653,.T.);
#845=ORIENTED_EDGE('',*,*,#654,.F.);
#846=ORIENTED_EDGE('',*,*,#655,.T.);
#847=ORIENTED_EDGE('',*,*,#656,.F.);
#848=ORIENTED_EDGE('',*,*,#647,.F.);
#849=ORIENTED_EDGE('',*,*,#657,.T.);
#850=ORIENTED_EDGE('',*,*,#658,.T.);
#851=ORIENTED_EDGE('',*,*,#659,.T.);
#852=ORIENTED_EDGE('',*,*,#660,.T.);
#853=ORIENTED_EDGE('',*,*,#625,.T.);
#854=ORIENTED_EDGE('',*,*,#661,.T.);
#855=ORIENTED_EDGE('',*,*,#658,.F.);
#856=ORIENTED_EDGE('',*,*,#662,.T.);
#857=ORIENTED_EDGE('',*,*,#654,.T.);
#858=ORIENTED_EDGE('',*,*,#663,.T.);
#859=ORIENTED_EDGE('',*,*,#664,.T.);
#860=ORIENTED_EDGE('',*,*,#665,.T.);
#861=ORIENTED_EDGE('',*,*,#660,.F.);
#862=ORIENTED_EDGE('',*,*,#666,.T.);
#863=ORIENTED_EDGE('',*,*,#667,.T.);
#864=ORIENTED_EDGE('',*,*,#668,.T.);
#865=ORIENTED_EDGE('',*,*,#622,.T.);
#866=ORIENTED_EDGE('',*,*,#669,.F.);
#867=ORIENTED_EDGE('',*,*,#666,.F.);
#868=ORIENTED_EDGE('',*,*,#670,.T.);
#869=ORIENTED_EDGE('',*,*,#671,.T.);
#870=ORIENTED_EDGE('',*,*,#664,.F.);
#871=ORIENTED_EDGE('',*,*,#672,.T.);
#872=ORIENTED_EDGE('',*,*,#673,.T.);
#873=ORIENTED_EDGE('',*,*,#674,.T.);
#874=ORIENTED_EDGE('',*,*,#675,.T.);
#875=ORIENTED_EDGE('',*,*,#668,.F.);
#876=ORIENTED_EDGE('',*,*,#576,.T.);
#877=ORIENTED_EDGE('',*,*,#578,.T.);
#878=ORIENTED_EDGE('',*,*,#588,.T.);
#879=ORIENTED_EDGE('',*,*,#629,.T.);
#880=ORIENTED_EDGE('',*,*,#676,.T.);
#881=ORIENTED_EDGE('',*,*,#677,.T.);
#882=ORIENTED_EDGE('',*,*,#582,.T.);
#883=ORIENTED_EDGE('',*,*,#678,.T.);
#884=ORIENTED_EDGE('',*,*,#676,.F.);
#885=ORIENTED_EDGE('',*,*,#679,.T.);
#886=ORIENTED_EDGE('',*,*,#680,.T.);
#887=ORIENTED_EDGE('',*,*,#681,.T.);
#888=ORIENTED_EDGE('',*,*,#680,.F.);
#889=ORIENTED_EDGE('',*,*,#682,.T.);
#890=ORIENTED_EDGE('',*,*,#674,.F.);
#891=ORIENTED_EDGE('',*,*,#683,.T.);
#892=ORIENTED_EDGE('',*,*,#684,.T.);
#893=ORIENTED_EDGE('',*,*,#685,.T.);
#894=ORIENTED_EDGE('',*,*,#635,.T.);
#895=ORIENTED_EDGE('',*,*,#686,.T.);
#896=ORIENTED_EDGE('',*,*,#683,.F.);
#897=ORIENTED_EDGE('',*,*,#687,.T.);
#898=ORIENTED_EDGE('',*,*,#585,.F.);
#899=ORIENTED_EDGE('',*,*,#688,.T.);
#900=ORIENTED_EDGE('',*,*,#600,.F.);
#901=ORIENTED_EDGE('',*,*,#689,.T.);
#902=ORIENTED_EDGE('',*,*,#685,.F.);
#903=ORIENTED_EDGE('',*,*,#646,.F.);
#904=ORIENTED_EDGE('',*,*,#690,.F.);
#905=ORIENTED_EDGE('',*,*,#691,.F.);
#906=ORIENTED_EDGE('',*,*,#659,.F.);
#907=ORIENTED_EDGE('',*,*,#692,.F.);
#908=ORIENTED_EDGE('',*,*,#693,.F.);
#909=ORIENTED_EDGE('',*,*,#694,.F.);
#910=ORIENTED_EDGE('',*,*,#639,.F.);
#911=ORIENTED_EDGE('',*,*,#695,.F.);
#912=ORIENTED_EDGE('',*,*,#696,.F.);
#913=ORIENTED_EDGE('',*,*,#667,.F.);
#914=ORIENTED_EDGE('',*,*,#697,.F.);
#915=ORIENTED_EDGE('',*,*,#698,.F.);
#916=ORIENTED_EDGE('',*,*,#684,.F.);
#917=ORIENTED_EDGE('',*,*,#699,.F.);
#918=ORIENTED_EDGE('',*,*,#700,.F.);
#919=ORIENTED_EDGE('',*,*,#701,.F.);
#920=ORIENTED_EDGE('',*,*,#641,.F.);
#921=ORIENTED_EDGE('',*,*,#702,.F.);
#922=ORIENTED_EDGE('',*,*,#703,.F.);
#923=ORIENTED_EDGE('',*,*,#677,.F.);
#924=ORIENTED_EDGE('',*,*,#704,.F.);
#925=ORIENTED_EDGE('',*,*,#705,.F.);
#926=ORIENTED_EDGE('',*,*,#700,.T.);
#927=ORIENTED_EDGE('',*,*,#706,.F.);
#928=ORIENTED_EDGE('',*,*,#707,.F.);
#929=ORIENTED_EDGE('',*,*,#708,.T.);
#930=ORIENTED_EDGE('',*,*,#637,.T.);
#931=ORIENTED_EDGE('',*,*,#709,.T.);
#932=ORIENTED_EDGE('',*,*,#710,.F.);
#933=ORIENTED_EDGE('',*,*,#711,.F.);
#934=ORIENTED_EDGE('',*,*,#701,.T.);
#935=ORIENTED_EDGE('',*,*,#708,.F.);
#936=ORIENTED_EDGE('',*,*,#607,.T.);
#937=ORIENTED_EDGE('',*,*,#612,.F.);
#938=ORIENTED_EDGE('',*,*,#712,.T.);
#939=ORIENTED_EDGE('',*,*,#601,.F.);
#940=ORIENTED_EDGE('',*,*,#688,.F.);
#941=ORIENTED_EDGE('',*,*,#636,.T.);
#942=ORIENTED_EDGE('',*,*,#689,.F.);
#943=ORIENTED_EDGE('',*,*,#599,.F.);
#944=ORIENTED_EDGE('',*,*,#713,.T.);
#945=ORIENTED_EDGE('',*,*,#714,.F.);
#946=ORIENTED_EDGE('',*,*,#709,.F.);
#947=ORIENTED_EDGE('',*,*,#699,.T.);
#948=ORIENTED_EDGE('',*,*,#686,.F.);
#949=ORIENTED_EDGE('',*,*,#584,.F.);
#950=ORIENTED_EDGE('',*,*,#715,.T.);
#951=ORIENTED_EDGE('',*,*,#621,.F.);
#952=ORIENTED_EDGE('',*,*,#614,.F.);
#953=ORIENTED_EDGE('',*,*,#706,.T.);
#954=ORIENTED_EDGE('',*,*,#695,.T.);
#955=ORIENTED_EDGE('',*,*,#602,.T.);
#956=ORIENTED_EDGE('',*,*,#712,.F.);
#957=ORIENTED_EDGE('',*,*,#611,.F.);
#958=ORIENTED_EDGE('',*,*,#716,.T.);
#959=ORIENTED_EDGE('',*,*,#596,.T.);
#960=ORIENTED_EDGE('',*,*,#703,.T.);
#961=ORIENTED_EDGE('',*,*,#717,.T.);
#962=ORIENTED_EDGE('',*,*,#718,.F.);
#963=ORIENTED_EDGE('',*,*,#713,.F.);
#964=ORIENTED_EDGE('',*,*,#598,.F.);
#965=ORIENTED_EDGE('',*,*,#705,.T.);
#966=ORIENTED_EDGE('',*,*,#719,.F.);
#967=ORIENTED_EDGE('',*,*,#617,.F.);
#968=ORIENTED_EDGE('',*,*,#715,.F.);
#969=ORIENTED_EDGE('',*,*,#583,.F.);
#970=ORIENTED_EDGE('',*,*,#580,.T.);
#971=ORIENTED_EDGE('',*,*,#690,.T.);
#972=ORIENTED_EDGE('',*,*,#648,.F.);
#973=ORIENTED_EDGE('',*,*,#651,.F.);
#974=ORIENTED_EDGE('',*,*,#642,.F.);
#975=ORIENTED_EDGE('',*,*,#696,.T.);
#976=ORIENTED_EDGE('',*,*,#716,.F.);
#977=ORIENTED_EDGE('',*,*,#610,.F.);
#978=ORIENTED_EDGE('',*,*,#720,.T.);
#979=ORIENTED_EDGE('',*,*,#702,.T.);
#980=ORIENTED_EDGE('',*,*,#644,.F.);
#981=ORIENTED_EDGE('',*,*,#652,.F.);
#982=ORIENTED_EDGE('',*,*,#649,.F.);
#983=ORIENTED_EDGE('',*,*,#634,.T.);
#984=ORIENTED_EDGE('',*,*,#721,.T.);
#985=ORIENTED_EDGE('',*,*,#722,.F.);
#986=ORIENTED_EDGE('',*,*,#717,.F.);
#987=ORIENTED_EDGE('',*,*,#704,.T.);
#988=ORIENTED_EDGE('',*,*,#678,.F.);
#989=ORIENTED_EDGE('',*,*,#681,.F.);
#990=ORIENTED_EDGE('',*,*,#673,.F.);
#991=ORIENTED_EDGE('',*,*,#698,.T.);
#992=ORIENTED_EDGE('',*,*,#723,.F.);
#993=ORIENTED_EDGE('',*,*,#618,.F.);
#994=ORIENTED_EDGE('',*,*,#719,.T.);
#995=ORIENTED_EDGE('',*,*,#691,.T.);
#996=ORIENTED_EDGE('',*,*,#720,.F.);
#997=ORIENTED_EDGE('',*,*,#609,.F.);
#998=ORIENTED_EDGE('',*,*,#724,.T.);
#999=ORIENTED_EDGE('',*,*,#657,.F.);
#1000=ORIENTED_EDGE('',*,*,#633,.T.);
#1001=ORIENTED_EDGE('',*,*,#656,.T.);
#1002=ORIENTED_EDGE('',*,*,#725,.T.);
#1003=ORIENTED_EDGE('',*,*,#726,.F.);
#1004=ORIENTED_EDGE('',*,*,#721,.F.);
#1005=ORIENTED_EDGE('',*,*,#697,.T.);
#1006=ORIENTED_EDGE('',*,*,#669,.T.);
#1007=ORIENTED_EDGE('',*,*,#727,.T.);
#1008=ORIENTED_EDGE('',*,*,#619,.F.);
#1009=ORIENTED_EDGE('',*,*,#723,.T.);
#1010=ORIENTED_EDGE('',*,*,#692,.T.);
#1011=ORIENTED_EDGE('',*,*,#661,.F.);
#1012=ORIENTED_EDGE('',*,*,#653,.F.);
#1013=ORIENTED_EDGE('',*,*,#724,.F.);
#1014=ORIENTED_EDGE('',*,*,#608,.F.);
#1015=ORIENTED_EDGE('',*,*,#605,.F.);
#1016=ORIENTED_EDGE('',*,*,#728,.T.);
#1017=ORIENTED_EDGE('',*,*,#628,.T.);
#1018=ORIENTED_EDGE('',*,*,#729,.T.);
#1019=ORIENTED_EDGE('',*,*,#730,.F.);
#1020=ORIENTED_EDGE('',*,*,#725,.F.);
#1021=ORIENTED_EDGE('',*,*,#655,.F.);
#1022=ORIENTED_EDGE('',*,*,#662,.F.);
#1023=ORIENTED_EDGE('',*,*,#694,.T.);
#1024=ORIENTED_EDGE('',*,*,#731,.F.);
#1025=ORIENTED_EDGE('',*,*,#616,.T.);
#1026=ORIENTED_EDGE('',*,*,#620,.F.);
#1027=ORIENTED_EDGE('',*,*,#727,.F.);
#1028=ORIENTED_EDGE('',*,*,#672,.F.);
#1029=ORIENTED_EDGE('',*,*,#663,.F.);
#1030=ORIENTED_EDGE('',*,*,#693,.T.);
#1031=ORIENTED_EDGE('',*,*,#728,.F.);
#1032=ORIENTED_EDGE('',*,*,#732,.F.);
#1033=ORIENTED_EDGE('',*,*,#731,.T.);
#1034=ORIENTED_EDGE('',*,*,#627,.T.);
#1035=ORIENTED_EDGE('',*,*,#733,.T.);
#1036=ORIENTED_EDGE('',*,*,#734,.F.);
#1037=ORIENTED_EDGE('',*,*,#729,.F.);
#1038=ORIENTED_EDGE('',*,*,#638,.T.);
#1039=ORIENTED_EDGE('',*,*,#711,.T.);
#1040=ORIENTED_EDGE('',*,*,#735,.F.);
#1041=ORIENTED_EDGE('',*,*,#736,.F.);
#1042=ORIENTED_EDGE('',*,*,#586,.F.);
#1043=ORIENTED_EDGE('',*,*,#687,.F.);
#1044=ORIENTED_EDGE('',*,*,#630,.T.);
#1045=ORIENTED_EDGE('',*,*,#587,.T.);
#1046=ORIENTED_EDGE('',*,*,#736,.T.);
#1047=ORIENTED_EDGE('',*,*,#737,.F.);
#1048=ORIENTED_EDGE('',*,*,#738,.F.);
#1049=ORIENTED_EDGE('',*,*,#623,.T.);
#1050=ORIENTED_EDGE('',*,*,#675,.F.);
#1051=ORIENTED_EDGE('',*,*,#682,.F.);
#1052=ORIENTED_EDGE('',*,*,#679,.F.);
#1053=ORIENTED_EDGE('',*,*,#631,.T.);
#1054=ORIENTED_EDGE('',*,*,#738,.T.);
#1055=ORIENTED_EDGE('',*,*,#739,.F.);
#1056=ORIENTED_EDGE('',*,*,#740,.F.);
#1057=ORIENTED_EDGE('',*,*,#624,.T.);
#1058=ORIENTED_EDGE('',*,*,#740,.T.);
#1059=ORIENTED_EDGE('',*,*,#741,.F.);
#1060=ORIENTED_EDGE('',*,*,#742,.F.);
#1061=ORIENTED_EDGE('',*,*,#670,.F.);
#1062=ORIENTED_EDGE('',*,*,#626,.T.);
#1063=ORIENTED_EDGE('',*,*,#665,.F.);
#1064=ORIENTED_EDGE('',*,*,#671,.F.);
#1065=ORIENTED_EDGE('',*,*,#742,.T.);
#1066=ORIENTED_EDGE('',*,*,#743,.F.);
#1067=ORIENTED_EDGE('',*,*,#733,.F.);
#1068=ORIENTED_EDGE('',*,*,#743,.T.);
#1069=ORIENTED_EDGE('',*,*,#741,.T.);
#1070=ORIENTED_EDGE('',*,*,#739,.T.);
#1071=ORIENTED_EDGE('',*,*,#737,.T.);
#1072=ORIENTED_EDGE('',*,*,#735,.T.);
#1073=ORIENTED_EDGE('',*,*,#710,.T.);
#1074=ORIENTED_EDGE('',*,*,#714,.T.);
#1075=ORIENTED_EDGE('',*,*,#718,.T.);
#1076=ORIENTED_EDGE('',*,*,#722,.T.);
#1077=ORIENTED_EDGE('',*,*,#726,.T.);
#1078=ORIENTED_EDGE('',*,*,#730,.T.);
#1079=ORIENTED_EDGE('',*,*,#734,.T.);
#1080=ORIENTED_EDGE('',*,*,#604,.T.);
#1081=ORIENTED_EDGE('',*,*,#707,.T.);
#1082=ORIENTED_EDGE('',*,*,#613,.T.);
#1083=ORIENTED_EDGE('',*,*,#732,.T.);
#1084=CYLINDRICAL_SURFACE('',#1181,0.125);
#1085=CYLINDRICAL_SURFACE('',#1191,0.125);
#1086=CYLINDRICAL_SURFACE('',#1225,0.7);
#1087=CYLINDRICAL_SURFACE('',#1228,0.7);
#1088=CYLINDRICAL_SURFACE('',#1231,0.7);
#1089=CYLINDRICAL_SURFACE('',#1234,0.7);
#1090=CYLINDRICAL_SURFACE('',#1250,0.7);
#1091=CYLINDRICAL_SURFACE('',#1251,0.7);
#1092=CYLINDRICAL_SURFACE('',#1254,0.7);
#1093=CYLINDRICAL_SURFACE('',#1257,0.7);
#1094=STYLED_ITEM('',(#2183),#1101);
#1095=STYLED_ITEM('',(#2183),#1102);
#1096=STYLED_ITEM('',(#2183),#1104);
#1097=STYLED_ITEM('',(#2183),#1105);
#1098=STYLED_ITEM('',(#2184),#1108);
#1099=STYLED_ITEM('',(#2184),#1110);
#1100=STYLED_ITEM('',(#2182),#13);
#1101=ADVANCED_FACE('',(#80),#1084,.T.);
#1102=ADVANCED_FACE('',(#81),#66,.T.);
#1103=ADVANCED_FACE('',(#82),#67,.F.);
#1104=ADVANCED_FACE('',(#83),#1085,.T.);
#1105=ADVANCED_FACE('',(#84),#68,.T.);
#1106=ADVANCED_FACE('',(#85),#69,.F.);
#1107=ADVANCED_FACE('',(#86),#24,.T.);
#1108=ADVANCED_FACE('',(#87),#25,.T.);
#1109=ADVANCED_FACE('',(#88),#26,.T.);
#1110=ADVANCED_FACE('',(#89),#27,.T.);
#1111=ADVANCED_FACE('',(#90),#28,.F.);
#1112=ADVANCED_FACE('',(#91),#29,.F.);
#1113=ADVANCED_FACE('',(#92),#30,.F.);
#1114=ADVANCED_FACE('',(#93),#31,.F.);
#1115=ADVANCED_FACE('',(#94),#32,.F.);
#1116=ADVANCED_FACE('',(#95),#70,.F.);
#1117=ADVANCED_FACE('',(#96),#71,.F.);
#1118=ADVANCED_FACE('',(#97),#72,.F.);
#1119=ADVANCED_FACE('',(#98),#73,.F.);
#1120=ADVANCED_FACE('',(#99),#1086,.F.);
#1121=ADVANCED_FACE('',(#100),#74,.F.);
#1122=ADVANCED_FACE('',(#101),#1087,.F.);
#1123=ADVANCED_FACE('',(#102),#1088,.F.);
#1124=ADVANCED_FACE('',(#103),#1089,.F.);
#1125=ADVANCED_FACE('',(#104),#75,.F.);
#1126=ADVANCED_FACE('',(#105),#76,.F.);
#1127=ADVANCED_FACE('',(#106),#77,.F.);
#1128=ADVANCED_FACE('',(#107),#78,.F.);
#1129=ADVANCED_FACE('',(#108),#79,.F.);
#1130=ADVANCED_FACE('',(#109),#1090,.F.);
#1131=ADVANCED_FACE('',(#110),#1091,.F.);
#1132=ADVANCED_FACE('',(#111),#1092,.F.);
#1133=ADVANCED_FACE('',(#112),#1093,.F.);
#1134=ADVANCED_FACE('',(#113),#33,.F.);
#1135=ADVANCED_FACE('',(#114),#34,.F.);
#1136=ADVANCED_FACE('',(#115),#35,.F.);
#1137=ADVANCED_FACE('',(#116),#36,.F.);
#1138=ADVANCED_FACE('',(#117),#37,.F.);
#1139=ADVANCED_FACE('',(#118),#38,.F.);
#1140=ADVANCED_FACE('',(#119),#39,.F.);
#1141=ADVANCED_FACE('',(#120),#40,.T.);
#1142=ADVANCED_FACE('',(#121),#41,.T.);
#1143=ADVANCED_FACE('',(#122),#42,.T.);
#1144=ADVANCED_FACE('',(#123),#43,.T.);
#1145=ADVANCED_FACE('',(#124),#44,.T.);
#1146=ADVANCED_FACE('',(#125,#14),#45,.T.);
#1147=ADVANCED_FACE('',(#126),#46,.T.);
#1148=ADVANCED_FACE('',(#127,#15),#47,.T.);
#1149=ADVANCED_FACE('',(#128),#48,.T.);
#1150=ADVANCED_FACE('',(#129),#49,.T.);
#1151=ADVANCED_FACE('',(#130),#50,.T.);
#1152=ADVANCED_FACE('',(#131),#51,.T.);
#1153=ADVANCED_FACE('',(#132),#52,.T.);
#1154=ADVANCED_FACE('',(#133),#53,.T.);
#1155=ADVANCED_FACE('',(#134),#54,.T.);
#1156=ADVANCED_FACE('',(#135),#55,.T.);
#1157=ADVANCED_FACE('',(#136),#56,.T.);
#1158=ADVANCED_FACE('',(#137),#57,.T.);
#1159=ADVANCED_FACE('',(#138),#58,.T.);
#1160=ADVANCED_FACE('',(#139),#59,.T.);
#1161=ADVANCED_FACE('',(#140),#60,.T.);
#1162=ADVANCED_FACE('',(#141),#61,.T.);
#1163=ADVANCED_FACE('',(#142),#62,.T.);
#1164=ADVANCED_FACE('',(#143),#63,.T.);
#1165=ADVANCED_FACE('',(#144),#64,.T.);
#1166=ADVANCED_FACE('',(#145),#65,.F.);
#1167=CLOSED_SHELL('',(#1101,#1102,#1103,#1104,#1105,#1106,#1107,#1108,
#1109,#1110,#1111,#1112,#1113,#1114,#1115,#1116,#1117,#1118,#1119,#1120,
#1121,#1122,#1123,#1124,#1125,#1126,#1127,#1128,#1129,#1130,#1131,#1132,
#1133,#1134,#1135,#1136,#1137,#1138,#1139,#1140,#1141,#1142,#1143,#1144,
#1145,#1146,#1147,#1148,#1149,#1150,#1151,#1152,#1153,#1154,#1155,#1156,
#1157,#1158,#1159,#1160,#1161,#1162,#1163,#1164,#1165,#1166));
#1168=DERIVED_UNIT_ELEMENT(#1170,1.);
#1169=DERIVED_UNIT_ELEMENT(#2167,-3.);
#1170=(
MASS_UNIT()
NAMED_UNIT(*)
SI_UNIT(.KILO.,.GRAM.)
);
#1171=DERIVED_UNIT((#1168,#1169));
#1172=MEASURE_REPRESENTATION_ITEM('density measure',
POSITIVE_RATIO_MEASURE(7850.),#1171);
#1173=PROPERTY_DEFINITION_REPRESENTATION(#1178,#1175);
#1174=PROPERTY_DEFINITION_REPRESENTATION(#1179,#1176);
#1175=REPRESENTATION('material name',(#1177),#2164);
#1176=REPRESENTATION('density',(#1172),#2164);
#1177=DESCRIPTIVE_REPRESENTATION_ITEM('Steel','Steel');
#1178=PROPERTY_DEFINITION('material property','material name',#2174);
#1179=PROPERTY_DEFINITION('material property','density of part',#2174);
#1180=AXIS2_PLACEMENT_3D('',#1613,#1293,#1294);
#1181=AXIS2_PLACEMENT_3D('',#1614,#1295,#1296);
#1182=AXIS2_PLACEMENT_3D('',#1617,#1297,#1298);
#1183=AXIS2_PLACEMENT_3D('',#1677,#1300,#1301);
#1184=AXIS2_PLACEMENT_3D('',#1678,#1302,#1303);
#1185=AXIS2_PLACEMENT_3D('',#1680,#1304,#1305);
#1186=AXIS2_PLACEMENT_3D('',#1681,#1306,#1307);
#1187=AXIS2_PLACEMENT_3D('',#1682,#1308,#1309);
#1188=AXIS2_PLACEMENT_3D('',#1684,#1310,#1311);
#1189=AXIS2_PLACEMENT_3D('',#1698,#1312,#1313);
#1190=AXIS2_PLACEMENT_3D('',#1711,#1314,#1315);
#1191=AXIS2_PLACEMENT_3D('',#1712,#1316,#1317);
#1192=AXIS2_PLACEMENT_3D('',#1774,#1319,#1320);
#1193=AXIS2_PLACEMENT_3D('',#1775,#1321,#1322);
#1194=AXIS2_PLACEMENT_3D('',#1776,#1323,#1324);
#1195=AXIS2_PLACEMENT_3D('',#1778,#1325,#1326);
#1196=AXIS2_PLACEMENT_3D('',#1779,#1327,#1328);
#1197=AXIS2_PLACEMENT_3D('',#1780,#1329,#1330);
#1198=AXIS2_PLACEMENT_3D('',#1782,#1331,#1332);
#1199=AXIS2_PLACEMENT_3D('',#1796,#1333,#1334);
#1200=AXIS2_PLACEMENT_3D('',#1809,#1335,#1336);
#1201=AXIS2_PLACEMENT_3D('',#1810,#1337,#1338);
#1202=AXIS2_PLACEMENT_3D('',#1819,#1343,#1344);
#1203=AXIS2_PLACEMENT_3D('',#1829,#1350,#1351);
#1204=AXIS2_PLACEMENT_3D('',#1838,#1356,#1357);
#1205=AXIS2_PLACEMENT_3D('',#1848,#1363,#1364);
#1206=AXIS2_PLACEMENT_3D('',#1851,#1365,#1366);
#1207=AXIS2_PLACEMENT_3D('',#1855,#1369,#1370);
#1208=AXIS2_PLACEMENT_3D('',#1864,#1375,#1376);
#1209=AXIS2_PLACEMENT_3D('',#1866,#1377,#1378);
#1210=AXIS2_PLACEMENT_3D('',#1870,#1381,#1382);
#1211=AXIS2_PLACEMENT_3D('',#1873,#1383,#1384);
#1212=AXIS2_PLACEMENT_3D('',#1877,#1387,#1388);
#1213=AXIS2_PLACEMENT_3D('',#1886,#1393,#1394);
#1214=AXIS2_PLACEMENT_3D('',#1888,#1395,#1396);
#1215=AXIS2_PLACEMENT_3D('',#1890,#1397,#1398);
#1216=AXIS2_PLACEMENT_3D('',#1891,#1399,#1400);
#1217=AXIS2_PLACEMENT_3D('',#1892,#1401,#1402);
#1218=AXIS2_PLACEMENT_3D('',#1901,#1403,#1404);
#1219=AXIS2_PLACEMENT_3D('',#1908,#1405,#1406);
#1220=AXIS2_PLACEMENT_3D('',#1910,#1407,#1408);
#1221=AXIS2_PLACEMENT_3D('',#1912,#1409,#1410);
#1222=AXIS2_PLACEMENT_3D('',#1913,#1411,#1412);
#1223=AXIS2_PLACEMENT_3D('',#1914,#1413,#1414);
#1224=AXIS2_PLACEMENT_3D('',#1929,#1415,#1416);
#1225=AXIS2_PLACEMENT_3D('',#1930,#1417,#1418);
#1226=AXIS2_PLACEMENT_3D('',#1933,#1421,#1422);
#1227=AXIS2_PLACEMENT_3D('',#1941,#1423,#1424);
#1228=AXIS2_PLACEMENT_3D('',#1959,#1425,#1426);
#1229=AXIS2_PLACEMENT_3D('',#1961,#1427,#1428);
#1230=AXIS2_PLACEMENT_3D('',#1964,#1430,#1431);
#1231=AXIS2_PLACEMENT_3D('',#1965,#1432,#1433);
#1232=AXIS2_PLACEMENT_3D('',#1966,#1434,#1435);
#1233=AXIS2_PLACEMENT_3D('',#1967,#1436,#1437);
#1234=AXIS2_PLACEMENT_3D('',#1968,#1438,#1439);
#1235=AXIS2_PLACEMENT_3D('',#1970,#1440,#1441);
#1236=AXIS2_PLACEMENT_3D('',#1972,#1442,#1443);
#1237=AXIS2_PLACEMENT_3D('',#1973,#1444,#1445);
#1238=AXIS2_PLACEMENT_3D('',#1974,#1446,#1447);
#1239=AXIS2_PLACEMENT_3D('',#1976,#1448,#1449);
#1240=AXIS2_PLACEMENT_3D('',#1978,#1450,#1451);
#1241=AXIS2_PLACEMENT_3D('',#1979,#1452,#1453);
#1242=AXIS2_PLACEMENT_3D('',#1980,#1454,#1455);
#1243=AXIS2_PLACEMENT_3D('',#2003,#1456,#1457);
#1244=AXIS2_PLACEMENT_3D('',#2012,#1458,#1459);
#1245=AXIS2_PLACEMENT_3D('',#2019,#1460,#1461);
#1246=AXIS2_PLACEMENT_3D('',#2021,#1462,#1463);
#1247=AXIS2_PLACEMENT_3D('',#2022,#1464,#1465);
#1248=AXIS2_PLACEMENT_3D('',#2023,#1466,#1467);
#1249=AXIS2_PLACEMENT_3D('',#2038,#1468,#1469);
#1250=AXIS2_PLACEMENT_3D('',#2039,#1470,#1471);
#1251=AXIS2_PLACEMENT_3D('',#2042,#1474,#1475);
#1252=AXIS2_PLACEMENT_3D('',#2044,#1476,#1477);
#1253=AXIS2_PLACEMENT_3D('',#2047,#1479,#1480);
#1254=AXIS2_PLACEMENT_3D('',#2048,#1481,#1482);
#1255=AXIS2_PLACEMENT_3D('',#2049,#1483,#1484);
#1256=AXIS2_PLACEMENT_3D('',#2050,#1485,#1486);
#1257=AXIS2_PLACEMENT_3D('',#2051,#1487,#1488);
#1258=AXIS2_PLACEMENT_3D('',#2052,#1489,#1490);
#1259=AXIS2_PLACEMENT_3D('',#2053,#1491,#1492);
#1260=AXIS2_PLACEMENT_3D('',#2054,#1493,#1494);
#1261=AXIS2_PLACEMENT_3D('',#2058,#1497,#1498);
#1262=AXIS2_PLACEMENT_3D('',#2064,#1502,#1503);
#1263=AXIS2_PLACEMENT_3D('',#2068,#1506,#1507);
#1264=AXIS2_PLACEMENT_3D('',#2072,#1510,#1511);
#1265=AXIS2_PLACEMENT_3D('',#2078,#1515,#1516);
#1266=AXIS2_PLACEMENT_3D('',#2082,#1519,#1520);
#1267=AXIS2_PLACEMENT_3D('',#2086,#1523,#1524);
#1268=AXIS2_PLACEMENT_3D('',#2090,#1528,#1529);
#1269=AXIS2_PLACEMENT_3D('',#2096,#1533,#1534);
#1270=AXIS2_PLACEMENT_3D('',#2098,#1536,#1537);
#1271=AXIS2_PLACEMENT_3D('',#2102,#1540,#1541);
#1272=AXIS2_PLACEMENT_3D('',#2104,#1543,#1544);
#1273=AXIS2_PLACEMENT_3D('',#2106,#1546,#1547);
#1274=AXIS2_PLACEMENT_3D('',#2110,#1550,#1551);
#1275=AXIS2_PLACEMENT_3D('',#2112,#1553,#1554);
#1276=AXIS2_PLACEMENT_3D('',#2114,#1556,#1557);
#1277=AXIS2_PLACEMENT_3D('',#2118,#1560,#1561);
#1278=AXIS2_PLACEMENT_3D('',#2120,#1563,#1564);
#1279=AXIS2_PLACEMENT_3D('',#2122,#1566,#1567);
#1280=AXIS2_PLACEMENT_3D('',#2126,#1570,#1571);
#1281=AXIS2_PLACEMENT_3D('',#2128,#1573,#1574);
#1282=AXIS2_PLACEMENT_3D('',#2130,#1576,#1577);
#1283=AXIS2_PLACEMENT_3D('',#2134,#1580,#1581);
#1284=AXIS2_PLACEMENT_3D('',#2136,#1583,#1584);
#1285=AXIS2_PLACEMENT_3D('',#2138,#1586,#1587);
#1286=AXIS2_PLACEMENT_3D('',#2142,#1590,#1591);
#1287=AXIS2_PLACEMENT_3D('',#2146,#1594,#1595);
#1288=AXIS2_PLACEMENT_3D('',#2150,#1598,#1599);
#1289=AXIS2_PLACEMENT_3D('',#2154,#1602,#1603);
#1290=AXIS2_PLACEMENT_3D('',#2158,#1606,#1607);
#1291=AXIS2_PLACEMENT_3D('',#2160,#1609,#1610);
#1292=AXIS2_PLACEMENT_3D('',#2161,#1611,#1612);
#1293=DIRECTION('axis',(0.,0.,1.));
#1294=DIRECTION('refdir',(1.,0.,0.));
#1295=DIRECTION('center_axis',(-1.,0.,0.));
#1296=DIRECTION('ref_axis',(0.,-1.,0.));
#1297=DIRECTION('center_axis',(-1.,0.,0.));
#1298=DIRECTION('ref_axis',(0.,-1.,0.));
#1299=DIRECTION('',(1.,0.,0.));
#1300=DIRECTION('center_axis',(-1.,0.,0.));
#1301=DIRECTION('ref_axis',(0.,-1.,0.));
#1302=DIRECTION('center_axis',(0.,-1.,0.));
#1303=DIRECTION('ref_axis',(0.,0.,-1.));
#1304=DIRECTION('center_axis',(1.,-1.27037454814575E-15,0.));
#1305=DIRECTION('ref_axis',(0.,0.,-1.));
#1306=DIRECTION('center_axis',(0.,1.,0.));
#1307=DIRECTION('ref_axis',(0.,0.,-1.));
#1308=DIRECTION('center_axis',(0.,0.,1.));
#1309=DIRECTION('ref_axis',(1.,0.,0.));
#1310=DIRECTION('center_axis',(-0.470588235294121,-0.882352941176469,0.));
#1311=DIRECTION('ref_axis',(0.882352941176469,-0.470588235294121,0.));
#1312=DIRECTION('center_axis',(0.,-1.,0.));
#1313=DIRECTION('ref_axis',(0.,0.,-1.));
#1314=DIRECTION('center_axis',(-0.470588235294121,-0.882352941176469,0.));
#1315=DIRECTION('ref_axis',(0.882352941176469,-0.470588235294121,0.));
#1316=DIRECTION('center_axis',(1.,0.,0.));
#1317=DIRECTION('ref_axis',(0.,1.,0.));
#1318=DIRECTION('',(-1.,0.,0.));
#1319=DIRECTION('center_axis',(1.,0.,1.22464679914735E-16));
#1320=DIRECTION('ref_axis',(0.,1.,0.));
#1321=DIRECTION('center_axis',(1.,0.,1.22464679914735E-16));
#1322=DIRECTION('ref_axis',(0.,1.,0.));
#1323=DIRECTION('center_axis',(0.,1.,0.));
#1324=DIRECTION('ref_axis',(0.,0.,1.));
#1325=DIRECTION('center_axis',(0.,-1.,0.));
#1326=DIRECTION('ref_axis',(0.,0.,1.));
#1327=DIRECTION('center_axis',(1.,2.48962437863408E-16,0.));
#1328=DIRECTION('ref_axis',(0.,0.,-1.));
#1329=DIRECTION('center_axis',(0.,0.,1.));
#1330=DIRECTION('ref_axis',(1.,0.,0.));
#1331=DIRECTION('center_axis',(-0.470588235294123,0.882352941176468,3.73184209958041E-16));
#1332=DIRECTION('ref_axis',(0.882352941176468,0.470588235294123,0.));
#1333=DIRECTION('center_axis',(0.,1.,0.));
#1334=DIRECTION('ref_axis',(0.,0.,1.));
#1335=DIRECTION('center_axis',(-0.470588235294123,0.882352941176468,3.73184209958041E-16));
#1336=DIRECTION('ref_axis',(0.882352941176468,0.470588235294123,0.));
#1337=DIRECTION('center_axis',(0.,1.,0.));
#1338=DIRECTION('ref_axis',(1.,0.,0.));
#1339=DIRECTION('',(-1.,0.,0.));
#1340=DIRECTION('',(0.,0.,-1.));
#1341=DIRECTION('',(1.,0.,0.));
#1342=DIRECTION('',(0.,0.,-1.));
#1343=DIRECTION('center_axis',(0.,0.,-1.));
#1344=DIRECTION('ref_axis',(-1.,0.,0.));
#1345=DIRECTION('',(-0.707106781186548,-0.707106781186547,0.));
#1346=DIRECTION('',(0.,-1.,0.));
#1347=DIRECTION('',(-1.,0.,0.));
#1348=DIRECTION('',(0.,1.,0.));
#1349=DIRECTION('',(-0.707106781186548,0.707106781186547,0.));
#1350=DIRECTION('center_axis',(0.,-1.,0.));
#1351=DIRECTION('ref_axis',(-1.,0.,0.));
#1352=DIRECTION('',(1.,0.,0.));
#1353=DIRECTION('',(0.,0.,-1.));
#1354=DIRECTION('',(-1.,0.,0.));
#1355=DIRECTION('',(0.,0.,-1.));
#1356=DIRECTION('center_axis',(0.,0.,-1.));
#1357=DIRECTION('ref_axis',(-1.,0.,0.));
#1358=DIRECTION('',(1.18952459158659E-15,1.,0.));
#1359=DIRECTION('',(1.,0.,0.));
#1360=DIRECTION('',(-3.96508223080413E-16,-1.,0.));
#1361=DIRECTION('',(0.707106781186548,-0.707106781186547,0.));
#1362=DIRECTION('',(0.707106781186548,0.707106781186548,0.));
#1363=DIRECTION('center_axis',(0.,0.,1.));
#1364=DIRECTION('ref_axis',(1.,0.,0.));
#1365=DIRECTION('center_axis',(0.,0.,-1.));
#1366=DIRECTION('ref_axis',(0.707106781186548,0.707106781186547,0.));
#1367=DIRECTION('',(-1.,0.,0.));
#1368=DIRECTION('',(0.,1.,0.));
#1369=DIRECTION('center_axis',(0.,0.,1.));
#1370=DIRECTION('ref_axis',(1.,0.,0.));
#1371=DIRECTION('',(0.,-1.,0.));
#1372=DIRECTION('',(-0.707106781186548,0.707106781186547,0.));
#1373=DIRECTION('',(0.,1.,0.));
#1374=DIRECTION('',(0.707106781186548,0.707106781186547,0.));
#1375=DIRECTION('center_axis',(0.,0.,1.));
#1376=DIRECTION('ref_axis',(1.,0.,0.));
#1377=DIRECTION('center_axis',(0.,0.,-1.));
#1378=DIRECTION('ref_axis',(-0.707106781186548,0.707106781186547,0.));
#1379=DIRECTION('',(-1.27037454814575E-15,-1.,0.));
#1380=DIRECTION('',(-1.,0.,0.));
#1381=DIRECTION('center_axis',(0.,0.,1.));
#1382=DIRECTION('ref_axis',(1.,0.,0.));
#1383=DIRECTION('center_axis',(0.,0.,-1.));
#1384=DIRECTION('ref_axis',(0.707106781186548,-0.707106781186547,0.));
#1385=DIRECTION('',(0.,1.,0.));
#1386=DIRECTION('',(1.,0.,0.));
#1387=DIRECTION('center_axis',(0.,0.,1.));
#1388=DIRECTION('ref_axis',(1.,0.,0.));
#1389=DIRECTION('',(0.,1.,0.));
#1390=DIRECTION('',(0.707106781186548,-0.707106781186547,0.));
#1391=DIRECTION('',(-1.11758695353625E-8,-1.,0.));
#1392=DIRECTION('',(-0.707106781186547,-0.707106781186547,0.));
#1393=DIRECTION('center_axis',(0.,0.,1.));
#1394=DIRECTION('ref_axis',(1.,0.,0.));
#1395=DIRECTION('center_axis',(0.,0.,1.));
#1396=DIRECTION('ref_axis',(-0.707106781186548,-0.707106781186547,0.));
#1397=DIRECTION('center_axis',(0.88235294117647,-0.470588235294118,0.));
#1398=DIRECTION('ref_axis',(0.470588235294118,0.882352941176471,0.));
#1399=DIRECTION('center_axis',(0.,0.,-1.));
#1400=DIRECTION('ref_axis',(-0.707106781186548,-0.707106781186547,0.));
#1401=DIRECTION('center_axis',(0.,0.,1.));
#1402=DIRECTION('ref_axis',(1.,0.,0.));
#1403=DIRECTION('center_axis',(1.,0.,0.));
#1404=DIRECTION('ref_axis',(0.,1.,0.));
#1405=DIRECTION('center_axis',(0.,0.,1.));
#1406=DIRECTION('ref_axis',(1.,0.,0.));
#1407=DIRECTION('center_axis',(-0.882352941176471,-0.470588235294118,0.));
#1408=DIRECTION('ref_axis',(-0.470588235294118,0.88235294117647,0.));
#1409=DIRECTION('center_axis',(0.,0.,1.));
#1410=DIRECTION('ref_axis',(0.707106781186548,-0.707106781186547,0.));
#1411=DIRECTION('center_axis',(0.470588235294118,0.882352941176471,0.));
#1412=DIRECTION('ref_axis',(-0.882352941176471,0.470588235294117,0.));
#1413=DIRECTION('center_axis',(0.,0.,1.));
#1414=DIRECTION('ref_axis',(1.,0.,0.));
#1415=DIRECTION('center_axis',(-1.,0.,0.));
#1416=DIRECTION('ref_axis',(0.,0.,1.));
#1417=DIRECTION('center_axis',(1.,0.,0.));
#1418=DIRECTION('ref_axis',(0.,0.707106781186548,-0.707106781186548));
#1419=DIRECTION('',(1.,0.,0.));
#1420=DIRECTION('',(-1.,0.,0.));
#1421=DIRECTION('center_axis',(0.,0.,1.));
#1422=DIRECTION('ref_axis',(1.,0.,0.));
#1423=DIRECTION('center_axis',(0.,-1.,0.));
#1424=DIRECTION('ref_axis',(0.,0.,1.));
#1425=DIRECTION('center_axis',(0.,1.,0.));
#1426=DIRECTION('ref_axis',(-0.707106781186548,0.,-0.707106781186547));
#1427=DIRECTION('center_axis',(0.,-1.,0.));
#1428=DIRECTION('ref_axis',(-1.,0.,0.));
#1429=DIRECTION('',(0.,1.,0.));
#1430=DIRECTION('center_axis',(0.,1.,3.96508223080413E-16));
#1431=DIRECTION('ref_axis',(-1.,0.,0.));
#1432=DIRECTION('center_axis',(0.,1.,0.));
#1433=DIRECTION('ref_axis',(-0.707106781186548,0.,-0.707106781186547));
#1434=DIRECTION('center_axis',(0.707106781186547,-0.707106781186548,0.));
#1435=DIRECTION('ref_axis',(-0.707106781186548,-0.707106781186547,0.));
#1436=DIRECTION('center_axis',(0.707106781186547,-0.707106781186548,0.));
#1437=DIRECTION('ref_axis',(-0.707106781186548,-0.707106781186547,0.));
#1438=DIRECTION('center_axis',(0.,1.,0.));
#1439=DIRECTION('ref_axis',(-0.707106781186548,0.,-0.707106781186547));
#1440=DIRECTION('center_axis',(0.707106781186547,0.707106781186548,0.));
#1441=DIRECTION('ref_axis',(-0.707106781186548,0.707106781186547,0.));
#1442=DIRECTION('center_axis',(0.,1.,0.));
#1443=DIRECTION('ref_axis',(0.,0.,-1.));
#1444=DIRECTION('center_axis',(0.707106781186547,0.707106781186548,0.));
#1445=DIRECTION('ref_axis',(-0.707106781186548,0.707106781186547,0.));
#1446=DIRECTION('center_axis',(0.,0.,1.));
#1447=DIRECTION('ref_axis',(1.,0.,0.));
#1448=DIRECTION('center_axis',(0.470588235294117,-0.882352941176471,0.));
#1449=DIRECTION('ref_axis',(-0.882352941176471,-0.470588235294117,0.));
#1450=DIRECTION('center_axis',(0.,0.,1.));
#1451=DIRECTION('ref_axis',(0.707106781186548,0.707106781186547,0.));
#1452=DIRECTION('center_axis',(-0.88235294117647,0.470588235294118,0.));
#1453=DIRECTION('ref_axis',(-0.470588235294118,-0.882352941176471,0.));
#1454=DIRECTION('center_axis',(0.,0.,1.));
#1455=DIRECTION('ref_axis',(1.,0.,0.));
#1456=DIRECTION('center_axis',(0.,0.,1.));
#1457=DIRECTION('ref_axis',(1.,0.,0.));
#1458=DIRECTION('center_axis',(-1.,0.,0.));
#1459=DIRECTION('ref_axis',(0.,0.,-1.));
#1460=DIRECTION('center_axis',(0.,0.,1.));
#1461=DIRECTION('ref_axis',(1.,0.,0.));
#1462=DIRECTION('center_axis',(0.882352941176471,0.470588235294118,0.));
#1463=DIRECTION('ref_axis',(0.470588235294118,-0.88235294117647,0.));
#1464=DIRECTION('center_axis',(0.,0.,1.));
#1465=DIRECTION('ref_axis',(-0.707106781186548,0.707106781186547,0.));
#1466=DIRECTION('center_axis',(0.,0.,1.));
#1467=DIRECTION('ref_axis',(1.,0.,0.));
#1468=DIRECTION('center_axis',(1.,0.,0.));
#1469=DIRECTION('ref_axis',(0.,-1.,0.));
#1470=DIRECTION('center_axis',(-1.,0.,0.));
#1471=DIRECTION('ref_axis',(0.,-0.707106781186548,-0.707106781186548));
#1472=DIRECTION('',(-1.,0.,0.));
#1473=DIRECTION('',(1.,0.,0.));
#1474=DIRECTION('center_axis',(0.,-1.,0.));
#1475=DIRECTION('ref_axis',(0.707106781186548,0.,-0.707106781186547));
#1476=DIRECTION('center_axis',(0.,1.,0.));
#1477=DIRECTION('ref_axis',(1.,0.,0.));
#1478=DIRECTION('',(0.,-1.,0.));
#1479=DIRECTION('center_axis',(0.,-1.,3.96508223080413E-16));
#1480=DIRECTION('ref_axis',(1.,0.,0.));
#1481=DIRECTION('center_axis',(0.,-1.,0.));
#1482=DIRECTION('ref_axis',(0.707106781186548,0.,-0.707106781186547));
#1483=DIRECTION('center_axis',(-0.707106781186548,0.707106781186548,0.));
#1484=DIRECTION('ref_axis',(0.707106781186547,0.707106781186547,0.));
#1485=DIRECTION('center_axis',(-0.707106781186548,0.707106781186548,0.));
#1486=DIRECTION('ref_axis',(0.707106781186547,0.707106781186548,0.));
#1487=DIRECTION('center_axis',(0.,-1.,0.));
#1488=DIRECTION('ref_axis',(0.707106781186548,0.,-0.707106781186547));
#1489=DIRECTION('center_axis',(-0.707106781186547,-0.707106781186548,0.));
#1490=DIRECTION('ref_axis',(0.707106781186548,-0.707106781186547,0.));
#1491=DIRECTION('center_axis',(-0.707106781186547,-0.707106781186548,0.));
#1492=DIRECTION('ref_axis',(0.707106781186548,-0.707106781186547,0.));
#1493=DIRECTION('center_axis',(0.,0.,-1.));
#1494=DIRECTION('ref_axis',(-1.,0.,0.));
#1495=DIRECTION('',(-1.,0.,0.));
#1496=DIRECTION('',(0.,-1.,0.));
#1497=DIRECTION('center_axis',(0.,0.,-1.));
#1498=DIRECTION('ref_axis',(-1.,0.,0.));
#1499=DIRECTION('',(-0.707106781186548,-0.707106781186547,0.));
#1500=DIRECTION('',(0.,-1.,0.));
#1501=DIRECTION('',(0.707106781186548,-0.707106781186547,0.));
#1502=DIRECTION('center_axis',(0.,0.,-1.));
#1503=DIRECTION('ref_axis',(-1.,0.,0.));
#1504=DIRECTION('',(-2.48962437863408E-16,1.,0.));
#1505=DIRECTION('',(-1.,0.,0.));
#1506=DIRECTION('center_axis',(0.,0.,-1.));
#1507=DIRECTION('ref_axis',(-1.,0.,0.));
#1508=DIRECTION('',(0.,-1.,0.));
#1509=DIRECTION('',(1.,0.,0.));
#1510=DIRECTION('center_axis',(0.,0.,-1.));
#1511=DIRECTION('ref_axis',(-1.,0.,0.));
#1512=DIRECTION('',(0.707106781186547,0.707106781186547,0.));
#1513=DIRECTION('',(1.11758695353625E-8,1.,0.));
#1514=DIRECTION('',(-0.707106781186548,0.707106781186547,0.));
#1515=DIRECTION('center_axis',(0.,0.,1.));
#1516=DIRECTION('ref_axis',(1.,0.,0.));
#1517=DIRECTION('',(1.,0.,0.));
#1518=DIRECTION('',(2.48962437863408E-16,-1.,0.));
#1519=DIRECTION('center_axis',(0.,0.,-1.));
#1520=DIRECTION('ref_axis',(-1.,0.,0.));
#1521=DIRECTION('',(1.,0.,0.));
#1522=DIRECTION('',(1.27037454814575E-15,1.,0.));
#1523=DIRECTION('center_axis',(-1.,1.11758695353625E-8,0.));
#1524=DIRECTION('ref_axis',(-1.11758695353625E-8,-1.,0.));
#1525=DIRECTION('',(0.,0.,1.));
#1526=DIRECTION('',(1.11758695353625E-8,1.,0.));
#1527=DIRECTION('',(0.,0.,1.));
#1528=DIRECTION('center_axis',(-1.,1.11758695353625E-8,0.));
#1529=DIRECTION('ref_axis',(-1.11758695353625E-8,-1.,0.));
#1530=DIRECTION('',(0.,0.,1.));
#1531=DIRECTION('',(-1.11758695353625E-8,-1.,0.));
#1532=DIRECTION('',(0.,0.,1.));
#1533=DIRECTION('center_axis',(-0.707106781186547,-0.707106781186548,0.));
#1534=DIRECTION('ref_axis',(0.707106781186548,-0.707106781186547,0.));
#1535=DIRECTION('',(0.,0.,1.));
#1536=DIRECTION('center_axis',(-0.707106781186547,-0.707106781186548,0.));
#1537=DIRECTION('ref_axis',(0.707106781186548,-0.707106781186547,0.));
#1538=DIRECTION('',(0.,0.,1.));
#1539=DIRECTION('',(0.707106781186548,-0.707106781186547,0.));
#1540=DIRECTION('center_axis',(-0.707106781186548,0.707106781186548,0.));
#1541=DIRECTION('ref_axis',(-0.707106781186548,-0.707106781186548,0.));
#1542=DIRECTION('',(0.,0.,1.));
#1543=DIRECTION('center_axis',(-1.,-2.48962437863408E-16,0.));
#1544=DIRECTION('ref_axis',(2.48962437863408E-16,-1.,0.));
#1545=DIRECTION('',(0.,0.,1.));
#1546=DIRECTION('center_axis',(-1.,-2.48962437863408E-16,0.));
#1547=DIRECTION('ref_axis',(2.48962437863408E-16,-1.,0.));
#1548=DIRECTION('',(0.,0.,1.));
#1549=DIRECTION('',(2.48962437863408E-16,-1.,0.));
#1550=DIRECTION('center_axis',(-1.,1.27037454814575E-15,0.));
#1551=DIRECTION('ref_axis',(-1.27037454814575E-15,-1.,0.));
#1552=DIRECTION('',(0.,0.,1.));
#1553=DIRECTION('center_axis',(0.,-1.,0.));
#1554=DIRECTION('ref_axis',(1.,0.,0.));
#1555=DIRECTION('',(0.,0.,1.));
#1556=DIRECTION('center_axis',(0.,-1.,0.));
#1557=DIRECTION('ref_axis',(1.,0.,0.));
#1558=DIRECTION('',(0.,0.,1.));
#1559=DIRECTION('',(1.,0.,0.));
#1560=DIRECTION('center_axis',(0.,1.,0.));
#1561=DIRECTION('ref_axis',(-1.,0.,0.));
#1562=DIRECTION('',(0.,0.,1.));
#1563=DIRECTION('center_axis',(1.,0.,0.));
#1564=DIRECTION('ref_axis',(0.,1.,0.));
#1565=DIRECTION('',(0.,0.,1.));
#1566=DIRECTION('center_axis',(1.,0.,0.));
#1567=DIRECTION('ref_axis',(0.,1.,0.));
#1568=DIRECTION('',(0.,0.,1.));
#1569=DIRECTION('',(0.,1.,0.));
#1570=DIRECTION('center_axis',(1.,0.,0.));
#1571=DIRECTION('ref_axis',(0.,1.,0.));
#1572=DIRECTION('',(0.,0.,1.));
#1573=DIRECTION('center_axis',(0.707106781186547,-0.707106781186548,0.));
#1574=DIRECTION('ref_axis',(0.707106781186548,0.707106781186547,0.));
#1575=DIRECTION('',(0.,0.,1.));
#1576=DIRECTION('center_axis',(0.707106781186547,-0.707106781186548,0.));
#1577=DIRECTION('ref_axis',(0.707106781186548,0.707106781186547,0.));
#1578=DIRECTION('',(0.,0.,1.));
#1579=DIRECTION('',(0.707106781186548,0.707106781186547,0.));
#1580=DIRECTION('center_axis',(0.707106781186547,0.707106781186548,0.));
#1581=DIRECTION('ref_axis',(-0.707106781186548,0.707106781186547,0.));
#1582=DIRECTION('',(0.,0.,1.));
#1583=DIRECTION('center_axis',(1.,0.,0.));
#1584=DIRECTION('ref_axis',(0.,1.,0.));
#1585=DIRECTION('',(0.,-1.,0.));
#1586=DIRECTION('center_axis',(1.,0.,0.));
#1587=DIRECTION('ref_axis',(0.,1.,0.));
#1588=DIRECTION('',(0.,0.,1.));
#1589=DIRECTION('',(0.,1.,0.));
#1590=DIRECTION('center_axis',(-0.707106781186548,0.707106781186548,0.));
#1591=DIRECTION('ref_axis',(-0.707106781186548,-0.707106781186548,0.));
#1592=DIRECTION('',(-0.707106781186548,-0.707106781186548,0.));
#1593=DIRECTION('',(0.,0.,1.));
#1594=DIRECTION('center_axis',(-1.,1.27037454814575E-15,0.));
#1595=DIRECTION('ref_axis',(-1.27037454814575E-15,-1.,0.));
#1596=DIRECTION('',(-1.27037454814575E-15,-1.,0.));
#1597=DIRECTION('',(0.,0.,1.));
#1598=DIRECTION('center_axis',(0.,1.,0.));
#1599=DIRECTION('ref_axis',(-1.,0.,0.));
#1600=DIRECTION('',(-1.,0.,0.));
#1601=DIRECTION('',(0.,0.,1.));
#1602=DIRECTION('center_axis',(1.,0.,0.));
#1603=DIRECTION('ref_axis',(0.,1.,0.));
#1604=DIRECTION('',(0.,1.,0.));
#1605=DIRECTION('',(0.,0.,1.));
#1606=DIRECTION('center_axis',(0.707106781186547,0.707106781186548,0.));
#1607=DIRECTION('ref_axis',(-0.707106781186548,0.707106781186547,0.));
#1608=DIRECTION('',(-0.707106781186548,0.707106781186547,0.));
#1609=DIRECTION('center_axis',(0.,0.,1.));
#1610=DIRECTION('ref_axis',(1.,0.,0.));
#1611=DIRECTION('center_axis',(0.,0.,1.));
#1612=DIRECTION('ref_axis',(1.,0.,0.));
#1613=CARTESIAN_POINT('',(0.,0.,0.));
#1614=CARTESIAN_POINT('Origin',(-1.49999993294477,3.00000000000001,2.09999995306134));
#1615=CARTESIAN_POINT('',(-2.99999993294477,3.12500000000001,2.09999995306134));
#1616=CARTESIAN_POINT('',(-2.99999993294477,3.00000000000001,1.97499995306134));
#1617=CARTESIAN_POINT('Origin',(-2.99999993294477,3.00000000000001,2.09999995306134));
#1618=CARTESIAN_POINT('',(-2.2806248318815,3.12500000000001,2.09999995306134));
#1619=CARTESIAN_POINT('',(-1.49999993294477,3.12500000000001,2.09999995306134));
#1620=CARTESIAN_POINT('',(-2.39190178857391,2.9756809101292,1.9773884451681));
#1621=CARTESIAN_POINT('Ctrl Pts',(-2.39190178857391,2.9756809101292,1.9773884451681));
#1622=CARTESIAN_POINT('Ctrl Pts',(-2.3906912073586,2.97813475144263,1.97690174380984));
#1623=CARTESIAN_POINT('Ctrl Pts',(-2.38945187754519,2.98059125088691,1.97649106967228));
#1624=CARTESIAN_POINT('Ctrl Pts',(-2.38428442702018,2.99060863794737,1.97511980335447));
#1625=CARTESIAN_POINT('Ctrl Pts',(-2.38014032155821,2.99812692383889,1.97479531131516));
#1626=CARTESIAN_POINT('Ctrl Pts',(-2.37066578461473,3.01428271601837,1.97550897952098));
#1627=CARTESIAN_POINT('Ctrl Pts',(-2.36526501668247,3.02285519395406,1.97681157015341));
#1628=CARTESIAN_POINT('Ctrl Pts',(-2.351194086506,3.04383083213618,1.98220257992971));
#1629=CARTESIAN_POINT('Ctrl Pts',(-2.34227434917171,3.05587806895672,1.98743464836657));
#1630=CARTESIAN_POINT('Ctrl Pts',(-2.32147047639563,3.0819855966631,2.0039553298259));
#1631=CARTESIAN_POINT('Ctrl Pts',(-2.3099611264443,3.09481682748424,2.01663196660981));
#1632=CARTESIAN_POINT('Ctrl Pts',(-2.29434261961564,3.11137941159734,2.04190684689159));
#1633=CARTESIAN_POINT('Ctrl Pts',(-2.28883280402457,3.11691585182396,2.05375506382014));
#1634=CARTESIAN_POINT('Ctrl Pts',(-2.28224192010267,3.1234419937778,2.07743883355332));
#1635=CARTESIAN_POINT('Ctrl Pts',(-2.28062483286249,3.12500000000001,2.08857963240273));
#1636=CARTESIAN_POINT('Ctrl Pts',(-2.2806248318815,3.12500000000001,2.09999995306134));
#1637=CARTESIAN_POINT('',(-2.39190177358828,2.97568090213686,2.22261145936937));
#1638=CARTESIAN_POINT('Ctrl Pts',(-2.39190177358828,2.97568090213686,2.22261145936937));
#1639=CARTESIAN_POINT('Ctrl Pts',(-2.39401403718413,2.97139935587063,2.22176224590002));
#1640=CARTESIAN_POINT('Ctrl Pts',(-2.396040861923,2.9671213717688,2.22068077851944));
#1641=CARTESIAN_POINT('Ctrl Pts',(-2.40316285086626,2.95146468318458,2.21580963647251));
#1642=CARTESIAN_POINT('Ctrl Pts',(-2.40760906933805,2.94039572780737,2.21057834673191));
#1643=CARTESIAN_POINT('Ctrl Pts',(-2.41599421712652,2.91711753322191,2.19486630686584));
#1644=CARTESIAN_POINT('Ctrl Pts',(-2.41938586265354,2.90572576345005,2.18364509534468));
#1645=CARTESIAN_POINT('Ctrl Pts',(-2.42423372418894,2.88768967241037,2.15714841263836));
#1646=CARTESIAN_POINT('Ctrl Pts',(-2.42566204051419,2.88126353580217,2.14226612254571));
#1647=CARTESIAN_POINT('Ctrl Pts',(-2.42714979004036,2.8744781876004,2.11100624841106));
#1648=CARTESIAN_POINT('Ctrl Pts',(-2.42722425789374,2.87409633587048,2.09496355947938));
#1649=CARTESIAN_POINT('Ctrl Pts',(-2.42610891988297,2.87925146447002,2.06425554642255));
#1650=CARTESIAN_POINT('Ctrl Pts',(-2.42496960058529,2.88451100553633,2.04983447003416));
#1651=CARTESIAN_POINT('Ctrl Pts',(-2.42105218743208,2.8997640782866,2.0238215513096));
#1652=CARTESIAN_POINT('Ctrl Pts',(-2.41831705393242,2.90953565600743,2.01249908985653));
#1653=CARTESIAN_POINT('Ctrl Pts',(-2.41076045156996,2.93211778132555,1.9940417862132));
#1654=CARTESIAN_POINT('Ctrl Pts',(-2.40605726554724,2.94456657287435,1.98710935587381));
#1655=CARTESIAN_POINT('Ctrl Pts',(-2.39770135907127,2.96358526348822,1.98025291684115));
#1656=CARTESIAN_POINT('Ctrl Pts',(-2.39488808997765,2.96962769398298,1.97858905602426));
#1657=CARTESIAN_POINT('Ctrl Pts',(-2.39190178857391,2.9756809101292,1.9773884451681));
#1658=CARTESIAN_POINT('Ctrl Pts',(-2.2806248318815,3.12500000000001,2.09999995306134));
#1659=CARTESIAN_POINT('Ctrl Pts',(-2.28062483186432,3.12500000000001,2.10019991004938));
#1660=CARTESIAN_POINT('Ctrl Pts',(-2.28062532574778,3.12499952020378,2.10039995272792));
#1661=CARTESIAN_POINT('Ctrl Pts',(-2.28068669220385,3.12493990471936,2.11281707643474));
#1662=CARTESIAN_POINT('Ctrl Pts',(-2.28259640302961,3.12310091143233,2.12467788257727));
#1663=CARTESIAN_POINT('Ctrl Pts',(-2.29043320970231,3.1153151821319,2.15062678283908));
#1664=CARTESIAN_POINT('Ctrl Pts',(-2.29723143168476,3.10843536942278,2.16374206864355));
#1665=CARTESIAN_POINT('Ctrl Pts',(-2.31545128904586,3.0887308412442,2.19003987744719));
#1666=CARTESIAN_POINT('Ctrl Pts',(-2.32825148056999,3.07402857268896,2.2025471734961));
#1667=CARTESIAN_POINT('Ctrl Pts',(-2.34903991991419,3.04669720066487,2.21651148684054));
#1668=CARTESIAN_POINT('Ctrl Pts',(-2.35679454401774,3.03575526190828,2.2203426383346));
#1669=CARTESIAN_POINT('Ctrl Pts',(-2.36931685380162,3.01643068459746,2.22417644221097));
#1670=CARTESIAN_POINT('Ctrl Pts',(-2.37427836659332,3.00828854995133,2.22499995306134));
#1671=CARTESIAN_POINT('Ctrl Pts',(-2.37899316476105,3.00000000000001,2.22499995306134));
#1672=CARTESIAN_POINT('Ctrl Pts',(-2.38181203781199,2.99504446017453,2.22499995306134));
#1673=CARTESIAN_POINT('Ctrl Pts',(-2.38454064398405,2.99004122881741,2.22470538410498));
#1674=CARTESIAN_POINT('Ctrl Pts',(-2.38878688861213,2.98190534637314,2.22372303251921));
#1675=CARTESIAN_POINT('Ctrl Pts',(-2.39036724237736,2.97879138815264,2.22322840158056));
#1676=CARTESIAN_POINT('Ctrl Pts',(-2.39190177358829,2.97568090213685,2.22261145936937));
#1677=CARTESIAN_POINT('Origin',(-2.99999993294477,3.00000000000001,2.09999995306134));
#1678=CARTESIAN_POINT('Origin',(-2.99999993294477,3.00000000000001,1.39999996870756));
#1679=CARTESIAN_POINT('',(-2.99999993294477,3.00000000000001,0.824999984353781));
#1680=CARTESIAN_POINT('Origin',(-2.99999993294477,3.00000000000001,0.699999984353781));
#1681=CARTESIAN_POINT('Origin',(-2.99999993294477,3.00000000000001,1.39999996870756));
#1682=CARTESIAN_POINT('Origin',(-1.50000008208169,2.50000000000001,2.1));
#1683=CARTESIAN_POINT('',(-3.00000008208169,3.30000000000001,1.4));
#1684=CARTESIAN_POINT('Origin',(-3.00000008208169,3.30000000000001,2.1));
#1685=CARTESIAN_POINT('',(-3.0000000821449,2.59999990847866,1.42819588695678));
#1686=CARTESIAN_POINT('Ctrl Pts',(-3.00000008208169,3.30000000000001,1.4));
#1687=CARTESIAN_POINT('Ctrl Pts',(-3.00000008208169,3.22298883455663,1.4));
#1688=CARTESIAN_POINT('Ctrl Pts',(-3.00000008208169,3.1306397530869,1.40344722786353));
#1689=CARTESIAN_POINT('Ctrl Pts',(-3.00000008208169,2.91295862098692,1.41444572059854));
#1690=CARTESIAN_POINT('Ctrl Pts',(-3.00000008208169,2.74940139365516,1.425286532966));
#1691=CARTESIAN_POINT('Ctrl Pts',(-3.00000008208169,2.59999990847952,1.4281958869937));
#1692=CARTESIAN_POINT('',(-3.09999999068676,2.50000000000001,1.40717969016418));
#1693=CARTESIAN_POINT('Ctrl Pts',(-3.00000008217761,2.59999990850916,1.4281958869651));
#1694=CARTESIAN_POINT('Ctrl Pts',(-3.03317662449245,2.56682336619432,1.41915103964749));
#1695=CARTESIAN_POINT('Ctrl Pts',(-3.06688025949667,2.5331197311901,1.41196011605378));
#1696=CARTESIAN_POINT('Ctrl Pts',(-3.09999999068676,2.50000000000001,1.40717969016418));
#1697=CARTESIAN_POINT('',(-3.09999999068676,2.50000000000001,2.79282030983582));
#1698=CARTESIAN_POINT('Origin',(-3.20000008208169,2.50000000000001,2.1));
#1699=CARTESIAN_POINT('',(-3.00000008208023,2.59999990860945,2.77180411300886));
#1700=CARTESIAN_POINT('Ctrl Pts',(-3.09999999068676,2.50000000000001,2.79282030983582));
#1701=CARTESIAN_POINT('Ctrl Pts',(-3.06689747063971,2.53310252004706,2.78804236816305));
#1702=CARTESIAN_POINT('Ctrl Pts',(-3.03318745503419,2.56681253565258,2.78085191306301));
#1703=CARTESIAN_POINT('Ctrl Pts',(-3.00000008207889,2.59999990860789,2.77180411300799));
#1704=CARTESIAN_POINT('',(-3.00000008208169,3.30000000000001,2.8));
#1705=CARTESIAN_POINT('Ctrl Pts',(-3.00000008208169,2.59999990860946,2.77180411300884));
#1706=CARTESIAN_POINT('Ctrl Pts',(-3.00000008208169,2.74940139375002,2.77471346703948));
#1707=CARTESIAN_POINT('Ctrl Pts',(-3.00000008208169,2.91295862102773,2.78555427940352));
#1708=CARTESIAN_POINT('Ctrl Pts',(-3.00000008208169,3.1306397530869,2.79655277213647));
#1709=CARTESIAN_POINT('Ctrl Pts',(-3.00000008208169,3.22298883455663,2.8));
#1710=CARTESIAN_POINT('Ctrl Pts',(-3.00000008208169,3.30000000000001,2.8));
#1711=CARTESIAN_POINT('Origin',(-3.00000008208169,3.30000000000001,2.1));
#1712=CARTESIAN_POINT('Origin',(-2.99999993294477,-3.,2.09999995306134));
#1713=CARTESIAN_POINT('',(-2.39190177358828,-2.97568090213685,2.22261145936937));
#1714=CARTESIAN_POINT('',(-2.2806248318815,-3.125,2.09999995306129));
#1715=CARTESIAN_POINT('Ctrl Pts',(-2.39190177358828,-2.97568090213685,2.22261145936937));
#1716=CARTESIAN_POINT('Ctrl Pts',(-2.39166068137864,-2.97616959467127,2.22270838796871));
#1717=CARTESIAN_POINT('Ctrl Pts',(-2.3914184432179,-2.9766584060746,2.22280230354422));
#1718=CARTESIAN_POINT('Ctrl Pts',(-2.38735419127972,-2.9848228680532,2.22432053101018));
#1719=CARTESIAN_POINT('Ctrl Pts',(-2.38327578562841,-2.9924712117637,2.22499995306134));
#1720=CARTESIAN_POINT('Ctrl Pts',(-2.37899316476105,-3.,2.22499995306134));
#1721=CARTESIAN_POINT('Ctrl Pts',(-2.37608561428951,-3.00511143350405,2.22499995306134));
#1722=CARTESIAN_POINT('Ctrl Pts',(-2.37308453641936,-3.01016775332702,2.22468656412228));
#1723=CARTESIAN_POINT('Ctrl Pts',(-2.36386139435327,-3.02510015247557,2.2228640220436));
#1724=CARTESIAN_POINT('Ctrl Pts',(-2.35742544255781,-3.03472328671737,2.22047474921852));
#1725=CARTESIAN_POINT('Ctrl Pts',(-2.34054828043849,-3.05834311536432,2.21162772237225));
#1726=CARTESIAN_POINT('Ctrl Pts',(-2.32984244874351,-3.07174557727053,2.20353976169707));
#1727=CARTESIAN_POINT('Ctrl Pts',(-2.31019365846016,-3.09461971956418,2.18306886274513));
#1728=CARTESIAN_POINT('Ctrl Pts',(-2.3009966519612,-3.10444076350943,2.17059337661708));
#1729=CARTESIAN_POINT('Ctrl Pts',(-2.28876991259443,-3.11700969258104,2.14551298655792));
#1730=CARTESIAN_POINT('Ctrl Pts',(-2.28476878789598,-3.1209496149811,2.13396581088639));
#1731=CARTESIAN_POINT('Ctrl Pts',(-2.28127468910826,-3.12437117284001,2.11446790142503));
#1732=CARTESIAN_POINT('Ctrl Pts',(-2.28062483125906,-3.12500000000001,2.10724600208296));
#1733=CARTESIAN_POINT('Ctrl Pts',(-2.2806248318815,-3.125,2.09999995306123));
#1734=CARTESIAN_POINT('',(-2.39190178857391,-2.97568091012919,1.9773884451681));
#1735=CARTESIAN_POINT('Ctrl Pts',(-2.39190178857391,-2.97568091012919,1.9773884451681));
#1736=CARTESIAN_POINT('Ctrl Pts',(-2.39401404667594,-2.9713993748387,1.97823765617042));
#1737=CARTESIAN_POINT('Ctrl Pts',(-2.39604086634534,-2.96712140165201,1.97931911989337));
#1738=CARTESIAN_POINT('Ctrl Pts',(-2.40316285013372,-2.95146472650451,1.9841902519199));
#1739=CARTESIAN_POINT('Ctrl Pts',(-2.40760906846282,-2.94039577289004,1.98942153555933));
#1740=CARTESIAN_POINT('Ctrl Pts',(-2.41599421757135,-2.91711757571159,2.005133562304));
#1741=CARTESIAN_POINT('Ctrl Pts',(-2.41938586397482,-2.90572580151906,2.01635476800455));
#1742=CARTESIAN_POINT('Ctrl Pts',(-2.42423372611225,-2.88768969911173,2.04285144122106));
#1743=CARTESIAN_POINT('Ctrl Pts',(-2.42566204214817,-2.88126355581756,2.0577337276093));
#1744=CARTESIAN_POINT('Ctrl Pts',(-2.42714979063191,-2.87447819264311,2.08899359879381));
#1745=CARTESIAN_POINT('Ctrl Pts',(-2.42722425763436,-2.87409633342612,2.10503628853225));
#1746=CARTESIAN_POINT('Ctrl Pts',(-2.42610891822834,-2.87925144845093,2.13574430613466));
#1747=CARTESIAN_POINT('Ctrl Pts',(-2.42496959837068,-2.88451098364603,2.15016538608607));
#1748=CARTESIAN_POINT('Ctrl Pts',(-2.42105218495565,-2.89976404644908,2.17617831307887));
#1749=CARTESIAN_POINT('Ctrl Pts',(-2.41831705178839,-2.90953562009963,2.18750077931064));
#1750=CARTESIAN_POINT('Ctrl Pts',(-2.41076045012325,-2.93211774174567,2.20595809507564));
#1751=CARTESIAN_POINT('Ctrl Pts',(-2.40605726403933,-2.94456653425283,2.21289053175788));
#1752=CARTESIAN_POINT('Ctrl Pts',(-2.39770135334589,-2.96358523622847,2.21974698154809));
#1753=CARTESIAN_POINT('Ctrl Pts',(-2.3948880798855,-2.96962767629809,2.22141084618066));
#1754=CARTESIAN_POINT('Ctrl Pts',(-2.39190177358828,-2.97568090213685,2.22261145936937));
#1755=CARTESIAN_POINT('Ctrl Pts',(-2.2806248318815,-3.125,2.09999995306123));
#1756=CARTESIAN_POINT('Ctrl Pts',(-2.28062483224482,-3.125,2.09577039798646));
#1757=CARTESIAN_POINT('Ctrl Pts',(-2.28084595804273,-3.12478548758328,2.09153261478818));
#1758=CARTESIAN_POINT('Ctrl Pts',(-2.28264807631221,-3.12303001646091,2.07434558746093));
#1759=CARTESIAN_POINT('Ctrl Pts',(-2.28602010037556,-3.11974768452635,2.06213645707211));
#1760=CARTESIAN_POINT('Ctrl Pts',(-2.29711170985543,-3.10850206952288,2.03578198566276));
#1761=CARTESIAN_POINT('Ctrl Pts',(-2.30604016942851,-3.09918823012318,2.02223934832365));
#1762=CARTESIAN_POINT('Ctrl Pts',(-2.32675808016457,-3.07553166773322,1.99894820934432));
#1763=CARTESIAN_POINT('Ctrl Pts',(-2.3384099735267,-3.06119236547876,1.98972776920324));
#1764=CARTESIAN_POINT('Ctrl Pts',(-2.35632538692479,-3.03633605817036,1.97998194312823));
#1765=CARTESIAN_POINT('Ctrl Pts',(-2.36292568536334,-3.02654153703722,1.97742542916549));
#1766=CARTESIAN_POINT('Ctrl Pts',(-2.37394294086943,-3.00882566446898,1.97507594998167));
#1767=CARTESIAN_POINT('Ctrl Pts',(-2.37849706158634,-3.00104067405508,1.97475603400003));
#1768=CARTESIAN_POINT('Ctrl Pts',(-2.38598483475991,-2.9873589736473,1.97550464598342));
#1769=CARTESIAN_POINT('Ctrl Pts',(-2.38902376988883,-2.98151463781384,1.97623136823231));
#1770=CARTESIAN_POINT('Ctrl Pts',(-2.39190178857391,-2.97568091012919,1.9773884451681));
#1771=CARTESIAN_POINT('',(-2.99999993294477,-3.125,2.09999995306134));
#1772=CARTESIAN_POINT('',(-2.99999993294477,-3.125,2.09999995306134));
#1773=CARTESIAN_POINT('',(-2.99999993294477,-3.,1.97499995306134));
#1774=CARTESIAN_POINT('Origin',(-2.99999993294477,-3.,2.09999995306134));
#1775=CARTESIAN_POINT('Origin',(-2.99999993294477,-3.,2.09999995306134));
#1776=CARTESIAN_POINT('Origin',(-2.99999993294477,-3.,1.39999996870756));
#1777=CARTESIAN_POINT('',(-2.99999993294477,-3.,0.824999984353781));
#1778=CARTESIAN_POINT('Origin',(-2.99999993294477,-3.,1.39999996870756));
#1779=CARTESIAN_POINT('Origin',(-2.99999993294477,-3.,0.699999984353781));
#1780=CARTESIAN_POINT('Origin',(-1.50000008208169,-2.5,2.1));
#1781=CARTESIAN_POINT('',(-3.00000008208169,-3.30000000000001,2.8));
#1782=CARTESIAN_POINT('Origin',(-3.00000008208169,-3.30000000000001,2.1));
#1783=CARTESIAN_POINT('',(-3.0000000821449,-2.59999991779188,2.77180411322458));
#1784=CARTESIAN_POINT('Ctrl Pts',(-3.00000008208169,-3.30000000000001,2.8));
#1785=CARTESIAN_POINT('Ctrl Pts',(-3.00000008208169,-3.22298883455662,2.8));
#1786=CARTESIAN_POINT('Ctrl Pts',(-3.00000008208169,-3.13063975308689,2.79655277213647));
#1787=CARTESIAN_POINT('Ctrl Pts',(-3.00000008208169,-2.91295862391176,2.78555427954924));
#1788=CARTESIAN_POINT('Ctrl Pts',(-3.00000008208169,-2.74940140045465,2.77471346742622));
#1789=CARTESIAN_POINT('Ctrl Pts',(-3.00000008208169,-2.59999991779274,2.77180411318766));
#1790=CARTESIAN_POINT('',(-3.09999999999999,-2.5,2.79282031118007));
#1791=CARTESIAN_POINT('Ctrl Pts',(-3.00000008217761,-2.59999991782238,2.77180411321626));
#1792=CARTESIAN_POINT('Ctrl Pts',(-3.03317662758626,-2.56682337241373,2.7808489612825));
#1793=CARTESIAN_POINT('Ctrl Pts',(-3.06688026579889,-2.53311973420109,2.78803988531035));
#1794=CARTESIAN_POINT('Ctrl Pts',(-3.09999999999999,-2.5,2.79282031118007));
#1795=CARTESIAN_POINT('',(-3.09999999999999,-2.5,1.40717968881993));
#1796=CARTESIAN_POINT('Origin',(-3.20000008208169,-2.5,2.1));
#1797=CARTESIAN_POINT('',(-3.00000008208023,-2.59999991792268,1.42819588680978));
#1798=CARTESIAN_POINT('Ctrl Pts',(-3.09999999999999,-2.5,1.40717968881993));
#1799=CARTESIAN_POINT('Ctrl Pts',(-3.06689747694488,-2.53310252305511,1.41195763047263));
#1800=CARTESIAN_POINT('Ctrl Pts',(-3.03318745812989,-2.5668125418701,1.41914808600652));
#1801=CARTESIAN_POINT('Ctrl Pts',(-3.00000008207888,-2.5999999179211,1.42819588681065));
#1802=CARTESIAN_POINT('',(-3.00000008208169,-3.30000000000001,1.4));
#1803=CARTESIAN_POINT('Ctrl Pts',(-3.00000008208169,-2.59999991792268,1.4281958868098));
#1804=CARTESIAN_POINT('Ctrl Pts',(-3.00000008208169,-2.74940140054952,1.42528653256831));
#1805=CARTESIAN_POINT('Ctrl Pts',(-3.00000008208169,-2.91295862395257,1.4144457204487));
#1806=CARTESIAN_POINT('Ctrl Pts',(-3.00000008208169,-3.13063975308689,1.40344722786353));
#1807=CARTESIAN_POINT('Ctrl Pts',(-3.00000008208169,-3.22298883455662,1.4));
#1808=CARTESIAN_POINT('Ctrl Pts',(-3.00000008208169,-3.30000000000001,1.4));
#1809=CARTESIAN_POINT('Origin',(-3.00000008208169,-3.30000000000001,2.1));
#1810=CARTESIAN_POINT('Origin',(-3.99999991059303,-1.6,0.));
#1811=CARTESIAN_POINT('',(4.,-1.6,0.));
#1812=CARTESIAN_POINT('',(-3.99999999999999,-1.6,0.));
#1813=CARTESIAN_POINT('',(-1.99999995529651,-1.6,0.));
#1814=CARTESIAN_POINT('',(4.,-1.6,-0.1));
#1815=CARTESIAN_POINT('',(4.,-1.6,0.));
#1816=CARTESIAN_POINT('',(-3.99999991059303,-1.6,-0.1));
#1817=CARTESIAN_POINT('',(4.,-1.6,-0.1));
#1818=CARTESIAN_POINT('',(-3.99999991059303,-1.6,0.));
#1819=CARTESIAN_POINT('Origin',(5.55111512312578E-15,-2.8,-0.1));
#1820=CARTESIAN_POINT('',(3.,-2.6,-0.1));
#1821=CARTESIAN_POINT('',(4.,-1.6,-0.1));
#1822=CARTESIAN_POINT('',(3.,-3.99999991059303,-0.1));
#1823=CARTESIAN_POINT('',(3.,-2.6,-0.1));
#1824=CARTESIAN_POINT('',(-3.00000008208169,-3.99999991059303,-0.1));
#1825=CARTESIAN_POINT('',(-3.99999991059303,-3.99999991059303,-0.1));
#1826=CARTESIAN_POINT('',(-3.00000008208169,-2.5999999179183,-0.1));
#1827=CARTESIAN_POINT('',(-3.00000008208169,-4.,-0.1));
#1828=CARTESIAN_POINT('',(-3.00000008208169,-2.5999999179183,-0.1));
#1829=CARTESIAN_POINT('Origin',(4.,1.60000000000001,0.));
#1830=CARTESIAN_POINT('',(-3.99999999068676,1.60000000000001,0.));
#1831=CARTESIAN_POINT('',(4.,1.60000000000001,0.));
#1832=CARTESIAN_POINT('',(2.,1.60000000000001,0.));
#1833=CARTESIAN_POINT('',(-3.99999991059303,1.60000000000001,-0.1));
#1834=CARTESIAN_POINT('',(-3.99999991059303,1.60000000000001,0.));
#1835=CARTESIAN_POINT('',(4.,1.60000000000001,-0.1));
#1836=CARTESIAN_POINT('',(4.,1.60000000000001,-0.1));
#1837=CARTESIAN_POINT('',(4.,1.60000000000001,0.));
#1838=CARTESIAN_POINT('Origin',(4.656617869081E-9,2.80000000000001,-0.1));
#1839=CARTESIAN_POINT('',(-3.00000008208169,2.59999990860508,-0.1));
#1840=CARTESIAN_POINT('',(-3.00000008208169,3.99999991059303,-0.1));
#1841=CARTESIAN_POINT('',(-3.00000008208169,2.59999990860508,-0.1));
#1842=CARTESIAN_POINT('',(3.,3.99999991059303,-0.1));
#1843=CARTESIAN_POINT('',(-3.99999991059303,3.99999991059303,-0.1));
#1844=CARTESIAN_POINT('',(3.,2.60000000000001,-0.1));
#1845=CARTESIAN_POINT('',(3.,4.00000000000001,-0.1));
#1846=CARTESIAN_POINT('',(3.,2.60000000000001,-0.1));
#1847=CARTESIAN_POINT('',(-3.99999999068676,1.60000000000001,-0.1));
#1848=CARTESIAN_POINT('Origin',(-0.0968187404557197,-5.55111512312578E-16,
2.8));
#1849=CARTESIAN_POINT('',(2.3,4.00000000000001,2.8));
#1850=CARTESIAN_POINT('',(3.,3.30000000000001,2.8));
#1851=CARTESIAN_POINT('Origin',(1.5,2.50000000000001,2.8));
#1852=CARTESIAN_POINT('',(3.,4.00000000000001,2.8));
#1853=CARTESIAN_POINT('',(1.45159062977214,4.00000000000001,2.8));
#1854=CARTESIAN_POINT('',(3.,1.3,2.8));
#1855=CARTESIAN_POINT('Origin',(-0.0968187404557197,-5.55111512312578E-16,
2.8));
#1856=CARTESIAN_POINT('',(3.2,2.40000000000001,2.8));
#1857=CARTESIAN_POINT('',(3.2,-2.4,2.8));
#1858=CARTESIAN_POINT('',(3.2,-1.75,2.8));
#1859=CARTESIAN_POINT('',(4.,1.60000000000001,2.8));
#1860=CARTESIAN_POINT('',(3.37579531488607,2.22420468511394,2.8));
#1861=CARTESIAN_POINT('',(4.,-1.6,2.8));
#1862=CARTESIAN_POINT('',(4.,-0.800000000000001,2.8));
#1863=CARTESIAN_POINT('',(2.87579531488607,-2.72420468511393,2.8));
#1864=CARTESIAN_POINT('Origin',(-0.0968187404557197,-5.55111512312578E-16,
2.8));
#1865=CARTESIAN_POINT('',(-2.30000008208169,4.00000000000001,2.8));
#1866=CARTESIAN_POINT('Origin',(-1.50000008208169,2.50000000000001,2.8));
#1867=CARTESIAN_POINT('',(-3.00000008208169,4.00000000000001,2.8));
#1868=CARTESIAN_POINT('',(-3.00000008208169,2.,2.8));
#1869=CARTESIAN_POINT('',(1.45159062977214,4.00000000000001,2.8));
#1870=CARTESIAN_POINT('Origin',(-0.0968187404557197,-5.55111512312578E-16,
2.8));
#1871=CARTESIAN_POINT('',(3.,-3.3,2.8));
#1872=CARTESIAN_POINT('',(2.3,-4.,2.8));
#1873=CARTESIAN_POINT('Origin',(1.5,-2.5,2.8));
#1874=CARTESIAN_POINT('',(3.,-4.,2.8));
#1875=CARTESIAN_POINT('',(3.,-2.,2.8));
#1876=CARTESIAN_POINT('',(-1.5484094112687,-4.,2.8));
#1877=CARTESIAN_POINT('Origin',(-0.0968187404557197,-5.55111512312578E-16,
2.8));
#1878=CARTESIAN_POINT('',(-3.20000008208169,-2.3999999179183,2.8));
#1879=CARTESIAN_POINT('',(-3.20000008208169,2.39999990860508,2.8));
#1880=CARTESIAN_POINT('',(-3.20000008208169,1.75,2.8));
#1881=CARTESIAN_POINT('',(-3.99999999999999,-1.6,2.8));
#1882=CARTESIAN_POINT('',(-3.42420468511392,-2.17579531488607,2.8));
#1883=CARTESIAN_POINT('',(-3.99999999068676,1.60000000000001,2.8));
#1884=CARTESIAN_POINT('',(-3.99999994635581,0.800000021810724,2.8));
#1885=CARTESIAN_POINT('',(-2.92420472382647,2.6757952668603,2.8));
#1886=CARTESIAN_POINT('Origin',(-1.50000008208169,-2.5,2.1));
#1887=CARTESIAN_POINT('',(-2.30000008208169,-4.,1.4));
#1888=CARTESIAN_POINT('Origin',(-1.50000008208169,-2.5,1.4));
#1889=CARTESIAN_POINT('',(-2.30000008208169,-4.,2.8));
#1890=CARTESIAN_POINT('Origin',(-2.30000008208169,-4.,2.1));
#1891=CARTESIAN_POINT('Origin',(-1.50000008208169,-2.5,2.8));
#1892=CARTESIAN_POINT('Origin',(-1.50000008208169,-2.5,2.1));
#1893=CARTESIAN_POINT('',(-1.50000008208169,-4.,1.42917960675006));
#1894=CARTESIAN_POINT('Ctrl Pts',(-2.30000008208169,-4.,1.4));
#1895=CARTESIAN_POINT('Ctrl Pts',(-2.22298891663831,-4.,1.4));
#1896=CARTESIAN_POINT('Ctrl Pts',(-2.13063983516858,-4.,1.40344722786353));
#1897=CARTESIAN_POINT('Ctrl Pts',(-1.88070971858154,-4.,1.41607512328572));
#1898=CARTESIAN_POINT('Ctrl Pts',(-1.67323784654612,-4.,1.42917960675006));
#1899=CARTESIAN_POINT('Ctrl Pts',(-1.50000008208169,-4.,1.42917960675006));
#1900=CARTESIAN_POINT('',(-1.50000008208169,-4.,2.77082039324994));
#1901=CARTESIAN_POINT('Origin',(-1.50000008208169,-4.2,2.1));
#1902=CARTESIAN_POINT('Ctrl Pts',(-1.50000008208169,-4.,2.77082039324994));
#1903=CARTESIAN_POINT('Ctrl Pts',(-1.67323784654612,-4.,2.77082039324994));
#1904=CARTESIAN_POINT('Ctrl Pts',(-1.88070971858154,-4.,2.78392487671428));
#1905=CARTESIAN_POINT('Ctrl Pts',(-2.13063983516858,-4.,2.79655277213647));
#1906=CARTESIAN_POINT('Ctrl Pts',(-2.22298891663831,-4.,2.8));
#1907=CARTESIAN_POINT('Ctrl Pts',(-2.30000008208169,-4.,2.8));
#1908=CARTESIAN_POINT('Origin',(1.5,-2.5,2.1));
#1909=CARTESIAN_POINT('',(2.3,-4.,1.4));
#1910=CARTESIAN_POINT('Origin',(2.3,-4.,2.1));
#1911=CARTESIAN_POINT('',(3.,-3.3,1.4));
#1912=CARTESIAN_POINT('Origin',(1.5,-2.5,1.4));
#1913=CARTESIAN_POINT('Origin',(3.,-3.3,2.1));
#1914=CARTESIAN_POINT('Origin',(1.5,-2.5,2.1));
#1915=CARTESIAN_POINT('',(1.5,-4.,1.42917960675006));
#1916=CARTESIAN_POINT('Ctrl Pts',(1.5,-4.,1.42917960675006));
#1917=CARTESIAN_POINT('Ctrl Pts',(1.67323776446442,-4.,1.42917960675006));
#1918=CARTESIAN_POINT('Ctrl Pts',(1.88070963649985,-4.,1.41607512328572));
#1919=CARTESIAN_POINT('Ctrl Pts',(2.13063975308688,-4.,1.40344722786353));
#1920=CARTESIAN_POINT('Ctrl Pts',(2.22298883455661,-4.,1.4));
#1921=CARTESIAN_POINT('Ctrl Pts',(2.3,-4.,1.4));
#1922=CARTESIAN_POINT('',(1.5,-4.,2.77082039324994));
#1923=CARTESIAN_POINT('Ctrl Pts',(2.3,-4.,2.8));
#1924=CARTESIAN_POINT('Ctrl Pts',(2.22298883455661,-4.,2.8));
#1925=CARTESIAN_POINT('Ctrl Pts',(2.13063975308688,-4.,2.79655277213647));
#1926=CARTESIAN_POINT('Ctrl Pts',(1.88070963649985,-4.,2.78392487671428));
#1927=CARTESIAN_POINT('Ctrl Pts',(1.67323776446442,-4.,2.77082039324994));
#1928=CARTESIAN_POINT('Ctrl Pts',(1.5,-4.,2.77082039324994));
#1929=CARTESIAN_POINT('Origin',(1.5,-4.2,2.1));
#1930=CARTESIAN_POINT('Origin',(-1.29840941126871,-4.2,2.1));
#1931=CARTESIAN_POINT('',(-1.29840941126871,-4.,1.42917960675006));
#1932=CARTESIAN_POINT('',(-1.29840941126871,-4.,2.77082039324994));
#1933=CARTESIAN_POINT('Origin',(1.5,-2.5,2.1));
#1934=CARTESIAN_POINT('',(3.00000000006321,-2.59999999987358,1.42819588517701));
#1935=CARTESIAN_POINT('',(3.1,-2.5,1.40717967697245));
#1936=CARTESIAN_POINT('Ctrl Pts',(3.00000000009592,-2.59999999990408,1.42819588518533));
#1937=CARTESIAN_POINT('Ctrl Pts',(3.03317657277176,-2.56682342722824,1.41915103052107));
#1938=CARTESIAN_POINT('Ctrl Pts',(3.06688023926163,-2.53311976073837,1.4119601026669));
#1939=CARTESIAN_POINT('Ctrl Pts',(3.1,-2.5,1.40717967697245));
#1940=CARTESIAN_POINT('',(3.1,-2.5,2.79282032302755));
#1941=CARTESIAN_POINT('Origin',(3.2,-2.5,2.1));
#1942=CARTESIAN_POINT('',(2.99999999999854,-2.60000000000437,2.77180411478863));
#1943=CARTESIAN_POINT('Ctrl Pts',(3.1,-2.5,2.79282032302755));
#1944=CARTESIAN_POINT('Ctrl Pts',(3.06689745043359,-2.53310254956641,2.78804238155179));
#1945=CARTESIAN_POINT('Ctrl Pts',(3.03318740333205,-2.56681259666795,2.78085192219418));
#1946=CARTESIAN_POINT('Ctrl Pts',(2.9999999999972,-2.6000000000028,2.77180411478776));
#1947=CARTESIAN_POINT('Ctrl Pts',(3.,-2.60000000000437,2.77180411478861));
#1948=CARTESIAN_POINT('Ctrl Pts',(3.,-2.74940146047661,2.77471347088847));
#1949=CARTESIAN_POINT('Ctrl Pts',(3.,-2.91295864973059,2.78555428085376));
#1950=CARTESIAN_POINT('Ctrl Pts',(3.,-3.13063975308688,2.79655277213647));
#1951=CARTESIAN_POINT('Ctrl Pts',(3.,-3.22298883455661,2.8));
#1952=CARTESIAN_POINT('Ctrl Pts',(3.,-3.3,2.8));
#1953=CARTESIAN_POINT('Ctrl Pts',(3.,-3.3,1.4));
#1954=CARTESIAN_POINT('Ctrl Pts',(3.,-3.22298883455661,1.4));
#1955=CARTESIAN_POINT('Ctrl Pts',(3.,-3.13063975308688,1.40344722786353));
#1956=CARTESIAN_POINT('Ctrl Pts',(3.,-2.91295864968978,1.41444571914831));
#1957=CARTESIAN_POINT('Ctrl Pts',(3.,-2.74940146038175,1.425286529117));
#1958=CARTESIAN_POINT('Ctrl Pts',(3.,-2.59999999987444,1.42819588521392));
#1959=CARTESIAN_POINT('Origin',(3.2,-1.75,2.1));
#1960=CARTESIAN_POINT('',(3.2,-2.4,1.4));
#1961=CARTESIAN_POINT('Origin',(3.2,-2.4,2.1));
#1962=CARTESIAN_POINT('',(3.2,2.40000000000001,1.4));
#1963=CARTESIAN_POINT('',(3.2,-1.75,1.4));
#1964=CARTESIAN_POINT('Origin',(3.2,2.40000000000001,2.1));
#1965=CARTESIAN_POINT('Origin',(3.2,-1.75,2.1));
#1966=CARTESIAN_POINT('Origin',(3.2,-2.4,2.1));
#1967=CARTESIAN_POINT('Origin',(3.2,-2.4,2.1));
#1968=CARTESIAN_POINT('Origin',(3.2,-1.75,2.1));
#1969=CARTESIAN_POINT('',(3.1,2.50000000000001,1.40717967697245));
#1970=CARTESIAN_POINT('Origin',(3.2,2.40000000000001,2.1));
#1971=CARTESIAN_POINT('',(3.1,2.50000000000001,2.79282032302755));
#1972=CARTESIAN_POINT('Origin',(3.2,2.50000000000001,2.1));
#1973=CARTESIAN_POINT('Origin',(3.2,2.40000000000001,2.1));
#1974=CARTESIAN_POINT('Origin',(1.5,2.50000000000001,2.1));
#1975=CARTESIAN_POINT('',(3.,3.30000000000001,1.4));
#1976=CARTESIAN_POINT('Origin',(3.,3.30000000000001,2.1));
#1977=CARTESIAN_POINT('',(2.3,4.00000000000001,1.4));
#1978=CARTESIAN_POINT('Origin',(1.5,2.50000000000001,1.4));
#1979=CARTESIAN_POINT('Origin',(2.3,4.00000000000001,2.1));
#1980=CARTESIAN_POINT('Origin',(1.5,2.50000000000001,2.1));
#1981=CARTESIAN_POINT('',(2.99999999999854,2.60000000000438,1.42819588521137));
#1982=CARTESIAN_POINT('Ctrl Pts',(3.,2.60000000000438,1.42819588521139));
#1983=CARTESIAN_POINT('Ctrl Pts',(3.,2.74940146047662,1.42528652911153));
#1984=CARTESIAN_POINT('Ctrl Pts',(3.,2.91295864973059,1.41444571914625));
#1985=CARTESIAN_POINT('Ctrl Pts',(3.,3.13063975308689,1.40344722786353));
#1986=CARTESIAN_POINT('Ctrl Pts',(3.,3.22298883455662,1.4));
#1987=CARTESIAN_POINT('Ctrl Pts',(3.,3.30000000000001,1.4));
#1988=CARTESIAN_POINT('',(3.00000000006321,2.59999999987359,2.77180411482299));
#1989=CARTESIAN_POINT('Ctrl Pts',(3.,3.30000000000001,2.8));
#1990=CARTESIAN_POINT('Ctrl Pts',(3.,3.22298883455662,2.8));
#1991=CARTESIAN_POINT('Ctrl Pts',(3.,3.13063975308689,2.79655277213647));
#1992=CARTESIAN_POINT('Ctrl Pts',(3.,2.91295864968979,2.78555428085169));
#1993=CARTESIAN_POINT('Ctrl Pts',(3.,2.74940146038175,2.774713470883));
#1994=CARTESIAN_POINT('Ctrl Pts',(3.,2.59999999987445,2.77180411478608));
#1995=CARTESIAN_POINT('Ctrl Pts',(3.00000000009592,2.59999999990408,2.77180411481467));
#1996=CARTESIAN_POINT('Ctrl Pts',(3.03317657277176,2.56682342722825,2.78084896947893));
#1997=CARTESIAN_POINT('Ctrl Pts',(3.06688023926163,2.53311976073838,2.7880398973331));
#1998=CARTESIAN_POINT('Ctrl Pts',(3.1,2.50000000000001,2.79282032302755));
#1999=CARTESIAN_POINT('Ctrl Pts',(3.1,2.50000000000001,1.40717967697245));
#2000=CARTESIAN_POINT('Ctrl Pts',(3.06689745043359,2.53310254956642,1.41195761844821));
#2001=CARTESIAN_POINT('Ctrl Pts',(3.03318740333205,2.56681259666795,1.41914807780582));
#2002=CARTESIAN_POINT('Ctrl Pts',(2.9999999999972,2.60000000000281,1.42819588521224));
#2003=CARTESIAN_POINT('Origin',(1.5,2.50000000000001,2.1));
#2004=CARTESIAN_POINT('',(1.5,4.00000000000001,1.42917960675006));
#2005=CARTESIAN_POINT('Ctrl Pts',(2.3,4.00000000000001,1.4));
#2006=CARTESIAN_POINT('Ctrl Pts',(2.22298883455661,4.00000000000001,1.4));
#2007=CARTESIAN_POINT('Ctrl Pts',(2.13063975308688,4.00000000000001,1.40344722786353));
#2008=CARTESIAN_POINT('Ctrl Pts',(1.88070963649985,4.00000000000001,1.41607512328572));
#2009=CARTESIAN_POINT('Ctrl Pts',(1.67323776446442,4.00000000000001,1.42917960675006));
#2010=CARTESIAN_POINT('Ctrl Pts',(1.5,4.00000000000001,1.42917960675006));
#2011=CARTESIAN_POINT('',(1.5,4.00000000000001,2.77082039324994));
#2012=CARTESIAN_POINT('Origin',(1.5,4.20000000000001,2.1));
#2013=CARTESIAN_POINT('Ctrl Pts',(1.5,4.00000000000001,2.77082039324994));
#2014=CARTESIAN_POINT('Ctrl Pts',(1.67323776446442,4.00000000000001,2.77082039324994));
#2015=CARTESIAN_POINT('Ctrl Pts',(1.88070963649985,4.00000000000001,2.78392487671428));
#2016=CARTESIAN_POINT('Ctrl Pts',(2.13063975308688,4.00000000000001,2.79655277213647));
#2017=CARTESIAN_POINT('Ctrl Pts',(2.22298883455661,4.00000000000001,2.8));
#2018=CARTESIAN_POINT('Ctrl Pts',(2.3,4.00000000000001,2.8));
#2019=CARTESIAN_POINT('Origin',(-1.50000008208169,2.50000000000001,2.1));
#2020=CARTESIAN_POINT('',(-2.30000008208169,4.00000000000001,1.4));
#2021=CARTESIAN_POINT('Origin',(-2.30000008208169,4.00000000000001,2.1));
#2022=CARTESIAN_POINT('Origin',(-1.50000008208169,2.50000000000001,1.4));
#2023=CARTESIAN_POINT('Origin',(-1.50000008208169,2.50000000000001,2.1));
#2024=CARTESIAN_POINT('',(-1.50000008208169,4.00000000000001,1.42917960675006));
#2025=CARTESIAN_POINT('Ctrl Pts',(-1.50000008208169,4.00000000000001,1.42917960675006));
#2026=CARTESIAN_POINT('Ctrl Pts',(-1.67323784654612,4.00000000000001,1.42917960675006));
#2027=CARTESIAN_POINT('Ctrl Pts',(-1.88070971858154,4.00000000000001,1.41607512328572));
#2028=CARTESIAN_POINT('Ctrl Pts',(-2.13063983516858,4.00000000000001,1.40344722786353));
#2029=CARTESIAN_POINT('Ctrl Pts',(-2.22298891663831,4.00000000000001,1.4));
#2030=CARTESIAN_POINT('Ctrl Pts',(-2.30000008208169,4.00000000000001,1.4));
#2031=CARTESIAN_POINT('',(-1.50000008208169,4.00000000000001,2.77082039324994));
#2032=CARTESIAN_POINT('Ctrl Pts',(-2.30000008208169,4.00000000000001,2.8));
#2033=CARTESIAN_POINT('Ctrl Pts',(-2.22298891663831,4.00000000000001,2.8));
#2034=CARTESIAN_POINT('Ctrl Pts',(-2.13063983516858,4.00000000000001,2.79655277213647));
#2035=CARTESIAN_POINT('Ctrl Pts',(-1.88070971858154,4.00000000000001,2.78392487671428));
#2036=CARTESIAN_POINT('Ctrl Pts',(-1.67323784654612,4.00000000000001,2.77082039324994));
#2037=CARTESIAN_POINT('Ctrl Pts',(-1.50000008208169,4.00000000000001,2.77082039324994));
#2038=CARTESIAN_POINT('Origin',(-1.50000008208169,4.20000000000001,2.1));
#2039=CARTESIAN_POINT('Origin',(1.20159062977214,4.20000000000001,2.1));
#2040=CARTESIAN_POINT('',(1.20159062977214,4.00000000000001,1.42917960675006));
#2041=CARTESIAN_POINT('',(1.20159062977214,4.00000000000001,2.77082039324994));
#2042=CARTESIAN_POINT('Origin',(-3.20000008208169,1.75,2.1));
#2043=CARTESIAN_POINT('',(-3.20000008208169,2.39999990860508,1.4));
#2044=CARTESIAN_POINT('Origin',(-3.20000008208169,2.39999990860508,2.1));
#2045=CARTESIAN_POINT('',(-3.20000008208169,-2.3999999179183,1.4));
#2046=CARTESIAN_POINT('',(-3.20000008208169,1.75,1.4));
#2047=CARTESIAN_POINT('Origin',(-3.20000008208169,-2.3999999179183,2.1));
#2048=CARTESIAN_POINT('Origin',(-3.20000008208169,1.75,2.1));
#2049=CARTESIAN_POINT('Origin',(-3.20000008208169,2.39999990860508,2.1));
#2050=CARTESIAN_POINT('Origin',(-3.20000008208169,2.39999990860508,2.1));
#2051=CARTESIAN_POINT('Origin',(-3.20000008208169,1.75,2.1));
#2052=CARTESIAN_POINT('Origin',(-3.20000008208169,-2.3999999179183,2.1));
#2053=CARTESIAN_POINT('Origin',(-3.20000008208169,-2.3999999179183,2.1));
#2054=CARTESIAN_POINT('Origin',(-0.0968187404557197,-5.55111512312578E-16,
1.4));
#2055=CARTESIAN_POINT('',(3.,-4.,1.4));
#2056=CARTESIAN_POINT('',(-1.5484094112687,-4.,1.4));
#2057=CARTESIAN_POINT('',(3.,-2.,1.4));
#2058=CARTESIAN_POINT('Origin',(-0.0968187404557197,-5.55111512312578E-16,
1.4));
#2059=CARTESIAN_POINT('',(4.,-1.6,1.4));
#2060=CARTESIAN_POINT('',(2.87579531488607,-2.72420468511393,1.4));
#2061=CARTESIAN_POINT('',(4.,1.60000000000001,1.4));
#2062=CARTESIAN_POINT('',(4.,-0.800000000000001,1.4));
#2063=CARTESIAN_POINT('',(3.37579531488607,2.22420468511394,1.4));
#2064=CARTESIAN_POINT('Origin',(-0.0968187404557197,-5.55111512312578E-16,
1.4));
#2065=CARTESIAN_POINT('',(-3.00000008208169,-4.,1.4));
#2066=CARTESIAN_POINT('',(-3.00000008208169,-1.29999995895915,1.4));
#2067=CARTESIAN_POINT('',(-1.5484094112687,-4.,1.4));
#2068=CARTESIAN_POINT('Origin',(-0.0968187404557197,-5.55111512312578E-16,
1.4));
#2069=CARTESIAN_POINT('',(3.,4.00000000000001,1.4));
#2070=CARTESIAN_POINT('',(3.,1.3,1.4));
#2071=CARTESIAN_POINT('',(1.45159062977214,4.00000000000001,1.4));
#2072=CARTESIAN_POINT('Origin',(-0.0968187404557197,-5.55111512312578E-16,
1.4));
#2073=CARTESIAN_POINT('',(-3.99999999068676,1.60000000000001,1.4));
#2074=CARTESIAN_POINT('',(-2.92420472382647,2.6757952668603,1.4));
#2075=CARTESIAN_POINT('',(-3.99999999999999,-1.6,1.4));
#2076=CARTESIAN_POINT('',(-3.99999994635581,0.800000021810724,1.4));
#2077=CARTESIAN_POINT('',(-3.42420468511392,-2.17579531488607,1.4));
#2078=CARTESIAN_POINT('Origin',(-0.0968187404557197,-5.55111512312578E-16,
2.8));
#2079=CARTESIAN_POINT('',(-3.00000008208169,-4.,2.8));
#2080=CARTESIAN_POINT('',(-1.5484094112687,-4.,2.8));
#2081=CARTESIAN_POINT('',(-3.00000008208169,-1.29999995895915,2.8));
#2082=CARTESIAN_POINT('Origin',(-0.0968187404557197,-5.55111512312578E-16,
1.4));
#2083=CARTESIAN_POINT('',(-3.00000008208169,4.00000000000001,1.4));
#2084=CARTESIAN_POINT('',(1.45159062977214,4.00000000000001,1.4));
#2085=CARTESIAN_POINT('',(-3.00000008208169,2.,1.4));
#2086=CARTESIAN_POINT('Origin',(-3.99999993741512,1.6,0.));
#2087=CARTESIAN_POINT('',(-3.99999999068676,1.60000000000001,0.));
#2088=CARTESIAN_POINT('',(-3.99999999999999,-4.,0.));
#2089=CARTESIAN_POINT('',(-3.99999999999999,-1.6,0.));
#2090=CARTESIAN_POINT('Origin',(-3.99999993741512,1.6,0.));
#2091=CARTESIAN_POINT('',(-3.99999999999999,-1.6,4.2));
#2092=CARTESIAN_POINT('',(-3.99999999999999,-1.6,0.));
#2093=CARTESIAN_POINT('',(-3.99999999068676,1.60000000000001,4.2));
#2094=CARTESIAN_POINT('',(-3.99999999999999,-4.,4.2));
#2095=CARTESIAN_POINT('',(-3.99999999068676,1.60000000000001,0.));
#2096=CARTESIAN_POINT('Origin',(-3.99999999999999,-1.6,0.));
#2097=CARTESIAN_POINT('',(-3.00000008208169,-2.5999999179183,0.));
#2098=CARTESIAN_POINT('Origin',(-3.99999999999999,-1.6,0.));
#2099=CARTESIAN_POINT('',(-3.00000008208169,-2.5999999179183,4.2));
#2100=CARTESIAN_POINT('',(-3.00000008208169,-2.5999999179183,0.));
#2101=CARTESIAN_POINT('',(-3.99999999999999,-1.6,4.2));
#2102=CARTESIAN_POINT('Origin',(-3.00000008208169,2.59999990860508,0.));
#2103=CARTESIAN_POINT('',(-3.00000008208169,2.59999990860508,0.));
#2104=CARTESIAN_POINT('Origin',(-3.00000008208169,-2.5999999179183,0.));
#2105=CARTESIAN_POINT('',(-3.00000008208169,-4.,0.));
#2106=CARTESIAN_POINT('Origin',(-3.00000008208169,-2.5999999179183,0.));
#2107=CARTESIAN_POINT('',(-3.00000008208169,-4.,4.2));
#2108=CARTESIAN_POINT('',(-3.00000008208169,-4.,0.));
#2109=CARTESIAN_POINT('',(-3.00000008208169,-4.,4.2));
#2110=CARTESIAN_POINT('Origin',(-3.00000008208169,4.00000000000001,0.));
#2111=CARTESIAN_POINT('',(-3.00000008208169,4.00000000000001,0.));
#2112=CARTESIAN_POINT('Origin',(-3.00000008208169,-4.,0.));
#2113=CARTESIAN_POINT('',(3.,-4.,0.));
#2114=CARTESIAN_POINT('Origin',(-3.00000008208169,-4.,0.));
#2115=CARTESIAN_POINT('',(3.,-4.,4.2));
#2116=CARTESIAN_POINT('',(3.,-4.,0.));
#2117=CARTESIAN_POINT('',(-3.99999999999999,-4.,4.2));
#2118=CARTESIAN_POINT('Origin',(3.,4.00000000000001,0.));
#2119=CARTESIAN_POINT('',(3.,4.00000000000001,0.));
#2120=CARTESIAN_POINT('Origin',(3.,-4.,0.));
#2121=CARTESIAN_POINT('',(3.,-2.6,0.));
#2122=CARTESIAN_POINT('Origin',(3.,-4.,0.));
#2123=CARTESIAN_POINT('',(3.,-2.6,4.2));
#2124=CARTESIAN_POINT('',(3.,-2.6,0.));
#2125=CARTESIAN_POINT('',(3.,4.00000000000001,4.2));
#2126=CARTESIAN_POINT('Origin',(3.,2.60000000000001,0.));
#2127=CARTESIAN_POINT('',(3.,2.60000000000001,0.));
#2128=CARTESIAN_POINT('Origin',(3.,-2.6,0.));
#2129=CARTESIAN_POINT('',(4.,-1.6,0.));
#2130=CARTESIAN_POINT('Origin',(3.,-2.6,0.));
#2131=CARTESIAN_POINT('',(4.,-1.6,4.2));
#2132=CARTESIAN_POINT('',(4.,-1.6,0.));
#2133=CARTESIAN_POINT('',(4.,-1.6,4.2));
#2134=CARTESIAN_POINT('Origin',(4.,1.60000000000001,0.));
#2135=CARTESIAN_POINT('',(4.,1.60000000000001,0.));
#2136=CARTESIAN_POINT('Origin',(4.,-1.6,0.));
#2137=CARTESIAN_POINT('',(4.,4.00000000000001,0.));
#2138=CARTESIAN_POINT('Origin',(4.,-1.6,0.));
#2139=CARTESIAN_POINT('',(4.,1.60000000000001,4.2));
#2140=CARTESIAN_POINT('',(4.,1.60000000000001,0.));
#2141=CARTESIAN_POINT('',(4.,4.00000000000001,4.2));
#2142=CARTESIAN_POINT('Origin',(-3.00000008208169,2.59999990860508,0.));
#2143=CARTESIAN_POINT('',(-3.00000008208169,2.59999990860508,4.2));
#2144=CARTESIAN_POINT('',(-3.99999999068676,1.60000000000001,4.2));
#2145=CARTESIAN_POINT('',(-3.00000008208169,2.59999990860508,0.));
#2146=CARTESIAN_POINT('Origin',(-3.00000008208169,4.00000000000001,0.));
#2147=CARTESIAN_POINT('',(-3.00000008208169,4.00000000000001,4.2));
#2148=CARTESIAN_POINT('',(-3.00000008208169,2.6890995735325,4.2));
#2149=CARTESIAN_POINT('',(-3.00000008208169,4.00000000000001,0.));
#2150=CARTESIAN_POINT('Origin',(3.,4.00000000000001,0.));
#2151=CARTESIAN_POINT('',(3.,4.00000000000001,4.2));
#2152=CARTESIAN_POINT('',(-3.99999991059303,4.00000000000001,4.2));
#2153=CARTESIAN_POINT('',(3.,4.00000000000001,0.));
#2154=CARTESIAN_POINT('Origin',(3.,2.60000000000001,0.));
#2155=CARTESIAN_POINT('',(3.,2.60000000000001,4.2));
#2156=CARTESIAN_POINT('',(3.,4.00000000000001,4.2));
#2157=CARTESIAN_POINT('',(3.,2.60000000000001,0.));
#2158=CARTESIAN_POINT('Origin',(4.,1.60000000000001,0.));
#2159=CARTESIAN_POINT('',(4.,1.60000000000001,4.2));
#2160=CARTESIAN_POINT('Origin',(5.55111512312578E-15,2.77555756156289E-15,
4.2));
#2161=CARTESIAN_POINT('Origin',(5.55111512312578E-15,2.77555756156289E-15,
0.));
#2162=UNCERTAINTY_MEASURE_WITH_UNIT(LENGTH_MEASURE(0.01),#2166,
'DISTANCE_ACCURACY_VALUE',
'Maximum model space distance between geometric entities at asserted c
onnectivities');
#2163=UNCERTAINTY_MEASURE_WITH_UNIT(LENGTH_MEASURE(0.01),#2166,
'DISTANCE_ACCURACY_VALUE',
'Maximum model space distance between geometric entities at asserted c
onnectivities');
#2164=(
GEOMETRIC_REPRESENTATION_CONTEXT(3)
GLOBAL_UNCERTAINTY_ASSIGNED_CONTEXT((#2162))
GLOBAL_UNIT_ASSIGNED_CONTEXT((#2166,#2168,#2169))
REPRESENTATION_CONTEXT('','3D')
);
#2165=(
GEOMETRIC_REPRESENTATION_CONTEXT(3)
GLOBAL_UNCERTAINTY_ASSIGNED_CONTEXT((#2163))
GLOBAL_UNIT_ASSIGNED_CONTEXT((#2166,#2168,#2169))
REPRESENTATION_CONTEXT('','3D')
);
#2166=(
LENGTH_UNIT()
NAMED_UNIT(*)
SI_UNIT(.MILLI.,.METRE.)
);
#2167=(
LENGTH_UNIT()
NAMED_UNIT(*)
SI_UNIT($,.METRE.)
);
#2168=(
NAMED_UNIT(*)
PLANE_ANGLE_UNIT()
SI_UNIT($,.RADIAN.)
);
#2169=(
NAMED_UNIT(*)
SI_UNIT($,.STERADIAN.)
SOLID_ANGLE_UNIT()
);
#2170=SHAPE_DEFINITION_REPRESENTATION(#2171,#2172);
#2171=PRODUCT_DEFINITION_SHAPE('',$,#2174);
#2172=SHAPE_REPRESENTATION('',(#1180),#2164);
#2173=PRODUCT_DEFINITION_CONTEXT('part definition',#2178,'design');
#2174=PRODUCT_DEFINITION('HPC 8040NC-4R7M','HPC 8040NC-4R7M v2',#2175,#2173);
#2175=PRODUCT_DEFINITION_FORMATION('',$,#2180);
#2176=PRODUCT_RELATED_PRODUCT_CATEGORY('HPC 8040NC-4R7M v2',
'HPC 8040NC-4R7M v2',(#2180));
#2177=APPLICATION_PROTOCOL_DEFINITION('international standard',
'automotive_design',2009,#2178);
#2178=APPLICATION_CONTEXT(
'Core Data for Automotive Mechanical Design Process');
#2179=PRODUCT_CONTEXT('part definition',#2178,'mechanical');
#2180=PRODUCT('HPC 8040NC-4R7M','HPC 8040NC-4R7M v2',$,(#2179));
#2181=PRESENTATION_STYLE_ASSIGNMENT((#2185));
#2182=PRESENTATION_STYLE_ASSIGNMENT((#2186));
#2183=PRESENTATION_STYLE_ASSIGNMENT((#2187));
#2184=PRESENTATION_STYLE_ASSIGNMENT((#2188));
#2185=SURFACE_STYLE_USAGE(.BOTH.,#2189);
#2186=SURFACE_STYLE_USAGE(.BOTH.,#2190);
#2187=SURFACE_STYLE_USAGE(.BOTH.,#2191);
#2188=SURFACE_STYLE_USAGE(.BOTH.,#2192);
#2189=SURFACE_SIDE_STYLE('',(#2193));
#2190=SURFACE_SIDE_STYLE('',(#2194));
#2191=SURFACE_SIDE_STYLE('',(#2195));
#2192=SURFACE_SIDE_STYLE('',(#2196));
#2193=SURFACE_STYLE_FILL_AREA(#2197);
#2194=SURFACE_STYLE_FILL_AREA(#2198);
#2195=SURFACE_STYLE_FILL_AREA(#2199);
#2196=SURFACE_STYLE_FILL_AREA(#2200);
#2197=FILL_AREA_STYLE('Steel - Satin',(#2201));
#2198=FILL_AREA_STYLE('Base Material - Opaque',(#2202));
#2199=FILL_AREA_STYLE('Base Material - Opaque (1) (1)',(#2203));
#2200=FILL_AREA_STYLE('Base Material - Opaque (1)',(#2204));
#2201=FILL_AREA_STYLE_COLOUR('Steel - Satin',#2205);
#2202=FILL_AREA_STYLE_COLOUR('Base Material - Opaque',#2206);
#2203=FILL_AREA_STYLE_COLOUR('Base Material - Opaque (1) (1)',#2207);
#2204=FILL_AREA_STYLE_COLOUR('Base Material - Opaque (1)',#2208);
#2205=COLOUR_RGB('Steel - Satin',0.627450980392157,0.627450980392157,0.627450980392157);
#2206=COLOUR_RGB('Base Material - Opaque',0.0980392156862745,0.0980392156862745,
0.0980392156862745);
#2207=COLOUR_RGB('Base Material - Opaque (1) (1)',0.686274509803922,0.607843137254902,
0.254901960784314);
#2208=COLOUR_RGB('Base Material - Opaque (1)',0.686274509803922,0.686274509803922,
0.686274509803922);
ENDSEC;
END-ISO-10303-21;
