ISO-10303-21;
HEADER;
/* Generated by software containing ST-Developer
 * from STEP Tools, Inc. (www.steptools.com) 
 */

FILE_DESCRIPTION(
/* description */ ('model of PinHeader_2x20_P2.54mm_Vertical'),
/* implementation_level */ '2;1');

FILE_NAME(
/* name */ 'Pi_T_Cobbler_PinHeader_2x20_P2.54mm_Vertical.step',
/* time_stamp */ '2026-04-22T17:31:43-04:00',
/* author */ (''),
/* organization */ (''),
/* preprocessor_version */ 'ST-DEVELOPER v20.1',
/* originating_system */ 'Autodesk Translation Framework v15.8.0.0',
/* authorisation */ '');

FILE_SCHEMA (('AUTOMOTIVE_DESIGN { 1 0 10303 214 3 1 1 }'));
ENDSEC;

DATA;
#10=MECHANICAL_DESIGN_GEOMETRIC_PRESENTATION_REPRESENTATION('',(#14,#15,
#16,#17,#18,#19,#20,#21,#22,#23,#24,#25,#26,#27,#28,#29,#30,#31,#32,#33,
#34,#35,#36,#37,#38,#39,#40,#41,#42,#43,#44,#45,#46,#47,#48,#49,#50,#51,
#52,#53,#54,#55,#56,#57,#58,#59,#60,#61,#62,#63,#64,#65,#66,#67,#68,#69,
#70,#71,#72,#73,#74,#75,#76,#77,#78,#79,#80,#81,#82,#83,#84,#85,#86,#87,
#88,#89,#90,#91,#92,#93,#94,#95,#96,#97,#98,#99,#100,#101,#102,#103,#104,
#105,#106,#107,#108,#109,#110,#111,#112,#113,#114,#115,#116,#117,#118,#119,
#120,#121,#122,#123,#124,#125,#126,#127,#128,#129,#130,#131,#132,#133,#134,
#135,#136,#137,#138,#139,#140,#141,#142,#143,#144,#145,#146,#147,#148,#149,
#150,#151,#152,#153,#154,#155,#156,#157,#158,#159,#160,#161,#162,#163,#164,
#165,#166,#167,#168,#169,#170,#171,#172,#173,#174,#175,#176,#177,#178,#179,
#180,#181,#182,#183,#184,#185,#186,#187,#188,#189,#190,#191,#192,#193,#194,
#195,#196,#197,#198,#199,#200,#201,#202,#203,#204,#205,#206,#207,#208,#209,
#210,#211,#212,#213,#214,#215,#216,#217,#218,#219,#220,#221,#222,#223,#224,
#225,#226,#227,#228,#229,#230,#231,#232,#233,#234,#235,#236,#237,#238,#239,
#240,#241,#242,#243,#244,#245,#246,#247,#248,#249,#250,#251,#252,#253,#254,
#255,#256,#257,#258,#259,#260,#261,#262,#263,#264,#265,#266,#267,#268,#269,
#270,#271,#272,#273,#274,#275,#276,#277,#278,#279,#280,#281,#282,#283,#284,
#285,#286,#287,#288,#289,#290,#291,#292,#293,#294,#295,#296,#297,#298,#299,
#300,#301,#302,#303,#304,#305,#306,#307,#308,#309,#310,#311,#312,#313,#314,
#315,#316,#317,#318,#319,#320,#321,#322,#323,#324,#325,#326,#327,#328,#329,
#330,#331,#332,#333,#334,#335,#336,#337,#338,#339,#340,#341,#342,#343,#344,
#345,#346,#347,#348,#349,#350,#351,#352,#353,#354,#355,#356,#357,#358,#359,
#360,#361,#362,#363,#364,#365,#366,#367,#368,#369,#370,#371,#372,#373,#374,
#375,#376,#377,#378,#379,#380,#381,#382,#383,#384,#385,#386,#387,#388,#389,
#390,#391,#392,#393,#394,#395,#396,#397,#398,#399,#400,#401,#402,#403,#404,
#405,#406,#407,#408,#409,#410,#411,#412,#413,#414,#415,#416,#417,#418,#419,
#420,#421,#422,#423,#424,#425,#426,#427,#428,#429,#430,#431,#432,#433,#434,
#435,#436,#437,#438,#439,#440,#441,#442,#443,#444,#445,#446,#447,#448,#449,
#450,#451,#452,#453,#454,#455,#456,#457,#458,#459,#460,#461,#462,#463,#464,
#465,#466,#467,#468,#469,#470,#471,#472,#473,#474,#475,#476,#477,#478,#479,
#480,#481,#482,#483,#484,#485,#486,#487,#488,#489,#490,#491,#492,#493,#494,
#495,#496,#497,#498,#499,#500),#14865);
#11=SHAPE_REPRESENTATION_RELATIONSHIP('SRR','None',#14872,#12);
#12=ADVANCED_BREP_SHAPE_REPRESENTATION('',(#13),#14864);
#13=MANIFOLD_SOLID_BREP('Body3',#9541);
#14=STYLED_ITEM('',(#14882),#9054);
#15=STYLED_ITEM('',(#14882),#9055);
#16=STYLED_ITEM('',(#14882),#9056);
#17=STYLED_ITEM('',(#14882),#9057);
#18=STYLED_ITEM('',(#14882),#9058);
#19=STYLED_ITEM('',(#14882),#9059);
#20=STYLED_ITEM('',(#14882),#9060);
#21=STYLED_ITEM('',(#14882),#9061);
#22=STYLED_ITEM('',(#14882),#9062);
#23=STYLED_ITEM('',(#14882),#9063);
#24=STYLED_ITEM('',(#14882),#9064);
#25=STYLED_ITEM('',(#14882),#9065);
#26=STYLED_ITEM('',(#14882),#9066);
#27=STYLED_ITEM('',(#14882),#9067);
#28=STYLED_ITEM('',(#14882),#9068);
#29=STYLED_ITEM('',(#14882),#9069);
#30=STYLED_ITEM('',(#14882),#9070);
#31=STYLED_ITEM('',(#14882),#9071);
#32=STYLED_ITEM('',(#14882),#9072);
#33=STYLED_ITEM('',(#14882),#9073);
#34=STYLED_ITEM('',(#14882),#9074);
#35=STYLED_ITEM('',(#14882),#9075);
#36=STYLED_ITEM('',(#14882),#9076);
#37=STYLED_ITEM('',(#14882),#9077);
#38=STYLED_ITEM('',(#14882),#9078);
#39=STYLED_ITEM('',(#14882),#9079);
#40=STYLED_ITEM('',(#14882),#9080);
#41=STYLED_ITEM('',(#14882),#9081);
#42=STYLED_ITEM('',(#14882),#9082);
#43=STYLED_ITEM('',(#14882),#9083);
#44=STYLED_ITEM('',(#14882),#9084);
#45=STYLED_ITEM('',(#14882),#9085);
#46=STYLED_ITEM('',(#14882),#9086);
#47=STYLED_ITEM('',(#14882),#9087);
#48=STYLED_ITEM('',(#14882),#9088);
#49=STYLED_ITEM('',(#14882),#9089);
#50=STYLED_ITEM('',(#14882),#9090);
#51=STYLED_ITEM('',(#14882),#9091);
#52=STYLED_ITEM('',(#14882),#9092);
#53=STYLED_ITEM('',(#14882),#9093);
#54=STYLED_ITEM('',(#14882),#9094);
#55=STYLED_ITEM('',(#14882),#9095);
#56=STYLED_ITEM('',(#14882),#9096);
#57=STYLED_ITEM('',(#14882),#9097);
#58=STYLED_ITEM('',(#14882),#9098);
#59=STYLED_ITEM('',(#14882),#9099);
#60=STYLED_ITEM('',(#14882),#9100);
#61=STYLED_ITEM('',(#14882),#9101);
#62=STYLED_ITEM('',(#14882),#9102);
#63=STYLED_ITEM('',(#14882),#9103);
#64=STYLED_ITEM('',(#14882),#9104);
#65=STYLED_ITEM('',(#14882),#9105);
#66=STYLED_ITEM('',(#14882),#9106);
#67=STYLED_ITEM('',(#14882),#9107);
#68=STYLED_ITEM('',(#14882),#9108);
#69=STYLED_ITEM('',(#14882),#9109);
#70=STYLED_ITEM('',(#14882),#9110);
#71=STYLED_ITEM('',(#14882),#9111);
#72=STYLED_ITEM('',(#14882),#9112);
#73=STYLED_ITEM('',(#14882),#9113);
#74=STYLED_ITEM('',(#14882),#9114);
#75=STYLED_ITEM('',(#14882),#9115);
#76=STYLED_ITEM('',(#14882),#9116);
#77=STYLED_ITEM('',(#14883),#9117);
#78=STYLED_ITEM('',(#14883),#9118);
#79=STYLED_ITEM('',(#14883),#9119);
#80=STYLED_ITEM('',(#14883),#9120);
#81=STYLED_ITEM('',(#14883),#9121);
#82=STYLED_ITEM('',(#14883),#9122);
#83=STYLED_ITEM('',(#14883),#9123);
#84=STYLED_ITEM('',(#14883),#9124);
#85=STYLED_ITEM('',(#14883),#9125);
#86=STYLED_ITEM('',(#14883),#9126);
#87=STYLED_ITEM('',(#14883),#9127);
#88=STYLED_ITEM('',(#14883),#9128);
#89=STYLED_ITEM('',(#14883),#9129);
#90=STYLED_ITEM('',(#14883),#9130);
#91=STYLED_ITEM('',(#14883),#9131);
#92=STYLED_ITEM('',(#14883),#9132);
#93=STYLED_ITEM('',(#14883),#9133);
#94=STYLED_ITEM('',(#14883),#9134);
#95=STYLED_ITEM('',(#14883),#9135);
#96=STYLED_ITEM('',(#14883),#9136);
#97=STYLED_ITEM('',(#14883),#9137);
#98=STYLED_ITEM('',(#14883),#9138);
#99=STYLED_ITEM('',(#14883),#9139);
#100=STYLED_ITEM('',(#14883),#9140);
#101=STYLED_ITEM('',(#14883),#9141);
#102=STYLED_ITEM('',(#14883),#9142);
#103=STYLED_ITEM('',(#14883),#9143);
#104=STYLED_ITEM('',(#14883),#9144);
#105=STYLED_ITEM('',(#14883),#9145);
#106=STYLED_ITEM('',(#14883),#9146);
#107=STYLED_ITEM('',(#14883),#9147);
#108=STYLED_ITEM('',(#14883),#9148);
#109=STYLED_ITEM('',(#14883),#9149);
#110=STYLED_ITEM('',(#14883),#9150);
#111=STYLED_ITEM('',(#14883),#9151);
#112=STYLED_ITEM('',(#14883),#9152);
#113=STYLED_ITEM('',(#14883),#9153);
#114=STYLED_ITEM('',(#14883),#9154);
#115=STYLED_ITEM('',(#14883),#9155);
#116=STYLED_ITEM('',(#14883),#9156);
#117=STYLED_ITEM('',(#14883),#9157);
#118=STYLED_ITEM('',(#14883),#9158);
#119=STYLED_ITEM('',(#14883),#9159);
#120=STYLED_ITEM('',(#14883),#9160);
#121=STYLED_ITEM('',(#14883),#9161);
#122=STYLED_ITEM('',(#14883),#9162);
#123=STYLED_ITEM('',(#14883),#9163);
#124=STYLED_ITEM('',(#14883),#9164);
#125=STYLED_ITEM('',(#14883),#9165);
#126=STYLED_ITEM('',(#14883),#9166);
#127=STYLED_ITEM('',(#14883),#9167);
#128=STYLED_ITEM('',(#14883),#9168);
#129=STYLED_ITEM('',(#14883),#9169);
#130=STYLED_ITEM('',(#14883),#9170);
#131=STYLED_ITEM('',(#14883),#9171);
#132=STYLED_ITEM('',(#14883),#9172);
#133=STYLED_ITEM('',(#14883),#9173);
#134=STYLED_ITEM('',(#14883),#9174);
#135=STYLED_ITEM('',(#14883),#9175);
#136=STYLED_ITEM('',(#14883),#9176);
#137=STYLED_ITEM('',(#14883),#9177);
#138=STYLED_ITEM('',(#14883),#9178);
#139=STYLED_ITEM('',(#14883),#9179);
#140=STYLED_ITEM('',(#14883),#9180);
#141=STYLED_ITEM('',(#14883),#9181);
#142=STYLED_ITEM('',(#14883),#9182);
#143=STYLED_ITEM('',(#14883),#9183);
#144=STYLED_ITEM('',(#14883),#9184);
#145=STYLED_ITEM('',(#14883),#9185);
#146=STYLED_ITEM('',(#14883),#9186);
#147=STYLED_ITEM('',(#14883),#9187);
#148=STYLED_ITEM('',(#14883),#9188);
#149=STYLED_ITEM('',(#14883),#9189);
#150=STYLED_ITEM('',(#14883),#9190);
#151=STYLED_ITEM('',(#14883),#9191);
#152=STYLED_ITEM('',(#14883),#9192);
#153=STYLED_ITEM('',(#14883),#9193);
#154=STYLED_ITEM('',(#14883),#9194);
#155=STYLED_ITEM('',(#14883),#9195);
#156=STYLED_ITEM('',(#14883),#9196);
#157=STYLED_ITEM('',(#14883),#9197);
#158=STYLED_ITEM('',(#14883),#9198);
#159=STYLED_ITEM('',(#14883),#9199);
#160=STYLED_ITEM('',(#14883),#9200);
#161=STYLED_ITEM('',(#14883),#9201);
#162=STYLED_ITEM('',(#14883),#9202);
#163=STYLED_ITEM('',(#14883),#9203);
#164=STYLED_ITEM('',(#14883),#9204);
#165=STYLED_ITEM('',(#14883),#9205);
#166=STYLED_ITEM('',(#14883),#9206);
#167=STYLED_ITEM('',(#14883),#9207);
#168=STYLED_ITEM('',(#14883),#9208);
#169=STYLED_ITEM('',(#14883),#9209);
#170=STYLED_ITEM('',(#14883),#9210);
#171=STYLED_ITEM('',(#14883),#9211);
#172=STYLED_ITEM('',(#14883),#9212);
#173=STYLED_ITEM('',(#14883),#9213);
#174=STYLED_ITEM('',(#14883),#9214);
#175=STYLED_ITEM('',(#14883),#9215);
#176=STYLED_ITEM('',(#14883),#9216);
#177=STYLED_ITEM('',(#14883),#9217);
#178=STYLED_ITEM('',(#14883),#9218);
#179=STYLED_ITEM('',(#14883),#9219);
#180=STYLED_ITEM('',(#14883),#9220);
#181=STYLED_ITEM('',(#14883),#9221);
#182=STYLED_ITEM('',(#14883),#9222);
#183=STYLED_ITEM('',(#14883),#9223);
#184=STYLED_ITEM('',(#14883),#9224);
#185=STYLED_ITEM('',(#14883),#9225);
#186=STYLED_ITEM('',(#14883),#9226);
#187=STYLED_ITEM('',(#14883),#9227);
#188=STYLED_ITEM('',(#14883),#9228);
#189=STYLED_ITEM('',(#14883),#9229);
#190=STYLED_ITEM('',(#14883),#9230);
#191=STYLED_ITEM('',(#14883),#9231);
#192=STYLED_ITEM('',(#14883),#9232);
#193=STYLED_ITEM('',(#14883),#9233);
#194=STYLED_ITEM('',(#14883),#9234);
#195=STYLED_ITEM('',(#14883),#9235);
#196=STYLED_ITEM('',(#14883),#9236);
#197=STYLED_ITEM('',(#14883),#9237);
#198=STYLED_ITEM('',(#14883),#9238);
#199=STYLED_ITEM('',(#14883),#9239);
#200=STYLED_ITEM('',(#14883),#9240);
#201=STYLED_ITEM('',(#14883),#9241);
#202=STYLED_ITEM('',(#14883),#9242);
#203=STYLED_ITEM('',(#14883),#9243);
#204=STYLED_ITEM('',(#14883),#9244);
#205=STYLED_ITEM('',(#14883),#9245);
#206=STYLED_ITEM('',(#14883),#9246);
#207=STYLED_ITEM('',(#14883),#9247);
#208=STYLED_ITEM('',(#14883),#9248);
#209=STYLED_ITEM('',(#14883),#9249);
#210=STYLED_ITEM('',(#14883),#9250);
#211=STYLED_ITEM('',(#14883),#9251);
#212=STYLED_ITEM('',(#14883),#9252);
#213=STYLED_ITEM('',(#14883),#9253);
#214=STYLED_ITEM('',(#14883),#9254);
#215=STYLED_ITEM('',(#14883),#9255);
#216=STYLED_ITEM('',(#14883),#9256);
#217=STYLED_ITEM('',(#14883),#9257);
#218=STYLED_ITEM('',(#14883),#9258);
#219=STYLED_ITEM('',(#14883),#9259);
#220=STYLED_ITEM('',(#14883),#9260);
#221=STYLED_ITEM('',(#14883),#9261);
#222=STYLED_ITEM('',(#14883),#9262);
#223=STYLED_ITEM('',(#14883),#9263);
#224=STYLED_ITEM('',(#14883),#9264);
#225=STYLED_ITEM('',(#14883),#9265);
#226=STYLED_ITEM('',(#14883),#9266);
#227=STYLED_ITEM('',(#14883),#9267);
#228=STYLED_ITEM('',(#14883),#9268);
#229=STYLED_ITEM('',(#14883),#9269);
#230=STYLED_ITEM('',(#14883),#9270);
#231=STYLED_ITEM('',(#14883),#9271);
#232=STYLED_ITEM('',(#14883),#9272);
#233=STYLED_ITEM('',(#14883),#9273);
#234=STYLED_ITEM('',(#14883),#9274);
#235=STYLED_ITEM('',(#14883),#9275);
#236=STYLED_ITEM('',(#14883),#9276);
#237=STYLED_ITEM('',(#14883),#9277);
#238=STYLED_ITEM('',(#14883),#9278);
#239=STYLED_ITEM('',(#14883),#9279);
#240=STYLED_ITEM('',(#14883),#9280);
#241=STYLED_ITEM('',(#14883),#9281);
#242=STYLED_ITEM('',(#14883),#9282);
#243=STYLED_ITEM('',(#14883),#9283);
#244=STYLED_ITEM('',(#14883),#9284);
#245=STYLED_ITEM('',(#14883),#9285);
#246=STYLED_ITEM('',(#14883),#9286);
#247=STYLED_ITEM('',(#14883),#9287);
#248=STYLED_ITEM('',(#14883),#9288);
#249=STYLED_ITEM('',(#14883),#9289);
#250=STYLED_ITEM('',(#14883),#9290);
#251=STYLED_ITEM('',(#14883),#9291);
#252=STYLED_ITEM('',(#14883),#9292);
#253=STYLED_ITEM('',(#14883),#9293);
#254=STYLED_ITEM('',(#14883),#9294);
#255=STYLED_ITEM('',(#14883),#9295);
#256=STYLED_ITEM('',(#14883),#9296);
#257=STYLED_ITEM('',(#14883),#9297);
#258=STYLED_ITEM('',(#14883),#9298);
#259=STYLED_ITEM('',(#14883),#9299);
#260=STYLED_ITEM('',(#14883),#9300);
#261=STYLED_ITEM('',(#14883),#9301);
#262=STYLED_ITEM('',(#14883),#9302);
#263=STYLED_ITEM('',(#14883),#9303);
#264=STYLED_ITEM('',(#14883),#9304);
#265=STYLED_ITEM('',(#14883),#9305);
#266=STYLED_ITEM('',(#14883),#9306);
#267=STYLED_ITEM('',(#14883),#9307);
#268=STYLED_ITEM('',(#14883),#9308);
#269=STYLED_ITEM('',(#14883),#9309);
#270=STYLED_ITEM('',(#14883),#9310);
#271=STYLED_ITEM('',(#14883),#9311);
#272=STYLED_ITEM('',(#14883),#9312);
#273=STYLED_ITEM('',(#14883),#9313);
#274=STYLED_ITEM('',(#14883),#9314);
#275=STYLED_ITEM('',(#14883),#9315);
#276=STYLED_ITEM('',(#14883),#9316);
#277=STYLED_ITEM('',(#14883),#9317);
#278=STYLED_ITEM('',(#14883),#9318);
#279=STYLED_ITEM('',(#14883),#9319);
#280=STYLED_ITEM('',(#14883),#9320);
#281=STYLED_ITEM('',(#14883),#9321);
#282=STYLED_ITEM('',(#14883),#9322);
#283=STYLED_ITEM('',(#14883),#9323);
#284=STYLED_ITEM('',(#14883),#9324);
#285=STYLED_ITEM('',(#14883),#9325);
#286=STYLED_ITEM('',(#14883),#9326);
#287=STYLED_ITEM('',(#14883),#9327);
#288=STYLED_ITEM('',(#14883),#9328);
#289=STYLED_ITEM('',(#14883),#9329);
#290=STYLED_ITEM('',(#14883),#9330);
#291=STYLED_ITEM('',(#14883),#9331);
#292=STYLED_ITEM('',(#14883),#9332);
#293=STYLED_ITEM('',(#14883),#9333);
#294=STYLED_ITEM('',(#14883),#9334);
#295=STYLED_ITEM('',(#14883),#9335);
#296=STYLED_ITEM('',(#14883),#9336);
#297=STYLED_ITEM('',(#14883),#9337);
#298=STYLED_ITEM('',(#14883),#9338);
#299=STYLED_ITEM('',(#14883),#9339);
#300=STYLED_ITEM('',(#14883),#9340);
#301=STYLED_ITEM('',(#14883),#9341);
#302=STYLED_ITEM('',(#14883),#9342);
#303=STYLED_ITEM('',(#14883),#9343);
#304=STYLED_ITEM('',(#14883),#9344);
#305=STYLED_ITEM('',(#14883),#9345);
#306=STYLED_ITEM('',(#14883),#9346);
#307=STYLED_ITEM('',(#14883),#9347);
#308=STYLED_ITEM('',(#14883),#9348);
#309=STYLED_ITEM('',(#14883),#9349);
#310=STYLED_ITEM('',(#14883),#9350);
#311=STYLED_ITEM('',(#14883),#9351);
#312=STYLED_ITEM('',(#14883),#9352);
#313=STYLED_ITEM('',(#14883),#9353);
#314=STYLED_ITEM('',(#14883),#9354);
#315=STYLED_ITEM('',(#14883),#9355);
#316=STYLED_ITEM('',(#14883),#9356);
#317=STYLED_ITEM('',(#14883),#9357);
#318=STYLED_ITEM('',(#14883),#9358);
#319=STYLED_ITEM('',(#14883),#9359);
#320=STYLED_ITEM('',(#14883),#9360);
#321=STYLED_ITEM('',(#14883),#9361);
#322=STYLED_ITEM('',(#14883),#9362);
#323=STYLED_ITEM('',(#14883),#9363);
#324=STYLED_ITEM('',(#14883),#9364);
#325=STYLED_ITEM('',(#14883),#9365);
#326=STYLED_ITEM('',(#14883),#9366);
#327=STYLED_ITEM('',(#14883),#9367);
#328=STYLED_ITEM('',(#14883),#9368);
#329=STYLED_ITEM('',(#14883),#9369);
#330=STYLED_ITEM('',(#14883),#9370);
#331=STYLED_ITEM('',(#14883),#9371);
#332=STYLED_ITEM('',(#14883),#9372);
#333=STYLED_ITEM('',(#14883),#9373);
#334=STYLED_ITEM('',(#14883),#9374);
#335=STYLED_ITEM('',(#14883),#9375);
#336=STYLED_ITEM('',(#14883),#9376);
#337=STYLED_ITEM('',(#14883),#9377);
#338=STYLED_ITEM('',(#14883),#9378);
#339=STYLED_ITEM('',(#14883),#9379);
#340=STYLED_ITEM('',(#14883),#9380);
#341=STYLED_ITEM('',(#14883),#9381);
#342=STYLED_ITEM('',(#14883),#9382);
#343=STYLED_ITEM('',(#14883),#9383);
#344=STYLED_ITEM('',(#14883),#9384);
#345=STYLED_ITEM('',(#14883),#9385);
#346=STYLED_ITEM('',(#14883),#9386);
#347=STYLED_ITEM('',(#14883),#9387);
#348=STYLED_ITEM('',(#14883),#9388);
#349=STYLED_ITEM('',(#14883),#9389);
#350=STYLED_ITEM('',(#14883),#9390);
#351=STYLED_ITEM('',(#14883),#9391);
#352=STYLED_ITEM('',(#14883),#9392);
#353=STYLED_ITEM('',(#14883),#9393);
#354=STYLED_ITEM('',(#14883),#9394);
#355=STYLED_ITEM('',(#14883),#9395);
#356=STYLED_ITEM('',(#14883),#9396);
#357=STYLED_ITEM('',(#14883),#9397);
#358=STYLED_ITEM('',(#14883),#9398);
#359=STYLED_ITEM('',(#14883),#9399);
#360=STYLED_ITEM('',(#14883),#9400);
#361=STYLED_ITEM('',(#14883),#9401);
#362=STYLED_ITEM('',(#14883),#9402);
#363=STYLED_ITEM('',(#14883),#9403);
#364=STYLED_ITEM('',(#14883),#9404);
#365=STYLED_ITEM('',(#14883),#9405);
#366=STYLED_ITEM('',(#14883),#9406);
#367=STYLED_ITEM('',(#14883),#9407);
#368=STYLED_ITEM('',(#14883),#9408);
#369=STYLED_ITEM('',(#14883),#9409);
#370=STYLED_ITEM('',(#14883),#9410);
#371=STYLED_ITEM('',(#14883),#9411);
#372=STYLED_ITEM('',(#14883),#9412);
#373=STYLED_ITEM('',(#14883),#9413);
#374=STYLED_ITEM('',(#14883),#9414);
#375=STYLED_ITEM('',(#14883),#9415);
#376=STYLED_ITEM('',(#14883),#9416);
#377=STYLED_ITEM('',(#14883),#9417);
#378=STYLED_ITEM('',(#14883),#9418);
#379=STYLED_ITEM('',(#14883),#9419);
#380=STYLED_ITEM('',(#14883),#9420);
#381=STYLED_ITEM('',(#14883),#9421);
#382=STYLED_ITEM('',(#14883),#9422);
#383=STYLED_ITEM('',(#14883),#9423);
#384=STYLED_ITEM('',(#14883),#9424);
#385=STYLED_ITEM('',(#14883),#9425);
#386=STYLED_ITEM('',(#14883),#9426);
#387=STYLED_ITEM('',(#14883),#9427);
#388=STYLED_ITEM('',(#14883),#9428);
#389=STYLED_ITEM('',(#14883),#9429);
#390=STYLED_ITEM('',(#14883),#9430);
#391=STYLED_ITEM('',(#14883),#9431);
#392=STYLED_ITEM('',(#14883),#9432);
#393=STYLED_ITEM('',(#14883),#9433);
#394=STYLED_ITEM('',(#14883),#9434);
#395=STYLED_ITEM('',(#14883),#9435);
#396=STYLED_ITEM('',(#14883),#9436);
#397=STYLED_ITEM('',(#14883),#9437);
#398=STYLED_ITEM('',(#14883),#9438);
#399=STYLED_ITEM('',(#14883),#9439);
#400=STYLED_ITEM('',(#14883),#9440);
#401=STYLED_ITEM('',(#14883),#9441);
#402=STYLED_ITEM('',(#14883),#9442);
#403=STYLED_ITEM('',(#14883),#9443);
#404=STYLED_ITEM('',(#14883),#9444);
#405=STYLED_ITEM('',(#14883),#9445);
#406=STYLED_ITEM('',(#14883),#9446);
#407=STYLED_ITEM('',(#14883),#9447);
#408=STYLED_ITEM('',(#14883),#9448);
#409=STYLED_ITEM('',(#14883),#9449);
#410=STYLED_ITEM('',(#14883),#9450);
#411=STYLED_ITEM('',(#14883),#9451);
#412=STYLED_ITEM('',(#14883),#9452);
#413=STYLED_ITEM('',(#14883),#9453);
#414=STYLED_ITEM('',(#14883),#9454);
#415=STYLED_ITEM('',(#14883),#9455);
#416=STYLED_ITEM('',(#14883),#9456);
#417=STYLED_ITEM('',(#14883),#9457);
#418=STYLED_ITEM('',(#14883),#9458);
#419=STYLED_ITEM('',(#14883),#9459);
#420=STYLED_ITEM('',(#14883),#9460);
#421=STYLED_ITEM('',(#14883),#9461);
#422=STYLED_ITEM('',(#14883),#9462);
#423=STYLED_ITEM('',(#14883),#9463);
#424=STYLED_ITEM('',(#14883),#9464);
#425=STYLED_ITEM('',(#14883),#9465);
#426=STYLED_ITEM('',(#14883),#9466);
#427=STYLED_ITEM('',(#14883),#9467);
#428=STYLED_ITEM('',(#14883),#9468);
#429=STYLED_ITEM('',(#14883),#9469);
#430=STYLED_ITEM('',(#14883),#9470);
#431=STYLED_ITEM('',(#14883),#9471);
#432=STYLED_ITEM('',(#14883),#9472);
#433=STYLED_ITEM('',(#14883),#9473);
#434=STYLED_ITEM('',(#14883),#9474);
#435=STYLED_ITEM('',(#14883),#9475);
#436=STYLED_ITEM('',(#14883),#9476);
#437=STYLED_ITEM('',(#14882),#9477);
#438=STYLED_ITEM('',(#14882),#9478);
#439=STYLED_ITEM('',(#14882),#9479);
#440=STYLED_ITEM('',(#14882),#9480);
#441=STYLED_ITEM('',(#14882),#9481);
#442=STYLED_ITEM('',(#14882),#9482);
#443=STYLED_ITEM('',(#14882),#9483);
#444=STYLED_ITEM('',(#14882),#9484);
#445=STYLED_ITEM('',(#14882),#9485);
#446=STYLED_ITEM('',(#14882),#9486);
#447=STYLED_ITEM('',(#14882),#9487);
#448=STYLED_ITEM('',(#14882),#9488);
#449=STYLED_ITEM('',(#14882),#9489);
#450=STYLED_ITEM('',(#14882),#9490);
#451=STYLED_ITEM('',(#14882),#9491);
#452=STYLED_ITEM('',(#14882),#9492);
#453=STYLED_ITEM('',(#14882),#9493);
#454=STYLED_ITEM('',(#14882),#9494);
#455=STYLED_ITEM('',(#14882),#9495);
#456=STYLED_ITEM('',(#14882),#9496);
#457=STYLED_ITEM('',(#14882),#9497);
#458=STYLED_ITEM('',(#14882),#9498);
#459=STYLED_ITEM('',(#14882),#9499);
#460=STYLED_ITEM('',(#14882),#9500);
#461=STYLED_ITEM('',(#14882),#9501);
#462=STYLED_ITEM('',(#14882),#9502);
#463=STYLED_ITEM('',(#14882),#9503);
#464=STYLED_ITEM('',(#14882),#9504);
#465=STYLED_ITEM('',(#14882),#9505);
#466=STYLED_ITEM('',(#14882),#9506);
#467=STYLED_ITEM('',(#14882),#9507);
#468=STYLED_ITEM('',(#14882),#9508);
#469=STYLED_ITEM('',(#14882),#9509);
#470=STYLED_ITEM('',(#14882),#9510);
#471=STYLED_ITEM('',(#14882),#9511);
#472=STYLED_ITEM('',(#14882),#9512);
#473=STYLED_ITEM('',(#14882),#9513);
#474=STYLED_ITEM('',(#14882),#9514);
#475=STYLED_ITEM('',(#14882),#9515);
#476=STYLED_ITEM('',(#14882),#9516);
#477=STYLED_ITEM('',(#14882),#9517);
#478=STYLED_ITEM('',(#14882),#9518);
#479=STYLED_ITEM('',(#14882),#9519);
#480=STYLED_ITEM('',(#14882),#9520);
#481=STYLED_ITEM('',(#14882),#9521);
#482=STYLED_ITEM('',(#14882),#9522);
#483=STYLED_ITEM('',(#14882),#9523);
#484=STYLED_ITEM('',(#14882),#9524);
#485=STYLED_ITEM('',(#14882),#9525);
#486=STYLED_ITEM('',(#14882),#9526);
#487=STYLED_ITEM('',(#14882),#9527);
#488=STYLED_ITEM('',(#14882),#9528);
#489=STYLED_ITEM('',(#14882),#9529);
#490=STYLED_ITEM('',(#14882),#9530);
#491=STYLED_ITEM('',(#14882),#9531);
#492=STYLED_ITEM('',(#14882),#9532);
#493=STYLED_ITEM('',(#14882),#9533);
#494=STYLED_ITEM('',(#14882),#9534);
#495=STYLED_ITEM('',(#14882),#9535);
#496=STYLED_ITEM('',(#14882),#9536);
#497=STYLED_ITEM('',(#14882),#9537);
#498=STYLED_ITEM('',(#14882),#9538);
#499=STYLED_ITEM('',(#14882),#9539);
#500=STYLED_ITEM('',(#14881),#13);
#501=FACE_BOUND('',#1576,.T.);
#502=FACE_BOUND('',#1577,.T.);
#503=FACE_BOUND('',#1578,.T.);
#504=FACE_BOUND('',#1579,.T.);
#505=FACE_BOUND('',#1580,.T.);
#506=FACE_BOUND('',#1581,.T.);
#507=FACE_BOUND('',#1583,.T.);
#508=FACE_BOUND('',#1584,.T.);
#509=FACE_BOUND('',#1585,.T.);
#510=FACE_BOUND('',#1586,.T.);
#511=FACE_BOUND('',#1591,.T.);
#512=FACE_BOUND('',#1592,.T.);
#513=FACE_BOUND('',#1593,.T.);
#514=FACE_BOUND('',#1594,.T.);
#515=FACE_BOUND('',#1595,.T.);
#516=FACE_BOUND('',#1596,.T.);
#517=FACE_BOUND('',#1597,.T.);
#518=FACE_BOUND('',#1598,.T.);
#519=FACE_BOUND('',#1599,.T.);
#520=FACE_BOUND('',#1600,.T.);
#521=FACE_BOUND('',#1601,.T.);
#522=FACE_BOUND('',#1602,.T.);
#523=FACE_BOUND('',#1603,.T.);
#524=FACE_BOUND('',#1604,.T.);
#525=FACE_BOUND('',#1605,.T.);
#526=FACE_BOUND('',#1606,.T.);
#527=FACE_BOUND('',#1607,.T.);
#528=FACE_BOUND('',#1608,.T.);
#529=FACE_BOUND('',#1609,.T.);
#530=FACE_BOUND('',#1610,.T.);
#531=FACE_BOUND('',#2094,.T.);
#532=FACE_BOUND('',#2095,.T.);
#533=FACE_BOUND('',#2096,.T.);
#534=FACE_BOUND('',#2097,.T.);
#535=FACE_BOUND('',#2098,.T.);
#536=FACE_BOUND('',#2099,.T.);
#537=FACE_BOUND('',#2100,.T.);
#538=FACE_BOUND('',#2101,.T.);
#539=FACE_BOUND('',#2102,.T.);
#540=FACE_BOUND('',#2103,.T.);
#541=FACE_BOUND('',#2104,.T.);
#542=FACE_BOUND('',#2105,.T.);
#543=FACE_BOUND('',#2106,.T.);
#544=FACE_BOUND('',#2107,.T.);
#545=FACE_BOUND('',#2108,.T.);
#546=FACE_BOUND('',#2109,.T.);
#547=FACE_BOUND('',#2110,.T.);
#548=FACE_BOUND('',#2111,.T.);
#549=FACE_BOUND('',#2112,.T.);
#550=FACE_BOUND('',#2113,.T.);
#551=PLANE('',#9570);
#552=PLANE('',#9571);
#553=PLANE('',#9572);
#554=PLANE('',#9576);
#555=PLANE('',#9580);
#556=PLANE('',#9584);
#557=PLANE('',#9588);
#558=PLANE('',#9592);
#559=PLANE('',#9593);
#560=PLANE('',#9594);
#561=PLANE('',#9595);
#562=PLANE('',#9596);
#563=PLANE('',#9597);
#564=PLANE('',#9598);
#565=PLANE('',#9599);
#566=PLANE('',#9600);
#567=PLANE('',#9601);
#568=PLANE('',#9602);
#569=PLANE('',#9603);
#570=PLANE('',#9604);
#571=PLANE('',#9605);
#572=PLANE('',#9606);
#573=PLANE('',#9607);
#574=PLANE('',#9608);
#575=PLANE('',#9609);
#576=PLANE('',#9610);
#577=PLANE('',#9611);
#578=PLANE('',#9612);
#579=PLANE('',#9613);
#580=PLANE('',#9614);
#581=PLANE('',#9615);
#582=PLANE('',#9616);
#583=PLANE('',#9617);
#584=PLANE('',#9618);
#585=PLANE('',#9619);
#586=PLANE('',#9620);
#587=PLANE('',#9621);
#588=PLANE('',#9622);
#589=PLANE('',#9623);
#590=PLANE('',#9624);
#591=PLANE('',#9625);
#592=PLANE('',#9626);
#593=PLANE('',#9627);
#594=PLANE('',#9628);
#595=PLANE('',#9629);
#596=PLANE('',#9630);
#597=PLANE('',#9631);
#598=PLANE('',#9632);
#599=PLANE('',#9633);
#600=PLANE('',#9634);
#601=PLANE('',#9635);
#602=PLANE('',#9636);
#603=PLANE('',#9637);
#604=PLANE('',#9638);
#605=PLANE('',#9639);
#606=PLANE('',#9640);
#607=PLANE('',#9641);
#608=PLANE('',#9642);
#609=PLANE('',#9643);
#610=PLANE('',#9644);
#611=PLANE('',#9645);
#612=PLANE('',#9646);
#613=PLANE('',#9647);
#614=PLANE('',#9648);
#615=PLANE('',#9649);
#616=PLANE('',#9650);
#617=PLANE('',#9651);
#618=PLANE('',#9652);
#619=PLANE('',#9653);
#620=PLANE('',#9654);
#621=PLANE('',#9655);
#622=PLANE('',#9656);
#623=PLANE('',#9657);
#624=PLANE('',#9658);
#625=PLANE('',#9659);
#626=PLANE('',#9660);
#627=PLANE('',#9661);
#628=PLANE('',#9662);
#629=PLANE('',#9663);
#630=PLANE('',#9664);
#631=PLANE('',#9665);
#632=PLANE('',#9666);
#633=PLANE('',#9667);
#634=PLANE('',#9668);
#635=PLANE('',#9669);
#636=PLANE('',#9670);
#637=PLANE('',#9671);
#638=PLANE('',#9672);
#639=PLANE('',#9673);
#640=PLANE('',#9674);
#641=PLANE('',#9675);
#642=PLANE('',#9676);
#643=PLANE('',#9677);
#644=PLANE('',#9678);
#645=PLANE('',#9679);
#646=PLANE('',#9680);
#647=PLANE('',#9681);
#648=PLANE('',#9682);
#649=PLANE('',#9683);
#650=PLANE('',#9684);
#651=PLANE('',#9685);
#652=PLANE('',#9686);
#653=PLANE('',#9687);
#654=PLANE('',#9688);
#655=PLANE('',#9689);
#656=PLANE('',#9690);
#657=PLANE('',#9691);
#658=PLANE('',#9692);
#659=PLANE('',#9693);
#660=PLANE('',#9694);
#661=PLANE('',#9695);
#662=PLANE('',#9696);
#663=PLANE('',#9697);
#664=PLANE('',#9698);
#665=PLANE('',#9699);
#666=PLANE('',#9700);
#667=PLANE('',#9701);
#668=PLANE('',#9702);
#669=PLANE('',#9703);
#670=PLANE('',#9704);
#671=PLANE('',#9705);
#672=PLANE('',#9706);
#673=PLANE('',#9707);
#674=PLANE('',#9708);
#675=PLANE('',#9709);
#676=PLANE('',#9710);
#677=PLANE('',#9711);
#678=PLANE('',#9712);
#679=PLANE('',#9713);
#680=PLANE('',#9714);
#681=PLANE('',#9715);
#682=PLANE('',#9716);
#683=PLANE('',#9717);
#684=PLANE('',#9718);
#685=PLANE('',#9719);
#686=PLANE('',#9720);
#687=PLANE('',#9721);
#688=PLANE('',#9722);
#689=PLANE('',#9723);
#690=PLANE('',#9724);
#691=PLANE('',#9725);
#692=PLANE('',#9726);
#693=PLANE('',#9727);
#694=PLANE('',#9728);
#695=PLANE('',#9729);
#696=PLANE('',#9730);
#697=PLANE('',#9731);
#698=PLANE('',#9732);
#699=PLANE('',#9733);
#700=PLANE('',#9734);
#701=PLANE('',#9735);
#702=PLANE('',#9736);
#703=PLANE('',#9737);
#704=PLANE('',#9738);
#705=PLANE('',#9739);
#706=PLANE('',#9740);
#707=PLANE('',#9741);
#708=PLANE('',#9742);
#709=PLANE('',#9743);
#710=PLANE('',#9744);
#711=PLANE('',#9745);
#712=PLANE('',#9746);
#713=PLANE('',#9747);
#714=PLANE('',#9748);
#715=PLANE('',#9749);
#716=PLANE('',#9750);
#717=PLANE('',#9751);
#718=PLANE('',#9752);
#719=PLANE('',#9753);
#720=PLANE('',#9754);
#721=PLANE('',#9755);
#722=PLANE('',#9756);
#723=PLANE('',#9757);
#724=PLANE('',#9758);
#725=PLANE('',#9759);
#726=PLANE('',#9760);
#727=PLANE('',#9761);
#728=PLANE('',#9762);
#729=PLANE('',#9763);
#730=PLANE('',#9764);
#731=PLANE('',#9765);
#732=PLANE('',#9766);
#733=PLANE('',#9767);
#734=PLANE('',#9768);
#735=PLANE('',#9769);
#736=PLANE('',#9770);
#737=PLANE('',#9771);
#738=PLANE('',#9772);
#739=PLANE('',#9773);
#740=PLANE('',#9774);
#741=PLANE('',#9775);
#742=PLANE('',#9776);
#743=PLANE('',#9777);
#744=PLANE('',#9778);
#745=PLANE('',#9779);
#746=PLANE('',#9780);
#747=PLANE('',#9781);
#748=PLANE('',#9782);
#749=PLANE('',#9783);
#750=PLANE('',#9784);
#751=PLANE('',#9785);
#752=PLANE('',#9786);
#753=PLANE('',#9787);
#754=PLANE('',#9788);
#755=PLANE('',#9789);
#756=PLANE('',#9790);
#757=PLANE('',#9791);
#758=PLANE('',#9792);
#759=PLANE('',#9793);
#760=PLANE('',#9794);
#761=PLANE('',#9795);
#762=PLANE('',#9796);
#763=PLANE('',#9797);
#764=PLANE('',#9798);
#765=PLANE('',#9799);
#766=PLANE('',#9800);
#767=PLANE('',#9801);
#768=PLANE('',#9802);
#769=PLANE('',#9803);
#770=PLANE('',#9804);
#771=PLANE('',#9805);
#772=PLANE('',#9806);
#773=PLANE('',#9807);
#774=PLANE('',#9808);
#775=PLANE('',#9809);
#776=PLANE('',#9810);
#777=PLANE('',#9811);
#778=PLANE('',#9812);
#779=PLANE('',#9813);
#780=PLANE('',#9814);
#781=PLANE('',#9815);
#782=PLANE('',#9816);
#783=PLANE('',#9817);
#784=PLANE('',#9818);
#785=PLANE('',#9819);
#786=PLANE('',#9820);
#787=PLANE('',#9821);
#788=PLANE('',#9822);
#789=PLANE('',#9823);
#790=PLANE('',#9824);
#791=PLANE('',#9825);
#792=PLANE('',#9826);
#793=PLANE('',#9827);
#794=PLANE('',#9828);
#795=PLANE('',#9829);
#796=PLANE('',#9830);
#797=PLANE('',#9831);
#798=PLANE('',#9832);
#799=PLANE('',#9833);
#800=PLANE('',#9834);
#801=PLANE('',#9835);
#802=PLANE('',#9836);
#803=PLANE('',#9837);
#804=PLANE('',#9838);
#805=PLANE('',#9839);
#806=PLANE('',#9840);
#807=PLANE('',#9841);
#808=PLANE('',#9842);
#809=PLANE('',#9843);
#810=PLANE('',#9844);
#811=PLANE('',#9845);
#812=PLANE('',#9846);
#813=PLANE('',#9847);
#814=PLANE('',#9848);
#815=PLANE('',#9849);
#816=PLANE('',#9850);
#817=PLANE('',#9851);
#818=PLANE('',#9852);
#819=PLANE('',#9853);
#820=PLANE('',#9854);
#821=PLANE('',#9855);
#822=PLANE('',#9856);
#823=PLANE('',#9857);
#824=PLANE('',#9858);
#825=PLANE('',#9859);
#826=PLANE('',#9860);
#827=PLANE('',#9861);
#828=PLANE('',#9862);
#829=PLANE('',#9863);
#830=PLANE('',#9864);
#831=PLANE('',#9865);
#832=PLANE('',#9866);
#833=PLANE('',#9867);
#834=PLANE('',#9868);
#835=PLANE('',#9869);
#836=PLANE('',#9870);
#837=PLANE('',#9871);
#838=PLANE('',#9872);
#839=PLANE('',#9873);
#840=PLANE('',#9874);
#841=PLANE('',#9875);
#842=PLANE('',#9876);
#843=PLANE('',#9877);
#844=PLANE('',#9878);
#845=PLANE('',#9879);
#846=PLANE('',#9880);
#847=PLANE('',#9881);
#848=PLANE('',#9882);
#849=PLANE('',#9883);
#850=PLANE('',#9884);
#851=PLANE('',#9885);
#852=PLANE('',#9886);
#853=PLANE('',#9887);
#854=PLANE('',#9888);
#855=PLANE('',#9889);
#856=PLANE('',#9890);
#857=PLANE('',#9891);
#858=PLANE('',#9892);
#859=PLANE('',#9893);
#860=PLANE('',#9894);
#861=PLANE('',#9895);
#862=PLANE('',#9896);
#863=PLANE('',#9897);
#864=PLANE('',#9898);
#865=PLANE('',#9899);
#866=PLANE('',#9900);
#867=PLANE('',#9901);
#868=PLANE('',#9902);
#869=PLANE('',#9903);
#870=PLANE('',#9904);
#871=PLANE('',#9905);
#872=PLANE('',#9906);
#873=PLANE('',#9907);
#874=PLANE('',#9908);
#875=PLANE('',#9909);
#876=PLANE('',#9910);
#877=PLANE('',#9911);
#878=PLANE('',#9912);
#879=PLANE('',#9913);
#880=PLANE('',#9914);
#881=PLANE('',#9915);
#882=PLANE('',#9916);
#883=PLANE('',#9917);
#884=PLANE('',#9918);
#885=PLANE('',#9919);
#886=PLANE('',#9920);
#887=PLANE('',#9921);
#888=PLANE('',#9922);
#889=PLANE('',#9923);
#890=PLANE('',#9924);
#891=PLANE('',#9925);
#892=PLANE('',#9926);
#893=PLANE('',#9927);
#894=PLANE('',#9928);
#895=PLANE('',#9929);
#896=PLANE('',#9930);
#897=PLANE('',#9931);
#898=PLANE('',#9932);
#899=PLANE('',#9933);
#900=PLANE('',#9934);
#901=PLANE('',#9935);
#902=PLANE('',#9936);
#903=PLANE('',#9937);
#904=PLANE('',#9938);
#905=PLANE('',#9939);
#906=PLANE('',#9940);
#907=PLANE('',#9941);
#908=PLANE('',#9942);
#909=PLANE('',#9943);
#910=PLANE('',#9944);
#911=PLANE('',#9945);
#912=PLANE('',#9946);
#913=PLANE('',#9947);
#914=PLANE('',#9948);
#915=PLANE('',#9949);
#916=PLANE('',#9950);
#917=PLANE('',#9951);
#918=PLANE('',#9952);
#919=PLANE('',#9953);
#920=PLANE('',#9954);
#921=PLANE('',#9955);
#922=PLANE('',#9956);
#923=PLANE('',#9957);
#924=PLANE('',#9958);
#925=PLANE('',#9959);
#926=PLANE('',#9960);
#927=PLANE('',#9961);
#928=PLANE('',#9962);
#929=PLANE('',#9963);
#930=PLANE('',#9964);
#931=PLANE('',#9965);
#932=PLANE('',#9966);
#933=PLANE('',#9967);
#934=PLANE('',#9968);
#935=PLANE('',#9969);
#936=PLANE('',#9970);
#937=PLANE('',#9971);
#938=PLANE('',#9972);
#939=PLANE('',#9973);
#940=PLANE('',#9974);
#941=PLANE('',#9975);
#942=PLANE('',#9976);
#943=PLANE('',#9977);
#944=PLANE('',#9978);
#945=PLANE('',#9979);
#946=PLANE('',#9980);
#947=PLANE('',#9981);
#948=PLANE('',#9982);
#949=PLANE('',#9983);
#950=PLANE('',#9984);
#951=PLANE('',#9985);
#952=PLANE('',#9986);
#953=PLANE('',#9987);
#954=PLANE('',#9988);
#955=PLANE('',#9989);
#956=PLANE('',#9990);
#957=PLANE('',#9991);
#958=PLANE('',#9992);
#959=PLANE('',#9993);
#960=PLANE('',#9994);
#961=PLANE('',#9995);
#962=PLANE('',#9996);
#963=PLANE('',#9997);
#964=PLANE('',#9998);
#965=PLANE('',#9999);
#966=PLANE('',#10000);
#967=PLANE('',#10001);
#968=PLANE('',#10002);
#969=PLANE('',#10003);
#970=PLANE('',#10004);
#971=PLANE('',#10005);
#972=PLANE('',#10006);
#973=PLANE('',#10007);
#974=PLANE('',#10008);
#975=PLANE('',#10009);
#976=PLANE('',#10010);
#977=PLANE('',#10011);
#978=PLANE('',#10012);
#979=PLANE('',#10013);
#980=PLANE('',#10014);
#981=PLANE('',#10015);
#982=PLANE('',#10016);
#983=PLANE('',#10017);
#984=PLANE('',#10018);
#985=PLANE('',#10019);
#986=PLANE('',#10020);
#987=PLANE('',#10021);
#988=PLANE('',#10022);
#989=PLANE('',#10023);
#990=PLANE('',#10024);
#991=PLANE('',#10025);
#992=PLANE('',#10026);
#993=PLANE('',#10027);
#994=PLANE('',#10028);
#995=PLANE('',#10029);
#996=PLANE('',#10030);
#997=PLANE('',#10031);
#998=PLANE('',#10032);
#999=PLANE('',#10033);
#1000=PLANE('',#10034);
#1001=PLANE('',#10035);
#1002=PLANE('',#10036);
#1003=PLANE('',#10037);
#1004=PLANE('',#10038);
#1005=PLANE('',#10039);
#1006=PLANE('',#10040);
#1007=PLANE('',#10041);
#1008=PLANE('',#10042);
#1009=PLANE('',#10043);
#1010=PLANE('',#10044);
#1011=PLANE('',#10045);
#1012=PLANE('',#10046);
#1013=PLANE('',#10047);
#1014=PLANE('',#10048);
#1015=PLANE('',#10049);
#1016=PLANE('',#10050);
#1017=PLANE('',#10051);
#1018=PLANE('',#10052);
#1019=PLANE('',#10053);
#1020=PLANE('',#10054);
#1021=PLANE('',#10055);
#1022=PLANE('',#10056);
#1023=PLANE('',#10057);
#1024=PLANE('',#10058);
#1025=PLANE('',#10059);
#1026=PLANE('',#10060);
#1027=PLANE('',#10061);
#1028=PLANE('',#10062);
#1029=PLANE('',#10063);
#1030=PLANE('',#10064);
#1031=PLANE('',#10065);
#1032=PLANE('',#10066);
#1033=PLANE('',#10067);
#1034=PLANE('',#10068);
#1035=PLANE('',#10069);
#1036=PLANE('',#10070);
#1037=PLANE('',#10071);
#1038=PLANE('',#10072);
#1039=PLANE('',#10073);
#1040=PLANE('',#10074);
#1041=PLANE('',#10075);
#1042=PLANE('',#10076);
#1043=PLANE('',#10077);
#1044=PLANE('',#10078);
#1045=PLANE('',#10079);
#1046=PLANE('',#10080);
#1047=PLANE('',#10081);
#1048=PLANE('',#10082);
#1049=FACE_OUTER_BOUND('',#1557,.T.);
#1050=FACE_OUTER_BOUND('',#1558,.T.);
#1051=FACE_OUTER_BOUND('',#1559,.T.);
#1052=FACE_OUTER_BOUND('',#1560,.T.);
#1053=FACE_OUTER_BOUND('',#1561,.T.);
#1054=FACE_OUTER_BOUND('',#1562,.T.);
#1055=FACE_OUTER_BOUND('',#1563,.T.);
#1056=FACE_OUTER_BOUND('',#1564,.T.);
#1057=FACE_OUTER_BOUND('',#1565,.T.);
#1058=FACE_OUTER_BOUND('',#1566,.T.);
#1059=FACE_OUTER_BOUND('',#1567,.T.);
#1060=FACE_OUTER_BOUND('',#1568,.T.);
#1061=FACE_OUTER_BOUND('',#1569,.T.);
#1062=FACE_OUTER_BOUND('',#1570,.T.);
#1063=FACE_OUTER_BOUND('',#1571,.T.);
#1064=FACE_OUTER_BOUND('',#1572,.T.);
#1065=FACE_OUTER_BOUND('',#1573,.T.);
#1066=FACE_OUTER_BOUND('',#1574,.T.);
#1067=FACE_OUTER_BOUND('',#1575,.T.);
#1068=FACE_OUTER_BOUND('',#1582,.T.);
#1069=FACE_OUTER_BOUND('',#1587,.T.);
#1070=FACE_OUTER_BOUND('',#1588,.T.);
#1071=FACE_OUTER_BOUND('',#1589,.T.);
#1072=FACE_OUTER_BOUND('',#1590,.T.);
#1073=FACE_OUTER_BOUND('',#1611,.T.);
#1074=FACE_OUTER_BOUND('',#1612,.T.);
#1075=FACE_OUTER_BOUND('',#1613,.T.);
#1076=FACE_OUTER_BOUND('',#1614,.T.);
#1077=FACE_OUTER_BOUND('',#1615,.T.);
#1078=FACE_OUTER_BOUND('',#1616,.T.);
#1079=FACE_OUTER_BOUND('',#1617,.T.);
#1080=FACE_OUTER_BOUND('',#1618,.T.);
#1081=FACE_OUTER_BOUND('',#1619,.T.);
#1082=FACE_OUTER_BOUND('',#1620,.T.);
#1083=FACE_OUTER_BOUND('',#1621,.T.);
#1084=FACE_OUTER_BOUND('',#1622,.T.);
#1085=FACE_OUTER_BOUND('',#1623,.T.);
#1086=FACE_OUTER_BOUND('',#1624,.T.);
#1087=FACE_OUTER_BOUND('',#1625,.T.);
#1088=FACE_OUTER_BOUND('',#1626,.T.);
#1089=FACE_OUTER_BOUND('',#1627,.T.);
#1090=FACE_OUTER_BOUND('',#1628,.T.);
#1091=FACE_OUTER_BOUND('',#1629,.T.);
#1092=FACE_OUTER_BOUND('',#1630,.T.);
#1093=FACE_OUTER_BOUND('',#1631,.T.);
#1094=FACE_OUTER_BOUND('',#1632,.T.);
#1095=FACE_OUTER_BOUND('',#1633,.T.);
#1096=FACE_OUTER_BOUND('',#1634,.T.);
#1097=FACE_OUTER_BOUND('',#1635,.T.);
#1098=FACE_OUTER_BOUND('',#1636,.T.);
#1099=FACE_OUTER_BOUND('',#1637,.T.);
#1100=FACE_OUTER_BOUND('',#1638,.T.);
#1101=FACE_OUTER_BOUND('',#1639,.T.);
#1102=FACE_OUTER_BOUND('',#1640,.T.);
#1103=FACE_OUTER_BOUND('',#1641,.T.);
#1104=FACE_OUTER_BOUND('',#1642,.T.);
#1105=FACE_OUTER_BOUND('',#1643,.T.);
#1106=FACE_OUTER_BOUND('',#1644,.T.);
#1107=FACE_OUTER_BOUND('',#1645,.T.);
#1108=FACE_OUTER_BOUND('',#1646,.T.);
#1109=FACE_OUTER_BOUND('',#1647,.T.);
#1110=FACE_OUTER_BOUND('',#1648,.T.);
#1111=FACE_OUTER_BOUND('',#1649,.T.);
#1112=FACE_OUTER_BOUND('',#1650,.T.);
#1113=FACE_OUTER_BOUND('',#1651,.T.);
#1114=FACE_OUTER_BOUND('',#1652,.T.);
#1115=FACE_OUTER_BOUND('',#1653,.T.);
#1116=FACE_OUTER_BOUND('',#1654,.T.);
#1117=FACE_OUTER_BOUND('',#1655,.T.);
#1118=FACE_OUTER_BOUND('',#1656,.T.);
#1119=FACE_OUTER_BOUND('',#1657,.T.);
#1120=FACE_OUTER_BOUND('',#1658,.T.);
#1121=FACE_OUTER_BOUND('',#1659,.T.);
#1122=FACE_OUTER_BOUND('',#1660,.T.);
#1123=FACE_OUTER_BOUND('',#1661,.T.);
#1124=FACE_OUTER_BOUND('',#1662,.T.);
#1125=FACE_OUTER_BOUND('',#1663,.T.);
#1126=FACE_OUTER_BOUND('',#1664,.T.);
#1127=FACE_OUTER_BOUND('',#1665,.T.);
#1128=FACE_OUTER_BOUND('',#1666,.T.);
#1129=FACE_OUTER_BOUND('',#1667,.T.);
#1130=FACE_OUTER_BOUND('',#1668,.T.);
#1131=FACE_OUTER_BOUND('',#1669,.T.);
#1132=FACE_OUTER_BOUND('',#1670,.T.);
#1133=FACE_OUTER_BOUND('',#1671,.T.);
#1134=FACE_OUTER_BOUND('',#1672,.T.);
#1135=FACE_OUTER_BOUND('',#1673,.T.);
#1136=FACE_OUTER_BOUND('',#1674,.T.);
#1137=FACE_OUTER_BOUND('',#1675,.T.);
#1138=FACE_OUTER_BOUND('',#1676,.T.);
#1139=FACE_OUTER_BOUND('',#1677,.T.);
#1140=FACE_OUTER_BOUND('',#1678,.T.);
#1141=FACE_OUTER_BOUND('',#1679,.T.);
#1142=FACE_OUTER_BOUND('',#1680,.T.);
#1143=FACE_OUTER_BOUND('',#1681,.T.);
#1144=FACE_OUTER_BOUND('',#1682,.T.);
#1145=FACE_OUTER_BOUND('',#1683,.T.);
#1146=FACE_OUTER_BOUND('',#1684,.T.);
#1147=FACE_OUTER_BOUND('',#1685,.T.);
#1148=FACE_OUTER_BOUND('',#1686,.T.);
#1149=FACE_OUTER_BOUND('',#1687,.T.);
#1150=FACE_OUTER_BOUND('',#1688,.T.);
#1151=FACE_OUTER_BOUND('',#1689,.T.);
#1152=FACE_OUTER_BOUND('',#1690,.T.);
#1153=FACE_OUTER_BOUND('',#1691,.T.);
#1154=FACE_OUTER_BOUND('',#1692,.T.);
#1155=FACE_OUTER_BOUND('',#1693,.T.);
#1156=FACE_OUTER_BOUND('',#1694,.T.);
#1157=FACE_OUTER_BOUND('',#1695,.T.);
#1158=FACE_OUTER_BOUND('',#1696,.T.);
#1159=FACE_OUTER_BOUND('',#1697,.T.);
#1160=FACE_OUTER_BOUND('',#1698,.T.);
#1161=FACE_OUTER_BOUND('',#1699,.T.);
#1162=FACE_OUTER_BOUND('',#1700,.T.);
#1163=FACE_OUTER_BOUND('',#1701,.T.);
#1164=FACE_OUTER_BOUND('',#1702,.T.);
#1165=FACE_OUTER_BOUND('',#1703,.T.);
#1166=FACE_OUTER_BOUND('',#1704,.T.);
#1167=FACE_OUTER_BOUND('',#1705,.T.);
#1168=FACE_OUTER_BOUND('',#1706,.T.);
#1169=FACE_OUTER_BOUND('',#1707,.T.);
#1170=FACE_OUTER_BOUND('',#1708,.T.);
#1171=FACE_OUTER_BOUND('',#1709,.T.);
#1172=FACE_OUTER_BOUND('',#1710,.T.);
#1173=FACE_OUTER_BOUND('',#1711,.T.);
#1174=FACE_OUTER_BOUND('',#1712,.T.);
#1175=FACE_OUTER_BOUND('',#1713,.T.);
#1176=FACE_OUTER_BOUND('',#1714,.T.);
#1177=FACE_OUTER_BOUND('',#1715,.T.);
#1178=FACE_OUTER_BOUND('',#1716,.T.);
#1179=FACE_OUTER_BOUND('',#1717,.T.);
#1180=FACE_OUTER_BOUND('',#1718,.T.);
#1181=FACE_OUTER_BOUND('',#1719,.T.);
#1182=FACE_OUTER_BOUND('',#1720,.T.);
#1183=FACE_OUTER_BOUND('',#1721,.T.);
#1184=FACE_OUTER_BOUND('',#1722,.T.);
#1185=FACE_OUTER_BOUND('',#1723,.T.);
#1186=FACE_OUTER_BOUND('',#1724,.T.);
#1187=FACE_OUTER_BOUND('',#1725,.T.);
#1188=FACE_OUTER_BOUND('',#1726,.T.);
#1189=FACE_OUTER_BOUND('',#1727,.T.);
#1190=FACE_OUTER_BOUND('',#1728,.T.);
#1191=FACE_OUTER_BOUND('',#1729,.T.);
#1192=FACE_OUTER_BOUND('',#1730,.T.);
#1193=FACE_OUTER_BOUND('',#1731,.T.);
#1194=FACE_OUTER_BOUND('',#1732,.T.);
#1195=FACE_OUTER_BOUND('',#1733,.T.);
#1196=FACE_OUTER_BOUND('',#1734,.T.);
#1197=FACE_OUTER_BOUND('',#1735,.T.);
#1198=FACE_OUTER_BOUND('',#1736,.T.);
#1199=FACE_OUTER_BOUND('',#1737,.T.);
#1200=FACE_OUTER_BOUND('',#1738,.T.);
#1201=FACE_OUTER_BOUND('',#1739,.T.);
#1202=FACE_OUTER_BOUND('',#1740,.T.);
#1203=FACE_OUTER_BOUND('',#1741,.T.);
#1204=FACE_OUTER_BOUND('',#1742,.T.);
#1205=FACE_OUTER_BOUND('',#1743,.T.);
#1206=FACE_OUTER_BOUND('',#1744,.T.);
#1207=FACE_OUTER_BOUND('',#1745,.T.);
#1208=FACE_OUTER_BOUND('',#1746,.T.);
#1209=FACE_OUTER_BOUND('',#1747,.T.);
#1210=FACE_OUTER_BOUND('',#1748,.T.);
#1211=FACE_OUTER_BOUND('',#1749,.T.);
#1212=FACE_OUTER_BOUND('',#1750,.T.);
#1213=FACE_OUTER_BOUND('',#1751,.T.);
#1214=FACE_OUTER_BOUND('',#1752,.T.);
#1215=FACE_OUTER_BOUND('',#1753,.T.);
#1216=FACE_OUTER_BOUND('',#1754,.T.);
#1217=FACE_OUTER_BOUND('',#1755,.T.);
#1218=FACE_OUTER_BOUND('',#1756,.T.);
#1219=FACE_OUTER_BOUND('',#1757,.T.);
#1220=FACE_OUTER_BOUND('',#1758,.T.);
#1221=FACE_OUTER_BOUND('',#1759,.T.);
#1222=FACE_OUTER_BOUND('',#1760,.T.);
#1223=FACE_OUTER_BOUND('',#1761,.T.);
#1224=FACE_OUTER_BOUND('',#1762,.T.);
#1225=FACE_OUTER_BOUND('',#1763,.T.);
#1226=FACE_OUTER_BOUND('',#1764,.T.);
#1227=FACE_OUTER_BOUND('',#1765,.T.);
#1228=FACE_OUTER_BOUND('',#1766,.T.);
#1229=FACE_OUTER_BOUND('',#1767,.T.);
#1230=FACE_OUTER_BOUND('',#1768,.T.);
#1231=FACE_OUTER_BOUND('',#1769,.T.);
#1232=FACE_OUTER_BOUND('',#1770,.T.);
#1233=FACE_OUTER_BOUND('',#1771,.T.);
#1234=FACE_OUTER_BOUND('',#1772,.T.);
#1235=FACE_OUTER_BOUND('',#1773,.T.);
#1236=FACE_OUTER_BOUND('',#1774,.T.);
#1237=FACE_OUTER_BOUND('',#1775,.T.);
#1238=FACE_OUTER_BOUND('',#1776,.T.);
#1239=FACE_OUTER_BOUND('',#1777,.T.);
#1240=FACE_OUTER_BOUND('',#1778,.T.);
#1241=FACE_OUTER_BOUND('',#1779,.T.);
#1242=FACE_OUTER_BOUND('',#1780,.T.);
#1243=FACE_OUTER_BOUND('',#1781,.T.);
#1244=FACE_OUTER_BOUND('',#1782,.T.);
#1245=FACE_OUTER_BOUND('',#1783,.T.);
#1246=FACE_OUTER_BOUND('',#1784,.T.);
#1247=FACE_OUTER_BOUND('',#1785,.T.);
#1248=FACE_OUTER_BOUND('',#1786,.T.);
#1249=FACE_OUTER_BOUND('',#1787,.T.);
#1250=FACE_OUTER_BOUND('',#1788,.T.);
#1251=FACE_OUTER_BOUND('',#1789,.T.);
#1252=FACE_OUTER_BOUND('',#1790,.T.);
#1253=FACE_OUTER_BOUND('',#1791,.T.);
#1254=FACE_OUTER_BOUND('',#1792,.T.);
#1255=FACE_OUTER_BOUND('',#1793,.T.);
#1256=FACE_OUTER_BOUND('',#1794,.T.);
#1257=FACE_OUTER_BOUND('',#1795,.T.);
#1258=FACE_OUTER_BOUND('',#1796,.T.);
#1259=FACE_OUTER_BOUND('',#1797,.T.);
#1260=FACE_OUTER_BOUND('',#1798,.T.);
#1261=FACE_OUTER_BOUND('',#1799,.T.);
#1262=FACE_OUTER_BOUND('',#1800,.T.);
#1263=FACE_OUTER_BOUND('',#1801,.T.);
#1264=FACE_OUTER_BOUND('',#1802,.T.);
#1265=FACE_OUTER_BOUND('',#1803,.T.);
#1266=FACE_OUTER_BOUND('',#1804,.T.);
#1267=FACE_OUTER_BOUND('',#1805,.T.);
#1268=FACE_OUTER_BOUND('',#1806,.T.);
#1269=FACE_OUTER_BOUND('',#1807,.T.);
#1270=FACE_OUTER_BOUND('',#1808,.T.);
#1271=FACE_OUTER_BOUND('',#1809,.T.);
#1272=FACE_OUTER_BOUND('',#1810,.T.);
#1273=FACE_OUTER_BOUND('',#1811,.T.);
#1274=FACE_OUTER_BOUND('',#1812,.T.);
#1275=FACE_OUTER_BOUND('',#1813,.T.);
#1276=FACE_OUTER_BOUND('',#1814,.T.);
#1277=FACE_OUTER_BOUND('',#1815,.T.);
#1278=FACE_OUTER_BOUND('',#1816,.T.);
#1279=FACE_OUTER_BOUND('',#1817,.T.);
#1280=FACE_OUTER_BOUND('',#1818,.T.);
#1281=FACE_OUTER_BOUND('',#1819,.T.);
#1282=FACE_OUTER_BOUND('',#1820,.T.);
#1283=FACE_OUTER_BOUND('',#1821,.T.);
#1284=FACE_OUTER_BOUND('',#1822,.T.);
#1285=FACE_OUTER_BOUND('',#1823,.T.);
#1286=FACE_OUTER_BOUND('',#1824,.T.);
#1287=FACE_OUTER_BOUND('',#1825,.T.);
#1288=FACE_OUTER_BOUND('',#1826,.T.);
#1289=FACE_OUTER_BOUND('',#1827,.T.);
#1290=FACE_OUTER_BOUND('',#1828,.T.);
#1291=FACE_OUTER_BOUND('',#1829,.T.);
#1292=FACE_OUTER_BOUND('',#1830,.T.);
#1293=FACE_OUTER_BOUND('',#1831,.T.);
#1294=FACE_OUTER_BOUND('',#1832,.T.);
#1295=FACE_OUTER_BOUND('',#1833,.T.);
#1296=FACE_OUTER_BOUND('',#1834,.T.);
#1297=FACE_OUTER_BOUND('',#1835,.T.);
#1298=FACE_OUTER_BOUND('',#1836,.T.);
#1299=FACE_OUTER_BOUND('',#1837,.T.);
#1300=FACE_OUTER_BOUND('',#1838,.T.);
#1301=FACE_OUTER_BOUND('',#1839,.T.);
#1302=FACE_OUTER_BOUND('',#1840,.T.);
#1303=FACE_OUTER_BOUND('',#1841,.T.);
#1304=FACE_OUTER_BOUND('',#1842,.T.);
#1305=FACE_OUTER_BOUND('',#1843,.T.);
#1306=FACE_OUTER_BOUND('',#1844,.T.);
#1307=FACE_OUTER_BOUND('',#1845,.T.);
#1308=FACE_OUTER_BOUND('',#1846,.T.);
#1309=FACE_OUTER_BOUND('',#1847,.T.);
#1310=FACE_OUTER_BOUND('',#1848,.T.);
#1311=FACE_OUTER_BOUND('',#1849,.T.);
#1312=FACE_OUTER_BOUND('',#1850,.T.);
#1313=FACE_OUTER_BOUND('',#1851,.T.);
#1314=FACE_OUTER_BOUND('',#1852,.T.);
#1315=FACE_OUTER_BOUND('',#1853,.T.);
#1316=FACE_OUTER_BOUND('',#1854,.T.);
#1317=FACE_OUTER_BOUND('',#1855,.T.);
#1318=FACE_OUTER_BOUND('',#1856,.T.);
#1319=FACE_OUTER_BOUND('',#1857,.T.);
#1320=FACE_OUTER_BOUND('',#1858,.T.);
#1321=FACE_OUTER_BOUND('',#1859,.T.);
#1322=FACE_OUTER_BOUND('',#1860,.T.);
#1323=FACE_OUTER_BOUND('',#1861,.T.);
#1324=FACE_OUTER_BOUND('',#1862,.T.);
#1325=FACE_OUTER_BOUND('',#1863,.T.);
#1326=FACE_OUTER_BOUND('',#1864,.T.);
#1327=FACE_OUTER_BOUND('',#1865,.T.);
#1328=FACE_OUTER_BOUND('',#1866,.T.);
#1329=FACE_OUTER_BOUND('',#1867,.T.);
#1330=FACE_OUTER_BOUND('',#1868,.T.);
#1331=FACE_OUTER_BOUND('',#1869,.T.);
#1332=FACE_OUTER_BOUND('',#1870,.T.);
#1333=FACE_OUTER_BOUND('',#1871,.T.);
#1334=FACE_OUTER_BOUND('',#1872,.T.);
#1335=FACE_OUTER_BOUND('',#1873,.T.);
#1336=FACE_OUTER_BOUND('',#1874,.T.);
#1337=FACE_OUTER_BOUND('',#1875,.T.);
#1338=FACE_OUTER_BOUND('',#1876,.T.);
#1339=FACE_OUTER_BOUND('',#1877,.T.);
#1340=FACE_OUTER_BOUND('',#1878,.T.);
#1341=FACE_OUTER_BOUND('',#1879,.T.);
#1342=FACE_OUTER_BOUND('',#1880,.T.);
#1343=FACE_OUTER_BOUND('',#1881,.T.);
#1344=FACE_OUTER_BOUND('',#1882,.T.);
#1345=FACE_OUTER_BOUND('',#1883,.T.);
#1346=FACE_OUTER_BOUND('',#1884,.T.);
#1347=FACE_OUTER_BOUND('',#1885,.T.);
#1348=FACE_OUTER_BOUND('',#1886,.T.);
#1349=FACE_OUTER_BOUND('',#1887,.T.);
#1350=FACE_OUTER_BOUND('',#1888,.T.);
#1351=FACE_OUTER_BOUND('',#1889,.T.);
#1352=FACE_OUTER_BOUND('',#1890,.T.);
#1353=FACE_OUTER_BOUND('',#1891,.T.);
#1354=FACE_OUTER_BOUND('',#1892,.T.);
#1355=FACE_OUTER_BOUND('',#1893,.T.);
#1356=FACE_OUTER_BOUND('',#1894,.T.);
#1357=FACE_OUTER_BOUND('',#1895,.T.);
#1358=FACE_OUTER_BOUND('',#1896,.T.);
#1359=FACE_OUTER_BOUND('',#1897,.T.);
#1360=FACE_OUTER_BOUND('',#1898,.T.);
#1361=FACE_OUTER_BOUND('',#1899,.T.);
#1362=FACE_OUTER_BOUND('',#1900,.T.);
#1363=FACE_OUTER_BOUND('',#1901,.T.);
#1364=FACE_OUTER_BOUND('',#1902,.T.);
#1365=FACE_OUTER_BOUND('',#1903,.T.);
#1366=FACE_OUTER_BOUND('',#1904,.T.);
#1367=FACE_OUTER_BOUND('',#1905,.T.);
#1368=FACE_OUTER_BOUND('',#1906,.T.);
#1369=FACE_OUTER_BOUND('',#1907,.T.);
#1370=FACE_OUTER_BOUND('',#1908,.T.);
#1371=FACE_OUTER_BOUND('',#1909,.T.);
#1372=FACE_OUTER_BOUND('',#1910,.T.);
#1373=FACE_OUTER_BOUND('',#1911,.T.);
#1374=FACE_OUTER_BOUND('',#1912,.T.);
#1375=FACE_OUTER_BOUND('',#1913,.T.);
#1376=FACE_OUTER_BOUND('',#1914,.T.);
#1377=FACE_OUTER_BOUND('',#1915,.T.);
#1378=FACE_OUTER_BOUND('',#1916,.T.);
#1379=FACE_OUTER_BOUND('',#1917,.T.);
#1380=FACE_OUTER_BOUND('',#1918,.T.);
#1381=FACE_OUTER_BOUND('',#1919,.T.);
#1382=FACE_OUTER_BOUND('',#1920,.T.);
#1383=FACE_OUTER_BOUND('',#1921,.T.);
#1384=FACE_OUTER_BOUND('',#1922,.T.);
#1385=FACE_OUTER_BOUND('',#1923,.T.);
#1386=FACE_OUTER_BOUND('',#1924,.T.);
#1387=FACE_OUTER_BOUND('',#1925,.T.);
#1388=FACE_OUTER_BOUND('',#1926,.T.);
#1389=FACE_OUTER_BOUND('',#1927,.T.);
#1390=FACE_OUTER_BOUND('',#1928,.T.);
#1391=FACE_OUTER_BOUND('',#1929,.T.);
#1392=FACE_OUTER_BOUND('',#1930,.T.);
#1393=FACE_OUTER_BOUND('',#1931,.T.);
#1394=FACE_OUTER_BOUND('',#1932,.T.);
#1395=FACE_OUTER_BOUND('',#1933,.T.);
#1396=FACE_OUTER_BOUND('',#1934,.T.);
#1397=FACE_OUTER_BOUND('',#1935,.T.);
#1398=FACE_OUTER_BOUND('',#1936,.T.);
#1399=FACE_OUTER_BOUND('',#1937,.T.);
#1400=FACE_OUTER_BOUND('',#1938,.T.);
#1401=FACE_OUTER_BOUND('',#1939,.T.);
#1402=FACE_OUTER_BOUND('',#1940,.T.);
#1403=FACE_OUTER_BOUND('',#1941,.T.);
#1404=FACE_OUTER_BOUND('',#1942,.T.);
#1405=FACE_OUTER_BOUND('',#1943,.T.);
#1406=FACE_OUTER_BOUND('',#1944,.T.);
#1407=FACE_OUTER_BOUND('',#1945,.T.);
#1408=FACE_OUTER_BOUND('',#1946,.T.);
#1409=FACE_OUTER_BOUND('',#1947,.T.);
#1410=FACE_OUTER_BOUND('',#1948,.T.);
#1411=FACE_OUTER_BOUND('',#1949,.T.);
#1412=FACE_OUTER_BOUND('',#1950,.T.);
#1413=FACE_OUTER_BOUND('',#1951,.T.);
#1414=FACE_OUTER_BOUND('',#1952,.T.);
#1415=FACE_OUTER_BOUND('',#1953,.T.);
#1416=FACE_OUTER_BOUND('',#1954,.T.);
#1417=FACE_OUTER_BOUND('',#1955,.T.);
#1418=FACE_OUTER_BOUND('',#1956,.T.);
#1419=FACE_OUTER_BOUND('',#1957,.T.);
#1420=FACE_OUTER_BOUND('',#1958,.T.);
#1421=FACE_OUTER_BOUND('',#1959,.T.);
#1422=FACE_OUTER_BOUND('',#1960,.T.);
#1423=FACE_OUTER_BOUND('',#1961,.T.);
#1424=FACE_OUTER_BOUND('',#1962,.T.);
#1425=FACE_OUTER_BOUND('',#1963,.T.);
#1426=FACE_OUTER_BOUND('',#1964,.T.);
#1427=FACE_OUTER_BOUND('',#1965,.T.);
#1428=FACE_OUTER_BOUND('',#1966,.T.);
#1429=FACE_OUTER_BOUND('',#1967,.T.);
#1430=FACE_OUTER_BOUND('',#1968,.T.);
#1431=FACE_OUTER_BOUND('',#1969,.T.);
#1432=FACE_OUTER_BOUND('',#1970,.T.);
#1433=FACE_OUTER_BOUND('',#1971,.T.);
#1434=FACE_OUTER_BOUND('',#1972,.T.);
#1435=FACE_OUTER_BOUND('',#1973,.T.);
#1436=FACE_OUTER_BOUND('',#1974,.T.);
#1437=FACE_OUTER_BOUND('',#1975,.T.);
#1438=FACE_OUTER_BOUND('',#1976,.T.);
#1439=FACE_OUTER_BOUND('',#1977,.T.);
#1440=FACE_OUTER_BOUND('',#1978,.T.);
#1441=FACE_OUTER_BOUND('',#1979,.T.);
#1442=FACE_OUTER_BOUND('',#1980,.T.);
#1443=FACE_OUTER_BOUND('',#1981,.T.);
#1444=FACE_OUTER_BOUND('',#1982,.T.);
#1445=FACE_OUTER_BOUND('',#1983,.T.);
#1446=FACE_OUTER_BOUND('',#1984,.T.);
#1447=FACE_OUTER_BOUND('',#1985,.T.);
#1448=FACE_OUTER_BOUND('',#1986,.T.);
#1449=FACE_OUTER_BOUND('',#1987,.T.);
#1450=FACE_OUTER_BOUND('',#1988,.T.);
#1451=FACE_OUTER_BOUND('',#1989,.T.);
#1452=FACE_OUTER_BOUND('',#1990,.T.);
#1453=FACE_OUTER_BOUND('',#1991,.T.);
#1454=FACE_OUTER_BOUND('',#1992,.T.);
#1455=FACE_OUTER_BOUND('',#1993,.T.);
#1456=FACE_OUTER_BOUND('',#1994,.T.);
#1457=FACE_OUTER_BOUND('',#1995,.T.);
#1458=FACE_OUTER_BOUND('',#1996,.T.);
#1459=FACE_OUTER_BOUND('',#1997,.T.);
#1460=FACE_OUTER_BOUND('',#1998,.T.);
#1461=FACE_OUTER_BOUND('',#1999,.T.);
#1462=FACE_OUTER_BOUND('',#2000,.T.);
#1463=FACE_OUTER_BOUND('',#2001,.T.);
#1464=FACE_OUTER_BOUND('',#2002,.T.);
#1465=FACE_OUTER_BOUND('',#2003,.T.);
#1466=FACE_OUTER_BOUND('',#2004,.T.);
#1467=FACE_OUTER_BOUND('',#2005,.T.);
#1468=FACE_OUTER_BOUND('',#2006,.T.);
#1469=FACE_OUTER_BOUND('',#2007,.T.);
#1470=FACE_OUTER_BOUND('',#2008,.T.);
#1471=FACE_OUTER_BOUND('',#2009,.T.);
#1472=FACE_OUTER_BOUND('',#2010,.T.);
#1473=FACE_OUTER_BOUND('',#2011,.T.);
#1474=FACE_OUTER_BOUND('',#2012,.T.);
#1475=FACE_OUTER_BOUND('',#2013,.T.);
#1476=FACE_OUTER_BOUND('',#2014,.T.);
#1477=FACE_OUTER_BOUND('',#2015,.T.);
#1478=FACE_OUTER_BOUND('',#2016,.T.);
#1479=FACE_OUTER_BOUND('',#2017,.T.);
#1480=FACE_OUTER_BOUND('',#2018,.T.);
#1481=FACE_OUTER_BOUND('',#2019,.T.);
#1482=FACE_OUTER_BOUND('',#2020,.T.);
#1483=FACE_OUTER_BOUND('',#2021,.T.);
#1484=FACE_OUTER_BOUND('',#2022,.T.);
#1485=FACE_OUTER_BOUND('',#2023,.T.);
#1486=FACE_OUTER_BOUND('',#2024,.T.);
#1487=FACE_OUTER_BOUND('',#2025,.T.);
#1488=FACE_OUTER_BOUND('',#2026,.T.);
#1489=FACE_OUTER_BOUND('',#2027,.T.);
#1490=FACE_OUTER_BOUND('',#2028,.T.);
#1491=FACE_OUTER_BOUND('',#2029,.T.);
#1492=FACE_OUTER_BOUND('',#2030,.T.);
#1493=FACE_OUTER_BOUND('',#2031,.T.);
#1494=FACE_OUTER_BOUND('',#2032,.T.);
#1495=FACE_OUTER_BOUND('',#2033,.T.);
#1496=FACE_OUTER_BOUND('',#2034,.T.);
#1497=FACE_OUTER_BOUND('',#2035,.T.);
#1498=FACE_OUTER_BOUND('',#2036,.T.);
#1499=FACE_OUTER_BOUND('',#2037,.T.);
#1500=FACE_OUTER_BOUND('',#2038,.T.);
#1501=FACE_OUTER_BOUND('',#2039,.T.);
#1502=FACE_OUTER_BOUND('',#2040,.T.);
#1503=FACE_OUTER_BOUND('',#2041,.T.);
#1504=FACE_OUTER_BOUND('',#2042,.T.);
#1505=FACE_OUTER_BOUND('',#2043,.T.);
#1506=FACE_OUTER_BOUND('',#2044,.T.);
#1507=FACE_OUTER_BOUND('',#2045,.T.);
#1508=FACE_OUTER_BOUND('',#2046,.T.);
#1509=FACE_OUTER_BOUND('',#2047,.T.);
#1510=FACE_OUTER_BOUND('',#2048,.T.);
#1511=FACE_OUTER_BOUND('',#2049,.T.);
#1512=FACE_OUTER_BOUND('',#2050,.T.);
#1513=FACE_OUTER_BOUND('',#2051,.T.);
#1514=FACE_OUTER_BOUND('',#2052,.T.);
#1515=FACE_OUTER_BOUND('',#2053,.T.);
#1516=FACE_OUTER_BOUND('',#2054,.T.);
#1517=FACE_OUTER_BOUND('',#2055,.T.);
#1518=FACE_OUTER_BOUND('',#2056,.T.);
#1519=FACE_OUTER_BOUND('',#2057,.T.);
#1520=FACE_OUTER_BOUND('',#2058,.T.);
#1521=FACE_OUTER_BOUND('',#2059,.T.);
#1522=FACE_OUTER_BOUND('',#2060,.T.);
#1523=FACE_OUTER_BOUND('',#2061,.T.);
#1524=FACE_OUTER_BOUND('',#2062,.T.);
#1525=FACE_OUTER_BOUND('',#2063,.T.);
#1526=FACE_OUTER_BOUND('',#2064,.T.);
#1527=FACE_OUTER_BOUND('',#2065,.T.);
#1528=FACE_OUTER_BOUND('',#2066,.T.);
#1529=FACE_OUTER_BOUND('',#2067,.T.);
#1530=FACE_OUTER_BOUND('',#2068,.T.);
#1531=FACE_OUTER_BOUND('',#2069,.T.);
#1532=FACE_OUTER_BOUND('',#2070,.T.);
#1533=FACE_OUTER_BOUND('',#2071,.T.);
#1534=FACE_OUTER_BOUND('',#2072,.T.);
#1535=FACE_OUTER_BOUND('',#2073,.T.);
#1536=FACE_OUTER_BOUND('',#2074,.T.);
#1537=FACE_OUTER_BOUND('',#2075,.T.);
#1538=FACE_OUTER_BOUND('',#2076,.T.);
#1539=FACE_OUTER_BOUND('',#2077,.T.);
#1540=FACE_OUTER_BOUND('',#2078,.T.);
#1541=FACE_OUTER_BOUND('',#2079,.T.);
#1542=FACE_OUTER_BOUND('',#2080,.T.);
#1543=FACE_OUTER_BOUND('',#2081,.T.);
#1544=FACE_OUTER_BOUND('',#2082,.T.);
#1545=FACE_OUTER_BOUND('',#2083,.T.);
#1546=FACE_OUTER_BOUND('',#2084,.T.);
#1547=FACE_OUTER_BOUND('',#2085,.T.);
#1548=FACE_OUTER_BOUND('',#2086,.T.);
#1549=FACE_OUTER_BOUND('',#2087,.T.);
#1550=FACE_OUTER_BOUND('',#2088,.T.);
#1551=FACE_OUTER_BOUND('',#2089,.T.);
#1552=FACE_OUTER_BOUND('',#2090,.T.);
#1553=FACE_OUTER_BOUND('',#2091,.T.);
#1554=FACE_OUTER_BOUND('',#2092,.T.);
#1555=FACE_OUTER_BOUND('',#2093,.T.);
#1556=FACE_OUTER_BOUND('',#2114,.T.);
#1557=EDGE_LOOP('',(#6559,#6560,#6561,#6562));
#1558=EDGE_LOOP('',(#6563,#6564,#6565,#6566));
#1559=EDGE_LOOP('',(#6567,#6568,#6569,#6570));
#1560=EDGE_LOOP('',(#6571,#6572,#6573,#6574));
#1561=EDGE_LOOP('',(#6575,#6576,#6577,#6578));
#1562=EDGE_LOOP('',(#6579,#6580,#6581,#6582));
#1563=EDGE_LOOP('',(#6583,#6584,#6585,#6586));
#1564=EDGE_LOOP('',(#6587,#6588,#6589,#6590));
#1565=EDGE_LOOP('',(#6591,#6592,#6593,#6594));
#1566=EDGE_LOOP('',(#6595,#6596,#6597,#6598));
#1567=EDGE_LOOP('',(#6599,#6600,#6601,#6602));
#1568=EDGE_LOOP('',(#6603,#6604,#6605,#6606));
#1569=EDGE_LOOP('',(#6607,#6608,#6609,#6610));
#1570=EDGE_LOOP('',(#6611,#6612,#6613,#6614));
#1571=EDGE_LOOP('',(#6615,#6616,#6617,#6618));
#1572=EDGE_LOOP('',(#6619,#6620,#6621,#6622));
#1573=EDGE_LOOP('',(#6623,#6624,#6625,#6626));
#1574=EDGE_LOOP('',(#6627,#6628,#6629,#6630));
#1575=EDGE_LOOP('',(#6631,#6632,#6633,#6634,#6635,#6636,#6637,#6638,#6639,
#6640,#6641,#6642,#6643,#6644));
#1576=EDGE_LOOP('',(#6645));
#1577=EDGE_LOOP('',(#6646));
#1578=EDGE_LOOP('',(#6647));
#1579=EDGE_LOOP('',(#6648));
#1580=EDGE_LOOP('',(#6649,#6650,#6651,#6652,#6653,#6654,#6655,#6656,#6657,
#6658,#6659,#6660,#6661,#6662,#6663,#6664,#6665,#6666,#6667,#6668,#6669,
#6670,#6671,#6672,#6673,#6674,#6675,#6676,#6677,#6678,#6679,#6680,#6681,
#6682,#6683,#6684,#6685,#6686,#6687,#6688,#6689,#6690,#6691,#6692,#6693,
#6694,#6695,#6696,#6697,#6698,#6699,#6700,#6701,#6702,#6703,#6704,#6705,
#6706,#6707,#6708,#6709,#6710,#6711));
#1581=EDGE_LOOP('',(#6712,#6713,#6714,#6715,#6716,#6717,#6718,#6719,#6720,
#6721,#6722,#6723,#6724,#6725,#6726,#6727,#6728,#6729,#6730,#6731,#6732,
#6733,#6734,#6735,#6736,#6737,#6738,#6739,#6740,#6741,#6742,#6743,#6744,
#6745,#6746,#6747,#6748,#6749,#6750,#6751,#6752,#6753,#6754,#6755,#6756,
#6757,#6758,#6759,#6760,#6761,#6762,#6763,#6764,#6765,#6766,#6767,#6768,
#6769,#6770,#6771,#6772,#6773,#6774));
#1582=EDGE_LOOP('',(#6775,#6776,#6777,#6778,#6779,#6780,#6781,#6782,#6783,
#6784,#6785,#6786,#6787,#6788));
#1583=EDGE_LOOP('',(#6789));
#1584=EDGE_LOOP('',(#6790));
#1585=EDGE_LOOP('',(#6791));
#1586=EDGE_LOOP('',(#6792));
#1587=EDGE_LOOP('',(#6793,#6794,#6795,#6796));
#1588=EDGE_LOOP('',(#6797,#6798,#6799,#6800));
#1589=EDGE_LOOP('',(#6801,#6802,#6803,#6804));
#1590=EDGE_LOOP('',(#6805,#6806,#6807,#6808,#6809,#6810,#6811,#6812,#6813,
#6814,#6815,#6816,#6817,#6818,#6819,#6820,#6821,#6822,#6823,#6824,#6825,
#6826,#6827,#6828,#6829,#6830,#6831,#6832,#6833,#6834,#6835,#6836,#6837,
#6838,#6839,#6840,#6841,#6842,#6843,#6844,#6845,#6846,#6847,#6848,#6849,
#6850,#6851,#6852,#6853,#6854,#6855,#6856,#6857,#6858,#6859,#6860,#6861,
#6862,#6863,#6864,#6865,#6866,#6867));
#1591=EDGE_LOOP('',(#6868,#6869,#6870,#6871));
#1592=EDGE_LOOP('',(#6872,#6873,#6874,#6875));
#1593=EDGE_LOOP('',(#6876,#6877,#6878,#6879));
#1594=EDGE_LOOP('',(#6880,#6881,#6882,#6883));
#1595=EDGE_LOOP('',(#6884,#6885,#6886,#6887));
#1596=EDGE_LOOP('',(#6888,#6889,#6890,#6891));
#1597=EDGE_LOOP('',(#6892,#6893,#6894,#6895));
#1598=EDGE_LOOP('',(#6896,#6897,#6898,#6899));
#1599=EDGE_LOOP('',(#6900,#6901,#6902,#6903));
#1600=EDGE_LOOP('',(#6904,#6905,#6906,#6907));
#1601=EDGE_LOOP('',(#6908,#6909,#6910,#6911));
#1602=EDGE_LOOP('',(#6912,#6913,#6914,#6915));
#1603=EDGE_LOOP('',(#6916,#6917,#6918,#6919));
#1604=EDGE_LOOP('',(#6920,#6921,#6922,#6923));
#1605=EDGE_LOOP('',(#6924,#6925,#6926,#6927));
#1606=EDGE_LOOP('',(#6928,#6929,#6930,#6931));
#1607=EDGE_LOOP('',(#6932,#6933,#6934,#6935));
#1608=EDGE_LOOP('',(#6936,#6937,#6938,#6939));
#1609=EDGE_LOOP('',(#6940,#6941,#6942,#6943));
#1610=EDGE_LOOP('',(#6944,#6945,#6946,#6947));
#1611=EDGE_LOOP('',(#6948,#6949,#6950,#6951));
#1612=EDGE_LOOP('',(#6952,#6953,#6954,#6955));
#1613=EDGE_LOOP('',(#6956,#6957,#6958,#6959));
#1614=EDGE_LOOP('',(#6960,#6961,#6962,#6963));
#1615=EDGE_LOOP('',(#6964,#6965,#6966,#6967));
#1616=EDGE_LOOP('',(#6968,#6969,#6970,#6971));
#1617=EDGE_LOOP('',(#6972,#6973,#6974,#6975));
#1618=EDGE_LOOP('',(#6976,#6977,#6978,#6979));
#1619=EDGE_LOOP('',(#6980,#6981,#6982,#6983));
#1620=EDGE_LOOP('',(#6984,#6985,#6986,#6987));
#1621=EDGE_LOOP('',(#6988,#6989,#6990,#6991));
#1622=EDGE_LOOP('',(#6992,#6993,#6994,#6995));
#1623=EDGE_LOOP('',(#6996,#6997,#6998,#6999));
#1624=EDGE_LOOP('',(#7000,#7001,#7002,#7003));
#1625=EDGE_LOOP('',(#7004,#7005,#7006,#7007));
#1626=EDGE_LOOP('',(#7008,#7009,#7010,#7011));
#1627=EDGE_LOOP('',(#7012,#7013,#7014,#7015));
#1628=EDGE_LOOP('',(#7016,#7017,#7018,#7019));
#1629=EDGE_LOOP('',(#7020,#7021,#7022,#7023));
#1630=EDGE_LOOP('',(#7024,#7025,#7026,#7027));
#1631=EDGE_LOOP('',(#7028,#7029,#7030,#7031));
#1632=EDGE_LOOP('',(#7032,#7033,#7034,#7035));
#1633=EDGE_LOOP('',(#7036,#7037,#7038,#7039));
#1634=EDGE_LOOP('',(#7040,#7041,#7042,#7043));
#1635=EDGE_LOOP('',(#7044,#7045,#7046,#7047));
#1636=EDGE_LOOP('',(#7048,#7049,#7050,#7051));
#1637=EDGE_LOOP('',(#7052,#7053,#7054,#7055));
#1638=EDGE_LOOP('',(#7056,#7057,#7058,#7059));
#1639=EDGE_LOOP('',(#7060,#7061,#7062,#7063));
#1640=EDGE_LOOP('',(#7064,#7065,#7066,#7067));
#1641=EDGE_LOOP('',(#7068,#7069,#7070,#7071));
#1642=EDGE_LOOP('',(#7072,#7073,#7074,#7075));
#1643=EDGE_LOOP('',(#7076,#7077,#7078,#7079));
#1644=EDGE_LOOP('',(#7080,#7081,#7082,#7083));
#1645=EDGE_LOOP('',(#7084,#7085,#7086,#7087));
#1646=EDGE_LOOP('',(#7088,#7089,#7090,#7091));
#1647=EDGE_LOOP('',(#7092,#7093,#7094,#7095));
#1648=EDGE_LOOP('',(#7096,#7097,#7098,#7099));
#1649=EDGE_LOOP('',(#7100,#7101,#7102,#7103));
#1650=EDGE_LOOP('',(#7104,#7105,#7106,#7107));
#1651=EDGE_LOOP('',(#7108,#7109,#7110,#7111));
#1652=EDGE_LOOP('',(#7112,#7113,#7114,#7115));
#1653=EDGE_LOOP('',(#7116,#7117,#7118,#7119));
#1654=EDGE_LOOP('',(#7120,#7121,#7122,#7123));
#1655=EDGE_LOOP('',(#7124,#7125,#7126,#7127));
#1656=EDGE_LOOP('',(#7128,#7129,#7130,#7131));
#1657=EDGE_LOOP('',(#7132,#7133,#7134,#7135));
#1658=EDGE_LOOP('',(#7136,#7137,#7138,#7139));
#1659=EDGE_LOOP('',(#7140,#7141,#7142,#7143));
#1660=EDGE_LOOP('',(#7144,#7145,#7146,#7147));
#1661=EDGE_LOOP('',(#7148,#7149,#7150,#7151));
#1662=EDGE_LOOP('',(#7152,#7153,#7154,#7155));
#1663=EDGE_LOOP('',(#7156,#7157,#7158,#7159));
#1664=EDGE_LOOP('',(#7160,#7161,#7162,#7163));
#1665=EDGE_LOOP('',(#7164,#7165,#7166,#7167));
#1666=EDGE_LOOP('',(#7168,#7169,#7170,#7171));
#1667=EDGE_LOOP('',(#7172,#7173,#7174,#7175));
#1668=EDGE_LOOP('',(#7176,#7177,#7178,#7179));
#1669=EDGE_LOOP('',(#7180,#7181,#7182,#7183));
#1670=EDGE_LOOP('',(#7184,#7185,#7186,#7187));
#1671=EDGE_LOOP('',(#7188,#7189,#7190,#7191));
#1672=EDGE_LOOP('',(#7192,#7193,#7194,#7195));
#1673=EDGE_LOOP('',(#7196,#7197,#7198,#7199));
#1674=EDGE_LOOP('',(#7200,#7201,#7202,#7203));
#1675=EDGE_LOOP('',(#7204,#7205,#7206,#7207));
#1676=EDGE_LOOP('',(#7208,#7209,#7210,#7211));
#1677=EDGE_LOOP('',(#7212,#7213,#7214,#7215));
#1678=EDGE_LOOP('',(#7216,#7217,#7218,#7219));
#1679=EDGE_LOOP('',(#7220,#7221,#7222,#7223));
#1680=EDGE_LOOP('',(#7224,#7225,#7226,#7227));
#1681=EDGE_LOOP('',(#7228,#7229,#7230,#7231));
#1682=EDGE_LOOP('',(#7232,#7233,#7234,#7235));
#1683=EDGE_LOOP('',(#7236,#7237,#7238,#7239));
#1684=EDGE_LOOP('',(#7240,#7241,#7242,#7243));
#1685=EDGE_LOOP('',(#7244,#7245,#7246,#7247));
#1686=EDGE_LOOP('',(#7248,#7249,#7250,#7251));
#1687=EDGE_LOOP('',(#7252,#7253,#7254,#7255));
#1688=EDGE_LOOP('',(#7256,#7257,#7258,#7259));
#1689=EDGE_LOOP('',(#7260,#7261,#7262,#7263));
#1690=EDGE_LOOP('',(#7264,#7265,#7266,#7267));
#1691=EDGE_LOOP('',(#7268,#7269,#7270,#7271));
#1692=EDGE_LOOP('',(#7272,#7273,#7274,#7275));
#1693=EDGE_LOOP('',(#7276,#7277,#7278,#7279));
#1694=EDGE_LOOP('',(#7280,#7281,#7282,#7283));
#1695=EDGE_LOOP('',(#7284,#7285,#7286,#7287));
#1696=EDGE_LOOP('',(#7288,#7289,#7290,#7291));
#1697=EDGE_LOOP('',(#7292,#7293,#7294,#7295));
#1698=EDGE_LOOP('',(#7296,#7297,#7298,#7299));
#1699=EDGE_LOOP('',(#7300,#7301,#7302,#7303));
#1700=EDGE_LOOP('',(#7304,#7305,#7306,#7307));
#1701=EDGE_LOOP('',(#7308,#7309,#7310,#7311));
#1702=EDGE_LOOP('',(#7312,#7313,#7314,#7315));
#1703=EDGE_LOOP('',(#7316,#7317,#7318,#7319));
#1704=EDGE_LOOP('',(#7320,#7321,#7322,#7323));
#1705=EDGE_LOOP('',(#7324,#7325,#7326,#7327));
#1706=EDGE_LOOP('',(#7328,#7329,#7330,#7331));
#1707=EDGE_LOOP('',(#7332,#7333,#7334,#7335));
#1708=EDGE_LOOP('',(#7336,#7337,#7338,#7339));
#1709=EDGE_LOOP('',(#7340,#7341,#7342,#7343));
#1710=EDGE_LOOP('',(#7344,#7345,#7346,#7347));
#1711=EDGE_LOOP('',(#7348,#7349,#7350,#7351));
#1712=EDGE_LOOP('',(#7352,#7353,#7354,#7355));
#1713=EDGE_LOOP('',(#7356,#7357,#7358,#7359));
#1714=EDGE_LOOP('',(#7360,#7361,#7362,#7363));
#1715=EDGE_LOOP('',(#7364,#7365,#7366,#7367));
#1716=EDGE_LOOP('',(#7368,#7369,#7370,#7371));
#1717=EDGE_LOOP('',(#7372,#7373,#7374,#7375));
#1718=EDGE_LOOP('',(#7376,#7377,#7378,#7379));
#1719=EDGE_LOOP('',(#7380,#7381,#7382,#7383));
#1720=EDGE_LOOP('',(#7384,#7385,#7386,#7387));
#1721=EDGE_LOOP('',(#7388,#7389,#7390,#7391));
#1722=EDGE_LOOP('',(#7392,#7393,#7394,#7395));
#1723=EDGE_LOOP('',(#7396,#7397,#7398,#7399));
#1724=EDGE_LOOP('',(#7400,#7401,#7402,#7403));
#1725=EDGE_LOOP('',(#7404,#7405,#7406,#7407));
#1726=EDGE_LOOP('',(#7408,#7409,#7410,#7411));
#1727=EDGE_LOOP('',(#7412,#7413,#7414,#7415));
#1728=EDGE_LOOP('',(#7416,#7417,#7418,#7419));
#1729=EDGE_LOOP('',(#7420,#7421,#7422,#7423));
#1730=EDGE_LOOP('',(#7424,#7425,#7426,#7427));
#1731=EDGE_LOOP('',(#7428,#7429,#7430,#7431));
#1732=EDGE_LOOP('',(#7432,#7433,#7434,#7435));
#1733=EDGE_LOOP('',(#7436,#7437,#7438,#7439));
#1734=EDGE_LOOP('',(#7440,#7441,#7442,#7443));
#1735=EDGE_LOOP('',(#7444,#7445,#7446,#7447));
#1736=EDGE_LOOP('',(#7448,#7449,#7450,#7451));
#1737=EDGE_LOOP('',(#7452,#7453,#7454,#7455));
#1738=EDGE_LOOP('',(#7456,#7457,#7458,#7459));
#1739=EDGE_LOOP('',(#7460,#7461,#7462,#7463));
#1740=EDGE_LOOP('',(#7464,#7465,#7466,#7467));
#1741=EDGE_LOOP('',(#7468,#7469,#7470,#7471));
#1742=EDGE_LOOP('',(#7472,#7473,#7474,#7475));
#1743=EDGE_LOOP('',(#7476,#7477,#7478,#7479));
#1744=EDGE_LOOP('',(#7480,#7481,#7482,#7483));
#1745=EDGE_LOOP('',(#7484,#7485,#7486,#7487));
#1746=EDGE_LOOP('',(#7488,#7489,#7490,#7491));
#1747=EDGE_LOOP('',(#7492,#7493,#7494,#7495));
#1748=EDGE_LOOP('',(#7496,#7497,#7498,#7499));
#1749=EDGE_LOOP('',(#7500,#7501,#7502,#7503));
#1750=EDGE_LOOP('',(#7504,#7505,#7506,#7507));
#1751=EDGE_LOOP('',(#7508,#7509,#7510,#7511));
#1752=EDGE_LOOP('',(#7512,#7513,#7514,#7515));
#1753=EDGE_LOOP('',(#7516,#7517,#7518,#7519));
#1754=EDGE_LOOP('',(#7520,#7521,#7522,#7523));
#1755=EDGE_LOOP('',(#7524,#7525,#7526,#7527));
#1756=EDGE_LOOP('',(#7528,#7529,#7530,#7531));
#1757=EDGE_LOOP('',(#7532,#7533,#7534,#7535));
#1758=EDGE_LOOP('',(#7536,#7537,#7538,#7539));
#1759=EDGE_LOOP('',(#7540,#7541,#7542,#7543));
#1760=EDGE_LOOP('',(#7544,#7545,#7546,#7547));
#1761=EDGE_LOOP('',(#7548,#7549,#7550,#7551));
#1762=EDGE_LOOP('',(#7552,#7553,#7554,#7555));
#1763=EDGE_LOOP('',(#7556,#7557,#7558,#7559));
#1764=EDGE_LOOP('',(#7560,#7561,#7562,#7563));
#1765=EDGE_LOOP('',(#7564,#7565,#7566,#7567));
#1766=EDGE_LOOP('',(#7568,#7569,#7570,#7571));
#1767=EDGE_LOOP('',(#7572,#7573,#7574,#7575));
#1768=EDGE_LOOP('',(#7576,#7577,#7578,#7579));
#1769=EDGE_LOOP('',(#7580,#7581,#7582,#7583));
#1770=EDGE_LOOP('',(#7584,#7585,#7586,#7587));
#1771=EDGE_LOOP('',(#7588,#7589,#7590,#7591));
#1772=EDGE_LOOP('',(#7592,#7593,#7594,#7595));
#1773=EDGE_LOOP('',(#7596,#7597,#7598,#7599));
#1774=EDGE_LOOP('',(#7600,#7601,#7602,#7603));
#1775=EDGE_LOOP('',(#7604,#7605,#7606,#7607));
#1776=EDGE_LOOP('',(#7608,#7609,#7610,#7611));
#1777=EDGE_LOOP('',(#7612,#7613,#7614,#7615));
#1778=EDGE_LOOP('',(#7616,#7617,#7618,#7619));
#1779=EDGE_LOOP('',(#7620,#7621,#7622,#7623));
#1780=EDGE_LOOP('',(#7624,#7625,#7626,#7627));
#1781=EDGE_LOOP('',(#7628,#7629,#7630,#7631));
#1782=EDGE_LOOP('',(#7632,#7633,#7634,#7635));
#1783=EDGE_LOOP('',(#7636,#7637,#7638,#7639));
#1784=EDGE_LOOP('',(#7640,#7641,#7642,#7643));
#1785=EDGE_LOOP('',(#7644,#7645,#7646,#7647));
#1786=EDGE_LOOP('',(#7648,#7649,#7650,#7651));
#1787=EDGE_LOOP('',(#7652,#7653,#7654,#7655));
#1788=EDGE_LOOP('',(#7656,#7657,#7658,#7659));
#1789=EDGE_LOOP('',(#7660,#7661,#7662,#7663));
#1790=EDGE_LOOP('',(#7664,#7665,#7666,#7667));
#1791=EDGE_LOOP('',(#7668,#7669,#7670,#7671));
#1792=EDGE_LOOP('',(#7672,#7673,#7674,#7675));
#1793=EDGE_LOOP('',(#7676,#7677,#7678,#7679));
#1794=EDGE_LOOP('',(#7680,#7681,#7682,#7683));
#1795=EDGE_LOOP('',(#7684,#7685,#7686,#7687));
#1796=EDGE_LOOP('',(#7688,#7689,#7690,#7691));
#1797=EDGE_LOOP('',(#7692,#7693,#7694,#7695));
#1798=EDGE_LOOP('',(#7696,#7697,#7698,#7699));
#1799=EDGE_LOOP('',(#7700,#7701,#7702,#7703));
#1800=EDGE_LOOP('',(#7704,#7705,#7706,#7707));
#1801=EDGE_LOOP('',(#7708,#7709,#7710,#7711));
#1802=EDGE_LOOP('',(#7712,#7713,#7714,#7715));
#1803=EDGE_LOOP('',(#7716,#7717,#7718,#7719));
#1804=EDGE_LOOP('',(#7720,#7721,#7722,#7723));
#1805=EDGE_LOOP('',(#7724,#7725,#7726,#7727));
#1806=EDGE_LOOP('',(#7728,#7729,#7730,#7731));
#1807=EDGE_LOOP('',(#7732,#7733,#7734,#7735));
#1808=EDGE_LOOP('',(#7736,#7737,#7738,#7739));
#1809=EDGE_LOOP('',(#7740,#7741,#7742,#7743));
#1810=EDGE_LOOP('',(#7744,#7745,#7746,#7747));
#1811=EDGE_LOOP('',(#7748,#7749,#7750,#7751));
#1812=EDGE_LOOP('',(#7752,#7753,#7754,#7755));
#1813=EDGE_LOOP('',(#7756,#7757,#7758,#7759));
#1814=EDGE_LOOP('',(#7760,#7761,#7762,#7763));
#1815=EDGE_LOOP('',(#7764,#7765,#7766,#7767));
#1816=EDGE_LOOP('',(#7768,#7769,#7770,#7771));
#1817=EDGE_LOOP('',(#7772,#7773,#7774,#7775));
#1818=EDGE_LOOP('',(#7776,#7777,#7778,#7779));
#1819=EDGE_LOOP('',(#7780,#7781,#7782,#7783));
#1820=EDGE_LOOP('',(#7784,#7785,#7786,#7787));
#1821=EDGE_LOOP('',(#7788,#7789,#7790,#7791));
#1822=EDGE_LOOP('',(#7792,#7793,#7794,#7795));
#1823=EDGE_LOOP('',(#7796,#7797,#7798,#7799));
#1824=EDGE_LOOP('',(#7800,#7801,#7802,#7803));
#1825=EDGE_LOOP('',(#7804,#7805,#7806,#7807));
#1826=EDGE_LOOP('',(#7808,#7809,#7810,#7811));
#1827=EDGE_LOOP('',(#7812,#7813,#7814,#7815));
#1828=EDGE_LOOP('',(#7816,#7817,#7818,#7819));
#1829=EDGE_LOOP('',(#7820,#7821,#7822,#7823));
#1830=EDGE_LOOP('',(#7824,#7825,#7826,#7827));
#1831=EDGE_LOOP('',(#7828,#7829,#7830,#7831));
#1832=EDGE_LOOP('',(#7832,#7833,#7834,#7835));
#1833=EDGE_LOOP('',(#7836,#7837,#7838,#7839));
#1834=EDGE_LOOP('',(#7840,#7841,#7842,#7843));
#1835=EDGE_LOOP('',(#7844,#7845,#7846,#7847));
#1836=EDGE_LOOP('',(#7848,#7849,#7850,#7851));
#1837=EDGE_LOOP('',(#7852,#7853,#7854,#7855));
#1838=EDGE_LOOP('',(#7856,#7857,#7858,#7859));
#1839=EDGE_LOOP('',(#7860,#7861,#7862,#7863));
#1840=EDGE_LOOP('',(#7864,#7865,#7866,#7867));
#1841=EDGE_LOOP('',(#7868,#7869,#7870,#7871));
#1842=EDGE_LOOP('',(#7872,#7873,#7874,#7875));
#1843=EDGE_LOOP('',(#7876,#7877,#7878,#7879));
#1844=EDGE_LOOP('',(#7880,#7881,#7882,#7883));
#1845=EDGE_LOOP('',(#7884,#7885,#7886,#7887));
#1846=EDGE_LOOP('',(#7888,#7889,#7890,#7891));
#1847=EDGE_LOOP('',(#7892,#7893,#7894,#7895));
#1848=EDGE_LOOP('',(#7896,#7897,#7898,#7899));
#1849=EDGE_LOOP('',(#7900,#7901,#7902,#7903));
#1850=EDGE_LOOP('',(#7904,#7905,#7906,#7907));
#1851=EDGE_LOOP('',(#7908,#7909,#7910,#7911));
#1852=EDGE_LOOP('',(#7912,#7913,#7914,#7915));
#1853=EDGE_LOOP('',(#7916,#7917,#7918,#7919));
#1854=EDGE_LOOP('',(#7920,#7921,#7922,#7923));
#1855=EDGE_LOOP('',(#7924,#7925,#7926,#7927));
#1856=EDGE_LOOP('',(#7928,#7929,#7930,#7931));
#1857=EDGE_LOOP('',(#7932,#7933,#7934,#7935));
#1858=EDGE_LOOP('',(#7936,#7937,#7938,#7939));
#1859=EDGE_LOOP('',(#7940,#7941,#7942,#7943));
#1860=EDGE_LOOP('',(#7944,#7945,#7946,#7947));
#1861=EDGE_LOOP('',(#7948,#7949,#7950,#7951));
#1862=EDGE_LOOP('',(#7952,#7953,#7954,#7955));
#1863=EDGE_LOOP('',(#7956,#7957,#7958,#7959));
#1864=EDGE_LOOP('',(#7960,#7961,#7962,#7963));
#1865=EDGE_LOOP('',(#7964,#7965,#7966,#7967));
#1866=EDGE_LOOP('',(#7968,#7969,#7970,#7971));
#1867=EDGE_LOOP('',(#7972,#7973,#7974,#7975));
#1868=EDGE_LOOP('',(#7976,#7977,#7978,#7979));
#1869=EDGE_LOOP('',(#7980,#7981,#7982,#7983));
#1870=EDGE_LOOP('',(#7984,#7985,#7986,#7987));
#1871=EDGE_LOOP('',(#7988,#7989,#7990,#7991));
#1872=EDGE_LOOP('',(#7992,#7993,#7994,#7995));
#1873=EDGE_LOOP('',(#7996,#7997,#7998,#7999));
#1874=EDGE_LOOP('',(#8000,#8001,#8002,#8003));
#1875=EDGE_LOOP('',(#8004,#8005,#8006,#8007));
#1876=EDGE_LOOP('',(#8008,#8009,#8010,#8011));
#1877=EDGE_LOOP('',(#8012,#8013,#8014,#8015));
#1878=EDGE_LOOP('',(#8016,#8017,#8018,#8019));
#1879=EDGE_LOOP('',(#8020,#8021,#8022,#8023));
#1880=EDGE_LOOP('',(#8024,#8025,#8026,#8027));
#1881=EDGE_LOOP('',(#8028,#8029,#8030,#8031));
#1882=EDGE_LOOP('',(#8032,#8033,#8034,#8035));
#1883=EDGE_LOOP('',(#8036,#8037,#8038,#8039));
#1884=EDGE_LOOP('',(#8040,#8041,#8042,#8043));
#1885=EDGE_LOOP('',(#8044,#8045,#8046,#8047));
#1886=EDGE_LOOP('',(#8048,#8049,#8050,#8051));
#1887=EDGE_LOOP('',(#8052,#8053,#8054,#8055));
#1888=EDGE_LOOP('',(#8056,#8057,#8058,#8059));
#1889=EDGE_LOOP('',(#8060,#8061,#8062,#8063));
#1890=EDGE_LOOP('',(#8064,#8065,#8066,#8067));
#1891=EDGE_LOOP('',(#8068,#8069,#8070,#8071));
#1892=EDGE_LOOP('',(#8072,#8073,#8074,#8075));
#1893=EDGE_LOOP('',(#8076,#8077,#8078,#8079));
#1894=EDGE_LOOP('',(#8080,#8081,#8082,#8083));
#1895=EDGE_LOOP('',(#8084,#8085,#8086,#8087));
#1896=EDGE_LOOP('',(#8088,#8089,#8090,#8091));
#1897=EDGE_LOOP('',(#8092,#8093,#8094,#8095));
#1898=EDGE_LOOP('',(#8096,#8097,#8098,#8099));
#1899=EDGE_LOOP('',(#8100,#8101,#8102,#8103));
#1900=EDGE_LOOP('',(#8104,#8105,#8106,#8107));
#1901=EDGE_LOOP('',(#8108,#8109,#8110,#8111));
#1902=EDGE_LOOP('',(#8112,#8113,#8114,#8115));
#1903=EDGE_LOOP('',(#8116,#8117,#8118,#8119));
#1904=EDGE_LOOP('',(#8120,#8121,#8122,#8123));
#1905=EDGE_LOOP('',(#8124,#8125,#8126,#8127));
#1906=EDGE_LOOP('',(#8128,#8129,#8130,#8131));
#1907=EDGE_LOOP('',(#8132,#8133,#8134,#8135));
#1908=EDGE_LOOP('',(#8136,#8137,#8138,#8139));
#1909=EDGE_LOOP('',(#8140,#8141,#8142,#8143));
#1910=EDGE_LOOP('',(#8144,#8145,#8146,#8147));
#1911=EDGE_LOOP('',(#8148,#8149,#8150,#8151));
#1912=EDGE_LOOP('',(#8152,#8153,#8154,#8155));
#1913=EDGE_LOOP('',(#8156,#8157,#8158,#8159));
#1914=EDGE_LOOP('',(#8160,#8161,#8162,#8163));
#1915=EDGE_LOOP('',(#8164,#8165,#8166,#8167));
#1916=EDGE_LOOP('',(#8168,#8169,#8170,#8171));
#1917=EDGE_LOOP('',(#8172,#8173,#8174,#8175));
#1918=EDGE_LOOP('',(#8176,#8177,#8178,#8179));
#1919=EDGE_LOOP('',(#8180,#8181,#8182,#8183));
#1920=EDGE_LOOP('',(#8184,#8185,#8186,#8187));
#1921=EDGE_LOOP('',(#8188,#8189,#8190,#8191));
#1922=EDGE_LOOP('',(#8192,#8193,#8194,#8195));
#1923=EDGE_LOOP('',(#8196,#8197,#8198,#8199));
#1924=EDGE_LOOP('',(#8200,#8201,#8202,#8203));
#1925=EDGE_LOOP('',(#8204,#8205,#8206,#8207));
#1926=EDGE_LOOP('',(#8208,#8209,#8210,#8211));
#1927=EDGE_LOOP('',(#8212,#8213,#8214,#8215));
#1928=EDGE_LOOP('',(#8216,#8217,#8218,#8219));
#1929=EDGE_LOOP('',(#8220,#8221,#8222,#8223));
#1930=EDGE_LOOP('',(#8224,#8225,#8226,#8227));
#1931=EDGE_LOOP('',(#8228,#8229,#8230,#8231));
#1932=EDGE_LOOP('',(#8232,#8233,#8234,#8235));
#1933=EDGE_LOOP('',(#8236,#8237,#8238,#8239));
#1934=EDGE_LOOP('',(#8240,#8241,#8242,#8243));
#1935=EDGE_LOOP('',(#8244,#8245,#8246,#8247));
#1936=EDGE_LOOP('',(#8248,#8249,#8250,#8251));
#1937=EDGE_LOOP('',(#8252,#8253,#8254,#8255));
#1938=EDGE_LOOP('',(#8256,#8257,#8258,#8259));
#1939=EDGE_LOOP('',(#8260,#8261,#8262,#8263));
#1940=EDGE_LOOP('',(#8264,#8265,#8266,#8267));
#1941=EDGE_LOOP('',(#8268,#8269,#8270,#8271));
#1942=EDGE_LOOP('',(#8272,#8273,#8274,#8275));
#1943=EDGE_LOOP('',(#8276,#8277,#8278,#8279));
#1944=EDGE_LOOP('',(#8280,#8281,#8282,#8283));
#1945=EDGE_LOOP('',(#8284,#8285,#8286,#8287));
#1946=EDGE_LOOP('',(#8288,#8289,#8290,#8291));
#1947=EDGE_LOOP('',(#8292,#8293,#8294,#8295));
#1948=EDGE_LOOP('',(#8296,#8297,#8298,#8299));
#1949=EDGE_LOOP('',(#8300,#8301,#8302,#8303));
#1950=EDGE_LOOP('',(#8304,#8305,#8306,#8307));
#1951=EDGE_LOOP('',(#8308,#8309,#8310,#8311));
#1952=EDGE_LOOP('',(#8312,#8313,#8314,#8315));
#1953=EDGE_LOOP('',(#8316,#8317,#8318,#8319));
#1954=EDGE_LOOP('',(#8320,#8321,#8322,#8323));
#1955=EDGE_LOOP('',(#8324,#8325,#8326,#8327));
#1956=EDGE_LOOP('',(#8328,#8329,#8330,#8331));
#1957=EDGE_LOOP('',(#8332,#8333,#8334,#8335));
#1958=EDGE_LOOP('',(#8336,#8337,#8338,#8339));
#1959=EDGE_LOOP('',(#8340,#8341,#8342,#8343));
#1960=EDGE_LOOP('',(#8344,#8345,#8346,#8347));
#1961=EDGE_LOOP('',(#8348,#8349,#8350,#8351));
#1962=EDGE_LOOP('',(#8352,#8353,#8354,#8355));
#1963=EDGE_LOOP('',(#8356,#8357,#8358,#8359));
#1964=EDGE_LOOP('',(#8360,#8361,#8362,#8363));
#1965=EDGE_LOOP('',(#8364,#8365,#8366,#8367));
#1966=EDGE_LOOP('',(#8368,#8369,#8370,#8371));
#1967=EDGE_LOOP('',(#8372,#8373,#8374,#8375));
#1968=EDGE_LOOP('',(#8376,#8377,#8378,#8379));
#1969=EDGE_LOOP('',(#8380,#8381,#8382,#8383));
#1970=EDGE_LOOP('',(#8384,#8385,#8386,#8387));
#1971=EDGE_LOOP('',(#8388,#8389,#8390,#8391));
#1972=EDGE_LOOP('',(#8392,#8393,#8394,#8395));
#1973=EDGE_LOOP('',(#8396,#8397,#8398,#8399));
#1974=EDGE_LOOP('',(#8400,#8401,#8402,#8403));
#1975=EDGE_LOOP('',(#8404,#8405,#8406,#8407));
#1976=EDGE_LOOP('',(#8408,#8409,#8410,#8411));
#1977=EDGE_LOOP('',(#8412,#8413,#8414,#8415));
#1978=EDGE_LOOP('',(#8416,#8417,#8418,#8419));
#1979=EDGE_LOOP('',(#8420,#8421,#8422,#8423));
#1980=EDGE_LOOP('',(#8424,#8425,#8426,#8427));
#1981=EDGE_LOOP('',(#8428,#8429,#8430,#8431));
#1982=EDGE_LOOP('',(#8432,#8433,#8434,#8435));
#1983=EDGE_LOOP('',(#8436,#8437,#8438,#8439));
#1984=EDGE_LOOP('',(#8440,#8441,#8442,#8443));
#1985=EDGE_LOOP('',(#8444,#8445,#8446,#8447));
#1986=EDGE_LOOP('',(#8448,#8449,#8450,#8451));
#1987=EDGE_LOOP('',(#8452,#8453,#8454,#8455));
#1988=EDGE_LOOP('',(#8456,#8457,#8458,#8459));
#1989=EDGE_LOOP('',(#8460,#8461,#8462,#8463));
#1990=EDGE_LOOP('',(#8464,#8465,#8466,#8467));
#1991=EDGE_LOOP('',(#8468,#8469,#8470,#8471));
#1992=EDGE_LOOP('',(#8472,#8473,#8474,#8475));
#1993=EDGE_LOOP('',(#8476,#8477,#8478,#8479));
#1994=EDGE_LOOP('',(#8480,#8481,#8482,#8483));
#1995=EDGE_LOOP('',(#8484,#8485,#8486,#8487));
#1996=EDGE_LOOP('',(#8488,#8489,#8490,#8491));
#1997=EDGE_LOOP('',(#8492,#8493,#8494,#8495));
#1998=EDGE_LOOP('',(#8496,#8497,#8498,#8499));
#1999=EDGE_LOOP('',(#8500,#8501,#8502,#8503));
#2000=EDGE_LOOP('',(#8504,#8505,#8506,#8507));
#2001=EDGE_LOOP('',(#8508,#8509,#8510,#8511));
#2002=EDGE_LOOP('',(#8512,#8513,#8514,#8515));
#2003=EDGE_LOOP('',(#8516,#8517,#8518,#8519));
#2004=EDGE_LOOP('',(#8520,#8521,#8522,#8523));
#2005=EDGE_LOOP('',(#8524,#8525,#8526,#8527));
#2006=EDGE_LOOP('',(#8528,#8529,#8530,#8531));
#2007=EDGE_LOOP('',(#8532,#8533,#8534,#8535));
#2008=EDGE_LOOP('',(#8536,#8537,#8538,#8539));
#2009=EDGE_LOOP('',(#8540,#8541,#8542,#8543));
#2010=EDGE_LOOP('',(#8544,#8545,#8546,#8547));
#2011=EDGE_LOOP('',(#8548,#8549,#8550,#8551));
#2012=EDGE_LOOP('',(#8552,#8553,#8554,#8555));
#2013=EDGE_LOOP('',(#8556,#8557,#8558,#8559));
#2014=EDGE_LOOP('',(#8560,#8561,#8562,#8563));
#2015=EDGE_LOOP('',(#8564,#8565,#8566,#8567));
#2016=EDGE_LOOP('',(#8568,#8569,#8570,#8571));
#2017=EDGE_LOOP('',(#8572,#8573,#8574,#8575));
#2018=EDGE_LOOP('',(#8576,#8577,#8578,#8579));
#2019=EDGE_LOOP('',(#8580,#8581,#8582,#8583));
#2020=EDGE_LOOP('',(#8584,#8585,#8586,#8587));
#2021=EDGE_LOOP('',(#8588,#8589,#8590,#8591));
#2022=EDGE_LOOP('',(#8592,#8593,#8594,#8595));
#2023=EDGE_LOOP('',(#8596,#8597,#8598,#8599));
#2024=EDGE_LOOP('',(#8600,#8601,#8602,#8603));
#2025=EDGE_LOOP('',(#8604,#8605,#8606,#8607));
#2026=EDGE_LOOP('',(#8608,#8609,#8610,#8611));
#2027=EDGE_LOOP('',(#8612,#8613,#8614,#8615));
#2028=EDGE_LOOP('',(#8616,#8617,#8618,#8619));
#2029=EDGE_LOOP('',(#8620,#8621,#8622,#8623));
#2030=EDGE_LOOP('',(#8624,#8625,#8626,#8627));
#2031=EDGE_LOOP('',(#8628,#8629,#8630,#8631));
#2032=EDGE_LOOP('',(#8632,#8633,#8634,#8635));
#2033=EDGE_LOOP('',(#8636,#8637,#8638,#8639));
#2034=EDGE_LOOP('',(#8640,#8641,#8642,#8643));
#2035=EDGE_LOOP('',(#8644,#8645,#8646,#8647));
#2036=EDGE_LOOP('',(#8648,#8649,#8650,#8651));
#2037=EDGE_LOOP('',(#8652,#8653,#8654,#8655));
#2038=EDGE_LOOP('',(#8656,#8657,#8658,#8659));
#2039=EDGE_LOOP('',(#8660,#8661,#8662,#8663));
#2040=EDGE_LOOP('',(#8664,#8665,#8666,#8667));
#2041=EDGE_LOOP('',(#8668,#8669,#8670,#8671));
#2042=EDGE_LOOP('',(#8672,#8673,#8674,#8675));
#2043=EDGE_LOOP('',(#8676,#8677,#8678,#8679));
#2044=EDGE_LOOP('',(#8680,#8681,#8682,#8683));
#2045=EDGE_LOOP('',(#8684,#8685,#8686,#8687));
#2046=EDGE_LOOP('',(#8688,#8689,#8690,#8691));
#2047=EDGE_LOOP('',(#8692,#8693,#8694,#8695));
#2048=EDGE_LOOP('',(#8696,#8697,#8698,#8699));
#2049=EDGE_LOOP('',(#8700,#8701,#8702,#8703));
#2050=EDGE_LOOP('',(#8704,#8705,#8706,#8707));
#2051=EDGE_LOOP('',(#8708,#8709,#8710,#8711));
#2052=EDGE_LOOP('',(#8712,#8713,#8714,#8715));
#2053=EDGE_LOOP('',(#8716,#8717,#8718,#8719));
#2054=EDGE_LOOP('',(#8720,#8721,#8722,#8723));
#2055=EDGE_LOOP('',(#8724,#8725,#8726,#8727));
#2056=EDGE_LOOP('',(#8728,#8729,#8730,#8731));
#2057=EDGE_LOOP('',(#8732,#8733,#8734,#8735));
#2058=EDGE_LOOP('',(#8736,#8737,#8738,#8739));
#2059=EDGE_LOOP('',(#8740,#8741,#8742,#8743));
#2060=EDGE_LOOP('',(#8744,#8745,#8746,#8747));
#2061=EDGE_LOOP('',(#8748,#8749,#8750,#8751));
#2062=EDGE_LOOP('',(#8752,#8753,#8754,#8755));
#2063=EDGE_LOOP('',(#8756,#8757,#8758,#8759));
#2064=EDGE_LOOP('',(#8760,#8761,#8762,#8763));
#2065=EDGE_LOOP('',(#8764,#8765,#8766,#8767));
#2066=EDGE_LOOP('',(#8768,#8769,#8770,#8771));
#2067=EDGE_LOOP('',(#8772,#8773,#8774,#8775));
#2068=EDGE_LOOP('',(#8776,#8777,#8778,#8779));
#2069=EDGE_LOOP('',(#8780,#8781,#8782,#8783));
#2070=EDGE_LOOP('',(#8784,#8785,#8786,#8787));
#2071=EDGE_LOOP('',(#8788,#8789,#8790,#8791));
#2072=EDGE_LOOP('',(#8792,#8793,#8794,#8795));
#2073=EDGE_LOOP('',(#8796,#8797,#8798,#8799));
#2074=EDGE_LOOP('',(#8800,#8801,#8802,#8803));
#2075=EDGE_LOOP('',(#8804,#8805,#8806,#8807));
#2076=EDGE_LOOP('',(#8808,#8809,#8810,#8811));
#2077=EDGE_LOOP('',(#8812,#8813,#8814,#8815));
#2078=EDGE_LOOP('',(#8816,#8817,#8818,#8819));
#2079=EDGE_LOOP('',(#8820,#8821,#8822,#8823));
#2080=EDGE_LOOP('',(#8824,#8825,#8826,#8827));
#2081=EDGE_LOOP('',(#8828,#8829,#8830,#8831));
#2082=EDGE_LOOP('',(#8832,#8833,#8834,#8835));
#2083=EDGE_LOOP('',(#8836,#8837,#8838,#8839));
#2084=EDGE_LOOP('',(#8840,#8841,#8842,#8843));
#2085=EDGE_LOOP('',(#8844,#8845,#8846,#8847));
#2086=EDGE_LOOP('',(#8848,#8849,#8850,#8851));
#2087=EDGE_LOOP('',(#8852,#8853,#8854,#8855));
#2088=EDGE_LOOP('',(#8856,#8857,#8858,#8859));
#2089=EDGE_LOOP('',(#8860,#8861,#8862,#8863));
#2090=EDGE_LOOP('',(#8864,#8865,#8866,#8867));
#2091=EDGE_LOOP('',(#8868,#8869,#8870,#8871));
#2092=EDGE_LOOP('',(#8872,#8873,#8874,#8875));
#2093=EDGE_LOOP('',(#8876,#8877,#8878,#8879,#8880,#8881,#8882,#8883,#8884,
#8885,#8886,#8887,#8888,#8889,#8890,#8891,#8892,#8893,#8894,#8895,#8896,
#8897,#8898,#8899,#8900,#8901,#8902,#8903,#8904,#8905,#8906,#8907,#8908,
#8909,#8910,#8911,#8912,#8913,#8914,#8915,#8916,#8917,#8918,#8919,#8920,
#8921,#8922,#8923,#8924,#8925,#8926,#8927,#8928,#8929,#8930,#8931,#8932,
#8933,#8934,#8935,#8936,#8937,#8938));
#2094=EDGE_LOOP('',(#8939,#8940,#8941,#8942));
#2095=EDGE_LOOP('',(#8943,#8944,#8945,#8946));
#2096=EDGE_LOOP('',(#8947,#8948,#8949,#8950));
#2097=EDGE_LOOP('',(#8951,#8952,#8953,#8954));
#2098=EDGE_LOOP('',(#8955,#8956,#8957,#8958));
#2099=EDGE_LOOP('',(#8959,#8960,#8961,#8962));
#2100=EDGE_LOOP('',(#8963,#8964,#8965,#8966));
#2101=EDGE_LOOP('',(#8967,#8968,#8969,#8970));
#2102=EDGE_LOOP('',(#8971,#8972,#8973,#8974));
#2103=EDGE_LOOP('',(#8975,#8976,#8977,#8978));
#2104=EDGE_LOOP('',(#8979,#8980,#8981,#8982));
#2105=EDGE_LOOP('',(#8983,#8984,#8985,#8986));
#2106=EDGE_LOOP('',(#8987,#8988,#8989,#8990));
#2107=EDGE_LOOP('',(#8991,#8992,#8993,#8994));
#2108=EDGE_LOOP('',(#8995,#8996,#8997,#8998));
#2109=EDGE_LOOP('',(#8999,#9000,#9001,#9002));
#2110=EDGE_LOOP('',(#9003,#9004,#9005,#9006));
#2111=EDGE_LOOP('',(#9007,#9008,#9009,#9010));
#2112=EDGE_LOOP('',(#9011,#9012,#9013,#9014));
#2113=EDGE_LOOP('',(#9015,#9016,#9017,#9018));
#2114=EDGE_LOOP('',(#9019,#9020,#9021,#9022));
#2115=LINE('',#12358,#3327);
#2116=LINE('',#12364,#3328);
#2117=LINE('',#12370,#3329);
#2118=LINE('',#12376,#3330);
#2119=LINE('',#12383,#3331);
#2120=LINE('',#12386,#3332);
#2121=LINE('',#12389,#3333);
#2122=LINE('',#12391,#3334);
#2123=LINE('',#12392,#3335);
#2124=LINE('',#12395,#3336);
#2125=LINE('',#12397,#3337);
#2126=LINE('',#12398,#3338);
#2127=LINE('',#12401,#3339);
#2128=LINE('',#12403,#3340);
#2129=LINE('',#12404,#3341);
#2130=LINE('',#12409,#3342);
#2131=LINE('',#12413,#3343);
#2132=LINE('',#12415,#3344);
#2133=LINE('',#12416,#3345);
#2134=LINE('',#12421,#3346);
#2135=LINE('',#12425,#3347);
#2136=LINE('',#12427,#3348);
#2137=LINE('',#12428,#3349);
#2138=LINE('',#12433,#3350);
#2139=LINE('',#12437,#3351);
#2140=LINE('',#12439,#3352);
#2141=LINE('',#12440,#3353);
#2142=LINE('',#12445,#3354);
#2143=LINE('',#12449,#3355);
#2144=LINE('',#12451,#3356);
#2145=LINE('',#12452,#3357);
#2146=LINE('',#12457,#3358);
#2147=LINE('',#12460,#3359);
#2148=LINE('',#12461,#3360);
#2149=LINE('',#12465,#3361);
#2150=LINE('',#12467,#3362);
#2151=LINE('',#12469,#3363);
#2152=LINE('',#12471,#3364);
#2153=LINE('',#12473,#3365);
#2154=LINE('',#12475,#3366);
#2155=LINE('',#12477,#3367);
#2156=LINE('',#12479,#3368);
#2157=LINE('',#12481,#3369);
#2158=LINE('',#12483,#3370);
#2159=LINE('',#12485,#3371);
#2160=LINE('',#12487,#3372);
#2161=LINE('',#12489,#3373);
#2162=LINE('',#12491,#3374);
#2163=LINE('',#12493,#3375);
#2164=LINE('',#12495,#3376);
#2165=LINE('',#12497,#3377);
#2166=LINE('',#12499,#3378);
#2167=LINE('',#12501,#3379);
#2168=LINE('',#12503,#3380);
#2169=LINE('',#12505,#3381);
#2170=LINE('',#12507,#3382);
#2171=LINE('',#12509,#3383);
#2172=LINE('',#12511,#3384);
#2173=LINE('',#12513,#3385);
#2174=LINE('',#12515,#3386);
#2175=LINE('',#12517,#3387);
#2176=LINE('',#12519,#3388);
#2177=LINE('',#12521,#3389);
#2178=LINE('',#12523,#3390);
#2179=LINE('',#12525,#3391);
#2180=LINE('',#12527,#3392);
#2181=LINE('',#12529,#3393);
#2182=LINE('',#12531,#3394);
#2183=LINE('',#12533,#3395);
#2184=LINE('',#12535,#3396);
#2185=LINE('',#12537,#3397);
#2186=LINE('',#12539,#3398);
#2187=LINE('',#12541,#3399);
#2188=LINE('',#12543,#3400);
#2189=LINE('',#12545,#3401);
#2190=LINE('',#12547,#3402);
#2191=LINE('',#12549,#3403);
#2192=LINE('',#12551,#3404);
#2193=LINE('',#12553,#3405);
#2194=LINE('',#12555,#3406);
#2195=LINE('',#12557,#3407);
#2196=LINE('',#12559,#3408);
#2197=LINE('',#12561,#3409);
#2198=LINE('',#12563,#3410);
#2199=LINE('',#12565,#3411);
#2200=LINE('',#12567,#3412);
#2201=LINE('',#12569,#3413);
#2202=LINE('',#12571,#3414);
#2203=LINE('',#12573,#3415);
#2204=LINE('',#12575,#3416);
#2205=LINE('',#12577,#3417);
#2206=LINE('',#12579,#3418);
#2207=LINE('',#12581,#3419);
#2208=LINE('',#12583,#3420);
#2209=LINE('',#12585,#3421);
#2210=LINE('',#12587,#3422);
#2211=LINE('',#12588,#3423);
#2212=LINE('',#12591,#3424);
#2213=LINE('',#12593,#3425);
#2214=LINE('',#12595,#3426);
#2215=LINE('',#12597,#3427);
#2216=LINE('',#12599,#3428);
#2217=LINE('',#12601,#3429);
#2218=LINE('',#12603,#3430);
#2219=LINE('',#12605,#3431);
#2220=LINE('',#12607,#3432);
#2221=LINE('',#12609,#3433);
#2222=LINE('',#12611,#3434);
#2223=LINE('',#12613,#3435);
#2224=LINE('',#12615,#3436);
#2225=LINE('',#12617,#3437);
#2226=LINE('',#12619,#3438);
#2227=LINE('',#12621,#3439);
#2228=LINE('',#12623,#3440);
#2229=LINE('',#12625,#3441);
#2230=LINE('',#12627,#3442);
#2231=LINE('',#12629,#3443);
#2232=LINE('',#12631,#3444);
#2233=LINE('',#12633,#3445);
#2234=LINE('',#12635,#3446);
#2235=LINE('',#12637,#3447);
#2236=LINE('',#12639,#3448);
#2237=LINE('',#12641,#3449);
#2238=LINE('',#12643,#3450);
#2239=LINE('',#12645,#3451);
#2240=LINE('',#12647,#3452);
#2241=LINE('',#12649,#3453);
#2242=LINE('',#12651,#3454);
#2243=LINE('',#12653,#3455);
#2244=LINE('',#12655,#3456);
#2245=LINE('',#12657,#3457);
#2246=LINE('',#12659,#3458);
#2247=LINE('',#12661,#3459);
#2248=LINE('',#12663,#3460);
#2249=LINE('',#12665,#3461);
#2250=LINE('',#12667,#3462);
#2251=LINE('',#12669,#3463);
#2252=LINE('',#12671,#3464);
#2253=LINE('',#12673,#3465);
#2254=LINE('',#12675,#3466);
#2255=LINE('',#12677,#3467);
#2256=LINE('',#12679,#3468);
#2257=LINE('',#12681,#3469);
#2258=LINE('',#12683,#3470);
#2259=LINE('',#12685,#3471);
#2260=LINE('',#12687,#3472);
#2261=LINE('',#12689,#3473);
#2262=LINE('',#12691,#3474);
#2263=LINE('',#12693,#3475);
#2264=LINE('',#12695,#3476);
#2265=LINE('',#12697,#3477);
#2266=LINE('',#12699,#3478);
#2267=LINE('',#12701,#3479);
#2268=LINE('',#12703,#3480);
#2269=LINE('',#12705,#3481);
#2270=LINE('',#12707,#3482);
#2271=LINE('',#12709,#3483);
#2272=LINE('',#12711,#3484);
#2273=LINE('',#12713,#3485);
#2274=LINE('',#12714,#3486);
#2275=LINE('',#12718,#3487);
#2276=LINE('',#12720,#3488);
#2277=LINE('',#12721,#3489);
#2278=LINE('',#12724,#3490);
#2279=LINE('',#12725,#3491);
#2280=LINE('',#12728,#3492);
#2281=LINE('',#12729,#3493);
#2282=LINE('',#12732,#3494);
#2283=LINE('',#12734,#3495);
#2284=LINE('',#12736,#3496);
#2285=LINE('',#12738,#3497);
#2286=LINE('',#12740,#3498);
#2287=LINE('',#12742,#3499);
#2288=LINE('',#12744,#3500);
#2289=LINE('',#12746,#3501);
#2290=LINE('',#12748,#3502);
#2291=LINE('',#12750,#3503);
#2292=LINE('',#12752,#3504);
#2293=LINE('',#12754,#3505);
#2294=LINE('',#12756,#3506);
#2295=LINE('',#12758,#3507);
#2296=LINE('',#12760,#3508);
#2297=LINE('',#12762,#3509);
#2298=LINE('',#12764,#3510);
#2299=LINE('',#12766,#3511);
#2300=LINE('',#12768,#3512);
#2301=LINE('',#12770,#3513);
#2302=LINE('',#12772,#3514);
#2303=LINE('',#12774,#3515);
#2304=LINE('',#12776,#3516);
#2305=LINE('',#12778,#3517);
#2306=LINE('',#12780,#3518);
#2307=LINE('',#12782,#3519);
#2308=LINE('',#12784,#3520);
#2309=LINE('',#12786,#3521);
#2310=LINE('',#12788,#3522);
#2311=LINE('',#12790,#3523);
#2312=LINE('',#12792,#3524);
#2313=LINE('',#12794,#3525);
#2314=LINE('',#12796,#3526);
#2315=LINE('',#12798,#3527);
#2316=LINE('',#12800,#3528);
#2317=LINE('',#12802,#3529);
#2318=LINE('',#12804,#3530);
#2319=LINE('',#12806,#3531);
#2320=LINE('',#12808,#3532);
#2321=LINE('',#12810,#3533);
#2322=LINE('',#12812,#3534);
#2323=LINE('',#12814,#3535);
#2324=LINE('',#12816,#3536);
#2325=LINE('',#12818,#3537);
#2326=LINE('',#12820,#3538);
#2327=LINE('',#12822,#3539);
#2328=LINE('',#12824,#3540);
#2329=LINE('',#12826,#3541);
#2330=LINE('',#12828,#3542);
#2331=LINE('',#12830,#3543);
#2332=LINE('',#12832,#3544);
#2333=LINE('',#12834,#3545);
#2334=LINE('',#12836,#3546);
#2335=LINE('',#12838,#3547);
#2336=LINE('',#12840,#3548);
#2337=LINE('',#12842,#3549);
#2338=LINE('',#12844,#3550);
#2339=LINE('',#12846,#3551);
#2340=LINE('',#12848,#3552);
#2341=LINE('',#12849,#3553);
#2342=LINE('',#12852,#3554);
#2343=LINE('',#12854,#3555);
#2344=LINE('',#12856,#3556);
#2345=LINE('',#12857,#3557);
#2346=LINE('',#12860,#3558);
#2347=LINE('',#12862,#3559);
#2348=LINE('',#12864,#3560);
#2349=LINE('',#12865,#3561);
#2350=LINE('',#12868,#3562);
#2351=LINE('',#12870,#3563);
#2352=LINE('',#12872,#3564);
#2353=LINE('',#12873,#3565);
#2354=LINE('',#12876,#3566);
#2355=LINE('',#12878,#3567);
#2356=LINE('',#12880,#3568);
#2357=LINE('',#12881,#3569);
#2358=LINE('',#12884,#3570);
#2359=LINE('',#12886,#3571);
#2360=LINE('',#12888,#3572);
#2361=LINE('',#12889,#3573);
#2362=LINE('',#12892,#3574);
#2363=LINE('',#12894,#3575);
#2364=LINE('',#12896,#3576);
#2365=LINE('',#12897,#3577);
#2366=LINE('',#12900,#3578);
#2367=LINE('',#12902,#3579);
#2368=LINE('',#12904,#3580);
#2369=LINE('',#12905,#3581);
#2370=LINE('',#12908,#3582);
#2371=LINE('',#12910,#3583);
#2372=LINE('',#12912,#3584);
#2373=LINE('',#12913,#3585);
#2374=LINE('',#12916,#3586);
#2375=LINE('',#12918,#3587);
#2376=LINE('',#12920,#3588);
#2377=LINE('',#12921,#3589);
#2378=LINE('',#12924,#3590);
#2379=LINE('',#12926,#3591);
#2380=LINE('',#12928,#3592);
#2381=LINE('',#12929,#3593);
#2382=LINE('',#12932,#3594);
#2383=LINE('',#12934,#3595);
#2384=LINE('',#12936,#3596);
#2385=LINE('',#12937,#3597);
#2386=LINE('',#12940,#3598);
#2387=LINE('',#12942,#3599);
#2388=LINE('',#12944,#3600);
#2389=LINE('',#12945,#3601);
#2390=LINE('',#12948,#3602);
#2391=LINE('',#12950,#3603);
#2392=LINE('',#12952,#3604);
#2393=LINE('',#12953,#3605);
#2394=LINE('',#12956,#3606);
#2395=LINE('',#12958,#3607);
#2396=LINE('',#12960,#3608);
#2397=LINE('',#12961,#3609);
#2398=LINE('',#12964,#3610);
#2399=LINE('',#12966,#3611);
#2400=LINE('',#12968,#3612);
#2401=LINE('',#12969,#3613);
#2402=LINE('',#12972,#3614);
#2403=LINE('',#12974,#3615);
#2404=LINE('',#12976,#3616);
#2405=LINE('',#12977,#3617);
#2406=LINE('',#12980,#3618);
#2407=LINE('',#12982,#3619);
#2408=LINE('',#12984,#3620);
#2409=LINE('',#12985,#3621);
#2410=LINE('',#12988,#3622);
#2411=LINE('',#12990,#3623);
#2412=LINE('',#12992,#3624);
#2413=LINE('',#12993,#3625);
#2414=LINE('',#12996,#3626);
#2415=LINE('',#12998,#3627);
#2416=LINE('',#13000,#3628);
#2417=LINE('',#13001,#3629);
#2418=LINE('',#13004,#3630);
#2419=LINE('',#13006,#3631);
#2420=LINE('',#13008,#3632);
#2421=LINE('',#13009,#3633);
#2422=LINE('',#13011,#3634);
#2423=LINE('',#13013,#3635);
#2424=LINE('',#13015,#3636);
#2425=LINE('',#13017,#3637);
#2426=LINE('',#13019,#3638);
#2427=LINE('',#13021,#3639);
#2428=LINE('',#13023,#3640);
#2429=LINE('',#13025,#3641);
#2430=LINE('',#13027,#3642);
#2431=LINE('',#13029,#3643);
#2432=LINE('',#13031,#3644);
#2433=LINE('',#13033,#3645);
#2434=LINE('',#13035,#3646);
#2435=LINE('',#13037,#3647);
#2436=LINE('',#13039,#3648);
#2437=LINE('',#13041,#3649);
#2438=LINE('',#13043,#3650);
#2439=LINE('',#13045,#3651);
#2440=LINE('',#13047,#3652);
#2441=LINE('',#13049,#3653);
#2442=LINE('',#13051,#3654);
#2443=LINE('',#13053,#3655);
#2444=LINE('',#13055,#3656);
#2445=LINE('',#13057,#3657);
#2446=LINE('',#13059,#3658);
#2447=LINE('',#13061,#3659);
#2448=LINE('',#13063,#3660);
#2449=LINE('',#13065,#3661);
#2450=LINE('',#13067,#3662);
#2451=LINE('',#13069,#3663);
#2452=LINE('',#13071,#3664);
#2453=LINE('',#13073,#3665);
#2454=LINE('',#13075,#3666);
#2455=LINE('',#13077,#3667);
#2456=LINE('',#13079,#3668);
#2457=LINE('',#13081,#3669);
#2458=LINE('',#13083,#3670);
#2459=LINE('',#13085,#3671);
#2460=LINE('',#13087,#3672);
#2461=LINE('',#13089,#3673);
#2462=LINE('',#13091,#3674);
#2463=LINE('',#13093,#3675);
#2464=LINE('',#13095,#3676);
#2465=LINE('',#13097,#3677);
#2466=LINE('',#13099,#3678);
#2467=LINE('',#13101,#3679);
#2468=LINE('',#13103,#3680);
#2469=LINE('',#13105,#3681);
#2470=LINE('',#13107,#3682);
#2471=LINE('',#13109,#3683);
#2472=LINE('',#13111,#3684);
#2473=LINE('',#13113,#3685);
#2474=LINE('',#13115,#3686);
#2475=LINE('',#13117,#3687);
#2476=LINE('',#13119,#3688);
#2477=LINE('',#13121,#3689);
#2478=LINE('',#13123,#3690);
#2479=LINE('',#13125,#3691);
#2480=LINE('',#13127,#3692);
#2481=LINE('',#13131,#3693);
#2482=LINE('',#13133,#3694);
#2483=LINE('',#13134,#3695);
#2484=LINE('',#13137,#3696);
#2485=LINE('',#13138,#3697);
#2486=LINE('',#13141,#3698);
#2487=LINE('',#13142,#3699);
#2488=LINE('',#13144,#3700);
#2489=LINE('',#13147,#3701);
#2490=LINE('',#13149,#3702);
#2491=LINE('',#13150,#3703);
#2492=LINE('',#13153,#3704);
#2493=LINE('',#13154,#3705);
#2494=LINE('',#13157,#3706);
#2495=LINE('',#13158,#3707);
#2496=LINE('',#13160,#3708);
#2497=LINE('',#13163,#3709);
#2498=LINE('',#13165,#3710);
#2499=LINE('',#13166,#3711);
#2500=LINE('',#13169,#3712);
#2501=LINE('',#13170,#3713);
#2502=LINE('',#13173,#3714);
#2503=LINE('',#13174,#3715);
#2504=LINE('',#13176,#3716);
#2505=LINE('',#13179,#3717);
#2506=LINE('',#13181,#3718);
#2507=LINE('',#13182,#3719);
#2508=LINE('',#13185,#3720);
#2509=LINE('',#13186,#3721);
#2510=LINE('',#13189,#3722);
#2511=LINE('',#13190,#3723);
#2512=LINE('',#13192,#3724);
#2513=LINE('',#13195,#3725);
#2514=LINE('',#13197,#3726);
#2515=LINE('',#13198,#3727);
#2516=LINE('',#13201,#3728);
#2517=LINE('',#13202,#3729);
#2518=LINE('',#13205,#3730);
#2519=LINE('',#13206,#3731);
#2520=LINE('',#13208,#3732);
#2521=LINE('',#13211,#3733);
#2522=LINE('',#13213,#3734);
#2523=LINE('',#13214,#3735);
#2524=LINE('',#13217,#3736);
#2525=LINE('',#13218,#3737);
#2526=LINE('',#13221,#3738);
#2527=LINE('',#13222,#3739);
#2528=LINE('',#13224,#3740);
#2529=LINE('',#13227,#3741);
#2530=LINE('',#13229,#3742);
#2531=LINE('',#13230,#3743);
#2532=LINE('',#13233,#3744);
#2533=LINE('',#13234,#3745);
#2534=LINE('',#13237,#3746);
#2535=LINE('',#13238,#3747);
#2536=LINE('',#13240,#3748);
#2537=LINE('',#13243,#3749);
#2538=LINE('',#13245,#3750);
#2539=LINE('',#13246,#3751);
#2540=LINE('',#13249,#3752);
#2541=LINE('',#13250,#3753);
#2542=LINE('',#13253,#3754);
#2543=LINE('',#13254,#3755);
#2544=LINE('',#13256,#3756);
#2545=LINE('',#13259,#3757);
#2546=LINE('',#13261,#3758);
#2547=LINE('',#13262,#3759);
#2548=LINE('',#13265,#3760);
#2549=LINE('',#13266,#3761);
#2550=LINE('',#13269,#3762);
#2551=LINE('',#13270,#3763);
#2552=LINE('',#13272,#3764);
#2553=LINE('',#13275,#3765);
#2554=LINE('',#13277,#3766);
#2555=LINE('',#13278,#3767);
#2556=LINE('',#13281,#3768);
#2557=LINE('',#13282,#3769);
#2558=LINE('',#13285,#3770);
#2559=LINE('',#13286,#3771);
#2560=LINE('',#13288,#3772);
#2561=LINE('',#13291,#3773);
#2562=LINE('',#13293,#3774);
#2563=LINE('',#13294,#3775);
#2564=LINE('',#13297,#3776);
#2565=LINE('',#13298,#3777);
#2566=LINE('',#13301,#3778);
#2567=LINE('',#13302,#3779);
#2568=LINE('',#13304,#3780);
#2569=LINE('',#13307,#3781);
#2570=LINE('',#13309,#3782);
#2571=LINE('',#13310,#3783);
#2572=LINE('',#13313,#3784);
#2573=LINE('',#13314,#3785);
#2574=LINE('',#13317,#3786);
#2575=LINE('',#13318,#3787);
#2576=LINE('',#13320,#3788);
#2577=LINE('',#13323,#3789);
#2578=LINE('',#13325,#3790);
#2579=LINE('',#13326,#3791);
#2580=LINE('',#13329,#3792);
#2581=LINE('',#13330,#3793);
#2582=LINE('',#13333,#3794);
#2583=LINE('',#13334,#3795);
#2584=LINE('',#13336,#3796);
#2585=LINE('',#13339,#3797);
#2586=LINE('',#13341,#3798);
#2587=LINE('',#13342,#3799);
#2588=LINE('',#13345,#3800);
#2589=LINE('',#13346,#3801);
#2590=LINE('',#13349,#3802);
#2591=LINE('',#13350,#3803);
#2592=LINE('',#13352,#3804);
#2593=LINE('',#13355,#3805);
#2594=LINE('',#13357,#3806);
#2595=LINE('',#13358,#3807);
#2596=LINE('',#13361,#3808);
#2597=LINE('',#13362,#3809);
#2598=LINE('',#13365,#3810);
#2599=LINE('',#13366,#3811);
#2600=LINE('',#13368,#3812);
#2601=LINE('',#13371,#3813);
#2602=LINE('',#13373,#3814);
#2603=LINE('',#13374,#3815);
#2604=LINE('',#13377,#3816);
#2605=LINE('',#13378,#3817);
#2606=LINE('',#13381,#3818);
#2607=LINE('',#13382,#3819);
#2608=LINE('',#13384,#3820);
#2609=LINE('',#13387,#3821);
#2610=LINE('',#13389,#3822);
#2611=LINE('',#13390,#3823);
#2612=LINE('',#13393,#3824);
#2613=LINE('',#13394,#3825);
#2614=LINE('',#13397,#3826);
#2615=LINE('',#13398,#3827);
#2616=LINE('',#13400,#3828);
#2617=LINE('',#13403,#3829);
#2618=LINE('',#13405,#3830);
#2619=LINE('',#13406,#3831);
#2620=LINE('',#13409,#3832);
#2621=LINE('',#13410,#3833);
#2622=LINE('',#13413,#3834);
#2623=LINE('',#13414,#3835);
#2624=LINE('',#13416,#3836);
#2625=LINE('',#13419,#3837);
#2626=LINE('',#13421,#3838);
#2627=LINE('',#13422,#3839);
#2628=LINE('',#13425,#3840);
#2629=LINE('',#13426,#3841);
#2630=LINE('',#13429,#3842);
#2631=LINE('',#13430,#3843);
#2632=LINE('',#13432,#3844);
#2633=LINE('',#13435,#3845);
#2634=LINE('',#13437,#3846);
#2635=LINE('',#13438,#3847);
#2636=LINE('',#13441,#3848);
#2637=LINE('',#13442,#3849);
#2638=LINE('',#13445,#3850);
#2639=LINE('',#13446,#3851);
#2640=LINE('',#13448,#3852);
#2641=LINE('',#13451,#3853);
#2642=LINE('',#13453,#3854);
#2643=LINE('',#13454,#3855);
#2644=LINE('',#13457,#3856);
#2645=LINE('',#13458,#3857);
#2646=LINE('',#13461,#3858);
#2647=LINE('',#13462,#3859);
#2648=LINE('',#13464,#3860);
#2649=LINE('',#13467,#3861);
#2650=LINE('',#13469,#3862);
#2651=LINE('',#13470,#3863);
#2652=LINE('',#13473,#3864);
#2653=LINE('',#13474,#3865);
#2654=LINE('',#13477,#3866);
#2655=LINE('',#13478,#3867);
#2656=LINE('',#13480,#3868);
#2657=LINE('',#13483,#3869);
#2658=LINE('',#13485,#3870);
#2659=LINE('',#13486,#3871);
#2660=LINE('',#13489,#3872);
#2661=LINE('',#13490,#3873);
#2662=LINE('',#13493,#3874);
#2663=LINE('',#13494,#3875);
#2664=LINE('',#13496,#3876);
#2665=LINE('',#13499,#3877);
#2666=LINE('',#13501,#3878);
#2667=LINE('',#13502,#3879);
#2668=LINE('',#13505,#3880);
#2669=LINE('',#13506,#3881);
#2670=LINE('',#13509,#3882);
#2671=LINE('',#13510,#3883);
#2672=LINE('',#13512,#3884);
#2673=LINE('',#13515,#3885);
#2674=LINE('',#13517,#3886);
#2675=LINE('',#13518,#3887);
#2676=LINE('',#13521,#3888);
#2677=LINE('',#13522,#3889);
#2678=LINE('',#13525,#3890);
#2679=LINE('',#13526,#3891);
#2680=LINE('',#13528,#3892);
#2681=LINE('',#13531,#3893);
#2682=LINE('',#13533,#3894);
#2683=LINE('',#13534,#3895);
#2684=LINE('',#13537,#3896);
#2685=LINE('',#13538,#3897);
#2686=LINE('',#13541,#3898);
#2687=LINE('',#13542,#3899);
#2688=LINE('',#13544,#3900);
#2689=LINE('',#13547,#3901);
#2690=LINE('',#13549,#3902);
#2691=LINE('',#13550,#3903);
#2692=LINE('',#13553,#3904);
#2693=LINE('',#13554,#3905);
#2694=LINE('',#13557,#3906);
#2695=LINE('',#13558,#3907);
#2696=LINE('',#13560,#3908);
#2697=LINE('',#13563,#3909);
#2698=LINE('',#13565,#3910);
#2699=LINE('',#13566,#3911);
#2700=LINE('',#13569,#3912);
#2701=LINE('',#13570,#3913);
#2702=LINE('',#13573,#3914);
#2703=LINE('',#13574,#3915);
#2704=LINE('',#13576,#3916);
#2705=LINE('',#13579,#3917);
#2706=LINE('',#13581,#3918);
#2707=LINE('',#13582,#3919);
#2708=LINE('',#13585,#3920);
#2709=LINE('',#13586,#3921);
#2710=LINE('',#13589,#3922);
#2711=LINE('',#13590,#3923);
#2712=LINE('',#13592,#3924);
#2713=LINE('',#13595,#3925);
#2714=LINE('',#13597,#3926);
#2715=LINE('',#13598,#3927);
#2716=LINE('',#13601,#3928);
#2717=LINE('',#13602,#3929);
#2718=LINE('',#13605,#3930);
#2719=LINE('',#13606,#3931);
#2720=LINE('',#13608,#3932);
#2721=LINE('',#13611,#3933);
#2722=LINE('',#13613,#3934);
#2723=LINE('',#13614,#3935);
#2724=LINE('',#13617,#3936);
#2725=LINE('',#13618,#3937);
#2726=LINE('',#13621,#3938);
#2727=LINE('',#13622,#3939);
#2728=LINE('',#13624,#3940);
#2729=LINE('',#13627,#3941);
#2730=LINE('',#13629,#3942);
#2731=LINE('',#13630,#3943);
#2732=LINE('',#13633,#3944);
#2733=LINE('',#13634,#3945);
#2734=LINE('',#13637,#3946);
#2735=LINE('',#13638,#3947);
#2736=LINE('',#13640,#3948);
#2737=LINE('',#13643,#3949);
#2738=LINE('',#13645,#3950);
#2739=LINE('',#13646,#3951);
#2740=LINE('',#13649,#3952);
#2741=LINE('',#13650,#3953);
#2742=LINE('',#13653,#3954);
#2743=LINE('',#13654,#3955);
#2744=LINE('',#13656,#3956);
#2745=LINE('',#13659,#3957);
#2746=LINE('',#13661,#3958);
#2747=LINE('',#13662,#3959);
#2748=LINE('',#13665,#3960);
#2749=LINE('',#13666,#3961);
#2750=LINE('',#13669,#3962);
#2751=LINE('',#13670,#3963);
#2752=LINE('',#13672,#3964);
#2753=LINE('',#13675,#3965);
#2754=LINE('',#13677,#3966);
#2755=LINE('',#13678,#3967);
#2756=LINE('',#13681,#3968);
#2757=LINE('',#13682,#3969);
#2758=LINE('',#13685,#3970);
#2759=LINE('',#13686,#3971);
#2760=LINE('',#13688,#3972);
#2761=LINE('',#13691,#3973);
#2762=LINE('',#13693,#3974);
#2763=LINE('',#13694,#3975);
#2764=LINE('',#13697,#3976);
#2765=LINE('',#13698,#3977);
#2766=LINE('',#13701,#3978);
#2767=LINE('',#13702,#3979);
#2768=LINE('',#13704,#3980);
#2769=LINE('',#13707,#3981);
#2770=LINE('',#13709,#3982);
#2771=LINE('',#13710,#3983);
#2772=LINE('',#13713,#3984);
#2773=LINE('',#13714,#3985);
#2774=LINE('',#13717,#3986);
#2775=LINE('',#13718,#3987);
#2776=LINE('',#13720,#3988);
#2777=LINE('',#13723,#3989);
#2778=LINE('',#13725,#3990);
#2779=LINE('',#13726,#3991);
#2780=LINE('',#13729,#3992);
#2781=LINE('',#13730,#3993);
#2782=LINE('',#13733,#3994);
#2783=LINE('',#13734,#3995);
#2784=LINE('',#13736,#3996);
#2785=LINE('',#13739,#3997);
#2786=LINE('',#13741,#3998);
#2787=LINE('',#13742,#3999);
#2788=LINE('',#13745,#4000);
#2789=LINE('',#13746,#4001);
#2790=LINE('',#13749,#4002);
#2791=LINE('',#13750,#4003);
#2792=LINE('',#13752,#4004);
#2793=LINE('',#13755,#4005);
#2794=LINE('',#13757,#4006);
#2795=LINE('',#13758,#4007);
#2796=LINE('',#13761,#4008);
#2797=LINE('',#13762,#4009);
#2798=LINE('',#13765,#4010);
#2799=LINE('',#13766,#4011);
#2800=LINE('',#13768,#4012);
#2801=LINE('',#13792,#4013);
#2802=LINE('',#13794,#4014);
#2803=LINE('',#13796,#4015);
#2804=LINE('',#13797,#4016);
#2805=LINE('',#13801,#4017);
#2806=LINE('',#13803,#4018);
#2807=LINE('',#13805,#4019);
#2808=LINE('',#13806,#4020);
#2809=LINE('',#13810,#4021);
#2810=LINE('',#13812,#4022);
#2811=LINE('',#13814,#4023);
#2812=LINE('',#13815,#4024);
#2813=LINE('',#13819,#4025);
#2814=LINE('',#13821,#4026);
#2815=LINE('',#13823,#4027);
#2816=LINE('',#13824,#4028);
#2817=LINE('',#13828,#4029);
#2818=LINE('',#13830,#4030);
#2819=LINE('',#13832,#4031);
#2820=LINE('',#13833,#4032);
#2821=LINE('',#13837,#4033);
#2822=LINE('',#13839,#4034);
#2823=LINE('',#13841,#4035);
#2824=LINE('',#13842,#4036);
#2825=LINE('',#13846,#4037);
#2826=LINE('',#13848,#4038);
#2827=LINE('',#13850,#4039);
#2828=LINE('',#13851,#4040);
#2829=LINE('',#13855,#4041);
#2830=LINE('',#13857,#4042);
#2831=LINE('',#13859,#4043);
#2832=LINE('',#13860,#4044);
#2833=LINE('',#13864,#4045);
#2834=LINE('',#13866,#4046);
#2835=LINE('',#13868,#4047);
#2836=LINE('',#13869,#4048);
#2837=LINE('',#13873,#4049);
#2838=LINE('',#13875,#4050);
#2839=LINE('',#13877,#4051);
#2840=LINE('',#13878,#4052);
#2841=LINE('',#13882,#4053);
#2842=LINE('',#13884,#4054);
#2843=LINE('',#13886,#4055);
#2844=LINE('',#13887,#4056);
#2845=LINE('',#13891,#4057);
#2846=LINE('',#13893,#4058);
#2847=LINE('',#13895,#4059);
#2848=LINE('',#13896,#4060);
#2849=LINE('',#13900,#4061);
#2850=LINE('',#13902,#4062);
#2851=LINE('',#13904,#4063);
#2852=LINE('',#13905,#4064);
#2853=LINE('',#13909,#4065);
#2854=LINE('',#13911,#4066);
#2855=LINE('',#13913,#4067);
#2856=LINE('',#13914,#4068);
#2857=LINE('',#13918,#4069);
#2858=LINE('',#13920,#4070);
#2859=LINE('',#13922,#4071);
#2860=LINE('',#13923,#4072);
#2861=LINE('',#13927,#4073);
#2862=LINE('',#13929,#4074);
#2863=LINE('',#13931,#4075);
#2864=LINE('',#13932,#4076);
#2865=LINE('',#13936,#4077);
#2866=LINE('',#13938,#4078);
#2867=LINE('',#13940,#4079);
#2868=LINE('',#13941,#4080);
#2869=LINE('',#13945,#4081);
#2870=LINE('',#13947,#4082);
#2871=LINE('',#13949,#4083);
#2872=LINE('',#13950,#4084);
#2873=LINE('',#13954,#4085);
#2874=LINE('',#13956,#4086);
#2875=LINE('',#13958,#4087);
#2876=LINE('',#13959,#4088);
#2877=LINE('',#13963,#4089);
#2878=LINE('',#13965,#4090);
#2879=LINE('',#13967,#4091);
#2880=LINE('',#13968,#4092);
#2881=LINE('',#13971,#4093);
#2882=LINE('',#13973,#4094);
#2883=LINE('',#13974,#4095);
#2884=LINE('',#13977,#4096);
#2885=LINE('',#13978,#4097);
#2886=LINE('',#13981,#4098);
#2887=LINE('',#13982,#4099);
#2888=LINE('',#13984,#4100);
#2889=LINE('',#13987,#4101);
#2890=LINE('',#13989,#4102);
#2891=LINE('',#13990,#4103);
#2892=LINE('',#13993,#4104);
#2893=LINE('',#13994,#4105);
#2894=LINE('',#13997,#4106);
#2895=LINE('',#13998,#4107);
#2896=LINE('',#14000,#4108);
#2897=LINE('',#14003,#4109);
#2898=LINE('',#14005,#4110);
#2899=LINE('',#14006,#4111);
#2900=LINE('',#14009,#4112);
#2901=LINE('',#14010,#4113);
#2902=LINE('',#14013,#4114);
#2903=LINE('',#14014,#4115);
#2904=LINE('',#14016,#4116);
#2905=LINE('',#14019,#4117);
#2906=LINE('',#14021,#4118);
#2907=LINE('',#14022,#4119);
#2908=LINE('',#14025,#4120);
#2909=LINE('',#14026,#4121);
#2910=LINE('',#14029,#4122);
#2911=LINE('',#14030,#4123);
#2912=LINE('',#14032,#4124);
#2913=LINE('',#14035,#4125);
#2914=LINE('',#14037,#4126);
#2915=LINE('',#14038,#4127);
#2916=LINE('',#14041,#4128);
#2917=LINE('',#14042,#4129);
#2918=LINE('',#14045,#4130);
#2919=LINE('',#14046,#4131);
#2920=LINE('',#14048,#4132);
#2921=LINE('',#14051,#4133);
#2922=LINE('',#14053,#4134);
#2923=LINE('',#14054,#4135);
#2924=LINE('',#14057,#4136);
#2925=LINE('',#14058,#4137);
#2926=LINE('',#14061,#4138);
#2927=LINE('',#14062,#4139);
#2928=LINE('',#14064,#4140);
#2929=LINE('',#14067,#4141);
#2930=LINE('',#14069,#4142);
#2931=LINE('',#14070,#4143);
#2932=LINE('',#14073,#4144);
#2933=LINE('',#14074,#4145);
#2934=LINE('',#14077,#4146);
#2935=LINE('',#14078,#4147);
#2936=LINE('',#14080,#4148);
#2937=LINE('',#14083,#4149);
#2938=LINE('',#14085,#4150);
#2939=LINE('',#14086,#4151);
#2940=LINE('',#14089,#4152);
#2941=LINE('',#14090,#4153);
#2942=LINE('',#14093,#4154);
#2943=LINE('',#14094,#4155);
#2944=LINE('',#14096,#4156);
#2945=LINE('',#14099,#4157);
#2946=LINE('',#14101,#4158);
#2947=LINE('',#14102,#4159);
#2948=LINE('',#14105,#4160);
#2949=LINE('',#14106,#4161);
#2950=LINE('',#14109,#4162);
#2951=LINE('',#14110,#4163);
#2952=LINE('',#14112,#4164);
#2953=LINE('',#14115,#4165);
#2954=LINE('',#14117,#4166);
#2955=LINE('',#14118,#4167);
#2956=LINE('',#14121,#4168);
#2957=LINE('',#14122,#4169);
#2958=LINE('',#14125,#4170);
#2959=LINE('',#14126,#4171);
#2960=LINE('',#14128,#4172);
#2961=LINE('',#14131,#4173);
#2962=LINE('',#14133,#4174);
#2963=LINE('',#14134,#4175);
#2964=LINE('',#14137,#4176);
#2965=LINE('',#14138,#4177);
#2966=LINE('',#14141,#4178);
#2967=LINE('',#14142,#4179);
#2968=LINE('',#14144,#4180);
#2969=LINE('',#14147,#4181);
#2970=LINE('',#14149,#4182);
#2971=LINE('',#14150,#4183);
#2972=LINE('',#14153,#4184);
#2973=LINE('',#14154,#4185);
#2974=LINE('',#14157,#4186);
#2975=LINE('',#14158,#4187);
#2976=LINE('',#14160,#4188);
#2977=LINE('',#14163,#4189);
#2978=LINE('',#14165,#4190);
#2979=LINE('',#14166,#4191);
#2980=LINE('',#14169,#4192);
#2981=LINE('',#14170,#4193);
#2982=LINE('',#14173,#4194);
#2983=LINE('',#14174,#4195);
#2984=LINE('',#14176,#4196);
#2985=LINE('',#14179,#4197);
#2986=LINE('',#14181,#4198);
#2987=LINE('',#14182,#4199);
#2988=LINE('',#14185,#4200);
#2989=LINE('',#14186,#4201);
#2990=LINE('',#14189,#4202);
#2991=LINE('',#14190,#4203);
#2992=LINE('',#14192,#4204);
#2993=LINE('',#14195,#4205);
#2994=LINE('',#14197,#4206);
#2995=LINE('',#14198,#4207);
#2996=LINE('',#14201,#4208);
#2997=LINE('',#14202,#4209);
#2998=LINE('',#14205,#4210);
#2999=LINE('',#14206,#4211);
#3000=LINE('',#14208,#4212);
#3001=LINE('',#14211,#4213);
#3002=LINE('',#14213,#4214);
#3003=LINE('',#14214,#4215);
#3004=LINE('',#14217,#4216);
#3005=LINE('',#14218,#4217);
#3006=LINE('',#14221,#4218);
#3007=LINE('',#14222,#4219);
#3008=LINE('',#14224,#4220);
#3009=LINE('',#14227,#4221);
#3010=LINE('',#14229,#4222);
#3011=LINE('',#14230,#4223);
#3012=LINE('',#14233,#4224);
#3013=LINE('',#14234,#4225);
#3014=LINE('',#14237,#4226);
#3015=LINE('',#14238,#4227);
#3016=LINE('',#14240,#4228);
#3017=LINE('',#14243,#4229);
#3018=LINE('',#14245,#4230);
#3019=LINE('',#14246,#4231);
#3020=LINE('',#14249,#4232);
#3021=LINE('',#14250,#4233);
#3022=LINE('',#14253,#4234);
#3023=LINE('',#14254,#4235);
#3024=LINE('',#14256,#4236);
#3025=LINE('',#14259,#4237);
#3026=LINE('',#14261,#4238);
#3027=LINE('',#14262,#4239);
#3028=LINE('',#14265,#4240);
#3029=LINE('',#14266,#4241);
#3030=LINE('',#14269,#4242);
#3031=LINE('',#14270,#4243);
#3032=LINE('',#14272,#4244);
#3033=LINE('',#14275,#4245);
#3034=LINE('',#14277,#4246);
#3035=LINE('',#14278,#4247);
#3036=LINE('',#14281,#4248);
#3037=LINE('',#14282,#4249);
#3038=LINE('',#14285,#4250);
#3039=LINE('',#14286,#4251);
#3040=LINE('',#14288,#4252);
#3041=LINE('',#14291,#4253);
#3042=LINE('',#14293,#4254);
#3043=LINE('',#14294,#4255);
#3044=LINE('',#14297,#4256);
#3045=LINE('',#14298,#4257);
#3046=LINE('',#14301,#4258);
#3047=LINE('',#14302,#4259);
#3048=LINE('',#14304,#4260);
#3049=LINE('',#14307,#4261);
#3050=LINE('',#14309,#4262);
#3051=LINE('',#14310,#4263);
#3052=LINE('',#14313,#4264);
#3053=LINE('',#14314,#4265);
#3054=LINE('',#14317,#4266);
#3055=LINE('',#14318,#4267);
#3056=LINE('',#14320,#4268);
#3057=LINE('',#14323,#4269);
#3058=LINE('',#14325,#4270);
#3059=LINE('',#14326,#4271);
#3060=LINE('',#14329,#4272);
#3061=LINE('',#14330,#4273);
#3062=LINE('',#14333,#4274);
#3063=LINE('',#14334,#4275);
#3064=LINE('',#14336,#4276);
#3065=LINE('',#14339,#4277);
#3066=LINE('',#14341,#4278);
#3067=LINE('',#14342,#4279);
#3068=LINE('',#14345,#4280);
#3069=LINE('',#14346,#4281);
#3070=LINE('',#14349,#4282);
#3071=LINE('',#14350,#4283);
#3072=LINE('',#14352,#4284);
#3073=LINE('',#14355,#4285);
#3074=LINE('',#14357,#4286);
#3075=LINE('',#14358,#4287);
#3076=LINE('',#14361,#4288);
#3077=LINE('',#14362,#4289);
#3078=LINE('',#14365,#4290);
#3079=LINE('',#14366,#4291);
#3080=LINE('',#14368,#4292);
#3081=LINE('',#14371,#4293);
#3082=LINE('',#14373,#4294);
#3083=LINE('',#14374,#4295);
#3084=LINE('',#14377,#4296);
#3085=LINE('',#14378,#4297);
#3086=LINE('',#14381,#4298);
#3087=LINE('',#14382,#4299);
#3088=LINE('',#14384,#4300);
#3089=LINE('',#14387,#4301);
#3090=LINE('',#14389,#4302);
#3091=LINE('',#14390,#4303);
#3092=LINE('',#14393,#4304);
#3093=LINE('',#14394,#4305);
#3094=LINE('',#14397,#4306);
#3095=LINE('',#14398,#4307);
#3096=LINE('',#14400,#4308);
#3097=LINE('',#14403,#4309);
#3098=LINE('',#14405,#4310);
#3099=LINE('',#14406,#4311);
#3100=LINE('',#14409,#4312);
#3101=LINE('',#14410,#4313);
#3102=LINE('',#14413,#4314);
#3103=LINE('',#14414,#4315);
#3104=LINE('',#14416,#4316);
#3105=LINE('',#14419,#4317);
#3106=LINE('',#14421,#4318);
#3107=LINE('',#14422,#4319);
#3108=LINE('',#14425,#4320);
#3109=LINE('',#14426,#4321);
#3110=LINE('',#14429,#4322);
#3111=LINE('',#14430,#4323);
#3112=LINE('',#14432,#4324);
#3113=LINE('',#14435,#4325);
#3114=LINE('',#14437,#4326);
#3115=LINE('',#14438,#4327);
#3116=LINE('',#14441,#4328);
#3117=LINE('',#14442,#4329);
#3118=LINE('',#14445,#4330);
#3119=LINE('',#14446,#4331);
#3120=LINE('',#14448,#4332);
#3121=LINE('',#14451,#4333);
#3122=LINE('',#14453,#4334);
#3123=LINE('',#14454,#4335);
#3124=LINE('',#14457,#4336);
#3125=LINE('',#14458,#4337);
#3126=LINE('',#14461,#4338);
#3127=LINE('',#14462,#4339);
#3128=LINE('',#14464,#4340);
#3129=LINE('',#14467,#4341);
#3130=LINE('',#14469,#4342);
#3131=LINE('',#14470,#4343);
#3132=LINE('',#14473,#4344);
#3133=LINE('',#14474,#4345);
#3134=LINE('',#14477,#4346);
#3135=LINE('',#14478,#4347);
#3136=LINE('',#14480,#4348);
#3137=LINE('',#14483,#4349);
#3138=LINE('',#14485,#4350);
#3139=LINE('',#14486,#4351);
#3140=LINE('',#14489,#4352);
#3141=LINE('',#14490,#4353);
#3142=LINE('',#14493,#4354);
#3143=LINE('',#14494,#4355);
#3144=LINE('',#14496,#4356);
#3145=LINE('',#14499,#4357);
#3146=LINE('',#14501,#4358);
#3147=LINE('',#14502,#4359);
#3148=LINE('',#14505,#4360);
#3149=LINE('',#14506,#4361);
#3150=LINE('',#14509,#4362);
#3151=LINE('',#14510,#4363);
#3152=LINE('',#14512,#4364);
#3153=LINE('',#14515,#4365);
#3154=LINE('',#14517,#4366);
#3155=LINE('',#14518,#4367);
#3156=LINE('',#14521,#4368);
#3157=LINE('',#14522,#4369);
#3158=LINE('',#14525,#4370);
#3159=LINE('',#14526,#4371);
#3160=LINE('',#14528,#4372);
#3161=LINE('',#14531,#4373);
#3162=LINE('',#14533,#4374);
#3163=LINE('',#14534,#4375);
#3164=LINE('',#14537,#4376);
#3165=LINE('',#14538,#4377);
#3166=LINE('',#14541,#4378);
#3167=LINE('',#14542,#4379);
#3168=LINE('',#14544,#4380);
#3169=LINE('',#14547,#4381);
#3170=LINE('',#14549,#4382);
#3171=LINE('',#14550,#4383);
#3172=LINE('',#14553,#4384);
#3173=LINE('',#14554,#4385);
#3174=LINE('',#14557,#4386);
#3175=LINE('',#14558,#4387);
#3176=LINE('',#14560,#4388);
#3177=LINE('',#14563,#4389);
#3178=LINE('',#14565,#4390);
#3179=LINE('',#14566,#4391);
#3180=LINE('',#14569,#4392);
#3181=LINE('',#14570,#4393);
#3182=LINE('',#14573,#4394);
#3183=LINE('',#14574,#4395);
#3184=LINE('',#14576,#4396);
#3185=LINE('',#14579,#4397);
#3186=LINE('',#14581,#4398);
#3187=LINE('',#14582,#4399);
#3188=LINE('',#14585,#4400);
#3189=LINE('',#14586,#4401);
#3190=LINE('',#14589,#4402);
#3191=LINE('',#14590,#4403);
#3192=LINE('',#14592,#4404);
#3193=LINE('',#14595,#4405);
#3194=LINE('',#14597,#4406);
#3195=LINE('',#14598,#4407);
#3196=LINE('',#14601,#4408);
#3197=LINE('',#14602,#4409);
#3198=LINE('',#14605,#4410);
#3199=LINE('',#14606,#4411);
#3200=LINE('',#14608,#4412);
#3201=LINE('',#14611,#4413);
#3202=LINE('',#14613,#4414);
#3203=LINE('',#14614,#4415);
#3204=LINE('',#14617,#4416);
#3205=LINE('',#14618,#4417);
#3206=LINE('',#14621,#4418);
#3207=LINE('',#14622,#4419);
#3208=LINE('',#14625,#4420);
#3209=LINE('',#14626,#4421);
#3210=LINE('',#14629,#4422);
#3211=LINE('',#14630,#4423);
#3212=LINE('',#14633,#4424);
#3213=LINE('',#14634,#4425);
#3214=LINE('',#14637,#4426);
#3215=LINE('',#14638,#4427);
#3216=LINE('',#14641,#4428);
#3217=LINE('',#14642,#4429);
#3218=LINE('',#14645,#4430);
#3219=LINE('',#14646,#4431);
#3220=LINE('',#14649,#4432);
#3221=LINE('',#14650,#4433);
#3222=LINE('',#14653,#4434);
#3223=LINE('',#14654,#4435);
#3224=LINE('',#14657,#4436);
#3225=LINE('',#14658,#4437);
#3226=LINE('',#14661,#4438);
#3227=LINE('',#14662,#4439);
#3228=LINE('',#14665,#4440);
#3229=LINE('',#14666,#4441);
#3230=LINE('',#14669,#4442);
#3231=LINE('',#14670,#4443);
#3232=LINE('',#14673,#4444);
#3233=LINE('',#14674,#4445);
#3234=LINE('',#14677,#4446);
#3235=LINE('',#14678,#4447);
#3236=LINE('',#14681,#4448);
#3237=LINE('',#14682,#4449);
#3238=LINE('',#14685,#4450);
#3239=LINE('',#14686,#4451);
#3240=LINE('',#14689,#4452);
#3241=LINE('',#14690,#4453);
#3242=LINE('',#14693,#4454);
#3243=LINE('',#14694,#4455);
#3244=LINE('',#14697,#4456);
#3245=LINE('',#14698,#4457);
#3246=LINE('',#14701,#4458);
#3247=LINE('',#14702,#4459);
#3248=LINE('',#14705,#4460);
#3249=LINE('',#14706,#4461);
#3250=LINE('',#14709,#4462);
#3251=LINE('',#14710,#4463);
#3252=LINE('',#14713,#4464);
#3253=LINE('',#14714,#4465);
#3254=LINE('',#14717,#4466);
#3255=LINE('',#14718,#4467);
#3256=LINE('',#14721,#4468);
#3257=LINE('',#14722,#4469);
#3258=LINE('',#14725,#4470);
#3259=LINE('',#14726,#4471);
#3260=LINE('',#14729,#4472);
#3261=LINE('',#14730,#4473);
#3262=LINE('',#14733,#4474);
#3263=LINE('',#14734,#4475);
#3264=LINE('',#14737,#4476);
#3265=LINE('',#14738,#4477);
#3266=LINE('',#14741,#4478);
#3267=LINE('',#14742,#4479);
#3268=LINE('',#14745,#4480);
#3269=LINE('',#14746,#4481);
#3270=LINE('',#14749,#4482);
#3271=LINE('',#14750,#4483);
#3272=LINE('',#14753,#4484);
#3273=LINE('',#14754,#4485);
#3274=LINE('',#14757,#4486);
#3275=LINE('',#14758,#4487);
#3276=LINE('',#14761,#4488);
#3277=LINE('',#14762,#4489);
#3278=LINE('',#14765,#4490);
#3279=LINE('',#14766,#4491);
#3280=LINE('',#14769,#4492);
#3281=LINE('',#14770,#4493);
#3282=LINE('',#14773,#4494);
#3283=LINE('',#14774,#4495);
#3284=LINE('',#14777,#4496);
#3285=LINE('',#14778,#4497);
#3286=LINE('',#14781,#4498);
#3287=LINE('',#14782,#4499);
#3288=LINE('',#14785,#4500);
#3289=LINE('',#14786,#4501);
#3290=LINE('',#14789,#4502);
#3291=LINE('',#14790,#4503);
#3292=LINE('',#14793,#4504);
#3293=LINE('',#14794,#4505);
#3294=LINE('',#14797,#4506);
#3295=LINE('',#14798,#4507);
#3296=LINE('',#14801,#4508);
#3297=LINE('',#14802,#4509);
#3298=LINE('',#14805,#4510);
#3299=LINE('',#14806,#4511);
#3300=LINE('',#14809,#4512);
#3301=LINE('',#14810,#4513);
#3302=LINE('',#14813,#4514);
#3303=LINE('',#14814,#4515);
#3304=LINE('',#14817,#4516);
#3305=LINE('',#14818,#4517);
#3306=LINE('',#14821,#4518);
#3307=LINE('',#14822,#4519);
#3308=LINE('',#14825,#4520);
#3309=LINE('',#14826,#4521);
#3310=LINE('',#14829,#4522);
#3311=LINE('',#14830,#4523);
#3312=LINE('',#14833,#4524);
#3313=LINE('',#14834,#4525);
#3314=LINE('',#14837,#4526);
#3315=LINE('',#14838,#4527);
#3316=LINE('',#14841,#4528);
#3317=LINE('',#14842,#4529);
#3318=LINE('',#14845,#4530);
#3319=LINE('',#14846,#4531);
#3320=LINE('',#14849,#4532);
#3321=LINE('',#14850,#4533);
#3322=LINE('',#14853,#4534);
#3323=LINE('',#14854,#4535);
#3324=LINE('',#14857,#4536);
#3325=LINE('',#14858,#4537);
#3326=LINE('',#14860,#4538);
#3327=VECTOR('',#10089,1.5);
#3328=VECTOR('',#10096,1.5);
#3329=VECTOR('',#10103,1.5);
#3330=VECTOR('',#10110,1.5);
#3331=VECTOR('',#10117,10.);
#3332=VECTOR('',#10120,10.);
#3333=VECTOR('',#10123,10.);
#3334=VECTOR('',#10124,10.);
#3335=VECTOR('',#10125,10.);
#3336=VECTOR('',#10128,10.);
#3337=VECTOR('',#10129,10.);
#3338=VECTOR('',#10130,10.);
#3339=VECTOR('',#10133,10.);
#3340=VECTOR('',#10134,10.);
#3341=VECTOR('',#10135,10.);
#3342=VECTOR('',#10140,10.);
#3343=VECTOR('',#10145,10.);
#3344=VECTOR('',#10146,10.);
#3345=VECTOR('',#10147,10.);
#3346=VECTOR('',#10152,10.);
#3347=VECTOR('',#10157,10.);
#3348=VECTOR('',#10158,10.);
#3349=VECTOR('',#10159,10.);
#3350=VECTOR('',#10164,10.);
#3351=VECTOR('',#10169,10.);
#3352=VECTOR('',#10170,10.);
#3353=VECTOR('',#10171,10.);
#3354=VECTOR('',#10176,10.);
#3355=VECTOR('',#10181,10.);
#3356=VECTOR('',#10182,10.);
#3357=VECTOR('',#10183,10.);
#3358=VECTOR('',#10188,10.);
#3359=VECTOR('',#10193,10.);
#3360=VECTOR('',#10194,10.);
#3361=VECTOR('',#10197,10.);
#3362=VECTOR('',#10198,1.);
#3363=VECTOR('',#10199,1.00000000000064);
#3364=VECTOR('',#10200,1.);
#3365=VECTOR('',#10201,1.00000000000064);
#3366=VECTOR('',#10202,1.00000000000064);
#3367=VECTOR('',#10203,1.);
#3368=VECTOR('',#10204,1.00000000000064);
#3369=VECTOR('',#10205,1.00000000000064);
#3370=VECTOR('',#10206,1.);
#3371=VECTOR('',#10207,1.00000000000064);
#3372=VECTOR('',#10208,1.00000000000064);
#3373=VECTOR('',#10209,1.);
#3374=VECTOR('',#10210,1.00000000000064);
#3375=VECTOR('',#10211,1.00000000000064);
#3376=VECTOR('',#10212,1.);
#3377=VECTOR('',#10213,1.00000000000064);
#3378=VECTOR('',#10214,1.00000000000064);
#3379=VECTOR('',#10215,1.);
#3380=VECTOR('',#10216,1.00000000000064);
#3381=VECTOR('',#10217,1.00000000000064);
#3382=VECTOR('',#10218,1.);
#3383=VECTOR('',#10219,1.00000000000064);
#3384=VECTOR('',#10220,1.00000000000064);
#3385=VECTOR('',#10221,1.);
#3386=VECTOR('',#10222,1.00000000000064);
#3387=VECTOR('',#10223,1.00000000000064);
#3388=VECTOR('',#10224,1.);
#3389=VECTOR('',#10225,1.00000000000064);
#3390=VECTOR('',#10226,1.00000000000064);
#3391=VECTOR('',#10227,1.);
#3392=VECTOR('',#10228,1.00000000000064);
#3393=VECTOR('',#10229,1.00000000000064);
#3394=VECTOR('',#10230,1.);
#3395=VECTOR('',#10231,1.00000000000064);
#3396=VECTOR('',#10232,1.00000000000064);
#3397=VECTOR('',#10233,1.);
#3398=VECTOR('',#10234,1.00000000000064);
#3399=VECTOR('',#10235,1.00000000000064);
#3400=VECTOR('',#10236,1.);
#3401=VECTOR('',#10237,1.00000000000064);
#3402=VECTOR('',#10238,1.00000000000064);
#3403=VECTOR('',#10239,1.);
#3404=VECTOR('',#10240,1.00000000000064);
#3405=VECTOR('',#10241,1.00000000000064);
#3406=VECTOR('',#10242,1.);
#3407=VECTOR('',#10243,1.00000000000064);
#3408=VECTOR('',#10244,1.00000000000064);
#3409=VECTOR('',#10245,1.);
#3410=VECTOR('',#10246,1.00000000000064);
#3411=VECTOR('',#10247,1.00000000000064);
#3412=VECTOR('',#10248,1.);
#3413=VECTOR('',#10249,1.00000000000064);
#3414=VECTOR('',#10250,1.00000000000064);
#3415=VECTOR('',#10251,1.);
#3416=VECTOR('',#10252,1.00000000000064);
#3417=VECTOR('',#10253,1.00000000000064);
#3418=VECTOR('',#10254,1.);
#3419=VECTOR('',#10255,1.00000000000064);
#3420=VECTOR('',#10256,1.00000000000064);
#3421=VECTOR('',#10257,1.);
#3422=VECTOR('',#10258,1.00000000000064);
#3423=VECTOR('',#10259,1.);
#3424=VECTOR('',#10260,1.);
#3425=VECTOR('',#10261,10.);
#3426=VECTOR('',#10262,1.);
#3427=VECTOR('',#10263,1.00000000000064);
#3428=VECTOR('',#10264,1.);
#3429=VECTOR('',#10265,1.00000000000064);
#3430=VECTOR('',#10266,1.00000000000064);
#3431=VECTOR('',#10267,1.);
#3432=VECTOR('',#10268,1.00000000000064);
#3433=VECTOR('',#10269,1.00000000000064);
#3434=VECTOR('',#10270,1.);
#3435=VECTOR('',#10271,1.00000000000064);
#3436=VECTOR('',#10272,1.00000000000064);
#3437=VECTOR('',#10273,1.);
#3438=VECTOR('',#10274,1.00000000000064);
#3439=VECTOR('',#10275,1.00000000000064);
#3440=VECTOR('',#10276,1.);
#3441=VECTOR('',#10277,1.00000000000064);
#3442=VECTOR('',#10278,1.00000000000064);
#3443=VECTOR('',#10279,1.);
#3444=VECTOR('',#10280,1.00000000000064);
#3445=VECTOR('',#10281,1.00000000000064);
#3446=VECTOR('',#10282,1.);
#3447=VECTOR('',#10283,1.00000000000064);
#3448=VECTOR('',#10284,1.00000000000064);
#3449=VECTOR('',#10285,1.);
#3450=VECTOR('',#10286,1.00000000000064);
#3451=VECTOR('',#10287,1.00000000000064);
#3452=VECTOR('',#10288,1.);
#3453=VECTOR('',#10289,1.00000000000064);
#3454=VECTOR('',#10290,1.00000000000064);
#3455=VECTOR('',#10291,1.);
#3456=VECTOR('',#10292,1.00000000000064);
#3457=VECTOR('',#10293,1.00000000000064);
#3458=VECTOR('',#10294,1.);
#3459=VECTOR('',#10295,1.00000000000064);
#3460=VECTOR('',#10296,1.00000000000064);
#3461=VECTOR('',#10297,1.);
#3462=VECTOR('',#10298,1.00000000000064);
#3463=VECTOR('',#10299,1.00000000000064);
#3464=VECTOR('',#10300,1.);
#3465=VECTOR('',#10301,1.00000000000064);
#3466=VECTOR('',#10302,1.00000000000064);
#3467=VECTOR('',#10303,1.);
#3468=VECTOR('',#10304,1.00000000000064);
#3469=VECTOR('',#10305,1.00000000000064);
#3470=VECTOR('',#10306,1.);
#3471=VECTOR('',#10307,1.00000000000064);
#3472=VECTOR('',#10308,1.00000000000064);
#3473=VECTOR('',#10309,1.);
#3474=VECTOR('',#10310,1.00000000000064);
#3475=VECTOR('',#10311,1.00000000000064);
#3476=VECTOR('',#10312,1.);
#3477=VECTOR('',#10313,1.00000000000064);
#3478=VECTOR('',#10314,1.00000000000064);
#3479=VECTOR('',#10315,1.);
#3480=VECTOR('',#10316,1.00000000000064);
#3481=VECTOR('',#10317,1.00000000000064);
#3482=VECTOR('',#10318,1.);
#3483=VECTOR('',#10319,1.00000000000064);
#3484=VECTOR('',#10320,1.00000000000064);
#3485=VECTOR('',#10321,1.);
#3486=VECTOR('',#10322,1.00000000000064);
#3487=VECTOR('',#10327,10.);
#3488=VECTOR('',#10328,10.);
#3489=VECTOR('',#10329,10.);
#3490=VECTOR('',#10332,1.);
#3491=VECTOR('',#10333,1.);
#3492=VECTOR('',#10336,1.);
#3493=VECTOR('',#10337,1.);
#3494=VECTOR('',#10340,1.00000000000064);
#3495=VECTOR('',#10341,1.);
#3496=VECTOR('',#10342,1.00000000000064);
#3497=VECTOR('',#10343,1.00000000000064);
#3498=VECTOR('',#10344,1.);
#3499=VECTOR('',#10345,1.00000000000064);
#3500=VECTOR('',#10346,1.00000000000064);
#3501=VECTOR('',#10347,1.);
#3502=VECTOR('',#10348,1.00000000000064);
#3503=VECTOR('',#10349,1.00000000000064);
#3504=VECTOR('',#10350,1.);
#3505=VECTOR('',#10351,1.00000000000064);
#3506=VECTOR('',#10352,1.00000000000064);
#3507=VECTOR('',#10353,1.);
#3508=VECTOR('',#10354,1.00000000000064);
#3509=VECTOR('',#10355,1.00000000000064);
#3510=VECTOR('',#10356,1.);
#3511=VECTOR('',#10357,1.00000000000064);
#3512=VECTOR('',#10358,1.00000000000064);
#3513=VECTOR('',#10359,1.);
#3514=VECTOR('',#10360,1.00000000000064);
#3515=VECTOR('',#10361,1.00000000000064);
#3516=VECTOR('',#10362,1.);
#3517=VECTOR('',#10363,1.00000000000064);
#3518=VECTOR('',#10364,1.00000000000064);
#3519=VECTOR('',#10365,1.);
#3520=VECTOR('',#10366,1.00000000000064);
#3521=VECTOR('',#10367,1.00000000000064);
#3522=VECTOR('',#10368,1.);
#3523=VECTOR('',#10369,1.00000000000064);
#3524=VECTOR('',#10370,1.00000000000064);
#3525=VECTOR('',#10371,1.);
#3526=VECTOR('',#10372,1.00000000000064);
#3527=VECTOR('',#10373,1.00000000000064);
#3528=VECTOR('',#10374,1.);
#3529=VECTOR('',#10375,1.00000000000064);
#3530=VECTOR('',#10376,1.00000000000064);
#3531=VECTOR('',#10377,1.);
#3532=VECTOR('',#10378,1.00000000000064);
#3533=VECTOR('',#10379,1.00000000000064);
#3534=VECTOR('',#10380,1.);
#3535=VECTOR('',#10381,1.00000000000064);
#3536=VECTOR('',#10382,1.00000000000064);
#3537=VECTOR('',#10383,1.);
#3538=VECTOR('',#10384,1.00000000000064);
#3539=VECTOR('',#10385,1.00000000000064);
#3540=VECTOR('',#10386,1.);
#3541=VECTOR('',#10387,1.00000000000064);
#3542=VECTOR('',#10388,1.00000000000064);
#3543=VECTOR('',#10389,1.);
#3544=VECTOR('',#10390,1.00000000000064);
#3545=VECTOR('',#10391,1.00000000000064);
#3546=VECTOR('',#10392,1.);
#3547=VECTOR('',#10393,1.00000000000064);
#3548=VECTOR('',#10394,1.00000000000064);
#3549=VECTOR('',#10395,1.);
#3550=VECTOR('',#10396,1.00000000000064);
#3551=VECTOR('',#10397,1.00000000000064);
#3552=VECTOR('',#10398,1.);
#3553=VECTOR('',#10399,1.00000000000064);
#3554=VECTOR('',#10400,1.);
#3555=VECTOR('',#10401,1.);
#3556=VECTOR('',#10402,1.);
#3557=VECTOR('',#10403,1.);
#3558=VECTOR('',#10404,1.);
#3559=VECTOR('',#10405,1.);
#3560=VECTOR('',#10406,1.);
#3561=VECTOR('',#10407,1.);
#3562=VECTOR('',#10408,1.);
#3563=VECTOR('',#10409,1.);
#3564=VECTOR('',#10410,1.);
#3565=VECTOR('',#10411,1.);
#3566=VECTOR('',#10412,1.);
#3567=VECTOR('',#10413,1.);
#3568=VECTOR('',#10414,1.);
#3569=VECTOR('',#10415,1.);
#3570=VECTOR('',#10416,1.);
#3571=VECTOR('',#10417,1.);
#3572=VECTOR('',#10418,1.);
#3573=VECTOR('',#10419,1.);
#3574=VECTOR('',#10420,1.);
#3575=VECTOR('',#10421,1.);
#3576=VECTOR('',#10422,1.);
#3577=VECTOR('',#10423,1.);
#3578=VECTOR('',#10424,1.);
#3579=VECTOR('',#10425,1.);
#3580=VECTOR('',#10426,1.);
#3581=VECTOR('',#10427,1.);
#3582=VECTOR('',#10428,1.);
#3583=VECTOR('',#10429,1.);
#3584=VECTOR('',#10430,1.);
#3585=VECTOR('',#10431,1.);
#3586=VECTOR('',#10432,1.);
#3587=VECTOR('',#10433,1.);
#3588=VECTOR('',#10434,1.);
#3589=VECTOR('',#10435,1.);
#3590=VECTOR('',#10436,1.);
#3591=VECTOR('',#10437,1.);
#3592=VECTOR('',#10438,1.);
#3593=VECTOR('',#10439,1.);
#3594=VECTOR('',#10440,1.);
#3595=VECTOR('',#10441,1.);
#3596=VECTOR('',#10442,1.);
#3597=VECTOR('',#10443,1.);
#3598=VECTOR('',#10444,1.);
#3599=VECTOR('',#10445,1.);
#3600=VECTOR('',#10446,1.);
#3601=VECTOR('',#10447,1.);
#3602=VECTOR('',#10448,1.);
#3603=VECTOR('',#10449,1.);
#3604=VECTOR('',#10450,1.);
#3605=VECTOR('',#10451,1.);
#3606=VECTOR('',#10452,1.);
#3607=VECTOR('',#10453,1.);
#3608=VECTOR('',#10454,1.);
#3609=VECTOR('',#10455,1.);
#3610=VECTOR('',#10456,1.);
#3611=VECTOR('',#10457,1.);
#3612=VECTOR('',#10458,1.);
#3613=VECTOR('',#10459,1.);
#3614=VECTOR('',#10460,1.);
#3615=VECTOR('',#10461,1.);
#3616=VECTOR('',#10462,1.);
#3617=VECTOR('',#10463,1.);
#3618=VECTOR('',#10464,1.);
#3619=VECTOR('',#10465,1.);
#3620=VECTOR('',#10466,1.);
#3621=VECTOR('',#10467,1.);
#3622=VECTOR('',#10468,1.);
#3623=VECTOR('',#10469,1.);
#3624=VECTOR('',#10470,1.);
#3625=VECTOR('',#10471,1.);
#3626=VECTOR('',#10472,1.);
#3627=VECTOR('',#10473,1.);
#3628=VECTOR('',#10474,1.);
#3629=VECTOR('',#10475,1.);
#3630=VECTOR('',#10476,1.);
#3631=VECTOR('',#10477,1.);
#3632=VECTOR('',#10478,1.);
#3633=VECTOR('',#10479,1.);
#3634=VECTOR('',#10482,1.);
#3635=VECTOR('',#10485,1.);
#3636=VECTOR('',#10488,1.);
#3637=VECTOR('',#10491,1.);
#3638=VECTOR('',#10494,1.);
#3639=VECTOR('',#10497,1.);
#3640=VECTOR('',#10500,1.);
#3641=VECTOR('',#10503,1.);
#3642=VECTOR('',#10506,1.);
#3643=VECTOR('',#10509,1.);
#3644=VECTOR('',#10512,1.);
#3645=VECTOR('',#10515,1.);
#3646=VECTOR('',#10518,1.);
#3647=VECTOR('',#10521,1.);
#3648=VECTOR('',#10524,1.);
#3649=VECTOR('',#10527,1.);
#3650=VECTOR('',#10530,1.);
#3651=VECTOR('',#10533,1.);
#3652=VECTOR('',#10536,1.);
#3653=VECTOR('',#10539,1.);
#3654=VECTOR('',#10542,1.);
#3655=VECTOR('',#10545,1.);
#3656=VECTOR('',#10548,1.);
#3657=VECTOR('',#10551,1.);
#3658=VECTOR('',#10554,1.);
#3659=VECTOR('',#10557,1.);
#3660=VECTOR('',#10560,1.);
#3661=VECTOR('',#10563,1.);
#3662=VECTOR('',#10566,1.);
#3663=VECTOR('',#10569,1.);
#3664=VECTOR('',#10572,1.);
#3665=VECTOR('',#10575,1.);
#3666=VECTOR('',#10578,1.);
#3667=VECTOR('',#10581,1.);
#3668=VECTOR('',#10584,1.);
#3669=VECTOR('',#10587,1.);
#3670=VECTOR('',#10590,1.);
#3671=VECTOR('',#10593,1.);
#3672=VECTOR('',#10596,1.);
#3673=VECTOR('',#10599,1.);
#3674=VECTOR('',#10602,1.);
#3675=VECTOR('',#10605,1.);
#3676=VECTOR('',#10608,1.);
#3677=VECTOR('',#10611,1.);
#3678=VECTOR('',#10614,1.);
#3679=VECTOR('',#10617,1.);
#3680=VECTOR('',#10620,1.);
#3681=VECTOR('',#10623,1.);
#3682=VECTOR('',#10626,1.);
#3683=VECTOR('',#10629,1.);
#3684=VECTOR('',#10632,1.);
#3685=VECTOR('',#10635,1.);
#3686=VECTOR('',#10638,1.);
#3687=VECTOR('',#10641,1.);
#3688=VECTOR('',#10644,1.);
#3689=VECTOR('',#10647,1.);
#3690=VECTOR('',#10650,1.);
#3691=VECTOR('',#10653,1.);
#3692=VECTOR('',#10656,1.);
#3693=VECTOR('',#10661,1.);
#3694=VECTOR('',#10662,1.);
#3695=VECTOR('',#10663,1.);
#3696=VECTOR('',#10666,1.);
#3697=VECTOR('',#10667,1.);
#3698=VECTOR('',#10670,1.);
#3699=VECTOR('',#10671,1.);
#3700=VECTOR('',#10674,1.);
#3701=VECTOR('',#10677,1.);
#3702=VECTOR('',#10678,1.);
#3703=VECTOR('',#10679,1.);
#3704=VECTOR('',#10682,1.);
#3705=VECTOR('',#10683,1.);
#3706=VECTOR('',#10686,1.);
#3707=VECTOR('',#10687,1.);
#3708=VECTOR('',#10690,1.);
#3709=VECTOR('',#10693,1.);
#3710=VECTOR('',#10694,1.);
#3711=VECTOR('',#10695,1.);
#3712=VECTOR('',#10698,1.);
#3713=VECTOR('',#10699,1.);
#3714=VECTOR('',#10702,1.);
#3715=VECTOR('',#10703,1.);
#3716=VECTOR('',#10706,1.);
#3717=VECTOR('',#10709,1.);
#3718=VECTOR('',#10710,1.);
#3719=VECTOR('',#10711,1.);
#3720=VECTOR('',#10714,1.);
#3721=VECTOR('',#10715,1.);
#3722=VECTOR('',#10718,1.);
#3723=VECTOR('',#10719,1.);
#3724=VECTOR('',#10722,1.);
#3725=VECTOR('',#10725,1.);
#3726=VECTOR('',#10726,1.);
#3727=VECTOR('',#10727,1.);
#3728=VECTOR('',#10730,1.);
#3729=VECTOR('',#10731,1.);
#3730=VECTOR('',#10734,1.);
#3731=VECTOR('',#10735,1.);
#3732=VECTOR('',#10738,1.);
#3733=VECTOR('',#10741,1.);
#3734=VECTOR('',#10742,1.);
#3735=VECTOR('',#10743,1.);
#3736=VECTOR('',#10746,1.);
#3737=VECTOR('',#10747,1.);
#3738=VECTOR('',#10750,1.);
#3739=VECTOR('',#10751,1.);
#3740=VECTOR('',#10754,1.);
#3741=VECTOR('',#10757,1.);
#3742=VECTOR('',#10758,1.);
#3743=VECTOR('',#10759,1.);
#3744=VECTOR('',#10762,1.);
#3745=VECTOR('',#10763,1.);
#3746=VECTOR('',#10766,1.);
#3747=VECTOR('',#10767,1.);
#3748=VECTOR('',#10770,1.);
#3749=VECTOR('',#10773,1.);
#3750=VECTOR('',#10774,1.);
#3751=VECTOR('',#10775,1.);
#3752=VECTOR('',#10778,1.);
#3753=VECTOR('',#10779,1.);
#3754=VECTOR('',#10782,1.);
#3755=VECTOR('',#10783,1.);
#3756=VECTOR('',#10786,1.);
#3757=VECTOR('',#10789,1.);
#3758=VECTOR('',#10790,1.);
#3759=VECTOR('',#10791,1.);
#3760=VECTOR('',#10794,1.);
#3761=VECTOR('',#10795,1.);
#3762=VECTOR('',#10798,1.);
#3763=VECTOR('',#10799,1.);
#3764=VECTOR('',#10802,1.);
#3765=VECTOR('',#10805,1.);
#3766=VECTOR('',#10806,1.);
#3767=VECTOR('',#10807,1.);
#3768=VECTOR('',#10810,1.);
#3769=VECTOR('',#10811,1.);
#3770=VECTOR('',#10814,1.);
#3771=VECTOR('',#10815,1.);
#3772=VECTOR('',#10818,1.);
#3773=VECTOR('',#10821,1.);
#3774=VECTOR('',#10822,1.);
#3775=VECTOR('',#10823,1.);
#3776=VECTOR('',#10826,1.);
#3777=VECTOR('',#10827,1.);
#3778=VECTOR('',#10830,1.);
#3779=VECTOR('',#10831,1.);
#3780=VECTOR('',#10834,1.);
#3781=VECTOR('',#10837,1.);
#3782=VECTOR('',#10838,1.);
#3783=VECTOR('',#10839,1.);
#3784=VECTOR('',#10842,1.);
#3785=VECTOR('',#10843,1.);
#3786=VECTOR('',#10846,1.);
#3787=VECTOR('',#10847,1.);
#3788=VECTOR('',#10850,1.);
#3789=VECTOR('',#10853,1.);
#3790=VECTOR('',#10854,1.);
#3791=VECTOR('',#10855,1.);
#3792=VECTOR('',#10858,1.);
#3793=VECTOR('',#10859,1.);
#3794=VECTOR('',#10862,1.);
#3795=VECTOR('',#10863,1.);
#3796=VECTOR('',#10866,1.);
#3797=VECTOR('',#10869,1.);
#3798=VECTOR('',#10870,1.);
#3799=VECTOR('',#10871,1.);
#3800=VECTOR('',#10874,1.);
#3801=VECTOR('',#10875,1.);
#3802=VECTOR('',#10878,1.);
#3803=VECTOR('',#10879,1.);
#3804=VECTOR('',#10882,1.);
#3805=VECTOR('',#10885,1.);
#3806=VECTOR('',#10886,1.);
#3807=VECTOR('',#10887,1.);
#3808=VECTOR('',#10890,1.);
#3809=VECTOR('',#10891,1.);
#3810=VECTOR('',#10894,1.);
#3811=VECTOR('',#10895,1.);
#3812=VECTOR('',#10898,1.);
#3813=VECTOR('',#10901,1.);
#3814=VECTOR('',#10902,1.);
#3815=VECTOR('',#10903,1.);
#3816=VECTOR('',#10906,1.);
#3817=VECTOR('',#10907,1.);
#3818=VECTOR('',#10910,1.);
#3819=VECTOR('',#10911,1.);
#3820=VECTOR('',#10914,1.);
#3821=VECTOR('',#10917,1.);
#3822=VECTOR('',#10918,1.);
#3823=VECTOR('',#10919,1.);
#3824=VECTOR('',#10922,1.);
#3825=VECTOR('',#10923,1.);
#3826=VECTOR('',#10926,1.);
#3827=VECTOR('',#10927,1.);
#3828=VECTOR('',#10930,1.);
#3829=VECTOR('',#10933,1.);
#3830=VECTOR('',#10934,1.);
#3831=VECTOR('',#10935,1.);
#3832=VECTOR('',#10938,1.);
#3833=VECTOR('',#10939,1.);
#3834=VECTOR('',#10942,1.);
#3835=VECTOR('',#10943,1.);
#3836=VECTOR('',#10946,1.);
#3837=VECTOR('',#10949,1.);
#3838=VECTOR('',#10950,1.);
#3839=VECTOR('',#10951,1.);
#3840=VECTOR('',#10954,1.);
#3841=VECTOR('',#10955,1.);
#3842=VECTOR('',#10958,1.);
#3843=VECTOR('',#10959,1.);
#3844=VECTOR('',#10962,1.);
#3845=VECTOR('',#10965,1.);
#3846=VECTOR('',#10966,1.);
#3847=VECTOR('',#10967,1.);
#3848=VECTOR('',#10970,1.);
#3849=VECTOR('',#10971,1.);
#3850=VECTOR('',#10974,1.);
#3851=VECTOR('',#10975,1.);
#3852=VECTOR('',#10978,1.);
#3853=VECTOR('',#10981,1.00000000000065);
#3854=VECTOR('',#10982,1.);
#3855=VECTOR('',#10983,1.00000000000065);
#3856=VECTOR('',#10986,1.00000000000065);
#3857=VECTOR('',#10987,1.);
#3858=VECTOR('',#10990,1.00000000000065);
#3859=VECTOR('',#10991,1.);
#3860=VECTOR('',#10994,1.);
#3861=VECTOR('',#10997,1.00000000000065);
#3862=VECTOR('',#10998,1.);
#3863=VECTOR('',#10999,1.00000000000065);
#3864=VECTOR('',#11002,1.00000000000065);
#3865=VECTOR('',#11003,1.);
#3866=VECTOR('',#11006,1.00000000000065);
#3867=VECTOR('',#11007,1.);
#3868=VECTOR('',#11010,1.);
#3869=VECTOR('',#11013,1.00000000000065);
#3870=VECTOR('',#11014,1.00000000000065);
#3871=VECTOR('',#11015,1.);
#3872=VECTOR('',#11018,1.00000000000065);
#3873=VECTOR('',#11019,1.);
#3874=VECTOR('',#11022,1.);
#3875=VECTOR('',#11023,1.00000000000065);
#3876=VECTOR('',#11026,1.);
#3877=VECTOR('',#11029,1.00000000000065);
#3878=VECTOR('',#11030,1.);
#3879=VECTOR('',#11031,1.00000000000065);
#3880=VECTOR('',#11034,1.00000000000065);
#3881=VECTOR('',#11035,1.);
#3882=VECTOR('',#11038,1.00000000000065);
#3883=VECTOR('',#11039,1.);
#3884=VECTOR('',#11042,1.);
#3885=VECTOR('',#11045,1.00000000000065);
#3886=VECTOR('',#11046,1.);
#3887=VECTOR('',#11047,1.00000000000065);
#3888=VECTOR('',#11050,1.);
#3889=VECTOR('',#11051,1.00000000000065);
#3890=VECTOR('',#11054,1.00000000000065);
#3891=VECTOR('',#11055,1.);
#3892=VECTOR('',#11058,1.);
#3893=VECTOR('',#11061,1.00000000000065);
#3894=VECTOR('',#11062,1.00000000000065);
#3895=VECTOR('',#11063,1.);
#3896=VECTOR('',#11066,1.00000000000065);
#3897=VECTOR('',#11067,1.);
#3898=VECTOR('',#11070,1.);
#3899=VECTOR('',#11071,1.00000000000065);
#3900=VECTOR('',#11074,1.);
#3901=VECTOR('',#11077,1.00000000000065);
#3902=VECTOR('',#11078,1.);
#3903=VECTOR('',#11079,1.00000000000065);
#3904=VECTOR('',#11082,1.00000000000065);
#3905=VECTOR('',#11083,1.);
#3906=VECTOR('',#11086,1.00000000000065);
#3907=VECTOR('',#11087,1.);
#3908=VECTOR('',#11090,1.);
#3909=VECTOR('',#11093,1.00000000000065);
#3910=VECTOR('',#11094,1.);
#3911=VECTOR('',#11095,1.00000000000065);
#3912=VECTOR('',#11098,1.00000000000065);
#3913=VECTOR('',#11099,1.);
#3914=VECTOR('',#11102,1.00000000000065);
#3915=VECTOR('',#11103,1.);
#3916=VECTOR('',#11106,1.);
#3917=VECTOR('',#11109,1.00000000000065);
#3918=VECTOR('',#11110,1.);
#3919=VECTOR('',#11111,1.00000000000065);
#3920=VECTOR('',#11114,1.00000000000065);
#3921=VECTOR('',#11115,1.);
#3922=VECTOR('',#11118,1.00000000000065);
#3923=VECTOR('',#11119,1.);
#3924=VECTOR('',#11122,1.);
#3925=VECTOR('',#11125,1.00000000000065);
#3926=VECTOR('',#11126,1.);
#3927=VECTOR('',#11127,1.00000000000065);
#3928=VECTOR('',#11130,1.);
#3929=VECTOR('',#11131,1.00000000000065);
#3930=VECTOR('',#11134,1.00000000000065);
#3931=VECTOR('',#11135,1.);
#3932=VECTOR('',#11138,1.);
#3933=VECTOR('',#11141,1.00000000000065);
#3934=VECTOR('',#11142,1.);
#3935=VECTOR('',#11143,1.00000000000065);
#3936=VECTOR('',#11146,1.00000000000065);
#3937=VECTOR('',#11147,1.);
#3938=VECTOR('',#11150,1.00000000000065);
#3939=VECTOR('',#11151,1.);
#3940=VECTOR('',#11154,1.);
#3941=VECTOR('',#11157,1.00000000000065);
#3942=VECTOR('',#11158,1.00000000000065);
#3943=VECTOR('',#11159,1.);
#3944=VECTOR('',#11162,1.00000000000065);
#3945=VECTOR('',#11163,1.);
#3946=VECTOR('',#11166,1.);
#3947=VECTOR('',#11167,1.00000000000065);
#3948=VECTOR('',#11170,1.);
#3949=VECTOR('',#11173,1.00000000000065);
#3950=VECTOR('',#11174,1.);
#3951=VECTOR('',#11175,1.00000000000065);
#3952=VECTOR('',#11178,1.00000000000065);
#3953=VECTOR('',#11179,1.);
#3954=VECTOR('',#11182,1.00000000000065);
#3955=VECTOR('',#11183,1.);
#3956=VECTOR('',#11186,1.);
#3957=VECTOR('',#11189,1.00000000000065);
#3958=VECTOR('',#11190,1.);
#3959=VECTOR('',#11191,1.00000000000065);
#3960=VECTOR('',#11194,1.);
#3961=VECTOR('',#11195,1.00000000000065);
#3962=VECTOR('',#11198,1.00000000000065);
#3963=VECTOR('',#11199,1.);
#3964=VECTOR('',#11202,1.);
#3965=VECTOR('',#11205,1.00000000000065);
#3966=VECTOR('',#11206,1.);
#3967=VECTOR('',#11207,1.00000000000065);
#3968=VECTOR('',#11210,1.00000000000065);
#3969=VECTOR('',#11211,1.);
#3970=VECTOR('',#11214,1.00000000000065);
#3971=VECTOR('',#11215,1.);
#3972=VECTOR('',#11218,1.);
#3973=VECTOR('',#11221,1.00000000000065);
#3974=VECTOR('',#11222,1.00000000000065);
#3975=VECTOR('',#11223,1.);
#3976=VECTOR('',#11226,1.00000000000065);
#3977=VECTOR('',#11227,1.);
#3978=VECTOR('',#11230,1.);
#3979=VECTOR('',#11231,1.00000000000065);
#3980=VECTOR('',#11234,1.);
#3981=VECTOR('',#11237,1.00000000000065);
#3982=VECTOR('',#11238,1.);
#3983=VECTOR('',#11239,1.00000000000065);
#3984=VECTOR('',#11242,1.00000000000065);
#3985=VECTOR('',#11243,1.);
#3986=VECTOR('',#11246,1.00000000000065);
#3987=VECTOR('',#11247,1.);
#3988=VECTOR('',#11250,1.);
#3989=VECTOR('',#11253,1.00000000000065);
#3990=VECTOR('',#11254,1.);
#3991=VECTOR('',#11255,1.00000000000065);
#3992=VECTOR('',#11258,1.00000000000065);
#3993=VECTOR('',#11259,1.);
#3994=VECTOR('',#11262,1.00000000000065);
#3995=VECTOR('',#11263,1.);
#3996=VECTOR('',#11266,1.);
#3997=VECTOR('',#11269,1.00000000000065);
#3998=VECTOR('',#11270,1.00000000000065);
#3999=VECTOR('',#11271,1.);
#4000=VECTOR('',#11274,1.00000000000065);
#4001=VECTOR('',#11275,1.);
#4002=VECTOR('',#11278,1.);
#4003=VECTOR('',#11279,1.00000000000065);
#4004=VECTOR('',#11282,1.);
#4005=VECTOR('',#11285,1.00000000000065);
#4006=VECTOR('',#11286,1.);
#4007=VECTOR('',#11287,1.00000000000065);
#4008=VECTOR('',#11290,1.00000000000065);
#4009=VECTOR('',#11291,1.);
#4010=VECTOR('',#11294,1.00000000000065);
#4011=VECTOR('',#11295,1.);
#4012=VECTOR('',#11298,1.);
#4013=VECTOR('',#11341,1.);
#4014=VECTOR('',#11342,1.);
#4015=VECTOR('',#11343,1.);
#4016=VECTOR('',#11344,1.);
#4017=VECTOR('',#11347,1.);
#4018=VECTOR('',#11348,1.);
#4019=VECTOR('',#11349,1.);
#4020=VECTOR('',#11350,1.);
#4021=VECTOR('',#11353,1.);
#4022=VECTOR('',#11354,1.);
#4023=VECTOR('',#11355,1.);
#4024=VECTOR('',#11356,1.);
#4025=VECTOR('',#11359,1.);
#4026=VECTOR('',#11360,1.);
#4027=VECTOR('',#11361,1.);
#4028=VECTOR('',#11362,1.);
#4029=VECTOR('',#11365,1.);
#4030=VECTOR('',#11366,1.);
#4031=VECTOR('',#11367,1.);
#4032=VECTOR('',#11368,1.);
#4033=VECTOR('',#11371,1.);
#4034=VECTOR('',#11372,1.);
#4035=VECTOR('',#11373,1.);
#4036=VECTOR('',#11374,1.);
#4037=VECTOR('',#11377,1.);
#4038=VECTOR('',#11378,1.);
#4039=VECTOR('',#11379,1.);
#4040=VECTOR('',#11380,1.);
#4041=VECTOR('',#11383,1.);
#4042=VECTOR('',#11384,1.);
#4043=VECTOR('',#11385,1.);
#4044=VECTOR('',#11386,1.);
#4045=VECTOR('',#11389,1.);
#4046=VECTOR('',#11390,1.);
#4047=VECTOR('',#11391,1.);
#4048=VECTOR('',#11392,1.);
#4049=VECTOR('',#11395,1.);
#4050=VECTOR('',#11396,1.);
#4051=VECTOR('',#11397,1.);
#4052=VECTOR('',#11398,1.);
#4053=VECTOR('',#11401,1.);
#4054=VECTOR('',#11402,1.);
#4055=VECTOR('',#11403,1.);
#4056=VECTOR('',#11404,1.);
#4057=VECTOR('',#11407,1.);
#4058=VECTOR('',#11408,1.);
#4059=VECTOR('',#11409,1.);
#4060=VECTOR('',#11410,1.);
#4061=VECTOR('',#11413,1.);
#4062=VECTOR('',#11414,1.);
#4063=VECTOR('',#11415,1.);
#4064=VECTOR('',#11416,1.);
#4065=VECTOR('',#11419,1.);
#4066=VECTOR('',#11420,1.);
#4067=VECTOR('',#11421,1.);
#4068=VECTOR('',#11422,1.);
#4069=VECTOR('',#11425,1.);
#4070=VECTOR('',#11426,1.);
#4071=VECTOR('',#11427,1.);
#4072=VECTOR('',#11428,1.);
#4073=VECTOR('',#11431,1.);
#4074=VECTOR('',#11432,1.);
#4075=VECTOR('',#11433,1.);
#4076=VECTOR('',#11434,1.);
#4077=VECTOR('',#11437,1.);
#4078=VECTOR('',#11438,1.);
#4079=VECTOR('',#11439,1.);
#4080=VECTOR('',#11440,1.);
#4081=VECTOR('',#11443,1.);
#4082=VECTOR('',#11444,1.);
#4083=VECTOR('',#11445,1.);
#4084=VECTOR('',#11446,1.);
#4085=VECTOR('',#11449,1.);
#4086=VECTOR('',#11450,1.);
#4087=VECTOR('',#11451,1.);
#4088=VECTOR('',#11452,1.);
#4089=VECTOR('',#11455,1.);
#4090=VECTOR('',#11456,1.);
#4091=VECTOR('',#11457,1.);
#4092=VECTOR('',#11458,1.);
#4093=VECTOR('',#11461,1.00000000000065);
#4094=VECTOR('',#11462,1.00000000000065);
#4095=VECTOR('',#11463,1.);
#4096=VECTOR('',#11466,1.);
#4097=VECTOR('',#11467,1.00000000000065);
#4098=VECTOR('',#11470,1.);
#4099=VECTOR('',#11471,1.00000000000065);
#4100=VECTOR('',#11474,1.);
#4101=VECTOR('',#11477,1.00000000000065);
#4102=VECTOR('',#11478,1.);
#4103=VECTOR('',#11479,1.00000000000065);
#4104=VECTOR('',#11482,1.);
#4105=VECTOR('',#11483,1.00000000000065);
#4106=VECTOR('',#11486,1.00000000000065);
#4107=VECTOR('',#11487,1.);
#4108=VECTOR('',#11490,1.);
#4109=VECTOR('',#11493,1.00000000000065);
#4110=VECTOR('',#11494,1.00000000000065);
#4111=VECTOR('',#11495,1.);
#4112=VECTOR('',#11498,1.);
#4113=VECTOR('',#11499,1.00000000000065);
#4114=VECTOR('',#11502,1.);
#4115=VECTOR('',#11503,1.00000000000065);
#4116=VECTOR('',#11506,1.);
#4117=VECTOR('',#11509,1.00000000000065);
#4118=VECTOR('',#11510,1.);
#4119=VECTOR('',#11511,1.00000000000065);
#4120=VECTOR('',#11514,1.);
#4121=VECTOR('',#11515,1.00000000000065);
#4122=VECTOR('',#11518,1.00000000000065);
#4123=VECTOR('',#11519,1.);
#4124=VECTOR('',#11522,1.);
#4125=VECTOR('',#11525,1.00000000000065);
#4126=VECTOR('',#11526,1.);
#4127=VECTOR('',#11527,1.00000000000065);
#4128=VECTOR('',#11530,1.);
#4129=VECTOR('',#11531,1.00000000000065);
#4130=VECTOR('',#11534,1.00000000000065);
#4131=VECTOR('',#11535,1.);
#4132=VECTOR('',#11538,1.);
#4133=VECTOR('',#11541,1.00000000000065);
#4134=VECTOR('',#11542,1.00000000000065);
#4135=VECTOR('',#11543,1.);
#4136=VECTOR('',#11546,1.);
#4137=VECTOR('',#11547,1.00000000000065);
#4138=VECTOR('',#11550,1.);
#4139=VECTOR('',#11551,1.00000000000065);
#4140=VECTOR('',#11554,1.);
#4141=VECTOR('',#11557,1.00000000000065);
#4142=VECTOR('',#11558,1.00000000000065);
#4143=VECTOR('',#11559,1.);
#4144=VECTOR('',#11562,1.00000000000065);
#4145=VECTOR('',#11563,1.);
#4146=VECTOR('',#11566,1.);
#4147=VECTOR('',#11567,1.00000000000065);
#4148=VECTOR('',#11570,1.);
#4149=VECTOR('',#11573,1.00000000000065);
#4150=VECTOR('',#11574,1.);
#4151=VECTOR('',#11575,1.00000000000065);
#4152=VECTOR('',#11578,1.);
#4153=VECTOR('',#11579,1.00000000000065);
#4154=VECTOR('',#11582,1.00000000000065);
#4155=VECTOR('',#11583,1.);
#4156=VECTOR('',#11586,1.);
#4157=VECTOR('',#11589,1.00000000000065);
#4158=VECTOR('',#11590,1.00000000000065);
#4159=VECTOR('',#11591,1.);
#4160=VECTOR('',#11594,1.);
#4161=VECTOR('',#11595,1.00000000000065);
#4162=VECTOR('',#11598,1.);
#4163=VECTOR('',#11599,1.00000000000065);
#4164=VECTOR('',#11602,1.);
#4165=VECTOR('',#11605,1.00000000000065);
#4166=VECTOR('',#11606,1.);
#4167=VECTOR('',#11607,1.00000000000065);
#4168=VECTOR('',#11610,1.);
#4169=VECTOR('',#11611,1.00000000000065);
#4170=VECTOR('',#11614,1.00000000000065);
#4171=VECTOR('',#11615,1.);
#4172=VECTOR('',#11618,1.);
#4173=VECTOR('',#11621,1.00000000000065);
#4174=VECTOR('',#11622,1.00000000000065);
#4175=VECTOR('',#11623,1.);
#4176=VECTOR('',#11626,1.00000000000065);
#4177=VECTOR('',#11627,1.);
#4178=VECTOR('',#11630,1.);
#4179=VECTOR('',#11631,1.00000000000065);
#4180=VECTOR('',#11634,1.);
#4181=VECTOR('',#11637,1.00000000000065);
#4182=VECTOR('',#11638,1.00000000000065);
#4183=VECTOR('',#11639,1.);
#4184=VECTOR('',#11642,1.);
#4185=VECTOR('',#11643,1.00000000000065);
#4186=VECTOR('',#11646,1.);
#4187=VECTOR('',#11647,1.00000000000065);
#4188=VECTOR('',#11650,1.);
#4189=VECTOR('',#11653,1.00000000000065);
#4190=VECTOR('',#11654,1.00000000000065);
#4191=VECTOR('',#11655,1.);
#4192=VECTOR('',#11658,1.);
#4193=VECTOR('',#11659,1.00000000000065);
#4194=VECTOR('',#11662,1.);
#4195=VECTOR('',#11663,1.00000000000065);
#4196=VECTOR('',#11666,1.);
#4197=VECTOR('',#11669,1.00000000000065);
#4198=VECTOR('',#11670,1.);
#4199=VECTOR('',#11671,1.00000000000065);
#4200=VECTOR('',#11674,1.);
#4201=VECTOR('',#11675,1.00000000000065);
#4202=VECTOR('',#11678,1.00000000000065);
#4203=VECTOR('',#11679,1.);
#4204=VECTOR('',#11682,1.);
#4205=VECTOR('',#11685,1.00000000000065);
#4206=VECTOR('',#11686,1.00000000000065);
#4207=VECTOR('',#11687,1.);
#4208=VECTOR('',#11690,1.);
#4209=VECTOR('',#11691,1.00000000000065);
#4210=VECTOR('',#11694,1.);
#4211=VECTOR('',#11695,1.00000000000065);
#4212=VECTOR('',#11698,1.);
#4213=VECTOR('',#11701,1.00000000000065);
#4214=VECTOR('',#11702,1.00000000000065);
#4215=VECTOR('',#11703,1.);
#4216=VECTOR('',#11706,1.);
#4217=VECTOR('',#11707,1.00000000000065);
#4218=VECTOR('',#11710,1.);
#4219=VECTOR('',#11711,1.00000000000065);
#4220=VECTOR('',#11714,1.);
#4221=VECTOR('',#11717,1.00000000000065);
#4222=VECTOR('',#11718,1.00000000000065);
#4223=VECTOR('',#11719,1.);
#4224=VECTOR('',#11722,1.);
#4225=VECTOR('',#11723,1.00000000000065);
#4226=VECTOR('',#11726,1.);
#4227=VECTOR('',#11727,1.00000000000065);
#4228=VECTOR('',#11730,1.);
#4229=VECTOR('',#11733,1.00000000000065);
#4230=VECTOR('',#11734,1.00000000000065);
#4231=VECTOR('',#11735,1.);
#4232=VECTOR('',#11738,1.);
#4233=VECTOR('',#11739,1.00000000000065);
#4234=VECTOR('',#11742,1.);
#4235=VECTOR('',#11743,1.00000000000065);
#4236=VECTOR('',#11746,1.);
#4237=VECTOR('',#11749,1.00000000000065);
#4238=VECTOR('',#11750,1.00000000000065);
#4239=VECTOR('',#11751,1.);
#4240=VECTOR('',#11754,1.);
#4241=VECTOR('',#11755,1.00000000000065);
#4242=VECTOR('',#11758,1.);
#4243=VECTOR('',#11759,1.00000000000065);
#4244=VECTOR('',#11762,1.);
#4245=VECTOR('',#11765,1.00000000000065);
#4246=VECTOR('',#11766,1.00000000000065);
#4247=VECTOR('',#11767,1.);
#4248=VECTOR('',#11770,1.00000000000065);
#4249=VECTOR('',#11771,1.);
#4250=VECTOR('',#11774,1.);
#4251=VECTOR('',#11775,1.00000000000065);
#4252=VECTOR('',#11778,1.);
#4253=VECTOR('',#11781,1.);
#4254=VECTOR('',#11782,1.);
#4255=VECTOR('',#11783,1.);
#4256=VECTOR('',#11786,1.);
#4257=VECTOR('',#11787,1.);
#4258=VECTOR('',#11790,1.);
#4259=VECTOR('',#11791,1.);
#4260=VECTOR('',#11794,1.);
#4261=VECTOR('',#11797,1.);
#4262=VECTOR('',#11798,1.);
#4263=VECTOR('',#11799,1.);
#4264=VECTOR('',#11802,1.);
#4265=VECTOR('',#11803,1.);
#4266=VECTOR('',#11806,1.);
#4267=VECTOR('',#11807,1.);
#4268=VECTOR('',#11810,1.);
#4269=VECTOR('',#11813,1.);
#4270=VECTOR('',#11814,1.);
#4271=VECTOR('',#11815,1.);
#4272=VECTOR('',#11818,1.);
#4273=VECTOR('',#11819,1.);
#4274=VECTOR('',#11822,1.);
#4275=VECTOR('',#11823,1.);
#4276=VECTOR('',#11826,1.);
#4277=VECTOR('',#11829,1.);
#4278=VECTOR('',#11830,1.);
#4279=VECTOR('',#11831,1.);
#4280=VECTOR('',#11834,1.);
#4281=VECTOR('',#11835,1.);
#4282=VECTOR('',#11838,1.);
#4283=VECTOR('',#11839,1.);
#4284=VECTOR('',#11842,1.);
#4285=VECTOR('',#11845,1.);
#4286=VECTOR('',#11846,1.);
#4287=VECTOR('',#11847,1.);
#4288=VECTOR('',#11850,1.);
#4289=VECTOR('',#11851,1.);
#4290=VECTOR('',#11854,1.);
#4291=VECTOR('',#11855,1.);
#4292=VECTOR('',#11858,1.);
#4293=VECTOR('',#11861,1.);
#4294=VECTOR('',#11862,1.);
#4295=VECTOR('',#11863,1.);
#4296=VECTOR('',#11866,1.);
#4297=VECTOR('',#11867,1.);
#4298=VECTOR('',#11870,1.);
#4299=VECTOR('',#11871,1.);
#4300=VECTOR('',#11874,1.);
#4301=VECTOR('',#11877,1.);
#4302=VECTOR('',#11878,1.);
#4303=VECTOR('',#11879,1.);
#4304=VECTOR('',#11882,1.);
#4305=VECTOR('',#11883,1.);
#4306=VECTOR('',#11886,1.);
#4307=VECTOR('',#11887,1.);
#4308=VECTOR('',#11890,1.);
#4309=VECTOR('',#11893,1.);
#4310=VECTOR('',#11894,1.);
#4311=VECTOR('',#11895,1.);
#4312=VECTOR('',#11898,1.);
#4313=VECTOR('',#11899,1.);
#4314=VECTOR('',#11902,1.);
#4315=VECTOR('',#11903,1.);
#4316=VECTOR('',#11906,1.);
#4317=VECTOR('',#11909,1.);
#4318=VECTOR('',#11910,1.);
#4319=VECTOR('',#11911,1.);
#4320=VECTOR('',#11914,1.);
#4321=VECTOR('',#11915,1.);
#4322=VECTOR('',#11918,1.);
#4323=VECTOR('',#11919,1.);
#4324=VECTOR('',#11922,1.);
#4325=VECTOR('',#11925,1.);
#4326=VECTOR('',#11926,1.);
#4327=VECTOR('',#11927,1.);
#4328=VECTOR('',#11930,1.);
#4329=VECTOR('',#11931,1.);
#4330=VECTOR('',#11934,1.);
#4331=VECTOR('',#11935,1.);
#4332=VECTOR('',#11938,1.);
#4333=VECTOR('',#11941,1.);
#4334=VECTOR('',#11942,1.);
#4335=VECTOR('',#11943,1.);
#4336=VECTOR('',#11946,1.);
#4337=VECTOR('',#11947,1.);
#4338=VECTOR('',#11950,1.);
#4339=VECTOR('',#11951,1.);
#4340=VECTOR('',#11954,1.);
#4341=VECTOR('',#11957,1.);
#4342=VECTOR('',#11958,1.);
#4343=VECTOR('',#11959,1.);
#4344=VECTOR('',#11962,1.);
#4345=VECTOR('',#11963,1.);
#4346=VECTOR('',#11966,1.);
#4347=VECTOR('',#11967,1.);
#4348=VECTOR('',#11970,1.);
#4349=VECTOR('',#11973,1.);
#4350=VECTOR('',#11974,1.);
#4351=VECTOR('',#11975,1.);
#4352=VECTOR('',#11978,1.);
#4353=VECTOR('',#11979,1.);
#4354=VECTOR('',#11982,1.);
#4355=VECTOR('',#11983,1.);
#4356=VECTOR('',#11986,1.);
#4357=VECTOR('',#11989,1.);
#4358=VECTOR('',#11990,1.);
#4359=VECTOR('',#11991,1.);
#4360=VECTOR('',#11994,1.);
#4361=VECTOR('',#11995,1.);
#4362=VECTOR('',#11998,1.);
#4363=VECTOR('',#11999,1.);
#4364=VECTOR('',#12002,1.);
#4365=VECTOR('',#12005,1.);
#4366=VECTOR('',#12006,1.);
#4367=VECTOR('',#12007,1.);
#4368=VECTOR('',#12010,1.);
#4369=VECTOR('',#12011,1.);
#4370=VECTOR('',#12014,1.);
#4371=VECTOR('',#12015,1.);
#4372=VECTOR('',#12018,1.);
#4373=VECTOR('',#12021,1.);
#4374=VECTOR('',#12022,1.);
#4375=VECTOR('',#12023,1.);
#4376=VECTOR('',#12026,1.);
#4377=VECTOR('',#12027,1.);
#4378=VECTOR('',#12030,1.);
#4379=VECTOR('',#12031,1.);
#4380=VECTOR('',#12034,1.);
#4381=VECTOR('',#12037,1.);
#4382=VECTOR('',#12038,1.);
#4383=VECTOR('',#12039,1.);
#4384=VECTOR('',#12042,1.);
#4385=VECTOR('',#12043,1.);
#4386=VECTOR('',#12046,1.);
#4387=VECTOR('',#12047,1.);
#4388=VECTOR('',#12050,1.);
#4389=VECTOR('',#12053,1.);
#4390=VECTOR('',#12054,1.);
#4391=VECTOR('',#12055,1.);
#4392=VECTOR('',#12058,1.);
#4393=VECTOR('',#12059,1.);
#4394=VECTOR('',#12062,1.);
#4395=VECTOR('',#12063,1.);
#4396=VECTOR('',#12066,1.);
#4397=VECTOR('',#12069,1.);
#4398=VECTOR('',#12070,1.);
#4399=VECTOR('',#12071,1.);
#4400=VECTOR('',#12074,1.);
#4401=VECTOR('',#12075,1.);
#4402=VECTOR('',#12078,1.);
#4403=VECTOR('',#12079,1.);
#4404=VECTOR('',#12082,1.);
#4405=VECTOR('',#12085,1.);
#4406=VECTOR('',#12086,1.);
#4407=VECTOR('',#12087,1.);
#4408=VECTOR('',#12090,1.);
#4409=VECTOR('',#12091,1.);
#4410=VECTOR('',#12094,1.);
#4411=VECTOR('',#12095,1.);
#4412=VECTOR('',#12098,1.);
#4413=VECTOR('',#12101,10.);
#4414=VECTOR('',#12102,1.);
#4415=VECTOR('',#12103,1.);
#4416=VECTOR('',#12106,1.);
#4417=VECTOR('',#12107,1.00000000000064);
#4418=VECTOR('',#12110,1.);
#4419=VECTOR('',#12111,1.);
#4420=VECTOR('',#12114,1.);
#4421=VECTOR('',#12115,1.00000000000064);
#4422=VECTOR('',#12118,1.);
#4423=VECTOR('',#12119,1.00000000000064);
#4424=VECTOR('',#12122,1.);
#4425=VECTOR('',#12123,1.);
#4426=VECTOR('',#12126,1.);
#4427=VECTOR('',#12127,1.00000000000064);
#4428=VECTOR('',#12130,1.);
#4429=VECTOR('',#12131,1.00000000000064);
#4430=VECTOR('',#12134,1.);
#4431=VECTOR('',#12135,1.);
#4432=VECTOR('',#12138,1.);
#4433=VECTOR('',#12139,1.00000000000064);
#4434=VECTOR('',#12142,1.);
#4435=VECTOR('',#12143,1.00000000000064);
#4436=VECTOR('',#12146,1.);
#4437=VECTOR('',#12147,1.);
#4438=VECTOR('',#12150,1.);
#4439=VECTOR('',#12151,1.00000000000064);
#4440=VECTOR('',#12154,1.);
#4441=VECTOR('',#12155,1.00000000000064);
#4442=VECTOR('',#12158,1.);
#4443=VECTOR('',#12159,1.);
#4444=VECTOR('',#12162,1.);
#4445=VECTOR('',#12163,1.00000000000064);
#4446=VECTOR('',#12166,1.);
#4447=VECTOR('',#12167,1.00000000000064);
#4448=VECTOR('',#12170,1.);
#4449=VECTOR('',#12171,1.);
#4450=VECTOR('',#12174,1.);
#4451=VECTOR('',#12175,1.00000000000064);
#4452=VECTOR('',#12178,1.);
#4453=VECTOR('',#12179,1.00000000000064);
#4454=VECTOR('',#12182,1.);
#4455=VECTOR('',#12183,1.);
#4456=VECTOR('',#12186,1.);
#4457=VECTOR('',#12187,1.00000000000064);
#4458=VECTOR('',#12190,1.);
#4459=VECTOR('',#12191,1.00000000000064);
#4460=VECTOR('',#12194,1.);
#4461=VECTOR('',#12195,1.);
#4462=VECTOR('',#12198,1.);
#4463=VECTOR('',#12199,1.00000000000064);
#4464=VECTOR('',#12202,1.);
#4465=VECTOR('',#12203,1.00000000000064);
#4466=VECTOR('',#12206,1.);
#4467=VECTOR('',#12207,1.);
#4468=VECTOR('',#12210,1.);
#4469=VECTOR('',#12211,1.00000000000064);
#4470=VECTOR('',#12214,1.);
#4471=VECTOR('',#12215,1.00000000000064);
#4472=VECTOR('',#12218,1.);
#4473=VECTOR('',#12219,1.);
#4474=VECTOR('',#12222,1.);
#4475=VECTOR('',#12223,1.00000000000064);
#4476=VECTOR('',#12226,1.);
#4477=VECTOR('',#12227,1.00000000000064);
#4478=VECTOR('',#12230,1.);
#4479=VECTOR('',#12231,1.);
#4480=VECTOR('',#12234,1.);
#4481=VECTOR('',#12235,1.00000000000064);
#4482=VECTOR('',#12238,1.);
#4483=VECTOR('',#12239,1.00000000000064);
#4484=VECTOR('',#12242,1.);
#4485=VECTOR('',#12243,1.);
#4486=VECTOR('',#12246,1.);
#4487=VECTOR('',#12247,1.00000000000064);
#4488=VECTOR('',#12250,1.);
#4489=VECTOR('',#12251,1.00000000000064);
#4490=VECTOR('',#12254,1.);
#4491=VECTOR('',#12255,1.);
#4492=VECTOR('',#12258,1.);
#4493=VECTOR('',#12259,1.00000000000064);
#4494=VECTOR('',#12262,1.);
#4495=VECTOR('',#12263,1.00000000000064);
#4496=VECTOR('',#12266,1.);
#4497=VECTOR('',#12267,1.);
#4498=VECTOR('',#12270,1.);
#4499=VECTOR('',#12271,1.00000000000064);
#4500=VECTOR('',#12274,1.);
#4501=VECTOR('',#12275,1.00000000000064);
#4502=VECTOR('',#12278,1.);
#4503=VECTOR('',#12279,1.);
#4504=VECTOR('',#12282,1.);
#4505=VECTOR('',#12283,1.00000000000064);
#4506=VECTOR('',#12286,1.);
#4507=VECTOR('',#12287,1.00000000000064);
#4508=VECTOR('',#12290,1.);
#4509=VECTOR('',#12291,1.);
#4510=VECTOR('',#12294,1.);
#4511=VECTOR('',#12295,1.00000000000064);
#4512=VECTOR('',#12298,1.);
#4513=VECTOR('',#12299,1.00000000000064);
#4514=VECTOR('',#12302,1.);
#4515=VECTOR('',#12303,1.);
#4516=VECTOR('',#12306,1.);
#4517=VECTOR('',#12307,1.00000000000064);
#4518=VECTOR('',#12310,1.);
#4519=VECTOR('',#12311,1.00000000000064);
#4520=VECTOR('',#12314,1.);
#4521=VECTOR('',#12315,1.);
#4522=VECTOR('',#12318,1.);
#4523=VECTOR('',#12319,1.00000000000064);
#4524=VECTOR('',#12322,1.);
#4525=VECTOR('',#12323,1.00000000000064);
#4526=VECTOR('',#12326,1.);
#4527=VECTOR('',#12327,1.);
#4528=VECTOR('',#12330,1.);
#4529=VECTOR('',#12331,1.00000000000064);
#4530=VECTOR('',#12334,1.);
#4531=VECTOR('',#12335,1.00000000000064);
#4532=VECTOR('',#12338,1.);
#4533=VECTOR('',#12339,1.);
#4534=VECTOR('',#12342,1.);
#4535=VECTOR('',#12343,1.00000000000064);
#4536=VECTOR('',#12346,10.);
#4537=VECTOR('',#12347,1.);
#4538=VECTOR('',#12350,10.);
#4539=CIRCLE('',#9556,1.5);
#4540=CIRCLE('',#9557,1.5);
#4541=CIRCLE('',#9559,1.5);
#4542=CIRCLE('',#9560,1.5);
#4543=CIRCLE('',#9562,1.5);
#4544=CIRCLE('',#9563,1.5);
#4545=CIRCLE('',#9565,1.5);
#4546=CIRCLE('',#9566,1.5);
#4547=CIRCLE('',#9568,2.81359034196455);
#4548=CIRCLE('',#9569,2.81359034196455);
#4549=CIRCLE('',#9574,2.66820385789318);
#4550=CIRCLE('',#9575,2.66820385789318);
#4551=CIRCLE('',#9578,2.52489845237165);
#4552=CIRCLE('',#9579,2.52489845237165);
#4553=CIRCLE('',#9582,2.9082208912755);
#4554=CIRCLE('',#9583,2.9082208912755);
#4555=CIRCLE('',#9586,2.84539864521712);
#4556=CIRCLE('',#9587,2.84539864521712);
#4557=CIRCLE('',#9590,1.55471262370665);
#4558=CIRCLE('',#9591,1.55471262370665);
#4559=VERTEX_POINT('',#12355);
#4560=VERTEX_POINT('',#12357);
#4561=VERTEX_POINT('',#12361);
#4562=VERTEX_POINT('',#12363);
#4563=VERTEX_POINT('',#12367);
#4564=VERTEX_POINT('',#12369);
#4565=VERTEX_POINT('',#12373);
#4566=VERTEX_POINT('',#12375);
#4567=VERTEX_POINT('',#12379);
#4568=VERTEX_POINT('',#12380);
#4569=VERTEX_POINT('',#12382);
#4570=VERTEX_POINT('',#12384);
#4571=VERTEX_POINT('',#12388);
#4572=VERTEX_POINT('',#12390);
#4573=VERTEX_POINT('',#12394);
#4574=VERTEX_POINT('',#12396);
#4575=VERTEX_POINT('',#12400);
#4576=VERTEX_POINT('',#12402);
#4577=VERTEX_POINT('',#12406);
#4578=VERTEX_POINT('',#12408);
#4579=VERTEX_POINT('',#12412);
#4580=VERTEX_POINT('',#12414);
#4581=VERTEX_POINT('',#12418);
#4582=VERTEX_POINT('',#12420);
#4583=VERTEX_POINT('',#12424);
#4584=VERTEX_POINT('',#12426);
#4585=VERTEX_POINT('',#12430);
#4586=VERTEX_POINT('',#12432);
#4587=VERTEX_POINT('',#12436);
#4588=VERTEX_POINT('',#12438);
#4589=VERTEX_POINT('',#12442);
#4590=VERTEX_POINT('',#12444);
#4591=VERTEX_POINT('',#12448);
#4592=VERTEX_POINT('',#12450);
#4593=VERTEX_POINT('',#12454);
#4594=VERTEX_POINT('',#12456);
#4595=VERTEX_POINT('',#12463);
#4596=VERTEX_POINT('',#12464);
#4597=VERTEX_POINT('',#12466);
#4598=VERTEX_POINT('',#12468);
#4599=VERTEX_POINT('',#12470);
#4600=VERTEX_POINT('',#12472);
#4601=VERTEX_POINT('',#12474);
#4602=VERTEX_POINT('',#12476);
#4603=VERTEX_POINT('',#12478);
#4604=VERTEX_POINT('',#12480);
#4605=VERTEX_POINT('',#12482);
#4606=VERTEX_POINT('',#12484);
#4607=VERTEX_POINT('',#12486);
#4608=VERTEX_POINT('',#12488);
#4609=VERTEX_POINT('',#12490);
#4610=VERTEX_POINT('',#12492);
#4611=VERTEX_POINT('',#12494);
#4612=VERTEX_POINT('',#12496);
#4613=VERTEX_POINT('',#12498);
#4614=VERTEX_POINT('',#12500);
#4615=VERTEX_POINT('',#12502);
#4616=VERTEX_POINT('',#12504);
#4617=VERTEX_POINT('',#12506);
#4618=VERTEX_POINT('',#12508);
#4619=VERTEX_POINT('',#12510);
#4620=VERTEX_POINT('',#12512);
#4621=VERTEX_POINT('',#12514);
#4622=VERTEX_POINT('',#12516);
#4623=VERTEX_POINT('',#12518);
#4624=VERTEX_POINT('',#12520);
#4625=VERTEX_POINT('',#12522);
#4626=VERTEX_POINT('',#12524);
#4627=VERTEX_POINT('',#12526);
#4628=VERTEX_POINT('',#12528);
#4629=VERTEX_POINT('',#12530);
#4630=VERTEX_POINT('',#12532);
#4631=VERTEX_POINT('',#12534);
#4632=VERTEX_POINT('',#12536);
#4633=VERTEX_POINT('',#12538);
#4634=VERTEX_POINT('',#12540);
#4635=VERTEX_POINT('',#12542);
#4636=VERTEX_POINT('',#12544);
#4637=VERTEX_POINT('',#12546);
#4638=VERTEX_POINT('',#12548);
#4639=VERTEX_POINT('',#12550);
#4640=VERTEX_POINT('',#12552);
#4641=VERTEX_POINT('',#12554);
#4642=VERTEX_POINT('',#12556);
#4643=VERTEX_POINT('',#12558);
#4644=VERTEX_POINT('',#12560);
#4645=VERTEX_POINT('',#12562);
#4646=VERTEX_POINT('',#12564);
#4647=VERTEX_POINT('',#12566);
#4648=VERTEX_POINT('',#12568);
#4649=VERTEX_POINT('',#12570);
#4650=VERTEX_POINT('',#12572);
#4651=VERTEX_POINT('',#12574);
#4652=VERTEX_POINT('',#12576);
#4653=VERTEX_POINT('',#12578);
#4654=VERTEX_POINT('',#12580);
#4655=VERTEX_POINT('',#12582);
#4656=VERTEX_POINT('',#12584);
#4657=VERTEX_POINT('',#12586);
#4658=VERTEX_POINT('',#12589);
#4659=VERTEX_POINT('',#12590);
#4660=VERTEX_POINT('',#12592);
#4661=VERTEX_POINT('',#12594);
#4662=VERTEX_POINT('',#12596);
#4663=VERTEX_POINT('',#12598);
#4664=VERTEX_POINT('',#12600);
#4665=VERTEX_POINT('',#12602);
#4666=VERTEX_POINT('',#12604);
#4667=VERTEX_POINT('',#12606);
#4668=VERTEX_POINT('',#12608);
#4669=VERTEX_POINT('',#12610);
#4670=VERTEX_POINT('',#12612);
#4671=VERTEX_POINT('',#12614);
#4672=VERTEX_POINT('',#12616);
#4673=VERTEX_POINT('',#12618);
#4674=VERTEX_POINT('',#12620);
#4675=VERTEX_POINT('',#12622);
#4676=VERTEX_POINT('',#12624);
#4677=VERTEX_POINT('',#12626);
#4678=VERTEX_POINT('',#12628);
#4679=VERTEX_POINT('',#12630);
#4680=VERTEX_POINT('',#12632);
#4681=VERTEX_POINT('',#12634);
#4682=VERTEX_POINT('',#12636);
#4683=VERTEX_POINT('',#12638);
#4684=VERTEX_POINT('',#12640);
#4685=VERTEX_POINT('',#12642);
#4686=VERTEX_POINT('',#12644);
#4687=VERTEX_POINT('',#12646);
#4688=VERTEX_POINT('',#12648);
#4689=VERTEX_POINT('',#12650);
#4690=VERTEX_POINT('',#12652);
#4691=VERTEX_POINT('',#12654);
#4692=VERTEX_POINT('',#12656);
#4693=VERTEX_POINT('',#12658);
#4694=VERTEX_POINT('',#12660);
#4695=VERTEX_POINT('',#12662);
#4696=VERTEX_POINT('',#12664);
#4697=VERTEX_POINT('',#12666);
#4698=VERTEX_POINT('',#12668);
#4699=VERTEX_POINT('',#12670);
#4700=VERTEX_POINT('',#12672);
#4701=VERTEX_POINT('',#12674);
#4702=VERTEX_POINT('',#12676);
#4703=VERTEX_POINT('',#12678);
#4704=VERTEX_POINT('',#12680);
#4705=VERTEX_POINT('',#12682);
#4706=VERTEX_POINT('',#12684);
#4707=VERTEX_POINT('',#12686);
#4708=VERTEX_POINT('',#12688);
#4709=VERTEX_POINT('',#12690);
#4710=VERTEX_POINT('',#12692);
#4711=VERTEX_POINT('',#12694);
#4712=VERTEX_POINT('',#12696);
#4713=VERTEX_POINT('',#12698);
#4714=VERTEX_POINT('',#12700);
#4715=VERTEX_POINT('',#12702);
#4716=VERTEX_POINT('',#12704);
#4717=VERTEX_POINT('',#12706);
#4718=VERTEX_POINT('',#12708);
#4719=VERTEX_POINT('',#12710);
#4720=VERTEX_POINT('',#12712);
#4721=VERTEX_POINT('',#12717);
#4722=VERTEX_POINT('',#12719);
#4723=VERTEX_POINT('',#12723);
#4724=VERTEX_POINT('',#12727);
#4725=VERTEX_POINT('',#12731);
#4726=VERTEX_POINT('',#12733);
#4727=VERTEX_POINT('',#12735);
#4728=VERTEX_POINT('',#12737);
#4729=VERTEX_POINT('',#12739);
#4730=VERTEX_POINT('',#12741);
#4731=VERTEX_POINT('',#12743);
#4732=VERTEX_POINT('',#12745);
#4733=VERTEX_POINT('',#12747);
#4734=VERTEX_POINT('',#12749);
#4735=VERTEX_POINT('',#12751);
#4736=VERTEX_POINT('',#12753);
#4737=VERTEX_POINT('',#12755);
#4738=VERTEX_POINT('',#12757);
#4739=VERTEX_POINT('',#12759);
#4740=VERTEX_POINT('',#12761);
#4741=VERTEX_POINT('',#12763);
#4742=VERTEX_POINT('',#12765);
#4743=VERTEX_POINT('',#12767);
#4744=VERTEX_POINT('',#12769);
#4745=VERTEX_POINT('',#12771);
#4746=VERTEX_POINT('',#12773);
#4747=VERTEX_POINT('',#12775);
#4748=VERTEX_POINT('',#12777);
#4749=VERTEX_POINT('',#12779);
#4750=VERTEX_POINT('',#12781);
#4751=VERTEX_POINT('',#12783);
#4752=VERTEX_POINT('',#12785);
#4753=VERTEX_POINT('',#12787);
#4754=VERTEX_POINT('',#12789);
#4755=VERTEX_POINT('',#12791);
#4756=VERTEX_POINT('',#12793);
#4757=VERTEX_POINT('',#12795);
#4758=VERTEX_POINT('',#12797);
#4759=VERTEX_POINT('',#12799);
#4760=VERTEX_POINT('',#12801);
#4761=VERTEX_POINT('',#12803);
#4762=VERTEX_POINT('',#12805);
#4763=VERTEX_POINT('',#12807);
#4764=VERTEX_POINT('',#12809);
#4765=VERTEX_POINT('',#12811);
#4766=VERTEX_POINT('',#12813);
#4767=VERTEX_POINT('',#12815);
#4768=VERTEX_POINT('',#12817);
#4769=VERTEX_POINT('',#12819);
#4770=VERTEX_POINT('',#12821);
#4771=VERTEX_POINT('',#12823);
#4772=VERTEX_POINT('',#12825);
#4773=VERTEX_POINT('',#12827);
#4774=VERTEX_POINT('',#12829);
#4775=VERTEX_POINT('',#12831);
#4776=VERTEX_POINT('',#12833);
#4777=VERTEX_POINT('',#12835);
#4778=VERTEX_POINT('',#12837);
#4779=VERTEX_POINT('',#12839);
#4780=VERTEX_POINT('',#12841);
#4781=VERTEX_POINT('',#12843);
#4782=VERTEX_POINT('',#12845);
#4783=VERTEX_POINT('',#12847);
#4784=VERTEX_POINT('',#12850);
#4785=VERTEX_POINT('',#12851);
#4786=VERTEX_POINT('',#12853);
#4787=VERTEX_POINT('',#12855);
#4788=VERTEX_POINT('',#12858);
#4789=VERTEX_POINT('',#12859);
#4790=VERTEX_POINT('',#12861);
#4791=VERTEX_POINT('',#12863);
#4792=VERTEX_POINT('',#12866);
#4793=VERTEX_POINT('',#12867);
#4794=VERTEX_POINT('',#12869);
#4795=VERTEX_POINT('',#12871);
#4796=VERTEX_POINT('',#12874);
#4797=VERTEX_POINT('',#12875);
#4798=VERTEX_POINT('',#12877);
#4799=VERTEX_POINT('',#12879);
#4800=VERTEX_POINT('',#12882);
#4801=VERTEX_POINT('',#12883);
#4802=VERTEX_POINT('',#12885);
#4803=VERTEX_POINT('',#12887);
#4804=VERTEX_POINT('',#12890);
#4805=VERTEX_POINT('',#12891);
#4806=VERTEX_POINT('',#12893);
#4807=VERTEX_POINT('',#12895);
#4808=VERTEX_POINT('',#12898);
#4809=VERTEX_POINT('',#12899);
#4810=VERTEX_POINT('',#12901);
#4811=VERTEX_POINT('',#12903);
#4812=VERTEX_POINT('',#12906);
#4813=VERTEX_POINT('',#12907);
#4814=VERTEX_POINT('',#12909);
#4815=VERTEX_POINT('',#12911);
#4816=VERTEX_POINT('',#12914);
#4817=VERTEX_POINT('',#12915);
#4818=VERTEX_POINT('',#12917);
#4819=VERTEX_POINT('',#12919);
#4820=VERTEX_POINT('',#12922);
#4821=VERTEX_POINT('',#12923);
#4822=VERTEX_POINT('',#12925);
#4823=VERTEX_POINT('',#12927);
#4824=VERTEX_POINT('',#12930);
#4825=VERTEX_POINT('',#12931);
#4826=VERTEX_POINT('',#12933);
#4827=VERTEX_POINT('',#12935);
#4828=VERTEX_POINT('',#12938);
#4829=VERTEX_POINT('',#12939);
#4830=VERTEX_POINT('',#12941);
#4831=VERTEX_POINT('',#12943);
#4832=VERTEX_POINT('',#12946);
#4833=VERTEX_POINT('',#12947);
#4834=VERTEX_POINT('',#12949);
#4835=VERTEX_POINT('',#12951);
#4836=VERTEX_POINT('',#12954);
#4837=VERTEX_POINT('',#12955);
#4838=VERTEX_POINT('',#12957);
#4839=VERTEX_POINT('',#12959);
#4840=VERTEX_POINT('',#12962);
#4841=VERTEX_POINT('',#12963);
#4842=VERTEX_POINT('',#12965);
#4843=VERTEX_POINT('',#12967);
#4844=VERTEX_POINT('',#12970);
#4845=VERTEX_POINT('',#12971);
#4846=VERTEX_POINT('',#12973);
#4847=VERTEX_POINT('',#12975);
#4848=VERTEX_POINT('',#12978);
#4849=VERTEX_POINT('',#12979);
#4850=VERTEX_POINT('',#12981);
#4851=VERTEX_POINT('',#12983);
#4852=VERTEX_POINT('',#12986);
#4853=VERTEX_POINT('',#12987);
#4854=VERTEX_POINT('',#12989);
#4855=VERTEX_POINT('',#12991);
#4856=VERTEX_POINT('',#12994);
#4857=VERTEX_POINT('',#12995);
#4858=VERTEX_POINT('',#12997);
#4859=VERTEX_POINT('',#12999);
#4860=VERTEX_POINT('',#13002);
#4861=VERTEX_POINT('',#13003);
#4862=VERTEX_POINT('',#13005);
#4863=VERTEX_POINT('',#13007);
#4864=VERTEX_POINT('',#13130);
#4865=VERTEX_POINT('',#13132);
#4866=VERTEX_POINT('',#13136);
#4867=VERTEX_POINT('',#13140);
#4868=VERTEX_POINT('',#13146);
#4869=VERTEX_POINT('',#13148);
#4870=VERTEX_POINT('',#13152);
#4871=VERTEX_POINT('',#13156);
#4872=VERTEX_POINT('',#13162);
#4873=VERTEX_POINT('',#13164);
#4874=VERTEX_POINT('',#13168);
#4875=VERTEX_POINT('',#13172);
#4876=VERTEX_POINT('',#13178);
#4877=VERTEX_POINT('',#13180);
#4878=VERTEX_POINT('',#13184);
#4879=VERTEX_POINT('',#13188);
#4880=VERTEX_POINT('',#13194);
#4881=VERTEX_POINT('',#13196);
#4882=VERTEX_POINT('',#13200);
#4883=VERTEX_POINT('',#13204);
#4884=VERTEX_POINT('',#13210);
#4885=VERTEX_POINT('',#13212);
#4886=VERTEX_POINT('',#13216);
#4887=VERTEX_POINT('',#13220);
#4888=VERTEX_POINT('',#13226);
#4889=VERTEX_POINT('',#13228);
#4890=VERTEX_POINT('',#13232);
#4891=VERTEX_POINT('',#13236);
#4892=VERTEX_POINT('',#13242);
#4893=VERTEX_POINT('',#13244);
#4894=VERTEX_POINT('',#13248);
#4895=VERTEX_POINT('',#13252);
#4896=VERTEX_POINT('',#13258);
#4897=VERTEX_POINT('',#13260);
#4898=VERTEX_POINT('',#13264);
#4899=VERTEX_POINT('',#13268);
#4900=VERTEX_POINT('',#13274);
#4901=VERTEX_POINT('',#13276);
#4902=VERTEX_POINT('',#13280);
#4903=VERTEX_POINT('',#13284);
#4904=VERTEX_POINT('',#13290);
#4905=VERTEX_POINT('',#13292);
#4906=VERTEX_POINT('',#13296);
#4907=VERTEX_POINT('',#13300);
#4908=VERTEX_POINT('',#13306);
#4909=VERTEX_POINT('',#13308);
#4910=VERTEX_POINT('',#13312);
#4911=VERTEX_POINT('',#13316);
#4912=VERTEX_POINT('',#13322);
#4913=VERTEX_POINT('',#13324);
#4914=VERTEX_POINT('',#13328);
#4915=VERTEX_POINT('',#13332);
#4916=VERTEX_POINT('',#13338);
#4917=VERTEX_POINT('',#13340);
#4918=VERTEX_POINT('',#13344);
#4919=VERTEX_POINT('',#13348);
#4920=VERTEX_POINT('',#13354);
#4921=VERTEX_POINT('',#13356);
#4922=VERTEX_POINT('',#13360);
#4923=VERTEX_POINT('',#13364);
#4924=VERTEX_POINT('',#13370);
#4925=VERTEX_POINT('',#13372);
#4926=VERTEX_POINT('',#13376);
#4927=VERTEX_POINT('',#13380);
#4928=VERTEX_POINT('',#13386);
#4929=VERTEX_POINT('',#13388);
#4930=VERTEX_POINT('',#13392);
#4931=VERTEX_POINT('',#13396);
#4932=VERTEX_POINT('',#13402);
#4933=VERTEX_POINT('',#13404);
#4934=VERTEX_POINT('',#13408);
#4935=VERTEX_POINT('',#13412);
#4936=VERTEX_POINT('',#13418);
#4937=VERTEX_POINT('',#13420);
#4938=VERTEX_POINT('',#13424);
#4939=VERTEX_POINT('',#13428);
#4940=VERTEX_POINT('',#13434);
#4941=VERTEX_POINT('',#13436);
#4942=VERTEX_POINT('',#13440);
#4943=VERTEX_POINT('',#13444);
#4944=VERTEX_POINT('',#13450);
#4945=VERTEX_POINT('',#13452);
#4946=VERTEX_POINT('',#13456);
#4947=VERTEX_POINT('',#13460);
#4948=VERTEX_POINT('',#13466);
#4949=VERTEX_POINT('',#13468);
#4950=VERTEX_POINT('',#13472);
#4951=VERTEX_POINT('',#13476);
#4952=VERTEX_POINT('',#13482);
#4953=VERTEX_POINT('',#13484);
#4954=VERTEX_POINT('',#13488);
#4955=VERTEX_POINT('',#13492);
#4956=VERTEX_POINT('',#13498);
#4957=VERTEX_POINT('',#13500);
#4958=VERTEX_POINT('',#13504);
#4959=VERTEX_POINT('',#13508);
#4960=VERTEX_POINT('',#13514);
#4961=VERTEX_POINT('',#13516);
#4962=VERTEX_POINT('',#13520);
#4963=VERTEX_POINT('',#13524);
#4964=VERTEX_POINT('',#13530);
#4965=VERTEX_POINT('',#13532);
#4966=VERTEX_POINT('',#13536);
#4967=VERTEX_POINT('',#13540);
#4968=VERTEX_POINT('',#13546);
#4969=VERTEX_POINT('',#13548);
#4970=VERTEX_POINT('',#13552);
#4971=VERTEX_POINT('',#13556);
#4972=VERTEX_POINT('',#13562);
#4973=VERTEX_POINT('',#13564);
#4974=VERTEX_POINT('',#13568);
#4975=VERTEX_POINT('',#13572);
#4976=VERTEX_POINT('',#13578);
#4977=VERTEX_POINT('',#13580);
#4978=VERTEX_POINT('',#13584);
#4979=VERTEX_POINT('',#13588);
#4980=VERTEX_POINT('',#13594);
#4981=VERTEX_POINT('',#13596);
#4982=VERTEX_POINT('',#13600);
#4983=VERTEX_POINT('',#13604);
#4984=VERTEX_POINT('',#13610);
#4985=VERTEX_POINT('',#13612);
#4986=VERTEX_POINT('',#13616);
#4987=VERTEX_POINT('',#13620);
#4988=VERTEX_POINT('',#13626);
#4989=VERTEX_POINT('',#13628);
#4990=VERTEX_POINT('',#13632);
#4991=VERTEX_POINT('',#13636);
#4992=VERTEX_POINT('',#13642);
#4993=VERTEX_POINT('',#13644);
#4994=VERTEX_POINT('',#13648);
#4995=VERTEX_POINT('',#13652);
#4996=VERTEX_POINT('',#13658);
#4997=VERTEX_POINT('',#13660);
#4998=VERTEX_POINT('',#13664);
#4999=VERTEX_POINT('',#13668);
#5000=VERTEX_POINT('',#13674);
#5001=VERTEX_POINT('',#13676);
#5002=VERTEX_POINT('',#13680);
#5003=VERTEX_POINT('',#13684);
#5004=VERTEX_POINT('',#13690);
#5005=VERTEX_POINT('',#13692);
#5006=VERTEX_POINT('',#13696);
#5007=VERTEX_POINT('',#13700);
#5008=VERTEX_POINT('',#13706);
#5009=VERTEX_POINT('',#13708);
#5010=VERTEX_POINT('',#13712);
#5011=VERTEX_POINT('',#13716);
#5012=VERTEX_POINT('',#13722);
#5013=VERTEX_POINT('',#13724);
#5014=VERTEX_POINT('',#13728);
#5015=VERTEX_POINT('',#13732);
#5016=VERTEX_POINT('',#13738);
#5017=VERTEX_POINT('',#13740);
#5018=VERTEX_POINT('',#13744);
#5019=VERTEX_POINT('',#13748);
#5020=VERTEX_POINT('',#13754);
#5021=VERTEX_POINT('',#13756);
#5022=VERTEX_POINT('',#13760);
#5023=VERTEX_POINT('',#13764);
#5024=VERTEX_POINT('',#13790);
#5025=VERTEX_POINT('',#13791);
#5026=VERTEX_POINT('',#13793);
#5027=VERTEX_POINT('',#13795);
#5028=VERTEX_POINT('',#13799);
#5029=VERTEX_POINT('',#13800);
#5030=VERTEX_POINT('',#13802);
#5031=VERTEX_POINT('',#13804);
#5032=VERTEX_POINT('',#13808);
#5033=VERTEX_POINT('',#13809);
#5034=VERTEX_POINT('',#13811);
#5035=VERTEX_POINT('',#13813);
#5036=VERTEX_POINT('',#13817);
#5037=VERTEX_POINT('',#13818);
#5038=VERTEX_POINT('',#13820);
#5039=VERTEX_POINT('',#13822);
#5040=VERTEX_POINT('',#13826);
#5041=VERTEX_POINT('',#13827);
#5042=VERTEX_POINT('',#13829);
#5043=VERTEX_POINT('',#13831);
#5044=VERTEX_POINT('',#13835);
#5045=VERTEX_POINT('',#13836);
#5046=VERTEX_POINT('',#13838);
#5047=VERTEX_POINT('',#13840);
#5048=VERTEX_POINT('',#13844);
#5049=VERTEX_POINT('',#13845);
#5050=VERTEX_POINT('',#13847);
#5051=VERTEX_POINT('',#13849);
#5052=VERTEX_POINT('',#13853);
#5053=VERTEX_POINT('',#13854);
#5054=VERTEX_POINT('',#13856);
#5055=VERTEX_POINT('',#13858);
#5056=VERTEX_POINT('',#13862);
#5057=VERTEX_POINT('',#13863);
#5058=VERTEX_POINT('',#13865);
#5059=VERTEX_POINT('',#13867);
#5060=VERTEX_POINT('',#13871);
#5061=VERTEX_POINT('',#13872);
#5062=VERTEX_POINT('',#13874);
#5063=VERTEX_POINT('',#13876);
#5064=VERTEX_POINT('',#13880);
#5065=VERTEX_POINT('',#13881);
#5066=VERTEX_POINT('',#13883);
#5067=VERTEX_POINT('',#13885);
#5068=VERTEX_POINT('',#13889);
#5069=VERTEX_POINT('',#13890);
#5070=VERTEX_POINT('',#13892);
#5071=VERTEX_POINT('',#13894);
#5072=VERTEX_POINT('',#13898);
#5073=VERTEX_POINT('',#13899);
#5074=VERTEX_POINT('',#13901);
#5075=VERTEX_POINT('',#13903);
#5076=VERTEX_POINT('',#13907);
#5077=VERTEX_POINT('',#13908);
#5078=VERTEX_POINT('',#13910);
#5079=VERTEX_POINT('',#13912);
#5080=VERTEX_POINT('',#13916);
#5081=VERTEX_POINT('',#13917);
#5082=VERTEX_POINT('',#13919);
#5083=VERTEX_POINT('',#13921);
#5084=VERTEX_POINT('',#13925);
#5085=VERTEX_POINT('',#13926);
#5086=VERTEX_POINT('',#13928);
#5087=VERTEX_POINT('',#13930);
#5088=VERTEX_POINT('',#13934);
#5089=VERTEX_POINT('',#13935);
#5090=VERTEX_POINT('',#13937);
#5091=VERTEX_POINT('',#13939);
#5092=VERTEX_POINT('',#13943);
#5093=VERTEX_POINT('',#13944);
#5094=VERTEX_POINT('',#13946);
#5095=VERTEX_POINT('',#13948);
#5096=VERTEX_POINT('',#13952);
#5097=VERTEX_POINT('',#13953);
#5098=VERTEX_POINT('',#13955);
#5099=VERTEX_POINT('',#13957);
#5100=VERTEX_POINT('',#13961);
#5101=VERTEX_POINT('',#13962);
#5102=VERTEX_POINT('',#13964);
#5103=VERTEX_POINT('',#13966);
#5104=VERTEX_POINT('',#13970);
#5105=VERTEX_POINT('',#13972);
#5106=VERTEX_POINT('',#13976);
#5107=VERTEX_POINT('',#13980);
#5108=VERTEX_POINT('',#13986);
#5109=VERTEX_POINT('',#13988);
#5110=VERTEX_POINT('',#13992);
#5111=VERTEX_POINT('',#13996);
#5112=VERTEX_POINT('',#14002);
#5113=VERTEX_POINT('',#14004);
#5114=VERTEX_POINT('',#14008);
#5115=VERTEX_POINT('',#14012);
#5116=VERTEX_POINT('',#14018);
#5117=VERTEX_POINT('',#14020);
#5118=VERTEX_POINT('',#14024);
#5119=VERTEX_POINT('',#14028);
#5120=VERTEX_POINT('',#14034);
#5121=VERTEX_POINT('',#14036);
#5122=VERTEX_POINT('',#14040);
#5123=VERTEX_POINT('',#14044);
#5124=VERTEX_POINT('',#14050);
#5125=VERTEX_POINT('',#14052);
#5126=VERTEX_POINT('',#14056);
#5127=VERTEX_POINT('',#14060);
#5128=VERTEX_POINT('',#14066);
#5129=VERTEX_POINT('',#14068);
#5130=VERTEX_POINT('',#14072);
#5131=VERTEX_POINT('',#14076);
#5132=VERTEX_POINT('',#14082);
#5133=VERTEX_POINT('',#14084);
#5134=VERTEX_POINT('',#14088);
#5135=VERTEX_POINT('',#14092);
#5136=VERTEX_POINT('',#14098);
#5137=VERTEX_POINT('',#14100);
#5138=VERTEX_POINT('',#14104);
#5139=VERTEX_POINT('',#14108);
#5140=VERTEX_POINT('',#14114);
#5141=VERTEX_POINT('',#14116);
#5142=VERTEX_POINT('',#14120);
#5143=VERTEX_POINT('',#14124);
#5144=VERTEX_POINT('',#14130);
#5145=VERTEX_POINT('',#14132);
#5146=VERTEX_POINT('',#14136);
#5147=VERTEX_POINT('',#14140);
#5148=VERTEX_POINT('',#14146);
#5149=VERTEX_POINT('',#14148);
#5150=VERTEX_POINT('',#14152);
#5151=VERTEX_POINT('',#14156);
#5152=VERTEX_POINT('',#14162);
#5153=VERTEX_POINT('',#14164);
#5154=VERTEX_POINT('',#14168);
#5155=VERTEX_POINT('',#14172);
#5156=VERTEX_POINT('',#14178);
#5157=VERTEX_POINT('',#14180);
#5158=VERTEX_POINT('',#14184);
#5159=VERTEX_POINT('',#14188);
#5160=VERTEX_POINT('',#14194);
#5161=VERTEX_POINT('',#14196);
#5162=VERTEX_POINT('',#14200);
#5163=VERTEX_POINT('',#14204);
#5164=VERTEX_POINT('',#14210);
#5165=VERTEX_POINT('',#14212);
#5166=VERTEX_POINT('',#14216);
#5167=VERTEX_POINT('',#14220);
#5168=VERTEX_POINT('',#14226);
#5169=VERTEX_POINT('',#14228);
#5170=VERTEX_POINT('',#14232);
#5171=VERTEX_POINT('',#14236);
#5172=VERTEX_POINT('',#14242);
#5173=VERTEX_POINT('',#14244);
#5174=VERTEX_POINT('',#14248);
#5175=VERTEX_POINT('',#14252);
#5176=VERTEX_POINT('',#14258);
#5177=VERTEX_POINT('',#14260);
#5178=VERTEX_POINT('',#14264);
#5179=VERTEX_POINT('',#14268);
#5180=VERTEX_POINT('',#14274);
#5181=VERTEX_POINT('',#14276);
#5182=VERTEX_POINT('',#14280);
#5183=VERTEX_POINT('',#14284);
#5184=VERTEX_POINT('',#14290);
#5185=VERTEX_POINT('',#14292);
#5186=VERTEX_POINT('',#14296);
#5187=VERTEX_POINT('',#14300);
#5188=VERTEX_POINT('',#14306);
#5189=VERTEX_POINT('',#14308);
#5190=VERTEX_POINT('',#14312);
#5191=VERTEX_POINT('',#14316);
#5192=VERTEX_POINT('',#14322);
#5193=VERTEX_POINT('',#14324);
#5194=VERTEX_POINT('',#14328);
#5195=VERTEX_POINT('',#14332);
#5196=VERTEX_POINT('',#14338);
#5197=VERTEX_POINT('',#14340);
#5198=VERTEX_POINT('',#14344);
#5199=VERTEX_POINT('',#14348);
#5200=VERTEX_POINT('',#14354);
#5201=VERTEX_POINT('',#14356);
#5202=VERTEX_POINT('',#14360);
#5203=VERTEX_POINT('',#14364);
#5204=VERTEX_POINT('',#14370);
#5205=VERTEX_POINT('',#14372);
#5206=VERTEX_POINT('',#14376);
#5207=VERTEX_POINT('',#14380);
#5208=VERTEX_POINT('',#14386);
#5209=VERTEX_POINT('',#14388);
#5210=VERTEX_POINT('',#14392);
#5211=VERTEX_POINT('',#14396);
#5212=VERTEX_POINT('',#14402);
#5213=VERTEX_POINT('',#14404);
#5214=VERTEX_POINT('',#14408);
#5215=VERTEX_POINT('',#14412);
#5216=VERTEX_POINT('',#14418);
#5217=VERTEX_POINT('',#14420);
#5218=VERTEX_POINT('',#14424);
#5219=VERTEX_POINT('',#14428);
#5220=VERTEX_POINT('',#14434);
#5221=VERTEX_POINT('',#14436);
#5222=VERTEX_POINT('',#14440);
#5223=VERTEX_POINT('',#14444);
#5224=VERTEX_POINT('',#14450);
#5225=VERTEX_POINT('',#14452);
#5226=VERTEX_POINT('',#14456);
#5227=VERTEX_POINT('',#14460);
#5228=VERTEX_POINT('',#14466);
#5229=VERTEX_POINT('',#14468);
#5230=VERTEX_POINT('',#14472);
#5231=VERTEX_POINT('',#14476);
#5232=VERTEX_POINT('',#14482);
#5233=VERTEX_POINT('',#14484);
#5234=VERTEX_POINT('',#14488);
#5235=VERTEX_POINT('',#14492);
#5236=VERTEX_POINT('',#14498);
#5237=VERTEX_POINT('',#14500);
#5238=VERTEX_POINT('',#14504);
#5239=VERTEX_POINT('',#14508);
#5240=VERTEX_POINT('',#14514);
#5241=VERTEX_POINT('',#14516);
#5242=VERTEX_POINT('',#14520);
#5243=VERTEX_POINT('',#14524);
#5244=VERTEX_POINT('',#14530);
#5245=VERTEX_POINT('',#14532);
#5246=VERTEX_POINT('',#14536);
#5247=VERTEX_POINT('',#14540);
#5248=VERTEX_POINT('',#14546);
#5249=VERTEX_POINT('',#14548);
#5250=VERTEX_POINT('',#14552);
#5251=VERTEX_POINT('',#14556);
#5252=VERTEX_POINT('',#14562);
#5253=VERTEX_POINT('',#14564);
#5254=VERTEX_POINT('',#14568);
#5255=VERTEX_POINT('',#14572);
#5256=VERTEX_POINT('',#14578);
#5257=VERTEX_POINT('',#14580);
#5258=VERTEX_POINT('',#14584);
#5259=VERTEX_POINT('',#14588);
#5260=VERTEX_POINT('',#14594);
#5261=VERTEX_POINT('',#14596);
#5262=VERTEX_POINT('',#14600);
#5263=VERTEX_POINT('',#14604);
#5264=VERTEX_POINT('',#14610);
#5265=VERTEX_POINT('',#14612);
#5266=VERTEX_POINT('',#14616);
#5267=VERTEX_POINT('',#14620);
#5268=VERTEX_POINT('',#14624);
#5269=VERTEX_POINT('',#14628);
#5270=VERTEX_POINT('',#14632);
#5271=VERTEX_POINT('',#14636);
#5272=VERTEX_POINT('',#14640);
#5273=VERTEX_POINT('',#14644);
#5274=VERTEX_POINT('',#14648);
#5275=VERTEX_POINT('',#14652);
#5276=VERTEX_POINT('',#14656);
#5277=VERTEX_POINT('',#14660);
#5278=VERTEX_POINT('',#14664);
#5279=VERTEX_POINT('',#14668);
#5280=VERTEX_POINT('',#14672);
#5281=VERTEX_POINT('',#14676);
#5282=VERTEX_POINT('',#14680);
#5283=VERTEX_POINT('',#14684);
#5284=VERTEX_POINT('',#14688);
#5285=VERTEX_POINT('',#14692);
#5286=VERTEX_POINT('',#14696);
#5287=VERTEX_POINT('',#14700);
#5288=VERTEX_POINT('',#14704);
#5289=VERTEX_POINT('',#14708);
#5290=VERTEX_POINT('',#14712);
#5291=VERTEX_POINT('',#14716);
#5292=VERTEX_POINT('',#14720);
#5293=VERTEX_POINT('',#14724);
#5294=VERTEX_POINT('',#14728);
#5295=VERTEX_POINT('',#14732);
#5296=VERTEX_POINT('',#14736);
#5297=VERTEX_POINT('',#14740);
#5298=VERTEX_POINT('',#14744);
#5299=VERTEX_POINT('',#14748);
#5300=VERTEX_POINT('',#14752);
#5301=VERTEX_POINT('',#14756);
#5302=VERTEX_POINT('',#14760);
#5303=VERTEX_POINT('',#14764);
#5304=VERTEX_POINT('',#14768);
#5305=VERTEX_POINT('',#14772);
#5306=VERTEX_POINT('',#14776);
#5307=VERTEX_POINT('',#14780);
#5308=VERTEX_POINT('',#14784);
#5309=VERTEX_POINT('',#14788);
#5310=VERTEX_POINT('',#14792);
#5311=VERTEX_POINT('',#14796);
#5312=VERTEX_POINT('',#14800);
#5313=VERTEX_POINT('',#14804);
#5314=VERTEX_POINT('',#14808);
#5315=VERTEX_POINT('',#14812);
#5316=VERTEX_POINT('',#14816);
#5317=VERTEX_POINT('',#14820);
#5318=VERTEX_POINT('',#14824);
#5319=VERTEX_POINT('',#14828);
#5320=VERTEX_POINT('',#14832);
#5321=VERTEX_POINT('',#14836);
#5322=VERTEX_POINT('',#14840);
#5323=VERTEX_POINT('',#14844);
#5324=VERTEX_POINT('',#14848);
#5325=VERTEX_POINT('',#14852);
#5326=VERTEX_POINT('',#14856);
#5327=EDGE_CURVE('',#4559,#4559,#4539,.T.);
#5328=EDGE_CURVE('',#4559,#4560,#2115,.T.);
#5329=EDGE_CURVE('',#4560,#4560,#4540,.T.);
#5330=EDGE_CURVE('',#4561,#4561,#4541,.T.);
#5331=EDGE_CURVE('',#4561,#4562,#2116,.T.);
#5332=EDGE_CURVE('',#4562,#4562,#4542,.T.);
#5333=EDGE_CURVE('',#4563,#4563,#4543,.T.);
#5334=EDGE_CURVE('',#4563,#4564,#2117,.T.);
#5335=EDGE_CURVE('',#4564,#4564,#4544,.T.);
#5336=EDGE_CURVE('',#4565,#4565,#4545,.T.);
#5337=EDGE_CURVE('',#4565,#4566,#2118,.T.);
#5338=EDGE_CURVE('',#4566,#4566,#4546,.T.);
#5339=EDGE_CURVE('',#4567,#4568,#4547,.T.);
#5340=EDGE_CURVE('',#4568,#4569,#2119,.T.);
#5341=EDGE_CURVE('',#4569,#4570,#4548,.T.);
#5342=EDGE_CURVE('',#4567,#4570,#2120,.T.);
#5343=EDGE_CURVE('',#4568,#4571,#2121,.T.);
#5344=EDGE_CURVE('',#4571,#4572,#2122,.T.);
#5345=EDGE_CURVE('',#4572,#4569,#2123,.T.);
#5346=EDGE_CURVE('',#4571,#4573,#2124,.T.);
#5347=EDGE_CURVE('',#4573,#4574,#2125,.T.);
#5348=EDGE_CURVE('',#4574,#4572,#2126,.T.);
#5349=EDGE_CURVE('',#4573,#4575,#2127,.T.);
#5350=EDGE_CURVE('',#4575,#4576,#2128,.T.);
#5351=EDGE_CURVE('',#4576,#4574,#2129,.T.);
#5352=EDGE_CURVE('',#4575,#4577,#4549,.T.);
#5353=EDGE_CURVE('',#4577,#4578,#2130,.T.);
#5354=EDGE_CURVE('',#4578,#4576,#4550,.T.);
#5355=EDGE_CURVE('',#4577,#4579,#2131,.T.);
#5356=EDGE_CURVE('',#4579,#4580,#2132,.T.);
#5357=EDGE_CURVE('',#4580,#4578,#2133,.T.);
#5358=EDGE_CURVE('',#4581,#4579,#4551,.T.);
#5359=EDGE_CURVE('',#4581,#4582,#2134,.T.);
#5360=EDGE_CURVE('',#4582,#4580,#4552,.T.);
#5361=EDGE_CURVE('',#4581,#4583,#2135,.T.);
#5362=EDGE_CURVE('',#4583,#4584,#2136,.T.);
#5363=EDGE_CURVE('',#4584,#4582,#2137,.T.);
#5364=EDGE_CURVE('',#4583,#4585,#4553,.T.);
#5365=EDGE_CURVE('',#4585,#4586,#2138,.T.);
#5366=EDGE_CURVE('',#4586,#4584,#4554,.T.);
#5367=EDGE_CURVE('',#4585,#4587,#2139,.T.);
#5368=EDGE_CURVE('',#4587,#4588,#2140,.T.);
#5369=EDGE_CURVE('',#4588,#4586,#2141,.T.);
#5370=EDGE_CURVE('',#4587,#4589,#4555,.T.);
#5371=EDGE_CURVE('',#4589,#4590,#2142,.T.);
#5372=EDGE_CURVE('',#4590,#4588,#4556,.T.);
#5373=EDGE_CURVE('',#4589,#4591,#2143,.T.);
#5374=EDGE_CURVE('',#4591,#4592,#2144,.T.);
#5375=EDGE_CURVE('',#4592,#4590,#2145,.T.);
#5376=EDGE_CURVE('',#4593,#4591,#4557,.T.);
#5377=EDGE_CURVE('',#4593,#4594,#2146,.T.);
#5378=EDGE_CURVE('',#4594,#4592,#4558,.T.);
#5379=EDGE_CURVE('',#4593,#4567,#2147,.T.);
#5380=EDGE_CURVE('',#4570,#4594,#2148,.T.);
#5381=EDGE_CURVE('',#4595,#4596,#2149,.T.);
#5382=EDGE_CURVE('',#4595,#4597,#2150,.T.);
#5383=EDGE_CURVE('',#4597,#4598,#2151,.T.);
#5384=EDGE_CURVE('',#4598,#4599,#2152,.T.);
#5385=EDGE_CURVE('',#4599,#4600,#2153,.T.);
#5386=EDGE_CURVE('',#4600,#4601,#2154,.T.);
#5387=EDGE_CURVE('',#4601,#4602,#2155,.T.);
#5388=EDGE_CURVE('',#4602,#4603,#2156,.T.);
#5389=EDGE_CURVE('',#4603,#4604,#2157,.T.);
#5390=EDGE_CURVE('',#4604,#4605,#2158,.T.);
#5391=EDGE_CURVE('',#4605,#4606,#2159,.T.);
#5392=EDGE_CURVE('',#4606,#4607,#2160,.T.);
#5393=EDGE_CURVE('',#4607,#4608,#2161,.T.);
#5394=EDGE_CURVE('',#4608,#4609,#2162,.T.);
#5395=EDGE_CURVE('',#4609,#4610,#2163,.T.);
#5396=EDGE_CURVE('',#4610,#4611,#2164,.T.);
#5397=EDGE_CURVE('',#4611,#4612,#2165,.T.);
#5398=EDGE_CURVE('',#4612,#4613,#2166,.T.);
#5399=EDGE_CURVE('',#4613,#4614,#2167,.T.);
#5400=EDGE_CURVE('',#4614,#4615,#2168,.T.);
#5401=EDGE_CURVE('',#4615,#4616,#2169,.T.);
#5402=EDGE_CURVE('',#4616,#4617,#2170,.T.);
#5403=EDGE_CURVE('',#4617,#4618,#2171,.T.);
#5404=EDGE_CURVE('',#4618,#4619,#2172,.T.);
#5405=EDGE_CURVE('',#4619,#4620,#2173,.T.);
#5406=EDGE_CURVE('',#4620,#4621,#2174,.T.);
#5407=EDGE_CURVE('',#4621,#4622,#2175,.T.);
#5408=EDGE_CURVE('',#4622,#4623,#2176,.T.);
#5409=EDGE_CURVE('',#4623,#4624,#2177,.T.);
#5410=EDGE_CURVE('',#4624,#4625,#2178,.T.);
#5411=EDGE_CURVE('',#4625,#4626,#2179,.T.);
#5412=EDGE_CURVE('',#4626,#4627,#2180,.T.);
#5413=EDGE_CURVE('',#4627,#4628,#2181,.T.);
#5414=EDGE_CURVE('',#4628,#4629,#2182,.T.);
#5415=EDGE_CURVE('',#4629,#4630,#2183,.T.);
#5416=EDGE_CURVE('',#4630,#4631,#2184,.T.);
#5417=EDGE_CURVE('',#4631,#4632,#2185,.T.);
#5418=EDGE_CURVE('',#4632,#4633,#2186,.T.);
#5419=EDGE_CURVE('',#4633,#4634,#2187,.T.);
#5420=EDGE_CURVE('',#4634,#4635,#2188,.T.);
#5421=EDGE_CURVE('',#4635,#4636,#2189,.T.);
#5422=EDGE_CURVE('',#4636,#4637,#2190,.T.);
#5423=EDGE_CURVE('',#4637,#4638,#2191,.T.);
#5424=EDGE_CURVE('',#4638,#4639,#2192,.T.);
#5425=EDGE_CURVE('',#4639,#4640,#2193,.T.);
#5426=EDGE_CURVE('',#4640,#4641,#2194,.T.);
#5427=EDGE_CURVE('',#4641,#4642,#2195,.T.);
#5428=EDGE_CURVE('',#4642,#4643,#2196,.T.);
#5429=EDGE_CURVE('',#4643,#4644,#2197,.T.);
#5430=EDGE_CURVE('',#4644,#4645,#2198,.T.);
#5431=EDGE_CURVE('',#4645,#4646,#2199,.T.);
#5432=EDGE_CURVE('',#4646,#4647,#2200,.T.);
#5433=EDGE_CURVE('',#4647,#4648,#2201,.T.);
#5434=EDGE_CURVE('',#4648,#4649,#2202,.T.);
#5435=EDGE_CURVE('',#4649,#4650,#2203,.T.);
#5436=EDGE_CURVE('',#4650,#4651,#2204,.T.);
#5437=EDGE_CURVE('',#4651,#4652,#2205,.T.);
#5438=EDGE_CURVE('',#4652,#4653,#2206,.T.);
#5439=EDGE_CURVE('',#4653,#4654,#2207,.T.);
#5440=EDGE_CURVE('',#4654,#4655,#2208,.T.);
#5441=EDGE_CURVE('',#4655,#4656,#2209,.T.);
#5442=EDGE_CURVE('',#4656,#4657,#2210,.T.);
#5443=EDGE_CURVE('',#4657,#4596,#2211,.T.);
#5444=EDGE_CURVE('',#4658,#4659,#2212,.T.);
#5445=EDGE_CURVE('',#4659,#4660,#2213,.T.);
#5446=EDGE_CURVE('',#4660,#4661,#2214,.T.);
#5447=EDGE_CURVE('',#4661,#4662,#2215,.T.);
#5448=EDGE_CURVE('',#4662,#4663,#2216,.T.);
#5449=EDGE_CURVE('',#4663,#4664,#2217,.T.);
#5450=EDGE_CURVE('',#4664,#4665,#2218,.T.);
#5451=EDGE_CURVE('',#4665,#4666,#2219,.T.);
#5452=EDGE_CURVE('',#4666,#4667,#2220,.T.);
#5453=EDGE_CURVE('',#4667,#4668,#2221,.T.);
#5454=EDGE_CURVE('',#4668,#4669,#2222,.T.);
#5455=EDGE_CURVE('',#4669,#4670,#2223,.T.);
#5456=EDGE_CURVE('',#4670,#4671,#2224,.T.);
#5457=EDGE_CURVE('',#4671,#4672,#2225,.T.);
#5458=EDGE_CURVE('',#4672,#4673,#2226,.T.);
#5459=EDGE_CURVE('',#4673,#4674,#2227,.T.);
#5460=EDGE_CURVE('',#4674,#4675,#2228,.T.);
#5461=EDGE_CURVE('',#4675,#4676,#2229,.T.);
#5462=EDGE_CURVE('',#4676,#4677,#2230,.T.);
#5463=EDGE_CURVE('',#4677,#4678,#2231,.T.);
#5464=EDGE_CURVE('',#4678,#4679,#2232,.T.);
#5465=EDGE_CURVE('',#4679,#4680,#2233,.T.);
#5466=EDGE_CURVE('',#4680,#4681,#2234,.T.);
#5467=EDGE_CURVE('',#4681,#4682,#2235,.T.);
#5468=EDGE_CURVE('',#4682,#4683,#2236,.T.);
#5469=EDGE_CURVE('',#4683,#4684,#2237,.T.);
#5470=EDGE_CURVE('',#4684,#4685,#2238,.T.);
#5471=EDGE_CURVE('',#4685,#4686,#2239,.T.);
#5472=EDGE_CURVE('',#4686,#4687,#2240,.T.);
#5473=EDGE_CURVE('',#4687,#4688,#2241,.T.);
#5474=EDGE_CURVE('',#4688,#4689,#2242,.T.);
#5475=EDGE_CURVE('',#4689,#4690,#2243,.T.);
#5476=EDGE_CURVE('',#4690,#4691,#2244,.T.);
#5477=EDGE_CURVE('',#4691,#4692,#2245,.T.);
#5478=EDGE_CURVE('',#4692,#4693,#2246,.T.);
#5479=EDGE_CURVE('',#4693,#4694,#2247,.T.);
#5480=EDGE_CURVE('',#4694,#4695,#2248,.T.);
#5481=EDGE_CURVE('',#4695,#4696,#2249,.T.);
#5482=EDGE_CURVE('',#4696,#4697,#2250,.T.);
#5483=EDGE_CURVE('',#4697,#4698,#2251,.T.);
#5484=EDGE_CURVE('',#4698,#4699,#2252,.T.);
#5485=EDGE_CURVE('',#4699,#4700,#2253,.T.);
#5486=EDGE_CURVE('',#4700,#4701,#2254,.T.);
#5487=EDGE_CURVE('',#4701,#4702,#2255,.T.);
#5488=EDGE_CURVE('',#4702,#4703,#2256,.T.);
#5489=EDGE_CURVE('',#4703,#4704,#2257,.T.);
#5490=EDGE_CURVE('',#4704,#4705,#2258,.T.);
#5491=EDGE_CURVE('',#4705,#4706,#2259,.T.);
#5492=EDGE_CURVE('',#4706,#4707,#2260,.T.);
#5493=EDGE_CURVE('',#4707,#4708,#2261,.T.);
#5494=EDGE_CURVE('',#4708,#4709,#2262,.T.);
#5495=EDGE_CURVE('',#4709,#4710,#2263,.T.);
#5496=EDGE_CURVE('',#4710,#4711,#2264,.T.);
#5497=EDGE_CURVE('',#4711,#4712,#2265,.T.);
#5498=EDGE_CURVE('',#4712,#4713,#2266,.T.);
#5499=EDGE_CURVE('',#4713,#4714,#2267,.T.);
#5500=EDGE_CURVE('',#4714,#4715,#2268,.T.);
#5501=EDGE_CURVE('',#4715,#4716,#2269,.T.);
#5502=EDGE_CURVE('',#4716,#4717,#2270,.T.);
#5503=EDGE_CURVE('',#4717,#4718,#2271,.T.);
#5504=EDGE_CURVE('',#4718,#4719,#2272,.T.);
#5505=EDGE_CURVE('',#4719,#4720,#2273,.T.);
#5506=EDGE_CURVE('',#4720,#4658,#2274,.T.);
#5507=EDGE_CURVE('',#4596,#4721,#2275,.T.);
#5508=EDGE_CURVE('',#4721,#4722,#2276,.T.);
#5509=EDGE_CURVE('',#4722,#4595,#2277,.T.);
#5510=EDGE_CURVE('',#4722,#4723,#2278,.T.);
#5511=EDGE_CURVE('',#4597,#4723,#2279,.T.);
#5512=EDGE_CURVE('',#4657,#4724,#2280,.T.);
#5513=EDGE_CURVE('',#4724,#4721,#2281,.T.);
#5514=EDGE_CURVE('',#4725,#4724,#2282,.T.);
#5515=EDGE_CURVE('',#4726,#4725,#2283,.T.);
#5516=EDGE_CURVE('',#4727,#4726,#2284,.T.);
#5517=EDGE_CURVE('',#4728,#4727,#2285,.T.);
#5518=EDGE_CURVE('',#4729,#4728,#2286,.T.);
#5519=EDGE_CURVE('',#4730,#4729,#2287,.T.);
#5520=EDGE_CURVE('',#4731,#4730,#2288,.T.);
#5521=EDGE_CURVE('',#4732,#4731,#2289,.T.);
#5522=EDGE_CURVE('',#4733,#4732,#2290,.T.);
#5523=EDGE_CURVE('',#4734,#4733,#2291,.T.);
#5524=EDGE_CURVE('',#4735,#4734,#2292,.T.);
#5525=EDGE_CURVE('',#4736,#4735,#2293,.T.);
#5526=EDGE_CURVE('',#4737,#4736,#2294,.T.);
#5527=EDGE_CURVE('',#4738,#4737,#2295,.T.);
#5528=EDGE_CURVE('',#4739,#4738,#2296,.T.);
#5529=EDGE_CURVE('',#4740,#4739,#2297,.T.);
#5530=EDGE_CURVE('',#4741,#4740,#2298,.T.);
#5531=EDGE_CURVE('',#4742,#4741,#2299,.T.);
#5532=EDGE_CURVE('',#4743,#4742,#2300,.T.);
#5533=EDGE_CURVE('',#4744,#4743,#2301,.T.);
#5534=EDGE_CURVE('',#4745,#4744,#2302,.T.);
#5535=EDGE_CURVE('',#4746,#4745,#2303,.T.);
#5536=EDGE_CURVE('',#4747,#4746,#2304,.T.);
#5537=EDGE_CURVE('',#4748,#4747,#2305,.T.);
#5538=EDGE_CURVE('',#4749,#4748,#2306,.T.);
#5539=EDGE_CURVE('',#4750,#4749,#2307,.T.);
#5540=EDGE_CURVE('',#4751,#4750,#2308,.T.);
#5541=EDGE_CURVE('',#4752,#4751,#2309,.T.);
#5542=EDGE_CURVE('',#4753,#4752,#2310,.T.);
#5543=EDGE_CURVE('',#4754,#4753,#2311,.T.);
#5544=EDGE_CURVE('',#4755,#4754,#2312,.T.);
#5545=EDGE_CURVE('',#4756,#4755,#2313,.T.);
#5546=EDGE_CURVE('',#4757,#4756,#2314,.T.);
#5547=EDGE_CURVE('',#4758,#4757,#2315,.T.);
#5548=EDGE_CURVE('',#4759,#4758,#2316,.T.);
#5549=EDGE_CURVE('',#4760,#4759,#2317,.T.);
#5550=EDGE_CURVE('',#4761,#4760,#2318,.T.);
#5551=EDGE_CURVE('',#4762,#4761,#2319,.T.);
#5552=EDGE_CURVE('',#4763,#4762,#2320,.T.);
#5553=EDGE_CURVE('',#4764,#4763,#2321,.T.);
#5554=EDGE_CURVE('',#4765,#4764,#2322,.T.);
#5555=EDGE_CURVE('',#4766,#4765,#2323,.T.);
#5556=EDGE_CURVE('',#4767,#4766,#2324,.T.);
#5557=EDGE_CURVE('',#4768,#4767,#2325,.T.);
#5558=EDGE_CURVE('',#4769,#4768,#2326,.T.);
#5559=EDGE_CURVE('',#4770,#4769,#2327,.T.);
#5560=EDGE_CURVE('',#4771,#4770,#2328,.T.);
#5561=EDGE_CURVE('',#4772,#4771,#2329,.T.);
#5562=EDGE_CURVE('',#4773,#4772,#2330,.T.);
#5563=EDGE_CURVE('',#4774,#4773,#2331,.T.);
#5564=EDGE_CURVE('',#4775,#4774,#2332,.T.);
#5565=EDGE_CURVE('',#4776,#4775,#2333,.T.);
#5566=EDGE_CURVE('',#4777,#4776,#2334,.T.);
#5567=EDGE_CURVE('',#4778,#4777,#2335,.T.);
#5568=EDGE_CURVE('',#4779,#4778,#2336,.T.);
#5569=EDGE_CURVE('',#4780,#4779,#2337,.T.);
#5570=EDGE_CURVE('',#4781,#4780,#2338,.T.);
#5571=EDGE_CURVE('',#4782,#4781,#2339,.T.);
#5572=EDGE_CURVE('',#4783,#4782,#2340,.T.);
#5573=EDGE_CURVE('',#4723,#4783,#2341,.T.);
#5574=EDGE_CURVE('',#4784,#4785,#2342,.T.);
#5575=EDGE_CURVE('',#4785,#4786,#2343,.T.);
#5576=EDGE_CURVE('',#4787,#4786,#2344,.T.);
#5577=EDGE_CURVE('',#4784,#4787,#2345,.T.);
#5578=EDGE_CURVE('',#4788,#4789,#2346,.T.);
#5579=EDGE_CURVE('',#4789,#4790,#2347,.T.);
#5580=EDGE_CURVE('',#4791,#4790,#2348,.T.);
#5581=EDGE_CURVE('',#4788,#4791,#2349,.T.);
#5582=EDGE_CURVE('',#4792,#4793,#2350,.T.);
#5583=EDGE_CURVE('',#4794,#4793,#2351,.T.);
#5584=EDGE_CURVE('',#4795,#4794,#2352,.T.);
#5585=EDGE_CURVE('',#4795,#4792,#2353,.T.);
#5586=EDGE_CURVE('',#4796,#4797,#2354,.T.);
#5587=EDGE_CURVE('',#4797,#4798,#2355,.T.);
#5588=EDGE_CURVE('',#4799,#4798,#2356,.T.);
#5589=EDGE_CURVE('',#4796,#4799,#2357,.T.);
#5590=EDGE_CURVE('',#4800,#4801,#2358,.T.);
#5591=EDGE_CURVE('',#4800,#4802,#2359,.T.);
#5592=EDGE_CURVE('',#4802,#4803,#2360,.T.);
#5593=EDGE_CURVE('',#4801,#4803,#2361,.T.);
#5594=EDGE_CURVE('',#4804,#4805,#2362,.T.);
#5595=EDGE_CURVE('',#4806,#4805,#2363,.T.);
#5596=EDGE_CURVE('',#4807,#4806,#2364,.T.);
#5597=EDGE_CURVE('',#4807,#4804,#2365,.T.);
#5598=EDGE_CURVE('',#4808,#4809,#2366,.T.);
#5599=EDGE_CURVE('',#4809,#4810,#2367,.T.);
#5600=EDGE_CURVE('',#4811,#4810,#2368,.T.);
#5601=EDGE_CURVE('',#4808,#4811,#2369,.T.);
#5602=EDGE_CURVE('',#4812,#4813,#2370,.T.);
#5603=EDGE_CURVE('',#4813,#4814,#2371,.T.);
#5604=EDGE_CURVE('',#4815,#4814,#2372,.T.);
#5605=EDGE_CURVE('',#4812,#4815,#2373,.T.);
#5606=EDGE_CURVE('',#4816,#4817,#2374,.T.);
#5607=EDGE_CURVE('',#4817,#4818,#2375,.T.);
#5608=EDGE_CURVE('',#4819,#4818,#2376,.T.);
#5609=EDGE_CURVE('',#4816,#4819,#2377,.T.);
#5610=EDGE_CURVE('',#4820,#4821,#2378,.T.);
#5611=EDGE_CURVE('',#4820,#4822,#2379,.T.);
#5612=EDGE_CURVE('',#4822,#4823,#2380,.T.);
#5613=EDGE_CURVE('',#4821,#4823,#2381,.T.);
#5614=EDGE_CURVE('',#4824,#4825,#2382,.T.);
#5615=EDGE_CURVE('',#4825,#4826,#2383,.T.);
#5616=EDGE_CURVE('',#4827,#4826,#2384,.T.);
#5617=EDGE_CURVE('',#4824,#4827,#2385,.T.);
#5618=EDGE_CURVE('',#4828,#4829,#2386,.T.);
#5619=EDGE_CURVE('',#4830,#4829,#2387,.T.);
#5620=EDGE_CURVE('',#4831,#4830,#2388,.T.);
#5621=EDGE_CURVE('',#4831,#4828,#2389,.T.);
#5622=EDGE_CURVE('',#4832,#4833,#2390,.T.);
#5623=EDGE_CURVE('',#4833,#4834,#2391,.T.);
#5624=EDGE_CURVE('',#4835,#4834,#2392,.T.);
#5625=EDGE_CURVE('',#4832,#4835,#2393,.T.);
#5626=EDGE_CURVE('',#4836,#4837,#2394,.T.);
#5627=EDGE_CURVE('',#4836,#4838,#2395,.T.);
#5628=EDGE_CURVE('',#4838,#4839,#2396,.T.);
#5629=EDGE_CURVE('',#4837,#4839,#2397,.T.);
#5630=EDGE_CURVE('',#4840,#4841,#2398,.T.);
#5631=EDGE_CURVE('',#4841,#4842,#2399,.T.);
#5632=EDGE_CURVE('',#4843,#4842,#2400,.T.);
#5633=EDGE_CURVE('',#4840,#4843,#2401,.T.);
#5634=EDGE_CURVE('',#4844,#4845,#2402,.T.);
#5635=EDGE_CURVE('',#4846,#4845,#2403,.T.);
#5636=EDGE_CURVE('',#4847,#4846,#2404,.T.);
#5637=EDGE_CURVE('',#4847,#4844,#2405,.T.);
#5638=EDGE_CURVE('',#4848,#4849,#2406,.T.);
#5639=EDGE_CURVE('',#4849,#4850,#2407,.T.);
#5640=EDGE_CURVE('',#4851,#4850,#2408,.T.);
#5641=EDGE_CURVE('',#4848,#4851,#2409,.T.);
#5642=EDGE_CURVE('',#4852,#4853,#2410,.T.);
#5643=EDGE_CURVE('',#4853,#4854,#2411,.T.);
#5644=EDGE_CURVE('',#4855,#4854,#2412,.T.);
#5645=EDGE_CURVE('',#4852,#4855,#2413,.T.);
#5646=EDGE_CURVE('',#4856,#4857,#2414,.T.);
#5647=EDGE_CURVE('',#4858,#4857,#2415,.T.);
#5648=EDGE_CURVE('',#4859,#4858,#2416,.T.);
#5649=EDGE_CURVE('',#4859,#4856,#2417,.T.);
#5650=EDGE_CURVE('',#4860,#4861,#2418,.T.);
#5651=EDGE_CURVE('',#4861,#4862,#2419,.T.);
#5652=EDGE_CURVE('',#4863,#4862,#2420,.T.);
#5653=EDGE_CURVE('',#4860,#4863,#2421,.T.);
#5654=EDGE_CURVE('',#4656,#4725,#2422,.T.);
#5655=EDGE_CURVE('',#4655,#4726,#2423,.T.);
#5656=EDGE_CURVE('',#4654,#4727,#2424,.T.);
#5657=EDGE_CURVE('',#4653,#4728,#2425,.T.);
#5658=EDGE_CURVE('',#4652,#4729,#2426,.T.);
#5659=EDGE_CURVE('',#4651,#4730,#2427,.T.);
#5660=EDGE_CURVE('',#4650,#4731,#2428,.T.);
#5661=EDGE_CURVE('',#4649,#4732,#2429,.T.);
#5662=EDGE_CURVE('',#4648,#4733,#2430,.T.);
#5663=EDGE_CURVE('',#4647,#4734,#2431,.T.);
#5664=EDGE_CURVE('',#4646,#4735,#2432,.T.);
#5665=EDGE_CURVE('',#4645,#4736,#2433,.T.);
#5666=EDGE_CURVE('',#4644,#4737,#2434,.T.);
#5667=EDGE_CURVE('',#4643,#4738,#2435,.T.);
#5668=EDGE_CURVE('',#4642,#4739,#2436,.T.);
#5669=EDGE_CURVE('',#4641,#4740,#2437,.T.);
#5670=EDGE_CURVE('',#4640,#4741,#2438,.T.);
#5671=EDGE_CURVE('',#4639,#4742,#2439,.T.);
#5672=EDGE_CURVE('',#4638,#4743,#2440,.T.);
#5673=EDGE_CURVE('',#4637,#4744,#2441,.T.);
#5674=EDGE_CURVE('',#4636,#4745,#2442,.T.);
#5675=EDGE_CURVE('',#4635,#4746,#2443,.T.);
#5676=EDGE_CURVE('',#4634,#4747,#2444,.T.);
#5677=EDGE_CURVE('',#4633,#4748,#2445,.T.);
#5678=EDGE_CURVE('',#4632,#4749,#2446,.T.);
#5679=EDGE_CURVE('',#4631,#4750,#2447,.T.);
#5680=EDGE_CURVE('',#4630,#4751,#2448,.T.);
#5681=EDGE_CURVE('',#4629,#4752,#2449,.T.);
#5682=EDGE_CURVE('',#4628,#4753,#2450,.T.);
#5683=EDGE_CURVE('',#4627,#4754,#2451,.T.);
#5684=EDGE_CURVE('',#4626,#4755,#2452,.T.);
#5685=EDGE_CURVE('',#4625,#4756,#2453,.T.);
#5686=EDGE_CURVE('',#4624,#4757,#2454,.T.);
#5687=EDGE_CURVE('',#4623,#4758,#2455,.T.);
#5688=EDGE_CURVE('',#4622,#4759,#2456,.T.);
#5689=EDGE_CURVE('',#4621,#4760,#2457,.T.);
#5690=EDGE_CURVE('',#4620,#4761,#2458,.T.);
#5691=EDGE_CURVE('',#4619,#4762,#2459,.T.);
#5692=EDGE_CURVE('',#4618,#4763,#2460,.T.);
#5693=EDGE_CURVE('',#4617,#4764,#2461,.T.);
#5694=EDGE_CURVE('',#4616,#4765,#2462,.T.);
#5695=EDGE_CURVE('',#4615,#4766,#2463,.T.);
#5696=EDGE_CURVE('',#4614,#4767,#2464,.T.);
#5697=EDGE_CURVE('',#4613,#4768,#2465,.T.);
#5698=EDGE_CURVE('',#4612,#4769,#2466,.T.);
#5699=EDGE_CURVE('',#4611,#4770,#2467,.T.);
#5700=EDGE_CURVE('',#4610,#4771,#2468,.T.);
#5701=EDGE_CURVE('',#4609,#4772,#2469,.T.);
#5702=EDGE_CURVE('',#4608,#4773,#2470,.T.);
#5703=EDGE_CURVE('',#4607,#4774,#2471,.T.);
#5704=EDGE_CURVE('',#4606,#4775,#2472,.T.);
#5705=EDGE_CURVE('',#4605,#4776,#2473,.T.);
#5706=EDGE_CURVE('',#4604,#4777,#2474,.T.);
#5707=EDGE_CURVE('',#4603,#4778,#2475,.T.);
#5708=EDGE_CURVE('',#4602,#4779,#2476,.T.);
#5709=EDGE_CURVE('',#4601,#4780,#2477,.T.);
#5710=EDGE_CURVE('',#4600,#4781,#2478,.T.);
#5711=EDGE_CURVE('',#4599,#4782,#2479,.T.);
#5712=EDGE_CURVE('',#4598,#4783,#2480,.T.);
#5713=EDGE_CURVE('',#4784,#4864,#2481,.T.);
#5714=EDGE_CURVE('',#4864,#4865,#2482,.T.);
#5715=EDGE_CURVE('',#4785,#4865,#2483,.T.);
#5716=EDGE_CURVE('',#4866,#4865,#2484,.T.);
#5717=EDGE_CURVE('',#4786,#4866,#2485,.T.);
#5718=EDGE_CURVE('',#4787,#4867,#2486,.T.);
#5719=EDGE_CURVE('',#4867,#4866,#2487,.T.);
#5720=EDGE_CURVE('',#4867,#4864,#2488,.T.);
#5721=EDGE_CURVE('',#4788,#4868,#2489,.T.);
#5722=EDGE_CURVE('',#4868,#4869,#2490,.T.);
#5723=EDGE_CURVE('',#4789,#4869,#2491,.T.);
#5724=EDGE_CURVE('',#4870,#4869,#2492,.T.);
#5725=EDGE_CURVE('',#4790,#4870,#2493,.T.);
#5726=EDGE_CURVE('',#4791,#4871,#2494,.T.);
#5727=EDGE_CURVE('',#4871,#4870,#2495,.T.);
#5728=EDGE_CURVE('',#4871,#4868,#2496,.T.);
#5729=EDGE_CURVE('',#4792,#4872,#2497,.T.);
#5730=EDGE_CURVE('',#4873,#4872,#2498,.T.);
#5731=EDGE_CURVE('',#4793,#4873,#2499,.T.);
#5732=EDGE_CURVE('',#4794,#4874,#2500,.T.);
#5733=EDGE_CURVE('',#4874,#4873,#2501,.T.);
#5734=EDGE_CURVE('',#4795,#4875,#2502,.T.);
#5735=EDGE_CURVE('',#4874,#4875,#2503,.T.);
#5736=EDGE_CURVE('',#4875,#4872,#2504,.T.);
#5737=EDGE_CURVE('',#4796,#4876,#2505,.T.);
#5738=EDGE_CURVE('',#4876,#4877,#2506,.T.);
#5739=EDGE_CURVE('',#4797,#4877,#2507,.T.);
#5740=EDGE_CURVE('',#4878,#4877,#2508,.T.);
#5741=EDGE_CURVE('',#4798,#4878,#2509,.T.);
#5742=EDGE_CURVE('',#4799,#4879,#2510,.T.);
#5743=EDGE_CURVE('',#4879,#4878,#2511,.T.);
#5744=EDGE_CURVE('',#4879,#4876,#2512,.T.);
#5745=EDGE_CURVE('',#4800,#4880,#2513,.T.);
#5746=EDGE_CURVE('',#4801,#4881,#2514,.T.);
#5747=EDGE_CURVE('',#4881,#4880,#2515,.T.);
#5748=EDGE_CURVE('',#4880,#4882,#2516,.T.);
#5749=EDGE_CURVE('',#4802,#4882,#2517,.T.);
#5750=EDGE_CURVE('',#4883,#4882,#2518,.T.);
#5751=EDGE_CURVE('',#4803,#4883,#2519,.T.);
#5752=EDGE_CURVE('',#4881,#4883,#2520,.T.);
#5753=EDGE_CURVE('',#4804,#4884,#2521,.T.);
#5754=EDGE_CURVE('',#4885,#4884,#2522,.T.);
#5755=EDGE_CURVE('',#4805,#4885,#2523,.T.);
#5756=EDGE_CURVE('',#4806,#4886,#2524,.T.);
#5757=EDGE_CURVE('',#4886,#4885,#2525,.T.);
#5758=EDGE_CURVE('',#4807,#4887,#2526,.T.);
#5759=EDGE_CURVE('',#4886,#4887,#2527,.T.);
#5760=EDGE_CURVE('',#4887,#4884,#2528,.T.);
#5761=EDGE_CURVE('',#4808,#4888,#2529,.T.);
#5762=EDGE_CURVE('',#4888,#4889,#2530,.T.);
#5763=EDGE_CURVE('',#4809,#4889,#2531,.T.);
#5764=EDGE_CURVE('',#4890,#4889,#2532,.T.);
#5765=EDGE_CURVE('',#4810,#4890,#2533,.T.);
#5766=EDGE_CURVE('',#4811,#4891,#2534,.T.);
#5767=EDGE_CURVE('',#4891,#4890,#2535,.T.);
#5768=EDGE_CURVE('',#4891,#4888,#2536,.T.);
#5769=EDGE_CURVE('',#4812,#4892,#2537,.T.);
#5770=EDGE_CURVE('',#4892,#4893,#2538,.T.);
#5771=EDGE_CURVE('',#4813,#4893,#2539,.T.);
#5772=EDGE_CURVE('',#4894,#4893,#2540,.T.);
#5773=EDGE_CURVE('',#4814,#4894,#2541,.T.);
#5774=EDGE_CURVE('',#4815,#4895,#2542,.T.);
#5775=EDGE_CURVE('',#4895,#4894,#2543,.T.);
#5776=EDGE_CURVE('',#4895,#4892,#2544,.T.);
#5777=EDGE_CURVE('',#4816,#4896,#2545,.T.);
#5778=EDGE_CURVE('',#4896,#4897,#2546,.T.);
#5779=EDGE_CURVE('',#4817,#4897,#2547,.T.);
#5780=EDGE_CURVE('',#4898,#4897,#2548,.T.);
#5781=EDGE_CURVE('',#4818,#4898,#2549,.T.);
#5782=EDGE_CURVE('',#4819,#4899,#2550,.T.);
#5783=EDGE_CURVE('',#4899,#4898,#2551,.T.);
#5784=EDGE_CURVE('',#4899,#4896,#2552,.T.);
#5785=EDGE_CURVE('',#4820,#4900,#2553,.T.);
#5786=EDGE_CURVE('',#4821,#4901,#2554,.T.);
#5787=EDGE_CURVE('',#4901,#4900,#2555,.T.);
#5788=EDGE_CURVE('',#4900,#4902,#2556,.T.);
#5789=EDGE_CURVE('',#4822,#4902,#2557,.T.);
#5790=EDGE_CURVE('',#4903,#4902,#2558,.T.);
#5791=EDGE_CURVE('',#4823,#4903,#2559,.T.);
#5792=EDGE_CURVE('',#4901,#4903,#2560,.T.);
#5793=EDGE_CURVE('',#4824,#4904,#2561,.T.);
#5794=EDGE_CURVE('',#4904,#4905,#2562,.T.);
#5795=EDGE_CURVE('',#4825,#4905,#2563,.T.);
#5796=EDGE_CURVE('',#4906,#4905,#2564,.T.);
#5797=EDGE_CURVE('',#4826,#4906,#2565,.T.);
#5798=EDGE_CURVE('',#4827,#4907,#2566,.T.);
#5799=EDGE_CURVE('',#4907,#4906,#2567,.T.);
#5800=EDGE_CURVE('',#4907,#4904,#2568,.T.);
#5801=EDGE_CURVE('',#4828,#4908,#2569,.T.);
#5802=EDGE_CURVE('',#4909,#4908,#2570,.T.);
#5803=EDGE_CURVE('',#4829,#4909,#2571,.T.);
#5804=EDGE_CURVE('',#4830,#4910,#2572,.T.);
#5805=EDGE_CURVE('',#4910,#4909,#2573,.T.);
#5806=EDGE_CURVE('',#4831,#4911,#2574,.T.);
#5807=EDGE_CURVE('',#4910,#4911,#2575,.T.);
#5808=EDGE_CURVE('',#4911,#4908,#2576,.T.);
#5809=EDGE_CURVE('',#4832,#4912,#2577,.T.);
#5810=EDGE_CURVE('',#4912,#4913,#2578,.T.);
#5811=EDGE_CURVE('',#4833,#4913,#2579,.T.);
#5812=EDGE_CURVE('',#4914,#4913,#2580,.T.);
#5813=EDGE_CURVE('',#4834,#4914,#2581,.T.);
#5814=EDGE_CURVE('',#4835,#4915,#2582,.T.);
#5815=EDGE_CURVE('',#4915,#4914,#2583,.T.);
#5816=EDGE_CURVE('',#4915,#4912,#2584,.T.);
#5817=EDGE_CURVE('',#4836,#4916,#2585,.T.);
#5818=EDGE_CURVE('',#4837,#4917,#2586,.T.);
#5819=EDGE_CURVE('',#4917,#4916,#2587,.T.);
#5820=EDGE_CURVE('',#4916,#4918,#2588,.T.);
#5821=EDGE_CURVE('',#4838,#4918,#2589,.T.);
#5822=EDGE_CURVE('',#4919,#4918,#2590,.T.);
#5823=EDGE_CURVE('',#4839,#4919,#2591,.T.);
#5824=EDGE_CURVE('',#4917,#4919,#2592,.T.);
#5825=EDGE_CURVE('',#4840,#4920,#2593,.T.);
#5826=EDGE_CURVE('',#4920,#4921,#2594,.T.);
#5827=EDGE_CURVE('',#4841,#4921,#2595,.T.);
#5828=EDGE_CURVE('',#4922,#4921,#2596,.T.);
#5829=EDGE_CURVE('',#4842,#4922,#2597,.T.);
#5830=EDGE_CURVE('',#4843,#4923,#2598,.T.);
#5831=EDGE_CURVE('',#4923,#4922,#2599,.T.);
#5832=EDGE_CURVE('',#4923,#4920,#2600,.T.);
#5833=EDGE_CURVE('',#4844,#4924,#2601,.T.);
#5834=EDGE_CURVE('',#4925,#4924,#2602,.T.);
#5835=EDGE_CURVE('',#4845,#4925,#2603,.T.);
#5836=EDGE_CURVE('',#4846,#4926,#2604,.T.);
#5837=EDGE_CURVE('',#4926,#4925,#2605,.T.);
#5838=EDGE_CURVE('',#4847,#4927,#2606,.T.);
#5839=EDGE_CURVE('',#4926,#4927,#2607,.T.);
#5840=EDGE_CURVE('',#4927,#4924,#2608,.T.);
#5841=EDGE_CURVE('',#4848,#4928,#2609,.T.);
#5842=EDGE_CURVE('',#4928,#4929,#2610,.T.);
#5843=EDGE_CURVE('',#4849,#4929,#2611,.T.);
#5844=EDGE_CURVE('',#4930,#4929,#2612,.T.);
#5845=EDGE_CURVE('',#4850,#4930,#2613,.T.);
#5846=EDGE_CURVE('',#4851,#4931,#2614,.T.);
#5847=EDGE_CURVE('',#4931,#4930,#2615,.T.);
#5848=EDGE_CURVE('',#4931,#4928,#2616,.T.);
#5849=EDGE_CURVE('',#4852,#4932,#2617,.T.);
#5850=EDGE_CURVE('',#4932,#4933,#2618,.T.);
#5851=EDGE_CURVE('',#4853,#4933,#2619,.T.);
#5852=EDGE_CURVE('',#4934,#4933,#2620,.T.);
#5853=EDGE_CURVE('',#4854,#4934,#2621,.T.);
#5854=EDGE_CURVE('',#4855,#4935,#2622,.T.);
#5855=EDGE_CURVE('',#4935,#4934,#2623,.T.);
#5856=EDGE_CURVE('',#4935,#4932,#2624,.T.);
#5857=EDGE_CURVE('',#4856,#4936,#2625,.T.);
#5858=EDGE_CURVE('',#4937,#4936,#2626,.T.);
#5859=EDGE_CURVE('',#4857,#4937,#2627,.T.);
#5860=EDGE_CURVE('',#4858,#4938,#2628,.T.);
#5861=EDGE_CURVE('',#4938,#4937,#2629,.T.);
#5862=EDGE_CURVE('',#4859,#4939,#2630,.T.);
#5863=EDGE_CURVE('',#4938,#4939,#2631,.T.);
#5864=EDGE_CURVE('',#4939,#4936,#2632,.T.);
#5865=EDGE_CURVE('',#4860,#4940,#2633,.T.);
#5866=EDGE_CURVE('',#4940,#4941,#2634,.T.);
#5867=EDGE_CURVE('',#4861,#4941,#2635,.T.);
#5868=EDGE_CURVE('',#4942,#4941,#2636,.T.);
#5869=EDGE_CURVE('',#4862,#4942,#2637,.T.);
#5870=EDGE_CURVE('',#4863,#4943,#2638,.T.);
#5871=EDGE_CURVE('',#4943,#4942,#2639,.T.);
#5872=EDGE_CURVE('',#4943,#4940,#2640,.T.);
#5873=EDGE_CURVE('',#4864,#4944,#2641,.T.);
#5874=EDGE_CURVE('',#4944,#4945,#2642,.T.);
#5875=EDGE_CURVE('',#4865,#4945,#2643,.T.);
#5876=EDGE_CURVE('',#4866,#4946,#2644,.T.);
#5877=EDGE_CURVE('',#4946,#4945,#2645,.T.);
#5878=EDGE_CURVE('',#4867,#4947,#2646,.T.);
#5879=EDGE_CURVE('',#4947,#4946,#2647,.T.);
#5880=EDGE_CURVE('',#4947,#4944,#2648,.T.);
#5881=EDGE_CURVE('',#4868,#4948,#2649,.T.);
#5882=EDGE_CURVE('',#4948,#4949,#2650,.T.);
#5883=EDGE_CURVE('',#4869,#4949,#2651,.T.);
#5884=EDGE_CURVE('',#4870,#4950,#2652,.T.);
#5885=EDGE_CURVE('',#4950,#4949,#2653,.T.);
#5886=EDGE_CURVE('',#4871,#4951,#2654,.T.);
#5887=EDGE_CURVE('',#4951,#4950,#2655,.T.);
#5888=EDGE_CURVE('',#4951,#4948,#2656,.T.);
#5889=EDGE_CURVE('',#4873,#4952,#2657,.T.);
#5890=EDGE_CURVE('',#4872,#4953,#2658,.T.);
#5891=EDGE_CURVE('',#4952,#4953,#2659,.T.);
#5892=EDGE_CURVE('',#4874,#4954,#2660,.T.);
#5893=EDGE_CURVE('',#4954,#4952,#2661,.T.);
#5894=EDGE_CURVE('',#4954,#4955,#2662,.T.);
#5895=EDGE_CURVE('',#4875,#4955,#2663,.T.);
#5896=EDGE_CURVE('',#4955,#4953,#2664,.T.);
#5897=EDGE_CURVE('',#4876,#4956,#2665,.T.);
#5898=EDGE_CURVE('',#4956,#4957,#2666,.T.);
#5899=EDGE_CURVE('',#4877,#4957,#2667,.T.);
#5900=EDGE_CURVE('',#4878,#4958,#2668,.T.);
#5901=EDGE_CURVE('',#4958,#4957,#2669,.T.);
#5902=EDGE_CURVE('',#4879,#4959,#2670,.T.);
#5903=EDGE_CURVE('',#4959,#4958,#2671,.T.);
#5904=EDGE_CURVE('',#4959,#4956,#2672,.T.);
#5905=EDGE_CURVE('',#4881,#4960,#2673,.T.);
#5906=EDGE_CURVE('',#4960,#4961,#2674,.T.);
#5907=EDGE_CURVE('',#4880,#4961,#2675,.T.);
#5908=EDGE_CURVE('',#4961,#4962,#2676,.T.);
#5909=EDGE_CURVE('',#4882,#4962,#2677,.T.);
#5910=EDGE_CURVE('',#4883,#4963,#2678,.T.);
#5911=EDGE_CURVE('',#4963,#4962,#2679,.T.);
#5912=EDGE_CURVE('',#4960,#4963,#2680,.T.);
#5913=EDGE_CURVE('',#4885,#4964,#2681,.T.);
#5914=EDGE_CURVE('',#4884,#4965,#2682,.T.);
#5915=EDGE_CURVE('',#4964,#4965,#2683,.T.);
#5916=EDGE_CURVE('',#4886,#4966,#2684,.T.);
#5917=EDGE_CURVE('',#4966,#4964,#2685,.T.);
#5918=EDGE_CURVE('',#4966,#4967,#2686,.T.);
#5919=EDGE_CURVE('',#4887,#4967,#2687,.T.);
#5920=EDGE_CURVE('',#4967,#4965,#2688,.T.);
#5921=EDGE_CURVE('',#4888,#4968,#2689,.T.);
#5922=EDGE_CURVE('',#4968,#4969,#2690,.T.);
#5923=EDGE_CURVE('',#4889,#4969,#2691,.T.);
#5924=EDGE_CURVE('',#4890,#4970,#2692,.T.);
#5925=EDGE_CURVE('',#4970,#4969,#2693,.T.);
#5926=EDGE_CURVE('',#4891,#4971,#2694,.T.);
#5927=EDGE_CURVE('',#4971,#4970,#2695,.T.);
#5928=EDGE_CURVE('',#4971,#4968,#2696,.T.);
#5929=EDGE_CURVE('',#4892,#4972,#2697,.T.);
#5930=EDGE_CURVE('',#4972,#4973,#2698,.T.);
#5931=EDGE_CURVE('',#4893,#4973,#2699,.T.);
#5932=EDGE_CURVE('',#4894,#4974,#2700,.T.);
#5933=EDGE_CURVE('',#4974,#4973,#2701,.T.);
#5934=EDGE_CURVE('',#4895,#4975,#2702,.T.);
#5935=EDGE_CURVE('',#4975,#4974,#2703,.T.);
#5936=EDGE_CURVE('',#4975,#4972,#2704,.T.);
#5937=EDGE_CURVE('',#4896,#4976,#2705,.T.);
#5938=EDGE_CURVE('',#4976,#4977,#2706,.T.);
#5939=EDGE_CURVE('',#4897,#4977,#2707,.T.);
#5940=EDGE_CURVE('',#4898,#4978,#2708,.T.);
#5941=EDGE_CURVE('',#4978,#4977,#2709,.T.);
#5942=EDGE_CURVE('',#4899,#4979,#2710,.T.);
#5943=EDGE_CURVE('',#4979,#4978,#2711,.T.);
#5944=EDGE_CURVE('',#4979,#4976,#2712,.T.);
#5945=EDGE_CURVE('',#4901,#4980,#2713,.T.);
#5946=EDGE_CURVE('',#4980,#4981,#2714,.T.);
#5947=EDGE_CURVE('',#4900,#4981,#2715,.T.);
#5948=EDGE_CURVE('',#4981,#4982,#2716,.T.);
#5949=EDGE_CURVE('',#4902,#4982,#2717,.T.);
#5950=EDGE_CURVE('',#4903,#4983,#2718,.T.);
#5951=EDGE_CURVE('',#4983,#4982,#2719,.T.);
#5952=EDGE_CURVE('',#4980,#4983,#2720,.T.);
#5953=EDGE_CURVE('',#4904,#4984,#2721,.T.);
#5954=EDGE_CURVE('',#4984,#4985,#2722,.T.);
#5955=EDGE_CURVE('',#4905,#4985,#2723,.T.);
#5956=EDGE_CURVE('',#4906,#4986,#2724,.T.);
#5957=EDGE_CURVE('',#4986,#4985,#2725,.T.);
#5958=EDGE_CURVE('',#4907,#4987,#2726,.T.);
#5959=EDGE_CURVE('',#4987,#4986,#2727,.T.);
#5960=EDGE_CURVE('',#4987,#4984,#2728,.T.);
#5961=EDGE_CURVE('',#4909,#4988,#2729,.T.);
#5962=EDGE_CURVE('',#4908,#4989,#2730,.T.);
#5963=EDGE_CURVE('',#4988,#4989,#2731,.T.);
#5964=EDGE_CURVE('',#4910,#4990,#2732,.T.);
#5965=EDGE_CURVE('',#4990,#4988,#2733,.T.);
#5966=EDGE_CURVE('',#4990,#4991,#2734,.T.);
#5967=EDGE_CURVE('',#4911,#4991,#2735,.T.);
#5968=EDGE_CURVE('',#4991,#4989,#2736,.T.);
#5969=EDGE_CURVE('',#4912,#4992,#2737,.T.);
#5970=EDGE_CURVE('',#4992,#4993,#2738,.T.);
#5971=EDGE_CURVE('',#4913,#4993,#2739,.T.);
#5972=EDGE_CURVE('',#4914,#4994,#2740,.T.);
#5973=EDGE_CURVE('',#4994,#4993,#2741,.T.);
#5974=EDGE_CURVE('',#4915,#4995,#2742,.T.);
#5975=EDGE_CURVE('',#4995,#4994,#2743,.T.);
#5976=EDGE_CURVE('',#4995,#4992,#2744,.T.);
#5977=EDGE_CURVE('',#4917,#4996,#2745,.T.);
#5978=EDGE_CURVE('',#4996,#4997,#2746,.T.);
#5979=EDGE_CURVE('',#4916,#4997,#2747,.T.);
#5980=EDGE_CURVE('',#4997,#4998,#2748,.T.);
#5981=EDGE_CURVE('',#4918,#4998,#2749,.T.);
#5982=EDGE_CURVE('',#4919,#4999,#2750,.T.);
#5983=EDGE_CURVE('',#4999,#4998,#2751,.T.);
#5984=EDGE_CURVE('',#4996,#4999,#2752,.T.);
#5985=EDGE_CURVE('',#4920,#5000,#2753,.T.);
#5986=EDGE_CURVE('',#5000,#5001,#2754,.T.);
#5987=EDGE_CURVE('',#4921,#5001,#2755,.T.);
#5988=EDGE_CURVE('',#4922,#5002,#2756,.T.);
#5989=EDGE_CURVE('',#5002,#5001,#2757,.T.);
#5990=EDGE_CURVE('',#4923,#5003,#2758,.T.);
#5991=EDGE_CURVE('',#5003,#5002,#2759,.T.);
#5992=EDGE_CURVE('',#5003,#5000,#2760,.T.);
#5993=EDGE_CURVE('',#4925,#5004,#2761,.T.);
#5994=EDGE_CURVE('',#4924,#5005,#2762,.T.);
#5995=EDGE_CURVE('',#5004,#5005,#2763,.T.);
#5996=EDGE_CURVE('',#4926,#5006,#2764,.T.);
#5997=EDGE_CURVE('',#5006,#5004,#2765,.T.);
#5998=EDGE_CURVE('',#5006,#5007,#2766,.T.);
#5999=EDGE_CURVE('',#4927,#5007,#2767,.T.);
#6000=EDGE_CURVE('',#5007,#5005,#2768,.T.);
#6001=EDGE_CURVE('',#4928,#5008,#2769,.T.);
#6002=EDGE_CURVE('',#5008,#5009,#2770,.T.);
#6003=EDGE_CURVE('',#4929,#5009,#2771,.T.);
#6004=EDGE_CURVE('',#4930,#5010,#2772,.T.);
#6005=EDGE_CURVE('',#5010,#5009,#2773,.T.);
#6006=EDGE_CURVE('',#4931,#5011,#2774,.T.);
#6007=EDGE_CURVE('',#5011,#5010,#2775,.T.);
#6008=EDGE_CURVE('',#5011,#5008,#2776,.T.);
#6009=EDGE_CURVE('',#4932,#5012,#2777,.T.);
#6010=EDGE_CURVE('',#5012,#5013,#2778,.T.);
#6011=EDGE_CURVE('',#4933,#5013,#2779,.T.);
#6012=EDGE_CURVE('',#4934,#5014,#2780,.T.);
#6013=EDGE_CURVE('',#5014,#5013,#2781,.T.);
#6014=EDGE_CURVE('',#4935,#5015,#2782,.T.);
#6015=EDGE_CURVE('',#5015,#5014,#2783,.T.);
#6016=EDGE_CURVE('',#5015,#5012,#2784,.T.);
#6017=EDGE_CURVE('',#4937,#5016,#2785,.T.);
#6018=EDGE_CURVE('',#4936,#5017,#2786,.T.);
#6019=EDGE_CURVE('',#5016,#5017,#2787,.T.);
#6020=EDGE_CURVE('',#4938,#5018,#2788,.T.);
#6021=EDGE_CURVE('',#5018,#5016,#2789,.T.);
#6022=EDGE_CURVE('',#5018,#5019,#2790,.T.);
#6023=EDGE_CURVE('',#4939,#5019,#2791,.T.);
#6024=EDGE_CURVE('',#5019,#5017,#2792,.T.);
#6025=EDGE_CURVE('',#4940,#5020,#2793,.T.);
#6026=EDGE_CURVE('',#5020,#5021,#2794,.T.);
#6027=EDGE_CURVE('',#4941,#5021,#2795,.T.);
#6028=EDGE_CURVE('',#4942,#5022,#2796,.T.);
#6029=EDGE_CURVE('',#5022,#5021,#2797,.T.);
#6030=EDGE_CURVE('',#4943,#5023,#2798,.T.);
#6031=EDGE_CURVE('',#5023,#5022,#2799,.T.);
#6032=EDGE_CURVE('',#5023,#5020,#2800,.T.);
#6033=EDGE_CURVE('',#5024,#5025,#2801,.T.);
#6034=EDGE_CURVE('',#5025,#5026,#2802,.T.);
#6035=EDGE_CURVE('',#5027,#5026,#2803,.T.);
#6036=EDGE_CURVE('',#5024,#5027,#2804,.T.);
#6037=EDGE_CURVE('',#5028,#5029,#2805,.T.);
#6038=EDGE_CURVE('',#5029,#5030,#2806,.T.);
#6039=EDGE_CURVE('',#5031,#5030,#2807,.T.);
#6040=EDGE_CURVE('',#5028,#5031,#2808,.T.);
#6041=EDGE_CURVE('',#5032,#5033,#2809,.T.);
#6042=EDGE_CURVE('',#5033,#5034,#2810,.T.);
#6043=EDGE_CURVE('',#5035,#5034,#2811,.T.);
#6044=EDGE_CURVE('',#5032,#5035,#2812,.T.);
#6045=EDGE_CURVE('',#5036,#5037,#2813,.T.);
#6046=EDGE_CURVE('',#5037,#5038,#2814,.T.);
#6047=EDGE_CURVE('',#5039,#5038,#2815,.T.);
#6048=EDGE_CURVE('',#5036,#5039,#2816,.T.);
#6049=EDGE_CURVE('',#5040,#5041,#2817,.T.);
#6050=EDGE_CURVE('',#5041,#5042,#2818,.T.);
#6051=EDGE_CURVE('',#5043,#5042,#2819,.T.);
#6052=EDGE_CURVE('',#5040,#5043,#2820,.T.);
#6053=EDGE_CURVE('',#5044,#5045,#2821,.T.);
#6054=EDGE_CURVE('',#5045,#5046,#2822,.T.);
#6055=EDGE_CURVE('',#5047,#5046,#2823,.T.);
#6056=EDGE_CURVE('',#5044,#5047,#2824,.T.);
#6057=EDGE_CURVE('',#5048,#5049,#2825,.T.);
#6058=EDGE_CURVE('',#5049,#5050,#2826,.T.);
#6059=EDGE_CURVE('',#5051,#5050,#2827,.T.);
#6060=EDGE_CURVE('',#5048,#5051,#2828,.T.);
#6061=EDGE_CURVE('',#5052,#5053,#2829,.T.);
#6062=EDGE_CURVE('',#5053,#5054,#2830,.T.);
#6063=EDGE_CURVE('',#5055,#5054,#2831,.T.);
#6064=EDGE_CURVE('',#5052,#5055,#2832,.T.);
#6065=EDGE_CURVE('',#5056,#5057,#2833,.T.);
#6066=EDGE_CURVE('',#5057,#5058,#2834,.T.);
#6067=EDGE_CURVE('',#5059,#5058,#2835,.T.);
#6068=EDGE_CURVE('',#5056,#5059,#2836,.T.);
#6069=EDGE_CURVE('',#5060,#5061,#2837,.T.);
#6070=EDGE_CURVE('',#5061,#5062,#2838,.T.);
#6071=EDGE_CURVE('',#5063,#5062,#2839,.T.);
#6072=EDGE_CURVE('',#5060,#5063,#2840,.T.);
#6073=EDGE_CURVE('',#5064,#5065,#2841,.T.);
#6074=EDGE_CURVE('',#5065,#5066,#2842,.T.);
#6075=EDGE_CURVE('',#5067,#5066,#2843,.T.);
#6076=EDGE_CURVE('',#5064,#5067,#2844,.T.);
#6077=EDGE_CURVE('',#5068,#5069,#2845,.T.);
#6078=EDGE_CURVE('',#5069,#5070,#2846,.T.);
#6079=EDGE_CURVE('',#5071,#5070,#2847,.T.);
#6080=EDGE_CURVE('',#5068,#5071,#2848,.T.);
#6081=EDGE_CURVE('',#5072,#5073,#2849,.T.);
#6082=EDGE_CURVE('',#5073,#5074,#2850,.T.);
#6083=EDGE_CURVE('',#5075,#5074,#2851,.T.);
#6084=EDGE_CURVE('',#5072,#5075,#2852,.T.);
#6085=EDGE_CURVE('',#5076,#5077,#2853,.T.);
#6086=EDGE_CURVE('',#5077,#5078,#2854,.T.);
#6087=EDGE_CURVE('',#5079,#5078,#2855,.T.);
#6088=EDGE_CURVE('',#5076,#5079,#2856,.T.);
#6089=EDGE_CURVE('',#5080,#5081,#2857,.T.);
#6090=EDGE_CURVE('',#5081,#5082,#2858,.T.);
#6091=EDGE_CURVE('',#5083,#5082,#2859,.T.);
#6092=EDGE_CURVE('',#5080,#5083,#2860,.T.);
#6093=EDGE_CURVE('',#5084,#5085,#2861,.T.);
#6094=EDGE_CURVE('',#5085,#5086,#2862,.T.);
#6095=EDGE_CURVE('',#5087,#5086,#2863,.T.);
#6096=EDGE_CURVE('',#5084,#5087,#2864,.T.);
#6097=EDGE_CURVE('',#5088,#5089,#2865,.T.);
#6098=EDGE_CURVE('',#5089,#5090,#2866,.T.);
#6099=EDGE_CURVE('',#5091,#5090,#2867,.T.);
#6100=EDGE_CURVE('',#5088,#5091,#2868,.T.);
#6101=EDGE_CURVE('',#5092,#5093,#2869,.T.);
#6102=EDGE_CURVE('',#5093,#5094,#2870,.T.);
#6103=EDGE_CURVE('',#5095,#5094,#2871,.T.);
#6104=EDGE_CURVE('',#5092,#5095,#2872,.T.);
#6105=EDGE_CURVE('',#5096,#5097,#2873,.T.);
#6106=EDGE_CURVE('',#5097,#5098,#2874,.T.);
#6107=EDGE_CURVE('',#5099,#5098,#2875,.T.);
#6108=EDGE_CURVE('',#5096,#5099,#2876,.T.);
#6109=EDGE_CURVE('',#5100,#5101,#2877,.T.);
#6110=EDGE_CURVE('',#5101,#5102,#2878,.T.);
#6111=EDGE_CURVE('',#5103,#5102,#2879,.T.);
#6112=EDGE_CURVE('',#5100,#5103,#2880,.T.);
#6113=EDGE_CURVE('',#5104,#5024,#2881,.T.);
#6114=EDGE_CURVE('',#5105,#5027,#2882,.T.);
#6115=EDGE_CURVE('',#5104,#5105,#2883,.T.);
#6116=EDGE_CURVE('',#5104,#5106,#2884,.T.);
#6117=EDGE_CURVE('',#5106,#5025,#2885,.T.);
#6118=EDGE_CURVE('',#5106,#5107,#2886,.T.);
#6119=EDGE_CURVE('',#5107,#5026,#2887,.T.);
#6120=EDGE_CURVE('',#5105,#5107,#2888,.T.);
#6121=EDGE_CURVE('',#5108,#5028,#2889,.T.);
#6122=EDGE_CURVE('',#5108,#5109,#2890,.T.);
#6123=EDGE_CURVE('',#5109,#5029,#2891,.T.);
#6124=EDGE_CURVE('',#5109,#5110,#2892,.T.);
#6125=EDGE_CURVE('',#5110,#5030,#2893,.T.);
#6126=EDGE_CURVE('',#5111,#5031,#2894,.T.);
#6127=EDGE_CURVE('',#5111,#5110,#2895,.T.);
#6128=EDGE_CURVE('',#5108,#5111,#2896,.T.);
#6129=EDGE_CURVE('',#5112,#5032,#2897,.T.);
#6130=EDGE_CURVE('',#5113,#5035,#2898,.T.);
#6131=EDGE_CURVE('',#5112,#5113,#2899,.T.);
#6132=EDGE_CURVE('',#5112,#5114,#2900,.T.);
#6133=EDGE_CURVE('',#5114,#5033,#2901,.T.);
#6134=EDGE_CURVE('',#5114,#5115,#2902,.T.);
#6135=EDGE_CURVE('',#5115,#5034,#2903,.T.);
#6136=EDGE_CURVE('',#5113,#5115,#2904,.T.);
#6137=EDGE_CURVE('',#5116,#5036,#2905,.T.);
#6138=EDGE_CURVE('',#5116,#5117,#2906,.T.);
#6139=EDGE_CURVE('',#5117,#5037,#2907,.T.);
#6140=EDGE_CURVE('',#5117,#5118,#2908,.T.);
#6141=EDGE_CURVE('',#5118,#5038,#2909,.T.);
#6142=EDGE_CURVE('',#5119,#5039,#2910,.T.);
#6143=EDGE_CURVE('',#5119,#5118,#2911,.T.);
#6144=EDGE_CURVE('',#5116,#5119,#2912,.T.);
#6145=EDGE_CURVE('',#5120,#5040,#2913,.T.);
#6146=EDGE_CURVE('',#5120,#5121,#2914,.T.);
#6147=EDGE_CURVE('',#5121,#5041,#2915,.T.);
#6148=EDGE_CURVE('',#5121,#5122,#2916,.T.);
#6149=EDGE_CURVE('',#5122,#5042,#2917,.T.);
#6150=EDGE_CURVE('',#5123,#5043,#2918,.T.);
#6151=EDGE_CURVE('',#5123,#5122,#2919,.T.);
#6152=EDGE_CURVE('',#5120,#5123,#2920,.T.);
#6153=EDGE_CURVE('',#5124,#5044,#2921,.T.);
#6154=EDGE_CURVE('',#5125,#5047,#2922,.T.);
#6155=EDGE_CURVE('',#5124,#5125,#2923,.T.);
#6156=EDGE_CURVE('',#5124,#5126,#2924,.T.);
#6157=EDGE_CURVE('',#5126,#5045,#2925,.T.);
#6158=EDGE_CURVE('',#5126,#5127,#2926,.T.);
#6159=EDGE_CURVE('',#5127,#5046,#2927,.T.);
#6160=EDGE_CURVE('',#5125,#5127,#2928,.T.);
#6161=EDGE_CURVE('',#5128,#5051,#2929,.T.);
#6162=EDGE_CURVE('',#5129,#5050,#2930,.T.);
#6163=EDGE_CURVE('',#5128,#5129,#2931,.T.);
#6164=EDGE_CURVE('',#5130,#5048,#2932,.T.);
#6165=EDGE_CURVE('',#5130,#5128,#2933,.T.);
#6166=EDGE_CURVE('',#5130,#5131,#2934,.T.);
#6167=EDGE_CURVE('',#5131,#5049,#2935,.T.);
#6168=EDGE_CURVE('',#5131,#5129,#2936,.T.);
#6169=EDGE_CURVE('',#5132,#5052,#2937,.T.);
#6170=EDGE_CURVE('',#5132,#5133,#2938,.T.);
#6171=EDGE_CURVE('',#5133,#5053,#2939,.T.);
#6172=EDGE_CURVE('',#5133,#5134,#2940,.T.);
#6173=EDGE_CURVE('',#5134,#5054,#2941,.T.);
#6174=EDGE_CURVE('',#5135,#5055,#2942,.T.);
#6175=EDGE_CURVE('',#5135,#5134,#2943,.T.);
#6176=EDGE_CURVE('',#5132,#5135,#2944,.T.);
#6177=EDGE_CURVE('',#5136,#5056,#2945,.T.);
#6178=EDGE_CURVE('',#5137,#5059,#2946,.T.);
#6179=EDGE_CURVE('',#5136,#5137,#2947,.T.);
#6180=EDGE_CURVE('',#5136,#5138,#2948,.T.);
#6181=EDGE_CURVE('',#5138,#5057,#2949,.T.);
#6182=EDGE_CURVE('',#5138,#5139,#2950,.T.);
#6183=EDGE_CURVE('',#5139,#5058,#2951,.T.);
#6184=EDGE_CURVE('',#5137,#5139,#2952,.T.);
#6185=EDGE_CURVE('',#5140,#5060,#2953,.T.);
#6186=EDGE_CURVE('',#5140,#5141,#2954,.T.);
#6187=EDGE_CURVE('',#5141,#5061,#2955,.T.);
#6188=EDGE_CURVE('',#5141,#5142,#2956,.T.);
#6189=EDGE_CURVE('',#5142,#5062,#2957,.T.);
#6190=EDGE_CURVE('',#5143,#5063,#2958,.T.);
#6191=EDGE_CURVE('',#5143,#5142,#2959,.T.);
#6192=EDGE_CURVE('',#5140,#5143,#2960,.T.);
#6193=EDGE_CURVE('',#5144,#5067,#2961,.T.);
#6194=EDGE_CURVE('',#5145,#5066,#2962,.T.);
#6195=EDGE_CURVE('',#5144,#5145,#2963,.T.);
#6196=EDGE_CURVE('',#5146,#5064,#2964,.T.);
#6197=EDGE_CURVE('',#5146,#5144,#2965,.T.);
#6198=EDGE_CURVE('',#5146,#5147,#2966,.T.);
#6199=EDGE_CURVE('',#5147,#5065,#2967,.T.);
#6200=EDGE_CURVE('',#5147,#5145,#2968,.T.);
#6201=EDGE_CURVE('',#5148,#5068,#2969,.T.);
#6202=EDGE_CURVE('',#5149,#5071,#2970,.T.);
#6203=EDGE_CURVE('',#5148,#5149,#2971,.T.);
#6204=EDGE_CURVE('',#5148,#5150,#2972,.T.);
#6205=EDGE_CURVE('',#5150,#5069,#2973,.T.);
#6206=EDGE_CURVE('',#5150,#5151,#2974,.T.);
#6207=EDGE_CURVE('',#5151,#5070,#2975,.T.);
#6208=EDGE_CURVE('',#5149,#5151,#2976,.T.);
#6209=EDGE_CURVE('',#5152,#5072,#2977,.T.);
#6210=EDGE_CURVE('',#5153,#5075,#2978,.T.);
#6211=EDGE_CURVE('',#5152,#5153,#2979,.T.);
#6212=EDGE_CURVE('',#5152,#5154,#2980,.T.);
#6213=EDGE_CURVE('',#5154,#5073,#2981,.T.);
#6214=EDGE_CURVE('',#5154,#5155,#2982,.T.);
#6215=EDGE_CURVE('',#5155,#5074,#2983,.T.);
#6216=EDGE_CURVE('',#5153,#5155,#2984,.T.);
#6217=EDGE_CURVE('',#5156,#5076,#2985,.T.);
#6218=EDGE_CURVE('',#5156,#5157,#2986,.T.);
#6219=EDGE_CURVE('',#5157,#5077,#2987,.T.);
#6220=EDGE_CURVE('',#5157,#5158,#2988,.T.);
#6221=EDGE_CURVE('',#5158,#5078,#2989,.T.);
#6222=EDGE_CURVE('',#5159,#5079,#2990,.T.);
#6223=EDGE_CURVE('',#5159,#5158,#2991,.T.);
#6224=EDGE_CURVE('',#5156,#5159,#2992,.T.);
#6225=EDGE_CURVE('',#5160,#5080,#2993,.T.);
#6226=EDGE_CURVE('',#5161,#5083,#2994,.T.);
#6227=EDGE_CURVE('',#5160,#5161,#2995,.T.);
#6228=EDGE_CURVE('',#5160,#5162,#2996,.T.);
#6229=EDGE_CURVE('',#5162,#5081,#2997,.T.);
#6230=EDGE_CURVE('',#5162,#5163,#2998,.T.);
#6231=EDGE_CURVE('',#5163,#5082,#2999,.T.);
#6232=EDGE_CURVE('',#5161,#5163,#3000,.T.);
#6233=EDGE_CURVE('',#5164,#5084,#3001,.T.);
#6234=EDGE_CURVE('',#5165,#5087,#3002,.T.);
#6235=EDGE_CURVE('',#5164,#5165,#3003,.T.);
#6236=EDGE_CURVE('',#5164,#5166,#3004,.T.);
#6237=EDGE_CURVE('',#5166,#5085,#3005,.T.);
#6238=EDGE_CURVE('',#5166,#5167,#3006,.T.);
#6239=EDGE_CURVE('',#5167,#5086,#3007,.T.);
#6240=EDGE_CURVE('',#5165,#5167,#3008,.T.);
#6241=EDGE_CURVE('',#5168,#5088,#3009,.T.);
#6242=EDGE_CURVE('',#5169,#5091,#3010,.T.);
#6243=EDGE_CURVE('',#5168,#5169,#3011,.T.);
#6244=EDGE_CURVE('',#5168,#5170,#3012,.T.);
#6245=EDGE_CURVE('',#5170,#5089,#3013,.T.);
#6246=EDGE_CURVE('',#5170,#5171,#3014,.T.);
#6247=EDGE_CURVE('',#5171,#5090,#3015,.T.);
#6248=EDGE_CURVE('',#5169,#5171,#3016,.T.);
#6249=EDGE_CURVE('',#5172,#5092,#3017,.T.);
#6250=EDGE_CURVE('',#5173,#5095,#3018,.T.);
#6251=EDGE_CURVE('',#5172,#5173,#3019,.T.);
#6252=EDGE_CURVE('',#5172,#5174,#3020,.T.);
#6253=EDGE_CURVE('',#5174,#5093,#3021,.T.);
#6254=EDGE_CURVE('',#5174,#5175,#3022,.T.);
#6255=EDGE_CURVE('',#5175,#5094,#3023,.T.);
#6256=EDGE_CURVE('',#5173,#5175,#3024,.T.);
#6257=EDGE_CURVE('',#5176,#5096,#3025,.T.);
#6258=EDGE_CURVE('',#5177,#5099,#3026,.T.);
#6259=EDGE_CURVE('',#5176,#5177,#3027,.T.);
#6260=EDGE_CURVE('',#5176,#5178,#3028,.T.);
#6261=EDGE_CURVE('',#5178,#5097,#3029,.T.);
#6262=EDGE_CURVE('',#5178,#5179,#3030,.T.);
#6263=EDGE_CURVE('',#5179,#5098,#3031,.T.);
#6264=EDGE_CURVE('',#5177,#5179,#3032,.T.);
#6265=EDGE_CURVE('',#5180,#5103,#3033,.T.);
#6266=EDGE_CURVE('',#5181,#5102,#3034,.T.);
#6267=EDGE_CURVE('',#5180,#5181,#3035,.T.);
#6268=EDGE_CURVE('',#5182,#5100,#3036,.T.);
#6269=EDGE_CURVE('',#5182,#5180,#3037,.T.);
#6270=EDGE_CURVE('',#5182,#5183,#3038,.T.);
#6271=EDGE_CURVE('',#5183,#5101,#3039,.T.);
#6272=EDGE_CURVE('',#5183,#5181,#3040,.T.);
#6273=EDGE_CURVE('',#5184,#5105,#3041,.T.);
#6274=EDGE_CURVE('',#5184,#5185,#3042,.T.);
#6275=EDGE_CURVE('',#5185,#5104,#3043,.T.);
#6276=EDGE_CURVE('',#5185,#5186,#3044,.T.);
#6277=EDGE_CURVE('',#5186,#5106,#3045,.T.);
#6278=EDGE_CURVE('',#5187,#5107,#3046,.T.);
#6279=EDGE_CURVE('',#5187,#5186,#3047,.T.);
#6280=EDGE_CURVE('',#5184,#5187,#3048,.T.);
#6281=EDGE_CURVE('',#5188,#5108,#3049,.T.);
#6282=EDGE_CURVE('',#5188,#5189,#3050,.T.);
#6283=EDGE_CURVE('',#5189,#5109,#3051,.T.);
#6284=EDGE_CURVE('',#5190,#5110,#3052,.T.);
#6285=EDGE_CURVE('',#5190,#5189,#3053,.T.);
#6286=EDGE_CURVE('',#5191,#5111,#3054,.T.);
#6287=EDGE_CURVE('',#5191,#5190,#3055,.T.);
#6288=EDGE_CURVE('',#5191,#5188,#3056,.T.);
#6289=EDGE_CURVE('',#5192,#5113,#3057,.T.);
#6290=EDGE_CURVE('',#5192,#5193,#3058,.T.);
#6291=EDGE_CURVE('',#5193,#5112,#3059,.T.);
#6292=EDGE_CURVE('',#5193,#5194,#3060,.T.);
#6293=EDGE_CURVE('',#5194,#5114,#3061,.T.);
#6294=EDGE_CURVE('',#5195,#5115,#3062,.T.);
#6295=EDGE_CURVE('',#5195,#5194,#3063,.T.);
#6296=EDGE_CURVE('',#5192,#5195,#3064,.T.);
#6297=EDGE_CURVE('',#5196,#5116,#3065,.T.);
#6298=EDGE_CURVE('',#5196,#5197,#3066,.T.);
#6299=EDGE_CURVE('',#5197,#5117,#3067,.T.);
#6300=EDGE_CURVE('',#5198,#5118,#3068,.T.);
#6301=EDGE_CURVE('',#5198,#5197,#3069,.T.);
#6302=EDGE_CURVE('',#5199,#5119,#3070,.T.);
#6303=EDGE_CURVE('',#5199,#5198,#3071,.T.);
#6304=EDGE_CURVE('',#5199,#5196,#3072,.T.);
#6305=EDGE_CURVE('',#5200,#5120,#3073,.T.);
#6306=EDGE_CURVE('',#5200,#5201,#3074,.T.);
#6307=EDGE_CURVE('',#5201,#5121,#3075,.T.);
#6308=EDGE_CURVE('',#5202,#5122,#3076,.T.);
#6309=EDGE_CURVE('',#5202,#5201,#3077,.T.);
#6310=EDGE_CURVE('',#5203,#5123,#3078,.T.);
#6311=EDGE_CURVE('',#5203,#5202,#3079,.T.);
#6312=EDGE_CURVE('',#5203,#5200,#3080,.T.);
#6313=EDGE_CURVE('',#5204,#5125,#3081,.T.);
#6314=EDGE_CURVE('',#5204,#5205,#3082,.T.);
#6315=EDGE_CURVE('',#5205,#5124,#3083,.T.);
#6316=EDGE_CURVE('',#5205,#5206,#3084,.T.);
#6317=EDGE_CURVE('',#5206,#5126,#3085,.T.);
#6318=EDGE_CURVE('',#5207,#5127,#3086,.T.);
#6319=EDGE_CURVE('',#5207,#5206,#3087,.T.);
#6320=EDGE_CURVE('',#5204,#5207,#3088,.T.);
#6321=EDGE_CURVE('',#5208,#5128,#3089,.T.);
#6322=EDGE_CURVE('',#5209,#5129,#3090,.T.);
#6323=EDGE_CURVE('',#5208,#5209,#3091,.T.);
#6324=EDGE_CURVE('',#5208,#5210,#3092,.T.);
#6325=EDGE_CURVE('',#5210,#5130,#3093,.T.);
#6326=EDGE_CURVE('',#5210,#5211,#3094,.T.);
#6327=EDGE_CURVE('',#5211,#5131,#3095,.T.);
#6328=EDGE_CURVE('',#5209,#5211,#3096,.T.);
#6329=EDGE_CURVE('',#5212,#5132,#3097,.T.);
#6330=EDGE_CURVE('',#5212,#5213,#3098,.T.);
#6331=EDGE_CURVE('',#5213,#5133,#3099,.T.);
#6332=EDGE_CURVE('',#5214,#5134,#3100,.T.);
#6333=EDGE_CURVE('',#5214,#5213,#3101,.T.);
#6334=EDGE_CURVE('',#5215,#5135,#3102,.T.);
#6335=EDGE_CURVE('',#5215,#5214,#3103,.T.);
#6336=EDGE_CURVE('',#5215,#5212,#3104,.T.);
#6337=EDGE_CURVE('',#5216,#5137,#3105,.T.);
#6338=EDGE_CURVE('',#5216,#5217,#3106,.T.);
#6339=EDGE_CURVE('',#5217,#5136,#3107,.T.);
#6340=EDGE_CURVE('',#5217,#5218,#3108,.T.);
#6341=EDGE_CURVE('',#5218,#5138,#3109,.T.);
#6342=EDGE_CURVE('',#5219,#5139,#3110,.T.);
#6343=EDGE_CURVE('',#5219,#5218,#3111,.T.);
#6344=EDGE_CURVE('',#5216,#5219,#3112,.T.);
#6345=EDGE_CURVE('',#5220,#5140,#3113,.T.);
#6346=EDGE_CURVE('',#5220,#5221,#3114,.T.);
#6347=EDGE_CURVE('',#5221,#5141,#3115,.T.);
#6348=EDGE_CURVE('',#5222,#5142,#3116,.T.);
#6349=EDGE_CURVE('',#5222,#5221,#3117,.T.);
#6350=EDGE_CURVE('',#5223,#5143,#3118,.T.);
#6351=EDGE_CURVE('',#5223,#5222,#3119,.T.);
#6352=EDGE_CURVE('',#5223,#5220,#3120,.T.);
#6353=EDGE_CURVE('',#5224,#5144,#3121,.T.);
#6354=EDGE_CURVE('',#5225,#5145,#3122,.T.);
#6355=EDGE_CURVE('',#5224,#5225,#3123,.T.);
#6356=EDGE_CURVE('',#5224,#5226,#3124,.T.);
#6357=EDGE_CURVE('',#5226,#5146,#3125,.T.);
#6358=EDGE_CURVE('',#5226,#5227,#3126,.T.);
#6359=EDGE_CURVE('',#5227,#5147,#3127,.T.);
#6360=EDGE_CURVE('',#5225,#5227,#3128,.T.);
#6361=EDGE_CURVE('',#5228,#5149,#3129,.T.);
#6362=EDGE_CURVE('',#5228,#5229,#3130,.T.);
#6363=EDGE_CURVE('',#5229,#5148,#3131,.T.);
#6364=EDGE_CURVE('',#5229,#5230,#3132,.T.);
#6365=EDGE_CURVE('',#5230,#5150,#3133,.T.);
#6366=EDGE_CURVE('',#5231,#5151,#3134,.T.);
#6367=EDGE_CURVE('',#5231,#5230,#3135,.T.);
#6368=EDGE_CURVE('',#5228,#5231,#3136,.T.);
#6369=EDGE_CURVE('',#5232,#5153,#3137,.T.);
#6370=EDGE_CURVE('',#5232,#5233,#3138,.T.);
#6371=EDGE_CURVE('',#5233,#5152,#3139,.T.);
#6372=EDGE_CURVE('',#5233,#5234,#3140,.T.);
#6373=EDGE_CURVE('',#5234,#5154,#3141,.T.);
#6374=EDGE_CURVE('',#5235,#5155,#3142,.T.);
#6375=EDGE_CURVE('',#5235,#5234,#3143,.T.);
#6376=EDGE_CURVE('',#5232,#5235,#3144,.T.);
#6377=EDGE_CURVE('',#5236,#5156,#3145,.T.);
#6378=EDGE_CURVE('',#5236,#5237,#3146,.T.);
#6379=EDGE_CURVE('',#5237,#5157,#3147,.T.);
#6380=EDGE_CURVE('',#5238,#5158,#3148,.T.);
#6381=EDGE_CURVE('',#5238,#5237,#3149,.T.);
#6382=EDGE_CURVE('',#5239,#5159,#3150,.T.);
#6383=EDGE_CURVE('',#5239,#5238,#3151,.T.);
#6384=EDGE_CURVE('',#5239,#5236,#3152,.T.);
#6385=EDGE_CURVE('',#5240,#5161,#3153,.T.);
#6386=EDGE_CURVE('',#5240,#5241,#3154,.T.);
#6387=EDGE_CURVE('',#5241,#5160,#3155,.T.);
#6388=EDGE_CURVE('',#5241,#5242,#3156,.T.);
#6389=EDGE_CURVE('',#5242,#5162,#3157,.T.);
#6390=EDGE_CURVE('',#5243,#5163,#3158,.T.);
#6391=EDGE_CURVE('',#5243,#5242,#3159,.T.);
#6392=EDGE_CURVE('',#5240,#5243,#3160,.T.);
#6393=EDGE_CURVE('',#5244,#5165,#3161,.T.);
#6394=EDGE_CURVE('',#5244,#5245,#3162,.T.);
#6395=EDGE_CURVE('',#5245,#5164,#3163,.T.);
#6396=EDGE_CURVE('',#5245,#5246,#3164,.T.);
#6397=EDGE_CURVE('',#5246,#5166,#3165,.T.);
#6398=EDGE_CURVE('',#5247,#5167,#3166,.T.);
#6399=EDGE_CURVE('',#5247,#5246,#3167,.T.);
#6400=EDGE_CURVE('',#5244,#5247,#3168,.T.);
#6401=EDGE_CURVE('',#5248,#5169,#3169,.T.);
#6402=EDGE_CURVE('',#5248,#5249,#3170,.T.);
#6403=EDGE_CURVE('',#5249,#5168,#3171,.T.);
#6404=EDGE_CURVE('',#5249,#5250,#3172,.T.);
#6405=EDGE_CURVE('',#5250,#5170,#3173,.T.);
#6406=EDGE_CURVE('',#5251,#5171,#3174,.T.);
#6407=EDGE_CURVE('',#5251,#5250,#3175,.T.);
#6408=EDGE_CURVE('',#5248,#5251,#3176,.T.);
#6409=EDGE_CURVE('',#5252,#5173,#3177,.T.);
#6410=EDGE_CURVE('',#5252,#5253,#3178,.T.);
#6411=EDGE_CURVE('',#5253,#5172,#3179,.T.);
#6412=EDGE_CURVE('',#5253,#5254,#3180,.T.);
#6413=EDGE_CURVE('',#5254,#5174,#3181,.T.);
#6414=EDGE_CURVE('',#5255,#5175,#3182,.T.);
#6415=EDGE_CURVE('',#5255,#5254,#3183,.T.);
#6416=EDGE_CURVE('',#5252,#5255,#3184,.T.);
#6417=EDGE_CURVE('',#5256,#5177,#3185,.T.);
#6418=EDGE_CURVE('',#5256,#5257,#3186,.T.);
#6419=EDGE_CURVE('',#5257,#5176,#3187,.T.);
#6420=EDGE_CURVE('',#5257,#5258,#3188,.T.);
#6421=EDGE_CURVE('',#5258,#5178,#3189,.T.);
#6422=EDGE_CURVE('',#5259,#5179,#3190,.T.);
#6423=EDGE_CURVE('',#5259,#5258,#3191,.T.);
#6424=EDGE_CURVE('',#5256,#5259,#3192,.T.);
#6425=EDGE_CURVE('',#5260,#5180,#3193,.T.);
#6426=EDGE_CURVE('',#5261,#5181,#3194,.T.);
#6427=EDGE_CURVE('',#5260,#5261,#3195,.T.);
#6428=EDGE_CURVE('',#5260,#5262,#3196,.T.);
#6429=EDGE_CURVE('',#5262,#5182,#3197,.T.);
#6430=EDGE_CURVE('',#5262,#5263,#3198,.T.);
#6431=EDGE_CURVE('',#5263,#5183,#3199,.T.);
#6432=EDGE_CURVE('',#5261,#5263,#3200,.T.);
#6433=EDGE_CURVE('',#5264,#4659,#3201,.T.);
#6434=EDGE_CURVE('',#4658,#5265,#3202,.T.);
#6435=EDGE_CURVE('',#5265,#5264,#3203,.T.);
#6436=EDGE_CURVE('',#4720,#5266,#3204,.T.);
#6437=EDGE_CURVE('',#5266,#5265,#3205,.T.);
#6438=EDGE_CURVE('',#4719,#5267,#3206,.T.);
#6439=EDGE_CURVE('',#5267,#5266,#3207,.T.);
#6440=EDGE_CURVE('',#4718,#5268,#3208,.T.);
#6441=EDGE_CURVE('',#5268,#5267,#3209,.T.);
#6442=EDGE_CURVE('',#4717,#5269,#3210,.T.);
#6443=EDGE_CURVE('',#5269,#5268,#3211,.T.);
#6444=EDGE_CURVE('',#4716,#5270,#3212,.T.);
#6445=EDGE_CURVE('',#5270,#5269,#3213,.T.);
#6446=EDGE_CURVE('',#4715,#5271,#3214,.T.);
#6447=EDGE_CURVE('',#5271,#5270,#3215,.T.);
#6448=EDGE_CURVE('',#4714,#5272,#3216,.T.);
#6449=EDGE_CURVE('',#5272,#5271,#3217,.T.);
#6450=EDGE_CURVE('',#4713,#5273,#3218,.T.);
#6451=EDGE_CURVE('',#5273,#5272,#3219,.T.);
#6452=EDGE_CURVE('',#4712,#5274,#3220,.T.);
#6453=EDGE_CURVE('',#5274,#5273,#3221,.T.);
#6454=EDGE_CURVE('',#4711,#5275,#3222,.T.);
#6455=EDGE_CURVE('',#5275,#5274,#3223,.T.);
#6456=EDGE_CURVE('',#4710,#5276,#3224,.T.);
#6457=EDGE_CURVE('',#5276,#5275,#3225,.T.);
#6458=EDGE_CURVE('',#4709,#5277,#3226,.T.);
#6459=EDGE_CURVE('',#5277,#5276,#3227,.T.);
#6460=EDGE_CURVE('',#4708,#5278,#3228,.T.);
#6461=EDGE_CURVE('',#5278,#5277,#3229,.T.);
#6462=EDGE_CURVE('',#4707,#5279,#3230,.T.);
#6463=EDGE_CURVE('',#5279,#5278,#3231,.T.);
#6464=EDGE_CURVE('',#4706,#5280,#3232,.T.);
#6465=EDGE_CURVE('',#5280,#5279,#3233,.T.);
#6466=EDGE_CURVE('',#4705,#5281,#3234,.T.);
#6467=EDGE_CURVE('',#5281,#5280,#3235,.T.);
#6468=EDGE_CURVE('',#4704,#5282,#3236,.T.);
#6469=EDGE_CURVE('',#5282,#5281,#3237,.T.);
#6470=EDGE_CURVE('',#4703,#5283,#3238,.T.);
#6471=EDGE_CURVE('',#5283,#5282,#3239,.T.);
#6472=EDGE_CURVE('',#4702,#5284,#3240,.T.);
#6473=EDGE_CURVE('',#5284,#5283,#3241,.T.);
#6474=EDGE_CURVE('',#4701,#5285,#3242,.T.);
#6475=EDGE_CURVE('',#5285,#5284,#3243,.T.);
#6476=EDGE_CURVE('',#4700,#5286,#3244,.T.);
#6477=EDGE_CURVE('',#5286,#5285,#3245,.T.);
#6478=EDGE_CURVE('',#4699,#5287,#3246,.T.);
#6479=EDGE_CURVE('',#5287,#5286,#3247,.T.);
#6480=EDGE_CURVE('',#4698,#5288,#3248,.T.);
#6481=EDGE_CURVE('',#5288,#5287,#3249,.T.);
#6482=EDGE_CURVE('',#4697,#5289,#3250,.T.);
#6483=EDGE_CURVE('',#5289,#5288,#3251,.T.);
#6484=EDGE_CURVE('',#4696,#5290,#3252,.T.);
#6485=EDGE_CURVE('',#5290,#5289,#3253,.T.);
#6486=EDGE_CURVE('',#4695,#5291,#3254,.T.);
#6487=EDGE_CURVE('',#5291,#5290,#3255,.T.);
#6488=EDGE_CURVE('',#4694,#5292,#3256,.T.);
#6489=EDGE_CURVE('',#5292,#5291,#3257,.T.);
#6490=EDGE_CURVE('',#4693,#5293,#3258,.T.);
#6491=EDGE_CURVE('',#5293,#5292,#3259,.T.);
#6492=EDGE_CURVE('',#4692,#5294,#3260,.T.);
#6493=EDGE_CURVE('',#5294,#5293,#3261,.T.);
#6494=EDGE_CURVE('',#4691,#5295,#3262,.T.);
#6495=EDGE_CURVE('',#5295,#5294,#3263,.T.);
#6496=EDGE_CURVE('',#4690,#5296,#3264,.T.);
#6497=EDGE_CURVE('',#5296,#5295,#3265,.T.);
#6498=EDGE_CURVE('',#4689,#5297,#3266,.T.);
#6499=EDGE_CURVE('',#5297,#5296,#3267,.T.);
#6500=EDGE_CURVE('',#4688,#5298,#3268,.T.);
#6501=EDGE_CURVE('',#5298,#5297,#3269,.T.);
#6502=EDGE_CURVE('',#4687,#5299,#3270,.T.);
#6503=EDGE_CURVE('',#5299,#5298,#3271,.T.);
#6504=EDGE_CURVE('',#4686,#5300,#3272,.T.);
#6505=EDGE_CURVE('',#5300,#5299,#3273,.T.);
#6506=EDGE_CURVE('',#4685,#5301,#3274,.T.);
#6507=EDGE_CURVE('',#5301,#5300,#3275,.T.);
#6508=EDGE_CURVE('',#4684,#5302,#3276,.T.);
#6509=EDGE_CURVE('',#5302,#5301,#3277,.T.);
#6510=EDGE_CURVE('',#4683,#5303,#3278,.T.);
#6511=EDGE_CURVE('',#5303,#5302,#3279,.T.);
#6512=EDGE_CURVE('',#4682,#5304,#3280,.T.);
#6513=EDGE_CURVE('',#5304,#5303,#3281,.T.);
#6514=EDGE_CURVE('',#4681,#5305,#3282,.T.);
#6515=EDGE_CURVE('',#5305,#5304,#3283,.T.);
#6516=EDGE_CURVE('',#4680,#5306,#3284,.T.);
#6517=EDGE_CURVE('',#5306,#5305,#3285,.T.);
#6518=EDGE_CURVE('',#4679,#5307,#3286,.T.);
#6519=EDGE_CURVE('',#5307,#5306,#3287,.T.);
#6520=EDGE_CURVE('',#4678,#5308,#3288,.T.);
#6521=EDGE_CURVE('',#5308,#5307,#3289,.T.);
#6522=EDGE_CURVE('',#4677,#5309,#3290,.T.);
#6523=EDGE_CURVE('',#5309,#5308,#3291,.T.);
#6524=EDGE_CURVE('',#4676,#5310,#3292,.T.);
#6525=EDGE_CURVE('',#5310,#5309,#3293,.T.);
#6526=EDGE_CURVE('',#4675,#5311,#3294,.T.);
#6527=EDGE_CURVE('',#5311,#5310,#3295,.T.);
#6528=EDGE_CURVE('',#4674,#5312,#3296,.T.);
#6529=EDGE_CURVE('',#5312,#5311,#3297,.T.);
#6530=EDGE_CURVE('',#4673,#5313,#3298,.T.);
#6531=EDGE_CURVE('',#5313,#5312,#3299,.T.);
#6532=EDGE_CURVE('',#4672,#5314,#3300,.T.);
#6533=EDGE_CURVE('',#5314,#5313,#3301,.T.);
#6534=EDGE_CURVE('',#4671,#5315,#3302,.T.);
#6535=EDGE_CURVE('',#5315,#5314,#3303,.T.);
#6536=EDGE_CURVE('',#4670,#5316,#3304,.T.);
#6537=EDGE_CURVE('',#5316,#5315,#3305,.T.);
#6538=EDGE_CURVE('',#4669,#5317,#3306,.T.);
#6539=EDGE_CURVE('',#5317,#5316,#3307,.T.);
#6540=EDGE_CURVE('',#4668,#5318,#3308,.T.);
#6541=EDGE_CURVE('',#5318,#5317,#3309,.T.);
#6542=EDGE_CURVE('',#4667,#5319,#3310,.T.);
#6543=EDGE_CURVE('',#5319,#5318,#3311,.T.);
#6544=EDGE_CURVE('',#4666,#5320,#3312,.T.);
#6545=EDGE_CURVE('',#5320,#5319,#3313,.T.);
#6546=EDGE_CURVE('',#4665,#5321,#3314,.T.);
#6547=EDGE_CURVE('',#5321,#5320,#3315,.T.);
#6548=EDGE_CURVE('',#4664,#5322,#3316,.T.);
#6549=EDGE_CURVE('',#5322,#5321,#3317,.T.);
#6550=EDGE_CURVE('',#4663,#5323,#3318,.T.);
#6551=EDGE_CURVE('',#5323,#5322,#3319,.T.);
#6552=EDGE_CURVE('',#4662,#5324,#3320,.T.);
#6553=EDGE_CURVE('',#5324,#5323,#3321,.T.);
#6554=EDGE_CURVE('',#4661,#5325,#3322,.T.);
#6555=EDGE_CURVE('',#5325,#5324,#3323,.T.);
#6556=EDGE_CURVE('',#4660,#5326,#3324,.T.);
#6557=EDGE_CURVE('',#5326,#5325,#3325,.T.);
#6558=EDGE_CURVE('',#5326,#5264,#3326,.T.);
#6559=ORIENTED_EDGE('',*,*,#5327,.T.);
#6560=ORIENTED_EDGE('',*,*,#5328,.T.);
#6561=ORIENTED_EDGE('',*,*,#5329,.T.);
#6562=ORIENTED_EDGE('',*,*,#5328,.F.);
#6563=ORIENTED_EDGE('',*,*,#5330,.T.);
#6564=ORIENTED_EDGE('',*,*,#5331,.T.);
#6565=ORIENTED_EDGE('',*,*,#5332,.T.);
#6566=ORIENTED_EDGE('',*,*,#5331,.F.);
#6567=ORIENTED_EDGE('',*,*,#5333,.T.);
#6568=ORIENTED_EDGE('',*,*,#5334,.T.);
#6569=ORIENTED_EDGE('',*,*,#5335,.T.);
#6570=ORIENTED_EDGE('',*,*,#5334,.F.);
#6571=ORIENTED_EDGE('',*,*,#5336,.T.);
#6572=ORIENTED_EDGE('',*,*,#5337,.T.);
#6573=ORIENTED_EDGE('',*,*,#5338,.T.);
#6574=ORIENTED_EDGE('',*,*,#5337,.F.);
#6575=ORIENTED_EDGE('',*,*,#5339,.T.);
#6576=ORIENTED_EDGE('',*,*,#5340,.T.);
#6577=ORIENTED_EDGE('',*,*,#5341,.T.);
#6578=ORIENTED_EDGE('',*,*,#5342,.F.);
#6579=ORIENTED_EDGE('',*,*,#5343,.T.);
#6580=ORIENTED_EDGE('',*,*,#5344,.T.);
#6581=ORIENTED_EDGE('',*,*,#5345,.T.);
#6582=ORIENTED_EDGE('',*,*,#5340,.F.);
#6583=ORIENTED_EDGE('',*,*,#5346,.T.);
#6584=ORIENTED_EDGE('',*,*,#5347,.T.);
#6585=ORIENTED_EDGE('',*,*,#5348,.T.);
#6586=ORIENTED_EDGE('',*,*,#5344,.F.);
#6587=ORIENTED_EDGE('',*,*,#5349,.T.);
#6588=ORIENTED_EDGE('',*,*,#5350,.T.);
#6589=ORIENTED_EDGE('',*,*,#5351,.T.);
#6590=ORIENTED_EDGE('',*,*,#5347,.F.);
#6591=ORIENTED_EDGE('',*,*,#5352,.T.);
#6592=ORIENTED_EDGE('',*,*,#5353,.T.);
#6593=ORIENTED_EDGE('',*,*,#5354,.T.);
#6594=ORIENTED_EDGE('',*,*,#5350,.F.);
#6595=ORIENTED_EDGE('',*,*,#5355,.T.);
#6596=ORIENTED_EDGE('',*,*,#5356,.T.);
#6597=ORIENTED_EDGE('',*,*,#5357,.T.);
#6598=ORIENTED_EDGE('',*,*,#5353,.F.);
#6599=ORIENTED_EDGE('',*,*,#5358,.F.);
#6600=ORIENTED_EDGE('',*,*,#5359,.T.);
#6601=ORIENTED_EDGE('',*,*,#5360,.T.);
#6602=ORIENTED_EDGE('',*,*,#5356,.F.);
#6603=ORIENTED_EDGE('',*,*,#5361,.T.);
#6604=ORIENTED_EDGE('',*,*,#5362,.T.);
#6605=ORIENTED_EDGE('',*,*,#5363,.T.);
#6606=ORIENTED_EDGE('',*,*,#5359,.F.);
#6607=ORIENTED_EDGE('',*,*,#5364,.T.);
#6608=ORIENTED_EDGE('',*,*,#5365,.T.);
#6609=ORIENTED_EDGE('',*,*,#5366,.T.);
#6610=ORIENTED_EDGE('',*,*,#5362,.F.);
#6611=ORIENTED_EDGE('',*,*,#5367,.T.);
#6612=ORIENTED_EDGE('',*,*,#5368,.T.);
#6613=ORIENTED_EDGE('',*,*,#5369,.T.);
#6614=ORIENTED_EDGE('',*,*,#5365,.F.);
#6615=ORIENTED_EDGE('',*,*,#5370,.T.);
#6616=ORIENTED_EDGE('',*,*,#5371,.T.);
#6617=ORIENTED_EDGE('',*,*,#5372,.T.);
#6618=ORIENTED_EDGE('',*,*,#5368,.F.);
#6619=ORIENTED_EDGE('',*,*,#5373,.T.);
#6620=ORIENTED_EDGE('',*,*,#5374,.T.);
#6621=ORIENTED_EDGE('',*,*,#5375,.T.);
#6622=ORIENTED_EDGE('',*,*,#5371,.F.);
#6623=ORIENTED_EDGE('',*,*,#5376,.F.);
#6624=ORIENTED_EDGE('',*,*,#5377,.T.);
#6625=ORIENTED_EDGE('',*,*,#5378,.T.);
#6626=ORIENTED_EDGE('',*,*,#5374,.F.);
#6627=ORIENTED_EDGE('',*,*,#5379,.T.);
#6628=ORIENTED_EDGE('',*,*,#5342,.T.);
#6629=ORIENTED_EDGE('',*,*,#5380,.T.);
#6630=ORIENTED_EDGE('',*,*,#5377,.F.);
#6631=ORIENTED_EDGE('',*,*,#5379,.F.);
#6632=ORIENTED_EDGE('',*,*,#5376,.T.);
#6633=ORIENTED_EDGE('',*,*,#5373,.F.);
#6634=ORIENTED_EDGE('',*,*,#5370,.F.);
#6635=ORIENTED_EDGE('',*,*,#5367,.F.);
#6636=ORIENTED_EDGE('',*,*,#5364,.F.);
#6637=ORIENTED_EDGE('',*,*,#5361,.F.);
#6638=ORIENTED_EDGE('',*,*,#5358,.T.);
#6639=ORIENTED_EDGE('',*,*,#5355,.F.);
#6640=ORIENTED_EDGE('',*,*,#5352,.F.);
#6641=ORIENTED_EDGE('',*,*,#5349,.F.);
#6642=ORIENTED_EDGE('',*,*,#5346,.F.);
#6643=ORIENTED_EDGE('',*,*,#5343,.F.);
#6644=ORIENTED_EDGE('',*,*,#5339,.F.);
#6645=ORIENTED_EDGE('',*,*,#5329,.F.);
#6646=ORIENTED_EDGE('',*,*,#5332,.F.);
#6647=ORIENTED_EDGE('',*,*,#5335,.F.);
#6648=ORIENTED_EDGE('',*,*,#5338,.F.);
#6649=ORIENTED_EDGE('',*,*,#5381,.F.);
#6650=ORIENTED_EDGE('',*,*,#5382,.T.);
#6651=ORIENTED_EDGE('',*,*,#5383,.T.);
#6652=ORIENTED_EDGE('',*,*,#5384,.T.);
#6653=ORIENTED_EDGE('',*,*,#5385,.T.);
#6654=ORIENTED_EDGE('',*,*,#5386,.T.);
#6655=ORIENTED_EDGE('',*,*,#5387,.T.);
#6656=ORIENTED_EDGE('',*,*,#5388,.T.);
#6657=ORIENTED_EDGE('',*,*,#5389,.T.);
#6658=ORIENTED_EDGE('',*,*,#5390,.T.);
#6659=ORIENTED_EDGE('',*,*,#5391,.T.);
#6660=ORIENTED_EDGE('',*,*,#5392,.T.);
#6661=ORIENTED_EDGE('',*,*,#5393,.T.);
#6662=ORIENTED_EDGE('',*,*,#5394,.T.);
#6663=ORIENTED_EDGE('',*,*,#5395,.T.);
#6664=ORIENTED_EDGE('',*,*,#5396,.T.);
#6665=ORIENTED_EDGE('',*,*,#5397,.T.);
#6666=ORIENTED_EDGE('',*,*,#5398,.T.);
#6667=ORIENTED_EDGE('',*,*,#5399,.T.);
#6668=ORIENTED_EDGE('',*,*,#5400,.T.);
#6669=ORIENTED_EDGE('',*,*,#5401,.T.);
#6670=ORIENTED_EDGE('',*,*,#5402,.T.);
#6671=ORIENTED_EDGE('',*,*,#5403,.T.);
#6672=ORIENTED_EDGE('',*,*,#5404,.T.);
#6673=ORIENTED_EDGE('',*,*,#5405,.T.);
#6674=ORIENTED_EDGE('',*,*,#5406,.T.);
#6675=ORIENTED_EDGE('',*,*,#5407,.T.);
#6676=ORIENTED_EDGE('',*,*,#5408,.T.);
#6677=ORIENTED_EDGE('',*,*,#5409,.T.);
#6678=ORIENTED_EDGE('',*,*,#5410,.T.);
#6679=ORIENTED_EDGE('',*,*,#5411,.T.);
#6680=ORIENTED_EDGE('',*,*,#5412,.T.);
#6681=ORIENTED_EDGE('',*,*,#5413,.T.);
#6682=ORIENTED_EDGE('',*,*,#5414,.T.);
#6683=ORIENTED_EDGE('',*,*,#5415,.T.);
#6684=ORIENTED_EDGE('',*,*,#5416,.T.);
#6685=ORIENTED_EDGE('',*,*,#5417,.T.);
#6686=ORIENTED_EDGE('',*,*,#5418,.T.);
#6687=ORIENTED_EDGE('',*,*,#5419,.T.);
#6688=ORIENTED_EDGE('',*,*,#5420,.T.);
#6689=ORIENTED_EDGE('',*,*,#5421,.T.);
#6690=ORIENTED_EDGE('',*,*,#5422,.T.);
#6691=ORIENTED_EDGE('',*,*,#5423,.T.);
#6692=ORIENTED_EDGE('',*,*,#5424,.T.);
#6693=ORIENTED_EDGE('',*,*,#5425,.T.);
#6694=ORIENTED_EDGE('',*,*,#5426,.T.);
#6695=ORIENTED_EDGE('',*,*,#5427,.T.);
#6696=ORIENTED_EDGE('',*,*,#5428,.T.);
#6697=ORIENTED_EDGE('',*,*,#5429,.T.);
#6698=ORIENTED_EDGE('',*,*,#5430,.T.);
#6699=ORIENTED_EDGE('',*,*,#5431,.T.);
#6700=ORIENTED_EDGE('',*,*,#5432,.T.);
#6701=ORIENTED_EDGE('',*,*,#5433,.T.);
#6702=ORIENTED_EDGE('',*,*,#5434,.T.);
#6703=ORIENTED_EDGE('',*,*,#5435,.T.);
#6704=ORIENTED_EDGE('',*,*,#5436,.T.);
#6705=ORIENTED_EDGE('',*,*,#5437,.T.);
#6706=ORIENTED_EDGE('',*,*,#5438,.T.);
#6707=ORIENTED_EDGE('',*,*,#5439,.T.);
#6708=ORIENTED_EDGE('',*,*,#5440,.T.);
#6709=ORIENTED_EDGE('',*,*,#5441,.T.);
#6710=ORIENTED_EDGE('',*,*,#5442,.T.);
#6711=ORIENTED_EDGE('',*,*,#5443,.T.);
#6712=ORIENTED_EDGE('',*,*,#5444,.T.);
#6713=ORIENTED_EDGE('',*,*,#5445,.T.);
#6714=ORIENTED_EDGE('',*,*,#5446,.T.);
#6715=ORIENTED_EDGE('',*,*,#5447,.T.);
#6716=ORIENTED_EDGE('',*,*,#5448,.T.);
#6717=ORIENTED_EDGE('',*,*,#5449,.T.);
#6718=ORIENTED_EDGE('',*,*,#5450,.T.);
#6719=ORIENTED_EDGE('',*,*,#5451,.T.);
#6720=ORIENTED_EDGE('',*,*,#5452,.T.);
#6721=ORIENTED_EDGE('',*,*,#5453,.T.);
#6722=ORIENTED_EDGE('',*,*,#5454,.T.);
#6723=ORIENTED_EDGE('',*,*,#5455,.T.);
#6724=ORIENTED_EDGE('',*,*,#5456,.T.);
#6725=ORIENTED_EDGE('',*,*,#5457,.T.);
#6726=ORIENTED_EDGE('',*,*,#5458,.T.);
#6727=ORIENTED_EDGE('',*,*,#5459,.T.);
#6728=ORIENTED_EDGE('',*,*,#5460,.T.);
#6729=ORIENTED_EDGE('',*,*,#5461,.T.);
#6730=ORIENTED_EDGE('',*,*,#5462,.T.);
#6731=ORIENTED_EDGE('',*,*,#5463,.T.);
#6732=ORIENTED_EDGE('',*,*,#5464,.T.);
#6733=ORIENTED_EDGE('',*,*,#5465,.T.);
#6734=ORIENTED_EDGE('',*,*,#5466,.T.);
#6735=ORIENTED_EDGE('',*,*,#5467,.T.);
#6736=ORIENTED_EDGE('',*,*,#5468,.T.);
#6737=ORIENTED_EDGE('',*,*,#5469,.T.);
#6738=ORIENTED_EDGE('',*,*,#5470,.T.);
#6739=ORIENTED_EDGE('',*,*,#5471,.T.);
#6740=ORIENTED_EDGE('',*,*,#5472,.T.);
#6741=ORIENTED_EDGE('',*,*,#5473,.T.);
#6742=ORIENTED_EDGE('',*,*,#5474,.T.);
#6743=ORIENTED_EDGE('',*,*,#5475,.T.);
#6744=ORIENTED_EDGE('',*,*,#5476,.T.);
#6745=ORIENTED_EDGE('',*,*,#5477,.T.);
#6746=ORIENTED_EDGE('',*,*,#5478,.T.);
#6747=ORIENTED_EDGE('',*,*,#5479,.T.);
#6748=ORIENTED_EDGE('',*,*,#5480,.T.);
#6749=ORIENTED_EDGE('',*,*,#5481,.T.);
#6750=ORIENTED_EDGE('',*,*,#5482,.T.);
#6751=ORIENTED_EDGE('',*,*,#5483,.T.);
#6752=ORIENTED_EDGE('',*,*,#5484,.T.);
#6753=ORIENTED_EDGE('',*,*,#5485,.T.);
#6754=ORIENTED_EDGE('',*,*,#5486,.T.);
#6755=ORIENTED_EDGE('',*,*,#5487,.T.);
#6756=ORIENTED_EDGE('',*,*,#5488,.T.);
#6757=ORIENTED_EDGE('',*,*,#5489,.T.);
#6758=ORIENTED_EDGE('',*,*,#5490,.T.);
#6759=ORIENTED_EDGE('',*,*,#5491,.T.);
#6760=ORIENTED_EDGE('',*,*,#5492,.T.);
#6761=ORIENTED_EDGE('',*,*,#5493,.T.);
#6762=ORIENTED_EDGE('',*,*,#5494,.T.);
#6763=ORIENTED_EDGE('',*,*,#5495,.T.);
#6764=ORIENTED_EDGE('',*,*,#5496,.T.);
#6765=ORIENTED_EDGE('',*,*,#5497,.T.);
#6766=ORIENTED_EDGE('',*,*,#5498,.T.);
#6767=ORIENTED_EDGE('',*,*,#5499,.T.);
#6768=ORIENTED_EDGE('',*,*,#5500,.T.);
#6769=ORIENTED_EDGE('',*,*,#5501,.T.);
#6770=ORIENTED_EDGE('',*,*,#5502,.T.);
#6771=ORIENTED_EDGE('',*,*,#5503,.T.);
#6772=ORIENTED_EDGE('',*,*,#5504,.T.);
#6773=ORIENTED_EDGE('',*,*,#5505,.T.);
#6774=ORIENTED_EDGE('',*,*,#5506,.T.);
#6775=ORIENTED_EDGE('',*,*,#5380,.F.);
#6776=ORIENTED_EDGE('',*,*,#5341,.F.);
#6777=ORIENTED_EDGE('',*,*,#5345,.F.);
#6778=ORIENTED_EDGE('',*,*,#5348,.F.);
#6779=ORIENTED_EDGE('',*,*,#5351,.F.);
#6780=ORIENTED_EDGE('',*,*,#5354,.F.);
#6781=ORIENTED_EDGE('',*,*,#5357,.F.);
#6782=ORIENTED_EDGE('',*,*,#5360,.F.);
#6783=ORIENTED_EDGE('',*,*,#5363,.F.);
#6784=ORIENTED_EDGE('',*,*,#5366,.F.);
#6785=ORIENTED_EDGE('',*,*,#5369,.F.);
#6786=ORIENTED_EDGE('',*,*,#5372,.F.);
#6787=ORIENTED_EDGE('',*,*,#5375,.F.);
#6788=ORIENTED_EDGE('',*,*,#5378,.F.);
#6789=ORIENTED_EDGE('',*,*,#5336,.F.);
#6790=ORIENTED_EDGE('',*,*,#5333,.F.);
#6791=ORIENTED_EDGE('',*,*,#5330,.F.);
#6792=ORIENTED_EDGE('',*,*,#5327,.F.);
#6793=ORIENTED_EDGE('',*,*,#5507,.T.);
#6794=ORIENTED_EDGE('',*,*,#5508,.T.);
#6795=ORIENTED_EDGE('',*,*,#5509,.T.);
#6796=ORIENTED_EDGE('',*,*,#5381,.T.);
#6797=ORIENTED_EDGE('',*,*,#5509,.F.);
#6798=ORIENTED_EDGE('',*,*,#5510,.T.);
#6799=ORIENTED_EDGE('',*,*,#5511,.F.);
#6800=ORIENTED_EDGE('',*,*,#5382,.F.);
#6801=ORIENTED_EDGE('',*,*,#5507,.F.);
#6802=ORIENTED_EDGE('',*,*,#5443,.F.);
#6803=ORIENTED_EDGE('',*,*,#5512,.T.);
#6804=ORIENTED_EDGE('',*,*,#5513,.T.);
#6805=ORIENTED_EDGE('',*,*,#5508,.F.);
#6806=ORIENTED_EDGE('',*,*,#5513,.F.);
#6807=ORIENTED_EDGE('',*,*,#5514,.F.);
#6808=ORIENTED_EDGE('',*,*,#5515,.F.);
#6809=ORIENTED_EDGE('',*,*,#5516,.F.);
#6810=ORIENTED_EDGE('',*,*,#5517,.F.);
#6811=ORIENTED_EDGE('',*,*,#5518,.F.);
#6812=ORIENTED_EDGE('',*,*,#5519,.F.);
#6813=ORIENTED_EDGE('',*,*,#5520,.F.);
#6814=ORIENTED_EDGE('',*,*,#5521,.F.);
#6815=ORIENTED_EDGE('',*,*,#5522,.F.);
#6816=ORIENTED_EDGE('',*,*,#5523,.F.);
#6817=ORIENTED_EDGE('',*,*,#5524,.F.);
#6818=ORIENTED_EDGE('',*,*,#5525,.F.);
#6819=ORIENTED_EDGE('',*,*,#5526,.F.);
#6820=ORIENTED_EDGE('',*,*,#5527,.F.);
#6821=ORIENTED_EDGE('',*,*,#5528,.F.);
#6822=ORIENTED_EDGE('',*,*,#5529,.F.);
#6823=ORIENTED_EDGE('',*,*,#5530,.F.);
#6824=ORIENTED_EDGE('',*,*,#5531,.F.);
#6825=ORIENTED_EDGE('',*,*,#5532,.F.);
#6826=ORIENTED_EDGE('',*,*,#5533,.F.);
#6827=ORIENTED_EDGE('',*,*,#5534,.F.);
#6828=ORIENTED_EDGE('',*,*,#5535,.F.);
#6829=ORIENTED_EDGE('',*,*,#5536,.F.);
#6830=ORIENTED_EDGE('',*,*,#5537,.F.);
#6831=ORIENTED_EDGE('',*,*,#5538,.F.);
#6832=ORIENTED_EDGE('',*,*,#5539,.F.);
#6833=ORIENTED_EDGE('',*,*,#5540,.F.);
#6834=ORIENTED_EDGE('',*,*,#5541,.F.);
#6835=ORIENTED_EDGE('',*,*,#5542,.F.);
#6836=ORIENTED_EDGE('',*,*,#5543,.F.);
#6837=ORIENTED_EDGE('',*,*,#5544,.F.);
#6838=ORIENTED_EDGE('',*,*,#5545,.F.);
#6839=ORIENTED_EDGE('',*,*,#5546,.F.);
#6840=ORIENTED_EDGE('',*,*,#5547,.F.);
#6841=ORIENTED_EDGE('',*,*,#5548,.F.);
#6842=ORIENTED_EDGE('',*,*,#5549,.F.);
#6843=ORIENTED_EDGE('',*,*,#5550,.F.);
#6844=ORIENTED_EDGE('',*,*,#5551,.F.);
#6845=ORIENTED_EDGE('',*,*,#5552,.F.);
#6846=ORIENTED_EDGE('',*,*,#5553,.F.);
#6847=ORIENTED_EDGE('',*,*,#5554,.F.);
#6848=ORIENTED_EDGE('',*,*,#5555,.F.);
#6849=ORIENTED_EDGE('',*,*,#5556,.F.);
#6850=ORIENTED_EDGE('',*,*,#5557,.F.);
#6851=ORIENTED_EDGE('',*,*,#5558,.F.);
#6852=ORIENTED_EDGE('',*,*,#5559,.F.);
#6853=ORIENTED_EDGE('',*,*,#5560,.F.);
#6854=ORIENTED_EDGE('',*,*,#5561,.F.);
#6855=ORIENTED_EDGE('',*,*,#5562,.F.);
#6856=ORIENTED_EDGE('',*,*,#5563,.F.);
#6857=ORIENTED_EDGE('',*,*,#5564,.F.);
#6858=ORIENTED_EDGE('',*,*,#5565,.F.);
#6859=ORIENTED_EDGE('',*,*,#5566,.F.);
#6860=ORIENTED_EDGE('',*,*,#5567,.F.);
#6861=ORIENTED_EDGE('',*,*,#5568,.F.);
#6862=ORIENTED_EDGE('',*,*,#5569,.F.);
#6863=ORIENTED_EDGE('',*,*,#5570,.F.);
#6864=ORIENTED_EDGE('',*,*,#5571,.F.);
#6865=ORIENTED_EDGE('',*,*,#5572,.F.);
#6866=ORIENTED_EDGE('',*,*,#5573,.F.);
#6867=ORIENTED_EDGE('',*,*,#5510,.F.);
#6868=ORIENTED_EDGE('',*,*,#5574,.T.);
#6869=ORIENTED_EDGE('',*,*,#5575,.T.);
#6870=ORIENTED_EDGE('',*,*,#5576,.F.);
#6871=ORIENTED_EDGE('',*,*,#5577,.F.);
#6872=ORIENTED_EDGE('',*,*,#5578,.T.);
#6873=ORIENTED_EDGE('',*,*,#5579,.T.);
#6874=ORIENTED_EDGE('',*,*,#5580,.F.);
#6875=ORIENTED_EDGE('',*,*,#5581,.F.);
#6876=ORIENTED_EDGE('',*,*,#5582,.T.);
#6877=ORIENTED_EDGE('',*,*,#5583,.F.);
#6878=ORIENTED_EDGE('',*,*,#5584,.F.);
#6879=ORIENTED_EDGE('',*,*,#5585,.T.);
#6880=ORIENTED_EDGE('',*,*,#5586,.T.);
#6881=ORIENTED_EDGE('',*,*,#5587,.T.);
#6882=ORIENTED_EDGE('',*,*,#5588,.F.);
#6883=ORIENTED_EDGE('',*,*,#5589,.F.);
#6884=ORIENTED_EDGE('',*,*,#5590,.F.);
#6885=ORIENTED_EDGE('',*,*,#5591,.T.);
#6886=ORIENTED_EDGE('',*,*,#5592,.T.);
#6887=ORIENTED_EDGE('',*,*,#5593,.F.);
#6888=ORIENTED_EDGE('',*,*,#5594,.T.);
#6889=ORIENTED_EDGE('',*,*,#5595,.F.);
#6890=ORIENTED_EDGE('',*,*,#5596,.F.);
#6891=ORIENTED_EDGE('',*,*,#5597,.T.);
#6892=ORIENTED_EDGE('',*,*,#5598,.T.);
#6893=ORIENTED_EDGE('',*,*,#5599,.T.);
#6894=ORIENTED_EDGE('',*,*,#5600,.F.);
#6895=ORIENTED_EDGE('',*,*,#5601,.F.);
#6896=ORIENTED_EDGE('',*,*,#5602,.T.);
#6897=ORIENTED_EDGE('',*,*,#5603,.T.);
#6898=ORIENTED_EDGE('',*,*,#5604,.F.);
#6899=ORIENTED_EDGE('',*,*,#5605,.F.);
#6900=ORIENTED_EDGE('',*,*,#5606,.T.);
#6901=ORIENTED_EDGE('',*,*,#5607,.T.);
#6902=ORIENTED_EDGE('',*,*,#5608,.F.);
#6903=ORIENTED_EDGE('',*,*,#5609,.F.);
#6904=ORIENTED_EDGE('',*,*,#5610,.F.);
#6905=ORIENTED_EDGE('',*,*,#5611,.T.);
#6906=ORIENTED_EDGE('',*,*,#5612,.T.);
#6907=ORIENTED_EDGE('',*,*,#5613,.F.);
#6908=ORIENTED_EDGE('',*,*,#5614,.T.);
#6909=ORIENTED_EDGE('',*,*,#5615,.T.);
#6910=ORIENTED_EDGE('',*,*,#5616,.F.);
#6911=ORIENTED_EDGE('',*,*,#5617,.F.);
#6912=ORIENTED_EDGE('',*,*,#5618,.T.);
#6913=ORIENTED_EDGE('',*,*,#5619,.F.);
#6914=ORIENTED_EDGE('',*,*,#5620,.F.);
#6915=ORIENTED_EDGE('',*,*,#5621,.T.);
#6916=ORIENTED_EDGE('',*,*,#5622,.T.);
#6917=ORIENTED_EDGE('',*,*,#5623,.T.);
#6918=ORIENTED_EDGE('',*,*,#5624,.F.);
#6919=ORIENTED_EDGE('',*,*,#5625,.F.);
#6920=ORIENTED_EDGE('',*,*,#5626,.F.);
#6921=ORIENTED_EDGE('',*,*,#5627,.T.);
#6922=ORIENTED_EDGE('',*,*,#5628,.T.);
#6923=ORIENTED_EDGE('',*,*,#5629,.F.);
#6924=ORIENTED_EDGE('',*,*,#5630,.T.);
#6925=ORIENTED_EDGE('',*,*,#5631,.T.);
#6926=ORIENTED_EDGE('',*,*,#5632,.F.);
#6927=ORIENTED_EDGE('',*,*,#5633,.F.);
#6928=ORIENTED_EDGE('',*,*,#5634,.T.);
#6929=ORIENTED_EDGE('',*,*,#5635,.F.);
#6930=ORIENTED_EDGE('',*,*,#5636,.F.);
#6931=ORIENTED_EDGE('',*,*,#5637,.T.);
#6932=ORIENTED_EDGE('',*,*,#5638,.T.);
#6933=ORIENTED_EDGE('',*,*,#5639,.T.);
#6934=ORIENTED_EDGE('',*,*,#5640,.F.);
#6935=ORIENTED_EDGE('',*,*,#5641,.F.);
#6936=ORIENTED_EDGE('',*,*,#5642,.T.);
#6937=ORIENTED_EDGE('',*,*,#5643,.T.);
#6938=ORIENTED_EDGE('',*,*,#5644,.F.);
#6939=ORIENTED_EDGE('',*,*,#5645,.F.);
#6940=ORIENTED_EDGE('',*,*,#5646,.T.);
#6941=ORIENTED_EDGE('',*,*,#5647,.F.);
#6942=ORIENTED_EDGE('',*,*,#5648,.F.);
#6943=ORIENTED_EDGE('',*,*,#5649,.T.);
#6944=ORIENTED_EDGE('',*,*,#5650,.T.);
#6945=ORIENTED_EDGE('',*,*,#5651,.T.);
#6946=ORIENTED_EDGE('',*,*,#5652,.F.);
#6947=ORIENTED_EDGE('',*,*,#5653,.F.);
#6948=ORIENTED_EDGE('',*,*,#5654,.T.);
#6949=ORIENTED_EDGE('',*,*,#5514,.T.);
#6950=ORIENTED_EDGE('',*,*,#5512,.F.);
#6951=ORIENTED_EDGE('',*,*,#5442,.F.);
#6952=ORIENTED_EDGE('',*,*,#5655,.T.);
#6953=ORIENTED_EDGE('',*,*,#5515,.T.);
#6954=ORIENTED_EDGE('',*,*,#5654,.F.);
#6955=ORIENTED_EDGE('',*,*,#5441,.F.);
#6956=ORIENTED_EDGE('',*,*,#5656,.T.);
#6957=ORIENTED_EDGE('',*,*,#5516,.T.);
#6958=ORIENTED_EDGE('',*,*,#5655,.F.);
#6959=ORIENTED_EDGE('',*,*,#5440,.F.);
#6960=ORIENTED_EDGE('',*,*,#5657,.T.);
#6961=ORIENTED_EDGE('',*,*,#5517,.T.);
#6962=ORIENTED_EDGE('',*,*,#5656,.F.);
#6963=ORIENTED_EDGE('',*,*,#5439,.F.);
#6964=ORIENTED_EDGE('',*,*,#5658,.T.);
#6965=ORIENTED_EDGE('',*,*,#5518,.T.);
#6966=ORIENTED_EDGE('',*,*,#5657,.F.);
#6967=ORIENTED_EDGE('',*,*,#5438,.F.);
#6968=ORIENTED_EDGE('',*,*,#5659,.T.);
#6969=ORIENTED_EDGE('',*,*,#5519,.T.);
#6970=ORIENTED_EDGE('',*,*,#5658,.F.);
#6971=ORIENTED_EDGE('',*,*,#5437,.F.);
#6972=ORIENTED_EDGE('',*,*,#5660,.T.);
#6973=ORIENTED_EDGE('',*,*,#5520,.T.);
#6974=ORIENTED_EDGE('',*,*,#5659,.F.);
#6975=ORIENTED_EDGE('',*,*,#5436,.F.);
#6976=ORIENTED_EDGE('',*,*,#5661,.T.);
#6977=ORIENTED_EDGE('',*,*,#5521,.T.);
#6978=ORIENTED_EDGE('',*,*,#5660,.F.);
#6979=ORIENTED_EDGE('',*,*,#5435,.F.);
#6980=ORIENTED_EDGE('',*,*,#5662,.T.);
#6981=ORIENTED_EDGE('',*,*,#5522,.T.);
#6982=ORIENTED_EDGE('',*,*,#5661,.F.);
#6983=ORIENTED_EDGE('',*,*,#5434,.F.);
#6984=ORIENTED_EDGE('',*,*,#5663,.T.);
#6985=ORIENTED_EDGE('',*,*,#5523,.T.);
#6986=ORIENTED_EDGE('',*,*,#5662,.F.);
#6987=ORIENTED_EDGE('',*,*,#5433,.F.);
#6988=ORIENTED_EDGE('',*,*,#5664,.T.);
#6989=ORIENTED_EDGE('',*,*,#5524,.T.);
#6990=ORIENTED_EDGE('',*,*,#5663,.F.);
#6991=ORIENTED_EDGE('',*,*,#5432,.F.);
#6992=ORIENTED_EDGE('',*,*,#5665,.T.);
#6993=ORIENTED_EDGE('',*,*,#5525,.T.);
#6994=ORIENTED_EDGE('',*,*,#5664,.F.);
#6995=ORIENTED_EDGE('',*,*,#5431,.F.);
#6996=ORIENTED_EDGE('',*,*,#5666,.T.);
#6997=ORIENTED_EDGE('',*,*,#5526,.T.);
#6998=ORIENTED_EDGE('',*,*,#5665,.F.);
#6999=ORIENTED_EDGE('',*,*,#5430,.F.);
#7000=ORIENTED_EDGE('',*,*,#5667,.T.);
#7001=ORIENTED_EDGE('',*,*,#5527,.T.);
#7002=ORIENTED_EDGE('',*,*,#5666,.F.);
#7003=ORIENTED_EDGE('',*,*,#5429,.F.);
#7004=ORIENTED_EDGE('',*,*,#5668,.T.);
#7005=ORIENTED_EDGE('',*,*,#5528,.T.);
#7006=ORIENTED_EDGE('',*,*,#5667,.F.);
#7007=ORIENTED_EDGE('',*,*,#5428,.F.);
#7008=ORIENTED_EDGE('',*,*,#5669,.T.);
#7009=ORIENTED_EDGE('',*,*,#5529,.T.);
#7010=ORIENTED_EDGE('',*,*,#5668,.F.);
#7011=ORIENTED_EDGE('',*,*,#5427,.F.);
#7012=ORIENTED_EDGE('',*,*,#5670,.T.);
#7013=ORIENTED_EDGE('',*,*,#5530,.T.);
#7014=ORIENTED_EDGE('',*,*,#5669,.F.);
#7015=ORIENTED_EDGE('',*,*,#5426,.F.);
#7016=ORIENTED_EDGE('',*,*,#5671,.T.);
#7017=ORIENTED_EDGE('',*,*,#5531,.T.);
#7018=ORIENTED_EDGE('',*,*,#5670,.F.);
#7019=ORIENTED_EDGE('',*,*,#5425,.F.);
#7020=ORIENTED_EDGE('',*,*,#5672,.T.);
#7021=ORIENTED_EDGE('',*,*,#5532,.T.);
#7022=ORIENTED_EDGE('',*,*,#5671,.F.);
#7023=ORIENTED_EDGE('',*,*,#5424,.F.);
#7024=ORIENTED_EDGE('',*,*,#5673,.T.);
#7025=ORIENTED_EDGE('',*,*,#5533,.T.);
#7026=ORIENTED_EDGE('',*,*,#5672,.F.);
#7027=ORIENTED_EDGE('',*,*,#5423,.F.);
#7028=ORIENTED_EDGE('',*,*,#5674,.T.);
#7029=ORIENTED_EDGE('',*,*,#5534,.T.);
#7030=ORIENTED_EDGE('',*,*,#5673,.F.);
#7031=ORIENTED_EDGE('',*,*,#5422,.F.);
#7032=ORIENTED_EDGE('',*,*,#5675,.T.);
#7033=ORIENTED_EDGE('',*,*,#5535,.T.);
#7034=ORIENTED_EDGE('',*,*,#5674,.F.);
#7035=ORIENTED_EDGE('',*,*,#5421,.F.);
#7036=ORIENTED_EDGE('',*,*,#5676,.T.);
#7037=ORIENTED_EDGE('',*,*,#5536,.T.);
#7038=ORIENTED_EDGE('',*,*,#5675,.F.);
#7039=ORIENTED_EDGE('',*,*,#5420,.F.);
#7040=ORIENTED_EDGE('',*,*,#5677,.T.);
#7041=ORIENTED_EDGE('',*,*,#5537,.T.);
#7042=ORIENTED_EDGE('',*,*,#5676,.F.);
#7043=ORIENTED_EDGE('',*,*,#5419,.F.);
#7044=ORIENTED_EDGE('',*,*,#5678,.T.);
#7045=ORIENTED_EDGE('',*,*,#5538,.T.);
#7046=ORIENTED_EDGE('',*,*,#5677,.F.);
#7047=ORIENTED_EDGE('',*,*,#5418,.F.);
#7048=ORIENTED_EDGE('',*,*,#5679,.T.);
#7049=ORIENTED_EDGE('',*,*,#5539,.T.);
#7050=ORIENTED_EDGE('',*,*,#5678,.F.);
#7051=ORIENTED_EDGE('',*,*,#5417,.F.);
#7052=ORIENTED_EDGE('',*,*,#5680,.T.);
#7053=ORIENTED_EDGE('',*,*,#5540,.T.);
#7054=ORIENTED_EDGE('',*,*,#5679,.F.);
#7055=ORIENTED_EDGE('',*,*,#5416,.F.);
#7056=ORIENTED_EDGE('',*,*,#5681,.T.);
#7057=ORIENTED_EDGE('',*,*,#5541,.T.);
#7058=ORIENTED_EDGE('',*,*,#5680,.F.);
#7059=ORIENTED_EDGE('',*,*,#5415,.F.);
#7060=ORIENTED_EDGE('',*,*,#5682,.T.);
#7061=ORIENTED_EDGE('',*,*,#5542,.T.);
#7062=ORIENTED_EDGE('',*,*,#5681,.F.);
#7063=ORIENTED_EDGE('',*,*,#5414,.F.);
#7064=ORIENTED_EDGE('',*,*,#5683,.T.);
#7065=ORIENTED_EDGE('',*,*,#5543,.T.);
#7066=ORIENTED_EDGE('',*,*,#5682,.F.);
#7067=ORIENTED_EDGE('',*,*,#5413,.F.);
#7068=ORIENTED_EDGE('',*,*,#5684,.T.);
#7069=ORIENTED_EDGE('',*,*,#5544,.T.);
#7070=ORIENTED_EDGE('',*,*,#5683,.F.);
#7071=ORIENTED_EDGE('',*,*,#5412,.F.);
#7072=ORIENTED_EDGE('',*,*,#5685,.T.);
#7073=ORIENTED_EDGE('',*,*,#5545,.T.);
#7074=ORIENTED_EDGE('',*,*,#5684,.F.);
#7075=ORIENTED_EDGE('',*,*,#5411,.F.);
#7076=ORIENTED_EDGE('',*,*,#5686,.T.);
#7077=ORIENTED_EDGE('',*,*,#5546,.T.);
#7078=ORIENTED_EDGE('',*,*,#5685,.F.);
#7079=ORIENTED_EDGE('',*,*,#5410,.F.);
#7080=ORIENTED_EDGE('',*,*,#5687,.T.);
#7081=ORIENTED_EDGE('',*,*,#5547,.T.);
#7082=ORIENTED_EDGE('',*,*,#5686,.F.);
#7083=ORIENTED_EDGE('',*,*,#5409,.F.);
#7084=ORIENTED_EDGE('',*,*,#5688,.T.);
#7085=ORIENTED_EDGE('',*,*,#5548,.T.);
#7086=ORIENTED_EDGE('',*,*,#5687,.F.);
#7087=ORIENTED_EDGE('',*,*,#5408,.F.);
#7088=ORIENTED_EDGE('',*,*,#5689,.T.);
#7089=ORIENTED_EDGE('',*,*,#5549,.T.);
#7090=ORIENTED_EDGE('',*,*,#5688,.F.);
#7091=ORIENTED_EDGE('',*,*,#5407,.F.);
#7092=ORIENTED_EDGE('',*,*,#5690,.T.);
#7093=ORIENTED_EDGE('',*,*,#5550,.T.);
#7094=ORIENTED_EDGE('',*,*,#5689,.F.);
#7095=ORIENTED_EDGE('',*,*,#5406,.F.);
#7096=ORIENTED_EDGE('',*,*,#5691,.T.);
#7097=ORIENTED_EDGE('',*,*,#5551,.T.);
#7098=ORIENTED_EDGE('',*,*,#5690,.F.);
#7099=ORIENTED_EDGE('',*,*,#5405,.F.);
#7100=ORIENTED_EDGE('',*,*,#5692,.T.);
#7101=ORIENTED_EDGE('',*,*,#5552,.T.);
#7102=ORIENTED_EDGE('',*,*,#5691,.F.);
#7103=ORIENTED_EDGE('',*,*,#5404,.F.);
#7104=ORIENTED_EDGE('',*,*,#5693,.T.);
#7105=ORIENTED_EDGE('',*,*,#5553,.T.);
#7106=ORIENTED_EDGE('',*,*,#5692,.F.);
#7107=ORIENTED_EDGE('',*,*,#5403,.F.);
#7108=ORIENTED_EDGE('',*,*,#5694,.T.);
#7109=ORIENTED_EDGE('',*,*,#5554,.T.);
#7110=ORIENTED_EDGE('',*,*,#5693,.F.);
#7111=ORIENTED_EDGE('',*,*,#5402,.F.);
#7112=ORIENTED_EDGE('',*,*,#5695,.T.);
#7113=ORIENTED_EDGE('',*,*,#5555,.T.);
#7114=ORIENTED_EDGE('',*,*,#5694,.F.);
#7115=ORIENTED_EDGE('',*,*,#5401,.F.);
#7116=ORIENTED_EDGE('',*,*,#5696,.T.);
#7117=ORIENTED_EDGE('',*,*,#5556,.T.);
#7118=ORIENTED_EDGE('',*,*,#5695,.F.);
#7119=ORIENTED_EDGE('',*,*,#5400,.F.);
#7120=ORIENTED_EDGE('',*,*,#5697,.T.);
#7121=ORIENTED_EDGE('',*,*,#5557,.T.);
#7122=ORIENTED_EDGE('',*,*,#5696,.F.);
#7123=ORIENTED_EDGE('',*,*,#5399,.F.);
#7124=ORIENTED_EDGE('',*,*,#5698,.T.);
#7125=ORIENTED_EDGE('',*,*,#5558,.T.);
#7126=ORIENTED_EDGE('',*,*,#5697,.F.);
#7127=ORIENTED_EDGE('',*,*,#5398,.F.);
#7128=ORIENTED_EDGE('',*,*,#5699,.T.);
#7129=ORIENTED_EDGE('',*,*,#5559,.T.);
#7130=ORIENTED_EDGE('',*,*,#5698,.F.);
#7131=ORIENTED_EDGE('',*,*,#5397,.F.);
#7132=ORIENTED_EDGE('',*,*,#5700,.T.);
#7133=ORIENTED_EDGE('',*,*,#5560,.T.);
#7134=ORIENTED_EDGE('',*,*,#5699,.F.);
#7135=ORIENTED_EDGE('',*,*,#5396,.F.);
#7136=ORIENTED_EDGE('',*,*,#5701,.T.);
#7137=ORIENTED_EDGE('',*,*,#5561,.T.);
#7138=ORIENTED_EDGE('',*,*,#5700,.F.);
#7139=ORIENTED_EDGE('',*,*,#5395,.F.);
#7140=ORIENTED_EDGE('',*,*,#5702,.T.);
#7141=ORIENTED_EDGE('',*,*,#5562,.T.);
#7142=ORIENTED_EDGE('',*,*,#5701,.F.);
#7143=ORIENTED_EDGE('',*,*,#5394,.F.);
#7144=ORIENTED_EDGE('',*,*,#5703,.T.);
#7145=ORIENTED_EDGE('',*,*,#5563,.T.);
#7146=ORIENTED_EDGE('',*,*,#5702,.F.);
#7147=ORIENTED_EDGE('',*,*,#5393,.F.);
#7148=ORIENTED_EDGE('',*,*,#5704,.T.);
#7149=ORIENTED_EDGE('',*,*,#5564,.T.);
#7150=ORIENTED_EDGE('',*,*,#5703,.F.);
#7151=ORIENTED_EDGE('',*,*,#5392,.F.);
#7152=ORIENTED_EDGE('',*,*,#5705,.T.);
#7153=ORIENTED_EDGE('',*,*,#5565,.T.);
#7154=ORIENTED_EDGE('',*,*,#5704,.F.);
#7155=ORIENTED_EDGE('',*,*,#5391,.F.);
#7156=ORIENTED_EDGE('',*,*,#5706,.T.);
#7157=ORIENTED_EDGE('',*,*,#5566,.T.);
#7158=ORIENTED_EDGE('',*,*,#5705,.F.);
#7159=ORIENTED_EDGE('',*,*,#5390,.F.);
#7160=ORIENTED_EDGE('',*,*,#5707,.T.);
#7161=ORIENTED_EDGE('',*,*,#5567,.T.);
#7162=ORIENTED_EDGE('',*,*,#5706,.F.);
#7163=ORIENTED_EDGE('',*,*,#5389,.F.);
#7164=ORIENTED_EDGE('',*,*,#5708,.T.);
#7165=ORIENTED_EDGE('',*,*,#5568,.T.);
#7166=ORIENTED_EDGE('',*,*,#5707,.F.);
#7167=ORIENTED_EDGE('',*,*,#5388,.F.);
#7168=ORIENTED_EDGE('',*,*,#5709,.T.);
#7169=ORIENTED_EDGE('',*,*,#5569,.T.);
#7170=ORIENTED_EDGE('',*,*,#5708,.F.);
#7171=ORIENTED_EDGE('',*,*,#5387,.F.);
#7172=ORIENTED_EDGE('',*,*,#5710,.T.);
#7173=ORIENTED_EDGE('',*,*,#5570,.T.);
#7174=ORIENTED_EDGE('',*,*,#5709,.F.);
#7175=ORIENTED_EDGE('',*,*,#5386,.F.);
#7176=ORIENTED_EDGE('',*,*,#5711,.T.);
#7177=ORIENTED_EDGE('',*,*,#5571,.T.);
#7178=ORIENTED_EDGE('',*,*,#5710,.F.);
#7179=ORIENTED_EDGE('',*,*,#5385,.F.);
#7180=ORIENTED_EDGE('',*,*,#5712,.T.);
#7181=ORIENTED_EDGE('',*,*,#5572,.T.);
#7182=ORIENTED_EDGE('',*,*,#5711,.F.);
#7183=ORIENTED_EDGE('',*,*,#5384,.F.);
#7184=ORIENTED_EDGE('',*,*,#5511,.T.);
#7185=ORIENTED_EDGE('',*,*,#5573,.T.);
#7186=ORIENTED_EDGE('',*,*,#5712,.F.);
#7187=ORIENTED_EDGE('',*,*,#5383,.F.);
#7188=ORIENTED_EDGE('',*,*,#5713,.T.);
#7189=ORIENTED_EDGE('',*,*,#5714,.T.);
#7190=ORIENTED_EDGE('',*,*,#5715,.F.);
#7191=ORIENTED_EDGE('',*,*,#5574,.F.);
#7192=ORIENTED_EDGE('',*,*,#5715,.T.);
#7193=ORIENTED_EDGE('',*,*,#5716,.F.);
#7194=ORIENTED_EDGE('',*,*,#5717,.F.);
#7195=ORIENTED_EDGE('',*,*,#5575,.F.);
#7196=ORIENTED_EDGE('',*,*,#5718,.F.);
#7197=ORIENTED_EDGE('',*,*,#5576,.T.);
#7198=ORIENTED_EDGE('',*,*,#5717,.T.);
#7199=ORIENTED_EDGE('',*,*,#5719,.F.);
#7200=ORIENTED_EDGE('',*,*,#5713,.F.);
#7201=ORIENTED_EDGE('',*,*,#5577,.T.);
#7202=ORIENTED_EDGE('',*,*,#5718,.T.);
#7203=ORIENTED_EDGE('',*,*,#5720,.T.);
#7204=ORIENTED_EDGE('',*,*,#5721,.T.);
#7205=ORIENTED_EDGE('',*,*,#5722,.T.);
#7206=ORIENTED_EDGE('',*,*,#5723,.F.);
#7207=ORIENTED_EDGE('',*,*,#5578,.F.);
#7208=ORIENTED_EDGE('',*,*,#5723,.T.);
#7209=ORIENTED_EDGE('',*,*,#5724,.F.);
#7210=ORIENTED_EDGE('',*,*,#5725,.F.);
#7211=ORIENTED_EDGE('',*,*,#5579,.F.);
#7212=ORIENTED_EDGE('',*,*,#5726,.F.);
#7213=ORIENTED_EDGE('',*,*,#5580,.T.);
#7214=ORIENTED_EDGE('',*,*,#5725,.T.);
#7215=ORIENTED_EDGE('',*,*,#5727,.F.);
#7216=ORIENTED_EDGE('',*,*,#5721,.F.);
#7217=ORIENTED_EDGE('',*,*,#5581,.T.);
#7218=ORIENTED_EDGE('',*,*,#5726,.T.);
#7219=ORIENTED_EDGE('',*,*,#5728,.T.);
#7220=ORIENTED_EDGE('',*,*,#5729,.T.);
#7221=ORIENTED_EDGE('',*,*,#5730,.F.);
#7222=ORIENTED_EDGE('',*,*,#5731,.F.);
#7223=ORIENTED_EDGE('',*,*,#5582,.F.);
#7224=ORIENTED_EDGE('',*,*,#5732,.F.);
#7225=ORIENTED_EDGE('',*,*,#5583,.T.);
#7226=ORIENTED_EDGE('',*,*,#5731,.T.);
#7227=ORIENTED_EDGE('',*,*,#5733,.F.);
#7228=ORIENTED_EDGE('',*,*,#5734,.F.);
#7229=ORIENTED_EDGE('',*,*,#5584,.T.);
#7230=ORIENTED_EDGE('',*,*,#5732,.T.);
#7231=ORIENTED_EDGE('',*,*,#5735,.T.);
#7232=ORIENTED_EDGE('',*,*,#5734,.T.);
#7233=ORIENTED_EDGE('',*,*,#5736,.T.);
#7234=ORIENTED_EDGE('',*,*,#5729,.F.);
#7235=ORIENTED_EDGE('',*,*,#5585,.F.);
#7236=ORIENTED_EDGE('',*,*,#5737,.T.);
#7237=ORIENTED_EDGE('',*,*,#5738,.T.);
#7238=ORIENTED_EDGE('',*,*,#5739,.F.);
#7239=ORIENTED_EDGE('',*,*,#5586,.F.);
#7240=ORIENTED_EDGE('',*,*,#5739,.T.);
#7241=ORIENTED_EDGE('',*,*,#5740,.F.);
#7242=ORIENTED_EDGE('',*,*,#5741,.F.);
#7243=ORIENTED_EDGE('',*,*,#5587,.F.);
#7244=ORIENTED_EDGE('',*,*,#5742,.F.);
#7245=ORIENTED_EDGE('',*,*,#5588,.T.);
#7246=ORIENTED_EDGE('',*,*,#5741,.T.);
#7247=ORIENTED_EDGE('',*,*,#5743,.F.);
#7248=ORIENTED_EDGE('',*,*,#5737,.F.);
#7249=ORIENTED_EDGE('',*,*,#5589,.T.);
#7250=ORIENTED_EDGE('',*,*,#5742,.T.);
#7251=ORIENTED_EDGE('',*,*,#5744,.T.);
#7252=ORIENTED_EDGE('',*,*,#5745,.F.);
#7253=ORIENTED_EDGE('',*,*,#5590,.T.);
#7254=ORIENTED_EDGE('',*,*,#5746,.T.);
#7255=ORIENTED_EDGE('',*,*,#5747,.T.);
#7256=ORIENTED_EDGE('',*,*,#5745,.T.);
#7257=ORIENTED_EDGE('',*,*,#5748,.T.);
#7258=ORIENTED_EDGE('',*,*,#5749,.F.);
#7259=ORIENTED_EDGE('',*,*,#5591,.F.);
#7260=ORIENTED_EDGE('',*,*,#5749,.T.);
#7261=ORIENTED_EDGE('',*,*,#5750,.F.);
#7262=ORIENTED_EDGE('',*,*,#5751,.F.);
#7263=ORIENTED_EDGE('',*,*,#5592,.F.);
#7264=ORIENTED_EDGE('',*,*,#5746,.F.);
#7265=ORIENTED_EDGE('',*,*,#5593,.T.);
#7266=ORIENTED_EDGE('',*,*,#5751,.T.);
#7267=ORIENTED_EDGE('',*,*,#5752,.F.);
#7268=ORIENTED_EDGE('',*,*,#5753,.T.);
#7269=ORIENTED_EDGE('',*,*,#5754,.F.);
#7270=ORIENTED_EDGE('',*,*,#5755,.F.);
#7271=ORIENTED_EDGE('',*,*,#5594,.F.);
#7272=ORIENTED_EDGE('',*,*,#5756,.F.);
#7273=ORIENTED_EDGE('',*,*,#5595,.T.);
#7274=ORIENTED_EDGE('',*,*,#5755,.T.);
#7275=ORIENTED_EDGE('',*,*,#5757,.F.);
#7276=ORIENTED_EDGE('',*,*,#5758,.F.);
#7277=ORIENTED_EDGE('',*,*,#5596,.T.);
#7278=ORIENTED_EDGE('',*,*,#5756,.T.);
#7279=ORIENTED_EDGE('',*,*,#5759,.T.);
#7280=ORIENTED_EDGE('',*,*,#5758,.T.);
#7281=ORIENTED_EDGE('',*,*,#5760,.T.);
#7282=ORIENTED_EDGE('',*,*,#5753,.F.);
#7283=ORIENTED_EDGE('',*,*,#5597,.F.);
#7284=ORIENTED_EDGE('',*,*,#5761,.T.);
#7285=ORIENTED_EDGE('',*,*,#5762,.T.);
#7286=ORIENTED_EDGE('',*,*,#5763,.F.);
#7287=ORIENTED_EDGE('',*,*,#5598,.F.);
#7288=ORIENTED_EDGE('',*,*,#5763,.T.);
#7289=ORIENTED_EDGE('',*,*,#5764,.F.);
#7290=ORIENTED_EDGE('',*,*,#5765,.F.);
#7291=ORIENTED_EDGE('',*,*,#5599,.F.);
#7292=ORIENTED_EDGE('',*,*,#5766,.F.);
#7293=ORIENTED_EDGE('',*,*,#5600,.T.);
#7294=ORIENTED_EDGE('',*,*,#5765,.T.);
#7295=ORIENTED_EDGE('',*,*,#5767,.F.);
#7296=ORIENTED_EDGE('',*,*,#5761,.F.);
#7297=ORIENTED_EDGE('',*,*,#5601,.T.);
#7298=ORIENTED_EDGE('',*,*,#5766,.T.);
#7299=ORIENTED_EDGE('',*,*,#5768,.T.);
#7300=ORIENTED_EDGE('',*,*,#5769,.T.);
#7301=ORIENTED_EDGE('',*,*,#5770,.T.);
#7302=ORIENTED_EDGE('',*,*,#5771,.F.);
#7303=ORIENTED_EDGE('',*,*,#5602,.F.);
#7304=ORIENTED_EDGE('',*,*,#5771,.T.);
#7305=ORIENTED_EDGE('',*,*,#5772,.F.);
#7306=ORIENTED_EDGE('',*,*,#5773,.F.);
#7307=ORIENTED_EDGE('',*,*,#5603,.F.);
#7308=ORIENTED_EDGE('',*,*,#5774,.F.);
#7309=ORIENTED_EDGE('',*,*,#5604,.T.);
#7310=ORIENTED_EDGE('',*,*,#5773,.T.);
#7311=ORIENTED_EDGE('',*,*,#5775,.F.);
#7312=ORIENTED_EDGE('',*,*,#5769,.F.);
#7313=ORIENTED_EDGE('',*,*,#5605,.T.);
#7314=ORIENTED_EDGE('',*,*,#5774,.T.);
#7315=ORIENTED_EDGE('',*,*,#5776,.T.);
#7316=ORIENTED_EDGE('',*,*,#5777,.T.);
#7317=ORIENTED_EDGE('',*,*,#5778,.T.);
#7318=ORIENTED_EDGE('',*,*,#5779,.F.);
#7319=ORIENTED_EDGE('',*,*,#5606,.F.);
#7320=ORIENTED_EDGE('',*,*,#5779,.T.);
#7321=ORIENTED_EDGE('',*,*,#5780,.F.);
#7322=ORIENTED_EDGE('',*,*,#5781,.F.);
#7323=ORIENTED_EDGE('',*,*,#5607,.F.);
#7324=ORIENTED_EDGE('',*,*,#5782,.F.);
#7325=ORIENTED_EDGE('',*,*,#5608,.T.);
#7326=ORIENTED_EDGE('',*,*,#5781,.T.);
#7327=ORIENTED_EDGE('',*,*,#5783,.F.);
#7328=ORIENTED_EDGE('',*,*,#5777,.F.);
#7329=ORIENTED_EDGE('',*,*,#5609,.T.);
#7330=ORIENTED_EDGE('',*,*,#5782,.T.);
#7331=ORIENTED_EDGE('',*,*,#5784,.T.);
#7332=ORIENTED_EDGE('',*,*,#5785,.F.);
#7333=ORIENTED_EDGE('',*,*,#5610,.T.);
#7334=ORIENTED_EDGE('',*,*,#5786,.T.);
#7335=ORIENTED_EDGE('',*,*,#5787,.T.);
#7336=ORIENTED_EDGE('',*,*,#5785,.T.);
#7337=ORIENTED_EDGE('',*,*,#5788,.T.);
#7338=ORIENTED_EDGE('',*,*,#5789,.F.);
#7339=ORIENTED_EDGE('',*,*,#5611,.F.);
#7340=ORIENTED_EDGE('',*,*,#5789,.T.);
#7341=ORIENTED_EDGE('',*,*,#5790,.F.);
#7342=ORIENTED_EDGE('',*,*,#5791,.F.);
#7343=ORIENTED_EDGE('',*,*,#5612,.F.);
#7344=ORIENTED_EDGE('',*,*,#5786,.F.);
#7345=ORIENTED_EDGE('',*,*,#5613,.T.);
#7346=ORIENTED_EDGE('',*,*,#5791,.T.);
#7347=ORIENTED_EDGE('',*,*,#5792,.F.);
#7348=ORIENTED_EDGE('',*,*,#5793,.T.);
#7349=ORIENTED_EDGE('',*,*,#5794,.T.);
#7350=ORIENTED_EDGE('',*,*,#5795,.F.);
#7351=ORIENTED_EDGE('',*,*,#5614,.F.);
#7352=ORIENTED_EDGE('',*,*,#5795,.T.);
#7353=ORIENTED_EDGE('',*,*,#5796,.F.);
#7354=ORIENTED_EDGE('',*,*,#5797,.F.);
#7355=ORIENTED_EDGE('',*,*,#5615,.F.);
#7356=ORIENTED_EDGE('',*,*,#5798,.F.);
#7357=ORIENTED_EDGE('',*,*,#5616,.T.);
#7358=ORIENTED_EDGE('',*,*,#5797,.T.);
#7359=ORIENTED_EDGE('',*,*,#5799,.F.);
#7360=ORIENTED_EDGE('',*,*,#5793,.F.);
#7361=ORIENTED_EDGE('',*,*,#5617,.T.);
#7362=ORIENTED_EDGE('',*,*,#5798,.T.);
#7363=ORIENTED_EDGE('',*,*,#5800,.T.);
#7364=ORIENTED_EDGE('',*,*,#5801,.T.);
#7365=ORIENTED_EDGE('',*,*,#5802,.F.);
#7366=ORIENTED_EDGE('',*,*,#5803,.F.);
#7367=ORIENTED_EDGE('',*,*,#5618,.F.);
#7368=ORIENTED_EDGE('',*,*,#5804,.F.);
#7369=ORIENTED_EDGE('',*,*,#5619,.T.);
#7370=ORIENTED_EDGE('',*,*,#5803,.T.);
#7371=ORIENTED_EDGE('',*,*,#5805,.F.);
#7372=ORIENTED_EDGE('',*,*,#5806,.F.);
#7373=ORIENTED_EDGE('',*,*,#5620,.T.);
#7374=ORIENTED_EDGE('',*,*,#5804,.T.);
#7375=ORIENTED_EDGE('',*,*,#5807,.T.);
#7376=ORIENTED_EDGE('',*,*,#5806,.T.);
#7377=ORIENTED_EDGE('',*,*,#5808,.T.);
#7378=ORIENTED_EDGE('',*,*,#5801,.F.);
#7379=ORIENTED_EDGE('',*,*,#5621,.F.);
#7380=ORIENTED_EDGE('',*,*,#5809,.T.);
#7381=ORIENTED_EDGE('',*,*,#5810,.T.);
#7382=ORIENTED_EDGE('',*,*,#5811,.F.);
#7383=ORIENTED_EDGE('',*,*,#5622,.F.);
#7384=ORIENTED_EDGE('',*,*,#5811,.T.);
#7385=ORIENTED_EDGE('',*,*,#5812,.F.);
#7386=ORIENTED_EDGE('',*,*,#5813,.F.);
#7387=ORIENTED_EDGE('',*,*,#5623,.F.);
#7388=ORIENTED_EDGE('',*,*,#5814,.F.);
#7389=ORIENTED_EDGE('',*,*,#5624,.T.);
#7390=ORIENTED_EDGE('',*,*,#5813,.T.);
#7391=ORIENTED_EDGE('',*,*,#5815,.F.);
#7392=ORIENTED_EDGE('',*,*,#5809,.F.);
#7393=ORIENTED_EDGE('',*,*,#5625,.T.);
#7394=ORIENTED_EDGE('',*,*,#5814,.T.);
#7395=ORIENTED_EDGE('',*,*,#5816,.T.);
#7396=ORIENTED_EDGE('',*,*,#5817,.F.);
#7397=ORIENTED_EDGE('',*,*,#5626,.T.);
#7398=ORIENTED_EDGE('',*,*,#5818,.T.);
#7399=ORIENTED_EDGE('',*,*,#5819,.T.);
#7400=ORIENTED_EDGE('',*,*,#5817,.T.);
#7401=ORIENTED_EDGE('',*,*,#5820,.T.);
#7402=ORIENTED_EDGE('',*,*,#5821,.F.);
#7403=ORIENTED_EDGE('',*,*,#5627,.F.);
#7404=ORIENTED_EDGE('',*,*,#5821,.T.);
#7405=ORIENTED_EDGE('',*,*,#5822,.F.);
#7406=ORIENTED_EDGE('',*,*,#5823,.F.);
#7407=ORIENTED_EDGE('',*,*,#5628,.F.);
#7408=ORIENTED_EDGE('',*,*,#5818,.F.);
#7409=ORIENTED_EDGE('',*,*,#5629,.T.);
#7410=ORIENTED_EDGE('',*,*,#5823,.T.);
#7411=ORIENTED_EDGE('',*,*,#5824,.F.);
#7412=ORIENTED_EDGE('',*,*,#5825,.T.);
#7413=ORIENTED_EDGE('',*,*,#5826,.T.);
#7414=ORIENTED_EDGE('',*,*,#5827,.F.);
#7415=ORIENTED_EDGE('',*,*,#5630,.F.);
#7416=ORIENTED_EDGE('',*,*,#5827,.T.);
#7417=ORIENTED_EDGE('',*,*,#5828,.F.);
#7418=ORIENTED_EDGE('',*,*,#5829,.F.);
#7419=ORIENTED_EDGE('',*,*,#5631,.F.);
#7420=ORIENTED_EDGE('',*,*,#5830,.F.);
#7421=ORIENTED_EDGE('',*,*,#5632,.T.);
#7422=ORIENTED_EDGE('',*,*,#5829,.T.);
#7423=ORIENTED_EDGE('',*,*,#5831,.F.);
#7424=ORIENTED_EDGE('',*,*,#5825,.F.);
#7425=ORIENTED_EDGE('',*,*,#5633,.T.);
#7426=ORIENTED_EDGE('',*,*,#5830,.T.);
#7427=ORIENTED_EDGE('',*,*,#5832,.T.);
#7428=ORIENTED_EDGE('',*,*,#5833,.T.);
#7429=ORIENTED_EDGE('',*,*,#5834,.F.);
#7430=ORIENTED_EDGE('',*,*,#5835,.F.);
#7431=ORIENTED_EDGE('',*,*,#5634,.F.);
#7432=ORIENTED_EDGE('',*,*,#5836,.F.);
#7433=ORIENTED_EDGE('',*,*,#5635,.T.);
#7434=ORIENTED_EDGE('',*,*,#5835,.T.);
#7435=ORIENTED_EDGE('',*,*,#5837,.F.);
#7436=ORIENTED_EDGE('',*,*,#5838,.F.);
#7437=ORIENTED_EDGE('',*,*,#5636,.T.);
#7438=ORIENTED_EDGE('',*,*,#5836,.T.);
#7439=ORIENTED_EDGE('',*,*,#5839,.T.);
#7440=ORIENTED_EDGE('',*,*,#5838,.T.);
#7441=ORIENTED_EDGE('',*,*,#5840,.T.);
#7442=ORIENTED_EDGE('',*,*,#5833,.F.);
#7443=ORIENTED_EDGE('',*,*,#5637,.F.);
#7444=ORIENTED_EDGE('',*,*,#5841,.T.);
#7445=ORIENTED_EDGE('',*,*,#5842,.T.);
#7446=ORIENTED_EDGE('',*,*,#5843,.F.);
#7447=ORIENTED_EDGE('',*,*,#5638,.F.);
#7448=ORIENTED_EDGE('',*,*,#5843,.T.);
#7449=ORIENTED_EDGE('',*,*,#5844,.F.);
#7450=ORIENTED_EDGE('',*,*,#5845,.F.);
#7451=ORIENTED_EDGE('',*,*,#5639,.F.);
#7452=ORIENTED_EDGE('',*,*,#5846,.F.);
#7453=ORIENTED_EDGE('',*,*,#5640,.T.);
#7454=ORIENTED_EDGE('',*,*,#5845,.T.);
#7455=ORIENTED_EDGE('',*,*,#5847,.F.);
#7456=ORIENTED_EDGE('',*,*,#5841,.F.);
#7457=ORIENTED_EDGE('',*,*,#5641,.T.);
#7458=ORIENTED_EDGE('',*,*,#5846,.T.);
#7459=ORIENTED_EDGE('',*,*,#5848,.T.);
#7460=ORIENTED_EDGE('',*,*,#5849,.T.);
#7461=ORIENTED_EDGE('',*,*,#5850,.T.);
#7462=ORIENTED_EDGE('',*,*,#5851,.F.);
#7463=ORIENTED_EDGE('',*,*,#5642,.F.);
#7464=ORIENTED_EDGE('',*,*,#5851,.T.);
#7465=ORIENTED_EDGE('',*,*,#5852,.F.);
#7466=ORIENTED_EDGE('',*,*,#5853,.F.);
#7467=ORIENTED_EDGE('',*,*,#5643,.F.);
#7468=ORIENTED_EDGE('',*,*,#5854,.F.);
#7469=ORIENTED_EDGE('',*,*,#5644,.T.);
#7470=ORIENTED_EDGE('',*,*,#5853,.T.);
#7471=ORIENTED_EDGE('',*,*,#5855,.F.);
#7472=ORIENTED_EDGE('',*,*,#5849,.F.);
#7473=ORIENTED_EDGE('',*,*,#5645,.T.);
#7474=ORIENTED_EDGE('',*,*,#5854,.T.);
#7475=ORIENTED_EDGE('',*,*,#5856,.T.);
#7476=ORIENTED_EDGE('',*,*,#5857,.T.);
#7477=ORIENTED_EDGE('',*,*,#5858,.F.);
#7478=ORIENTED_EDGE('',*,*,#5859,.F.);
#7479=ORIENTED_EDGE('',*,*,#5646,.F.);
#7480=ORIENTED_EDGE('',*,*,#5860,.F.);
#7481=ORIENTED_EDGE('',*,*,#5647,.T.);
#7482=ORIENTED_EDGE('',*,*,#5859,.T.);
#7483=ORIENTED_EDGE('',*,*,#5861,.F.);
#7484=ORIENTED_EDGE('',*,*,#5862,.F.);
#7485=ORIENTED_EDGE('',*,*,#5648,.T.);
#7486=ORIENTED_EDGE('',*,*,#5860,.T.);
#7487=ORIENTED_EDGE('',*,*,#5863,.T.);
#7488=ORIENTED_EDGE('',*,*,#5862,.T.);
#7489=ORIENTED_EDGE('',*,*,#5864,.T.);
#7490=ORIENTED_EDGE('',*,*,#5857,.F.);
#7491=ORIENTED_EDGE('',*,*,#5649,.F.);
#7492=ORIENTED_EDGE('',*,*,#5865,.T.);
#7493=ORIENTED_EDGE('',*,*,#5866,.T.);
#7494=ORIENTED_EDGE('',*,*,#5867,.F.);
#7495=ORIENTED_EDGE('',*,*,#5650,.F.);
#7496=ORIENTED_EDGE('',*,*,#5867,.T.);
#7497=ORIENTED_EDGE('',*,*,#5868,.F.);
#7498=ORIENTED_EDGE('',*,*,#5869,.F.);
#7499=ORIENTED_EDGE('',*,*,#5651,.F.);
#7500=ORIENTED_EDGE('',*,*,#5870,.F.);
#7501=ORIENTED_EDGE('',*,*,#5652,.T.);
#7502=ORIENTED_EDGE('',*,*,#5869,.T.);
#7503=ORIENTED_EDGE('',*,*,#5871,.F.);
#7504=ORIENTED_EDGE('',*,*,#5865,.F.);
#7505=ORIENTED_EDGE('',*,*,#5653,.T.);
#7506=ORIENTED_EDGE('',*,*,#5870,.T.);
#7507=ORIENTED_EDGE('',*,*,#5872,.T.);
#7508=ORIENTED_EDGE('',*,*,#5873,.T.);
#7509=ORIENTED_EDGE('',*,*,#5874,.T.);
#7510=ORIENTED_EDGE('',*,*,#5875,.F.);
#7511=ORIENTED_EDGE('',*,*,#5714,.F.);
#7512=ORIENTED_EDGE('',*,*,#5876,.F.);
#7513=ORIENTED_EDGE('',*,*,#5716,.T.);
#7514=ORIENTED_EDGE('',*,*,#5875,.T.);
#7515=ORIENTED_EDGE('',*,*,#5877,.F.);
#7516=ORIENTED_EDGE('',*,*,#5878,.F.);
#7517=ORIENTED_EDGE('',*,*,#5719,.T.);
#7518=ORIENTED_EDGE('',*,*,#5876,.T.);
#7519=ORIENTED_EDGE('',*,*,#5879,.F.);
#7520=ORIENTED_EDGE('',*,*,#5878,.T.);
#7521=ORIENTED_EDGE('',*,*,#5880,.T.);
#7522=ORIENTED_EDGE('',*,*,#5873,.F.);
#7523=ORIENTED_EDGE('',*,*,#5720,.F.);
#7524=ORIENTED_EDGE('',*,*,#5881,.T.);
#7525=ORIENTED_EDGE('',*,*,#5882,.T.);
#7526=ORIENTED_EDGE('',*,*,#5883,.F.);
#7527=ORIENTED_EDGE('',*,*,#5722,.F.);
#7528=ORIENTED_EDGE('',*,*,#5884,.F.);
#7529=ORIENTED_EDGE('',*,*,#5724,.T.);
#7530=ORIENTED_EDGE('',*,*,#5883,.T.);
#7531=ORIENTED_EDGE('',*,*,#5885,.F.);
#7532=ORIENTED_EDGE('',*,*,#5886,.F.);
#7533=ORIENTED_EDGE('',*,*,#5727,.T.);
#7534=ORIENTED_EDGE('',*,*,#5884,.T.);
#7535=ORIENTED_EDGE('',*,*,#5887,.F.);
#7536=ORIENTED_EDGE('',*,*,#5886,.T.);
#7537=ORIENTED_EDGE('',*,*,#5888,.T.);
#7538=ORIENTED_EDGE('',*,*,#5881,.F.);
#7539=ORIENTED_EDGE('',*,*,#5728,.F.);
#7540=ORIENTED_EDGE('',*,*,#5889,.F.);
#7541=ORIENTED_EDGE('',*,*,#5730,.T.);
#7542=ORIENTED_EDGE('',*,*,#5890,.T.);
#7543=ORIENTED_EDGE('',*,*,#5891,.F.);
#7544=ORIENTED_EDGE('',*,*,#5892,.F.);
#7545=ORIENTED_EDGE('',*,*,#5733,.T.);
#7546=ORIENTED_EDGE('',*,*,#5889,.T.);
#7547=ORIENTED_EDGE('',*,*,#5893,.F.);
#7548=ORIENTED_EDGE('',*,*,#5892,.T.);
#7549=ORIENTED_EDGE('',*,*,#5894,.T.);
#7550=ORIENTED_EDGE('',*,*,#5895,.F.);
#7551=ORIENTED_EDGE('',*,*,#5735,.F.);
#7552=ORIENTED_EDGE('',*,*,#5895,.T.);
#7553=ORIENTED_EDGE('',*,*,#5896,.T.);
#7554=ORIENTED_EDGE('',*,*,#5890,.F.);
#7555=ORIENTED_EDGE('',*,*,#5736,.F.);
#7556=ORIENTED_EDGE('',*,*,#5897,.T.);
#7557=ORIENTED_EDGE('',*,*,#5898,.T.);
#7558=ORIENTED_EDGE('',*,*,#5899,.F.);
#7559=ORIENTED_EDGE('',*,*,#5738,.F.);
#7560=ORIENTED_EDGE('',*,*,#5900,.F.);
#7561=ORIENTED_EDGE('',*,*,#5740,.T.);
#7562=ORIENTED_EDGE('',*,*,#5899,.T.);
#7563=ORIENTED_EDGE('',*,*,#5901,.F.);
#7564=ORIENTED_EDGE('',*,*,#5902,.F.);
#7565=ORIENTED_EDGE('',*,*,#5743,.T.);
#7566=ORIENTED_EDGE('',*,*,#5900,.T.);
#7567=ORIENTED_EDGE('',*,*,#5903,.F.);
#7568=ORIENTED_EDGE('',*,*,#5902,.T.);
#7569=ORIENTED_EDGE('',*,*,#5904,.T.);
#7570=ORIENTED_EDGE('',*,*,#5897,.F.);
#7571=ORIENTED_EDGE('',*,*,#5744,.F.);
#7572=ORIENTED_EDGE('',*,*,#5905,.T.);
#7573=ORIENTED_EDGE('',*,*,#5906,.T.);
#7574=ORIENTED_EDGE('',*,*,#5907,.F.);
#7575=ORIENTED_EDGE('',*,*,#5747,.F.);
#7576=ORIENTED_EDGE('',*,*,#5907,.T.);
#7577=ORIENTED_EDGE('',*,*,#5908,.T.);
#7578=ORIENTED_EDGE('',*,*,#5909,.F.);
#7579=ORIENTED_EDGE('',*,*,#5748,.F.);
#7580=ORIENTED_EDGE('',*,*,#5910,.F.);
#7581=ORIENTED_EDGE('',*,*,#5750,.T.);
#7582=ORIENTED_EDGE('',*,*,#5909,.T.);
#7583=ORIENTED_EDGE('',*,*,#5911,.F.);
#7584=ORIENTED_EDGE('',*,*,#5905,.F.);
#7585=ORIENTED_EDGE('',*,*,#5752,.T.);
#7586=ORIENTED_EDGE('',*,*,#5910,.T.);
#7587=ORIENTED_EDGE('',*,*,#5912,.F.);
#7588=ORIENTED_EDGE('',*,*,#5913,.F.);
#7589=ORIENTED_EDGE('',*,*,#5754,.T.);
#7590=ORIENTED_EDGE('',*,*,#5914,.T.);
#7591=ORIENTED_EDGE('',*,*,#5915,.F.);
#7592=ORIENTED_EDGE('',*,*,#5916,.F.);
#7593=ORIENTED_EDGE('',*,*,#5757,.T.);
#7594=ORIENTED_EDGE('',*,*,#5913,.T.);
#7595=ORIENTED_EDGE('',*,*,#5917,.F.);
#7596=ORIENTED_EDGE('',*,*,#5916,.T.);
#7597=ORIENTED_EDGE('',*,*,#5918,.T.);
#7598=ORIENTED_EDGE('',*,*,#5919,.F.);
#7599=ORIENTED_EDGE('',*,*,#5759,.F.);
#7600=ORIENTED_EDGE('',*,*,#5919,.T.);
#7601=ORIENTED_EDGE('',*,*,#5920,.T.);
#7602=ORIENTED_EDGE('',*,*,#5914,.F.);
#7603=ORIENTED_EDGE('',*,*,#5760,.F.);
#7604=ORIENTED_EDGE('',*,*,#5921,.T.);
#7605=ORIENTED_EDGE('',*,*,#5922,.T.);
#7606=ORIENTED_EDGE('',*,*,#5923,.F.);
#7607=ORIENTED_EDGE('',*,*,#5762,.F.);
#7608=ORIENTED_EDGE('',*,*,#5924,.F.);
#7609=ORIENTED_EDGE('',*,*,#5764,.T.);
#7610=ORIENTED_EDGE('',*,*,#5923,.T.);
#7611=ORIENTED_EDGE('',*,*,#5925,.F.);
#7612=ORIENTED_EDGE('',*,*,#5926,.F.);
#7613=ORIENTED_EDGE('',*,*,#5767,.T.);
#7614=ORIENTED_EDGE('',*,*,#5924,.T.);
#7615=ORIENTED_EDGE('',*,*,#5927,.F.);
#7616=ORIENTED_EDGE('',*,*,#5926,.T.);
#7617=ORIENTED_EDGE('',*,*,#5928,.T.);
#7618=ORIENTED_EDGE('',*,*,#5921,.F.);
#7619=ORIENTED_EDGE('',*,*,#5768,.F.);
#7620=ORIENTED_EDGE('',*,*,#5929,.T.);
#7621=ORIENTED_EDGE('',*,*,#5930,.T.);
#7622=ORIENTED_EDGE('',*,*,#5931,.F.);
#7623=ORIENTED_EDGE('',*,*,#5770,.F.);
#7624=ORIENTED_EDGE('',*,*,#5932,.F.);
#7625=ORIENTED_EDGE('',*,*,#5772,.T.);
#7626=ORIENTED_EDGE('',*,*,#5931,.T.);
#7627=ORIENTED_EDGE('',*,*,#5933,.F.);
#7628=ORIENTED_EDGE('',*,*,#5934,.F.);
#7629=ORIENTED_EDGE('',*,*,#5775,.T.);
#7630=ORIENTED_EDGE('',*,*,#5932,.T.);
#7631=ORIENTED_EDGE('',*,*,#5935,.F.);
#7632=ORIENTED_EDGE('',*,*,#5934,.T.);
#7633=ORIENTED_EDGE('',*,*,#5936,.T.);
#7634=ORIENTED_EDGE('',*,*,#5929,.F.);
#7635=ORIENTED_EDGE('',*,*,#5776,.F.);
#7636=ORIENTED_EDGE('',*,*,#5937,.T.);
#7637=ORIENTED_EDGE('',*,*,#5938,.T.);
#7638=ORIENTED_EDGE('',*,*,#5939,.F.);
#7639=ORIENTED_EDGE('',*,*,#5778,.F.);
#7640=ORIENTED_EDGE('',*,*,#5940,.F.);
#7641=ORIENTED_EDGE('',*,*,#5780,.T.);
#7642=ORIENTED_EDGE('',*,*,#5939,.T.);
#7643=ORIENTED_EDGE('',*,*,#5941,.F.);
#7644=ORIENTED_EDGE('',*,*,#5942,.F.);
#7645=ORIENTED_EDGE('',*,*,#5783,.T.);
#7646=ORIENTED_EDGE('',*,*,#5940,.T.);
#7647=ORIENTED_EDGE('',*,*,#5943,.F.);
#7648=ORIENTED_EDGE('',*,*,#5942,.T.);
#7649=ORIENTED_EDGE('',*,*,#5944,.T.);
#7650=ORIENTED_EDGE('',*,*,#5937,.F.);
#7651=ORIENTED_EDGE('',*,*,#5784,.F.);
#7652=ORIENTED_EDGE('',*,*,#5945,.T.);
#7653=ORIENTED_EDGE('',*,*,#5946,.T.);
#7654=ORIENTED_EDGE('',*,*,#5947,.F.);
#7655=ORIENTED_EDGE('',*,*,#5787,.F.);
#7656=ORIENTED_EDGE('',*,*,#5947,.T.);
#7657=ORIENTED_EDGE('',*,*,#5948,.T.);
#7658=ORIENTED_EDGE('',*,*,#5949,.F.);
#7659=ORIENTED_EDGE('',*,*,#5788,.F.);
#7660=ORIENTED_EDGE('',*,*,#5950,.F.);
#7661=ORIENTED_EDGE('',*,*,#5790,.T.);
#7662=ORIENTED_EDGE('',*,*,#5949,.T.);
#7663=ORIENTED_EDGE('',*,*,#5951,.F.);
#7664=ORIENTED_EDGE('',*,*,#5945,.F.);
#7665=ORIENTED_EDGE('',*,*,#5792,.T.);
#7666=ORIENTED_EDGE('',*,*,#5950,.T.);
#7667=ORIENTED_EDGE('',*,*,#5952,.F.);
#7668=ORIENTED_EDGE('',*,*,#5953,.T.);
#7669=ORIENTED_EDGE('',*,*,#5954,.T.);
#7670=ORIENTED_EDGE('',*,*,#5955,.F.);
#7671=ORIENTED_EDGE('',*,*,#5794,.F.);
#7672=ORIENTED_EDGE('',*,*,#5956,.F.);
#7673=ORIENTED_EDGE('',*,*,#5796,.T.);
#7674=ORIENTED_EDGE('',*,*,#5955,.T.);
#7675=ORIENTED_EDGE('',*,*,#5957,.F.);
#7676=ORIENTED_EDGE('',*,*,#5958,.F.);
#7677=ORIENTED_EDGE('',*,*,#5799,.T.);
#7678=ORIENTED_EDGE('',*,*,#5956,.T.);
#7679=ORIENTED_EDGE('',*,*,#5959,.F.);
#7680=ORIENTED_EDGE('',*,*,#5958,.T.);
#7681=ORIENTED_EDGE('',*,*,#5960,.T.);
#7682=ORIENTED_EDGE('',*,*,#5953,.F.);
#7683=ORIENTED_EDGE('',*,*,#5800,.F.);
#7684=ORIENTED_EDGE('',*,*,#5961,.F.);
#7685=ORIENTED_EDGE('',*,*,#5802,.T.);
#7686=ORIENTED_EDGE('',*,*,#5962,.T.);
#7687=ORIENTED_EDGE('',*,*,#5963,.F.);
#7688=ORIENTED_EDGE('',*,*,#5964,.F.);
#7689=ORIENTED_EDGE('',*,*,#5805,.T.);
#7690=ORIENTED_EDGE('',*,*,#5961,.T.);
#7691=ORIENTED_EDGE('',*,*,#5965,.F.);
#7692=ORIENTED_EDGE('',*,*,#5964,.T.);
#7693=ORIENTED_EDGE('',*,*,#5966,.T.);
#7694=ORIENTED_EDGE('',*,*,#5967,.F.);
#7695=ORIENTED_EDGE('',*,*,#5807,.F.);
#7696=ORIENTED_EDGE('',*,*,#5967,.T.);
#7697=ORIENTED_EDGE('',*,*,#5968,.T.);
#7698=ORIENTED_EDGE('',*,*,#5962,.F.);
#7699=ORIENTED_EDGE('',*,*,#5808,.F.);
#7700=ORIENTED_EDGE('',*,*,#5969,.T.);
#7701=ORIENTED_EDGE('',*,*,#5970,.T.);
#7702=ORIENTED_EDGE('',*,*,#5971,.F.);
#7703=ORIENTED_EDGE('',*,*,#5810,.F.);
#7704=ORIENTED_EDGE('',*,*,#5972,.F.);
#7705=ORIENTED_EDGE('',*,*,#5812,.T.);
#7706=ORIENTED_EDGE('',*,*,#5971,.T.);
#7707=ORIENTED_EDGE('',*,*,#5973,.F.);
#7708=ORIENTED_EDGE('',*,*,#5974,.F.);
#7709=ORIENTED_EDGE('',*,*,#5815,.T.);
#7710=ORIENTED_EDGE('',*,*,#5972,.T.);
#7711=ORIENTED_EDGE('',*,*,#5975,.F.);
#7712=ORIENTED_EDGE('',*,*,#5974,.T.);
#7713=ORIENTED_EDGE('',*,*,#5976,.T.);
#7714=ORIENTED_EDGE('',*,*,#5969,.F.);
#7715=ORIENTED_EDGE('',*,*,#5816,.F.);
#7716=ORIENTED_EDGE('',*,*,#5977,.T.);
#7717=ORIENTED_EDGE('',*,*,#5978,.T.);
#7718=ORIENTED_EDGE('',*,*,#5979,.F.);
#7719=ORIENTED_EDGE('',*,*,#5819,.F.);
#7720=ORIENTED_EDGE('',*,*,#5979,.T.);
#7721=ORIENTED_EDGE('',*,*,#5980,.T.);
#7722=ORIENTED_EDGE('',*,*,#5981,.F.);
#7723=ORIENTED_EDGE('',*,*,#5820,.F.);
#7724=ORIENTED_EDGE('',*,*,#5982,.F.);
#7725=ORIENTED_EDGE('',*,*,#5822,.T.);
#7726=ORIENTED_EDGE('',*,*,#5981,.T.);
#7727=ORIENTED_EDGE('',*,*,#5983,.F.);
#7728=ORIENTED_EDGE('',*,*,#5977,.F.);
#7729=ORIENTED_EDGE('',*,*,#5824,.T.);
#7730=ORIENTED_EDGE('',*,*,#5982,.T.);
#7731=ORIENTED_EDGE('',*,*,#5984,.F.);
#7732=ORIENTED_EDGE('',*,*,#5985,.T.);
#7733=ORIENTED_EDGE('',*,*,#5986,.T.);
#7734=ORIENTED_EDGE('',*,*,#5987,.F.);
#7735=ORIENTED_EDGE('',*,*,#5826,.F.);
#7736=ORIENTED_EDGE('',*,*,#5988,.F.);
#7737=ORIENTED_EDGE('',*,*,#5828,.T.);
#7738=ORIENTED_EDGE('',*,*,#5987,.T.);
#7739=ORIENTED_EDGE('',*,*,#5989,.F.);
#7740=ORIENTED_EDGE('',*,*,#5990,.F.);
#7741=ORIENTED_EDGE('',*,*,#5831,.T.);
#7742=ORIENTED_EDGE('',*,*,#5988,.T.);
#7743=ORIENTED_EDGE('',*,*,#5991,.F.);
#7744=ORIENTED_EDGE('',*,*,#5990,.T.);
#7745=ORIENTED_EDGE('',*,*,#5992,.T.);
#7746=ORIENTED_EDGE('',*,*,#5985,.F.);
#7747=ORIENTED_EDGE('',*,*,#5832,.F.);
#7748=ORIENTED_EDGE('',*,*,#5993,.F.);
#7749=ORIENTED_EDGE('',*,*,#5834,.T.);
#7750=ORIENTED_EDGE('',*,*,#5994,.T.);
#7751=ORIENTED_EDGE('',*,*,#5995,.F.);
#7752=ORIENTED_EDGE('',*,*,#5996,.F.);
#7753=ORIENTED_EDGE('',*,*,#5837,.T.);
#7754=ORIENTED_EDGE('',*,*,#5993,.T.);
#7755=ORIENTED_EDGE('',*,*,#5997,.F.);
#7756=ORIENTED_EDGE('',*,*,#5996,.T.);
#7757=ORIENTED_EDGE('',*,*,#5998,.T.);
#7758=ORIENTED_EDGE('',*,*,#5999,.F.);
#7759=ORIENTED_EDGE('',*,*,#5839,.F.);
#7760=ORIENTED_EDGE('',*,*,#5999,.T.);
#7761=ORIENTED_EDGE('',*,*,#6000,.T.);
#7762=ORIENTED_EDGE('',*,*,#5994,.F.);
#7763=ORIENTED_EDGE('',*,*,#5840,.F.);
#7764=ORIENTED_EDGE('',*,*,#6001,.T.);
#7765=ORIENTED_EDGE('',*,*,#6002,.T.);
#7766=ORIENTED_EDGE('',*,*,#6003,.F.);
#7767=ORIENTED_EDGE('',*,*,#5842,.F.);
#7768=ORIENTED_EDGE('',*,*,#6004,.F.);
#7769=ORIENTED_EDGE('',*,*,#5844,.T.);
#7770=ORIENTED_EDGE('',*,*,#6003,.T.);
#7771=ORIENTED_EDGE('',*,*,#6005,.F.);
#7772=ORIENTED_EDGE('',*,*,#6006,.F.);
#7773=ORIENTED_EDGE('',*,*,#5847,.T.);
#7774=ORIENTED_EDGE('',*,*,#6004,.T.);
#7775=ORIENTED_EDGE('',*,*,#6007,.F.);
#7776=ORIENTED_EDGE('',*,*,#6006,.T.);
#7777=ORIENTED_EDGE('',*,*,#6008,.T.);
#7778=ORIENTED_EDGE('',*,*,#6001,.F.);
#7779=ORIENTED_EDGE('',*,*,#5848,.F.);
#7780=ORIENTED_EDGE('',*,*,#6009,.T.);
#7781=ORIENTED_EDGE('',*,*,#6010,.T.);
#7782=ORIENTED_EDGE('',*,*,#6011,.F.);
#7783=ORIENTED_EDGE('',*,*,#5850,.F.);
#7784=ORIENTED_EDGE('',*,*,#6012,.F.);
#7785=ORIENTED_EDGE('',*,*,#5852,.T.);
#7786=ORIENTED_EDGE('',*,*,#6011,.T.);
#7787=ORIENTED_EDGE('',*,*,#6013,.F.);
#7788=ORIENTED_EDGE('',*,*,#6014,.F.);
#7789=ORIENTED_EDGE('',*,*,#5855,.T.);
#7790=ORIENTED_EDGE('',*,*,#6012,.T.);
#7791=ORIENTED_EDGE('',*,*,#6015,.F.);
#7792=ORIENTED_EDGE('',*,*,#6014,.T.);
#7793=ORIENTED_EDGE('',*,*,#6016,.T.);
#7794=ORIENTED_EDGE('',*,*,#6009,.F.);
#7795=ORIENTED_EDGE('',*,*,#5856,.F.);
#7796=ORIENTED_EDGE('',*,*,#6017,.F.);
#7797=ORIENTED_EDGE('',*,*,#5858,.T.);
#7798=ORIENTED_EDGE('',*,*,#6018,.T.);
#7799=ORIENTED_EDGE('',*,*,#6019,.F.);
#7800=ORIENTED_EDGE('',*,*,#6020,.F.);
#7801=ORIENTED_EDGE('',*,*,#5861,.T.);
#7802=ORIENTED_EDGE('',*,*,#6017,.T.);
#7803=ORIENTED_EDGE('',*,*,#6021,.F.);
#7804=ORIENTED_EDGE('',*,*,#6020,.T.);
#7805=ORIENTED_EDGE('',*,*,#6022,.T.);
#7806=ORIENTED_EDGE('',*,*,#6023,.F.);
#7807=ORIENTED_EDGE('',*,*,#5863,.F.);
#7808=ORIENTED_EDGE('',*,*,#6023,.T.);
#7809=ORIENTED_EDGE('',*,*,#6024,.T.);
#7810=ORIENTED_EDGE('',*,*,#6018,.F.);
#7811=ORIENTED_EDGE('',*,*,#5864,.F.);
#7812=ORIENTED_EDGE('',*,*,#6025,.T.);
#7813=ORIENTED_EDGE('',*,*,#6026,.T.);
#7814=ORIENTED_EDGE('',*,*,#6027,.F.);
#7815=ORIENTED_EDGE('',*,*,#5866,.F.);
#7816=ORIENTED_EDGE('',*,*,#6028,.F.);
#7817=ORIENTED_EDGE('',*,*,#5868,.T.);
#7818=ORIENTED_EDGE('',*,*,#6027,.T.);
#7819=ORIENTED_EDGE('',*,*,#6029,.F.);
#7820=ORIENTED_EDGE('',*,*,#6030,.F.);
#7821=ORIENTED_EDGE('',*,*,#5871,.T.);
#7822=ORIENTED_EDGE('',*,*,#6028,.T.);
#7823=ORIENTED_EDGE('',*,*,#6031,.F.);
#7824=ORIENTED_EDGE('',*,*,#6030,.T.);
#7825=ORIENTED_EDGE('',*,*,#6032,.T.);
#7826=ORIENTED_EDGE('',*,*,#6025,.F.);
#7827=ORIENTED_EDGE('',*,*,#5872,.F.);
#7828=ORIENTED_EDGE('',*,*,#5879,.T.);
#7829=ORIENTED_EDGE('',*,*,#5877,.T.);
#7830=ORIENTED_EDGE('',*,*,#5874,.F.);
#7831=ORIENTED_EDGE('',*,*,#5880,.F.);
#7832=ORIENTED_EDGE('',*,*,#5887,.T.);
#7833=ORIENTED_EDGE('',*,*,#5885,.T.);
#7834=ORIENTED_EDGE('',*,*,#5882,.F.);
#7835=ORIENTED_EDGE('',*,*,#5888,.F.);
#7836=ORIENTED_EDGE('',*,*,#5893,.T.);
#7837=ORIENTED_EDGE('',*,*,#5891,.T.);
#7838=ORIENTED_EDGE('',*,*,#5896,.F.);
#7839=ORIENTED_EDGE('',*,*,#5894,.F.);
#7840=ORIENTED_EDGE('',*,*,#5903,.T.);
#7841=ORIENTED_EDGE('',*,*,#5901,.T.);
#7842=ORIENTED_EDGE('',*,*,#5898,.F.);
#7843=ORIENTED_EDGE('',*,*,#5904,.F.);
#7844=ORIENTED_EDGE('',*,*,#5912,.T.);
#7845=ORIENTED_EDGE('',*,*,#5911,.T.);
#7846=ORIENTED_EDGE('',*,*,#5908,.F.);
#7847=ORIENTED_EDGE('',*,*,#5906,.F.);
#7848=ORIENTED_EDGE('',*,*,#5917,.T.);
#7849=ORIENTED_EDGE('',*,*,#5915,.T.);
#7850=ORIENTED_EDGE('',*,*,#5920,.F.);
#7851=ORIENTED_EDGE('',*,*,#5918,.F.);
#7852=ORIENTED_EDGE('',*,*,#5927,.T.);
#7853=ORIENTED_EDGE('',*,*,#5925,.T.);
#7854=ORIENTED_EDGE('',*,*,#5922,.F.);
#7855=ORIENTED_EDGE('',*,*,#5928,.F.);
#7856=ORIENTED_EDGE('',*,*,#5935,.T.);
#7857=ORIENTED_EDGE('',*,*,#5933,.T.);
#7858=ORIENTED_EDGE('',*,*,#5930,.F.);
#7859=ORIENTED_EDGE('',*,*,#5936,.F.);
#7860=ORIENTED_EDGE('',*,*,#5943,.T.);
#7861=ORIENTED_EDGE('',*,*,#5941,.T.);
#7862=ORIENTED_EDGE('',*,*,#5938,.F.);
#7863=ORIENTED_EDGE('',*,*,#5944,.F.);
#7864=ORIENTED_EDGE('',*,*,#5952,.T.);
#7865=ORIENTED_EDGE('',*,*,#5951,.T.);
#7866=ORIENTED_EDGE('',*,*,#5948,.F.);
#7867=ORIENTED_EDGE('',*,*,#5946,.F.);
#7868=ORIENTED_EDGE('',*,*,#5959,.T.);
#7869=ORIENTED_EDGE('',*,*,#5957,.T.);
#7870=ORIENTED_EDGE('',*,*,#5954,.F.);
#7871=ORIENTED_EDGE('',*,*,#5960,.F.);
#7872=ORIENTED_EDGE('',*,*,#5965,.T.);
#7873=ORIENTED_EDGE('',*,*,#5963,.T.);
#7874=ORIENTED_EDGE('',*,*,#5968,.F.);
#7875=ORIENTED_EDGE('',*,*,#5966,.F.);
#7876=ORIENTED_EDGE('',*,*,#5975,.T.);
#7877=ORIENTED_EDGE('',*,*,#5973,.T.);
#7878=ORIENTED_EDGE('',*,*,#5970,.F.);
#7879=ORIENTED_EDGE('',*,*,#5976,.F.);
#7880=ORIENTED_EDGE('',*,*,#5984,.T.);
#7881=ORIENTED_EDGE('',*,*,#5983,.T.);
#7882=ORIENTED_EDGE('',*,*,#5980,.F.);
#7883=ORIENTED_EDGE('',*,*,#5978,.F.);
#7884=ORIENTED_EDGE('',*,*,#5991,.T.);
#7885=ORIENTED_EDGE('',*,*,#5989,.T.);
#7886=ORIENTED_EDGE('',*,*,#5986,.F.);
#7887=ORIENTED_EDGE('',*,*,#5992,.F.);
#7888=ORIENTED_EDGE('',*,*,#5997,.T.);
#7889=ORIENTED_EDGE('',*,*,#5995,.T.);
#7890=ORIENTED_EDGE('',*,*,#6000,.F.);
#7891=ORIENTED_EDGE('',*,*,#5998,.F.);
#7892=ORIENTED_EDGE('',*,*,#6007,.T.);
#7893=ORIENTED_EDGE('',*,*,#6005,.T.);
#7894=ORIENTED_EDGE('',*,*,#6002,.F.);
#7895=ORIENTED_EDGE('',*,*,#6008,.F.);
#7896=ORIENTED_EDGE('',*,*,#6015,.T.);
#7897=ORIENTED_EDGE('',*,*,#6013,.T.);
#7898=ORIENTED_EDGE('',*,*,#6010,.F.);
#7899=ORIENTED_EDGE('',*,*,#6016,.F.);
#7900=ORIENTED_EDGE('',*,*,#6021,.T.);
#7901=ORIENTED_EDGE('',*,*,#6019,.T.);
#7902=ORIENTED_EDGE('',*,*,#6024,.F.);
#7903=ORIENTED_EDGE('',*,*,#6022,.F.);
#7904=ORIENTED_EDGE('',*,*,#6031,.T.);
#7905=ORIENTED_EDGE('',*,*,#6029,.T.);
#7906=ORIENTED_EDGE('',*,*,#6026,.F.);
#7907=ORIENTED_EDGE('',*,*,#6032,.F.);
#7908=ORIENTED_EDGE('',*,*,#6033,.T.);
#7909=ORIENTED_EDGE('',*,*,#6034,.T.);
#7910=ORIENTED_EDGE('',*,*,#6035,.F.);
#7911=ORIENTED_EDGE('',*,*,#6036,.F.);
#7912=ORIENTED_EDGE('',*,*,#6037,.T.);
#7913=ORIENTED_EDGE('',*,*,#6038,.T.);
#7914=ORIENTED_EDGE('',*,*,#6039,.F.);
#7915=ORIENTED_EDGE('',*,*,#6040,.F.);
#7916=ORIENTED_EDGE('',*,*,#6041,.T.);
#7917=ORIENTED_EDGE('',*,*,#6042,.T.);
#7918=ORIENTED_EDGE('',*,*,#6043,.F.);
#7919=ORIENTED_EDGE('',*,*,#6044,.F.);
#7920=ORIENTED_EDGE('',*,*,#6045,.T.);
#7921=ORIENTED_EDGE('',*,*,#6046,.T.);
#7922=ORIENTED_EDGE('',*,*,#6047,.F.);
#7923=ORIENTED_EDGE('',*,*,#6048,.F.);
#7924=ORIENTED_EDGE('',*,*,#6049,.T.);
#7925=ORIENTED_EDGE('',*,*,#6050,.T.);
#7926=ORIENTED_EDGE('',*,*,#6051,.F.);
#7927=ORIENTED_EDGE('',*,*,#6052,.F.);
#7928=ORIENTED_EDGE('',*,*,#6053,.T.);
#7929=ORIENTED_EDGE('',*,*,#6054,.T.);
#7930=ORIENTED_EDGE('',*,*,#6055,.F.);
#7931=ORIENTED_EDGE('',*,*,#6056,.F.);
#7932=ORIENTED_EDGE('',*,*,#6057,.T.);
#7933=ORIENTED_EDGE('',*,*,#6058,.T.);
#7934=ORIENTED_EDGE('',*,*,#6059,.F.);
#7935=ORIENTED_EDGE('',*,*,#6060,.F.);
#7936=ORIENTED_EDGE('',*,*,#6061,.T.);
#7937=ORIENTED_EDGE('',*,*,#6062,.T.);
#7938=ORIENTED_EDGE('',*,*,#6063,.F.);
#7939=ORIENTED_EDGE('',*,*,#6064,.F.);
#7940=ORIENTED_EDGE('',*,*,#6065,.T.);
#7941=ORIENTED_EDGE('',*,*,#6066,.T.);
#7942=ORIENTED_EDGE('',*,*,#6067,.F.);
#7943=ORIENTED_EDGE('',*,*,#6068,.F.);
#7944=ORIENTED_EDGE('',*,*,#6069,.T.);
#7945=ORIENTED_EDGE('',*,*,#6070,.T.);
#7946=ORIENTED_EDGE('',*,*,#6071,.F.);
#7947=ORIENTED_EDGE('',*,*,#6072,.F.);
#7948=ORIENTED_EDGE('',*,*,#6073,.T.);
#7949=ORIENTED_EDGE('',*,*,#6074,.T.);
#7950=ORIENTED_EDGE('',*,*,#6075,.F.);
#7951=ORIENTED_EDGE('',*,*,#6076,.F.);
#7952=ORIENTED_EDGE('',*,*,#6077,.T.);
#7953=ORIENTED_EDGE('',*,*,#6078,.T.);
#7954=ORIENTED_EDGE('',*,*,#6079,.F.);
#7955=ORIENTED_EDGE('',*,*,#6080,.F.);
#7956=ORIENTED_EDGE('',*,*,#6081,.T.);
#7957=ORIENTED_EDGE('',*,*,#6082,.T.);
#7958=ORIENTED_EDGE('',*,*,#6083,.F.);
#7959=ORIENTED_EDGE('',*,*,#6084,.F.);
#7960=ORIENTED_EDGE('',*,*,#6085,.T.);
#7961=ORIENTED_EDGE('',*,*,#6086,.T.);
#7962=ORIENTED_EDGE('',*,*,#6087,.F.);
#7963=ORIENTED_EDGE('',*,*,#6088,.F.);
#7964=ORIENTED_EDGE('',*,*,#6089,.T.);
#7965=ORIENTED_EDGE('',*,*,#6090,.T.);
#7966=ORIENTED_EDGE('',*,*,#6091,.F.);
#7967=ORIENTED_EDGE('',*,*,#6092,.F.);
#7968=ORIENTED_EDGE('',*,*,#6093,.T.);
#7969=ORIENTED_EDGE('',*,*,#6094,.T.);
#7970=ORIENTED_EDGE('',*,*,#6095,.F.);
#7971=ORIENTED_EDGE('',*,*,#6096,.F.);
#7972=ORIENTED_EDGE('',*,*,#6097,.T.);
#7973=ORIENTED_EDGE('',*,*,#6098,.T.);
#7974=ORIENTED_EDGE('',*,*,#6099,.F.);
#7975=ORIENTED_EDGE('',*,*,#6100,.F.);
#7976=ORIENTED_EDGE('',*,*,#6101,.T.);
#7977=ORIENTED_EDGE('',*,*,#6102,.T.);
#7978=ORIENTED_EDGE('',*,*,#6103,.F.);
#7979=ORIENTED_EDGE('',*,*,#6104,.F.);
#7980=ORIENTED_EDGE('',*,*,#6105,.T.);
#7981=ORIENTED_EDGE('',*,*,#6106,.T.);
#7982=ORIENTED_EDGE('',*,*,#6107,.F.);
#7983=ORIENTED_EDGE('',*,*,#6108,.F.);
#7984=ORIENTED_EDGE('',*,*,#6109,.T.);
#7985=ORIENTED_EDGE('',*,*,#6110,.T.);
#7986=ORIENTED_EDGE('',*,*,#6111,.F.);
#7987=ORIENTED_EDGE('',*,*,#6112,.F.);
#7988=ORIENTED_EDGE('',*,*,#6113,.T.);
#7989=ORIENTED_EDGE('',*,*,#6036,.T.);
#7990=ORIENTED_EDGE('',*,*,#6114,.F.);
#7991=ORIENTED_EDGE('',*,*,#6115,.F.);
#7992=ORIENTED_EDGE('',*,*,#6113,.F.);
#7993=ORIENTED_EDGE('',*,*,#6116,.T.);
#7994=ORIENTED_EDGE('',*,*,#6117,.T.);
#7995=ORIENTED_EDGE('',*,*,#6033,.F.);
#7996=ORIENTED_EDGE('',*,*,#6117,.F.);
#7997=ORIENTED_EDGE('',*,*,#6118,.T.);
#7998=ORIENTED_EDGE('',*,*,#6119,.T.);
#7999=ORIENTED_EDGE('',*,*,#6034,.F.);
#8000=ORIENTED_EDGE('',*,*,#6114,.T.);
#8001=ORIENTED_EDGE('',*,*,#6035,.T.);
#8002=ORIENTED_EDGE('',*,*,#6119,.F.);
#8003=ORIENTED_EDGE('',*,*,#6120,.F.);
#8004=ORIENTED_EDGE('',*,*,#6121,.F.);
#8005=ORIENTED_EDGE('',*,*,#6122,.T.);
#8006=ORIENTED_EDGE('',*,*,#6123,.T.);
#8007=ORIENTED_EDGE('',*,*,#6037,.F.);
#8008=ORIENTED_EDGE('',*,*,#6123,.F.);
#8009=ORIENTED_EDGE('',*,*,#6124,.T.);
#8010=ORIENTED_EDGE('',*,*,#6125,.T.);
#8011=ORIENTED_EDGE('',*,*,#6038,.F.);
#8012=ORIENTED_EDGE('',*,*,#6126,.T.);
#8013=ORIENTED_EDGE('',*,*,#6039,.T.);
#8014=ORIENTED_EDGE('',*,*,#6125,.F.);
#8015=ORIENTED_EDGE('',*,*,#6127,.F.);
#8016=ORIENTED_EDGE('',*,*,#6121,.T.);
#8017=ORIENTED_EDGE('',*,*,#6040,.T.);
#8018=ORIENTED_EDGE('',*,*,#6126,.F.);
#8019=ORIENTED_EDGE('',*,*,#6128,.F.);
#8020=ORIENTED_EDGE('',*,*,#6129,.T.);
#8021=ORIENTED_EDGE('',*,*,#6044,.T.);
#8022=ORIENTED_EDGE('',*,*,#6130,.F.);
#8023=ORIENTED_EDGE('',*,*,#6131,.F.);
#8024=ORIENTED_EDGE('',*,*,#6129,.F.);
#8025=ORIENTED_EDGE('',*,*,#6132,.T.);
#8026=ORIENTED_EDGE('',*,*,#6133,.T.);
#8027=ORIENTED_EDGE('',*,*,#6041,.F.);
#8028=ORIENTED_EDGE('',*,*,#6133,.F.);
#8029=ORIENTED_EDGE('',*,*,#6134,.T.);
#8030=ORIENTED_EDGE('',*,*,#6135,.T.);
#8031=ORIENTED_EDGE('',*,*,#6042,.F.);
#8032=ORIENTED_EDGE('',*,*,#6130,.T.);
#8033=ORIENTED_EDGE('',*,*,#6043,.T.);
#8034=ORIENTED_EDGE('',*,*,#6135,.F.);
#8035=ORIENTED_EDGE('',*,*,#6136,.F.);
#8036=ORIENTED_EDGE('',*,*,#6137,.F.);
#8037=ORIENTED_EDGE('',*,*,#6138,.T.);
#8038=ORIENTED_EDGE('',*,*,#6139,.T.);
#8039=ORIENTED_EDGE('',*,*,#6045,.F.);
#8040=ORIENTED_EDGE('',*,*,#6139,.F.);
#8041=ORIENTED_EDGE('',*,*,#6140,.T.);
#8042=ORIENTED_EDGE('',*,*,#6141,.T.);
#8043=ORIENTED_EDGE('',*,*,#6046,.F.);
#8044=ORIENTED_EDGE('',*,*,#6142,.T.);
#8045=ORIENTED_EDGE('',*,*,#6047,.T.);
#8046=ORIENTED_EDGE('',*,*,#6141,.F.);
#8047=ORIENTED_EDGE('',*,*,#6143,.F.);
#8048=ORIENTED_EDGE('',*,*,#6137,.T.);
#8049=ORIENTED_EDGE('',*,*,#6048,.T.);
#8050=ORIENTED_EDGE('',*,*,#6142,.F.);
#8051=ORIENTED_EDGE('',*,*,#6144,.F.);
#8052=ORIENTED_EDGE('',*,*,#6145,.F.);
#8053=ORIENTED_EDGE('',*,*,#6146,.T.);
#8054=ORIENTED_EDGE('',*,*,#6147,.T.);
#8055=ORIENTED_EDGE('',*,*,#6049,.F.);
#8056=ORIENTED_EDGE('',*,*,#6147,.F.);
#8057=ORIENTED_EDGE('',*,*,#6148,.T.);
#8058=ORIENTED_EDGE('',*,*,#6149,.T.);
#8059=ORIENTED_EDGE('',*,*,#6050,.F.);
#8060=ORIENTED_EDGE('',*,*,#6150,.T.);
#8061=ORIENTED_EDGE('',*,*,#6051,.T.);
#8062=ORIENTED_EDGE('',*,*,#6149,.F.);
#8063=ORIENTED_EDGE('',*,*,#6151,.F.);
#8064=ORIENTED_EDGE('',*,*,#6145,.T.);
#8065=ORIENTED_EDGE('',*,*,#6052,.T.);
#8066=ORIENTED_EDGE('',*,*,#6150,.F.);
#8067=ORIENTED_EDGE('',*,*,#6152,.F.);
#8068=ORIENTED_EDGE('',*,*,#6153,.T.);
#8069=ORIENTED_EDGE('',*,*,#6056,.T.);
#8070=ORIENTED_EDGE('',*,*,#6154,.F.);
#8071=ORIENTED_EDGE('',*,*,#6155,.F.);
#8072=ORIENTED_EDGE('',*,*,#6153,.F.);
#8073=ORIENTED_EDGE('',*,*,#6156,.T.);
#8074=ORIENTED_EDGE('',*,*,#6157,.T.);
#8075=ORIENTED_EDGE('',*,*,#6053,.F.);
#8076=ORIENTED_EDGE('',*,*,#6157,.F.);
#8077=ORIENTED_EDGE('',*,*,#6158,.T.);
#8078=ORIENTED_EDGE('',*,*,#6159,.T.);
#8079=ORIENTED_EDGE('',*,*,#6054,.F.);
#8080=ORIENTED_EDGE('',*,*,#6154,.T.);
#8081=ORIENTED_EDGE('',*,*,#6055,.T.);
#8082=ORIENTED_EDGE('',*,*,#6159,.F.);
#8083=ORIENTED_EDGE('',*,*,#6160,.F.);
#8084=ORIENTED_EDGE('',*,*,#6161,.T.);
#8085=ORIENTED_EDGE('',*,*,#6059,.T.);
#8086=ORIENTED_EDGE('',*,*,#6162,.F.);
#8087=ORIENTED_EDGE('',*,*,#6163,.F.);
#8088=ORIENTED_EDGE('',*,*,#6164,.T.);
#8089=ORIENTED_EDGE('',*,*,#6060,.T.);
#8090=ORIENTED_EDGE('',*,*,#6161,.F.);
#8091=ORIENTED_EDGE('',*,*,#6165,.F.);
#8092=ORIENTED_EDGE('',*,*,#6164,.F.);
#8093=ORIENTED_EDGE('',*,*,#6166,.T.);
#8094=ORIENTED_EDGE('',*,*,#6167,.T.);
#8095=ORIENTED_EDGE('',*,*,#6057,.F.);
#8096=ORIENTED_EDGE('',*,*,#6167,.F.);
#8097=ORIENTED_EDGE('',*,*,#6168,.T.);
#8098=ORIENTED_EDGE('',*,*,#6162,.T.);
#8099=ORIENTED_EDGE('',*,*,#6058,.F.);
#8100=ORIENTED_EDGE('',*,*,#6169,.F.);
#8101=ORIENTED_EDGE('',*,*,#6170,.T.);
#8102=ORIENTED_EDGE('',*,*,#6171,.T.);
#8103=ORIENTED_EDGE('',*,*,#6061,.F.);
#8104=ORIENTED_EDGE('',*,*,#6171,.F.);
#8105=ORIENTED_EDGE('',*,*,#6172,.T.);
#8106=ORIENTED_EDGE('',*,*,#6173,.T.);
#8107=ORIENTED_EDGE('',*,*,#6062,.F.);
#8108=ORIENTED_EDGE('',*,*,#6174,.T.);
#8109=ORIENTED_EDGE('',*,*,#6063,.T.);
#8110=ORIENTED_EDGE('',*,*,#6173,.F.);
#8111=ORIENTED_EDGE('',*,*,#6175,.F.);
#8112=ORIENTED_EDGE('',*,*,#6169,.T.);
#8113=ORIENTED_EDGE('',*,*,#6064,.T.);
#8114=ORIENTED_EDGE('',*,*,#6174,.F.);
#8115=ORIENTED_EDGE('',*,*,#6176,.F.);
#8116=ORIENTED_EDGE('',*,*,#6177,.T.);
#8117=ORIENTED_EDGE('',*,*,#6068,.T.);
#8118=ORIENTED_EDGE('',*,*,#6178,.F.);
#8119=ORIENTED_EDGE('',*,*,#6179,.F.);
#8120=ORIENTED_EDGE('',*,*,#6177,.F.);
#8121=ORIENTED_EDGE('',*,*,#6180,.T.);
#8122=ORIENTED_EDGE('',*,*,#6181,.T.);
#8123=ORIENTED_EDGE('',*,*,#6065,.F.);
#8124=ORIENTED_EDGE('',*,*,#6181,.F.);
#8125=ORIENTED_EDGE('',*,*,#6182,.T.);
#8126=ORIENTED_EDGE('',*,*,#6183,.T.);
#8127=ORIENTED_EDGE('',*,*,#6066,.F.);
#8128=ORIENTED_EDGE('',*,*,#6178,.T.);
#8129=ORIENTED_EDGE('',*,*,#6067,.T.);
#8130=ORIENTED_EDGE('',*,*,#6183,.F.);
#8131=ORIENTED_EDGE('',*,*,#6184,.F.);
#8132=ORIENTED_EDGE('',*,*,#6185,.F.);
#8133=ORIENTED_EDGE('',*,*,#6186,.T.);
#8134=ORIENTED_EDGE('',*,*,#6187,.T.);
#8135=ORIENTED_EDGE('',*,*,#6069,.F.);
#8136=ORIENTED_EDGE('',*,*,#6187,.F.);
#8137=ORIENTED_EDGE('',*,*,#6188,.T.);
#8138=ORIENTED_EDGE('',*,*,#6189,.T.);
#8139=ORIENTED_EDGE('',*,*,#6070,.F.);
#8140=ORIENTED_EDGE('',*,*,#6190,.T.);
#8141=ORIENTED_EDGE('',*,*,#6071,.T.);
#8142=ORIENTED_EDGE('',*,*,#6189,.F.);
#8143=ORIENTED_EDGE('',*,*,#6191,.F.);
#8144=ORIENTED_EDGE('',*,*,#6185,.T.);
#8145=ORIENTED_EDGE('',*,*,#6072,.T.);
#8146=ORIENTED_EDGE('',*,*,#6190,.F.);
#8147=ORIENTED_EDGE('',*,*,#6192,.F.);
#8148=ORIENTED_EDGE('',*,*,#6193,.T.);
#8149=ORIENTED_EDGE('',*,*,#6075,.T.);
#8150=ORIENTED_EDGE('',*,*,#6194,.F.);
#8151=ORIENTED_EDGE('',*,*,#6195,.F.);
#8152=ORIENTED_EDGE('',*,*,#6196,.T.);
#8153=ORIENTED_EDGE('',*,*,#6076,.T.);
#8154=ORIENTED_EDGE('',*,*,#6193,.F.);
#8155=ORIENTED_EDGE('',*,*,#6197,.F.);
#8156=ORIENTED_EDGE('',*,*,#6196,.F.);
#8157=ORIENTED_EDGE('',*,*,#6198,.T.);
#8158=ORIENTED_EDGE('',*,*,#6199,.T.);
#8159=ORIENTED_EDGE('',*,*,#6073,.F.);
#8160=ORIENTED_EDGE('',*,*,#6199,.F.);
#8161=ORIENTED_EDGE('',*,*,#6200,.T.);
#8162=ORIENTED_EDGE('',*,*,#6194,.T.);
#8163=ORIENTED_EDGE('',*,*,#6074,.F.);
#8164=ORIENTED_EDGE('',*,*,#6201,.T.);
#8165=ORIENTED_EDGE('',*,*,#6080,.T.);
#8166=ORIENTED_EDGE('',*,*,#6202,.F.);
#8167=ORIENTED_EDGE('',*,*,#6203,.F.);
#8168=ORIENTED_EDGE('',*,*,#6201,.F.);
#8169=ORIENTED_EDGE('',*,*,#6204,.T.);
#8170=ORIENTED_EDGE('',*,*,#6205,.T.);
#8171=ORIENTED_EDGE('',*,*,#6077,.F.);
#8172=ORIENTED_EDGE('',*,*,#6205,.F.);
#8173=ORIENTED_EDGE('',*,*,#6206,.T.);
#8174=ORIENTED_EDGE('',*,*,#6207,.T.);
#8175=ORIENTED_EDGE('',*,*,#6078,.F.);
#8176=ORIENTED_EDGE('',*,*,#6202,.T.);
#8177=ORIENTED_EDGE('',*,*,#6079,.T.);
#8178=ORIENTED_EDGE('',*,*,#6207,.F.);
#8179=ORIENTED_EDGE('',*,*,#6208,.F.);
#8180=ORIENTED_EDGE('',*,*,#6209,.T.);
#8181=ORIENTED_EDGE('',*,*,#6084,.T.);
#8182=ORIENTED_EDGE('',*,*,#6210,.F.);
#8183=ORIENTED_EDGE('',*,*,#6211,.F.);
#8184=ORIENTED_EDGE('',*,*,#6209,.F.);
#8185=ORIENTED_EDGE('',*,*,#6212,.T.);
#8186=ORIENTED_EDGE('',*,*,#6213,.T.);
#8187=ORIENTED_EDGE('',*,*,#6081,.F.);
#8188=ORIENTED_EDGE('',*,*,#6213,.F.);
#8189=ORIENTED_EDGE('',*,*,#6214,.T.);
#8190=ORIENTED_EDGE('',*,*,#6215,.T.);
#8191=ORIENTED_EDGE('',*,*,#6082,.F.);
#8192=ORIENTED_EDGE('',*,*,#6210,.T.);
#8193=ORIENTED_EDGE('',*,*,#6083,.T.);
#8194=ORIENTED_EDGE('',*,*,#6215,.F.);
#8195=ORIENTED_EDGE('',*,*,#6216,.F.);
#8196=ORIENTED_EDGE('',*,*,#6217,.F.);
#8197=ORIENTED_EDGE('',*,*,#6218,.T.);
#8198=ORIENTED_EDGE('',*,*,#6219,.T.);
#8199=ORIENTED_EDGE('',*,*,#6085,.F.);
#8200=ORIENTED_EDGE('',*,*,#6219,.F.);
#8201=ORIENTED_EDGE('',*,*,#6220,.T.);
#8202=ORIENTED_EDGE('',*,*,#6221,.T.);
#8203=ORIENTED_EDGE('',*,*,#6086,.F.);
#8204=ORIENTED_EDGE('',*,*,#6222,.T.);
#8205=ORIENTED_EDGE('',*,*,#6087,.T.);
#8206=ORIENTED_EDGE('',*,*,#6221,.F.);
#8207=ORIENTED_EDGE('',*,*,#6223,.F.);
#8208=ORIENTED_EDGE('',*,*,#6217,.T.);
#8209=ORIENTED_EDGE('',*,*,#6088,.T.);
#8210=ORIENTED_EDGE('',*,*,#6222,.F.);
#8211=ORIENTED_EDGE('',*,*,#6224,.F.);
#8212=ORIENTED_EDGE('',*,*,#6225,.T.);
#8213=ORIENTED_EDGE('',*,*,#6092,.T.);
#8214=ORIENTED_EDGE('',*,*,#6226,.F.);
#8215=ORIENTED_EDGE('',*,*,#6227,.F.);
#8216=ORIENTED_EDGE('',*,*,#6225,.F.);
#8217=ORIENTED_EDGE('',*,*,#6228,.T.);
#8218=ORIENTED_EDGE('',*,*,#6229,.T.);
#8219=ORIENTED_EDGE('',*,*,#6089,.F.);
#8220=ORIENTED_EDGE('',*,*,#6229,.F.);
#8221=ORIENTED_EDGE('',*,*,#6230,.T.);
#8222=ORIENTED_EDGE('',*,*,#6231,.T.);
#8223=ORIENTED_EDGE('',*,*,#6090,.F.);
#8224=ORIENTED_EDGE('',*,*,#6226,.T.);
#8225=ORIENTED_EDGE('',*,*,#6091,.T.);
#8226=ORIENTED_EDGE('',*,*,#6231,.F.);
#8227=ORIENTED_EDGE('',*,*,#6232,.F.);
#8228=ORIENTED_EDGE('',*,*,#6233,.T.);
#8229=ORIENTED_EDGE('',*,*,#6096,.T.);
#8230=ORIENTED_EDGE('',*,*,#6234,.F.);
#8231=ORIENTED_EDGE('',*,*,#6235,.F.);
#8232=ORIENTED_EDGE('',*,*,#6233,.F.);
#8233=ORIENTED_EDGE('',*,*,#6236,.T.);
#8234=ORIENTED_EDGE('',*,*,#6237,.T.);
#8235=ORIENTED_EDGE('',*,*,#6093,.F.);
#8236=ORIENTED_EDGE('',*,*,#6237,.F.);
#8237=ORIENTED_EDGE('',*,*,#6238,.T.);
#8238=ORIENTED_EDGE('',*,*,#6239,.T.);
#8239=ORIENTED_EDGE('',*,*,#6094,.F.);
#8240=ORIENTED_EDGE('',*,*,#6234,.T.);
#8241=ORIENTED_EDGE('',*,*,#6095,.T.);
#8242=ORIENTED_EDGE('',*,*,#6239,.F.);
#8243=ORIENTED_EDGE('',*,*,#6240,.F.);
#8244=ORIENTED_EDGE('',*,*,#6241,.T.);
#8245=ORIENTED_EDGE('',*,*,#6100,.T.);
#8246=ORIENTED_EDGE('',*,*,#6242,.F.);
#8247=ORIENTED_EDGE('',*,*,#6243,.F.);
#8248=ORIENTED_EDGE('',*,*,#6241,.F.);
#8249=ORIENTED_EDGE('',*,*,#6244,.T.);
#8250=ORIENTED_EDGE('',*,*,#6245,.T.);
#8251=ORIENTED_EDGE('',*,*,#6097,.F.);
#8252=ORIENTED_EDGE('',*,*,#6245,.F.);
#8253=ORIENTED_EDGE('',*,*,#6246,.T.);
#8254=ORIENTED_EDGE('',*,*,#6247,.T.);
#8255=ORIENTED_EDGE('',*,*,#6098,.F.);
#8256=ORIENTED_EDGE('',*,*,#6242,.T.);
#8257=ORIENTED_EDGE('',*,*,#6099,.T.);
#8258=ORIENTED_EDGE('',*,*,#6247,.F.);
#8259=ORIENTED_EDGE('',*,*,#6248,.F.);
#8260=ORIENTED_EDGE('',*,*,#6249,.T.);
#8261=ORIENTED_EDGE('',*,*,#6104,.T.);
#8262=ORIENTED_EDGE('',*,*,#6250,.F.);
#8263=ORIENTED_EDGE('',*,*,#6251,.F.);
#8264=ORIENTED_EDGE('',*,*,#6249,.F.);
#8265=ORIENTED_EDGE('',*,*,#6252,.T.);
#8266=ORIENTED_EDGE('',*,*,#6253,.T.);
#8267=ORIENTED_EDGE('',*,*,#6101,.F.);
#8268=ORIENTED_EDGE('',*,*,#6253,.F.);
#8269=ORIENTED_EDGE('',*,*,#6254,.T.);
#8270=ORIENTED_EDGE('',*,*,#6255,.T.);
#8271=ORIENTED_EDGE('',*,*,#6102,.F.);
#8272=ORIENTED_EDGE('',*,*,#6250,.T.);
#8273=ORIENTED_EDGE('',*,*,#6103,.T.);
#8274=ORIENTED_EDGE('',*,*,#6255,.F.);
#8275=ORIENTED_EDGE('',*,*,#6256,.F.);
#8276=ORIENTED_EDGE('',*,*,#6257,.T.);
#8277=ORIENTED_EDGE('',*,*,#6108,.T.);
#8278=ORIENTED_EDGE('',*,*,#6258,.F.);
#8279=ORIENTED_EDGE('',*,*,#6259,.F.);
#8280=ORIENTED_EDGE('',*,*,#6257,.F.);
#8281=ORIENTED_EDGE('',*,*,#6260,.T.);
#8282=ORIENTED_EDGE('',*,*,#6261,.T.);
#8283=ORIENTED_EDGE('',*,*,#6105,.F.);
#8284=ORIENTED_EDGE('',*,*,#6261,.F.);
#8285=ORIENTED_EDGE('',*,*,#6262,.T.);
#8286=ORIENTED_EDGE('',*,*,#6263,.T.);
#8287=ORIENTED_EDGE('',*,*,#6106,.F.);
#8288=ORIENTED_EDGE('',*,*,#6258,.T.);
#8289=ORIENTED_EDGE('',*,*,#6107,.T.);
#8290=ORIENTED_EDGE('',*,*,#6263,.F.);
#8291=ORIENTED_EDGE('',*,*,#6264,.F.);
#8292=ORIENTED_EDGE('',*,*,#6265,.T.);
#8293=ORIENTED_EDGE('',*,*,#6111,.T.);
#8294=ORIENTED_EDGE('',*,*,#6266,.F.);
#8295=ORIENTED_EDGE('',*,*,#6267,.F.);
#8296=ORIENTED_EDGE('',*,*,#6268,.T.);
#8297=ORIENTED_EDGE('',*,*,#6112,.T.);
#8298=ORIENTED_EDGE('',*,*,#6265,.F.);
#8299=ORIENTED_EDGE('',*,*,#6269,.F.);
#8300=ORIENTED_EDGE('',*,*,#6268,.F.);
#8301=ORIENTED_EDGE('',*,*,#6270,.T.);
#8302=ORIENTED_EDGE('',*,*,#6271,.T.);
#8303=ORIENTED_EDGE('',*,*,#6109,.F.);
#8304=ORIENTED_EDGE('',*,*,#6271,.F.);
#8305=ORIENTED_EDGE('',*,*,#6272,.T.);
#8306=ORIENTED_EDGE('',*,*,#6266,.T.);
#8307=ORIENTED_EDGE('',*,*,#6110,.F.);
#8308=ORIENTED_EDGE('',*,*,#6273,.F.);
#8309=ORIENTED_EDGE('',*,*,#6274,.T.);
#8310=ORIENTED_EDGE('',*,*,#6275,.T.);
#8311=ORIENTED_EDGE('',*,*,#6115,.T.);
#8312=ORIENTED_EDGE('',*,*,#6275,.F.);
#8313=ORIENTED_EDGE('',*,*,#6276,.T.);
#8314=ORIENTED_EDGE('',*,*,#6277,.T.);
#8315=ORIENTED_EDGE('',*,*,#6116,.F.);
#8316=ORIENTED_EDGE('',*,*,#6278,.T.);
#8317=ORIENTED_EDGE('',*,*,#6118,.F.);
#8318=ORIENTED_EDGE('',*,*,#6277,.F.);
#8319=ORIENTED_EDGE('',*,*,#6279,.F.);
#8320=ORIENTED_EDGE('',*,*,#6273,.T.);
#8321=ORIENTED_EDGE('',*,*,#6120,.T.);
#8322=ORIENTED_EDGE('',*,*,#6278,.F.);
#8323=ORIENTED_EDGE('',*,*,#6280,.F.);
#8324=ORIENTED_EDGE('',*,*,#6281,.F.);
#8325=ORIENTED_EDGE('',*,*,#6282,.T.);
#8326=ORIENTED_EDGE('',*,*,#6283,.T.);
#8327=ORIENTED_EDGE('',*,*,#6122,.F.);
#8328=ORIENTED_EDGE('',*,*,#6284,.T.);
#8329=ORIENTED_EDGE('',*,*,#6124,.F.);
#8330=ORIENTED_EDGE('',*,*,#6283,.F.);
#8331=ORIENTED_EDGE('',*,*,#6285,.F.);
#8332=ORIENTED_EDGE('',*,*,#6286,.T.);
#8333=ORIENTED_EDGE('',*,*,#6127,.T.);
#8334=ORIENTED_EDGE('',*,*,#6284,.F.);
#8335=ORIENTED_EDGE('',*,*,#6287,.F.);
#8336=ORIENTED_EDGE('',*,*,#6286,.F.);
#8337=ORIENTED_EDGE('',*,*,#6288,.T.);
#8338=ORIENTED_EDGE('',*,*,#6281,.T.);
#8339=ORIENTED_EDGE('',*,*,#6128,.T.);
#8340=ORIENTED_EDGE('',*,*,#6289,.F.);
#8341=ORIENTED_EDGE('',*,*,#6290,.T.);
#8342=ORIENTED_EDGE('',*,*,#6291,.T.);
#8343=ORIENTED_EDGE('',*,*,#6131,.T.);
#8344=ORIENTED_EDGE('',*,*,#6291,.F.);
#8345=ORIENTED_EDGE('',*,*,#6292,.T.);
#8346=ORIENTED_EDGE('',*,*,#6293,.T.);
#8347=ORIENTED_EDGE('',*,*,#6132,.F.);
#8348=ORIENTED_EDGE('',*,*,#6294,.T.);
#8349=ORIENTED_EDGE('',*,*,#6134,.F.);
#8350=ORIENTED_EDGE('',*,*,#6293,.F.);
#8351=ORIENTED_EDGE('',*,*,#6295,.F.);
#8352=ORIENTED_EDGE('',*,*,#6289,.T.);
#8353=ORIENTED_EDGE('',*,*,#6136,.T.);
#8354=ORIENTED_EDGE('',*,*,#6294,.F.);
#8355=ORIENTED_EDGE('',*,*,#6296,.F.);
#8356=ORIENTED_EDGE('',*,*,#6297,.F.);
#8357=ORIENTED_EDGE('',*,*,#6298,.T.);
#8358=ORIENTED_EDGE('',*,*,#6299,.T.);
#8359=ORIENTED_EDGE('',*,*,#6138,.F.);
#8360=ORIENTED_EDGE('',*,*,#6300,.T.);
#8361=ORIENTED_EDGE('',*,*,#6140,.F.);
#8362=ORIENTED_EDGE('',*,*,#6299,.F.);
#8363=ORIENTED_EDGE('',*,*,#6301,.F.);
#8364=ORIENTED_EDGE('',*,*,#6302,.T.);
#8365=ORIENTED_EDGE('',*,*,#6143,.T.);
#8366=ORIENTED_EDGE('',*,*,#6300,.F.);
#8367=ORIENTED_EDGE('',*,*,#6303,.F.);
#8368=ORIENTED_EDGE('',*,*,#6302,.F.);
#8369=ORIENTED_EDGE('',*,*,#6304,.T.);
#8370=ORIENTED_EDGE('',*,*,#6297,.T.);
#8371=ORIENTED_EDGE('',*,*,#6144,.T.);
#8372=ORIENTED_EDGE('',*,*,#6305,.F.);
#8373=ORIENTED_EDGE('',*,*,#6306,.T.);
#8374=ORIENTED_EDGE('',*,*,#6307,.T.);
#8375=ORIENTED_EDGE('',*,*,#6146,.F.);
#8376=ORIENTED_EDGE('',*,*,#6308,.T.);
#8377=ORIENTED_EDGE('',*,*,#6148,.F.);
#8378=ORIENTED_EDGE('',*,*,#6307,.F.);
#8379=ORIENTED_EDGE('',*,*,#6309,.F.);
#8380=ORIENTED_EDGE('',*,*,#6310,.T.);
#8381=ORIENTED_EDGE('',*,*,#6151,.T.);
#8382=ORIENTED_EDGE('',*,*,#6308,.F.);
#8383=ORIENTED_EDGE('',*,*,#6311,.F.);
#8384=ORIENTED_EDGE('',*,*,#6310,.F.);
#8385=ORIENTED_EDGE('',*,*,#6312,.T.);
#8386=ORIENTED_EDGE('',*,*,#6305,.T.);
#8387=ORIENTED_EDGE('',*,*,#6152,.T.);
#8388=ORIENTED_EDGE('',*,*,#6313,.F.);
#8389=ORIENTED_EDGE('',*,*,#6314,.T.);
#8390=ORIENTED_EDGE('',*,*,#6315,.T.);
#8391=ORIENTED_EDGE('',*,*,#6155,.T.);
#8392=ORIENTED_EDGE('',*,*,#6315,.F.);
#8393=ORIENTED_EDGE('',*,*,#6316,.T.);
#8394=ORIENTED_EDGE('',*,*,#6317,.T.);
#8395=ORIENTED_EDGE('',*,*,#6156,.F.);
#8396=ORIENTED_EDGE('',*,*,#6318,.T.);
#8397=ORIENTED_EDGE('',*,*,#6158,.F.);
#8398=ORIENTED_EDGE('',*,*,#6317,.F.);
#8399=ORIENTED_EDGE('',*,*,#6319,.F.);
#8400=ORIENTED_EDGE('',*,*,#6313,.T.);
#8401=ORIENTED_EDGE('',*,*,#6160,.T.);
#8402=ORIENTED_EDGE('',*,*,#6318,.F.);
#8403=ORIENTED_EDGE('',*,*,#6320,.F.);
#8404=ORIENTED_EDGE('',*,*,#6321,.T.);
#8405=ORIENTED_EDGE('',*,*,#6163,.T.);
#8406=ORIENTED_EDGE('',*,*,#6322,.F.);
#8407=ORIENTED_EDGE('',*,*,#6323,.F.);
#8408=ORIENTED_EDGE('',*,*,#6321,.F.);
#8409=ORIENTED_EDGE('',*,*,#6324,.T.);
#8410=ORIENTED_EDGE('',*,*,#6325,.T.);
#8411=ORIENTED_EDGE('',*,*,#6165,.T.);
#8412=ORIENTED_EDGE('',*,*,#6325,.F.);
#8413=ORIENTED_EDGE('',*,*,#6326,.T.);
#8414=ORIENTED_EDGE('',*,*,#6327,.T.);
#8415=ORIENTED_EDGE('',*,*,#6166,.F.);
#8416=ORIENTED_EDGE('',*,*,#6322,.T.);
#8417=ORIENTED_EDGE('',*,*,#6168,.F.);
#8418=ORIENTED_EDGE('',*,*,#6327,.F.);
#8419=ORIENTED_EDGE('',*,*,#6328,.F.);
#8420=ORIENTED_EDGE('',*,*,#6329,.F.);
#8421=ORIENTED_EDGE('',*,*,#6330,.T.);
#8422=ORIENTED_EDGE('',*,*,#6331,.T.);
#8423=ORIENTED_EDGE('',*,*,#6170,.F.);
#8424=ORIENTED_EDGE('',*,*,#6332,.T.);
#8425=ORIENTED_EDGE('',*,*,#6172,.F.);
#8426=ORIENTED_EDGE('',*,*,#6331,.F.);
#8427=ORIENTED_EDGE('',*,*,#6333,.F.);
#8428=ORIENTED_EDGE('',*,*,#6334,.T.);
#8429=ORIENTED_EDGE('',*,*,#6175,.T.);
#8430=ORIENTED_EDGE('',*,*,#6332,.F.);
#8431=ORIENTED_EDGE('',*,*,#6335,.F.);
#8432=ORIENTED_EDGE('',*,*,#6334,.F.);
#8433=ORIENTED_EDGE('',*,*,#6336,.T.);
#8434=ORIENTED_EDGE('',*,*,#6329,.T.);
#8435=ORIENTED_EDGE('',*,*,#6176,.T.);
#8436=ORIENTED_EDGE('',*,*,#6337,.F.);
#8437=ORIENTED_EDGE('',*,*,#6338,.T.);
#8438=ORIENTED_EDGE('',*,*,#6339,.T.);
#8439=ORIENTED_EDGE('',*,*,#6179,.T.);
#8440=ORIENTED_EDGE('',*,*,#6339,.F.);
#8441=ORIENTED_EDGE('',*,*,#6340,.T.);
#8442=ORIENTED_EDGE('',*,*,#6341,.T.);
#8443=ORIENTED_EDGE('',*,*,#6180,.F.);
#8444=ORIENTED_EDGE('',*,*,#6342,.T.);
#8445=ORIENTED_EDGE('',*,*,#6182,.F.);
#8446=ORIENTED_EDGE('',*,*,#6341,.F.);
#8447=ORIENTED_EDGE('',*,*,#6343,.F.);
#8448=ORIENTED_EDGE('',*,*,#6337,.T.);
#8449=ORIENTED_EDGE('',*,*,#6184,.T.);
#8450=ORIENTED_EDGE('',*,*,#6342,.F.);
#8451=ORIENTED_EDGE('',*,*,#6344,.F.);
#8452=ORIENTED_EDGE('',*,*,#6345,.F.);
#8453=ORIENTED_EDGE('',*,*,#6346,.T.);
#8454=ORIENTED_EDGE('',*,*,#6347,.T.);
#8455=ORIENTED_EDGE('',*,*,#6186,.F.);
#8456=ORIENTED_EDGE('',*,*,#6348,.T.);
#8457=ORIENTED_EDGE('',*,*,#6188,.F.);
#8458=ORIENTED_EDGE('',*,*,#6347,.F.);
#8459=ORIENTED_EDGE('',*,*,#6349,.F.);
#8460=ORIENTED_EDGE('',*,*,#6350,.T.);
#8461=ORIENTED_EDGE('',*,*,#6191,.T.);
#8462=ORIENTED_EDGE('',*,*,#6348,.F.);
#8463=ORIENTED_EDGE('',*,*,#6351,.F.);
#8464=ORIENTED_EDGE('',*,*,#6350,.F.);
#8465=ORIENTED_EDGE('',*,*,#6352,.T.);
#8466=ORIENTED_EDGE('',*,*,#6345,.T.);
#8467=ORIENTED_EDGE('',*,*,#6192,.T.);
#8468=ORIENTED_EDGE('',*,*,#6353,.T.);
#8469=ORIENTED_EDGE('',*,*,#6195,.T.);
#8470=ORIENTED_EDGE('',*,*,#6354,.F.);
#8471=ORIENTED_EDGE('',*,*,#6355,.F.);
#8472=ORIENTED_EDGE('',*,*,#6353,.F.);
#8473=ORIENTED_EDGE('',*,*,#6356,.T.);
#8474=ORIENTED_EDGE('',*,*,#6357,.T.);
#8475=ORIENTED_EDGE('',*,*,#6197,.T.);
#8476=ORIENTED_EDGE('',*,*,#6357,.F.);
#8477=ORIENTED_EDGE('',*,*,#6358,.T.);
#8478=ORIENTED_EDGE('',*,*,#6359,.T.);
#8479=ORIENTED_EDGE('',*,*,#6198,.F.);
#8480=ORIENTED_EDGE('',*,*,#6354,.T.);
#8481=ORIENTED_EDGE('',*,*,#6200,.F.);
#8482=ORIENTED_EDGE('',*,*,#6359,.F.);
#8483=ORIENTED_EDGE('',*,*,#6360,.F.);
#8484=ORIENTED_EDGE('',*,*,#6361,.F.);
#8485=ORIENTED_EDGE('',*,*,#6362,.T.);
#8486=ORIENTED_EDGE('',*,*,#6363,.T.);
#8487=ORIENTED_EDGE('',*,*,#6203,.T.);
#8488=ORIENTED_EDGE('',*,*,#6363,.F.);
#8489=ORIENTED_EDGE('',*,*,#6364,.T.);
#8490=ORIENTED_EDGE('',*,*,#6365,.T.);
#8491=ORIENTED_EDGE('',*,*,#6204,.F.);
#8492=ORIENTED_EDGE('',*,*,#6366,.T.);
#8493=ORIENTED_EDGE('',*,*,#6206,.F.);
#8494=ORIENTED_EDGE('',*,*,#6365,.F.);
#8495=ORIENTED_EDGE('',*,*,#6367,.F.);
#8496=ORIENTED_EDGE('',*,*,#6361,.T.);
#8497=ORIENTED_EDGE('',*,*,#6208,.T.);
#8498=ORIENTED_EDGE('',*,*,#6366,.F.);
#8499=ORIENTED_EDGE('',*,*,#6368,.F.);
#8500=ORIENTED_EDGE('',*,*,#6369,.F.);
#8501=ORIENTED_EDGE('',*,*,#6370,.T.);
#8502=ORIENTED_EDGE('',*,*,#6371,.T.);
#8503=ORIENTED_EDGE('',*,*,#6211,.T.);
#8504=ORIENTED_EDGE('',*,*,#6371,.F.);
#8505=ORIENTED_EDGE('',*,*,#6372,.T.);
#8506=ORIENTED_EDGE('',*,*,#6373,.T.);
#8507=ORIENTED_EDGE('',*,*,#6212,.F.);
#8508=ORIENTED_EDGE('',*,*,#6374,.T.);
#8509=ORIENTED_EDGE('',*,*,#6214,.F.);
#8510=ORIENTED_EDGE('',*,*,#6373,.F.);
#8511=ORIENTED_EDGE('',*,*,#6375,.F.);
#8512=ORIENTED_EDGE('',*,*,#6369,.T.);
#8513=ORIENTED_EDGE('',*,*,#6216,.T.);
#8514=ORIENTED_EDGE('',*,*,#6374,.F.);
#8515=ORIENTED_EDGE('',*,*,#6376,.F.);
#8516=ORIENTED_EDGE('',*,*,#6377,.F.);
#8517=ORIENTED_EDGE('',*,*,#6378,.T.);
#8518=ORIENTED_EDGE('',*,*,#6379,.T.);
#8519=ORIENTED_EDGE('',*,*,#6218,.F.);
#8520=ORIENTED_EDGE('',*,*,#6380,.T.);
#8521=ORIENTED_EDGE('',*,*,#6220,.F.);
#8522=ORIENTED_EDGE('',*,*,#6379,.F.);
#8523=ORIENTED_EDGE('',*,*,#6381,.F.);
#8524=ORIENTED_EDGE('',*,*,#6382,.T.);
#8525=ORIENTED_EDGE('',*,*,#6223,.T.);
#8526=ORIENTED_EDGE('',*,*,#6380,.F.);
#8527=ORIENTED_EDGE('',*,*,#6383,.F.);
#8528=ORIENTED_EDGE('',*,*,#6382,.F.);
#8529=ORIENTED_EDGE('',*,*,#6384,.T.);
#8530=ORIENTED_EDGE('',*,*,#6377,.T.);
#8531=ORIENTED_EDGE('',*,*,#6224,.T.);
#8532=ORIENTED_EDGE('',*,*,#6385,.F.);
#8533=ORIENTED_EDGE('',*,*,#6386,.T.);
#8534=ORIENTED_EDGE('',*,*,#6387,.T.);
#8535=ORIENTED_EDGE('',*,*,#6227,.T.);
#8536=ORIENTED_EDGE('',*,*,#6387,.F.);
#8537=ORIENTED_EDGE('',*,*,#6388,.T.);
#8538=ORIENTED_EDGE('',*,*,#6389,.T.);
#8539=ORIENTED_EDGE('',*,*,#6228,.F.);
#8540=ORIENTED_EDGE('',*,*,#6390,.T.);
#8541=ORIENTED_EDGE('',*,*,#6230,.F.);
#8542=ORIENTED_EDGE('',*,*,#6389,.F.);
#8543=ORIENTED_EDGE('',*,*,#6391,.F.);
#8544=ORIENTED_EDGE('',*,*,#6385,.T.);
#8545=ORIENTED_EDGE('',*,*,#6232,.T.);
#8546=ORIENTED_EDGE('',*,*,#6390,.F.);
#8547=ORIENTED_EDGE('',*,*,#6392,.F.);
#8548=ORIENTED_EDGE('',*,*,#6393,.F.);
#8549=ORIENTED_EDGE('',*,*,#6394,.T.);
#8550=ORIENTED_EDGE('',*,*,#6395,.T.);
#8551=ORIENTED_EDGE('',*,*,#6235,.T.);
#8552=ORIENTED_EDGE('',*,*,#6395,.F.);
#8553=ORIENTED_EDGE('',*,*,#6396,.T.);
#8554=ORIENTED_EDGE('',*,*,#6397,.T.);
#8555=ORIENTED_EDGE('',*,*,#6236,.F.);
#8556=ORIENTED_EDGE('',*,*,#6398,.T.);
#8557=ORIENTED_EDGE('',*,*,#6238,.F.);
#8558=ORIENTED_EDGE('',*,*,#6397,.F.);
#8559=ORIENTED_EDGE('',*,*,#6399,.F.);
#8560=ORIENTED_EDGE('',*,*,#6393,.T.);
#8561=ORIENTED_EDGE('',*,*,#6240,.T.);
#8562=ORIENTED_EDGE('',*,*,#6398,.F.);
#8563=ORIENTED_EDGE('',*,*,#6400,.F.);
#8564=ORIENTED_EDGE('',*,*,#6401,.F.);
#8565=ORIENTED_EDGE('',*,*,#6402,.T.);
#8566=ORIENTED_EDGE('',*,*,#6403,.T.);
#8567=ORIENTED_EDGE('',*,*,#6243,.T.);
#8568=ORIENTED_EDGE('',*,*,#6403,.F.);
#8569=ORIENTED_EDGE('',*,*,#6404,.T.);
#8570=ORIENTED_EDGE('',*,*,#6405,.T.);
#8571=ORIENTED_EDGE('',*,*,#6244,.F.);
#8572=ORIENTED_EDGE('',*,*,#6406,.T.);
#8573=ORIENTED_EDGE('',*,*,#6246,.F.);
#8574=ORIENTED_EDGE('',*,*,#6405,.F.);
#8575=ORIENTED_EDGE('',*,*,#6407,.F.);
#8576=ORIENTED_EDGE('',*,*,#6401,.T.);
#8577=ORIENTED_EDGE('',*,*,#6248,.T.);
#8578=ORIENTED_EDGE('',*,*,#6406,.F.);
#8579=ORIENTED_EDGE('',*,*,#6408,.F.);
#8580=ORIENTED_EDGE('',*,*,#6409,.F.);
#8581=ORIENTED_EDGE('',*,*,#6410,.T.);
#8582=ORIENTED_EDGE('',*,*,#6411,.T.);
#8583=ORIENTED_EDGE('',*,*,#6251,.T.);
#8584=ORIENTED_EDGE('',*,*,#6411,.F.);
#8585=ORIENTED_EDGE('',*,*,#6412,.T.);
#8586=ORIENTED_EDGE('',*,*,#6413,.T.);
#8587=ORIENTED_EDGE('',*,*,#6252,.F.);
#8588=ORIENTED_EDGE('',*,*,#6414,.T.);
#8589=ORIENTED_EDGE('',*,*,#6254,.F.);
#8590=ORIENTED_EDGE('',*,*,#6413,.F.);
#8591=ORIENTED_EDGE('',*,*,#6415,.F.);
#8592=ORIENTED_EDGE('',*,*,#6409,.T.);
#8593=ORIENTED_EDGE('',*,*,#6256,.T.);
#8594=ORIENTED_EDGE('',*,*,#6414,.F.);
#8595=ORIENTED_EDGE('',*,*,#6416,.F.);
#8596=ORIENTED_EDGE('',*,*,#6417,.F.);
#8597=ORIENTED_EDGE('',*,*,#6418,.T.);
#8598=ORIENTED_EDGE('',*,*,#6419,.T.);
#8599=ORIENTED_EDGE('',*,*,#6259,.T.);
#8600=ORIENTED_EDGE('',*,*,#6419,.F.);
#8601=ORIENTED_EDGE('',*,*,#6420,.T.);
#8602=ORIENTED_EDGE('',*,*,#6421,.T.);
#8603=ORIENTED_EDGE('',*,*,#6260,.F.);
#8604=ORIENTED_EDGE('',*,*,#6422,.T.);
#8605=ORIENTED_EDGE('',*,*,#6262,.F.);
#8606=ORIENTED_EDGE('',*,*,#6421,.F.);
#8607=ORIENTED_EDGE('',*,*,#6423,.F.);
#8608=ORIENTED_EDGE('',*,*,#6417,.T.);
#8609=ORIENTED_EDGE('',*,*,#6264,.T.);
#8610=ORIENTED_EDGE('',*,*,#6422,.F.);
#8611=ORIENTED_EDGE('',*,*,#6424,.F.);
#8612=ORIENTED_EDGE('',*,*,#6425,.T.);
#8613=ORIENTED_EDGE('',*,*,#6267,.T.);
#8614=ORIENTED_EDGE('',*,*,#6426,.F.);
#8615=ORIENTED_EDGE('',*,*,#6427,.F.);
#8616=ORIENTED_EDGE('',*,*,#6425,.F.);
#8617=ORIENTED_EDGE('',*,*,#6428,.T.);
#8618=ORIENTED_EDGE('',*,*,#6429,.T.);
#8619=ORIENTED_EDGE('',*,*,#6269,.T.);
#8620=ORIENTED_EDGE('',*,*,#6429,.F.);
#8621=ORIENTED_EDGE('',*,*,#6430,.T.);
#8622=ORIENTED_EDGE('',*,*,#6431,.T.);
#8623=ORIENTED_EDGE('',*,*,#6270,.F.);
#8624=ORIENTED_EDGE('',*,*,#6426,.T.);
#8625=ORIENTED_EDGE('',*,*,#6272,.F.);
#8626=ORIENTED_EDGE('',*,*,#6431,.F.);
#8627=ORIENTED_EDGE('',*,*,#6432,.F.);
#8628=ORIENTED_EDGE('',*,*,#6433,.T.);
#8629=ORIENTED_EDGE('',*,*,#5444,.F.);
#8630=ORIENTED_EDGE('',*,*,#6434,.T.);
#8631=ORIENTED_EDGE('',*,*,#6435,.T.);
#8632=ORIENTED_EDGE('',*,*,#6436,.T.);
#8633=ORIENTED_EDGE('',*,*,#6437,.T.);
#8634=ORIENTED_EDGE('',*,*,#6434,.F.);
#8635=ORIENTED_EDGE('',*,*,#5506,.F.);
#8636=ORIENTED_EDGE('',*,*,#6438,.T.);
#8637=ORIENTED_EDGE('',*,*,#6439,.T.);
#8638=ORIENTED_EDGE('',*,*,#6436,.F.);
#8639=ORIENTED_EDGE('',*,*,#5505,.F.);
#8640=ORIENTED_EDGE('',*,*,#6440,.T.);
#8641=ORIENTED_EDGE('',*,*,#6441,.T.);
#8642=ORIENTED_EDGE('',*,*,#6438,.F.);
#8643=ORIENTED_EDGE('',*,*,#5504,.F.);
#8644=ORIENTED_EDGE('',*,*,#6442,.T.);
#8645=ORIENTED_EDGE('',*,*,#6443,.T.);
#8646=ORIENTED_EDGE('',*,*,#6440,.F.);
#8647=ORIENTED_EDGE('',*,*,#5503,.F.);
#8648=ORIENTED_EDGE('',*,*,#6444,.T.);
#8649=ORIENTED_EDGE('',*,*,#6445,.T.);
#8650=ORIENTED_EDGE('',*,*,#6442,.F.);
#8651=ORIENTED_EDGE('',*,*,#5502,.F.);
#8652=ORIENTED_EDGE('',*,*,#6446,.T.);
#8653=ORIENTED_EDGE('',*,*,#6447,.T.);
#8654=ORIENTED_EDGE('',*,*,#6444,.F.);
#8655=ORIENTED_EDGE('',*,*,#5501,.F.);
#8656=ORIENTED_EDGE('',*,*,#6448,.T.);
#8657=ORIENTED_EDGE('',*,*,#6449,.T.);
#8658=ORIENTED_EDGE('',*,*,#6446,.F.);
#8659=ORIENTED_EDGE('',*,*,#5500,.F.);
#8660=ORIENTED_EDGE('',*,*,#6450,.T.);
#8661=ORIENTED_EDGE('',*,*,#6451,.T.);
#8662=ORIENTED_EDGE('',*,*,#6448,.F.);
#8663=ORIENTED_EDGE('',*,*,#5499,.F.);
#8664=ORIENTED_EDGE('',*,*,#6452,.T.);
#8665=ORIENTED_EDGE('',*,*,#6453,.T.);
#8666=ORIENTED_EDGE('',*,*,#6450,.F.);
#8667=ORIENTED_EDGE('',*,*,#5498,.F.);
#8668=ORIENTED_EDGE('',*,*,#6454,.T.);
#8669=ORIENTED_EDGE('',*,*,#6455,.T.);
#8670=ORIENTED_EDGE('',*,*,#6452,.F.);
#8671=ORIENTED_EDGE('',*,*,#5497,.F.);
#8672=ORIENTED_EDGE('',*,*,#6456,.T.);
#8673=ORIENTED_EDGE('',*,*,#6457,.T.);
#8674=ORIENTED_EDGE('',*,*,#6454,.F.);
#8675=ORIENTED_EDGE('',*,*,#5496,.F.);
#8676=ORIENTED_EDGE('',*,*,#6458,.T.);
#8677=ORIENTED_EDGE('',*,*,#6459,.T.);
#8678=ORIENTED_EDGE('',*,*,#6456,.F.);
#8679=ORIENTED_EDGE('',*,*,#5495,.F.);
#8680=ORIENTED_EDGE('',*,*,#6460,.T.);
#8681=ORIENTED_EDGE('',*,*,#6461,.T.);
#8682=ORIENTED_EDGE('',*,*,#6458,.F.);
#8683=ORIENTED_EDGE('',*,*,#5494,.F.);
#8684=ORIENTED_EDGE('',*,*,#6462,.T.);
#8685=ORIENTED_EDGE('',*,*,#6463,.T.);
#8686=ORIENTED_EDGE('',*,*,#6460,.F.);
#8687=ORIENTED_EDGE('',*,*,#5493,.F.);
#8688=ORIENTED_EDGE('',*,*,#6464,.T.);
#8689=ORIENTED_EDGE('',*,*,#6465,.T.);
#8690=ORIENTED_EDGE('',*,*,#6462,.F.);
#8691=ORIENTED_EDGE('',*,*,#5492,.F.);
#8692=ORIENTED_EDGE('',*,*,#6466,.T.);
#8693=ORIENTED_EDGE('',*,*,#6467,.T.);
#8694=ORIENTED_EDGE('',*,*,#6464,.F.);
#8695=ORIENTED_EDGE('',*,*,#5491,.F.);
#8696=ORIENTED_EDGE('',*,*,#6468,.T.);
#8697=ORIENTED_EDGE('',*,*,#6469,.T.);
#8698=ORIENTED_EDGE('',*,*,#6466,.F.);
#8699=ORIENTED_EDGE('',*,*,#5490,.F.);
#8700=ORIENTED_EDGE('',*,*,#6470,.T.);
#8701=ORIENTED_EDGE('',*,*,#6471,.T.);
#8702=ORIENTED_EDGE('',*,*,#6468,.F.);
#8703=ORIENTED_EDGE('',*,*,#5489,.F.);
#8704=ORIENTED_EDGE('',*,*,#6472,.T.);
#8705=ORIENTED_EDGE('',*,*,#6473,.T.);
#8706=ORIENTED_EDGE('',*,*,#6470,.F.);
#8707=ORIENTED_EDGE('',*,*,#5488,.F.);
#8708=ORIENTED_EDGE('',*,*,#6474,.T.);
#8709=ORIENTED_EDGE('',*,*,#6475,.T.);
#8710=ORIENTED_EDGE('',*,*,#6472,.F.);
#8711=ORIENTED_EDGE('',*,*,#5487,.F.);
#8712=ORIENTED_EDGE('',*,*,#6476,.T.);
#8713=ORIENTED_EDGE('',*,*,#6477,.T.);
#8714=ORIENTED_EDGE('',*,*,#6474,.F.);
#8715=ORIENTED_EDGE('',*,*,#5486,.F.);
#8716=ORIENTED_EDGE('',*,*,#6478,.T.);
#8717=ORIENTED_EDGE('',*,*,#6479,.T.);
#8718=ORIENTED_EDGE('',*,*,#6476,.F.);
#8719=ORIENTED_EDGE('',*,*,#5485,.F.);
#8720=ORIENTED_EDGE('',*,*,#6480,.T.);
#8721=ORIENTED_EDGE('',*,*,#6481,.T.);
#8722=ORIENTED_EDGE('',*,*,#6478,.F.);
#8723=ORIENTED_EDGE('',*,*,#5484,.F.);
#8724=ORIENTED_EDGE('',*,*,#6482,.T.);
#8725=ORIENTED_EDGE('',*,*,#6483,.T.);
#8726=ORIENTED_EDGE('',*,*,#6480,.F.);
#8727=ORIENTED_EDGE('',*,*,#5483,.F.);
#8728=ORIENTED_EDGE('',*,*,#6484,.T.);
#8729=ORIENTED_EDGE('',*,*,#6485,.T.);
#8730=ORIENTED_EDGE('',*,*,#6482,.F.);
#8731=ORIENTED_EDGE('',*,*,#5482,.F.);
#8732=ORIENTED_EDGE('',*,*,#6486,.T.);
#8733=ORIENTED_EDGE('',*,*,#6487,.T.);
#8734=ORIENTED_EDGE('',*,*,#6484,.F.);
#8735=ORIENTED_EDGE('',*,*,#5481,.F.);
#8736=ORIENTED_EDGE('',*,*,#6488,.T.);
#8737=ORIENTED_EDGE('',*,*,#6489,.T.);
#8738=ORIENTED_EDGE('',*,*,#6486,.F.);
#8739=ORIENTED_EDGE('',*,*,#5480,.F.);
#8740=ORIENTED_EDGE('',*,*,#6490,.T.);
#8741=ORIENTED_EDGE('',*,*,#6491,.T.);
#8742=ORIENTED_EDGE('',*,*,#6488,.F.);
#8743=ORIENTED_EDGE('',*,*,#5479,.F.);
#8744=ORIENTED_EDGE('',*,*,#6492,.T.);
#8745=ORIENTED_EDGE('',*,*,#6493,.T.);
#8746=ORIENTED_EDGE('',*,*,#6490,.F.);
#8747=ORIENTED_EDGE('',*,*,#5478,.F.);
#8748=ORIENTED_EDGE('',*,*,#6494,.T.);
#8749=ORIENTED_EDGE('',*,*,#6495,.T.);
#8750=ORIENTED_EDGE('',*,*,#6492,.F.);
#8751=ORIENTED_EDGE('',*,*,#5477,.F.);
#8752=ORIENTED_EDGE('',*,*,#6496,.T.);
#8753=ORIENTED_EDGE('',*,*,#6497,.T.);
#8754=ORIENTED_EDGE('',*,*,#6494,.F.);
#8755=ORIENTED_EDGE('',*,*,#5476,.F.);
#8756=ORIENTED_EDGE('',*,*,#6498,.T.);
#8757=ORIENTED_EDGE('',*,*,#6499,.T.);
#8758=ORIENTED_EDGE('',*,*,#6496,.F.);
#8759=ORIENTED_EDGE('',*,*,#5475,.F.);
#8760=ORIENTED_EDGE('',*,*,#6500,.T.);
#8761=ORIENTED_EDGE('',*,*,#6501,.T.);
#8762=ORIENTED_EDGE('',*,*,#6498,.F.);
#8763=ORIENTED_EDGE('',*,*,#5474,.F.);
#8764=ORIENTED_EDGE('',*,*,#6502,.T.);
#8765=ORIENTED_EDGE('',*,*,#6503,.T.);
#8766=ORIENTED_EDGE('',*,*,#6500,.F.);
#8767=ORIENTED_EDGE('',*,*,#5473,.F.);
#8768=ORIENTED_EDGE('',*,*,#6504,.T.);
#8769=ORIENTED_EDGE('',*,*,#6505,.T.);
#8770=ORIENTED_EDGE('',*,*,#6502,.F.);
#8771=ORIENTED_EDGE('',*,*,#5472,.F.);
#8772=ORIENTED_EDGE('',*,*,#6506,.T.);
#8773=ORIENTED_EDGE('',*,*,#6507,.T.);
#8774=ORIENTED_EDGE('',*,*,#6504,.F.);
#8775=ORIENTED_EDGE('',*,*,#5471,.F.);
#8776=ORIENTED_EDGE('',*,*,#6508,.T.);
#8777=ORIENTED_EDGE('',*,*,#6509,.T.);
#8778=ORIENTED_EDGE('',*,*,#6506,.F.);
#8779=ORIENTED_EDGE('',*,*,#5470,.F.);
#8780=ORIENTED_EDGE('',*,*,#6510,.T.);
#8781=ORIENTED_EDGE('',*,*,#6511,.T.);
#8782=ORIENTED_EDGE('',*,*,#6508,.F.);
#8783=ORIENTED_EDGE('',*,*,#5469,.F.);
#8784=ORIENTED_EDGE('',*,*,#6512,.T.);
#8785=ORIENTED_EDGE('',*,*,#6513,.T.);
#8786=ORIENTED_EDGE('',*,*,#6510,.F.);
#8787=ORIENTED_EDGE('',*,*,#5468,.F.);
#8788=ORIENTED_EDGE('',*,*,#6514,.T.);
#8789=ORIENTED_EDGE('',*,*,#6515,.T.);
#8790=ORIENTED_EDGE('',*,*,#6512,.F.);
#8791=ORIENTED_EDGE('',*,*,#5467,.F.);
#8792=ORIENTED_EDGE('',*,*,#6516,.T.);
#8793=ORIENTED_EDGE('',*,*,#6517,.T.);
#8794=ORIENTED_EDGE('',*,*,#6514,.F.);
#8795=ORIENTED_EDGE('',*,*,#5466,.F.);
#8796=ORIENTED_EDGE('',*,*,#6518,.T.);
#8797=ORIENTED_EDGE('',*,*,#6519,.T.);
#8798=ORIENTED_EDGE('',*,*,#6516,.F.);
#8799=ORIENTED_EDGE('',*,*,#5465,.F.);
#8800=ORIENTED_EDGE('',*,*,#6520,.T.);
#8801=ORIENTED_EDGE('',*,*,#6521,.T.);
#8802=ORIENTED_EDGE('',*,*,#6518,.F.);
#8803=ORIENTED_EDGE('',*,*,#5464,.F.);
#8804=ORIENTED_EDGE('',*,*,#6522,.T.);
#8805=ORIENTED_EDGE('',*,*,#6523,.T.);
#8806=ORIENTED_EDGE('',*,*,#6520,.F.);
#8807=ORIENTED_EDGE('',*,*,#5463,.F.);
#8808=ORIENTED_EDGE('',*,*,#6524,.T.);
#8809=ORIENTED_EDGE('',*,*,#6525,.T.);
#8810=ORIENTED_EDGE('',*,*,#6522,.F.);
#8811=ORIENTED_EDGE('',*,*,#5462,.F.);
#8812=ORIENTED_EDGE('',*,*,#6526,.T.);
#8813=ORIENTED_EDGE('',*,*,#6527,.T.);
#8814=ORIENTED_EDGE('',*,*,#6524,.F.);
#8815=ORIENTED_EDGE('',*,*,#5461,.F.);
#8816=ORIENTED_EDGE('',*,*,#6528,.T.);
#8817=ORIENTED_EDGE('',*,*,#6529,.T.);
#8818=ORIENTED_EDGE('',*,*,#6526,.F.);
#8819=ORIENTED_EDGE('',*,*,#5460,.F.);
#8820=ORIENTED_EDGE('',*,*,#6530,.T.);
#8821=ORIENTED_EDGE('',*,*,#6531,.T.);
#8822=ORIENTED_EDGE('',*,*,#6528,.F.);
#8823=ORIENTED_EDGE('',*,*,#5459,.F.);
#8824=ORIENTED_EDGE('',*,*,#6532,.T.);
#8825=ORIENTED_EDGE('',*,*,#6533,.T.);
#8826=ORIENTED_EDGE('',*,*,#6530,.F.);
#8827=ORIENTED_EDGE('',*,*,#5458,.F.);
#8828=ORIENTED_EDGE('',*,*,#6534,.T.);
#8829=ORIENTED_EDGE('',*,*,#6535,.T.);
#8830=ORIENTED_EDGE('',*,*,#6532,.F.);
#8831=ORIENTED_EDGE('',*,*,#5457,.F.);
#8832=ORIENTED_EDGE('',*,*,#6536,.T.);
#8833=ORIENTED_EDGE('',*,*,#6537,.T.);
#8834=ORIENTED_EDGE('',*,*,#6534,.F.);
#8835=ORIENTED_EDGE('',*,*,#5456,.F.);
#8836=ORIENTED_EDGE('',*,*,#6538,.T.);
#8837=ORIENTED_EDGE('',*,*,#6539,.T.);
#8838=ORIENTED_EDGE('',*,*,#6536,.F.);
#8839=ORIENTED_EDGE('',*,*,#5455,.F.);
#8840=ORIENTED_EDGE('',*,*,#6540,.T.);
#8841=ORIENTED_EDGE('',*,*,#6541,.T.);
#8842=ORIENTED_EDGE('',*,*,#6538,.F.);
#8843=ORIENTED_EDGE('',*,*,#5454,.F.);
#8844=ORIENTED_EDGE('',*,*,#6542,.T.);
#8845=ORIENTED_EDGE('',*,*,#6543,.T.);
#8846=ORIENTED_EDGE('',*,*,#6540,.F.);
#8847=ORIENTED_EDGE('',*,*,#5453,.F.);
#8848=ORIENTED_EDGE('',*,*,#6544,.T.);
#8849=ORIENTED_EDGE('',*,*,#6545,.T.);
#8850=ORIENTED_EDGE('',*,*,#6542,.F.);
#8851=ORIENTED_EDGE('',*,*,#5452,.F.);
#8852=ORIENTED_EDGE('',*,*,#6546,.T.);
#8853=ORIENTED_EDGE('',*,*,#6547,.T.);
#8854=ORIENTED_EDGE('',*,*,#6544,.F.);
#8855=ORIENTED_EDGE('',*,*,#5451,.F.);
#8856=ORIENTED_EDGE('',*,*,#6548,.T.);
#8857=ORIENTED_EDGE('',*,*,#6549,.T.);
#8858=ORIENTED_EDGE('',*,*,#6546,.F.);
#8859=ORIENTED_EDGE('',*,*,#5450,.F.);
#8860=ORIENTED_EDGE('',*,*,#6550,.T.);
#8861=ORIENTED_EDGE('',*,*,#6551,.T.);
#8862=ORIENTED_EDGE('',*,*,#6548,.F.);
#8863=ORIENTED_EDGE('',*,*,#5449,.F.);
#8864=ORIENTED_EDGE('',*,*,#6552,.T.);
#8865=ORIENTED_EDGE('',*,*,#6553,.T.);
#8866=ORIENTED_EDGE('',*,*,#6550,.F.);
#8867=ORIENTED_EDGE('',*,*,#5448,.F.);
#8868=ORIENTED_EDGE('',*,*,#6554,.T.);
#8869=ORIENTED_EDGE('',*,*,#6555,.T.);
#8870=ORIENTED_EDGE('',*,*,#6552,.F.);
#8871=ORIENTED_EDGE('',*,*,#5447,.F.);
#8872=ORIENTED_EDGE('',*,*,#6556,.T.);
#8873=ORIENTED_EDGE('',*,*,#6557,.T.);
#8874=ORIENTED_EDGE('',*,*,#6554,.F.);
#8875=ORIENTED_EDGE('',*,*,#5446,.F.);
#8876=ORIENTED_EDGE('',*,*,#6558,.T.);
#8877=ORIENTED_EDGE('',*,*,#6435,.F.);
#8878=ORIENTED_EDGE('',*,*,#6437,.F.);
#8879=ORIENTED_EDGE('',*,*,#6439,.F.);
#8880=ORIENTED_EDGE('',*,*,#6441,.F.);
#8881=ORIENTED_EDGE('',*,*,#6443,.F.);
#8882=ORIENTED_EDGE('',*,*,#6445,.F.);
#8883=ORIENTED_EDGE('',*,*,#6447,.F.);
#8884=ORIENTED_EDGE('',*,*,#6449,.F.);
#8885=ORIENTED_EDGE('',*,*,#6451,.F.);
#8886=ORIENTED_EDGE('',*,*,#6453,.F.);
#8887=ORIENTED_EDGE('',*,*,#6455,.F.);
#8888=ORIENTED_EDGE('',*,*,#6457,.F.);
#8889=ORIENTED_EDGE('',*,*,#6459,.F.);
#8890=ORIENTED_EDGE('',*,*,#6461,.F.);
#8891=ORIENTED_EDGE('',*,*,#6463,.F.);
#8892=ORIENTED_EDGE('',*,*,#6465,.F.);
#8893=ORIENTED_EDGE('',*,*,#6467,.F.);
#8894=ORIENTED_EDGE('',*,*,#6469,.F.);
#8895=ORIENTED_EDGE('',*,*,#6471,.F.);
#8896=ORIENTED_EDGE('',*,*,#6473,.F.);
#8897=ORIENTED_EDGE('',*,*,#6475,.F.);
#8898=ORIENTED_EDGE('',*,*,#6477,.F.);
#8899=ORIENTED_EDGE('',*,*,#6479,.F.);
#8900=ORIENTED_EDGE('',*,*,#6481,.F.);
#8901=ORIENTED_EDGE('',*,*,#6483,.F.);
#8902=ORIENTED_EDGE('',*,*,#6485,.F.);
#8903=ORIENTED_EDGE('',*,*,#6487,.F.);
#8904=ORIENTED_EDGE('',*,*,#6489,.F.);
#8905=ORIENTED_EDGE('',*,*,#6491,.F.);
#8906=ORIENTED_EDGE('',*,*,#6493,.F.);
#8907=ORIENTED_EDGE('',*,*,#6495,.F.);
#8908=ORIENTED_EDGE('',*,*,#6497,.F.);
#8909=ORIENTED_EDGE('',*,*,#6499,.F.);
#8910=ORIENTED_EDGE('',*,*,#6501,.F.);
#8911=ORIENTED_EDGE('',*,*,#6503,.F.);
#8912=ORIENTED_EDGE('',*,*,#6505,.F.);
#8913=ORIENTED_EDGE('',*,*,#6507,.F.);
#8914=ORIENTED_EDGE('',*,*,#6509,.F.);
#8915=ORIENTED_EDGE('',*,*,#6511,.F.);
#8916=ORIENTED_EDGE('',*,*,#6513,.F.);
#8917=ORIENTED_EDGE('',*,*,#6515,.F.);
#8918=ORIENTED_EDGE('',*,*,#6517,.F.);
#8919=ORIENTED_EDGE('',*,*,#6519,.F.);
#8920=ORIENTED_EDGE('',*,*,#6521,.F.);
#8921=ORIENTED_EDGE('',*,*,#6523,.F.);
#8922=ORIENTED_EDGE('',*,*,#6525,.F.);
#8923=ORIENTED_EDGE('',*,*,#6527,.F.);
#8924=ORIENTED_EDGE('',*,*,#6529,.F.);
#8925=ORIENTED_EDGE('',*,*,#6531,.F.);
#8926=ORIENTED_EDGE('',*,*,#6533,.F.);
#8927=ORIENTED_EDGE('',*,*,#6535,.F.);
#8928=ORIENTED_EDGE('',*,*,#6537,.F.);
#8929=ORIENTED_EDGE('',*,*,#6539,.F.);
#8930=ORIENTED_EDGE('',*,*,#6541,.F.);
#8931=ORIENTED_EDGE('',*,*,#6543,.F.);
#8932=ORIENTED_EDGE('',*,*,#6545,.F.);
#8933=ORIENTED_EDGE('',*,*,#6547,.F.);
#8934=ORIENTED_EDGE('',*,*,#6549,.F.);
#8935=ORIENTED_EDGE('',*,*,#6551,.F.);
#8936=ORIENTED_EDGE('',*,*,#6553,.F.);
#8937=ORIENTED_EDGE('',*,*,#6555,.F.);
#8938=ORIENTED_EDGE('',*,*,#6557,.F.);
#8939=ORIENTED_EDGE('',*,*,#6280,.T.);
#8940=ORIENTED_EDGE('',*,*,#6279,.T.);
#8941=ORIENTED_EDGE('',*,*,#6276,.F.);
#8942=ORIENTED_EDGE('',*,*,#6274,.F.);
#8943=ORIENTED_EDGE('',*,*,#6288,.F.);
#8944=ORIENTED_EDGE('',*,*,#6287,.T.);
#8945=ORIENTED_EDGE('',*,*,#6285,.T.);
#8946=ORIENTED_EDGE('',*,*,#6282,.F.);
#8947=ORIENTED_EDGE('',*,*,#6296,.T.);
#8948=ORIENTED_EDGE('',*,*,#6295,.T.);
#8949=ORIENTED_EDGE('',*,*,#6292,.F.);
#8950=ORIENTED_EDGE('',*,*,#6290,.F.);
#8951=ORIENTED_EDGE('',*,*,#6304,.F.);
#8952=ORIENTED_EDGE('',*,*,#6303,.T.);
#8953=ORIENTED_EDGE('',*,*,#6301,.T.);
#8954=ORIENTED_EDGE('',*,*,#6298,.F.);
#8955=ORIENTED_EDGE('',*,*,#6312,.F.);
#8956=ORIENTED_EDGE('',*,*,#6311,.T.);
#8957=ORIENTED_EDGE('',*,*,#6309,.T.);
#8958=ORIENTED_EDGE('',*,*,#6306,.F.);
#8959=ORIENTED_EDGE('',*,*,#6320,.T.);
#8960=ORIENTED_EDGE('',*,*,#6319,.T.);
#8961=ORIENTED_EDGE('',*,*,#6316,.F.);
#8962=ORIENTED_EDGE('',*,*,#6314,.F.);
#8963=ORIENTED_EDGE('',*,*,#6328,.T.);
#8964=ORIENTED_EDGE('',*,*,#6326,.F.);
#8965=ORIENTED_EDGE('',*,*,#6324,.F.);
#8966=ORIENTED_EDGE('',*,*,#6323,.T.);
#8967=ORIENTED_EDGE('',*,*,#6336,.F.);
#8968=ORIENTED_EDGE('',*,*,#6335,.T.);
#8969=ORIENTED_EDGE('',*,*,#6333,.T.);
#8970=ORIENTED_EDGE('',*,*,#6330,.F.);
#8971=ORIENTED_EDGE('',*,*,#6344,.T.);
#8972=ORIENTED_EDGE('',*,*,#6343,.T.);
#8973=ORIENTED_EDGE('',*,*,#6340,.F.);
#8974=ORIENTED_EDGE('',*,*,#6338,.F.);
#8975=ORIENTED_EDGE('',*,*,#6352,.F.);
#8976=ORIENTED_EDGE('',*,*,#6351,.T.);
#8977=ORIENTED_EDGE('',*,*,#6349,.T.);
#8978=ORIENTED_EDGE('',*,*,#6346,.F.);
#8979=ORIENTED_EDGE('',*,*,#6360,.T.);
#8980=ORIENTED_EDGE('',*,*,#6358,.F.);
#8981=ORIENTED_EDGE('',*,*,#6356,.F.);
#8982=ORIENTED_EDGE('',*,*,#6355,.T.);
#8983=ORIENTED_EDGE('',*,*,#6368,.T.);
#8984=ORIENTED_EDGE('',*,*,#6367,.T.);
#8985=ORIENTED_EDGE('',*,*,#6364,.F.);
#8986=ORIENTED_EDGE('',*,*,#6362,.F.);
#8987=ORIENTED_EDGE('',*,*,#6376,.T.);
#8988=ORIENTED_EDGE('',*,*,#6375,.T.);
#8989=ORIENTED_EDGE('',*,*,#6372,.F.);
#8990=ORIENTED_EDGE('',*,*,#6370,.F.);
#8991=ORIENTED_EDGE('',*,*,#6384,.F.);
#8992=ORIENTED_EDGE('',*,*,#6383,.T.);
#8993=ORIENTED_EDGE('',*,*,#6381,.T.);
#8994=ORIENTED_EDGE('',*,*,#6378,.F.);
#8995=ORIENTED_EDGE('',*,*,#6392,.T.);
#8996=ORIENTED_EDGE('',*,*,#6391,.T.);
#8997=ORIENTED_EDGE('',*,*,#6388,.F.);
#8998=ORIENTED_EDGE('',*,*,#6386,.F.);
#8999=ORIENTED_EDGE('',*,*,#6400,.T.);
#9000=ORIENTED_EDGE('',*,*,#6399,.T.);
#9001=ORIENTED_EDGE('',*,*,#6396,.F.);
#9002=ORIENTED_EDGE('',*,*,#6394,.F.);
#9003=ORIENTED_EDGE('',*,*,#6408,.T.);
#9004=ORIENTED_EDGE('',*,*,#6407,.T.);
#9005=ORIENTED_EDGE('',*,*,#6404,.F.);
#9006=ORIENTED_EDGE('',*,*,#6402,.F.);
#9007=ORIENTED_EDGE('',*,*,#6416,.T.);
#9008=ORIENTED_EDGE('',*,*,#6415,.T.);
#9009=ORIENTED_EDGE('',*,*,#6412,.F.);
#9010=ORIENTED_EDGE('',*,*,#6410,.F.);
#9011=ORIENTED_EDGE('',*,*,#6424,.T.);
#9012=ORIENTED_EDGE('',*,*,#6423,.T.);
#9013=ORIENTED_EDGE('',*,*,#6420,.F.);
#9014=ORIENTED_EDGE('',*,*,#6418,.F.);
#9015=ORIENTED_EDGE('',*,*,#6432,.T.);
#9016=ORIENTED_EDGE('',*,*,#6430,.F.);
#9017=ORIENTED_EDGE('',*,*,#6428,.F.);
#9018=ORIENTED_EDGE('',*,*,#6427,.T.);
#9019=ORIENTED_EDGE('',*,*,#6556,.F.);
#9020=ORIENTED_EDGE('',*,*,#5445,.F.);
#9021=ORIENTED_EDGE('',*,*,#6433,.F.);
#9022=ORIENTED_EDGE('',*,*,#6558,.F.);
#9023=CYLINDRICAL_SURFACE('',#9555,1.5);
#9024=CYLINDRICAL_SURFACE('',#9558,1.5);
#9025=CYLINDRICAL_SURFACE('',#9561,1.5);
#9026=CYLINDRICAL_SURFACE('',#9564,1.5);
#9027=CYLINDRICAL_SURFACE('',#9567,2.81359034196455);
#9028=CYLINDRICAL_SURFACE('',#9573,2.66820385789318);
#9029=CYLINDRICAL_SURFACE('',#9577,2.52489845237165);
#9030=CYLINDRICAL_SURFACE('',#9581,2.9082208912755);
#9031=CYLINDRICAL_SURFACE('',#9585,2.84539864521712);
#9032=CYLINDRICAL_SURFACE('',#9589,1.55471262370665);
#9033=ADVANCED_FACE('',(#1049),#9023,.F.);
#9034=ADVANCED_FACE('',(#1050),#9024,.F.);
#9035=ADVANCED_FACE('',(#1051),#9025,.F.);
#9036=ADVANCED_FACE('',(#1052),#9026,.F.);
#9037=ADVANCED_FACE('',(#1053),#9027,.T.);
#9038=ADVANCED_FACE('',(#1054),#551,.F.);
#9039=ADVANCED_FACE('',(#1055),#552,.F.);
#9040=ADVANCED_FACE('',(#1056),#553,.F.);
#9041=ADVANCED_FACE('',(#1057),#9028,.T.);
#9042=ADVANCED_FACE('',(#1058),#554,.F.);
#9043=ADVANCED_FACE('',(#1059),#9029,.F.);
#9044=ADVANCED_FACE('',(#1060),#555,.F.);
#9045=ADVANCED_FACE('',(#1061),#9030,.T.);
#9046=ADVANCED_FACE('',(#1062),#556,.F.);
#9047=ADVANCED_FACE('',(#1063),#9031,.T.);
#9048=ADVANCED_FACE('',(#1064),#557,.F.);
#9049=ADVANCED_FACE('',(#1065),#9032,.F.);
#9050=ADVANCED_FACE('',(#1066),#558,.F.);
#9051=ADVANCED_FACE('',(#1067,#501,#502,#503,#504,#505,#506),#559,.F.);
#9052=ADVANCED_FACE('',(#1068,#507,#508,#509,#510),#560,.T.);
#9053=ADVANCED_FACE('',(#1069),#561,.T.);
#9054=ADVANCED_FACE('',(#1070),#562,.T.);
#9055=ADVANCED_FACE('',(#1071),#563,.T.);
#9056=ADVANCED_FACE('',(#1072,#511,#512,#513,#514,#515,#516,#517,#518,#519,
#520,#521,#522,#523,#524,#525,#526,#527,#528,#529,#530),#564,.F.);
#9057=ADVANCED_FACE('',(#1073),#565,.T.);
#9058=ADVANCED_FACE('',(#1074),#566,.T.);
#9059=ADVANCED_FACE('',(#1075),#567,.T.);
#9060=ADVANCED_FACE('',(#1076),#568,.T.);
#9061=ADVANCED_FACE('',(#1077),#569,.T.);
#9062=ADVANCED_FACE('',(#1078),#570,.T.);
#9063=ADVANCED_FACE('',(#1079),#571,.T.);
#9064=ADVANCED_FACE('',(#1080),#572,.T.);
#9065=ADVANCED_FACE('',(#1081),#573,.T.);
#9066=ADVANCED_FACE('',(#1082),#574,.T.);
#9067=ADVANCED_FACE('',(#1083),#575,.T.);
#9068=ADVANCED_FACE('',(#1084),#576,.T.);
#9069=ADVANCED_FACE('',(#1085),#577,.T.);
#9070=ADVANCED_FACE('',(#1086),#578,.T.);
#9071=ADVANCED_FACE('',(#1087),#579,.T.);
#9072=ADVANCED_FACE('',(#1088),#580,.T.);
#9073=ADVANCED_FACE('',(#1089),#581,.T.);
#9074=ADVANCED_FACE('',(#1090),#582,.T.);
#9075=ADVANCED_FACE('',(#1091),#583,.T.);
#9076=ADVANCED_FACE('',(#1092),#584,.T.);
#9077=ADVANCED_FACE('',(#1093),#585,.T.);
#9078=ADVANCED_FACE('',(#1094),#586,.T.);
#9079=ADVANCED_FACE('',(#1095),#587,.T.);
#9080=ADVANCED_FACE('',(#1096),#588,.T.);
#9081=ADVANCED_FACE('',(#1097),#589,.T.);
#9082=ADVANCED_FACE('',(#1098),#590,.T.);
#9083=ADVANCED_FACE('',(#1099),#591,.T.);
#9084=ADVANCED_FACE('',(#1100),#592,.T.);
#9085=ADVANCED_FACE('',(#1101),#593,.T.);
#9086=ADVANCED_FACE('',(#1102),#594,.T.);
#9087=ADVANCED_FACE('',(#1103),#595,.T.);
#9088=ADVANCED_FACE('',(#1104),#596,.T.);
#9089=ADVANCED_FACE('',(#1105),#597,.T.);
#9090=ADVANCED_FACE('',(#1106),#598,.T.);
#9091=ADVANCED_FACE('',(#1107),#599,.T.);
#9092=ADVANCED_FACE('',(#1108),#600,.T.);
#9093=ADVANCED_FACE('',(#1109),#601,.T.);
#9094=ADVANCED_FACE('',(#1110),#602,.T.);
#9095=ADVANCED_FACE('',(#1111),#603,.T.);
#9096=ADVANCED_FACE('',(#1112),#604,.T.);
#9097=ADVANCED_FACE('',(#1113),#605,.T.);
#9098=ADVANCED_FACE('',(#1114),#606,.T.);
#9099=ADVANCED_FACE('',(#1115),#607,.T.);
#9100=ADVANCED_FACE('',(#1116),#608,.T.);
#9101=ADVANCED_FACE('',(#1117),#609,.T.);
#9102=ADVANCED_FACE('',(#1118),#610,.T.);
#9103=ADVANCED_FACE('',(#1119),#611,.T.);
#9104=ADVANCED_FACE('',(#1120),#612,.T.);
#9105=ADVANCED_FACE('',(#1121),#613,.T.);
#9106=ADVANCED_FACE('',(#1122),#614,.T.);
#9107=ADVANCED_FACE('',(#1123),#615,.T.);
#9108=ADVANCED_FACE('',(#1124),#616,.T.);
#9109=ADVANCED_FACE('',(#1125),#617,.T.);
#9110=ADVANCED_FACE('',(#1126),#618,.T.);
#9111=ADVANCED_FACE('',(#1127),#619,.T.);
#9112=ADVANCED_FACE('',(#1128),#620,.T.);
#9113=ADVANCED_FACE('',(#1129),#621,.T.);
#9114=ADVANCED_FACE('',(#1130),#622,.T.);
#9115=ADVANCED_FACE('',(#1131),#623,.T.);
#9116=ADVANCED_FACE('',(#1132),#624,.T.);
#9117=ADVANCED_FACE('',(#1133),#625,.F.);
#9118=ADVANCED_FACE('',(#1134),#626,.F.);
#9119=ADVANCED_FACE('',(#1135),#627,.T.);
#9120=ADVANCED_FACE('',(#1136),#628,.T.);
#9121=ADVANCED_FACE('',(#1137),#629,.F.);
#9122=ADVANCED_FACE('',(#1138),#630,.F.);
#9123=ADVANCED_FACE('',(#1139),#631,.T.);
#9124=ADVANCED_FACE('',(#1140),#632,.T.);
#9125=ADVANCED_FACE('',(#1141),#633,.F.);
#9126=ADVANCED_FACE('',(#1142),#634,.T.);
#9127=ADVANCED_FACE('',(#1143),#635,.T.);
#9128=ADVANCED_FACE('',(#1144),#636,.F.);
#9129=ADVANCED_FACE('',(#1145),#637,.F.);
#9130=ADVANCED_FACE('',(#1146),#638,.F.);
#9131=ADVANCED_FACE('',(#1147),#639,.T.);
#9132=ADVANCED_FACE('',(#1148),#640,.T.);
#9133=ADVANCED_FACE('',(#1149),#641,.T.);
#9134=ADVANCED_FACE('',(#1150),#642,.F.);
#9135=ADVANCED_FACE('',(#1151),#643,.F.);
#9136=ADVANCED_FACE('',(#1152),#644,.T.);
#9137=ADVANCED_FACE('',(#1153),#645,.F.);
#9138=ADVANCED_FACE('',(#1154),#646,.T.);
#9139=ADVANCED_FACE('',(#1155),#647,.T.);
#9140=ADVANCED_FACE('',(#1156),#648,.F.);
#9141=ADVANCED_FACE('',(#1157),#649,.F.);
#9142=ADVANCED_FACE('',(#1158),#650,.F.);
#9143=ADVANCED_FACE('',(#1159),#651,.T.);
#9144=ADVANCED_FACE('',(#1160),#652,.T.);
#9145=ADVANCED_FACE('',(#1161),#653,.F.);
#9146=ADVANCED_FACE('',(#1162),#654,.F.);
#9147=ADVANCED_FACE('',(#1163),#655,.T.);
#9148=ADVANCED_FACE('',(#1164),#656,.T.);
#9149=ADVANCED_FACE('',(#1165),#657,.F.);
#9150=ADVANCED_FACE('',(#1166),#658,.F.);
#9151=ADVANCED_FACE('',(#1167),#659,.T.);
#9152=ADVANCED_FACE('',(#1168),#660,.T.);
#9153=ADVANCED_FACE('',(#1169),#661,.T.);
#9154=ADVANCED_FACE('',(#1170),#662,.F.);
#9155=ADVANCED_FACE('',(#1171),#663,.F.);
#9156=ADVANCED_FACE('',(#1172),#664,.T.);
#9157=ADVANCED_FACE('',(#1173),#665,.F.);
#9158=ADVANCED_FACE('',(#1174),#666,.F.);
#9159=ADVANCED_FACE('',(#1175),#667,.T.);
#9160=ADVANCED_FACE('',(#1176),#668,.T.);
#9161=ADVANCED_FACE('',(#1177),#669,.F.);
#9162=ADVANCED_FACE('',(#1178),#670,.T.);
#9163=ADVANCED_FACE('',(#1179),#671,.T.);
#9164=ADVANCED_FACE('',(#1180),#672,.F.);
#9165=ADVANCED_FACE('',(#1181),#673,.F.);
#9166=ADVANCED_FACE('',(#1182),#674,.F.);
#9167=ADVANCED_FACE('',(#1183),#675,.T.);
#9168=ADVANCED_FACE('',(#1184),#676,.T.);
#9169=ADVANCED_FACE('',(#1185),#677,.T.);
#9170=ADVANCED_FACE('',(#1186),#678,.F.);
#9171=ADVANCED_FACE('',(#1187),#679,.F.);
#9172=ADVANCED_FACE('',(#1188),#680,.T.);
#9173=ADVANCED_FACE('',(#1189),#681,.F.);
#9174=ADVANCED_FACE('',(#1190),#682,.F.);
#9175=ADVANCED_FACE('',(#1191),#683,.T.);
#9176=ADVANCED_FACE('',(#1192),#684,.T.);
#9177=ADVANCED_FACE('',(#1193),#685,.F.);
#9178=ADVANCED_FACE('',(#1194),#686,.T.);
#9179=ADVANCED_FACE('',(#1195),#687,.T.);
#9180=ADVANCED_FACE('',(#1196),#688,.F.);
#9181=ADVANCED_FACE('',(#1197),#689,.F.);
#9182=ADVANCED_FACE('',(#1198),#690,.F.);
#9183=ADVANCED_FACE('',(#1199),#691,.T.);
#9184=ADVANCED_FACE('',(#1200),#692,.T.);
#9185=ADVANCED_FACE('',(#1201),#693,.F.);
#9186=ADVANCED_FACE('',(#1202),#694,.F.);
#9187=ADVANCED_FACE('',(#1203),#695,.T.);
#9188=ADVANCED_FACE('',(#1204),#696,.T.);
#9189=ADVANCED_FACE('',(#1205),#697,.F.);
#9190=ADVANCED_FACE('',(#1206),#698,.T.);
#9191=ADVANCED_FACE('',(#1207),#699,.T.);
#9192=ADVANCED_FACE('',(#1208),#700,.F.);
#9193=ADVANCED_FACE('',(#1209),#701,.F.);
#9194=ADVANCED_FACE('',(#1210),#702,.F.);
#9195=ADVANCED_FACE('',(#1211),#703,.T.);
#9196=ADVANCED_FACE('',(#1212),#704,.T.);
#9197=ADVANCED_FACE('',(#1213),#705,.F.);
#9198=ADVANCED_FACE('',(#1214),#706,.F.);
#9199=ADVANCED_FACE('',(#1215),#707,.T.);
#9200=ADVANCED_FACE('',(#1216),#708,.T.);
#9201=ADVANCED_FACE('',(#1217),#709,.F.);
#9202=ADVANCED_FACE('',(#1218),#710,.F.);
#9203=ADVANCED_FACE('',(#1219),#711,.T.);
#9204=ADVANCED_FACE('',(#1220),#712,.T.);
#9205=ADVANCED_FACE('',(#1221),#713,.F.);
#9206=ADVANCED_FACE('',(#1222),#714,.T.);
#9207=ADVANCED_FACE('',(#1223),#715,.T.);
#9208=ADVANCED_FACE('',(#1224),#716,.F.);
#9209=ADVANCED_FACE('',(#1225),#717,.F.);
#9210=ADVANCED_FACE('',(#1226),#718,.F.);
#9211=ADVANCED_FACE('',(#1227),#719,.T.);
#9212=ADVANCED_FACE('',(#1228),#720,.T.);
#9213=ADVANCED_FACE('',(#1229),#721,.T.);
#9214=ADVANCED_FACE('',(#1230),#722,.F.);
#9215=ADVANCED_FACE('',(#1231),#723,.F.);
#9216=ADVANCED_FACE('',(#1232),#724,.T.);
#9217=ADVANCED_FACE('',(#1233),#725,.F.);
#9218=ADVANCED_FACE('',(#1234),#726,.T.);
#9219=ADVANCED_FACE('',(#1235),#727,.T.);
#9220=ADVANCED_FACE('',(#1236),#728,.F.);
#9221=ADVANCED_FACE('',(#1237),#729,.F.);
#9222=ADVANCED_FACE('',(#1238),#730,.F.);
#9223=ADVANCED_FACE('',(#1239),#731,.T.);
#9224=ADVANCED_FACE('',(#1240),#732,.T.);
#9225=ADVANCED_FACE('',(#1241),#733,.F.);
#9226=ADVANCED_FACE('',(#1242),#734,.F.);
#9227=ADVANCED_FACE('',(#1243),#735,.T.);
#9228=ADVANCED_FACE('',(#1244),#736,.T.);
#9229=ADVANCED_FACE('',(#1245),#737,.F.);
#9230=ADVANCED_FACE('',(#1246),#738,.F.);
#9231=ADVANCED_FACE('',(#1247),#739,.T.);
#9232=ADVANCED_FACE('',(#1248),#740,.T.);
#9233=ADVANCED_FACE('',(#1249),#741,.T.);
#9234=ADVANCED_FACE('',(#1250),#742,.F.);
#9235=ADVANCED_FACE('',(#1251),#743,.F.);
#9236=ADVANCED_FACE('',(#1252),#744,.T.);
#9237=ADVANCED_FACE('',(#1253),#745,.F.);
#9238=ADVANCED_FACE('',(#1254),#746,.F.);
#9239=ADVANCED_FACE('',(#1255),#747,.T.);
#9240=ADVANCED_FACE('',(#1256),#748,.T.);
#9241=ADVANCED_FACE('',(#1257),#749,.F.);
#9242=ADVANCED_FACE('',(#1258),#750,.T.);
#9243=ADVANCED_FACE('',(#1259),#751,.T.);
#9244=ADVANCED_FACE('',(#1260),#752,.F.);
#9245=ADVANCED_FACE('',(#1261),#753,.F.);
#9246=ADVANCED_FACE('',(#1262),#754,.F.);
#9247=ADVANCED_FACE('',(#1263),#755,.T.);
#9248=ADVANCED_FACE('',(#1264),#756,.T.);
#9249=ADVANCED_FACE('',(#1265),#757,.T.);
#9250=ADVANCED_FACE('',(#1266),#758,.F.);
#9251=ADVANCED_FACE('',(#1267),#759,.F.);
#9252=ADVANCED_FACE('',(#1268),#760,.T.);
#9253=ADVANCED_FACE('',(#1269),#761,.F.);
#9254=ADVANCED_FACE('',(#1270),#762,.F.);
#9255=ADVANCED_FACE('',(#1271),#763,.T.);
#9256=ADVANCED_FACE('',(#1272),#764,.T.);
#9257=ADVANCED_FACE('',(#1273),#765,.F.);
#9258=ADVANCED_FACE('',(#1274),#766,.T.);
#9259=ADVANCED_FACE('',(#1275),#767,.T.);
#9260=ADVANCED_FACE('',(#1276),#768,.F.);
#9261=ADVANCED_FACE('',(#1277),#769,.F.);
#9262=ADVANCED_FACE('',(#1278),#770,.F.);
#9263=ADVANCED_FACE('',(#1279),#771,.T.);
#9264=ADVANCED_FACE('',(#1280),#772,.T.);
#9265=ADVANCED_FACE('',(#1281),#773,.F.);
#9266=ADVANCED_FACE('',(#1282),#774,.F.);
#9267=ADVANCED_FACE('',(#1283),#775,.T.);
#9268=ADVANCED_FACE('',(#1284),#776,.T.);
#9269=ADVANCED_FACE('',(#1285),#777,.F.);
#9270=ADVANCED_FACE('',(#1286),#778,.T.);
#9271=ADVANCED_FACE('',(#1287),#779,.T.);
#9272=ADVANCED_FACE('',(#1288),#780,.F.);
#9273=ADVANCED_FACE('',(#1289),#781,.F.);
#9274=ADVANCED_FACE('',(#1290),#782,.F.);
#9275=ADVANCED_FACE('',(#1291),#783,.T.);
#9276=ADVANCED_FACE('',(#1292),#784,.T.);
#9277=ADVANCED_FACE('',(#1293),#785,.F.);
#9278=ADVANCED_FACE('',(#1294),#786,.F.);
#9279=ADVANCED_FACE('',(#1295),#787,.F.);
#9280=ADVANCED_FACE('',(#1296),#788,.F.);
#9281=ADVANCED_FACE('',(#1297),#789,.F.);
#9282=ADVANCED_FACE('',(#1298),#790,.F.);
#9283=ADVANCED_FACE('',(#1299),#791,.F.);
#9284=ADVANCED_FACE('',(#1300),#792,.F.);
#9285=ADVANCED_FACE('',(#1301),#793,.F.);
#9286=ADVANCED_FACE('',(#1302),#794,.F.);
#9287=ADVANCED_FACE('',(#1303),#795,.F.);
#9288=ADVANCED_FACE('',(#1304),#796,.F.);
#9289=ADVANCED_FACE('',(#1305),#797,.F.);
#9290=ADVANCED_FACE('',(#1306),#798,.F.);
#9291=ADVANCED_FACE('',(#1307),#799,.F.);
#9292=ADVANCED_FACE('',(#1308),#800,.F.);
#9293=ADVANCED_FACE('',(#1309),#801,.F.);
#9294=ADVANCED_FACE('',(#1310),#802,.F.);
#9295=ADVANCED_FACE('',(#1311),#803,.F.);
#9296=ADVANCED_FACE('',(#1312),#804,.F.);
#9297=ADVANCED_FACE('',(#1313),#805,.F.);
#9298=ADVANCED_FACE('',(#1314),#806,.F.);
#9299=ADVANCED_FACE('',(#1315),#807,.F.);
#9300=ADVANCED_FACE('',(#1316),#808,.F.);
#9301=ADVANCED_FACE('',(#1317),#809,.F.);
#9302=ADVANCED_FACE('',(#1318),#810,.F.);
#9303=ADVANCED_FACE('',(#1319),#811,.F.);
#9304=ADVANCED_FACE('',(#1320),#812,.F.);
#9305=ADVANCED_FACE('',(#1321),#813,.F.);
#9306=ADVANCED_FACE('',(#1322),#814,.F.);
#9307=ADVANCED_FACE('',(#1323),#815,.F.);
#9308=ADVANCED_FACE('',(#1324),#816,.F.);
#9309=ADVANCED_FACE('',(#1325),#817,.F.);
#9310=ADVANCED_FACE('',(#1326),#818,.F.);
#9311=ADVANCED_FACE('',(#1327),#819,.F.);
#9312=ADVANCED_FACE('',(#1328),#820,.F.);
#9313=ADVANCED_FACE('',(#1329),#821,.F.);
#9314=ADVANCED_FACE('',(#1330),#822,.F.);
#9315=ADVANCED_FACE('',(#1331),#823,.F.);
#9316=ADVANCED_FACE('',(#1332),#824,.F.);
#9317=ADVANCED_FACE('',(#1333),#825,.T.);
#9318=ADVANCED_FACE('',(#1334),#826,.T.);
#9319=ADVANCED_FACE('',(#1335),#827,.F.);
#9320=ADVANCED_FACE('',(#1336),#828,.F.);
#9321=ADVANCED_FACE('',(#1337),#829,.T.);
#9322=ADVANCED_FACE('',(#1338),#830,.F.);
#9323=ADVANCED_FACE('',(#1339),#831,.F.);
#9324=ADVANCED_FACE('',(#1340),#832,.T.);
#9325=ADVANCED_FACE('',(#1341),#833,.T.);
#9326=ADVANCED_FACE('',(#1342),#834,.T.);
#9327=ADVANCED_FACE('',(#1343),#835,.F.);
#9328=ADVANCED_FACE('',(#1344),#836,.F.);
#9329=ADVANCED_FACE('',(#1345),#837,.T.);
#9330=ADVANCED_FACE('',(#1346),#838,.F.);
#9331=ADVANCED_FACE('',(#1347),#839,.F.);
#9332=ADVANCED_FACE('',(#1348),#840,.T.);
#9333=ADVANCED_FACE('',(#1349),#841,.T.);
#9334=ADVANCED_FACE('',(#1350),#842,.F.);
#9335=ADVANCED_FACE('',(#1351),#843,.F.);
#9336=ADVANCED_FACE('',(#1352),#844,.T.);
#9337=ADVANCED_FACE('',(#1353),#845,.T.);
#9338=ADVANCED_FACE('',(#1354),#846,.T.);
#9339=ADVANCED_FACE('',(#1355),#847,.F.);
#9340=ADVANCED_FACE('',(#1356),#848,.F.);
#9341=ADVANCED_FACE('',(#1357),#849,.F.);
#9342=ADVANCED_FACE('',(#1358),#850,.T.);
#9343=ADVANCED_FACE('',(#1359),#851,.T.);
#9344=ADVANCED_FACE('',(#1360),#852,.F.);
#9345=ADVANCED_FACE('',(#1361),#853,.T.);
#9346=ADVANCED_FACE('',(#1362),#854,.F.);
#9347=ADVANCED_FACE('',(#1363),#855,.F.);
#9348=ADVANCED_FACE('',(#1364),#856,.T.);
#9349=ADVANCED_FACE('',(#1365),#857,.T.);
#9350=ADVANCED_FACE('',(#1366),#858,.T.);
#9351=ADVANCED_FACE('',(#1367),#859,.F.);
#9352=ADVANCED_FACE('',(#1368),#860,.F.);
#9353=ADVANCED_FACE('',(#1369),#861,.T.);
#9354=ADVANCED_FACE('',(#1370),#862,.F.);
#9355=ADVANCED_FACE('',(#1371),#863,.F.);
#9356=ADVANCED_FACE('',(#1372),#864,.T.);
#9357=ADVANCED_FACE('',(#1373),#865,.F.);
#9358=ADVANCED_FACE('',(#1374),#866,.T.);
#9359=ADVANCED_FACE('',(#1375),#867,.T.);
#9360=ADVANCED_FACE('',(#1376),#868,.F.);
#9361=ADVANCED_FACE('',(#1377),#869,.T.);
#9362=ADVANCED_FACE('',(#1378),#870,.T.);
#9363=ADVANCED_FACE('',(#1379),#871,.F.);
#9364=ADVANCED_FACE('',(#1380),#872,.F.);
#9365=ADVANCED_FACE('',(#1381),#873,.T.);
#9366=ADVANCED_FACE('',(#1382),#874,.T.);
#9367=ADVANCED_FACE('',(#1383),#875,.F.);
#9368=ADVANCED_FACE('',(#1384),#876,.F.);
#9369=ADVANCED_FACE('',(#1385),#877,.T.);
#9370=ADVANCED_FACE('',(#1386),#878,.F.);
#9371=ADVANCED_FACE('',(#1387),#879,.F.);
#9372=ADVANCED_FACE('',(#1388),#880,.T.);
#9373=ADVANCED_FACE('',(#1389),#881,.T.);
#9374=ADVANCED_FACE('',(#1390),#882,.T.);
#9375=ADVANCED_FACE('',(#1391),#883,.F.);
#9376=ADVANCED_FACE('',(#1392),#884,.F.);
#9377=ADVANCED_FACE('',(#1393),#885,.T.);
#9378=ADVANCED_FACE('',(#1394),#886,.T.);
#9379=ADVANCED_FACE('',(#1395),#887,.F.);
#9380=ADVANCED_FACE('',(#1396),#888,.F.);
#9381=ADVANCED_FACE('',(#1397),#889,.T.);
#9382=ADVANCED_FACE('',(#1398),#890,.T.);
#9383=ADVANCED_FACE('',(#1399),#891,.F.);
#9384=ADVANCED_FACE('',(#1400),#892,.F.);
#9385=ADVANCED_FACE('',(#1401),#893,.T.);
#9386=ADVANCED_FACE('',(#1402),#894,.T.);
#9387=ADVANCED_FACE('',(#1403),#895,.F.);
#9388=ADVANCED_FACE('',(#1404),#896,.F.);
#9389=ADVANCED_FACE('',(#1405),#897,.T.);
#9390=ADVANCED_FACE('',(#1406),#898,.T.);
#9391=ADVANCED_FACE('',(#1407),#899,.F.);
#9392=ADVANCED_FACE('',(#1408),#900,.F.);
#9393=ADVANCED_FACE('',(#1409),#901,.F.);
#9394=ADVANCED_FACE('',(#1410),#902,.T.);
#9395=ADVANCED_FACE('',(#1411),#903,.T.);
#9396=ADVANCED_FACE('',(#1412),#904,.F.);
#9397=ADVANCED_FACE('',(#1413),#905,.T.);
#9398=ADVANCED_FACE('',(#1414),#906,.T.);
#9399=ADVANCED_FACE('',(#1415),#907,.F.);
#9400=ADVANCED_FACE('',(#1416),#908,.F.);
#9401=ADVANCED_FACE('',(#1417),#909,.T.);
#9402=ADVANCED_FACE('',(#1418),#910,.F.);
#9403=ADVANCED_FACE('',(#1419),#911,.F.);
#9404=ADVANCED_FACE('',(#1420),#912,.T.);
#9405=ADVANCED_FACE('',(#1421),#913,.T.);
#9406=ADVANCED_FACE('',(#1422),#914,.T.);
#9407=ADVANCED_FACE('',(#1423),#915,.F.);
#9408=ADVANCED_FACE('',(#1424),#916,.F.);
#9409=ADVANCED_FACE('',(#1425),#917,.T.);
#9410=ADVANCED_FACE('',(#1426),#918,.F.);
#9411=ADVANCED_FACE('',(#1427),#919,.F.);
#9412=ADVANCED_FACE('',(#1428),#920,.T.);
#9413=ADVANCED_FACE('',(#1429),#921,.T.);
#9414=ADVANCED_FACE('',(#1430),#922,.F.);
#9415=ADVANCED_FACE('',(#1431),#923,.F.);
#9416=ADVANCED_FACE('',(#1432),#924,.T.);
#9417=ADVANCED_FACE('',(#1433),#925,.T.);
#9418=ADVANCED_FACE('',(#1434),#926,.T.);
#9419=ADVANCED_FACE('',(#1435),#927,.F.);
#9420=ADVANCED_FACE('',(#1436),#928,.F.);
#9421=ADVANCED_FACE('',(#1437),#929,.F.);
#9422=ADVANCED_FACE('',(#1438),#930,.T.);
#9423=ADVANCED_FACE('',(#1439),#931,.T.);
#9424=ADVANCED_FACE('',(#1440),#932,.F.);
#9425=ADVANCED_FACE('',(#1441),#933,.T.);
#9426=ADVANCED_FACE('',(#1442),#934,.F.);
#9427=ADVANCED_FACE('',(#1443),#935,.F.);
#9428=ADVANCED_FACE('',(#1444),#936,.T.);
#9429=ADVANCED_FACE('',(#1445),#937,.T.);
#9430=ADVANCED_FACE('',(#1446),#938,.T.);
#9431=ADVANCED_FACE('',(#1447),#939,.F.);
#9432=ADVANCED_FACE('',(#1448),#940,.F.);
#9433=ADVANCED_FACE('',(#1449),#941,.T.);
#9434=ADVANCED_FACE('',(#1450),#942,.F.);
#9435=ADVANCED_FACE('',(#1451),#943,.F.);
#9436=ADVANCED_FACE('',(#1452),#944,.T.);
#9437=ADVANCED_FACE('',(#1453),#945,.F.);
#9438=ADVANCED_FACE('',(#1454),#946,.T.);
#9439=ADVANCED_FACE('',(#1455),#947,.T.);
#9440=ADVANCED_FACE('',(#1456),#948,.F.);
#9441=ADVANCED_FACE('',(#1457),#949,.T.);
#9442=ADVANCED_FACE('',(#1458),#950,.T.);
#9443=ADVANCED_FACE('',(#1459),#951,.F.);
#9444=ADVANCED_FACE('',(#1460),#952,.F.);
#9445=ADVANCED_FACE('',(#1461),#953,.T.);
#9446=ADVANCED_FACE('',(#1462),#954,.T.);
#9447=ADVANCED_FACE('',(#1463),#955,.F.);
#9448=ADVANCED_FACE('',(#1464),#956,.F.);
#9449=ADVANCED_FACE('',(#1465),#957,.T.);
#9450=ADVANCED_FACE('',(#1466),#958,.F.);
#9451=ADVANCED_FACE('',(#1467),#959,.F.);
#9452=ADVANCED_FACE('',(#1468),#960,.T.);
#9453=ADVANCED_FACE('',(#1469),#961,.T.);
#9454=ADVANCED_FACE('',(#1470),#962,.T.);
#9455=ADVANCED_FACE('',(#1471),#963,.F.);
#9456=ADVANCED_FACE('',(#1472),#964,.F.);
#9457=ADVANCED_FACE('',(#1473),#965,.T.);
#9458=ADVANCED_FACE('',(#1474),#966,.T.);
#9459=ADVANCED_FACE('',(#1475),#967,.F.);
#9460=ADVANCED_FACE('',(#1476),#968,.F.);
#9461=ADVANCED_FACE('',(#1477),#969,.T.);
#9462=ADVANCED_FACE('',(#1478),#970,.T.);
#9463=ADVANCED_FACE('',(#1479),#971,.F.);
#9464=ADVANCED_FACE('',(#1480),#972,.F.);
#9465=ADVANCED_FACE('',(#1481),#973,.T.);
#9466=ADVANCED_FACE('',(#1482),#974,.T.);
#9467=ADVANCED_FACE('',(#1483),#975,.F.);
#9468=ADVANCED_FACE('',(#1484),#976,.F.);
#9469=ADVANCED_FACE('',(#1485),#977,.T.);
#9470=ADVANCED_FACE('',(#1486),#978,.T.);
#9471=ADVANCED_FACE('',(#1487),#979,.F.);
#9472=ADVANCED_FACE('',(#1488),#980,.F.);
#9473=ADVANCED_FACE('',(#1489),#981,.F.);
#9474=ADVANCED_FACE('',(#1490),#982,.T.);
#9475=ADVANCED_FACE('',(#1491),#983,.T.);
#9476=ADVANCED_FACE('',(#1492),#984,.F.);
#9477=ADVANCED_FACE('',(#1493),#985,.T.);
#9478=ADVANCED_FACE('',(#1494),#986,.T.);
#9479=ADVANCED_FACE('',(#1495),#987,.T.);
#9480=ADVANCED_FACE('',(#1496),#988,.T.);
#9481=ADVANCED_FACE('',(#1497),#989,.T.);
#9482=ADVANCED_FACE('',(#1498),#990,.T.);
#9483=ADVANCED_FACE('',(#1499),#991,.T.);
#9484=ADVANCED_FACE('',(#1500),#992,.T.);
#9485=ADVANCED_FACE('',(#1501),#993,.T.);
#9486=ADVANCED_FACE('',(#1502),#994,.T.);
#9487=ADVANCED_FACE('',(#1503),#995,.T.);
#9488=ADVANCED_FACE('',(#1504),#996,.T.);
#9489=ADVANCED_FACE('',(#1505),#997,.T.);
#9490=ADVANCED_FACE('',(#1506),#998,.T.);
#9491=ADVANCED_FACE('',(#1507),#999,.T.);
#9492=ADVANCED_FACE('',(#1508),#1000,.T.);
#9493=ADVANCED_FACE('',(#1509),#1001,.T.);
#9494=ADVANCED_FACE('',(#1510),#1002,.T.);
#9495=ADVANCED_FACE('',(#1511),#1003,.T.);
#9496=ADVANCED_FACE('',(#1512),#1004,.T.);
#9497=ADVANCED_FACE('',(#1513),#1005,.T.);
#9498=ADVANCED_FACE('',(#1514),#1006,.T.);
#9499=ADVANCED_FACE('',(#1515),#1007,.T.);
#9500=ADVANCED_FACE('',(#1516),#1008,.T.);
#9501=ADVANCED_FACE('',(#1517),#1009,.T.);
#9502=ADVANCED_FACE('',(#1518),#1010,.T.);
#9503=ADVANCED_FACE('',(#1519),#1011,.T.);
#9504=ADVANCED_FACE('',(#1520),#1012,.T.);
#9505=ADVANCED_FACE('',(#1521),#1013,.T.);
#9506=ADVANCED_FACE('',(#1522),#1014,.T.);
#9507=ADVANCED_FACE('',(#1523),#1015,.T.);
#9508=ADVANCED_FACE('',(#1524),#1016,.T.);
#9509=ADVANCED_FACE('',(#1525),#1017,.T.);
#9510=ADVANCED_FACE('',(#1526),#1018,.T.);
#9511=ADVANCED_FACE('',(#1527),#1019,.T.);
#9512=ADVANCED_FACE('',(#1528),#1020,.T.);
#9513=ADVANCED_FACE('',(#1529),#1021,.T.);
#9514=ADVANCED_FACE('',(#1530),#1022,.T.);
#9515=ADVANCED_FACE('',(#1531),#1023,.T.);
#9516=ADVANCED_FACE('',(#1532),#1024,.T.);
#9517=ADVANCED_FACE('',(#1533),#1025,.T.);
#9518=ADVANCED_FACE('',(#1534),#1026,.T.);
#9519=ADVANCED_FACE('',(#1535),#1027,.T.);
#9520=ADVANCED_FACE('',(#1536),#1028,.T.);
#9521=ADVANCED_FACE('',(#1537),#1029,.T.);
#9522=ADVANCED_FACE('',(#1538),#1030,.T.);
#9523=ADVANCED_FACE('',(#1539),#1031,.T.);
#9524=ADVANCED_FACE('',(#1540),#1032,.T.);
#9525=ADVANCED_FACE('',(#1541),#1033,.T.);
#9526=ADVANCED_FACE('',(#1542),#1034,.T.);
#9527=ADVANCED_FACE('',(#1543),#1035,.T.);
#9528=ADVANCED_FACE('',(#1544),#1036,.T.);
#9529=ADVANCED_FACE('',(#1545),#1037,.T.);
#9530=ADVANCED_FACE('',(#1546),#1038,.T.);
#9531=ADVANCED_FACE('',(#1547),#1039,.T.);
#9532=ADVANCED_FACE('',(#1548),#1040,.T.);
#9533=ADVANCED_FACE('',(#1549),#1041,.T.);
#9534=ADVANCED_FACE('',(#1550),#1042,.T.);
#9535=ADVANCED_FACE('',(#1551),#1043,.T.);
#9536=ADVANCED_FACE('',(#1552),#1044,.T.);
#9537=ADVANCED_FACE('',(#1553),#1045,.T.);
#9538=ADVANCED_FACE('',(#1554),#1046,.T.);
#9539=ADVANCED_FACE('',(#1555,#531,#532,#533,#534,#535,#536,#537,#538,#539,
#540,#541,#542,#543,#544,#545,#546,#547,#548,#549,#550),#1047,.F.);
#9540=ADVANCED_FACE('',(#1556),#1048,.F.);
#9541=CLOSED_SHELL('',(#9033,#9034,#9035,#9036,#9037,#9038,#9039,#9040,
#9041,#9042,#9043,#9044,#9045,#9046,#9047,#9048,#9049,#9050,#9051,#9052,
#9053,#9054,#9055,#9056,#9057,#9058,#9059,#9060,#9061,#9062,#9063,#9064,
#9065,#9066,#9067,#9068,#9069,#9070,#9071,#9072,#9073,#9074,#9075,#9076,
#9077,#9078,#9079,#9080,#9081,#9082,#9083,#9084,#9085,#9086,#9087,#9088,
#9089,#9090,#9091,#9092,#9093,#9094,#9095,#9096,#9097,#9098,#9099,#9100,
#9101,#9102,#9103,#9104,#9105,#9106,#9107,#9108,#9109,#9110,#9111,#9112,
#9113,#9114,#9115,#9116,#9117,#9118,#9119,#9120,#9121,#9122,#9123,#9124,
#9125,#9126,#9127,#9128,#9129,#9130,#9131,#9132,#9133,#9134,#9135,#9136,
#9137,#9138,#9139,#9140,#9141,#9142,#9143,#9144,#9145,#9146,#9147,#9148,
#9149,#9150,#9151,#9152,#9153,#9154,#9155,#9156,#9157,#9158,#9159,#9160,
#9161,#9162,#9163,#9164,#9165,#9166,#9167,#9168,#9169,#9170,#9171,#9172,
#9173,#9174,#9175,#9176,#9177,#9178,#9179,#9180,#9181,#9182,#9183,#9184,
#9185,#9186,#9187,#9188,#9189,#9190,#9191,#9192,#9193,#9194,#9195,#9196,
#9197,#9198,#9199,#9200,#9201,#9202,#9203,#9204,#9205,#9206,#9207,#9208,
#9209,#9210,#9211,#9212,#9213,#9214,#9215,#9216,#9217,#9218,#9219,#9220,
#9221,#9222,#9223,#9224,#9225,#9226,#9227,#9228,#9229,#9230,#9231,#9232,
#9233,#9234,#9235,#9236,#9237,#9238,#9239,#9240,#9241,#9242,#9243,#9244,
#9245,#9246,#9247,#9248,#9249,#9250,#9251,#9252,#9253,#9254,#9255,#9256,
#9257,#9258,#9259,#9260,#9261,#9262,#9263,#9264,#9265,#9266,#9267,#9268,
#9269,#9270,#9271,#9272,#9273,#9274,#9275,#9276,#9277,#9278,#9279,#9280,
#9281,#9282,#9283,#9284,#9285,#9286,#9287,#9288,#9289,#9290,#9291,#9292,
#9293,#9294,#9295,#9296,#9297,#9298,#9299,#9300,#9301,#9302,#9303,#9304,
#9305,#9306,#9307,#9308,#9309,#9310,#9311,#9312,#9313,#9314,#9315,#9316,
#9317,#9318,#9319,#9320,#9321,#9322,#9323,#9324,#9325,#9326,#9327,#9328,
#9329,#9330,#9331,#9332,#9333,#9334,#9335,#9336,#9337,#9338,#9339,#9340,
#9341,#9342,#9343,#9344,#9345,#9346,#9347,#9348,#9349,#9350,#9351,#9352,
#9353,#9354,#9355,#9356,#9357,#9358,#9359,#9360,#9361,#9362,#9363,#9364,
#9365,#9366,#9367,#9368,#9369,#9370,#9371,#9372,#9373,#9374,#9375,#9376,
#9377,#9378,#9379,#9380,#9381,#9382,#9383,#9384,#9385,#9386,#9387,#9388,
#9389,#9390,#9391,#9392,#9393,#9394,#9395,#9396,#9397,#9398,#9399,#9400,
#9401,#9402,#9403,#9404,#9405,#9406,#9407,#9408,#9409,#9410,#9411,#9412,
#9413,#9414,#9415,#9416,#9417,#9418,#9419,#9420,#9421,#9422,#9423,#9424,
#9425,#9426,#9427,#9428,#9429,#9430,#9431,#9432,#9433,#9434,#9435,#9436,
#9437,#9438,#9439,#9440,#9441,#9442,#9443,#9444,#9445,#9446,#9447,#9448,
#9449,#9450,#9451,#9452,#9453,#9454,#9455,#9456,#9457,#9458,#9459,#9460,
#9461,#9462,#9463,#9464,#9465,#9466,#9467,#9468,#9469,#9470,#9471,#9472,
#9473,#9474,#9475,#9476,#9477,#9478,#9479,#9480,#9481,#9482,#9483,#9484,
#9485,#9486,#9487,#9488,#9489,#9490,#9491,#9492,#9493,#9494,#9495,#9496,
#9497,#9498,#9499,#9500,#9501,#9502,#9503,#9504,#9505,#9506,#9507,#9508,
#9509,#9510,#9511,#9512,#9513,#9514,#9515,#9516,#9517,#9518,#9519,#9520,
#9521,#9522,#9523,#9524,#9525,#9526,#9527,#9528,#9529,#9530,#9531,#9532,
#9533,#9534,#9535,#9536,#9537,#9538,#9539,#9540));
#9542=DERIVED_UNIT_ELEMENT(#9544,1.);
#9543=DERIVED_UNIT_ELEMENT(#14867,-3.);
#9544=(
MASS_UNIT()
NAMED_UNIT(*)
SI_UNIT(.KILO.,.GRAM.)
);
#9545=DERIVED_UNIT((#9542,#9543));
#9546=MEASURE_REPRESENTATION_ITEM('density measure',
POSITIVE_RATIO_MEASURE(7850.),#9545);
#9547=PROPERTY_DEFINITION_REPRESENTATION(#9552,#9549);
#9548=PROPERTY_DEFINITION_REPRESENTATION(#9553,#9550);
#9549=REPRESENTATION('material name',(#9551),#14864);
#9550=REPRESENTATION('density',(#9546),#14864);
#9551=DESCRIPTIVE_REPRESENTATION_ITEM('Steel','Steel');
#9552=PROPERTY_DEFINITION('material property','material name',#14874);
#9553=PROPERTY_DEFINITION('material property','density of part',#14874);
#9554=AXIS2_PLACEMENT_3D('',#12353,#10083,#10084);
#9555=AXIS2_PLACEMENT_3D('',#12354,#10085,#10086);
#9556=AXIS2_PLACEMENT_3D('',#12356,#10087,#10088);
#9557=AXIS2_PLACEMENT_3D('',#12359,#10090,#10091);
#9558=AXIS2_PLACEMENT_3D('',#12360,#10092,#10093);
#9559=AXIS2_PLACEMENT_3D('',#12362,#10094,#10095);
#9560=AXIS2_PLACEMENT_3D('',#12365,#10097,#10098);
#9561=AXIS2_PLACEMENT_3D('',#12366,#10099,#10100);
#9562=AXIS2_PLACEMENT_3D('',#12368,#10101,#10102);
#9563=AXIS2_PLACEMENT_3D('',#12371,#10104,#10105);
#9564=AXIS2_PLACEMENT_3D('',#12372,#10106,#10107);
#9565=AXIS2_PLACEMENT_3D('',#12374,#10108,#10109);
#9566=AXIS2_PLACEMENT_3D('',#12377,#10111,#10112);
#9567=AXIS2_PLACEMENT_3D('',#12378,#10113,#10114);
#9568=AXIS2_PLACEMENT_3D('',#12381,#10115,#10116);
#9569=AXIS2_PLACEMENT_3D('',#12385,#10118,#10119);
#9570=AXIS2_PLACEMENT_3D('',#12387,#10121,#10122);
#9571=AXIS2_PLACEMENT_3D('',#12393,#10126,#10127);
#9572=AXIS2_PLACEMENT_3D('',#12399,#10131,#10132);
#9573=AXIS2_PLACEMENT_3D('',#12405,#10136,#10137);
#9574=AXIS2_PLACEMENT_3D('',#12407,#10138,#10139);
#9575=AXIS2_PLACEMENT_3D('',#12410,#10141,#10142);
#9576=AXIS2_PLACEMENT_3D('',#12411,#10143,#10144);
#9577=AXIS2_PLACEMENT_3D('',#12417,#10148,#10149);
#9578=AXIS2_PLACEMENT_3D('',#12419,#10150,#10151);
#9579=AXIS2_PLACEMENT_3D('',#12422,#10153,#10154);
#9580=AXIS2_PLACEMENT_3D('',#12423,#10155,#10156);
#9581=AXIS2_PLACEMENT_3D('',#12429,#10160,#10161);
#9582=AXIS2_PLACEMENT_3D('',#12431,#10162,#10163);
#9583=AXIS2_PLACEMENT_3D('',#12434,#10165,#10166);
#9584=AXIS2_PLACEMENT_3D('',#12435,#10167,#10168);
#9585=AXIS2_PLACEMENT_3D('',#12441,#10172,#10173);
#9586=AXIS2_PLACEMENT_3D('',#12443,#10174,#10175);
#9587=AXIS2_PLACEMENT_3D('',#12446,#10177,#10178);
#9588=AXIS2_PLACEMENT_3D('',#12447,#10179,#10180);
#9589=AXIS2_PLACEMENT_3D('',#12453,#10184,#10185);
#9590=AXIS2_PLACEMENT_3D('',#12455,#10186,#10187);
#9591=AXIS2_PLACEMENT_3D('',#12458,#10189,#10190);
#9592=AXIS2_PLACEMENT_3D('',#12459,#10191,#10192);
#9593=AXIS2_PLACEMENT_3D('',#12462,#10195,#10196);
#9594=AXIS2_PLACEMENT_3D('',#12715,#10323,#10324);
#9595=AXIS2_PLACEMENT_3D('',#12716,#10325,#10326);
#9596=AXIS2_PLACEMENT_3D('',#12722,#10330,#10331);
#9597=AXIS2_PLACEMENT_3D('',#12726,#10334,#10335);
#9598=AXIS2_PLACEMENT_3D('',#12730,#10338,#10339);
#9599=AXIS2_PLACEMENT_3D('',#13010,#10480,#10481);
#9600=AXIS2_PLACEMENT_3D('',#13012,#10483,#10484);
#9601=AXIS2_PLACEMENT_3D('',#13014,#10486,#10487);
#9602=AXIS2_PLACEMENT_3D('',#13016,#10489,#10490);
#9603=AXIS2_PLACEMENT_3D('',#13018,#10492,#10493);
#9604=AXIS2_PLACEMENT_3D('',#13020,#10495,#10496);
#9605=AXIS2_PLACEMENT_3D('',#13022,#10498,#10499);
#9606=AXIS2_PLACEMENT_3D('',#13024,#10501,#10502);
#9607=AXIS2_PLACEMENT_3D('',#13026,#10504,#10505);
#9608=AXIS2_PLACEMENT_3D('',#13028,#10507,#10508);
#9609=AXIS2_PLACEMENT_3D('',#13030,#10510,#10511);
#9610=AXIS2_PLACEMENT_3D('',#13032,#10513,#10514);
#9611=AXIS2_PLACEMENT_3D('',#13034,#10516,#10517);
#9612=AXIS2_PLACEMENT_3D('',#13036,#10519,#10520);
#9613=AXIS2_PLACEMENT_3D('',#13038,#10522,#10523);
#9614=AXIS2_PLACEMENT_3D('',#13040,#10525,#10526);
#9615=AXIS2_PLACEMENT_3D('',#13042,#10528,#10529);
#9616=AXIS2_PLACEMENT_3D('',#13044,#10531,#10532);
#9617=AXIS2_PLACEMENT_3D('',#13046,#10534,#10535);
#9618=AXIS2_PLACEMENT_3D('',#13048,#10537,#10538);
#9619=AXIS2_PLACEMENT_3D('',#13050,#10540,#10541);
#9620=AXIS2_PLACEMENT_3D('',#13052,#10543,#10544);
#9621=AXIS2_PLACEMENT_3D('',#13054,#10546,#10547);
#9622=AXIS2_PLACEMENT_3D('',#13056,#10549,#10550);
#9623=AXIS2_PLACEMENT_3D('',#13058,#10552,#10553);
#9624=AXIS2_PLACEMENT_3D('',#13060,#10555,#10556);
#9625=AXIS2_PLACEMENT_3D('',#13062,#10558,#10559);
#9626=AXIS2_PLACEMENT_3D('',#13064,#10561,#10562);
#9627=AXIS2_PLACEMENT_3D('',#13066,#10564,#10565);
#9628=AXIS2_PLACEMENT_3D('',#13068,#10567,#10568);
#9629=AXIS2_PLACEMENT_3D('',#13070,#10570,#10571);
#9630=AXIS2_PLACEMENT_3D('',#13072,#10573,#10574);
#9631=AXIS2_PLACEMENT_3D('',#13074,#10576,#10577);
#9632=AXIS2_PLACEMENT_3D('',#13076,#10579,#10580);
#9633=AXIS2_PLACEMENT_3D('',#13078,#10582,#10583);
#9634=AXIS2_PLACEMENT_3D('',#13080,#10585,#10586);
#9635=AXIS2_PLACEMENT_3D('',#13082,#10588,#10589);
#9636=AXIS2_PLACEMENT_3D('',#13084,#10591,#10592);
#9637=AXIS2_PLACEMENT_3D('',#13086,#10594,#10595);
#9638=AXIS2_PLACEMENT_3D('',#13088,#10597,#10598);
#9639=AXIS2_PLACEMENT_3D('',#13090,#10600,#10601);
#9640=AXIS2_PLACEMENT_3D('',#13092,#10603,#10604);
#9641=AXIS2_PLACEMENT_3D('',#13094,#10606,#10607);
#9642=AXIS2_PLACEMENT_3D('',#13096,#10609,#10610);
#9643=AXIS2_PLACEMENT_3D('',#13098,#10612,#10613);
#9644=AXIS2_PLACEMENT_3D('',#13100,#10615,#10616);
#9645=AXIS2_PLACEMENT_3D('',#13102,#10618,#10619);
#9646=AXIS2_PLACEMENT_3D('',#13104,#10621,#10622);
#9647=AXIS2_PLACEMENT_3D('',#13106,#10624,#10625);
#9648=AXIS2_PLACEMENT_3D('',#13108,#10627,#10628);
#9649=AXIS2_PLACEMENT_3D('',#13110,#10630,#10631);
#9650=AXIS2_PLACEMENT_3D('',#13112,#10633,#10634);
#9651=AXIS2_PLACEMENT_3D('',#13114,#10636,#10637);
#9652=AXIS2_PLACEMENT_3D('',#13116,#10639,#10640);
#9653=AXIS2_PLACEMENT_3D('',#13118,#10642,#10643);
#9654=AXIS2_PLACEMENT_3D('',#13120,#10645,#10646);
#9655=AXIS2_PLACEMENT_3D('',#13122,#10648,#10649);
#9656=AXIS2_PLACEMENT_3D('',#13124,#10651,#10652);
#9657=AXIS2_PLACEMENT_3D('',#13126,#10654,#10655);
#9658=AXIS2_PLACEMENT_3D('',#13128,#10657,#10658);
#9659=AXIS2_PLACEMENT_3D('',#13129,#10659,#10660);
#9660=AXIS2_PLACEMENT_3D('',#13135,#10664,#10665);
#9661=AXIS2_PLACEMENT_3D('',#13139,#10668,#10669);
#9662=AXIS2_PLACEMENT_3D('',#13143,#10672,#10673);
#9663=AXIS2_PLACEMENT_3D('',#13145,#10675,#10676);
#9664=AXIS2_PLACEMENT_3D('',#13151,#10680,#10681);
#9665=AXIS2_PLACEMENT_3D('',#13155,#10684,#10685);
#9666=AXIS2_PLACEMENT_3D('',#13159,#10688,#10689);
#9667=AXIS2_PLACEMENT_3D('',#13161,#10691,#10692);
#9668=AXIS2_PLACEMENT_3D('',#13167,#10696,#10697);
#9669=AXIS2_PLACEMENT_3D('',#13171,#10700,#10701);
#9670=AXIS2_PLACEMENT_3D('',#13175,#10704,#10705);
#9671=AXIS2_PLACEMENT_3D('',#13177,#10707,#10708);
#9672=AXIS2_PLACEMENT_3D('',#13183,#10712,#10713);
#9673=AXIS2_PLACEMENT_3D('',#13187,#10716,#10717);
#9674=AXIS2_PLACEMENT_3D('',#13191,#10720,#10721);
#9675=AXIS2_PLACEMENT_3D('',#13193,#10723,#10724);
#9676=AXIS2_PLACEMENT_3D('',#13199,#10728,#10729);
#9677=AXIS2_PLACEMENT_3D('',#13203,#10732,#10733);
#9678=AXIS2_PLACEMENT_3D('',#13207,#10736,#10737);
#9679=AXIS2_PLACEMENT_3D('',#13209,#10739,#10740);
#9680=AXIS2_PLACEMENT_3D('',#13215,#10744,#10745);
#9681=AXIS2_PLACEMENT_3D('',#13219,#10748,#10749);
#9682=AXIS2_PLACEMENT_3D('',#13223,#10752,#10753);
#9683=AXIS2_PLACEMENT_3D('',#13225,#10755,#10756);
#9684=AXIS2_PLACEMENT_3D('',#13231,#10760,#10761);
#9685=AXIS2_PLACEMENT_3D('',#13235,#10764,#10765);
#9686=AXIS2_PLACEMENT_3D('',#13239,#10768,#10769);
#9687=AXIS2_PLACEMENT_3D('',#13241,#10771,#10772);
#9688=AXIS2_PLACEMENT_3D('',#13247,#10776,#10777);
#9689=AXIS2_PLACEMENT_3D('',#13251,#10780,#10781);
#9690=AXIS2_PLACEMENT_3D('',#13255,#10784,#10785);
#9691=AXIS2_PLACEMENT_3D('',#13257,#10787,#10788);
#9692=AXIS2_PLACEMENT_3D('',#13263,#10792,#10793);
#9693=AXIS2_PLACEMENT_3D('',#13267,#10796,#10797);
#9694=AXIS2_PLACEMENT_3D('',#13271,#10800,#10801);
#9695=AXIS2_PLACEMENT_3D('',#13273,#10803,#10804);
#9696=AXIS2_PLACEMENT_3D('',#13279,#10808,#10809);
#9697=AXIS2_PLACEMENT_3D('',#13283,#10812,#10813);
#9698=AXIS2_PLACEMENT_3D('',#13287,#10816,#10817);
#9699=AXIS2_PLACEMENT_3D('',#13289,#10819,#10820);
#9700=AXIS2_PLACEMENT_3D('',#13295,#10824,#10825);
#9701=AXIS2_PLACEMENT_3D('',#13299,#10828,#10829);
#9702=AXIS2_PLACEMENT_3D('',#13303,#10832,#10833);
#9703=AXIS2_PLACEMENT_3D('',#13305,#10835,#10836);
#9704=AXIS2_PLACEMENT_3D('',#13311,#10840,#10841);
#9705=AXIS2_PLACEMENT_3D('',#13315,#10844,#10845);
#9706=AXIS2_PLACEMENT_3D('',#13319,#10848,#10849);
#9707=AXIS2_PLACEMENT_3D('',#13321,#10851,#10852);
#9708=AXIS2_PLACEMENT_3D('',#13327,#10856,#10857);
#9709=AXIS2_PLACEMENT_3D('',#13331,#10860,#10861);
#9710=AXIS2_PLACEMENT_3D('',#13335,#10864,#10865);
#9711=AXIS2_PLACEMENT_3D('',#13337,#10867,#10868);
#9712=AXIS2_PLACEMENT_3D('',#13343,#10872,#10873);
#9713=AXIS2_PLACEMENT_3D('',#13347,#10876,#10877);
#9714=AXIS2_PLACEMENT_3D('',#13351,#10880,#10881);
#9715=AXIS2_PLACEMENT_3D('',#13353,#10883,#10884);
#9716=AXIS2_PLACEMENT_3D('',#13359,#10888,#10889);
#9717=AXIS2_PLACEMENT_3D('',#13363,#10892,#10893);
#9718=AXIS2_PLACEMENT_3D('',#13367,#10896,#10897);
#9719=AXIS2_PLACEMENT_3D('',#13369,#10899,#10900);
#9720=AXIS2_PLACEMENT_3D('',#13375,#10904,#10905);
#9721=AXIS2_PLACEMENT_3D('',#13379,#10908,#10909);
#9722=AXIS2_PLACEMENT_3D('',#13383,#10912,#10913);
#9723=AXIS2_PLACEMENT_3D('',#13385,#10915,#10916);
#9724=AXIS2_PLACEMENT_3D('',#13391,#10920,#10921);
#9725=AXIS2_PLACEMENT_3D('',#13395,#10924,#10925);
#9726=AXIS2_PLACEMENT_3D('',#13399,#10928,#10929);
#9727=AXIS2_PLACEMENT_3D('',#13401,#10931,#10932);
#9728=AXIS2_PLACEMENT_3D('',#13407,#10936,#10937);
#9729=AXIS2_PLACEMENT_3D('',#13411,#10940,#10941);
#9730=AXIS2_PLACEMENT_3D('',#13415,#10944,#10945);
#9731=AXIS2_PLACEMENT_3D('',#13417,#10947,#10948);
#9732=AXIS2_PLACEMENT_3D('',#13423,#10952,#10953);
#9733=AXIS2_PLACEMENT_3D('',#13427,#10956,#10957);
#9734=AXIS2_PLACEMENT_3D('',#13431,#10960,#10961);
#9735=AXIS2_PLACEMENT_3D('',#13433,#10963,#10964);
#9736=AXIS2_PLACEMENT_3D('',#13439,#10968,#10969);
#9737=AXIS2_PLACEMENT_3D('',#13443,#10972,#10973);
#9738=AXIS2_PLACEMENT_3D('',#13447,#10976,#10977);
#9739=AXIS2_PLACEMENT_3D('',#13449,#10979,#10980);
#9740=AXIS2_PLACEMENT_3D('',#13455,#10984,#10985);
#9741=AXIS2_PLACEMENT_3D('',#13459,#10988,#10989);
#9742=AXIS2_PLACEMENT_3D('',#13463,#10992,#10993);
#9743=AXIS2_PLACEMENT_3D('',#13465,#10995,#10996);
#9744=AXIS2_PLACEMENT_3D('',#13471,#11000,#11001);
#9745=AXIS2_PLACEMENT_3D('',#13475,#11004,#11005);
#9746=AXIS2_PLACEMENT_3D('',#13479,#11008,#11009);
#9747=AXIS2_PLACEMENT_3D('',#13481,#11011,#11012);
#9748=AXIS2_PLACEMENT_3D('',#13487,#11016,#11017);
#9749=AXIS2_PLACEMENT_3D('',#13491,#11020,#11021);
#9750=AXIS2_PLACEMENT_3D('',#13495,#11024,#11025);
#9751=AXIS2_PLACEMENT_3D('',#13497,#11027,#11028);
#9752=AXIS2_PLACEMENT_3D('',#13503,#11032,#11033);
#9753=AXIS2_PLACEMENT_3D('',#13507,#11036,#11037);
#9754=AXIS2_PLACEMENT_3D('',#13511,#11040,#11041);
#9755=AXIS2_PLACEMENT_3D('',#13513,#11043,#11044);
#9756=AXIS2_PLACEMENT_3D('',#13519,#11048,#11049);
#9757=AXIS2_PLACEMENT_3D('',#13523,#11052,#11053);
#9758=AXIS2_PLACEMENT_3D('',#13527,#11056,#11057);
#9759=AXIS2_PLACEMENT_3D('',#13529,#11059,#11060);
#9760=AXIS2_PLACEMENT_3D('',#13535,#11064,#11065);
#9761=AXIS2_PLACEMENT_3D('',#13539,#11068,#11069);
#9762=AXIS2_PLACEMENT_3D('',#13543,#11072,#11073);
#9763=AXIS2_PLACEMENT_3D('',#13545,#11075,#11076);
#9764=AXIS2_PLACEMENT_3D('',#13551,#11080,#11081);
#9765=AXIS2_PLACEMENT_3D('',#13555,#11084,#11085);
#9766=AXIS2_PLACEMENT_3D('',#13559,#11088,#11089);
#9767=AXIS2_PLACEMENT_3D('',#13561,#11091,#11092);
#9768=AXIS2_PLACEMENT_3D('',#13567,#11096,#11097);
#9769=AXIS2_PLACEMENT_3D('',#13571,#11100,#11101);
#9770=AXIS2_PLACEMENT_3D('',#13575,#11104,#11105);
#9771=AXIS2_PLACEMENT_3D('',#13577,#11107,#11108);
#9772=AXIS2_PLACEMENT_3D('',#13583,#11112,#11113);
#9773=AXIS2_PLACEMENT_3D('',#13587,#11116,#11117);
#9774=AXIS2_PLACEMENT_3D('',#13591,#11120,#11121);
#9775=AXIS2_PLACEMENT_3D('',#13593,#11123,#11124);
#9776=AXIS2_PLACEMENT_3D('',#13599,#11128,#11129);
#9777=AXIS2_PLACEMENT_3D('',#13603,#11132,#11133);
#9778=AXIS2_PLACEMENT_3D('',#13607,#11136,#11137);
#9779=AXIS2_PLACEMENT_3D('',#13609,#11139,#11140);
#9780=AXIS2_PLACEMENT_3D('',#13615,#11144,#11145);
#9781=AXIS2_PLACEMENT_3D('',#13619,#11148,#11149);
#9782=AXIS2_PLACEMENT_3D('',#13623,#11152,#11153);
#9783=AXIS2_PLACEMENT_3D('',#13625,#11155,#11156);
#9784=AXIS2_PLACEMENT_3D('',#13631,#11160,#11161);
#9785=AXIS2_PLACEMENT_3D('',#13635,#11164,#11165);
#9786=AXIS2_PLACEMENT_3D('',#13639,#11168,#11169);
#9787=AXIS2_PLACEMENT_3D('',#13641,#11171,#11172);
#9788=AXIS2_PLACEMENT_3D('',#13647,#11176,#11177);
#9789=AXIS2_PLACEMENT_3D('',#13651,#11180,#11181);
#9790=AXIS2_PLACEMENT_3D('',#13655,#11184,#11185);
#9791=AXIS2_PLACEMENT_3D('',#13657,#11187,#11188);
#9792=AXIS2_PLACEMENT_3D('',#13663,#11192,#11193);
#9793=AXIS2_PLACEMENT_3D('',#13667,#11196,#11197);
#9794=AXIS2_PLACEMENT_3D('',#13671,#11200,#11201);
#9795=AXIS2_PLACEMENT_3D('',#13673,#11203,#11204);
#9796=AXIS2_PLACEMENT_3D('',#13679,#11208,#11209);
#9797=AXIS2_PLACEMENT_3D('',#13683,#11212,#11213);
#9798=AXIS2_PLACEMENT_3D('',#13687,#11216,#11217);
#9799=AXIS2_PLACEMENT_3D('',#13689,#11219,#11220);
#9800=AXIS2_PLACEMENT_3D('',#13695,#11224,#11225);
#9801=AXIS2_PLACEMENT_3D('',#13699,#11228,#11229);
#9802=AXIS2_PLACEMENT_3D('',#13703,#11232,#11233);
#9803=AXIS2_PLACEMENT_3D('',#13705,#11235,#11236);
#9804=AXIS2_PLACEMENT_3D('',#13711,#11240,#11241);
#9805=AXIS2_PLACEMENT_3D('',#13715,#11244,#11245);
#9806=AXIS2_PLACEMENT_3D('',#13719,#11248,#11249);
#9807=AXIS2_PLACEMENT_3D('',#13721,#11251,#11252);
#9808=AXIS2_PLACEMENT_3D('',#13727,#11256,#11257);
#9809=AXIS2_PLACEMENT_3D('',#13731,#11260,#11261);
#9810=AXIS2_PLACEMENT_3D('',#13735,#11264,#11265);
#9811=AXIS2_PLACEMENT_3D('',#13737,#11267,#11268);
#9812=AXIS2_PLACEMENT_3D('',#13743,#11272,#11273);
#9813=AXIS2_PLACEMENT_3D('',#13747,#11276,#11277);
#9814=AXIS2_PLACEMENT_3D('',#13751,#11280,#11281);
#9815=AXIS2_PLACEMENT_3D('',#13753,#11283,#11284);
#9816=AXIS2_PLACEMENT_3D('',#13759,#11288,#11289);
#9817=AXIS2_PLACEMENT_3D('',#13763,#11292,#11293);
#9818=AXIS2_PLACEMENT_3D('',#13767,#11296,#11297);
#9819=AXIS2_PLACEMENT_3D('',#13769,#11299,#11300);
#9820=AXIS2_PLACEMENT_3D('',#13770,#11301,#11302);
#9821=AXIS2_PLACEMENT_3D('',#13771,#11303,#11304);
#9822=AXIS2_PLACEMENT_3D('',#13772,#11305,#11306);
#9823=AXIS2_PLACEMENT_3D('',#13773,#11307,#11308);
#9824=AXIS2_PLACEMENT_3D('',#13774,#11309,#11310);
#9825=AXIS2_PLACEMENT_3D('',#13775,#11311,#11312);
#9826=AXIS2_PLACEMENT_3D('',#13776,#11313,#11314);
#9827=AXIS2_PLACEMENT_3D('',#13777,#11315,#11316);
#9828=AXIS2_PLACEMENT_3D('',#13778,#11317,#11318);
#9829=AXIS2_PLACEMENT_3D('',#13779,#11319,#11320);
#9830=AXIS2_PLACEMENT_3D('',#13780,#11321,#11322);
#9831=AXIS2_PLACEMENT_3D('',#13781,#11323,#11324);
#9832=AXIS2_PLACEMENT_3D('',#13782,#11325,#11326);
#9833=AXIS2_PLACEMENT_3D('',#13783,#11327,#11328);
#9834=AXIS2_PLACEMENT_3D('',#13784,#11329,#11330);
#9835=AXIS2_PLACEMENT_3D('',#13785,#11331,#11332);
#9836=AXIS2_PLACEMENT_3D('',#13786,#11333,#11334);
#9837=AXIS2_PLACEMENT_3D('',#13787,#11335,#11336);
#9838=AXIS2_PLACEMENT_3D('',#13788,#11337,#11338);
#9839=AXIS2_PLACEMENT_3D('',#13789,#11339,#11340);
#9840=AXIS2_PLACEMENT_3D('',#13798,#11345,#11346);
#9841=AXIS2_PLACEMENT_3D('',#13807,#11351,#11352);
#9842=AXIS2_PLACEMENT_3D('',#13816,#11357,#11358);
#9843=AXIS2_PLACEMENT_3D('',#13825,#11363,#11364);
#9844=AXIS2_PLACEMENT_3D('',#13834,#11369,#11370);
#9845=AXIS2_PLACEMENT_3D('',#13843,#11375,#11376);
#9846=AXIS2_PLACEMENT_3D('',#13852,#11381,#11382);
#9847=AXIS2_PLACEMENT_3D('',#13861,#11387,#11388);
#9848=AXIS2_PLACEMENT_3D('',#13870,#11393,#11394);
#9849=AXIS2_PLACEMENT_3D('',#13879,#11399,#11400);
#9850=AXIS2_PLACEMENT_3D('',#13888,#11405,#11406);
#9851=AXIS2_PLACEMENT_3D('',#13897,#11411,#11412);
#9852=AXIS2_PLACEMENT_3D('',#13906,#11417,#11418);
#9853=AXIS2_PLACEMENT_3D('',#13915,#11423,#11424);
#9854=AXIS2_PLACEMENT_3D('',#13924,#11429,#11430);
#9855=AXIS2_PLACEMENT_3D('',#13933,#11435,#11436);
#9856=AXIS2_PLACEMENT_3D('',#13942,#11441,#11442);
#9857=AXIS2_PLACEMENT_3D('',#13951,#11447,#11448);
#9858=AXIS2_PLACEMENT_3D('',#13960,#11453,#11454);
#9859=AXIS2_PLACEMENT_3D('',#13969,#11459,#11460);
#9860=AXIS2_PLACEMENT_3D('',#13975,#11464,#11465);
#9861=AXIS2_PLACEMENT_3D('',#13979,#11468,#11469);
#9862=AXIS2_PLACEMENT_3D('',#13983,#11472,#11473);
#9863=AXIS2_PLACEMENT_3D('',#13985,#11475,#11476);
#9864=AXIS2_PLACEMENT_3D('',#13991,#11480,#11481);
#9865=AXIS2_PLACEMENT_3D('',#13995,#11484,#11485);
#9866=AXIS2_PLACEMENT_3D('',#13999,#11488,#11489);
#9867=AXIS2_PLACEMENT_3D('',#14001,#11491,#11492);
#9868=AXIS2_PLACEMENT_3D('',#14007,#11496,#11497);
#9869=AXIS2_PLACEMENT_3D('',#14011,#11500,#11501);
#9870=AXIS2_PLACEMENT_3D('',#14015,#11504,#11505);
#9871=AXIS2_PLACEMENT_3D('',#14017,#11507,#11508);
#9872=AXIS2_PLACEMENT_3D('',#14023,#11512,#11513);
#9873=AXIS2_PLACEMENT_3D('',#14027,#11516,#11517);
#9874=AXIS2_PLACEMENT_3D('',#14031,#11520,#11521);
#9875=AXIS2_PLACEMENT_3D('',#14033,#11523,#11524);
#9876=AXIS2_PLACEMENT_3D('',#14039,#11528,#11529);
#9877=AXIS2_PLACEMENT_3D('',#14043,#11532,#11533);
#9878=AXIS2_PLACEMENT_3D('',#14047,#11536,#11537);
#9879=AXIS2_PLACEMENT_3D('',#14049,#11539,#11540);
#9880=AXIS2_PLACEMENT_3D('',#14055,#11544,#11545);
#9881=AXIS2_PLACEMENT_3D('',#14059,#11548,#11549);
#9882=AXIS2_PLACEMENT_3D('',#14063,#11552,#11553);
#9883=AXIS2_PLACEMENT_3D('',#14065,#11555,#11556);
#9884=AXIS2_PLACEMENT_3D('',#14071,#11560,#11561);
#9885=AXIS2_PLACEMENT_3D('',#14075,#11564,#11565);
#9886=AXIS2_PLACEMENT_3D('',#14079,#11568,#11569);
#9887=AXIS2_PLACEMENT_3D('',#14081,#11571,#11572);
#9888=AXIS2_PLACEMENT_3D('',#14087,#11576,#11577);
#9889=AXIS2_PLACEMENT_3D('',#14091,#11580,#11581);
#9890=AXIS2_PLACEMENT_3D('',#14095,#11584,#11585);
#9891=AXIS2_PLACEMENT_3D('',#14097,#11587,#11588);
#9892=AXIS2_PLACEMENT_3D('',#14103,#11592,#11593);
#9893=AXIS2_PLACEMENT_3D('',#14107,#11596,#11597);
#9894=AXIS2_PLACEMENT_3D('',#14111,#11600,#11601);
#9895=AXIS2_PLACEMENT_3D('',#14113,#11603,#11604);
#9896=AXIS2_PLACEMENT_3D('',#14119,#11608,#11609);
#9897=AXIS2_PLACEMENT_3D('',#14123,#11612,#11613);
#9898=AXIS2_PLACEMENT_3D('',#14127,#11616,#11617);
#9899=AXIS2_PLACEMENT_3D('',#14129,#11619,#11620);
#9900=AXIS2_PLACEMENT_3D('',#14135,#11624,#11625);
#9901=AXIS2_PLACEMENT_3D('',#14139,#11628,#11629);
#9902=AXIS2_PLACEMENT_3D('',#14143,#11632,#11633);
#9903=AXIS2_PLACEMENT_3D('',#14145,#11635,#11636);
#9904=AXIS2_PLACEMENT_3D('',#14151,#11640,#11641);
#9905=AXIS2_PLACEMENT_3D('',#14155,#11644,#11645);
#9906=AXIS2_PLACEMENT_3D('',#14159,#11648,#11649);
#9907=AXIS2_PLACEMENT_3D('',#14161,#11651,#11652);
#9908=AXIS2_PLACEMENT_3D('',#14167,#11656,#11657);
#9909=AXIS2_PLACEMENT_3D('',#14171,#11660,#11661);
#9910=AXIS2_PLACEMENT_3D('',#14175,#11664,#11665);
#9911=AXIS2_PLACEMENT_3D('',#14177,#11667,#11668);
#9912=AXIS2_PLACEMENT_3D('',#14183,#11672,#11673);
#9913=AXIS2_PLACEMENT_3D('',#14187,#11676,#11677);
#9914=AXIS2_PLACEMENT_3D('',#14191,#11680,#11681);
#9915=AXIS2_PLACEMENT_3D('',#14193,#11683,#11684);
#9916=AXIS2_PLACEMENT_3D('',#14199,#11688,#11689);
#9917=AXIS2_PLACEMENT_3D('',#14203,#11692,#11693);
#9918=AXIS2_PLACEMENT_3D('',#14207,#11696,#11697);
#9919=AXIS2_PLACEMENT_3D('',#14209,#11699,#11700);
#9920=AXIS2_PLACEMENT_3D('',#14215,#11704,#11705);
#9921=AXIS2_PLACEMENT_3D('',#14219,#11708,#11709);
#9922=AXIS2_PLACEMENT_3D('',#14223,#11712,#11713);
#9923=AXIS2_PLACEMENT_3D('',#14225,#11715,#11716);
#9924=AXIS2_PLACEMENT_3D('',#14231,#11720,#11721);
#9925=AXIS2_PLACEMENT_3D('',#14235,#11724,#11725);
#9926=AXIS2_PLACEMENT_3D('',#14239,#11728,#11729);
#9927=AXIS2_PLACEMENT_3D('',#14241,#11731,#11732);
#9928=AXIS2_PLACEMENT_3D('',#14247,#11736,#11737);
#9929=AXIS2_PLACEMENT_3D('',#14251,#11740,#11741);
#9930=AXIS2_PLACEMENT_3D('',#14255,#11744,#11745);
#9931=AXIS2_PLACEMENT_3D('',#14257,#11747,#11748);
#9932=AXIS2_PLACEMENT_3D('',#14263,#11752,#11753);
#9933=AXIS2_PLACEMENT_3D('',#14267,#11756,#11757);
#9934=AXIS2_PLACEMENT_3D('',#14271,#11760,#11761);
#9935=AXIS2_PLACEMENT_3D('',#14273,#11763,#11764);
#9936=AXIS2_PLACEMENT_3D('',#14279,#11768,#11769);
#9937=AXIS2_PLACEMENT_3D('',#14283,#11772,#11773);
#9938=AXIS2_PLACEMENT_3D('',#14287,#11776,#11777);
#9939=AXIS2_PLACEMENT_3D('',#14289,#11779,#11780);
#9940=AXIS2_PLACEMENT_3D('',#14295,#11784,#11785);
#9941=AXIS2_PLACEMENT_3D('',#14299,#11788,#11789);
#9942=AXIS2_PLACEMENT_3D('',#14303,#11792,#11793);
#9943=AXIS2_PLACEMENT_3D('',#14305,#11795,#11796);
#9944=AXIS2_PLACEMENT_3D('',#14311,#11800,#11801);
#9945=AXIS2_PLACEMENT_3D('',#14315,#11804,#11805);
#9946=AXIS2_PLACEMENT_3D('',#14319,#11808,#11809);
#9947=AXIS2_PLACEMENT_3D('',#14321,#11811,#11812);
#9948=AXIS2_PLACEMENT_3D('',#14327,#11816,#11817);
#9949=AXIS2_PLACEMENT_3D('',#14331,#11820,#11821);
#9950=AXIS2_PLACEMENT_3D('',#14335,#11824,#11825);
#9951=AXIS2_PLACEMENT_3D('',#14337,#11827,#11828);
#9952=AXIS2_PLACEMENT_3D('',#14343,#11832,#11833);
#9953=AXIS2_PLACEMENT_3D('',#14347,#11836,#11837);
#9954=AXIS2_PLACEMENT_3D('',#14351,#11840,#11841);
#9955=AXIS2_PLACEMENT_3D('',#14353,#11843,#11844);
#9956=AXIS2_PLACEMENT_3D('',#14359,#11848,#11849);
#9957=AXIS2_PLACEMENT_3D('',#14363,#11852,#11853);
#9958=AXIS2_PLACEMENT_3D('',#14367,#11856,#11857);
#9959=AXIS2_PLACEMENT_3D('',#14369,#11859,#11860);
#9960=AXIS2_PLACEMENT_3D('',#14375,#11864,#11865);
#9961=AXIS2_PLACEMENT_3D('',#14379,#11868,#11869);
#9962=AXIS2_PLACEMENT_3D('',#14383,#11872,#11873);
#9963=AXIS2_PLACEMENT_3D('',#14385,#11875,#11876);
#9964=AXIS2_PLACEMENT_3D('',#14391,#11880,#11881);
#9965=AXIS2_PLACEMENT_3D('',#14395,#11884,#11885);
#9966=AXIS2_PLACEMENT_3D('',#14399,#11888,#11889);
#9967=AXIS2_PLACEMENT_3D('',#14401,#11891,#11892);
#9968=AXIS2_PLACEMENT_3D('',#14407,#11896,#11897);
#9969=AXIS2_PLACEMENT_3D('',#14411,#11900,#11901);
#9970=AXIS2_PLACEMENT_3D('',#14415,#11904,#11905);
#9971=AXIS2_PLACEMENT_3D('',#14417,#11907,#11908);
#9972=AXIS2_PLACEMENT_3D('',#14423,#11912,#11913);
#9973=AXIS2_PLACEMENT_3D('',#14427,#11916,#11917);
#9974=AXIS2_PLACEMENT_3D('',#14431,#11920,#11921);
#9975=AXIS2_PLACEMENT_3D('',#14433,#11923,#11924);
#9976=AXIS2_PLACEMENT_3D('',#14439,#11928,#11929);
#9977=AXIS2_PLACEMENT_3D('',#14443,#11932,#11933);
#9978=AXIS2_PLACEMENT_3D('',#14447,#11936,#11937);
#9979=AXIS2_PLACEMENT_3D('',#14449,#11939,#11940);
#9980=AXIS2_PLACEMENT_3D('',#14455,#11944,#11945);
#9981=AXIS2_PLACEMENT_3D('',#14459,#11948,#11949);
#9982=AXIS2_PLACEMENT_3D('',#14463,#11952,#11953);
#9983=AXIS2_PLACEMENT_3D('',#14465,#11955,#11956);
#9984=AXIS2_PLACEMENT_3D('',#14471,#11960,#11961);
#9985=AXIS2_PLACEMENT_3D('',#14475,#11964,#11965);
#9986=AXIS2_PLACEMENT_3D('',#14479,#11968,#11969);
#9987=AXIS2_PLACEMENT_3D('',#14481,#11971,#11972);
#9988=AXIS2_PLACEMENT_3D('',#14487,#11976,#11977);
#9989=AXIS2_PLACEMENT_3D('',#14491,#11980,#11981);
#9990=AXIS2_PLACEMENT_3D('',#14495,#11984,#11985);
#9991=AXIS2_PLACEMENT_3D('',#14497,#11987,#11988);
#9992=AXIS2_PLACEMENT_3D('',#14503,#11992,#11993);
#9993=AXIS2_PLACEMENT_3D('',#14507,#11996,#11997);
#9994=AXIS2_PLACEMENT_3D('',#14511,#12000,#12001);
#9995=AXIS2_PLACEMENT_3D('',#14513,#12003,#12004);
#9996=AXIS2_PLACEMENT_3D('',#14519,#12008,#12009);
#9997=AXIS2_PLACEMENT_3D('',#14523,#12012,#12013);
#9998=AXIS2_PLACEMENT_3D('',#14527,#12016,#12017);
#9999=AXIS2_PLACEMENT_3D('',#14529,#12019,#12020);
#10000=AXIS2_PLACEMENT_3D('',#14535,#12024,#12025);
#10001=AXIS2_PLACEMENT_3D('',#14539,#12028,#12029);
#10002=AXIS2_PLACEMENT_3D('',#14543,#12032,#12033);
#10003=AXIS2_PLACEMENT_3D('',#14545,#12035,#12036);
#10004=AXIS2_PLACEMENT_3D('',#14551,#12040,#12041);
#10005=AXIS2_PLACEMENT_3D('',#14555,#12044,#12045);
#10006=AXIS2_PLACEMENT_3D('',#14559,#12048,#12049);
#10007=AXIS2_PLACEMENT_3D('',#14561,#12051,#12052);
#10008=AXIS2_PLACEMENT_3D('',#14567,#12056,#12057);
#10009=AXIS2_PLACEMENT_3D('',#14571,#12060,#12061);
#10010=AXIS2_PLACEMENT_3D('',#14575,#12064,#12065);
#10011=AXIS2_PLACEMENT_3D('',#14577,#12067,#12068);
#10012=AXIS2_PLACEMENT_3D('',#14583,#12072,#12073);
#10013=AXIS2_PLACEMENT_3D('',#14587,#12076,#12077);
#10014=AXIS2_PLACEMENT_3D('',#14591,#12080,#12081);
#10015=AXIS2_PLACEMENT_3D('',#14593,#12083,#12084);
#10016=AXIS2_PLACEMENT_3D('',#14599,#12088,#12089);
#10017=AXIS2_PLACEMENT_3D('',#14603,#12092,#12093);
#10018=AXIS2_PLACEMENT_3D('',#14607,#12096,#12097);
#10019=AXIS2_PLACEMENT_3D('',#14609,#12099,#12100);
#10020=AXIS2_PLACEMENT_3D('',#14615,#12104,#12105);
#10021=AXIS2_PLACEMENT_3D('',#14619,#12108,#12109);
#10022=AXIS2_PLACEMENT_3D('',#14623,#12112,#12113);
#10023=AXIS2_PLACEMENT_3D('',#14627,#12116,#12117);
#10024=AXIS2_PLACEMENT_3D('',#14631,#12120,#12121);
#10025=AXIS2_PLACEMENT_3D('',#14635,#12124,#12125);
#10026=AXIS2_PLACEMENT_3D('',#14639,#12128,#12129);
#10027=AXIS2_PLACEMENT_3D('',#14643,#12132,#12133);
#10028=AXIS2_PLACEMENT_3D('',#14647,#12136,#12137);
#10029=AXIS2_PLACEMENT_3D('',#14651,#12140,#12141);
#10030=AXIS2_PLACEMENT_3D('',#14655,#12144,#12145);
#10031=AXIS2_PLACEMENT_3D('',#14659,#12148,#12149);
#10032=AXIS2_PLACEMENT_3D('',#14663,#12152,#12153);
#10033=AXIS2_PLACEMENT_3D('',#14667,#12156,#12157);
#10034=AXIS2_PLACEMENT_3D('',#14671,#12160,#12161);
#10035=AXIS2_PLACEMENT_3D('',#14675,#12164,#12165);
#10036=AXIS2_PLACEMENT_3D('',#14679,#12168,#12169);
#10037=AXIS2_PLACEMENT_3D('',#14683,#12172,#12173);
#10038=AXIS2_PLACEMENT_3D('',#14687,#12176,#12177);
#10039=AXIS2_PLACEMENT_3D('',#14691,#12180,#12181);
#10040=AXIS2_PLACEMENT_3D('',#14695,#12184,#12185);
#10041=AXIS2_PLACEMENT_3D('',#14699,#12188,#12189);
#10042=AXIS2_PLACEMENT_3D('',#14703,#12192,#12193);
#10043=AXIS2_PLACEMENT_3D('',#14707,#12196,#12197);
#10044=AXIS2_PLACEMENT_3D('',#14711,#12200,#12201);
#10045=AXIS2_PLACEMENT_3D('',#14715,#12204,#12205);
#10046=AXIS2_PLACEMENT_3D('',#14719,#12208,#12209);
#10047=AXIS2_PLACEMENT_3D('',#14723,#12212,#12213);
#10048=AXIS2_PLACEMENT_3D('',#14727,#12216,#12217);
#10049=AXIS2_PLACEMENT_3D('',#14731,#12220,#12221);
#10050=AXIS2_PLACEMENT_3D('',#14735,#12224,#12225);
#10051=AXIS2_PLACEMENT_3D('',#14739,#12228,#12229);
#10052=AXIS2_PLACEMENT_3D('',#14743,#12232,#12233);
#10053=AXIS2_PLACEMENT_3D('',#14747,#12236,#12237);
#10054=AXIS2_PLACEMENT_3D('',#14751,#12240,#12241);
#10055=AXIS2_PLACEMENT_3D('',#14755,#12244,#12245);
#10056=AXIS2_PLACEMENT_3D('',#14759,#12248,#12249);
#10057=AXIS2_PLACEMENT_3D('',#14763,#12252,#12253);
#10058=AXIS2_PLACEMENT_3D('',#14767,#12256,#12257);
#10059=AXIS2_PLACEMENT_3D('',#14771,#12260,#12261);
#10060=AXIS2_PLACEMENT_3D('',#14775,#12264,#12265);
#10061=AXIS2_PLACEMENT_3D('',#14779,#12268,#12269);
#10062=AXIS2_PLACEMENT_3D('',#14783,#12272,#12273);
#10063=AXIS2_PLACEMENT_3D('',#14787,#12276,#12277);
#10064=AXIS2_PLACEMENT_3D('',#14791,#12280,#12281);
#10065=AXIS2_PLACEMENT_3D('',#14795,#12284,#12285);
#10066=AXIS2_PLACEMENT_3D('',#14799,#12288,#12289);
#10067=AXIS2_PLACEMENT_3D('',#14803,#12292,#12293);
#10068=AXIS2_PLACEMENT_3D('',#14807,#12296,#12297);
#10069=AXIS2_PLACEMENT_3D('',#14811,#12300,#12301);
#10070=AXIS2_PLACEMENT_3D('',#14815,#12304,#12305);
#10071=AXIS2_PLACEMENT_3D('',#14819,#12308,#12309);
#10072=AXIS2_PLACEMENT_3D('',#14823,#12312,#12313);
#10073=AXIS2_PLACEMENT_3D('',#14827,#12316,#12317);
#10074=AXIS2_PLACEMENT_3D('',#14831,#12320,#12321);
#10075=AXIS2_PLACEMENT_3D('',#14835,#12324,#12325);
#10076=AXIS2_PLACEMENT_3D('',#14839,#12328,#12329);
#10077=AXIS2_PLACEMENT_3D('',#14843,#12332,#12333);
#10078=AXIS2_PLACEMENT_3D('',#14847,#12336,#12337);
#10079=AXIS2_PLACEMENT_3D('',#14851,#12340,#12341);
#10080=AXIS2_PLACEMENT_3D('',#14855,#12344,#12345);
#10081=AXIS2_PLACEMENT_3D('',#14859,#12348,#12349);
#10082=AXIS2_PLACEMENT_3D('',#14861,#12351,#12352);
#10083=DIRECTION('axis',(0.,0.,1.));
#10084=DIRECTION('refdir',(1.,0.,0.));
#10085=DIRECTION('center_axis',(0.,0.,-1.));
#10086=DIRECTION('ref_axis',(1.,0.,0.));
#10087=DIRECTION('center_axis',(0.,0.,1.));
#10088=DIRECTION('ref_axis',(1.,0.,0.));
#10089=DIRECTION('',(0.,0.,-1.));
#10090=DIRECTION('center_axis',(0.,0.,-1.));
#10091=DIRECTION('ref_axis',(1.,0.,0.));
#10092=DIRECTION('center_axis',(0.,0.,-1.));
#10093=DIRECTION('ref_axis',(1.,0.,0.));
#10094=DIRECTION('center_axis',(0.,0.,1.));
#10095=DIRECTION('ref_axis',(1.,0.,0.));
#10096=DIRECTION('',(0.,0.,-1.));
#10097=DIRECTION('center_axis',(0.,0.,-1.));
#10098=DIRECTION('ref_axis',(1.,0.,0.));
#10099=DIRECTION('center_axis',(0.,0.,-1.));
#10100=DIRECTION('ref_axis',(1.,0.,0.));
#10101=DIRECTION('center_axis',(0.,0.,1.));
#10102=DIRECTION('ref_axis',(1.,0.,0.));
#10103=DIRECTION('',(0.,0.,-1.));
#10104=DIRECTION('center_axis',(0.,0.,-1.));
#10105=DIRECTION('ref_axis',(1.,0.,0.));
#10106=DIRECTION('center_axis',(0.,0.,-1.));
#10107=DIRECTION('ref_axis',(1.,0.,0.));
#10108=DIRECTION('center_axis',(0.,0.,1.));
#10109=DIRECTION('ref_axis',(1.,0.,0.));
#10110=DIRECTION('',(0.,0.,-1.));
#10111=DIRECTION('center_axis',(0.,0.,-1.));
#10112=DIRECTION('ref_axis',(1.,0.,0.));
#10113=DIRECTION('center_axis',(0.,0.,-1.));
#10114=DIRECTION('ref_axis',(0.119627417247009,-0.992818856107603,0.));
#10115=DIRECTION('center_axis',(0.,0.,1.));
#10116=DIRECTION('ref_axis',(0.119627417247009,-0.992818856107603,0.));
#10117=DIRECTION('',(0.,0.,1.));
#10118=DIRECTION('center_axis',(0.,0.,-1.));
#10119=DIRECTION('ref_axis',(0.119627417247009,-0.992818856107603,0.));
#10120=DIRECTION('',(0.,0.,1.));
#10121=DIRECTION('center_axis',(-1.,6.6378043338487E-16,0.));
#10122=DIRECTION('ref_axis',(-6.6378043338487E-16,-1.,0.));
#10123=DIRECTION('',(6.6378043338487E-16,1.,0.));
#10124=DIRECTION('',(0.,0.,1.));
#10125=DIRECTION('',(-6.6378043338487E-16,-1.,0.));
#10126=DIRECTION('center_axis',(-4.56451784914322E-16,-1.,0.));
#10127=DIRECTION('ref_axis',(1.,-4.56451784914322E-16,0.));
#10128=DIRECTION('',(-1.,4.56451784914322E-16,0.));
#10129=DIRECTION('',(0.,0.,1.));
#10130=DIRECTION('',(1.,-4.56451784914322E-16,0.));
#10131=DIRECTION('center_axis',(1.,-6.23672046150031E-14,0.));
#10132=DIRECTION('ref_axis',(6.23672046150031E-14,1.,0.));
#10133=DIRECTION('',(-6.23672046150031E-14,-1.,0.));
#10134=DIRECTION('',(0.,0.,1.));
#10135=DIRECTION('',(6.23672046150031E-14,1.,0.));
#10136=DIRECTION('center_axis',(0.,0.,-1.));
#10137=DIRECTION('ref_axis',(-0.999904592561091,0.0138132463685866,0.));
#10138=DIRECTION('center_axis',(0.,0.,1.));
#10139=DIRECTION('ref_axis',(-0.999904592561091,0.0138132463685866,0.));
#10140=DIRECTION('',(0.,0.,1.));
#10141=DIRECTION('center_axis',(0.,0.,-1.));
#10142=DIRECTION('ref_axis',(-0.999904592561091,0.0138132463685866,0.));
#10143=DIRECTION('center_axis',(-1.24730939774649E-12,1.,0.));
#10144=DIRECTION('ref_axis',(-1.,-1.24730939774649E-12,0.));
#10145=DIRECTION('',(1.,1.24730939774649E-12,0.));
#10146=DIRECTION('',(0.,0.,1.));
#10147=DIRECTION('',(-1.,-1.24730939774649E-12,0.));
#10148=DIRECTION('center_axis',(0.,0.,-1.));
#10149=DIRECTION('ref_axis',(1.,-5.49637463430617E-17,0.));
#10150=DIRECTION('center_axis',(0.,0.,1.));
#10151=DIRECTION('ref_axis',(1.,-5.49637463430617E-17,0.));
#10152=DIRECTION('',(0.,0.,1.));
#10153=DIRECTION('center_axis',(0.,0.,1.));
#10154=DIRECTION('ref_axis',(1.,-5.49637463430617E-17,0.));
#10155=DIRECTION('center_axis',(1.,-1.45700574722497E-13,0.));
#10156=DIRECTION('ref_axis',(1.45700574722497E-13,1.,0.));
#10157=DIRECTION('',(-1.45700574722497E-13,-1.,0.));
#10158=DIRECTION('',(0.,0.,1.));
#10159=DIRECTION('',(1.45700574722497E-13,1.,0.));
#10160=DIRECTION('center_axis',(0.,0.,-1.));
#10161=DIRECTION('ref_axis',(-0.999881746257826,-0.0153783451775431,0.));
#10162=DIRECTION('center_axis',(0.,0.,1.));
#10163=DIRECTION('ref_axis',(-0.999881746257826,-0.0153783451775431,0.));
#10164=DIRECTION('',(0.,0.,1.));
#10165=DIRECTION('center_axis',(0.,0.,-1.));
#10166=DIRECTION('ref_axis',(-0.999881746257826,-0.0153783451775431,0.));
#10167=DIRECTION('center_axis',(-3.28554740725215E-15,1.,0.));
#10168=DIRECTION('ref_axis',(-1.,-3.28554740725215E-15,0.));
#10169=DIRECTION('',(1.,3.28554740725215E-15,0.));
#10170=DIRECTION('',(0.,0.,1.));
#10171=DIRECTION('',(-1.,-3.28554740725215E-15,0.));
#10172=DIRECTION('center_axis',(0.,0.,-1.));
#10173=DIRECTION('ref_axis',(0.296311735501695,-0.955091281189381,0.));
#10174=DIRECTION('center_axis',(0.,0.,1.));
#10175=DIRECTION('ref_axis',(0.296311735501695,-0.955091281189381,0.));
#10176=DIRECTION('',(0.,0.,1.));
#10177=DIRECTION('center_axis',(0.,0.,-1.));
#10178=DIRECTION('ref_axis',(0.296311735501695,-0.955091281189381,0.));
#10179=DIRECTION('center_axis',(-1.,4.19695958088265E-17,0.));
#10180=DIRECTION('ref_axis',(-4.19695958088265E-17,-1.,0.));
#10181=DIRECTION('',(4.19695958088265E-17,1.,0.));
#10182=DIRECTION('',(0.,0.,1.));
#10183=DIRECTION('',(-4.19695958088265E-17,-1.,0.));
#10184=DIRECTION('center_axis',(0.,0.,-1.));
#10185=DIRECTION('ref_axis',(0.,1.,0.));
#10186=DIRECTION('center_axis',(0.,0.,1.));
#10187=DIRECTION('ref_axis',(0.,1.,0.));
#10188=DIRECTION('',(0.,0.,1.));
#10189=DIRECTION('center_axis',(0.,0.,1.));
#10190=DIRECTION('ref_axis',(0.,1.,0.));
#10191=DIRECTION('center_axis',(5.4454691854436E-13,1.,0.));
#10192=DIRECTION('ref_axis',(-1.,5.4454691854436E-13,0.));
#10193=DIRECTION('',(1.,-5.4454691854436E-13,0.));
#10194=DIRECTION('',(-1.,5.4454691854436E-13,0.));
#10195=DIRECTION('center_axis',(0.,0.,1.));
#10196=DIRECTION('ref_axis',(1.,0.,0.));
#10197=DIRECTION('',(0.,1.,0.));
#10198=DIRECTION('',(1.,0.,0.));
#10199=DIRECTION('',(0.707106781186548,0.707106781186548,0.));
#10200=DIRECTION('',(0.,1.,0.));
#10201=DIRECTION('',(-0.707106781186548,0.707106781186548,0.));
#10202=DIRECTION('',(0.707106781186548,0.707106781186548,0.));
#10203=DIRECTION('',(0.,1.,0.));
#10204=DIRECTION('',(-0.707106781186548,0.707106781186548,0.));
#10205=DIRECTION('',(0.707106781186548,0.707106781186548,0.));
#10206=DIRECTION('',(0.,1.,0.));
#10207=DIRECTION('',(-0.707106781186548,0.707106781186548,0.));
#10208=DIRECTION('',(0.707106781186548,0.707106781186548,0.));
#10209=DIRECTION('',(0.,1.,0.));
#10210=DIRECTION('',(-0.707106781186548,0.707106781186548,0.));
#10211=DIRECTION('',(0.707106781186548,0.707106781186548,0.));
#10212=DIRECTION('',(0.,1.,0.));
#10213=DIRECTION('',(-0.707106781186548,0.707106781186548,0.));
#10214=DIRECTION('',(0.707106781186548,0.707106781186548,0.));
#10215=DIRECTION('',(0.,1.,0.));
#10216=DIRECTION('',(-0.707106781186548,0.707106781186548,0.));
#10217=DIRECTION('',(0.707106781186548,0.707106781186548,0.));
#10218=DIRECTION('',(0.,1.,0.));
#10219=DIRECTION('',(-0.707106781186548,0.707106781186548,0.));
#10220=DIRECTION('',(0.707106781186548,0.707106781186548,0.));
#10221=DIRECTION('',(0.,1.,0.));
#10222=DIRECTION('',(-0.707106781186548,0.707106781186548,0.));
#10223=DIRECTION('',(0.707106781186548,0.707106781186548,0.));
#10224=DIRECTION('',(0.,1.,0.));
#10225=DIRECTION('',(-0.707106781186548,0.707106781186548,0.));
#10226=DIRECTION('',(0.707106781186548,0.707106781186548,0.));
#10227=DIRECTION('',(0.,1.,0.));
#10228=DIRECTION('',(-0.707106781186548,0.707106781186548,0.));
#10229=DIRECTION('',(0.707106781186548,0.707106781186548,0.));
#10230=DIRECTION('',(0.,1.,0.));
#10231=DIRECTION('',(-0.707106781186548,0.707106781186548,0.));
#10232=DIRECTION('',(0.707106781186548,0.707106781186548,0.));
#10233=DIRECTION('',(0.,1.,0.));
#10234=DIRECTION('',(-0.707106781186548,0.707106781186548,0.));
#10235=DIRECTION('',(0.707106781186548,0.707106781186548,0.));
#10236=DIRECTION('',(0.,1.,0.));
#10237=DIRECTION('',(-0.707106781186548,0.707106781186548,0.));
#10238=DIRECTION('',(0.707106781186548,0.707106781186548,0.));
#10239=DIRECTION('',(0.,1.,0.));
#10240=DIRECTION('',(-0.707106781186548,0.707106781186548,0.));
#10241=DIRECTION('',(0.707106781186548,0.707106781186548,0.));
#10242=DIRECTION('',(0.,1.,0.));
#10243=DIRECTION('',(-0.707106781186548,0.707106781186548,0.));
#10244=DIRECTION('',(0.707106781186548,0.707106781186548,0.));
#10245=DIRECTION('',(0.,1.,0.));
#10246=DIRECTION('',(-0.707106781186548,0.707106781186548,0.));
#10247=DIRECTION('',(0.707106781186548,0.707106781186548,0.));
#10248=DIRECTION('',(0.,1.,0.));
#10249=DIRECTION('',(-0.707106781186548,0.707106781186548,0.));
#10250=DIRECTION('',(0.707106781186548,0.707106781186548,0.));
#10251=DIRECTION('',(0.,1.,0.));
#10252=DIRECTION('',(-0.707106781186548,0.707106781186548,0.));
#10253=DIRECTION('',(0.707106781186548,0.707106781186548,0.));
#10254=DIRECTION('',(0.,1.,0.));
#10255=DIRECTION('',(-0.707106781186548,0.707106781186548,0.));
#10256=DIRECTION('',(0.707106781186548,0.707106781186548,0.));
#10257=DIRECTION('',(0.,1.,0.));
#10258=DIRECTION('',(-0.707106781186548,0.707106781186548,0.));
#10259=DIRECTION('',(-1.,7.770589848645E-16,0.));
#10260=DIRECTION('',(1.,0.,0.));
#10261=DIRECTION('',(0.,1.,0.));
#10262=DIRECTION('',(-1.,7.770589848645E-16,0.));
#10263=DIRECTION('',(-0.707106781186548,-0.707106781186548,0.));
#10264=DIRECTION('',(0.,-1.,0.));
#10265=DIRECTION('',(0.707106781186548,-0.707106781186548,0.));
#10266=DIRECTION('',(-0.707106781186548,-0.707106781186548,0.));
#10267=DIRECTION('',(0.,-1.,0.));
#10268=DIRECTION('',(0.707106781186548,-0.707106781186548,0.));
#10269=DIRECTION('',(-0.707106781186548,-0.707106781186548,0.));
#10270=DIRECTION('',(0.,-1.,0.));
#10271=DIRECTION('',(0.707106781186548,-0.707106781186548,0.));
#10272=DIRECTION('',(-0.707106781186548,-0.707106781186548,0.));
#10273=DIRECTION('',(0.,-1.,0.));
#10274=DIRECTION('',(0.707106781186548,-0.707106781186548,0.));
#10275=DIRECTION('',(-0.707106781186548,-0.707106781186548,0.));
#10276=DIRECTION('',(0.,-1.,0.));
#10277=DIRECTION('',(0.707106781186548,-0.707106781186548,0.));
#10278=DIRECTION('',(-0.707106781186548,-0.707106781186548,0.));
#10279=DIRECTION('',(0.,-1.,0.));
#10280=DIRECTION('',(0.707106781186548,-0.707106781186548,0.));
#10281=DIRECTION('',(-0.707106781186548,-0.707106781186548,0.));
#10282=DIRECTION('',(0.,-1.,0.));
#10283=DIRECTION('',(0.707106781186548,-0.707106781186548,0.));
#10284=DIRECTION('',(-0.707106781186548,-0.707106781186548,0.));
#10285=DIRECTION('',(0.,-1.,0.));
#10286=DIRECTION('',(0.707106781186548,-0.707106781186548,0.));
#10287=DIRECTION('',(-0.707106781186548,-0.707106781186548,0.));
#10288=DIRECTION('',(0.,-1.,0.));
#10289=DIRECTION('',(0.707106781186548,-0.707106781186548,0.));
#10290=DIRECTION('',(-0.707106781186548,-0.707106781186548,0.));
#10291=DIRECTION('',(0.,-1.,0.));
#10292=DIRECTION('',(0.707106781186548,-0.707106781186548,0.));
#10293=DIRECTION('',(-0.707106781186548,-0.707106781186548,0.));
#10294=DIRECTION('',(0.,-1.,0.));
#10295=DIRECTION('',(0.707106781186548,-0.707106781186548,0.));
#10296=DIRECTION('',(-0.707106781186548,-0.707106781186548,0.));
#10297=DIRECTION('',(0.,-1.,0.));
#10298=DIRECTION('',(0.707106781186548,-0.707106781186548,0.));
#10299=DIRECTION('',(-0.707106781186548,-0.707106781186548,0.));
#10300=DIRECTION('',(0.,-1.,0.));
#10301=DIRECTION('',(0.707106781186548,-0.707106781186548,0.));
#10302=DIRECTION('',(-0.707106781186548,-0.707106781186548,0.));
#10303=DIRECTION('',(0.,-1.,0.));
#10304=DIRECTION('',(0.707106781186548,-0.707106781186548,0.));
#10305=DIRECTION('',(-0.707106781186548,-0.707106781186548,0.));
#10306=DIRECTION('',(0.,-1.,0.));
#10307=DIRECTION('',(0.707106781186548,-0.707106781186548,0.));
#10308=DIRECTION('',(-0.707106781186548,-0.707106781186548,0.));
#10309=DIRECTION('',(0.,-1.,0.));
#10310=DIRECTION('',(0.707106781186548,-0.707106781186548,0.));
#10311=DIRECTION('',(-0.707106781186548,-0.707106781186548,0.));
#10312=DIRECTION('',(0.,-1.,0.));
#10313=DIRECTION('',(0.707106781186548,-0.707106781186548,0.));
#10314=DIRECTION('',(-0.707106781186548,-0.707106781186548,0.));
#10315=DIRECTION('',(0.,-1.,0.));
#10316=DIRECTION('',(0.707106781186548,-0.707106781186548,0.));
#10317=DIRECTION('',(-0.707106781186548,-0.707106781186548,0.));
#10318=DIRECTION('',(0.,-1.,0.));
#10319=DIRECTION('',(0.707106781186548,-0.707106781186548,0.));
#10320=DIRECTION('',(-0.707106781186548,-0.707106781186548,0.));
#10321=DIRECTION('',(0.,-1.,0.));
#10322=DIRECTION('',(0.707106781186548,-0.707106781186548,0.));
#10323=DIRECTION('center_axis',(0.,0.,1.));
#10324=DIRECTION('ref_axis',(1.,0.,0.));
#10325=DIRECTION('center_axis',(-1.,0.,0.));
#10326=DIRECTION('ref_axis',(0.,0.,1.));
#10327=DIRECTION('',(0.,0.,-1.));
#10328=DIRECTION('',(0.,-1.,0.));
#10329=DIRECTION('',(0.,0.,1.));
#10330=DIRECTION('center_axis',(0.,-1.,0.));
#10331=DIRECTION('ref_axis',(1.,0.,0.));
#10332=DIRECTION('',(1.,0.,0.));
#10333=DIRECTION('',(0.,0.,-1.));
#10334=DIRECTION('center_axis',(7.770589848645E-16,1.,0.));
#10335=DIRECTION('ref_axis',(-1.,7.770589848645E-16,0.));
#10336=DIRECTION('',(0.,0.,-1.));
#10337=DIRECTION('',(-1.,7.770589848645E-16,0.));
#10338=DIRECTION('center_axis',(0.,0.,1.));
#10339=DIRECTION('ref_axis',(1.,0.,0.));
#10340=DIRECTION('',(-0.707106781186548,0.707106781186548,0.));
#10341=DIRECTION('',(0.,1.,0.));
#10342=DIRECTION('',(0.707106781186548,0.707106781186548,0.));
#10343=DIRECTION('',(-0.707106781186548,0.707106781186548,0.));
#10344=DIRECTION('',(0.,1.,0.));
#10345=DIRECTION('',(0.707106781186548,0.707106781186548,0.));
#10346=DIRECTION('',(-0.707106781186548,0.707106781186548,0.));
#10347=DIRECTION('',(0.,1.,0.));
#10348=DIRECTION('',(0.707106781186548,0.707106781186548,0.));
#10349=DIRECTION('',(-0.707106781186548,0.707106781186548,0.));
#10350=DIRECTION('',(0.,1.,0.));
#10351=DIRECTION('',(0.707106781186548,0.707106781186548,0.));
#10352=DIRECTION('',(-0.707106781186548,0.707106781186548,0.));
#10353=DIRECTION('',(0.,1.,0.));
#10354=DIRECTION('',(0.707106781186548,0.707106781186548,0.));
#10355=DIRECTION('',(-0.707106781186548,0.707106781186548,0.));
#10356=DIRECTION('',(0.,1.,0.));
#10357=DIRECTION('',(0.707106781186548,0.707106781186548,0.));
#10358=DIRECTION('',(-0.707106781186548,0.707106781186548,0.));
#10359=DIRECTION('',(0.,1.,0.));
#10360=DIRECTION('',(0.707106781186548,0.707106781186548,0.));
#10361=DIRECTION('',(-0.707106781186548,0.707106781186548,0.));
#10362=DIRECTION('',(0.,1.,0.));
#10363=DIRECTION('',(0.707106781186548,0.707106781186548,0.));
#10364=DIRECTION('',(-0.707106781186548,0.707106781186548,0.));
#10365=DIRECTION('',(0.,1.,0.));
#10366=DIRECTION('',(0.707106781186548,0.707106781186548,0.));
#10367=DIRECTION('',(-0.707106781186548,0.707106781186548,0.));
#10368=DIRECTION('',(0.,1.,0.));
#10369=DIRECTION('',(0.707106781186548,0.707106781186548,0.));
#10370=DIRECTION('',(-0.707106781186548,0.707106781186548,0.));
#10371=DIRECTION('',(0.,1.,0.));
#10372=DIRECTION('',(0.707106781186548,0.707106781186548,0.));
#10373=DIRECTION('',(-0.707106781186548,0.707106781186548,0.));
#10374=DIRECTION('',(0.,1.,0.));
#10375=DIRECTION('',(0.707106781186548,0.707106781186548,0.));
#10376=DIRECTION('',(-0.707106781186548,0.707106781186548,0.));
#10377=DIRECTION('',(0.,1.,0.));
#10378=DIRECTION('',(0.707106781186548,0.707106781186548,0.));
#10379=DIRECTION('',(-0.707106781186548,0.707106781186548,0.));
#10380=DIRECTION('',(0.,1.,0.));
#10381=DIRECTION('',(0.707106781186548,0.707106781186548,0.));
#10382=DIRECTION('',(-0.707106781186548,0.707106781186548,0.));
#10383=DIRECTION('',(0.,1.,0.));
#10384=DIRECTION('',(0.707106781186548,0.707106781186548,0.));
#10385=DIRECTION('',(-0.707106781186548,0.707106781186548,0.));
#10386=DIRECTION('',(0.,1.,0.));
#10387=DIRECTION('',(0.707106781186548,0.707106781186548,0.));
#10388=DIRECTION('',(-0.707106781186548,0.707106781186548,0.));
#10389=DIRECTION('',(0.,1.,0.));
#10390=DIRECTION('',(0.707106781186548,0.707106781186548,0.));
#10391=DIRECTION('',(-0.707106781186548,0.707106781186548,0.));
#10392=DIRECTION('',(0.,1.,0.));
#10393=DIRECTION('',(0.707106781186548,0.707106781186548,0.));
#10394=DIRECTION('',(-0.707106781186548,0.707106781186548,0.));
#10395=DIRECTION('',(0.,1.,0.));
#10396=DIRECTION('',(0.707106781186548,0.707106781186548,0.));
#10397=DIRECTION('',(-0.707106781186548,0.707106781186548,0.));
#10398=DIRECTION('',(0.,1.,0.));
#10399=DIRECTION('',(0.707106781186548,0.707106781186548,0.));
#10400=DIRECTION('',(0.,1.,0.));
#10401=DIRECTION('',(-1.,0.,0.));
#10402=DIRECTION('',(0.,1.,0.));
#10403=DIRECTION('',(-1.,0.,0.));
#10404=DIRECTION('',(0.,1.,0.));
#10405=DIRECTION('',(-1.,0.,0.));
#10406=DIRECTION('',(0.,1.,0.));
#10407=DIRECTION('',(-1.,0.,0.));
#10408=DIRECTION('',(-1.,0.,0.));
#10409=DIRECTION('',(0.,1.,0.));
#10410=DIRECTION('',(-1.,0.,0.));
#10411=DIRECTION('',(0.,1.,0.));
#10412=DIRECTION('',(0.,1.,0.));
#10413=DIRECTION('',(-1.,0.,0.));
#10414=DIRECTION('',(0.,1.,0.));
#10415=DIRECTION('',(-1.,0.,0.));
#10416=DIRECTION('',(-1.,0.,0.));
#10417=DIRECTION('',(0.,1.,0.));
#10418=DIRECTION('',(-1.,0.,0.));
#10419=DIRECTION('',(0.,1.,0.));
#10420=DIRECTION('',(-1.,0.,0.));
#10421=DIRECTION('',(0.,1.,0.));
#10422=DIRECTION('',(-1.,0.,0.));
#10423=DIRECTION('',(0.,1.,0.));
#10424=DIRECTION('',(0.,1.,0.));
#10425=DIRECTION('',(-1.,0.,0.));
#10426=DIRECTION('',(0.,1.,0.));
#10427=DIRECTION('',(-1.,0.,0.));
#10428=DIRECTION('',(0.,1.,0.));
#10429=DIRECTION('',(-1.,0.,0.));
#10430=DIRECTION('',(0.,1.,0.));
#10431=DIRECTION('',(-1.,0.,0.));
#10432=DIRECTION('',(0.,1.,0.));
#10433=DIRECTION('',(-1.,0.,0.));
#10434=DIRECTION('',(0.,1.,0.));
#10435=DIRECTION('',(-1.,0.,0.));
#10436=DIRECTION('',(-1.,0.,0.));
#10437=DIRECTION('',(0.,1.,0.));
#10438=DIRECTION('',(-1.,0.,0.));
#10439=DIRECTION('',(0.,1.,0.));
#10440=DIRECTION('',(0.,1.,0.));
#10441=DIRECTION('',(-1.,0.,0.));
#10442=DIRECTION('',(0.,1.,0.));
#10443=DIRECTION('',(-1.,0.,0.));
#10444=DIRECTION('',(-1.,0.,0.));
#10445=DIRECTION('',(0.,1.,0.));
#10446=DIRECTION('',(-1.,0.,0.));
#10447=DIRECTION('',(0.,1.,0.));
#10448=DIRECTION('',(0.,1.,0.));
#10449=DIRECTION('',(-1.,0.,0.));
#10450=DIRECTION('',(0.,1.,0.));
#10451=DIRECTION('',(-1.,0.,0.));
#10452=DIRECTION('',(-1.,0.,0.));
#10453=DIRECTION('',(0.,1.,0.));
#10454=DIRECTION('',(-1.,0.,0.));
#10455=DIRECTION('',(0.,1.,0.));
#10456=DIRECTION('',(0.,1.,0.));
#10457=DIRECTION('',(-1.,0.,0.));
#10458=DIRECTION('',(0.,1.,0.));
#10459=DIRECTION('',(-1.,0.,0.));
#10460=DIRECTION('',(-1.,0.,0.));
#10461=DIRECTION('',(0.,1.,0.));
#10462=DIRECTION('',(-1.,0.,0.));
#10463=DIRECTION('',(0.,1.,0.));
#10464=DIRECTION('',(0.,1.,0.));
#10465=DIRECTION('',(-1.,0.,0.));
#10466=DIRECTION('',(0.,1.,0.));
#10467=DIRECTION('',(-1.,0.,0.));
#10468=DIRECTION('',(0.,1.,0.));
#10469=DIRECTION('',(-1.,0.,0.));
#10470=DIRECTION('',(0.,1.,0.));
#10471=DIRECTION('',(-1.,0.,0.));
#10472=DIRECTION('',(-1.,0.,0.));
#10473=DIRECTION('',(0.,1.,0.));
#10474=DIRECTION('',(-1.,0.,0.));
#10475=DIRECTION('',(0.,1.,0.));
#10476=DIRECTION('',(0.,1.,0.));
#10477=DIRECTION('',(-1.,0.,0.));
#10478=DIRECTION('',(0.,1.,0.));
#10479=DIRECTION('',(-1.,0.,0.));
#10480=DIRECTION('center_axis',(0.707106781186548,0.707106781186548,0.));
#10481=DIRECTION('ref_axis',(-0.707106781186548,0.707106781186548,0.));
#10482=DIRECTION('',(0.,0.,-1.));
#10483=DIRECTION('center_axis',(1.,0.,0.));
#10484=DIRECTION('ref_axis',(0.,1.,0.));
#10485=DIRECTION('',(0.,0.,-1.));
#10486=DIRECTION('center_axis',(0.707106781186548,-0.707106781186548,0.));
#10487=DIRECTION('ref_axis',(0.707106781186548,0.707106781186548,0.));
#10488=DIRECTION('',(0.,0.,-1.));
#10489=DIRECTION('center_axis',(0.707106781186548,0.707106781186548,0.));
#10490=DIRECTION('ref_axis',(-0.707106781186548,0.707106781186548,0.));
#10491=DIRECTION('',(0.,0.,-1.));
#10492=DIRECTION('center_axis',(1.,0.,0.));
#10493=DIRECTION('ref_axis',(0.,1.,0.));
#10494=DIRECTION('',(0.,0.,-1.));
#10495=DIRECTION('center_axis',(0.707106781186548,-0.707106781186548,0.));
#10496=DIRECTION('ref_axis',(0.707106781186548,0.707106781186548,0.));
#10497=DIRECTION('',(0.,0.,-1.));
#10498=DIRECTION('center_axis',(0.707106781186548,0.707106781186548,0.));
#10499=DIRECTION('ref_axis',(-0.707106781186548,0.707106781186548,0.));
#10500=DIRECTION('',(0.,0.,-1.));
#10501=DIRECTION('center_axis',(1.,0.,0.));
#10502=DIRECTION('ref_axis',(0.,1.,0.));
#10503=DIRECTION('',(0.,0.,-1.));
#10504=DIRECTION('center_axis',(0.707106781186548,-0.707106781186548,0.));
#10505=DIRECTION('ref_axis',(0.707106781186548,0.707106781186548,0.));
#10506=DIRECTION('',(0.,0.,-1.));
#10507=DIRECTION('center_axis',(0.707106781186548,0.707106781186548,0.));
#10508=DIRECTION('ref_axis',(-0.707106781186548,0.707106781186548,0.));
#10509=DIRECTION('',(0.,0.,-1.));
#10510=DIRECTION('center_axis',(1.,0.,0.));
#10511=DIRECTION('ref_axis',(0.,1.,0.));
#10512=DIRECTION('',(0.,0.,-1.));
#10513=DIRECTION('center_axis',(0.707106781186548,-0.707106781186548,0.));
#10514=DIRECTION('ref_axis',(0.707106781186548,0.707106781186548,0.));
#10515=DIRECTION('',(0.,0.,-1.));
#10516=DIRECTION('center_axis',(0.707106781186548,0.707106781186548,0.));
#10517=DIRECTION('ref_axis',(-0.707106781186548,0.707106781186548,0.));
#10518=DIRECTION('',(0.,0.,-1.));
#10519=DIRECTION('center_axis',(1.,0.,0.));
#10520=DIRECTION('ref_axis',(0.,1.,0.));
#10521=DIRECTION('',(0.,0.,-1.));
#10522=DIRECTION('center_axis',(0.707106781186548,-0.707106781186548,0.));
#10523=DIRECTION('ref_axis',(0.707106781186548,0.707106781186548,0.));
#10524=DIRECTION('',(0.,0.,-1.));
#10525=DIRECTION('center_axis',(0.707106781186548,0.707106781186548,0.));
#10526=DIRECTION('ref_axis',(-0.707106781186548,0.707106781186548,0.));
#10527=DIRECTION('',(0.,0.,-1.));
#10528=DIRECTION('center_axis',(1.,0.,0.));
#10529=DIRECTION('ref_axis',(0.,1.,0.));
#10530=DIRECTION('',(0.,0.,-1.));
#10531=DIRECTION('center_axis',(0.707106781186548,-0.707106781186548,0.));
#10532=DIRECTION('ref_axis',(0.707106781186548,0.707106781186548,0.));
#10533=DIRECTION('',(0.,0.,-1.));
#10534=DIRECTION('center_axis',(0.707106781186548,0.707106781186548,0.));
#10535=DIRECTION('ref_axis',(-0.707106781186548,0.707106781186548,0.));
#10536=DIRECTION('',(0.,0.,-1.));
#10537=DIRECTION('center_axis',(1.,0.,0.));
#10538=DIRECTION('ref_axis',(0.,1.,0.));
#10539=DIRECTION('',(0.,0.,-1.));
#10540=DIRECTION('center_axis',(0.707106781186548,-0.707106781186548,0.));
#10541=DIRECTION('ref_axis',(0.707106781186548,0.707106781186548,0.));
#10542=DIRECTION('',(0.,0.,-1.));
#10543=DIRECTION('center_axis',(0.707106781186548,0.707106781186548,0.));
#10544=DIRECTION('ref_axis',(-0.707106781186548,0.707106781186548,0.));
#10545=DIRECTION('',(0.,0.,-1.));
#10546=DIRECTION('center_axis',(1.,0.,0.));
#10547=DIRECTION('ref_axis',(0.,1.,0.));
#10548=DIRECTION('',(0.,0.,-1.));
#10549=DIRECTION('center_axis',(0.707106781186548,-0.707106781186548,0.));
#10550=DIRECTION('ref_axis',(0.707106781186548,0.707106781186548,0.));
#10551=DIRECTION('',(0.,0.,-1.));
#10552=DIRECTION('center_axis',(0.707106781186548,0.707106781186548,0.));
#10553=DIRECTION('ref_axis',(-0.707106781186548,0.707106781186548,0.));
#10554=DIRECTION('',(0.,0.,-1.));
#10555=DIRECTION('center_axis',(1.,0.,0.));
#10556=DIRECTION('ref_axis',(0.,1.,0.));
#10557=DIRECTION('',(0.,0.,-1.));
#10558=DIRECTION('center_axis',(0.707106781186548,-0.707106781186548,0.));
#10559=DIRECTION('ref_axis',(0.707106781186548,0.707106781186548,0.));
#10560=DIRECTION('',(0.,0.,-1.));
#10561=DIRECTION('center_axis',(0.707106781186548,0.707106781186548,0.));
#10562=DIRECTION('ref_axis',(-0.707106781186548,0.707106781186548,0.));
#10563=DIRECTION('',(0.,0.,-1.));
#10564=DIRECTION('center_axis',(1.,0.,0.));
#10565=DIRECTION('ref_axis',(0.,1.,0.));
#10566=DIRECTION('',(0.,0.,-1.));
#10567=DIRECTION('center_axis',(0.707106781186548,-0.707106781186548,0.));
#10568=DIRECTION('ref_axis',(0.707106781186548,0.707106781186548,0.));
#10569=DIRECTION('',(0.,0.,-1.));
#10570=DIRECTION('center_axis',(0.707106781186548,0.707106781186548,0.));
#10571=DIRECTION('ref_axis',(-0.707106781186548,0.707106781186548,0.));
#10572=DIRECTION('',(0.,0.,-1.));
#10573=DIRECTION('center_axis',(1.,0.,0.));
#10574=DIRECTION('ref_axis',(0.,1.,0.));
#10575=DIRECTION('',(0.,0.,-1.));
#10576=DIRECTION('center_axis',(0.707106781186548,-0.707106781186548,0.));
#10577=DIRECTION('ref_axis',(0.707106781186548,0.707106781186548,0.));
#10578=DIRECTION('',(0.,0.,-1.));
#10579=DIRECTION('center_axis',(0.707106781186548,0.707106781186548,0.));
#10580=DIRECTION('ref_axis',(-0.707106781186548,0.707106781186548,0.));
#10581=DIRECTION('',(0.,0.,-1.));
#10582=DIRECTION('center_axis',(1.,0.,0.));
#10583=DIRECTION('ref_axis',(0.,1.,0.));
#10584=DIRECTION('',(0.,0.,-1.));
#10585=DIRECTION('center_axis',(0.707106781186548,-0.707106781186548,0.));
#10586=DIRECTION('ref_axis',(0.707106781186548,0.707106781186548,0.));
#10587=DIRECTION('',(0.,0.,-1.));
#10588=DIRECTION('center_axis',(0.707106781186548,0.707106781186548,0.));
#10589=DIRECTION('ref_axis',(-0.707106781186548,0.707106781186548,0.));
#10590=DIRECTION('',(0.,0.,-1.));
#10591=DIRECTION('center_axis',(1.,0.,0.));
#10592=DIRECTION('ref_axis',(0.,1.,0.));
#10593=DIRECTION('',(0.,0.,-1.));
#10594=DIRECTION('center_axis',(0.707106781186548,-0.707106781186548,0.));
#10595=DIRECTION('ref_axis',(0.707106781186548,0.707106781186548,0.));
#10596=DIRECTION('',(0.,0.,-1.));
#10597=DIRECTION('center_axis',(0.707106781186548,0.707106781186548,0.));
#10598=DIRECTION('ref_axis',(-0.707106781186548,0.707106781186548,0.));
#10599=DIRECTION('',(0.,0.,-1.));
#10600=DIRECTION('center_axis',(1.,0.,0.));
#10601=DIRECTION('ref_axis',(0.,1.,0.));
#10602=DIRECTION('',(0.,0.,-1.));
#10603=DIRECTION('center_axis',(0.707106781186548,-0.707106781186548,0.));
#10604=DIRECTION('ref_axis',(0.707106781186548,0.707106781186548,0.));
#10605=DIRECTION('',(0.,0.,-1.));
#10606=DIRECTION('center_axis',(0.707106781186548,0.707106781186548,0.));
#10607=DIRECTION('ref_axis',(-0.707106781186548,0.707106781186548,0.));
#10608=DIRECTION('',(0.,0.,-1.));
#10609=DIRECTION('center_axis',(1.,0.,0.));
#10610=DIRECTION('ref_axis',(0.,1.,0.));
#10611=DIRECTION('',(0.,0.,-1.));
#10612=DIRECTION('center_axis',(0.707106781186548,-0.707106781186548,0.));
#10613=DIRECTION('ref_axis',(0.707106781186548,0.707106781186548,0.));
#10614=DIRECTION('',(0.,0.,-1.));
#10615=DIRECTION('center_axis',(0.707106781186548,0.707106781186548,0.));
#10616=DIRECTION('ref_axis',(-0.707106781186548,0.707106781186548,0.));
#10617=DIRECTION('',(0.,0.,-1.));
#10618=DIRECTION('center_axis',(1.,0.,0.));
#10619=DIRECTION('ref_axis',(0.,1.,0.));
#10620=DIRECTION('',(0.,0.,-1.));
#10621=DIRECTION('center_axis',(0.707106781186548,-0.707106781186548,0.));
#10622=DIRECTION('ref_axis',(0.707106781186548,0.707106781186548,0.));
#10623=DIRECTION('',(0.,0.,-1.));
#10624=DIRECTION('center_axis',(0.707106781186548,0.707106781186548,0.));
#10625=DIRECTION('ref_axis',(-0.707106781186548,0.707106781186548,0.));
#10626=DIRECTION('',(0.,0.,-1.));
#10627=DIRECTION('center_axis',(1.,0.,0.));
#10628=DIRECTION('ref_axis',(0.,1.,0.));
#10629=DIRECTION('',(0.,0.,-1.));
#10630=DIRECTION('center_axis',(0.707106781186548,-0.707106781186548,0.));
#10631=DIRECTION('ref_axis',(0.707106781186548,0.707106781186548,0.));
#10632=DIRECTION('',(0.,0.,-1.));
#10633=DIRECTION('center_axis',(0.707106781186548,0.707106781186548,0.));
#10634=DIRECTION('ref_axis',(-0.707106781186548,0.707106781186548,0.));
#10635=DIRECTION('',(0.,0.,-1.));
#10636=DIRECTION('center_axis',(1.,0.,0.));
#10637=DIRECTION('ref_axis',(0.,1.,0.));
#10638=DIRECTION('',(0.,0.,-1.));
#10639=DIRECTION('center_axis',(0.707106781186548,-0.707106781186548,0.));
#10640=DIRECTION('ref_axis',(0.707106781186548,0.707106781186548,0.));
#10641=DIRECTION('',(0.,0.,-1.));
#10642=DIRECTION('center_axis',(0.707106781186548,0.707106781186548,0.));
#10643=DIRECTION('ref_axis',(-0.707106781186548,0.707106781186548,0.));
#10644=DIRECTION('',(0.,0.,-1.));
#10645=DIRECTION('center_axis',(1.,0.,0.));
#10646=DIRECTION('ref_axis',(0.,1.,0.));
#10647=DIRECTION('',(0.,0.,-1.));
#10648=DIRECTION('center_axis',(0.707106781186548,-0.707106781186548,0.));
#10649=DIRECTION('ref_axis',(0.707106781186548,0.707106781186548,0.));
#10650=DIRECTION('',(0.,0.,-1.));
#10651=DIRECTION('center_axis',(0.707106781186548,0.707106781186548,0.));
#10652=DIRECTION('ref_axis',(-0.707106781186548,0.707106781186548,0.));
#10653=DIRECTION('',(0.,0.,-1.));
#10654=DIRECTION('center_axis',(1.,0.,0.));
#10655=DIRECTION('ref_axis',(0.,1.,0.));
#10656=DIRECTION('',(0.,0.,-1.));
#10657=DIRECTION('center_axis',(0.707106781186548,-0.707106781186548,0.));
#10658=DIRECTION('ref_axis',(0.707106781186548,0.707106781186548,0.));
#10659=DIRECTION('center_axis',(-1.,0.,0.));
#10660=DIRECTION('ref_axis',(0.,0.,-1.));
#10661=DIRECTION('',(0.,0.,-1.));
#10662=DIRECTION('',(0.,1.,0.));
#10663=DIRECTION('',(0.,0.,-1.));
#10664=DIRECTION('center_axis',(0.,-1.,0.));
#10665=DIRECTION('ref_axis',(0.,0.,-1.));
#10666=DIRECTION('',(1.,0.,0.));
#10667=DIRECTION('',(0.,0.,-1.));
#10668=DIRECTION('center_axis',(-1.,0.,0.));
#10669=DIRECTION('ref_axis',(0.,0.,-1.));
#10670=DIRECTION('',(0.,0.,-1.));
#10671=DIRECTION('',(0.,1.,0.));
#10672=DIRECTION('center_axis',(0.,-1.,0.));
#10673=DIRECTION('ref_axis',(0.,0.,-1.));
#10674=DIRECTION('',(1.,0.,0.));
#10675=DIRECTION('center_axis',(-1.,0.,0.));
#10676=DIRECTION('ref_axis',(0.,0.,-1.));
#10677=DIRECTION('',(0.,0.,-1.));
#10678=DIRECTION('',(0.,1.,0.));
#10679=DIRECTION('',(0.,0.,-1.));
#10680=DIRECTION('center_axis',(0.,-1.,0.));
#10681=DIRECTION('ref_axis',(0.,0.,-1.));
#10682=DIRECTION('',(1.,0.,0.));
#10683=DIRECTION('',(0.,0.,-1.));
#10684=DIRECTION('center_axis',(-1.,0.,0.));
#10685=DIRECTION('ref_axis',(0.,0.,-1.));
#10686=DIRECTION('',(0.,0.,-1.));
#10687=DIRECTION('',(0.,1.,0.));
#10688=DIRECTION('center_axis',(0.,-1.,0.));
#10689=DIRECTION('ref_axis',(0.,0.,-1.));
#10690=DIRECTION('',(1.,0.,0.));
#10691=DIRECTION('center_axis',(0.,-1.,0.));
#10692=DIRECTION('ref_axis',(0.,0.,-1.));
#10693=DIRECTION('',(0.,0.,-1.));
#10694=DIRECTION('',(1.,0.,0.));
#10695=DIRECTION('',(0.,0.,-1.));
#10696=DIRECTION('center_axis',(-1.,0.,0.));
#10697=DIRECTION('ref_axis',(0.,0.,-1.));
#10698=DIRECTION('',(0.,0.,-1.));
#10699=DIRECTION('',(0.,1.,0.));
#10700=DIRECTION('center_axis',(0.,-1.,0.));
#10701=DIRECTION('ref_axis',(0.,0.,-1.));
#10702=DIRECTION('',(0.,0.,-1.));
#10703=DIRECTION('',(1.,0.,0.));
#10704=DIRECTION('center_axis',(-1.,0.,0.));
#10705=DIRECTION('ref_axis',(0.,0.,-1.));
#10706=DIRECTION('',(0.,1.,0.));
#10707=DIRECTION('center_axis',(-1.,0.,0.));
#10708=DIRECTION('ref_axis',(0.,0.,-1.));
#10709=DIRECTION('',(0.,0.,-1.));
#10710=DIRECTION('',(0.,1.,0.));
#10711=DIRECTION('',(0.,0.,-1.));
#10712=DIRECTION('center_axis',(0.,-1.,0.));
#10713=DIRECTION('ref_axis',(0.,0.,-1.));
#10714=DIRECTION('',(1.,0.,0.));
#10715=DIRECTION('',(0.,0.,-1.));
#10716=DIRECTION('center_axis',(-1.,0.,0.));
#10717=DIRECTION('ref_axis',(0.,0.,-1.));
#10718=DIRECTION('',(0.,0.,-1.));
#10719=DIRECTION('',(0.,1.,0.));
#10720=DIRECTION('center_axis',(0.,-1.,0.));
#10721=DIRECTION('ref_axis',(0.,0.,-1.));
#10722=DIRECTION('',(1.,0.,0.));
#10723=DIRECTION('center_axis',(0.,-1.,0.));
#10724=DIRECTION('ref_axis',(0.,0.,-1.));
#10725=DIRECTION('',(0.,0.,-1.));
#10726=DIRECTION('',(0.,0.,-1.));
#10727=DIRECTION('',(1.,0.,0.));
#10728=DIRECTION('center_axis',(-1.,0.,0.));
#10729=DIRECTION('ref_axis',(0.,0.,-1.));
#10730=DIRECTION('',(0.,1.,0.));
#10731=DIRECTION('',(0.,0.,-1.));
#10732=DIRECTION('center_axis',(0.,-1.,0.));
#10733=DIRECTION('ref_axis',(0.,0.,-1.));
#10734=DIRECTION('',(1.,0.,0.));
#10735=DIRECTION('',(0.,0.,-1.));
#10736=DIRECTION('center_axis',(-1.,0.,0.));
#10737=DIRECTION('ref_axis',(0.,0.,-1.));
#10738=DIRECTION('',(0.,1.,0.));
#10739=DIRECTION('center_axis',(0.,-1.,0.));
#10740=DIRECTION('ref_axis',(0.,0.,-1.));
#10741=DIRECTION('',(0.,0.,-1.));
#10742=DIRECTION('',(1.,0.,0.));
#10743=DIRECTION('',(0.,0.,-1.));
#10744=DIRECTION('center_axis',(-1.,0.,0.));
#10745=DIRECTION('ref_axis',(0.,0.,-1.));
#10746=DIRECTION('',(0.,0.,-1.));
#10747=DIRECTION('',(0.,1.,0.));
#10748=DIRECTION('center_axis',(0.,-1.,0.));
#10749=DIRECTION('ref_axis',(0.,0.,-1.));
#10750=DIRECTION('',(0.,0.,-1.));
#10751=DIRECTION('',(1.,0.,0.));
#10752=DIRECTION('center_axis',(-1.,0.,0.));
#10753=DIRECTION('ref_axis',(0.,0.,-1.));
#10754=DIRECTION('',(0.,1.,0.));
#10755=DIRECTION('center_axis',(-1.,0.,0.));
#10756=DIRECTION('ref_axis',(0.,0.,-1.));
#10757=DIRECTION('',(0.,0.,-1.));
#10758=DIRECTION('',(0.,1.,0.));
#10759=DIRECTION('',(0.,0.,-1.));
#10760=DIRECTION('center_axis',(0.,-1.,0.));
#10761=DIRECTION('ref_axis',(0.,0.,-1.));
#10762=DIRECTION('',(1.,0.,0.));
#10763=DIRECTION('',(0.,0.,-1.));
#10764=DIRECTION('center_axis',(-1.,0.,0.));
#10765=DIRECTION('ref_axis',(0.,0.,-1.));
#10766=DIRECTION('',(0.,0.,-1.));
#10767=DIRECTION('',(0.,1.,0.));
#10768=DIRECTION('center_axis',(0.,-1.,0.));
#10769=DIRECTION('ref_axis',(0.,0.,-1.));
#10770=DIRECTION('',(1.,0.,0.));
#10771=DIRECTION('center_axis',(-1.,0.,0.));
#10772=DIRECTION('ref_axis',(0.,0.,-1.));
#10773=DIRECTION('',(0.,0.,-1.));
#10774=DIRECTION('',(0.,1.,0.));
#10775=DIRECTION('',(0.,0.,-1.));
#10776=DIRECTION('center_axis',(0.,-1.,0.));
#10777=DIRECTION('ref_axis',(0.,0.,-1.));
#10778=DIRECTION('',(1.,0.,0.));
#10779=DIRECTION('',(0.,0.,-1.));
#10780=DIRECTION('center_axis',(-1.,0.,0.));
#10781=DIRECTION('ref_axis',(0.,0.,-1.));
#10782=DIRECTION('',(0.,0.,-1.));
#10783=DIRECTION('',(0.,1.,0.));
#10784=DIRECTION('center_axis',(0.,-1.,0.));
#10785=DIRECTION('ref_axis',(0.,0.,-1.));
#10786=DIRECTION('',(1.,0.,0.));
#10787=DIRECTION('center_axis',(-1.,0.,0.));
#10788=DIRECTION('ref_axis',(0.,0.,-1.));
#10789=DIRECTION('',(0.,0.,-1.));
#10790=DIRECTION('',(0.,1.,0.));
#10791=DIRECTION('',(0.,0.,-1.));
#10792=DIRECTION('center_axis',(0.,-1.,0.));
#10793=DIRECTION('ref_axis',(0.,0.,-1.));
#10794=DIRECTION('',(1.,0.,0.));
#10795=DIRECTION('',(0.,0.,-1.));
#10796=DIRECTION('center_axis',(-1.,0.,0.));
#10797=DIRECTION('ref_axis',(0.,0.,-1.));
#10798=DIRECTION('',(0.,0.,-1.));
#10799=DIRECTION('',(0.,1.,0.));
#10800=DIRECTION('center_axis',(0.,-1.,0.));
#10801=DIRECTION('ref_axis',(0.,0.,-1.));
#10802=DIRECTION('',(1.,0.,0.));
#10803=DIRECTION('center_axis',(0.,-1.,0.));
#10804=DIRECTION('ref_axis',(0.,0.,-1.));
#10805=DIRECTION('',(0.,0.,-1.));
#10806=DIRECTION('',(0.,0.,-1.));
#10807=DIRECTION('',(1.,0.,0.));
#10808=DIRECTION('center_axis',(-1.,0.,0.));
#10809=DIRECTION('ref_axis',(0.,0.,-1.));
#10810=DIRECTION('',(0.,1.,0.));
#10811=DIRECTION('',(0.,0.,-1.));
#10812=DIRECTION('center_axis',(0.,-1.,0.));
#10813=DIRECTION('ref_axis',(0.,0.,-1.));
#10814=DIRECTION('',(1.,0.,0.));
#10815=DIRECTION('',(0.,0.,-1.));
#10816=DIRECTION('center_axis',(-1.,0.,0.));
#10817=DIRECTION('ref_axis',(0.,0.,-1.));
#10818=DIRECTION('',(0.,1.,0.));
#10819=DIRECTION('center_axis',(-1.,0.,0.));
#10820=DIRECTION('ref_axis',(0.,0.,-1.));
#10821=DIRECTION('',(0.,0.,-1.));
#10822=DIRECTION('',(0.,1.,0.));
#10823=DIRECTION('',(0.,0.,-1.));
#10824=DIRECTION('center_axis',(0.,-1.,0.));
#10825=DIRECTION('ref_axis',(0.,0.,-1.));
#10826=DIRECTION('',(1.,0.,0.));
#10827=DIRECTION('',(0.,0.,-1.));
#10828=DIRECTION('center_axis',(-1.,0.,0.));
#10829=DIRECTION('ref_axis',(0.,0.,-1.));
#10830=DIRECTION('',(0.,0.,-1.));
#10831=DIRECTION('',(0.,1.,0.));
#10832=DIRECTION('center_axis',(0.,-1.,0.));
#10833=DIRECTION('ref_axis',(0.,0.,-1.));
#10834=DIRECTION('',(1.,0.,0.));
#10835=DIRECTION('center_axis',(0.,-1.,0.));
#10836=DIRECTION('ref_axis',(0.,0.,-1.));
#10837=DIRECTION('',(0.,0.,-1.));
#10838=DIRECTION('',(1.,0.,0.));
#10839=DIRECTION('',(0.,0.,-1.));
#10840=DIRECTION('center_axis',(-1.,0.,0.));
#10841=DIRECTION('ref_axis',(0.,0.,-1.));
#10842=DIRECTION('',(0.,0.,-1.));
#10843=DIRECTION('',(0.,1.,0.));
#10844=DIRECTION('center_axis',(0.,-1.,0.));
#10845=DIRECTION('ref_axis',(0.,0.,-1.));
#10846=DIRECTION('',(0.,0.,-1.));
#10847=DIRECTION('',(1.,0.,0.));
#10848=DIRECTION('center_axis',(-1.,0.,0.));
#10849=DIRECTION('ref_axis',(0.,0.,-1.));
#10850=DIRECTION('',(0.,1.,0.));
#10851=DIRECTION('center_axis',(-1.,0.,0.));
#10852=DIRECTION('ref_axis',(0.,0.,-1.));
#10853=DIRECTION('',(0.,0.,-1.));
#10854=DIRECTION('',(0.,1.,0.));
#10855=DIRECTION('',(0.,0.,-1.));
#10856=DIRECTION('center_axis',(0.,-1.,0.));
#10857=DIRECTION('ref_axis',(0.,0.,-1.));
#10858=DIRECTION('',(1.,0.,0.));
#10859=DIRECTION('',(0.,0.,-1.));
#10860=DIRECTION('center_axis',(-1.,0.,0.));
#10861=DIRECTION('ref_axis',(0.,0.,-1.));
#10862=DIRECTION('',(0.,0.,-1.));
#10863=DIRECTION('',(0.,1.,0.));
#10864=DIRECTION('center_axis',(0.,-1.,0.));
#10865=DIRECTION('ref_axis',(0.,0.,-1.));
#10866=DIRECTION('',(1.,0.,0.));
#10867=DIRECTION('center_axis',(0.,-1.,0.));
#10868=DIRECTION('ref_axis',(0.,0.,-1.));
#10869=DIRECTION('',(0.,0.,-1.));
#10870=DIRECTION('',(0.,0.,-1.));
#10871=DIRECTION('',(1.,0.,0.));
#10872=DIRECTION('center_axis',(-1.,0.,0.));
#10873=DIRECTION('ref_axis',(0.,0.,-1.));
#10874=DIRECTION('',(0.,1.,0.));
#10875=DIRECTION('',(0.,0.,-1.));
#10876=DIRECTION('center_axis',(0.,-1.,0.));
#10877=DIRECTION('ref_axis',(0.,0.,-1.));
#10878=DIRECTION('',(1.,0.,0.));
#10879=DIRECTION('',(0.,0.,-1.));
#10880=DIRECTION('center_axis',(-1.,0.,0.));
#10881=DIRECTION('ref_axis',(0.,0.,-1.));
#10882=DIRECTION('',(0.,1.,0.));
#10883=DIRECTION('center_axis',(-1.,0.,0.));
#10884=DIRECTION('ref_axis',(0.,0.,-1.));
#10885=DIRECTION('',(0.,0.,-1.));
#10886=DIRECTION('',(0.,1.,0.));
#10887=DIRECTION('',(0.,0.,-1.));
#10888=DIRECTION('center_axis',(0.,-1.,0.));
#10889=DIRECTION('ref_axis',(0.,0.,-1.));
#10890=DIRECTION('',(1.,0.,0.));
#10891=DIRECTION('',(0.,0.,-1.));
#10892=DIRECTION('center_axis',(-1.,0.,0.));
#10893=DIRECTION('ref_axis',(0.,0.,-1.));
#10894=DIRECTION('',(0.,0.,-1.));
#10895=DIRECTION('',(0.,1.,0.));
#10896=DIRECTION('center_axis',(0.,-1.,0.));
#10897=DIRECTION('ref_axis',(0.,0.,-1.));
#10898=DIRECTION('',(1.,0.,0.));
#10899=DIRECTION('center_axis',(0.,-1.,0.));
#10900=DIRECTION('ref_axis',(0.,0.,-1.));
#10901=DIRECTION('',(0.,0.,-1.));
#10902=DIRECTION('',(1.,0.,0.));
#10903=DIRECTION('',(0.,0.,-1.));
#10904=DIRECTION('center_axis',(-1.,0.,0.));
#10905=DIRECTION('ref_axis',(0.,0.,-1.));
#10906=DIRECTION('',(0.,0.,-1.));
#10907=DIRECTION('',(0.,1.,0.));
#10908=DIRECTION('center_axis',(0.,-1.,0.));
#10909=DIRECTION('ref_axis',(0.,0.,-1.));
#10910=DIRECTION('',(0.,0.,-1.));
#10911=DIRECTION('',(1.,0.,0.));
#10912=DIRECTION('center_axis',(-1.,0.,0.));
#10913=DIRECTION('ref_axis',(0.,0.,-1.));
#10914=DIRECTION('',(0.,1.,0.));
#10915=DIRECTION('center_axis',(-1.,0.,0.));
#10916=DIRECTION('ref_axis',(0.,0.,-1.));
#10917=DIRECTION('',(0.,0.,-1.));
#10918=DIRECTION('',(0.,1.,0.));
#10919=DIRECTION('',(0.,0.,-1.));
#10920=DIRECTION('center_axis',(0.,-1.,0.));
#10921=DIRECTION('ref_axis',(0.,0.,-1.));
#10922=DIRECTION('',(1.,0.,0.));
#10923=DIRECTION('',(0.,0.,-1.));
#10924=DIRECTION('center_axis',(-1.,0.,0.));
#10925=DIRECTION('ref_axis',(0.,0.,-1.));
#10926=DIRECTION('',(0.,0.,-1.));
#10927=DIRECTION('',(0.,1.,0.));
#10928=DIRECTION('center_axis',(0.,-1.,0.));
#10929=DIRECTION('ref_axis',(0.,0.,-1.));
#10930=DIRECTION('',(1.,0.,0.));
#10931=DIRECTION('center_axis',(-1.,0.,0.));
#10932=DIRECTION('ref_axis',(0.,0.,-1.));
#10933=DIRECTION('',(0.,0.,-1.));
#10934=DIRECTION('',(0.,1.,0.));
#10935=DIRECTION('',(0.,0.,-1.));
#10936=DIRECTION('center_axis',(0.,-1.,0.));
#10937=DIRECTION('ref_axis',(0.,0.,-1.));
#10938=DIRECTION('',(1.,0.,0.));
#10939=DIRECTION('',(0.,0.,-1.));
#10940=DIRECTION('center_axis',(-1.,0.,0.));
#10941=DIRECTION('ref_axis',(0.,0.,-1.));
#10942=DIRECTION('',(0.,0.,-1.));
#10943=DIRECTION('',(0.,1.,0.));
#10944=DIRECTION('center_axis',(0.,-1.,0.));
#10945=DIRECTION('ref_axis',(0.,0.,-1.));
#10946=DIRECTION('',(1.,0.,0.));
#10947=DIRECTION('center_axis',(0.,-1.,0.));
#10948=DIRECTION('ref_axis',(0.,0.,-1.));
#10949=DIRECTION('',(0.,0.,-1.));
#10950=DIRECTION('',(1.,0.,0.));
#10951=DIRECTION('',(0.,0.,-1.));
#10952=DIRECTION('center_axis',(-1.,0.,0.));
#10953=DIRECTION('ref_axis',(0.,0.,-1.));
#10954=DIRECTION('',(0.,0.,-1.));
#10955=DIRECTION('',(0.,1.,0.));
#10956=DIRECTION('center_axis',(0.,-1.,0.));
#10957=DIRECTION('ref_axis',(0.,0.,-1.));
#10958=DIRECTION('',(0.,0.,-1.));
#10959=DIRECTION('',(1.,0.,0.));
#10960=DIRECTION('center_axis',(-1.,0.,0.));
#10961=DIRECTION('ref_axis',(0.,0.,-1.));
#10962=DIRECTION('',(0.,1.,0.));
#10963=DIRECTION('center_axis',(-1.,0.,0.));
#10964=DIRECTION('ref_axis',(0.,0.,-1.));
#10965=DIRECTION('',(0.,0.,-1.));
#10966=DIRECTION('',(0.,1.,0.));
#10967=DIRECTION('',(0.,0.,-1.));
#10968=DIRECTION('center_axis',(0.,-1.,0.));
#10969=DIRECTION('ref_axis',(0.,0.,-1.));
#10970=DIRECTION('',(1.,0.,0.));
#10971=DIRECTION('',(0.,0.,-1.));
#10972=DIRECTION('center_axis',(-1.,0.,0.));
#10973=DIRECTION('ref_axis',(0.,0.,-1.));
#10974=DIRECTION('',(0.,0.,-1.));
#10975=DIRECTION('',(0.,1.,0.));
#10976=DIRECTION('center_axis',(0.,-1.,0.));
#10977=DIRECTION('ref_axis',(0.,0.,-1.));
#10978=DIRECTION('',(1.,0.,0.));
#10979=DIRECTION('center_axis',(-0.707106781186548,1.73516750835689E-18,
0.707106781186548));
#10980=DIRECTION('ref_axis',(1.22694871165372E-18,1.,-1.22694871165372E-18));
#10981=DIRECTION('',(-0.577350269189626,0.577350269189626,-0.577350269189626));
#10982=DIRECTION('',(0.,1.,0.));
#10983=DIRECTION('',(-0.577350269189626,-0.577350269189626,-0.577350269189626));
#10984=DIRECTION('center_axis',(-1.73516750835689E-18,-0.707106781186548,
0.707106781186548));
#10985=DIRECTION('ref_axis',(-1.,1.22694871165372E-18,-1.22694871165372E-18));
#10986=DIRECTION('',(0.577350269189626,-0.577350269189626,-0.577350269189626));
#10987=DIRECTION('',(1.,0.,0.));
#10988=DIRECTION('center_axis',(-0.707106781186548,-1.73516750835689E-18,
-0.707106781186548));
#10989=DIRECTION('ref_axis',(-1.22694871165372E-18,1.,-1.22694871165372E-18));
#10990=DIRECTION('',(0.577350269189626,0.577350269189626,-0.577350269189626));
#10991=DIRECTION('',(0.,1.,0.));
#10992=DIRECTION('center_axis',(1.73516750835689E-18,-0.707106781186548,
-0.707106781186548));
#10993=DIRECTION('ref_axis',(-1.,-1.22694871165372E-18,-1.22694871165372E-18));
#10994=DIRECTION('',(1.,0.,0.));
#10995=DIRECTION('center_axis',(-0.707106781186548,1.73516750835689E-18,
0.707106781186548));
#10996=DIRECTION('ref_axis',(1.22694871165372E-18,1.,-1.22694871165372E-18));
#10997=DIRECTION('',(-0.577350269189626,0.577350269189626,-0.577350269189626));
#10998=DIRECTION('',(0.,1.,0.));
#10999=DIRECTION('',(-0.577350269189626,-0.577350269189626,-0.577350269189626));
#11000=DIRECTION('center_axis',(-1.73516750835689E-18,-0.707106781186548,
0.707106781186548));
#11001=DIRECTION('ref_axis',(-1.,1.22694871165372E-18,-1.22694871165372E-18));
#11002=DIRECTION('',(0.577350269189626,-0.577350269189626,-0.577350269189626));
#11003=DIRECTION('',(1.,0.,0.));
#11004=DIRECTION('center_axis',(-0.707106781186548,-1.73516750835689E-18,
-0.707106781186548));
#11005=DIRECTION('ref_axis',(-1.22694871165372E-18,1.,-1.22694871165372E-18));
#11006=DIRECTION('',(0.577350269189626,0.577350269189626,-0.577350269189626));
#11007=DIRECTION('',(0.,1.,0.));
#11008=DIRECTION('center_axis',(1.73516750835689E-18,-0.707106781186548,
-0.707106781186548));
#11009=DIRECTION('ref_axis',(-1.,-1.22694871165372E-18,-1.22694871165372E-18));
#11010=DIRECTION('',(1.,0.,0.));
#11011=DIRECTION('center_axis',(-1.73516750835689E-18,-0.707106781186548,
0.707106781186548));
#11012=DIRECTION('ref_axis',(-1.,1.22694871165372E-18,-1.22694871165372E-18));
#11013=DIRECTION('',(0.577350269189626,-0.577350269189626,-0.577350269189626));
#11014=DIRECTION('',(-0.577350269189626,-0.577350269189626,-0.577350269189626));
#11015=DIRECTION('',(1.,0.,0.));
#11016=DIRECTION('center_axis',(-0.707106781186548,-1.73516750835689E-18,
-0.707106781186548));
#11017=DIRECTION('ref_axis',(-1.22694871165372E-18,1.,-1.22694871165372E-18));
#11018=DIRECTION('',(0.577350269189626,0.577350269189626,-0.577350269189626));
#11019=DIRECTION('',(0.,1.,0.));
#11020=DIRECTION('center_axis',(1.73516750835689E-18,-0.707106781186548,
-0.707106781186548));
#11021=DIRECTION('ref_axis',(-1.,-1.22694871165372E-18,-1.22694871165372E-18));
#11022=DIRECTION('',(1.,0.,0.));
#11023=DIRECTION('',(-0.577350269189626,0.577350269189626,-0.577350269189626));
#11024=DIRECTION('center_axis',(-0.707106781186548,1.73516750835689E-18,
0.707106781186548));
#11025=DIRECTION('ref_axis',(1.22694871165372E-18,1.,-1.22694871165372E-18));
#11026=DIRECTION('',(0.,1.,0.));
#11027=DIRECTION('center_axis',(-0.707106781186548,1.73516750835689E-18,
0.707106781186548));
#11028=DIRECTION('ref_axis',(1.22694871165372E-18,1.,-1.22694871165372E-18));
#11029=DIRECTION('',(-0.577350269189626,0.577350269189626,-0.577350269189626));
#11030=DIRECTION('',(0.,1.,0.));
#11031=DIRECTION('',(-0.577350269189626,-0.577350269189626,-0.577350269189626));
#11032=DIRECTION('center_axis',(-1.73516750835689E-18,-0.707106781186548,
0.707106781186548));
#11033=DIRECTION('ref_axis',(-1.,1.22694871165372E-18,-1.22694871165372E-18));
#11034=DIRECTION('',(0.577350269189626,-0.577350269189626,-0.577350269189626));
#11035=DIRECTION('',(1.,0.,0.));
#11036=DIRECTION('center_axis',(-0.707106781186548,-1.73516750835689E-18,
-0.707106781186548));
#11037=DIRECTION('ref_axis',(-1.22694871165372E-18,1.,-1.22694871165372E-18));
#11038=DIRECTION('',(0.577350269189626,0.577350269189626,-0.577350269189626));
#11039=DIRECTION('',(0.,1.,0.));
#11040=DIRECTION('center_axis',(1.73516750835689E-18,-0.707106781186548,
-0.707106781186548));
#11041=DIRECTION('ref_axis',(-1.,-1.22694871165372E-18,-1.22694871165372E-18));
#11042=DIRECTION('',(1.,0.,0.));
#11043=DIRECTION('center_axis',(1.73516750835689E-18,-0.707106781186548,
-0.707106781186548));
#11044=DIRECTION('ref_axis',(-1.,-1.22694871165372E-18,-1.22694871165372E-18));
#11045=DIRECTION('',(0.577350269189626,0.577350269189626,-0.577350269189626));
#11046=DIRECTION('',(1.,0.,0.));
#11047=DIRECTION('',(-0.577350269189626,0.577350269189626,-0.577350269189626));
#11048=DIRECTION('center_axis',(-0.707106781186548,1.73516750835689E-18,
0.707106781186548));
#11049=DIRECTION('ref_axis',(1.22694871165372E-18,1.,-1.22694871165372E-18));
#11050=DIRECTION('',(0.,1.,0.));
#11051=DIRECTION('',(-0.577350269189626,-0.577350269189626,-0.577350269189626));
#11052=DIRECTION('center_axis',(-1.73516750835689E-18,-0.707106781186548,
0.707106781186548));
#11053=DIRECTION('ref_axis',(-1.,1.22694871165372E-18,-1.22694871165372E-18));
#11054=DIRECTION('',(0.577350269189626,-0.577350269189626,-0.577350269189626));
#11055=DIRECTION('',(1.,0.,0.));
#11056=DIRECTION('center_axis',(-0.707106781186548,-1.73516750835689E-18,
-0.707106781186548));
#11057=DIRECTION('ref_axis',(-1.22694871165372E-18,1.,-1.22694871165372E-18));
#11058=DIRECTION('',(0.,1.,0.));
#11059=DIRECTION('center_axis',(-1.73516750835689E-18,-0.707106781186548,
0.707106781186548));
#11060=DIRECTION('ref_axis',(-1.,1.22694871165372E-18,-1.22694871165372E-18));
#11061=DIRECTION('',(0.577350269189626,-0.577350269189626,-0.577350269189626));
#11062=DIRECTION('',(-0.577350269189626,-0.577350269189626,-0.577350269189626));
#11063=DIRECTION('',(1.,0.,0.));
#11064=DIRECTION('center_axis',(-0.707106781186548,-1.73516750835689E-18,
-0.707106781186548));
#11065=DIRECTION('ref_axis',(-1.22694871165372E-18,1.,-1.22694871165372E-18));
#11066=DIRECTION('',(0.577350269189626,0.577350269189626,-0.577350269189626));
#11067=DIRECTION('',(0.,1.,0.));
#11068=DIRECTION('center_axis',(1.73516750835689E-18,-0.707106781186548,
-0.707106781186548));
#11069=DIRECTION('ref_axis',(-1.,-1.22694871165372E-18,-1.22694871165372E-18));
#11070=DIRECTION('',(1.,0.,0.));
#11071=DIRECTION('',(-0.577350269189626,0.577350269189626,-0.577350269189626));
#11072=DIRECTION('center_axis',(-0.707106781186548,1.73516750835689E-18,
0.707106781186548));
#11073=DIRECTION('ref_axis',(1.22694871165372E-18,1.,-1.22694871165372E-18));
#11074=DIRECTION('',(0.,1.,0.));
#11075=DIRECTION('center_axis',(-0.707106781186548,1.73516750835689E-18,
0.707106781186548));
#11076=DIRECTION('ref_axis',(1.22694871165372E-18,1.,-1.22694871165372E-18));
#11077=DIRECTION('',(-0.577350269189626,0.577350269189626,-0.577350269189626));
#11078=DIRECTION('',(0.,1.,0.));
#11079=DIRECTION('',(-0.577350269189626,-0.577350269189626,-0.577350269189626));
#11080=DIRECTION('center_axis',(-1.73516750835689E-18,-0.707106781186548,
0.707106781186548));
#11081=DIRECTION('ref_axis',(-1.,1.22694871165372E-18,-1.22694871165372E-18));
#11082=DIRECTION('',(0.577350269189626,-0.577350269189626,-0.577350269189626));
#11083=DIRECTION('',(1.,0.,0.));
#11084=DIRECTION('center_axis',(-0.707106781186548,-1.73516750835689E-18,
-0.707106781186548));
#11085=DIRECTION('ref_axis',(-1.22694871165372E-18,1.,-1.22694871165372E-18));
#11086=DIRECTION('',(0.577350269189626,0.577350269189626,-0.577350269189626));
#11087=DIRECTION('',(0.,1.,0.));
#11088=DIRECTION('center_axis',(1.73516750835689E-18,-0.707106781186548,
-0.707106781186548));
#11089=DIRECTION('ref_axis',(-1.,-1.22694871165372E-18,-1.22694871165372E-18));
#11090=DIRECTION('',(1.,0.,0.));
#11091=DIRECTION('center_axis',(-0.707106781186548,1.73516750835689E-18,
0.707106781186548));
#11092=DIRECTION('ref_axis',(1.22694871165372E-18,1.,-1.22694871165372E-18));
#11093=DIRECTION('',(-0.577350269189626,0.577350269189626,-0.577350269189626));
#11094=DIRECTION('',(0.,1.,0.));
#11095=DIRECTION('',(-0.577350269189626,-0.577350269189626,-0.577350269189626));
#11096=DIRECTION('center_axis',(-1.73516750835689E-18,-0.707106781186548,
0.707106781186548));
#11097=DIRECTION('ref_axis',(-1.,1.22694871165372E-18,-1.22694871165372E-18));
#11098=DIRECTION('',(0.577350269189626,-0.577350269189626,-0.577350269189626));
#11099=DIRECTION('',(1.,0.,0.));
#11100=DIRECTION('center_axis',(-0.707106781186548,-1.73516750835689E-18,
-0.707106781186548));
#11101=DIRECTION('ref_axis',(-1.22694871165372E-18,1.,-1.22694871165372E-18));
#11102=DIRECTION('',(0.577350269189626,0.577350269189626,-0.577350269189626));
#11103=DIRECTION('',(0.,1.,0.));
#11104=DIRECTION('center_axis',(1.73516750835689E-18,-0.707106781186548,
-0.707106781186548));
#11105=DIRECTION('ref_axis',(-1.,-1.22694871165372E-18,-1.22694871165372E-18));
#11106=DIRECTION('',(1.,0.,0.));
#11107=DIRECTION('center_axis',(-0.707106781186548,1.73516750835689E-18,
0.707106781186548));
#11108=DIRECTION('ref_axis',(1.22694871165372E-18,1.,-1.22694871165372E-18));
#11109=DIRECTION('',(-0.577350269189626,0.577350269189626,-0.577350269189626));
#11110=DIRECTION('',(0.,1.,0.));
#11111=DIRECTION('',(-0.577350269189626,-0.577350269189626,-0.577350269189626));
#11112=DIRECTION('center_axis',(-1.73516750835689E-18,-0.707106781186548,
0.707106781186548));
#11113=DIRECTION('ref_axis',(-1.,1.22694871165372E-18,-1.22694871165372E-18));
#11114=DIRECTION('',(0.577350269189626,-0.577350269189626,-0.577350269189626));
#11115=DIRECTION('',(1.,0.,0.));
#11116=DIRECTION('center_axis',(-0.707106781186548,-1.73516750835689E-18,
-0.707106781186548));
#11117=DIRECTION('ref_axis',(-1.22694871165372E-18,1.,-1.22694871165372E-18));
#11118=DIRECTION('',(0.577350269189626,0.577350269189626,-0.577350269189626));
#11119=DIRECTION('',(0.,1.,0.));
#11120=DIRECTION('center_axis',(1.73516750835689E-18,-0.707106781186548,
-0.707106781186548));
#11121=DIRECTION('ref_axis',(-1.,-1.22694871165372E-18,-1.22694871165372E-18));
#11122=DIRECTION('',(1.,0.,0.));
#11123=DIRECTION('center_axis',(1.73516750835689E-18,-0.707106781186548,
-0.707106781186548));
#11124=DIRECTION('ref_axis',(-1.,-1.22694871165372E-18,-1.22694871165372E-18));
#11125=DIRECTION('',(0.577350269189626,0.577350269189626,-0.577350269189626));
#11126=DIRECTION('',(1.,0.,0.));
#11127=DIRECTION('',(-0.577350269189626,0.577350269189626,-0.577350269189626));
#11128=DIRECTION('center_axis',(-0.707106781186548,1.73516750835689E-18,
0.707106781186548));
#11129=DIRECTION('ref_axis',(1.22694871165372E-18,1.,-1.22694871165372E-18));
#11130=DIRECTION('',(0.,1.,0.));
#11131=DIRECTION('',(-0.577350269189626,-0.577350269189626,-0.577350269189626));
#11132=DIRECTION('center_axis',(-1.73516750835689E-18,-0.707106781186548,
0.707106781186548));
#11133=DIRECTION('ref_axis',(-1.,1.22694871165372E-18,-1.22694871165372E-18));
#11134=DIRECTION('',(0.577350269189626,-0.577350269189626,-0.577350269189626));
#11135=DIRECTION('',(1.,0.,0.));
#11136=DIRECTION('center_axis',(-0.707106781186548,-1.73516750835689E-18,
-0.707106781186548));
#11137=DIRECTION('ref_axis',(-1.22694871165372E-18,1.,-1.22694871165372E-18));
#11138=DIRECTION('',(0.,1.,0.));
#11139=DIRECTION('center_axis',(-0.707106781186548,1.73516750835689E-18,
0.707106781186548));
#11140=DIRECTION('ref_axis',(1.22694871165372E-18,1.,-1.22694871165372E-18));
#11141=DIRECTION('',(-0.577350269189626,0.577350269189626,-0.577350269189626));
#11142=DIRECTION('',(0.,1.,0.));
#11143=DIRECTION('',(-0.577350269189626,-0.577350269189626,-0.577350269189626));
#11144=DIRECTION('center_axis',(-1.73516750835689E-18,-0.707106781186548,
0.707106781186548));
#11145=DIRECTION('ref_axis',(-1.,1.22694871165372E-18,-1.22694871165372E-18));
#11146=DIRECTION('',(0.577350269189626,-0.577350269189626,-0.577350269189626));
#11147=DIRECTION('',(1.,0.,0.));
#11148=DIRECTION('center_axis',(-0.707106781186548,-1.73516750835689E-18,
-0.707106781186548));
#11149=DIRECTION('ref_axis',(-1.22694871165372E-18,1.,-1.22694871165372E-18));
#11150=DIRECTION('',(0.577350269189626,0.577350269189626,-0.577350269189626));
#11151=DIRECTION('',(0.,1.,0.));
#11152=DIRECTION('center_axis',(1.73516750835689E-18,-0.707106781186548,
-0.707106781186548));
#11153=DIRECTION('ref_axis',(-1.,-1.22694871165372E-18,-1.22694871165372E-18));
#11154=DIRECTION('',(1.,0.,0.));
#11155=DIRECTION('center_axis',(-1.73516750835689E-18,-0.707106781186548,
0.707106781186548));
#11156=DIRECTION('ref_axis',(-1.,1.22694871165372E-18,-1.22694871165372E-18));
#11157=DIRECTION('',(0.577350269189626,-0.577350269189626,-0.577350269189626));
#11158=DIRECTION('',(-0.577350269189626,-0.577350269189626,-0.577350269189626));
#11159=DIRECTION('',(1.,0.,0.));
#11160=DIRECTION('center_axis',(-0.707106781186548,-1.73516750835689E-18,
-0.707106781186548));
#11161=DIRECTION('ref_axis',(-1.22694871165372E-18,1.,-1.22694871165372E-18));
#11162=DIRECTION('',(0.577350269189626,0.577350269189626,-0.577350269189626));
#11163=DIRECTION('',(0.,1.,0.));
#11164=DIRECTION('center_axis',(1.73516750835689E-18,-0.707106781186548,
-0.707106781186548));
#11165=DIRECTION('ref_axis',(-1.,-1.22694871165372E-18,-1.22694871165372E-18));
#11166=DIRECTION('',(1.,0.,0.));
#11167=DIRECTION('',(-0.577350269189626,0.577350269189626,-0.577350269189626));
#11168=DIRECTION('center_axis',(-0.707106781186548,1.73516750835689E-18,
0.707106781186548));
#11169=DIRECTION('ref_axis',(1.22694871165372E-18,1.,-1.22694871165372E-18));
#11170=DIRECTION('',(0.,1.,0.));
#11171=DIRECTION('center_axis',(-0.707106781186548,1.73516750835689E-18,
0.707106781186548));
#11172=DIRECTION('ref_axis',(1.22694871165372E-18,1.,-1.22694871165372E-18));
#11173=DIRECTION('',(-0.577350269189626,0.577350269189626,-0.577350269189626));
#11174=DIRECTION('',(0.,1.,0.));
#11175=DIRECTION('',(-0.577350269189626,-0.577350269189626,-0.577350269189626));
#11176=DIRECTION('center_axis',(-1.73516750835689E-18,-0.707106781186548,
0.707106781186548));
#11177=DIRECTION('ref_axis',(-1.,1.22694871165372E-18,-1.22694871165372E-18));
#11178=DIRECTION('',(0.577350269189626,-0.577350269189626,-0.577350269189626));
#11179=DIRECTION('',(1.,0.,0.));
#11180=DIRECTION('center_axis',(-0.707106781186548,-1.73516750835689E-18,
-0.707106781186548));
#11181=DIRECTION('ref_axis',(-1.22694871165372E-18,1.,-1.22694871165372E-18));
#11182=DIRECTION('',(0.577350269189626,0.577350269189626,-0.577350269189626));
#11183=DIRECTION('',(0.,1.,0.));
#11184=DIRECTION('center_axis',(1.73516750835689E-18,-0.707106781186548,
-0.707106781186548));
#11185=DIRECTION('ref_axis',(-1.,-1.22694871165372E-18,-1.22694871165372E-18));
#11186=DIRECTION('',(1.,0.,0.));
#11187=DIRECTION('center_axis',(1.73516750835689E-18,-0.707106781186548,
-0.707106781186548));
#11188=DIRECTION('ref_axis',(-1.,-1.22694871165372E-18,-1.22694871165372E-18));
#11189=DIRECTION('',(0.577350269189626,0.577350269189626,-0.577350269189626));
#11190=DIRECTION('',(1.,0.,0.));
#11191=DIRECTION('',(-0.577350269189626,0.577350269189626,-0.577350269189626));
#11192=DIRECTION('center_axis',(-0.707106781186548,1.73516750835689E-18,
0.707106781186548));
#11193=DIRECTION('ref_axis',(1.22694871165372E-18,1.,-1.22694871165372E-18));
#11194=DIRECTION('',(0.,1.,0.));
#11195=DIRECTION('',(-0.577350269189626,-0.577350269189626,-0.577350269189626));
#11196=DIRECTION('center_axis',(-1.73516750835689E-18,-0.707106781186548,
0.707106781186548));
#11197=DIRECTION('ref_axis',(-1.,1.22694871165372E-18,-1.22694871165372E-18));
#11198=DIRECTION('',(0.577350269189626,-0.577350269189626,-0.577350269189626));
#11199=DIRECTION('',(1.,0.,0.));
#11200=DIRECTION('center_axis',(-0.707106781186548,-1.73516750835689E-18,
-0.707106781186548));
#11201=DIRECTION('ref_axis',(-1.22694871165372E-18,1.,-1.22694871165372E-18));
#11202=DIRECTION('',(0.,1.,0.));
#11203=DIRECTION('center_axis',(-0.707106781186548,1.73516750835689E-18,
0.707106781186548));
#11204=DIRECTION('ref_axis',(1.22694871165372E-18,1.,-1.22694871165372E-18));
#11205=DIRECTION('',(-0.577350269189626,0.577350269189626,-0.577350269189626));
#11206=DIRECTION('',(0.,1.,0.));
#11207=DIRECTION('',(-0.577350269189626,-0.577350269189626,-0.577350269189626));
#11208=DIRECTION('center_axis',(-1.73516750835689E-18,-0.707106781186548,
0.707106781186548));
#11209=DIRECTION('ref_axis',(-1.,1.22694871165372E-18,-1.22694871165372E-18));
#11210=DIRECTION('',(0.577350269189626,-0.577350269189626,-0.577350269189626));
#11211=DIRECTION('',(1.,0.,0.));
#11212=DIRECTION('center_axis',(-0.707106781186548,-1.73516750835689E-18,
-0.707106781186548));
#11213=DIRECTION('ref_axis',(-1.22694871165372E-18,1.,-1.22694871165372E-18));
#11214=DIRECTION('',(0.577350269189626,0.577350269189626,-0.577350269189626));
#11215=DIRECTION('',(0.,1.,0.));
#11216=DIRECTION('center_axis',(1.73516750835689E-18,-0.707106781186548,
-0.707106781186548));
#11217=DIRECTION('ref_axis',(-1.,-1.22694871165372E-18,-1.22694871165372E-18));
#11218=DIRECTION('',(1.,0.,0.));
#11219=DIRECTION('center_axis',(-1.73516750835689E-18,-0.707106781186548,
0.707106781186548));
#11220=DIRECTION('ref_axis',(-1.,1.22694871165372E-18,-1.22694871165372E-18));
#11221=DIRECTION('',(0.577350269189626,-0.577350269189626,-0.577350269189626));
#11222=DIRECTION('',(-0.577350269189626,-0.577350269189626,-0.577350269189626));
#11223=DIRECTION('',(1.,0.,0.));
#11224=DIRECTION('center_axis',(-0.707106781186548,-1.73516750835689E-18,
-0.707106781186548));
#11225=DIRECTION('ref_axis',(-1.22694871165372E-18,1.,-1.22694871165372E-18));
#11226=DIRECTION('',(0.577350269189626,0.577350269189626,-0.577350269189626));
#11227=DIRECTION('',(0.,1.,0.));
#11228=DIRECTION('center_axis',(1.73516750835689E-18,-0.707106781186548,
-0.707106781186548));
#11229=DIRECTION('ref_axis',(-1.,-1.22694871165372E-18,-1.22694871165372E-18));
#11230=DIRECTION('',(1.,0.,0.));
#11231=DIRECTION('',(-0.577350269189626,0.577350269189626,-0.577350269189626));
#11232=DIRECTION('center_axis',(-0.707106781186548,1.73516750835689E-18,
0.707106781186548));
#11233=DIRECTION('ref_axis',(1.22694871165372E-18,1.,-1.22694871165372E-18));
#11234=DIRECTION('',(0.,1.,0.));
#11235=DIRECTION('center_axis',(-0.707106781186548,1.73516750835689E-18,
0.707106781186548));
#11236=DIRECTION('ref_axis',(1.22694871165372E-18,1.,-1.22694871165372E-18));
#11237=DIRECTION('',(-0.577350269189626,0.577350269189626,-0.577350269189626));
#11238=DIRECTION('',(0.,1.,0.));
#11239=DIRECTION('',(-0.577350269189626,-0.577350269189626,-0.577350269189626));
#11240=DIRECTION('center_axis',(-1.73516750835689E-18,-0.707106781186548,
0.707106781186548));
#11241=DIRECTION('ref_axis',(-1.,1.22694871165372E-18,-1.22694871165372E-18));
#11242=DIRECTION('',(0.577350269189626,-0.577350269189626,-0.577350269189626));
#11243=DIRECTION('',(1.,0.,0.));
#11244=DIRECTION('center_axis',(-0.707106781186548,-1.73516750835689E-18,
-0.707106781186548));
#11245=DIRECTION('ref_axis',(-1.22694871165372E-18,1.,-1.22694871165372E-18));
#11246=DIRECTION('',(0.577350269189626,0.577350269189626,-0.577350269189626));
#11247=DIRECTION('',(0.,1.,0.));
#11248=DIRECTION('center_axis',(1.73516750835689E-18,-0.707106781186548,
-0.707106781186548));
#11249=DIRECTION('ref_axis',(-1.,-1.22694871165372E-18,-1.22694871165372E-18));
#11250=DIRECTION('',(1.,0.,0.));
#11251=DIRECTION('center_axis',(-0.707106781186548,1.73516750835689E-18,
0.707106781186548));
#11252=DIRECTION('ref_axis',(1.22694871165372E-18,1.,-1.22694871165372E-18));
#11253=DIRECTION('',(-0.577350269189626,0.577350269189626,-0.577350269189626));
#11254=DIRECTION('',(0.,1.,0.));
#11255=DIRECTION('',(-0.577350269189626,-0.577350269189626,-0.577350269189626));
#11256=DIRECTION('center_axis',(-1.73516750835689E-18,-0.707106781186548,
0.707106781186548));
#11257=DIRECTION('ref_axis',(-1.,1.22694871165372E-18,-1.22694871165372E-18));
#11258=DIRECTION('',(0.577350269189626,-0.577350269189626,-0.577350269189626));
#11259=DIRECTION('',(1.,0.,0.));
#11260=DIRECTION('center_axis',(-0.707106781186548,-1.73516750835689E-18,
-0.707106781186548));
#11261=DIRECTION('ref_axis',(-1.22694871165372E-18,1.,-1.22694871165372E-18));
#11262=DIRECTION('',(0.577350269189626,0.577350269189626,-0.577350269189626));
#11263=DIRECTION('',(0.,1.,0.));
#11264=DIRECTION('center_axis',(1.73516750835689E-18,-0.707106781186548,
-0.707106781186548));
#11265=DIRECTION('ref_axis',(-1.,-1.22694871165372E-18,-1.22694871165372E-18));
#11266=DIRECTION('',(1.,0.,0.));
#11267=DIRECTION('center_axis',(-1.73516750835689E-18,-0.707106781186548,
0.707106781186548));
#11268=DIRECTION('ref_axis',(-1.,1.22694871165372E-18,-1.22694871165372E-18));
#11269=DIRECTION('',(0.577350269189626,-0.577350269189626,-0.577350269189626));
#11270=DIRECTION('',(-0.577350269189626,-0.577350269189626,-0.577350269189626));
#11271=DIRECTION('',(1.,0.,0.));
#11272=DIRECTION('center_axis',(-0.707106781186548,-1.73516750835689E-18,
-0.707106781186548));
#11273=DIRECTION('ref_axis',(-1.22694871165372E-18,1.,-1.22694871165372E-18));
#11274=DIRECTION('',(0.577350269189626,0.577350269189626,-0.577350269189626));
#11275=DIRECTION('',(0.,1.,0.));
#11276=DIRECTION('center_axis',(1.73516750835689E-18,-0.707106781186548,
-0.707106781186548));
#11277=DIRECTION('ref_axis',(-1.,-1.22694871165372E-18,-1.22694871165372E-18));
#11278=DIRECTION('',(1.,0.,0.));
#11279=DIRECTION('',(-0.577350269189626,0.577350269189626,-0.577350269189626));
#11280=DIRECTION('center_axis',(-0.707106781186548,1.73516750835689E-18,
0.707106781186548));
#11281=DIRECTION('ref_axis',(1.22694871165372E-18,1.,-1.22694871165372E-18));
#11282=DIRECTION('',(0.,1.,0.));
#11283=DIRECTION('center_axis',(-0.707106781186548,1.73516750835689E-18,
0.707106781186548));
#11284=DIRECTION('ref_axis',(1.22694871165372E-18,1.,-1.22694871165372E-18));
#11285=DIRECTION('',(-0.577350269189626,0.577350269189626,-0.577350269189626));
#11286=DIRECTION('',(0.,1.,0.));
#11287=DIRECTION('',(-0.577350269189626,-0.577350269189626,-0.577350269189626));
#11288=DIRECTION('center_axis',(-1.73516750835689E-18,-0.707106781186548,
0.707106781186548));
#11289=DIRECTION('ref_axis',(-1.,1.22694871165372E-18,-1.22694871165372E-18));
#11290=DIRECTION('',(0.577350269189626,-0.577350269189626,-0.577350269189626));
#11291=DIRECTION('',(1.,0.,0.));
#11292=DIRECTION('center_axis',(-0.707106781186548,-1.73516750835689E-18,
-0.707106781186548));
#11293=DIRECTION('ref_axis',(-1.22694871165372E-18,1.,-1.22694871165372E-18));
#11294=DIRECTION('',(0.577350269189626,0.577350269189626,-0.577350269189626));
#11295=DIRECTION('',(0.,1.,0.));
#11296=DIRECTION('center_axis',(1.73516750835689E-18,-0.707106781186548,
-0.707106781186548));
#11297=DIRECTION('ref_axis',(-1.,-1.22694871165372E-18,-1.22694871165372E-18));
#11298=DIRECTION('',(1.,0.,0.));
#11299=DIRECTION('center_axis',(0.,0.,1.));
#11300=DIRECTION('ref_axis',(1.,0.,0.));
#11301=DIRECTION('center_axis',(0.,0.,1.));
#11302=DIRECTION('ref_axis',(1.,0.,0.));
#11303=DIRECTION('center_axis',(0.,0.,1.));
#11304=DIRECTION('ref_axis',(1.,0.,0.));
#11305=DIRECTION('center_axis',(0.,0.,1.));
#11306=DIRECTION('ref_axis',(1.,0.,0.));
#11307=DIRECTION('center_axis',(0.,0.,1.));
#11308=DIRECTION('ref_axis',(1.,0.,0.));
#11309=DIRECTION('center_axis',(0.,0.,1.));
#11310=DIRECTION('ref_axis',(1.,0.,0.));
#11311=DIRECTION('center_axis',(0.,0.,1.));
#11312=DIRECTION('ref_axis',(1.,0.,0.));
#11313=DIRECTION('center_axis',(0.,0.,1.));
#11314=DIRECTION('ref_axis',(1.,0.,0.));
#11315=DIRECTION('center_axis',(0.,0.,1.));
#11316=DIRECTION('ref_axis',(1.,0.,0.));
#11317=DIRECTION('center_axis',(0.,0.,1.));
#11318=DIRECTION('ref_axis',(1.,0.,0.));
#11319=DIRECTION('center_axis',(0.,0.,1.));
#11320=DIRECTION('ref_axis',(1.,0.,0.));
#11321=DIRECTION('center_axis',(0.,0.,1.));
#11322=DIRECTION('ref_axis',(1.,0.,0.));
#11323=DIRECTION('center_axis',(0.,0.,1.));
#11324=DIRECTION('ref_axis',(1.,0.,0.));
#11325=DIRECTION('center_axis',(0.,0.,1.));
#11326=DIRECTION('ref_axis',(1.,0.,0.));
#11327=DIRECTION('center_axis',(0.,0.,1.));
#11328=DIRECTION('ref_axis',(1.,0.,0.));
#11329=DIRECTION('center_axis',(0.,0.,1.));
#11330=DIRECTION('ref_axis',(1.,0.,0.));
#11331=DIRECTION('center_axis',(0.,0.,1.));
#11332=DIRECTION('ref_axis',(1.,0.,0.));
#11333=DIRECTION('center_axis',(0.,0.,1.));
#11334=DIRECTION('ref_axis',(1.,0.,0.));
#11335=DIRECTION('center_axis',(0.,0.,1.));
#11336=DIRECTION('ref_axis',(1.,0.,0.));
#11337=DIRECTION('center_axis',(0.,0.,1.));
#11338=DIRECTION('ref_axis',(1.,0.,0.));
#11339=DIRECTION('center_axis',(0.,0.,1.));
#11340=DIRECTION('ref_axis',(1.,0.,0.));
#11341=DIRECTION('',(0.,1.,0.));
#11342=DIRECTION('',(1.,0.,0.));
#11343=DIRECTION('',(0.,1.,0.));
#11344=DIRECTION('',(1.,0.,0.));
#11345=DIRECTION('center_axis',(0.,0.,1.));
#11346=DIRECTION('ref_axis',(1.,0.,0.));
#11347=DIRECTION('',(0.,1.,0.));
#11348=DIRECTION('',(1.,0.,0.));
#11349=DIRECTION('',(0.,1.,0.));
#11350=DIRECTION('',(1.,0.,0.));
#11351=DIRECTION('center_axis',(0.,0.,1.));
#11352=DIRECTION('ref_axis',(1.,0.,0.));
#11353=DIRECTION('',(0.,1.,0.));
#11354=DIRECTION('',(1.,0.,0.));
#11355=DIRECTION('',(0.,1.,0.));
#11356=DIRECTION('',(1.,0.,0.));
#11357=DIRECTION('center_axis',(0.,0.,1.));
#11358=DIRECTION('ref_axis',(1.,0.,0.));
#11359=DIRECTION('',(0.,1.,0.));
#11360=DIRECTION('',(1.,0.,0.));
#11361=DIRECTION('',(0.,1.,0.));
#11362=DIRECTION('',(1.,0.,0.));
#11363=DIRECTION('center_axis',(0.,0.,1.));
#11364=DIRECTION('ref_axis',(1.,0.,0.));
#11365=DIRECTION('',(0.,1.,0.));
#11366=DIRECTION('',(1.,0.,0.));
#11367=DIRECTION('',(0.,1.,0.));
#11368=DIRECTION('',(1.,0.,0.));
#11369=DIRECTION('center_axis',(0.,0.,1.));
#11370=DIRECTION('ref_axis',(1.,0.,0.));
#11371=DIRECTION('',(0.,1.,0.));
#11372=DIRECTION('',(1.,0.,0.));
#11373=DIRECTION('',(0.,1.,0.));
#11374=DIRECTION('',(1.,0.,0.));
#11375=DIRECTION('center_axis',(0.,0.,1.));
#11376=DIRECTION('ref_axis',(1.,0.,0.));
#11377=DIRECTION('',(0.,1.,0.));
#11378=DIRECTION('',(1.,0.,0.));
#11379=DIRECTION('',(0.,1.,0.));
#11380=DIRECTION('',(1.,0.,0.));
#11381=DIRECTION('center_axis',(0.,0.,1.));
#11382=DIRECTION('ref_axis',(1.,0.,0.));
#11383=DIRECTION('',(0.,1.,0.));
#11384=DIRECTION('',(1.,0.,0.));
#11385=DIRECTION('',(0.,1.,0.));
#11386=DIRECTION('',(1.,0.,0.));
#11387=DIRECTION('center_axis',(0.,0.,1.));
#11388=DIRECTION('ref_axis',(1.,0.,0.));
#11389=DIRECTION('',(0.,1.,0.));
#11390=DIRECTION('',(1.,0.,0.));
#11391=DIRECTION('',(0.,1.,0.));
#11392=DIRECTION('',(1.,0.,0.));
#11393=DIRECTION('center_axis',(0.,0.,1.));
#11394=DIRECTION('ref_axis',(1.,0.,0.));
#11395=DIRECTION('',(0.,1.,0.));
#11396=DIRECTION('',(1.,0.,0.));
#11397=DIRECTION('',(0.,1.,0.));
#11398=DIRECTION('',(1.,0.,0.));
#11399=DIRECTION('center_axis',(0.,0.,1.));
#11400=DIRECTION('ref_axis',(1.,0.,0.));
#11401=DIRECTION('',(0.,1.,0.));
#11402=DIRECTION('',(1.,0.,0.));
#11403=DIRECTION('',(0.,1.,0.));
#11404=DIRECTION('',(1.,0.,0.));
#11405=DIRECTION('center_axis',(0.,0.,1.));
#11406=DIRECTION('ref_axis',(1.,0.,0.));
#11407=DIRECTION('',(0.,1.,0.));
#11408=DIRECTION('',(1.,0.,0.));
#11409=DIRECTION('',(0.,1.,0.));
#11410=DIRECTION('',(1.,0.,0.));
#11411=DIRECTION('center_axis',(0.,0.,1.));
#11412=DIRECTION('ref_axis',(1.,0.,0.));
#11413=DIRECTION('',(0.,1.,0.));
#11414=DIRECTION('',(1.,0.,0.));
#11415=DIRECTION('',(0.,1.,0.));
#11416=DIRECTION('',(1.,0.,0.));
#11417=DIRECTION('center_axis',(0.,0.,1.));
#11418=DIRECTION('ref_axis',(1.,0.,0.));
#11419=DIRECTION('',(0.,1.,0.));
#11420=DIRECTION('',(1.,0.,0.));
#11421=DIRECTION('',(0.,1.,0.));
#11422=DIRECTION('',(1.,0.,0.));
#11423=DIRECTION('center_axis',(0.,0.,1.));
#11424=DIRECTION('ref_axis',(1.,0.,0.));
#11425=DIRECTION('',(0.,1.,0.));
#11426=DIRECTION('',(1.,0.,0.));
#11427=DIRECTION('',(0.,1.,0.));
#11428=DIRECTION('',(1.,0.,0.));
#11429=DIRECTION('center_axis',(0.,0.,1.));
#11430=DIRECTION('ref_axis',(1.,0.,0.));
#11431=DIRECTION('',(0.,1.,0.));
#11432=DIRECTION('',(1.,0.,0.));
#11433=DIRECTION('',(0.,1.,0.));
#11434=DIRECTION('',(1.,0.,0.));
#11435=DIRECTION('center_axis',(0.,0.,1.));
#11436=DIRECTION('ref_axis',(1.,0.,0.));
#11437=DIRECTION('',(0.,1.,0.));
#11438=DIRECTION('',(1.,0.,0.));
#11439=DIRECTION('',(0.,1.,0.));
#11440=DIRECTION('',(1.,0.,0.));
#11441=DIRECTION('center_axis',(0.,0.,1.));
#11442=DIRECTION('ref_axis',(1.,0.,0.));
#11443=DIRECTION('',(0.,1.,0.));
#11444=DIRECTION('',(1.,0.,0.));
#11445=DIRECTION('',(0.,1.,0.));
#11446=DIRECTION('',(1.,0.,0.));
#11447=DIRECTION('center_axis',(0.,0.,1.));
#11448=DIRECTION('ref_axis',(1.,0.,0.));
#11449=DIRECTION('',(0.,1.,0.));
#11450=DIRECTION('',(1.,0.,0.));
#11451=DIRECTION('',(0.,1.,0.));
#11452=DIRECTION('',(1.,0.,0.));
#11453=DIRECTION('center_axis',(0.,0.,1.));
#11454=DIRECTION('ref_axis',(1.,0.,0.));
#11455=DIRECTION('',(0.,1.,0.));
#11456=DIRECTION('',(1.,0.,0.));
#11457=DIRECTION('',(0.,1.,0.));
#11458=DIRECTION('',(1.,0.,0.));
#11459=DIRECTION('center_axis',(1.73516750835689E-18,-0.707106781186548,
-0.707106781186548));
#11460=DIRECTION('ref_axis',(-1.,-1.22694871165372E-18,-1.22694871165372E-18));
#11461=DIRECTION('',(0.577350269189626,0.577350269189626,-0.577350269189626));
#11462=DIRECTION('',(-0.577350269189626,0.577350269189626,-0.577350269189626));
#11463=DIRECTION('',(1.,0.,0.));
#11464=DIRECTION('center_axis',(-0.707106781186548,-1.73516750835689E-18,
-0.707106781186548));
#11465=DIRECTION('ref_axis',(-1.22694871165372E-18,1.,-1.22694871165372E-18));
#11466=DIRECTION('',(0.,1.,0.));
#11467=DIRECTION('',(0.577350269189626,-0.577350269189626,-0.577350269189626));
#11468=DIRECTION('center_axis',(-1.73516750835689E-18,-0.707106781186548,
0.707106781186548));
#11469=DIRECTION('ref_axis',(-1.,1.22694871165372E-18,-1.22694871165372E-18));
#11470=DIRECTION('',(1.,0.,0.));
#11471=DIRECTION('',(-0.577350269189626,-0.577350269189626,-0.577350269189626));
#11472=DIRECTION('center_axis',(-0.707106781186548,1.73516750835689E-18,
0.707106781186548));
#11473=DIRECTION('ref_axis',(1.22694871165372E-18,1.,-1.22694871165372E-18));
#11474=DIRECTION('',(0.,1.,0.));
#11475=DIRECTION('center_axis',(-0.707106781186548,-1.73516750835689E-18,
-0.707106781186548));
#11476=DIRECTION('ref_axis',(-1.22694871165372E-18,1.,-1.22694871165372E-18));
#11477=DIRECTION('',(0.577350269189626,0.577350269189626,-0.577350269189626));
#11478=DIRECTION('',(0.,1.,0.));
#11479=DIRECTION('',(0.577350269189626,-0.577350269189626,-0.577350269189626));
#11480=DIRECTION('center_axis',(-1.73516750835689E-18,-0.707106781186548,
0.707106781186548));
#11481=DIRECTION('ref_axis',(-1.,1.22694871165372E-18,-1.22694871165372E-18));
#11482=DIRECTION('',(1.,0.,0.));
#11483=DIRECTION('',(-0.577350269189626,-0.577350269189626,-0.577350269189626));
#11484=DIRECTION('center_axis',(-0.707106781186548,1.73516750835689E-18,
0.707106781186548));
#11485=DIRECTION('ref_axis',(1.22694871165372E-18,1.,-1.22694871165372E-18));
#11486=DIRECTION('',(-0.577350269189626,0.577350269189626,-0.577350269189626));
#11487=DIRECTION('',(0.,1.,0.));
#11488=DIRECTION('center_axis',(1.73516750835689E-18,-0.707106781186548,
-0.707106781186548));
#11489=DIRECTION('ref_axis',(-1.,-1.22694871165372E-18,-1.22694871165372E-18));
#11490=DIRECTION('',(1.,0.,0.));
#11491=DIRECTION('center_axis',(1.73516750835689E-18,-0.707106781186548,
-0.707106781186548));
#11492=DIRECTION('ref_axis',(-1.,-1.22694871165372E-18,-1.22694871165372E-18));
#11493=DIRECTION('',(0.577350269189626,0.577350269189626,-0.577350269189626));
#11494=DIRECTION('',(-0.577350269189626,0.577350269189626,-0.577350269189626));
#11495=DIRECTION('',(1.,0.,0.));
#11496=DIRECTION('center_axis',(-0.707106781186548,-1.73516750835689E-18,
-0.707106781186548));
#11497=DIRECTION('ref_axis',(-1.22694871165372E-18,1.,-1.22694871165372E-18));
#11498=DIRECTION('',(0.,1.,0.));
#11499=DIRECTION('',(0.577350269189626,-0.577350269189626,-0.577350269189626));
#11500=DIRECTION('center_axis',(-1.73516750835689E-18,-0.707106781186548,
0.707106781186548));
#11501=DIRECTION('ref_axis',(-1.,1.22694871165372E-18,-1.22694871165372E-18));
#11502=DIRECTION('',(1.,0.,0.));
#11503=DIRECTION('',(-0.577350269189626,-0.577350269189626,-0.577350269189626));
#11504=DIRECTION('center_axis',(-0.707106781186548,1.73516750835689E-18,
0.707106781186548));
#11505=DIRECTION('ref_axis',(1.22694871165372E-18,1.,-1.22694871165372E-18));
#11506=DIRECTION('',(0.,1.,0.));
#11507=DIRECTION('center_axis',(-0.707106781186548,-1.73516750835689E-18,
-0.707106781186548));
#11508=DIRECTION('ref_axis',(-1.22694871165372E-18,1.,-1.22694871165372E-18));
#11509=DIRECTION('',(0.577350269189626,0.577350269189626,-0.577350269189626));
#11510=DIRECTION('',(0.,1.,0.));
#11511=DIRECTION('',(0.577350269189626,-0.577350269189626,-0.577350269189626));
#11512=DIRECTION('center_axis',(-1.73516750835689E-18,-0.707106781186548,
0.707106781186548));
#11513=DIRECTION('ref_axis',(-1.,1.22694871165372E-18,-1.22694871165372E-18));
#11514=DIRECTION('',(1.,0.,0.));
#11515=DIRECTION('',(-0.577350269189626,-0.577350269189626,-0.577350269189626));
#11516=DIRECTION('center_axis',(-0.707106781186548,1.73516750835689E-18,
0.707106781186548));
#11517=DIRECTION('ref_axis',(1.22694871165372E-18,1.,-1.22694871165372E-18));
#11518=DIRECTION('',(-0.577350269189626,0.577350269189626,-0.577350269189626));
#11519=DIRECTION('',(0.,1.,0.));
#11520=DIRECTION('center_axis',(1.73516750835689E-18,-0.707106781186548,
-0.707106781186548));
#11521=DIRECTION('ref_axis',(-1.,-1.22694871165372E-18,-1.22694871165372E-18));
#11522=DIRECTION('',(1.,0.,0.));
#11523=DIRECTION('center_axis',(-0.707106781186548,-1.73516750835689E-18,
-0.707106781186548));
#11524=DIRECTION('ref_axis',(-1.22694871165372E-18,1.,-1.22694871165372E-18));
#11525=DIRECTION('',(0.577350269189626,0.577350269189626,-0.577350269189626));
#11526=DIRECTION('',(0.,1.,0.));
#11527=DIRECTION('',(0.577350269189626,-0.577350269189626,-0.577350269189626));
#11528=DIRECTION('center_axis',(-1.73516750835689E-18,-0.707106781186548,
0.707106781186548));
#11529=DIRECTION('ref_axis',(-1.,1.22694871165372E-18,-1.22694871165372E-18));
#11530=DIRECTION('',(1.,0.,0.));
#11531=DIRECTION('',(-0.577350269189626,-0.577350269189626,-0.577350269189626));
#11532=DIRECTION('center_axis',(-0.707106781186548,1.73516750835689E-18,
0.707106781186548));
#11533=DIRECTION('ref_axis',(1.22694871165372E-18,1.,-1.22694871165372E-18));
#11534=DIRECTION('',(-0.577350269189626,0.577350269189626,-0.577350269189626));
#11535=DIRECTION('',(0.,1.,0.));
#11536=DIRECTION('center_axis',(1.73516750835689E-18,-0.707106781186548,
-0.707106781186548));
#11537=DIRECTION('ref_axis',(-1.,-1.22694871165372E-18,-1.22694871165372E-18));
#11538=DIRECTION('',(1.,0.,0.));
#11539=DIRECTION('center_axis',(1.73516750835689E-18,-0.707106781186548,
-0.707106781186548));
#11540=DIRECTION('ref_axis',(-1.,-1.22694871165372E-18,-1.22694871165372E-18));
#11541=DIRECTION('',(0.577350269189626,0.577350269189626,-0.577350269189626));
#11542=DIRECTION('',(-0.577350269189626,0.577350269189626,-0.577350269189626));
#11543=DIRECTION('',(1.,0.,0.));
#11544=DIRECTION('center_axis',(-0.707106781186548,-1.73516750835689E-18,
-0.707106781186548));
#11545=DIRECTION('ref_axis',(-1.22694871165372E-18,1.,-1.22694871165372E-18));
#11546=DIRECTION('',(0.,1.,0.));
#11547=DIRECTION('',(0.577350269189626,-0.577350269189626,-0.577350269189626));
#11548=DIRECTION('center_axis',(-1.73516750835689E-18,-0.707106781186548,
0.707106781186548));
#11549=DIRECTION('ref_axis',(-1.,1.22694871165372E-18,-1.22694871165372E-18));
#11550=DIRECTION('',(1.,0.,0.));
#11551=DIRECTION('',(-0.577350269189626,-0.577350269189626,-0.577350269189626));
#11552=DIRECTION('center_axis',(-0.707106781186548,1.73516750835689E-18,
0.707106781186548));
#11553=DIRECTION('ref_axis',(1.22694871165372E-18,1.,-1.22694871165372E-18));
#11554=DIRECTION('',(0.,1.,0.));
#11555=DIRECTION('center_axis',(-0.707106781186548,1.73516750835689E-18,
0.707106781186548));
#11556=DIRECTION('ref_axis',(1.22694871165372E-18,1.,-1.22694871165372E-18));
#11557=DIRECTION('',(-0.577350269189626,0.577350269189626,-0.577350269189626));
#11558=DIRECTION('',(-0.577350269189626,-0.577350269189626,-0.577350269189626));
#11559=DIRECTION('',(0.,1.,0.));
#11560=DIRECTION('center_axis',(1.73516750835689E-18,-0.707106781186548,
-0.707106781186548));
#11561=DIRECTION('ref_axis',(-1.,-1.22694871165372E-18,-1.22694871165372E-18));
#11562=DIRECTION('',(0.577350269189626,0.577350269189626,-0.577350269189626));
#11563=DIRECTION('',(1.,0.,0.));
#11564=DIRECTION('center_axis',(-0.707106781186548,-1.73516750835689E-18,
-0.707106781186548));
#11565=DIRECTION('ref_axis',(-1.22694871165372E-18,1.,-1.22694871165372E-18));
#11566=DIRECTION('',(0.,1.,0.));
#11567=DIRECTION('',(0.577350269189626,-0.577350269189626,-0.577350269189626));
#11568=DIRECTION('center_axis',(-1.73516750835689E-18,-0.707106781186548,
0.707106781186548));
#11569=DIRECTION('ref_axis',(-1.,1.22694871165372E-18,-1.22694871165372E-18));
#11570=DIRECTION('',(1.,0.,0.));
#11571=DIRECTION('center_axis',(-0.707106781186548,-1.73516750835689E-18,
-0.707106781186548));
#11572=DIRECTION('ref_axis',(-1.22694871165372E-18,1.,-1.22694871165372E-18));
#11573=DIRECTION('',(0.577350269189626,0.577350269189626,-0.577350269189626));
#11574=DIRECTION('',(0.,1.,0.));
#11575=DIRECTION('',(0.577350269189626,-0.577350269189626,-0.577350269189626));
#11576=DIRECTION('center_axis',(-1.73516750835689E-18,-0.707106781186548,
0.707106781186548));
#11577=DIRECTION('ref_axis',(-1.,1.22694871165372E-18,-1.22694871165372E-18));
#11578=DIRECTION('',(1.,0.,0.));
#11579=DIRECTION('',(-0.577350269189626,-0.577350269189626,-0.577350269189626));
#11580=DIRECTION('center_axis',(-0.707106781186548,1.73516750835689E-18,
0.707106781186548));
#11581=DIRECTION('ref_axis',(1.22694871165372E-18,1.,-1.22694871165372E-18));
#11582=DIRECTION('',(-0.577350269189626,0.577350269189626,-0.577350269189626));
#11583=DIRECTION('',(0.,1.,0.));
#11584=DIRECTION('center_axis',(1.73516750835689E-18,-0.707106781186548,
-0.707106781186548));
#11585=DIRECTION('ref_axis',(-1.,-1.22694871165372E-18,-1.22694871165372E-18));
#11586=DIRECTION('',(1.,0.,0.));
#11587=DIRECTION('center_axis',(1.73516750835689E-18,-0.707106781186548,
-0.707106781186548));
#11588=DIRECTION('ref_axis',(-1.,-1.22694871165372E-18,-1.22694871165372E-18));
#11589=DIRECTION('',(0.577350269189626,0.577350269189626,-0.577350269189626));
#11590=DIRECTION('',(-0.577350269189626,0.577350269189626,-0.577350269189626));
#11591=DIRECTION('',(1.,0.,0.));
#11592=DIRECTION('center_axis',(-0.707106781186548,-1.73516750835689E-18,
-0.707106781186548));
#11593=DIRECTION('ref_axis',(-1.22694871165372E-18,1.,-1.22694871165372E-18));
#11594=DIRECTION('',(0.,1.,0.));
#11595=DIRECTION('',(0.577350269189626,-0.577350269189626,-0.577350269189626));
#11596=DIRECTION('center_axis',(-1.73516750835689E-18,-0.707106781186548,
0.707106781186548));
#11597=DIRECTION('ref_axis',(-1.,1.22694871165372E-18,-1.22694871165372E-18));
#11598=DIRECTION('',(1.,0.,0.));
#11599=DIRECTION('',(-0.577350269189626,-0.577350269189626,-0.577350269189626));
#11600=DIRECTION('center_axis',(-0.707106781186548,1.73516750835689E-18,
0.707106781186548));
#11601=DIRECTION('ref_axis',(1.22694871165372E-18,1.,-1.22694871165372E-18));
#11602=DIRECTION('',(0.,1.,0.));
#11603=DIRECTION('center_axis',(-0.707106781186548,-1.73516750835689E-18,
-0.707106781186548));
#11604=DIRECTION('ref_axis',(-1.22694871165372E-18,1.,-1.22694871165372E-18));
#11605=DIRECTION('',(0.577350269189626,0.577350269189626,-0.577350269189626));
#11606=DIRECTION('',(0.,1.,0.));
#11607=DIRECTION('',(0.577350269189626,-0.577350269189626,-0.577350269189626));
#11608=DIRECTION('center_axis',(-1.73516750835689E-18,-0.707106781186548,
0.707106781186548));
#11609=DIRECTION('ref_axis',(-1.,1.22694871165372E-18,-1.22694871165372E-18));
#11610=DIRECTION('',(1.,0.,0.));
#11611=DIRECTION('',(-0.577350269189626,-0.577350269189626,-0.577350269189626));
#11612=DIRECTION('center_axis',(-0.707106781186548,1.73516750835689E-18,
0.707106781186548));
#11613=DIRECTION('ref_axis',(1.22694871165372E-18,1.,-1.22694871165372E-18));
#11614=DIRECTION('',(-0.577350269189626,0.577350269189626,-0.577350269189626));
#11615=DIRECTION('',(0.,1.,0.));
#11616=DIRECTION('center_axis',(1.73516750835689E-18,-0.707106781186548,
-0.707106781186548));
#11617=DIRECTION('ref_axis',(-1.,-1.22694871165372E-18,-1.22694871165372E-18));
#11618=DIRECTION('',(1.,0.,0.));
#11619=DIRECTION('center_axis',(-0.707106781186548,1.73516750835689E-18,
0.707106781186548));
#11620=DIRECTION('ref_axis',(1.22694871165372E-18,1.,-1.22694871165372E-18));
#11621=DIRECTION('',(-0.577350269189626,0.577350269189626,-0.577350269189626));
#11622=DIRECTION('',(-0.577350269189626,-0.577350269189626,-0.577350269189626));
#11623=DIRECTION('',(0.,1.,0.));
#11624=DIRECTION('center_axis',(1.73516750835689E-18,-0.707106781186548,
-0.707106781186548));
#11625=DIRECTION('ref_axis',(-1.,-1.22694871165372E-18,-1.22694871165372E-18));
#11626=DIRECTION('',(0.577350269189626,0.577350269189626,-0.577350269189626));
#11627=DIRECTION('',(1.,0.,0.));
#11628=DIRECTION('center_axis',(-0.707106781186548,-1.73516750835689E-18,
-0.707106781186548));
#11629=DIRECTION('ref_axis',(-1.22694871165372E-18,1.,-1.22694871165372E-18));
#11630=DIRECTION('',(0.,1.,0.));
#11631=DIRECTION('',(0.577350269189626,-0.577350269189626,-0.577350269189626));
#11632=DIRECTION('center_axis',(-1.73516750835689E-18,-0.707106781186548,
0.707106781186548));
#11633=DIRECTION('ref_axis',(-1.,1.22694871165372E-18,-1.22694871165372E-18));
#11634=DIRECTION('',(1.,0.,0.));
#11635=DIRECTION('center_axis',(1.73516750835689E-18,-0.707106781186548,
-0.707106781186548));
#11636=DIRECTION('ref_axis',(-1.,-1.22694871165372E-18,-1.22694871165372E-18));
#11637=DIRECTION('',(0.577350269189626,0.577350269189626,-0.577350269189626));
#11638=DIRECTION('',(-0.577350269189626,0.577350269189626,-0.577350269189626));
#11639=DIRECTION('',(1.,0.,0.));
#11640=DIRECTION('center_axis',(-0.707106781186548,-1.73516750835689E-18,
-0.707106781186548));
#11641=DIRECTION('ref_axis',(-1.22694871165372E-18,1.,-1.22694871165372E-18));
#11642=DIRECTION('',(0.,1.,0.));
#11643=DIRECTION('',(0.577350269189626,-0.577350269189626,-0.577350269189626));
#11644=DIRECTION('center_axis',(-1.73516750835689E-18,-0.707106781186548,
0.707106781186548));
#11645=DIRECTION('ref_axis',(-1.,1.22694871165372E-18,-1.22694871165372E-18));
#11646=DIRECTION('',(1.,0.,0.));
#11647=DIRECTION('',(-0.577350269189626,-0.577350269189626,-0.577350269189626));
#11648=DIRECTION('center_axis',(-0.707106781186548,1.73516750835689E-18,
0.707106781186548));
#11649=DIRECTION('ref_axis',(1.22694871165372E-18,1.,-1.22694871165372E-18));
#11650=DIRECTION('',(0.,1.,0.));
#11651=DIRECTION('center_axis',(1.73516750835689E-18,-0.707106781186548,
-0.707106781186548));
#11652=DIRECTION('ref_axis',(-1.,-1.22694871165372E-18,-1.22694871165372E-18));
#11653=DIRECTION('',(0.577350269189626,0.577350269189626,-0.577350269189626));
#11654=DIRECTION('',(-0.577350269189626,0.577350269189626,-0.577350269189626));
#11655=DIRECTION('',(1.,0.,0.));
#11656=DIRECTION('center_axis',(-0.707106781186548,-1.73516750835689E-18,
-0.707106781186548));
#11657=DIRECTION('ref_axis',(-1.22694871165372E-18,1.,-1.22694871165372E-18));
#11658=DIRECTION('',(0.,1.,0.));
#11659=DIRECTION('',(0.577350269189626,-0.577350269189626,-0.577350269189626));
#11660=DIRECTION('center_axis',(-1.73516750835689E-18,-0.707106781186548,
0.707106781186548));
#11661=DIRECTION('ref_axis',(-1.,1.22694871165372E-18,-1.22694871165372E-18));
#11662=DIRECTION('',(1.,0.,0.));
#11663=DIRECTION('',(-0.577350269189626,-0.577350269189626,-0.577350269189626));
#11664=DIRECTION('center_axis',(-0.707106781186548,1.73516750835689E-18,
0.707106781186548));
#11665=DIRECTION('ref_axis',(1.22694871165372E-18,1.,-1.22694871165372E-18));
#11666=DIRECTION('',(0.,1.,0.));
#11667=DIRECTION('center_axis',(-0.707106781186548,-1.73516750835689E-18,
-0.707106781186548));
#11668=DIRECTION('ref_axis',(-1.22694871165372E-18,1.,-1.22694871165372E-18));
#11669=DIRECTION('',(0.577350269189626,0.577350269189626,-0.577350269189626));
#11670=DIRECTION('',(0.,1.,0.));
#11671=DIRECTION('',(0.577350269189626,-0.577350269189626,-0.577350269189626));
#11672=DIRECTION('center_axis',(-1.73516750835689E-18,-0.707106781186548,
0.707106781186548));
#11673=DIRECTION('ref_axis',(-1.,1.22694871165372E-18,-1.22694871165372E-18));
#11674=DIRECTION('',(1.,0.,0.));
#11675=DIRECTION('',(-0.577350269189626,-0.577350269189626,-0.577350269189626));
#11676=DIRECTION('center_axis',(-0.707106781186548,1.73516750835689E-18,
0.707106781186548));
#11677=DIRECTION('ref_axis',(1.22694871165372E-18,1.,-1.22694871165372E-18));
#11678=DIRECTION('',(-0.577350269189626,0.577350269189626,-0.577350269189626));
#11679=DIRECTION('',(0.,1.,0.));
#11680=DIRECTION('center_axis',(1.73516750835689E-18,-0.707106781186548,
-0.707106781186548));
#11681=DIRECTION('ref_axis',(-1.,-1.22694871165372E-18,-1.22694871165372E-18));
#11682=DIRECTION('',(1.,0.,0.));
#11683=DIRECTION('center_axis',(1.73516750835689E-18,-0.707106781186548,
-0.707106781186548));
#11684=DIRECTION('ref_axis',(-1.,-1.22694871165372E-18,-1.22694871165372E-18));
#11685=DIRECTION('',(0.577350269189626,0.577350269189626,-0.577350269189626));
#11686=DIRECTION('',(-0.577350269189626,0.577350269189626,-0.577350269189626));
#11687=DIRECTION('',(1.,0.,0.));
#11688=DIRECTION('center_axis',(-0.707106781186548,-1.73516750835689E-18,
-0.707106781186548));
#11689=DIRECTION('ref_axis',(-1.22694871165372E-18,1.,-1.22694871165372E-18));
#11690=DIRECTION('',(0.,1.,0.));
#11691=DIRECTION('',(0.577350269189626,-0.577350269189626,-0.577350269189626));
#11692=DIRECTION('center_axis',(-1.73516750835689E-18,-0.707106781186548,
0.707106781186548));
#11693=DIRECTION('ref_axis',(-1.,1.22694871165372E-18,-1.22694871165372E-18));
#11694=DIRECTION('',(1.,0.,0.));
#11695=DIRECTION('',(-0.577350269189626,-0.577350269189626,-0.577350269189626));
#11696=DIRECTION('center_axis',(-0.707106781186548,1.73516750835689E-18,
0.707106781186548));
#11697=DIRECTION('ref_axis',(1.22694871165372E-18,1.,-1.22694871165372E-18));
#11698=DIRECTION('',(0.,1.,0.));
#11699=DIRECTION('center_axis',(1.73516750835689E-18,-0.707106781186548,
-0.707106781186548));
#11700=DIRECTION('ref_axis',(-1.,-1.22694871165372E-18,-1.22694871165372E-18));
#11701=DIRECTION('',(0.577350269189626,0.577350269189626,-0.577350269189626));
#11702=DIRECTION('',(-0.577350269189626,0.577350269189626,-0.577350269189626));
#11703=DIRECTION('',(1.,0.,0.));
#11704=DIRECTION('center_axis',(-0.707106781186548,-1.73516750835689E-18,
-0.707106781186548));
#11705=DIRECTION('ref_axis',(-1.22694871165372E-18,1.,-1.22694871165372E-18));
#11706=DIRECTION('',(0.,1.,0.));
#11707=DIRECTION('',(0.577350269189626,-0.577350269189626,-0.577350269189626));
#11708=DIRECTION('center_axis',(-1.73516750835689E-18,-0.707106781186548,
0.707106781186548));
#11709=DIRECTION('ref_axis',(-1.,1.22694871165372E-18,-1.22694871165372E-18));
#11710=DIRECTION('',(1.,0.,0.));
#11711=DIRECTION('',(-0.577350269189626,-0.577350269189626,-0.577350269189626));
#11712=DIRECTION('center_axis',(-0.707106781186548,1.73516750835689E-18,
0.707106781186548));
#11713=DIRECTION('ref_axis',(1.22694871165372E-18,1.,-1.22694871165372E-18));
#11714=DIRECTION('',(0.,1.,0.));
#11715=DIRECTION('center_axis',(1.73516750835689E-18,-0.707106781186548,
-0.707106781186548));
#11716=DIRECTION('ref_axis',(-1.,-1.22694871165372E-18,-1.22694871165372E-18));
#11717=DIRECTION('',(0.577350269189626,0.577350269189626,-0.577350269189626));
#11718=DIRECTION('',(-0.577350269189626,0.577350269189626,-0.577350269189626));
#11719=DIRECTION('',(1.,0.,0.));
#11720=DIRECTION('center_axis',(-0.707106781186548,-1.73516750835689E-18,
-0.707106781186548));
#11721=DIRECTION('ref_axis',(-1.22694871165372E-18,1.,-1.22694871165372E-18));
#11722=DIRECTION('',(0.,1.,0.));
#11723=DIRECTION('',(0.577350269189626,-0.577350269189626,-0.577350269189626));
#11724=DIRECTION('center_axis',(-1.73516750835689E-18,-0.707106781186548,
0.707106781186548));
#11725=DIRECTION('ref_axis',(-1.,1.22694871165372E-18,-1.22694871165372E-18));
#11726=DIRECTION('',(1.,0.,0.));
#11727=DIRECTION('',(-0.577350269189626,-0.577350269189626,-0.577350269189626));
#11728=DIRECTION('center_axis',(-0.707106781186548,1.73516750835689E-18,
0.707106781186548));
#11729=DIRECTION('ref_axis',(1.22694871165372E-18,1.,-1.22694871165372E-18));
#11730=DIRECTION('',(0.,1.,0.));
#11731=DIRECTION('center_axis',(1.73516750835689E-18,-0.707106781186548,
-0.707106781186548));
#11732=DIRECTION('ref_axis',(-1.,-1.22694871165372E-18,-1.22694871165372E-18));
#11733=DIRECTION('',(0.577350269189626,0.577350269189626,-0.577350269189626));
#11734=DIRECTION('',(-0.577350269189626,0.577350269189626,-0.577350269189626));
#11735=DIRECTION('',(1.,0.,0.));
#11736=DIRECTION('center_axis',(-0.707106781186548,-1.73516750835689E-18,
-0.707106781186548));
#11737=DIRECTION('ref_axis',(-1.22694871165372E-18,1.,-1.22694871165372E-18));
#11738=DIRECTION('',(0.,1.,0.));
#11739=DIRECTION('',(0.577350269189626,-0.577350269189626,-0.577350269189626));
#11740=DIRECTION('center_axis',(-1.73516750835689E-18,-0.707106781186548,
0.707106781186548));
#11741=DIRECTION('ref_axis',(-1.,1.22694871165372E-18,-1.22694871165372E-18));
#11742=DIRECTION('',(1.,0.,0.));
#11743=DIRECTION('',(-0.577350269189626,-0.577350269189626,-0.577350269189626));
#11744=DIRECTION('center_axis',(-0.707106781186548,1.73516750835689E-18,
0.707106781186548));
#11745=DIRECTION('ref_axis',(1.22694871165372E-18,1.,-1.22694871165372E-18));
#11746=DIRECTION('',(0.,1.,0.));
#11747=DIRECTION('center_axis',(1.73516750835689E-18,-0.707106781186548,
-0.707106781186548));
#11748=DIRECTION('ref_axis',(-1.,-1.22694871165372E-18,-1.22694871165372E-18));
#11749=DIRECTION('',(0.577350269189626,0.577350269189626,-0.577350269189626));
#11750=DIRECTION('',(-0.577350269189626,0.577350269189626,-0.577350269189626));
#11751=DIRECTION('',(1.,0.,0.));
#11752=DIRECTION('center_axis',(-0.707106781186548,-1.73516750835689E-18,
-0.707106781186548));
#11753=DIRECTION('ref_axis',(-1.22694871165372E-18,1.,-1.22694871165372E-18));
#11754=DIRECTION('',(0.,1.,0.));
#11755=DIRECTION('',(0.577350269189626,-0.577350269189626,-0.577350269189626));
#11756=DIRECTION('center_axis',(-1.73516750835689E-18,-0.707106781186548,
0.707106781186548));
#11757=DIRECTION('ref_axis',(-1.,1.22694871165372E-18,-1.22694871165372E-18));
#11758=DIRECTION('',(1.,0.,0.));
#11759=DIRECTION('',(-0.577350269189626,-0.577350269189626,-0.577350269189626));
#11760=DIRECTION('center_axis',(-0.707106781186548,1.73516750835689E-18,
0.707106781186548));
#11761=DIRECTION('ref_axis',(1.22694871165372E-18,1.,-1.22694871165372E-18));
#11762=DIRECTION('',(0.,1.,0.));
#11763=DIRECTION('center_axis',(-0.707106781186548,1.73516750835689E-18,
0.707106781186548));
#11764=DIRECTION('ref_axis',(1.22694871165372E-18,1.,-1.22694871165372E-18));
#11765=DIRECTION('',(-0.577350269189626,0.577350269189626,-0.577350269189626));
#11766=DIRECTION('',(-0.577350269189626,-0.577350269189626,-0.577350269189626));
#11767=DIRECTION('',(0.,1.,0.));
#11768=DIRECTION('center_axis',(1.73516750835689E-18,-0.707106781186548,
-0.707106781186548));
#11769=DIRECTION('ref_axis',(-1.,-1.22694871165372E-18,-1.22694871165372E-18));
#11770=DIRECTION('',(0.577350269189626,0.577350269189626,-0.577350269189626));
#11771=DIRECTION('',(1.,0.,0.));
#11772=DIRECTION('center_axis',(-0.707106781186548,-1.73516750835689E-18,
-0.707106781186548));
#11773=DIRECTION('ref_axis',(-1.22694871165372E-18,1.,-1.22694871165372E-18));
#11774=DIRECTION('',(0.,1.,0.));
#11775=DIRECTION('',(0.577350269189626,-0.577350269189626,-0.577350269189626));
#11776=DIRECTION('center_axis',(-1.73516750835689E-18,-0.707106781186548,
0.707106781186548));
#11777=DIRECTION('ref_axis',(-1.,1.22694871165372E-18,-1.22694871165372E-18));
#11778=DIRECTION('',(1.,0.,0.));
#11779=DIRECTION('center_axis',(0.,-1.,0.));
#11780=DIRECTION('ref_axis',(0.,0.,-1.));
#11781=DIRECTION('',(0.,0.,-1.));
#11782=DIRECTION('',(-1.,0.,0.));
#11783=DIRECTION('',(0.,0.,-1.));
#11784=DIRECTION('center_axis',(-1.,0.,0.));
#11785=DIRECTION('ref_axis',(0.,0.,-1.));
#11786=DIRECTION('',(0.,1.,0.));
#11787=DIRECTION('',(0.,0.,-1.));
#11788=DIRECTION('center_axis',(0.,-1.,0.));
#11789=DIRECTION('ref_axis',(0.,0.,-1.));
#11790=DIRECTION('',(0.,0.,-1.));
#11791=DIRECTION('',(-1.,0.,0.));
#11792=DIRECTION('center_axis',(-1.,0.,0.));
#11793=DIRECTION('ref_axis',(0.,0.,-1.));
#11794=DIRECTION('',(0.,1.,0.));
#11795=DIRECTION('center_axis',(-1.,0.,0.));
#11796=DIRECTION('ref_axis',(0.,0.,-1.));
#11797=DIRECTION('',(0.,0.,-1.));
#11798=DIRECTION('',(0.,1.,0.));
#11799=DIRECTION('',(0.,0.,-1.));
#11800=DIRECTION('center_axis',(0.,-1.,0.));
#11801=DIRECTION('ref_axis',(0.,0.,-1.));
#11802=DIRECTION('',(0.,0.,-1.));
#11803=DIRECTION('',(-1.,0.,0.));
#11804=DIRECTION('center_axis',(-1.,0.,0.));
#11805=DIRECTION('ref_axis',(0.,0.,-1.));
#11806=DIRECTION('',(0.,0.,-1.));
#11807=DIRECTION('',(0.,1.,0.));
#11808=DIRECTION('center_axis',(0.,-1.,0.));
#11809=DIRECTION('ref_axis',(0.,0.,-1.));
#11810=DIRECTION('',(-1.,0.,0.));
#11811=DIRECTION('center_axis',(0.,-1.,0.));
#11812=DIRECTION('ref_axis',(0.,0.,-1.));
#11813=DIRECTION('',(0.,0.,-1.));
#11814=DIRECTION('',(-1.,0.,0.));
#11815=DIRECTION('',(0.,0.,-1.));
#11816=DIRECTION('center_axis',(-1.,0.,0.));
#11817=DIRECTION('ref_axis',(0.,0.,-1.));
#11818=DIRECTION('',(0.,1.,0.));
#11819=DIRECTION('',(0.,0.,-1.));
#11820=DIRECTION('center_axis',(0.,-1.,0.));
#11821=DIRECTION('ref_axis',(0.,0.,-1.));
#11822=DIRECTION('',(0.,0.,-1.));
#11823=DIRECTION('',(-1.,0.,0.));
#11824=DIRECTION('center_axis',(-1.,0.,0.));
#11825=DIRECTION('ref_axis',(0.,0.,-1.));
#11826=DIRECTION('',(0.,1.,0.));
#11827=DIRECTION('center_axis',(-1.,0.,0.));
#11828=DIRECTION('ref_axis',(0.,0.,-1.));
#11829=DIRECTION('',(0.,0.,-1.));
#11830=DIRECTION('',(0.,1.,0.));
#11831=DIRECTION('',(0.,0.,-1.));
#11832=DIRECTION('center_axis',(0.,-1.,0.));
#11833=DIRECTION('ref_axis',(0.,0.,-1.));
#11834=DIRECTION('',(0.,0.,-1.));
#11835=DIRECTION('',(-1.,0.,0.));
#11836=DIRECTION('center_axis',(-1.,0.,0.));
#11837=DIRECTION('ref_axis',(0.,0.,-1.));
#11838=DIRECTION('',(0.,0.,-1.));
#11839=DIRECTION('',(0.,1.,0.));
#11840=DIRECTION('center_axis',(0.,-1.,0.));
#11841=DIRECTION('ref_axis',(0.,0.,-1.));
#11842=DIRECTION('',(-1.,0.,0.));
#11843=DIRECTION('center_axis',(-1.,0.,0.));
#11844=DIRECTION('ref_axis',(0.,0.,-1.));
#11845=DIRECTION('',(0.,0.,-1.));
#11846=DIRECTION('',(0.,1.,0.));
#11847=DIRECTION('',(0.,0.,-1.));
#11848=DIRECTION('center_axis',(0.,-1.,0.));
#11849=DIRECTION('ref_axis',(0.,0.,-1.));
#11850=DIRECTION('',(0.,0.,-1.));
#11851=DIRECTION('',(-1.,0.,0.));
#11852=DIRECTION('center_axis',(-1.,0.,0.));
#11853=DIRECTION('ref_axis',(0.,0.,-1.));
#11854=DIRECTION('',(0.,0.,-1.));
#11855=DIRECTION('',(0.,1.,0.));
#11856=DIRECTION('center_axis',(0.,-1.,0.));
#11857=DIRECTION('ref_axis',(0.,0.,-1.));
#11858=DIRECTION('',(-1.,0.,0.));
#11859=DIRECTION('center_axis',(0.,-1.,0.));
#11860=DIRECTION('ref_axis',(0.,0.,-1.));
#11861=DIRECTION('',(0.,0.,-1.));
#11862=DIRECTION('',(-1.,0.,0.));
#11863=DIRECTION('',(0.,0.,-1.));
#11864=DIRECTION('center_axis',(-1.,0.,0.));
#11865=DIRECTION('ref_axis',(0.,0.,-1.));
#11866=DIRECTION('',(0.,1.,0.));
#11867=DIRECTION('',(0.,0.,-1.));
#11868=DIRECTION('center_axis',(0.,-1.,0.));
#11869=DIRECTION('ref_axis',(0.,0.,-1.));
#11870=DIRECTION('',(0.,0.,-1.));
#11871=DIRECTION('',(-1.,0.,0.));
#11872=DIRECTION('center_axis',(-1.,0.,0.));
#11873=DIRECTION('ref_axis',(0.,0.,-1.));
#11874=DIRECTION('',(0.,1.,0.));
#11875=DIRECTION('center_axis',(-1.,0.,0.));
#11876=DIRECTION('ref_axis',(0.,0.,-1.));
#11877=DIRECTION('',(0.,0.,-1.));
#11878=DIRECTION('',(0.,0.,-1.));
#11879=DIRECTION('',(0.,1.,0.));
#11880=DIRECTION('center_axis',(0.,-1.,0.));
#11881=DIRECTION('ref_axis',(0.,0.,-1.));
#11882=DIRECTION('',(-1.,0.,0.));
#11883=DIRECTION('',(0.,0.,-1.));
#11884=DIRECTION('center_axis',(-1.,0.,0.));
#11885=DIRECTION('ref_axis',(0.,0.,-1.));
#11886=DIRECTION('',(0.,1.,0.));
#11887=DIRECTION('',(0.,0.,-1.));
#11888=DIRECTION('center_axis',(0.,-1.,0.));
#11889=DIRECTION('ref_axis',(0.,0.,-1.));
#11890=DIRECTION('',(-1.,0.,0.));
#11891=DIRECTION('center_axis',(-1.,0.,0.));
#11892=DIRECTION('ref_axis',(0.,0.,-1.));
#11893=DIRECTION('',(0.,0.,-1.));
#11894=DIRECTION('',(0.,1.,0.));
#11895=DIRECTION('',(0.,0.,-1.));
#11896=DIRECTION('center_axis',(0.,-1.,0.));
#11897=DIRECTION('ref_axis',(0.,0.,-1.));
#11898=DIRECTION('',(0.,0.,-1.));
#11899=DIRECTION('',(-1.,0.,0.));
#11900=DIRECTION('center_axis',(-1.,0.,0.));
#11901=DIRECTION('ref_axis',(0.,0.,-1.));
#11902=DIRECTION('',(0.,0.,-1.));
#11903=DIRECTION('',(0.,1.,0.));
#11904=DIRECTION('center_axis',(0.,-1.,0.));
#11905=DIRECTION('ref_axis',(0.,0.,-1.));
#11906=DIRECTION('',(-1.,0.,0.));
#11907=DIRECTION('center_axis',(0.,-1.,0.));
#11908=DIRECTION('ref_axis',(0.,0.,-1.));
#11909=DIRECTION('',(0.,0.,-1.));
#11910=DIRECTION('',(-1.,0.,0.));
#11911=DIRECTION('',(0.,0.,-1.));
#11912=DIRECTION('center_axis',(-1.,0.,0.));
#11913=DIRECTION('ref_axis',(0.,0.,-1.));
#11914=DIRECTION('',(0.,1.,0.));
#11915=DIRECTION('',(0.,0.,-1.));
#11916=DIRECTION('center_axis',(0.,-1.,0.));
#11917=DIRECTION('ref_axis',(0.,0.,-1.));
#11918=DIRECTION('',(0.,0.,-1.));
#11919=DIRECTION('',(-1.,0.,0.));
#11920=DIRECTION('center_axis',(-1.,0.,0.));
#11921=DIRECTION('ref_axis',(0.,0.,-1.));
#11922=DIRECTION('',(0.,1.,0.));
#11923=DIRECTION('center_axis',(-1.,0.,0.));
#11924=DIRECTION('ref_axis',(0.,0.,-1.));
#11925=DIRECTION('',(0.,0.,-1.));
#11926=DIRECTION('',(0.,1.,0.));
#11927=DIRECTION('',(0.,0.,-1.));
#11928=DIRECTION('center_axis',(0.,-1.,0.));
#11929=DIRECTION('ref_axis',(0.,0.,-1.));
#11930=DIRECTION('',(0.,0.,-1.));
#11931=DIRECTION('',(-1.,0.,0.));
#11932=DIRECTION('center_axis',(-1.,0.,0.));
#11933=DIRECTION('ref_axis',(0.,0.,-1.));
#11934=DIRECTION('',(0.,0.,-1.));
#11935=DIRECTION('',(0.,1.,0.));
#11936=DIRECTION('center_axis',(0.,-1.,0.));
#11937=DIRECTION('ref_axis',(0.,0.,-1.));
#11938=DIRECTION('',(-1.,0.,0.));
#11939=DIRECTION('center_axis',(-1.,0.,0.));
#11940=DIRECTION('ref_axis',(0.,0.,-1.));
#11941=DIRECTION('',(0.,0.,-1.));
#11942=DIRECTION('',(0.,0.,-1.));
#11943=DIRECTION('',(0.,1.,0.));
#11944=DIRECTION('center_axis',(0.,-1.,0.));
#11945=DIRECTION('ref_axis',(0.,0.,-1.));
#11946=DIRECTION('',(-1.,0.,0.));
#11947=DIRECTION('',(0.,0.,-1.));
#11948=DIRECTION('center_axis',(-1.,0.,0.));
#11949=DIRECTION('ref_axis',(0.,0.,-1.));
#11950=DIRECTION('',(0.,1.,0.));
#11951=DIRECTION('',(0.,0.,-1.));
#11952=DIRECTION('center_axis',(0.,-1.,0.));
#11953=DIRECTION('ref_axis',(0.,0.,-1.));
#11954=DIRECTION('',(-1.,0.,0.));
#11955=DIRECTION('center_axis',(0.,-1.,0.));
#11956=DIRECTION('ref_axis',(0.,0.,-1.));
#11957=DIRECTION('',(0.,0.,-1.));
#11958=DIRECTION('',(-1.,0.,0.));
#11959=DIRECTION('',(0.,0.,-1.));
#11960=DIRECTION('center_axis',(-1.,0.,0.));
#11961=DIRECTION('ref_axis',(0.,0.,-1.));
#11962=DIRECTION('',(0.,1.,0.));
#11963=DIRECTION('',(0.,0.,-1.));
#11964=DIRECTION('center_axis',(0.,-1.,0.));
#11965=DIRECTION('ref_axis',(0.,0.,-1.));
#11966=DIRECTION('',(0.,0.,-1.));
#11967=DIRECTION('',(-1.,0.,0.));
#11968=DIRECTION('center_axis',(-1.,0.,0.));
#11969=DIRECTION('ref_axis',(0.,0.,-1.));
#11970=DIRECTION('',(0.,1.,0.));
#11971=DIRECTION('center_axis',(0.,-1.,0.));
#11972=DIRECTION('ref_axis',(0.,0.,-1.));
#11973=DIRECTION('',(0.,0.,-1.));
#11974=DIRECTION('',(-1.,0.,0.));
#11975=DIRECTION('',(0.,0.,-1.));
#11976=DIRECTION('center_axis',(-1.,0.,0.));
#11977=DIRECTION('ref_axis',(0.,0.,-1.));
#11978=DIRECTION('',(0.,1.,0.));
#11979=DIRECTION('',(0.,0.,-1.));
#11980=DIRECTION('center_axis',(0.,-1.,0.));
#11981=DIRECTION('ref_axis',(0.,0.,-1.));
#11982=DIRECTION('',(0.,0.,-1.));
#11983=DIRECTION('',(-1.,0.,0.));
#11984=DIRECTION('center_axis',(-1.,0.,0.));
#11985=DIRECTION('ref_axis',(0.,0.,-1.));
#11986=DIRECTION('',(0.,1.,0.));
#11987=DIRECTION('center_axis',(-1.,0.,0.));
#11988=DIRECTION('ref_axis',(0.,0.,-1.));
#11989=DIRECTION('',(0.,0.,-1.));
#11990=DIRECTION('',(0.,1.,0.));
#11991=DIRECTION('',(0.,0.,-1.));
#11992=DIRECTION('center_axis',(0.,-1.,0.));
#11993=DIRECTION('ref_axis',(0.,0.,-1.));
#11994=DIRECTION('',(0.,0.,-1.));
#11995=DIRECTION('',(-1.,0.,0.));
#11996=DIRECTION('center_axis',(-1.,0.,0.));
#11997=DIRECTION('ref_axis',(0.,0.,-1.));
#11998=DIRECTION('',(0.,0.,-1.));
#11999=DIRECTION('',(0.,1.,0.));
#12000=DIRECTION('center_axis',(0.,-1.,0.));
#12001=DIRECTION('ref_axis',(0.,0.,-1.));
#12002=DIRECTION('',(-1.,0.,0.));
#12003=DIRECTION('center_axis',(0.,-1.,0.));
#12004=DIRECTION('ref_axis',(0.,0.,-1.));
#12005=DIRECTION('',(0.,0.,-1.));
#12006=DIRECTION('',(-1.,0.,0.));
#12007=DIRECTION('',(0.,0.,-1.));
#12008=DIRECTION('center_axis',(-1.,0.,0.));
#12009=DIRECTION('ref_axis',(0.,0.,-1.));
#12010=DIRECTION('',(0.,1.,0.));
#12011=DIRECTION('',(0.,0.,-1.));
#12012=DIRECTION('center_axis',(0.,-1.,0.));
#12013=DIRECTION('ref_axis',(0.,0.,-1.));
#12014=DIRECTION('',(0.,0.,-1.));
#12015=DIRECTION('',(-1.,0.,0.));
#12016=DIRECTION('center_axis',(-1.,0.,0.));
#12017=DIRECTION('ref_axis',(0.,0.,-1.));
#12018=DIRECTION('',(0.,1.,0.));
#12019=DIRECTION('center_axis',(0.,-1.,0.));
#12020=DIRECTION('ref_axis',(0.,0.,-1.));
#12021=DIRECTION('',(0.,0.,-1.));
#12022=DIRECTION('',(-1.,0.,0.));
#12023=DIRECTION('',(0.,0.,-1.));
#12024=DIRECTION('center_axis',(-1.,0.,0.));
#12025=DIRECTION('ref_axis',(0.,0.,-1.));
#12026=DIRECTION('',(0.,1.,0.));
#12027=DIRECTION('',(0.,0.,-1.));
#12028=DIRECTION('center_axis',(0.,-1.,0.));
#12029=DIRECTION('ref_axis',(0.,0.,-1.));
#12030=DIRECTION('',(0.,0.,-1.));
#12031=DIRECTION('',(-1.,0.,0.));
#12032=DIRECTION('center_axis',(-1.,0.,0.));
#12033=DIRECTION('ref_axis',(0.,0.,-1.));
#12034=DIRECTION('',(0.,1.,0.));
#12035=DIRECTION('center_axis',(0.,-1.,0.));
#12036=DIRECTION('ref_axis',(0.,0.,-1.));
#12037=DIRECTION('',(0.,0.,-1.));
#12038=DIRECTION('',(-1.,0.,0.));
#12039=DIRECTION('',(0.,0.,-1.));
#12040=DIRECTION('center_axis',(-1.,0.,0.));
#12041=DIRECTION('ref_axis',(0.,0.,-1.));
#12042=DIRECTION('',(0.,1.,0.));
#12043=DIRECTION('',(0.,0.,-1.));
#12044=DIRECTION('center_axis',(0.,-1.,0.));
#12045=DIRECTION('ref_axis',(0.,0.,-1.));
#12046=DIRECTION('',(0.,0.,-1.));
#12047=DIRECTION('',(-1.,0.,0.));
#12048=DIRECTION('center_axis',(-1.,0.,0.));
#12049=DIRECTION('ref_axis',(0.,0.,-1.));
#12050=DIRECTION('',(0.,1.,0.));
#12051=DIRECTION('center_axis',(0.,-1.,0.));
#12052=DIRECTION('ref_axis',(0.,0.,-1.));
#12053=DIRECTION('',(0.,0.,-1.));
#12054=DIRECTION('',(-1.,0.,0.));
#12055=DIRECTION('',(0.,0.,-1.));
#12056=DIRECTION('center_axis',(-1.,0.,0.));
#12057=DIRECTION('ref_axis',(0.,0.,-1.));
#12058=DIRECTION('',(0.,1.,0.));
#12059=DIRECTION('',(0.,0.,-1.));
#12060=DIRECTION('center_axis',(0.,-1.,0.));
#12061=DIRECTION('ref_axis',(0.,0.,-1.));
#12062=DIRECTION('',(0.,0.,-1.));
#12063=DIRECTION('',(-1.,0.,0.));
#12064=DIRECTION('center_axis',(-1.,0.,0.));
#12065=DIRECTION('ref_axis',(0.,0.,-1.));
#12066=DIRECTION('',(0.,1.,0.));
#12067=DIRECTION('center_axis',(0.,-1.,0.));
#12068=DIRECTION('ref_axis',(0.,0.,-1.));
#12069=DIRECTION('',(0.,0.,-1.));
#12070=DIRECTION('',(-1.,0.,0.));
#12071=DIRECTION('',(0.,0.,-1.));
#12072=DIRECTION('center_axis',(-1.,0.,0.));
#12073=DIRECTION('ref_axis',(0.,0.,-1.));
#12074=DIRECTION('',(0.,1.,0.));
#12075=DIRECTION('',(0.,0.,-1.));
#12076=DIRECTION('center_axis',(0.,-1.,0.));
#12077=DIRECTION('ref_axis',(0.,0.,-1.));
#12078=DIRECTION('',(0.,0.,-1.));
#12079=DIRECTION('',(-1.,0.,0.));
#12080=DIRECTION('center_axis',(-1.,0.,0.));
#12081=DIRECTION('ref_axis',(0.,0.,-1.));
#12082=DIRECTION('',(0.,1.,0.));
#12083=DIRECTION('center_axis',(-1.,0.,0.));
#12084=DIRECTION('ref_axis',(0.,0.,-1.));
#12085=DIRECTION('',(0.,0.,-1.));
#12086=DIRECTION('',(0.,0.,-1.));
#12087=DIRECTION('',(0.,1.,0.));
#12088=DIRECTION('center_axis',(0.,-1.,0.));
#12089=DIRECTION('ref_axis',(0.,0.,-1.));
#12090=DIRECTION('',(-1.,0.,0.));
#12091=DIRECTION('',(0.,0.,-1.));
#12092=DIRECTION('center_axis',(-1.,0.,0.));
#12093=DIRECTION('ref_axis',(0.,0.,-1.));
#12094=DIRECTION('',(0.,1.,0.));
#12095=DIRECTION('',(0.,0.,-1.));
#12096=DIRECTION('center_axis',(0.,-1.,0.));
#12097=DIRECTION('ref_axis',(0.,0.,-1.));
#12098=DIRECTION('',(-1.,0.,0.));
#12099=DIRECTION('center_axis',(0.,-1.,0.));
#12100=DIRECTION('ref_axis',(1.,0.,0.));
#12101=DIRECTION('',(0.,0.,1.));
#12102=DIRECTION('',(0.,0.,-1.));
#12103=DIRECTION('',(1.,0.,0.));
#12104=DIRECTION('center_axis',(-0.707106781186548,-0.707106781186548,0.));
#12105=DIRECTION('ref_axis',(0.707106781186548,-0.707106781186548,0.));
#12106=DIRECTION('',(0.,0.,-1.));
#12107=DIRECTION('',(0.707106781186548,-0.707106781186548,0.));
#12108=DIRECTION('center_axis',(-1.,0.,0.));
#12109=DIRECTION('ref_axis',(0.,-1.,0.));
#12110=DIRECTION('',(0.,0.,-1.));
#12111=DIRECTION('',(0.,-1.,0.));
#12112=DIRECTION('center_axis',(-0.707106781186548,0.707106781186548,0.));
#12113=DIRECTION('ref_axis',(-0.707106781186548,-0.707106781186548,0.));
#12114=DIRECTION('',(0.,0.,-1.));
#12115=DIRECTION('',(-0.707106781186548,-0.707106781186548,0.));
#12116=DIRECTION('center_axis',(-0.707106781186548,-0.707106781186548,0.));
#12117=DIRECTION('ref_axis',(0.707106781186548,-0.707106781186548,0.));
#12118=DIRECTION('',(0.,0.,-1.));
#12119=DIRECTION('',(0.707106781186548,-0.707106781186548,0.));
#12120=DIRECTION('center_axis',(-1.,0.,0.));
#12121=DIRECTION('ref_axis',(0.,-1.,0.));
#12122=DIRECTION('',(0.,0.,-1.));
#12123=DIRECTION('',(0.,-1.,0.));
#12124=DIRECTION('center_axis',(-0.707106781186548,0.707106781186548,0.));
#12125=DIRECTION('ref_axis',(-0.707106781186548,-0.707106781186548,0.));
#12126=DIRECTION('',(0.,0.,-1.));
#12127=DIRECTION('',(-0.707106781186548,-0.707106781186548,0.));
#12128=DIRECTION('center_axis',(-0.707106781186548,-0.707106781186548,0.));
#12129=DIRECTION('ref_axis',(0.707106781186548,-0.707106781186548,0.));
#12130=DIRECTION('',(0.,0.,-1.));
#12131=DIRECTION('',(0.707106781186548,-0.707106781186548,0.));
#12132=DIRECTION('center_axis',(-1.,0.,0.));
#12133=DIRECTION('ref_axis',(0.,-1.,0.));
#12134=DIRECTION('',(0.,0.,-1.));
#12135=DIRECTION('',(0.,-1.,0.));
#12136=DIRECTION('center_axis',(-0.707106781186548,0.707106781186548,0.));
#12137=DIRECTION('ref_axis',(-0.707106781186548,-0.707106781186548,0.));
#12138=DIRECTION('',(0.,0.,-1.));
#12139=DIRECTION('',(-0.707106781186548,-0.707106781186548,0.));
#12140=DIRECTION('center_axis',(-0.707106781186548,-0.707106781186548,0.));
#12141=DIRECTION('ref_axis',(0.707106781186548,-0.707106781186548,0.));
#12142=DIRECTION('',(0.,0.,-1.));
#12143=DIRECTION('',(0.707106781186548,-0.707106781186548,0.));
#12144=DIRECTION('center_axis',(-1.,0.,0.));
#12145=DIRECTION('ref_axis',(0.,-1.,0.));
#12146=DIRECTION('',(0.,0.,-1.));
#12147=DIRECTION('',(0.,-1.,0.));
#12148=DIRECTION('center_axis',(-0.707106781186548,0.707106781186548,0.));
#12149=DIRECTION('ref_axis',(-0.707106781186548,-0.707106781186548,0.));
#12150=DIRECTION('',(0.,0.,-1.));
#12151=DIRECTION('',(-0.707106781186548,-0.707106781186548,0.));
#12152=DIRECTION('center_axis',(-0.707106781186548,-0.707106781186548,0.));
#12153=DIRECTION('ref_axis',(0.707106781186548,-0.707106781186548,0.));
#12154=DIRECTION('',(0.,0.,-1.));
#12155=DIRECTION('',(0.707106781186548,-0.707106781186548,0.));
#12156=DIRECTION('center_axis',(-1.,0.,0.));
#12157=DIRECTION('ref_axis',(0.,-1.,0.));
#12158=DIRECTION('',(0.,0.,-1.));
#12159=DIRECTION('',(0.,-1.,0.));
#12160=DIRECTION('center_axis',(-0.707106781186548,0.707106781186548,0.));
#12161=DIRECTION('ref_axis',(-0.707106781186548,-0.707106781186548,0.));
#12162=DIRECTION('',(0.,0.,-1.));
#12163=DIRECTION('',(-0.707106781186548,-0.707106781186548,0.));
#12164=DIRECTION('center_axis',(-0.707106781186548,-0.707106781186548,0.));
#12165=DIRECTION('ref_axis',(0.707106781186548,-0.707106781186548,0.));
#12166=DIRECTION('',(0.,0.,-1.));
#12167=DIRECTION('',(0.707106781186548,-0.707106781186548,0.));
#12168=DIRECTION('center_axis',(-1.,0.,0.));
#12169=DIRECTION('ref_axis',(0.,-1.,0.));
#12170=DIRECTION('',(0.,0.,-1.));
#12171=DIRECTION('',(0.,-1.,0.));
#12172=DIRECTION('center_axis',(-0.707106781186548,0.707106781186548,0.));
#12173=DIRECTION('ref_axis',(-0.707106781186548,-0.707106781186548,0.));
#12174=DIRECTION('',(0.,0.,-1.));
#12175=DIRECTION('',(-0.707106781186548,-0.707106781186548,0.));
#12176=DIRECTION('center_axis',(-0.707106781186548,-0.707106781186548,0.));
#12177=DIRECTION('ref_axis',(0.707106781186548,-0.707106781186548,0.));
#12178=DIRECTION('',(0.,0.,-1.));
#12179=DIRECTION('',(0.707106781186548,-0.707106781186548,0.));
#12180=DIRECTION('center_axis',(-1.,0.,0.));
#12181=DIRECTION('ref_axis',(0.,-1.,0.));
#12182=DIRECTION('',(0.,0.,-1.));
#12183=DIRECTION('',(0.,-1.,0.));
#12184=DIRECTION('center_axis',(-0.707106781186548,0.707106781186548,0.));
#12185=DIRECTION('ref_axis',(-0.707106781186548,-0.707106781186548,0.));
#12186=DIRECTION('',(0.,0.,-1.));
#12187=DIRECTION('',(-0.707106781186548,-0.707106781186548,0.));
#12188=DIRECTION('center_axis',(-0.707106781186548,-0.707106781186548,0.));
#12189=DIRECTION('ref_axis',(0.707106781186548,-0.707106781186548,0.));
#12190=DIRECTION('',(0.,0.,-1.));
#12191=DIRECTION('',(0.707106781186548,-0.707106781186548,0.));
#12192=DIRECTION('center_axis',(-1.,0.,0.));
#12193=DIRECTION('ref_axis',(0.,-1.,0.));
#12194=DIRECTION('',(0.,0.,-1.));
#12195=DIRECTION('',(0.,-1.,0.));
#12196=DIRECTION('center_axis',(-0.707106781186548,0.707106781186548,0.));
#12197=DIRECTION('ref_axis',(-0.707106781186548,-0.707106781186548,0.));
#12198=DIRECTION('',(0.,0.,-1.));
#12199=DIRECTION('',(-0.707106781186548,-0.707106781186548,0.));
#12200=DIRECTION('center_axis',(-0.707106781186548,-0.707106781186548,0.));
#12201=DIRECTION('ref_axis',(0.707106781186548,-0.707106781186548,0.));
#12202=DIRECTION('',(0.,0.,-1.));
#12203=DIRECTION('',(0.707106781186548,-0.707106781186548,0.));
#12204=DIRECTION('center_axis',(-1.,0.,0.));
#12205=DIRECTION('ref_axis',(0.,-1.,0.));
#12206=DIRECTION('',(0.,0.,-1.));
#12207=DIRECTION('',(0.,-1.,0.));
#12208=DIRECTION('center_axis',(-0.707106781186548,0.707106781186548,0.));
#12209=DIRECTION('ref_axis',(-0.707106781186548,-0.707106781186548,0.));
#12210=DIRECTION('',(0.,0.,-1.));
#12211=DIRECTION('',(-0.707106781186548,-0.707106781186548,0.));
#12212=DIRECTION('center_axis',(-0.707106781186548,-0.707106781186548,0.));
#12213=DIRECTION('ref_axis',(0.707106781186548,-0.707106781186548,0.));
#12214=DIRECTION('',(0.,0.,-1.));
#12215=DIRECTION('',(0.707106781186548,-0.707106781186548,0.));
#12216=DIRECTION('center_axis',(-1.,0.,0.));
#12217=DIRECTION('ref_axis',(0.,-1.,0.));
#12218=DIRECTION('',(0.,0.,-1.));
#12219=DIRECTION('',(0.,-1.,0.));
#12220=DIRECTION('center_axis',(-0.707106781186548,0.707106781186548,0.));
#12221=DIRECTION('ref_axis',(-0.707106781186548,-0.707106781186548,0.));
#12222=DIRECTION('',(0.,0.,-1.));
#12223=DIRECTION('',(-0.707106781186548,-0.707106781186548,0.));
#12224=DIRECTION('center_axis',(-0.707106781186548,-0.707106781186548,0.));
#12225=DIRECTION('ref_axis',(0.707106781186548,-0.707106781186548,0.));
#12226=DIRECTION('',(0.,0.,-1.));
#12227=DIRECTION('',(0.707106781186548,-0.707106781186548,0.));
#12228=DIRECTION('center_axis',(-1.,0.,0.));
#12229=DIRECTION('ref_axis',(0.,-1.,0.));
#12230=DIRECTION('',(0.,0.,-1.));
#12231=DIRECTION('',(0.,-1.,0.));
#12232=DIRECTION('center_axis',(-0.707106781186548,0.707106781186548,0.));
#12233=DIRECTION('ref_axis',(-0.707106781186548,-0.707106781186548,0.));
#12234=DIRECTION('',(0.,0.,-1.));
#12235=DIRECTION('',(-0.707106781186548,-0.707106781186548,0.));
#12236=DIRECTION('center_axis',(-0.707106781186548,-0.707106781186548,0.));
#12237=DIRECTION('ref_axis',(0.707106781186548,-0.707106781186548,0.));
#12238=DIRECTION('',(0.,0.,-1.));
#12239=DIRECTION('',(0.707106781186548,-0.707106781186548,0.));
#12240=DIRECTION('center_axis',(-1.,0.,0.));
#12241=DIRECTION('ref_axis',(0.,-1.,0.));
#12242=DIRECTION('',(0.,0.,-1.));
#12243=DIRECTION('',(0.,-1.,0.));
#12244=DIRECTION('center_axis',(-0.707106781186548,0.707106781186548,0.));
#12245=DIRECTION('ref_axis',(-0.707106781186548,-0.707106781186548,0.));
#12246=DIRECTION('',(0.,0.,-1.));
#12247=DIRECTION('',(-0.707106781186548,-0.707106781186548,0.));
#12248=DIRECTION('center_axis',(-0.707106781186548,-0.707106781186548,0.));
#12249=DIRECTION('ref_axis',(0.707106781186548,-0.707106781186548,0.));
#12250=DIRECTION('',(0.,0.,-1.));
#12251=DIRECTION('',(0.707106781186548,-0.707106781186548,0.));
#12252=DIRECTION('center_axis',(-1.,0.,0.));
#12253=DIRECTION('ref_axis',(0.,-1.,0.));
#12254=DIRECTION('',(0.,0.,-1.));
#12255=DIRECTION('',(0.,-1.,0.));
#12256=DIRECTION('center_axis',(-0.707106781186548,0.707106781186548,0.));
#12257=DIRECTION('ref_axis',(-0.707106781186548,-0.707106781186548,0.));
#12258=DIRECTION('',(0.,0.,-1.));
#12259=DIRECTION('',(-0.707106781186548,-0.707106781186548,0.));
#12260=DIRECTION('center_axis',(-0.707106781186548,-0.707106781186548,0.));
#12261=DIRECTION('ref_axis',(0.707106781186548,-0.707106781186548,0.));
#12262=DIRECTION('',(0.,0.,-1.));
#12263=DIRECTION('',(0.707106781186548,-0.707106781186548,0.));
#12264=DIRECTION('center_axis',(-1.,0.,0.));
#12265=DIRECTION('ref_axis',(0.,-1.,0.));
#12266=DIRECTION('',(0.,0.,-1.));
#12267=DIRECTION('',(0.,-1.,0.));
#12268=DIRECTION('center_axis',(-0.707106781186548,0.707106781186548,0.));
#12269=DIRECTION('ref_axis',(-0.707106781186548,-0.707106781186548,0.));
#12270=DIRECTION('',(0.,0.,-1.));
#12271=DIRECTION('',(-0.707106781186548,-0.707106781186548,0.));
#12272=DIRECTION('center_axis',(-0.707106781186548,-0.707106781186548,0.));
#12273=DIRECTION('ref_axis',(0.707106781186548,-0.707106781186548,0.));
#12274=DIRECTION('',(0.,0.,-1.));
#12275=DIRECTION('',(0.707106781186548,-0.707106781186548,0.));
#12276=DIRECTION('center_axis',(-1.,0.,0.));
#12277=DIRECTION('ref_axis',(0.,-1.,0.));
#12278=DIRECTION('',(0.,0.,-1.));
#12279=DIRECTION('',(0.,-1.,0.));
#12280=DIRECTION('center_axis',(-0.707106781186548,0.707106781186548,0.));
#12281=DIRECTION('ref_axis',(-0.707106781186548,-0.707106781186548,0.));
#12282=DIRECTION('',(0.,0.,-1.));
#12283=DIRECTION('',(-0.707106781186548,-0.707106781186548,0.));
#12284=DIRECTION('center_axis',(-0.707106781186548,-0.707106781186548,0.));
#12285=DIRECTION('ref_axis',(0.707106781186548,-0.707106781186548,0.));
#12286=DIRECTION('',(0.,0.,-1.));
#12287=DIRECTION('',(0.707106781186548,-0.707106781186548,0.));
#12288=DIRECTION('center_axis',(-1.,0.,0.));
#12289=DIRECTION('ref_axis',(0.,-1.,0.));
#12290=DIRECTION('',(0.,0.,-1.));
#12291=DIRECTION('',(0.,-1.,0.));
#12292=DIRECTION('center_axis',(-0.707106781186548,0.707106781186548,0.));
#12293=DIRECTION('ref_axis',(-0.707106781186548,-0.707106781186548,0.));
#12294=DIRECTION('',(0.,0.,-1.));
#12295=DIRECTION('',(-0.707106781186548,-0.707106781186548,0.));
#12296=DIRECTION('center_axis',(-0.707106781186548,-0.707106781186548,0.));
#12297=DIRECTION('ref_axis',(0.707106781186548,-0.707106781186548,0.));
#12298=DIRECTION('',(0.,0.,-1.));
#12299=DIRECTION('',(0.707106781186548,-0.707106781186548,0.));
#12300=DIRECTION('center_axis',(-1.,0.,0.));
#12301=DIRECTION('ref_axis',(0.,-1.,0.));
#12302=DIRECTION('',(0.,0.,-1.));
#12303=DIRECTION('',(0.,-1.,0.));
#12304=DIRECTION('center_axis',(-0.707106781186548,0.707106781186548,0.));
#12305=DIRECTION('ref_axis',(-0.707106781186548,-0.707106781186548,0.));
#12306=DIRECTION('',(0.,0.,-1.));
#12307=DIRECTION('',(-0.707106781186548,-0.707106781186548,0.));
#12308=DIRECTION('center_axis',(-0.707106781186548,-0.707106781186548,0.));
#12309=DIRECTION('ref_axis',(0.707106781186548,-0.707106781186548,0.));
#12310=DIRECTION('',(0.,0.,-1.));
#12311=DIRECTION('',(0.707106781186548,-0.707106781186548,0.));
#12312=DIRECTION('center_axis',(-1.,0.,0.));
#12313=DIRECTION('ref_axis',(0.,-1.,0.));
#12314=DIRECTION('',(0.,0.,-1.));
#12315=DIRECTION('',(0.,-1.,0.));
#12316=DIRECTION('center_axis',(-0.707106781186548,0.707106781186548,0.));
#12317=DIRECTION('ref_axis',(-0.707106781186548,-0.707106781186548,0.));
#12318=DIRECTION('',(0.,0.,-1.));
#12319=DIRECTION('',(-0.707106781186548,-0.707106781186548,0.));
#12320=DIRECTION('center_axis',(-0.707106781186548,-0.707106781186548,0.));
#12321=DIRECTION('ref_axis',(0.707106781186548,-0.707106781186548,0.));
#12322=DIRECTION('',(0.,0.,-1.));
#12323=DIRECTION('',(0.707106781186548,-0.707106781186548,0.));
#12324=DIRECTION('center_axis',(-1.,0.,0.));
#12325=DIRECTION('ref_axis',(0.,-1.,0.));
#12326=DIRECTION('',(0.,0.,-1.));
#12327=DIRECTION('',(0.,-1.,0.));
#12328=DIRECTION('center_axis',(-0.707106781186548,0.707106781186548,0.));
#12329=DIRECTION('ref_axis',(-0.707106781186548,-0.707106781186548,0.));
#12330=DIRECTION('',(0.,0.,-1.));
#12331=DIRECTION('',(-0.707106781186548,-0.707106781186548,0.));
#12332=DIRECTION('center_axis',(-0.707106781186548,-0.707106781186548,0.));
#12333=DIRECTION('ref_axis',(0.707106781186548,-0.707106781186548,0.));
#12334=DIRECTION('',(0.,0.,-1.));
#12335=DIRECTION('',(0.707106781186548,-0.707106781186548,0.));
#12336=DIRECTION('center_axis',(-1.,0.,0.));
#12337=DIRECTION('ref_axis',(0.,-1.,0.));
#12338=DIRECTION('',(0.,0.,-1.));
#12339=DIRECTION('',(0.,-1.,0.));
#12340=DIRECTION('center_axis',(-0.707106781186548,0.707106781186548,0.));
#12341=DIRECTION('ref_axis',(-0.707106781186548,-0.707106781186548,0.));
#12342=DIRECTION('',(0.,0.,-1.));
#12343=DIRECTION('',(-0.707106781186548,-0.707106781186548,0.));
#12344=DIRECTION('center_axis',(7.770589848645E-16,1.,0.));
#12345=DIRECTION('ref_axis',(-1.,7.770589848645E-16,0.));
#12346=DIRECTION('',(0.,0.,-1.));
#12347=DIRECTION('',(-1.,7.770589848645E-16,0.));
#12348=DIRECTION('center_axis',(0.,0.,1.));
#12349=DIRECTION('ref_axis',(1.,0.,0.));
#12350=DIRECTION('',(0.,-1.,0.));
#12351=DIRECTION('center_axis',(-1.,0.,0.));
#12352=DIRECTION('ref_axis',(0.,0.,1.));
#12353=CARTESIAN_POINT('',(0.,0.,0.));
#12354=CARTESIAN_POINT('Origin',(0.267798467296815,-52.6516260033866,0.));
#12355=CARTESIAN_POINT('',(-1.23220153270319,-52.6516260033866,5.));
#12356=CARTESIAN_POINT('Origin',(0.267798467296815,-52.6516260033866,5.));
#12357=CARTESIAN_POINT('',(-1.23220153270319,-52.6516260033866,0.));
#12358=CARTESIAN_POINT('',(-1.23220153270319,-52.6516260033866,0.));
#12359=CARTESIAN_POINT('Origin',(0.267798467296815,-52.6516260033866,0.));
#12360=CARTESIAN_POINT('Origin',(-19.0320502235706,4.5631433399313,0.));
#12361=CARTESIAN_POINT('',(-20.5320502235706,4.5631433399313,5.));
#12362=CARTESIAN_POINT('Origin',(-19.0320502235706,4.5631433399313,5.));
#12363=CARTESIAN_POINT('',(-20.5320502235706,4.5631433399313,0.));
#12364=CARTESIAN_POINT('',(-20.5320502235706,4.5631433399313,0.));
#12365=CARTESIAN_POINT('Origin',(-19.0320502235706,4.5631433399313,0.));
#12366=CARTESIAN_POINT('Origin',(14.8697431734936,-52.4982740617023,0.));
#12367=CARTESIAN_POINT('',(13.3697431734936,-52.4982740617023,5.));
#12368=CARTESIAN_POINT('Origin',(14.8697431734936,-52.4982740617023,5.));
#12369=CARTESIAN_POINT('',(13.3697431734936,-52.4982740617023,0.));
#12370=CARTESIAN_POINT('',(13.3697431734936,-52.4982740617023,0.));
#12371=CARTESIAN_POINT('Origin',(14.8697431734936,-52.4982740617023,0.));
#12372=CARTESIAN_POINT('Origin',(33.8613758110333,4.75588637547437,0.));
#12373=CARTESIAN_POINT('',(32.3613758110333,4.75588637547437,5.));
#12374=CARTESIAN_POINT('Origin',(33.8613758110333,4.75588637547437,5.));
#12375=CARTESIAN_POINT('',(32.3613758110333,4.75588637547437,0.));
#12376=CARTESIAN_POINT('',(32.3613758110333,4.75588637547437,0.));
#12377=CARTESIAN_POINT('Origin',(33.8613758110333,4.75588637547437,0.));
#12378=CARTESIAN_POINT('Origin',(33.8613758110333,4.75588637547437,0.));
#12379=CARTESIAN_POINT('',(34.1979583568337,1.96250083060972,0.));
#12380=CARTESIAN_POINT('',(36.6749563304892,4.74845179850248,0.));
#12381=CARTESIAN_POINT('Origin',(33.8613758110333,4.75588637547437,0.));
#12382=CARTESIAN_POINT('',(36.6749563304892,4.74845179850248,5.));
#12383=CARTESIAN_POINT('',(36.6749563304892,4.74845179850248,0.));
#12384=CARTESIAN_POINT('',(34.1979583568337,1.96250083060972,5.));
#12385=CARTESIAN_POINT('Origin',(33.8613758110333,4.75588637547437,5.));
#12386=CARTESIAN_POINT('',(34.1979583568337,1.96250083060972,0.));
#12387=CARTESIAN_POINT('Origin',(36.674955894629,18.1290574190601,0.));
#12388=CARTESIAN_POINT('',(36.674955894629,18.1290574190601,0.));
#12389=CARTESIAN_POINT('',(36.674955894629,4.74845179965419,0.));
#12390=CARTESIAN_POINT('',(36.674955894629,18.1290574190601,5.));
#12391=CARTESIAN_POINT('',(36.674955894629,18.1290574190601,0.));
#12392=CARTESIAN_POINT('',(36.674955894629,4.74845179965419,5.));
#12393=CARTESIAN_POINT('Origin',(-21.6999995149664,18.1290574190601,0.));
#12394=CARTESIAN_POINT('',(-21.6999995149664,18.1290574190601,0.));
#12395=CARTESIAN_POINT('',(36.674955894629,18.1290574190601,0.));
#12396=CARTESIAN_POINT('',(-21.6999995149664,18.1290574190601,5.));
#12397=CARTESIAN_POINT('',(-21.6999995149664,18.1290574190601,0.));
#12398=CARTESIAN_POINT('',(36.674955894629,18.1290574190601,5.));
#12399=CARTESIAN_POINT('Origin',(-21.6999995149672,4.59999989718199,0.));
#12400=CARTESIAN_POINT('',(-21.6999995149672,4.59999989718199,0.));
#12401=CARTESIAN_POINT('',(-21.6999995149664,18.1290574190601,0.));
#12402=CARTESIAN_POINT('',(-21.6999995149672,4.59999989718199,5.));
#12403=CARTESIAN_POINT('',(-21.6999995149672,4.59999989718199,0.));
#12404=CARTESIAN_POINT('',(-21.6999995149664,18.1290574190601,5.));
#12405=CARTESIAN_POINT('Origin',(-19.0320502235706,4.5631433399313,0.));
#12406=CARTESIAN_POINT('',(-19.0320502235706,1.89493948203812,0.));
#12407=CARTESIAN_POINT('Origin',(-19.0320502235706,4.5631433399313,0.));
#12408=CARTESIAN_POINT('',(-19.0320502235706,1.89493948203812,5.));
#12409=CARTESIAN_POINT('',(-19.0320502235706,1.89493948203812,0.));
#12410=CARTESIAN_POINT('Origin',(-19.0320502235706,4.5631433399313,5.));
#12411=CARTESIAN_POINT('Origin',(-3.79029741366435,1.89493948205703,0.));
#12412=CARTESIAN_POINT('',(-3.79029741366435,1.89493948205703,0.));
#12413=CARTESIAN_POINT('',(-19.0320502235706,1.89493948203802,0.));
#12414=CARTESIAN_POINT('',(-3.79029741366435,1.89493948205703,5.));
#12415=CARTESIAN_POINT('',(-3.79029741366435,1.89493948205703,0.));
#12416=CARTESIAN_POINT('',(-19.0320502235706,1.89493948203802,5.));
#12417=CARTESIAN_POINT('Origin',(-5.02489852832511,-0.307530105126224,0.));
#12418=CARTESIAN_POINT('',(-2.50000007595346,-0.307530105126224,0.));
#12419=CARTESIAN_POINT('Origin',(-5.02489852832511,-0.307530105126224,0.));
#12420=CARTESIAN_POINT('',(-2.50000007595346,-0.307530105126224,5.));
#12421=CARTESIAN_POINT('',(-2.50000007595346,-0.307530105126224,0.));
#12422=CARTESIAN_POINT('Origin',(-5.02489852832511,-0.307530105126224,5.));
#12423=CARTESIAN_POINT('Origin',(-2.50000007596106,-52.4999982656232,0.));
#12424=CARTESIAN_POINT('',(-2.50000007596106,-52.4999982656232,0.));
#12425=CARTESIAN_POINT('',(-2.50000007595346,-0.307530105126224,0.));
#12426=CARTESIAN_POINT('',(-2.50000007596106,-52.4999982656232,5.));
#12427=CARTESIAN_POINT('',(-2.50000007596106,-52.4999982656232,0.));
#12428=CARTESIAN_POINT('',(-2.50000007595346,-0.307530105126224,5.));
#12429=CARTESIAN_POINT('Origin',(0.407876907310972,-52.4552746409046,0.));
#12430=CARTESIAN_POINT('',(-0.506865874182053,-55.2158894992573,0.));
#12431=CARTESIAN_POINT('Origin',(0.407876907310972,-52.4552746409046,0.));
#12432=CARTESIAN_POINT('',(-0.506865874182054,-55.2158894992573,5.));
#12433=CARTESIAN_POINT('',(-0.506865874182053,-55.2158894992573,0.));
#12434=CARTESIAN_POINT('Origin',(0.407876907310972,-52.4552746409046,5.));
#12435=CARTESIAN_POINT('Origin',(15.7128681842521,-55.2158894992572,0.));
#12436=CARTESIAN_POINT('',(15.7128681842521,-55.2158894992572,0.));
#12437=CARTESIAN_POINT('',(-0.506865874182049,-55.2158894992573,0.));
#12438=CARTESIAN_POINT('',(15.7128681842521,-55.2158894992572,5.));
#12439=CARTESIAN_POINT('',(15.7128681842521,-55.2158894992572,0.));
#12440=CARTESIAN_POINT('',(-0.506865874182049,-55.2158894992573,5.));
#12441=CARTESIAN_POINT('Origin',(14.8697431734936,-52.4982740617023,0.));
#12442=CARTESIAN_POINT('',(17.7151418187107,-52.4982740617023,0.));
#12443=CARTESIAN_POINT('Origin',(14.8697431734936,-52.4982740617023,0.));
#12444=CARTESIAN_POINT('',(17.7151418187107,-52.4982740617023,5.));
#12445=CARTESIAN_POINT('',(17.7151418187107,-52.4982740617023,0.));
#12446=CARTESIAN_POINT('Origin',(14.8697431734936,-52.4982740617023,5.));
#12447=CARTESIAN_POINT('Origin',(17.7151418187107,0.407788206911199,0.));
#12448=CARTESIAN_POINT('',(17.7151418187107,0.407788206911197,0.));
#12449=CARTESIAN_POINT('',(17.7151418187107,-52.4982740617023,0.));
#12450=CARTESIAN_POINT('',(17.7151418187107,0.407788206911197,5.));
#12451=CARTESIAN_POINT('',(17.7151418187107,0.407788206911197,0.));
#12452=CARTESIAN_POINT('',(17.7151418187107,-52.4982740617023,5.));
#12453=CARTESIAN_POINT('Origin',(19.2698544424174,0.407788206911198,0.));
#12454=CARTESIAN_POINT('',(19.2698544424174,1.96250083061785,0.));
#12455=CARTESIAN_POINT('Origin',(19.2698544424174,0.407788206911198,0.));
#12456=CARTESIAN_POINT('',(19.2698544424174,1.96250083061785,5.));
#12457=CARTESIAN_POINT('',(19.2698544424174,1.96250083061785,0.));
#12458=CARTESIAN_POINT('Origin',(19.2698544424174,0.407788206911198,5.));
#12459=CARTESIAN_POINT('Origin',(34.1979583568337,1.96250083060972,0.));
#12460=CARTESIAN_POINT('',(19.2698544424174,1.96250083061785,0.));
#12461=CARTESIAN_POINT('',(19.2698544424174,1.96250083061785,5.));
#12462=CARTESIAN_POINT('Origin',(7.48735112451271,-18.5434160400986,0.));
#12463=CARTESIAN_POINT('',(13.97,-50.33,0.));
#12464=CARTESIAN_POINT('',(13.97,0.47000000000001,0.));
#12465=CARTESIAN_POINT('',(13.97,-24.93,0.));
#12466=CARTESIAN_POINT('',(16.256,-50.33,0.));
#12467=CARTESIAN_POINT('',(11.684,-50.33,0.));
#12468=CARTESIAN_POINT('',(16.51,-50.076,0.));
#12469=CARTESIAN_POINT('',(16.256,-50.33,0.));
#12470=CARTESIAN_POINT('',(16.51,-48.044,0.));
#12471=CARTESIAN_POINT('',(16.51,-50.076,0.));
#12472=CARTESIAN_POINT('',(16.256,-47.79,0.));
#12473=CARTESIAN_POINT('',(16.51,-48.044,0.));
#12474=CARTESIAN_POINT('',(16.51,-47.536,0.));
#12475=CARTESIAN_POINT('',(16.256,-47.79,0.));
#12476=CARTESIAN_POINT('',(16.51,-45.504,0.));
#12477=CARTESIAN_POINT('',(16.51,-47.536,0.));
#12478=CARTESIAN_POINT('',(16.256,-45.25,0.));
#12479=CARTESIAN_POINT('',(16.51,-45.504,0.));
#12480=CARTESIAN_POINT('',(16.51,-44.996,0.));
#12481=CARTESIAN_POINT('',(16.256,-45.25,0.));
#12482=CARTESIAN_POINT('',(16.51,-42.964,0.));
#12483=CARTESIAN_POINT('',(16.51,-44.996,0.));
#12484=CARTESIAN_POINT('',(16.256,-42.71,0.));
#12485=CARTESIAN_POINT('',(16.51,-42.964,0.));
#12486=CARTESIAN_POINT('',(16.51,-42.456,0.));
#12487=CARTESIAN_POINT('',(16.256,-42.71,0.));
#12488=CARTESIAN_POINT('',(16.51,-40.424,0.));
#12489=CARTESIAN_POINT('',(16.51,-42.456,0.));
#12490=CARTESIAN_POINT('',(16.256,-40.17,0.));
#12491=CARTESIAN_POINT('',(16.51,-40.424,0.));
#12492=CARTESIAN_POINT('',(16.51,-39.916,0.));
#12493=CARTESIAN_POINT('',(16.256,-40.17,0.));
#12494=CARTESIAN_POINT('',(16.51,-37.884,0.));
#12495=CARTESIAN_POINT('',(16.51,-39.916,0.));
#12496=CARTESIAN_POINT('',(16.256,-37.63,0.));
#12497=CARTESIAN_POINT('',(16.51,-37.884,0.));
#12498=CARTESIAN_POINT('',(16.51,-37.376,0.));
#12499=CARTESIAN_POINT('',(16.256,-37.63,0.));
#12500=CARTESIAN_POINT('',(16.51,-35.344,0.));
#12501=CARTESIAN_POINT('',(16.51,-37.376,0.));
#12502=CARTESIAN_POINT('',(16.256,-35.09,0.));
#12503=CARTESIAN_POINT('',(16.51,-35.344,0.));
#12504=CARTESIAN_POINT('',(16.51,-34.836,0.));
#12505=CARTESIAN_POINT('',(16.256,-35.09,0.));
#12506=CARTESIAN_POINT('',(16.51,-32.804,0.));
#12507=CARTESIAN_POINT('',(16.51,-34.836,0.));
#12508=CARTESIAN_POINT('',(16.256,-32.55,0.));
#12509=CARTESIAN_POINT('',(16.51,-32.804,0.));
#12510=CARTESIAN_POINT('',(16.51,-32.296,0.));
#12511=CARTESIAN_POINT('',(16.256,-32.55,0.));
#12512=CARTESIAN_POINT('',(16.51,-30.264,0.));
#12513=CARTESIAN_POINT('',(16.51,-32.296,0.));
#12514=CARTESIAN_POINT('',(16.256,-30.01,0.));
#12515=CARTESIAN_POINT('',(16.51,-30.264,0.));
#12516=CARTESIAN_POINT('',(16.51,-29.756,0.));
#12517=CARTESIAN_POINT('',(16.256,-30.01,0.));
#12518=CARTESIAN_POINT('',(16.51,-27.724,0.));
#12519=CARTESIAN_POINT('',(16.51,-29.756,0.));
#12520=CARTESIAN_POINT('',(16.256,-27.47,0.));
#12521=CARTESIAN_POINT('',(16.51,-27.724,0.));
#12522=CARTESIAN_POINT('',(16.51,-27.216,0.));
#12523=CARTESIAN_POINT('',(16.256,-27.47,0.));
#12524=CARTESIAN_POINT('',(16.51,-25.184,0.));
#12525=CARTESIAN_POINT('',(16.51,-27.216,0.));
#12526=CARTESIAN_POINT('',(16.256,-24.93,0.));
#12527=CARTESIAN_POINT('',(16.51,-25.184,0.));
#12528=CARTESIAN_POINT('',(16.51,-24.676,0.));
#12529=CARTESIAN_POINT('',(16.256,-24.93,0.));
#12530=CARTESIAN_POINT('',(16.51,-22.644,0.));
#12531=CARTESIAN_POINT('',(16.51,-24.676,0.));
#12532=CARTESIAN_POINT('',(16.256,-22.39,0.));
#12533=CARTESIAN_POINT('',(16.51,-22.644,0.));
#12534=CARTESIAN_POINT('',(16.51,-22.136,0.));
#12535=CARTESIAN_POINT('',(16.256,-22.39,0.));
#12536=CARTESIAN_POINT('',(16.51,-20.104,0.));
#12537=CARTESIAN_POINT('',(16.51,-22.136,0.));
#12538=CARTESIAN_POINT('',(16.256,-19.85,0.));
#12539=CARTESIAN_POINT('',(16.51,-20.104,0.));
#12540=CARTESIAN_POINT('',(16.51,-19.596,0.));
#12541=CARTESIAN_POINT('',(16.256,-19.85,0.));
#12542=CARTESIAN_POINT('',(16.51,-17.564,0.));
#12543=CARTESIAN_POINT('',(16.51,-19.596,0.));
#12544=CARTESIAN_POINT('',(16.256,-17.31,0.));
#12545=CARTESIAN_POINT('',(16.51,-17.564,0.));
#12546=CARTESIAN_POINT('',(16.51,-17.056,0.));
#12547=CARTESIAN_POINT('',(16.256,-17.31,0.));
#12548=CARTESIAN_POINT('',(16.51,-15.024,0.));
#12549=CARTESIAN_POINT('',(16.51,-17.056,0.));
#12550=CARTESIAN_POINT('',(16.256,-14.77,0.));
#12551=CARTESIAN_POINT('',(16.51,-15.024,0.));
#12552=CARTESIAN_POINT('',(16.51,-14.516,0.));
#12553=CARTESIAN_POINT('',(16.256,-14.77,0.));
#12554=CARTESIAN_POINT('',(16.51,-12.484,0.));
#12555=CARTESIAN_POINT('',(16.51,-14.516,0.));
#12556=CARTESIAN_POINT('',(16.256,-12.23,0.));
#12557=CARTESIAN_POINT('',(16.51,-12.484,0.));
#12558=CARTESIAN_POINT('',(16.51,-11.976,0.));
#12559=CARTESIAN_POINT('',(16.256,-12.23,0.));
#12560=CARTESIAN_POINT('',(16.51,-9.94399999999999,0.));
#12561=CARTESIAN_POINT('',(16.51,-11.976,0.));
#12562=CARTESIAN_POINT('',(16.256,-9.68999999999999,0.));
#12563=CARTESIAN_POINT('',(16.51,-9.94399999999999,0.));
#12564=CARTESIAN_POINT('',(16.51,-9.43599999999999,0.));
#12565=CARTESIAN_POINT('',(16.256,-9.68999999999999,0.));
#12566=CARTESIAN_POINT('',(16.51,-7.40399999999999,0.));
#12567=CARTESIAN_POINT('',(16.51,-9.43599999999999,0.));
#12568=CARTESIAN_POINT('',(16.256,-7.14999999999999,0.));
#12569=CARTESIAN_POINT('',(16.51,-7.40399999999999,0.));
#12570=CARTESIAN_POINT('',(16.51,-6.89599999999999,0.));
#12571=CARTESIAN_POINT('',(16.256,-7.14999999999999,0.));
#12572=CARTESIAN_POINT('',(16.51,-4.86399999999999,0.));
#12573=CARTESIAN_POINT('',(16.51,-6.89599999999999,0.));
#12574=CARTESIAN_POINT('',(16.256,-4.60999999999999,0.));
#12575=CARTESIAN_POINT('',(16.51,-4.86399999999999,0.));
#12576=CARTESIAN_POINT('',(16.51,-4.35599999999999,0.));
#12577=CARTESIAN_POINT('',(16.256,-4.60999999999999,0.));
#12578=CARTESIAN_POINT('',(16.51,-2.32399999999999,0.));
#12579=CARTESIAN_POINT('',(16.51,-4.35599999999999,0.));
#12580=CARTESIAN_POINT('',(16.256,-2.06999999999999,0.));
#12581=CARTESIAN_POINT('',(16.51,-2.32399999999999,0.));
#12582=CARTESIAN_POINT('',(16.51,-1.81599999999999,0.));
#12583=CARTESIAN_POINT('',(16.256,-2.06999999999999,0.));
#12584=CARTESIAN_POINT('',(16.51,0.216000000000008,0.));
#12585=CARTESIAN_POINT('',(16.51,-1.81599999999999,0.));
#12586=CARTESIAN_POINT('',(16.256,0.470000000000008,0.));
#12587=CARTESIAN_POINT('',(16.51,0.216000000000008,0.));
#12588=CARTESIAN_POINT('',(16.256,0.470000000000008,0.));
#12589=CARTESIAN_POINT('',(-1.016,-50.33,0.));
#12590=CARTESIAN_POINT('',(1.27,-50.33,0.));
#12591=CARTESIAN_POINT('',(-1.016,-50.33,0.));
#12592=CARTESIAN_POINT('',(1.27,0.47000000000001,0.));
#12593=CARTESIAN_POINT('',(1.27,-24.93,0.));
#12594=CARTESIAN_POINT('',(-1.016,0.470000000000008,0.));
#12595=CARTESIAN_POINT('',(3.556,0.470000000000008,0.));
#12596=CARTESIAN_POINT('',(-1.27,0.216000000000008,0.));
#12597=CARTESIAN_POINT('',(-1.016,0.470000000000008,0.));
#12598=CARTESIAN_POINT('',(-1.27,-1.81599999999999,0.));
#12599=CARTESIAN_POINT('',(-1.27,0.216000000000008,0.));
#12600=CARTESIAN_POINT('',(-1.016,-2.06999999999999,0.));
#12601=CARTESIAN_POINT('',(-1.27,-1.81599999999999,0.));
#12602=CARTESIAN_POINT('',(-1.27,-2.32399999999999,0.));
#12603=CARTESIAN_POINT('',(-1.016,-2.06999999999999,0.));
#12604=CARTESIAN_POINT('',(-1.27,-4.35599999999999,0.));
#12605=CARTESIAN_POINT('',(-1.27,-2.32399999999999,0.));
#12606=CARTESIAN_POINT('',(-1.016,-4.60999999999999,0.));
#12607=CARTESIAN_POINT('',(-1.27,-4.35599999999999,0.));
#12608=CARTESIAN_POINT('',(-1.27,-4.86399999999999,0.));
#12609=CARTESIAN_POINT('',(-1.016,-4.60999999999999,0.));
#12610=CARTESIAN_POINT('',(-1.27,-6.89599999999999,0.));
#12611=CARTESIAN_POINT('',(-1.27,-4.86399999999999,0.));
#12612=CARTESIAN_POINT('',(-1.016,-7.14999999999999,0.));
#12613=CARTESIAN_POINT('',(-1.27,-6.89599999999999,0.));
#12614=CARTESIAN_POINT('',(-1.27,-7.40399999999999,0.));
#12615=CARTESIAN_POINT('',(-1.016,-7.14999999999999,0.));
#12616=CARTESIAN_POINT('',(-1.27,-9.43599999999999,0.));
#12617=CARTESIAN_POINT('',(-1.27,-7.40399999999999,0.));
#12618=CARTESIAN_POINT('',(-1.016,-9.68999999999999,0.));
#12619=CARTESIAN_POINT('',(-1.27,-9.43599999999999,0.));
#12620=CARTESIAN_POINT('',(-1.27,-9.94399999999999,0.));
#12621=CARTESIAN_POINT('',(-1.016,-9.68999999999999,0.));
#12622=CARTESIAN_POINT('',(-1.27,-11.976,0.));
#12623=CARTESIAN_POINT('',(-1.27,-9.94399999999999,0.));
#12624=CARTESIAN_POINT('',(-1.016,-12.23,0.));
#12625=CARTESIAN_POINT('',(-1.27,-11.976,0.));
#12626=CARTESIAN_POINT('',(-1.27,-12.484,0.));
#12627=CARTESIAN_POINT('',(-1.016,-12.23,0.));
#12628=CARTESIAN_POINT('',(-1.27,-14.516,0.));
#12629=CARTESIAN_POINT('',(-1.27,-12.484,0.));
#12630=CARTESIAN_POINT('',(-1.016,-14.77,0.));
#12631=CARTESIAN_POINT('',(-1.27,-14.516,0.));
#12632=CARTESIAN_POINT('',(-1.27,-15.024,0.));
#12633=CARTESIAN_POINT('',(-1.016,-14.77,0.));
#12634=CARTESIAN_POINT('',(-1.27,-17.056,0.));
#12635=CARTESIAN_POINT('',(-1.27,-15.024,0.));
#12636=CARTESIAN_POINT('',(-1.016,-17.31,0.));
#12637=CARTESIAN_POINT('',(-1.27,-17.056,0.));
#12638=CARTESIAN_POINT('',(-1.27,-17.564,0.));
#12639=CARTESIAN_POINT('',(-1.016,-17.31,0.));
#12640=CARTESIAN_POINT('',(-1.27,-19.596,0.));
#12641=CARTESIAN_POINT('',(-1.27,-17.564,0.));
#12642=CARTESIAN_POINT('',(-1.016,-19.85,0.));
#12643=CARTESIAN_POINT('',(-1.27,-19.596,0.));
#12644=CARTESIAN_POINT('',(-1.27,-20.104,0.));
#12645=CARTESIAN_POINT('',(-1.016,-19.85,0.));
#12646=CARTESIAN_POINT('',(-1.27,-22.136,0.));
#12647=CARTESIAN_POINT('',(-1.27,-20.104,0.));
#12648=CARTESIAN_POINT('',(-1.016,-22.39,0.));
#12649=CARTESIAN_POINT('',(-1.27,-22.136,0.));
#12650=CARTESIAN_POINT('',(-1.27,-22.644,0.));
#12651=CARTESIAN_POINT('',(-1.016,-22.39,0.));
#12652=CARTESIAN_POINT('',(-1.27,-24.676,0.));
#12653=CARTESIAN_POINT('',(-1.27,-22.644,0.));
#12654=CARTESIAN_POINT('',(-1.016,-24.93,0.));
#12655=CARTESIAN_POINT('',(-1.27,-24.676,0.));
#12656=CARTESIAN_POINT('',(-1.27,-25.184,0.));
#12657=CARTESIAN_POINT('',(-1.016,-24.93,0.));
#12658=CARTESIAN_POINT('',(-1.27,-27.216,0.));
#12659=CARTESIAN_POINT('',(-1.27,-25.184,0.));
#12660=CARTESIAN_POINT('',(-1.016,-27.47,0.));
#12661=CARTESIAN_POINT('',(-1.27,-27.216,0.));
#12662=CARTESIAN_POINT('',(-1.27,-27.724,0.));
#12663=CARTESIAN_POINT('',(-1.016,-27.47,0.));
#12664=CARTESIAN_POINT('',(-1.27,-29.756,0.));
#12665=CARTESIAN_POINT('',(-1.27,-27.724,0.));
#12666=CARTESIAN_POINT('',(-1.016,-30.01,0.));
#12667=CARTESIAN_POINT('',(-1.27,-29.756,0.));
#12668=CARTESIAN_POINT('',(-1.27,-30.264,0.));
#12669=CARTESIAN_POINT('',(-1.016,-30.01,0.));
#12670=CARTESIAN_POINT('',(-1.27,-32.296,0.));
#12671=CARTESIAN_POINT('',(-1.27,-30.264,0.));
#12672=CARTESIAN_POINT('',(-1.016,-32.55,0.));
#12673=CARTESIAN_POINT('',(-1.27,-32.296,0.));
#12674=CARTESIAN_POINT('',(-1.27,-32.804,0.));
#12675=CARTESIAN_POINT('',(-1.016,-32.55,0.));
#12676=CARTESIAN_POINT('',(-1.27,-34.836,0.));
#12677=CARTESIAN_POINT('',(-1.27,-32.804,0.));
#12678=CARTESIAN_POINT('',(-1.016,-35.09,0.));
#12679=CARTESIAN_POINT('',(-1.27,-34.836,0.));
#12680=CARTESIAN_POINT('',(-1.27,-35.344,0.));
#12681=CARTESIAN_POINT('',(-1.016,-35.09,0.));
#12682=CARTESIAN_POINT('',(-1.27,-37.376,0.));
#12683=CARTESIAN_POINT('',(-1.27,-35.344,0.));
#12684=CARTESIAN_POINT('',(-1.016,-37.63,0.));
#12685=CARTESIAN_POINT('',(-1.27,-37.376,0.));
#12686=CARTESIAN_POINT('',(-1.27,-37.884,0.));
#12687=CARTESIAN_POINT('',(-1.016,-37.63,0.));
#12688=CARTESIAN_POINT('',(-1.27,-39.916,0.));
#12689=CARTESIAN_POINT('',(-1.27,-37.884,0.));
#12690=CARTESIAN_POINT('',(-1.016,-40.17,0.));
#12691=CARTESIAN_POINT('',(-1.27,-39.916,0.));
#12692=CARTESIAN_POINT('',(-1.27,-40.424,0.));
#12693=CARTESIAN_POINT('',(-1.016,-40.17,0.));
#12694=CARTESIAN_POINT('',(-1.27,-42.456,0.));
#12695=CARTESIAN_POINT('',(-1.27,-40.424,0.));
#12696=CARTESIAN_POINT('',(-1.016,-42.71,0.));
#12697=CARTESIAN_POINT('',(-1.27,-42.456,0.));
#12698=CARTESIAN_POINT('',(-1.27,-42.964,0.));
#12699=CARTESIAN_POINT('',(-1.016,-42.71,0.));
#12700=CARTESIAN_POINT('',(-1.27,-44.996,0.));
#12701=CARTESIAN_POINT('',(-1.27,-42.964,0.));
#12702=CARTESIAN_POINT('',(-1.016,-45.25,0.));
#12703=CARTESIAN_POINT('',(-1.27,-44.996,0.));
#12704=CARTESIAN_POINT('',(-1.27,-45.504,0.));
#12705=CARTESIAN_POINT('',(-1.016,-45.25,0.));
#12706=CARTESIAN_POINT('',(-1.27,-47.536,0.));
#12707=CARTESIAN_POINT('',(-1.27,-45.504,0.));
#12708=CARTESIAN_POINT('',(-1.016,-47.79,0.));
#12709=CARTESIAN_POINT('',(-1.27,-47.536,0.));
#12710=CARTESIAN_POINT('',(-1.27,-48.044,0.));
#12711=CARTESIAN_POINT('',(-1.016,-47.79,0.));
#12712=CARTESIAN_POINT('',(-1.27,-50.076,0.));
#12713=CARTESIAN_POINT('',(-1.27,-48.044,0.));
#12714=CARTESIAN_POINT('',(-1.27,-50.076,0.));
#12715=CARTESIAN_POINT('Origin',(7.48735112451271,-18.5434160400986,5.));
#12716=CARTESIAN_POINT('Origin',(13.97,-24.93,-2.77));
#12717=CARTESIAN_POINT('',(13.97,0.47000000000001,-2.54));
#12718=CARTESIAN_POINT('',(13.97,0.47000000000001,-1.385));
#12719=CARTESIAN_POINT('',(13.97,-50.33,-2.54));
#12720=CARTESIAN_POINT('',(13.97,-24.93,-2.54));
#12721=CARTESIAN_POINT('',(13.97,-50.33,-1.385));
#12722=CARTESIAN_POINT('Origin',(11.684,-50.33,0.));
#12723=CARTESIAN_POINT('',(16.256,-50.33,-2.54));
#12724=CARTESIAN_POINT('',(11.684,-50.33,-2.54));
#12725=CARTESIAN_POINT('',(16.256,-50.33,0.));
#12726=CARTESIAN_POINT('Origin',(16.256,0.470000000000008,0.));
#12727=CARTESIAN_POINT('',(16.256,0.470000000000008,-2.54));
#12728=CARTESIAN_POINT('',(16.256,0.470000000000008,0.));
#12729=CARTESIAN_POINT('',(16.256,0.470000000000008,-2.54));
#12730=CARTESIAN_POINT('Origin',(13.97,-24.93,-2.54));
#12731=CARTESIAN_POINT('',(16.51,0.216000000000008,-2.54));
#12732=CARTESIAN_POINT('',(16.51,0.216000000000008,-2.54));
#12733=CARTESIAN_POINT('',(16.51,-1.81599999999999,-2.54));
#12734=CARTESIAN_POINT('',(16.51,-1.81599999999999,-2.54));
#12735=CARTESIAN_POINT('',(16.256,-2.06999999999999,-2.54));
#12736=CARTESIAN_POINT('',(16.256,-2.06999999999999,-2.54));
#12737=CARTESIAN_POINT('',(16.51,-2.32399999999999,-2.54));
#12738=CARTESIAN_POINT('',(16.51,-2.32399999999999,-2.54));
#12739=CARTESIAN_POINT('',(16.51,-4.35599999999999,-2.54));
#12740=CARTESIAN_POINT('',(16.51,-4.35599999999999,-2.54));
#12741=CARTESIAN_POINT('',(16.256,-4.60999999999999,-2.54));
#12742=CARTESIAN_POINT('',(16.256,-4.60999999999999,-2.54));
#12743=CARTESIAN_POINT('',(16.51,-4.86399999999999,-2.54));
#12744=CARTESIAN_POINT('',(16.51,-4.86399999999999,-2.54));
#12745=CARTESIAN_POINT('',(16.51,-6.89599999999999,-2.54));
#12746=CARTESIAN_POINT('',(16.51,-6.89599999999999,-2.54));
#12747=CARTESIAN_POINT('',(16.256,-7.14999999999999,-2.54));
#12748=CARTESIAN_POINT('',(16.256,-7.14999999999999,-2.54));
#12749=CARTESIAN_POINT('',(16.51,-7.40399999999999,-2.54));
#12750=CARTESIAN_POINT('',(16.51,-7.40399999999999,-2.54));
#12751=CARTESIAN_POINT('',(16.51,-9.43599999999999,-2.54));
#12752=CARTESIAN_POINT('',(16.51,-9.43599999999999,-2.54));
#12753=CARTESIAN_POINT('',(16.256,-9.68999999999999,-2.54));
#12754=CARTESIAN_POINT('',(16.256,-9.68999999999999,-2.54));
#12755=CARTESIAN_POINT('',(16.51,-9.94399999999999,-2.54));
#12756=CARTESIAN_POINT('',(16.51,-9.94399999999999,-2.54));
#12757=CARTESIAN_POINT('',(16.51,-11.976,-2.54));
#12758=CARTESIAN_POINT('',(16.51,-11.976,-2.54));
#12759=CARTESIAN_POINT('',(16.256,-12.23,-2.54));
#12760=CARTESIAN_POINT('',(16.256,-12.23,-2.54));
#12761=CARTESIAN_POINT('',(16.51,-12.484,-2.54));
#12762=CARTESIAN_POINT('',(16.51,-12.484,-2.54));
#12763=CARTESIAN_POINT('',(16.51,-14.516,-2.54));
#12764=CARTESIAN_POINT('',(16.51,-14.516,-2.54));
#12765=CARTESIAN_POINT('',(16.256,-14.77,-2.54));
#12766=CARTESIAN_POINT('',(16.256,-14.77,-2.54));
#12767=CARTESIAN_POINT('',(16.51,-15.024,-2.54));
#12768=CARTESIAN_POINT('',(16.51,-15.024,-2.54));
#12769=CARTESIAN_POINT('',(16.51,-17.056,-2.54));
#12770=CARTESIAN_POINT('',(16.51,-17.056,-2.54));
#12771=CARTESIAN_POINT('',(16.256,-17.31,-2.54));
#12772=CARTESIAN_POINT('',(16.256,-17.31,-2.54));
#12773=CARTESIAN_POINT('',(16.51,-17.564,-2.54));
#12774=CARTESIAN_POINT('',(16.51,-17.564,-2.54));
#12775=CARTESIAN_POINT('',(16.51,-19.596,-2.54));
#12776=CARTESIAN_POINT('',(16.51,-19.596,-2.54));
#12777=CARTESIAN_POINT('',(16.256,-19.85,-2.54));
#12778=CARTESIAN_POINT('',(16.256,-19.85,-2.54));
#12779=CARTESIAN_POINT('',(16.51,-20.104,-2.54));
#12780=CARTESIAN_POINT('',(16.51,-20.104,-2.54));
#12781=CARTESIAN_POINT('',(16.51,-22.136,-2.54));
#12782=CARTESIAN_POINT('',(16.51,-22.136,-2.54));
#12783=CARTESIAN_POINT('',(16.256,-22.39,-2.54));
#12784=CARTESIAN_POINT('',(16.256,-22.39,-2.54));
#12785=CARTESIAN_POINT('',(16.51,-22.644,-2.54));
#12786=CARTESIAN_POINT('',(16.51,-22.644,-2.54));
#12787=CARTESIAN_POINT('',(16.51,-24.676,-2.54));
#12788=CARTESIAN_POINT('',(16.51,-24.676,-2.54));
#12789=CARTESIAN_POINT('',(16.256,-24.93,-2.54));
#12790=CARTESIAN_POINT('',(16.256,-24.93,-2.54));
#12791=CARTESIAN_POINT('',(16.51,-25.184,-2.54));
#12792=CARTESIAN_POINT('',(16.51,-25.184,-2.54));
#12793=CARTESIAN_POINT('',(16.51,-27.216,-2.54));
#12794=CARTESIAN_POINT('',(16.51,-27.216,-2.54));
#12795=CARTESIAN_POINT('',(16.256,-27.47,-2.54));
#12796=CARTESIAN_POINT('',(16.256,-27.47,-2.54));
#12797=CARTESIAN_POINT('',(16.51,-27.724,-2.54));
#12798=CARTESIAN_POINT('',(16.51,-27.724,-2.54));
#12799=CARTESIAN_POINT('',(16.51,-29.756,-2.54));
#12800=CARTESIAN_POINT('',(16.51,-29.756,-2.54));
#12801=CARTESIAN_POINT('',(16.256,-30.01,-2.54));
#12802=CARTESIAN_POINT('',(16.256,-30.01,-2.54));
#12803=CARTESIAN_POINT('',(16.51,-30.264,-2.54));
#12804=CARTESIAN_POINT('',(16.51,-30.264,-2.54));
#12805=CARTESIAN_POINT('',(16.51,-32.296,-2.54));
#12806=CARTESIAN_POINT('',(16.51,-32.296,-2.54));
#12807=CARTESIAN_POINT('',(16.256,-32.55,-2.54));
#12808=CARTESIAN_POINT('',(16.256,-32.55,-2.54));
#12809=CARTESIAN_POINT('',(16.51,-32.804,-2.54));
#12810=CARTESIAN_POINT('',(16.51,-32.804,-2.54));
#12811=CARTESIAN_POINT('',(16.51,-34.836,-2.54));
#12812=CARTESIAN_POINT('',(16.51,-34.836,-2.54));
#12813=CARTESIAN_POINT('',(16.256,-35.09,-2.54));
#12814=CARTESIAN_POINT('',(16.256,-35.09,-2.54));
#12815=CARTESIAN_POINT('',(16.51,-35.344,-2.54));
#12816=CARTESIAN_POINT('',(16.51,-35.344,-2.54));
#12817=CARTESIAN_POINT('',(16.51,-37.376,-2.54));
#12818=CARTESIAN_POINT('',(16.51,-37.376,-2.54));
#12819=CARTESIAN_POINT('',(16.256,-37.63,-2.54));
#12820=CARTESIAN_POINT('',(16.256,-37.63,-2.54));
#12821=CARTESIAN_POINT('',(16.51,-37.884,-2.54));
#12822=CARTESIAN_POINT('',(16.51,-37.884,-2.54));
#12823=CARTESIAN_POINT('',(16.51,-39.916,-2.54));
#12824=CARTESIAN_POINT('',(16.51,-39.916,-2.54));
#12825=CARTESIAN_POINT('',(16.256,-40.17,-2.54));
#12826=CARTESIAN_POINT('',(16.256,-40.17,-2.54));
#12827=CARTESIAN_POINT('',(16.51,-40.424,-2.54));
#12828=CARTESIAN_POINT('',(16.51,-40.424,-2.54));
#12829=CARTESIAN_POINT('',(16.51,-42.456,-2.54));
#12830=CARTESIAN_POINT('',(16.51,-42.456,-2.54));
#12831=CARTESIAN_POINT('',(16.256,-42.71,-2.54));
#12832=CARTESIAN_POINT('',(16.256,-42.71,-2.54));
#12833=CARTESIAN_POINT('',(16.51,-42.964,-2.54));
#12834=CARTESIAN_POINT('',(16.51,-42.964,-2.54));
#12835=CARTESIAN_POINT('',(16.51,-44.996,-2.54));
#12836=CARTESIAN_POINT('',(16.51,-44.996,-2.54));
#12837=CARTESIAN_POINT('',(16.256,-45.25,-2.54));
#12838=CARTESIAN_POINT('',(16.256,-45.25,-2.54));
#12839=CARTESIAN_POINT('',(16.51,-45.504,-2.54));
#12840=CARTESIAN_POINT('',(16.51,-45.504,-2.54));
#12841=CARTESIAN_POINT('',(16.51,-47.536,-2.54));
#12842=CARTESIAN_POINT('',(16.51,-47.536,-2.54));
#12843=CARTESIAN_POINT('',(16.256,-47.79,-2.54));
#12844=CARTESIAN_POINT('',(16.256,-47.79,-2.54));
#12845=CARTESIAN_POINT('',(16.51,-48.044,-2.54));
#12846=CARTESIAN_POINT('',(16.51,-48.044,-2.54));
#12847=CARTESIAN_POINT('',(16.51,-50.076,-2.54));
#12848=CARTESIAN_POINT('',(16.51,-50.076,-2.54));
#12849=CARTESIAN_POINT('',(16.256,-50.33,-2.54));
#12850=CARTESIAN_POINT('',(15.56,-36.68,-2.54));
#12851=CARTESIAN_POINT('',(15.56,-36.04,-2.54));
#12852=CARTESIAN_POINT('',(15.56,-30.805,-2.54));
#12853=CARTESIAN_POINT('',(14.92,-36.04,-2.54));
#12854=CARTESIAN_POINT('',(14.445,-36.04,-2.54));
#12855=CARTESIAN_POINT('',(14.92,-36.68,-2.54));
#12856=CARTESIAN_POINT('',(14.92,-30.805,-2.54));
#12857=CARTESIAN_POINT('',(14.445,-36.68,-2.54));
#12858=CARTESIAN_POINT('',(15.56,-39.22,-2.54));
#12859=CARTESIAN_POINT('',(15.56,-38.58,-2.54));
#12860=CARTESIAN_POINT('',(15.56,-32.075,-2.54));
#12861=CARTESIAN_POINT('',(14.92,-38.58,-2.54));
#12862=CARTESIAN_POINT('',(14.445,-38.58,-2.54));
#12863=CARTESIAN_POINT('',(14.92,-39.22,-2.54));
#12864=CARTESIAN_POINT('',(14.92,-32.075,-2.54));
#12865=CARTESIAN_POINT('',(14.445,-39.22,-2.54));
#12866=CARTESIAN_POINT('',(15.56,-43.66,-2.54));
#12867=CARTESIAN_POINT('',(14.92,-43.66,-2.54));
#12868=CARTESIAN_POINT('',(14.445,-43.66,-2.54));
#12869=CARTESIAN_POINT('',(14.92,-44.3,-2.54));
#12870=CARTESIAN_POINT('',(14.92,-34.615,-2.54));
#12871=CARTESIAN_POINT('',(15.56,-44.3,-2.54));
#12872=CARTESIAN_POINT('',(14.445,-44.3,-2.54));
#12873=CARTESIAN_POINT('',(15.56,-34.615,-2.54));
#12874=CARTESIAN_POINT('',(15.56,-41.76,-2.54));
#12875=CARTESIAN_POINT('',(15.56,-41.12,-2.54));
#12876=CARTESIAN_POINT('',(15.56,-33.345,-2.54));
#12877=CARTESIAN_POINT('',(14.92,-41.12,-2.54));
#12878=CARTESIAN_POINT('',(14.445,-41.12,-2.54));
#12879=CARTESIAN_POINT('',(14.92,-41.76,-2.54));
#12880=CARTESIAN_POINT('',(14.92,-33.345,-2.54));
#12881=CARTESIAN_POINT('',(14.445,-41.76,-2.54));
#12882=CARTESIAN_POINT('',(15.56,-29.06,-2.54));
#12883=CARTESIAN_POINT('',(14.92,-29.06,-2.54));
#12884=CARTESIAN_POINT('',(14.445,-29.06,-2.54));
#12885=CARTESIAN_POINT('',(15.56,-28.42,-2.54));
#12886=CARTESIAN_POINT('',(15.56,-26.995,-2.54));
#12887=CARTESIAN_POINT('',(14.92,-28.42,-2.54));
#12888=CARTESIAN_POINT('',(14.445,-28.42,-2.54));
#12889=CARTESIAN_POINT('',(14.92,-26.995,-2.54));
#12890=CARTESIAN_POINT('',(15.56,-30.96,-2.54));
#12891=CARTESIAN_POINT('',(14.92,-30.96,-2.54));
#12892=CARTESIAN_POINT('',(14.445,-30.96,-2.54));
#12893=CARTESIAN_POINT('',(14.92,-31.6,-2.54));
#12894=CARTESIAN_POINT('',(14.92,-28.265,-2.54));
#12895=CARTESIAN_POINT('',(15.56,-31.6,-2.54));
#12896=CARTESIAN_POINT('',(14.445,-31.6,-2.54));
#12897=CARTESIAN_POINT('',(15.56,-28.265,-2.54));
#12898=CARTESIAN_POINT('',(15.56,-34.14,-2.54));
#12899=CARTESIAN_POINT('',(15.56,-33.5,-2.54));
#12900=CARTESIAN_POINT('',(15.56,-29.535,-2.54));
#12901=CARTESIAN_POINT('',(14.92,-33.5,-2.54));
#12902=CARTESIAN_POINT('',(14.445,-33.5,-2.54));
#12903=CARTESIAN_POINT('',(14.92,-34.14,-2.54));
#12904=CARTESIAN_POINT('',(14.92,-29.535,-2.54));
#12905=CARTESIAN_POINT('',(14.445,-34.14,-2.54));
#12906=CARTESIAN_POINT('',(15.56,-26.52,-2.54));
#12907=CARTESIAN_POINT('',(15.56,-25.88,-2.54));
#12908=CARTESIAN_POINT('',(15.56,-25.725,-2.54));
#12909=CARTESIAN_POINT('',(14.92,-25.88,-2.54));
#12910=CARTESIAN_POINT('',(14.445,-25.88,-2.54));
#12911=CARTESIAN_POINT('',(14.92,-26.52,-2.54));
#12912=CARTESIAN_POINT('',(14.92,-25.725,-2.54));
#12913=CARTESIAN_POINT('',(14.445,-26.52,-2.54));
#12914=CARTESIAN_POINT('',(15.56,-3.65999999999999,-2.54));
#12915=CARTESIAN_POINT('',(15.56,-3.01999999999999,-2.54));
#12916=CARTESIAN_POINT('',(15.56,-14.295,-2.54));
#12917=CARTESIAN_POINT('',(14.92,-3.01999999999999,-2.54));
#12918=CARTESIAN_POINT('',(14.445,-3.01999999999999,-2.54));
#12919=CARTESIAN_POINT('',(14.92,-3.65999999999999,-2.54));
#12920=CARTESIAN_POINT('',(14.92,-14.295,-2.54));
#12921=CARTESIAN_POINT('',(14.445,-3.65999999999999,-2.54));
#12922=CARTESIAN_POINT('',(15.56,-6.19999999999999,-2.54));
#12923=CARTESIAN_POINT('',(14.92,-6.19999999999999,-2.54));
#12924=CARTESIAN_POINT('',(14.445,-6.19999999999999,-2.54));
#12925=CARTESIAN_POINT('',(15.56,-5.55999999999999,-2.54));
#12926=CARTESIAN_POINT('',(15.56,-15.565,-2.54));
#12927=CARTESIAN_POINT('',(14.92,-5.55999999999999,-2.54));
#12928=CARTESIAN_POINT('',(14.445,-5.55999999999999,-2.54));
#12929=CARTESIAN_POINT('',(14.92,-15.565,-2.54));
#12930=CARTESIAN_POINT('',(15.56,-11.28,-2.54));
#12931=CARTESIAN_POINT('',(15.56,-10.64,-2.54));
#12932=CARTESIAN_POINT('',(15.56,-18.105,-2.54));
#12933=CARTESIAN_POINT('',(14.92,-10.64,-2.54));
#12934=CARTESIAN_POINT('',(14.445,-10.64,-2.54));
#12935=CARTESIAN_POINT('',(14.92,-11.28,-2.54));
#12936=CARTESIAN_POINT('',(14.92,-18.105,-2.54));
#12937=CARTESIAN_POINT('',(14.445,-11.28,-2.54));
#12938=CARTESIAN_POINT('',(15.56,-8.09999999999999,-2.54));
#12939=CARTESIAN_POINT('',(14.92,-8.09999999999999,-2.54));
#12940=CARTESIAN_POINT('',(14.445,-8.09999999999999,-2.54));
#12941=CARTESIAN_POINT('',(14.92,-8.73999999999999,-2.54));
#12942=CARTESIAN_POINT('',(14.92,-16.835,-2.54));
#12943=CARTESIAN_POINT('',(15.56,-8.73999999999999,-2.54));
#12944=CARTESIAN_POINT('',(14.445,-8.73999999999999,-2.54));
#12945=CARTESIAN_POINT('',(15.56,-16.835,-2.54));
#12946=CARTESIAN_POINT('',(15.56,-21.44,-2.54));
#12947=CARTESIAN_POINT('',(15.56,-20.8,-2.54));
#12948=CARTESIAN_POINT('',(15.56,-23.185,-2.54));
#12949=CARTESIAN_POINT('',(14.92,-20.8,-2.54));
#12950=CARTESIAN_POINT('',(14.445,-20.8,-2.54));
#12951=CARTESIAN_POINT('',(14.92,-21.44,-2.54));
#12952=CARTESIAN_POINT('',(14.92,-23.185,-2.54));
#12953=CARTESIAN_POINT('',(14.445,-21.44,-2.54));
#12954=CARTESIAN_POINT('',(15.56,-18.9,-2.54));
#12955=CARTESIAN_POINT('',(14.92,-18.9,-2.54));
#12956=CARTESIAN_POINT('',(14.445,-18.9,-2.54));
#12957=CARTESIAN_POINT('',(15.56,-18.26,-2.54));
#12958=CARTESIAN_POINT('',(15.56,-21.915,-2.54));
#12959=CARTESIAN_POINT('',(14.92,-18.26,-2.54));
#12960=CARTESIAN_POINT('',(14.445,-18.26,-2.54));
#12961=CARTESIAN_POINT('',(14.92,-21.915,-2.54));
#12962=CARTESIAN_POINT('',(15.56,-16.36,-2.54));
#12963=CARTESIAN_POINT('',(15.56,-15.72,-2.54));
#12964=CARTESIAN_POINT('',(15.56,-20.645,-2.54));
#12965=CARTESIAN_POINT('',(14.92,-15.72,-2.54));
#12966=CARTESIAN_POINT('',(14.445,-15.72,-2.54));
#12967=CARTESIAN_POINT('',(14.92,-16.36,-2.54));
#12968=CARTESIAN_POINT('',(14.92,-20.645,-2.54));
#12969=CARTESIAN_POINT('',(14.445,-16.36,-2.54));
#12970=CARTESIAN_POINT('',(15.56,-13.18,-2.54));
#12971=CARTESIAN_POINT('',(14.92,-13.18,-2.54));
#12972=CARTESIAN_POINT('',(14.445,-13.18,-2.54));
#12973=CARTESIAN_POINT('',(14.92,-13.82,-2.54));
#12974=CARTESIAN_POINT('',(14.92,-19.375,-2.54));
#12975=CARTESIAN_POINT('',(15.56,-13.82,-2.54));
#12976=CARTESIAN_POINT('',(14.445,-13.82,-2.54));
#12977=CARTESIAN_POINT('',(15.56,-19.375,-2.54));
#12978=CARTESIAN_POINT('',(15.56,-23.98,-2.54));
#12979=CARTESIAN_POINT('',(15.56,-23.34,-2.54));
#12980=CARTESIAN_POINT('',(15.56,-24.455,-2.54));
#12981=CARTESIAN_POINT('',(14.92,-23.34,-2.54));
#12982=CARTESIAN_POINT('',(14.445,-23.34,-2.54));
#12983=CARTESIAN_POINT('',(14.92,-23.98,-2.54));
#12984=CARTESIAN_POINT('',(14.92,-24.455,-2.54));
#12985=CARTESIAN_POINT('',(14.445,-23.98,-2.54));
#12986=CARTESIAN_POINT('',(15.56,-1.11999999999999,-2.54));
#12987=CARTESIAN_POINT('',(15.56,-0.479999999999992,-2.54));
#12988=CARTESIAN_POINT('',(15.56,-13.025,-2.54));
#12989=CARTESIAN_POINT('',(14.92,-0.479999999999992,-2.54));
#12990=CARTESIAN_POINT('',(14.445,-0.479999999999992,-2.54));
#12991=CARTESIAN_POINT('',(14.92,-1.11999999999999,-2.54));
#12992=CARTESIAN_POINT('',(14.92,-13.025,-2.54));
#12993=CARTESIAN_POINT('',(14.445,-1.11999999999999,-2.54));
#12994=CARTESIAN_POINT('',(15.56,-48.74,-2.54));
#12995=CARTESIAN_POINT('',(14.92,-48.74,-2.54));
#12996=CARTESIAN_POINT('',(14.445,-48.74,-2.54));
#12997=CARTESIAN_POINT('',(14.92,-49.38,-2.54));
#12998=CARTESIAN_POINT('',(14.92,-37.155,-2.54));
#12999=CARTESIAN_POINT('',(15.56,-49.38,-2.54));
#13000=CARTESIAN_POINT('',(14.445,-49.38,-2.54));
#13001=CARTESIAN_POINT('',(15.56,-37.155,-2.54));
#13002=CARTESIAN_POINT('',(15.56,-46.84,-2.54));
#13003=CARTESIAN_POINT('',(15.56,-46.2,-2.54));
#13004=CARTESIAN_POINT('',(15.56,-35.885,-2.54));
#13005=CARTESIAN_POINT('',(14.92,-46.2,-2.54));
#13006=CARTESIAN_POINT('',(14.445,-46.2,-2.54));
#13007=CARTESIAN_POINT('',(14.92,-46.84,-2.54));
#13008=CARTESIAN_POINT('',(14.92,-35.885,-2.54));
#13009=CARTESIAN_POINT('',(14.445,-46.84,-2.54));
#13010=CARTESIAN_POINT('Origin',(16.51,0.216000000000008,0.));
#13011=CARTESIAN_POINT('',(16.51,0.216000000000008,0.));
#13012=CARTESIAN_POINT('Origin',(16.51,-1.81599999999999,0.));
#13013=CARTESIAN_POINT('',(16.51,-1.81599999999999,0.));
#13014=CARTESIAN_POINT('Origin',(16.256,-2.06999999999999,0.));
#13015=CARTESIAN_POINT('',(16.256,-2.06999999999999,0.));
#13016=CARTESIAN_POINT('Origin',(16.51,-2.32399999999999,0.));
#13017=CARTESIAN_POINT('',(16.51,-2.32399999999999,0.));
#13018=CARTESIAN_POINT('Origin',(16.51,-4.35599999999999,0.));
#13019=CARTESIAN_POINT('',(16.51,-4.35599999999999,0.));
#13020=CARTESIAN_POINT('Origin',(16.256,-4.60999999999999,0.));
#13021=CARTESIAN_POINT('',(16.256,-4.60999999999999,0.));
#13022=CARTESIAN_POINT('Origin',(16.51,-4.86399999999999,0.));
#13023=CARTESIAN_POINT('',(16.51,-4.86399999999999,0.));
#13024=CARTESIAN_POINT('Origin',(16.51,-6.89599999999999,0.));
#13025=CARTESIAN_POINT('',(16.51,-6.89599999999999,0.));
#13026=CARTESIAN_POINT('Origin',(16.256,-7.14999999999999,0.));
#13027=CARTESIAN_POINT('',(16.256,-7.14999999999999,0.));
#13028=CARTESIAN_POINT('Origin',(16.51,-7.40399999999999,0.));
#13029=CARTESIAN_POINT('',(16.51,-7.40399999999999,0.));
#13030=CARTESIAN_POINT('Origin',(16.51,-9.43599999999999,0.));
#13031=CARTESIAN_POINT('',(16.51,-9.43599999999999,0.));
#13032=CARTESIAN_POINT('Origin',(16.256,-9.68999999999999,0.));
#13033=CARTESIAN_POINT('',(16.256,-9.68999999999999,0.));
#13034=CARTESIAN_POINT('Origin',(16.51,-9.94399999999999,0.));
#13035=CARTESIAN_POINT('',(16.51,-9.94399999999999,0.));
#13036=CARTESIAN_POINT('Origin',(16.51,-11.976,0.));
#13037=CARTESIAN_POINT('',(16.51,-11.976,0.));
#13038=CARTESIAN_POINT('Origin',(16.256,-12.23,0.));
#13039=CARTESIAN_POINT('',(16.256,-12.23,0.));
#13040=CARTESIAN_POINT('Origin',(16.51,-12.484,0.));
#13041=CARTESIAN_POINT('',(16.51,-12.484,0.));
#13042=CARTESIAN_POINT('Origin',(16.51,-14.516,0.));
#13043=CARTESIAN_POINT('',(16.51,-14.516,0.));
#13044=CARTESIAN_POINT('Origin',(16.256,-14.77,0.));
#13045=CARTESIAN_POINT('',(16.256,-14.77,0.));
#13046=CARTESIAN_POINT('Origin',(16.51,-15.024,0.));
#13047=CARTESIAN_POINT('',(16.51,-15.024,0.));
#13048=CARTESIAN_POINT('Origin',(16.51,-17.056,0.));
#13049=CARTESIAN_POINT('',(16.51,-17.056,0.));
#13050=CARTESIAN_POINT('Origin',(16.256,-17.31,0.));
#13051=CARTESIAN_POINT('',(16.256,-17.31,0.));
#13052=CARTESIAN_POINT('Origin',(16.51,-17.564,0.));
#13053=CARTESIAN_POINT('',(16.51,-17.564,0.));
#13054=CARTESIAN_POINT('Origin',(16.51,-19.596,0.));
#13055=CARTESIAN_POINT('',(16.51,-19.596,0.));
#13056=CARTESIAN_POINT('Origin',(16.256,-19.85,0.));
#13057=CARTESIAN_POINT('',(16.256,-19.85,0.));
#13058=CARTESIAN_POINT('Origin',(16.51,-20.104,0.));
#13059=CARTESIAN_POINT('',(16.51,-20.104,0.));
#13060=CARTESIAN_POINT('Origin',(16.51,-22.136,0.));
#13061=CARTESIAN_POINT('',(16.51,-22.136,0.));
#13062=CARTESIAN_POINT('Origin',(16.256,-22.39,0.));
#13063=CARTESIAN_POINT('',(16.256,-22.39,0.));
#13064=CARTESIAN_POINT('Origin',(16.51,-22.644,0.));
#13065=CARTESIAN_POINT('',(16.51,-22.644,0.));
#13066=CARTESIAN_POINT('Origin',(16.51,-24.676,0.));
#13067=CARTESIAN_POINT('',(16.51,-24.676,0.));
#13068=CARTESIAN_POINT('Origin',(16.256,-24.93,0.));
#13069=CARTESIAN_POINT('',(16.256,-24.93,0.));
#13070=CARTESIAN_POINT('Origin',(16.51,-25.184,0.));
#13071=CARTESIAN_POINT('',(16.51,-25.184,0.));
#13072=CARTESIAN_POINT('Origin',(16.51,-27.216,0.));
#13073=CARTESIAN_POINT('',(16.51,-27.216,0.));
#13074=CARTESIAN_POINT('Origin',(16.256,-27.47,0.));
#13075=CARTESIAN_POINT('',(16.256,-27.47,0.));
#13076=CARTESIAN_POINT('Origin',(16.51,-27.724,0.));
#13077=CARTESIAN_POINT('',(16.51,-27.724,0.));
#13078=CARTESIAN_POINT('Origin',(16.51,-29.756,0.));
#13079=CARTESIAN_POINT('',(16.51,-29.756,0.));
#13080=CARTESIAN_POINT('Origin',(16.256,-30.01,0.));
#13081=CARTESIAN_POINT('',(16.256,-30.01,0.));
#13082=CARTESIAN_POINT('Origin',(16.51,-30.264,0.));
#13083=CARTESIAN_POINT('',(16.51,-30.264,0.));
#13084=CARTESIAN_POINT('Origin',(16.51,-32.296,0.));
#13085=CARTESIAN_POINT('',(16.51,-32.296,0.));
#13086=CARTESIAN_POINT('Origin',(16.256,-32.55,0.));
#13087=CARTESIAN_POINT('',(16.256,-32.55,0.));
#13088=CARTESIAN_POINT('Origin',(16.51,-32.804,0.));
#13089=CARTESIAN_POINT('',(16.51,-32.804,0.));
#13090=CARTESIAN_POINT('Origin',(16.51,-34.836,0.));
#13091=CARTESIAN_POINT('',(16.51,-34.836,0.));
#13092=CARTESIAN_POINT('Origin',(16.256,-35.09,0.));
#13093=CARTESIAN_POINT('',(16.256,-35.09,0.));
#13094=CARTESIAN_POINT('Origin',(16.51,-35.344,0.));
#13095=CARTESIAN_POINT('',(16.51,-35.344,0.));
#13096=CARTESIAN_POINT('Origin',(16.51,-37.376,0.));
#13097=CARTESIAN_POINT('',(16.51,-37.376,0.));
#13098=CARTESIAN_POINT('Origin',(16.256,-37.63,0.));
#13099=CARTESIAN_POINT('',(16.256,-37.63,0.));
#13100=CARTESIAN_POINT('Origin',(16.51,-37.884,0.));
#13101=CARTESIAN_POINT('',(16.51,-37.884,0.));
#13102=CARTESIAN_POINT('Origin',(16.51,-39.916,0.));
#13103=CARTESIAN_POINT('',(16.51,-39.916,0.));
#13104=CARTESIAN_POINT('Origin',(16.256,-40.17,0.));
#13105=CARTESIAN_POINT('',(16.256,-40.17,0.));
#13106=CARTESIAN_POINT('Origin',(16.51,-40.424,0.));
#13107=CARTESIAN_POINT('',(16.51,-40.424,0.));
#13108=CARTESIAN_POINT('Origin',(16.51,-42.456,0.));
#13109=CARTESIAN_POINT('',(16.51,-42.456,0.));
#13110=CARTESIAN_POINT('Origin',(16.256,-42.71,0.));
#13111=CARTESIAN_POINT('',(16.256,-42.71,0.));
#13112=CARTESIAN_POINT('Origin',(16.51,-42.964,0.));
#13113=CARTESIAN_POINT('',(16.51,-42.964,0.));
#13114=CARTESIAN_POINT('Origin',(16.51,-44.996,0.));
#13115=CARTESIAN_POINT('',(16.51,-44.996,0.));
#13116=CARTESIAN_POINT('Origin',(16.256,-45.25,0.));
#13117=CARTESIAN_POINT('',(16.256,-45.25,0.));
#13118=CARTESIAN_POINT('Origin',(16.51,-45.504,0.));
#13119=CARTESIAN_POINT('',(16.51,-45.504,0.));
#13120=CARTESIAN_POINT('Origin',(16.51,-47.536,0.));
#13121=CARTESIAN_POINT('',(16.51,-47.536,0.));
#13122=CARTESIAN_POINT('Origin',(16.256,-47.79,0.));
#13123=CARTESIAN_POINT('',(16.256,-47.79,0.));
#13124=CARTESIAN_POINT('Origin',(16.51,-48.044,0.));
#13125=CARTESIAN_POINT('',(16.51,-48.044,0.));
#13126=CARTESIAN_POINT('Origin',(16.51,-50.076,0.));
#13127=CARTESIAN_POINT('',(16.51,-50.076,0.));
#13128=CARTESIAN_POINT('Origin',(16.256,-50.33,0.));
#13129=CARTESIAN_POINT('Origin',(15.56,-36.68,3.));
#13130=CARTESIAN_POINT('',(15.56,-36.68,-8.38));
#13131=CARTESIAN_POINT('',(15.56,-36.68,3.));
#13132=CARTESIAN_POINT('',(15.56,-36.04,-8.38));
#13133=CARTESIAN_POINT('',(15.56,-36.68,-8.38));
#13134=CARTESIAN_POINT('',(15.56,-36.04,3.));
#13135=CARTESIAN_POINT('Origin',(14.92,-36.04,3.));
#13136=CARTESIAN_POINT('',(14.92,-36.04,-8.38));
#13137=CARTESIAN_POINT('',(14.92,-36.04,-8.38));
#13138=CARTESIAN_POINT('',(14.92,-36.04,3.));
#13139=CARTESIAN_POINT('Origin',(14.92,-36.68,3.));
#13140=CARTESIAN_POINT('',(14.92,-36.68,-8.38));
#13141=CARTESIAN_POINT('',(14.92,-36.68,3.));
#13142=CARTESIAN_POINT('',(14.92,-36.68,-8.38));
#13143=CARTESIAN_POINT('Origin',(14.92,-36.68,3.));
#13144=CARTESIAN_POINT('',(14.92,-36.68,-8.38));
#13145=CARTESIAN_POINT('Origin',(15.56,-39.22,3.));
#13146=CARTESIAN_POINT('',(15.56,-39.22,-8.38));
#13147=CARTESIAN_POINT('',(15.56,-39.22,3.));
#13148=CARTESIAN_POINT('',(15.56,-38.58,-8.38));
#13149=CARTESIAN_POINT('',(15.56,-39.22,-8.38));
#13150=CARTESIAN_POINT('',(15.56,-38.58,3.));
#13151=CARTESIAN_POINT('Origin',(14.92,-38.58,3.));
#13152=CARTESIAN_POINT('',(14.92,-38.58,-8.38));
#13153=CARTESIAN_POINT('',(14.92,-38.58,-8.38));
#13154=CARTESIAN_POINT('',(14.92,-38.58,3.));
#13155=CARTESIAN_POINT('Origin',(14.92,-39.22,3.));
#13156=CARTESIAN_POINT('',(14.92,-39.22,-8.38));
#13157=CARTESIAN_POINT('',(14.92,-39.22,3.));
#13158=CARTESIAN_POINT('',(14.92,-39.22,-8.38));
#13159=CARTESIAN_POINT('Origin',(14.92,-39.22,3.));
#13160=CARTESIAN_POINT('',(14.92,-39.22,-8.38));
#13161=CARTESIAN_POINT('Origin',(14.92,-43.66,3.));
#13162=CARTESIAN_POINT('',(15.56,-43.66,-8.38));
#13163=CARTESIAN_POINT('',(15.56,-43.66,3.));
#13164=CARTESIAN_POINT('',(14.92,-43.66,-8.38));
#13165=CARTESIAN_POINT('',(14.92,-43.66,-8.38));
#13166=CARTESIAN_POINT('',(14.92,-43.66,3.));
#13167=CARTESIAN_POINT('Origin',(14.92,-44.3,3.));
#13168=CARTESIAN_POINT('',(14.92,-44.3,-8.38));
#13169=CARTESIAN_POINT('',(14.92,-44.3,3.));
#13170=CARTESIAN_POINT('',(14.92,-44.3,-8.38));
#13171=CARTESIAN_POINT('Origin',(14.92,-44.3,3.));
#13172=CARTESIAN_POINT('',(15.56,-44.3,-8.38));
#13173=CARTESIAN_POINT('',(15.56,-44.3,3.));
#13174=CARTESIAN_POINT('',(14.92,-44.3,-8.38));
#13175=CARTESIAN_POINT('Origin',(15.56,-44.3,3.));
#13176=CARTESIAN_POINT('',(15.56,-44.3,-8.38));
#13177=CARTESIAN_POINT('Origin',(15.56,-41.76,3.));
#13178=CARTESIAN_POINT('',(15.56,-41.76,-8.38));
#13179=CARTESIAN_POINT('',(15.56,-41.76,3.));
#13180=CARTESIAN_POINT('',(15.56,-41.12,-8.38));
#13181=CARTESIAN_POINT('',(15.56,-41.76,-8.38));
#13182=CARTESIAN_POINT('',(15.56,-41.12,3.));
#13183=CARTESIAN_POINT('Origin',(14.92,-41.12,3.));
#13184=CARTESIAN_POINT('',(14.92,-41.12,-8.38));
#13185=CARTESIAN_POINT('',(14.92,-41.12,-8.38));
#13186=CARTESIAN_POINT('',(14.92,-41.12,3.));
#13187=CARTESIAN_POINT('Origin',(14.92,-41.76,3.));
#13188=CARTESIAN_POINT('',(14.92,-41.76,-8.38));
#13189=CARTESIAN_POINT('',(14.92,-41.76,3.));
#13190=CARTESIAN_POINT('',(14.92,-41.76,-8.38));
#13191=CARTESIAN_POINT('Origin',(14.92,-41.76,3.));
#13192=CARTESIAN_POINT('',(14.92,-41.76,-8.38));
#13193=CARTESIAN_POINT('Origin',(14.92,-29.06,3.));
#13194=CARTESIAN_POINT('',(15.56,-29.06,-8.38));
#13195=CARTESIAN_POINT('',(15.56,-29.06,3.));
#13196=CARTESIAN_POINT('',(14.92,-29.06,-8.38));
#13197=CARTESIAN_POINT('',(14.92,-29.06,3.));
#13198=CARTESIAN_POINT('',(14.92,-29.06,-8.38));
#13199=CARTESIAN_POINT('Origin',(15.56,-29.06,3.));
#13200=CARTESIAN_POINT('',(15.56,-28.42,-8.38));
#13201=CARTESIAN_POINT('',(15.56,-29.06,-8.38));
#13202=CARTESIAN_POINT('',(15.56,-28.42,3.));
#13203=CARTESIAN_POINT('Origin',(14.92,-28.42,3.));
#13204=CARTESIAN_POINT('',(14.92,-28.42,-8.38));
#13205=CARTESIAN_POINT('',(14.92,-28.42,-8.38));
#13206=CARTESIAN_POINT('',(14.92,-28.42,3.));
#13207=CARTESIAN_POINT('Origin',(14.92,-29.06,3.));
#13208=CARTESIAN_POINT('',(14.92,-29.06,-8.38));
#13209=CARTESIAN_POINT('Origin',(14.92,-30.96,3.));
#13210=CARTESIAN_POINT('',(15.56,-30.96,-8.38));
#13211=CARTESIAN_POINT('',(15.56,-30.96,3.));
#13212=CARTESIAN_POINT('',(14.92,-30.96,-8.38));
#13213=CARTESIAN_POINT('',(14.92,-30.96,-8.38));
#13214=CARTESIAN_POINT('',(14.92,-30.96,3.));
#13215=CARTESIAN_POINT('Origin',(14.92,-31.6,3.));
#13216=CARTESIAN_POINT('',(14.92,-31.6,-8.38));
#13217=CARTESIAN_POINT('',(14.92,-31.6,3.));
#13218=CARTESIAN_POINT('',(14.92,-31.6,-8.38));
#13219=CARTESIAN_POINT('Origin',(14.92,-31.6,3.));
#13220=CARTESIAN_POINT('',(15.56,-31.6,-8.38));
#13221=CARTESIAN_POINT('',(15.56,-31.6,3.));
#13222=CARTESIAN_POINT('',(14.92,-31.6,-8.38));
#13223=CARTESIAN_POINT('Origin',(15.56,-31.6,3.));
#13224=CARTESIAN_POINT('',(15.56,-31.6,-8.38));
#13225=CARTESIAN_POINT('Origin',(15.56,-34.14,3.));
#13226=CARTESIAN_POINT('',(15.56,-34.14,-8.38));
#13227=CARTESIAN_POINT('',(15.56,-34.14,3.));
#13228=CARTESIAN_POINT('',(15.56,-33.5,-8.38));
#13229=CARTESIAN_POINT('',(15.56,-34.14,-8.38));
#13230=CARTESIAN_POINT('',(15.56,-33.5,3.));
#13231=CARTESIAN_POINT('Origin',(14.92,-33.5,3.));
#13232=CARTESIAN_POINT('',(14.92,-33.5,-8.38));
#13233=CARTESIAN_POINT('',(14.92,-33.5,-8.38));
#13234=CARTESIAN_POINT('',(14.92,-33.5,3.));
#13235=CARTESIAN_POINT('Origin',(14.92,-34.14,3.));
#13236=CARTESIAN_POINT('',(14.92,-34.14,-8.38));
#13237=CARTESIAN_POINT('',(14.92,-34.14,3.));
#13238=CARTESIAN_POINT('',(14.92,-34.14,-8.38));
#13239=CARTESIAN_POINT('Origin',(14.92,-34.14,3.));
#13240=CARTESIAN_POINT('',(14.92,-34.14,-8.38));
#13241=CARTESIAN_POINT('Origin',(15.56,-26.52,3.));
#13242=CARTESIAN_POINT('',(15.56,-26.52,-8.38));
#13243=CARTESIAN_POINT('',(15.56,-26.52,3.));
#13244=CARTESIAN_POINT('',(15.56,-25.88,-8.38));
#13245=CARTESIAN_POINT('',(15.56,-26.52,-8.38));
#13246=CARTESIAN_POINT('',(15.56,-25.88,3.));
#13247=CARTESIAN_POINT('Origin',(14.92,-25.88,3.));
#13248=CARTESIAN_POINT('',(14.92,-25.88,-8.38));
#13249=CARTESIAN_POINT('',(14.92,-25.88,-8.38));
#13250=CARTESIAN_POINT('',(14.92,-25.88,3.));
#13251=CARTESIAN_POINT('Origin',(14.92,-26.52,3.));
#13252=CARTESIAN_POINT('',(14.92,-26.52,-8.38));
#13253=CARTESIAN_POINT('',(14.92,-26.52,3.));
#13254=CARTESIAN_POINT('',(14.92,-26.52,-8.38));
#13255=CARTESIAN_POINT('Origin',(14.92,-26.52,3.));
#13256=CARTESIAN_POINT('',(14.92,-26.52,-8.38));
#13257=CARTESIAN_POINT('Origin',(15.56,-3.65999999999999,3.));
#13258=CARTESIAN_POINT('',(15.56,-3.65999999999999,-8.38));
#13259=CARTESIAN_POINT('',(15.56,-3.65999999999999,3.));
#13260=CARTESIAN_POINT('',(15.56,-3.01999999999999,-8.38));
#13261=CARTESIAN_POINT('',(15.56,-3.65999999999999,-8.38));
#13262=CARTESIAN_POINT('',(15.56,-3.01999999999999,3.));
#13263=CARTESIAN_POINT('Origin',(14.92,-3.01999999999999,3.));
#13264=CARTESIAN_POINT('',(14.92,-3.01999999999999,-8.38));
#13265=CARTESIAN_POINT('',(14.92,-3.01999999999999,-8.38));
#13266=CARTESIAN_POINT('',(14.92,-3.01999999999999,3.));
#13267=CARTESIAN_POINT('Origin',(14.92,-3.65999999999999,3.));
#13268=CARTESIAN_POINT('',(14.92,-3.65999999999999,-8.38));
#13269=CARTESIAN_POINT('',(14.92,-3.65999999999999,3.));
#13270=CARTESIAN_POINT('',(14.92,-3.65999999999999,-8.38));
#13271=CARTESIAN_POINT('Origin',(14.92,-3.65999999999999,3.));
#13272=CARTESIAN_POINT('',(14.92,-3.65999999999999,-8.38));
#13273=CARTESIAN_POINT('Origin',(14.92,-6.19999999999999,3.));
#13274=CARTESIAN_POINT('',(15.56,-6.19999999999999,-8.38));
#13275=CARTESIAN_POINT('',(15.56,-6.19999999999999,3.));
#13276=CARTESIAN_POINT('',(14.92,-6.19999999999999,-8.38));
#13277=CARTESIAN_POINT('',(14.92,-6.19999999999999,3.));
#13278=CARTESIAN_POINT('',(14.92,-6.19999999999999,-8.38));
#13279=CARTESIAN_POINT('Origin',(15.56,-6.19999999999999,3.));
#13280=CARTESIAN_POINT('',(15.56,-5.55999999999999,-8.38));
#13281=CARTESIAN_POINT('',(15.56,-6.19999999999999,-8.38));
#13282=CARTESIAN_POINT('',(15.56,-5.55999999999999,3.));
#13283=CARTESIAN_POINT('Origin',(14.92,-5.55999999999999,3.));
#13284=CARTESIAN_POINT('',(14.92,-5.55999999999999,-8.38));
#13285=CARTESIAN_POINT('',(14.92,-5.55999999999999,-8.38));
#13286=CARTESIAN_POINT('',(14.92,-5.55999999999999,3.));
#13287=CARTESIAN_POINT('Origin',(14.92,-6.19999999999999,3.));
#13288=CARTESIAN_POINT('',(14.92,-6.19999999999999,-8.38));
#13289=CARTESIAN_POINT('Origin',(15.56,-11.28,3.));
#13290=CARTESIAN_POINT('',(15.56,-11.28,-8.38));
#13291=CARTESIAN_POINT('',(15.56,-11.28,3.));
#13292=CARTESIAN_POINT('',(15.56,-10.64,-8.38));
#13293=CARTESIAN_POINT('',(15.56,-11.28,-8.38));
#13294=CARTESIAN_POINT('',(15.56,-10.64,3.));
#13295=CARTESIAN_POINT('Origin',(14.92,-10.64,3.));
#13296=CARTESIAN_POINT('',(14.92,-10.64,-8.38));
#13297=CARTESIAN_POINT('',(14.92,-10.64,-8.38));
#13298=CARTESIAN_POINT('',(14.92,-10.64,3.));
#13299=CARTESIAN_POINT('Origin',(14.92,-11.28,3.));
#13300=CARTESIAN_POINT('',(14.92,-11.28,-8.38));
#13301=CARTESIAN_POINT('',(14.92,-11.28,3.));
#13302=CARTESIAN_POINT('',(14.92,-11.28,-8.38));
#13303=CARTESIAN_POINT('Origin',(14.92,-11.28,3.));
#13304=CARTESIAN_POINT('',(14.92,-11.28,-8.38));
#13305=CARTESIAN_POINT('Origin',(14.92,-8.09999999999999,3.));
#13306=CARTESIAN_POINT('',(15.56,-8.09999999999999,-8.38));
#13307=CARTESIAN_POINT('',(15.56,-8.09999999999999,3.));
#13308=CARTESIAN_POINT('',(14.92,-8.09999999999999,-8.38));
#13309=CARTESIAN_POINT('',(14.92,-8.09999999999999,-8.38));
#13310=CARTESIAN_POINT('',(14.92,-8.09999999999999,3.));
#13311=CARTESIAN_POINT('Origin',(14.92,-8.73999999999999,3.));
#13312=CARTESIAN_POINT('',(14.92,-8.73999999999999,-8.38));
#13313=CARTESIAN_POINT('',(14.92,-8.73999999999999,3.));
#13314=CARTESIAN_POINT('',(14.92,-8.73999999999999,-8.38));
#13315=CARTESIAN_POINT('Origin',(14.92,-8.73999999999999,3.));
#13316=CARTESIAN_POINT('',(15.56,-8.73999999999999,-8.38));
#13317=CARTESIAN_POINT('',(15.56,-8.73999999999999,3.));
#13318=CARTESIAN_POINT('',(14.92,-8.73999999999999,-8.38));
#13319=CARTESIAN_POINT('Origin',(15.56,-8.73999999999999,3.));
#13320=CARTESIAN_POINT('',(15.56,-8.73999999999999,-8.38));
#13321=CARTESIAN_POINT('Origin',(15.56,-21.44,3.));
#13322=CARTESIAN_POINT('',(15.56,-21.44,-8.38));
#13323=CARTESIAN_POINT('',(15.56,-21.44,3.));
#13324=CARTESIAN_POINT('',(15.56,-20.8,-8.38));
#13325=CARTESIAN_POINT('',(15.56,-21.44,-8.38));
#13326=CARTESIAN_POINT('',(15.56,-20.8,3.));
#13327=CARTESIAN_POINT('Origin',(14.92,-20.8,3.));
#13328=CARTESIAN_POINT('',(14.92,-20.8,-8.38));
#13329=CARTESIAN_POINT('',(14.92,-20.8,-8.38));
#13330=CARTESIAN_POINT('',(14.92,-20.8,3.));
#13331=CARTESIAN_POINT('Origin',(14.92,-21.44,3.));
#13332=CARTESIAN_POINT('',(14.92,-21.44,-8.38));
#13333=CARTESIAN_POINT('',(14.92,-21.44,3.));
#13334=CARTESIAN_POINT('',(14.92,-21.44,-8.38));
#13335=CARTESIAN_POINT('Origin',(14.92,-21.44,3.));
#13336=CARTESIAN_POINT('',(14.92,-21.44,-8.38));
#13337=CARTESIAN_POINT('Origin',(14.92,-18.9,3.));
#13338=CARTESIAN_POINT('',(15.56,-18.9,-8.38));
#13339=CARTESIAN_POINT('',(15.56,-18.9,3.));
#13340=CARTESIAN_POINT('',(14.92,-18.9,-8.38));
#13341=CARTESIAN_POINT('',(14.92,-18.9,3.));
#13342=CARTESIAN_POINT('',(14.92,-18.9,-8.38));
#13343=CARTESIAN_POINT('Origin',(15.56,-18.9,3.));
#13344=CARTESIAN_POINT('',(15.56,-18.26,-8.38));
#13345=CARTESIAN_POINT('',(15.56,-18.9,-8.38));
#13346=CARTESIAN_POINT('',(15.56,-18.26,3.));
#13347=CARTESIAN_POINT('Origin',(14.92,-18.26,3.));
#13348=CARTESIAN_POINT('',(14.92,-18.26,-8.38));
#13349=CARTESIAN_POINT('',(14.92,-18.26,-8.38));
#13350=CARTESIAN_POINT('',(14.92,-18.26,3.));
#13351=CARTESIAN_POINT('Origin',(14.92,-18.9,3.));
#13352=CARTESIAN_POINT('',(14.92,-18.9,-8.38));
#13353=CARTESIAN_POINT('Origin',(15.56,-16.36,3.));
#13354=CARTESIAN_POINT('',(15.56,-16.36,-8.38));
#13355=CARTESIAN_POINT('',(15.56,-16.36,3.));
#13356=CARTESIAN_POINT('',(15.56,-15.72,-8.38));
#13357=CARTESIAN_POINT('',(15.56,-16.36,-8.38));
#13358=CARTESIAN_POINT('',(15.56,-15.72,3.));
#13359=CARTESIAN_POINT('Origin',(14.92,-15.72,3.));
#13360=CARTESIAN_POINT('',(14.92,-15.72,-8.38));
#13361=CARTESIAN_POINT('',(14.92,-15.72,-8.38));
#13362=CARTESIAN_POINT('',(14.92,-15.72,3.));
#13363=CARTESIAN_POINT('Origin',(14.92,-16.36,3.));
#13364=CARTESIAN_POINT('',(14.92,-16.36,-8.38));
#13365=CARTESIAN_POINT('',(14.92,-16.36,3.));
#13366=CARTESIAN_POINT('',(14.92,-16.36,-8.38));
#13367=CARTESIAN_POINT('Origin',(14.92,-16.36,3.));
#13368=CARTESIAN_POINT('',(14.92,-16.36,-8.38));
#13369=CARTESIAN_POINT('Origin',(14.92,-13.18,3.));
#13370=CARTESIAN_POINT('',(15.56,-13.18,-8.38));
#13371=CARTESIAN_POINT('',(15.56,-13.18,3.));
#13372=CARTESIAN_POINT('',(14.92,-13.18,-8.38));
#13373=CARTESIAN_POINT('',(14.92,-13.18,-8.38));
#13374=CARTESIAN_POINT('',(14.92,-13.18,3.));
#13375=CARTESIAN_POINT('Origin',(14.92,-13.82,3.));
#13376=CARTESIAN_POINT('',(14.92,-13.82,-8.38));
#13377=CARTESIAN_POINT('',(14.92,-13.82,3.));
#13378=CARTESIAN_POINT('',(14.92,-13.82,-8.38));
#13379=CARTESIAN_POINT('Origin',(14.92,-13.82,3.));
#13380=CARTESIAN_POINT('',(15.56,-13.82,-8.38));
#13381=CARTESIAN_POINT('',(15.56,-13.82,3.));
#13382=CARTESIAN_POINT('',(14.92,-13.82,-8.38));
#13383=CARTESIAN_POINT('Origin',(15.56,-13.82,3.));
#13384=CARTESIAN_POINT('',(15.56,-13.82,-8.38));
#13385=CARTESIAN_POINT('Origin',(15.56,-23.98,3.));
#13386=CARTESIAN_POINT('',(15.56,-23.98,-8.38));
#13387=CARTESIAN_POINT('',(15.56,-23.98,3.));
#13388=CARTESIAN_POINT('',(15.56,-23.34,-8.38));
#13389=CARTESIAN_POINT('',(15.56,-23.98,-8.38));
#13390=CARTESIAN_POINT('',(15.56,-23.34,3.));
#13391=CARTESIAN_POINT('Origin',(14.92,-23.34,3.));
#13392=CARTESIAN_POINT('',(14.92,-23.34,-8.38));
#13393=CARTESIAN_POINT('',(14.92,-23.34,-8.38));
#13394=CARTESIAN_POINT('',(14.92,-23.34,3.));
#13395=CARTESIAN_POINT('Origin',(14.92,-23.98,3.));
#13396=CARTESIAN_POINT('',(14.92,-23.98,-8.38));
#13397=CARTESIAN_POINT('',(14.92,-23.98,3.));
#13398=CARTESIAN_POINT('',(14.92,-23.98,-8.38));
#13399=CARTESIAN_POINT('Origin',(14.92,-23.98,3.));
#13400=CARTESIAN_POINT('',(14.92,-23.98,-8.38));
#13401=CARTESIAN_POINT('Origin',(15.56,-1.11999999999999,3.));
#13402=CARTESIAN_POINT('',(15.56,-1.11999999999999,-8.38));
#13403=CARTESIAN_POINT('',(15.56,-1.11999999999999,3.));
#13404=CARTESIAN_POINT('',(15.56,-0.479999999999992,-8.38));
#13405=CARTESIAN_POINT('',(15.56,-1.11999999999999,-8.38));
#13406=CARTESIAN_POINT('',(15.56,-0.479999999999992,3.));
#13407=CARTESIAN_POINT('Origin',(14.92,-0.479999999999992,3.));
#13408=CARTESIAN_POINT('',(14.92,-0.479999999999992,-8.38));
#13409=CARTESIAN_POINT('',(14.92,-0.479999999999992,-8.38));
#13410=CARTESIAN_POINT('',(14.92,-0.479999999999992,3.));
#13411=CARTESIAN_POINT('Origin',(14.92,-1.11999999999999,3.));
#13412=CARTESIAN_POINT('',(14.92,-1.11999999999999,-8.38));
#13413=CARTESIAN_POINT('',(14.92,-1.11999999999999,3.));
#13414=CARTESIAN_POINT('',(14.92,-1.11999999999999,-8.38));
#13415=CARTESIAN_POINT('Origin',(14.92,-1.11999999999999,3.));
#13416=CARTESIAN_POINT('',(14.92,-1.11999999999999,-8.38));
#13417=CARTESIAN_POINT('Origin',(14.92,-48.74,3.));
#13418=CARTESIAN_POINT('',(15.56,-48.74,-8.38));
#13419=CARTESIAN_POINT('',(15.56,-48.74,3.));
#13420=CARTESIAN_POINT('',(14.92,-48.74,-8.38));
#13421=CARTESIAN_POINT('',(14.92,-48.74,-8.38));
#13422=CARTESIAN_POINT('',(14.92,-48.74,3.));
#13423=CARTESIAN_POINT('Origin',(14.92,-49.38,3.));
#13424=CARTESIAN_POINT('',(14.92,-49.38,-8.38));
#13425=CARTESIAN_POINT('',(14.92,-49.38,3.));
#13426=CARTESIAN_POINT('',(14.92,-49.38,-8.38));
#13427=CARTESIAN_POINT('Origin',(14.92,-49.38,3.));
#13428=CARTESIAN_POINT('',(15.56,-49.38,-8.38));
#13429=CARTESIAN_POINT('',(15.56,-49.38,3.));
#13430=CARTESIAN_POINT('',(14.92,-49.38,-8.38));
#13431=CARTESIAN_POINT('Origin',(15.56,-49.38,3.));
#13432=CARTESIAN_POINT('',(15.56,-49.38,-8.38));
#13433=CARTESIAN_POINT('Origin',(15.56,-46.84,3.));
#13434=CARTESIAN_POINT('',(15.56,-46.84,-8.38));
#13435=CARTESIAN_POINT('',(15.56,-46.84,3.));
#13436=CARTESIAN_POINT('',(15.56,-46.2,-8.38));
#13437=CARTESIAN_POINT('',(15.56,-46.84,-8.38));
#13438=CARTESIAN_POINT('',(15.56,-46.2,3.));
#13439=CARTESIAN_POINT('Origin',(14.92,-46.2,3.));
#13440=CARTESIAN_POINT('',(14.92,-46.2,-8.38));
#13441=CARTESIAN_POINT('',(14.92,-46.2,-8.38));
#13442=CARTESIAN_POINT('',(14.92,-46.2,3.));
#13443=CARTESIAN_POINT('Origin',(14.92,-46.84,3.));
#13444=CARTESIAN_POINT('',(14.92,-46.84,-8.38));
#13445=CARTESIAN_POINT('',(14.92,-46.84,3.));
#13446=CARTESIAN_POINT('',(14.92,-46.84,-8.38));
#13447=CARTESIAN_POINT('Origin',(14.92,-46.84,3.));
#13448=CARTESIAN_POINT('',(14.92,-46.84,-8.38));
#13449=CARTESIAN_POINT('Origin',(15.48,-36.68,-8.46));
#13450=CARTESIAN_POINT('',(15.4,-36.52,-8.54));
#13451=CARTESIAN_POINT('',(15.4,-36.52,-8.54));
#13452=CARTESIAN_POINT('',(15.4,-36.2,-8.54));
#13453=CARTESIAN_POINT('',(15.4,-36.68,-8.54));
#13454=CARTESIAN_POINT('',(15.293333333333,-36.30666666666,-8.646666666667));
#13455=CARTESIAN_POINT('Origin',(14.92,-36.12,-8.46));
#13456=CARTESIAN_POINT('',(15.08,-36.2,-8.54));
#13457=CARTESIAN_POINT('',(15.08,-36.2,-8.54));
#13458=CARTESIAN_POINT('',(14.92,-36.2,-8.54));
#13459=CARTESIAN_POINT('Origin',(15.,-36.68,-8.46));
#13460=CARTESIAN_POINT('',(15.08,-36.52,-8.54));
#13461=CARTESIAN_POINT('',(14.973333333333,-36.62666666666,-8.433333333333));
#13462=CARTESIAN_POINT('',(15.08,-36.68,-8.54));
#13463=CARTESIAN_POINT('Origin',(14.92,-36.6,-8.46));
#13464=CARTESIAN_POINT('',(14.92,-36.52,-8.54));
#13465=CARTESIAN_POINT('Origin',(15.48,-39.22,-8.46));
#13466=CARTESIAN_POINT('',(15.4,-39.06,-8.54));
#13467=CARTESIAN_POINT('',(15.4,-39.06,-8.54));
#13468=CARTESIAN_POINT('',(15.4,-38.74,-8.54));
#13469=CARTESIAN_POINT('',(15.4,-39.22,-8.54));
#13470=CARTESIAN_POINT('',(15.293333333333,-38.84666666666,-8.646666666667));
#13471=CARTESIAN_POINT('Origin',(14.92,-38.66,-8.46));
#13472=CARTESIAN_POINT('',(15.08,-38.74,-8.54));
#13473=CARTESIAN_POINT('',(15.08,-38.74,-8.54));
#13474=CARTESIAN_POINT('',(14.92,-38.74,-8.54));
#13475=CARTESIAN_POINT('Origin',(15.,-39.22,-8.46));
#13476=CARTESIAN_POINT('',(15.08,-39.06,-8.54));
#13477=CARTESIAN_POINT('',(14.973333333333,-39.16666666666,-8.433333333333));
#13478=CARTESIAN_POINT('',(15.08,-39.22,-8.54));
#13479=CARTESIAN_POINT('Origin',(14.92,-39.14,-8.46));
#13480=CARTESIAN_POINT('',(14.92,-39.06,-8.54));
#13481=CARTESIAN_POINT('Origin',(14.92,-43.74,-8.46));
#13482=CARTESIAN_POINT('',(15.08,-43.82,-8.54));
#13483=CARTESIAN_POINT('',(15.08,-43.82,-8.54));
#13484=CARTESIAN_POINT('',(15.4,-43.82,-8.54));
#13485=CARTESIAN_POINT('',(15.293333333333,-43.92666666666,-8.646666666667));
#13486=CARTESIAN_POINT('',(14.92,-43.82,-8.54));
#13487=CARTESIAN_POINT('Origin',(15.,-44.3,-8.46));
#13488=CARTESIAN_POINT('',(15.08,-44.14,-8.54));
#13489=CARTESIAN_POINT('',(14.973333333333,-44.24666666666,-8.433333333333));
#13490=CARTESIAN_POINT('',(15.08,-44.3,-8.54));
#13491=CARTESIAN_POINT('Origin',(14.92,-44.22,-8.46));
#13492=CARTESIAN_POINT('',(15.4,-44.14,-8.54));
#13493=CARTESIAN_POINT('',(14.92,-44.14,-8.54));
#13494=CARTESIAN_POINT('',(15.4,-44.14,-8.54));
#13495=CARTESIAN_POINT('Origin',(15.48,-44.3,-8.46));
#13496=CARTESIAN_POINT('',(15.4,-44.3,-8.54));
#13497=CARTESIAN_POINT('Origin',(15.48,-41.76,-8.46));
#13498=CARTESIAN_POINT('',(15.4,-41.6,-8.54));
#13499=CARTESIAN_POINT('',(15.4,-41.6,-8.54));
#13500=CARTESIAN_POINT('',(15.4,-41.28,-8.54));
#13501=CARTESIAN_POINT('',(15.4,-41.76,-8.54));
#13502=CARTESIAN_POINT('',(15.293333333333,-41.38666666666,-8.646666666667));
#13503=CARTESIAN_POINT('Origin',(14.92,-41.2,-8.46));
#13504=CARTESIAN_POINT('',(15.08,-41.28,-8.54));
#13505=CARTESIAN_POINT('',(15.08,-41.28,-8.54));
#13506=CARTESIAN_POINT('',(14.92,-41.28,-8.54));
#13507=CARTESIAN_POINT('Origin',(15.,-41.76,-8.46));
#13508=CARTESIAN_POINT('',(15.08,-41.6,-8.54));
#13509=CARTESIAN_POINT('',(14.973333333333,-41.70666666666,-8.433333333333));
#13510=CARTESIAN_POINT('',(15.08,-41.76,-8.54));
#13511=CARTESIAN_POINT('Origin',(14.92,-41.68,-8.46));
#13512=CARTESIAN_POINT('',(14.92,-41.6,-8.54));
#13513=CARTESIAN_POINT('Origin',(14.92,-28.98,-8.46));
#13514=CARTESIAN_POINT('',(15.08,-28.9,-8.54));
#13515=CARTESIAN_POINT('',(14.973333333333,-29.00666666666,-8.433333333333));
#13516=CARTESIAN_POINT('',(15.4,-28.9,-8.54));
#13517=CARTESIAN_POINT('',(14.92,-28.9,-8.54));
#13518=CARTESIAN_POINT('',(15.4,-28.9,-8.54));
#13519=CARTESIAN_POINT('Origin',(15.48,-29.06,-8.46));
#13520=CARTESIAN_POINT('',(15.4,-28.58,-8.54));
#13521=CARTESIAN_POINT('',(15.4,-29.06,-8.54));
#13522=CARTESIAN_POINT('',(15.293333333333,-28.68666666666,-8.646666666667));
#13523=CARTESIAN_POINT('Origin',(14.92,-28.5,-8.46));
#13524=CARTESIAN_POINT('',(15.08,-28.58,-8.54));
#13525=CARTESIAN_POINT('',(15.08,-28.58,-8.54));
#13526=CARTESIAN_POINT('',(14.92,-28.58,-8.54));
#13527=CARTESIAN_POINT('Origin',(15.,-29.06,-8.46));
#13528=CARTESIAN_POINT('',(15.08,-29.06,-8.54));
#13529=CARTESIAN_POINT('Origin',(14.92,-31.04,-8.46));
#13530=CARTESIAN_POINT('',(15.08,-31.12,-8.54));
#13531=CARTESIAN_POINT('',(15.08,-31.12,-8.54));
#13532=CARTESIAN_POINT('',(15.4,-31.12,-8.54));
#13533=CARTESIAN_POINT('',(15.293333333333,-31.22666666666,-8.646666666667));
#13534=CARTESIAN_POINT('',(14.92,-31.12,-8.54));
#13535=CARTESIAN_POINT('Origin',(15.,-31.6,-8.46));
#13536=CARTESIAN_POINT('',(15.08,-31.44,-8.54));
#13537=CARTESIAN_POINT('',(14.973333333333,-31.54666666666,-8.433333333333));
#13538=CARTESIAN_POINT('',(15.08,-31.6,-8.54));
#13539=CARTESIAN_POINT('Origin',(14.92,-31.52,-8.46));
#13540=CARTESIAN_POINT('',(15.4,-31.44,-8.54));
#13541=CARTESIAN_POINT('',(14.92,-31.44,-8.54));
#13542=CARTESIAN_POINT('',(15.4,-31.44,-8.54));
#13543=CARTESIAN_POINT('Origin',(15.48,-31.6,-8.46));
#13544=CARTESIAN_POINT('',(15.4,-31.6,-8.54));
#13545=CARTESIAN_POINT('Origin',(15.48,-34.14,-8.46));
#13546=CARTESIAN_POINT('',(15.4,-33.98,-8.54));
#13547=CARTESIAN_POINT('',(15.4,-33.98,-8.54));
#13548=CARTESIAN_POINT('',(15.4,-33.66,-8.54));
#13549=CARTESIAN_POINT('',(15.4,-34.14,-8.54));
#13550=CARTESIAN_POINT('',(15.293333333333,-33.76666666666,-8.646666666667));
#13551=CARTESIAN_POINT('Origin',(14.92,-33.58,-8.46));
#13552=CARTESIAN_POINT('',(15.08,-33.66,-8.54));
#13553=CARTESIAN_POINT('',(15.08,-33.66,-8.54));
#13554=CARTESIAN_POINT('',(14.92,-33.66,-8.54));
#13555=CARTESIAN_POINT('Origin',(15.,-34.14,-8.46));
#13556=CARTESIAN_POINT('',(15.08,-33.98,-8.54));
#13557=CARTESIAN_POINT('',(14.973333333333,-34.08666666666,-8.433333333333));
#13558=CARTESIAN_POINT('',(15.08,-34.14,-8.54));
#13559=CARTESIAN_POINT('Origin',(14.92,-34.06,-8.46));
#13560=CARTESIAN_POINT('',(14.92,-33.98,-8.54));
#13561=CARTESIAN_POINT('Origin',(15.48,-26.52,-8.46));
#13562=CARTESIAN_POINT('',(15.4,-26.36,-8.54));
#13563=CARTESIAN_POINT('',(15.4,-26.36,-8.54));
#13564=CARTESIAN_POINT('',(15.4,-26.04,-8.54));
#13565=CARTESIAN_POINT('',(15.4,-26.52,-8.54));
#13566=CARTESIAN_POINT('',(15.293333333333,-26.14666666666,-8.646666666667));
#13567=CARTESIAN_POINT('Origin',(14.92,-25.96,-8.46));
#13568=CARTESIAN_POINT('',(15.08,-26.04,-8.54));
#13569=CARTESIAN_POINT('',(15.08,-26.04,-8.54));
#13570=CARTESIAN_POINT('',(14.92,-26.04,-8.54));
#13571=CARTESIAN_POINT('Origin',(15.,-26.52,-8.46));
#13572=CARTESIAN_POINT('',(15.08,-26.36,-8.54));
#13573=CARTESIAN_POINT('',(14.973333333333,-26.46666666666,-8.433333333333));
#13574=CARTESIAN_POINT('',(15.08,-26.52,-8.54));
#13575=CARTESIAN_POINT('Origin',(14.92,-26.44,-8.46));
#13576=CARTESIAN_POINT('',(14.92,-26.36,-8.54));
#13577=CARTESIAN_POINT('Origin',(15.48,-3.65999999999999,-8.46));
#13578=CARTESIAN_POINT('',(15.4,-3.49999999999999,-8.54));
#13579=CARTESIAN_POINT('',(15.4,-3.49999999999999,-8.54));
#13580=CARTESIAN_POINT('',(15.4,-3.17999999999999,-8.54));
#13581=CARTESIAN_POINT('',(15.4,-3.65999999999999,-8.54));
#13582=CARTESIAN_POINT('',(15.293333333333,-3.28666666666699,-8.646666666667));
#13583=CARTESIAN_POINT('Origin',(14.92,-3.09999999999999,-8.46));
#13584=CARTESIAN_POINT('',(15.08,-3.17999999999999,-8.54));
#13585=CARTESIAN_POINT('',(15.08,-3.17999999999999,-8.54));
#13586=CARTESIAN_POINT('',(14.92,-3.17999999999999,-8.54));
#13587=CARTESIAN_POINT('Origin',(15.,-3.65999999999999,-8.46));
#13588=CARTESIAN_POINT('',(15.08,-3.49999999999999,-8.54));
#13589=CARTESIAN_POINT('',(14.973333333333,-3.60666666666699,-8.433333333333));
#13590=CARTESIAN_POINT('',(15.08,-3.65999999999999,-8.54));
#13591=CARTESIAN_POINT('Origin',(14.92,-3.57999999999999,-8.46));
#13592=CARTESIAN_POINT('',(14.92,-3.49999999999999,-8.54));
#13593=CARTESIAN_POINT('Origin',(14.92,-6.11999999999999,-8.46));
#13594=CARTESIAN_POINT('',(15.08,-6.03999999999999,-8.54));
#13595=CARTESIAN_POINT('',(14.973333333333,-6.14666666666699,-8.433333333333));
#13596=CARTESIAN_POINT('',(15.4,-6.03999999999999,-8.54));
#13597=CARTESIAN_POINT('',(14.92,-6.03999999999999,-8.54));
#13598=CARTESIAN_POINT('',(15.4,-6.03999999999999,-8.54));
#13599=CARTESIAN_POINT('Origin',(15.48,-6.19999999999999,-8.46));
#13600=CARTESIAN_POINT('',(15.4,-5.71999999999999,-8.54));
#13601=CARTESIAN_POINT('',(15.4,-6.19999999999999,-8.54));
#13602=CARTESIAN_POINT('',(15.293333333333,-5.82666666666699,-8.646666666667));
#13603=CARTESIAN_POINT('Origin',(14.92,-5.63999999999999,-8.46));
#13604=CARTESIAN_POINT('',(15.08,-5.71999999999999,-8.54));
#13605=CARTESIAN_POINT('',(15.08,-5.71999999999999,-8.54));
#13606=CARTESIAN_POINT('',(14.92,-5.71999999999999,-8.54));
#13607=CARTESIAN_POINT('Origin',(15.,-6.19999999999999,-8.46));
#13608=CARTESIAN_POINT('',(15.08,-6.19999999999999,-8.54));
#13609=CARTESIAN_POINT('Origin',(15.48,-11.28,-8.46));
#13610=CARTESIAN_POINT('',(15.4,-11.12,-8.54));
#13611=CARTESIAN_POINT('',(15.4,-11.12,-8.54));
#13612=CARTESIAN_POINT('',(15.4,-10.8,-8.54));
#13613=CARTESIAN_POINT('',(15.4,-11.28,-8.54));
#13614=CARTESIAN_POINT('',(15.293333333333,-10.90666666666,-8.646666666667));
#13615=CARTESIAN_POINT('Origin',(14.92,-10.72,-8.46));
#13616=CARTESIAN_POINT('',(15.08,-10.8,-8.54));
#13617=CARTESIAN_POINT('',(15.08,-10.8,-8.54));
#13618=CARTESIAN_POINT('',(14.92,-10.8,-8.54));
#13619=CARTESIAN_POINT('Origin',(15.,-11.28,-8.46));
#13620=CARTESIAN_POINT('',(15.08,-11.12,-8.54));
#13621=CARTESIAN_POINT('',(14.973333333333,-11.22666666666,-8.433333333333));
#13622=CARTESIAN_POINT('',(15.08,-11.28,-8.54));
#13623=CARTESIAN_POINT('Origin',(14.92,-11.2,-8.46));
#13624=CARTESIAN_POINT('',(14.92,-11.12,-8.54));
#13625=CARTESIAN_POINT('Origin',(14.92,-8.17999999999999,-8.46));
#13626=CARTESIAN_POINT('',(15.08,-8.25999999999999,-8.54));
#13627=CARTESIAN_POINT('',(15.08,-8.25999999999999,-8.54));
#13628=CARTESIAN_POINT('',(15.4,-8.25999999999999,-8.54));
#13629=CARTESIAN_POINT('',(15.293333333333,-8.36666666666699,-8.646666666667));
#13630=CARTESIAN_POINT('',(14.92,-8.25999999999999,-8.54));
#13631=CARTESIAN_POINT('Origin',(15.,-8.73999999999999,-8.46));
#13632=CARTESIAN_POINT('',(15.08,-8.57999999999999,-8.54));
#13633=CARTESIAN_POINT('',(14.973333333333,-8.68666666666699,-8.433333333333));
#13634=CARTESIAN_POINT('',(15.08,-8.73999999999999,-8.54));
#13635=CARTESIAN_POINT('Origin',(14.92,-8.65999999999999,-8.46));
#13636=CARTESIAN_POINT('',(15.4,-8.57999999999999,-8.54));
#13637=CARTESIAN_POINT('',(14.92,-8.57999999999999,-8.54));
#13638=CARTESIAN_POINT('',(15.4,-8.57999999999999,-8.54));
#13639=CARTESIAN_POINT('Origin',(15.48,-8.73999999999999,-8.46));
#13640=CARTESIAN_POINT('',(15.4,-8.73999999999999,-8.54));
#13641=CARTESIAN_POINT('Origin',(15.48,-21.44,-8.46));
#13642=CARTESIAN_POINT('',(15.4,-21.28,-8.54));
#13643=CARTESIAN_POINT('',(15.4,-21.28,-8.54));
#13644=CARTESIAN_POINT('',(15.4,-20.96,-8.54));
#13645=CARTESIAN_POINT('',(15.4,-21.44,-8.54));
#13646=CARTESIAN_POINT('',(15.293333333333,-21.06666666666,-8.646666666667));
#13647=CARTESIAN_POINT('Origin',(14.92,-20.88,-8.46));
#13648=CARTESIAN_POINT('',(15.08,-20.96,-8.54));
#13649=CARTESIAN_POINT('',(15.08,-20.96,-8.54));
#13650=CARTESIAN_POINT('',(14.92,-20.96,-8.54));
#13651=CARTESIAN_POINT('Origin',(15.,-21.44,-8.46));
#13652=CARTESIAN_POINT('',(15.08,-21.28,-8.54));
#13653=CARTESIAN_POINT('',(14.973333333333,-21.38666666666,-8.433333333333));
#13654=CARTESIAN_POINT('',(15.08,-21.44,-8.54));
#13655=CARTESIAN_POINT('Origin',(14.92,-21.36,-8.46));
#13656=CARTESIAN_POINT('',(14.92,-21.28,-8.54));
#13657=CARTESIAN_POINT('Origin',(14.92,-18.82,-8.46));
#13658=CARTESIAN_POINT('',(15.08,-18.74,-8.54));
#13659=CARTESIAN_POINT('',(14.973333333333,-18.84666666666,-8.433333333333));
#13660=CARTESIAN_POINT('',(15.4,-18.74,-8.54));
#13661=CARTESIAN_POINT('',(14.92,-18.74,-8.54));
#13662=CARTESIAN_POINT('',(15.4,-18.74,-8.54));
#13663=CARTESIAN_POINT('Origin',(15.48,-18.9,-8.46));
#13664=CARTESIAN_POINT('',(15.4,-18.42,-8.54));
#13665=CARTESIAN_POINT('',(15.4,-18.9,-8.54));
#13666=CARTESIAN_POINT('',(15.293333333333,-18.52666666666,-8.646666666667));
#13667=CARTESIAN_POINT('Origin',(14.92,-18.34,-8.46));
#13668=CARTESIAN_POINT('',(15.08,-18.42,-8.54));
#13669=CARTESIAN_POINT('',(15.08,-18.42,-8.54));
#13670=CARTESIAN_POINT('',(14.92,-18.42,-8.54));
#13671=CARTESIAN_POINT('Origin',(15.,-18.9,-8.46));
#13672=CARTESIAN_POINT('',(15.08,-18.9,-8.54));
#13673=CARTESIAN_POINT('Origin',(15.48,-16.36,-8.46));
#13674=CARTESIAN_POINT('',(15.4,-16.2,-8.54));
#13675=CARTESIAN_POINT('',(15.4,-16.2,-8.54));
#13676=CARTESIAN_POINT('',(15.4,-15.88,-8.54));
#13677=CARTESIAN_POINT('',(15.4,-16.36,-8.54));
#13678=CARTESIAN_POINT('',(15.293333333333,-15.98666666666,-8.646666666667));
#13679=CARTESIAN_POINT('Origin',(14.92,-15.8,-8.46));
#13680=CARTESIAN_POINT('',(15.08,-15.88,-8.54));
#13681=CARTESIAN_POINT('',(15.08,-15.88,-8.54));
#13682=CARTESIAN_POINT('',(14.92,-15.88,-8.54));
#13683=CARTESIAN_POINT('Origin',(15.,-16.36,-8.46));
#13684=CARTESIAN_POINT('',(15.08,-16.2,-8.54));
#13685=CARTESIAN_POINT('',(14.973333333333,-16.30666666666,-8.433333333333));
#13686=CARTESIAN_POINT('',(15.08,-16.36,-8.54));
#13687=CARTESIAN_POINT('Origin',(14.92,-16.28,-8.46));
#13688=CARTESIAN_POINT('',(14.92,-16.2,-8.54));
#13689=CARTESIAN_POINT('Origin',(14.92,-13.26,-8.46));
#13690=CARTESIAN_POINT('',(15.08,-13.34,-8.54));
#13691=CARTESIAN_POINT('',(15.08,-13.34,-8.54));
#13692=CARTESIAN_POINT('',(15.4,-13.34,-8.54));
#13693=CARTESIAN_POINT('',(15.293333333333,-13.44666666666,-8.646666666667));
#13694=CARTESIAN_POINT('',(14.92,-13.34,-8.54));
#13695=CARTESIAN_POINT('Origin',(15.,-13.82,-8.46));
#13696=CARTESIAN_POINT('',(15.08,-13.66,-8.54));
#13697=CARTESIAN_POINT('',(14.973333333333,-13.76666666666,-8.433333333333));
#13698=CARTESIAN_POINT('',(15.08,-13.82,-8.54));
#13699=CARTESIAN_POINT('Origin',(14.92,-13.74,-8.46));
#13700=CARTESIAN_POINT('',(15.4,-13.66,-8.54));
#13701=CARTESIAN_POINT('',(14.92,-13.66,-8.54));
#13702=CARTESIAN_POINT('',(15.4,-13.66,-8.54));
#13703=CARTESIAN_POINT('Origin',(15.48,-13.82,-8.46));
#13704=CARTESIAN_POINT('',(15.4,-13.82,-8.54));
#13705=CARTESIAN_POINT('Origin',(15.48,-23.98,-8.46));
#13706=CARTESIAN_POINT('',(15.4,-23.82,-8.54));
#13707=CARTESIAN_POINT('',(15.4,-23.82,-8.54));
#13708=CARTESIAN_POINT('',(15.4,-23.5,-8.54));
#13709=CARTESIAN_POINT('',(15.4,-23.98,-8.54));
#13710=CARTESIAN_POINT('',(15.293333333333,-23.60666666666,-8.646666666667));
#13711=CARTESIAN_POINT('Origin',(14.92,-23.42,-8.46));
#13712=CARTESIAN_POINT('',(15.08,-23.5,-8.54));
#13713=CARTESIAN_POINT('',(15.08,-23.5,-8.54));
#13714=CARTESIAN_POINT('',(14.92,-23.5,-8.54));
#13715=CARTESIAN_POINT('Origin',(15.,-23.98,-8.46));
#13716=CARTESIAN_POINT('',(15.08,-23.82,-8.54));
#13717=CARTESIAN_POINT('',(14.973333333333,-23.92666666666,-8.433333333333));
#13718=CARTESIAN_POINT('',(15.08,-23.98,-8.54));
#13719=CARTESIAN_POINT('Origin',(14.92,-23.9,-8.46));
#13720=CARTESIAN_POINT('',(14.92,-23.82,-8.54));
#13721=CARTESIAN_POINT('Origin',(15.48,-1.11999999999999,-8.46));
#13722=CARTESIAN_POINT('',(15.4,-0.959999999999992,-8.54));
#13723=CARTESIAN_POINT('',(15.4,-0.959999999999992,-8.54));
#13724=CARTESIAN_POINT('',(15.4,-0.639999999999992,-8.54));
#13725=CARTESIAN_POINT('',(15.4,-1.11999999999999,-8.54));
#13726=CARTESIAN_POINT('',(15.293333333333,-0.746666666666662,-8.646666666667));
#13727=CARTESIAN_POINT('Origin',(14.92,-0.559999999999992,-8.46));
#13728=CARTESIAN_POINT('',(15.08,-0.639999999999992,-8.54));
#13729=CARTESIAN_POINT('',(15.08,-0.639999999999992,-8.54));
#13730=CARTESIAN_POINT('',(14.92,-0.639999999999992,-8.54));
#13731=CARTESIAN_POINT('Origin',(15.,-1.11999999999999,-8.46));
#13732=CARTESIAN_POINT('',(15.08,-0.959999999999992,-8.54));
#13733=CARTESIAN_POINT('',(14.973333333333,-1.06666666666699,-8.433333333333));
#13734=CARTESIAN_POINT('',(15.08,-1.11999999999999,-8.54));
#13735=CARTESIAN_POINT('Origin',(14.92,-1.03999999999999,-8.46));
#13736=CARTESIAN_POINT('',(14.92,-0.959999999999992,-8.54));
#13737=CARTESIAN_POINT('Origin',(14.92,-48.82,-8.46));
#13738=CARTESIAN_POINT('',(15.08,-48.9,-8.54));
#13739=CARTESIAN_POINT('',(15.08,-48.9,-8.54));
#13740=CARTESIAN_POINT('',(15.4,-48.9,-8.54));
#13741=CARTESIAN_POINT('',(15.293333333333,-49.00666666666,-8.646666666667));
#13742=CARTESIAN_POINT('',(14.92,-48.9,-8.54));
#13743=CARTESIAN_POINT('Origin',(15.,-49.38,-8.46));
#13744=CARTESIAN_POINT('',(15.08,-49.22,-8.54));
#13745=CARTESIAN_POINT('',(14.973333333333,-49.32666666666,-8.433333333333));
#13746=CARTESIAN_POINT('',(15.08,-49.38,-8.54));
#13747=CARTESIAN_POINT('Origin',(14.92,-49.3,-8.46));
#13748=CARTESIAN_POINT('',(15.4,-49.22,-8.54));
#13749=CARTESIAN_POINT('',(14.92,-49.22,-8.54));
#13750=CARTESIAN_POINT('',(15.4,-49.22,-8.54));
#13751=CARTESIAN_POINT('Origin',(15.48,-49.38,-8.46));
#13752=CARTESIAN_POINT('',(15.4,-49.38,-8.54));
#13753=CARTESIAN_POINT('Origin',(15.48,-46.84,-8.46));
#13754=CARTESIAN_POINT('',(15.4,-46.68,-8.54));
#13755=CARTESIAN_POINT('',(15.4,-46.68,-8.54));
#13756=CARTESIAN_POINT('',(15.4,-46.36,-8.54));
#13757=CARTESIAN_POINT('',(15.4,-46.84,-8.54));
#13758=CARTESIAN_POINT('',(15.293333333333,-46.46666666666,-8.646666666667));
#13759=CARTESIAN_POINT('Origin',(14.92,-46.28,-8.46));
#13760=CARTESIAN_POINT('',(15.08,-46.36,-8.54));
#13761=CARTESIAN_POINT('',(15.08,-46.36,-8.54));
#13762=CARTESIAN_POINT('',(14.92,-46.36,-8.54));
#13763=CARTESIAN_POINT('Origin',(15.,-46.84,-8.46));
#13764=CARTESIAN_POINT('',(15.08,-46.68,-8.54));
#13765=CARTESIAN_POINT('',(14.973333333333,-46.78666666666,-8.433333333333));
#13766=CARTESIAN_POINT('',(15.08,-46.84,-8.54));
#13767=CARTESIAN_POINT('Origin',(14.92,-46.76,-8.46));
#13768=CARTESIAN_POINT('',(14.92,-46.68,-8.54));
#13769=CARTESIAN_POINT('Origin',(14.92,-36.68,-8.54));
#13770=CARTESIAN_POINT('Origin',(14.92,-39.22,-8.54));
#13771=CARTESIAN_POINT('Origin',(14.92,-44.3,-8.54));
#13772=CARTESIAN_POINT('Origin',(14.92,-41.76,-8.54));
#13773=CARTESIAN_POINT('Origin',(14.92,-29.06,-8.54));
#13774=CARTESIAN_POINT('Origin',(14.92,-31.6,-8.54));
#13775=CARTESIAN_POINT('Origin',(14.92,-34.14,-8.54));
#13776=CARTESIAN_POINT('Origin',(14.92,-26.52,-8.54));
#13777=CARTESIAN_POINT('Origin',(14.92,-3.65999999999999,-8.54));
#13778=CARTESIAN_POINT('Origin',(14.92,-6.19999999999999,-8.54));
#13779=CARTESIAN_POINT('Origin',(14.92,-11.28,-8.54));
#13780=CARTESIAN_POINT('Origin',(14.92,-8.73999999999999,-8.54));
#13781=CARTESIAN_POINT('Origin',(14.92,-21.44,-8.54));
#13782=CARTESIAN_POINT('Origin',(14.92,-18.9,-8.54));
#13783=CARTESIAN_POINT('Origin',(14.92,-16.36,-8.54));
#13784=CARTESIAN_POINT('Origin',(14.92,-13.82,-8.54));
#13785=CARTESIAN_POINT('Origin',(14.92,-23.98,-8.54));
#13786=CARTESIAN_POINT('Origin',(14.92,-1.11999999999999,-8.54));
#13787=CARTESIAN_POINT('Origin',(14.92,-49.38,-8.54));
#13788=CARTESIAN_POINT('Origin',(14.92,-46.84,-8.54));
#13789=CARTESIAN_POINT('Origin',(-0.32,-46.84,-8.54));
#13790=CARTESIAN_POINT('',(-0.16,-46.68,-8.54));
#13791=CARTESIAN_POINT('',(-0.16,-46.36,-8.54));
#13792=CARTESIAN_POINT('',(-0.16,-46.84,-8.54));
#13793=CARTESIAN_POINT('',(0.16,-46.36,-8.54));
#13794=CARTESIAN_POINT('',(-0.32,-46.36,-8.54));
#13795=CARTESIAN_POINT('',(0.16,-46.68,-8.54));
#13796=CARTESIAN_POINT('',(0.16,-46.84,-8.54));
#13797=CARTESIAN_POINT('',(-0.32,-46.68,-8.54));
#13798=CARTESIAN_POINT('Origin',(-0.32,-49.38,-8.54));
#13799=CARTESIAN_POINT('',(-0.16,-49.22,-8.54));
#13800=CARTESIAN_POINT('',(-0.16,-48.9,-8.54));
#13801=CARTESIAN_POINT('',(-0.16,-49.38,-8.54));
#13802=CARTESIAN_POINT('',(0.16,-48.9,-8.54));
#13803=CARTESIAN_POINT('',(-0.32,-48.9,-8.54));
#13804=CARTESIAN_POINT('',(0.16,-49.22,-8.54));
#13805=CARTESIAN_POINT('',(0.16,-49.38,-8.54));
#13806=CARTESIAN_POINT('',(-0.32,-49.22,-8.54));
#13807=CARTESIAN_POINT('Origin',(-0.32,-1.11999999999999,-8.54));
#13808=CARTESIAN_POINT('',(-0.16,-0.959999999999992,-8.54));
#13809=CARTESIAN_POINT('',(-0.16,-0.639999999999992,-8.54));
#13810=CARTESIAN_POINT('',(-0.16,-1.11999999999999,-8.54));
#13811=CARTESIAN_POINT('',(0.16,-0.639999999999992,-8.54));
#13812=CARTESIAN_POINT('',(-0.32,-0.639999999999992,-8.54));
#13813=CARTESIAN_POINT('',(0.16,-0.959999999999992,-8.54));
#13814=CARTESIAN_POINT('',(0.16,-1.11999999999999,-8.54));
#13815=CARTESIAN_POINT('',(-0.32,-0.959999999999992,-8.54));
#13816=CARTESIAN_POINT('Origin',(-0.32,-23.98,-8.54));
#13817=CARTESIAN_POINT('',(-0.16,-23.82,-8.54));
#13818=CARTESIAN_POINT('',(-0.16,-23.5,-8.54));
#13819=CARTESIAN_POINT('',(-0.16,-23.98,-8.54));
#13820=CARTESIAN_POINT('',(0.16,-23.5,-8.54));
#13821=CARTESIAN_POINT('',(-0.32,-23.5,-8.54));
#13822=CARTESIAN_POINT('',(0.16,-23.82,-8.54));
#13823=CARTESIAN_POINT('',(0.16,-23.98,-8.54));
#13824=CARTESIAN_POINT('',(-0.32,-23.82,-8.54));
#13825=CARTESIAN_POINT('Origin',(-0.32,-18.9,-8.54));
#13826=CARTESIAN_POINT('',(-0.16,-18.74,-8.54));
#13827=CARTESIAN_POINT('',(-0.16,-18.42,-8.54));
#13828=CARTESIAN_POINT('',(-0.16,-18.9,-8.54));
#13829=CARTESIAN_POINT('',(0.16,-18.42,-8.54));
#13830=CARTESIAN_POINT('',(-0.32,-18.42,-8.54));
#13831=CARTESIAN_POINT('',(0.16,-18.74,-8.54));
#13832=CARTESIAN_POINT('',(0.16,-18.9,-8.54));
#13833=CARTESIAN_POINT('',(-0.32,-18.74,-8.54));
#13834=CARTESIAN_POINT('Origin',(-0.32,-16.36,-8.54));
#13835=CARTESIAN_POINT('',(-0.16,-16.2,-8.54));
#13836=CARTESIAN_POINT('',(-0.16,-15.88,-8.54));
#13837=CARTESIAN_POINT('',(-0.16,-16.36,-8.54));
#13838=CARTESIAN_POINT('',(0.16,-15.88,-8.54));
#13839=CARTESIAN_POINT('',(-0.32,-15.88,-8.54));
#13840=CARTESIAN_POINT('',(0.16,-16.2,-8.54));
#13841=CARTESIAN_POINT('',(0.16,-16.36,-8.54));
#13842=CARTESIAN_POINT('',(-0.32,-16.2,-8.54));
#13843=CARTESIAN_POINT('Origin',(-0.32,-21.44,-8.54));
#13844=CARTESIAN_POINT('',(-0.16,-21.28,-8.54));
#13845=CARTESIAN_POINT('',(-0.16,-20.96,-8.54));
#13846=CARTESIAN_POINT('',(-0.16,-21.44,-8.54));
#13847=CARTESIAN_POINT('',(0.16,-20.96,-8.54));
#13848=CARTESIAN_POINT('',(-0.32,-20.96,-8.54));
#13849=CARTESIAN_POINT('',(0.16,-21.28,-8.54));
#13850=CARTESIAN_POINT('',(0.16,-21.44,-8.54));
#13851=CARTESIAN_POINT('',(-0.32,-21.28,-8.54));
#13852=CARTESIAN_POINT('Origin',(-0.32,-8.73999999999999,-8.54));
#13853=CARTESIAN_POINT('',(-0.16,-8.57999999999999,-8.54));
#13854=CARTESIAN_POINT('',(-0.16,-8.25999999999999,-8.54));
#13855=CARTESIAN_POINT('',(-0.16,-8.73999999999999,-8.54));
#13856=CARTESIAN_POINT('',(0.16,-8.25999999999999,-8.54));
#13857=CARTESIAN_POINT('',(-0.32,-8.25999999999999,-8.54));
#13858=CARTESIAN_POINT('',(0.16,-8.57999999999999,-8.54));
#13859=CARTESIAN_POINT('',(0.16,-8.73999999999999,-8.54));
#13860=CARTESIAN_POINT('',(-0.32,-8.57999999999999,-8.54));
#13861=CARTESIAN_POINT('Origin',(-0.32,-11.28,-8.54));
#13862=CARTESIAN_POINT('',(-0.16,-11.12,-8.54));
#13863=CARTESIAN_POINT('',(-0.16,-10.8,-8.54));
#13864=CARTESIAN_POINT('',(-0.16,-11.28,-8.54));
#13865=CARTESIAN_POINT('',(0.16,-10.8,-8.54));
#13866=CARTESIAN_POINT('',(-0.32,-10.8,-8.54));
#13867=CARTESIAN_POINT('',(0.16,-11.12,-8.54));
#13868=CARTESIAN_POINT('',(0.16,-11.28,-8.54));
#13869=CARTESIAN_POINT('',(-0.32,-11.12,-8.54));
#13870=CARTESIAN_POINT('Origin',(-0.32,-6.19999999999999,-8.54));
#13871=CARTESIAN_POINT('',(-0.16,-6.03999999999999,-8.54));
#13872=CARTESIAN_POINT('',(-0.16,-5.71999999999999,-8.54));
#13873=CARTESIAN_POINT('',(-0.16,-6.19999999999999,-8.54));
#13874=CARTESIAN_POINT('',(0.16,-5.71999999999999,-8.54));
#13875=CARTESIAN_POINT('',(-0.32,-5.71999999999999,-8.54));
#13876=CARTESIAN_POINT('',(0.16,-6.03999999999999,-8.54));
#13877=CARTESIAN_POINT('',(0.16,-6.19999999999999,-8.54));
#13878=CARTESIAN_POINT('',(-0.32,-6.03999999999999,-8.54));
#13879=CARTESIAN_POINT('Origin',(-0.32,-3.65999999999999,-8.54));
#13880=CARTESIAN_POINT('',(-0.16,-3.49999999999999,-8.54));
#13881=CARTESIAN_POINT('',(-0.16,-3.17999999999999,-8.54));
#13882=CARTESIAN_POINT('',(-0.16,-3.65999999999999,-8.54));
#13883=CARTESIAN_POINT('',(0.16,-3.17999999999999,-8.54));
#13884=CARTESIAN_POINT('',(-0.32,-3.17999999999999,-8.54));
#13885=CARTESIAN_POINT('',(0.16,-3.49999999999999,-8.54));
#13886=CARTESIAN_POINT('',(0.16,-3.65999999999999,-8.54));
#13887=CARTESIAN_POINT('',(-0.32,-3.49999999999999,-8.54));
#13888=CARTESIAN_POINT('Origin',(-0.32,-26.52,-8.54));
#13889=CARTESIAN_POINT('',(-0.16,-26.36,-8.54));
#13890=CARTESIAN_POINT('',(-0.16,-26.04,-8.54));
#13891=CARTESIAN_POINT('',(-0.16,-26.52,-8.54));
#13892=CARTESIAN_POINT('',(0.16,-26.04,-8.54));
#13893=CARTESIAN_POINT('',(-0.32,-26.04,-8.54));
#13894=CARTESIAN_POINT('',(0.16,-26.36,-8.54));
#13895=CARTESIAN_POINT('',(0.16,-26.52,-8.54));
#13896=CARTESIAN_POINT('',(-0.32,-26.36,-8.54));
#13897=CARTESIAN_POINT('Origin',(-0.32,-13.82,-8.54));
#13898=CARTESIAN_POINT('',(-0.16,-13.66,-8.54));
#13899=CARTESIAN_POINT('',(-0.16,-13.34,-8.54));
#13900=CARTESIAN_POINT('',(-0.16,-13.82,-8.54));
#13901=CARTESIAN_POINT('',(0.16,-13.34,-8.54));
#13902=CARTESIAN_POINT('',(-0.32,-13.34,-8.54));
#13903=CARTESIAN_POINT('',(0.16,-13.66,-8.54));
#13904=CARTESIAN_POINT('',(0.16,-13.82,-8.54));
#13905=CARTESIAN_POINT('',(-0.32,-13.66,-8.54));
#13906=CARTESIAN_POINT('Origin',(-0.32,-34.14,-8.54));
#13907=CARTESIAN_POINT('',(-0.16,-33.98,-8.54));
#13908=CARTESIAN_POINT('',(-0.16,-33.66,-8.54));
#13909=CARTESIAN_POINT('',(-0.16,-34.14,-8.54));
#13910=CARTESIAN_POINT('',(0.16,-33.66,-8.54));
#13911=CARTESIAN_POINT('',(-0.32,-33.66,-8.54));
#13912=CARTESIAN_POINT('',(0.16,-33.98,-8.54));
#13913=CARTESIAN_POINT('',(0.16,-34.14,-8.54));
#13914=CARTESIAN_POINT('',(-0.32,-33.98,-8.54));
#13915=CARTESIAN_POINT('Origin',(-0.32,-31.6,-8.54));
#13916=CARTESIAN_POINT('',(-0.16,-31.44,-8.54));
#13917=CARTESIAN_POINT('',(-0.16,-31.12,-8.54));
#13918=CARTESIAN_POINT('',(-0.16,-31.6,-8.54));
#13919=CARTESIAN_POINT('',(0.16,-31.12,-8.54));
#13920=CARTESIAN_POINT('',(-0.32,-31.12,-8.54));
#13921=CARTESIAN_POINT('',(0.16,-31.44,-8.54));
#13922=CARTESIAN_POINT('',(0.16,-31.6,-8.54));
#13923=CARTESIAN_POINT('',(-0.32,-31.44,-8.54));
#13924=CARTESIAN_POINT('Origin',(-0.32,-29.06,-8.54));
#13925=CARTESIAN_POINT('',(-0.16,-28.9,-8.54));
#13926=CARTESIAN_POINT('',(-0.16,-28.58,-8.54));
#13927=CARTESIAN_POINT('',(-0.16,-29.06,-8.54));
#13928=CARTESIAN_POINT('',(0.16,-28.58,-8.54));
#13929=CARTESIAN_POINT('',(-0.32,-28.58,-8.54));
#13930=CARTESIAN_POINT('',(0.16,-28.9,-8.54));
#13931=CARTESIAN_POINT('',(0.16,-29.06,-8.54));
#13932=CARTESIAN_POINT('',(-0.32,-28.9,-8.54));
#13933=CARTESIAN_POINT('Origin',(-0.32,-39.22,-8.54));
#13934=CARTESIAN_POINT('',(-0.16,-39.06,-8.54));
#13935=CARTESIAN_POINT('',(-0.16,-38.74,-8.54));
#13936=CARTESIAN_POINT('',(-0.16,-39.22,-8.54));
#13937=CARTESIAN_POINT('',(0.16,-38.74,-8.54));
#13938=CARTESIAN_POINT('',(-0.32,-38.74,-8.54));
#13939=CARTESIAN_POINT('',(0.16,-39.06,-8.54));
#13940=CARTESIAN_POINT('',(0.16,-39.22,-8.54));
#13941=CARTESIAN_POINT('',(-0.32,-39.06,-8.54));
#13942=CARTESIAN_POINT('Origin',(-0.32,-36.68,-8.54));
#13943=CARTESIAN_POINT('',(-0.16,-36.52,-8.54));
#13944=CARTESIAN_POINT('',(-0.16,-36.2,-8.54));
#13945=CARTESIAN_POINT('',(-0.16,-36.68,-8.54));
#13946=CARTESIAN_POINT('',(0.16,-36.2,-8.54));
#13947=CARTESIAN_POINT('',(-0.32,-36.2,-8.54));
#13948=CARTESIAN_POINT('',(0.16,-36.52,-8.54));
#13949=CARTESIAN_POINT('',(0.16,-36.68,-8.54));
#13950=CARTESIAN_POINT('',(-0.32,-36.52,-8.54));
#13951=CARTESIAN_POINT('Origin',(-0.32,-41.76,-8.54));
#13952=CARTESIAN_POINT('',(-0.16,-41.6,-8.54));
#13953=CARTESIAN_POINT('',(-0.16,-41.28,-8.54));
#13954=CARTESIAN_POINT('',(-0.16,-41.76,-8.54));
#13955=CARTESIAN_POINT('',(0.16,-41.28,-8.54));
#13956=CARTESIAN_POINT('',(-0.32,-41.28,-8.54));
#13957=CARTESIAN_POINT('',(0.16,-41.6,-8.54));
#13958=CARTESIAN_POINT('',(0.16,-41.76,-8.54));
#13959=CARTESIAN_POINT('',(-0.32,-41.6,-8.54));
#13960=CARTESIAN_POINT('Origin',(-0.32,-44.3,-8.54));
#13961=CARTESIAN_POINT('',(-0.16,-44.14,-8.54));
#13962=CARTESIAN_POINT('',(-0.16,-43.82,-8.54));
#13963=CARTESIAN_POINT('',(-0.16,-44.3,-8.54));
#13964=CARTESIAN_POINT('',(0.16,-43.82,-8.54));
#13965=CARTESIAN_POINT('',(-0.32,-43.82,-8.54));
#13966=CARTESIAN_POINT('',(0.16,-44.14,-8.54));
#13967=CARTESIAN_POINT('',(0.16,-44.3,-8.54));
#13968=CARTESIAN_POINT('',(-0.32,-44.14,-8.54));
#13969=CARTESIAN_POINT('Origin',(-0.32,-46.76,-8.46));
#13970=CARTESIAN_POINT('',(-0.32,-46.84,-8.38));
#13971=CARTESIAN_POINT('',(-0.266666666667,-46.78666666666,-8.433333333333));
#13972=CARTESIAN_POINT('',(0.32,-46.84,-8.38));
#13973=CARTESIAN_POINT('',(0.16,-46.68,-8.54));
#13974=CARTESIAN_POINT('',(-0.32,-46.84,-8.38));
#13975=CARTESIAN_POINT('Origin',(-0.24,-46.84,-8.46));
#13976=CARTESIAN_POINT('',(-0.32,-46.2,-8.38));
#13977=CARTESIAN_POINT('',(-0.32,-46.84,-8.38));
#13978=CARTESIAN_POINT('',(-0.16,-46.36,-8.54));
#13979=CARTESIAN_POINT('Origin',(-0.32,-46.28,-8.46));
#13980=CARTESIAN_POINT('',(0.32,-46.2,-8.38));
#13981=CARTESIAN_POINT('',(-0.32,-46.2,-8.38));
#13982=CARTESIAN_POINT('',(0.05333333333333,-46.46666666666,-8.646666666667));
#13983=CARTESIAN_POINT('Origin',(0.24,-46.84,-8.46));
#13984=CARTESIAN_POINT('',(0.32,-46.84,-8.38));
#13985=CARTESIAN_POINT('Origin',(-0.24,-49.38,-8.46));
#13986=CARTESIAN_POINT('',(-0.32,-49.38,-8.38));
#13987=CARTESIAN_POINT('',(-0.266666666667,-49.32666666666,-8.433333333333));
#13988=CARTESIAN_POINT('',(-0.32,-48.74,-8.38));
#13989=CARTESIAN_POINT('',(-0.32,-49.38,-8.38));
#13990=CARTESIAN_POINT('',(-0.16,-48.9,-8.54));
#13991=CARTESIAN_POINT('Origin',(-0.32,-48.82,-8.46));
#13992=CARTESIAN_POINT('',(0.32,-48.74,-8.38));
#13993=CARTESIAN_POINT('',(-0.32,-48.74,-8.38));
#13994=CARTESIAN_POINT('',(0.05333333333333,-49.00666666666,-8.646666666667));
#13995=CARTESIAN_POINT('Origin',(0.24,-49.38,-8.46));
#13996=CARTESIAN_POINT('',(0.32,-49.38,-8.38));
#13997=CARTESIAN_POINT('',(0.16,-49.22,-8.54));
#13998=CARTESIAN_POINT('',(0.32,-49.38,-8.38));
#13999=CARTESIAN_POINT('Origin',(-0.32,-49.3,-8.46));
#14000=CARTESIAN_POINT('',(-0.32,-49.38,-8.38));
#14001=CARTESIAN_POINT('Origin',(-0.32,-1.03999999999999,-8.46));
#14002=CARTESIAN_POINT('',(-0.32,-1.11999999999999,-8.38));
#14003=CARTESIAN_POINT('',(-0.266666666667,-1.06666666666699,-8.433333333333));
#14004=CARTESIAN_POINT('',(0.32,-1.11999999999999,-8.38));
#14005=CARTESIAN_POINT('',(0.16,-0.959999999999992,-8.54));
#14006=CARTESIAN_POINT('',(-0.32,-1.11999999999999,-8.38));
#14007=CARTESIAN_POINT('Origin',(-0.24,-1.11999999999999,-8.46));
#14008=CARTESIAN_POINT('',(-0.32,-0.479999999999992,-8.38));
#14009=CARTESIAN_POINT('',(-0.32,-1.11999999999999,-8.38));
#14010=CARTESIAN_POINT('',(-0.16,-0.639999999999992,-8.54));
#14011=CARTESIAN_POINT('Origin',(-0.32,-0.559999999999992,-8.46));
#14012=CARTESIAN_POINT('',(0.32,-0.479999999999992,-8.38));
#14013=CARTESIAN_POINT('',(-0.32,-0.479999999999992,-8.38));
#14014=CARTESIAN_POINT('',(0.05333333333333,-0.746666666666662,-8.646666666667));
#14015=CARTESIAN_POINT('Origin',(0.24,-1.11999999999999,-8.46));
#14016=CARTESIAN_POINT('',(0.32,-1.11999999999999,-8.38));
#14017=CARTESIAN_POINT('Origin',(-0.24,-23.98,-8.46));
#14018=CARTESIAN_POINT('',(-0.32,-23.98,-8.38));
#14019=CARTESIAN_POINT('',(-0.266666666667,-23.92666666666,-8.433333333333));
#14020=CARTESIAN_POINT('',(-0.32,-23.34,-8.38));
#14021=CARTESIAN_POINT('',(-0.32,-23.98,-8.38));
#14022=CARTESIAN_POINT('',(-0.16,-23.5,-8.54));
#14023=CARTESIAN_POINT('Origin',(-0.32,-23.42,-8.46));
#14024=CARTESIAN_POINT('',(0.32,-23.34,-8.38));
#14025=CARTESIAN_POINT('',(-0.32,-23.34,-8.38));
#14026=CARTESIAN_POINT('',(0.05333333333333,-23.60666666666,-8.646666666667));
#14027=CARTESIAN_POINT('Origin',(0.24,-23.98,-8.46));
#14028=CARTESIAN_POINT('',(0.32,-23.98,-8.38));
#14029=CARTESIAN_POINT('',(0.16,-23.82,-8.54));
#14030=CARTESIAN_POINT('',(0.32,-23.98,-8.38));
#14031=CARTESIAN_POINT('Origin',(-0.32,-23.9,-8.46));
#14032=CARTESIAN_POINT('',(-0.32,-23.98,-8.38));
#14033=CARTESIAN_POINT('Origin',(-0.24,-18.9,-8.46));
#14034=CARTESIAN_POINT('',(-0.32,-18.9,-8.38));
#14035=CARTESIAN_POINT('',(-0.266666666667,-18.84666666666,-8.433333333333));
#14036=CARTESIAN_POINT('',(-0.32,-18.26,-8.38));
#14037=CARTESIAN_POINT('',(-0.32,-18.9,-8.38));
#14038=CARTESIAN_POINT('',(-0.16,-18.42,-8.54));
#14039=CARTESIAN_POINT('Origin',(-0.32,-18.34,-8.46));
#14040=CARTESIAN_POINT('',(0.32,-18.26,-8.38));
#14041=CARTESIAN_POINT('',(-0.32,-18.26,-8.38));
#14042=CARTESIAN_POINT('',(0.05333333333333,-18.52666666666,-8.646666666667));
#14043=CARTESIAN_POINT('Origin',(0.24,-18.9,-8.46));
#14044=CARTESIAN_POINT('',(0.32,-18.9,-8.38));
#14045=CARTESIAN_POINT('',(0.16,-18.74,-8.54));
#14046=CARTESIAN_POINT('',(0.32,-18.9,-8.38));
#14047=CARTESIAN_POINT('Origin',(-0.32,-18.82,-8.46));
#14048=CARTESIAN_POINT('',(-0.32,-18.9,-8.38));
#14049=CARTESIAN_POINT('Origin',(-0.32,-16.28,-8.46));
#14050=CARTESIAN_POINT('',(-0.32,-16.36,-8.38));
#14051=CARTESIAN_POINT('',(-0.266666666667,-16.30666666666,-8.433333333333));
#14052=CARTESIAN_POINT('',(0.32,-16.36,-8.38));
#14053=CARTESIAN_POINT('',(0.16,-16.2,-8.54));
#14054=CARTESIAN_POINT('',(-0.32,-16.36,-8.38));
#14055=CARTESIAN_POINT('Origin',(-0.24,-16.36,-8.46));
#14056=CARTESIAN_POINT('',(-0.32,-15.72,-8.38));
#14057=CARTESIAN_POINT('',(-0.32,-16.36,-8.38));
#14058=CARTESIAN_POINT('',(-0.16,-15.88,-8.54));
#14059=CARTESIAN_POINT('Origin',(-0.32,-15.8,-8.46));
#14060=CARTESIAN_POINT('',(0.32,-15.72,-8.38));
#14061=CARTESIAN_POINT('',(-0.32,-15.72,-8.38));
#14062=CARTESIAN_POINT('',(0.05333333333333,-15.98666666666,-8.646666666667));
#14063=CARTESIAN_POINT('Origin',(0.24,-16.36,-8.46));
#14064=CARTESIAN_POINT('',(0.32,-16.36,-8.38));
#14065=CARTESIAN_POINT('Origin',(0.24,-21.44,-8.46));
#14066=CARTESIAN_POINT('',(0.32,-21.44,-8.38));
#14067=CARTESIAN_POINT('',(0.16,-21.28,-8.54));
#14068=CARTESIAN_POINT('',(0.32,-20.8,-8.38));
#14069=CARTESIAN_POINT('',(0.05333333333333,-21.06666666666,-8.646666666667));
#14070=CARTESIAN_POINT('',(0.32,-21.44,-8.38));
#14071=CARTESIAN_POINT('Origin',(-0.32,-21.36,-8.46));
#14072=CARTESIAN_POINT('',(-0.32,-21.44,-8.38));
#14073=CARTESIAN_POINT('',(-0.266666666667,-21.38666666666,-8.433333333333));
#14074=CARTESIAN_POINT('',(-0.32,-21.44,-8.38));
#14075=CARTESIAN_POINT('Origin',(-0.24,-21.44,-8.46));
#14076=CARTESIAN_POINT('',(-0.32,-20.8,-8.38));
#14077=CARTESIAN_POINT('',(-0.32,-21.44,-8.38));
#14078=CARTESIAN_POINT('',(-0.16,-20.96,-8.54));
#14079=CARTESIAN_POINT('Origin',(-0.32,-20.88,-8.46));
#14080=CARTESIAN_POINT('',(-0.32,-20.8,-8.38));
#14081=CARTESIAN_POINT('Origin',(-0.24,-8.73999999999999,-8.46));
#14082=CARTESIAN_POINT('',(-0.32,-8.73999999999999,-8.38));
#14083=CARTESIAN_POINT('',(-0.266666666667,-8.68666666666699,-8.433333333333));
#14084=CARTESIAN_POINT('',(-0.32,-8.09999999999999,-8.38));
#14085=CARTESIAN_POINT('',(-0.32,-8.73999999999999,-8.38));
#14086=CARTESIAN_POINT('',(-0.16,-8.25999999999999,-8.54));
#14087=CARTESIAN_POINT('Origin',(-0.32,-8.17999999999999,-8.46));
#14088=CARTESIAN_POINT('',(0.32,-8.09999999999999,-8.38));
#14089=CARTESIAN_POINT('',(-0.32,-8.09999999999999,-8.38));
#14090=CARTESIAN_POINT('',(0.05333333333333,-8.36666666666699,-8.646666666667));
#14091=CARTESIAN_POINT('Origin',(0.24,-8.73999999999999,-8.46));
#14092=CARTESIAN_POINT('',(0.32,-8.73999999999999,-8.38));
#14093=CARTESIAN_POINT('',(0.16,-8.57999999999999,-8.54));
#14094=CARTESIAN_POINT('',(0.32,-8.73999999999999,-8.38));
#14095=CARTESIAN_POINT('Origin',(-0.32,-8.65999999999999,-8.46));
#14096=CARTESIAN_POINT('',(-0.32,-8.73999999999999,-8.38));
#14097=CARTESIAN_POINT('Origin',(-0.32,-11.2,-8.46));
#14098=CARTESIAN_POINT('',(-0.32,-11.28,-8.38));
#14099=CARTESIAN_POINT('',(-0.266666666667,-11.22666666666,-8.433333333333));
#14100=CARTESIAN_POINT('',(0.32,-11.28,-8.38));
#14101=CARTESIAN_POINT('',(0.16,-11.12,-8.54));
#14102=CARTESIAN_POINT('',(-0.32,-11.28,-8.38));
#14103=CARTESIAN_POINT('Origin',(-0.24,-11.28,-8.46));
#14104=CARTESIAN_POINT('',(-0.32,-10.64,-8.38));
#14105=CARTESIAN_POINT('',(-0.32,-11.28,-8.38));
#14106=CARTESIAN_POINT('',(-0.16,-10.8,-8.54));
#14107=CARTESIAN_POINT('Origin',(-0.32,-10.72,-8.46));
#14108=CARTESIAN_POINT('',(0.32,-10.64,-8.38));
#14109=CARTESIAN_POINT('',(-0.32,-10.64,-8.38));
#14110=CARTESIAN_POINT('',(0.05333333333333,-10.90666666666,-8.646666666667));
#14111=CARTESIAN_POINT('Origin',(0.24,-11.28,-8.46));
#14112=CARTESIAN_POINT('',(0.32,-11.28,-8.38));
#14113=CARTESIAN_POINT('Origin',(-0.24,-6.19999999999999,-8.46));
#14114=CARTESIAN_POINT('',(-0.32,-6.19999999999999,-8.38));
#14115=CARTESIAN_POINT('',(-0.266666666667,-6.14666666666699,-8.433333333333));
#14116=CARTESIAN_POINT('',(-0.32,-5.55999999999999,-8.38));
#14117=CARTESIAN_POINT('',(-0.32,-6.19999999999999,-8.38));
#14118=CARTESIAN_POINT('',(-0.16,-5.71999999999999,-8.54));
#14119=CARTESIAN_POINT('Origin',(-0.32,-5.63999999999999,-8.46));
#14120=CARTESIAN_POINT('',(0.32,-5.55999999999999,-8.38));
#14121=CARTESIAN_POINT('',(-0.32,-5.55999999999999,-8.38));
#14122=CARTESIAN_POINT('',(0.05333333333333,-5.82666666666699,-8.646666666667));
#14123=CARTESIAN_POINT('Origin',(0.24,-6.19999999999999,-8.46));
#14124=CARTESIAN_POINT('',(0.32,-6.19999999999999,-8.38));
#14125=CARTESIAN_POINT('',(0.16,-6.03999999999999,-8.54));
#14126=CARTESIAN_POINT('',(0.32,-6.19999999999999,-8.38));
#14127=CARTESIAN_POINT('Origin',(-0.32,-6.11999999999999,-8.46));
#14128=CARTESIAN_POINT('',(-0.32,-6.19999999999999,-8.38));
#14129=CARTESIAN_POINT('Origin',(0.24,-3.65999999999999,-8.46));
#14130=CARTESIAN_POINT('',(0.32,-3.65999999999999,-8.38));
#14131=CARTESIAN_POINT('',(0.16,-3.49999999999999,-8.54));
#14132=CARTESIAN_POINT('',(0.32,-3.01999999999999,-8.38));
#14133=CARTESIAN_POINT('',(0.05333333333333,-3.28666666666699,-8.646666666667));
#14134=CARTESIAN_POINT('',(0.32,-3.65999999999999,-8.38));
#14135=CARTESIAN_POINT('Origin',(-0.32,-3.57999999999999,-8.46));
#14136=CARTESIAN_POINT('',(-0.32,-3.65999999999999,-8.38));
#14137=CARTESIAN_POINT('',(-0.266666666667,-3.60666666666699,-8.433333333333));
#14138=CARTESIAN_POINT('',(-0.32,-3.65999999999999,-8.38));
#14139=CARTESIAN_POINT('Origin',(-0.24,-3.65999999999999,-8.46));
#14140=CARTESIAN_POINT('',(-0.32,-3.01999999999999,-8.38));
#14141=CARTESIAN_POINT('',(-0.32,-3.65999999999999,-8.38));
#14142=CARTESIAN_POINT('',(-0.16,-3.17999999999999,-8.54));
#14143=CARTESIAN_POINT('Origin',(-0.32,-3.09999999999999,-8.46));
#14144=CARTESIAN_POINT('',(-0.32,-3.01999999999999,-8.38));
#14145=CARTESIAN_POINT('Origin',(-0.32,-26.44,-8.46));
#14146=CARTESIAN_POINT('',(-0.32,-26.52,-8.38));
#14147=CARTESIAN_POINT('',(-0.266666666667,-26.46666666666,-8.433333333333));
#14148=CARTESIAN_POINT('',(0.32,-26.52,-8.38));
#14149=CARTESIAN_POINT('',(0.16,-26.36,-8.54));
#14150=CARTESIAN_POINT('',(-0.32,-26.52,-8.38));
#14151=CARTESIAN_POINT('Origin',(-0.24,-26.52,-8.46));
#14152=CARTESIAN_POINT('',(-0.32,-25.88,-8.38));
#14153=CARTESIAN_POINT('',(-0.32,-26.52,-8.38));
#14154=CARTESIAN_POINT('',(-0.16,-26.04,-8.54));
#14155=CARTESIAN_POINT('Origin',(-0.32,-25.96,-8.46));
#14156=CARTESIAN_POINT('',(0.32,-25.88,-8.38));
#14157=CARTESIAN_POINT('',(-0.32,-25.88,-8.38));
#14158=CARTESIAN_POINT('',(0.05333333333333,-26.14666666666,-8.646666666667));
#14159=CARTESIAN_POINT('Origin',(0.24,-26.52,-8.46));
#14160=CARTESIAN_POINT('',(0.32,-26.52,-8.38));
#14161=CARTESIAN_POINT('Origin',(-0.32,-13.74,-8.46));
#14162=CARTESIAN_POINT('',(-0.32,-13.82,-8.38));
#14163=CARTESIAN_POINT('',(-0.266666666667,-13.76666666666,-8.433333333333));
#14164=CARTESIAN_POINT('',(0.32,-13.82,-8.38));
#14165=CARTESIAN_POINT('',(0.16,-13.66,-8.54));
#14166=CARTESIAN_POINT('',(-0.32,-13.82,-8.38));
#14167=CARTESIAN_POINT('Origin',(-0.24,-13.82,-8.46));
#14168=CARTESIAN_POINT('',(-0.32,-13.18,-8.38));
#14169=CARTESIAN_POINT('',(-0.32,-13.82,-8.38));
#14170=CARTESIAN_POINT('',(-0.16,-13.34,-8.54));
#14171=CARTESIAN_POINT('Origin',(-0.32,-13.26,-8.46));
#14172=CARTESIAN_POINT('',(0.32,-13.18,-8.38));
#14173=CARTESIAN_POINT('',(-0.32,-13.18,-8.38));
#14174=CARTESIAN_POINT('',(0.05333333333333,-13.44666666666,-8.646666666667));
#14175=CARTESIAN_POINT('Origin',(0.24,-13.82,-8.46));
#14176=CARTESIAN_POINT('',(0.32,-13.82,-8.38));
#14177=CARTESIAN_POINT('Origin',(-0.24,-34.14,-8.46));
#14178=CARTESIAN_POINT('',(-0.32,-34.14,-8.38));
#14179=CARTESIAN_POINT('',(-0.266666666667,-34.08666666666,-8.433333333333));
#14180=CARTESIAN_POINT('',(-0.32,-33.5,-8.38));
#14181=CARTESIAN_POINT('',(-0.32,-34.14,-8.38));
#14182=CARTESIAN_POINT('',(-0.16,-33.66,-8.54));
#14183=CARTESIAN_POINT('Origin',(-0.32,-33.58,-8.46));
#14184=CARTESIAN_POINT('',(0.32,-33.5,-8.38));
#14185=CARTESIAN_POINT('',(-0.32,-33.5,-8.38));
#14186=CARTESIAN_POINT('',(0.05333333333333,-33.76666666666,-8.646666666667));
#14187=CARTESIAN_POINT('Origin',(0.24,-34.14,-8.46));
#14188=CARTESIAN_POINT('',(0.32,-34.14,-8.38));
#14189=CARTESIAN_POINT('',(0.16,-33.98,-8.54));
#14190=CARTESIAN_POINT('',(0.32,-34.14,-8.38));
#14191=CARTESIAN_POINT('Origin',(-0.32,-34.06,-8.46));
#14192=CARTESIAN_POINT('',(-0.32,-34.14,-8.38));
#14193=CARTESIAN_POINT('Origin',(-0.32,-31.52,-8.46));
#14194=CARTESIAN_POINT('',(-0.32,-31.6,-8.38));
#14195=CARTESIAN_POINT('',(-0.266666666667,-31.54666666666,-8.433333333333));
#14196=CARTESIAN_POINT('',(0.32,-31.6,-8.38));
#14197=CARTESIAN_POINT('',(0.16,-31.44,-8.54));
#14198=CARTESIAN_POINT('',(-0.32,-31.6,-8.38));
#14199=CARTESIAN_POINT('Origin',(-0.24,-31.6,-8.46));
#14200=CARTESIAN_POINT('',(-0.32,-30.96,-8.38));
#14201=CARTESIAN_POINT('',(-0.32,-31.6,-8.38));
#14202=CARTESIAN_POINT('',(-0.16,-31.12,-8.54));
#14203=CARTESIAN_POINT('Origin',(-0.32,-31.04,-8.46));
#14204=CARTESIAN_POINT('',(0.32,-30.96,-8.38));
#14205=CARTESIAN_POINT('',(-0.32,-30.96,-8.38));
#14206=CARTESIAN_POINT('',(0.05333333333333,-31.22666666666,-8.646666666667));
#14207=CARTESIAN_POINT('Origin',(0.24,-31.6,-8.46));
#14208=CARTESIAN_POINT('',(0.32,-31.6,-8.38));
#14209=CARTESIAN_POINT('Origin',(-0.32,-28.98,-8.46));
#14210=CARTESIAN_POINT('',(-0.32,-29.06,-8.38));
#14211=CARTESIAN_POINT('',(-0.266666666667,-29.00666666666,-8.433333333333));
#14212=CARTESIAN_POINT('',(0.32,-29.06,-8.38));
#14213=CARTESIAN_POINT('',(0.16,-28.9,-8.54));
#14214=CARTESIAN_POINT('',(-0.32,-29.06,-8.38));
#14215=CARTESIAN_POINT('Origin',(-0.24,-29.06,-8.46));
#14216=CARTESIAN_POINT('',(-0.32,-28.42,-8.38));
#14217=CARTESIAN_POINT('',(-0.32,-29.06,-8.38));
#14218=CARTESIAN_POINT('',(-0.16,-28.58,-8.54));
#14219=CARTESIAN_POINT('Origin',(-0.32,-28.5,-8.46));
#14220=CARTESIAN_POINT('',(0.32,-28.42,-8.38));
#14221=CARTESIAN_POINT('',(-0.32,-28.42,-8.38));
#14222=CARTESIAN_POINT('',(0.05333333333333,-28.68666666666,-8.646666666667));
#14223=CARTESIAN_POINT('Origin',(0.24,-29.06,-8.46));
#14224=CARTESIAN_POINT('',(0.32,-29.06,-8.38));
#14225=CARTESIAN_POINT('Origin',(-0.32,-39.14,-8.46));
#14226=CARTESIAN_POINT('',(-0.32,-39.22,-8.38));
#14227=CARTESIAN_POINT('',(-0.266666666667,-39.16666666666,-8.433333333333));
#14228=CARTESIAN_POINT('',(0.32,-39.22,-8.38));
#14229=CARTESIAN_POINT('',(0.16,-39.06,-8.54));
#14230=CARTESIAN_POINT('',(-0.32,-39.22,-8.38));
#14231=CARTESIAN_POINT('Origin',(-0.24,-39.22,-8.46));
#14232=CARTESIAN_POINT('',(-0.32,-38.58,-8.38));
#14233=CARTESIAN_POINT('',(-0.32,-39.22,-8.38));
#14234=CARTESIAN_POINT('',(-0.16,-38.74,-8.54));
#14235=CARTESIAN_POINT('Origin',(-0.32,-38.66,-8.46));
#14236=CARTESIAN_POINT('',(0.32,-38.58,-8.38));
#14237=CARTESIAN_POINT('',(-0.32,-38.58,-8.38));
#14238=CARTESIAN_POINT('',(0.05333333333333,-38.84666666666,-8.646666666667));
#14239=CARTESIAN_POINT('Origin',(0.24,-39.22,-8.46));
#14240=CARTESIAN_POINT('',(0.32,-39.22,-8.38));
#14241=CARTESIAN_POINT('Origin',(-0.32,-36.6,-8.46));
#14242=CARTESIAN_POINT('',(-0.32,-36.68,-8.38));
#14243=CARTESIAN_POINT('',(-0.266666666667,-36.62666666666,-8.433333333333));
#14244=CARTESIAN_POINT('',(0.32,-36.68,-8.38));
#14245=CARTESIAN_POINT('',(0.16,-36.52,-8.54));
#14246=CARTESIAN_POINT('',(-0.32,-36.68,-8.38));
#14247=CARTESIAN_POINT('Origin',(-0.24,-36.68,-8.46));
#14248=CARTESIAN_POINT('',(-0.32,-36.04,-8.38));
#14249=CARTESIAN_POINT('',(-0.32,-36.68,-8.38));
#14250=CARTESIAN_POINT('',(-0.16,-36.2,-8.54));
#14251=CARTESIAN_POINT('Origin',(-0.32,-36.12,-8.46));
#14252=CARTESIAN_POINT('',(0.32,-36.04,-8.38));
#14253=CARTESIAN_POINT('',(-0.32,-36.04,-8.38));
#14254=CARTESIAN_POINT('',(0.05333333333333,-36.30666666666,-8.646666666667));
#14255=CARTESIAN_POINT('Origin',(0.24,-36.68,-8.46));
#14256=CARTESIAN_POINT('',(0.32,-36.68,-8.38));
#14257=CARTESIAN_POINT('Origin',(-0.32,-41.68,-8.46));
#14258=CARTESIAN_POINT('',(-0.32,-41.76,-8.38));
#14259=CARTESIAN_POINT('',(-0.266666666667,-41.70666666666,-8.433333333333));
#14260=CARTESIAN_POINT('',(0.32,-41.76,-8.38));
#14261=CARTESIAN_POINT('',(0.16,-41.6,-8.54));
#14262=CARTESIAN_POINT('',(-0.32,-41.76,-8.38));
#14263=CARTESIAN_POINT('Origin',(-0.24,-41.76,-8.46));
#14264=CARTESIAN_POINT('',(-0.32,-41.12,-8.38));
#14265=CARTESIAN_POINT('',(-0.32,-41.76,-8.38));
#14266=CARTESIAN_POINT('',(-0.16,-41.28,-8.54));
#14267=CARTESIAN_POINT('Origin',(-0.32,-41.2,-8.46));
#14268=CARTESIAN_POINT('',(0.32,-41.12,-8.38));
#14269=CARTESIAN_POINT('',(-0.32,-41.12,-8.38));
#14270=CARTESIAN_POINT('',(0.05333333333333,-41.38666666666,-8.646666666667));
#14271=CARTESIAN_POINT('Origin',(0.24,-41.76,-8.46));
#14272=CARTESIAN_POINT('',(0.32,-41.76,-8.38));
#14273=CARTESIAN_POINT('Origin',(0.24,-44.3,-8.46));
#14274=CARTESIAN_POINT('',(0.32,-44.3,-8.38));
#14275=CARTESIAN_POINT('',(0.16,-44.14,-8.54));
#14276=CARTESIAN_POINT('',(0.32,-43.66,-8.38));
#14277=CARTESIAN_POINT('',(0.05333333333333,-43.92666666666,-8.646666666667));
#14278=CARTESIAN_POINT('',(0.32,-44.3,-8.38));
#14279=CARTESIAN_POINT('Origin',(-0.32,-44.22,-8.46));
#14280=CARTESIAN_POINT('',(-0.32,-44.3,-8.38));
#14281=CARTESIAN_POINT('',(-0.266666666667,-44.24666666666,-8.433333333333));
#14282=CARTESIAN_POINT('',(-0.32,-44.3,-8.38));
#14283=CARTESIAN_POINT('Origin',(-0.24,-44.3,-8.46));
#14284=CARTESIAN_POINT('',(-0.32,-43.66,-8.38));
#14285=CARTESIAN_POINT('',(-0.32,-44.3,-8.38));
#14286=CARTESIAN_POINT('',(-0.16,-43.82,-8.54));
#14287=CARTESIAN_POINT('Origin',(-0.32,-43.74,-8.46));
#14288=CARTESIAN_POINT('',(-0.32,-43.66,-8.38));
#14289=CARTESIAN_POINT('Origin',(-0.32,-46.84,3.));
#14290=CARTESIAN_POINT('',(0.32,-46.84,-2.54));
#14291=CARTESIAN_POINT('',(0.32,-46.84,3.));
#14292=CARTESIAN_POINT('',(-0.32,-46.84,-2.54));
#14293=CARTESIAN_POINT('',(0.475,-46.84,-2.54));
#14294=CARTESIAN_POINT('',(-0.32,-46.84,3.));
#14295=CARTESIAN_POINT('Origin',(-0.32,-46.84,3.));
#14296=CARTESIAN_POINT('',(-0.32,-46.2,-2.54));
#14297=CARTESIAN_POINT('',(-0.32,-35.885,-2.54));
#14298=CARTESIAN_POINT('',(-0.32,-46.2,3.));
#14299=CARTESIAN_POINT('Origin',(-0.32,-46.2,3.));
#14300=CARTESIAN_POINT('',(0.32,-46.2,-2.54));
#14301=CARTESIAN_POINT('',(0.32,-46.2,3.));
#14302=CARTESIAN_POINT('',(0.475,-46.2,-2.54));
#14303=CARTESIAN_POINT('Origin',(0.32,-46.84,3.));
#14304=CARTESIAN_POINT('',(0.32,-35.885,-2.54));
#14305=CARTESIAN_POINT('Origin',(-0.32,-49.38,3.));
#14306=CARTESIAN_POINT('',(-0.32,-49.38,-2.54));
#14307=CARTESIAN_POINT('',(-0.32,-49.38,3.));
#14308=CARTESIAN_POINT('',(-0.32,-48.74,-2.54));
#14309=CARTESIAN_POINT('',(-0.32,-37.155,-2.54));
#14310=CARTESIAN_POINT('',(-0.32,-48.74,3.));
#14311=CARTESIAN_POINT('Origin',(-0.32,-48.74,3.));
#14312=CARTESIAN_POINT('',(0.32,-48.74,-2.54));
#14313=CARTESIAN_POINT('',(0.32,-48.74,3.));
#14314=CARTESIAN_POINT('',(0.475,-48.74,-2.54));
#14315=CARTESIAN_POINT('Origin',(0.32,-49.38,3.));
#14316=CARTESIAN_POINT('',(0.32,-49.38,-2.54));
#14317=CARTESIAN_POINT('',(0.32,-49.38,3.));
#14318=CARTESIAN_POINT('',(0.32,-37.155,-2.54));
#14319=CARTESIAN_POINT('Origin',(-0.32,-49.38,3.));
#14320=CARTESIAN_POINT('',(0.475,-49.38,-2.54));
#14321=CARTESIAN_POINT('Origin',(-0.32,-1.11999999999999,3.));
#14322=CARTESIAN_POINT('',(0.32,-1.11999999999999,-2.54));
#14323=CARTESIAN_POINT('',(0.32,-1.11999999999999,3.));
#14324=CARTESIAN_POINT('',(-0.32,-1.11999999999999,-2.54));
#14325=CARTESIAN_POINT('',(0.475,-1.11999999999999,-2.54));
#14326=CARTESIAN_POINT('',(-0.32,-1.11999999999999,3.));
#14327=CARTESIAN_POINT('Origin',(-0.32,-1.11999999999999,3.));
#14328=CARTESIAN_POINT('',(-0.32,-0.479999999999992,-2.54));
#14329=CARTESIAN_POINT('',(-0.32,-13.025,-2.54));
#14330=CARTESIAN_POINT('',(-0.32,-0.479999999999992,3.));
#14331=CARTESIAN_POINT('Origin',(-0.32,-0.479999999999992,3.));
#14332=CARTESIAN_POINT('',(0.32,-0.479999999999992,-2.54));
#14333=CARTESIAN_POINT('',(0.32,-0.479999999999992,3.));
#14334=CARTESIAN_POINT('',(0.475,-0.479999999999992,-2.54));
#14335=CARTESIAN_POINT('Origin',(0.32,-1.11999999999999,3.));
#14336=CARTESIAN_POINT('',(0.32,-13.025,-2.54));
#14337=CARTESIAN_POINT('Origin',(-0.32,-23.98,3.));
#14338=CARTESIAN_POINT('',(-0.32,-23.98,-2.54));
#14339=CARTESIAN_POINT('',(-0.32,-23.98,3.));
#14340=CARTESIAN_POINT('',(-0.32,-23.34,-2.54));
#14341=CARTESIAN_POINT('',(-0.32,-24.455,-2.54));
#14342=CARTESIAN_POINT('',(-0.32,-23.34,3.));
#14343=CARTESIAN_POINT('Origin',(-0.32,-23.34,3.));
#14344=CARTESIAN_POINT('',(0.32,-23.34,-2.54));
#14345=CARTESIAN_POINT('',(0.32,-23.34,3.));
#14346=CARTESIAN_POINT('',(0.475,-23.34,-2.54));
#14347=CARTESIAN_POINT('Origin',(0.32,-23.98,3.));
#14348=CARTESIAN_POINT('',(0.32,-23.98,-2.54));
#14349=CARTESIAN_POINT('',(0.32,-23.98,3.));
#14350=CARTESIAN_POINT('',(0.32,-24.455,-2.54));
#14351=CARTESIAN_POINT('Origin',(-0.32,-23.98,3.));
#14352=CARTESIAN_POINT('',(0.475,-23.98,-2.54));
#14353=CARTESIAN_POINT('Origin',(-0.32,-18.9,3.));
#14354=CARTESIAN_POINT('',(-0.32,-18.9,-2.54));
#14355=CARTESIAN_POINT('',(-0.32,-18.9,3.));
#14356=CARTESIAN_POINT('',(-0.32,-18.26,-2.54));
#14357=CARTESIAN_POINT('',(-0.32,-21.915,-2.54));
#14358=CARTESIAN_POINT('',(-0.32,-18.26,3.));
#14359=CARTESIAN_POINT('Origin',(-0.32,-18.26,3.));
#14360=CARTESIAN_POINT('',(0.32,-18.26,-2.54));
#14361=CARTESIAN_POINT('',(0.32,-18.26,3.));
#14362=CARTESIAN_POINT('',(0.475,-18.26,-2.54));
#14363=CARTESIAN_POINT('Origin',(0.32,-18.9,3.));
#14364=CARTESIAN_POINT('',(0.32,-18.9,-2.54));
#14365=CARTESIAN_POINT('',(0.32,-18.9,3.));
#14366=CARTESIAN_POINT('',(0.32,-21.915,-2.54));
#14367=CARTESIAN_POINT('Origin',(-0.32,-18.9,3.));
#14368=CARTESIAN_POINT('',(0.475,-18.9,-2.54));
#14369=CARTESIAN_POINT('Origin',(-0.32,-16.36,3.));
#14370=CARTESIAN_POINT('',(0.32,-16.36,-2.54));
#14371=CARTESIAN_POINT('',(0.32,-16.36,3.));
#14372=CARTESIAN_POINT('',(-0.32,-16.36,-2.54));
#14373=CARTESIAN_POINT('',(0.475,-16.36,-2.54));
#14374=CARTESIAN_POINT('',(-0.32,-16.36,3.));
#14375=CARTESIAN_POINT('Origin',(-0.32,-16.36,3.));
#14376=CARTESIAN_POINT('',(-0.32,-15.72,-2.54));
#14377=CARTESIAN_POINT('',(-0.32,-20.645,-2.54));
#14378=CARTESIAN_POINT('',(-0.32,-15.72,3.));
#14379=CARTESIAN_POINT('Origin',(-0.32,-15.72,3.));
#14380=CARTESIAN_POINT('',(0.32,-15.72,-2.54));
#14381=CARTESIAN_POINT('',(0.32,-15.72,3.));
#14382=CARTESIAN_POINT('',(0.475,-15.72,-2.54));
#14383=CARTESIAN_POINT('Origin',(0.32,-16.36,3.));
#14384=CARTESIAN_POINT('',(0.32,-20.645,-2.54));
#14385=CARTESIAN_POINT('Origin',(0.32,-21.44,3.));
#14386=CARTESIAN_POINT('',(0.32,-21.44,-2.54));
#14387=CARTESIAN_POINT('',(0.32,-21.44,3.));
#14388=CARTESIAN_POINT('',(0.32,-20.8,-2.54));
#14389=CARTESIAN_POINT('',(0.32,-20.8,3.));
#14390=CARTESIAN_POINT('',(0.32,-23.185,-2.54));
#14391=CARTESIAN_POINT('Origin',(-0.32,-21.44,3.));
#14392=CARTESIAN_POINT('',(-0.32,-21.44,-2.54));
#14393=CARTESIAN_POINT('',(0.475,-21.44,-2.54));
#14394=CARTESIAN_POINT('',(-0.32,-21.44,3.));
#14395=CARTESIAN_POINT('Origin',(-0.32,-21.44,3.));
#14396=CARTESIAN_POINT('',(-0.32,-20.8,-2.54));
#14397=CARTESIAN_POINT('',(-0.32,-23.185,-2.54));
#14398=CARTESIAN_POINT('',(-0.32,-20.8,3.));
#14399=CARTESIAN_POINT('Origin',(-0.32,-20.8,3.));
#14400=CARTESIAN_POINT('',(0.475,-20.8,-2.54));
#14401=CARTESIAN_POINT('Origin',(-0.32,-8.73999999999999,3.));
#14402=CARTESIAN_POINT('',(-0.32,-8.73999999999999,-2.54));
#14403=CARTESIAN_POINT('',(-0.32,-8.73999999999999,3.));
#14404=CARTESIAN_POINT('',(-0.32,-8.09999999999999,-2.54));
#14405=CARTESIAN_POINT('',(-0.32,-16.835,-2.54));
#14406=CARTESIAN_POINT('',(-0.32,-8.09999999999999,3.));
#14407=CARTESIAN_POINT('Origin',(-0.32,-8.09999999999999,3.));
#14408=CARTESIAN_POINT('',(0.32,-8.09999999999999,-2.54));
#14409=CARTESIAN_POINT('',(0.32,-8.09999999999999,3.));
#14410=CARTESIAN_POINT('',(0.475,-8.09999999999999,-2.54));
#14411=CARTESIAN_POINT('Origin',(0.32,-8.73999999999999,3.));
#14412=CARTESIAN_POINT('',(0.32,-8.73999999999999,-2.54));
#14413=CARTESIAN_POINT('',(0.32,-8.73999999999999,3.));
#14414=CARTESIAN_POINT('',(0.32,-16.835,-2.54));
#14415=CARTESIAN_POINT('Origin',(-0.32,-8.73999999999999,3.));
#14416=CARTESIAN_POINT('',(0.475,-8.73999999999999,-2.54));
#14417=CARTESIAN_POINT('Origin',(-0.32,-11.28,3.));
#14418=CARTESIAN_POINT('',(0.32,-11.28,-2.54));
#14419=CARTESIAN_POINT('',(0.32,-11.28,3.));
#14420=CARTESIAN_POINT('',(-0.32,-11.28,-2.54));
#14421=CARTESIAN_POINT('',(0.475,-11.28,-2.54));
#14422=CARTESIAN_POINT('',(-0.32,-11.28,3.));
#14423=CARTESIAN_POINT('Origin',(-0.32,-11.28,3.));
#14424=CARTESIAN_POINT('',(-0.32,-10.64,-2.54));
#14425=CARTESIAN_POINT('',(-0.32,-18.105,-2.54));
#14426=CARTESIAN_POINT('',(-0.32,-10.64,3.));
#14427=CARTESIAN_POINT('Origin',(-0.32,-10.64,3.));
#14428=CARTESIAN_POINT('',(0.32,-10.64,-2.54));
#14429=CARTESIAN_POINT('',(0.32,-10.64,3.));
#14430=CARTESIAN_POINT('',(0.475,-10.64,-2.54));
#14431=CARTESIAN_POINT('Origin',(0.32,-11.28,3.));
#14432=CARTESIAN_POINT('',(0.32,-18.105,-2.54));
#14433=CARTESIAN_POINT('Origin',(-0.32,-6.19999999999999,3.));
#14434=CARTESIAN_POINT('',(-0.32,-6.19999999999999,-2.54));
#14435=CARTESIAN_POINT('',(-0.32,-6.19999999999999,3.));
#14436=CARTESIAN_POINT('',(-0.32,-5.55999999999999,-2.54));
#14437=CARTESIAN_POINT('',(-0.32,-15.565,-2.54));
#14438=CARTESIAN_POINT('',(-0.32,-5.55999999999999,3.));
#14439=CARTESIAN_POINT('Origin',(-0.32,-5.55999999999999,3.));
#14440=CARTESIAN_POINT('',(0.32,-5.55999999999999,-2.54));
#14441=CARTESIAN_POINT('',(0.32,-5.55999999999999,3.));
#14442=CARTESIAN_POINT('',(0.475,-5.55999999999999,-2.54));
#14443=CARTESIAN_POINT('Origin',(0.32,-6.19999999999999,3.));
#14444=CARTESIAN_POINT('',(0.32,-6.19999999999999,-2.54));
#14445=CARTESIAN_POINT('',(0.32,-6.19999999999999,3.));
#14446=CARTESIAN_POINT('',(0.32,-15.565,-2.54));
#14447=CARTESIAN_POINT('Origin',(-0.32,-6.19999999999999,3.));
#14448=CARTESIAN_POINT('',(0.475,-6.19999999999999,-2.54));
#14449=CARTESIAN_POINT('Origin',(0.32,-3.65999999999999,3.));
#14450=CARTESIAN_POINT('',(0.32,-3.65999999999999,-2.54));
#14451=CARTESIAN_POINT('',(0.32,-3.65999999999999,3.));
#14452=CARTESIAN_POINT('',(0.32,-3.01999999999999,-2.54));
#14453=CARTESIAN_POINT('',(0.32,-3.01999999999999,3.));
#14454=CARTESIAN_POINT('',(0.32,-14.295,-2.54));
#14455=CARTESIAN_POINT('Origin',(-0.32,-3.65999999999999,3.));
#14456=CARTESIAN_POINT('',(-0.32,-3.65999999999999,-2.54));
#14457=CARTESIAN_POINT('',(0.475,-3.65999999999999,-2.54));
#14458=CARTESIAN_POINT('',(-0.32,-3.65999999999999,3.));
#14459=CARTESIAN_POINT('Origin',(-0.32,-3.65999999999999,3.));
#14460=CARTESIAN_POINT('',(-0.32,-3.01999999999999,-2.54));
#14461=CARTESIAN_POINT('',(-0.32,-14.295,-2.54));
#14462=CARTESIAN_POINT('',(-0.32,-3.01999999999999,3.));
#14463=CARTESIAN_POINT('Origin',(-0.32,-3.01999999999999,3.));
#14464=CARTESIAN_POINT('',(0.475,-3.01999999999999,-2.54));
#14465=CARTESIAN_POINT('Origin',(-0.32,-26.52,3.));
#14466=CARTESIAN_POINT('',(0.32,-26.52,-2.54));
#14467=CARTESIAN_POINT('',(0.32,-26.52,3.));
#14468=CARTESIAN_POINT('',(-0.32,-26.52,-2.54));
#14469=CARTESIAN_POINT('',(0.475,-26.52,-2.54));
#14470=CARTESIAN_POINT('',(-0.32,-26.52,3.));
#14471=CARTESIAN_POINT('Origin',(-0.32,-26.52,3.));
#14472=CARTESIAN_POINT('',(-0.32,-25.88,-2.54));
#14473=CARTESIAN_POINT('',(-0.32,-25.725,-2.54));
#14474=CARTESIAN_POINT('',(-0.32,-25.88,3.));
#14475=CARTESIAN_POINT('Origin',(-0.32,-25.88,3.));
#14476=CARTESIAN_POINT('',(0.32,-25.88,-2.54));
#14477=CARTESIAN_POINT('',(0.32,-25.88,3.));
#14478=CARTESIAN_POINT('',(0.475,-25.88,-2.54));
#14479=CARTESIAN_POINT('Origin',(0.32,-26.52,3.));
#14480=CARTESIAN_POINT('',(0.32,-25.725,-2.54));
#14481=CARTESIAN_POINT('Origin',(-0.32,-13.82,3.));
#14482=CARTESIAN_POINT('',(0.32,-13.82,-2.54));
#14483=CARTESIAN_POINT('',(0.32,-13.82,3.));
#14484=CARTESIAN_POINT('',(-0.32,-13.82,-2.54));
#14485=CARTESIAN_POINT('',(0.475,-13.82,-2.54));
#14486=CARTESIAN_POINT('',(-0.32,-13.82,3.));
#14487=CARTESIAN_POINT('Origin',(-0.32,-13.82,3.));
#14488=CARTESIAN_POINT('',(-0.32,-13.18,-2.54));
#14489=CARTESIAN_POINT('',(-0.32,-19.375,-2.54));
#14490=CARTESIAN_POINT('',(-0.32,-13.18,3.));
#14491=CARTESIAN_POINT('Origin',(-0.32,-13.18,3.));
#14492=CARTESIAN_POINT('',(0.32,-13.18,-2.54));
#14493=CARTESIAN_POINT('',(0.32,-13.18,3.));
#14494=CARTESIAN_POINT('',(0.475,-13.18,-2.54));
#14495=CARTESIAN_POINT('Origin',(0.32,-13.82,3.));
#14496=CARTESIAN_POINT('',(0.32,-19.375,-2.54));
#14497=CARTESIAN_POINT('Origin',(-0.32,-34.14,3.));
#14498=CARTESIAN_POINT('',(-0.32,-34.14,-2.54));
#14499=CARTESIAN_POINT('',(-0.32,-34.14,3.));
#14500=CARTESIAN_POINT('',(-0.32,-33.5,-2.54));
#14501=CARTESIAN_POINT('',(-0.32,-29.535,-2.54));
#14502=CARTESIAN_POINT('',(-0.32,-33.5,3.));
#14503=CARTESIAN_POINT('Origin',(-0.32,-33.5,3.));
#14504=CARTESIAN_POINT('',(0.32,-33.5,-2.54));
#14505=CARTESIAN_POINT('',(0.32,-33.5,3.));
#14506=CARTESIAN_POINT('',(0.475,-33.5,-2.54));
#14507=CARTESIAN_POINT('Origin',(0.32,-34.14,3.));
#14508=CARTESIAN_POINT('',(0.32,-34.14,-2.54));
#14509=CARTESIAN_POINT('',(0.32,-34.14,3.));
#14510=CARTESIAN_POINT('',(0.32,-29.535,-2.54));
#14511=CARTESIAN_POINT('Origin',(-0.32,-34.14,3.));
#14512=CARTESIAN_POINT('',(0.475,-34.14,-2.54));
#14513=CARTESIAN_POINT('Origin',(-0.32,-31.6,3.));
#14514=CARTESIAN_POINT('',(0.32,-31.6,-2.54));
#14515=CARTESIAN_POINT('',(0.32,-31.6,3.));
#14516=CARTESIAN_POINT('',(-0.32,-31.6,-2.54));
#14517=CARTESIAN_POINT('',(0.475,-31.6,-2.54));
#14518=CARTESIAN_POINT('',(-0.32,-31.6,3.));
#14519=CARTESIAN_POINT('Origin',(-0.32,-31.6,3.));
#14520=CARTESIAN_POINT('',(-0.32,-30.96,-2.54));
#14521=CARTESIAN_POINT('',(-0.32,-28.265,-2.54));
#14522=CARTESIAN_POINT('',(-0.32,-30.96,3.));
#14523=CARTESIAN_POINT('Origin',(-0.32,-30.96,3.));
#14524=CARTESIAN_POINT('',(0.32,-30.96,-2.54));
#14525=CARTESIAN_POINT('',(0.32,-30.96,3.));
#14526=CARTESIAN_POINT('',(0.475,-30.96,-2.54));
#14527=CARTESIAN_POINT('Origin',(0.32,-31.6,3.));
#14528=CARTESIAN_POINT('',(0.32,-28.265,-2.54));
#14529=CARTESIAN_POINT('Origin',(-0.32,-29.06,3.));
#14530=CARTESIAN_POINT('',(0.32,-29.06,-2.54));
#14531=CARTESIAN_POINT('',(0.32,-29.06,3.));
#14532=CARTESIAN_POINT('',(-0.32,-29.06,-2.54));
#14533=CARTESIAN_POINT('',(0.475,-29.06,-2.54));
#14534=CARTESIAN_POINT('',(-0.32,-29.06,3.));
#14535=CARTESIAN_POINT('Origin',(-0.32,-29.06,3.));
#14536=CARTESIAN_POINT('',(-0.32,-28.42,-2.54));
#14537=CARTESIAN_POINT('',(-0.32,-26.995,-2.54));
#14538=CARTESIAN_POINT('',(-0.32,-28.42,3.));
#14539=CARTESIAN_POINT('Origin',(-0.32,-28.42,3.));
#14540=CARTESIAN_POINT('',(0.32,-28.42,-2.54));
#14541=CARTESIAN_POINT('',(0.32,-28.42,3.));
#14542=CARTESIAN_POINT('',(0.475,-28.42,-2.54));
#14543=CARTESIAN_POINT('Origin',(0.32,-29.06,3.));
#14544=CARTESIAN_POINT('',(0.32,-26.995,-2.54));
#14545=CARTESIAN_POINT('Origin',(-0.32,-39.22,3.));
#14546=CARTESIAN_POINT('',(0.32,-39.22,-2.54));
#14547=CARTESIAN_POINT('',(0.32,-39.22,3.));
#14548=CARTESIAN_POINT('',(-0.32,-39.22,-2.54));
#14549=CARTESIAN_POINT('',(0.475,-39.22,-2.54));
#14550=CARTESIAN_POINT('',(-0.32,-39.22,3.));
#14551=CARTESIAN_POINT('Origin',(-0.32,-39.22,3.));
#14552=CARTESIAN_POINT('',(-0.32,-38.58,-2.54));
#14553=CARTESIAN_POINT('',(-0.32,-32.075,-2.54));
#14554=CARTESIAN_POINT('',(-0.32,-38.58,3.));
#14555=CARTESIAN_POINT('Origin',(-0.32,-38.58,3.));
#14556=CARTESIAN_POINT('',(0.32,-38.58,-2.54));
#14557=CARTESIAN_POINT('',(0.32,-38.58,3.));
#14558=CARTESIAN_POINT('',(0.475,-38.58,-2.54));
#14559=CARTESIAN_POINT('Origin',(0.32,-39.22,3.));
#14560=CARTESIAN_POINT('',(0.32,-32.075,-2.54));
#14561=CARTESIAN_POINT('Origin',(-0.32,-36.68,3.));
#14562=CARTESIAN_POINT('',(0.32,-36.68,-2.54));
#14563=CARTESIAN_POINT('',(0.32,-36.68,3.));
#14564=CARTESIAN_POINT('',(-0.32,-36.68,-2.54));
#14565=CARTESIAN_POINT('',(0.475,-36.68,-2.54));
#14566=CARTESIAN_POINT('',(-0.32,-36.68,3.));
#14567=CARTESIAN_POINT('Origin',(-0.32,-36.68,3.));
#14568=CARTESIAN_POINT('',(-0.32,-36.04,-2.54));
#14569=CARTESIAN_POINT('',(-0.32,-30.805,-2.54));
#14570=CARTESIAN_POINT('',(-0.32,-36.04,3.));
#14571=CARTESIAN_POINT('Origin',(-0.32,-36.04,3.));
#14572=CARTESIAN_POINT('',(0.32,-36.04,-2.54));
#14573=CARTESIAN_POINT('',(0.32,-36.04,3.));
#14574=CARTESIAN_POINT('',(0.475,-36.04,-2.54));
#14575=CARTESIAN_POINT('Origin',(0.32,-36.68,3.));
#14576=CARTESIAN_POINT('',(0.32,-30.805,-2.54));
#14577=CARTESIAN_POINT('Origin',(-0.32,-41.76,3.));
#14578=CARTESIAN_POINT('',(0.32,-41.76,-2.54));
#14579=CARTESIAN_POINT('',(0.32,-41.76,3.));
#14580=CARTESIAN_POINT('',(-0.32,-41.76,-2.54));
#14581=CARTESIAN_POINT('',(0.475,-41.76,-2.54));
#14582=CARTESIAN_POINT('',(-0.32,-41.76,3.));
#14583=CARTESIAN_POINT('Origin',(-0.32,-41.76,3.));
#14584=CARTESIAN_POINT('',(-0.32,-41.12,-2.54));
#14585=CARTESIAN_POINT('',(-0.32,-33.345,-2.54));
#14586=CARTESIAN_POINT('',(-0.32,-41.12,3.));
#14587=CARTESIAN_POINT('Origin',(-0.32,-41.12,3.));
#14588=CARTESIAN_POINT('',(0.32,-41.12,-2.54));
#14589=CARTESIAN_POINT('',(0.32,-41.12,3.));
#14590=CARTESIAN_POINT('',(0.475,-41.12,-2.54));
#14591=CARTESIAN_POINT('Origin',(0.32,-41.76,3.));
#14592=CARTESIAN_POINT('',(0.32,-33.345,-2.54));
#14593=CARTESIAN_POINT('Origin',(0.32,-44.3,3.));
#14594=CARTESIAN_POINT('',(0.32,-44.3,-2.54));
#14595=CARTESIAN_POINT('',(0.32,-44.3,3.));
#14596=CARTESIAN_POINT('',(0.32,-43.66,-2.54));
#14597=CARTESIAN_POINT('',(0.32,-43.66,3.));
#14598=CARTESIAN_POINT('',(0.32,-34.615,-2.54));
#14599=CARTESIAN_POINT('Origin',(-0.32,-44.3,3.));
#14600=CARTESIAN_POINT('',(-0.32,-44.3,-2.54));
#14601=CARTESIAN_POINT('',(0.475,-44.3,-2.54));
#14602=CARTESIAN_POINT('',(-0.32,-44.3,3.));
#14603=CARTESIAN_POINT('Origin',(-0.32,-44.3,3.));
#14604=CARTESIAN_POINT('',(-0.32,-43.66,-2.54));
#14605=CARTESIAN_POINT('',(-0.32,-34.615,-2.54));
#14606=CARTESIAN_POINT('',(-0.32,-43.66,3.));
#14607=CARTESIAN_POINT('Origin',(-0.32,-43.66,3.));
#14608=CARTESIAN_POINT('',(0.475,-43.66,-2.54));
#14609=CARTESIAN_POINT('Origin',(-1.016,-50.33,0.));
#14610=CARTESIAN_POINT('',(1.27,-50.33,-2.54));
#14611=CARTESIAN_POINT('',(1.27,-50.33,-1.385));
#14612=CARTESIAN_POINT('',(-1.016,-50.33,-2.54));
#14613=CARTESIAN_POINT('',(-1.016,-50.33,0.));
#14614=CARTESIAN_POINT('',(-1.016,-50.33,-2.54));
#14615=CARTESIAN_POINT('Origin',(-1.27,-50.076,0.));
#14616=CARTESIAN_POINT('',(-1.27,-50.076,-2.54));
#14617=CARTESIAN_POINT('',(-1.27,-50.076,0.));
#14618=CARTESIAN_POINT('',(-1.27,-50.076,-2.54));
#14619=CARTESIAN_POINT('Origin',(-1.27,-48.044,0.));
#14620=CARTESIAN_POINT('',(-1.27,-48.044,-2.54));
#14621=CARTESIAN_POINT('',(-1.27,-48.044,0.));
#14622=CARTESIAN_POINT('',(-1.27,-48.044,-2.54));
#14623=CARTESIAN_POINT('Origin',(-1.016,-47.79,0.));
#14624=CARTESIAN_POINT('',(-1.016,-47.79,-2.54));
#14625=CARTESIAN_POINT('',(-1.016,-47.79,0.));
#14626=CARTESIAN_POINT('',(-1.016,-47.79,-2.54));
#14627=CARTESIAN_POINT('Origin',(-1.27,-47.536,0.));
#14628=CARTESIAN_POINT('',(-1.27,-47.536,-2.54));
#14629=CARTESIAN_POINT('',(-1.27,-47.536,0.));
#14630=CARTESIAN_POINT('',(-1.27,-47.536,-2.54));
#14631=CARTESIAN_POINT('Origin',(-1.27,-45.504,0.));
#14632=CARTESIAN_POINT('',(-1.27,-45.504,-2.54));
#14633=CARTESIAN_POINT('',(-1.27,-45.504,0.));
#14634=CARTESIAN_POINT('',(-1.27,-45.504,-2.54));
#14635=CARTESIAN_POINT('Origin',(-1.016,-45.25,0.));
#14636=CARTESIAN_POINT('',(-1.016,-45.25,-2.54));
#14637=CARTESIAN_POINT('',(-1.016,-45.25,0.));
#14638=CARTESIAN_POINT('',(-1.016,-45.25,-2.54));
#14639=CARTESIAN_POINT('Origin',(-1.27,-44.996,0.));
#14640=CARTESIAN_POINT('',(-1.27,-44.996,-2.54));
#14641=CARTESIAN_POINT('',(-1.27,-44.996,0.));
#14642=CARTESIAN_POINT('',(-1.27,-44.996,-2.54));
#14643=CARTESIAN_POINT('Origin',(-1.27,-42.964,0.));
#14644=CARTESIAN_POINT('',(-1.27,-42.964,-2.54));
#14645=CARTESIAN_POINT('',(-1.27,-42.964,0.));
#14646=CARTESIAN_POINT('',(-1.27,-42.964,-2.54));
#14647=CARTESIAN_POINT('Origin',(-1.016,-42.71,0.));
#14648=CARTESIAN_POINT('',(-1.016,-42.71,-2.54));
#14649=CARTESIAN_POINT('',(-1.016,-42.71,0.));
#14650=CARTESIAN_POINT('',(-1.016,-42.71,-2.54));
#14651=CARTESIAN_POINT('Origin',(-1.27,-42.456,0.));
#14652=CARTESIAN_POINT('',(-1.27,-42.456,-2.54));
#14653=CARTESIAN_POINT('',(-1.27,-42.456,0.));
#14654=CARTESIAN_POINT('',(-1.27,-42.456,-2.54));
#14655=CARTESIAN_POINT('Origin',(-1.27,-40.424,0.));
#14656=CARTESIAN_POINT('',(-1.27,-40.424,-2.54));
#14657=CARTESIAN_POINT('',(-1.27,-40.424,0.));
#14658=CARTESIAN_POINT('',(-1.27,-40.424,-2.54));
#14659=CARTESIAN_POINT('Origin',(-1.016,-40.17,0.));
#14660=CARTESIAN_POINT('',(-1.016,-40.17,-2.54));
#14661=CARTESIAN_POINT('',(-1.016,-40.17,0.));
#14662=CARTESIAN_POINT('',(-1.016,-40.17,-2.54));
#14663=CARTESIAN_POINT('Origin',(-1.27,-39.916,0.));
#14664=CARTESIAN_POINT('',(-1.27,-39.916,-2.54));
#14665=CARTESIAN_POINT('',(-1.27,-39.916,0.));
#14666=CARTESIAN_POINT('',(-1.27,-39.916,-2.54));
#14667=CARTESIAN_POINT('Origin',(-1.27,-37.884,0.));
#14668=CARTESIAN_POINT('',(-1.27,-37.884,-2.54));
#14669=CARTESIAN_POINT('',(-1.27,-37.884,0.));
#14670=CARTESIAN_POINT('',(-1.27,-37.884,-2.54));
#14671=CARTESIAN_POINT('Origin',(-1.016,-37.63,0.));
#14672=CARTESIAN_POINT('',(-1.016,-37.63,-2.54));
#14673=CARTESIAN_POINT('',(-1.016,-37.63,0.));
#14674=CARTESIAN_POINT('',(-1.016,-37.63,-2.54));
#14675=CARTESIAN_POINT('Origin',(-1.27,-37.376,0.));
#14676=CARTESIAN_POINT('',(-1.27,-37.376,-2.54));
#14677=CARTESIAN_POINT('',(-1.27,-37.376,0.));
#14678=CARTESIAN_POINT('',(-1.27,-37.376,-2.54));
#14679=CARTESIAN_POINT('Origin',(-1.27,-35.344,0.));
#14680=CARTESIAN_POINT('',(-1.27,-35.344,-2.54));
#14681=CARTESIAN_POINT('',(-1.27,-35.344,0.));
#14682=CARTESIAN_POINT('',(-1.27,-35.344,-2.54));
#14683=CARTESIAN_POINT('Origin',(-1.016,-35.09,0.));
#14684=CARTESIAN_POINT('',(-1.016,-35.09,-2.54));
#14685=CARTESIAN_POINT('',(-1.016,-35.09,0.));
#14686=CARTESIAN_POINT('',(-1.016,-35.09,-2.54));
#14687=CARTESIAN_POINT('Origin',(-1.27,-34.836,0.));
#14688=CARTESIAN_POINT('',(-1.27,-34.836,-2.54));
#14689=CARTESIAN_POINT('',(-1.27,-34.836,0.));
#14690=CARTESIAN_POINT('',(-1.27,-34.836,-2.54));
#14691=CARTESIAN_POINT('Origin',(-1.27,-32.804,0.));
#14692=CARTESIAN_POINT('',(-1.27,-32.804,-2.54));
#14693=CARTESIAN_POINT('',(-1.27,-32.804,0.));
#14694=CARTESIAN_POINT('',(-1.27,-32.804,-2.54));
#14695=CARTESIAN_POINT('Origin',(-1.016,-32.55,0.));
#14696=CARTESIAN_POINT('',(-1.016,-32.55,-2.54));
#14697=CARTESIAN_POINT('',(-1.016,-32.55,0.));
#14698=CARTESIAN_POINT('',(-1.016,-32.55,-2.54));
#14699=CARTESIAN_POINT('Origin',(-1.27,-32.296,0.));
#14700=CARTESIAN_POINT('',(-1.27,-32.296,-2.54));
#14701=CARTESIAN_POINT('',(-1.27,-32.296,0.));
#14702=CARTESIAN_POINT('',(-1.27,-32.296,-2.54));
#14703=CARTESIAN_POINT('Origin',(-1.27,-30.264,0.));
#14704=CARTESIAN_POINT('',(-1.27,-30.264,-2.54));
#14705=CARTESIAN_POINT('',(-1.27,-30.264,0.));
#14706=CARTESIAN_POINT('',(-1.27,-30.264,-2.54));
#14707=CARTESIAN_POINT('Origin',(-1.016,-30.01,0.));
#14708=CARTESIAN_POINT('',(-1.016,-30.01,-2.54));
#14709=CARTESIAN_POINT('',(-1.016,-30.01,0.));
#14710=CARTESIAN_POINT('',(-1.016,-30.01,-2.54));
#14711=CARTESIAN_POINT('Origin',(-1.27,-29.756,0.));
#14712=CARTESIAN_POINT('',(-1.27,-29.756,-2.54));
#14713=CARTESIAN_POINT('',(-1.27,-29.756,0.));
#14714=CARTESIAN_POINT('',(-1.27,-29.756,-2.54));
#14715=CARTESIAN_POINT('Origin',(-1.27,-27.724,0.));
#14716=CARTESIAN_POINT('',(-1.27,-27.724,-2.54));
#14717=CARTESIAN_POINT('',(-1.27,-27.724,0.));
#14718=CARTESIAN_POINT('',(-1.27,-27.724,-2.54));
#14719=CARTESIAN_POINT('Origin',(-1.016,-27.47,0.));
#14720=CARTESIAN_POINT('',(-1.016,-27.47,-2.54));
#14721=CARTESIAN_POINT('',(-1.016,-27.47,0.));
#14722=CARTESIAN_POINT('',(-1.016,-27.47,-2.54));
#14723=CARTESIAN_POINT('Origin',(-1.27,-27.216,0.));
#14724=CARTESIAN_POINT('',(-1.27,-27.216,-2.54));
#14725=CARTESIAN_POINT('',(-1.27,-27.216,0.));
#14726=CARTESIAN_POINT('',(-1.27,-27.216,-2.54));
#14727=CARTESIAN_POINT('Origin',(-1.27,-25.184,0.));
#14728=CARTESIAN_POINT('',(-1.27,-25.184,-2.54));
#14729=CARTESIAN_POINT('',(-1.27,-25.184,0.));
#14730=CARTESIAN_POINT('',(-1.27,-25.184,-2.54));
#14731=CARTESIAN_POINT('Origin',(-1.016,-24.93,0.));
#14732=CARTESIAN_POINT('',(-1.016,-24.93,-2.54));
#14733=CARTESIAN_POINT('',(-1.016,-24.93,0.));
#14734=CARTESIAN_POINT('',(-1.016,-24.93,-2.54));
#14735=CARTESIAN_POINT('Origin',(-1.27,-24.676,0.));
#14736=CARTESIAN_POINT('',(-1.27,-24.676,-2.54));
#14737=CARTESIAN_POINT('',(-1.27,-24.676,0.));
#14738=CARTESIAN_POINT('',(-1.27,-24.676,-2.54));
#14739=CARTESIAN_POINT('Origin',(-1.27,-22.644,0.));
#14740=CARTESIAN_POINT('',(-1.27,-22.644,-2.54));
#14741=CARTESIAN_POINT('',(-1.27,-22.644,0.));
#14742=CARTESIAN_POINT('',(-1.27,-22.644,-2.54));
#14743=CARTESIAN_POINT('Origin',(-1.016,-22.39,0.));
#14744=CARTESIAN_POINT('',(-1.016,-22.39,-2.54));
#14745=CARTESIAN_POINT('',(-1.016,-22.39,0.));
#14746=CARTESIAN_POINT('',(-1.016,-22.39,-2.54));
#14747=CARTESIAN_POINT('Origin',(-1.27,-22.136,0.));
#14748=CARTESIAN_POINT('',(-1.27,-22.136,-2.54));
#14749=CARTESIAN_POINT('',(-1.27,-22.136,0.));
#14750=CARTESIAN_POINT('',(-1.27,-22.136,-2.54));
#14751=CARTESIAN_POINT('Origin',(-1.27,-20.104,0.));
#14752=CARTESIAN_POINT('',(-1.27,-20.104,-2.54));
#14753=CARTESIAN_POINT('',(-1.27,-20.104,0.));
#14754=CARTESIAN_POINT('',(-1.27,-20.104,-2.54));
#14755=CARTESIAN_POINT('Origin',(-1.016,-19.85,0.));
#14756=CARTESIAN_POINT('',(-1.016,-19.85,-2.54));
#14757=CARTESIAN_POINT('',(-1.016,-19.85,0.));
#14758=CARTESIAN_POINT('',(-1.016,-19.85,-2.54));
#14759=CARTESIAN_POINT('Origin',(-1.27,-19.596,0.));
#14760=CARTESIAN_POINT('',(-1.27,-19.596,-2.54));
#14761=CARTESIAN_POINT('',(-1.27,-19.596,0.));
#14762=CARTESIAN_POINT('',(-1.27,-19.596,-2.54));
#14763=CARTESIAN_POINT('Origin',(-1.27,-17.564,0.));
#14764=CARTESIAN_POINT('',(-1.27,-17.564,-2.54));
#14765=CARTESIAN_POINT('',(-1.27,-17.564,0.));
#14766=CARTESIAN_POINT('',(-1.27,-17.564,-2.54));
#14767=CARTESIAN_POINT('Origin',(-1.016,-17.31,0.));
#14768=CARTESIAN_POINT('',(-1.016,-17.31,-2.54));
#14769=CARTESIAN_POINT('',(-1.016,-17.31,0.));
#14770=CARTESIAN_POINT('',(-1.016,-17.31,-2.54));
#14771=CARTESIAN_POINT('Origin',(-1.27,-17.056,0.));
#14772=CARTESIAN_POINT('',(-1.27,-17.056,-2.54));
#14773=CARTESIAN_POINT('',(-1.27,-17.056,0.));
#14774=CARTESIAN_POINT('',(-1.27,-17.056,-2.54));
#14775=CARTESIAN_POINT('Origin',(-1.27,-15.024,0.));
#14776=CARTESIAN_POINT('',(-1.27,-15.024,-2.54));
#14777=CARTESIAN_POINT('',(-1.27,-15.024,0.));
#14778=CARTESIAN_POINT('',(-1.27,-15.024,-2.54));
#14779=CARTESIAN_POINT('Origin',(-1.016,-14.77,0.));
#14780=CARTESIAN_POINT('',(-1.016,-14.77,-2.54));
#14781=CARTESIAN_POINT('',(-1.016,-14.77,0.));
#14782=CARTESIAN_POINT('',(-1.016,-14.77,-2.54));
#14783=CARTESIAN_POINT('Origin',(-1.27,-14.516,0.));
#14784=CARTESIAN_POINT('',(-1.27,-14.516,-2.54));
#14785=CARTESIAN_POINT('',(-1.27,-14.516,0.));
#14786=CARTESIAN_POINT('',(-1.27,-14.516,-2.54));
#14787=CARTESIAN_POINT('Origin',(-1.27,-12.484,0.));
#14788=CARTESIAN_POINT('',(-1.27,-12.484,-2.54));
#14789=CARTESIAN_POINT('',(-1.27,-12.484,0.));
#14790=CARTESIAN_POINT('',(-1.27,-12.484,-2.54));
#14791=CARTESIAN_POINT('Origin',(-1.016,-12.23,0.));
#14792=CARTESIAN_POINT('',(-1.016,-12.23,-2.54));
#14793=CARTESIAN_POINT('',(-1.016,-12.23,0.));
#14794=CARTESIAN_POINT('',(-1.016,-12.23,-2.54));
#14795=CARTESIAN_POINT('Origin',(-1.27,-11.976,0.));
#14796=CARTESIAN_POINT('',(-1.27,-11.976,-2.54));
#14797=CARTESIAN_POINT('',(-1.27,-11.976,0.));
#14798=CARTESIAN_POINT('',(-1.27,-11.976,-2.54));
#14799=CARTESIAN_POINT('Origin',(-1.27,-9.94399999999999,0.));
#14800=CARTESIAN_POINT('',(-1.27,-9.94399999999999,-2.54));
#14801=CARTESIAN_POINT('',(-1.27,-9.94399999999999,0.));
#14802=CARTESIAN_POINT('',(-1.27,-9.94399999999999,-2.54));
#14803=CARTESIAN_POINT('Origin',(-1.016,-9.68999999999999,0.));
#14804=CARTESIAN_POINT('',(-1.016,-9.68999999999999,-2.54));
#14805=CARTESIAN_POINT('',(-1.016,-9.68999999999999,0.));
#14806=CARTESIAN_POINT('',(-1.016,-9.68999999999999,-2.54));
#14807=CARTESIAN_POINT('Origin',(-1.27,-9.43599999999999,0.));
#14808=CARTESIAN_POINT('',(-1.27,-9.43599999999999,-2.54));
#14809=CARTESIAN_POINT('',(-1.27,-9.43599999999999,0.));
#14810=CARTESIAN_POINT('',(-1.27,-9.43599999999999,-2.54));
#14811=CARTESIAN_POINT('Origin',(-1.27,-7.40399999999999,0.));
#14812=CARTESIAN_POINT('',(-1.27,-7.40399999999999,-2.54));
#14813=CARTESIAN_POINT('',(-1.27,-7.40399999999999,0.));
#14814=CARTESIAN_POINT('',(-1.27,-7.40399999999999,-2.54));
#14815=CARTESIAN_POINT('Origin',(-1.016,-7.14999999999999,0.));
#14816=CARTESIAN_POINT('',(-1.016,-7.14999999999999,-2.54));
#14817=CARTESIAN_POINT('',(-1.016,-7.14999999999999,0.));
#14818=CARTESIAN_POINT('',(-1.016,-7.14999999999999,-2.54));
#14819=CARTESIAN_POINT('Origin',(-1.27,-6.89599999999999,0.));
#14820=CARTESIAN_POINT('',(-1.27,-6.89599999999999,-2.54));
#14821=CARTESIAN_POINT('',(-1.27,-6.89599999999999,0.));
#14822=CARTESIAN_POINT('',(-1.27,-6.89599999999999,-2.54));
#14823=CARTESIAN_POINT('Origin',(-1.27,-4.86399999999999,0.));
#14824=CARTESIAN_POINT('',(-1.27,-4.86399999999999,-2.54));
#14825=CARTESIAN_POINT('',(-1.27,-4.86399999999999,0.));
#14826=CARTESIAN_POINT('',(-1.27,-4.86399999999999,-2.54));
#14827=CARTESIAN_POINT('Origin',(-1.016,-4.60999999999999,0.));
#14828=CARTESIAN_POINT('',(-1.016,-4.60999999999999,-2.54));
#14829=CARTESIAN_POINT('',(-1.016,-4.60999999999999,0.));
#14830=CARTESIAN_POINT('',(-1.016,-4.60999999999999,-2.54));
#14831=CARTESIAN_POINT('Origin',(-1.27,-4.35599999999999,0.));
#14832=CARTESIAN_POINT('',(-1.27,-4.35599999999999,-2.54));
#14833=CARTESIAN_POINT('',(-1.27,-4.35599999999999,0.));
#14834=CARTESIAN_POINT('',(-1.27,-4.35599999999999,-2.54));
#14835=CARTESIAN_POINT('Origin',(-1.27,-2.32399999999999,0.));
#14836=CARTESIAN_POINT('',(-1.27,-2.32399999999999,-2.54));
#14837=CARTESIAN_POINT('',(-1.27,-2.32399999999999,0.));
#14838=CARTESIAN_POINT('',(-1.27,-2.32399999999999,-2.54));
#14839=CARTESIAN_POINT('Origin',(-1.016,-2.06999999999999,0.));
#14840=CARTESIAN_POINT('',(-1.016,-2.06999999999999,-2.54));
#14841=CARTESIAN_POINT('',(-1.016,-2.06999999999999,0.));
#14842=CARTESIAN_POINT('',(-1.016,-2.06999999999999,-2.54));
#14843=CARTESIAN_POINT('Origin',(-1.27,-1.81599999999999,0.));
#14844=CARTESIAN_POINT('',(-1.27,-1.81599999999999,-2.54));
#14845=CARTESIAN_POINT('',(-1.27,-1.81599999999999,0.));
#14846=CARTESIAN_POINT('',(-1.27,-1.81599999999999,-2.54));
#14847=CARTESIAN_POINT('Origin',(-1.27,0.216000000000008,0.));
#14848=CARTESIAN_POINT('',(-1.27,0.216000000000008,-2.54));
#14849=CARTESIAN_POINT('',(-1.27,0.216000000000008,0.));
#14850=CARTESIAN_POINT('',(-1.27,0.216000000000008,-2.54));
#14851=CARTESIAN_POINT('Origin',(-1.016,0.470000000000008,0.));
#14852=CARTESIAN_POINT('',(-1.016,0.470000000000008,-2.54));
#14853=CARTESIAN_POINT('',(-1.016,0.470000000000008,0.));
#14854=CARTESIAN_POINT('',(-1.016,0.470000000000008,-2.54));
#14855=CARTESIAN_POINT('Origin',(3.556,0.470000000000008,0.));
#14856=CARTESIAN_POINT('',(1.27,0.47000000000001,-2.54));
#14857=CARTESIAN_POINT('',(1.27,0.47000000000001,-1.385));
#14858=CARTESIAN_POINT('',(3.556,0.470000000000008,-2.54));
#14859=CARTESIAN_POINT('Origin',(1.27,-24.93,-2.54));
#14860=CARTESIAN_POINT('',(1.27,-24.93,-2.54));
#14861=CARTESIAN_POINT('Origin',(1.27,-24.93,-2.77));
#14862=UNCERTAINTY_MEASURE_WITH_UNIT(LENGTH_MEASURE(0.01),#14866,
'DISTANCE_ACCURACY_VALUE',
'Maximum model space distance between geometric entities at asserted c
onnectivities');
#14863=UNCERTAINTY_MEASURE_WITH_UNIT(LENGTH_MEASURE(0.01),#14866,
'DISTANCE_ACCURACY_VALUE',
'Maximum model space distance between geometric entities at asserted c
onnectivities');
#14864=(
GEOMETRIC_REPRESENTATION_CONTEXT(3)
GLOBAL_UNCERTAINTY_ASSIGNED_CONTEXT((#14862))
GLOBAL_UNIT_ASSIGNED_CONTEXT((#14866,#14868,#14869))
REPRESENTATION_CONTEXT('','3D')
);
#14865=(
GEOMETRIC_REPRESENTATION_CONTEXT(3)
GLOBAL_UNCERTAINTY_ASSIGNED_CONTEXT((#14863))
GLOBAL_UNIT_ASSIGNED_CONTEXT((#14866,#14868,#14869))
REPRESENTATION_CONTEXT('','3D')
);
#14866=(
LENGTH_UNIT()
NAMED_UNIT(*)
SI_UNIT(.MILLI.,.METRE.)
);
#14867=(
LENGTH_UNIT()
NAMED_UNIT(*)
SI_UNIT($,.METRE.)
);
#14868=(
NAMED_UNIT(*)
PLANE_ANGLE_UNIT()
SI_UNIT($,.RADIAN.)
);
#14869=(
NAMED_UNIT(*)
SI_UNIT($,.STERADIAN.)
SOLID_ANGLE_UNIT()
);
#14870=SHAPE_DEFINITION_REPRESENTATION(#14871,#14872);
#14871=PRODUCT_DEFINITION_SHAPE('',$,#14874);
#14872=SHAPE_REPRESENTATION('',(#9554),#14864);
#14873=PRODUCT_DEFINITION_CONTEXT('part definition',#14878,'design');
#14874=PRODUCT_DEFINITION('PinHeader_2x20_P254mm_Vertical',
'PinHeader_2x20_P2.54mm_Vertical v4',#14875,#14873);
#14875=PRODUCT_DEFINITION_FORMATION('',$,#14880);
#14876=PRODUCT_RELATED_PRODUCT_CATEGORY(
'PinHeader_2x20_P2.54mm_Vertical v4',
'PinHeader_2x20_P2.54mm_Vertical v4',(#14880));
#14877=APPLICATION_PROTOCOL_DEFINITION('international standard',
'automotive_design',2009,#14878);
#14878=APPLICATION_CONTEXT(
'Core Data for Automotive Mechanical Design Process');
#14879=PRODUCT_CONTEXT('part definition',#14878,'mechanical');
#14880=PRODUCT('PinHeader_2x20_P254mm_Vertical',
'PinHeader_2x20_P2.54mm_Vertical v4',
'model of PinHeader_2x20_P2.54mm_Vertical',(#14879));
#14881=PRESENTATION_STYLE_ASSIGNMENT((#14884));
#14882=PRESENTATION_STYLE_ASSIGNMENT((#14885));
#14883=PRESENTATION_STYLE_ASSIGNMENT((#14886));
#14884=SURFACE_STYLE_USAGE(.BOTH.,#14887);
#14885=SURFACE_STYLE_USAGE(.BOTH.,#14888);
#14886=SURFACE_STYLE_USAGE(.BOTH.,#14889);
#14887=SURFACE_SIDE_STYLE('',(#14890));
#14888=SURFACE_SIDE_STYLE('',(#14891));
#14889=SURFACE_SIDE_STYLE('',(#14892));
#14890=SURFACE_STYLE_FILL_AREA(#14893);
#14891=SURFACE_STYLE_FILL_AREA(#14894);
#14892=SURFACE_STYLE_FILL_AREA(#14895);
#14893=FILL_AREA_STYLE('Steel - Satin',(#14896));
#14894=FILL_AREA_STYLE('Opaque(38,37,37)',(#14897));
#14895=FILL_AREA_STYLE('Opaque(219,188,126)',(#14898));
#14896=FILL_AREA_STYLE_COLOUR('Steel - Satin',#14899);
#14897=FILL_AREA_STYLE_COLOUR('Opaque(38,37,37)',#14900);
#14898=FILL_AREA_STYLE_COLOUR('Opaque(219,188,126)',#14901);
#14899=COLOUR_RGB('Steel - Satin',0.627450980392157,0.627450980392157,0.627450980392157);
#14900=COLOUR_RGB('Opaque(38,37,37)',0.149019607843137,0.145098039215686,
0.145098039215686);
#14901=COLOUR_RGB('Opaque(219,188,126)',0.858823529411765,0.737254901960784,
0.494117647058824);
ENDSEC;
END-ISO-10303-21;
