ISO-10303-21;
HEADER;
/* Generated by software containing ST-Developer
 * from STEP Tools, Inc. (www.steptools.com) 
 */

FILE_DESCRIPTION(
/* description */ (''),
/* implementation_level */ '2;1');

FILE_NAME(
/* name */ 'MAX-M10S.step',
/* time_stamp */ '2026-02-15T23:07:13-05:00',
/* author */ (''),
/* organization */ (''),
/* preprocessor_version */ 'ST-DEVELOPER v20.1',
/* originating_system */ 'Autodesk Translation Framework v14.24.0.0',
/* authorisation */ '');

FILE_SCHEMA (('AUTOMOTIVE_DESIGN { 1 0 10303 214 3 1 1 }'));
ENDSEC;

DATA;
#10=MECHANICAL_DESIGN_GEOMETRIC_PRESENTATION_REPRESENTATION('',(#7290,#7291,
#7292,#7293,#7294,#7295,#7296,#7297,#7298,#7299,#7300,#7301,#7302,#7303,
#7304,#7305,#7306,#7307,#7308,#7309,#7310,#7311,#7312,#7313,#7314,#7315,
#7316,#7317,#7318,#7319,#7320,#7321,#7322,#7323,#7324,#7325,#7326,#7327,
#7328,#7329,#7330,#7331,#7332,#7333,#7334,#7335,#7336,#7337,#7338,#7339,
#7340,#7341,#7342,#7343,#7344,#7345,#7346,#7347,#7348,#7349,#7350,#7351,
#7352,#7353,#7354,#7355,#7356,#7357,#7358,#7359,#7360,#7361,#7362,#7363,
#7364,#7365,#7366,#7367,#7368,#7369,#7370,#7371,#7372,#7373,#7374,#7375,
#7376,#7377,#7378,#7379,#7380,#7381,#7382,#7383,#7384,#7385,#7386,#7387,
#7388,#7389,#7390,#7391,#7392,#7393),#14020);
#11=SHAPE_REPRESENTATION_RELATIONSHIP('SRR','None',#14027,#12);
#12=ADVANCED_BREP_SHAPE_REPRESENTATION('',(#59,#60,#61,#62,#63,#64,#65,
#66,#67,#68,#69,#70,#71,#72,#73,#74,#75,#76,#77,#78,#79,#80,#81,#82,#83,
#84,#85,#86,#87,#88,#89,#90,#91,#92,#93,#94,#95,#96,#97,#98,#99,#100,#101,
#102,#103,#104,#105,#106,#107,#108,#109,#110,#111,#112,#113,#114,#115,#116,
#117,#118,#119,#120,#121,#122,#123),#14019);
#13=B_SPLINE_SURFACE_WITH_KNOTS('',3,3,((#11515,#11516,#11517,#11518,#11519,
#11520,#11521,#11522,#11523,#11524,#11525,#11526,#11527,#11528,#11529,#11530,
#11531,#11532,#11533,#11534,#11535,#11536,#11537,#11538,#11539,#11540,#11541,
#11542,#11543,#11544,#11545,#11546,#11547,#11548,#11549,#11550,#11551,#11552,
#11553,#11554,#11555,#11556,#11557,#11558,#11559,#11560,#11561,#11562,#11563,
#11564,#11565,#11566,#11567,#11568,#11569,#11570),(#11571,#11572,#11573,
#11574,#11575,#11576,#11577,#11578,#11579,#11580,#11581,#11582,#11583,#11584,
#11585,#11586,#11587,#11588,#11589,#11590,#11591,#11592,#11593,#11594,#11595,
#11596,#11597,#11598,#11599,#11600,#11601,#11602,#11603,#11604,#11605,#11606,
#11607,#11608,#11609,#11610,#11611,#11612,#11613,#11614,#11615,#11616,#11617,
#11618,#11619,#11620,#11621,#11622,#11623,#11624,#11625,#11626),(#11627,
#11628,#11629,#11630,#11631,#11632,#11633,#11634,#11635,#11636,#11637,#11638,
#11639,#11640,#11641,#11642,#11643,#11644,#11645,#11646,#11647,#11648,#11649,
#11650,#11651,#11652,#11653,#11654,#11655,#11656,#11657,#11658,#11659,#11660,
#11661,#11662,#11663,#11664,#11665,#11666,#11667,#11668,#11669,#11670,#11671,
#11672,#11673,#11674,#11675,#11676,#11677,#11678,#11679,#11680,#11681,#11682),
(#11683,#11684,#11685,#11686,#11687,#11688,#11689,#11690,#11691,#11692,
#11693,#11694,#11695,#11696,#11697,#11698,#11699,#11700,#11701,#11702,#11703,
#11704,#11705,#11706,#11707,#11708,#11709,#11710,#11711,#11712,#11713,#11714,
#11715,#11716,#11717,#11718,#11719,#11720,#11721,#11722,#11723,#11724,#11725,
#11726,#11727,#11728,#11729,#11730,#11731,#11732,#11733,#11734,#11735,#11736,
#11737,#11738)),.UNSPECIFIED.,.F.,.F.,.F.,(4,4),(4,1,1,1,1,1,1,1,1,1,1,
1,1,1,1,1,1,1,1,1,1,1,1,1,1,1,1,1,1,1,1,1,1,1,1,1,1,1,1,1,1,1,1,1,1,1,1,
1,1,1,1,1,1,4),(0.,0.0334285805860792),(8.27555468359052,9.26358981795316,
10.2516249523158,11.2396600866784,12.2276952210411,13.2157303554037,14.2037654897664,
15.191800624129,16.1798357584916,17.1678708928543,18.1559060272169,19.1439411615796,
20.1319762959422,21.1200114303048,22.1080465646675,23.0960816990301,24.0841168333928,
25.0721519677554,26.0601871021181,27.0482222364807,28.0362573708433,29.024292505206,
30.0123276395686,31.0003627739313,31.9883979082939,32.9764330426565,33.9644681770192,
34.9525033113818,35.9405384457445,36.9285735801071,37.9166087144697,38.9046438488324,
39.892678983195,40.8807141175577,41.8687492519203,42.8567843862829,43.8448195206456,
44.8328546550082,45.8208897893709,46.8089249237335,47.7969600580961,48.7849951924588,
49.7730303268214,50.7610654611841,51.7491005955467,52.7371357299093,53.725170864272,
54.7132059986346,55.7012411329973,56.6892762673599,57.6773114017226,58.6653465360852,
59.6533816704478,60.6414168048105),.UNSPECIFIED.);
#14=B_SPLINE_SURFACE_WITH_KNOTS('',3,3,((#11974,#11975,#11976,#11977,#11978,
#11979,#11980,#11981,#11982,#11983,#11984,#11985,#11986,#11987,#11988,#11989,
#11990,#11991,#11992,#11993,#11994,#11995,#11996,#11997,#11998,#11999,#12000,
#12001,#12002,#12003,#12004,#12005,#12006,#12007,#12008,#12009,#12010,#12011,
#12012,#12013,#12014,#12015,#12016,#12017,#12018,#12019,#12020,#12021,#12022,
#12023,#12024,#12025,#12026,#12027,#12028,#12029),(#12030,#12031,#12032,
#12033,#12034,#12035,#12036,#12037,#12038,#12039,#12040,#12041,#12042,#12043,
#12044,#12045,#12046,#12047,#12048,#12049,#12050,#12051,#12052,#12053,#12054,
#12055,#12056,#12057,#12058,#12059,#12060,#12061,#12062,#12063,#12064,#12065,
#12066,#12067,#12068,#12069,#12070,#12071,#12072,#12073,#12074,#12075,#12076,
#12077,#12078,#12079,#12080,#12081,#12082,#12083,#12084,#12085),(#12086,
#12087,#12088,#12089,#12090,#12091,#12092,#12093,#12094,#12095,#12096,#12097,
#12098,#12099,#12100,#12101,#12102,#12103,#12104,#12105,#12106,#12107,#12108,
#12109,#12110,#12111,#12112,#12113,#12114,#12115,#12116,#12117,#12118,#12119,
#12120,#12121,#12122,#12123,#12124,#12125,#12126,#12127,#12128,#12129,#12130,
#12131,#12132,#12133,#12134,#12135,#12136,#12137,#12138,#12139,#12140,#12141),
(#12142,#12143,#12144,#12145,#12146,#12147,#12148,#12149,#12150,#12151,
#12152,#12153,#12154,#12155,#12156,#12157,#12158,#12159,#12160,#12161,#12162,
#12163,#12164,#12165,#12166,#12167,#12168,#12169,#12170,#12171,#12172,#12173,
#12174,#12175,#12176,#12177,#12178,#12179,#12180,#12181,#12182,#12183,#12184,
#12185,#12186,#12187,#12188,#12189,#12190,#12191,#12192,#12193,#12194,#12195,
#12196,#12197)),.UNSPECIFIED.,.F.,.F.,.F.,(4,4),(4,1,1,1,1,1,1,1,1,1,1,
1,1,1,1,1,1,1,1,1,1,1,1,1,1,1,1,1,1,1,1,1,1,1,1,1,1,1,1,1,1,1,1,1,1,1,1,
1,1,1,1,1,1,4),(0.,0.0334285805860792),(11.6152142277547,12.6032493621173,
13.5912844964799,14.5793196308426,15.5673547652052,16.5553898995679,17.5434250339305,
18.5314601682932,19.5194953026558,20.5075304370184,21.4955655713811,22.4836007057437,
23.4716358401064,24.459670974469,25.4477061088316,26.4357412431943,27.4237763775569,
28.4118115119196,29.3998466462822,30.3878817806448,31.3759169150075,32.3639520493701,
33.3519871837328,34.3400223180954,35.328057452458,36.3160925868207,37.3041277211833,
38.292162855546,39.2801979899086,40.2682331242712,41.2562682586339,42.2443033929965,
43.2323385273592,44.2203736617218,45.2084087960845,46.1964439304471,47.1844790648097,
48.1725141991724,49.160549333535,50.1485844678977,51.1366196022603,52.1246547366229,
53.1126898709856,54.1007250053482,55.0887601397109,56.0767952740735,57.0648304084361,
58.0528655427988,59.0409006771614,60.0289358115241,61.0169709458867,62.0050060802493,
62.993041214612,63.9810763489746),.UNSPECIFIED.);
#15=B_SPLINE_CURVE_WITH_KNOTS('',3,(#10887,#10888,#10889,#10890,#10891,
#10892,#10893,#10894,#10895,#10896),.UNSPECIFIED.,.F.,.F.,(4,3,3,4),(-4.09274904019429,
-3.95214053745056,-2.96410540308792,-2.10037966378323),.UNSPECIFIED.);
#16=B_SPLINE_CURVE_WITH_KNOTS('',3,(#10899,#10900,#10901,#10902,#10903,
#10904,#10905),.UNSPECIFIED.,.F.,.F.,(4,3,4),(0.,0.988035134362641,1.14922327717877),
 .UNSPECIFIED.);
#17=B_SPLINE_CURVE_WITH_KNOTS('',3,(#10910,#10911,#10912,#10913,#10914,
#10915,#10916,#10917,#10918,#10919,#10920,#10921,#10922,#10923,#10924,#10925,
#10926,#10927,#10928,#10929,#10930,#10931),.UNSPECIFIED.,.F.,.F.,(4,3,3,
3,3,3,3,4),(-10.3759343473739,-9.88035134362641,-8.89231620926377,-7.90428107490113,
-6.91624594053849,-5.92821080617585,-4.94017567181321,-4.09274904019429),
 .UNSPECIFIED.);
#18=B_SPLINE_CURVE_WITH_KNOTS('',3,(#10932,#10933,#10934,#10935,#10936,
#10937,#10938,#10939,#10940,#10941,#10942,#10943,#10944,#10945,#10946,#10947,
#10948,#10949,#10950,#10951,#10952,#10953),.UNSPECIFIED.,.F.,.F.,(4,3,3,
3,3,3,3,4),(1.14922327717877,1.97607026872528,2.96410540308792,3.95214053745057,
4.94017567181321,5.92821080617585,6.91624594053849,7.43240858435845),
 .UNSPECIFIED.);
#19=B_SPLINE_CURVE_WITH_KNOTS('',3,(#10958,#10959,#10960,#10961,#10962,
#10963,#10964,#10965,#10966,#10967,#10968,#10969,#10970,#10971,#10972,#10973,
#10974,#10975,#10976,#10977,#10978,#10979),.UNSPECIFIED.,.F.,.F.,(4,3,3,
3,3,3,3,4),(-16.6591196545534,-15.8085621498023,-14.8205270154396,-13.832491881077,
-12.8444567467143,-11.8564216123517,-10.8683864779891,-10.3759343473739),
 .UNSPECIFIED.);
#20=B_SPLINE_CURVE_WITH_KNOTS('',3,(#10980,#10981,#10982,#10983,#10984,
#10985,#10986,#10987,#10988,#10989,#10990,#10991,#10992,#10993,#10994,#10995,
#10996,#10997,#10998,#10999,#11000,#11001),.UNSPECIFIED.,.F.,.F.,(4,3,3,
3,3,3,3,4),(7.43240858435845,7.90428107490113,8.89231620926377,9.88035134362641,
10.8683864779891,11.8564216123517,12.8444567467143,13.715593891538),
 .UNSPECIFIED.);
#21=B_SPLINE_CURVE_WITH_KNOTS('',3,(#11006,#11007,#11008,#11009,#11010,
#11011,#11012,#11013,#11014,#11015,#11016,#11017,#11018,#11019,#11020,#11021,
#11022,#11023,#11024,#11025,#11026,#11027,#11028,#11029,#11030),
 .UNSPECIFIED.,.F.,.F.,(4,3,3,3,3,3,3,3,4),(-22.942304961733,-22.7248080903407,
-21.7367729559781,-20.7487378216155,-19.7607026872528,-18.7726675528902,
-17.7846324185275,-16.7965972841649,-16.6591196545534),.UNSPECIFIED.);
#22=B_SPLINE_CURVE_WITH_KNOTS('',3,(#11031,#11032,#11033,#11034,#11035,
#11036,#11037,#11038,#11039,#11040,#11041,#11042,#11043,#11044,#11045,#11046,
#11047,#11048,#11049,#11050,#11051,#11052,#11053,#11054,#11055),
 .UNSPECIFIED.,.F.,.F.,(4,3,3,3,3,3,3,3,4),(13.715593891538,13.832491881077,
14.8205270154396,15.8085621498023,16.7965972841649,17.7846324185275,18.7726675528902,
19.7607026872528,19.9987791987176),.UNSPECIFIED.);
#23=B_SPLINE_CURVE_WITH_KNOTS('',3,(#11060,#11061,#11062,#11063,#11064,
#11065,#11066,#11067,#11068,#11069,#11070,#11071,#11072,#11073,#11074,#11075,
#11076,#11077,#11078,#11079,#11080,#11081),.UNSPECIFIED.,.F.,.F.,(4,3,3,
3,3,3,3,4),(-29.2254902689126,-28.6530188965166,-27.6649837621539,-26.6769486277913,
-25.6889134934287,-24.700878359066,-23.7128432247034,-22.942304961733),
 .UNSPECIFIED.);
#24=B_SPLINE_CURVE_WITH_KNOTS('',3,(#11082,#11083,#11084,#11085,#11086,
#11087,#11088,#11089,#11090,#11091,#11092,#11093,#11094,#11095,#11096,#11097,
#11098,#11099,#11100,#11101,#11102,#11103),.UNSPECIFIED.,.F.,.F.,(4,3,3,
3,3,3,3,4),(19.9987791987176,20.7487378216155,21.7367729559781,22.7248080903407,
23.7128432247034,24.700878359066,25.6889134934287,26.2819645058971),
 .UNSPECIFIED.);
#25=B_SPLINE_CURVE_WITH_KNOTS('',3,(#11108,#11109,#11110,#11111,#11112,
#11113,#11114,#11115,#11116,#11117,#11118,#11119,#11120,#11121,#11122,#11123,
#11124,#11125,#11126,#11127,#11128,#11129),.UNSPECIFIED.,.F.,.F.,(4,3,3,
3,3,3,3,4),(-35.5086755760922,-34.5812297026924,-33.5931945683298,-32.6051594339671,
-31.6171242996045,-30.6290891652419,-29.6410540308792,-29.2254902689126),
 .UNSPECIFIED.);
#26=B_SPLINE_CURVE_WITH_KNOTS('',3,(#11130,#11131,#11132,#11133,#11134,
#11135,#11136,#11137,#11138,#11139,#11140,#11141,#11142,#11143,#11144,#11145,
#11146,#11147,#11148,#11149,#11150,#11151),.UNSPECIFIED.,.F.,.F.,(4,3,3,
3,3,3,3,4),(26.2819645058971,26.6769486277913,27.6649837621539,28.6530188965166,
29.6410540308792,30.6290891652419,31.6171242996045,32.5651498130767),
 .UNSPECIFIED.);
#27=B_SPLINE_CURVE_WITH_KNOTS('',3,(#11156,#11157,#11158,#11159,#11160,
#11161,#11162,#11163,#11164,#11165,#11166,#11167,#11168,#11169,#11170,#11171,
#11172,#11173,#11174,#11175,#11176,#11177,#11178,#11179,#11180),
 .UNSPECIFIED.,.F.,.F.,(4,3,3,3,3,3,3,3,4),(-41.7918608832718,-41.4974756432309,
-40.5094405088683,-39.5214053745056,-38.533370240143,-37.5453351057804,
-36.5572999714177,-35.5692648370551,-35.5086755760922),.UNSPECIFIED.);
#28=B_SPLINE_CURVE_WITH_KNOTS('',3,(#11181,#11182,#11183,#11184,#11185,
#11186,#11187,#11188,#11189,#11190,#11191,#11192,#11193,#11194,#11195,#11196,
#11197,#11198,#11199,#11200,#11201,#11202,#11203,#11204,#11205),
 .UNSPECIFIED.,.F.,.F.,(4,3,3,3,3,3,3,3,4),(32.5651498130767,32.6051594339671,
33.5931945683298,34.5812297026924,35.5692648370551,36.5572999714177,37.5453351057804,
38.533370240143,38.8483351202564),.UNSPECIFIED.);
#29=B_SPLINE_CURVE_WITH_KNOTS('',3,(#11210,#11211,#11212,#11213,#11214,
#11215,#11216,#11217,#11218,#11219,#11220,#11221,#11222,#11223,#11224,#11225,
#11226,#11227,#11228,#11229,#11230,#11231),.UNSPECIFIED.,.F.,.F.,(4,3,3,
3,3,3,3,4),(-48.0750461904514,-47.4256864494068,-46.4376513150441,-45.4496161806815,
-44.4615810463188,-43.4735459119562,-42.4855107775936,-41.7918608832718),
 .UNSPECIFIED.);
#30=B_SPLINE_CURVE_WITH_KNOTS('',3,(#11232,#11233,#11234,#11235,#11236,
#11237,#11238,#11239,#11240,#11241,#11242,#11243,#11244,#11245,#11246,#11247,
#11248,#11249,#11250,#11251,#11252,#11253),.UNSPECIFIED.,.F.,.F.,(4,3,3,
3,3,3,3,4),(38.8483351202564,39.5214053745056,40.5094405088683,41.4974756432309,
42.4855107775936,43.4735459119562,44.4615810463188,45.1315204274359),
 .UNSPECIFIED.);
#31=B_SPLINE_CURVE_WITH_KNOTS('',3,(#11259,#11260,#11261,#11262,#11263,
#11264),.UNSPECIFIED.,.F.,.F.,(4,1,1,4),(59.690260418206,60.0289358115241,
61.0169709458867,61.8806966851914),.UNSPECIFIED.);
#32=B_SPLINE_CURVE_WITH_KNOTS('',3,(#11267,#11268,#11269,#11270),
 .UNSPECIFIED.,.F.,.F.,(4,4),(59.690260418206,60.6414168048105),
 .UNSPECIFIED.);
#33=B_SPLINE_CURVE_WITH_KNOTS('',3,(#11275,#11276,#11277,#11278,#11279,
#11280,#11281,#11282,#11283,#11284),.UNSPECIFIED.,.F.,.F.,(4,1,1,1,1,1,
1,4),(53.4070751110265,54.1007250053482,55.0887601397109,56.0767952740735,
57.0648304084361,58.0528655427988,59.0409006771614,59.690260418206),
 .UNSPECIFIED.);
#34=B_SPLINE_CURVE_WITH_KNOTS('',3,(#11285,#11286,#11287,#11288,#11289,
#11290,#11291,#11292,#11293,#11294,#11295),.UNSPECIFIED.,.F.,.F.,(4,1,1,
1,1,1,1,1,4),(53.4070751110265,53.725170864272,54.7132059986346,55.7012411329973,
56.6892762673599,57.6773114017226,58.6653465360852,59.6533816704478,59.690260418206),
 .UNSPECIFIED.);
#35=B_SPLINE_CURVE_WITH_KNOTS('',3,(#11300,#11301,#11302,#11303,#11304,
#11305,#11306,#11307,#11308,#11309,#11310),.UNSPECIFIED.,.F.,.F.,(4,1,1,
1,1,1,1,1,4),(47.1238898038469,47.1844790648097,48.1725141991724,49.160549333535,
50.1485844678977,51.1366196022603,52.1246547366229,53.1126898709856,53.4070751110265),
 .UNSPECIFIED.);
#36=B_SPLINE_CURVE_WITH_KNOTS('',3,(#11311,#11312,#11313,#11314,#11315,
#11316,#11317,#11318,#11319,#11320),.UNSPECIFIED.,.F.,.F.,(4,1,1,1,1,1,
1,4),(47.1238898038469,47.7969600580961,48.7849951924588,49.7730303268214,
50.7610654611841,51.7491005955467,52.7371357299093,53.4070751110265),
 .UNSPECIFIED.);
#37=B_SPLINE_CURVE_WITH_KNOTS('',3,(#11325,#11326,#11327,#11328,#11329,
#11330,#11331,#11332,#11333,#11334),.UNSPECIFIED.,.F.,.F.,(4,1,1,1,1,1,
1,4),(40.8407044966673,41.2562682586339,42.2443033929965,43.2323385273592,
44.2203736617218,45.2084087960845,46.1964439304471,47.1238898038469),
 .UNSPECIFIED.);
#38=B_SPLINE_CURVE_WITH_KNOTS('',3,(#11335,#11336,#11337,#11338,#11339,
#11340,#11341,#11342,#11343,#11344,#11345),.UNSPECIFIED.,.F.,.F.,(4,1,1,
1,1,1,1,1,4),(40.8407044966673,40.8807141175577,41.8687492519203,42.8567843862829,
43.8448195206456,44.8328546550082,45.8208897893709,46.8089249237335,47.1238898038469),
 .UNSPECIFIED.);
#39=B_SPLINE_CURVE_WITH_KNOTS('',3,(#11350,#11351,#11352,#11353,#11354,
#11355,#11356,#11357,#11358,#11359),.UNSPECIFIED.,.F.,.F.,(4,1,1,1,1,1,
1,4),(34.5575191894877,35.328057452458,36.3160925868207,37.3041277211833,
38.292162855546,39.2801979899086,40.2682331242712,40.8407044966673),
 .UNSPECIFIED.);
#40=B_SPLINE_CURVE_WITH_KNOTS('',3,(#11360,#11361,#11362,#11363,#11364,
#11365,#11366,#11367,#11368,#11369),.UNSPECIFIED.,.F.,.F.,(4,1,1,1,1,1,
1,4),(34.5575191894877,34.9525033113818,35.9405384457445,36.9285735801071,
37.9166087144697,38.9046438488324,39.892678983195,40.8407044966673),
 .UNSPECIFIED.);
#41=B_SPLINE_CURVE_WITH_KNOTS('',3,(#11374,#11375,#11376,#11377,#11378,
#11379,#11380,#11381,#11382,#11383,#11384),.UNSPECIFIED.,.F.,.F.,(4,1,1,
1,1,1,1,1,4),(28.2743338823081,28.4118115119196,29.3998466462822,30.3878817806448,
31.3759169150075,32.3639520493701,33.3519871837328,34.3400223180954,34.5575191894877),
 .UNSPECIFIED.);
#42=B_SPLINE_CURVE_WITH_KNOTS('',3,(#11385,#11386,#11387,#11388,#11389,
#11390,#11391,#11392,#11393,#11394),.UNSPECIFIED.,.F.,.F.,(4,1,1,1,1,1,
1,4),(28.2743338823081,29.024292505206,30.0123276395686,31.0003627739313,
31.9883979082939,32.9764330426565,33.9644681770192,34.5575191894877),
 .UNSPECIFIED.);
#43=B_SPLINE_CURVE_WITH_KNOTS('',3,(#11399,#11400,#11401,#11402,#11403,
#11404,#11405,#11406,#11407,#11408),.UNSPECIFIED.,.F.,.F.,(4,1,1,1,1,1,
1,4),(21.9911485751285,22.4836007057437,23.4716358401064,24.459670974469,
25.4477061088316,26.4357412431943,27.4237763775569,28.2743338823081),
 .UNSPECIFIED.);
#44=B_SPLINE_CURVE_WITH_KNOTS('',3,(#11409,#11410,#11411,#11412,#11413,
#11414,#11415,#11416,#11417,#11418,#11419),.UNSPECIFIED.,.F.,.F.,(4,1,1,
1,1,1,1,1,4),(21.9911485751285,22.1080465646675,23.0960816990301,24.0841168333928,
25.0721519677554,26.0601871021181,27.0482222364807,28.0362573708433,28.2743338823081),
 .UNSPECIFIED.);
#45=B_SPLINE_CURVE_WITH_KNOTS('',3,(#11424,#11425,#11426,#11427,#11428,
#11429,#11430,#11431,#11432,#11433),.UNSPECIFIED.,.F.,.F.,(4,1,1,1,1,1,
1,4),(15.707963267949,16.5553898995679,17.5434250339305,18.5314601682932,
19.5194953026558,20.5075304370184,21.4955655713811,21.9911485751285),
 .UNSPECIFIED.);
#46=B_SPLINE_CURVE_WITH_KNOTS('',3,(#11434,#11435,#11436,#11437,#11438,
#11439,#11440,#11441,#11442,#11443),.UNSPECIFIED.,.F.,.F.,(4,1,1,1,1,1,
1,4),(15.707963267949,16.1798357584916,17.1678708928543,18.1559060272169,
19.1439411615796,20.1319762959422,21.1200114303048,21.9911485751285),
 .UNSPECIFIED.);
#47=B_SPLINE_CURVE_WITH_KNOTS('',3,(#11462,#11463,#11464,#11465,#11466,
#11467,#11468,#11469,#11470,#11471,#11472,#11473,#11474,#11475,#11476,#11477,
#11478,#11479,#11480,#11481,#11482,#11483,#11484,#11485,#11486),
 .UNSPECIFIED.,.F.,.F.,(4,3,3,3,3,3,3,3,4),(-0.136345281031274,-0.109920357314727,
-0.100336387524515,-0.0962103453690306,-0.0926986529697361,-0.0665564429287863,
-0.0407555032836575,-0.0157827409155454,0.),.UNSPECIFIED.);
#48=B_SPLINE_CURVE_WITH_KNOTS('',3,(#11487,#11488,#11489,#11490,#11491,
#11492,#11493,#11494,#11495,#11496,#11497,#11498,#11499,#11500,#11501,#11502,
#11503,#11504,#11505,#11506,#11507,#11508,#11509,#11510,#11511,#11512,#11513,
#11514),.UNSPECIFIED.,.F.,.F.,(4,3,3,3,3,3,3,3,3,4),(-0.542428452630247,
-0.51633023742885,-0.512033555487123,-0.485800407530052,-0.477988391595322,
-0.471906227736157,-0.446099053399676,-0.419658469250295,-0.407100963658839,
-0.405987935747363),.UNSPECIFIED.);
#49=B_SPLINE_CURVE_WITH_KNOTS('',3,(#11740,#11741,#11742,#11743,#11744,
#11745,#11746,#11747,#11748,#11749,#11750,#11751,#11752,#11753,#11754,#11755,
#11756,#11757,#11758,#11759,#11760,#11761,#11762,#11763,#11764,#11765,#11766,
#11767,#11768,#11769,#11770,#11771,#11772,#11773,#11774,#11775,#11776,#11777,
#11778,#11779,#11780,#11781,#11782,#11783,#11784,#11785,#11786,#11787,#11788,
#11789,#11790,#11791,#11792,#11793,#11794,#11795,#11796,#11797,#11798,#11799,
#11800,#11801,#11802,#11803,#11804,#11805,#11806),.UNSPECIFIED.,.F.,.F.,
(4,3,3,3,3,3,3,3,3,3,3,3,3,3,3,3,3,3,3,3,3,3,4),(0.,0.0277034597306206,
0.0337529731693169,0.0614786004621682,0.0906505765735627,0.0992287099840739,
0.10439539045956,0.108813579501035,0.136474152138346,0.164242079141194,
0.191661520663261,0.205657860988012,0.210592990797586,0.237777688647313,
0.264574450839609,0.290573844088884,0.294854409353324,0.305625672084112,
0.311245734670179,0.337677931658607,0.364506202403882,0.391352440078607,
0.405987935747333),.UNSPECIFIED.);
#50=B_SPLINE_CURVE_WITH_KNOTS('',3,(#11807,#11808,#11809,#11810,#11811,
#11812,#11813,#11814,#11815,#11816,#11817,#11818,#11819,#11820,#11821,#11822,
#11823,#11824,#11825),.UNSPECIFIED.,.F.,.F.,(4,3,3,3,3,3,4),(45.1315204274359,
45.4496161806815,46.4376513150441,47.4256864494068,48.4137215837694,49.401756718132,
50.2654824574367),.UNSPECIFIED.);
#51=B_SPLINE_CURVE_WITH_KNOTS('',3,(#11827,#11828,#11829,#11830,#11831,
#11832,#11833,#11834,#11835,#11836,#11837,#11838,#11839,#11840,#11841,#11842,
#11843,#11844,#11845,#11846,#11847,#11848,#11849,#11850,#11851,#11852,#11853,
#11854,#11855,#11856,#11857,#11858,#11859,#11860,#11861,#11862,#11863,#11864,
#11865,#11866,#11867,#11868,#11869,#11870,#11871,#11872,#11873,#11874,#11875,
#11876,#11877,#11878,#11879,#11880,#11881,#11882,#11883,#11884,#11885,#11886,
#11887,#11888,#11889,#11890,#11891,#11892,#11893,#11894,#11895,#11896),
 .UNSPECIFIED.,.F.,.F.,(4,3,3,3,3,3,3,3,3,3,3,3,3,3,3,3,3,3,3,3,3,3,3,4),
(0.136345281034672,0.163047794418083,0.189606566198658,0.193591783451476,
0.220694686658643,0.247730002970397,0.274140116267163,0.279312654066866,
0.288284963686776,0.29240514257049,0.29680826330489,0.323028738791685,0.350293566149002,
0.374150290086654,0.386849981393739,0.393059193152974,0.397554299348113,
0.425288908937459,0.454253521115649,0.462795048406028,0.467532350610334,
0.495657831808444,0.5232781867992,0.541147357650218),.UNSPECIFIED.);
#52=B_SPLINE_CURVE_WITH_KNOTS('',3,(#11898,#11899,#11900,#11901,#11902,
#11903,#11904,#11905,#11906,#11907,#11908,#11909,#11910,#11911,#11912,#11913,
#11914,#11915,#11916,#11917,#11918,#11919,#11920,#11921,#11922,#11923,#11924,
#11925),.UNSPECIFIED.,.F.,.F.,(4,3,3,3,3,3,3,3,3,4),(-0.542428452630217,
-0.516330229030275,-0.512033555487088,-0.485800407530021,-0.477988381518906,
-0.471906224449768,-0.446099040686287,-0.419658455139568,-0.407100963658818,
-0.405987935747333),.UNSPECIFIED.);
#53=B_SPLINE_CURVE_WITH_KNOTS('',3,(#11926,#11927,#11928,#11929,#11930,
#11931,#11932,#11933,#11934),.UNSPECIFIED.,.F.,.F.,(4,1,1,1,1,1,4),(10.3759343473737,
11.2396600866784,12.2276952210411,13.2157303554037,14.2037654897664,15.191800624129,
15.707963267949),.UNSPECIFIED.);
#54=B_SPLINE_CURVE_WITH_KNOTS('',3,(#11939,#11940,#11941,#11942,#11943,
#11944,#11945,#11946,#11947,#11948,#11949,#11950,#11951,#11952,#11953,#11954,
#11955,#11956,#11957,#11958,#11959,#11960,#11961,#11962,#11963),
 .UNSPECIFIED.,.F.,.F.,(4,3,3,3,3,3,3,3,4),(-0.136345281031283,-0.109920341499572,
-0.100336340172222,-0.0962101290735202,-0.0926983650379248,-0.06655614650345,
-0.0407551908648099,-0.0157824023912832,0.),.UNSPECIFIED.);
#55=B_SPLINE_CURVE_WITH_KNOTS('',3,(#11966,#11967,#11968,#11969,#11970,
#11971,#11972,#11973),.UNSPECIFIED.,.F.,.F.,(4,1,1,1,1,4),(11.6152142277547,
12.6032493621173,13.5912844964799,14.5793196308426,15.5673547652052,15.707963267949),
 .UNSPECIFIED.);
#56=B_SPLINE_CURVE_WITH_KNOTS('',3,(#12198,#12199,#12200,#12201,#12202,
#12203,#12204,#12205,#12206,#12207,#12208,#12209,#12210,#12211,#12212,#12213,
#12214,#12215,#12216,#12217,#12218,#12219,#12220,#12221,#12222,#12223,#12224,
#12225,#12226,#12227,#12228,#12229,#12230,#12231,#12232,#12233,#12234,#12235,
#12236,#12237,#12238,#12239,#12240,#12241,#12242,#12243,#12244,#12245,#12246,
#12247,#12248,#12249,#12250,#12251,#12252,#12253,#12254,#12255,#12256,#12257,
#12258,#12259,#12260,#12261,#12262,#12263,#12264),.UNSPECIFIED.,.F.,.F.,
(4,3,3,3,3,3,3,3,3,3,3,3,3,3,3,3,3,3,3,3,3,3,4),(0.,0.0277034521069071,
0.0337529731693387,0.0614785973536662,0.0906505738536269,0.0992286971636373,
0.104395410287166,0.108813579448284,0.136474152093852,0.16424207778626,
0.191661511412344,0.20565784192284,0.210592983601027,0.23777767690651,0.264574428063912,
0.29057380150916,0.294854409353352,0.305625663031215,0.311245735312998,
0.337677919011274,0.364506181957522,0.391352427993939,0.40598793574736),
 .UNSPECIFIED.);
#57=B_SPLINE_CURVE_WITH_KNOTS('',3,(#12266,#12267,#12268,#12269,#12270,
#12271,#12272,#12273,#12274,#12275,#12276,#12277,#12278,#12279,#12280,#12281),
 .UNSPECIFIED.,.F.,.F.,(4,3,3,3,3,4),(-52.36586212122,-51.3778269868573,
-50.3897918524947,-49.401756718132,-48.4137215837694,-48.0750461904514),
 .UNSPECIFIED.);
#58=B_SPLINE_CURVE_WITH_KNOTS('',3,(#12282,#12283,#12284,#12285,#12286,
#12287,#12288,#12289,#12290,#12291,#12292,#12293,#12294,#12295,#12296,#12297,
#12298,#12299,#12300,#12301,#12302,#12303,#12304,#12305,#12306,#12307,#12308,
#12309,#12310,#12311,#12312,#12313,#12314,#12315,#12316,#12317,#12318,#12319,
#12320,#12321,#12322,#12323,#12324,#12325,#12326,#12327,#12328,#12329,#12330,
#12331,#12332,#12333,#12334,#12335,#12336,#12337,#12338,#12339,#12340,#12341,
#12342,#12343,#12344,#12345,#12346,#12347,#12348,#12349,#12350,#12351),
 .UNSPECIFIED.,.F.,.F.,(4,3,3,3,3,3,3,3,3,3,3,3,3,3,3,3,3,3,3,3,3,3,3,4),
(0.136345281034654,0.163047794816164,0.189606565425659,0.193591780820203,
0.22069468449735,0.247729999960308,0.27414010454647,0.279312654066843,0.288284961963612,
0.292405140106017,0.296808263294915,0.323028729970237,0.35029355843023,
0.374150283332724,0.386849978085895,0.393059194494993,0.39755430126302,
0.425288903944703,0.454253517371073,0.46279504141597,0.467532349608164,
0.495657834741596,0.523278211268936,0.541147357650182),.UNSPECIFIED.);
#59=MANIFOLD_SOLID_BREP('Body1',#7876);
#60=MANIFOLD_SOLID_BREP('Body3',#7877);
#61=MANIFOLD_SOLID_BREP('Body46',#7878);
#62=MANIFOLD_SOLID_BREP('Body47',#7879);
#63=MANIFOLD_SOLID_BREP('Body48',#7880);
#64=MANIFOLD_SOLID_BREP('Body49',#7881);
#65=MANIFOLD_SOLID_BREP('Body50',#7882);
#66=MANIFOLD_SOLID_BREP('Body51',#7883);
#67=MANIFOLD_SOLID_BREP('Body52',#7884);
#68=MANIFOLD_SOLID_BREP('Body53',#7885);
#69=MANIFOLD_SOLID_BREP('Body54',#7886);
#70=MANIFOLD_SOLID_BREP('Body55',#7887);
#71=MANIFOLD_SOLID_BREP('Body56',#7888);
#72=MANIFOLD_SOLID_BREP('Body57',#7889);
#73=MANIFOLD_SOLID_BREP('Body58',#7890);
#74=MANIFOLD_SOLID_BREP('Body59',#7891);
#75=MANIFOLD_SOLID_BREP('Body60',#7892);
#76=MANIFOLD_SOLID_BREP('Body61',#7893);
#77=MANIFOLD_SOLID_BREP('Body62',#7894);
#78=MANIFOLD_SOLID_BREP('Body63',#7895);
#79=MANIFOLD_SOLID_BREP('Body64',#7896);
#80=MANIFOLD_SOLID_BREP('Body65',#7897);
#81=MANIFOLD_SOLID_BREP('Body66',#7898);
#82=MANIFOLD_SOLID_BREP('Body4',#7899);
#83=MANIFOLD_SOLID_BREP('Body5',#7900);
#84=MANIFOLD_SOLID_BREP('Body6',#7901);
#85=MANIFOLD_SOLID_BREP('Body7',#7902);
#86=MANIFOLD_SOLID_BREP('Body8',#7903);
#87=MANIFOLD_SOLID_BREP('Body9',#7904);
#88=MANIFOLD_SOLID_BREP('Body10',#7905);
#89=MANIFOLD_SOLID_BREP('Body11',#7906);
#90=MANIFOLD_SOLID_BREP('Body12',#7907);
#91=MANIFOLD_SOLID_BREP('Body13',#7908);
#92=MANIFOLD_SOLID_BREP('Body14',#7909);
#93=MANIFOLD_SOLID_BREP('Body15',#7910);
#94=MANIFOLD_SOLID_BREP('Body16',#7911);
#95=MANIFOLD_SOLID_BREP('Body17',#7912);
#96=MANIFOLD_SOLID_BREP('Body18',#7913);
#97=MANIFOLD_SOLID_BREP('Body19',#7914);
#98=MANIFOLD_SOLID_BREP('Body20',#7915);
#99=MANIFOLD_SOLID_BREP('Body21',#7916);
#100=MANIFOLD_SOLID_BREP('Body22',#7917);
#101=MANIFOLD_SOLID_BREP('Body23',#7918);
#102=MANIFOLD_SOLID_BREP('Body24',#7919);
#103=MANIFOLD_SOLID_BREP('Body25',#7920);
#104=MANIFOLD_SOLID_BREP('Body26',#7921);
#105=MANIFOLD_SOLID_BREP('Body27',#7922);
#106=MANIFOLD_SOLID_BREP('Body28',#7923);
#107=MANIFOLD_SOLID_BREP('Body29',#7924);
#108=MANIFOLD_SOLID_BREP('Body30',#7925);
#109=MANIFOLD_SOLID_BREP('Body31',#7926);
#110=MANIFOLD_SOLID_BREP('Body32',#7927);
#111=MANIFOLD_SOLID_BREP('Body33',#7928);
#112=MANIFOLD_SOLID_BREP('Body34',#7929);
#113=MANIFOLD_SOLID_BREP('Body35',#7930);
#114=MANIFOLD_SOLID_BREP('Body36',#7931);
#115=MANIFOLD_SOLID_BREP('Body37',#7932);
#116=MANIFOLD_SOLID_BREP('Body38',#7933);
#117=MANIFOLD_SOLID_BREP('Body39',#7934);
#118=MANIFOLD_SOLID_BREP('Body40',#7935);
#119=MANIFOLD_SOLID_BREP('Body41',#7936);
#120=MANIFOLD_SOLID_BREP('Body42',#7937);
#121=MANIFOLD_SOLID_BREP('Body43',#7938);
#122=MANIFOLD_SOLID_BREP('Body44',#7939);
#123=MANIFOLD_SOLID_BREP('Body45',#7940);
#124=ELLIPSE('',#8053,0.353553390593277,0.25);
#125=ELLIPSE('',#8054,0.353553390593274,0.25);
#126=ELLIPSE('',#8056,0.353553390593273,0.25);
#127=ELLIPSE('',#8058,0.353553390593273,0.25);
#128=CYLINDRICAL_SURFACE('',#8009,0.499999999999998);
#129=CYLINDRICAL_SURFACE('',#8011,0.5);
#130=CYLINDRICAL_SURFACE('',#8013,0.5);
#131=CYLINDRICAL_SURFACE('',#8015,0.5);
#132=CYLINDRICAL_SURFACE('',#8017,0.5);
#133=CYLINDRICAL_SURFACE('',#8019,0.5);
#134=CYLINDRICAL_SURFACE('',#8021,0.5);
#135=CYLINDRICAL_SURFACE('',#8023,0.5);
#136=CYLINDRICAL_SURFACE('',#8025,0.499999999999998);
#137=CYLINDRICAL_SURFACE('',#8027,0.499999999999998);
#138=CYLINDRICAL_SURFACE('',#8029,0.499999999999998);
#139=CYLINDRICAL_SURFACE('',#8031,0.5);
#140=CYLINDRICAL_SURFACE('',#8033,0.5);
#141=CYLINDRICAL_SURFACE('',#8035,0.5);
#142=CYLINDRICAL_SURFACE('',#8037,0.5);
#143=CYLINDRICAL_SURFACE('',#8039,0.499999999999998);
#144=CYLINDRICAL_SURFACE('',#8041,0.5);
#145=CYLINDRICAL_SURFACE('',#8043,0.5);
#146=CYLINDRICAL_SURFACE('',#8045,0.499999999999998);
#147=CYLINDRICAL_SURFACE('',#8047,0.499999999999998);
#148=CYLINDRICAL_SURFACE('',#8049,2.25);
#149=CYLINDRICAL_SURFACE('',#8052,0.25);
#150=CYLINDRICAL_SURFACE('',#8055,0.25);
#151=CYLINDRICAL_SURFACE('',#8057,0.25);
#152=CYLINDRICAL_SURFACE('',#8059,0.25);
#153=CYLINDRICAL_SURFACE('',#8072,1.75);
#154=CYLINDRICAL_SURFACE('',#8073,1.75);
#155=CYLINDRICAL_SURFACE('',#8074,1.75);
#156=CYLINDRICAL_SURFACE('',#8075,1.75);
#157=CYLINDRICAL_SURFACE('',#8078,2.7135);
#158=CYLINDRICAL_SURFACE('',#8080,2.7135);
#159=CYLINDRICAL_SURFACE('',#8081,2.7135);
#160=CYLINDRICAL_SURFACE('',#8082,2.7135);
#161=CYLINDRICAL_SURFACE('',#8083,2.7135);
#162=CYLINDRICAL_SURFACE('',#8084,2.7135);
#163=CYLINDRICAL_SURFACE('',#8085,2.7135);
#164=CYLINDRICAL_SURFACE('',#8086,2.7135);
#165=CYLINDRICAL_SURFACE('',#8087,2.424);
#166=CYLINDRICAL_SURFACE('',#8089,2.424);
#167=CYLINDRICAL_SURFACE('',#8090,2.424);
#168=CYLINDRICAL_SURFACE('',#8091,2.424);
#169=CYLINDRICAL_SURFACE('',#8092,2.424);
#170=CYLINDRICAL_SURFACE('',#8093,2.424);
#171=CYLINDRICAL_SURFACE('',#8094,2.424);
#172=CYLINDRICAL_SURFACE('',#8095,2.424);
#173=CYLINDRICAL_SURFACE('',#8096,0.5);
#174=CYLINDRICAL_SURFACE('',#8100,2.375);
#175=CYLINDRICAL_SURFACE('',#8109,2.424);
#176=CYLINDRICAL_SURFACE('',#8113,2.5);
#177=CYLINDRICAL_SURFACE('',#8118,2.7135);
#178=CYLINDRICAL_SURFACE('',#8121,2.5);
#179=CYLINDRICAL_SURFACE('',#8123,4.);
#180=CIRCLE('',#7980,0.499999999999998);
#181=CIRCLE('',#7981,0.5);
#182=CIRCLE('',#7982,0.5);
#183=CIRCLE('',#7983,0.5);
#184=CIRCLE('',#7984,0.5);
#185=CIRCLE('',#7985,0.5);
#186=CIRCLE('',#7986,0.5);
#187=CIRCLE('',#7987,0.5);
#188=CIRCLE('',#7988,0.499999999999998);
#189=CIRCLE('',#7989,0.499999999999998);
#190=CIRCLE('',#7990,0.499999999999998);
#191=CIRCLE('',#7991,0.5);
#192=CIRCLE('',#7992,0.5);
#193=CIRCLE('',#7993,0.5);
#194=CIRCLE('',#7994,0.5);
#195=CIRCLE('',#7995,0.499999999999998);
#196=CIRCLE('',#7996,0.5);
#197=CIRCLE('',#7997,0.5);
#198=CIRCLE('',#7998,0.499999999999998);
#199=CIRCLE('',#7999,0.499999999999998);
#200=CIRCLE('',#8000,2.25);
#201=CIRCLE('',#8001,1.75);
#202=CIRCLE('',#8002,1.75);
#203=CIRCLE('',#8003,1.75);
#204=CIRCLE('',#8004,1.75);
#205=CIRCLE('',#8010,0.499999999999998);
#206=CIRCLE('',#8012,0.5);
#207=CIRCLE('',#8014,0.5);
#208=CIRCLE('',#8016,0.5);
#209=CIRCLE('',#8018,0.5);
#210=CIRCLE('',#8020,0.5);
#211=CIRCLE('',#8022,0.5);
#212=CIRCLE('',#8024,0.5);
#213=CIRCLE('',#8026,0.499999999999998);
#214=CIRCLE('',#8028,0.499999999999998);
#215=CIRCLE('',#8030,0.499999999999998);
#216=CIRCLE('',#8032,0.5);
#217=CIRCLE('',#8034,0.5);
#218=CIRCLE('',#8036,0.5);
#219=CIRCLE('',#8038,0.5);
#220=CIRCLE('',#8040,0.499999999999998);
#221=CIRCLE('',#8042,0.5);
#222=CIRCLE('',#8044,0.5);
#223=CIRCLE('',#8046,0.499999999999998);
#224=CIRCLE('',#8048,0.499999999999998);
#225=CIRCLE('',#8050,2.25);
#226=CIRCLE('',#8065,1.75);
#227=CIRCLE('',#8066,1.75);
#228=CIRCLE('',#8067,1.75);
#229=CIRCLE('',#8068,1.75);
#230=CIRCLE('',#8079,2.7135);
#231=CIRCLE('',#8088,2.424);
#232=CIRCLE('',#8097,0.5);
#233=CIRCLE('',#8098,0.5);
#234=CIRCLE('',#8101,2.375);
#235=CIRCLE('',#8102,2.375);
#236=CIRCLE('',#8105,2.5);
#237=CIRCLE('',#8107,2.5);
#238=CIRCLE('',#8108,2.424);
#239=CIRCLE('',#8111,2.5);
#240=CIRCLE('',#8112,2.5);
#241=CIRCLE('',#8114,2.5);
#242=CIRCLE('',#8115,2.5);
#243=CIRCLE('',#8116,2.5);
#244=CIRCLE('',#8119,2.7135);
#245=CIRCLE('',#8122,2.5);
#246=CIRCLE('',#8124,4.);
#247=CIRCLE('',#8125,4.);
#248=FACE_BOUND('',#789,.T.);
#249=FACE_BOUND('',#794,.T.);
#250=FACE_BOUND('',#803,.T.);
#251=FACE_BOUND('',#817,.T.);
#252=FACE_BOUND('',#818,.T.);
#253=FACE_BOUND('',#819,.T.);
#254=FACE_BOUND('',#820,.T.);
#255=FACE_BOUND('',#821,.T.);
#256=FACE_BOUND('',#822,.T.);
#257=FACE_BOUND('',#823,.T.);
#258=FACE_BOUND('',#824,.T.);
#259=FACE_BOUND('',#825,.T.);
#260=FACE_BOUND('',#826,.T.);
#261=FACE_BOUND('',#827,.T.);
#262=FACE_BOUND('',#828,.T.);
#263=FACE_BOUND('',#829,.T.);
#264=FACE_BOUND('',#830,.T.);
#265=FACE_BOUND('',#831,.T.);
#266=FACE_BOUND('',#832,.T.);
#267=FACE_BOUND('',#833,.T.);
#268=FACE_BOUND('',#834,.T.);
#269=FACE_BOUND('',#835,.T.);
#270=FACE_BOUND('',#836,.T.);
#271=FACE_BOUND('',#837,.T.);
#272=FACE_BOUND('',#838,.T.);
#273=FACE_BOUND('',#839,.T.);
#274=FACE_BOUND('',#840,.T.);
#275=FACE_BOUND('',#841,.T.);
#276=FACE_BOUND('',#842,.T.);
#277=FACE_BOUND('',#843,.T.);
#278=FACE_BOUND('',#844,.T.);
#279=FACE_BOUND('',#880,.T.);
#280=FACE_BOUND('',#881,.T.);
#281=FACE_BOUND('',#882,.T.);
#282=FACE_BOUND('',#883,.T.);
#283=FACE_BOUND('',#884,.T.);
#284=FACE_BOUND('',#885,.T.);
#285=FACE_BOUND('',#886,.T.);
#286=FACE_BOUND('',#887,.T.);
#287=FACE_BOUND('',#888,.T.);
#288=FACE_BOUND('',#889,.T.);
#289=FACE_BOUND('',#890,.T.);
#290=FACE_BOUND('',#891,.T.);
#291=FACE_BOUND('',#892,.T.);
#292=FACE_BOUND('',#893,.T.);
#293=FACE_BOUND('',#894,.T.);
#294=FACE_BOUND('',#895,.T.);
#295=FACE_BOUND('',#896,.T.);
#296=FACE_BOUND('',#897,.T.);
#297=FACE_BOUND('',#898,.T.);
#298=FACE_BOUND('',#899,.T.);
#299=FACE_BOUND('',#900,.T.);
#300=FACE_BOUND('',#901,.T.);
#301=FACE_BOUND('',#902,.T.);
#302=FACE_BOUND('',#903,.T.);
#303=FACE_BOUND('',#933,.T.);
#304=FACE_BOUND('',#942,.T.);
#305=FACE_BOUND('',#948,.T.);
#306=FACE_OUTER_BOUND('',#788,.T.);
#307=FACE_OUTER_BOUND('',#790,.T.);
#308=FACE_OUTER_BOUND('',#791,.T.);
#309=FACE_OUTER_BOUND('',#792,.T.);
#310=FACE_OUTER_BOUND('',#793,.T.);
#311=FACE_OUTER_BOUND('',#795,.T.);
#312=FACE_OUTER_BOUND('',#796,.T.);
#313=FACE_OUTER_BOUND('',#797,.T.);
#314=FACE_OUTER_BOUND('',#798,.T.);
#315=FACE_OUTER_BOUND('',#799,.T.);
#316=FACE_OUTER_BOUND('',#800,.T.);
#317=FACE_OUTER_BOUND('',#801,.T.);
#318=FACE_OUTER_BOUND('',#802,.T.);
#319=FACE_OUTER_BOUND('',#804,.T.);
#320=FACE_OUTER_BOUND('',#805,.T.);
#321=FACE_OUTER_BOUND('',#806,.T.);
#322=FACE_OUTER_BOUND('',#807,.T.);
#323=FACE_OUTER_BOUND('',#808,.T.);
#324=FACE_OUTER_BOUND('',#809,.T.);
#325=FACE_OUTER_BOUND('',#810,.T.);
#326=FACE_OUTER_BOUND('',#811,.T.);
#327=FACE_OUTER_BOUND('',#812,.T.);
#328=FACE_OUTER_BOUND('',#813,.T.);
#329=FACE_OUTER_BOUND('',#814,.T.);
#330=FACE_OUTER_BOUND('',#815,.T.);
#331=FACE_OUTER_BOUND('',#816,.T.);
#332=FACE_OUTER_BOUND('',#845,.T.);
#333=FACE_OUTER_BOUND('',#846,.T.);
#334=FACE_OUTER_BOUND('',#847,.T.);
#335=FACE_OUTER_BOUND('',#848,.T.);
#336=FACE_OUTER_BOUND('',#849,.T.);
#337=FACE_OUTER_BOUND('',#850,.T.);
#338=FACE_OUTER_BOUND('',#851,.T.);
#339=FACE_OUTER_BOUND('',#852,.T.);
#340=FACE_OUTER_BOUND('',#853,.T.);
#341=FACE_OUTER_BOUND('',#854,.T.);
#342=FACE_OUTER_BOUND('',#855,.T.);
#343=FACE_OUTER_BOUND('',#856,.T.);
#344=FACE_OUTER_BOUND('',#857,.T.);
#345=FACE_OUTER_BOUND('',#858,.T.);
#346=FACE_OUTER_BOUND('',#859,.T.);
#347=FACE_OUTER_BOUND('',#860,.T.);
#348=FACE_OUTER_BOUND('',#861,.T.);
#349=FACE_OUTER_BOUND('',#862,.T.);
#350=FACE_OUTER_BOUND('',#863,.T.);
#351=FACE_OUTER_BOUND('',#864,.T.);
#352=FACE_OUTER_BOUND('',#865,.T.);
#353=FACE_OUTER_BOUND('',#866,.T.);
#354=FACE_OUTER_BOUND('',#867,.T.);
#355=FACE_OUTER_BOUND('',#868,.T.);
#356=FACE_OUTER_BOUND('',#869,.T.);
#357=FACE_OUTER_BOUND('',#870,.T.);
#358=FACE_OUTER_BOUND('',#871,.T.);
#359=FACE_OUTER_BOUND('',#872,.T.);
#360=FACE_OUTER_BOUND('',#873,.T.);
#361=FACE_OUTER_BOUND('',#874,.T.);
#362=FACE_OUTER_BOUND('',#875,.T.);
#363=FACE_OUTER_BOUND('',#876,.T.);
#364=FACE_OUTER_BOUND('',#877,.T.);
#365=FACE_OUTER_BOUND('',#878,.T.);
#366=FACE_OUTER_BOUND('',#879,.T.);
#367=FACE_OUTER_BOUND('',#904,.T.);
#368=FACE_OUTER_BOUND('',#905,.T.);
#369=FACE_OUTER_BOUND('',#906,.T.);
#370=FACE_OUTER_BOUND('',#907,.T.);
#371=FACE_OUTER_BOUND('',#908,.T.);
#372=FACE_OUTER_BOUND('',#909,.T.);
#373=FACE_OUTER_BOUND('',#910,.T.);
#374=FACE_OUTER_BOUND('',#911,.T.);
#375=FACE_OUTER_BOUND('',#912,.T.);
#376=FACE_OUTER_BOUND('',#913,.T.);
#377=FACE_OUTER_BOUND('',#914,.T.);
#378=FACE_OUTER_BOUND('',#915,.T.);
#379=FACE_OUTER_BOUND('',#916,.T.);
#380=FACE_OUTER_BOUND('',#917,.T.);
#381=FACE_OUTER_BOUND('',#918,.T.);
#382=FACE_OUTER_BOUND('',#919,.T.);
#383=FACE_OUTER_BOUND('',#920,.T.);
#384=FACE_OUTER_BOUND('',#921,.T.);
#385=FACE_OUTER_BOUND('',#922,.T.);
#386=FACE_OUTER_BOUND('',#923,.T.);
#387=FACE_OUTER_BOUND('',#924,.T.);
#388=FACE_OUTER_BOUND('',#925,.T.);
#389=FACE_OUTER_BOUND('',#926,.T.);
#390=FACE_OUTER_BOUND('',#927,.T.);
#391=FACE_OUTER_BOUND('',#928,.T.);
#392=FACE_OUTER_BOUND('',#929,.T.);
#393=FACE_OUTER_BOUND('',#930,.T.);
#394=FACE_OUTER_BOUND('',#931,.T.);
#395=FACE_OUTER_BOUND('',#932,.T.);
#396=FACE_OUTER_BOUND('',#934,.T.);
#397=FACE_OUTER_BOUND('',#935,.T.);
#398=FACE_OUTER_BOUND('',#936,.T.);
#399=FACE_OUTER_BOUND('',#937,.T.);
#400=FACE_OUTER_BOUND('',#938,.T.);
#401=FACE_OUTER_BOUND('',#939,.T.);
#402=FACE_OUTER_BOUND('',#940,.T.);
#403=FACE_OUTER_BOUND('',#941,.T.);
#404=FACE_OUTER_BOUND('',#943,.T.);
#405=FACE_OUTER_BOUND('',#944,.T.);
#406=FACE_OUTER_BOUND('',#945,.T.);
#407=FACE_OUTER_BOUND('',#946,.T.);
#408=FACE_OUTER_BOUND('',#947,.T.);
#409=FACE_OUTER_BOUND('',#949,.T.);
#410=FACE_OUTER_BOUND('',#950,.T.);
#411=FACE_OUTER_BOUND('',#951,.T.);
#412=FACE_OUTER_BOUND('',#952,.T.);
#413=FACE_OUTER_BOUND('',#953,.T.);
#414=FACE_OUTER_BOUND('',#954,.T.);
#415=FACE_OUTER_BOUND('',#955,.T.);
#416=FACE_OUTER_BOUND('',#956,.T.);
#417=FACE_OUTER_BOUND('',#957,.T.);
#418=FACE_OUTER_BOUND('',#958,.T.);
#419=FACE_OUTER_BOUND('',#959,.T.);
#420=FACE_OUTER_BOUND('',#960,.T.);
#421=FACE_OUTER_BOUND('',#961,.T.);
#422=FACE_OUTER_BOUND('',#962,.T.);
#423=FACE_OUTER_BOUND('',#963,.T.);
#424=FACE_OUTER_BOUND('',#964,.T.);
#425=FACE_OUTER_BOUND('',#965,.T.);
#426=FACE_OUTER_BOUND('',#966,.T.);
#427=FACE_OUTER_BOUND('',#967,.T.);
#428=FACE_OUTER_BOUND('',#968,.T.);
#429=FACE_OUTER_BOUND('',#969,.T.);
#430=FACE_OUTER_BOUND('',#970,.T.);
#431=FACE_OUTER_BOUND('',#971,.T.);
#432=FACE_OUTER_BOUND('',#972,.T.);
#433=FACE_OUTER_BOUND('',#973,.T.);
#434=FACE_OUTER_BOUND('',#974,.T.);
#435=FACE_OUTER_BOUND('',#975,.T.);
#436=FACE_OUTER_BOUND('',#976,.T.);
#437=FACE_OUTER_BOUND('',#977,.T.);
#438=FACE_OUTER_BOUND('',#978,.T.);
#439=FACE_OUTER_BOUND('',#979,.T.);
#440=FACE_OUTER_BOUND('',#980,.T.);
#441=FACE_OUTER_BOUND('',#981,.T.);
#442=FACE_OUTER_BOUND('',#982,.T.);
#443=FACE_OUTER_BOUND('',#983,.T.);
#444=FACE_OUTER_BOUND('',#984,.T.);
#445=FACE_OUTER_BOUND('',#985,.T.);
#446=FACE_OUTER_BOUND('',#986,.T.);
#447=FACE_OUTER_BOUND('',#987,.T.);
#448=FACE_OUTER_BOUND('',#988,.T.);
#449=FACE_OUTER_BOUND('',#989,.T.);
#450=FACE_OUTER_BOUND('',#990,.T.);
#451=FACE_OUTER_BOUND('',#991,.T.);
#452=FACE_OUTER_BOUND('',#992,.T.);
#453=FACE_OUTER_BOUND('',#993,.T.);
#454=FACE_OUTER_BOUND('',#994,.T.);
#455=FACE_OUTER_BOUND('',#995,.T.);
#456=FACE_OUTER_BOUND('',#996,.T.);
#457=FACE_OUTER_BOUND('',#997,.T.);
#458=FACE_OUTER_BOUND('',#998,.T.);
#459=FACE_OUTER_BOUND('',#999,.T.);
#460=FACE_OUTER_BOUND('',#1000,.T.);
#461=FACE_OUTER_BOUND('',#1001,.T.);
#462=FACE_OUTER_BOUND('',#1002,.T.);
#463=FACE_OUTER_BOUND('',#1003,.T.);
#464=FACE_OUTER_BOUND('',#1004,.T.);
#465=FACE_OUTER_BOUND('',#1005,.T.);
#466=FACE_OUTER_BOUND('',#1006,.T.);
#467=FACE_OUTER_BOUND('',#1007,.T.);
#468=FACE_OUTER_BOUND('',#1008,.T.);
#469=FACE_OUTER_BOUND('',#1009,.T.);
#470=FACE_OUTER_BOUND('',#1010,.T.);
#471=FACE_OUTER_BOUND('',#1011,.T.);
#472=FACE_OUTER_BOUND('',#1012,.T.);
#473=FACE_OUTER_BOUND('',#1013,.T.);
#474=FACE_OUTER_BOUND('',#1014,.T.);
#475=FACE_OUTER_BOUND('',#1015,.T.);
#476=FACE_OUTER_BOUND('',#1016,.T.);
#477=FACE_OUTER_BOUND('',#1017,.T.);
#478=FACE_OUTER_BOUND('',#1018,.T.);
#479=FACE_OUTER_BOUND('',#1019,.T.);
#480=FACE_OUTER_BOUND('',#1020,.T.);
#481=FACE_OUTER_BOUND('',#1021,.T.);
#482=FACE_OUTER_BOUND('',#1022,.T.);
#483=FACE_OUTER_BOUND('',#1023,.T.);
#484=FACE_OUTER_BOUND('',#1024,.T.);
#485=FACE_OUTER_BOUND('',#1025,.T.);
#486=FACE_OUTER_BOUND('',#1026,.T.);
#487=FACE_OUTER_BOUND('',#1027,.T.);
#488=FACE_OUTER_BOUND('',#1028,.T.);
#489=FACE_OUTER_BOUND('',#1029,.T.);
#490=FACE_OUTER_BOUND('',#1030,.T.);
#491=FACE_OUTER_BOUND('',#1031,.T.);
#492=FACE_OUTER_BOUND('',#1032,.T.);
#493=FACE_OUTER_BOUND('',#1033,.T.);
#494=FACE_OUTER_BOUND('',#1034,.T.);
#495=FACE_OUTER_BOUND('',#1035,.T.);
#496=FACE_OUTER_BOUND('',#1036,.T.);
#497=FACE_OUTER_BOUND('',#1037,.T.);
#498=FACE_OUTER_BOUND('',#1038,.T.);
#499=FACE_OUTER_BOUND('',#1039,.T.);
#500=FACE_OUTER_BOUND('',#1040,.T.);
#501=FACE_OUTER_BOUND('',#1041,.T.);
#502=FACE_OUTER_BOUND('',#1042,.T.);
#503=FACE_OUTER_BOUND('',#1043,.T.);
#504=FACE_OUTER_BOUND('',#1044,.T.);
#505=FACE_OUTER_BOUND('',#1045,.T.);
#506=FACE_OUTER_BOUND('',#1046,.T.);
#507=FACE_OUTER_BOUND('',#1047,.T.);
#508=FACE_OUTER_BOUND('',#1048,.T.);
#509=FACE_OUTER_BOUND('',#1049,.T.);
#510=FACE_OUTER_BOUND('',#1050,.T.);
#511=FACE_OUTER_BOUND('',#1051,.T.);
#512=FACE_OUTER_BOUND('',#1052,.T.);
#513=FACE_OUTER_BOUND('',#1053,.T.);
#514=FACE_OUTER_BOUND('',#1054,.T.);
#515=FACE_OUTER_BOUND('',#1055,.T.);
#516=FACE_OUTER_BOUND('',#1056,.T.);
#517=FACE_OUTER_BOUND('',#1057,.T.);
#518=FACE_OUTER_BOUND('',#1058,.T.);
#519=FACE_OUTER_BOUND('',#1059,.T.);
#520=FACE_OUTER_BOUND('',#1060,.T.);
#521=FACE_OUTER_BOUND('',#1061,.T.);
#522=FACE_OUTER_BOUND('',#1062,.T.);
#523=FACE_OUTER_BOUND('',#1063,.T.);
#524=FACE_OUTER_BOUND('',#1064,.T.);
#525=FACE_OUTER_BOUND('',#1065,.T.);
#526=FACE_OUTER_BOUND('',#1066,.T.);
#527=FACE_OUTER_BOUND('',#1067,.T.);
#528=FACE_OUTER_BOUND('',#1068,.T.);
#529=FACE_OUTER_BOUND('',#1069,.T.);
#530=FACE_OUTER_BOUND('',#1070,.T.);
#531=FACE_OUTER_BOUND('',#1071,.T.);
#532=FACE_OUTER_BOUND('',#1072,.T.);
#533=FACE_OUTER_BOUND('',#1073,.T.);
#534=FACE_OUTER_BOUND('',#1074,.T.);
#535=FACE_OUTER_BOUND('',#1075,.T.);
#536=FACE_OUTER_BOUND('',#1076,.T.);
#537=FACE_OUTER_BOUND('',#1077,.T.);
#538=FACE_OUTER_BOUND('',#1078,.T.);
#539=FACE_OUTER_BOUND('',#1079,.T.);
#540=FACE_OUTER_BOUND('',#1080,.T.);
#541=FACE_OUTER_BOUND('',#1081,.T.);
#542=FACE_OUTER_BOUND('',#1082,.T.);
#543=FACE_OUTER_BOUND('',#1083,.T.);
#544=FACE_OUTER_BOUND('',#1084,.T.);
#545=FACE_OUTER_BOUND('',#1085,.T.);
#546=FACE_OUTER_BOUND('',#1086,.T.);
#547=FACE_OUTER_BOUND('',#1087,.T.);
#548=FACE_OUTER_BOUND('',#1088,.T.);
#549=FACE_OUTER_BOUND('',#1089,.T.);
#550=FACE_OUTER_BOUND('',#1090,.T.);
#551=FACE_OUTER_BOUND('',#1091,.T.);
#552=FACE_OUTER_BOUND('',#1092,.T.);
#553=FACE_OUTER_BOUND('',#1093,.T.);
#554=FACE_OUTER_BOUND('',#1094,.T.);
#555=FACE_OUTER_BOUND('',#1095,.T.);
#556=FACE_OUTER_BOUND('',#1096,.T.);
#557=FACE_OUTER_BOUND('',#1097,.T.);
#558=FACE_OUTER_BOUND('',#1098,.T.);
#559=FACE_OUTER_BOUND('',#1099,.T.);
#560=FACE_OUTER_BOUND('',#1100,.T.);
#561=FACE_OUTER_BOUND('',#1101,.T.);
#562=FACE_OUTER_BOUND('',#1102,.T.);
#563=FACE_OUTER_BOUND('',#1103,.T.);
#564=FACE_OUTER_BOUND('',#1104,.T.);
#565=FACE_OUTER_BOUND('',#1105,.T.);
#566=FACE_OUTER_BOUND('',#1106,.T.);
#567=FACE_OUTER_BOUND('',#1107,.T.);
#568=FACE_OUTER_BOUND('',#1108,.T.);
#569=FACE_OUTER_BOUND('',#1109,.T.);
#570=FACE_OUTER_BOUND('',#1110,.T.);
#571=FACE_OUTER_BOUND('',#1111,.T.);
#572=FACE_OUTER_BOUND('',#1112,.T.);
#573=FACE_OUTER_BOUND('',#1113,.T.);
#574=FACE_OUTER_BOUND('',#1114,.T.);
#575=FACE_OUTER_BOUND('',#1115,.T.);
#576=FACE_OUTER_BOUND('',#1116,.T.);
#577=FACE_OUTER_BOUND('',#1117,.T.);
#578=FACE_OUTER_BOUND('',#1118,.T.);
#579=FACE_OUTER_BOUND('',#1119,.T.);
#580=FACE_OUTER_BOUND('',#1120,.T.);
#581=FACE_OUTER_BOUND('',#1121,.T.);
#582=FACE_OUTER_BOUND('',#1122,.T.);
#583=FACE_OUTER_BOUND('',#1123,.T.);
#584=FACE_OUTER_BOUND('',#1124,.T.);
#585=FACE_OUTER_BOUND('',#1125,.T.);
#586=FACE_OUTER_BOUND('',#1126,.T.);
#587=FACE_OUTER_BOUND('',#1127,.T.);
#588=FACE_OUTER_BOUND('',#1128,.T.);
#589=FACE_OUTER_BOUND('',#1129,.T.);
#590=FACE_OUTER_BOUND('',#1130,.T.);
#591=FACE_OUTER_BOUND('',#1131,.T.);
#592=FACE_OUTER_BOUND('',#1132,.T.);
#593=FACE_OUTER_BOUND('',#1133,.T.);
#594=FACE_OUTER_BOUND('',#1134,.T.);
#595=FACE_OUTER_BOUND('',#1135,.T.);
#596=FACE_OUTER_BOUND('',#1136,.T.);
#597=FACE_OUTER_BOUND('',#1137,.T.);
#598=FACE_OUTER_BOUND('',#1138,.T.);
#599=FACE_OUTER_BOUND('',#1139,.T.);
#600=FACE_OUTER_BOUND('',#1140,.T.);
#601=FACE_OUTER_BOUND('',#1141,.T.);
#602=FACE_OUTER_BOUND('',#1142,.T.);
#603=FACE_OUTER_BOUND('',#1143,.T.);
#604=FACE_OUTER_BOUND('',#1144,.T.);
#605=FACE_OUTER_BOUND('',#1145,.T.);
#606=FACE_OUTER_BOUND('',#1146,.T.);
#607=FACE_OUTER_BOUND('',#1147,.T.);
#608=FACE_OUTER_BOUND('',#1148,.T.);
#609=FACE_OUTER_BOUND('',#1149,.T.);
#610=FACE_OUTER_BOUND('',#1150,.T.);
#611=FACE_OUTER_BOUND('',#1151,.T.);
#612=FACE_OUTER_BOUND('',#1152,.T.);
#613=FACE_OUTER_BOUND('',#1153,.T.);
#614=FACE_OUTER_BOUND('',#1154,.T.);
#615=FACE_OUTER_BOUND('',#1155,.T.);
#616=FACE_OUTER_BOUND('',#1156,.T.);
#617=FACE_OUTER_BOUND('',#1157,.T.);
#618=FACE_OUTER_BOUND('',#1158,.T.);
#619=FACE_OUTER_BOUND('',#1159,.T.);
#620=FACE_OUTER_BOUND('',#1160,.T.);
#621=FACE_OUTER_BOUND('',#1161,.T.);
#622=FACE_OUTER_BOUND('',#1162,.T.);
#623=FACE_OUTER_BOUND('',#1163,.T.);
#624=FACE_OUTER_BOUND('',#1164,.T.);
#625=FACE_OUTER_BOUND('',#1165,.T.);
#626=FACE_OUTER_BOUND('',#1166,.T.);
#627=FACE_OUTER_BOUND('',#1167,.T.);
#628=FACE_OUTER_BOUND('',#1168,.T.);
#629=FACE_OUTER_BOUND('',#1169,.T.);
#630=FACE_OUTER_BOUND('',#1170,.T.);
#631=FACE_OUTER_BOUND('',#1171,.T.);
#632=FACE_OUTER_BOUND('',#1172,.T.);
#633=FACE_OUTER_BOUND('',#1173,.T.);
#634=FACE_OUTER_BOUND('',#1174,.T.);
#635=FACE_OUTER_BOUND('',#1175,.T.);
#636=FACE_OUTER_BOUND('',#1176,.T.);
#637=FACE_OUTER_BOUND('',#1177,.T.);
#638=FACE_OUTER_BOUND('',#1178,.T.);
#639=FACE_OUTER_BOUND('',#1179,.T.);
#640=FACE_OUTER_BOUND('',#1180,.T.);
#641=FACE_OUTER_BOUND('',#1181,.T.);
#642=FACE_OUTER_BOUND('',#1182,.T.);
#643=FACE_OUTER_BOUND('',#1183,.T.);
#644=FACE_OUTER_BOUND('',#1184,.T.);
#645=FACE_OUTER_BOUND('',#1185,.T.);
#646=FACE_OUTER_BOUND('',#1186,.T.);
#647=FACE_OUTER_BOUND('',#1187,.T.);
#648=FACE_OUTER_BOUND('',#1188,.T.);
#649=FACE_OUTER_BOUND('',#1189,.T.);
#650=FACE_OUTER_BOUND('',#1190,.T.);
#651=FACE_OUTER_BOUND('',#1191,.T.);
#652=FACE_OUTER_BOUND('',#1192,.T.);
#653=FACE_OUTER_BOUND('',#1193,.T.);
#654=FACE_OUTER_BOUND('',#1194,.T.);
#655=FACE_OUTER_BOUND('',#1195,.T.);
#656=FACE_OUTER_BOUND('',#1196,.T.);
#657=FACE_OUTER_BOUND('',#1197,.T.);
#658=FACE_OUTER_BOUND('',#1198,.T.);
#659=FACE_OUTER_BOUND('',#1199,.T.);
#660=FACE_OUTER_BOUND('',#1200,.T.);
#661=FACE_OUTER_BOUND('',#1201,.T.);
#662=FACE_OUTER_BOUND('',#1202,.T.);
#663=FACE_OUTER_BOUND('',#1203,.T.);
#664=FACE_OUTER_BOUND('',#1204,.T.);
#665=FACE_OUTER_BOUND('',#1205,.T.);
#666=FACE_OUTER_BOUND('',#1206,.T.);
#667=FACE_OUTER_BOUND('',#1207,.T.);
#668=FACE_OUTER_BOUND('',#1208,.T.);
#669=FACE_OUTER_BOUND('',#1209,.T.);
#670=FACE_OUTER_BOUND('',#1210,.T.);
#671=FACE_OUTER_BOUND('',#1211,.T.);
#672=FACE_OUTER_BOUND('',#1212,.T.);
#673=FACE_OUTER_BOUND('',#1213,.T.);
#674=FACE_OUTER_BOUND('',#1214,.T.);
#675=FACE_OUTER_BOUND('',#1215,.T.);
#676=FACE_OUTER_BOUND('',#1216,.T.);
#677=FACE_OUTER_BOUND('',#1217,.T.);
#678=FACE_OUTER_BOUND('',#1218,.T.);
#679=FACE_OUTER_BOUND('',#1219,.T.);
#680=FACE_OUTER_BOUND('',#1220,.T.);
#681=FACE_OUTER_BOUND('',#1221,.T.);
#682=FACE_OUTER_BOUND('',#1222,.T.);
#683=FACE_OUTER_BOUND('',#1223,.T.);
#684=FACE_OUTER_BOUND('',#1224,.T.);
#685=FACE_OUTER_BOUND('',#1225,.T.);
#686=FACE_OUTER_BOUND('',#1226,.T.);
#687=FACE_OUTER_BOUND('',#1227,.T.);
#688=FACE_OUTER_BOUND('',#1228,.T.);
#689=FACE_OUTER_BOUND('',#1229,.T.);
#690=FACE_OUTER_BOUND('',#1230,.T.);
#691=FACE_OUTER_BOUND('',#1231,.T.);
#692=FACE_OUTER_BOUND('',#1232,.T.);
#693=FACE_OUTER_BOUND('',#1233,.T.);
#694=FACE_OUTER_BOUND('',#1234,.T.);
#695=FACE_OUTER_BOUND('',#1235,.T.);
#696=FACE_OUTER_BOUND('',#1236,.T.);
#697=FACE_OUTER_BOUND('',#1237,.T.);
#698=FACE_OUTER_BOUND('',#1238,.T.);
#699=FACE_OUTER_BOUND('',#1239,.T.);
#700=FACE_OUTER_BOUND('',#1240,.T.);
#701=FACE_OUTER_BOUND('',#1241,.T.);
#702=FACE_OUTER_BOUND('',#1242,.T.);
#703=FACE_OUTER_BOUND('',#1243,.T.);
#704=FACE_OUTER_BOUND('',#1244,.T.);
#705=FACE_OUTER_BOUND('',#1245,.T.);
#706=FACE_OUTER_BOUND('',#1246,.T.);
#707=FACE_OUTER_BOUND('',#1247,.T.);
#708=FACE_OUTER_BOUND('',#1248,.T.);
#709=FACE_OUTER_BOUND('',#1249,.T.);
#710=FACE_OUTER_BOUND('',#1250,.T.);
#711=FACE_OUTER_BOUND('',#1251,.T.);
#712=FACE_OUTER_BOUND('',#1252,.T.);
#713=FACE_OUTER_BOUND('',#1253,.T.);
#714=FACE_OUTER_BOUND('',#1254,.T.);
#715=FACE_OUTER_BOUND('',#1255,.T.);
#716=FACE_OUTER_BOUND('',#1256,.T.);
#717=FACE_OUTER_BOUND('',#1257,.T.);
#718=FACE_OUTER_BOUND('',#1258,.T.);
#719=FACE_OUTER_BOUND('',#1259,.T.);
#720=FACE_OUTER_BOUND('',#1260,.T.);
#721=FACE_OUTER_BOUND('',#1261,.T.);
#722=FACE_OUTER_BOUND('',#1262,.T.);
#723=FACE_OUTER_BOUND('',#1263,.T.);
#724=FACE_OUTER_BOUND('',#1264,.T.);
#725=FACE_OUTER_BOUND('',#1265,.T.);
#726=FACE_OUTER_BOUND('',#1266,.T.);
#727=FACE_OUTER_BOUND('',#1267,.T.);
#728=FACE_OUTER_BOUND('',#1268,.T.);
#729=FACE_OUTER_BOUND('',#1269,.T.);
#730=FACE_OUTER_BOUND('',#1270,.T.);
#731=FACE_OUTER_BOUND('',#1271,.T.);
#732=FACE_OUTER_BOUND('',#1272,.T.);
#733=FACE_OUTER_BOUND('',#1273,.T.);
#734=FACE_OUTER_BOUND('',#1274,.T.);
#735=FACE_OUTER_BOUND('',#1275,.T.);
#736=FACE_OUTER_BOUND('',#1276,.T.);
#737=FACE_OUTER_BOUND('',#1277,.T.);
#738=FACE_OUTER_BOUND('',#1278,.T.);
#739=FACE_OUTER_BOUND('',#1279,.T.);
#740=FACE_OUTER_BOUND('',#1280,.T.);
#741=FACE_OUTER_BOUND('',#1281,.T.);
#742=FACE_OUTER_BOUND('',#1282,.T.);
#743=FACE_OUTER_BOUND('',#1283,.T.);
#744=FACE_OUTER_BOUND('',#1284,.T.);
#745=FACE_OUTER_BOUND('',#1285,.T.);
#746=FACE_OUTER_BOUND('',#1286,.T.);
#747=FACE_OUTER_BOUND('',#1287,.T.);
#748=FACE_OUTER_BOUND('',#1288,.T.);
#749=FACE_OUTER_BOUND('',#1289,.T.);
#750=FACE_OUTER_BOUND('',#1290,.T.);
#751=FACE_OUTER_BOUND('',#1291,.T.);
#752=FACE_OUTER_BOUND('',#1292,.T.);
#753=FACE_OUTER_BOUND('',#1293,.T.);
#754=FACE_OUTER_BOUND('',#1294,.T.);
#755=FACE_OUTER_BOUND('',#1295,.T.);
#756=FACE_OUTER_BOUND('',#1296,.T.);
#757=FACE_OUTER_BOUND('',#1297,.T.);
#758=FACE_OUTER_BOUND('',#1298,.T.);
#759=FACE_OUTER_BOUND('',#1299,.T.);
#760=FACE_OUTER_BOUND('',#1300,.T.);
#761=FACE_OUTER_BOUND('',#1301,.T.);
#762=FACE_OUTER_BOUND('',#1302,.T.);
#763=FACE_OUTER_BOUND('',#1303,.T.);
#764=FACE_OUTER_BOUND('',#1304,.T.);
#765=FACE_OUTER_BOUND('',#1305,.T.);
#766=FACE_OUTER_BOUND('',#1306,.T.);
#767=FACE_OUTER_BOUND('',#1307,.T.);
#768=FACE_OUTER_BOUND('',#1308,.T.);
#769=FACE_OUTER_BOUND('',#1309,.T.);
#770=FACE_OUTER_BOUND('',#1310,.T.);
#771=FACE_OUTER_BOUND('',#1311,.T.);
#772=FACE_OUTER_BOUND('',#1312,.T.);
#773=FACE_OUTER_BOUND('',#1313,.T.);
#774=FACE_OUTER_BOUND('',#1314,.T.);
#775=FACE_OUTER_BOUND('',#1315,.T.);
#776=FACE_OUTER_BOUND('',#1316,.T.);
#777=FACE_OUTER_BOUND('',#1317,.T.);
#778=FACE_OUTER_BOUND('',#1318,.T.);
#779=FACE_OUTER_BOUND('',#1319,.T.);
#780=FACE_OUTER_BOUND('',#1320,.T.);
#781=FACE_OUTER_BOUND('',#1321,.T.);
#782=FACE_OUTER_BOUND('',#1322,.T.);
#783=FACE_OUTER_BOUND('',#1323,.T.);
#784=FACE_OUTER_BOUND('',#1324,.T.);
#785=FACE_OUTER_BOUND('',#1325,.T.);
#786=FACE_OUTER_BOUND('',#1326,.T.);
#787=FACE_OUTER_BOUND('',#1327,.T.);
#788=EDGE_LOOP('',(#4826,#4827,#4828,#4829));
#789=EDGE_LOOP('',(#4830,#4831,#4832,#4833));
#790=EDGE_LOOP('',(#4834,#4835,#4836,#4837));
#791=EDGE_LOOP('',(#4838,#4839,#4840,#4841));
#792=EDGE_LOOP('',(#4842,#4843,#4844,#4845));
#793=EDGE_LOOP('',(#4846,#4847,#4848,#4849));
#794=EDGE_LOOP('',(#4850,#4851,#4852,#4853));
#795=EDGE_LOOP('',(#4854,#4855,#4856,#4857));
#796=EDGE_LOOP('',(#4858,#4859,#4860,#4861));
#797=EDGE_LOOP('',(#4862,#4863,#4864,#4865));
#798=EDGE_LOOP('',(#4866,#4867,#4868,#4869));
#799=EDGE_LOOP('',(#4870,#4871,#4872,#4873));
#800=EDGE_LOOP('',(#4874,#4875,#4876,#4877));
#801=EDGE_LOOP('',(#4878,#4879,#4880,#4881));
#802=EDGE_LOOP('',(#4882,#4883,#4884,#4885));
#803=EDGE_LOOP('',(#4886,#4887,#4888,#4889));
#804=EDGE_LOOP('',(#4890,#4891,#4892,#4893));
#805=EDGE_LOOP('',(#4894,#4895,#4896,#4897));
#806=EDGE_LOOP('',(#4898,#4899,#4900,#4901));
#807=EDGE_LOOP('',(#4902,#4903,#4904,#4905));
#808=EDGE_LOOP('',(#4906,#4907,#4908,#4909));
#809=EDGE_LOOP('',(#4910,#4911,#4912,#4913));
#810=EDGE_LOOP('',(#4914,#4915,#4916,#4917));
#811=EDGE_LOOP('',(#4918,#4919,#4920,#4921));
#812=EDGE_LOOP('',(#4922,#4923,#4924,#4925));
#813=EDGE_LOOP('',(#4926,#4927,#4928,#4929));
#814=EDGE_LOOP('',(#4930,#4931,#4932,#4933));
#815=EDGE_LOOP('',(#4934,#4935,#4936,#4937));
#816=EDGE_LOOP('',(#4938,#4939,#4940,#4941,#4942,#4943,#4944,#4945));
#817=EDGE_LOOP('',(#4946,#4947,#4948,#4949));
#818=EDGE_LOOP('',(#4950,#4951,#4952,#4953));
#819=EDGE_LOOP('',(#4954));
#820=EDGE_LOOP('',(#4955));
#821=EDGE_LOOP('',(#4956));
#822=EDGE_LOOP('',(#4957));
#823=EDGE_LOOP('',(#4958));
#824=EDGE_LOOP('',(#4959));
#825=EDGE_LOOP('',(#4960));
#826=EDGE_LOOP('',(#4961));
#827=EDGE_LOOP('',(#4962));
#828=EDGE_LOOP('',(#4963));
#829=EDGE_LOOP('',(#4964));
#830=EDGE_LOOP('',(#4965));
#831=EDGE_LOOP('',(#4966));
#832=EDGE_LOOP('',(#4967));
#833=EDGE_LOOP('',(#4968));
#834=EDGE_LOOP('',(#4969));
#835=EDGE_LOOP('',(#4970));
#836=EDGE_LOOP('',(#4971));
#837=EDGE_LOOP('',(#4972));
#838=EDGE_LOOP('',(#4973));
#839=EDGE_LOOP('',(#4974));
#840=EDGE_LOOP('',(#4975,#4976,#4977,#4978));
#841=EDGE_LOOP('',(#4979));
#842=EDGE_LOOP('',(#4980));
#843=EDGE_LOOP('',(#4981));
#844=EDGE_LOOP('',(#4982));
#845=EDGE_LOOP('',(#4983,#4984,#4985,#4986));
#846=EDGE_LOOP('',(#4987,#4988,#4989,#4990));
#847=EDGE_LOOP('',(#4991,#4992,#4993,#4994));
#848=EDGE_LOOP('',(#4995,#4996,#4997,#4998));
#849=EDGE_LOOP('',(#4999,#5000,#5001,#5002));
#850=EDGE_LOOP('',(#5003,#5004,#5005,#5006));
#851=EDGE_LOOP('',(#5007,#5008,#5009,#5010));
#852=EDGE_LOOP('',(#5011,#5012,#5013,#5014));
#853=EDGE_LOOP('',(#5015,#5016,#5017,#5018));
#854=EDGE_LOOP('',(#5019,#5020,#5021,#5022));
#855=EDGE_LOOP('',(#5023,#5024,#5025,#5026));
#856=EDGE_LOOP('',(#5027,#5028,#5029,#5030));
#857=EDGE_LOOP('',(#5031,#5032,#5033,#5034));
#858=EDGE_LOOP('',(#5035,#5036,#5037,#5038));
#859=EDGE_LOOP('',(#5039,#5040,#5041,#5042));
#860=EDGE_LOOP('',(#5043,#5044,#5045,#5046));
#861=EDGE_LOOP('',(#5047,#5048,#5049,#5050));
#862=EDGE_LOOP('',(#5051,#5052,#5053,#5054));
#863=EDGE_LOOP('',(#5055,#5056,#5057,#5058));
#864=EDGE_LOOP('',(#5059,#5060,#5061,#5062));
#865=EDGE_LOOP('',(#5063,#5064,#5065,#5066));
#866=EDGE_LOOP('',(#5067,#5068,#5069,#5070));
#867=EDGE_LOOP('',(#5071,#5072,#5073,#5074));
#868=EDGE_LOOP('',(#5075,#5076,#5077,#5078));
#869=EDGE_LOOP('',(#5079,#5080,#5081,#5082));
#870=EDGE_LOOP('',(#5083));
#871=EDGE_LOOP('',(#5084,#5085,#5086,#5087));
#872=EDGE_LOOP('',(#5088,#5089,#5090,#5091));
#873=EDGE_LOOP('',(#5092,#5093,#5094,#5095));
#874=EDGE_LOOP('',(#5096,#5097,#5098,#5099));
#875=EDGE_LOOP('',(#5100,#5101,#5102,#5103));
#876=EDGE_LOOP('',(#5104,#5105,#5106,#5107));
#877=EDGE_LOOP('',(#5108,#5109,#5110,#5111));
#878=EDGE_LOOP('',(#5112,#5113,#5114,#5115));
#879=EDGE_LOOP('',(#5116,#5117,#5118,#5119,#5120,#5121,#5122,#5123));
#880=EDGE_LOOP('',(#5124));
#881=EDGE_LOOP('',(#5125));
#882=EDGE_LOOP('',(#5126));
#883=EDGE_LOOP('',(#5127));
#884=EDGE_LOOP('',(#5128));
#885=EDGE_LOOP('',(#5129));
#886=EDGE_LOOP('',(#5130));
#887=EDGE_LOOP('',(#5131));
#888=EDGE_LOOP('',(#5132));
#889=EDGE_LOOP('',(#5133));
#890=EDGE_LOOP('',(#5134));
#891=EDGE_LOOP('',(#5135));
#892=EDGE_LOOP('',(#5136));
#893=EDGE_LOOP('',(#5137));
#894=EDGE_LOOP('',(#5138));
#895=EDGE_LOOP('',(#5139));
#896=EDGE_LOOP('',(#5140));
#897=EDGE_LOOP('',(#5141));
#898=EDGE_LOOP('',(#5142));
#899=EDGE_LOOP('',(#5143));
#900=EDGE_LOOP('',(#5144));
#901=EDGE_LOOP('',(#5145));
#902=EDGE_LOOP('',(#5146));
#903=EDGE_LOOP('',(#5147));
#904=EDGE_LOOP('',(#5148,#5149,#5150,#5151));
#905=EDGE_LOOP('',(#5152,#5153,#5154,#5155));
#906=EDGE_LOOP('',(#5156,#5157,#5158,#5159));
#907=EDGE_LOOP('',(#5160,#5161,#5162,#5163));
#908=EDGE_LOOP('',(#5164,#5165,#5166,#5167));
#909=EDGE_LOOP('',(#5168,#5169,#5170,#5171));
#910=EDGE_LOOP('',(#5172,#5173,#5174,#5175));
#911=EDGE_LOOP('',(#5176,#5177,#5178,#5179));
#912=EDGE_LOOP('',(#5180,#5181,#5182,#5183));
#913=EDGE_LOOP('',(#5184,#5185,#5186,#5187));
#914=EDGE_LOOP('',(#5188,#5189,#5190,#5191));
#915=EDGE_LOOP('',(#5192,#5193,#5194,#5195));
#916=EDGE_LOOP('',(#5196,#5197,#5198,#5199));
#917=EDGE_LOOP('',(#5200,#5201,#5202,#5203));
#918=EDGE_LOOP('',(#5204,#5205,#5206,#5207));
#919=EDGE_LOOP('',(#5208,#5209,#5210,#5211));
#920=EDGE_LOOP('',(#5212,#5213,#5214,#5215));
#921=EDGE_LOOP('',(#5216,#5217,#5218,#5219));
#922=EDGE_LOOP('',(#5220,#5221,#5222,#5223));
#923=EDGE_LOOP('',(#5224,#5225,#5226,#5227));
#924=EDGE_LOOP('',(#5228,#5229,#5230,#5231));
#925=EDGE_LOOP('',(#5232,#5233,#5234,#5235));
#926=EDGE_LOOP('',(#5236,#5237,#5238,#5239));
#927=EDGE_LOOP('',(#5240,#5241,#5242,#5243));
#928=EDGE_LOOP('',(#5244,#5245,#5246,#5247));
#929=EDGE_LOOP('',(#5248,#5249,#5250,#5251));
#930=EDGE_LOOP('',(#5252));
#931=EDGE_LOOP('',(#5253,#5254,#5255,#5256));
#932=EDGE_LOOP('',(#5257));
#933=EDGE_LOOP('',(#5258));
#934=EDGE_LOOP('',(#5259,#5260,#5261,#5262));
#935=EDGE_LOOP('',(#5263,#5264,#5265,#5266,#5267,#5268,#5269,#5270,#5271,
#5272,#5273,#5274,#5275,#5276,#5277,#5278,#5279,#5280,#5281,#5282,#5283,
#5284));
#936=EDGE_LOOP('',(#5285,#5286,#5287,#5288));
#937=EDGE_LOOP('',(#5289,#5290,#5291,#5292));
#938=EDGE_LOOP('',(#5293,#5294,#5295,#5296,#5297,#5298,#5299,#5300,#5301,
#5302,#5303,#5304,#5305,#5306,#5307,#5308,#5309,#5310,#5311,#5312,#5313,
#5314));
#939=EDGE_LOOP('',(#5315,#5316,#5317,#5318,#5319));
#940=EDGE_LOOP('',(#5320,#5321,#5322,#5323,#5324,#5325));
#941=EDGE_LOOP('',(#5326));
#942=EDGE_LOOP('',(#5327));
#943=EDGE_LOOP('',(#5328,#5329,#5330,#5331));
#944=EDGE_LOOP('',(#5332,#5333,#5334,#5335,#5336));
#945=EDGE_LOOP('',(#5337,#5338,#5339,#5340,#5341,#5342));
#946=EDGE_LOOP('',(#5343,#5344,#5345,#5346));
#947=EDGE_LOOP('',(#5347));
#948=EDGE_LOOP('',(#5348));
#949=EDGE_LOOP('',(#5349));
#950=EDGE_LOOP('',(#5350,#5351,#5352,#5353));
#951=EDGE_LOOP('',(#5354,#5355,#5356,#5357));
#952=EDGE_LOOP('',(#5358,#5359,#5360,#5361));
#953=EDGE_LOOP('',(#5362,#5363,#5364,#5365));
#954=EDGE_LOOP('',(#5366,#5367,#5368,#5369));
#955=EDGE_LOOP('',(#5370,#5371,#5372,#5373));
#956=EDGE_LOOP('',(#5374,#5375,#5376,#5377));
#957=EDGE_LOOP('',(#5378,#5379,#5380,#5381));
#958=EDGE_LOOP('',(#5382,#5383,#5384,#5385));
#959=EDGE_LOOP('',(#5386,#5387,#5388,#5389));
#960=EDGE_LOOP('',(#5390,#5391,#5392,#5393));
#961=EDGE_LOOP('',(#5394,#5395,#5396,#5397));
#962=EDGE_LOOP('',(#5398,#5399,#5400,#5401));
#963=EDGE_LOOP('',(#5402,#5403,#5404,#5405));
#964=EDGE_LOOP('',(#5406,#5407,#5408,#5409));
#965=EDGE_LOOP('',(#5410,#5411,#5412,#5413));
#966=EDGE_LOOP('',(#5414,#5415,#5416,#5417));
#967=EDGE_LOOP('',(#5418,#5419,#5420,#5421));
#968=EDGE_LOOP('',(#5422,#5423,#5424,#5425));
#969=EDGE_LOOP('',(#5426,#5427,#5428,#5429));
#970=EDGE_LOOP('',(#5430,#5431,#5432,#5433));
#971=EDGE_LOOP('',(#5434,#5435,#5436,#5437));
#972=EDGE_LOOP('',(#5438,#5439,#5440,#5441));
#973=EDGE_LOOP('',(#5442,#5443,#5444,#5445));
#974=EDGE_LOOP('',(#5446,#5447,#5448,#5449));
#975=EDGE_LOOP('',(#5450,#5451,#5452,#5453));
#976=EDGE_LOOP('',(#5454,#5455,#5456,#5457));
#977=EDGE_LOOP('',(#5458,#5459,#5460,#5461));
#978=EDGE_LOOP('',(#5462,#5463,#5464,#5465));
#979=EDGE_LOOP('',(#5466,#5467,#5468,#5469));
#980=EDGE_LOOP('',(#5470,#5471,#5472,#5473));
#981=EDGE_LOOP('',(#5474,#5475,#5476,#5477));
#982=EDGE_LOOP('',(#5478,#5479,#5480,#5481));
#983=EDGE_LOOP('',(#5482,#5483,#5484,#5485));
#984=EDGE_LOOP('',(#5486,#5487,#5488,#5489));
#985=EDGE_LOOP('',(#5490,#5491,#5492,#5493));
#986=EDGE_LOOP('',(#5494,#5495,#5496,#5497));
#987=EDGE_LOOP('',(#5498,#5499,#5500,#5501));
#988=EDGE_LOOP('',(#5502,#5503,#5504,#5505));
#989=EDGE_LOOP('',(#5506,#5507,#5508,#5509));
#990=EDGE_LOOP('',(#5510,#5511,#5512,#5513));
#991=EDGE_LOOP('',(#5514,#5515,#5516,#5517));
#992=EDGE_LOOP('',(#5518,#5519,#5520,#5521));
#993=EDGE_LOOP('',(#5522,#5523,#5524,#5525));
#994=EDGE_LOOP('',(#5526,#5527,#5528,#5529));
#995=EDGE_LOOP('',(#5530,#5531,#5532,#5533));
#996=EDGE_LOOP('',(#5534,#5535,#5536,#5537));
#997=EDGE_LOOP('',(#5538,#5539,#5540,#5541));
#998=EDGE_LOOP('',(#5542,#5543,#5544,#5545));
#999=EDGE_LOOP('',(#5546,#5547,#5548,#5549));
#1000=EDGE_LOOP('',(#5550,#5551,#5552,#5553));
#1001=EDGE_LOOP('',(#5554,#5555,#5556,#5557));
#1002=EDGE_LOOP('',(#5558,#5559,#5560,#5561));
#1003=EDGE_LOOP('',(#5562,#5563,#5564,#5565));
#1004=EDGE_LOOP('',(#5566,#5567,#5568,#5569));
#1005=EDGE_LOOP('',(#5570,#5571,#5572,#5573));
#1006=EDGE_LOOP('',(#5574,#5575,#5576,#5577));
#1007=EDGE_LOOP('',(#5578,#5579,#5580,#5581));
#1008=EDGE_LOOP('',(#5582,#5583,#5584,#5585));
#1009=EDGE_LOOP('',(#5586,#5587,#5588,#5589));
#1010=EDGE_LOOP('',(#5590,#5591,#5592,#5593));
#1011=EDGE_LOOP('',(#5594,#5595,#5596,#5597));
#1012=EDGE_LOOP('',(#5598,#5599,#5600,#5601));
#1013=EDGE_LOOP('',(#5602,#5603,#5604,#5605));
#1014=EDGE_LOOP('',(#5606,#5607,#5608,#5609));
#1015=EDGE_LOOP('',(#5610,#5611,#5612,#5613));
#1016=EDGE_LOOP('',(#5614,#5615,#5616,#5617));
#1017=EDGE_LOOP('',(#5618,#5619,#5620,#5621));
#1018=EDGE_LOOP('',(#5622,#5623,#5624,#5625));
#1019=EDGE_LOOP('',(#5626,#5627,#5628,#5629));
#1020=EDGE_LOOP('',(#5630,#5631,#5632,#5633));
#1021=EDGE_LOOP('',(#5634,#5635,#5636,#5637));
#1022=EDGE_LOOP('',(#5638,#5639,#5640,#5641));
#1023=EDGE_LOOP('',(#5642,#5643,#5644,#5645));
#1024=EDGE_LOOP('',(#5646,#5647,#5648,#5649));
#1025=EDGE_LOOP('',(#5650,#5651,#5652,#5653));
#1026=EDGE_LOOP('',(#5654,#5655,#5656,#5657));
#1027=EDGE_LOOP('',(#5658,#5659,#5660,#5661));
#1028=EDGE_LOOP('',(#5662,#5663,#5664,#5665));
#1029=EDGE_LOOP('',(#5666,#5667,#5668,#5669));
#1030=EDGE_LOOP('',(#5670,#5671,#5672,#5673));
#1031=EDGE_LOOP('',(#5674,#5675,#5676,#5677));
#1032=EDGE_LOOP('',(#5678,#5679,#5680,#5681));
#1033=EDGE_LOOP('',(#5682,#5683,#5684,#5685));
#1034=EDGE_LOOP('',(#5686,#5687,#5688,#5689));
#1035=EDGE_LOOP('',(#5690,#5691,#5692,#5693));
#1036=EDGE_LOOP('',(#5694,#5695,#5696,#5697));
#1037=EDGE_LOOP('',(#5698,#5699,#5700,#5701));
#1038=EDGE_LOOP('',(#5702,#5703,#5704,#5705));
#1039=EDGE_LOOP('',(#5706,#5707,#5708,#5709));
#1040=EDGE_LOOP('',(#5710,#5711,#5712,#5713));
#1041=EDGE_LOOP('',(#5714,#5715,#5716,#5717));
#1042=EDGE_LOOP('',(#5718,#5719,#5720,#5721));
#1043=EDGE_LOOP('',(#5722,#5723,#5724,#5725));
#1044=EDGE_LOOP('',(#5726,#5727,#5728,#5729));
#1045=EDGE_LOOP('',(#5730,#5731,#5732,#5733));
#1046=EDGE_LOOP('',(#5734,#5735,#5736,#5737));
#1047=EDGE_LOOP('',(#5738,#5739,#5740,#5741));
#1048=EDGE_LOOP('',(#5742,#5743,#5744,#5745));
#1049=EDGE_LOOP('',(#5746,#5747,#5748,#5749));
#1050=EDGE_LOOP('',(#5750,#5751,#5752,#5753));
#1051=EDGE_LOOP('',(#5754,#5755,#5756,#5757));
#1052=EDGE_LOOP('',(#5758,#5759,#5760,#5761));
#1053=EDGE_LOOP('',(#5762,#5763,#5764,#5765));
#1054=EDGE_LOOP('',(#5766,#5767,#5768,#5769));
#1055=EDGE_LOOP('',(#5770,#5771,#5772,#5773));
#1056=EDGE_LOOP('',(#5774,#5775,#5776,#5777));
#1057=EDGE_LOOP('',(#5778,#5779,#5780,#5781));
#1058=EDGE_LOOP('',(#5782,#5783,#5784,#5785));
#1059=EDGE_LOOP('',(#5786,#5787,#5788,#5789));
#1060=EDGE_LOOP('',(#5790,#5791,#5792,#5793));
#1061=EDGE_LOOP('',(#5794,#5795,#5796,#5797));
#1062=EDGE_LOOP('',(#5798,#5799,#5800,#5801));
#1063=EDGE_LOOP('',(#5802,#5803,#5804,#5805));
#1064=EDGE_LOOP('',(#5806,#5807,#5808,#5809));
#1065=EDGE_LOOP('',(#5810,#5811,#5812,#5813));
#1066=EDGE_LOOP('',(#5814,#5815,#5816,#5817));
#1067=EDGE_LOOP('',(#5818,#5819,#5820,#5821));
#1068=EDGE_LOOP('',(#5822,#5823,#5824,#5825));
#1069=EDGE_LOOP('',(#5826,#5827,#5828,#5829));
#1070=EDGE_LOOP('',(#5830,#5831,#5832,#5833));
#1071=EDGE_LOOP('',(#5834,#5835,#5836,#5837));
#1072=EDGE_LOOP('',(#5838,#5839,#5840,#5841));
#1073=EDGE_LOOP('',(#5842,#5843,#5844,#5845));
#1074=EDGE_LOOP('',(#5846,#5847,#5848,#5849));
#1075=EDGE_LOOP('',(#5850,#5851,#5852,#5853));
#1076=EDGE_LOOP('',(#5854,#5855,#5856,#5857));
#1077=EDGE_LOOP('',(#5858,#5859,#5860,#5861));
#1078=EDGE_LOOP('',(#5862,#5863,#5864,#5865));
#1079=EDGE_LOOP('',(#5866,#5867,#5868,#5869));
#1080=EDGE_LOOP('',(#5870,#5871,#5872,#5873));
#1081=EDGE_LOOP('',(#5874,#5875,#5876,#5877));
#1082=EDGE_LOOP('',(#5878,#5879,#5880,#5881));
#1083=EDGE_LOOP('',(#5882,#5883,#5884,#5885));
#1084=EDGE_LOOP('',(#5886,#5887,#5888,#5889));
#1085=EDGE_LOOP('',(#5890,#5891,#5892,#5893));
#1086=EDGE_LOOP('',(#5894,#5895,#5896,#5897));
#1087=EDGE_LOOP('',(#5898,#5899,#5900,#5901));
#1088=EDGE_LOOP('',(#5902,#5903,#5904,#5905));
#1089=EDGE_LOOP('',(#5906,#5907,#5908,#5909));
#1090=EDGE_LOOP('',(#5910,#5911,#5912,#5913));
#1091=EDGE_LOOP('',(#5914,#5915,#5916,#5917));
#1092=EDGE_LOOP('',(#5918,#5919,#5920,#5921));
#1093=EDGE_LOOP('',(#5922,#5923,#5924,#5925));
#1094=EDGE_LOOP('',(#5926,#5927,#5928,#5929));
#1095=EDGE_LOOP('',(#5930,#5931,#5932,#5933));
#1096=EDGE_LOOP('',(#5934,#5935,#5936,#5937));
#1097=EDGE_LOOP('',(#5938,#5939,#5940,#5941));
#1098=EDGE_LOOP('',(#5942,#5943,#5944,#5945));
#1099=EDGE_LOOP('',(#5946,#5947,#5948,#5949));
#1100=EDGE_LOOP('',(#5950,#5951,#5952,#5953));
#1101=EDGE_LOOP('',(#5954,#5955,#5956,#5957));
#1102=EDGE_LOOP('',(#5958,#5959,#5960,#5961));
#1103=EDGE_LOOP('',(#5962,#5963,#5964,#5965));
#1104=EDGE_LOOP('',(#5966,#5967,#5968,#5969));
#1105=EDGE_LOOP('',(#5970,#5971,#5972,#5973));
#1106=EDGE_LOOP('',(#5974,#5975,#5976,#5977));
#1107=EDGE_LOOP('',(#5978,#5979,#5980,#5981));
#1108=EDGE_LOOP('',(#5982,#5983,#5984,#5985));
#1109=EDGE_LOOP('',(#5986,#5987,#5988,#5989));
#1110=EDGE_LOOP('',(#5990,#5991,#5992,#5993));
#1111=EDGE_LOOP('',(#5994,#5995,#5996,#5997));
#1112=EDGE_LOOP('',(#5998,#5999,#6000,#6001));
#1113=EDGE_LOOP('',(#6002,#6003,#6004,#6005));
#1114=EDGE_LOOP('',(#6006,#6007,#6008,#6009));
#1115=EDGE_LOOP('',(#6010,#6011,#6012,#6013));
#1116=EDGE_LOOP('',(#6014,#6015,#6016,#6017));
#1117=EDGE_LOOP('',(#6018,#6019,#6020,#6021));
#1118=EDGE_LOOP('',(#6022,#6023,#6024,#6025));
#1119=EDGE_LOOP('',(#6026,#6027,#6028,#6029));
#1120=EDGE_LOOP('',(#6030,#6031,#6032,#6033));
#1121=EDGE_LOOP('',(#6034,#6035,#6036,#6037));
#1122=EDGE_LOOP('',(#6038,#6039,#6040,#6041));
#1123=EDGE_LOOP('',(#6042,#6043,#6044,#6045));
#1124=EDGE_LOOP('',(#6046,#6047,#6048,#6049));
#1125=EDGE_LOOP('',(#6050,#6051,#6052,#6053));
#1126=EDGE_LOOP('',(#6054,#6055,#6056,#6057));
#1127=EDGE_LOOP('',(#6058,#6059,#6060,#6061));
#1128=EDGE_LOOP('',(#6062,#6063,#6064,#6065));
#1129=EDGE_LOOP('',(#6066,#6067,#6068,#6069));
#1130=EDGE_LOOP('',(#6070,#6071,#6072,#6073));
#1131=EDGE_LOOP('',(#6074,#6075,#6076,#6077));
#1132=EDGE_LOOP('',(#6078,#6079,#6080,#6081));
#1133=EDGE_LOOP('',(#6082,#6083,#6084,#6085));
#1134=EDGE_LOOP('',(#6086,#6087,#6088,#6089));
#1135=EDGE_LOOP('',(#6090,#6091,#6092,#6093));
#1136=EDGE_LOOP('',(#6094,#6095,#6096,#6097));
#1137=EDGE_LOOP('',(#6098,#6099,#6100,#6101));
#1138=EDGE_LOOP('',(#6102,#6103,#6104,#6105));
#1139=EDGE_LOOP('',(#6106,#6107,#6108,#6109));
#1140=EDGE_LOOP('',(#6110,#6111,#6112,#6113));
#1141=EDGE_LOOP('',(#6114,#6115,#6116,#6117));
#1142=EDGE_LOOP('',(#6118,#6119,#6120,#6121));
#1143=EDGE_LOOP('',(#6122,#6123,#6124,#6125));
#1144=EDGE_LOOP('',(#6126,#6127,#6128,#6129));
#1145=EDGE_LOOP('',(#6130,#6131,#6132,#6133));
#1146=EDGE_LOOP('',(#6134,#6135,#6136,#6137));
#1147=EDGE_LOOP('',(#6138,#6139,#6140,#6141));
#1148=EDGE_LOOP('',(#6142,#6143,#6144,#6145));
#1149=EDGE_LOOP('',(#6146,#6147,#6148,#6149));
#1150=EDGE_LOOP('',(#6150,#6151,#6152,#6153));
#1151=EDGE_LOOP('',(#6154,#6155,#6156,#6157));
#1152=EDGE_LOOP('',(#6158,#6159,#6160,#6161));
#1153=EDGE_LOOP('',(#6162,#6163,#6164,#6165));
#1154=EDGE_LOOP('',(#6166,#6167,#6168,#6169));
#1155=EDGE_LOOP('',(#6170,#6171,#6172,#6173));
#1156=EDGE_LOOP('',(#6174,#6175,#6176,#6177));
#1157=EDGE_LOOP('',(#6178,#6179,#6180,#6181));
#1158=EDGE_LOOP('',(#6182,#6183,#6184,#6185));
#1159=EDGE_LOOP('',(#6186,#6187,#6188,#6189));
#1160=EDGE_LOOP('',(#6190,#6191,#6192,#6193));
#1161=EDGE_LOOP('',(#6194,#6195,#6196,#6197));
#1162=EDGE_LOOP('',(#6198,#6199,#6200,#6201));
#1163=EDGE_LOOP('',(#6202,#6203,#6204,#6205));
#1164=EDGE_LOOP('',(#6206,#6207,#6208,#6209));
#1165=EDGE_LOOP('',(#6210,#6211,#6212,#6213));
#1166=EDGE_LOOP('',(#6214,#6215,#6216,#6217));
#1167=EDGE_LOOP('',(#6218,#6219,#6220,#6221));
#1168=EDGE_LOOP('',(#6222,#6223,#6224,#6225));
#1169=EDGE_LOOP('',(#6226,#6227,#6228,#6229));
#1170=EDGE_LOOP('',(#6230,#6231,#6232,#6233));
#1171=EDGE_LOOP('',(#6234,#6235,#6236,#6237));
#1172=EDGE_LOOP('',(#6238,#6239,#6240,#6241));
#1173=EDGE_LOOP('',(#6242,#6243,#6244,#6245));
#1174=EDGE_LOOP('',(#6246,#6247,#6248,#6249));
#1175=EDGE_LOOP('',(#6250,#6251,#6252,#6253));
#1176=EDGE_LOOP('',(#6254,#6255,#6256,#6257));
#1177=EDGE_LOOP('',(#6258,#6259,#6260,#6261));
#1178=EDGE_LOOP('',(#6262,#6263,#6264,#6265));
#1179=EDGE_LOOP('',(#6266,#6267,#6268,#6269));
#1180=EDGE_LOOP('',(#6270,#6271,#6272,#6273));
#1181=EDGE_LOOP('',(#6274,#6275,#6276,#6277));
#1182=EDGE_LOOP('',(#6278,#6279,#6280,#6281));
#1183=EDGE_LOOP('',(#6282,#6283,#6284,#6285));
#1184=EDGE_LOOP('',(#6286,#6287,#6288,#6289));
#1185=EDGE_LOOP('',(#6290,#6291,#6292,#6293));
#1186=EDGE_LOOP('',(#6294,#6295,#6296,#6297));
#1187=EDGE_LOOP('',(#6298,#6299,#6300,#6301));
#1188=EDGE_LOOP('',(#6302,#6303,#6304,#6305));
#1189=EDGE_LOOP('',(#6306,#6307,#6308,#6309));
#1190=EDGE_LOOP('',(#6310,#6311,#6312,#6313));
#1191=EDGE_LOOP('',(#6314,#6315,#6316,#6317));
#1192=EDGE_LOOP('',(#6318,#6319,#6320,#6321));
#1193=EDGE_LOOP('',(#6322,#6323,#6324,#6325));
#1194=EDGE_LOOP('',(#6326,#6327,#6328,#6329));
#1195=EDGE_LOOP('',(#6330,#6331,#6332,#6333));
#1196=EDGE_LOOP('',(#6334,#6335,#6336,#6337));
#1197=EDGE_LOOP('',(#6338,#6339,#6340,#6341));
#1198=EDGE_LOOP('',(#6342,#6343,#6344,#6345));
#1199=EDGE_LOOP('',(#6346,#6347,#6348,#6349));
#1200=EDGE_LOOP('',(#6350,#6351,#6352,#6353));
#1201=EDGE_LOOP('',(#6354,#6355,#6356,#6357));
#1202=EDGE_LOOP('',(#6358,#6359,#6360,#6361));
#1203=EDGE_LOOP('',(#6362,#6363,#6364,#6365));
#1204=EDGE_LOOP('',(#6366,#6367,#6368,#6369));
#1205=EDGE_LOOP('',(#6370,#6371,#6372,#6373));
#1206=EDGE_LOOP('',(#6374,#6375,#6376,#6377));
#1207=EDGE_LOOP('',(#6378,#6379,#6380,#6381));
#1208=EDGE_LOOP('',(#6382,#6383,#6384,#6385));
#1209=EDGE_LOOP('',(#6386,#6387,#6388,#6389));
#1210=EDGE_LOOP('',(#6390,#6391,#6392,#6393));
#1211=EDGE_LOOP('',(#6394,#6395,#6396,#6397));
#1212=EDGE_LOOP('',(#6398,#6399,#6400,#6401));
#1213=EDGE_LOOP('',(#6402,#6403,#6404,#6405));
#1214=EDGE_LOOP('',(#6406,#6407,#6408,#6409));
#1215=EDGE_LOOP('',(#6410,#6411,#6412,#6413));
#1216=EDGE_LOOP('',(#6414,#6415,#6416,#6417));
#1217=EDGE_LOOP('',(#6418,#6419,#6420,#6421));
#1218=EDGE_LOOP('',(#6422,#6423,#6424,#6425));
#1219=EDGE_LOOP('',(#6426,#6427,#6428,#6429));
#1220=EDGE_LOOP('',(#6430,#6431,#6432,#6433));
#1221=EDGE_LOOP('',(#6434,#6435,#6436,#6437));
#1222=EDGE_LOOP('',(#6438,#6439,#6440,#6441));
#1223=EDGE_LOOP('',(#6442,#6443,#6444,#6445));
#1224=EDGE_LOOP('',(#6446,#6447,#6448,#6449));
#1225=EDGE_LOOP('',(#6450,#6451,#6452,#6453));
#1226=EDGE_LOOP('',(#6454,#6455,#6456,#6457));
#1227=EDGE_LOOP('',(#6458,#6459,#6460,#6461));
#1228=EDGE_LOOP('',(#6462,#6463,#6464,#6465));
#1229=EDGE_LOOP('',(#6466,#6467,#6468,#6469));
#1230=EDGE_LOOP('',(#6470,#6471,#6472,#6473));
#1231=EDGE_LOOP('',(#6474,#6475,#6476,#6477));
#1232=EDGE_LOOP('',(#6478,#6479,#6480,#6481));
#1233=EDGE_LOOP('',(#6482,#6483,#6484,#6485));
#1234=EDGE_LOOP('',(#6486,#6487,#6488,#6489));
#1235=EDGE_LOOP('',(#6490,#6491,#6492,#6493));
#1236=EDGE_LOOP('',(#6494,#6495,#6496,#6497));
#1237=EDGE_LOOP('',(#6498,#6499,#6500,#6501));
#1238=EDGE_LOOP('',(#6502,#6503,#6504,#6505));
#1239=EDGE_LOOP('',(#6506,#6507,#6508,#6509));
#1240=EDGE_LOOP('',(#6510,#6511,#6512,#6513));
#1241=EDGE_LOOP('',(#6514,#6515,#6516,#6517));
#1242=EDGE_LOOP('',(#6518,#6519,#6520,#6521));
#1243=EDGE_LOOP('',(#6522,#6523,#6524,#6525));
#1244=EDGE_LOOP('',(#6526,#6527,#6528,#6529));
#1245=EDGE_LOOP('',(#6530,#6531,#6532,#6533));
#1246=EDGE_LOOP('',(#6534,#6535,#6536,#6537));
#1247=EDGE_LOOP('',(#6538,#6539,#6540,#6541));
#1248=EDGE_LOOP('',(#6542,#6543,#6544,#6545));
#1249=EDGE_LOOP('',(#6546,#6547,#6548,#6549));
#1250=EDGE_LOOP('',(#6550,#6551,#6552,#6553));
#1251=EDGE_LOOP('',(#6554,#6555,#6556,#6557));
#1252=EDGE_LOOP('',(#6558,#6559,#6560,#6561));
#1253=EDGE_LOOP('',(#6562,#6563,#6564,#6565));
#1254=EDGE_LOOP('',(#6566,#6567,#6568,#6569));
#1255=EDGE_LOOP('',(#6570,#6571,#6572,#6573));
#1256=EDGE_LOOP('',(#6574,#6575,#6576,#6577));
#1257=EDGE_LOOP('',(#6578,#6579,#6580,#6581));
#1258=EDGE_LOOP('',(#6582,#6583,#6584,#6585));
#1259=EDGE_LOOP('',(#6586,#6587,#6588,#6589));
#1260=EDGE_LOOP('',(#6590,#6591,#6592,#6593));
#1261=EDGE_LOOP('',(#6594,#6595,#6596,#6597));
#1262=EDGE_LOOP('',(#6598,#6599,#6600,#6601));
#1263=EDGE_LOOP('',(#6602,#6603,#6604,#6605));
#1264=EDGE_LOOP('',(#6606,#6607,#6608,#6609));
#1265=EDGE_LOOP('',(#6610,#6611,#6612,#6613));
#1266=EDGE_LOOP('',(#6614,#6615,#6616,#6617));
#1267=EDGE_LOOP('',(#6618,#6619,#6620,#6621));
#1268=EDGE_LOOP('',(#6622,#6623,#6624,#6625));
#1269=EDGE_LOOP('',(#6626,#6627,#6628,#6629));
#1270=EDGE_LOOP('',(#6630,#6631,#6632,#6633));
#1271=EDGE_LOOP('',(#6634,#6635,#6636,#6637));
#1272=EDGE_LOOP('',(#6638,#6639,#6640,#6641));
#1273=EDGE_LOOP('',(#6642,#6643,#6644,#6645));
#1274=EDGE_LOOP('',(#6646,#6647,#6648,#6649));
#1275=EDGE_LOOP('',(#6650,#6651,#6652,#6653));
#1276=EDGE_LOOP('',(#6654,#6655,#6656,#6657));
#1277=EDGE_LOOP('',(#6658,#6659,#6660,#6661));
#1278=EDGE_LOOP('',(#6662,#6663,#6664,#6665));
#1279=EDGE_LOOP('',(#6666,#6667,#6668,#6669));
#1280=EDGE_LOOP('',(#6670,#6671,#6672,#6673));
#1281=EDGE_LOOP('',(#6674,#6675,#6676,#6677));
#1282=EDGE_LOOP('',(#6678,#6679,#6680,#6681));
#1283=EDGE_LOOP('',(#6682,#6683,#6684,#6685));
#1284=EDGE_LOOP('',(#6686,#6687,#6688,#6689));
#1285=EDGE_LOOP('',(#6690,#6691,#6692,#6693));
#1286=EDGE_LOOP('',(#6694,#6695,#6696,#6697));
#1287=EDGE_LOOP('',(#6698,#6699,#6700,#6701));
#1288=EDGE_LOOP('',(#6702,#6703,#6704,#6705));
#1289=EDGE_LOOP('',(#6706,#6707,#6708,#6709));
#1290=EDGE_LOOP('',(#6710,#6711,#6712,#6713));
#1291=EDGE_LOOP('',(#6714,#6715,#6716,#6717));
#1292=EDGE_LOOP('',(#6718,#6719,#6720,#6721));
#1293=EDGE_LOOP('',(#6722,#6723,#6724,#6725));
#1294=EDGE_LOOP('',(#6726,#6727,#6728,#6729));
#1295=EDGE_LOOP('',(#6730,#6731,#6732,#6733));
#1296=EDGE_LOOP('',(#6734,#6735,#6736,#6737));
#1297=EDGE_LOOP('',(#6738,#6739,#6740,#6741));
#1298=EDGE_LOOP('',(#6742,#6743,#6744,#6745));
#1299=EDGE_LOOP('',(#6746,#6747,#6748,#6749));
#1300=EDGE_LOOP('',(#6750,#6751,#6752,#6753));
#1301=EDGE_LOOP('',(#6754,#6755,#6756,#6757));
#1302=EDGE_LOOP('',(#6758,#6759,#6760,#6761));
#1303=EDGE_LOOP('',(#6762,#6763,#6764,#6765));
#1304=EDGE_LOOP('',(#6766,#6767,#6768,#6769));
#1305=EDGE_LOOP('',(#6770,#6771,#6772,#6773));
#1306=EDGE_LOOP('',(#6774,#6775,#6776,#6777));
#1307=EDGE_LOOP('',(#6778,#6779,#6780,#6781));
#1308=EDGE_LOOP('',(#6782,#6783,#6784,#6785));
#1309=EDGE_LOOP('',(#6786,#6787,#6788,#6789));
#1310=EDGE_LOOP('',(#6790,#6791,#6792,#6793));
#1311=EDGE_LOOP('',(#6794,#6795,#6796,#6797));
#1312=EDGE_LOOP('',(#6798,#6799,#6800,#6801));
#1313=EDGE_LOOP('',(#6802,#6803,#6804,#6805));
#1314=EDGE_LOOP('',(#6806,#6807,#6808,#6809));
#1315=EDGE_LOOP('',(#6810,#6811,#6812,#6813));
#1316=EDGE_LOOP('',(#6814,#6815,#6816,#6817));
#1317=EDGE_LOOP('',(#6818,#6819,#6820,#6821));
#1318=EDGE_LOOP('',(#6822,#6823,#6824,#6825));
#1319=EDGE_LOOP('',(#6826,#6827,#6828,#6829));
#1320=EDGE_LOOP('',(#6830,#6831,#6832,#6833));
#1321=EDGE_LOOP('',(#6834,#6835,#6836,#6837));
#1322=EDGE_LOOP('',(#6838,#6839,#6840,#6841));
#1323=EDGE_LOOP('',(#6842,#6843,#6844,#6845));
#1324=EDGE_LOOP('',(#6846,#6847,#6848,#6849));
#1325=EDGE_LOOP('',(#6850,#6851,#6852,#6853));
#1326=EDGE_LOOP('',(#6854,#6855,#6856,#6857));
#1327=EDGE_LOOP('',(#6858,#6859,#6860,#6861));
#1328=LINE('',#10518,#2230);
#1329=LINE('',#10520,#2231);
#1330=LINE('',#10522,#2232);
#1331=LINE('',#10523,#2233);
#1332=LINE('',#10526,#2234);
#1333=LINE('',#10528,#2235);
#1334=LINE('',#10530,#2236);
#1335=LINE('',#10531,#2237);
#1336=LINE('',#10534,#2238);
#1337=LINE('',#10536,#2239);
#1338=LINE('',#10537,#2240);
#1339=LINE('',#10540,#2241);
#1340=LINE('',#10541,#2242);
#1341=LINE('',#10545,#2243);
#1342=LINE('',#10547,#2244);
#1343=LINE('',#10549,#2245);
#1344=LINE('',#10550,#2246);
#1345=LINE('',#10554,#2247);
#1346=LINE('',#10556,#2248);
#1347=LINE('',#10558,#2249);
#1348=LINE('',#10559,#2250);
#1349=LINE('',#10562,#2251);
#1350=LINE('',#10564,#2252);
#1351=LINE('',#10566,#2253);
#1352=LINE('',#10567,#2254);
#1353=LINE('',#10570,#2255);
#1354=LINE('',#10572,#2256);
#1355=LINE('',#10573,#2257);
#1356=LINE('',#10576,#2258);
#1357=LINE('',#10577,#2259);
#1358=LINE('',#10581,#2260);
#1359=LINE('',#10583,#2261);
#1360=LINE('',#10585,#2262);
#1361=LINE('',#10586,#2263);
#1362=LINE('',#10590,#2264);
#1363=LINE('',#10592,#2265);
#1364=LINE('',#10594,#2266);
#1365=LINE('',#10595,#2267);
#1366=LINE('',#10598,#2268);
#1367=LINE('',#10600,#2269);
#1368=LINE('',#10601,#2270);
#1369=LINE('',#10604,#2271);
#1370=LINE('',#10606,#2272);
#1371=LINE('',#10607,#2273);
#1372=LINE('',#10609,#2274);
#1373=LINE('',#10610,#2275);
#1374=LINE('',#10614,#2276);
#1375=LINE('',#10616,#2277);
#1376=LINE('',#10618,#2278);
#1377=LINE('',#10619,#2279);
#1378=LINE('',#10622,#2280);
#1379=LINE('',#10624,#2281);
#1380=LINE('',#10625,#2282);
#1381=LINE('',#10628,#2283);
#1382=LINE('',#10629,#2284);
#1383=LINE('',#10632,#2285);
#1384=LINE('',#10633,#2286);
#1385=LINE('',#10635,#2287);
#1386=LINE('',#10639,#2288);
#1387=LINE('',#10640,#2289);
#1388=LINE('',#10642,#2290);
#1389=LINE('',#10646,#2291);
#1390=LINE('',#10648,#2292);
#1391=LINE('',#10649,#2293);
#1392=LINE('',#10652,#2294);
#1393=LINE('',#10654,#2295);
#1394=LINE('',#10655,#2296);
#1395=LINE('',#10657,#2297);
#1396=LINE('',#10658,#2298);
#1397=LINE('',#10661,#2299);
#1398=LINE('',#10663,#2300);
#1399=LINE('',#10665,#2301);
#1400=LINE('',#10667,#2302);
#1401=LINE('',#10669,#2303);
#1402=LINE('',#10670,#2304);
#1403=LINE('',#10672,#2305);
#1404=LINE('',#10674,#2306);
#1405=LINE('',#10675,#2307);
#1406=LINE('',#10728,#2308);
#1407=LINE('',#10729,#2309);
#1408=LINE('',#10732,#2310);
#1409=LINE('',#10733,#2311);
#1410=LINE('',#10735,#2312);
#1411=LINE('',#10739,#2313);
#1412=LINE('',#10743,#2314);
#1413=LINE('',#10747,#2315);
#1414=LINE('',#10751,#2316);
#1415=LINE('',#10755,#2317);
#1416=LINE('',#10759,#2318);
#1417=LINE('',#10763,#2319);
#1418=LINE('',#10767,#2320);
#1419=LINE('',#10771,#2321);
#1420=LINE('',#10775,#2322);
#1421=LINE('',#10779,#2323);
#1422=LINE('',#10783,#2324);
#1423=LINE('',#10787,#2325);
#1424=LINE('',#10791,#2326);
#1425=LINE('',#10795,#2327);
#1426=LINE('',#10799,#2328);
#1427=LINE('',#10803,#2329);
#1428=LINE('',#10807,#2330);
#1429=LINE('',#10811,#2331);
#1430=LINE('',#10815,#2332);
#1431=LINE('',#10820,#2333);
#1432=LINE('',#10825,#2334);
#1433=LINE('',#10830,#2335);
#1434=LINE('',#10833,#2336);
#1435=LINE('',#10836,#2337);
#1436=LINE('',#10838,#2338);
#1437=LINE('',#10840,#2339);
#1438=LINE('',#10844,#2340);
#1439=LINE('',#10846,#2341);
#1440=LINE('',#10847,#2342);
#1441=LINE('',#10850,#2343);
#1442=LINE('',#10851,#2344);
#1443=LINE('',#10854,#2345);
#1444=LINE('',#10855,#2346);
#1445=LINE('',#10857,#2347);
#1446=LINE('',#10858,#2348);
#1447=LINE('',#10859,#2349);
#1448=LINE('',#10870,#2350);
#1449=LINE('',#10873,#2351);
#1450=LINE('',#10875,#2352);
#1451=LINE('',#10877,#2353);
#1452=LINE('',#10879,#2354);
#1453=LINE('',#10885,#2355);
#1454=LINE('',#10909,#2356);
#1455=LINE('',#10957,#2357);
#1456=LINE('',#11005,#2358);
#1457=LINE('',#11059,#2359);
#1458=LINE('',#11107,#2360);
#1459=LINE('',#11155,#2361);
#1460=LINE('',#11209,#2362);
#1461=LINE('',#11257,#2363);
#1462=LINE('',#11274,#2364);
#1463=LINE('',#11299,#2365);
#1464=LINE('',#11324,#2366);
#1465=LINE('',#11349,#2367);
#1466=LINE('',#11373,#2368);
#1467=LINE('',#11398,#2369);
#1468=LINE('',#11423,#2370);
#1469=LINE('',#11448,#2371);
#1470=LINE('',#11455,#2372);
#1471=LINE('',#12360,#2373);
#1472=LINE('',#12369,#2374);
#1473=LINE('',#12375,#2375);
#1474=LINE('',#12382,#2376);
#1475=LINE('',#12384,#2377);
#1476=LINE('',#12386,#2378);
#1477=LINE('',#12387,#2379);
#1478=LINE('',#12390,#2380);
#1479=LINE('',#12392,#2381);
#1480=LINE('',#12393,#2382);
#1481=LINE('',#12396,#2383);
#1482=LINE('',#12398,#2384);
#1483=LINE('',#12399,#2385);
#1484=LINE('',#12401,#2386);
#1485=LINE('',#12402,#2387);
#1486=LINE('',#12408,#2388);
#1487=LINE('',#12410,#2389);
#1488=LINE('',#12412,#2390);
#1489=LINE('',#12413,#2391);
#1490=LINE('',#12416,#2392);
#1491=LINE('',#12418,#2393);
#1492=LINE('',#12419,#2394);
#1493=LINE('',#12422,#2395);
#1494=LINE('',#12424,#2396);
#1495=LINE('',#12425,#2397);
#1496=LINE('',#12427,#2398);
#1497=LINE('',#12428,#2399);
#1498=LINE('',#12434,#2400);
#1499=LINE('',#12436,#2401);
#1500=LINE('',#12438,#2402);
#1501=LINE('',#12439,#2403);
#1502=LINE('',#12442,#2404);
#1503=LINE('',#12444,#2405);
#1504=LINE('',#12445,#2406);
#1505=LINE('',#12448,#2407);
#1506=LINE('',#12450,#2408);
#1507=LINE('',#12451,#2409);
#1508=LINE('',#12453,#2410);
#1509=LINE('',#12454,#2411);
#1510=LINE('',#12460,#2412);
#1511=LINE('',#12462,#2413);
#1512=LINE('',#12464,#2414);
#1513=LINE('',#12465,#2415);
#1514=LINE('',#12468,#2416);
#1515=LINE('',#12470,#2417);
#1516=LINE('',#12471,#2418);
#1517=LINE('',#12474,#2419);
#1518=LINE('',#12476,#2420);
#1519=LINE('',#12477,#2421);
#1520=LINE('',#12479,#2422);
#1521=LINE('',#12480,#2423);
#1522=LINE('',#12486,#2424);
#1523=LINE('',#12488,#2425);
#1524=LINE('',#12490,#2426);
#1525=LINE('',#12491,#2427);
#1526=LINE('',#12494,#2428);
#1527=LINE('',#12496,#2429);
#1528=LINE('',#12497,#2430);
#1529=LINE('',#12500,#2431);
#1530=LINE('',#12502,#2432);
#1531=LINE('',#12503,#2433);
#1532=LINE('',#12505,#2434);
#1533=LINE('',#12506,#2435);
#1534=LINE('',#12512,#2436);
#1535=LINE('',#12514,#2437);
#1536=LINE('',#12516,#2438);
#1537=LINE('',#12517,#2439);
#1538=LINE('',#12520,#2440);
#1539=LINE('',#12522,#2441);
#1540=LINE('',#12523,#2442);
#1541=LINE('',#12526,#2443);
#1542=LINE('',#12528,#2444);
#1543=LINE('',#12529,#2445);
#1544=LINE('',#12531,#2446);
#1545=LINE('',#12532,#2447);
#1546=LINE('',#12538,#2448);
#1547=LINE('',#12540,#2449);
#1548=LINE('',#12542,#2450);
#1549=LINE('',#12543,#2451);
#1550=LINE('',#12546,#2452);
#1551=LINE('',#12548,#2453);
#1552=LINE('',#12549,#2454);
#1553=LINE('',#12552,#2455);
#1554=LINE('',#12554,#2456);
#1555=LINE('',#12555,#2457);
#1556=LINE('',#12557,#2458);
#1557=LINE('',#12558,#2459);
#1558=LINE('',#12564,#2460);
#1559=LINE('',#12566,#2461);
#1560=LINE('',#12568,#2462);
#1561=LINE('',#12569,#2463);
#1562=LINE('',#12572,#2464);
#1563=LINE('',#12574,#2465);
#1564=LINE('',#12575,#2466);
#1565=LINE('',#12578,#2467);
#1566=LINE('',#12580,#2468);
#1567=LINE('',#12581,#2469);
#1568=LINE('',#12583,#2470);
#1569=LINE('',#12584,#2471);
#1570=LINE('',#12590,#2472);
#1571=LINE('',#12592,#2473);
#1572=LINE('',#12594,#2474);
#1573=LINE('',#12595,#2475);
#1574=LINE('',#12598,#2476);
#1575=LINE('',#12600,#2477);
#1576=LINE('',#12601,#2478);
#1577=LINE('',#12604,#2479);
#1578=LINE('',#12606,#2480);
#1579=LINE('',#12607,#2481);
#1580=LINE('',#12609,#2482);
#1581=LINE('',#12610,#2483);
#1582=LINE('',#12616,#2484);
#1583=LINE('',#12618,#2485);
#1584=LINE('',#12620,#2486);
#1585=LINE('',#12621,#2487);
#1586=LINE('',#12624,#2488);
#1587=LINE('',#12626,#2489);
#1588=LINE('',#12627,#2490);
#1589=LINE('',#12630,#2491);
#1590=LINE('',#12632,#2492);
#1591=LINE('',#12633,#2493);
#1592=LINE('',#12635,#2494);
#1593=LINE('',#12636,#2495);
#1594=LINE('',#12642,#2496);
#1595=LINE('',#12644,#2497);
#1596=LINE('',#12646,#2498);
#1597=LINE('',#12647,#2499);
#1598=LINE('',#12650,#2500);
#1599=LINE('',#12652,#2501);
#1600=LINE('',#12653,#2502);
#1601=LINE('',#12656,#2503);
#1602=LINE('',#12658,#2504);
#1603=LINE('',#12659,#2505);
#1604=LINE('',#12661,#2506);
#1605=LINE('',#12662,#2507);
#1606=LINE('',#12668,#2508);
#1607=LINE('',#12670,#2509);
#1608=LINE('',#12672,#2510);
#1609=LINE('',#12673,#2511);
#1610=LINE('',#12676,#2512);
#1611=LINE('',#12678,#2513);
#1612=LINE('',#12679,#2514);
#1613=LINE('',#12682,#2515);
#1614=LINE('',#12684,#2516);
#1615=LINE('',#12685,#2517);
#1616=LINE('',#12687,#2518);
#1617=LINE('',#12688,#2519);
#1618=LINE('',#12694,#2520);
#1619=LINE('',#12696,#2521);
#1620=LINE('',#12698,#2522);
#1621=LINE('',#12699,#2523);
#1622=LINE('',#12702,#2524);
#1623=LINE('',#12704,#2525);
#1624=LINE('',#12705,#2526);
#1625=LINE('',#12708,#2527);
#1626=LINE('',#12710,#2528);
#1627=LINE('',#12711,#2529);
#1628=LINE('',#12713,#2530);
#1629=LINE('',#12714,#2531);
#1630=LINE('',#12720,#2532);
#1631=LINE('',#12722,#2533);
#1632=LINE('',#12724,#2534);
#1633=LINE('',#12725,#2535);
#1634=LINE('',#12728,#2536);
#1635=LINE('',#12730,#2537);
#1636=LINE('',#12731,#2538);
#1637=LINE('',#12734,#2539);
#1638=LINE('',#12736,#2540);
#1639=LINE('',#12737,#2541);
#1640=LINE('',#12739,#2542);
#1641=LINE('',#12740,#2543);
#1642=LINE('',#12746,#2544);
#1643=LINE('',#12748,#2545);
#1644=LINE('',#12750,#2546);
#1645=LINE('',#12751,#2547);
#1646=LINE('',#12754,#2548);
#1647=LINE('',#12756,#2549);
#1648=LINE('',#12757,#2550);
#1649=LINE('',#12760,#2551);
#1650=LINE('',#12762,#2552);
#1651=LINE('',#12763,#2553);
#1652=LINE('',#12765,#2554);
#1653=LINE('',#12766,#2555);
#1654=LINE('',#12772,#2556);
#1655=LINE('',#12774,#2557);
#1656=LINE('',#12776,#2558);
#1657=LINE('',#12777,#2559);
#1658=LINE('',#12780,#2560);
#1659=LINE('',#12782,#2561);
#1660=LINE('',#12783,#2562);
#1661=LINE('',#12786,#2563);
#1662=LINE('',#12788,#2564);
#1663=LINE('',#12789,#2565);
#1664=LINE('',#12791,#2566);
#1665=LINE('',#12792,#2567);
#1666=LINE('',#12798,#2568);
#1667=LINE('',#12800,#2569);
#1668=LINE('',#12802,#2570);
#1669=LINE('',#12803,#2571);
#1670=LINE('',#12806,#2572);
#1671=LINE('',#12808,#2573);
#1672=LINE('',#12809,#2574);
#1673=LINE('',#12812,#2575);
#1674=LINE('',#12814,#2576);
#1675=LINE('',#12815,#2577);
#1676=LINE('',#12817,#2578);
#1677=LINE('',#12818,#2579);
#1678=LINE('',#12824,#2580);
#1679=LINE('',#12826,#2581);
#1680=LINE('',#12828,#2582);
#1681=LINE('',#12829,#2583);
#1682=LINE('',#12832,#2584);
#1683=LINE('',#12834,#2585);
#1684=LINE('',#12835,#2586);
#1685=LINE('',#12838,#2587);
#1686=LINE('',#12840,#2588);
#1687=LINE('',#12841,#2589);
#1688=LINE('',#12843,#2590);
#1689=LINE('',#12844,#2591);
#1690=LINE('',#12850,#2592);
#1691=LINE('',#12852,#2593);
#1692=LINE('',#12854,#2594);
#1693=LINE('',#12855,#2595);
#1694=LINE('',#12858,#2596);
#1695=LINE('',#12860,#2597);
#1696=LINE('',#12861,#2598);
#1697=LINE('',#12864,#2599);
#1698=LINE('',#12866,#2600);
#1699=LINE('',#12867,#2601);
#1700=LINE('',#12869,#2602);
#1701=LINE('',#12870,#2603);
#1702=LINE('',#12876,#2604);
#1703=LINE('',#12878,#2605);
#1704=LINE('',#12880,#2606);
#1705=LINE('',#12881,#2607);
#1706=LINE('',#12884,#2608);
#1707=LINE('',#12886,#2609);
#1708=LINE('',#12887,#2610);
#1709=LINE('',#12890,#2611);
#1710=LINE('',#12892,#2612);
#1711=LINE('',#12893,#2613);
#1712=LINE('',#12895,#2614);
#1713=LINE('',#12896,#2615);
#1714=LINE('',#12902,#2616);
#1715=LINE('',#12904,#2617);
#1716=LINE('',#12906,#2618);
#1717=LINE('',#12907,#2619);
#1718=LINE('',#12910,#2620);
#1719=LINE('',#12912,#2621);
#1720=LINE('',#12913,#2622);
#1721=LINE('',#12916,#2623);
#1722=LINE('',#12918,#2624);
#1723=LINE('',#12919,#2625);
#1724=LINE('',#12921,#2626);
#1725=LINE('',#12922,#2627);
#1726=LINE('',#12928,#2628);
#1727=LINE('',#12930,#2629);
#1728=LINE('',#12932,#2630);
#1729=LINE('',#12933,#2631);
#1730=LINE('',#12936,#2632);
#1731=LINE('',#12938,#2633);
#1732=LINE('',#12939,#2634);
#1733=LINE('',#12942,#2635);
#1734=LINE('',#12943,#2636);
#1735=LINE('',#12946,#2637);
#1736=LINE('',#12947,#2638);
#1737=LINE('',#12949,#2639);
#1738=LINE('',#12954,#2640);
#1739=LINE('',#12956,#2641);
#1740=LINE('',#12958,#2642);
#1741=LINE('',#12959,#2643);
#1742=LINE('',#12962,#2644);
#1743=LINE('',#12964,#2645);
#1744=LINE('',#12965,#2646);
#1745=LINE('',#12968,#2647);
#1746=LINE('',#12969,#2648);
#1747=LINE('',#12972,#2649);
#1748=LINE('',#12973,#2650);
#1749=LINE('',#12975,#2651);
#1750=LINE('',#12980,#2652);
#1751=LINE('',#12982,#2653);
#1752=LINE('',#12984,#2654);
#1753=LINE('',#12985,#2655);
#1754=LINE('',#12988,#2656);
#1755=LINE('',#12990,#2657);
#1756=LINE('',#12991,#2658);
#1757=LINE('',#12994,#2659);
#1758=LINE('',#12995,#2660);
#1759=LINE('',#12998,#2661);
#1760=LINE('',#12999,#2662);
#1761=LINE('',#13001,#2663);
#1762=LINE('',#13006,#2664);
#1763=LINE('',#13008,#2665);
#1764=LINE('',#13010,#2666);
#1765=LINE('',#13011,#2667);
#1766=LINE('',#13014,#2668);
#1767=LINE('',#13016,#2669);
#1768=LINE('',#13017,#2670);
#1769=LINE('',#13020,#2671);
#1770=LINE('',#13021,#2672);
#1771=LINE('',#13024,#2673);
#1772=LINE('',#13025,#2674);
#1773=LINE('',#13027,#2675);
#1774=LINE('',#13032,#2676);
#1775=LINE('',#13034,#2677);
#1776=LINE('',#13036,#2678);
#1777=LINE('',#13037,#2679);
#1778=LINE('',#13040,#2680);
#1779=LINE('',#13042,#2681);
#1780=LINE('',#13043,#2682);
#1781=LINE('',#13046,#2683);
#1782=LINE('',#13047,#2684);
#1783=LINE('',#13050,#2685);
#1784=LINE('',#13051,#2686);
#1785=LINE('',#13053,#2687);
#1786=LINE('',#13058,#2688);
#1787=LINE('',#13060,#2689);
#1788=LINE('',#13062,#2690);
#1789=LINE('',#13063,#2691);
#1790=LINE('',#13066,#2692);
#1791=LINE('',#13068,#2693);
#1792=LINE('',#13069,#2694);
#1793=LINE('',#13072,#2695);
#1794=LINE('',#13073,#2696);
#1795=LINE('',#13076,#2697);
#1796=LINE('',#13077,#2698);
#1797=LINE('',#13079,#2699);
#1798=LINE('',#13084,#2700);
#1799=LINE('',#13086,#2701);
#1800=LINE('',#13088,#2702);
#1801=LINE('',#13089,#2703);
#1802=LINE('',#13092,#2704);
#1803=LINE('',#13094,#2705);
#1804=LINE('',#13095,#2706);
#1805=LINE('',#13098,#2707);
#1806=LINE('',#13099,#2708);
#1807=LINE('',#13102,#2709);
#1808=LINE('',#13103,#2710);
#1809=LINE('',#13105,#2711);
#1810=LINE('',#13110,#2712);
#1811=LINE('',#13112,#2713);
#1812=LINE('',#13114,#2714);
#1813=LINE('',#13115,#2715);
#1814=LINE('',#13118,#2716);
#1815=LINE('',#13120,#2717);
#1816=LINE('',#13121,#2718);
#1817=LINE('',#13124,#2719);
#1818=LINE('',#13125,#2720);
#1819=LINE('',#13128,#2721);
#1820=LINE('',#13129,#2722);
#1821=LINE('',#13131,#2723);
#1822=LINE('',#13136,#2724);
#1823=LINE('',#13138,#2725);
#1824=LINE('',#13140,#2726);
#1825=LINE('',#13141,#2727);
#1826=LINE('',#13144,#2728);
#1827=LINE('',#13146,#2729);
#1828=LINE('',#13147,#2730);
#1829=LINE('',#13150,#2731);
#1830=LINE('',#13151,#2732);
#1831=LINE('',#13154,#2733);
#1832=LINE('',#13155,#2734);
#1833=LINE('',#13157,#2735);
#1834=LINE('',#13162,#2736);
#1835=LINE('',#13164,#2737);
#1836=LINE('',#13166,#2738);
#1837=LINE('',#13167,#2739);
#1838=LINE('',#13170,#2740);
#1839=LINE('',#13172,#2741);
#1840=LINE('',#13173,#2742);
#1841=LINE('',#13176,#2743);
#1842=LINE('',#13177,#2744);
#1843=LINE('',#13180,#2745);
#1844=LINE('',#13181,#2746);
#1845=LINE('',#13183,#2747);
#1846=LINE('',#13188,#2748);
#1847=LINE('',#13190,#2749);
#1848=LINE('',#13192,#2750);
#1849=LINE('',#13193,#2751);
#1850=LINE('',#13196,#2752);
#1851=LINE('',#13198,#2753);
#1852=LINE('',#13199,#2754);
#1853=LINE('',#13202,#2755);
#1854=LINE('',#13203,#2756);
#1855=LINE('',#13206,#2757);
#1856=LINE('',#13207,#2758);
#1857=LINE('',#13209,#2759);
#1858=LINE('',#13214,#2760);
#1859=LINE('',#13216,#2761);
#1860=LINE('',#13218,#2762);
#1861=LINE('',#13219,#2763);
#1862=LINE('',#13222,#2764);
#1863=LINE('',#13224,#2765);
#1864=LINE('',#13225,#2766);
#1865=LINE('',#13228,#2767);
#1866=LINE('',#13229,#2768);
#1867=LINE('',#13232,#2769);
#1868=LINE('',#13233,#2770);
#1869=LINE('',#13235,#2771);
#1870=LINE('',#13240,#2772);
#1871=LINE('',#13242,#2773);
#1872=LINE('',#13244,#2774);
#1873=LINE('',#13245,#2775);
#1874=LINE('',#13248,#2776);
#1875=LINE('',#13250,#2777);
#1876=LINE('',#13251,#2778);
#1877=LINE('',#13254,#2779);
#1878=LINE('',#13255,#2780);
#1879=LINE('',#13258,#2781);
#1880=LINE('',#13259,#2782);
#1881=LINE('',#13261,#2783);
#1882=LINE('',#13266,#2784);
#1883=LINE('',#13268,#2785);
#1884=LINE('',#13270,#2786);
#1885=LINE('',#13271,#2787);
#1886=LINE('',#13274,#2788);
#1887=LINE('',#13276,#2789);
#1888=LINE('',#13277,#2790);
#1889=LINE('',#13280,#2791);
#1890=LINE('',#13281,#2792);
#1891=LINE('',#13284,#2793);
#1892=LINE('',#13285,#2794);
#1893=LINE('',#13287,#2795);
#1894=LINE('',#13292,#2796);
#1895=LINE('',#13294,#2797);
#1896=LINE('',#13296,#2798);
#1897=LINE('',#13297,#2799);
#1898=LINE('',#13300,#2800);
#1899=LINE('',#13302,#2801);
#1900=LINE('',#13303,#2802);
#1901=LINE('',#13306,#2803);
#1902=LINE('',#13307,#2804);
#1903=LINE('',#13310,#2805);
#1904=LINE('',#13311,#2806);
#1905=LINE('',#13313,#2807);
#1906=LINE('',#13318,#2808);
#1907=LINE('',#13320,#2809);
#1908=LINE('',#13322,#2810);
#1909=LINE('',#13323,#2811);
#1910=LINE('',#13326,#2812);
#1911=LINE('',#13328,#2813);
#1912=LINE('',#13329,#2814);
#1913=LINE('',#13332,#2815);
#1914=LINE('',#13333,#2816);
#1915=LINE('',#13336,#2817);
#1916=LINE('',#13337,#2818);
#1917=LINE('',#13339,#2819);
#1918=LINE('',#13344,#2820);
#1919=LINE('',#13346,#2821);
#1920=LINE('',#13348,#2822);
#1921=LINE('',#13349,#2823);
#1922=LINE('',#13352,#2824);
#1923=LINE('',#13354,#2825);
#1924=LINE('',#13355,#2826);
#1925=LINE('',#13358,#2827);
#1926=LINE('',#13359,#2828);
#1927=LINE('',#13362,#2829);
#1928=LINE('',#13363,#2830);
#1929=LINE('',#13365,#2831);
#1930=LINE('',#13370,#2832);
#1931=LINE('',#13372,#2833);
#1932=LINE('',#13374,#2834);
#1933=LINE('',#13375,#2835);
#1934=LINE('',#13378,#2836);
#1935=LINE('',#13380,#2837);
#1936=LINE('',#13381,#2838);
#1937=LINE('',#13384,#2839);
#1938=LINE('',#13385,#2840);
#1939=LINE('',#13388,#2841);
#1940=LINE('',#13389,#2842);
#1941=LINE('',#13391,#2843);
#1942=LINE('',#13396,#2844);
#1943=LINE('',#13398,#2845);
#1944=LINE('',#13400,#2846);
#1945=LINE('',#13401,#2847);
#1946=LINE('',#13404,#2848);
#1947=LINE('',#13406,#2849);
#1948=LINE('',#13407,#2850);
#1949=LINE('',#13410,#2851);
#1950=LINE('',#13411,#2852);
#1951=LINE('',#13414,#2853);
#1952=LINE('',#13415,#2854);
#1953=LINE('',#13417,#2855);
#1954=LINE('',#13422,#2856);
#1955=LINE('',#13424,#2857);
#1956=LINE('',#13426,#2858);
#1957=LINE('',#13427,#2859);
#1958=LINE('',#13430,#2860);
#1959=LINE('',#13432,#2861);
#1960=LINE('',#13433,#2862);
#1961=LINE('',#13436,#2863);
#1962=LINE('',#13437,#2864);
#1963=LINE('',#13440,#2865);
#1964=LINE('',#13441,#2866);
#1965=LINE('',#13443,#2867);
#1966=LINE('',#13448,#2868);
#1967=LINE('',#13450,#2869);
#1968=LINE('',#13452,#2870);
#1969=LINE('',#13453,#2871);
#1970=LINE('',#13456,#2872);
#1971=LINE('',#13458,#2873);
#1972=LINE('',#13459,#2874);
#1973=LINE('',#13462,#2875);
#1974=LINE('',#13463,#2876);
#1975=LINE('',#13466,#2877);
#1976=LINE('',#13467,#2878);
#1977=LINE('',#13469,#2879);
#1978=LINE('',#13474,#2880);
#1979=LINE('',#13476,#2881);
#1980=LINE('',#13478,#2882);
#1981=LINE('',#13479,#2883);
#1982=LINE('',#13482,#2884);
#1983=LINE('',#13484,#2885);
#1984=LINE('',#13485,#2886);
#1985=LINE('',#13488,#2887);
#1986=LINE('',#13489,#2888);
#1987=LINE('',#13492,#2889);
#1988=LINE('',#13493,#2890);
#1989=LINE('',#13495,#2891);
#1990=LINE('',#13500,#2892);
#1991=LINE('',#13502,#2893);
#1992=LINE('',#13504,#2894);
#1993=LINE('',#13505,#2895);
#1994=LINE('',#13508,#2896);
#1995=LINE('',#13510,#2897);
#1996=LINE('',#13511,#2898);
#1997=LINE('',#13514,#2899);
#1998=LINE('',#13515,#2900);
#1999=LINE('',#13518,#2901);
#2000=LINE('',#13519,#2902);
#2001=LINE('',#13521,#2903);
#2002=LINE('',#13526,#2904);
#2003=LINE('',#13528,#2905);
#2004=LINE('',#13530,#2906);
#2005=LINE('',#13531,#2907);
#2006=LINE('',#13534,#2908);
#2007=LINE('',#13536,#2909);
#2008=LINE('',#13537,#2910);
#2009=LINE('',#13540,#2911);
#2010=LINE('',#13541,#2912);
#2011=LINE('',#13544,#2913);
#2012=LINE('',#13545,#2914);
#2013=LINE('',#13547,#2915);
#2014=LINE('',#13552,#2916);
#2015=LINE('',#13554,#2917);
#2016=LINE('',#13556,#2918);
#2017=LINE('',#13557,#2919);
#2018=LINE('',#13560,#2920);
#2019=LINE('',#13562,#2921);
#2020=LINE('',#13563,#2922);
#2021=LINE('',#13566,#2923);
#2022=LINE('',#13567,#2924);
#2023=LINE('',#13570,#2925);
#2024=LINE('',#13571,#2926);
#2025=LINE('',#13573,#2927);
#2026=LINE('',#13578,#2928);
#2027=LINE('',#13580,#2929);
#2028=LINE('',#13582,#2930);
#2029=LINE('',#13583,#2931);
#2030=LINE('',#13586,#2932);
#2031=LINE('',#13588,#2933);
#2032=LINE('',#13589,#2934);
#2033=LINE('',#13592,#2935);
#2034=LINE('',#13593,#2936);
#2035=LINE('',#13596,#2937);
#2036=LINE('',#13597,#2938);
#2037=LINE('',#13599,#2939);
#2038=LINE('',#13604,#2940);
#2039=LINE('',#13606,#2941);
#2040=LINE('',#13608,#2942);
#2041=LINE('',#13609,#2943);
#2042=LINE('',#13612,#2944);
#2043=LINE('',#13614,#2945);
#2044=LINE('',#13615,#2946);
#2045=LINE('',#13618,#2947);
#2046=LINE('',#13619,#2948);
#2047=LINE('',#13622,#2949);
#2048=LINE('',#13623,#2950);
#2049=LINE('',#13625,#2951);
#2050=LINE('',#13630,#2952);
#2051=LINE('',#13632,#2953);
#2052=LINE('',#13634,#2954);
#2053=LINE('',#13635,#2955);
#2054=LINE('',#13638,#2956);
#2055=LINE('',#13640,#2957);
#2056=LINE('',#13641,#2958);
#2057=LINE('',#13644,#2959);
#2058=LINE('',#13645,#2960);
#2059=LINE('',#13648,#2961);
#2060=LINE('',#13649,#2962);
#2061=LINE('',#13651,#2963);
#2062=LINE('',#13656,#2964);
#2063=LINE('',#13658,#2965);
#2064=LINE('',#13660,#2966);
#2065=LINE('',#13661,#2967);
#2066=LINE('',#13664,#2968);
#2067=LINE('',#13666,#2969);
#2068=LINE('',#13667,#2970);
#2069=LINE('',#13670,#2971);
#2070=LINE('',#13671,#2972);
#2071=LINE('',#13674,#2973);
#2072=LINE('',#13675,#2974);
#2073=LINE('',#13677,#2975);
#2074=LINE('',#13682,#2976);
#2075=LINE('',#13684,#2977);
#2076=LINE('',#13686,#2978);
#2077=LINE('',#13687,#2979);
#2078=LINE('',#13690,#2980);
#2079=LINE('',#13692,#2981);
#2080=LINE('',#13693,#2982);
#2081=LINE('',#13696,#2983);
#2082=LINE('',#13697,#2984);
#2083=LINE('',#13700,#2985);
#2084=LINE('',#13701,#2986);
#2085=LINE('',#13703,#2987);
#2086=LINE('',#13708,#2988);
#2087=LINE('',#13710,#2989);
#2088=LINE('',#13712,#2990);
#2089=LINE('',#13713,#2991);
#2090=LINE('',#13716,#2992);
#2091=LINE('',#13718,#2993);
#2092=LINE('',#13719,#2994);
#2093=LINE('',#13722,#2995);
#2094=LINE('',#13723,#2996);
#2095=LINE('',#13726,#2997);
#2096=LINE('',#13727,#2998);
#2097=LINE('',#13729,#2999);
#2098=LINE('',#13734,#3000);
#2099=LINE('',#13736,#3001);
#2100=LINE('',#13738,#3002);
#2101=LINE('',#13739,#3003);
#2102=LINE('',#13742,#3004);
#2103=LINE('',#13744,#3005);
#2104=LINE('',#13745,#3006);
#2105=LINE('',#13748,#3007);
#2106=LINE('',#13749,#3008);
#2107=LINE('',#13752,#3009);
#2108=LINE('',#13753,#3010);
#2109=LINE('',#13755,#3011);
#2110=LINE('',#13760,#3012);
#2111=LINE('',#13762,#3013);
#2112=LINE('',#13764,#3014);
#2113=LINE('',#13765,#3015);
#2114=LINE('',#13768,#3016);
#2115=LINE('',#13770,#3017);
#2116=LINE('',#13771,#3018);
#2117=LINE('',#13774,#3019);
#2118=LINE('',#13775,#3020);
#2119=LINE('',#13778,#3021);
#2120=LINE('',#13779,#3022);
#2121=LINE('',#13781,#3023);
#2122=LINE('',#13786,#3024);
#2123=LINE('',#13788,#3025);
#2124=LINE('',#13790,#3026);
#2125=LINE('',#13791,#3027);
#2126=LINE('',#13794,#3028);
#2127=LINE('',#13796,#3029);
#2128=LINE('',#13797,#3030);
#2129=LINE('',#13800,#3031);
#2130=LINE('',#13801,#3032);
#2131=LINE('',#13804,#3033);
#2132=LINE('',#13805,#3034);
#2133=LINE('',#13807,#3035);
#2134=LINE('',#13812,#3036);
#2135=LINE('',#13814,#3037);
#2136=LINE('',#13816,#3038);
#2137=LINE('',#13817,#3039);
#2138=LINE('',#13820,#3040);
#2139=LINE('',#13822,#3041);
#2140=LINE('',#13823,#3042);
#2141=LINE('',#13826,#3043);
#2142=LINE('',#13827,#3044);
#2143=LINE('',#13830,#3045);
#2144=LINE('',#13831,#3046);
#2145=LINE('',#13833,#3047);
#2146=LINE('',#13838,#3048);
#2147=LINE('',#13840,#3049);
#2148=LINE('',#13842,#3050);
#2149=LINE('',#13843,#3051);
#2150=LINE('',#13846,#3052);
#2151=LINE('',#13848,#3053);
#2152=LINE('',#13849,#3054);
#2153=LINE('',#13852,#3055);
#2154=LINE('',#13853,#3056);
#2155=LINE('',#13856,#3057);
#2156=LINE('',#13857,#3058);
#2157=LINE('',#13859,#3059);
#2158=LINE('',#13864,#3060);
#2159=LINE('',#13866,#3061);
#2160=LINE('',#13868,#3062);
#2161=LINE('',#13869,#3063);
#2162=LINE('',#13872,#3064);
#2163=LINE('',#13874,#3065);
#2164=LINE('',#13875,#3066);
#2165=LINE('',#13878,#3067);
#2166=LINE('',#13879,#3068);
#2167=LINE('',#13882,#3069);
#2168=LINE('',#13883,#3070);
#2169=LINE('',#13885,#3071);
#2170=LINE('',#13890,#3072);
#2171=LINE('',#13892,#3073);
#2172=LINE('',#13894,#3074);
#2173=LINE('',#13895,#3075);
#2174=LINE('',#13898,#3076);
#2175=LINE('',#13900,#3077);
#2176=LINE('',#13901,#3078);
#2177=LINE('',#13904,#3079);
#2178=LINE('',#13905,#3080);
#2179=LINE('',#13908,#3081);
#2180=LINE('',#13909,#3082);
#2181=LINE('',#13911,#3083);
#2182=LINE('',#13916,#3084);
#2183=LINE('',#13918,#3085);
#2184=LINE('',#13920,#3086);
#2185=LINE('',#13921,#3087);
#2186=LINE('',#13924,#3088);
#2187=LINE('',#13926,#3089);
#2188=LINE('',#13927,#3090);
#2189=LINE('',#13930,#3091);
#2190=LINE('',#13931,#3092);
#2191=LINE('',#13934,#3093);
#2192=LINE('',#13935,#3094);
#2193=LINE('',#13937,#3095);
#2194=LINE('',#13942,#3096);
#2195=LINE('',#13944,#3097);
#2196=LINE('',#13946,#3098);
#2197=LINE('',#13947,#3099);
#2198=LINE('',#13950,#3100);
#2199=LINE('',#13952,#3101);
#2200=LINE('',#13953,#3102);
#2201=LINE('',#13956,#3103);
#2202=LINE('',#13957,#3104);
#2203=LINE('',#13960,#3105);
#2204=LINE('',#13961,#3106);
#2205=LINE('',#13963,#3107);
#2206=LINE('',#13968,#3108);
#2207=LINE('',#13970,#3109);
#2208=LINE('',#13972,#3110);
#2209=LINE('',#13973,#3111);
#2210=LINE('',#13976,#3112);
#2211=LINE('',#13978,#3113);
#2212=LINE('',#13979,#3114);
#2213=LINE('',#13982,#3115);
#2214=LINE('',#13983,#3116);
#2215=LINE('',#13986,#3117);
#2216=LINE('',#13987,#3118);
#2217=LINE('',#13989,#3119);
#2218=LINE('',#13994,#3120);
#2219=LINE('',#13996,#3121);
#2220=LINE('',#13998,#3122);
#2221=LINE('',#13999,#3123);
#2222=LINE('',#14002,#3124);
#2223=LINE('',#14004,#3125);
#2224=LINE('',#14005,#3126);
#2225=LINE('',#14008,#3127);
#2226=LINE('',#14009,#3128);
#2227=LINE('',#14012,#3129);
#2228=LINE('',#14013,#3130);
#2229=LINE('',#14015,#3131);
#2230=VECTOR('',#8510,10.);
#2231=VECTOR('',#8511,10.);
#2232=VECTOR('',#8512,10.);
#2233=VECTOR('',#8513,10.);
#2234=VECTOR('',#8514,10.);
#2235=VECTOR('',#8515,10.);
#2236=VECTOR('',#8516,10.);
#2237=VECTOR('',#8517,10.);
#2238=VECTOR('',#8520,10.);
#2239=VECTOR('',#8521,10.);
#2240=VECTOR('',#8522,10.);
#2241=VECTOR('',#8525,10.);
#2242=VECTOR('',#8526,10.);
#2243=VECTOR('',#8529,10.);
#2244=VECTOR('',#8530,10.);
#2245=VECTOR('',#8531,10.);
#2246=VECTOR('',#8532,10.);
#2247=VECTOR('',#8535,10.);
#2248=VECTOR('',#8536,10.);
#2249=VECTOR('',#8537,10.);
#2250=VECTOR('',#8538,10.);
#2251=VECTOR('',#8539,10.);
#2252=VECTOR('',#8540,10.);
#2253=VECTOR('',#8541,10.);
#2254=VECTOR('',#8542,10.);
#2255=VECTOR('',#8545,10.);
#2256=VECTOR('',#8546,10.);
#2257=VECTOR('',#8547,10.);
#2258=VECTOR('',#8550,10.);
#2259=VECTOR('',#8551,10.);
#2260=VECTOR('',#8554,10.);
#2261=VECTOR('',#8555,10.);
#2262=VECTOR('',#8556,10.);
#2263=VECTOR('',#8557,10.);
#2264=VECTOR('',#8560,10.);
#2265=VECTOR('',#8561,10.);
#2266=VECTOR('',#8562,10.);
#2267=VECTOR('',#8563,10.);
#2268=VECTOR('',#8566,10.);
#2269=VECTOR('',#8567,10.);
#2270=VECTOR('',#8568,10.);
#2271=VECTOR('',#8571,10.);
#2272=VECTOR('',#8572,10.);
#2273=VECTOR('',#8573,10.);
#2274=VECTOR('',#8576,10.);
#2275=VECTOR('',#8577,10.);
#2276=VECTOR('',#8580,10.);
#2277=VECTOR('',#8581,10.);
#2278=VECTOR('',#8582,10.);
#2279=VECTOR('',#8583,10.);
#2280=VECTOR('',#8586,10.);
#2281=VECTOR('',#8587,10.);
#2282=VECTOR('',#8588,10.);
#2283=VECTOR('',#8591,10.);
#2284=VECTOR('',#8592,10.);
#2285=VECTOR('',#8595,10.);
#2286=VECTOR('',#8596,10.);
#2287=VECTOR('',#8599,10.);
#2288=VECTOR('',#8604,10.);
#2289=VECTOR('',#8605,10.);
#2290=VECTOR('',#8608,10.);
#2291=VECTOR('',#8613,10.);
#2292=VECTOR('',#8614,10.);
#2293=VECTOR('',#8615,10.);
#2294=VECTOR('',#8618,10.);
#2295=VECTOR('',#8619,10.);
#2296=VECTOR('',#8620,10.);
#2297=VECTOR('',#8623,10.);
#2298=VECTOR('',#8624,10.);
#2299=VECTOR('',#8629,10.);
#2300=VECTOR('',#8630,10.);
#2301=VECTOR('',#8631,10.);
#2302=VECTOR('',#8632,10.);
#2303=VECTOR('',#8633,10.);
#2304=VECTOR('',#8634,10.);
#2305=VECTOR('',#8635,10.);
#2306=VECTOR('',#8636,10.);
#2307=VECTOR('',#8637,10.);
#2308=VECTOR('',#8690,10.);
#2309=VECTOR('',#8691,10.);
#2310=VECTOR('',#8694,10.);
#2311=VECTOR('',#8695,10.);
#2312=VECTOR('',#8698,10.);
#2313=VECTOR('',#8703,0.499999999999998);
#2314=VECTOR('',#8708,0.5);
#2315=VECTOR('',#8713,0.5);
#2316=VECTOR('',#8718,0.5);
#2317=VECTOR('',#8723,0.5);
#2318=VECTOR('',#8728,0.5);
#2319=VECTOR('',#8733,0.5);
#2320=VECTOR('',#8738,0.5);
#2321=VECTOR('',#8743,0.499999999999998);
#2322=VECTOR('',#8748,0.499999999999998);
#2323=VECTOR('',#8753,0.499999999999998);
#2324=VECTOR('',#8758,0.5);
#2325=VECTOR('',#8763,0.5);
#2326=VECTOR('',#8768,0.5);
#2327=VECTOR('',#8773,0.5);
#2328=VECTOR('',#8778,0.499999999999998);
#2329=VECTOR('',#8783,0.5);
#2330=VECTOR('',#8788,0.5);
#2331=VECTOR('',#8793,0.499999999999998);
#2332=VECTOR('',#8798,0.499999999999998);
#2333=VECTOR('',#8805,2.25);
#2334=VECTOR('',#8810,10.);
#2335=VECTOR('',#8817,10.);
#2336=VECTOR('',#8820,10.);
#2337=VECTOR('',#8823,10.);
#2338=VECTOR('',#8826,10.);
#2339=VECTOR('',#8829,10.);
#2340=VECTOR('',#8834,10.);
#2341=VECTOR('',#8835,10.);
#2342=VECTOR('',#8836,10.);
#2343=VECTOR('',#8839,10.);
#2344=VECTOR('',#8840,10.);
#2345=VECTOR('',#8843,10.);
#2346=VECTOR('',#8844,10.);
#2347=VECTOR('',#8847,10.);
#2348=VECTOR('',#8848,10.);
#2349=VECTOR('',#8849,10.);
#2350=VECTOR('',#8862,10.);
#2351=VECTOR('',#8867,1.75);
#2352=VECTOR('',#8870,1.75);
#2353=VECTOR('',#8873,1.75);
#2354=VECTOR('',#8876,1.75);
#2355=VECTOR('',#8883,2.75);
#2356=VECTOR('',#8888,2.75);
#2357=VECTOR('',#8891,2.75);
#2358=VECTOR('',#8894,2.75);
#2359=VECTOR('',#8897,2.75);
#2360=VECTOR('',#8900,2.75);
#2361=VECTOR('',#8903,2.75);
#2362=VECTOR('',#8906,2.75);
#2363=VECTOR('',#8909,2.424);
#2364=VECTOR('',#8914,2.424);
#2365=VECTOR('',#8917,2.424);
#2366=VECTOR('',#8920,2.424);
#2367=VECTOR('',#8923,2.424);
#2368=VECTOR('',#8926,2.424);
#2369=VECTOR('',#8929,2.424);
#2370=VECTOR('',#8932,2.424);
#2371=VECTOR('',#8937,0.5);
#2372=VECTOR('',#8946,2.375);
#2373=VECTOR('',#8973,2.5);
#2374=VECTOR('',#8988,2.5);
#2375=VECTOR('',#8995,4.);
#2376=VECTOR('',#9004,10.);
#2377=VECTOR('',#9005,10.);
#2378=VECTOR('',#9006,10.);
#2379=VECTOR('',#9007,10.);
#2380=VECTOR('',#9010,10.);
#2381=VECTOR('',#9011,10.);
#2382=VECTOR('',#9012,10.);
#2383=VECTOR('',#9015,10.);
#2384=VECTOR('',#9016,10.);
#2385=VECTOR('',#9017,10.);
#2386=VECTOR('',#9020,10.);
#2387=VECTOR('',#9021,10.);
#2388=VECTOR('',#9028,10.);
#2389=VECTOR('',#9029,10.);
#2390=VECTOR('',#9030,10.);
#2391=VECTOR('',#9031,10.);
#2392=VECTOR('',#9034,10.);
#2393=VECTOR('',#9035,10.);
#2394=VECTOR('',#9036,10.);
#2395=VECTOR('',#9039,10.);
#2396=VECTOR('',#9040,10.);
#2397=VECTOR('',#9041,10.);
#2398=VECTOR('',#9044,10.);
#2399=VECTOR('',#9045,10.);
#2400=VECTOR('',#9052,10.);
#2401=VECTOR('',#9053,10.);
#2402=VECTOR('',#9054,10.);
#2403=VECTOR('',#9055,10.);
#2404=VECTOR('',#9058,10.);
#2405=VECTOR('',#9059,10.);
#2406=VECTOR('',#9060,10.);
#2407=VECTOR('',#9063,10.);
#2408=VECTOR('',#9064,10.);
#2409=VECTOR('',#9065,10.);
#2410=VECTOR('',#9068,10.);
#2411=VECTOR('',#9069,10.);
#2412=VECTOR('',#9076,10.);
#2413=VECTOR('',#9077,10.);
#2414=VECTOR('',#9078,10.);
#2415=VECTOR('',#9079,10.);
#2416=VECTOR('',#9082,10.);
#2417=VECTOR('',#9083,10.);
#2418=VECTOR('',#9084,10.);
#2419=VECTOR('',#9087,10.);
#2420=VECTOR('',#9088,10.);
#2421=VECTOR('',#9089,10.);
#2422=VECTOR('',#9092,10.);
#2423=VECTOR('',#9093,10.);
#2424=VECTOR('',#9100,10.);
#2425=VECTOR('',#9101,10.);
#2426=VECTOR('',#9102,10.);
#2427=VECTOR('',#9103,10.);
#2428=VECTOR('',#9106,10.);
#2429=VECTOR('',#9107,10.);
#2430=VECTOR('',#9108,10.);
#2431=VECTOR('',#9111,10.);
#2432=VECTOR('',#9112,10.);
#2433=VECTOR('',#9113,10.);
#2434=VECTOR('',#9116,10.);
#2435=VECTOR('',#9117,10.);
#2436=VECTOR('',#9124,10.);
#2437=VECTOR('',#9125,10.);
#2438=VECTOR('',#9126,10.);
#2439=VECTOR('',#9127,10.);
#2440=VECTOR('',#9130,10.);
#2441=VECTOR('',#9131,10.);
#2442=VECTOR('',#9132,10.);
#2443=VECTOR('',#9135,10.);
#2444=VECTOR('',#9136,10.);
#2445=VECTOR('',#9137,10.);
#2446=VECTOR('',#9140,10.);
#2447=VECTOR('',#9141,10.);
#2448=VECTOR('',#9148,10.);
#2449=VECTOR('',#9149,10.);
#2450=VECTOR('',#9150,10.);
#2451=VECTOR('',#9151,10.);
#2452=VECTOR('',#9154,10.);
#2453=VECTOR('',#9155,10.);
#2454=VECTOR('',#9156,10.);
#2455=VECTOR('',#9159,10.);
#2456=VECTOR('',#9160,10.);
#2457=VECTOR('',#9161,10.);
#2458=VECTOR('',#9164,10.);
#2459=VECTOR('',#9165,10.);
#2460=VECTOR('',#9172,10.);
#2461=VECTOR('',#9173,10.);
#2462=VECTOR('',#9174,10.);
#2463=VECTOR('',#9175,10.);
#2464=VECTOR('',#9178,10.);
#2465=VECTOR('',#9179,10.);
#2466=VECTOR('',#9180,10.);
#2467=VECTOR('',#9183,10.);
#2468=VECTOR('',#9184,10.);
#2469=VECTOR('',#9185,10.);
#2470=VECTOR('',#9188,10.);
#2471=VECTOR('',#9189,10.);
#2472=VECTOR('',#9196,10.);
#2473=VECTOR('',#9197,10.);
#2474=VECTOR('',#9198,10.);
#2475=VECTOR('',#9199,10.);
#2476=VECTOR('',#9202,10.);
#2477=VECTOR('',#9203,10.);
#2478=VECTOR('',#9204,10.);
#2479=VECTOR('',#9207,10.);
#2480=VECTOR('',#9208,10.);
#2481=VECTOR('',#9209,10.);
#2482=VECTOR('',#9212,10.);
#2483=VECTOR('',#9213,10.);
#2484=VECTOR('',#9220,10.);
#2485=VECTOR('',#9221,10.);
#2486=VECTOR('',#9222,10.);
#2487=VECTOR('',#9223,10.);
#2488=VECTOR('',#9226,10.);
#2489=VECTOR('',#9227,10.);
#2490=VECTOR('',#9228,10.);
#2491=VECTOR('',#9231,10.);
#2492=VECTOR('',#9232,10.);
#2493=VECTOR('',#9233,10.);
#2494=VECTOR('',#9236,10.);
#2495=VECTOR('',#9237,10.);
#2496=VECTOR('',#9244,10.);
#2497=VECTOR('',#9245,10.);
#2498=VECTOR('',#9246,10.);
#2499=VECTOR('',#9247,10.);
#2500=VECTOR('',#9250,10.);
#2501=VECTOR('',#9251,10.);
#2502=VECTOR('',#9252,10.);
#2503=VECTOR('',#9255,10.);
#2504=VECTOR('',#9256,10.);
#2505=VECTOR('',#9257,10.);
#2506=VECTOR('',#9260,10.);
#2507=VECTOR('',#9261,10.);
#2508=VECTOR('',#9268,10.);
#2509=VECTOR('',#9269,10.);
#2510=VECTOR('',#9270,10.);
#2511=VECTOR('',#9271,10.);
#2512=VECTOR('',#9274,10.);
#2513=VECTOR('',#9275,10.);
#2514=VECTOR('',#9276,10.);
#2515=VECTOR('',#9279,10.);
#2516=VECTOR('',#9280,10.);
#2517=VECTOR('',#9281,10.);
#2518=VECTOR('',#9284,10.);
#2519=VECTOR('',#9285,10.);
#2520=VECTOR('',#9292,10.);
#2521=VECTOR('',#9293,10.);
#2522=VECTOR('',#9294,10.);
#2523=VECTOR('',#9295,10.);
#2524=VECTOR('',#9298,10.);
#2525=VECTOR('',#9299,10.);
#2526=VECTOR('',#9300,10.);
#2527=VECTOR('',#9303,10.);
#2528=VECTOR('',#9304,10.);
#2529=VECTOR('',#9305,10.);
#2530=VECTOR('',#9308,10.);
#2531=VECTOR('',#9309,10.);
#2532=VECTOR('',#9316,10.);
#2533=VECTOR('',#9317,10.);
#2534=VECTOR('',#9318,10.);
#2535=VECTOR('',#9319,10.);
#2536=VECTOR('',#9322,10.);
#2537=VECTOR('',#9323,10.);
#2538=VECTOR('',#9324,10.);
#2539=VECTOR('',#9327,10.);
#2540=VECTOR('',#9328,10.);
#2541=VECTOR('',#9329,10.);
#2542=VECTOR('',#9332,10.);
#2543=VECTOR('',#9333,10.);
#2544=VECTOR('',#9340,10.);
#2545=VECTOR('',#9341,10.);
#2546=VECTOR('',#9342,10.);
#2547=VECTOR('',#9343,10.);
#2548=VECTOR('',#9346,10.);
#2549=VECTOR('',#9347,10.);
#2550=VECTOR('',#9348,10.);
#2551=VECTOR('',#9351,10.);
#2552=VECTOR('',#9352,10.);
#2553=VECTOR('',#9353,10.);
#2554=VECTOR('',#9356,10.);
#2555=VECTOR('',#9357,10.);
#2556=VECTOR('',#9364,10.);
#2557=VECTOR('',#9365,10.);
#2558=VECTOR('',#9366,10.);
#2559=VECTOR('',#9367,10.);
#2560=VECTOR('',#9370,10.);
#2561=VECTOR('',#9371,10.);
#2562=VECTOR('',#9372,10.);
#2563=VECTOR('',#9375,10.);
#2564=VECTOR('',#9376,10.);
#2565=VECTOR('',#9377,10.);
#2566=VECTOR('',#9380,10.);
#2567=VECTOR('',#9381,10.);
#2568=VECTOR('',#9388,10.);
#2569=VECTOR('',#9389,10.);
#2570=VECTOR('',#9390,10.);
#2571=VECTOR('',#9391,10.);
#2572=VECTOR('',#9394,10.);
#2573=VECTOR('',#9395,10.);
#2574=VECTOR('',#9396,10.);
#2575=VECTOR('',#9399,10.);
#2576=VECTOR('',#9400,10.);
#2577=VECTOR('',#9401,10.);
#2578=VECTOR('',#9404,10.);
#2579=VECTOR('',#9405,10.);
#2580=VECTOR('',#9412,10.);
#2581=VECTOR('',#9413,10.);
#2582=VECTOR('',#9414,10.);
#2583=VECTOR('',#9415,10.);
#2584=VECTOR('',#9418,10.);
#2585=VECTOR('',#9419,10.);
#2586=VECTOR('',#9420,10.);
#2587=VECTOR('',#9423,10.);
#2588=VECTOR('',#9424,10.);
#2589=VECTOR('',#9425,10.);
#2590=VECTOR('',#9428,10.);
#2591=VECTOR('',#9429,10.);
#2592=VECTOR('',#9436,10.);
#2593=VECTOR('',#9437,10.);
#2594=VECTOR('',#9438,10.);
#2595=VECTOR('',#9439,10.);
#2596=VECTOR('',#9442,10.);
#2597=VECTOR('',#9443,10.);
#2598=VECTOR('',#9444,10.);
#2599=VECTOR('',#9447,10.);
#2600=VECTOR('',#9448,10.);
#2601=VECTOR('',#9449,10.);
#2602=VECTOR('',#9452,10.);
#2603=VECTOR('',#9453,10.);
#2604=VECTOR('',#9460,10.);
#2605=VECTOR('',#9461,10.);
#2606=VECTOR('',#9462,10.);
#2607=VECTOR('',#9463,10.);
#2608=VECTOR('',#9466,10.);
#2609=VECTOR('',#9467,10.);
#2610=VECTOR('',#9468,10.);
#2611=VECTOR('',#9471,10.);
#2612=VECTOR('',#9472,10.);
#2613=VECTOR('',#9473,10.);
#2614=VECTOR('',#9476,10.);
#2615=VECTOR('',#9477,10.);
#2616=VECTOR('',#9484,10.);
#2617=VECTOR('',#9485,10.);
#2618=VECTOR('',#9486,10.);
#2619=VECTOR('',#9487,10.);
#2620=VECTOR('',#9490,10.);
#2621=VECTOR('',#9491,10.);
#2622=VECTOR('',#9492,10.);
#2623=VECTOR('',#9495,10.);
#2624=VECTOR('',#9496,10.);
#2625=VECTOR('',#9497,10.);
#2626=VECTOR('',#9500,10.);
#2627=VECTOR('',#9501,10.);
#2628=VECTOR('',#9508,10.);
#2629=VECTOR('',#9509,10.);
#2630=VECTOR('',#9510,10.);
#2631=VECTOR('',#9511,10.);
#2632=VECTOR('',#9514,10.);
#2633=VECTOR('',#9515,10.);
#2634=VECTOR('',#9516,10.);
#2635=VECTOR('',#9519,10.);
#2636=VECTOR('',#9520,10.);
#2637=VECTOR('',#9523,10.);
#2638=VECTOR('',#9524,10.);
#2639=VECTOR('',#9527,10.);
#2640=VECTOR('',#9532,10.);
#2641=VECTOR('',#9533,10.);
#2642=VECTOR('',#9534,10.);
#2643=VECTOR('',#9535,10.);
#2644=VECTOR('',#9538,10.);
#2645=VECTOR('',#9539,10.);
#2646=VECTOR('',#9540,10.);
#2647=VECTOR('',#9543,10.);
#2648=VECTOR('',#9544,10.);
#2649=VECTOR('',#9547,10.);
#2650=VECTOR('',#9548,10.);
#2651=VECTOR('',#9551,10.);
#2652=VECTOR('',#9556,10.);
#2653=VECTOR('',#9557,10.);
#2654=VECTOR('',#9558,10.);
#2655=VECTOR('',#9559,10.);
#2656=VECTOR('',#9562,10.);
#2657=VECTOR('',#9563,10.);
#2658=VECTOR('',#9564,10.);
#2659=VECTOR('',#9567,10.);
#2660=VECTOR('',#9568,10.);
#2661=VECTOR('',#9571,10.);
#2662=VECTOR('',#9572,10.);
#2663=VECTOR('',#9575,10.);
#2664=VECTOR('',#9580,10.);
#2665=VECTOR('',#9581,10.);
#2666=VECTOR('',#9582,10.);
#2667=VECTOR('',#9583,10.);
#2668=VECTOR('',#9586,10.);
#2669=VECTOR('',#9587,10.);
#2670=VECTOR('',#9588,10.);
#2671=VECTOR('',#9591,10.);
#2672=VECTOR('',#9592,10.);
#2673=VECTOR('',#9595,10.);
#2674=VECTOR('',#9596,10.);
#2675=VECTOR('',#9599,10.);
#2676=VECTOR('',#9604,10.);
#2677=VECTOR('',#9605,10.);
#2678=VECTOR('',#9606,10.);
#2679=VECTOR('',#9607,10.);
#2680=VECTOR('',#9610,10.);
#2681=VECTOR('',#9611,10.);
#2682=VECTOR('',#9612,10.);
#2683=VECTOR('',#9615,10.);
#2684=VECTOR('',#9616,10.);
#2685=VECTOR('',#9619,10.);
#2686=VECTOR('',#9620,10.);
#2687=VECTOR('',#9623,10.);
#2688=VECTOR('',#9628,10.);
#2689=VECTOR('',#9629,10.);
#2690=VECTOR('',#9630,10.);
#2691=VECTOR('',#9631,10.);
#2692=VECTOR('',#9634,10.);
#2693=VECTOR('',#9635,10.);
#2694=VECTOR('',#9636,10.);
#2695=VECTOR('',#9639,10.);
#2696=VECTOR('',#9640,10.);
#2697=VECTOR('',#9643,10.);
#2698=VECTOR('',#9644,10.);
#2699=VECTOR('',#9647,10.);
#2700=VECTOR('',#9652,10.);
#2701=VECTOR('',#9653,10.);
#2702=VECTOR('',#9654,10.);
#2703=VECTOR('',#9655,10.);
#2704=VECTOR('',#9658,10.);
#2705=VECTOR('',#9659,10.);
#2706=VECTOR('',#9660,10.);
#2707=VECTOR('',#9663,10.);
#2708=VECTOR('',#9664,10.);
#2709=VECTOR('',#9667,10.);
#2710=VECTOR('',#9668,10.);
#2711=VECTOR('',#9671,10.);
#2712=VECTOR('',#9676,10.);
#2713=VECTOR('',#9677,10.);
#2714=VECTOR('',#9678,10.);
#2715=VECTOR('',#9679,10.);
#2716=VECTOR('',#9682,10.);
#2717=VECTOR('',#9683,10.);
#2718=VECTOR('',#9684,10.);
#2719=VECTOR('',#9687,10.);
#2720=VECTOR('',#9688,10.);
#2721=VECTOR('',#9691,10.);
#2722=VECTOR('',#9692,10.);
#2723=VECTOR('',#9695,10.);
#2724=VECTOR('',#9700,10.);
#2725=VECTOR('',#9701,10.);
#2726=VECTOR('',#9702,10.);
#2727=VECTOR('',#9703,10.);
#2728=VECTOR('',#9706,10.);
#2729=VECTOR('',#9707,10.);
#2730=VECTOR('',#9708,10.);
#2731=VECTOR('',#9711,10.);
#2732=VECTOR('',#9712,10.);
#2733=VECTOR('',#9715,10.);
#2734=VECTOR('',#9716,10.);
#2735=VECTOR('',#9719,10.);
#2736=VECTOR('',#9724,10.);
#2737=VECTOR('',#9725,10.);
#2738=VECTOR('',#9726,10.);
#2739=VECTOR('',#9727,10.);
#2740=VECTOR('',#9730,10.);
#2741=VECTOR('',#9731,10.);
#2742=VECTOR('',#9732,10.);
#2743=VECTOR('',#9735,10.);
#2744=VECTOR('',#9736,10.);
#2745=VECTOR('',#9739,10.);
#2746=VECTOR('',#9740,10.);
#2747=VECTOR('',#9743,10.);
#2748=VECTOR('',#9748,10.);
#2749=VECTOR('',#9749,10.);
#2750=VECTOR('',#9750,10.);
#2751=VECTOR('',#9751,10.);
#2752=VECTOR('',#9754,10.);
#2753=VECTOR('',#9755,10.);
#2754=VECTOR('',#9756,10.);
#2755=VECTOR('',#9759,10.);
#2756=VECTOR('',#9760,10.);
#2757=VECTOR('',#9763,10.);
#2758=VECTOR('',#9764,10.);
#2759=VECTOR('',#9767,10.);
#2760=VECTOR('',#9772,10.);
#2761=VECTOR('',#9773,10.);
#2762=VECTOR('',#9774,10.);
#2763=VECTOR('',#9775,10.);
#2764=VECTOR('',#9778,10.);
#2765=VECTOR('',#9779,10.);
#2766=VECTOR('',#9780,10.);
#2767=VECTOR('',#9783,10.);
#2768=VECTOR('',#9784,10.);
#2769=VECTOR('',#9787,10.);
#2770=VECTOR('',#9788,10.);
#2771=VECTOR('',#9791,10.);
#2772=VECTOR('',#9796,10.);
#2773=VECTOR('',#9797,10.);
#2774=VECTOR('',#9798,10.);
#2775=VECTOR('',#9799,10.);
#2776=VECTOR('',#9802,10.);
#2777=VECTOR('',#9803,10.);
#2778=VECTOR('',#9804,10.);
#2779=VECTOR('',#9807,10.);
#2780=VECTOR('',#9808,10.);
#2781=VECTOR('',#9811,10.);
#2782=VECTOR('',#9812,10.);
#2783=VECTOR('',#9815,10.);
#2784=VECTOR('',#9820,10.);
#2785=VECTOR('',#9821,10.);
#2786=VECTOR('',#9822,10.);
#2787=VECTOR('',#9823,10.);
#2788=VECTOR('',#9826,10.);
#2789=VECTOR('',#9827,10.);
#2790=VECTOR('',#9828,10.);
#2791=VECTOR('',#9831,10.);
#2792=VECTOR('',#9832,10.);
#2793=VECTOR('',#9835,10.);
#2794=VECTOR('',#9836,10.);
#2795=VECTOR('',#9839,10.);
#2796=VECTOR('',#9844,10.);
#2797=VECTOR('',#9845,10.);
#2798=VECTOR('',#9846,10.);
#2799=VECTOR('',#9847,10.);
#2800=VECTOR('',#9850,10.);
#2801=VECTOR('',#9851,10.);
#2802=VECTOR('',#9852,10.);
#2803=VECTOR('',#9855,10.);
#2804=VECTOR('',#9856,10.);
#2805=VECTOR('',#9859,10.);
#2806=VECTOR('',#9860,10.);
#2807=VECTOR('',#9863,10.);
#2808=VECTOR('',#9868,10.);
#2809=VECTOR('',#9869,10.);
#2810=VECTOR('',#9870,10.);
#2811=VECTOR('',#9871,10.);
#2812=VECTOR('',#9874,10.);
#2813=VECTOR('',#9875,10.);
#2814=VECTOR('',#9876,10.);
#2815=VECTOR('',#9879,10.);
#2816=VECTOR('',#9880,10.);
#2817=VECTOR('',#9883,10.);
#2818=VECTOR('',#9884,10.);
#2819=VECTOR('',#9887,10.);
#2820=VECTOR('',#9892,10.);
#2821=VECTOR('',#9893,10.);
#2822=VECTOR('',#9894,10.);
#2823=VECTOR('',#9895,10.);
#2824=VECTOR('',#9898,10.);
#2825=VECTOR('',#9899,10.);
#2826=VECTOR('',#9900,10.);
#2827=VECTOR('',#9903,10.);
#2828=VECTOR('',#9904,10.);
#2829=VECTOR('',#9907,10.);
#2830=VECTOR('',#9908,10.);
#2831=VECTOR('',#9911,10.);
#2832=VECTOR('',#9916,10.);
#2833=VECTOR('',#9917,10.);
#2834=VECTOR('',#9918,10.);
#2835=VECTOR('',#9919,10.);
#2836=VECTOR('',#9922,10.);
#2837=VECTOR('',#9923,10.);
#2838=VECTOR('',#9924,10.);
#2839=VECTOR('',#9927,10.);
#2840=VECTOR('',#9928,10.);
#2841=VECTOR('',#9931,10.);
#2842=VECTOR('',#9932,10.);
#2843=VECTOR('',#9935,10.);
#2844=VECTOR('',#9940,10.);
#2845=VECTOR('',#9941,10.);
#2846=VECTOR('',#9942,10.);
#2847=VECTOR('',#9943,10.);
#2848=VECTOR('',#9946,10.);
#2849=VECTOR('',#9947,10.);
#2850=VECTOR('',#9948,10.);
#2851=VECTOR('',#9951,10.);
#2852=VECTOR('',#9952,10.);
#2853=VECTOR('',#9955,10.);
#2854=VECTOR('',#9956,10.);
#2855=VECTOR('',#9959,10.);
#2856=VECTOR('',#9964,10.);
#2857=VECTOR('',#9965,10.);
#2858=VECTOR('',#9966,10.);
#2859=VECTOR('',#9967,10.);
#2860=VECTOR('',#9970,10.);
#2861=VECTOR('',#9971,10.);
#2862=VECTOR('',#9972,10.);
#2863=VECTOR('',#9975,10.);
#2864=VECTOR('',#9976,10.);
#2865=VECTOR('',#9979,10.);
#2866=VECTOR('',#9980,10.);
#2867=VECTOR('',#9983,10.);
#2868=VECTOR('',#9988,10.);
#2869=VECTOR('',#9989,10.);
#2870=VECTOR('',#9990,10.);
#2871=VECTOR('',#9991,10.);
#2872=VECTOR('',#9994,10.);
#2873=VECTOR('',#9995,10.);
#2874=VECTOR('',#9996,10.);
#2875=VECTOR('',#9999,10.);
#2876=VECTOR('',#10000,10.);
#2877=VECTOR('',#10003,10.);
#2878=VECTOR('',#10004,10.);
#2879=VECTOR('',#10007,10.);
#2880=VECTOR('',#10012,10.);
#2881=VECTOR('',#10013,10.);
#2882=VECTOR('',#10014,10.);
#2883=VECTOR('',#10015,10.);
#2884=VECTOR('',#10018,10.);
#2885=VECTOR('',#10019,10.);
#2886=VECTOR('',#10020,10.);
#2887=VECTOR('',#10023,10.);
#2888=VECTOR('',#10024,10.);
#2889=VECTOR('',#10027,10.);
#2890=VECTOR('',#10028,10.);
#2891=VECTOR('',#10031,10.);
#2892=VECTOR('',#10036,10.);
#2893=VECTOR('',#10037,10.);
#2894=VECTOR('',#10038,10.);
#2895=VECTOR('',#10039,10.);
#2896=VECTOR('',#10042,10.);
#2897=VECTOR('',#10043,10.);
#2898=VECTOR('',#10044,10.);
#2899=VECTOR('',#10047,10.);
#2900=VECTOR('',#10048,10.);
#2901=VECTOR('',#10051,10.);
#2902=VECTOR('',#10052,10.);
#2903=VECTOR('',#10055,10.);
#2904=VECTOR('',#10060,10.);
#2905=VECTOR('',#10061,10.);
#2906=VECTOR('',#10062,10.);
#2907=VECTOR('',#10063,10.);
#2908=VECTOR('',#10066,10.);
#2909=VECTOR('',#10067,10.);
#2910=VECTOR('',#10068,10.);
#2911=VECTOR('',#10071,10.);
#2912=VECTOR('',#10072,10.);
#2913=VECTOR('',#10075,10.);
#2914=VECTOR('',#10076,10.);
#2915=VECTOR('',#10079,10.);
#2916=VECTOR('',#10084,10.);
#2917=VECTOR('',#10085,10.);
#2918=VECTOR('',#10086,10.);
#2919=VECTOR('',#10087,10.);
#2920=VECTOR('',#10090,10.);
#2921=VECTOR('',#10091,10.);
#2922=VECTOR('',#10092,10.);
#2923=VECTOR('',#10095,10.);
#2924=VECTOR('',#10096,10.);
#2925=VECTOR('',#10099,10.);
#2926=VECTOR('',#10100,10.);
#2927=VECTOR('',#10103,10.);
#2928=VECTOR('',#10108,10.);
#2929=VECTOR('',#10109,10.);
#2930=VECTOR('',#10110,10.);
#2931=VECTOR('',#10111,10.);
#2932=VECTOR('',#10114,10.);
#2933=VECTOR('',#10115,10.);
#2934=VECTOR('',#10116,10.);
#2935=VECTOR('',#10119,10.);
#2936=VECTOR('',#10120,10.);
#2937=VECTOR('',#10123,10.);
#2938=VECTOR('',#10124,10.);
#2939=VECTOR('',#10127,10.);
#2940=VECTOR('',#10132,10.);
#2941=VECTOR('',#10133,10.);
#2942=VECTOR('',#10134,10.);
#2943=VECTOR('',#10135,10.);
#2944=VECTOR('',#10138,10.);
#2945=VECTOR('',#10139,10.);
#2946=VECTOR('',#10140,10.);
#2947=VECTOR('',#10143,10.);
#2948=VECTOR('',#10144,10.);
#2949=VECTOR('',#10147,10.);
#2950=VECTOR('',#10148,10.);
#2951=VECTOR('',#10151,10.);
#2952=VECTOR('',#10156,10.);
#2953=VECTOR('',#10157,10.);
#2954=VECTOR('',#10158,10.);
#2955=VECTOR('',#10159,10.);
#2956=VECTOR('',#10162,10.);
#2957=VECTOR('',#10163,10.);
#2958=VECTOR('',#10164,10.);
#2959=VECTOR('',#10167,10.);
#2960=VECTOR('',#10168,10.);
#2961=VECTOR('',#10171,10.);
#2962=VECTOR('',#10172,10.);
#2963=VECTOR('',#10175,10.);
#2964=VECTOR('',#10180,10.);
#2965=VECTOR('',#10181,10.);
#2966=VECTOR('',#10182,10.);
#2967=VECTOR('',#10183,10.);
#2968=VECTOR('',#10186,10.);
#2969=VECTOR('',#10187,10.);
#2970=VECTOR('',#10188,10.);
#2971=VECTOR('',#10191,10.);
#2972=VECTOR('',#10192,10.);
#2973=VECTOR('',#10195,10.);
#2974=VECTOR('',#10196,10.);
#2975=VECTOR('',#10199,10.);
#2976=VECTOR('',#10204,10.);
#2977=VECTOR('',#10205,10.);
#2978=VECTOR('',#10206,10.);
#2979=VECTOR('',#10207,10.);
#2980=VECTOR('',#10210,10.);
#2981=VECTOR('',#10211,10.);
#2982=VECTOR('',#10212,10.);
#2983=VECTOR('',#10215,10.);
#2984=VECTOR('',#10216,10.);
#2985=VECTOR('',#10219,10.);
#2986=VECTOR('',#10220,10.);
#2987=VECTOR('',#10223,10.);
#2988=VECTOR('',#10228,10.);
#2989=VECTOR('',#10229,10.);
#2990=VECTOR('',#10230,10.);
#2991=VECTOR('',#10231,10.);
#2992=VECTOR('',#10234,10.);
#2993=VECTOR('',#10235,10.);
#2994=VECTOR('',#10236,10.);
#2995=VECTOR('',#10239,10.);
#2996=VECTOR('',#10240,10.);
#2997=VECTOR('',#10243,10.);
#2998=VECTOR('',#10244,10.);
#2999=VECTOR('',#10247,10.);
#3000=VECTOR('',#10252,10.);
#3001=VECTOR('',#10253,10.);
#3002=VECTOR('',#10254,10.);
#3003=VECTOR('',#10255,10.);
#3004=VECTOR('',#10258,10.);
#3005=VECTOR('',#10259,10.);
#3006=VECTOR('',#10260,10.);
#3007=VECTOR('',#10263,10.);
#3008=VECTOR('',#10264,10.);
#3009=VECTOR('',#10267,10.);
#3010=VECTOR('',#10268,10.);
#3011=VECTOR('',#10271,10.);
#3012=VECTOR('',#10276,10.);
#3013=VECTOR('',#10277,10.);
#3014=VECTOR('',#10278,10.);
#3015=VECTOR('',#10279,10.);
#3016=VECTOR('',#10282,10.);
#3017=VECTOR('',#10283,10.);
#3018=VECTOR('',#10284,10.);
#3019=VECTOR('',#10287,10.);
#3020=VECTOR('',#10288,10.);
#3021=VECTOR('',#10291,10.);
#3022=VECTOR('',#10292,10.);
#3023=VECTOR('',#10295,10.);
#3024=VECTOR('',#10300,10.);
#3025=VECTOR('',#10301,10.);
#3026=VECTOR('',#10302,10.);
#3027=VECTOR('',#10303,10.);
#3028=VECTOR('',#10306,10.);
#3029=VECTOR('',#10307,10.);
#3030=VECTOR('',#10308,10.);
#3031=VECTOR('',#10311,10.);
#3032=VECTOR('',#10312,10.);
#3033=VECTOR('',#10315,10.);
#3034=VECTOR('',#10316,10.);
#3035=VECTOR('',#10319,10.);
#3036=VECTOR('',#10324,10.);
#3037=VECTOR('',#10325,10.);
#3038=VECTOR('',#10326,10.);
#3039=VECTOR('',#10327,10.);
#3040=VECTOR('',#10330,10.);
#3041=VECTOR('',#10331,10.);
#3042=VECTOR('',#10332,10.);
#3043=VECTOR('',#10335,10.);
#3044=VECTOR('',#10336,10.);
#3045=VECTOR('',#10339,10.);
#3046=VECTOR('',#10340,10.);
#3047=VECTOR('',#10343,10.);
#3048=VECTOR('',#10348,10.);
#3049=VECTOR('',#10349,10.);
#3050=VECTOR('',#10350,10.);
#3051=VECTOR('',#10351,10.);
#3052=VECTOR('',#10354,10.);
#3053=VECTOR('',#10355,10.);
#3054=VECTOR('',#10356,10.);
#3055=VECTOR('',#10359,10.);
#3056=VECTOR('',#10360,10.);
#3057=VECTOR('',#10363,10.);
#3058=VECTOR('',#10364,10.);
#3059=VECTOR('',#10367,10.);
#3060=VECTOR('',#10372,10.);
#3061=VECTOR('',#10373,10.);
#3062=VECTOR('',#10374,10.);
#3063=VECTOR('',#10375,10.);
#3064=VECTOR('',#10378,10.);
#3065=VECTOR('',#10379,10.);
#3066=VECTOR('',#10380,10.);
#3067=VECTOR('',#10383,10.);
#3068=VECTOR('',#10384,10.);
#3069=VECTOR('',#10387,10.);
#3070=VECTOR('',#10388,10.);
#3071=VECTOR('',#10391,10.);
#3072=VECTOR('',#10396,10.);
#3073=VECTOR('',#10397,10.);
#3074=VECTOR('',#10398,10.);
#3075=VECTOR('',#10399,10.);
#3076=VECTOR('',#10402,10.);
#3077=VECTOR('',#10403,10.);
#3078=VECTOR('',#10404,10.);
#3079=VECTOR('',#10407,10.);
#3080=VECTOR('',#10408,10.);
#3081=VECTOR('',#10411,10.);
#3082=VECTOR('',#10412,10.);
#3083=VECTOR('',#10415,10.);
#3084=VECTOR('',#10420,10.);
#3085=VECTOR('',#10421,10.);
#3086=VECTOR('',#10422,10.);
#3087=VECTOR('',#10423,10.);
#3088=VECTOR('',#10426,10.);
#3089=VECTOR('',#10427,10.);
#3090=VECTOR('',#10428,10.);
#3091=VECTOR('',#10431,10.);
#3092=VECTOR('',#10432,10.);
#3093=VECTOR('',#10435,10.);
#3094=VECTOR('',#10436,10.);
#3095=VECTOR('',#10439,10.);
#3096=VECTOR('',#10444,10.);
#3097=VECTOR('',#10445,10.);
#3098=VECTOR('',#10446,10.);
#3099=VECTOR('',#10447,10.);
#3100=VECTOR('',#10450,10.);
#3101=VECTOR('',#10451,10.);
#3102=VECTOR('',#10452,10.);
#3103=VECTOR('',#10455,10.);
#3104=VECTOR('',#10456,10.);
#3105=VECTOR('',#10459,10.);
#3106=VECTOR('',#10460,10.);
#3107=VECTOR('',#10463,10.);
#3108=VECTOR('',#10468,10.);
#3109=VECTOR('',#10469,10.);
#3110=VECTOR('',#10470,10.);
#3111=VECTOR('',#10471,10.);
#3112=VECTOR('',#10474,10.);
#3113=VECTOR('',#10475,10.);
#3114=VECTOR('',#10476,10.);
#3115=VECTOR('',#10479,10.);
#3116=VECTOR('',#10480,10.);
#3117=VECTOR('',#10483,10.);
#3118=VECTOR('',#10484,10.);
#3119=VECTOR('',#10487,10.);
#3120=VECTOR('',#10492,10.);
#3121=VECTOR('',#10493,10.);
#3122=VECTOR('',#10494,10.);
#3123=VECTOR('',#10495,10.);
#3124=VECTOR('',#10498,10.);
#3125=VECTOR('',#10499,10.);
#3126=VECTOR('',#10500,10.);
#3127=VECTOR('',#10503,10.);
#3128=VECTOR('',#10504,10.);
#3129=VECTOR('',#10507,10.);
#3130=VECTOR('',#10508,10.);
#3131=VECTOR('',#10511,10.);
#3132=VERTEX_POINT('',#10516);
#3133=VERTEX_POINT('',#10517);
#3134=VERTEX_POINT('',#10519);
#3135=VERTEX_POINT('',#10521);
#3136=VERTEX_POINT('',#10524);
#3137=VERTEX_POINT('',#10525);
#3138=VERTEX_POINT('',#10527);
#3139=VERTEX_POINT('',#10529);
#3140=VERTEX_POINT('',#10533);
#3141=VERTEX_POINT('',#10535);
#3142=VERTEX_POINT('',#10539);
#3143=VERTEX_POINT('',#10543);
#3144=VERTEX_POINT('',#10544);
#3145=VERTEX_POINT('',#10546);
#3146=VERTEX_POINT('',#10548);
#3147=VERTEX_POINT('',#10552);
#3148=VERTEX_POINT('',#10553);
#3149=VERTEX_POINT('',#10555);
#3150=VERTEX_POINT('',#10557);
#3151=VERTEX_POINT('',#10560);
#3152=VERTEX_POINT('',#10561);
#3153=VERTEX_POINT('',#10563);
#3154=VERTEX_POINT('',#10565);
#3155=VERTEX_POINT('',#10569);
#3156=VERTEX_POINT('',#10571);
#3157=VERTEX_POINT('',#10575);
#3158=VERTEX_POINT('',#10579);
#3159=VERTEX_POINT('',#10580);
#3160=VERTEX_POINT('',#10582);
#3161=VERTEX_POINT('',#10584);
#3162=VERTEX_POINT('',#10588);
#3163=VERTEX_POINT('',#10589);
#3164=VERTEX_POINT('',#10591);
#3165=VERTEX_POINT('',#10593);
#3166=VERTEX_POINT('',#10597);
#3167=VERTEX_POINT('',#10599);
#3168=VERTEX_POINT('',#10603);
#3169=VERTEX_POINT('',#10605);
#3170=VERTEX_POINT('',#10612);
#3171=VERTEX_POINT('',#10613);
#3172=VERTEX_POINT('',#10615);
#3173=VERTEX_POINT('',#10617);
#3174=VERTEX_POINT('',#10621);
#3175=VERTEX_POINT('',#10623);
#3176=VERTEX_POINT('',#10627);
#3177=VERTEX_POINT('',#10631);
#3178=VERTEX_POINT('',#10638);
#3179=VERTEX_POINT('',#10645);
#3180=VERTEX_POINT('',#10647);
#3181=VERTEX_POINT('',#10651);
#3182=VERTEX_POINT('',#10653);
#3183=VERTEX_POINT('',#10662);
#3184=VERTEX_POINT('',#10664);
#3185=VERTEX_POINT('',#10666);
#3186=VERTEX_POINT('',#10668);
#3187=VERTEX_POINT('',#10671);
#3188=VERTEX_POINT('',#10673);
#3189=VERTEX_POINT('',#10676);
#3190=VERTEX_POINT('',#10678);
#3191=VERTEX_POINT('',#10680);
#3192=VERTEX_POINT('',#10682);
#3193=VERTEX_POINT('',#10684);
#3194=VERTEX_POINT('',#10686);
#3195=VERTEX_POINT('',#10688);
#3196=VERTEX_POINT('',#10690);
#3197=VERTEX_POINT('',#10692);
#3198=VERTEX_POINT('',#10694);
#3199=VERTEX_POINT('',#10696);
#3200=VERTEX_POINT('',#10698);
#3201=VERTEX_POINT('',#10700);
#3202=VERTEX_POINT('',#10702);
#3203=VERTEX_POINT('',#10704);
#3204=VERTEX_POINT('',#10706);
#3205=VERTEX_POINT('',#10708);
#3206=VERTEX_POINT('',#10710);
#3207=VERTEX_POINT('',#10712);
#3208=VERTEX_POINT('',#10714);
#3209=VERTEX_POINT('',#10716);
#3210=VERTEX_POINT('',#10718);
#3211=VERTEX_POINT('',#10720);
#3212=VERTEX_POINT('',#10722);
#3213=VERTEX_POINT('',#10724);
#3214=VERTEX_POINT('',#10727);
#3215=VERTEX_POINT('',#10731);
#3216=VERTEX_POINT('',#10738);
#3217=VERTEX_POINT('',#10742);
#3218=VERTEX_POINT('',#10746);
#3219=VERTEX_POINT('',#10750);
#3220=VERTEX_POINT('',#10754);
#3221=VERTEX_POINT('',#10758);
#3222=VERTEX_POINT('',#10762);
#3223=VERTEX_POINT('',#10766);
#3224=VERTEX_POINT('',#10770);
#3225=VERTEX_POINT('',#10774);
#3226=VERTEX_POINT('',#10778);
#3227=VERTEX_POINT('',#10782);
#3228=VERTEX_POINT('',#10786);
#3229=VERTEX_POINT('',#10790);
#3230=VERTEX_POINT('',#10794);
#3231=VERTEX_POINT('',#10798);
#3232=VERTEX_POINT('',#10802);
#3233=VERTEX_POINT('',#10806);
#3234=VERTEX_POINT('',#10810);
#3235=VERTEX_POINT('',#10814);
#3236=VERTEX_POINT('',#10818);
#3237=VERTEX_POINT('',#10823);
#3238=VERTEX_POINT('',#10824);
#3239=VERTEX_POINT('',#10829);
#3240=VERTEX_POINT('',#10831);
#3241=VERTEX_POINT('',#10835);
#3242=VERTEX_POINT('',#10843);
#3243=VERTEX_POINT('',#10845);
#3244=VERTEX_POINT('',#10849);
#3245=VERTEX_POINT('',#10853);
#3246=VERTEX_POINT('',#10860);
#3247=VERTEX_POINT('',#10862);
#3248=VERTEX_POINT('',#10864);
#3249=VERTEX_POINT('',#10866);
#3250=VERTEX_POINT('',#10883);
#3251=VERTEX_POINT('',#10884);
#3252=VERTEX_POINT('',#10886);
#3253=VERTEX_POINT('',#10897);
#3254=VERTEX_POINT('',#10907);
#3255=VERTEX_POINT('',#10908);
#3256=VERTEX_POINT('',#10955);
#3257=VERTEX_POINT('',#10956);
#3258=VERTEX_POINT('',#11003);
#3259=VERTEX_POINT('',#11004);
#3260=VERTEX_POINT('',#11057);
#3261=VERTEX_POINT('',#11058);
#3262=VERTEX_POINT('',#11105);
#3263=VERTEX_POINT('',#11106);
#3264=VERTEX_POINT('',#11153);
#3265=VERTEX_POINT('',#11154);
#3266=VERTEX_POINT('',#11207);
#3267=VERTEX_POINT('',#11208);
#3268=VERTEX_POINT('',#11255);
#3269=VERTEX_POINT('',#11256);
#3270=VERTEX_POINT('',#11258);
#3271=VERTEX_POINT('',#11265);
#3272=VERTEX_POINT('',#11272);
#3273=VERTEX_POINT('',#11273);
#3274=VERTEX_POINT('',#11297);
#3275=VERTEX_POINT('',#11298);
#3276=VERTEX_POINT('',#11322);
#3277=VERTEX_POINT('',#11323);
#3278=VERTEX_POINT('',#11347);
#3279=VERTEX_POINT('',#11348);
#3280=VERTEX_POINT('',#11371);
#3281=VERTEX_POINT('',#11372);
#3282=VERTEX_POINT('',#11396);
#3283=VERTEX_POINT('',#11397);
#3284=VERTEX_POINT('',#11421);
#3285=VERTEX_POINT('',#11422);
#3286=VERTEX_POINT('',#11445);
#3287=VERTEX_POINT('',#11447);
#3288=VERTEX_POINT('',#11452);
#3289=VERTEX_POINT('',#11454);
#3290=VERTEX_POINT('',#11459);
#3291=VERTEX_POINT('',#11460);
#3292=VERTEX_POINT('',#11739);
#3293=VERTEX_POINT('',#11826);
#3294=VERTEX_POINT('',#11897);
#3295=VERTEX_POINT('',#11936);
#3296=VERTEX_POINT('',#11938);
#3297=VERTEX_POINT('',#12265);
#3298=VERTEX_POINT('',#12353);
#3299=VERTEX_POINT('',#12357);
#3300=VERTEX_POINT('',#12359);
#3301=VERTEX_POINT('',#12368);
#3302=VERTEX_POINT('',#12372);
#3303=VERTEX_POINT('',#12374);
#3304=VERTEX_POINT('',#12380);
#3305=VERTEX_POINT('',#12381);
#3306=VERTEX_POINT('',#12383);
#3307=VERTEX_POINT('',#12385);
#3308=VERTEX_POINT('',#12389);
#3309=VERTEX_POINT('',#12391);
#3310=VERTEX_POINT('',#12395);
#3311=VERTEX_POINT('',#12397);
#3312=VERTEX_POINT('',#12406);
#3313=VERTEX_POINT('',#12407);
#3314=VERTEX_POINT('',#12409);
#3315=VERTEX_POINT('',#12411);
#3316=VERTEX_POINT('',#12415);
#3317=VERTEX_POINT('',#12417);
#3318=VERTEX_POINT('',#12421);
#3319=VERTEX_POINT('',#12423);
#3320=VERTEX_POINT('',#12432);
#3321=VERTEX_POINT('',#12433);
#3322=VERTEX_POINT('',#12435);
#3323=VERTEX_POINT('',#12437);
#3324=VERTEX_POINT('',#12441);
#3325=VERTEX_POINT('',#12443);
#3326=VERTEX_POINT('',#12447);
#3327=VERTEX_POINT('',#12449);
#3328=VERTEX_POINT('',#12458);
#3329=VERTEX_POINT('',#12459);
#3330=VERTEX_POINT('',#12461);
#3331=VERTEX_POINT('',#12463);
#3332=VERTEX_POINT('',#12467);
#3333=VERTEX_POINT('',#12469);
#3334=VERTEX_POINT('',#12473);
#3335=VERTEX_POINT('',#12475);
#3336=VERTEX_POINT('',#12484);
#3337=VERTEX_POINT('',#12485);
#3338=VERTEX_POINT('',#12487);
#3339=VERTEX_POINT('',#12489);
#3340=VERTEX_POINT('',#12493);
#3341=VERTEX_POINT('',#12495);
#3342=VERTEX_POINT('',#12499);
#3343=VERTEX_POINT('',#12501);
#3344=VERTEX_POINT('',#12510);
#3345=VERTEX_POINT('',#12511);
#3346=VERTEX_POINT('',#12513);
#3347=VERTEX_POINT('',#12515);
#3348=VERTEX_POINT('',#12519);
#3349=VERTEX_POINT('',#12521);
#3350=VERTEX_POINT('',#12525);
#3351=VERTEX_POINT('',#12527);
#3352=VERTEX_POINT('',#12536);
#3353=VERTEX_POINT('',#12537);
#3354=VERTEX_POINT('',#12539);
#3355=VERTEX_POINT('',#12541);
#3356=VERTEX_POINT('',#12545);
#3357=VERTEX_POINT('',#12547);
#3358=VERTEX_POINT('',#12551);
#3359=VERTEX_POINT('',#12553);
#3360=VERTEX_POINT('',#12562);
#3361=VERTEX_POINT('',#12563);
#3362=VERTEX_POINT('',#12565);
#3363=VERTEX_POINT('',#12567);
#3364=VERTEX_POINT('',#12571);
#3365=VERTEX_POINT('',#12573);
#3366=VERTEX_POINT('',#12577);
#3367=VERTEX_POINT('',#12579);
#3368=VERTEX_POINT('',#12588);
#3369=VERTEX_POINT('',#12589);
#3370=VERTEX_POINT('',#12591);
#3371=VERTEX_POINT('',#12593);
#3372=VERTEX_POINT('',#12597);
#3373=VERTEX_POINT('',#12599);
#3374=VERTEX_POINT('',#12603);
#3375=VERTEX_POINT('',#12605);
#3376=VERTEX_POINT('',#12614);
#3377=VERTEX_POINT('',#12615);
#3378=VERTEX_POINT('',#12617);
#3379=VERTEX_POINT('',#12619);
#3380=VERTEX_POINT('',#12623);
#3381=VERTEX_POINT('',#12625);
#3382=VERTEX_POINT('',#12629);
#3383=VERTEX_POINT('',#12631);
#3384=VERTEX_POINT('',#12640);
#3385=VERTEX_POINT('',#12641);
#3386=VERTEX_POINT('',#12643);
#3387=VERTEX_POINT('',#12645);
#3388=VERTEX_POINT('',#12649);
#3389=VERTEX_POINT('',#12651);
#3390=VERTEX_POINT('',#12655);
#3391=VERTEX_POINT('',#12657);
#3392=VERTEX_POINT('',#12666);
#3393=VERTEX_POINT('',#12667);
#3394=VERTEX_POINT('',#12669);
#3395=VERTEX_POINT('',#12671);
#3396=VERTEX_POINT('',#12675);
#3397=VERTEX_POINT('',#12677);
#3398=VERTEX_POINT('',#12681);
#3399=VERTEX_POINT('',#12683);
#3400=VERTEX_POINT('',#12692);
#3401=VERTEX_POINT('',#12693);
#3402=VERTEX_POINT('',#12695);
#3403=VERTEX_POINT('',#12697);
#3404=VERTEX_POINT('',#12701);
#3405=VERTEX_POINT('',#12703);
#3406=VERTEX_POINT('',#12707);
#3407=VERTEX_POINT('',#12709);
#3408=VERTEX_POINT('',#12718);
#3409=VERTEX_POINT('',#12719);
#3410=VERTEX_POINT('',#12721);
#3411=VERTEX_POINT('',#12723);
#3412=VERTEX_POINT('',#12727);
#3413=VERTEX_POINT('',#12729);
#3414=VERTEX_POINT('',#12733);
#3415=VERTEX_POINT('',#12735);
#3416=VERTEX_POINT('',#12744);
#3417=VERTEX_POINT('',#12745);
#3418=VERTEX_POINT('',#12747);
#3419=VERTEX_POINT('',#12749);
#3420=VERTEX_POINT('',#12753);
#3421=VERTEX_POINT('',#12755);
#3422=VERTEX_POINT('',#12759);
#3423=VERTEX_POINT('',#12761);
#3424=VERTEX_POINT('',#12770);
#3425=VERTEX_POINT('',#12771);
#3426=VERTEX_POINT('',#12773);
#3427=VERTEX_POINT('',#12775);
#3428=VERTEX_POINT('',#12779);
#3429=VERTEX_POINT('',#12781);
#3430=VERTEX_POINT('',#12785);
#3431=VERTEX_POINT('',#12787);
#3432=VERTEX_POINT('',#12796);
#3433=VERTEX_POINT('',#12797);
#3434=VERTEX_POINT('',#12799);
#3435=VERTEX_POINT('',#12801);
#3436=VERTEX_POINT('',#12805);
#3437=VERTEX_POINT('',#12807);
#3438=VERTEX_POINT('',#12811);
#3439=VERTEX_POINT('',#12813);
#3440=VERTEX_POINT('',#12822);
#3441=VERTEX_POINT('',#12823);
#3442=VERTEX_POINT('',#12825);
#3443=VERTEX_POINT('',#12827);
#3444=VERTEX_POINT('',#12831);
#3445=VERTEX_POINT('',#12833);
#3446=VERTEX_POINT('',#12837);
#3447=VERTEX_POINT('',#12839);
#3448=VERTEX_POINT('',#12848);
#3449=VERTEX_POINT('',#12849);
#3450=VERTEX_POINT('',#12851);
#3451=VERTEX_POINT('',#12853);
#3452=VERTEX_POINT('',#12857);
#3453=VERTEX_POINT('',#12859);
#3454=VERTEX_POINT('',#12863);
#3455=VERTEX_POINT('',#12865);
#3456=VERTEX_POINT('',#12874);
#3457=VERTEX_POINT('',#12875);
#3458=VERTEX_POINT('',#12877);
#3459=VERTEX_POINT('',#12879);
#3460=VERTEX_POINT('',#12883);
#3461=VERTEX_POINT('',#12885);
#3462=VERTEX_POINT('',#12889);
#3463=VERTEX_POINT('',#12891);
#3464=VERTEX_POINT('',#12900);
#3465=VERTEX_POINT('',#12901);
#3466=VERTEX_POINT('',#12903);
#3467=VERTEX_POINT('',#12905);
#3468=VERTEX_POINT('',#12909);
#3469=VERTEX_POINT('',#12911);
#3470=VERTEX_POINT('',#12915);
#3471=VERTEX_POINT('',#12917);
#3472=VERTEX_POINT('',#12926);
#3473=VERTEX_POINT('',#12927);
#3474=VERTEX_POINT('',#12929);
#3475=VERTEX_POINT('',#12931);
#3476=VERTEX_POINT('',#12935);
#3477=VERTEX_POINT('',#12937);
#3478=VERTEX_POINT('',#12941);
#3479=VERTEX_POINT('',#12945);
#3480=VERTEX_POINT('',#12952);
#3481=VERTEX_POINT('',#12953);
#3482=VERTEX_POINT('',#12955);
#3483=VERTEX_POINT('',#12957);
#3484=VERTEX_POINT('',#12961);
#3485=VERTEX_POINT('',#12963);
#3486=VERTEX_POINT('',#12967);
#3487=VERTEX_POINT('',#12971);
#3488=VERTEX_POINT('',#12978);
#3489=VERTEX_POINT('',#12979);
#3490=VERTEX_POINT('',#12981);
#3491=VERTEX_POINT('',#12983);
#3492=VERTEX_POINT('',#12987);
#3493=VERTEX_POINT('',#12989);
#3494=VERTEX_POINT('',#12993);
#3495=VERTEX_POINT('',#12997);
#3496=VERTEX_POINT('',#13004);
#3497=VERTEX_POINT('',#13005);
#3498=VERTEX_POINT('',#13007);
#3499=VERTEX_POINT('',#13009);
#3500=VERTEX_POINT('',#13013);
#3501=VERTEX_POINT('',#13015);
#3502=VERTEX_POINT('',#13019);
#3503=VERTEX_POINT('',#13023);
#3504=VERTEX_POINT('',#13030);
#3505=VERTEX_POINT('',#13031);
#3506=VERTEX_POINT('',#13033);
#3507=VERTEX_POINT('',#13035);
#3508=VERTEX_POINT('',#13039);
#3509=VERTEX_POINT('',#13041);
#3510=VERTEX_POINT('',#13045);
#3511=VERTEX_POINT('',#13049);
#3512=VERTEX_POINT('',#13056);
#3513=VERTEX_POINT('',#13057);
#3514=VERTEX_POINT('',#13059);
#3515=VERTEX_POINT('',#13061);
#3516=VERTEX_POINT('',#13065);
#3517=VERTEX_POINT('',#13067);
#3518=VERTEX_POINT('',#13071);
#3519=VERTEX_POINT('',#13075);
#3520=VERTEX_POINT('',#13082);
#3521=VERTEX_POINT('',#13083);
#3522=VERTEX_POINT('',#13085);
#3523=VERTEX_POINT('',#13087);
#3524=VERTEX_POINT('',#13091);
#3525=VERTEX_POINT('',#13093);
#3526=VERTEX_POINT('',#13097);
#3527=VERTEX_POINT('',#13101);
#3528=VERTEX_POINT('',#13108);
#3529=VERTEX_POINT('',#13109);
#3530=VERTEX_POINT('',#13111);
#3531=VERTEX_POINT('',#13113);
#3532=VERTEX_POINT('',#13117);
#3533=VERTEX_POINT('',#13119);
#3534=VERTEX_POINT('',#13123);
#3535=VERTEX_POINT('',#13127);
#3536=VERTEX_POINT('',#13134);
#3537=VERTEX_POINT('',#13135);
#3538=VERTEX_POINT('',#13137);
#3539=VERTEX_POINT('',#13139);
#3540=VERTEX_POINT('',#13143);
#3541=VERTEX_POINT('',#13145);
#3542=VERTEX_POINT('',#13149);
#3543=VERTEX_POINT('',#13153);
#3544=VERTEX_POINT('',#13160);
#3545=VERTEX_POINT('',#13161);
#3546=VERTEX_POINT('',#13163);
#3547=VERTEX_POINT('',#13165);
#3548=VERTEX_POINT('',#13169);
#3549=VERTEX_POINT('',#13171);
#3550=VERTEX_POINT('',#13175);
#3551=VERTEX_POINT('',#13179);
#3552=VERTEX_POINT('',#13186);
#3553=VERTEX_POINT('',#13187);
#3554=VERTEX_POINT('',#13189);
#3555=VERTEX_POINT('',#13191);
#3556=VERTEX_POINT('',#13195);
#3557=VERTEX_POINT('',#13197);
#3558=VERTEX_POINT('',#13201);
#3559=VERTEX_POINT('',#13205);
#3560=VERTEX_POINT('',#13212);
#3561=VERTEX_POINT('',#13213);
#3562=VERTEX_POINT('',#13215);
#3563=VERTEX_POINT('',#13217);
#3564=VERTEX_POINT('',#13221);
#3565=VERTEX_POINT('',#13223);
#3566=VERTEX_POINT('',#13227);
#3567=VERTEX_POINT('',#13231);
#3568=VERTEX_POINT('',#13238);
#3569=VERTEX_POINT('',#13239);
#3570=VERTEX_POINT('',#13241);
#3571=VERTEX_POINT('',#13243);
#3572=VERTEX_POINT('',#13247);
#3573=VERTEX_POINT('',#13249);
#3574=VERTEX_POINT('',#13253);
#3575=VERTEX_POINT('',#13257);
#3576=VERTEX_POINT('',#13264);
#3577=VERTEX_POINT('',#13265);
#3578=VERTEX_POINT('',#13267);
#3579=VERTEX_POINT('',#13269);
#3580=VERTEX_POINT('',#13273);
#3581=VERTEX_POINT('',#13275);
#3582=VERTEX_POINT('',#13279);
#3583=VERTEX_POINT('',#13283);
#3584=VERTEX_POINT('',#13290);
#3585=VERTEX_POINT('',#13291);
#3586=VERTEX_POINT('',#13293);
#3587=VERTEX_POINT('',#13295);
#3588=VERTEX_POINT('',#13299);
#3589=VERTEX_POINT('',#13301);
#3590=VERTEX_POINT('',#13305);
#3591=VERTEX_POINT('',#13309);
#3592=VERTEX_POINT('',#13316);
#3593=VERTEX_POINT('',#13317);
#3594=VERTEX_POINT('',#13319);
#3595=VERTEX_POINT('',#13321);
#3596=VERTEX_POINT('',#13325);
#3597=VERTEX_POINT('',#13327);
#3598=VERTEX_POINT('',#13331);
#3599=VERTEX_POINT('',#13335);
#3600=VERTEX_POINT('',#13342);
#3601=VERTEX_POINT('',#13343);
#3602=VERTEX_POINT('',#13345);
#3603=VERTEX_POINT('',#13347);
#3604=VERTEX_POINT('',#13351);
#3605=VERTEX_POINT('',#13353);
#3606=VERTEX_POINT('',#13357);
#3607=VERTEX_POINT('',#13361);
#3608=VERTEX_POINT('',#13368);
#3609=VERTEX_POINT('',#13369);
#3610=VERTEX_POINT('',#13371);
#3611=VERTEX_POINT('',#13373);
#3612=VERTEX_POINT('',#13377);
#3613=VERTEX_POINT('',#13379);
#3614=VERTEX_POINT('',#13383);
#3615=VERTEX_POINT('',#13387);
#3616=VERTEX_POINT('',#13394);
#3617=VERTEX_POINT('',#13395);
#3618=VERTEX_POINT('',#13397);
#3619=VERTEX_POINT('',#13399);
#3620=VERTEX_POINT('',#13403);
#3621=VERTEX_POINT('',#13405);
#3622=VERTEX_POINT('',#13409);
#3623=VERTEX_POINT('',#13413);
#3624=VERTEX_POINT('',#13420);
#3625=VERTEX_POINT('',#13421);
#3626=VERTEX_POINT('',#13423);
#3627=VERTEX_POINT('',#13425);
#3628=VERTEX_POINT('',#13429);
#3629=VERTEX_POINT('',#13431);
#3630=VERTEX_POINT('',#13435);
#3631=VERTEX_POINT('',#13439);
#3632=VERTEX_POINT('',#13446);
#3633=VERTEX_POINT('',#13447);
#3634=VERTEX_POINT('',#13449);
#3635=VERTEX_POINT('',#13451);
#3636=VERTEX_POINT('',#13455);
#3637=VERTEX_POINT('',#13457);
#3638=VERTEX_POINT('',#13461);
#3639=VERTEX_POINT('',#13465);
#3640=VERTEX_POINT('',#13472);
#3641=VERTEX_POINT('',#13473);
#3642=VERTEX_POINT('',#13475);
#3643=VERTEX_POINT('',#13477);
#3644=VERTEX_POINT('',#13481);
#3645=VERTEX_POINT('',#13483);
#3646=VERTEX_POINT('',#13487);
#3647=VERTEX_POINT('',#13491);
#3648=VERTEX_POINT('',#13498);
#3649=VERTEX_POINT('',#13499);
#3650=VERTEX_POINT('',#13501);
#3651=VERTEX_POINT('',#13503);
#3652=VERTEX_POINT('',#13507);
#3653=VERTEX_POINT('',#13509);
#3654=VERTEX_POINT('',#13513);
#3655=VERTEX_POINT('',#13517);
#3656=VERTEX_POINT('',#13524);
#3657=VERTEX_POINT('',#13525);
#3658=VERTEX_POINT('',#13527);
#3659=VERTEX_POINT('',#13529);
#3660=VERTEX_POINT('',#13533);
#3661=VERTEX_POINT('',#13535);
#3662=VERTEX_POINT('',#13539);
#3663=VERTEX_POINT('',#13543);
#3664=VERTEX_POINT('',#13550);
#3665=VERTEX_POINT('',#13551);
#3666=VERTEX_POINT('',#13553);
#3667=VERTEX_POINT('',#13555);
#3668=VERTEX_POINT('',#13559);
#3669=VERTEX_POINT('',#13561);
#3670=VERTEX_POINT('',#13565);
#3671=VERTEX_POINT('',#13569);
#3672=VERTEX_POINT('',#13576);
#3673=VERTEX_POINT('',#13577);
#3674=VERTEX_POINT('',#13579);
#3675=VERTEX_POINT('',#13581);
#3676=VERTEX_POINT('',#13585);
#3677=VERTEX_POINT('',#13587);
#3678=VERTEX_POINT('',#13591);
#3679=VERTEX_POINT('',#13595);
#3680=VERTEX_POINT('',#13602);
#3681=VERTEX_POINT('',#13603);
#3682=VERTEX_POINT('',#13605);
#3683=VERTEX_POINT('',#13607);
#3684=VERTEX_POINT('',#13611);
#3685=VERTEX_POINT('',#13613);
#3686=VERTEX_POINT('',#13617);
#3687=VERTEX_POINT('',#13621);
#3688=VERTEX_POINT('',#13628);
#3689=VERTEX_POINT('',#13629);
#3690=VERTEX_POINT('',#13631);
#3691=VERTEX_POINT('',#13633);
#3692=VERTEX_POINT('',#13637);
#3693=VERTEX_POINT('',#13639);
#3694=VERTEX_POINT('',#13643);
#3695=VERTEX_POINT('',#13647);
#3696=VERTEX_POINT('',#13654);
#3697=VERTEX_POINT('',#13655);
#3698=VERTEX_POINT('',#13657);
#3699=VERTEX_POINT('',#13659);
#3700=VERTEX_POINT('',#13663);
#3701=VERTEX_POINT('',#13665);
#3702=VERTEX_POINT('',#13669);
#3703=VERTEX_POINT('',#13673);
#3704=VERTEX_POINT('',#13680);
#3705=VERTEX_POINT('',#13681);
#3706=VERTEX_POINT('',#13683);
#3707=VERTEX_POINT('',#13685);
#3708=VERTEX_POINT('',#13689);
#3709=VERTEX_POINT('',#13691);
#3710=VERTEX_POINT('',#13695);
#3711=VERTEX_POINT('',#13699);
#3712=VERTEX_POINT('',#13706);
#3713=VERTEX_POINT('',#13707);
#3714=VERTEX_POINT('',#13709);
#3715=VERTEX_POINT('',#13711);
#3716=VERTEX_POINT('',#13715);
#3717=VERTEX_POINT('',#13717);
#3718=VERTEX_POINT('',#13721);
#3719=VERTEX_POINT('',#13725);
#3720=VERTEX_POINT('',#13732);
#3721=VERTEX_POINT('',#13733);
#3722=VERTEX_POINT('',#13735);
#3723=VERTEX_POINT('',#13737);
#3724=VERTEX_POINT('',#13741);
#3725=VERTEX_POINT('',#13743);
#3726=VERTEX_POINT('',#13747);
#3727=VERTEX_POINT('',#13751);
#3728=VERTEX_POINT('',#13758);
#3729=VERTEX_POINT('',#13759);
#3730=VERTEX_POINT('',#13761);
#3731=VERTEX_POINT('',#13763);
#3732=VERTEX_POINT('',#13767);
#3733=VERTEX_POINT('',#13769);
#3734=VERTEX_POINT('',#13773);
#3735=VERTEX_POINT('',#13777);
#3736=VERTEX_POINT('',#13784);
#3737=VERTEX_POINT('',#13785);
#3738=VERTEX_POINT('',#13787);
#3739=VERTEX_POINT('',#13789);
#3740=VERTEX_POINT('',#13793);
#3741=VERTEX_POINT('',#13795);
#3742=VERTEX_POINT('',#13799);
#3743=VERTEX_POINT('',#13803);
#3744=VERTEX_POINT('',#13810);
#3745=VERTEX_POINT('',#13811);
#3746=VERTEX_POINT('',#13813);
#3747=VERTEX_POINT('',#13815);
#3748=VERTEX_POINT('',#13819);
#3749=VERTEX_POINT('',#13821);
#3750=VERTEX_POINT('',#13825);
#3751=VERTEX_POINT('',#13829);
#3752=VERTEX_POINT('',#13836);
#3753=VERTEX_POINT('',#13837);
#3754=VERTEX_POINT('',#13839);
#3755=VERTEX_POINT('',#13841);
#3756=VERTEX_POINT('',#13845);
#3757=VERTEX_POINT('',#13847);
#3758=VERTEX_POINT('',#13851);
#3759=VERTEX_POINT('',#13855);
#3760=VERTEX_POINT('',#13862);
#3761=VERTEX_POINT('',#13863);
#3762=VERTEX_POINT('',#13865);
#3763=VERTEX_POINT('',#13867);
#3764=VERTEX_POINT('',#13871);
#3765=VERTEX_POINT('',#13873);
#3766=VERTEX_POINT('',#13877);
#3767=VERTEX_POINT('',#13881);
#3768=VERTEX_POINT('',#13888);
#3769=VERTEX_POINT('',#13889);
#3770=VERTEX_POINT('',#13891);
#3771=VERTEX_POINT('',#13893);
#3772=VERTEX_POINT('',#13897);
#3773=VERTEX_POINT('',#13899);
#3774=VERTEX_POINT('',#13903);
#3775=VERTEX_POINT('',#13907);
#3776=VERTEX_POINT('',#13914);
#3777=VERTEX_POINT('',#13915);
#3778=VERTEX_POINT('',#13917);
#3779=VERTEX_POINT('',#13919);
#3780=VERTEX_POINT('',#13923);
#3781=VERTEX_POINT('',#13925);
#3782=VERTEX_POINT('',#13929);
#3783=VERTEX_POINT('',#13933);
#3784=VERTEX_POINT('',#13940);
#3785=VERTEX_POINT('',#13941);
#3786=VERTEX_POINT('',#13943);
#3787=VERTEX_POINT('',#13945);
#3788=VERTEX_POINT('',#13949);
#3789=VERTEX_POINT('',#13951);
#3790=VERTEX_POINT('',#13955);
#3791=VERTEX_POINT('',#13959);
#3792=VERTEX_POINT('',#13966);
#3793=VERTEX_POINT('',#13967);
#3794=VERTEX_POINT('',#13969);
#3795=VERTEX_POINT('',#13971);
#3796=VERTEX_POINT('',#13975);
#3797=VERTEX_POINT('',#13977);
#3798=VERTEX_POINT('',#13981);
#3799=VERTEX_POINT('',#13985);
#3800=VERTEX_POINT('',#13992);
#3801=VERTEX_POINT('',#13993);
#3802=VERTEX_POINT('',#13995);
#3803=VERTEX_POINT('',#13997);
#3804=VERTEX_POINT('',#14001);
#3805=VERTEX_POINT('',#14003);
#3806=VERTEX_POINT('',#14007);
#3807=VERTEX_POINT('',#14011);
#3808=EDGE_CURVE('',#3132,#3133,#1328,.T.);
#3809=EDGE_CURVE('',#3134,#3132,#1329,.T.);
#3810=EDGE_CURVE('',#3135,#3134,#1330,.T.);
#3811=EDGE_CURVE('',#3133,#3135,#1331,.T.);
#3812=EDGE_CURVE('',#3136,#3137,#1332,.T.);
#3813=EDGE_CURVE('',#3138,#3136,#1333,.T.);
#3814=EDGE_CURVE('',#3139,#3138,#1334,.T.);
#3815=EDGE_CURVE('',#3137,#3139,#1335,.T.);
#3816=EDGE_CURVE('',#3136,#3140,#1336,.T.);
#3817=EDGE_CURVE('',#3140,#3141,#1337,.T.);
#3818=EDGE_CURVE('',#3138,#3141,#1338,.T.);
#3819=EDGE_CURVE('',#3137,#3142,#1339,.T.);
#3820=EDGE_CURVE('',#3142,#3140,#1340,.T.);
#3821=EDGE_CURVE('',#3143,#3144,#1341,.T.);
#3822=EDGE_CURVE('',#3145,#3143,#1342,.T.);
#3823=EDGE_CURVE('',#3146,#3145,#1343,.T.);
#3824=EDGE_CURVE('',#3146,#3144,#1344,.T.);
#3825=EDGE_CURVE('',#3147,#3148,#1345,.T.);
#3826=EDGE_CURVE('',#3149,#3147,#1346,.T.);
#3827=EDGE_CURVE('',#3150,#3149,#1347,.T.);
#3828=EDGE_CURVE('',#3148,#3150,#1348,.T.);
#3829=EDGE_CURVE('',#3151,#3152,#1349,.T.);
#3830=EDGE_CURVE('',#3153,#3151,#1350,.T.);
#3831=EDGE_CURVE('',#3154,#3153,#1351,.T.);
#3832=EDGE_CURVE('',#3152,#3154,#1352,.T.);
#3833=EDGE_CURVE('',#3151,#3155,#1353,.T.);
#3834=EDGE_CURVE('',#3155,#3156,#1354,.T.);
#3835=EDGE_CURVE('',#3153,#3156,#1355,.T.);
#3836=EDGE_CURVE('',#3152,#3157,#1356,.T.);
#3837=EDGE_CURVE('',#3157,#3155,#1357,.T.);
#3838=EDGE_CURVE('',#3158,#3159,#1358,.T.);
#3839=EDGE_CURVE('',#3160,#3158,#1359,.T.);
#3840=EDGE_CURVE('',#3161,#3160,#1360,.T.);
#3841=EDGE_CURVE('',#3161,#3159,#1361,.T.);
#3842=EDGE_CURVE('',#3162,#3163,#1362,.T.);
#3843=EDGE_CURVE('',#3162,#3164,#1363,.T.);
#3844=EDGE_CURVE('',#3165,#3164,#1364,.T.);
#3845=EDGE_CURVE('',#3163,#3165,#1365,.T.);
#3846=EDGE_CURVE('',#3163,#3166,#1366,.T.);
#3847=EDGE_CURVE('',#3167,#3165,#1367,.T.);
#3848=EDGE_CURVE('',#3166,#3167,#1368,.T.);
#3849=EDGE_CURVE('',#3166,#3168,#1369,.T.);
#3850=EDGE_CURVE('',#3169,#3167,#1370,.T.);
#3851=EDGE_CURVE('',#3168,#3169,#1371,.T.);
#3852=EDGE_CURVE('',#3168,#3162,#1372,.T.);
#3853=EDGE_CURVE('',#3164,#3169,#1373,.T.);
#3854=EDGE_CURVE('',#3170,#3171,#1374,.T.);
#3855=EDGE_CURVE('',#3172,#3170,#1375,.T.);
#3856=EDGE_CURVE('',#3173,#3172,#1376,.T.);
#3857=EDGE_CURVE('',#3171,#3173,#1377,.T.);
#3858=EDGE_CURVE('',#3171,#3174,#1378,.T.);
#3859=EDGE_CURVE('',#3175,#3174,#1379,.T.);
#3860=EDGE_CURVE('',#3170,#3175,#1380,.T.);
#3861=EDGE_CURVE('',#3173,#3176,#1381,.T.);
#3862=EDGE_CURVE('',#3174,#3176,#1382,.T.);
#3863=EDGE_CURVE('',#3139,#3177,#1383,.T.);
#3864=EDGE_CURVE('',#3177,#3142,#1384,.T.);
#3865=EDGE_CURVE('',#3141,#3177,#1385,.T.);
#3866=EDGE_CURVE('',#3154,#3178,#1386,.T.);
#3867=EDGE_CURVE('',#3178,#3157,#1387,.T.);
#3868=EDGE_CURVE('',#3156,#3178,#1388,.T.);
#3869=EDGE_CURVE('',#3179,#3147,#1389,.T.);
#3870=EDGE_CURVE('',#3179,#3180,#1390,.T.);
#3871=EDGE_CURVE('',#3149,#3180,#1391,.T.);
#3872=EDGE_CURVE('',#3181,#3150,#1392,.T.);
#3873=EDGE_CURVE('',#3182,#3181,#1393,.T.);
#3874=EDGE_CURVE('',#3148,#3182,#1394,.T.);
#3875=EDGE_CURVE('',#3182,#3179,#1395,.T.);
#3876=EDGE_CURVE('',#3180,#3181,#1396,.T.);
#3877=EDGE_CURVE('',#3144,#3158,#1397,.T.);
#3878=EDGE_CURVE('',#3159,#3183,#1398,.T.);
#3879=EDGE_CURVE('',#3183,#3184,#1399,.T.);
#3880=EDGE_CURVE('',#3184,#3185,#1400,.T.);
#3881=EDGE_CURVE('',#3185,#3186,#1401,.T.);
#3882=EDGE_CURVE('',#3186,#3143,#1402,.T.);
#3883=EDGE_CURVE('',#3133,#3187,#1403,.T.);
#3884=EDGE_CURVE('',#3187,#3188,#1404,.T.);
#3885=EDGE_CURVE('',#3188,#3132,#1405,.T.);
#3886=EDGE_CURVE('',#3189,#3189,#180,.T.);
#3887=EDGE_CURVE('',#3190,#3190,#181,.T.);
#3888=EDGE_CURVE('',#3191,#3191,#182,.T.);
#3889=EDGE_CURVE('',#3192,#3192,#183,.T.);
#3890=EDGE_CURVE('',#3193,#3193,#184,.T.);
#3891=EDGE_CURVE('',#3194,#3194,#185,.T.);
#3892=EDGE_CURVE('',#3195,#3195,#186,.T.);
#3893=EDGE_CURVE('',#3196,#3196,#187,.T.);
#3894=EDGE_CURVE('',#3197,#3197,#188,.T.);
#3895=EDGE_CURVE('',#3198,#3198,#189,.T.);
#3896=EDGE_CURVE('',#3199,#3199,#190,.T.);
#3897=EDGE_CURVE('',#3200,#3200,#191,.T.);
#3898=EDGE_CURVE('',#3201,#3201,#192,.T.);
#3899=EDGE_CURVE('',#3202,#3202,#193,.T.);
#3900=EDGE_CURVE('',#3203,#3203,#194,.T.);
#3901=EDGE_CURVE('',#3204,#3204,#195,.T.);
#3902=EDGE_CURVE('',#3205,#3205,#196,.T.);
#3903=EDGE_CURVE('',#3206,#3206,#197,.T.);
#3904=EDGE_CURVE('',#3207,#3207,#198,.T.);
#3905=EDGE_CURVE('',#3208,#3208,#199,.T.);
#3906=EDGE_CURVE('',#3209,#3209,#200,.T.);
#3907=EDGE_CURVE('',#3210,#3210,#201,.T.);
#3908=EDGE_CURVE('',#3211,#3211,#202,.T.);
#3909=EDGE_CURVE('',#3212,#3212,#203,.T.);
#3910=EDGE_CURVE('',#3213,#3213,#204,.T.);
#3911=EDGE_CURVE('',#3188,#3214,#1406,.T.);
#3912=EDGE_CURVE('',#3134,#3214,#1407,.T.);
#3913=EDGE_CURVE('',#3215,#3135,#1408,.T.);
#3914=EDGE_CURVE('',#3187,#3215,#1409,.T.);
#3915=EDGE_CURVE('',#3214,#3215,#1410,.T.);
#3916=EDGE_CURVE('',#3189,#3216,#1411,.T.);
#3917=EDGE_CURVE('',#3216,#3216,#205,.T.);
#3918=EDGE_CURVE('',#3190,#3217,#1412,.T.);
#3919=EDGE_CURVE('',#3217,#3217,#206,.T.);
#3920=EDGE_CURVE('',#3191,#3218,#1413,.T.);
#3921=EDGE_CURVE('',#3218,#3218,#207,.T.);
#3922=EDGE_CURVE('',#3192,#3219,#1414,.T.);
#3923=EDGE_CURVE('',#3219,#3219,#208,.T.);
#3924=EDGE_CURVE('',#3193,#3220,#1415,.T.);
#3925=EDGE_CURVE('',#3220,#3220,#209,.T.);
#3926=EDGE_CURVE('',#3194,#3221,#1416,.T.);
#3927=EDGE_CURVE('',#3221,#3221,#210,.T.);
#3928=EDGE_CURVE('',#3195,#3222,#1417,.T.);
#3929=EDGE_CURVE('',#3222,#3222,#211,.T.);
#3930=EDGE_CURVE('',#3196,#3223,#1418,.T.);
#3931=EDGE_CURVE('',#3223,#3223,#212,.T.);
#3932=EDGE_CURVE('',#3197,#3224,#1419,.T.);
#3933=EDGE_CURVE('',#3224,#3224,#213,.T.);
#3934=EDGE_CURVE('',#3198,#3225,#1420,.T.);
#3935=EDGE_CURVE('',#3225,#3225,#214,.T.);
#3936=EDGE_CURVE('',#3199,#3226,#1421,.T.);
#3937=EDGE_CURVE('',#3226,#3226,#215,.T.);
#3938=EDGE_CURVE('',#3200,#3227,#1422,.T.);
#3939=EDGE_CURVE('',#3227,#3227,#216,.T.);
#3940=EDGE_CURVE('',#3201,#3228,#1423,.T.);
#3941=EDGE_CURVE('',#3228,#3228,#217,.T.);
#3942=EDGE_CURVE('',#3202,#3229,#1424,.T.);
#3943=EDGE_CURVE('',#3229,#3229,#218,.T.);
#3944=EDGE_CURVE('',#3203,#3230,#1425,.T.);
#3945=EDGE_CURVE('',#3230,#3230,#219,.T.);
#3946=EDGE_CURVE('',#3204,#3231,#1426,.T.);
#3947=EDGE_CURVE('',#3231,#3231,#220,.T.);
#3948=EDGE_CURVE('',#3205,#3232,#1427,.T.);
#3949=EDGE_CURVE('',#3232,#3232,#221,.T.);
#3950=EDGE_CURVE('',#3206,#3233,#1428,.T.);
#3951=EDGE_CURVE('',#3233,#3233,#222,.T.);
#3952=EDGE_CURVE('',#3207,#3234,#1429,.T.);
#3953=EDGE_CURVE('',#3234,#3234,#223,.T.);
#3954=EDGE_CURVE('',#3208,#3235,#1430,.T.);
#3955=EDGE_CURVE('',#3235,#3235,#224,.T.);
#3956=EDGE_CURVE('',#3236,#3236,#225,.T.);
#3957=EDGE_CURVE('',#3236,#3209,#1431,.T.);
#3958=EDGE_CURVE('',#3237,#3238,#1432,.T.);
#3959=EDGE_CURVE('',#3238,#3175,#124,.T.);
#3960=EDGE_CURVE('',#3237,#3174,#125,.T.);
#3961=EDGE_CURVE('',#3238,#3239,#1433,.T.);
#3962=EDGE_CURVE('',#3239,#3240,#126,.T.);
#3963=EDGE_CURVE('',#3240,#3175,#1434,.T.);
#3964=EDGE_CURVE('',#3239,#3241,#1435,.T.);
#3965=EDGE_CURVE('',#3241,#3176,#127,.T.);
#3966=EDGE_CURVE('',#3176,#3240,#1436,.T.);
#3967=EDGE_CURVE('',#3241,#3237,#1437,.T.);
#3968=EDGE_CURVE('',#3185,#3242,#1438,.T.);
#3969=EDGE_CURVE('',#3243,#3242,#1439,.T.);
#3970=EDGE_CURVE('',#3186,#3243,#1440,.T.);
#3971=EDGE_CURVE('',#3184,#3244,#1441,.T.);
#3972=EDGE_CURVE('',#3242,#3244,#1442,.T.);
#3973=EDGE_CURVE('',#3245,#3183,#1443,.T.);
#3974=EDGE_CURVE('',#3244,#3245,#1444,.T.);
#3975=EDGE_CURVE('',#3245,#3161,#1445,.T.);
#3976=EDGE_CURVE('',#3160,#3146,#1446,.T.);
#3977=EDGE_CURVE('',#3145,#3243,#1447,.T.);
#3978=EDGE_CURVE('',#3246,#3246,#226,.T.);
#3979=EDGE_CURVE('',#3247,#3247,#227,.T.);
#3980=EDGE_CURVE('',#3248,#3248,#228,.T.);
#3981=EDGE_CURVE('',#3249,#3249,#229,.T.);
#3982=EDGE_CURVE('',#3172,#3240,#1448,.T.);
#3983=EDGE_CURVE('',#3213,#3246,#1449,.T.);
#3984=EDGE_CURVE('',#3212,#3247,#1450,.T.);
#3985=EDGE_CURVE('',#3211,#3248,#1451,.T.);
#3986=EDGE_CURVE('',#3210,#3249,#1452,.T.);
#3987=EDGE_CURVE('',#3250,#3251,#1453,.T.);
#3988=EDGE_CURVE('',#3250,#3252,#15,.T.);
#3989=EDGE_CURVE('',#3252,#3253,#230,.F.);
#3990=EDGE_CURVE('',#3253,#3251,#16,.T.);
#3991=EDGE_CURVE('',#3254,#3255,#1454,.T.);
#3992=EDGE_CURVE('',#3254,#3250,#17,.T.);
#3993=EDGE_CURVE('',#3251,#3255,#18,.T.);
#3994=EDGE_CURVE('',#3256,#3257,#1455,.T.);
#3995=EDGE_CURVE('',#3256,#3254,#19,.T.);
#3996=EDGE_CURVE('',#3255,#3257,#20,.T.);
#3997=EDGE_CURVE('',#3258,#3259,#1456,.T.);
#3998=EDGE_CURVE('',#3258,#3256,#21,.T.);
#3999=EDGE_CURVE('',#3257,#3259,#22,.T.);
#4000=EDGE_CURVE('',#3260,#3261,#1457,.T.);
#4001=EDGE_CURVE('',#3260,#3258,#23,.T.);
#4002=EDGE_CURVE('',#3259,#3261,#24,.T.);
#4003=EDGE_CURVE('',#3262,#3263,#1458,.T.);
#4004=EDGE_CURVE('',#3262,#3260,#25,.T.);
#4005=EDGE_CURVE('',#3261,#3263,#26,.T.);
#4006=EDGE_CURVE('',#3264,#3265,#1459,.T.);
#4007=EDGE_CURVE('',#3264,#3262,#27,.T.);
#4008=EDGE_CURVE('',#3263,#3265,#28,.T.);
#4009=EDGE_CURVE('',#3266,#3267,#1460,.T.);
#4010=EDGE_CURVE('',#3266,#3264,#29,.T.);
#4011=EDGE_CURVE('',#3265,#3267,#30,.T.);
#4012=EDGE_CURVE('',#3268,#3269,#1461,.T.);
#4013=EDGE_CURVE('',#3268,#3270,#31,.T.);
#4014=EDGE_CURVE('',#3271,#3270,#231,.T.);
#4015=EDGE_CURVE('',#3269,#3271,#32,.T.);
#4016=EDGE_CURVE('',#3272,#3273,#1462,.T.);
#4017=EDGE_CURVE('',#3272,#3268,#33,.T.);
#4018=EDGE_CURVE('',#3273,#3269,#34,.T.);
#4019=EDGE_CURVE('',#3274,#3275,#1463,.T.);
#4020=EDGE_CURVE('',#3274,#3272,#35,.T.);
#4021=EDGE_CURVE('',#3275,#3273,#36,.T.);
#4022=EDGE_CURVE('',#3276,#3277,#1464,.T.);
#4023=EDGE_CURVE('',#3276,#3274,#37,.T.);
#4024=EDGE_CURVE('',#3277,#3275,#38,.T.);
#4025=EDGE_CURVE('',#3278,#3279,#1465,.T.);
#4026=EDGE_CURVE('',#3278,#3276,#39,.T.);
#4027=EDGE_CURVE('',#3279,#3277,#40,.T.);
#4028=EDGE_CURVE('',#3280,#3281,#1466,.T.);
#4029=EDGE_CURVE('',#3280,#3278,#41,.T.);
#4030=EDGE_CURVE('',#3281,#3279,#42,.T.);
#4031=EDGE_CURVE('',#3282,#3283,#1467,.T.);
#4032=EDGE_CURVE('',#3282,#3280,#43,.T.);
#4033=EDGE_CURVE('',#3283,#3281,#44,.T.);
#4034=EDGE_CURVE('',#3284,#3285,#1468,.T.);
#4035=EDGE_CURVE('',#3284,#3282,#45,.T.);
#4036=EDGE_CURVE('',#3285,#3283,#46,.T.);
#4037=EDGE_CURVE('',#3286,#3286,#232,.T.);
#4038=EDGE_CURVE('',#3286,#3287,#1469,.T.);
#4039=EDGE_CURVE('',#3287,#3287,#233,.T.);
#4040=EDGE_CURVE('',#3288,#3288,#234,.T.);
#4041=EDGE_CURVE('',#3288,#3289,#1470,.T.);
#4042=EDGE_CURVE('',#3289,#3289,#235,.T.);
#4043=EDGE_CURVE('',#3290,#3291,#236,.T.);
#4044=EDGE_CURVE('',#3291,#3271,#47,.T.);
#4045=EDGE_CURVE('',#3270,#3290,#48,.T.);
#4046=EDGE_CURVE('',#3292,#3291,#49,.T.);
#4047=EDGE_CURVE('',#3267,#3292,#50,.T.);
#4048=EDGE_CURVE('',#3293,#3253,#51,.T.);
#4049=EDGE_CURVE('',#3294,#3293,#52,.T.);
#4050=EDGE_CURVE('',#3294,#3285,#53,.T.);
#4051=EDGE_CURVE('',#3293,#3295,#237,.T.);
#4052=EDGE_CURVE('',#3295,#3296,#54,.T.);
#4053=EDGE_CURVE('',#3296,#3294,#238,.T.);
#4054=EDGE_CURVE('',#3296,#3284,#55,.T.);
#4055=EDGE_CURVE('',#3252,#3295,#56,.T.);
#4056=EDGE_CURVE('',#3297,#3266,#57,.T.);
#4057=EDGE_CURVE('',#3290,#3297,#58,.T.);
#4058=EDGE_CURVE('',#3295,#3298,#239,.T.);
#4059=EDGE_CURVE('',#3298,#3293,#240,.T.);
#4060=EDGE_CURVE('',#3299,#3299,#241,.T.);
#4061=EDGE_CURVE('',#3299,#3300,#1471,.T.);
#4062=EDGE_CURVE('',#3291,#3300,#242,.T.);
#4063=EDGE_CURVE('',#3300,#3290,#243,.T.);
#4064=EDGE_CURVE('',#3297,#3292,#244,.F.);
#4065=EDGE_CURVE('',#3298,#3301,#1472,.T.);
#4066=EDGE_CURVE('',#3301,#3301,#245,.T.);
#4067=EDGE_CURVE('',#3302,#3302,#246,.T.);
#4068=EDGE_CURVE('',#3302,#3303,#1473,.T.);
#4069=EDGE_CURVE('',#3303,#3303,#247,.T.);
#4070=EDGE_CURVE('',#3304,#3305,#1474,.T.);
#4071=EDGE_CURVE('',#3304,#3306,#1475,.T.);
#4072=EDGE_CURVE('',#3307,#3306,#1476,.T.);
#4073=EDGE_CURVE('',#3305,#3307,#1477,.T.);
#4074=EDGE_CURVE('',#3305,#3308,#1478,.T.);
#4075=EDGE_CURVE('',#3309,#3307,#1479,.T.);
#4076=EDGE_CURVE('',#3308,#3309,#1480,.T.);
#4077=EDGE_CURVE('',#3308,#3310,#1481,.T.);
#4078=EDGE_CURVE('',#3311,#3309,#1482,.T.);
#4079=EDGE_CURVE('',#3310,#3311,#1483,.T.);
#4080=EDGE_CURVE('',#3310,#3304,#1484,.T.);
#4081=EDGE_CURVE('',#3306,#3311,#1485,.T.);
#4082=EDGE_CURVE('',#3312,#3313,#1486,.T.);
#4083=EDGE_CURVE('',#3312,#3314,#1487,.T.);
#4084=EDGE_CURVE('',#3315,#3314,#1488,.T.);
#4085=EDGE_CURVE('',#3313,#3315,#1489,.T.);
#4086=EDGE_CURVE('',#3313,#3316,#1490,.T.);
#4087=EDGE_CURVE('',#3317,#3315,#1491,.T.);
#4088=EDGE_CURVE('',#3316,#3317,#1492,.T.);
#4089=EDGE_CURVE('',#3316,#3318,#1493,.T.);
#4090=EDGE_CURVE('',#3319,#3317,#1494,.T.);
#4091=EDGE_CURVE('',#3318,#3319,#1495,.T.);
#4092=EDGE_CURVE('',#3318,#3312,#1496,.T.);
#4093=EDGE_CURVE('',#3314,#3319,#1497,.T.);
#4094=EDGE_CURVE('',#3320,#3321,#1498,.T.);
#4095=EDGE_CURVE('',#3320,#3322,#1499,.T.);
#4096=EDGE_CURVE('',#3323,#3322,#1500,.T.);
#4097=EDGE_CURVE('',#3321,#3323,#1501,.T.);
#4098=EDGE_CURVE('',#3321,#3324,#1502,.T.);
#4099=EDGE_CURVE('',#3325,#3323,#1503,.T.);
#4100=EDGE_CURVE('',#3324,#3325,#1504,.T.);
#4101=EDGE_CURVE('',#3324,#3326,#1505,.T.);
#4102=EDGE_CURVE('',#3327,#3325,#1506,.T.);
#4103=EDGE_CURVE('',#3326,#3327,#1507,.T.);
#4104=EDGE_CURVE('',#3326,#3320,#1508,.T.);
#4105=EDGE_CURVE('',#3322,#3327,#1509,.T.);
#4106=EDGE_CURVE('',#3328,#3329,#1510,.T.);
#4107=EDGE_CURVE('',#3328,#3330,#1511,.T.);
#4108=EDGE_CURVE('',#3331,#3330,#1512,.T.);
#4109=EDGE_CURVE('',#3329,#3331,#1513,.T.);
#4110=EDGE_CURVE('',#3329,#3332,#1514,.T.);
#4111=EDGE_CURVE('',#3333,#3331,#1515,.T.);
#4112=EDGE_CURVE('',#3332,#3333,#1516,.T.);
#4113=EDGE_CURVE('',#3332,#3334,#1517,.T.);
#4114=EDGE_CURVE('',#3335,#3333,#1518,.T.);
#4115=EDGE_CURVE('',#3334,#3335,#1519,.T.);
#4116=EDGE_CURVE('',#3334,#3328,#1520,.T.);
#4117=EDGE_CURVE('',#3330,#3335,#1521,.T.);
#4118=EDGE_CURVE('',#3336,#3337,#1522,.T.);
#4119=EDGE_CURVE('',#3336,#3338,#1523,.T.);
#4120=EDGE_CURVE('',#3339,#3338,#1524,.T.);
#4121=EDGE_CURVE('',#3337,#3339,#1525,.T.);
#4122=EDGE_CURVE('',#3337,#3340,#1526,.T.);
#4123=EDGE_CURVE('',#3341,#3339,#1527,.T.);
#4124=EDGE_CURVE('',#3340,#3341,#1528,.T.);
#4125=EDGE_CURVE('',#3340,#3342,#1529,.T.);
#4126=EDGE_CURVE('',#3343,#3341,#1530,.T.);
#4127=EDGE_CURVE('',#3342,#3343,#1531,.T.);
#4128=EDGE_CURVE('',#3342,#3336,#1532,.T.);
#4129=EDGE_CURVE('',#3338,#3343,#1533,.T.);
#4130=EDGE_CURVE('',#3344,#3345,#1534,.T.);
#4131=EDGE_CURVE('',#3344,#3346,#1535,.T.);
#4132=EDGE_CURVE('',#3347,#3346,#1536,.T.);
#4133=EDGE_CURVE('',#3345,#3347,#1537,.T.);
#4134=EDGE_CURVE('',#3345,#3348,#1538,.T.);
#4135=EDGE_CURVE('',#3349,#3347,#1539,.T.);
#4136=EDGE_CURVE('',#3348,#3349,#1540,.T.);
#4137=EDGE_CURVE('',#3348,#3350,#1541,.T.);
#4138=EDGE_CURVE('',#3351,#3349,#1542,.T.);
#4139=EDGE_CURVE('',#3350,#3351,#1543,.T.);
#4140=EDGE_CURVE('',#3350,#3344,#1544,.T.);
#4141=EDGE_CURVE('',#3346,#3351,#1545,.T.);
#4142=EDGE_CURVE('',#3352,#3353,#1546,.T.);
#4143=EDGE_CURVE('',#3352,#3354,#1547,.T.);
#4144=EDGE_CURVE('',#3355,#3354,#1548,.T.);
#4145=EDGE_CURVE('',#3353,#3355,#1549,.T.);
#4146=EDGE_CURVE('',#3353,#3356,#1550,.T.);
#4147=EDGE_CURVE('',#3357,#3355,#1551,.T.);
#4148=EDGE_CURVE('',#3356,#3357,#1552,.T.);
#4149=EDGE_CURVE('',#3356,#3358,#1553,.T.);
#4150=EDGE_CURVE('',#3359,#3357,#1554,.T.);
#4151=EDGE_CURVE('',#3358,#3359,#1555,.T.);
#4152=EDGE_CURVE('',#3358,#3352,#1556,.T.);
#4153=EDGE_CURVE('',#3354,#3359,#1557,.T.);
#4154=EDGE_CURVE('',#3360,#3361,#1558,.T.);
#4155=EDGE_CURVE('',#3360,#3362,#1559,.T.);
#4156=EDGE_CURVE('',#3363,#3362,#1560,.T.);
#4157=EDGE_CURVE('',#3361,#3363,#1561,.T.);
#4158=EDGE_CURVE('',#3361,#3364,#1562,.T.);
#4159=EDGE_CURVE('',#3365,#3363,#1563,.T.);
#4160=EDGE_CURVE('',#3364,#3365,#1564,.T.);
#4161=EDGE_CURVE('',#3364,#3366,#1565,.T.);
#4162=EDGE_CURVE('',#3367,#3365,#1566,.T.);
#4163=EDGE_CURVE('',#3366,#3367,#1567,.T.);
#4164=EDGE_CURVE('',#3366,#3360,#1568,.T.);
#4165=EDGE_CURVE('',#3362,#3367,#1569,.T.);
#4166=EDGE_CURVE('',#3368,#3369,#1570,.T.);
#4167=EDGE_CURVE('',#3368,#3370,#1571,.T.);
#4168=EDGE_CURVE('',#3371,#3370,#1572,.T.);
#4169=EDGE_CURVE('',#3369,#3371,#1573,.T.);
#4170=EDGE_CURVE('',#3369,#3372,#1574,.T.);
#4171=EDGE_CURVE('',#3373,#3371,#1575,.T.);
#4172=EDGE_CURVE('',#3372,#3373,#1576,.T.);
#4173=EDGE_CURVE('',#3372,#3374,#1577,.T.);
#4174=EDGE_CURVE('',#3375,#3373,#1578,.T.);
#4175=EDGE_CURVE('',#3374,#3375,#1579,.T.);
#4176=EDGE_CURVE('',#3374,#3368,#1580,.T.);
#4177=EDGE_CURVE('',#3370,#3375,#1581,.T.);
#4178=EDGE_CURVE('',#3376,#3377,#1582,.T.);
#4179=EDGE_CURVE('',#3376,#3378,#1583,.T.);
#4180=EDGE_CURVE('',#3379,#3378,#1584,.T.);
#4181=EDGE_CURVE('',#3377,#3379,#1585,.T.);
#4182=EDGE_CURVE('',#3377,#3380,#1586,.T.);
#4183=EDGE_CURVE('',#3381,#3379,#1587,.T.);
#4184=EDGE_CURVE('',#3380,#3381,#1588,.T.);
#4185=EDGE_CURVE('',#3380,#3382,#1589,.T.);
#4186=EDGE_CURVE('',#3383,#3381,#1590,.T.);
#4187=EDGE_CURVE('',#3382,#3383,#1591,.T.);
#4188=EDGE_CURVE('',#3382,#3376,#1592,.T.);
#4189=EDGE_CURVE('',#3378,#3383,#1593,.T.);
#4190=EDGE_CURVE('',#3384,#3385,#1594,.T.);
#4191=EDGE_CURVE('',#3384,#3386,#1595,.T.);
#4192=EDGE_CURVE('',#3387,#3386,#1596,.T.);
#4193=EDGE_CURVE('',#3385,#3387,#1597,.T.);
#4194=EDGE_CURVE('',#3385,#3388,#1598,.T.);
#4195=EDGE_CURVE('',#3389,#3387,#1599,.T.);
#4196=EDGE_CURVE('',#3388,#3389,#1600,.T.);
#4197=EDGE_CURVE('',#3388,#3390,#1601,.T.);
#4198=EDGE_CURVE('',#3391,#3389,#1602,.T.);
#4199=EDGE_CURVE('',#3390,#3391,#1603,.T.);
#4200=EDGE_CURVE('',#3390,#3384,#1604,.T.);
#4201=EDGE_CURVE('',#3386,#3391,#1605,.T.);
#4202=EDGE_CURVE('',#3392,#3393,#1606,.T.);
#4203=EDGE_CURVE('',#3392,#3394,#1607,.T.);
#4204=EDGE_CURVE('',#3395,#3394,#1608,.T.);
#4205=EDGE_CURVE('',#3393,#3395,#1609,.T.);
#4206=EDGE_CURVE('',#3393,#3396,#1610,.T.);
#4207=EDGE_CURVE('',#3397,#3395,#1611,.T.);
#4208=EDGE_CURVE('',#3396,#3397,#1612,.T.);
#4209=EDGE_CURVE('',#3396,#3398,#1613,.T.);
#4210=EDGE_CURVE('',#3399,#3397,#1614,.T.);
#4211=EDGE_CURVE('',#3398,#3399,#1615,.T.);
#4212=EDGE_CURVE('',#3398,#3392,#1616,.T.);
#4213=EDGE_CURVE('',#3394,#3399,#1617,.T.);
#4214=EDGE_CURVE('',#3400,#3401,#1618,.T.);
#4215=EDGE_CURVE('',#3400,#3402,#1619,.T.);
#4216=EDGE_CURVE('',#3403,#3402,#1620,.T.);
#4217=EDGE_CURVE('',#3401,#3403,#1621,.T.);
#4218=EDGE_CURVE('',#3401,#3404,#1622,.T.);
#4219=EDGE_CURVE('',#3405,#3403,#1623,.T.);
#4220=EDGE_CURVE('',#3404,#3405,#1624,.T.);
#4221=EDGE_CURVE('',#3404,#3406,#1625,.T.);
#4222=EDGE_CURVE('',#3407,#3405,#1626,.T.);
#4223=EDGE_CURVE('',#3406,#3407,#1627,.T.);
#4224=EDGE_CURVE('',#3406,#3400,#1628,.T.);
#4225=EDGE_CURVE('',#3402,#3407,#1629,.T.);
#4226=EDGE_CURVE('',#3408,#3409,#1630,.T.);
#4227=EDGE_CURVE('',#3408,#3410,#1631,.T.);
#4228=EDGE_CURVE('',#3411,#3410,#1632,.T.);
#4229=EDGE_CURVE('',#3409,#3411,#1633,.T.);
#4230=EDGE_CURVE('',#3409,#3412,#1634,.T.);
#4231=EDGE_CURVE('',#3413,#3411,#1635,.T.);
#4232=EDGE_CURVE('',#3412,#3413,#1636,.T.);
#4233=EDGE_CURVE('',#3412,#3414,#1637,.T.);
#4234=EDGE_CURVE('',#3415,#3413,#1638,.T.);
#4235=EDGE_CURVE('',#3414,#3415,#1639,.T.);
#4236=EDGE_CURVE('',#3414,#3408,#1640,.T.);
#4237=EDGE_CURVE('',#3410,#3415,#1641,.T.);
#4238=EDGE_CURVE('',#3416,#3417,#1642,.T.);
#4239=EDGE_CURVE('',#3416,#3418,#1643,.T.);
#4240=EDGE_CURVE('',#3419,#3418,#1644,.T.);
#4241=EDGE_CURVE('',#3417,#3419,#1645,.T.);
#4242=EDGE_CURVE('',#3417,#3420,#1646,.T.);
#4243=EDGE_CURVE('',#3421,#3419,#1647,.T.);
#4244=EDGE_CURVE('',#3420,#3421,#1648,.T.);
#4245=EDGE_CURVE('',#3420,#3422,#1649,.T.);
#4246=EDGE_CURVE('',#3423,#3421,#1650,.T.);
#4247=EDGE_CURVE('',#3422,#3423,#1651,.T.);
#4248=EDGE_CURVE('',#3422,#3416,#1652,.T.);
#4249=EDGE_CURVE('',#3418,#3423,#1653,.T.);
#4250=EDGE_CURVE('',#3424,#3425,#1654,.T.);
#4251=EDGE_CURVE('',#3424,#3426,#1655,.T.);
#4252=EDGE_CURVE('',#3427,#3426,#1656,.T.);
#4253=EDGE_CURVE('',#3425,#3427,#1657,.T.);
#4254=EDGE_CURVE('',#3425,#3428,#1658,.T.);
#4255=EDGE_CURVE('',#3429,#3427,#1659,.T.);
#4256=EDGE_CURVE('',#3428,#3429,#1660,.T.);
#4257=EDGE_CURVE('',#3428,#3430,#1661,.T.);
#4258=EDGE_CURVE('',#3431,#3429,#1662,.T.);
#4259=EDGE_CURVE('',#3430,#3431,#1663,.T.);
#4260=EDGE_CURVE('',#3430,#3424,#1664,.T.);
#4261=EDGE_CURVE('',#3426,#3431,#1665,.T.);
#4262=EDGE_CURVE('',#3432,#3433,#1666,.T.);
#4263=EDGE_CURVE('',#3432,#3434,#1667,.T.);
#4264=EDGE_CURVE('',#3435,#3434,#1668,.T.);
#4265=EDGE_CURVE('',#3433,#3435,#1669,.T.);
#4266=EDGE_CURVE('',#3433,#3436,#1670,.T.);
#4267=EDGE_CURVE('',#3437,#3435,#1671,.T.);
#4268=EDGE_CURVE('',#3436,#3437,#1672,.T.);
#4269=EDGE_CURVE('',#3436,#3438,#1673,.T.);
#4270=EDGE_CURVE('',#3439,#3437,#1674,.T.);
#4271=EDGE_CURVE('',#3438,#3439,#1675,.T.);
#4272=EDGE_CURVE('',#3438,#3432,#1676,.T.);
#4273=EDGE_CURVE('',#3434,#3439,#1677,.T.);
#4274=EDGE_CURVE('',#3440,#3441,#1678,.T.);
#4275=EDGE_CURVE('',#3440,#3442,#1679,.T.);
#4276=EDGE_CURVE('',#3443,#3442,#1680,.T.);
#4277=EDGE_CURVE('',#3441,#3443,#1681,.T.);
#4278=EDGE_CURVE('',#3441,#3444,#1682,.T.);
#4279=EDGE_CURVE('',#3445,#3443,#1683,.T.);
#4280=EDGE_CURVE('',#3444,#3445,#1684,.T.);
#4281=EDGE_CURVE('',#3444,#3446,#1685,.T.);
#4282=EDGE_CURVE('',#3447,#3445,#1686,.T.);
#4283=EDGE_CURVE('',#3446,#3447,#1687,.T.);
#4284=EDGE_CURVE('',#3446,#3440,#1688,.T.);
#4285=EDGE_CURVE('',#3442,#3447,#1689,.T.);
#4286=EDGE_CURVE('',#3448,#3449,#1690,.T.);
#4287=EDGE_CURVE('',#3448,#3450,#1691,.T.);
#4288=EDGE_CURVE('',#3451,#3450,#1692,.T.);
#4289=EDGE_CURVE('',#3449,#3451,#1693,.T.);
#4290=EDGE_CURVE('',#3449,#3452,#1694,.T.);
#4291=EDGE_CURVE('',#3453,#3451,#1695,.T.);
#4292=EDGE_CURVE('',#3452,#3453,#1696,.T.);
#4293=EDGE_CURVE('',#3452,#3454,#1697,.T.);
#4294=EDGE_CURVE('',#3455,#3453,#1698,.T.);
#4295=EDGE_CURVE('',#3454,#3455,#1699,.T.);
#4296=EDGE_CURVE('',#3454,#3448,#1700,.T.);
#4297=EDGE_CURVE('',#3450,#3455,#1701,.T.);
#4298=EDGE_CURVE('',#3456,#3457,#1702,.T.);
#4299=EDGE_CURVE('',#3456,#3458,#1703,.T.);
#4300=EDGE_CURVE('',#3459,#3458,#1704,.T.);
#4301=EDGE_CURVE('',#3457,#3459,#1705,.T.);
#4302=EDGE_CURVE('',#3457,#3460,#1706,.T.);
#4303=EDGE_CURVE('',#3461,#3459,#1707,.T.);
#4304=EDGE_CURVE('',#3460,#3461,#1708,.T.);
#4305=EDGE_CURVE('',#3460,#3462,#1709,.T.);
#4306=EDGE_CURVE('',#3463,#3461,#1710,.T.);
#4307=EDGE_CURVE('',#3462,#3463,#1711,.T.);
#4308=EDGE_CURVE('',#3462,#3456,#1712,.T.);
#4309=EDGE_CURVE('',#3458,#3463,#1713,.T.);
#4310=EDGE_CURVE('',#3464,#3465,#1714,.T.);
#4311=EDGE_CURVE('',#3464,#3466,#1715,.T.);
#4312=EDGE_CURVE('',#3467,#3466,#1716,.T.);
#4313=EDGE_CURVE('',#3465,#3467,#1717,.T.);
#4314=EDGE_CURVE('',#3465,#3468,#1718,.T.);
#4315=EDGE_CURVE('',#3469,#3467,#1719,.T.);
#4316=EDGE_CURVE('',#3468,#3469,#1720,.T.);
#4317=EDGE_CURVE('',#3468,#3470,#1721,.T.);
#4318=EDGE_CURVE('',#3471,#3469,#1722,.T.);
#4319=EDGE_CURVE('',#3470,#3471,#1723,.T.);
#4320=EDGE_CURVE('',#3470,#3464,#1724,.T.);
#4321=EDGE_CURVE('',#3466,#3471,#1725,.T.);
#4322=EDGE_CURVE('',#3472,#3473,#1726,.T.);
#4323=EDGE_CURVE('',#3473,#3474,#1727,.T.);
#4324=EDGE_CURVE('',#3474,#3475,#1728,.T.);
#4325=EDGE_CURVE('',#3475,#3472,#1729,.T.);
#4326=EDGE_CURVE('',#3476,#3473,#1730,.T.);
#4327=EDGE_CURVE('',#3477,#3476,#1731,.T.);
#4328=EDGE_CURVE('',#3474,#3477,#1732,.T.);
#4329=EDGE_CURVE('',#3478,#3477,#1733,.T.);
#4330=EDGE_CURVE('',#3475,#3478,#1734,.T.);
#4331=EDGE_CURVE('',#3479,#3478,#1735,.T.);
#4332=EDGE_CURVE('',#3472,#3479,#1736,.T.);
#4333=EDGE_CURVE('',#3476,#3479,#1737,.T.);
#4334=EDGE_CURVE('',#3480,#3481,#1738,.T.);
#4335=EDGE_CURVE('',#3481,#3482,#1739,.T.);
#4336=EDGE_CURVE('',#3482,#3483,#1740,.T.);
#4337=EDGE_CURVE('',#3483,#3480,#1741,.T.);
#4338=EDGE_CURVE('',#3484,#3481,#1742,.T.);
#4339=EDGE_CURVE('',#3485,#3484,#1743,.T.);
#4340=EDGE_CURVE('',#3482,#3485,#1744,.T.);
#4341=EDGE_CURVE('',#3486,#3485,#1745,.T.);
#4342=EDGE_CURVE('',#3483,#3486,#1746,.T.);
#4343=EDGE_CURVE('',#3487,#3486,#1747,.T.);
#4344=EDGE_CURVE('',#3480,#3487,#1748,.T.);
#4345=EDGE_CURVE('',#3484,#3487,#1749,.T.);
#4346=EDGE_CURVE('',#3488,#3489,#1750,.T.);
#4347=EDGE_CURVE('',#3489,#3490,#1751,.T.);
#4348=EDGE_CURVE('',#3490,#3491,#1752,.T.);
#4349=EDGE_CURVE('',#3491,#3488,#1753,.T.);
#4350=EDGE_CURVE('',#3492,#3489,#1754,.T.);
#4351=EDGE_CURVE('',#3493,#3492,#1755,.T.);
#4352=EDGE_CURVE('',#3490,#3493,#1756,.T.);
#4353=EDGE_CURVE('',#3494,#3493,#1757,.T.);
#4354=EDGE_CURVE('',#3491,#3494,#1758,.T.);
#4355=EDGE_CURVE('',#3495,#3494,#1759,.T.);
#4356=EDGE_CURVE('',#3488,#3495,#1760,.T.);
#4357=EDGE_CURVE('',#3492,#3495,#1761,.T.);
#4358=EDGE_CURVE('',#3496,#3497,#1762,.T.);
#4359=EDGE_CURVE('',#3497,#3498,#1763,.T.);
#4360=EDGE_CURVE('',#3498,#3499,#1764,.T.);
#4361=EDGE_CURVE('',#3499,#3496,#1765,.T.);
#4362=EDGE_CURVE('',#3500,#3497,#1766,.T.);
#4363=EDGE_CURVE('',#3501,#3500,#1767,.T.);
#4364=EDGE_CURVE('',#3498,#3501,#1768,.T.);
#4365=EDGE_CURVE('',#3502,#3501,#1769,.T.);
#4366=EDGE_CURVE('',#3499,#3502,#1770,.T.);
#4367=EDGE_CURVE('',#3503,#3502,#1771,.T.);
#4368=EDGE_CURVE('',#3496,#3503,#1772,.T.);
#4369=EDGE_CURVE('',#3500,#3503,#1773,.T.);
#4370=EDGE_CURVE('',#3504,#3505,#1774,.T.);
#4371=EDGE_CURVE('',#3505,#3506,#1775,.T.);
#4372=EDGE_CURVE('',#3506,#3507,#1776,.T.);
#4373=EDGE_CURVE('',#3507,#3504,#1777,.T.);
#4374=EDGE_CURVE('',#3508,#3505,#1778,.T.);
#4375=EDGE_CURVE('',#3509,#3508,#1779,.T.);
#4376=EDGE_CURVE('',#3506,#3509,#1780,.T.);
#4377=EDGE_CURVE('',#3510,#3509,#1781,.T.);
#4378=EDGE_CURVE('',#3507,#3510,#1782,.T.);
#4379=EDGE_CURVE('',#3511,#3510,#1783,.T.);
#4380=EDGE_CURVE('',#3504,#3511,#1784,.T.);
#4381=EDGE_CURVE('',#3508,#3511,#1785,.T.);
#4382=EDGE_CURVE('',#3512,#3513,#1786,.T.);
#4383=EDGE_CURVE('',#3513,#3514,#1787,.T.);
#4384=EDGE_CURVE('',#3514,#3515,#1788,.T.);
#4385=EDGE_CURVE('',#3515,#3512,#1789,.T.);
#4386=EDGE_CURVE('',#3516,#3513,#1790,.T.);
#4387=EDGE_CURVE('',#3517,#3516,#1791,.T.);
#4388=EDGE_CURVE('',#3514,#3517,#1792,.T.);
#4389=EDGE_CURVE('',#3518,#3517,#1793,.T.);
#4390=EDGE_CURVE('',#3515,#3518,#1794,.T.);
#4391=EDGE_CURVE('',#3519,#3518,#1795,.T.);
#4392=EDGE_CURVE('',#3512,#3519,#1796,.T.);
#4393=EDGE_CURVE('',#3516,#3519,#1797,.T.);
#4394=EDGE_CURVE('',#3520,#3521,#1798,.T.);
#4395=EDGE_CURVE('',#3521,#3522,#1799,.T.);
#4396=EDGE_CURVE('',#3522,#3523,#1800,.T.);
#4397=EDGE_CURVE('',#3523,#3520,#1801,.T.);
#4398=EDGE_CURVE('',#3524,#3521,#1802,.T.);
#4399=EDGE_CURVE('',#3525,#3524,#1803,.T.);
#4400=EDGE_CURVE('',#3522,#3525,#1804,.T.);
#4401=EDGE_CURVE('',#3526,#3525,#1805,.T.);
#4402=EDGE_CURVE('',#3523,#3526,#1806,.T.);
#4403=EDGE_CURVE('',#3527,#3526,#1807,.T.);
#4404=EDGE_CURVE('',#3520,#3527,#1808,.T.);
#4405=EDGE_CURVE('',#3524,#3527,#1809,.T.);
#4406=EDGE_CURVE('',#3528,#3529,#1810,.T.);
#4407=EDGE_CURVE('',#3529,#3530,#1811,.T.);
#4408=EDGE_CURVE('',#3530,#3531,#1812,.T.);
#4409=EDGE_CURVE('',#3531,#3528,#1813,.T.);
#4410=EDGE_CURVE('',#3532,#3529,#1814,.T.);
#4411=EDGE_CURVE('',#3533,#3532,#1815,.T.);
#4412=EDGE_CURVE('',#3530,#3533,#1816,.T.);
#4413=EDGE_CURVE('',#3534,#3533,#1817,.T.);
#4414=EDGE_CURVE('',#3531,#3534,#1818,.T.);
#4415=EDGE_CURVE('',#3535,#3534,#1819,.T.);
#4416=EDGE_CURVE('',#3528,#3535,#1820,.T.);
#4417=EDGE_CURVE('',#3532,#3535,#1821,.T.);
#4418=EDGE_CURVE('',#3536,#3537,#1822,.T.);
#4419=EDGE_CURVE('',#3537,#3538,#1823,.T.);
#4420=EDGE_CURVE('',#3538,#3539,#1824,.T.);
#4421=EDGE_CURVE('',#3539,#3536,#1825,.T.);
#4422=EDGE_CURVE('',#3540,#3537,#1826,.T.);
#4423=EDGE_CURVE('',#3541,#3540,#1827,.T.);
#4424=EDGE_CURVE('',#3538,#3541,#1828,.T.);
#4425=EDGE_CURVE('',#3542,#3541,#1829,.T.);
#4426=EDGE_CURVE('',#3539,#3542,#1830,.T.);
#4427=EDGE_CURVE('',#3543,#3542,#1831,.T.);
#4428=EDGE_CURVE('',#3536,#3543,#1832,.T.);
#4429=EDGE_CURVE('',#3540,#3543,#1833,.T.);
#4430=EDGE_CURVE('',#3544,#3545,#1834,.T.);
#4431=EDGE_CURVE('',#3545,#3546,#1835,.T.);
#4432=EDGE_CURVE('',#3546,#3547,#1836,.T.);
#4433=EDGE_CURVE('',#3547,#3544,#1837,.T.);
#4434=EDGE_CURVE('',#3548,#3545,#1838,.T.);
#4435=EDGE_CURVE('',#3549,#3548,#1839,.T.);
#4436=EDGE_CURVE('',#3546,#3549,#1840,.T.);
#4437=EDGE_CURVE('',#3550,#3549,#1841,.T.);
#4438=EDGE_CURVE('',#3547,#3550,#1842,.T.);
#4439=EDGE_CURVE('',#3551,#3550,#1843,.T.);
#4440=EDGE_CURVE('',#3544,#3551,#1844,.T.);
#4441=EDGE_CURVE('',#3548,#3551,#1845,.T.);
#4442=EDGE_CURVE('',#3552,#3553,#1846,.T.);
#4443=EDGE_CURVE('',#3553,#3554,#1847,.T.);
#4444=EDGE_CURVE('',#3554,#3555,#1848,.T.);
#4445=EDGE_CURVE('',#3555,#3552,#1849,.T.);
#4446=EDGE_CURVE('',#3556,#3553,#1850,.T.);
#4447=EDGE_CURVE('',#3557,#3556,#1851,.T.);
#4448=EDGE_CURVE('',#3554,#3557,#1852,.T.);
#4449=EDGE_CURVE('',#3558,#3557,#1853,.T.);
#4450=EDGE_CURVE('',#3555,#3558,#1854,.T.);
#4451=EDGE_CURVE('',#3559,#3558,#1855,.T.);
#4452=EDGE_CURVE('',#3552,#3559,#1856,.T.);
#4453=EDGE_CURVE('',#3556,#3559,#1857,.T.);
#4454=EDGE_CURVE('',#3560,#3561,#1858,.T.);
#4455=EDGE_CURVE('',#3561,#3562,#1859,.T.);
#4456=EDGE_CURVE('',#3562,#3563,#1860,.T.);
#4457=EDGE_CURVE('',#3563,#3560,#1861,.T.);
#4458=EDGE_CURVE('',#3564,#3561,#1862,.T.);
#4459=EDGE_CURVE('',#3565,#3564,#1863,.T.);
#4460=EDGE_CURVE('',#3562,#3565,#1864,.T.);
#4461=EDGE_CURVE('',#3566,#3565,#1865,.T.);
#4462=EDGE_CURVE('',#3563,#3566,#1866,.T.);
#4463=EDGE_CURVE('',#3567,#3566,#1867,.T.);
#4464=EDGE_CURVE('',#3560,#3567,#1868,.T.);
#4465=EDGE_CURVE('',#3564,#3567,#1869,.T.);
#4466=EDGE_CURVE('',#3568,#3569,#1870,.T.);
#4467=EDGE_CURVE('',#3569,#3570,#1871,.T.);
#4468=EDGE_CURVE('',#3570,#3571,#1872,.T.);
#4469=EDGE_CURVE('',#3571,#3568,#1873,.T.);
#4470=EDGE_CURVE('',#3572,#3569,#1874,.T.);
#4471=EDGE_CURVE('',#3573,#3572,#1875,.T.);
#4472=EDGE_CURVE('',#3570,#3573,#1876,.T.);
#4473=EDGE_CURVE('',#3574,#3573,#1877,.T.);
#4474=EDGE_CURVE('',#3571,#3574,#1878,.T.);
#4475=EDGE_CURVE('',#3575,#3574,#1879,.T.);
#4476=EDGE_CURVE('',#3568,#3575,#1880,.T.);
#4477=EDGE_CURVE('',#3572,#3575,#1881,.T.);
#4478=EDGE_CURVE('',#3576,#3577,#1882,.T.);
#4479=EDGE_CURVE('',#3577,#3578,#1883,.T.);
#4480=EDGE_CURVE('',#3578,#3579,#1884,.T.);
#4481=EDGE_CURVE('',#3579,#3576,#1885,.T.);
#4482=EDGE_CURVE('',#3580,#3577,#1886,.T.);
#4483=EDGE_CURVE('',#3581,#3580,#1887,.T.);
#4484=EDGE_CURVE('',#3578,#3581,#1888,.T.);
#4485=EDGE_CURVE('',#3582,#3581,#1889,.T.);
#4486=EDGE_CURVE('',#3579,#3582,#1890,.T.);
#4487=EDGE_CURVE('',#3583,#3582,#1891,.T.);
#4488=EDGE_CURVE('',#3576,#3583,#1892,.T.);
#4489=EDGE_CURVE('',#3580,#3583,#1893,.T.);
#4490=EDGE_CURVE('',#3584,#3585,#1894,.T.);
#4491=EDGE_CURVE('',#3585,#3586,#1895,.T.);
#4492=EDGE_CURVE('',#3586,#3587,#1896,.T.);
#4493=EDGE_CURVE('',#3587,#3584,#1897,.T.);
#4494=EDGE_CURVE('',#3588,#3585,#1898,.T.);
#4495=EDGE_CURVE('',#3589,#3588,#1899,.T.);
#4496=EDGE_CURVE('',#3586,#3589,#1900,.T.);
#4497=EDGE_CURVE('',#3590,#3589,#1901,.T.);
#4498=EDGE_CURVE('',#3587,#3590,#1902,.T.);
#4499=EDGE_CURVE('',#3591,#3590,#1903,.T.);
#4500=EDGE_CURVE('',#3584,#3591,#1904,.T.);
#4501=EDGE_CURVE('',#3588,#3591,#1905,.T.);
#4502=EDGE_CURVE('',#3592,#3593,#1906,.T.);
#4503=EDGE_CURVE('',#3593,#3594,#1907,.T.);
#4504=EDGE_CURVE('',#3594,#3595,#1908,.T.);
#4505=EDGE_CURVE('',#3595,#3592,#1909,.T.);
#4506=EDGE_CURVE('',#3596,#3593,#1910,.T.);
#4507=EDGE_CURVE('',#3597,#3596,#1911,.T.);
#4508=EDGE_CURVE('',#3594,#3597,#1912,.T.);
#4509=EDGE_CURVE('',#3598,#3597,#1913,.T.);
#4510=EDGE_CURVE('',#3595,#3598,#1914,.T.);
#4511=EDGE_CURVE('',#3599,#3598,#1915,.T.);
#4512=EDGE_CURVE('',#3592,#3599,#1916,.T.);
#4513=EDGE_CURVE('',#3596,#3599,#1917,.T.);
#4514=EDGE_CURVE('',#3600,#3601,#1918,.T.);
#4515=EDGE_CURVE('',#3601,#3602,#1919,.T.);
#4516=EDGE_CURVE('',#3602,#3603,#1920,.T.);
#4517=EDGE_CURVE('',#3603,#3600,#1921,.T.);
#4518=EDGE_CURVE('',#3604,#3601,#1922,.T.);
#4519=EDGE_CURVE('',#3605,#3604,#1923,.T.);
#4520=EDGE_CURVE('',#3602,#3605,#1924,.T.);
#4521=EDGE_CURVE('',#3606,#3605,#1925,.T.);
#4522=EDGE_CURVE('',#3603,#3606,#1926,.T.);
#4523=EDGE_CURVE('',#3607,#3606,#1927,.T.);
#4524=EDGE_CURVE('',#3600,#3607,#1928,.T.);
#4525=EDGE_CURVE('',#3604,#3607,#1929,.T.);
#4526=EDGE_CURVE('',#3608,#3609,#1930,.T.);
#4527=EDGE_CURVE('',#3609,#3610,#1931,.T.);
#4528=EDGE_CURVE('',#3610,#3611,#1932,.T.);
#4529=EDGE_CURVE('',#3611,#3608,#1933,.T.);
#4530=EDGE_CURVE('',#3612,#3609,#1934,.T.);
#4531=EDGE_CURVE('',#3613,#3612,#1935,.T.);
#4532=EDGE_CURVE('',#3610,#3613,#1936,.T.);
#4533=EDGE_CURVE('',#3614,#3613,#1937,.T.);
#4534=EDGE_CURVE('',#3611,#3614,#1938,.T.);
#4535=EDGE_CURVE('',#3615,#3614,#1939,.T.);
#4536=EDGE_CURVE('',#3608,#3615,#1940,.T.);
#4537=EDGE_CURVE('',#3612,#3615,#1941,.T.);
#4538=EDGE_CURVE('',#3616,#3617,#1942,.T.);
#4539=EDGE_CURVE('',#3617,#3618,#1943,.T.);
#4540=EDGE_CURVE('',#3618,#3619,#1944,.T.);
#4541=EDGE_CURVE('',#3619,#3616,#1945,.T.);
#4542=EDGE_CURVE('',#3620,#3617,#1946,.T.);
#4543=EDGE_CURVE('',#3621,#3620,#1947,.T.);
#4544=EDGE_CURVE('',#3618,#3621,#1948,.T.);
#4545=EDGE_CURVE('',#3622,#3621,#1949,.T.);
#4546=EDGE_CURVE('',#3619,#3622,#1950,.T.);
#4547=EDGE_CURVE('',#3623,#3622,#1951,.T.);
#4548=EDGE_CURVE('',#3616,#3623,#1952,.T.);
#4549=EDGE_CURVE('',#3620,#3623,#1953,.T.);
#4550=EDGE_CURVE('',#3624,#3625,#1954,.T.);
#4551=EDGE_CURVE('',#3625,#3626,#1955,.T.);
#4552=EDGE_CURVE('',#3626,#3627,#1956,.T.);
#4553=EDGE_CURVE('',#3627,#3624,#1957,.T.);
#4554=EDGE_CURVE('',#3628,#3625,#1958,.T.);
#4555=EDGE_CURVE('',#3629,#3628,#1959,.T.);
#4556=EDGE_CURVE('',#3626,#3629,#1960,.T.);
#4557=EDGE_CURVE('',#3630,#3629,#1961,.T.);
#4558=EDGE_CURVE('',#3627,#3630,#1962,.T.);
#4559=EDGE_CURVE('',#3631,#3630,#1963,.T.);
#4560=EDGE_CURVE('',#3624,#3631,#1964,.T.);
#4561=EDGE_CURVE('',#3628,#3631,#1965,.T.);
#4562=EDGE_CURVE('',#3632,#3633,#1966,.T.);
#4563=EDGE_CURVE('',#3633,#3634,#1967,.T.);
#4564=EDGE_CURVE('',#3634,#3635,#1968,.T.);
#4565=EDGE_CURVE('',#3635,#3632,#1969,.T.);
#4566=EDGE_CURVE('',#3636,#3633,#1970,.T.);
#4567=EDGE_CURVE('',#3637,#3636,#1971,.T.);
#4568=EDGE_CURVE('',#3634,#3637,#1972,.T.);
#4569=EDGE_CURVE('',#3638,#3637,#1973,.T.);
#4570=EDGE_CURVE('',#3635,#3638,#1974,.T.);
#4571=EDGE_CURVE('',#3639,#3638,#1975,.T.);
#4572=EDGE_CURVE('',#3632,#3639,#1976,.T.);
#4573=EDGE_CURVE('',#3636,#3639,#1977,.T.);
#4574=EDGE_CURVE('',#3640,#3641,#1978,.T.);
#4575=EDGE_CURVE('',#3641,#3642,#1979,.T.);
#4576=EDGE_CURVE('',#3642,#3643,#1980,.T.);
#4577=EDGE_CURVE('',#3643,#3640,#1981,.T.);
#4578=EDGE_CURVE('',#3644,#3641,#1982,.T.);
#4579=EDGE_CURVE('',#3645,#3644,#1983,.T.);
#4580=EDGE_CURVE('',#3642,#3645,#1984,.T.);
#4581=EDGE_CURVE('',#3646,#3645,#1985,.T.);
#4582=EDGE_CURVE('',#3643,#3646,#1986,.T.);
#4583=EDGE_CURVE('',#3647,#3646,#1987,.T.);
#4584=EDGE_CURVE('',#3640,#3647,#1988,.T.);
#4585=EDGE_CURVE('',#3644,#3647,#1989,.T.);
#4586=EDGE_CURVE('',#3648,#3649,#1990,.T.);
#4587=EDGE_CURVE('',#3649,#3650,#1991,.T.);
#4588=EDGE_CURVE('',#3650,#3651,#1992,.T.);
#4589=EDGE_CURVE('',#3651,#3648,#1993,.T.);
#4590=EDGE_CURVE('',#3652,#3649,#1994,.T.);
#4591=EDGE_CURVE('',#3653,#3652,#1995,.T.);
#4592=EDGE_CURVE('',#3650,#3653,#1996,.T.);
#4593=EDGE_CURVE('',#3654,#3653,#1997,.T.);
#4594=EDGE_CURVE('',#3651,#3654,#1998,.T.);
#4595=EDGE_CURVE('',#3655,#3654,#1999,.T.);
#4596=EDGE_CURVE('',#3648,#3655,#2000,.T.);
#4597=EDGE_CURVE('',#3652,#3655,#2001,.T.);
#4598=EDGE_CURVE('',#3656,#3657,#2002,.T.);
#4599=EDGE_CURVE('',#3657,#3658,#2003,.T.);
#4600=EDGE_CURVE('',#3658,#3659,#2004,.T.);
#4601=EDGE_CURVE('',#3659,#3656,#2005,.T.);
#4602=EDGE_CURVE('',#3660,#3657,#2006,.T.);
#4603=EDGE_CURVE('',#3661,#3660,#2007,.T.);
#4604=EDGE_CURVE('',#3658,#3661,#2008,.T.);
#4605=EDGE_CURVE('',#3662,#3661,#2009,.T.);
#4606=EDGE_CURVE('',#3659,#3662,#2010,.T.);
#4607=EDGE_CURVE('',#3663,#3662,#2011,.T.);
#4608=EDGE_CURVE('',#3656,#3663,#2012,.T.);
#4609=EDGE_CURVE('',#3660,#3663,#2013,.T.);
#4610=EDGE_CURVE('',#3664,#3665,#2014,.T.);
#4611=EDGE_CURVE('',#3665,#3666,#2015,.T.);
#4612=EDGE_CURVE('',#3666,#3667,#2016,.T.);
#4613=EDGE_CURVE('',#3667,#3664,#2017,.T.);
#4614=EDGE_CURVE('',#3668,#3665,#2018,.T.);
#4615=EDGE_CURVE('',#3669,#3668,#2019,.T.);
#4616=EDGE_CURVE('',#3666,#3669,#2020,.T.);
#4617=EDGE_CURVE('',#3670,#3669,#2021,.T.);
#4618=EDGE_CURVE('',#3667,#3670,#2022,.T.);
#4619=EDGE_CURVE('',#3671,#3670,#2023,.T.);
#4620=EDGE_CURVE('',#3664,#3671,#2024,.T.);
#4621=EDGE_CURVE('',#3668,#3671,#2025,.T.);
#4622=EDGE_CURVE('',#3672,#3673,#2026,.T.);
#4623=EDGE_CURVE('',#3673,#3674,#2027,.T.);
#4624=EDGE_CURVE('',#3674,#3675,#2028,.T.);
#4625=EDGE_CURVE('',#3675,#3672,#2029,.T.);
#4626=EDGE_CURVE('',#3676,#3673,#2030,.T.);
#4627=EDGE_CURVE('',#3677,#3676,#2031,.T.);
#4628=EDGE_CURVE('',#3674,#3677,#2032,.T.);
#4629=EDGE_CURVE('',#3678,#3677,#2033,.T.);
#4630=EDGE_CURVE('',#3675,#3678,#2034,.T.);
#4631=EDGE_CURVE('',#3679,#3678,#2035,.T.);
#4632=EDGE_CURVE('',#3672,#3679,#2036,.T.);
#4633=EDGE_CURVE('',#3676,#3679,#2037,.T.);
#4634=EDGE_CURVE('',#3680,#3681,#2038,.T.);
#4635=EDGE_CURVE('',#3681,#3682,#2039,.T.);
#4636=EDGE_CURVE('',#3682,#3683,#2040,.T.);
#4637=EDGE_CURVE('',#3683,#3680,#2041,.T.);
#4638=EDGE_CURVE('',#3684,#3681,#2042,.T.);
#4639=EDGE_CURVE('',#3685,#3684,#2043,.T.);
#4640=EDGE_CURVE('',#3682,#3685,#2044,.T.);
#4641=EDGE_CURVE('',#3686,#3685,#2045,.T.);
#4642=EDGE_CURVE('',#3683,#3686,#2046,.T.);
#4643=EDGE_CURVE('',#3687,#3686,#2047,.T.);
#4644=EDGE_CURVE('',#3680,#3687,#2048,.T.);
#4645=EDGE_CURVE('',#3684,#3687,#2049,.T.);
#4646=EDGE_CURVE('',#3688,#3689,#2050,.T.);
#4647=EDGE_CURVE('',#3689,#3690,#2051,.T.);
#4648=EDGE_CURVE('',#3690,#3691,#2052,.T.);
#4649=EDGE_CURVE('',#3691,#3688,#2053,.T.);
#4650=EDGE_CURVE('',#3692,#3689,#2054,.T.);
#4651=EDGE_CURVE('',#3693,#3692,#2055,.T.);
#4652=EDGE_CURVE('',#3690,#3693,#2056,.T.);
#4653=EDGE_CURVE('',#3694,#3693,#2057,.T.);
#4654=EDGE_CURVE('',#3691,#3694,#2058,.T.);
#4655=EDGE_CURVE('',#3695,#3694,#2059,.T.);
#4656=EDGE_CURVE('',#3688,#3695,#2060,.T.);
#4657=EDGE_CURVE('',#3692,#3695,#2061,.T.);
#4658=EDGE_CURVE('',#3696,#3697,#2062,.T.);
#4659=EDGE_CURVE('',#3697,#3698,#2063,.T.);
#4660=EDGE_CURVE('',#3698,#3699,#2064,.T.);
#4661=EDGE_CURVE('',#3699,#3696,#2065,.T.);
#4662=EDGE_CURVE('',#3700,#3697,#2066,.T.);
#4663=EDGE_CURVE('',#3701,#3700,#2067,.T.);
#4664=EDGE_CURVE('',#3698,#3701,#2068,.T.);
#4665=EDGE_CURVE('',#3702,#3701,#2069,.T.);
#4666=EDGE_CURVE('',#3699,#3702,#2070,.T.);
#4667=EDGE_CURVE('',#3703,#3702,#2071,.T.);
#4668=EDGE_CURVE('',#3696,#3703,#2072,.T.);
#4669=EDGE_CURVE('',#3700,#3703,#2073,.T.);
#4670=EDGE_CURVE('',#3704,#3705,#2074,.T.);
#4671=EDGE_CURVE('',#3705,#3706,#2075,.T.);
#4672=EDGE_CURVE('',#3706,#3707,#2076,.T.);
#4673=EDGE_CURVE('',#3707,#3704,#2077,.T.);
#4674=EDGE_CURVE('',#3708,#3705,#2078,.T.);
#4675=EDGE_CURVE('',#3709,#3708,#2079,.T.);
#4676=EDGE_CURVE('',#3706,#3709,#2080,.T.);
#4677=EDGE_CURVE('',#3710,#3709,#2081,.T.);
#4678=EDGE_CURVE('',#3707,#3710,#2082,.T.);
#4679=EDGE_CURVE('',#3711,#3710,#2083,.T.);
#4680=EDGE_CURVE('',#3704,#3711,#2084,.T.);
#4681=EDGE_CURVE('',#3708,#3711,#2085,.T.);
#4682=EDGE_CURVE('',#3712,#3713,#2086,.T.);
#4683=EDGE_CURVE('',#3713,#3714,#2087,.T.);
#4684=EDGE_CURVE('',#3714,#3715,#2088,.T.);
#4685=EDGE_CURVE('',#3715,#3712,#2089,.T.);
#4686=EDGE_CURVE('',#3716,#3713,#2090,.T.);
#4687=EDGE_CURVE('',#3717,#3716,#2091,.T.);
#4688=EDGE_CURVE('',#3714,#3717,#2092,.T.);
#4689=EDGE_CURVE('',#3718,#3717,#2093,.T.);
#4690=EDGE_CURVE('',#3715,#3718,#2094,.T.);
#4691=EDGE_CURVE('',#3719,#3718,#2095,.T.);
#4692=EDGE_CURVE('',#3712,#3719,#2096,.T.);
#4693=EDGE_CURVE('',#3716,#3719,#2097,.T.);
#4694=EDGE_CURVE('',#3720,#3721,#2098,.T.);
#4695=EDGE_CURVE('',#3721,#3722,#2099,.T.);
#4696=EDGE_CURVE('',#3722,#3723,#2100,.T.);
#4697=EDGE_CURVE('',#3723,#3720,#2101,.T.);
#4698=EDGE_CURVE('',#3724,#3721,#2102,.T.);
#4699=EDGE_CURVE('',#3725,#3724,#2103,.T.);
#4700=EDGE_CURVE('',#3722,#3725,#2104,.T.);
#4701=EDGE_CURVE('',#3726,#3725,#2105,.T.);
#4702=EDGE_CURVE('',#3723,#3726,#2106,.T.);
#4703=EDGE_CURVE('',#3727,#3726,#2107,.T.);
#4704=EDGE_CURVE('',#3720,#3727,#2108,.T.);
#4705=EDGE_CURVE('',#3724,#3727,#2109,.T.);
#4706=EDGE_CURVE('',#3728,#3729,#2110,.T.);
#4707=EDGE_CURVE('',#3729,#3730,#2111,.T.);
#4708=EDGE_CURVE('',#3730,#3731,#2112,.T.);
#4709=EDGE_CURVE('',#3731,#3728,#2113,.T.);
#4710=EDGE_CURVE('',#3732,#3729,#2114,.T.);
#4711=EDGE_CURVE('',#3733,#3732,#2115,.T.);
#4712=EDGE_CURVE('',#3730,#3733,#2116,.T.);
#4713=EDGE_CURVE('',#3734,#3733,#2117,.T.);
#4714=EDGE_CURVE('',#3731,#3734,#2118,.T.);
#4715=EDGE_CURVE('',#3735,#3734,#2119,.T.);
#4716=EDGE_CURVE('',#3728,#3735,#2120,.T.);
#4717=EDGE_CURVE('',#3732,#3735,#2121,.T.);
#4718=EDGE_CURVE('',#3736,#3737,#2122,.T.);
#4719=EDGE_CURVE('',#3737,#3738,#2123,.T.);
#4720=EDGE_CURVE('',#3738,#3739,#2124,.T.);
#4721=EDGE_CURVE('',#3739,#3736,#2125,.T.);
#4722=EDGE_CURVE('',#3740,#3737,#2126,.T.);
#4723=EDGE_CURVE('',#3741,#3740,#2127,.T.);
#4724=EDGE_CURVE('',#3738,#3741,#2128,.T.);
#4725=EDGE_CURVE('',#3742,#3741,#2129,.T.);
#4726=EDGE_CURVE('',#3739,#3742,#2130,.T.);
#4727=EDGE_CURVE('',#3743,#3742,#2131,.T.);
#4728=EDGE_CURVE('',#3736,#3743,#2132,.T.);
#4729=EDGE_CURVE('',#3740,#3743,#2133,.T.);
#4730=EDGE_CURVE('',#3744,#3745,#2134,.T.);
#4731=EDGE_CURVE('',#3745,#3746,#2135,.T.);
#4732=EDGE_CURVE('',#3746,#3747,#2136,.T.);
#4733=EDGE_CURVE('',#3747,#3744,#2137,.T.);
#4734=EDGE_CURVE('',#3748,#3745,#2138,.T.);
#4735=EDGE_CURVE('',#3749,#3748,#2139,.T.);
#4736=EDGE_CURVE('',#3746,#3749,#2140,.T.);
#4737=EDGE_CURVE('',#3750,#3749,#2141,.T.);
#4738=EDGE_CURVE('',#3747,#3750,#2142,.T.);
#4739=EDGE_CURVE('',#3751,#3750,#2143,.T.);
#4740=EDGE_CURVE('',#3744,#3751,#2144,.T.);
#4741=EDGE_CURVE('',#3748,#3751,#2145,.T.);
#4742=EDGE_CURVE('',#3752,#3753,#2146,.T.);
#4743=EDGE_CURVE('',#3753,#3754,#2147,.T.);
#4744=EDGE_CURVE('',#3754,#3755,#2148,.T.);
#4745=EDGE_CURVE('',#3755,#3752,#2149,.T.);
#4746=EDGE_CURVE('',#3756,#3753,#2150,.T.);
#4747=EDGE_CURVE('',#3757,#3756,#2151,.T.);
#4748=EDGE_CURVE('',#3754,#3757,#2152,.T.);
#4749=EDGE_CURVE('',#3758,#3757,#2153,.T.);
#4750=EDGE_CURVE('',#3755,#3758,#2154,.T.);
#4751=EDGE_CURVE('',#3759,#3758,#2155,.T.);
#4752=EDGE_CURVE('',#3752,#3759,#2156,.T.);
#4753=EDGE_CURVE('',#3756,#3759,#2157,.T.);
#4754=EDGE_CURVE('',#3760,#3761,#2158,.T.);
#4755=EDGE_CURVE('',#3761,#3762,#2159,.T.);
#4756=EDGE_CURVE('',#3762,#3763,#2160,.T.);
#4757=EDGE_CURVE('',#3763,#3760,#2161,.T.);
#4758=EDGE_CURVE('',#3764,#3761,#2162,.T.);
#4759=EDGE_CURVE('',#3765,#3764,#2163,.T.);
#4760=EDGE_CURVE('',#3762,#3765,#2164,.T.);
#4761=EDGE_CURVE('',#3766,#3765,#2165,.T.);
#4762=EDGE_CURVE('',#3763,#3766,#2166,.T.);
#4763=EDGE_CURVE('',#3767,#3766,#2167,.T.);
#4764=EDGE_CURVE('',#3760,#3767,#2168,.T.);
#4765=EDGE_CURVE('',#3764,#3767,#2169,.T.);
#4766=EDGE_CURVE('',#3768,#3769,#2170,.T.);
#4767=EDGE_CURVE('',#3769,#3770,#2171,.T.);
#4768=EDGE_CURVE('',#3770,#3771,#2172,.T.);
#4769=EDGE_CURVE('',#3771,#3768,#2173,.T.);
#4770=EDGE_CURVE('',#3772,#3769,#2174,.T.);
#4771=EDGE_CURVE('',#3773,#3772,#2175,.T.);
#4772=EDGE_CURVE('',#3770,#3773,#2176,.T.);
#4773=EDGE_CURVE('',#3774,#3773,#2177,.T.);
#4774=EDGE_CURVE('',#3771,#3774,#2178,.T.);
#4775=EDGE_CURVE('',#3775,#3774,#2179,.T.);
#4776=EDGE_CURVE('',#3768,#3775,#2180,.T.);
#4777=EDGE_CURVE('',#3772,#3775,#2181,.T.);
#4778=EDGE_CURVE('',#3776,#3777,#2182,.T.);
#4779=EDGE_CURVE('',#3777,#3778,#2183,.T.);
#4780=EDGE_CURVE('',#3778,#3779,#2184,.T.);
#4781=EDGE_CURVE('',#3779,#3776,#2185,.T.);
#4782=EDGE_CURVE('',#3780,#3777,#2186,.T.);
#4783=EDGE_CURVE('',#3781,#3780,#2187,.T.);
#4784=EDGE_CURVE('',#3778,#3781,#2188,.T.);
#4785=EDGE_CURVE('',#3782,#3781,#2189,.T.);
#4786=EDGE_CURVE('',#3779,#3782,#2190,.T.);
#4787=EDGE_CURVE('',#3783,#3782,#2191,.T.);
#4788=EDGE_CURVE('',#3776,#3783,#2192,.T.);
#4789=EDGE_CURVE('',#3780,#3783,#2193,.T.);
#4790=EDGE_CURVE('',#3784,#3785,#2194,.T.);
#4791=EDGE_CURVE('',#3785,#3786,#2195,.T.);
#4792=EDGE_CURVE('',#3786,#3787,#2196,.T.);
#4793=EDGE_CURVE('',#3787,#3784,#2197,.T.);
#4794=EDGE_CURVE('',#3788,#3785,#2198,.T.);
#4795=EDGE_CURVE('',#3789,#3788,#2199,.T.);
#4796=EDGE_CURVE('',#3786,#3789,#2200,.T.);
#4797=EDGE_CURVE('',#3790,#3789,#2201,.T.);
#4798=EDGE_CURVE('',#3787,#3790,#2202,.T.);
#4799=EDGE_CURVE('',#3791,#3790,#2203,.T.);
#4800=EDGE_CURVE('',#3784,#3791,#2204,.T.);
#4801=EDGE_CURVE('',#3788,#3791,#2205,.T.);
#4802=EDGE_CURVE('',#3792,#3793,#2206,.T.);
#4803=EDGE_CURVE('',#3793,#3794,#2207,.T.);
#4804=EDGE_CURVE('',#3794,#3795,#2208,.T.);
#4805=EDGE_CURVE('',#3795,#3792,#2209,.T.);
#4806=EDGE_CURVE('',#3796,#3793,#2210,.T.);
#4807=EDGE_CURVE('',#3797,#3796,#2211,.T.);
#4808=EDGE_CURVE('',#3794,#3797,#2212,.T.);
#4809=EDGE_CURVE('',#3798,#3797,#2213,.T.);
#4810=EDGE_CURVE('',#3795,#3798,#2214,.T.);
#4811=EDGE_CURVE('',#3799,#3798,#2215,.T.);
#4812=EDGE_CURVE('',#3792,#3799,#2216,.T.);
#4813=EDGE_CURVE('',#3796,#3799,#2217,.T.);
#4814=EDGE_CURVE('',#3800,#3801,#2218,.T.);
#4815=EDGE_CURVE('',#3801,#3802,#2219,.T.);
#4816=EDGE_CURVE('',#3802,#3803,#2220,.T.);
#4817=EDGE_CURVE('',#3803,#3800,#2221,.T.);
#4818=EDGE_CURVE('',#3804,#3801,#2222,.T.);
#4819=EDGE_CURVE('',#3805,#3804,#2223,.T.);
#4820=EDGE_CURVE('',#3802,#3805,#2224,.T.);
#4821=EDGE_CURVE('',#3806,#3805,#2225,.T.);
#4822=EDGE_CURVE('',#3803,#3806,#2226,.T.);
#4823=EDGE_CURVE('',#3807,#3806,#2227,.T.);
#4824=EDGE_CURVE('',#3800,#3807,#2228,.T.);
#4825=EDGE_CURVE('',#3804,#3807,#2229,.T.);
#4826=ORIENTED_EDGE('',*,*,#3808,.F.);
#4827=ORIENTED_EDGE('',*,*,#3809,.F.);
#4828=ORIENTED_EDGE('',*,*,#3810,.F.);
#4829=ORIENTED_EDGE('',*,*,#3811,.F.);
#4830=ORIENTED_EDGE('',*,*,#3812,.F.);
#4831=ORIENTED_EDGE('',*,*,#3813,.F.);
#4832=ORIENTED_EDGE('',*,*,#3814,.F.);
#4833=ORIENTED_EDGE('',*,*,#3815,.F.);
#4834=ORIENTED_EDGE('',*,*,#3813,.T.);
#4835=ORIENTED_EDGE('',*,*,#3816,.T.);
#4836=ORIENTED_EDGE('',*,*,#3817,.T.);
#4837=ORIENTED_EDGE('',*,*,#3818,.F.);
#4838=ORIENTED_EDGE('',*,*,#3812,.T.);
#4839=ORIENTED_EDGE('',*,*,#3819,.T.);
#4840=ORIENTED_EDGE('',*,*,#3820,.T.);
#4841=ORIENTED_EDGE('',*,*,#3816,.F.);
#4842=ORIENTED_EDGE('',*,*,#3821,.F.);
#4843=ORIENTED_EDGE('',*,*,#3822,.F.);
#4844=ORIENTED_EDGE('',*,*,#3823,.F.);
#4845=ORIENTED_EDGE('',*,*,#3824,.T.);
#4846=ORIENTED_EDGE('',*,*,#3825,.F.);
#4847=ORIENTED_EDGE('',*,*,#3826,.F.);
#4848=ORIENTED_EDGE('',*,*,#3827,.F.);
#4849=ORIENTED_EDGE('',*,*,#3828,.F.);
#4850=ORIENTED_EDGE('',*,*,#3829,.F.);
#4851=ORIENTED_EDGE('',*,*,#3830,.F.);
#4852=ORIENTED_EDGE('',*,*,#3831,.F.);
#4853=ORIENTED_EDGE('',*,*,#3832,.F.);
#4854=ORIENTED_EDGE('',*,*,#3830,.T.);
#4855=ORIENTED_EDGE('',*,*,#3833,.T.);
#4856=ORIENTED_EDGE('',*,*,#3834,.T.);
#4857=ORIENTED_EDGE('',*,*,#3835,.F.);
#4858=ORIENTED_EDGE('',*,*,#3829,.T.);
#4859=ORIENTED_EDGE('',*,*,#3836,.T.);
#4860=ORIENTED_EDGE('',*,*,#3837,.T.);
#4861=ORIENTED_EDGE('',*,*,#3833,.F.);
#4862=ORIENTED_EDGE('',*,*,#3838,.F.);
#4863=ORIENTED_EDGE('',*,*,#3839,.F.);
#4864=ORIENTED_EDGE('',*,*,#3840,.F.);
#4865=ORIENTED_EDGE('',*,*,#3841,.T.);
#4866=ORIENTED_EDGE('',*,*,#3842,.F.);
#4867=ORIENTED_EDGE('',*,*,#3843,.T.);
#4868=ORIENTED_EDGE('',*,*,#3844,.F.);
#4869=ORIENTED_EDGE('',*,*,#3845,.F.);
#4870=ORIENTED_EDGE('',*,*,#3846,.F.);
#4871=ORIENTED_EDGE('',*,*,#3845,.T.);
#4872=ORIENTED_EDGE('',*,*,#3847,.F.);
#4873=ORIENTED_EDGE('',*,*,#3848,.F.);
#4874=ORIENTED_EDGE('',*,*,#3849,.F.);
#4875=ORIENTED_EDGE('',*,*,#3848,.T.);
#4876=ORIENTED_EDGE('',*,*,#3850,.F.);
#4877=ORIENTED_EDGE('',*,*,#3851,.F.);
#4878=ORIENTED_EDGE('',*,*,#3852,.F.);
#4879=ORIENTED_EDGE('',*,*,#3851,.T.);
#4880=ORIENTED_EDGE('',*,*,#3853,.F.);
#4881=ORIENTED_EDGE('',*,*,#3843,.F.);
#4882=ORIENTED_EDGE('',*,*,#3853,.T.);
#4883=ORIENTED_EDGE('',*,*,#3850,.T.);
#4884=ORIENTED_EDGE('',*,*,#3847,.T.);
#4885=ORIENTED_EDGE('',*,*,#3844,.T.);
#4886=ORIENTED_EDGE('',*,*,#3854,.F.);
#4887=ORIENTED_EDGE('',*,*,#3855,.F.);
#4888=ORIENTED_EDGE('',*,*,#3856,.F.);
#4889=ORIENTED_EDGE('',*,*,#3857,.F.);
#4890=ORIENTED_EDGE('',*,*,#3854,.T.);
#4891=ORIENTED_EDGE('',*,*,#3858,.T.);
#4892=ORIENTED_EDGE('',*,*,#3859,.F.);
#4893=ORIENTED_EDGE('',*,*,#3860,.F.);
#4894=ORIENTED_EDGE('',*,*,#3857,.T.);
#4895=ORIENTED_EDGE('',*,*,#3861,.T.);
#4896=ORIENTED_EDGE('',*,*,#3862,.F.);
#4897=ORIENTED_EDGE('',*,*,#3858,.F.);
#4898=ORIENTED_EDGE('',*,*,#3815,.T.);
#4899=ORIENTED_EDGE('',*,*,#3863,.T.);
#4900=ORIENTED_EDGE('',*,*,#3864,.T.);
#4901=ORIENTED_EDGE('',*,*,#3819,.F.);
#4902=ORIENTED_EDGE('',*,*,#3814,.T.);
#4903=ORIENTED_EDGE('',*,*,#3818,.T.);
#4904=ORIENTED_EDGE('',*,*,#3865,.T.);
#4905=ORIENTED_EDGE('',*,*,#3863,.F.);
#4906=ORIENTED_EDGE('',*,*,#3820,.F.);
#4907=ORIENTED_EDGE('',*,*,#3864,.F.);
#4908=ORIENTED_EDGE('',*,*,#3865,.F.);
#4909=ORIENTED_EDGE('',*,*,#3817,.F.);
#4910=ORIENTED_EDGE('',*,*,#3832,.T.);
#4911=ORIENTED_EDGE('',*,*,#3866,.T.);
#4912=ORIENTED_EDGE('',*,*,#3867,.T.);
#4913=ORIENTED_EDGE('',*,*,#3836,.F.);
#4914=ORIENTED_EDGE('',*,*,#3831,.T.);
#4915=ORIENTED_EDGE('',*,*,#3835,.T.);
#4916=ORIENTED_EDGE('',*,*,#3868,.T.);
#4917=ORIENTED_EDGE('',*,*,#3866,.F.);
#4918=ORIENTED_EDGE('',*,*,#3837,.F.);
#4919=ORIENTED_EDGE('',*,*,#3867,.F.);
#4920=ORIENTED_EDGE('',*,*,#3868,.F.);
#4921=ORIENTED_EDGE('',*,*,#3834,.F.);
#4922=ORIENTED_EDGE('',*,*,#3826,.T.);
#4923=ORIENTED_EDGE('',*,*,#3869,.F.);
#4924=ORIENTED_EDGE('',*,*,#3870,.T.);
#4925=ORIENTED_EDGE('',*,*,#3871,.F.);
#4926=ORIENTED_EDGE('',*,*,#3828,.T.);
#4927=ORIENTED_EDGE('',*,*,#3872,.F.);
#4928=ORIENTED_EDGE('',*,*,#3873,.F.);
#4929=ORIENTED_EDGE('',*,*,#3874,.F.);
#4930=ORIENTED_EDGE('',*,*,#3875,.F.);
#4931=ORIENTED_EDGE('',*,*,#3873,.T.);
#4932=ORIENTED_EDGE('',*,*,#3876,.F.);
#4933=ORIENTED_EDGE('',*,*,#3870,.F.);
#4934=ORIENTED_EDGE('',*,*,#3827,.T.);
#4935=ORIENTED_EDGE('',*,*,#3871,.T.);
#4936=ORIENTED_EDGE('',*,*,#3876,.T.);
#4937=ORIENTED_EDGE('',*,*,#3872,.T.);
#4938=ORIENTED_EDGE('',*,*,#3821,.T.);
#4939=ORIENTED_EDGE('',*,*,#3877,.T.);
#4940=ORIENTED_EDGE('',*,*,#3838,.T.);
#4941=ORIENTED_EDGE('',*,*,#3878,.T.);
#4942=ORIENTED_EDGE('',*,*,#3879,.T.);
#4943=ORIENTED_EDGE('',*,*,#3880,.T.);
#4944=ORIENTED_EDGE('',*,*,#3881,.T.);
#4945=ORIENTED_EDGE('',*,*,#3882,.T.);
#4946=ORIENTED_EDGE('',*,*,#3808,.T.);
#4947=ORIENTED_EDGE('',*,*,#3883,.T.);
#4948=ORIENTED_EDGE('',*,*,#3884,.T.);
#4949=ORIENTED_EDGE('',*,*,#3885,.T.);
#4950=ORIENTED_EDGE('',*,*,#3842,.T.);
#4951=ORIENTED_EDGE('',*,*,#3846,.T.);
#4952=ORIENTED_EDGE('',*,*,#3849,.T.);
#4953=ORIENTED_EDGE('',*,*,#3852,.T.);
#4954=ORIENTED_EDGE('',*,*,#3886,.T.);
#4955=ORIENTED_EDGE('',*,*,#3887,.T.);
#4956=ORIENTED_EDGE('',*,*,#3888,.T.);
#4957=ORIENTED_EDGE('',*,*,#3889,.T.);
#4958=ORIENTED_EDGE('',*,*,#3890,.T.);
#4959=ORIENTED_EDGE('',*,*,#3891,.T.);
#4960=ORIENTED_EDGE('',*,*,#3892,.T.);
#4961=ORIENTED_EDGE('',*,*,#3893,.T.);
#4962=ORIENTED_EDGE('',*,*,#3894,.T.);
#4963=ORIENTED_EDGE('',*,*,#3895,.T.);
#4964=ORIENTED_EDGE('',*,*,#3896,.T.);
#4965=ORIENTED_EDGE('',*,*,#3897,.T.);
#4966=ORIENTED_EDGE('',*,*,#3898,.T.);
#4967=ORIENTED_EDGE('',*,*,#3899,.T.);
#4968=ORIENTED_EDGE('',*,*,#3900,.T.);
#4969=ORIENTED_EDGE('',*,*,#3901,.T.);
#4970=ORIENTED_EDGE('',*,*,#3902,.T.);
#4971=ORIENTED_EDGE('',*,*,#3903,.T.);
#4972=ORIENTED_EDGE('',*,*,#3904,.T.);
#4973=ORIENTED_EDGE('',*,*,#3905,.T.);
#4974=ORIENTED_EDGE('',*,*,#3906,.T.);
#4975=ORIENTED_EDGE('',*,*,#3825,.T.);
#4976=ORIENTED_EDGE('',*,*,#3874,.T.);
#4977=ORIENTED_EDGE('',*,*,#3875,.T.);
#4978=ORIENTED_EDGE('',*,*,#3869,.T.);
#4979=ORIENTED_EDGE('',*,*,#3907,.T.);
#4980=ORIENTED_EDGE('',*,*,#3908,.T.);
#4981=ORIENTED_EDGE('',*,*,#3909,.T.);
#4982=ORIENTED_EDGE('',*,*,#3910,.T.);
#4983=ORIENTED_EDGE('',*,*,#3809,.T.);
#4984=ORIENTED_EDGE('',*,*,#3885,.F.);
#4985=ORIENTED_EDGE('',*,*,#3911,.T.);
#4986=ORIENTED_EDGE('',*,*,#3912,.F.);
#4987=ORIENTED_EDGE('',*,*,#3811,.T.);
#4988=ORIENTED_EDGE('',*,*,#3913,.F.);
#4989=ORIENTED_EDGE('',*,*,#3914,.F.);
#4990=ORIENTED_EDGE('',*,*,#3883,.F.);
#4991=ORIENTED_EDGE('',*,*,#3884,.F.);
#4992=ORIENTED_EDGE('',*,*,#3914,.T.);
#4993=ORIENTED_EDGE('',*,*,#3915,.F.);
#4994=ORIENTED_EDGE('',*,*,#3911,.F.);
#4995=ORIENTED_EDGE('',*,*,#3810,.T.);
#4996=ORIENTED_EDGE('',*,*,#3912,.T.);
#4997=ORIENTED_EDGE('',*,*,#3915,.T.);
#4998=ORIENTED_EDGE('',*,*,#3913,.T.);
#4999=ORIENTED_EDGE('',*,*,#3886,.F.);
#5000=ORIENTED_EDGE('',*,*,#3916,.T.);
#5001=ORIENTED_EDGE('',*,*,#3917,.F.);
#5002=ORIENTED_EDGE('',*,*,#3916,.F.);
#5003=ORIENTED_EDGE('',*,*,#3887,.F.);
#5004=ORIENTED_EDGE('',*,*,#3918,.T.);
#5005=ORIENTED_EDGE('',*,*,#3919,.F.);
#5006=ORIENTED_EDGE('',*,*,#3918,.F.);
#5007=ORIENTED_EDGE('',*,*,#3888,.F.);
#5008=ORIENTED_EDGE('',*,*,#3920,.T.);
#5009=ORIENTED_EDGE('',*,*,#3921,.F.);
#5010=ORIENTED_EDGE('',*,*,#3920,.F.);
#5011=ORIENTED_EDGE('',*,*,#3889,.F.);
#5012=ORIENTED_EDGE('',*,*,#3922,.T.);
#5013=ORIENTED_EDGE('',*,*,#3923,.F.);
#5014=ORIENTED_EDGE('',*,*,#3922,.F.);
#5015=ORIENTED_EDGE('',*,*,#3890,.F.);
#5016=ORIENTED_EDGE('',*,*,#3924,.T.);
#5017=ORIENTED_EDGE('',*,*,#3925,.F.);
#5018=ORIENTED_EDGE('',*,*,#3924,.F.);
#5019=ORIENTED_EDGE('',*,*,#3891,.F.);
#5020=ORIENTED_EDGE('',*,*,#3926,.T.);
#5021=ORIENTED_EDGE('',*,*,#3927,.F.);
#5022=ORIENTED_EDGE('',*,*,#3926,.F.);
#5023=ORIENTED_EDGE('',*,*,#3892,.F.);
#5024=ORIENTED_EDGE('',*,*,#3928,.T.);
#5025=ORIENTED_EDGE('',*,*,#3929,.F.);
#5026=ORIENTED_EDGE('',*,*,#3928,.F.);
#5027=ORIENTED_EDGE('',*,*,#3893,.F.);
#5028=ORIENTED_EDGE('',*,*,#3930,.T.);
#5029=ORIENTED_EDGE('',*,*,#3931,.F.);
#5030=ORIENTED_EDGE('',*,*,#3930,.F.);
#5031=ORIENTED_EDGE('',*,*,#3894,.F.);
#5032=ORIENTED_EDGE('',*,*,#3932,.T.);
#5033=ORIENTED_EDGE('',*,*,#3933,.F.);
#5034=ORIENTED_EDGE('',*,*,#3932,.F.);
#5035=ORIENTED_EDGE('',*,*,#3895,.F.);
#5036=ORIENTED_EDGE('',*,*,#3934,.T.);
#5037=ORIENTED_EDGE('',*,*,#3935,.F.);
#5038=ORIENTED_EDGE('',*,*,#3934,.F.);
#5039=ORIENTED_EDGE('',*,*,#3896,.F.);
#5040=ORIENTED_EDGE('',*,*,#3936,.T.);
#5041=ORIENTED_EDGE('',*,*,#3937,.F.);
#5042=ORIENTED_EDGE('',*,*,#3936,.F.);
#5043=ORIENTED_EDGE('',*,*,#3897,.F.);
#5044=ORIENTED_EDGE('',*,*,#3938,.T.);
#5045=ORIENTED_EDGE('',*,*,#3939,.F.);
#5046=ORIENTED_EDGE('',*,*,#3938,.F.);
#5047=ORIENTED_EDGE('',*,*,#3898,.F.);
#5048=ORIENTED_EDGE('',*,*,#3940,.T.);
#5049=ORIENTED_EDGE('',*,*,#3941,.F.);
#5050=ORIENTED_EDGE('',*,*,#3940,.F.);
#5051=ORIENTED_EDGE('',*,*,#3899,.F.);
#5052=ORIENTED_EDGE('',*,*,#3942,.T.);
#5053=ORIENTED_EDGE('',*,*,#3943,.F.);
#5054=ORIENTED_EDGE('',*,*,#3942,.F.);
#5055=ORIENTED_EDGE('',*,*,#3900,.F.);
#5056=ORIENTED_EDGE('',*,*,#3944,.T.);
#5057=ORIENTED_EDGE('',*,*,#3945,.F.);
#5058=ORIENTED_EDGE('',*,*,#3944,.F.);
#5059=ORIENTED_EDGE('',*,*,#3901,.F.);
#5060=ORIENTED_EDGE('',*,*,#3946,.T.);
#5061=ORIENTED_EDGE('',*,*,#3947,.F.);
#5062=ORIENTED_EDGE('',*,*,#3946,.F.);
#5063=ORIENTED_EDGE('',*,*,#3902,.F.);
#5064=ORIENTED_EDGE('',*,*,#3948,.T.);
#5065=ORIENTED_EDGE('',*,*,#3949,.F.);
#5066=ORIENTED_EDGE('',*,*,#3948,.F.);
#5067=ORIENTED_EDGE('',*,*,#3903,.F.);
#5068=ORIENTED_EDGE('',*,*,#3950,.T.);
#5069=ORIENTED_EDGE('',*,*,#3951,.F.);
#5070=ORIENTED_EDGE('',*,*,#3950,.F.);
#5071=ORIENTED_EDGE('',*,*,#3904,.F.);
#5072=ORIENTED_EDGE('',*,*,#3952,.T.);
#5073=ORIENTED_EDGE('',*,*,#3953,.F.);
#5074=ORIENTED_EDGE('',*,*,#3952,.F.);
#5075=ORIENTED_EDGE('',*,*,#3905,.F.);
#5076=ORIENTED_EDGE('',*,*,#3954,.T.);
#5077=ORIENTED_EDGE('',*,*,#3955,.F.);
#5078=ORIENTED_EDGE('',*,*,#3954,.F.);
#5079=ORIENTED_EDGE('',*,*,#3956,.F.);
#5080=ORIENTED_EDGE('',*,*,#3957,.T.);
#5081=ORIENTED_EDGE('',*,*,#3906,.F.);
#5082=ORIENTED_EDGE('',*,*,#3957,.F.);
#5083=ORIENTED_EDGE('',*,*,#3956,.T.);
#5084=ORIENTED_EDGE('',*,*,#3958,.T.);
#5085=ORIENTED_EDGE('',*,*,#3959,.T.);
#5086=ORIENTED_EDGE('',*,*,#3859,.T.);
#5087=ORIENTED_EDGE('',*,*,#3960,.F.);
#5088=ORIENTED_EDGE('',*,*,#3961,.T.);
#5089=ORIENTED_EDGE('',*,*,#3962,.T.);
#5090=ORIENTED_EDGE('',*,*,#3963,.T.);
#5091=ORIENTED_EDGE('',*,*,#3959,.F.);
#5092=ORIENTED_EDGE('',*,*,#3964,.T.);
#5093=ORIENTED_EDGE('',*,*,#3965,.T.);
#5094=ORIENTED_EDGE('',*,*,#3966,.T.);
#5095=ORIENTED_EDGE('',*,*,#3962,.F.);
#5096=ORIENTED_EDGE('',*,*,#3862,.T.);
#5097=ORIENTED_EDGE('',*,*,#3965,.F.);
#5098=ORIENTED_EDGE('',*,*,#3967,.T.);
#5099=ORIENTED_EDGE('',*,*,#3960,.T.);
#5100=ORIENTED_EDGE('',*,*,#3958,.F.);
#5101=ORIENTED_EDGE('',*,*,#3967,.F.);
#5102=ORIENTED_EDGE('',*,*,#3964,.F.);
#5103=ORIENTED_EDGE('',*,*,#3961,.F.);
#5104=ORIENTED_EDGE('',*,*,#3881,.F.);
#5105=ORIENTED_EDGE('',*,*,#3968,.T.);
#5106=ORIENTED_EDGE('',*,*,#3969,.F.);
#5107=ORIENTED_EDGE('',*,*,#3970,.F.);
#5108=ORIENTED_EDGE('',*,*,#3880,.F.);
#5109=ORIENTED_EDGE('',*,*,#3971,.T.);
#5110=ORIENTED_EDGE('',*,*,#3972,.F.);
#5111=ORIENTED_EDGE('',*,*,#3968,.F.);
#5112=ORIENTED_EDGE('',*,*,#3879,.F.);
#5113=ORIENTED_EDGE('',*,*,#3973,.F.);
#5114=ORIENTED_EDGE('',*,*,#3974,.F.);
#5115=ORIENTED_EDGE('',*,*,#3971,.F.);
#5116=ORIENTED_EDGE('',*,*,#3969,.T.);
#5117=ORIENTED_EDGE('',*,*,#3972,.T.);
#5118=ORIENTED_EDGE('',*,*,#3974,.T.);
#5119=ORIENTED_EDGE('',*,*,#3975,.T.);
#5120=ORIENTED_EDGE('',*,*,#3840,.T.);
#5121=ORIENTED_EDGE('',*,*,#3976,.T.);
#5122=ORIENTED_EDGE('',*,*,#3823,.T.);
#5123=ORIENTED_EDGE('',*,*,#3977,.T.);
#5124=ORIENTED_EDGE('',*,*,#3917,.T.);
#5125=ORIENTED_EDGE('',*,*,#3919,.T.);
#5126=ORIENTED_EDGE('',*,*,#3921,.T.);
#5127=ORIENTED_EDGE('',*,*,#3923,.T.);
#5128=ORIENTED_EDGE('',*,*,#3925,.T.);
#5129=ORIENTED_EDGE('',*,*,#3927,.T.);
#5130=ORIENTED_EDGE('',*,*,#3929,.T.);
#5131=ORIENTED_EDGE('',*,*,#3931,.T.);
#5132=ORIENTED_EDGE('',*,*,#3933,.T.);
#5133=ORIENTED_EDGE('',*,*,#3935,.T.);
#5134=ORIENTED_EDGE('',*,*,#3937,.T.);
#5135=ORIENTED_EDGE('',*,*,#3939,.T.);
#5136=ORIENTED_EDGE('',*,*,#3941,.T.);
#5137=ORIENTED_EDGE('',*,*,#3943,.T.);
#5138=ORIENTED_EDGE('',*,*,#3945,.T.);
#5139=ORIENTED_EDGE('',*,*,#3947,.T.);
#5140=ORIENTED_EDGE('',*,*,#3949,.T.);
#5141=ORIENTED_EDGE('',*,*,#3951,.T.);
#5142=ORIENTED_EDGE('',*,*,#3953,.T.);
#5143=ORIENTED_EDGE('',*,*,#3955,.T.);
#5144=ORIENTED_EDGE('',*,*,#3978,.F.);
#5145=ORIENTED_EDGE('',*,*,#3979,.F.);
#5146=ORIENTED_EDGE('',*,*,#3980,.F.);
#5147=ORIENTED_EDGE('',*,*,#3981,.F.);
#5148=ORIENTED_EDGE('',*,*,#3973,.T.);
#5149=ORIENTED_EDGE('',*,*,#3878,.F.);
#5150=ORIENTED_EDGE('',*,*,#3841,.F.);
#5151=ORIENTED_EDGE('',*,*,#3975,.F.);
#5152=ORIENTED_EDGE('',*,*,#3856,.T.);
#5153=ORIENTED_EDGE('',*,*,#3982,.T.);
#5154=ORIENTED_EDGE('',*,*,#3966,.F.);
#5155=ORIENTED_EDGE('',*,*,#3861,.F.);
#5156=ORIENTED_EDGE('',*,*,#3855,.T.);
#5157=ORIENTED_EDGE('',*,*,#3860,.T.);
#5158=ORIENTED_EDGE('',*,*,#3963,.F.);
#5159=ORIENTED_EDGE('',*,*,#3982,.F.);
#5160=ORIENTED_EDGE('',*,*,#3910,.F.);
#5161=ORIENTED_EDGE('',*,*,#3983,.T.);
#5162=ORIENTED_EDGE('',*,*,#3978,.T.);
#5163=ORIENTED_EDGE('',*,*,#3983,.F.);
#5164=ORIENTED_EDGE('',*,*,#3909,.F.);
#5165=ORIENTED_EDGE('',*,*,#3984,.T.);
#5166=ORIENTED_EDGE('',*,*,#3979,.T.);
#5167=ORIENTED_EDGE('',*,*,#3984,.F.);
#5168=ORIENTED_EDGE('',*,*,#3908,.F.);
#5169=ORIENTED_EDGE('',*,*,#3985,.T.);
#5170=ORIENTED_EDGE('',*,*,#3980,.T.);
#5171=ORIENTED_EDGE('',*,*,#3985,.F.);
#5172=ORIENTED_EDGE('',*,*,#3907,.F.);
#5173=ORIENTED_EDGE('',*,*,#3986,.T.);
#5174=ORIENTED_EDGE('',*,*,#3981,.T.);
#5175=ORIENTED_EDGE('',*,*,#3986,.F.);
#5176=ORIENTED_EDGE('',*,*,#3976,.F.);
#5177=ORIENTED_EDGE('',*,*,#3839,.T.);
#5178=ORIENTED_EDGE('',*,*,#3877,.F.);
#5179=ORIENTED_EDGE('',*,*,#3824,.F.);
#5180=ORIENTED_EDGE('',*,*,#3970,.T.);
#5181=ORIENTED_EDGE('',*,*,#3977,.F.);
#5182=ORIENTED_EDGE('',*,*,#3822,.T.);
#5183=ORIENTED_EDGE('',*,*,#3882,.F.);
#5184=ORIENTED_EDGE('',*,*,#3987,.F.);
#5185=ORIENTED_EDGE('',*,*,#3988,.T.);
#5186=ORIENTED_EDGE('',*,*,#3989,.T.);
#5187=ORIENTED_EDGE('',*,*,#3990,.T.);
#5188=ORIENTED_EDGE('',*,*,#3991,.F.);
#5189=ORIENTED_EDGE('',*,*,#3992,.T.);
#5190=ORIENTED_EDGE('',*,*,#3987,.T.);
#5191=ORIENTED_EDGE('',*,*,#3993,.T.);
#5192=ORIENTED_EDGE('',*,*,#3994,.F.);
#5193=ORIENTED_EDGE('',*,*,#3995,.T.);
#5194=ORIENTED_EDGE('',*,*,#3991,.T.);
#5195=ORIENTED_EDGE('',*,*,#3996,.T.);
#5196=ORIENTED_EDGE('',*,*,#3997,.F.);
#5197=ORIENTED_EDGE('',*,*,#3998,.T.);
#5198=ORIENTED_EDGE('',*,*,#3994,.T.);
#5199=ORIENTED_EDGE('',*,*,#3999,.T.);
#5200=ORIENTED_EDGE('',*,*,#4000,.F.);
#5201=ORIENTED_EDGE('',*,*,#4001,.T.);
#5202=ORIENTED_EDGE('',*,*,#3997,.T.);
#5203=ORIENTED_EDGE('',*,*,#4002,.T.);
#5204=ORIENTED_EDGE('',*,*,#4003,.F.);
#5205=ORIENTED_EDGE('',*,*,#4004,.T.);
#5206=ORIENTED_EDGE('',*,*,#4000,.T.);
#5207=ORIENTED_EDGE('',*,*,#4005,.T.);
#5208=ORIENTED_EDGE('',*,*,#4006,.F.);
#5209=ORIENTED_EDGE('',*,*,#4007,.T.);
#5210=ORIENTED_EDGE('',*,*,#4003,.T.);
#5211=ORIENTED_EDGE('',*,*,#4008,.T.);
#5212=ORIENTED_EDGE('',*,*,#4009,.F.);
#5213=ORIENTED_EDGE('',*,*,#4010,.T.);
#5214=ORIENTED_EDGE('',*,*,#4006,.T.);
#5215=ORIENTED_EDGE('',*,*,#4011,.T.);
#5216=ORIENTED_EDGE('',*,*,#4012,.F.);
#5217=ORIENTED_EDGE('',*,*,#4013,.T.);
#5218=ORIENTED_EDGE('',*,*,#4014,.F.);
#5219=ORIENTED_EDGE('',*,*,#4015,.F.);
#5220=ORIENTED_EDGE('',*,*,#4016,.F.);
#5221=ORIENTED_EDGE('',*,*,#4017,.T.);
#5222=ORIENTED_EDGE('',*,*,#4012,.T.);
#5223=ORIENTED_EDGE('',*,*,#4018,.F.);
#5224=ORIENTED_EDGE('',*,*,#4019,.F.);
#5225=ORIENTED_EDGE('',*,*,#4020,.T.);
#5226=ORIENTED_EDGE('',*,*,#4016,.T.);
#5227=ORIENTED_EDGE('',*,*,#4021,.F.);
#5228=ORIENTED_EDGE('',*,*,#4022,.F.);
#5229=ORIENTED_EDGE('',*,*,#4023,.T.);
#5230=ORIENTED_EDGE('',*,*,#4019,.T.);
#5231=ORIENTED_EDGE('',*,*,#4024,.F.);
#5232=ORIENTED_EDGE('',*,*,#4025,.F.);
#5233=ORIENTED_EDGE('',*,*,#4026,.T.);
#5234=ORIENTED_EDGE('',*,*,#4022,.T.);
#5235=ORIENTED_EDGE('',*,*,#4027,.F.);
#5236=ORIENTED_EDGE('',*,*,#4028,.F.);
#5237=ORIENTED_EDGE('',*,*,#4029,.T.);
#5238=ORIENTED_EDGE('',*,*,#4025,.T.);
#5239=ORIENTED_EDGE('',*,*,#4030,.F.);
#5240=ORIENTED_EDGE('',*,*,#4031,.F.);
#5241=ORIENTED_EDGE('',*,*,#4032,.T.);
#5242=ORIENTED_EDGE('',*,*,#4028,.T.);
#5243=ORIENTED_EDGE('',*,*,#4033,.F.);
#5244=ORIENTED_EDGE('',*,*,#4034,.F.);
#5245=ORIENTED_EDGE('',*,*,#4035,.T.);
#5246=ORIENTED_EDGE('',*,*,#4031,.T.);
#5247=ORIENTED_EDGE('',*,*,#4036,.F.);
#5248=ORIENTED_EDGE('',*,*,#4037,.F.);
#5249=ORIENTED_EDGE('',*,*,#4038,.T.);
#5250=ORIENTED_EDGE('',*,*,#4039,.T.);
#5251=ORIENTED_EDGE('',*,*,#4038,.F.);
#5252=ORIENTED_EDGE('',*,*,#4039,.F.);
#5253=ORIENTED_EDGE('',*,*,#4040,.F.);
#5254=ORIENTED_EDGE('',*,*,#4041,.T.);
#5255=ORIENTED_EDGE('',*,*,#4042,.T.);
#5256=ORIENTED_EDGE('',*,*,#4041,.F.);
#5257=ORIENTED_EDGE('',*,*,#4042,.F.);
#5258=ORIENTED_EDGE('',*,*,#4037,.T.);
#5259=ORIENTED_EDGE('',*,*,#4043,.T.);
#5260=ORIENTED_EDGE('',*,*,#4044,.T.);
#5261=ORIENTED_EDGE('',*,*,#4014,.T.);
#5262=ORIENTED_EDGE('',*,*,#4045,.T.);
#5263=ORIENTED_EDGE('',*,*,#4046,.F.);
#5264=ORIENTED_EDGE('',*,*,#4047,.F.);
#5265=ORIENTED_EDGE('',*,*,#4011,.F.);
#5266=ORIENTED_EDGE('',*,*,#4008,.F.);
#5267=ORIENTED_EDGE('',*,*,#4005,.F.);
#5268=ORIENTED_EDGE('',*,*,#4002,.F.);
#5269=ORIENTED_EDGE('',*,*,#3999,.F.);
#5270=ORIENTED_EDGE('',*,*,#3996,.F.);
#5271=ORIENTED_EDGE('',*,*,#3993,.F.);
#5272=ORIENTED_EDGE('',*,*,#3990,.F.);
#5273=ORIENTED_EDGE('',*,*,#4048,.F.);
#5274=ORIENTED_EDGE('',*,*,#4049,.F.);
#5275=ORIENTED_EDGE('',*,*,#4050,.T.);
#5276=ORIENTED_EDGE('',*,*,#4036,.T.);
#5277=ORIENTED_EDGE('',*,*,#4033,.T.);
#5278=ORIENTED_EDGE('',*,*,#4030,.T.);
#5279=ORIENTED_EDGE('',*,*,#4027,.T.);
#5280=ORIENTED_EDGE('',*,*,#4024,.T.);
#5281=ORIENTED_EDGE('',*,*,#4021,.T.);
#5282=ORIENTED_EDGE('',*,*,#4018,.T.);
#5283=ORIENTED_EDGE('',*,*,#4015,.T.);
#5284=ORIENTED_EDGE('',*,*,#4044,.F.);
#5285=ORIENTED_EDGE('',*,*,#4051,.T.);
#5286=ORIENTED_EDGE('',*,*,#4052,.T.);
#5287=ORIENTED_EDGE('',*,*,#4053,.T.);
#5288=ORIENTED_EDGE('',*,*,#4049,.T.);
#5289=ORIENTED_EDGE('',*,*,#4034,.T.);
#5290=ORIENTED_EDGE('',*,*,#4050,.F.);
#5291=ORIENTED_EDGE('',*,*,#4053,.F.);
#5292=ORIENTED_EDGE('',*,*,#4054,.T.);
#5293=ORIENTED_EDGE('',*,*,#4045,.F.);
#5294=ORIENTED_EDGE('',*,*,#4013,.F.);
#5295=ORIENTED_EDGE('',*,*,#4017,.F.);
#5296=ORIENTED_EDGE('',*,*,#4020,.F.);
#5297=ORIENTED_EDGE('',*,*,#4023,.F.);
#5298=ORIENTED_EDGE('',*,*,#4026,.F.);
#5299=ORIENTED_EDGE('',*,*,#4029,.F.);
#5300=ORIENTED_EDGE('',*,*,#4032,.F.);
#5301=ORIENTED_EDGE('',*,*,#4035,.F.);
#5302=ORIENTED_EDGE('',*,*,#4054,.F.);
#5303=ORIENTED_EDGE('',*,*,#4052,.F.);
#5304=ORIENTED_EDGE('',*,*,#4055,.F.);
#5305=ORIENTED_EDGE('',*,*,#3988,.F.);
#5306=ORIENTED_EDGE('',*,*,#3992,.F.);
#5307=ORIENTED_EDGE('',*,*,#3995,.F.);
#5308=ORIENTED_EDGE('',*,*,#3998,.F.);
#5309=ORIENTED_EDGE('',*,*,#4001,.F.);
#5310=ORIENTED_EDGE('',*,*,#4004,.F.);
#5311=ORIENTED_EDGE('',*,*,#4007,.F.);
#5312=ORIENTED_EDGE('',*,*,#4010,.F.);
#5313=ORIENTED_EDGE('',*,*,#4056,.F.);
#5314=ORIENTED_EDGE('',*,*,#4057,.F.);
#5315=ORIENTED_EDGE('',*,*,#4048,.T.);
#5316=ORIENTED_EDGE('',*,*,#3989,.F.);
#5317=ORIENTED_EDGE('',*,*,#4055,.T.);
#5318=ORIENTED_EDGE('',*,*,#4058,.T.);
#5319=ORIENTED_EDGE('',*,*,#4059,.T.);
#5320=ORIENTED_EDGE('',*,*,#4060,.F.);
#5321=ORIENTED_EDGE('',*,*,#4061,.T.);
#5322=ORIENTED_EDGE('',*,*,#4062,.F.);
#5323=ORIENTED_EDGE('',*,*,#4043,.F.);
#5324=ORIENTED_EDGE('',*,*,#4063,.F.);
#5325=ORIENTED_EDGE('',*,*,#4061,.F.);
#5326=ORIENTED_EDGE('',*,*,#4060,.T.);
#5327=ORIENTED_EDGE('',*,*,#4040,.T.);
#5328=ORIENTED_EDGE('',*,*,#4009,.T.);
#5329=ORIENTED_EDGE('',*,*,#4047,.T.);
#5330=ORIENTED_EDGE('',*,*,#4064,.F.);
#5331=ORIENTED_EDGE('',*,*,#4056,.T.);
#5332=ORIENTED_EDGE('',*,*,#4046,.T.);
#5333=ORIENTED_EDGE('',*,*,#4062,.T.);
#5334=ORIENTED_EDGE('',*,*,#4063,.T.);
#5335=ORIENTED_EDGE('',*,*,#4057,.T.);
#5336=ORIENTED_EDGE('',*,*,#4064,.T.);
#5337=ORIENTED_EDGE('',*,*,#4058,.F.);
#5338=ORIENTED_EDGE('',*,*,#4051,.F.);
#5339=ORIENTED_EDGE('',*,*,#4059,.F.);
#5340=ORIENTED_EDGE('',*,*,#4065,.T.);
#5341=ORIENTED_EDGE('',*,*,#4066,.F.);
#5342=ORIENTED_EDGE('',*,*,#4065,.F.);
#5343=ORIENTED_EDGE('',*,*,#4067,.F.);
#5344=ORIENTED_EDGE('',*,*,#4068,.T.);
#5345=ORIENTED_EDGE('',*,*,#4069,.T.);
#5346=ORIENTED_EDGE('',*,*,#4068,.F.);
#5347=ORIENTED_EDGE('',*,*,#4067,.T.);
#5348=ORIENTED_EDGE('',*,*,#4066,.T.);
#5349=ORIENTED_EDGE('',*,*,#4069,.F.);
#5350=ORIENTED_EDGE('',*,*,#4070,.F.);
#5351=ORIENTED_EDGE('',*,*,#4071,.T.);
#5352=ORIENTED_EDGE('',*,*,#4072,.F.);
#5353=ORIENTED_EDGE('',*,*,#4073,.F.);
#5354=ORIENTED_EDGE('',*,*,#4074,.F.);
#5355=ORIENTED_EDGE('',*,*,#4073,.T.);
#5356=ORIENTED_EDGE('',*,*,#4075,.F.);
#5357=ORIENTED_EDGE('',*,*,#4076,.F.);
#5358=ORIENTED_EDGE('',*,*,#4077,.F.);
#5359=ORIENTED_EDGE('',*,*,#4076,.T.);
#5360=ORIENTED_EDGE('',*,*,#4078,.F.);
#5361=ORIENTED_EDGE('',*,*,#4079,.F.);
#5362=ORIENTED_EDGE('',*,*,#4080,.F.);
#5363=ORIENTED_EDGE('',*,*,#4079,.T.);
#5364=ORIENTED_EDGE('',*,*,#4081,.F.);
#5365=ORIENTED_EDGE('',*,*,#4071,.F.);
#5366=ORIENTED_EDGE('',*,*,#4081,.T.);
#5367=ORIENTED_EDGE('',*,*,#4078,.T.);
#5368=ORIENTED_EDGE('',*,*,#4075,.T.);
#5369=ORIENTED_EDGE('',*,*,#4072,.T.);
#5370=ORIENTED_EDGE('',*,*,#4080,.T.);
#5371=ORIENTED_EDGE('',*,*,#4070,.T.);
#5372=ORIENTED_EDGE('',*,*,#4074,.T.);
#5373=ORIENTED_EDGE('',*,*,#4077,.T.);
#5374=ORIENTED_EDGE('',*,*,#4082,.F.);
#5375=ORIENTED_EDGE('',*,*,#4083,.T.);
#5376=ORIENTED_EDGE('',*,*,#4084,.F.);
#5377=ORIENTED_EDGE('',*,*,#4085,.F.);
#5378=ORIENTED_EDGE('',*,*,#4086,.F.);
#5379=ORIENTED_EDGE('',*,*,#4085,.T.);
#5380=ORIENTED_EDGE('',*,*,#4087,.F.);
#5381=ORIENTED_EDGE('',*,*,#4088,.F.);
#5382=ORIENTED_EDGE('',*,*,#4089,.F.);
#5383=ORIENTED_EDGE('',*,*,#4088,.T.);
#5384=ORIENTED_EDGE('',*,*,#4090,.F.);
#5385=ORIENTED_EDGE('',*,*,#4091,.F.);
#5386=ORIENTED_EDGE('',*,*,#4092,.F.);
#5387=ORIENTED_EDGE('',*,*,#4091,.T.);
#5388=ORIENTED_EDGE('',*,*,#4093,.F.);
#5389=ORIENTED_EDGE('',*,*,#4083,.F.);
#5390=ORIENTED_EDGE('',*,*,#4093,.T.);
#5391=ORIENTED_EDGE('',*,*,#4090,.T.);
#5392=ORIENTED_EDGE('',*,*,#4087,.T.);
#5393=ORIENTED_EDGE('',*,*,#4084,.T.);
#5394=ORIENTED_EDGE('',*,*,#4092,.T.);
#5395=ORIENTED_EDGE('',*,*,#4082,.T.);
#5396=ORIENTED_EDGE('',*,*,#4086,.T.);
#5397=ORIENTED_EDGE('',*,*,#4089,.T.);
#5398=ORIENTED_EDGE('',*,*,#4094,.F.);
#5399=ORIENTED_EDGE('',*,*,#4095,.T.);
#5400=ORIENTED_EDGE('',*,*,#4096,.F.);
#5401=ORIENTED_EDGE('',*,*,#4097,.F.);
#5402=ORIENTED_EDGE('',*,*,#4098,.F.);
#5403=ORIENTED_EDGE('',*,*,#4097,.T.);
#5404=ORIENTED_EDGE('',*,*,#4099,.F.);
#5405=ORIENTED_EDGE('',*,*,#4100,.F.);
#5406=ORIENTED_EDGE('',*,*,#4101,.F.);
#5407=ORIENTED_EDGE('',*,*,#4100,.T.);
#5408=ORIENTED_EDGE('',*,*,#4102,.F.);
#5409=ORIENTED_EDGE('',*,*,#4103,.F.);
#5410=ORIENTED_EDGE('',*,*,#4104,.F.);
#5411=ORIENTED_EDGE('',*,*,#4103,.T.);
#5412=ORIENTED_EDGE('',*,*,#4105,.F.);
#5413=ORIENTED_EDGE('',*,*,#4095,.F.);
#5414=ORIENTED_EDGE('',*,*,#4105,.T.);
#5415=ORIENTED_EDGE('',*,*,#4102,.T.);
#5416=ORIENTED_EDGE('',*,*,#4099,.T.);
#5417=ORIENTED_EDGE('',*,*,#4096,.T.);
#5418=ORIENTED_EDGE('',*,*,#4104,.T.);
#5419=ORIENTED_EDGE('',*,*,#4094,.T.);
#5420=ORIENTED_EDGE('',*,*,#4098,.T.);
#5421=ORIENTED_EDGE('',*,*,#4101,.T.);
#5422=ORIENTED_EDGE('',*,*,#4106,.F.);
#5423=ORIENTED_EDGE('',*,*,#4107,.T.);
#5424=ORIENTED_EDGE('',*,*,#4108,.F.);
#5425=ORIENTED_EDGE('',*,*,#4109,.F.);
#5426=ORIENTED_EDGE('',*,*,#4110,.F.);
#5427=ORIENTED_EDGE('',*,*,#4109,.T.);
#5428=ORIENTED_EDGE('',*,*,#4111,.F.);
#5429=ORIENTED_EDGE('',*,*,#4112,.F.);
#5430=ORIENTED_EDGE('',*,*,#4113,.F.);
#5431=ORIENTED_EDGE('',*,*,#4112,.T.);
#5432=ORIENTED_EDGE('',*,*,#4114,.F.);
#5433=ORIENTED_EDGE('',*,*,#4115,.F.);
#5434=ORIENTED_EDGE('',*,*,#4116,.F.);
#5435=ORIENTED_EDGE('',*,*,#4115,.T.);
#5436=ORIENTED_EDGE('',*,*,#4117,.F.);
#5437=ORIENTED_EDGE('',*,*,#4107,.F.);
#5438=ORIENTED_EDGE('',*,*,#4117,.T.);
#5439=ORIENTED_EDGE('',*,*,#4114,.T.);
#5440=ORIENTED_EDGE('',*,*,#4111,.T.);
#5441=ORIENTED_EDGE('',*,*,#4108,.T.);
#5442=ORIENTED_EDGE('',*,*,#4116,.T.);
#5443=ORIENTED_EDGE('',*,*,#4106,.T.);
#5444=ORIENTED_EDGE('',*,*,#4110,.T.);
#5445=ORIENTED_EDGE('',*,*,#4113,.T.);
#5446=ORIENTED_EDGE('',*,*,#4118,.F.);
#5447=ORIENTED_EDGE('',*,*,#4119,.T.);
#5448=ORIENTED_EDGE('',*,*,#4120,.F.);
#5449=ORIENTED_EDGE('',*,*,#4121,.F.);
#5450=ORIENTED_EDGE('',*,*,#4122,.F.);
#5451=ORIENTED_EDGE('',*,*,#4121,.T.);
#5452=ORIENTED_EDGE('',*,*,#4123,.F.);
#5453=ORIENTED_EDGE('',*,*,#4124,.F.);
#5454=ORIENTED_EDGE('',*,*,#4125,.F.);
#5455=ORIENTED_EDGE('',*,*,#4124,.T.);
#5456=ORIENTED_EDGE('',*,*,#4126,.F.);
#5457=ORIENTED_EDGE('',*,*,#4127,.F.);
#5458=ORIENTED_EDGE('',*,*,#4128,.F.);
#5459=ORIENTED_EDGE('',*,*,#4127,.T.);
#5460=ORIENTED_EDGE('',*,*,#4129,.F.);
#5461=ORIENTED_EDGE('',*,*,#4119,.F.);
#5462=ORIENTED_EDGE('',*,*,#4129,.T.);
#5463=ORIENTED_EDGE('',*,*,#4126,.T.);
#5464=ORIENTED_EDGE('',*,*,#4123,.T.);
#5465=ORIENTED_EDGE('',*,*,#4120,.T.);
#5466=ORIENTED_EDGE('',*,*,#4128,.T.);
#5467=ORIENTED_EDGE('',*,*,#4118,.T.);
#5468=ORIENTED_EDGE('',*,*,#4122,.T.);
#5469=ORIENTED_EDGE('',*,*,#4125,.T.);
#5470=ORIENTED_EDGE('',*,*,#4130,.F.);
#5471=ORIENTED_EDGE('',*,*,#4131,.T.);
#5472=ORIENTED_EDGE('',*,*,#4132,.F.);
#5473=ORIENTED_EDGE('',*,*,#4133,.F.);
#5474=ORIENTED_EDGE('',*,*,#4134,.F.);
#5475=ORIENTED_EDGE('',*,*,#4133,.T.);
#5476=ORIENTED_EDGE('',*,*,#4135,.F.);
#5477=ORIENTED_EDGE('',*,*,#4136,.F.);
#5478=ORIENTED_EDGE('',*,*,#4137,.F.);
#5479=ORIENTED_EDGE('',*,*,#4136,.T.);
#5480=ORIENTED_EDGE('',*,*,#4138,.F.);
#5481=ORIENTED_EDGE('',*,*,#4139,.F.);
#5482=ORIENTED_EDGE('',*,*,#4140,.F.);
#5483=ORIENTED_EDGE('',*,*,#4139,.T.);
#5484=ORIENTED_EDGE('',*,*,#4141,.F.);
#5485=ORIENTED_EDGE('',*,*,#4131,.F.);
#5486=ORIENTED_EDGE('',*,*,#4141,.T.);
#5487=ORIENTED_EDGE('',*,*,#4138,.T.);
#5488=ORIENTED_EDGE('',*,*,#4135,.T.);
#5489=ORIENTED_EDGE('',*,*,#4132,.T.);
#5490=ORIENTED_EDGE('',*,*,#4140,.T.);
#5491=ORIENTED_EDGE('',*,*,#4130,.T.);
#5492=ORIENTED_EDGE('',*,*,#4134,.T.);
#5493=ORIENTED_EDGE('',*,*,#4137,.T.);
#5494=ORIENTED_EDGE('',*,*,#4142,.F.);
#5495=ORIENTED_EDGE('',*,*,#4143,.T.);
#5496=ORIENTED_EDGE('',*,*,#4144,.F.);
#5497=ORIENTED_EDGE('',*,*,#4145,.F.);
#5498=ORIENTED_EDGE('',*,*,#4146,.F.);
#5499=ORIENTED_EDGE('',*,*,#4145,.T.);
#5500=ORIENTED_EDGE('',*,*,#4147,.F.);
#5501=ORIENTED_EDGE('',*,*,#4148,.F.);
#5502=ORIENTED_EDGE('',*,*,#4149,.F.);
#5503=ORIENTED_EDGE('',*,*,#4148,.T.);
#5504=ORIENTED_EDGE('',*,*,#4150,.F.);
#5505=ORIENTED_EDGE('',*,*,#4151,.F.);
#5506=ORIENTED_EDGE('',*,*,#4152,.F.);
#5507=ORIENTED_EDGE('',*,*,#4151,.T.);
#5508=ORIENTED_EDGE('',*,*,#4153,.F.);
#5509=ORIENTED_EDGE('',*,*,#4143,.F.);
#5510=ORIENTED_EDGE('',*,*,#4153,.T.);
#5511=ORIENTED_EDGE('',*,*,#4150,.T.);
#5512=ORIENTED_EDGE('',*,*,#4147,.T.);
#5513=ORIENTED_EDGE('',*,*,#4144,.T.);
#5514=ORIENTED_EDGE('',*,*,#4152,.T.);
#5515=ORIENTED_EDGE('',*,*,#4142,.T.);
#5516=ORIENTED_EDGE('',*,*,#4146,.T.);
#5517=ORIENTED_EDGE('',*,*,#4149,.T.);
#5518=ORIENTED_EDGE('',*,*,#4154,.F.);
#5519=ORIENTED_EDGE('',*,*,#4155,.T.);
#5520=ORIENTED_EDGE('',*,*,#4156,.F.);
#5521=ORIENTED_EDGE('',*,*,#4157,.F.);
#5522=ORIENTED_EDGE('',*,*,#4158,.F.);
#5523=ORIENTED_EDGE('',*,*,#4157,.T.);
#5524=ORIENTED_EDGE('',*,*,#4159,.F.);
#5525=ORIENTED_EDGE('',*,*,#4160,.F.);
#5526=ORIENTED_EDGE('',*,*,#4161,.F.);
#5527=ORIENTED_EDGE('',*,*,#4160,.T.);
#5528=ORIENTED_EDGE('',*,*,#4162,.F.);
#5529=ORIENTED_EDGE('',*,*,#4163,.F.);
#5530=ORIENTED_EDGE('',*,*,#4164,.F.);
#5531=ORIENTED_EDGE('',*,*,#4163,.T.);
#5532=ORIENTED_EDGE('',*,*,#4165,.F.);
#5533=ORIENTED_EDGE('',*,*,#4155,.F.);
#5534=ORIENTED_EDGE('',*,*,#4165,.T.);
#5535=ORIENTED_EDGE('',*,*,#4162,.T.);
#5536=ORIENTED_EDGE('',*,*,#4159,.T.);
#5537=ORIENTED_EDGE('',*,*,#4156,.T.);
#5538=ORIENTED_EDGE('',*,*,#4164,.T.);
#5539=ORIENTED_EDGE('',*,*,#4154,.T.);
#5540=ORIENTED_EDGE('',*,*,#4158,.T.);
#5541=ORIENTED_EDGE('',*,*,#4161,.T.);
#5542=ORIENTED_EDGE('',*,*,#4166,.F.);
#5543=ORIENTED_EDGE('',*,*,#4167,.T.);
#5544=ORIENTED_EDGE('',*,*,#4168,.F.);
#5545=ORIENTED_EDGE('',*,*,#4169,.F.);
#5546=ORIENTED_EDGE('',*,*,#4170,.F.);
#5547=ORIENTED_EDGE('',*,*,#4169,.T.);
#5548=ORIENTED_EDGE('',*,*,#4171,.F.);
#5549=ORIENTED_EDGE('',*,*,#4172,.F.);
#5550=ORIENTED_EDGE('',*,*,#4173,.F.);
#5551=ORIENTED_EDGE('',*,*,#4172,.T.);
#5552=ORIENTED_EDGE('',*,*,#4174,.F.);
#5553=ORIENTED_EDGE('',*,*,#4175,.F.);
#5554=ORIENTED_EDGE('',*,*,#4176,.F.);
#5555=ORIENTED_EDGE('',*,*,#4175,.T.);
#5556=ORIENTED_EDGE('',*,*,#4177,.F.);
#5557=ORIENTED_EDGE('',*,*,#4167,.F.);
#5558=ORIENTED_EDGE('',*,*,#4177,.T.);
#5559=ORIENTED_EDGE('',*,*,#4174,.T.);
#5560=ORIENTED_EDGE('',*,*,#4171,.T.);
#5561=ORIENTED_EDGE('',*,*,#4168,.T.);
#5562=ORIENTED_EDGE('',*,*,#4176,.T.);
#5563=ORIENTED_EDGE('',*,*,#4166,.T.);
#5564=ORIENTED_EDGE('',*,*,#4170,.T.);
#5565=ORIENTED_EDGE('',*,*,#4173,.T.);
#5566=ORIENTED_EDGE('',*,*,#4178,.F.);
#5567=ORIENTED_EDGE('',*,*,#4179,.T.);
#5568=ORIENTED_EDGE('',*,*,#4180,.F.);
#5569=ORIENTED_EDGE('',*,*,#4181,.F.);
#5570=ORIENTED_EDGE('',*,*,#4182,.F.);
#5571=ORIENTED_EDGE('',*,*,#4181,.T.);
#5572=ORIENTED_EDGE('',*,*,#4183,.F.);
#5573=ORIENTED_EDGE('',*,*,#4184,.F.);
#5574=ORIENTED_EDGE('',*,*,#4185,.F.);
#5575=ORIENTED_EDGE('',*,*,#4184,.T.);
#5576=ORIENTED_EDGE('',*,*,#4186,.F.);
#5577=ORIENTED_EDGE('',*,*,#4187,.F.);
#5578=ORIENTED_EDGE('',*,*,#4188,.F.);
#5579=ORIENTED_EDGE('',*,*,#4187,.T.);
#5580=ORIENTED_EDGE('',*,*,#4189,.F.);
#5581=ORIENTED_EDGE('',*,*,#4179,.F.);
#5582=ORIENTED_EDGE('',*,*,#4189,.T.);
#5583=ORIENTED_EDGE('',*,*,#4186,.T.);
#5584=ORIENTED_EDGE('',*,*,#4183,.T.);
#5585=ORIENTED_EDGE('',*,*,#4180,.T.);
#5586=ORIENTED_EDGE('',*,*,#4188,.T.);
#5587=ORIENTED_EDGE('',*,*,#4178,.T.);
#5588=ORIENTED_EDGE('',*,*,#4182,.T.);
#5589=ORIENTED_EDGE('',*,*,#4185,.T.);
#5590=ORIENTED_EDGE('',*,*,#4190,.F.);
#5591=ORIENTED_EDGE('',*,*,#4191,.T.);
#5592=ORIENTED_EDGE('',*,*,#4192,.F.);
#5593=ORIENTED_EDGE('',*,*,#4193,.F.);
#5594=ORIENTED_EDGE('',*,*,#4194,.F.);
#5595=ORIENTED_EDGE('',*,*,#4193,.T.);
#5596=ORIENTED_EDGE('',*,*,#4195,.F.);
#5597=ORIENTED_EDGE('',*,*,#4196,.F.);
#5598=ORIENTED_EDGE('',*,*,#4197,.F.);
#5599=ORIENTED_EDGE('',*,*,#4196,.T.);
#5600=ORIENTED_EDGE('',*,*,#4198,.F.);
#5601=ORIENTED_EDGE('',*,*,#4199,.F.);
#5602=ORIENTED_EDGE('',*,*,#4200,.F.);
#5603=ORIENTED_EDGE('',*,*,#4199,.T.);
#5604=ORIENTED_EDGE('',*,*,#4201,.F.);
#5605=ORIENTED_EDGE('',*,*,#4191,.F.);
#5606=ORIENTED_EDGE('',*,*,#4201,.T.);
#5607=ORIENTED_EDGE('',*,*,#4198,.T.);
#5608=ORIENTED_EDGE('',*,*,#4195,.T.);
#5609=ORIENTED_EDGE('',*,*,#4192,.T.);
#5610=ORIENTED_EDGE('',*,*,#4200,.T.);
#5611=ORIENTED_EDGE('',*,*,#4190,.T.);
#5612=ORIENTED_EDGE('',*,*,#4194,.T.);
#5613=ORIENTED_EDGE('',*,*,#4197,.T.);
#5614=ORIENTED_EDGE('',*,*,#4202,.F.);
#5615=ORIENTED_EDGE('',*,*,#4203,.T.);
#5616=ORIENTED_EDGE('',*,*,#4204,.F.);
#5617=ORIENTED_EDGE('',*,*,#4205,.F.);
#5618=ORIENTED_EDGE('',*,*,#4206,.F.);
#5619=ORIENTED_EDGE('',*,*,#4205,.T.);
#5620=ORIENTED_EDGE('',*,*,#4207,.F.);
#5621=ORIENTED_EDGE('',*,*,#4208,.F.);
#5622=ORIENTED_EDGE('',*,*,#4209,.F.);
#5623=ORIENTED_EDGE('',*,*,#4208,.T.);
#5624=ORIENTED_EDGE('',*,*,#4210,.F.);
#5625=ORIENTED_EDGE('',*,*,#4211,.F.);
#5626=ORIENTED_EDGE('',*,*,#4212,.F.);
#5627=ORIENTED_EDGE('',*,*,#4211,.T.);
#5628=ORIENTED_EDGE('',*,*,#4213,.F.);
#5629=ORIENTED_EDGE('',*,*,#4203,.F.);
#5630=ORIENTED_EDGE('',*,*,#4213,.T.);
#5631=ORIENTED_EDGE('',*,*,#4210,.T.);
#5632=ORIENTED_EDGE('',*,*,#4207,.T.);
#5633=ORIENTED_EDGE('',*,*,#4204,.T.);
#5634=ORIENTED_EDGE('',*,*,#4212,.T.);
#5635=ORIENTED_EDGE('',*,*,#4202,.T.);
#5636=ORIENTED_EDGE('',*,*,#4206,.T.);
#5637=ORIENTED_EDGE('',*,*,#4209,.T.);
#5638=ORIENTED_EDGE('',*,*,#4214,.F.);
#5639=ORIENTED_EDGE('',*,*,#4215,.T.);
#5640=ORIENTED_EDGE('',*,*,#4216,.F.);
#5641=ORIENTED_EDGE('',*,*,#4217,.F.);
#5642=ORIENTED_EDGE('',*,*,#4218,.F.);
#5643=ORIENTED_EDGE('',*,*,#4217,.T.);
#5644=ORIENTED_EDGE('',*,*,#4219,.F.);
#5645=ORIENTED_EDGE('',*,*,#4220,.F.);
#5646=ORIENTED_EDGE('',*,*,#4221,.F.);
#5647=ORIENTED_EDGE('',*,*,#4220,.T.);
#5648=ORIENTED_EDGE('',*,*,#4222,.F.);
#5649=ORIENTED_EDGE('',*,*,#4223,.F.);
#5650=ORIENTED_EDGE('',*,*,#4224,.F.);
#5651=ORIENTED_EDGE('',*,*,#4223,.T.);
#5652=ORIENTED_EDGE('',*,*,#4225,.F.);
#5653=ORIENTED_EDGE('',*,*,#4215,.F.);
#5654=ORIENTED_EDGE('',*,*,#4225,.T.);
#5655=ORIENTED_EDGE('',*,*,#4222,.T.);
#5656=ORIENTED_EDGE('',*,*,#4219,.T.);
#5657=ORIENTED_EDGE('',*,*,#4216,.T.);
#5658=ORIENTED_EDGE('',*,*,#4224,.T.);
#5659=ORIENTED_EDGE('',*,*,#4214,.T.);
#5660=ORIENTED_EDGE('',*,*,#4218,.T.);
#5661=ORIENTED_EDGE('',*,*,#4221,.T.);
#5662=ORIENTED_EDGE('',*,*,#4226,.F.);
#5663=ORIENTED_EDGE('',*,*,#4227,.T.);
#5664=ORIENTED_EDGE('',*,*,#4228,.F.);
#5665=ORIENTED_EDGE('',*,*,#4229,.F.);
#5666=ORIENTED_EDGE('',*,*,#4230,.F.);
#5667=ORIENTED_EDGE('',*,*,#4229,.T.);
#5668=ORIENTED_EDGE('',*,*,#4231,.F.);
#5669=ORIENTED_EDGE('',*,*,#4232,.F.);
#5670=ORIENTED_EDGE('',*,*,#4233,.F.);
#5671=ORIENTED_EDGE('',*,*,#4232,.T.);
#5672=ORIENTED_EDGE('',*,*,#4234,.F.);
#5673=ORIENTED_EDGE('',*,*,#4235,.F.);
#5674=ORIENTED_EDGE('',*,*,#4236,.F.);
#5675=ORIENTED_EDGE('',*,*,#4235,.T.);
#5676=ORIENTED_EDGE('',*,*,#4237,.F.);
#5677=ORIENTED_EDGE('',*,*,#4227,.F.);
#5678=ORIENTED_EDGE('',*,*,#4237,.T.);
#5679=ORIENTED_EDGE('',*,*,#4234,.T.);
#5680=ORIENTED_EDGE('',*,*,#4231,.T.);
#5681=ORIENTED_EDGE('',*,*,#4228,.T.);
#5682=ORIENTED_EDGE('',*,*,#4236,.T.);
#5683=ORIENTED_EDGE('',*,*,#4226,.T.);
#5684=ORIENTED_EDGE('',*,*,#4230,.T.);
#5685=ORIENTED_EDGE('',*,*,#4233,.T.);
#5686=ORIENTED_EDGE('',*,*,#4238,.F.);
#5687=ORIENTED_EDGE('',*,*,#4239,.T.);
#5688=ORIENTED_EDGE('',*,*,#4240,.F.);
#5689=ORIENTED_EDGE('',*,*,#4241,.F.);
#5690=ORIENTED_EDGE('',*,*,#4242,.F.);
#5691=ORIENTED_EDGE('',*,*,#4241,.T.);
#5692=ORIENTED_EDGE('',*,*,#4243,.F.);
#5693=ORIENTED_EDGE('',*,*,#4244,.F.);
#5694=ORIENTED_EDGE('',*,*,#4245,.F.);
#5695=ORIENTED_EDGE('',*,*,#4244,.T.);
#5696=ORIENTED_EDGE('',*,*,#4246,.F.);
#5697=ORIENTED_EDGE('',*,*,#4247,.F.);
#5698=ORIENTED_EDGE('',*,*,#4248,.F.);
#5699=ORIENTED_EDGE('',*,*,#4247,.T.);
#5700=ORIENTED_EDGE('',*,*,#4249,.F.);
#5701=ORIENTED_EDGE('',*,*,#4239,.F.);
#5702=ORIENTED_EDGE('',*,*,#4249,.T.);
#5703=ORIENTED_EDGE('',*,*,#4246,.T.);
#5704=ORIENTED_EDGE('',*,*,#4243,.T.);
#5705=ORIENTED_EDGE('',*,*,#4240,.T.);
#5706=ORIENTED_EDGE('',*,*,#4248,.T.);
#5707=ORIENTED_EDGE('',*,*,#4238,.T.);
#5708=ORIENTED_EDGE('',*,*,#4242,.T.);
#5709=ORIENTED_EDGE('',*,*,#4245,.T.);
#5710=ORIENTED_EDGE('',*,*,#4250,.F.);
#5711=ORIENTED_EDGE('',*,*,#4251,.T.);
#5712=ORIENTED_EDGE('',*,*,#4252,.F.);
#5713=ORIENTED_EDGE('',*,*,#4253,.F.);
#5714=ORIENTED_EDGE('',*,*,#4254,.F.);
#5715=ORIENTED_EDGE('',*,*,#4253,.T.);
#5716=ORIENTED_EDGE('',*,*,#4255,.F.);
#5717=ORIENTED_EDGE('',*,*,#4256,.F.);
#5718=ORIENTED_EDGE('',*,*,#4257,.F.);
#5719=ORIENTED_EDGE('',*,*,#4256,.T.);
#5720=ORIENTED_EDGE('',*,*,#4258,.F.);
#5721=ORIENTED_EDGE('',*,*,#4259,.F.);
#5722=ORIENTED_EDGE('',*,*,#4260,.F.);
#5723=ORIENTED_EDGE('',*,*,#4259,.T.);
#5724=ORIENTED_EDGE('',*,*,#4261,.F.);
#5725=ORIENTED_EDGE('',*,*,#4251,.F.);
#5726=ORIENTED_EDGE('',*,*,#4261,.T.);
#5727=ORIENTED_EDGE('',*,*,#4258,.T.);
#5728=ORIENTED_EDGE('',*,*,#4255,.T.);
#5729=ORIENTED_EDGE('',*,*,#4252,.T.);
#5730=ORIENTED_EDGE('',*,*,#4260,.T.);
#5731=ORIENTED_EDGE('',*,*,#4250,.T.);
#5732=ORIENTED_EDGE('',*,*,#4254,.T.);
#5733=ORIENTED_EDGE('',*,*,#4257,.T.);
#5734=ORIENTED_EDGE('',*,*,#4262,.F.);
#5735=ORIENTED_EDGE('',*,*,#4263,.T.);
#5736=ORIENTED_EDGE('',*,*,#4264,.F.);
#5737=ORIENTED_EDGE('',*,*,#4265,.F.);
#5738=ORIENTED_EDGE('',*,*,#4266,.F.);
#5739=ORIENTED_EDGE('',*,*,#4265,.T.);
#5740=ORIENTED_EDGE('',*,*,#4267,.F.);
#5741=ORIENTED_EDGE('',*,*,#4268,.F.);
#5742=ORIENTED_EDGE('',*,*,#4269,.F.);
#5743=ORIENTED_EDGE('',*,*,#4268,.T.);
#5744=ORIENTED_EDGE('',*,*,#4270,.F.);
#5745=ORIENTED_EDGE('',*,*,#4271,.F.);
#5746=ORIENTED_EDGE('',*,*,#4272,.F.);
#5747=ORIENTED_EDGE('',*,*,#4271,.T.);
#5748=ORIENTED_EDGE('',*,*,#4273,.F.);
#5749=ORIENTED_EDGE('',*,*,#4263,.F.);
#5750=ORIENTED_EDGE('',*,*,#4273,.T.);
#5751=ORIENTED_EDGE('',*,*,#4270,.T.);
#5752=ORIENTED_EDGE('',*,*,#4267,.T.);
#5753=ORIENTED_EDGE('',*,*,#4264,.T.);
#5754=ORIENTED_EDGE('',*,*,#4272,.T.);
#5755=ORIENTED_EDGE('',*,*,#4262,.T.);
#5756=ORIENTED_EDGE('',*,*,#4266,.T.);
#5757=ORIENTED_EDGE('',*,*,#4269,.T.);
#5758=ORIENTED_EDGE('',*,*,#4274,.F.);
#5759=ORIENTED_EDGE('',*,*,#4275,.T.);
#5760=ORIENTED_EDGE('',*,*,#4276,.F.);
#5761=ORIENTED_EDGE('',*,*,#4277,.F.);
#5762=ORIENTED_EDGE('',*,*,#4278,.F.);
#5763=ORIENTED_EDGE('',*,*,#4277,.T.);
#5764=ORIENTED_EDGE('',*,*,#4279,.F.);
#5765=ORIENTED_EDGE('',*,*,#4280,.F.);
#5766=ORIENTED_EDGE('',*,*,#4281,.F.);
#5767=ORIENTED_EDGE('',*,*,#4280,.T.);
#5768=ORIENTED_EDGE('',*,*,#4282,.F.);
#5769=ORIENTED_EDGE('',*,*,#4283,.F.);
#5770=ORIENTED_EDGE('',*,*,#4284,.F.);
#5771=ORIENTED_EDGE('',*,*,#4283,.T.);
#5772=ORIENTED_EDGE('',*,*,#4285,.F.);
#5773=ORIENTED_EDGE('',*,*,#4275,.F.);
#5774=ORIENTED_EDGE('',*,*,#4285,.T.);
#5775=ORIENTED_EDGE('',*,*,#4282,.T.);
#5776=ORIENTED_EDGE('',*,*,#4279,.T.);
#5777=ORIENTED_EDGE('',*,*,#4276,.T.);
#5778=ORIENTED_EDGE('',*,*,#4284,.T.);
#5779=ORIENTED_EDGE('',*,*,#4274,.T.);
#5780=ORIENTED_EDGE('',*,*,#4278,.T.);
#5781=ORIENTED_EDGE('',*,*,#4281,.T.);
#5782=ORIENTED_EDGE('',*,*,#4286,.F.);
#5783=ORIENTED_EDGE('',*,*,#4287,.T.);
#5784=ORIENTED_EDGE('',*,*,#4288,.F.);
#5785=ORIENTED_EDGE('',*,*,#4289,.F.);
#5786=ORIENTED_EDGE('',*,*,#4290,.F.);
#5787=ORIENTED_EDGE('',*,*,#4289,.T.);
#5788=ORIENTED_EDGE('',*,*,#4291,.F.);
#5789=ORIENTED_EDGE('',*,*,#4292,.F.);
#5790=ORIENTED_EDGE('',*,*,#4293,.F.);
#5791=ORIENTED_EDGE('',*,*,#4292,.T.);
#5792=ORIENTED_EDGE('',*,*,#4294,.F.);
#5793=ORIENTED_EDGE('',*,*,#4295,.F.);
#5794=ORIENTED_EDGE('',*,*,#4296,.F.);
#5795=ORIENTED_EDGE('',*,*,#4295,.T.);
#5796=ORIENTED_EDGE('',*,*,#4297,.F.);
#5797=ORIENTED_EDGE('',*,*,#4287,.F.);
#5798=ORIENTED_EDGE('',*,*,#4297,.T.);
#5799=ORIENTED_EDGE('',*,*,#4294,.T.);
#5800=ORIENTED_EDGE('',*,*,#4291,.T.);
#5801=ORIENTED_EDGE('',*,*,#4288,.T.);
#5802=ORIENTED_EDGE('',*,*,#4296,.T.);
#5803=ORIENTED_EDGE('',*,*,#4286,.T.);
#5804=ORIENTED_EDGE('',*,*,#4290,.T.);
#5805=ORIENTED_EDGE('',*,*,#4293,.T.);
#5806=ORIENTED_EDGE('',*,*,#4298,.F.);
#5807=ORIENTED_EDGE('',*,*,#4299,.T.);
#5808=ORIENTED_EDGE('',*,*,#4300,.F.);
#5809=ORIENTED_EDGE('',*,*,#4301,.F.);
#5810=ORIENTED_EDGE('',*,*,#4302,.F.);
#5811=ORIENTED_EDGE('',*,*,#4301,.T.);
#5812=ORIENTED_EDGE('',*,*,#4303,.F.);
#5813=ORIENTED_EDGE('',*,*,#4304,.F.);
#5814=ORIENTED_EDGE('',*,*,#4305,.F.);
#5815=ORIENTED_EDGE('',*,*,#4304,.T.);
#5816=ORIENTED_EDGE('',*,*,#4306,.F.);
#5817=ORIENTED_EDGE('',*,*,#4307,.F.);
#5818=ORIENTED_EDGE('',*,*,#4308,.F.);
#5819=ORIENTED_EDGE('',*,*,#4307,.T.);
#5820=ORIENTED_EDGE('',*,*,#4309,.F.);
#5821=ORIENTED_EDGE('',*,*,#4299,.F.);
#5822=ORIENTED_EDGE('',*,*,#4309,.T.);
#5823=ORIENTED_EDGE('',*,*,#4306,.T.);
#5824=ORIENTED_EDGE('',*,*,#4303,.T.);
#5825=ORIENTED_EDGE('',*,*,#4300,.T.);
#5826=ORIENTED_EDGE('',*,*,#4308,.T.);
#5827=ORIENTED_EDGE('',*,*,#4298,.T.);
#5828=ORIENTED_EDGE('',*,*,#4302,.T.);
#5829=ORIENTED_EDGE('',*,*,#4305,.T.);
#5830=ORIENTED_EDGE('',*,*,#4310,.F.);
#5831=ORIENTED_EDGE('',*,*,#4311,.T.);
#5832=ORIENTED_EDGE('',*,*,#4312,.F.);
#5833=ORIENTED_EDGE('',*,*,#4313,.F.);
#5834=ORIENTED_EDGE('',*,*,#4314,.F.);
#5835=ORIENTED_EDGE('',*,*,#4313,.T.);
#5836=ORIENTED_EDGE('',*,*,#4315,.F.);
#5837=ORIENTED_EDGE('',*,*,#4316,.F.);
#5838=ORIENTED_EDGE('',*,*,#4317,.F.);
#5839=ORIENTED_EDGE('',*,*,#4316,.T.);
#5840=ORIENTED_EDGE('',*,*,#4318,.F.);
#5841=ORIENTED_EDGE('',*,*,#4319,.F.);
#5842=ORIENTED_EDGE('',*,*,#4320,.F.);
#5843=ORIENTED_EDGE('',*,*,#4319,.T.);
#5844=ORIENTED_EDGE('',*,*,#4321,.F.);
#5845=ORIENTED_EDGE('',*,*,#4311,.F.);
#5846=ORIENTED_EDGE('',*,*,#4321,.T.);
#5847=ORIENTED_EDGE('',*,*,#4318,.T.);
#5848=ORIENTED_EDGE('',*,*,#4315,.T.);
#5849=ORIENTED_EDGE('',*,*,#4312,.T.);
#5850=ORIENTED_EDGE('',*,*,#4320,.T.);
#5851=ORIENTED_EDGE('',*,*,#4310,.T.);
#5852=ORIENTED_EDGE('',*,*,#4314,.T.);
#5853=ORIENTED_EDGE('',*,*,#4317,.T.);
#5854=ORIENTED_EDGE('',*,*,#4322,.T.);
#5855=ORIENTED_EDGE('',*,*,#4323,.T.);
#5856=ORIENTED_EDGE('',*,*,#4324,.T.);
#5857=ORIENTED_EDGE('',*,*,#4325,.T.);
#5858=ORIENTED_EDGE('',*,*,#4326,.F.);
#5859=ORIENTED_EDGE('',*,*,#4327,.F.);
#5860=ORIENTED_EDGE('',*,*,#4328,.F.);
#5861=ORIENTED_EDGE('',*,*,#4323,.F.);
#5862=ORIENTED_EDGE('',*,*,#4328,.T.);
#5863=ORIENTED_EDGE('',*,*,#4329,.F.);
#5864=ORIENTED_EDGE('',*,*,#4330,.F.);
#5865=ORIENTED_EDGE('',*,*,#4324,.F.);
#5866=ORIENTED_EDGE('',*,*,#4330,.T.);
#5867=ORIENTED_EDGE('',*,*,#4331,.F.);
#5868=ORIENTED_EDGE('',*,*,#4332,.F.);
#5869=ORIENTED_EDGE('',*,*,#4325,.F.);
#5870=ORIENTED_EDGE('',*,*,#4332,.T.);
#5871=ORIENTED_EDGE('',*,*,#4333,.F.);
#5872=ORIENTED_EDGE('',*,*,#4326,.T.);
#5873=ORIENTED_EDGE('',*,*,#4322,.F.);
#5874=ORIENTED_EDGE('',*,*,#4333,.T.);
#5875=ORIENTED_EDGE('',*,*,#4331,.T.);
#5876=ORIENTED_EDGE('',*,*,#4329,.T.);
#5877=ORIENTED_EDGE('',*,*,#4327,.T.);
#5878=ORIENTED_EDGE('',*,*,#4334,.T.);
#5879=ORIENTED_EDGE('',*,*,#4335,.T.);
#5880=ORIENTED_EDGE('',*,*,#4336,.T.);
#5881=ORIENTED_EDGE('',*,*,#4337,.T.);
#5882=ORIENTED_EDGE('',*,*,#4338,.F.);
#5883=ORIENTED_EDGE('',*,*,#4339,.F.);
#5884=ORIENTED_EDGE('',*,*,#4340,.F.);
#5885=ORIENTED_EDGE('',*,*,#4335,.F.);
#5886=ORIENTED_EDGE('',*,*,#4340,.T.);
#5887=ORIENTED_EDGE('',*,*,#4341,.F.);
#5888=ORIENTED_EDGE('',*,*,#4342,.F.);
#5889=ORIENTED_EDGE('',*,*,#4336,.F.);
#5890=ORIENTED_EDGE('',*,*,#4342,.T.);
#5891=ORIENTED_EDGE('',*,*,#4343,.F.);
#5892=ORIENTED_EDGE('',*,*,#4344,.F.);
#5893=ORIENTED_EDGE('',*,*,#4337,.F.);
#5894=ORIENTED_EDGE('',*,*,#4344,.T.);
#5895=ORIENTED_EDGE('',*,*,#4345,.F.);
#5896=ORIENTED_EDGE('',*,*,#4338,.T.);
#5897=ORIENTED_EDGE('',*,*,#4334,.F.);
#5898=ORIENTED_EDGE('',*,*,#4345,.T.);
#5899=ORIENTED_EDGE('',*,*,#4343,.T.);
#5900=ORIENTED_EDGE('',*,*,#4341,.T.);
#5901=ORIENTED_EDGE('',*,*,#4339,.T.);
#5902=ORIENTED_EDGE('',*,*,#4346,.T.);
#5903=ORIENTED_EDGE('',*,*,#4347,.T.);
#5904=ORIENTED_EDGE('',*,*,#4348,.T.);
#5905=ORIENTED_EDGE('',*,*,#4349,.T.);
#5906=ORIENTED_EDGE('',*,*,#4350,.F.);
#5907=ORIENTED_EDGE('',*,*,#4351,.F.);
#5908=ORIENTED_EDGE('',*,*,#4352,.F.);
#5909=ORIENTED_EDGE('',*,*,#4347,.F.);
#5910=ORIENTED_EDGE('',*,*,#4352,.T.);
#5911=ORIENTED_EDGE('',*,*,#4353,.F.);
#5912=ORIENTED_EDGE('',*,*,#4354,.F.);
#5913=ORIENTED_EDGE('',*,*,#4348,.F.);
#5914=ORIENTED_EDGE('',*,*,#4354,.T.);
#5915=ORIENTED_EDGE('',*,*,#4355,.F.);
#5916=ORIENTED_EDGE('',*,*,#4356,.F.);
#5917=ORIENTED_EDGE('',*,*,#4349,.F.);
#5918=ORIENTED_EDGE('',*,*,#4356,.T.);
#5919=ORIENTED_EDGE('',*,*,#4357,.F.);
#5920=ORIENTED_EDGE('',*,*,#4350,.T.);
#5921=ORIENTED_EDGE('',*,*,#4346,.F.);
#5922=ORIENTED_EDGE('',*,*,#4357,.T.);
#5923=ORIENTED_EDGE('',*,*,#4355,.T.);
#5924=ORIENTED_EDGE('',*,*,#4353,.T.);
#5925=ORIENTED_EDGE('',*,*,#4351,.T.);
#5926=ORIENTED_EDGE('',*,*,#4358,.T.);
#5927=ORIENTED_EDGE('',*,*,#4359,.T.);
#5928=ORIENTED_EDGE('',*,*,#4360,.T.);
#5929=ORIENTED_EDGE('',*,*,#4361,.T.);
#5930=ORIENTED_EDGE('',*,*,#4362,.F.);
#5931=ORIENTED_EDGE('',*,*,#4363,.F.);
#5932=ORIENTED_EDGE('',*,*,#4364,.F.);
#5933=ORIENTED_EDGE('',*,*,#4359,.F.);
#5934=ORIENTED_EDGE('',*,*,#4364,.T.);
#5935=ORIENTED_EDGE('',*,*,#4365,.F.);
#5936=ORIENTED_EDGE('',*,*,#4366,.F.);
#5937=ORIENTED_EDGE('',*,*,#4360,.F.);
#5938=ORIENTED_EDGE('',*,*,#4366,.T.);
#5939=ORIENTED_EDGE('',*,*,#4367,.F.);
#5940=ORIENTED_EDGE('',*,*,#4368,.F.);
#5941=ORIENTED_EDGE('',*,*,#4361,.F.);
#5942=ORIENTED_EDGE('',*,*,#4368,.T.);
#5943=ORIENTED_EDGE('',*,*,#4369,.F.);
#5944=ORIENTED_EDGE('',*,*,#4362,.T.);
#5945=ORIENTED_EDGE('',*,*,#4358,.F.);
#5946=ORIENTED_EDGE('',*,*,#4369,.T.);
#5947=ORIENTED_EDGE('',*,*,#4367,.T.);
#5948=ORIENTED_EDGE('',*,*,#4365,.T.);
#5949=ORIENTED_EDGE('',*,*,#4363,.T.);
#5950=ORIENTED_EDGE('',*,*,#4370,.T.);
#5951=ORIENTED_EDGE('',*,*,#4371,.T.);
#5952=ORIENTED_EDGE('',*,*,#4372,.T.);
#5953=ORIENTED_EDGE('',*,*,#4373,.T.);
#5954=ORIENTED_EDGE('',*,*,#4374,.F.);
#5955=ORIENTED_EDGE('',*,*,#4375,.F.);
#5956=ORIENTED_EDGE('',*,*,#4376,.F.);
#5957=ORIENTED_EDGE('',*,*,#4371,.F.);
#5958=ORIENTED_EDGE('',*,*,#4376,.T.);
#5959=ORIENTED_EDGE('',*,*,#4377,.F.);
#5960=ORIENTED_EDGE('',*,*,#4378,.F.);
#5961=ORIENTED_EDGE('',*,*,#4372,.F.);
#5962=ORIENTED_EDGE('',*,*,#4378,.T.);
#5963=ORIENTED_EDGE('',*,*,#4379,.F.);
#5964=ORIENTED_EDGE('',*,*,#4380,.F.);
#5965=ORIENTED_EDGE('',*,*,#4373,.F.);
#5966=ORIENTED_EDGE('',*,*,#4380,.T.);
#5967=ORIENTED_EDGE('',*,*,#4381,.F.);
#5968=ORIENTED_EDGE('',*,*,#4374,.T.);
#5969=ORIENTED_EDGE('',*,*,#4370,.F.);
#5970=ORIENTED_EDGE('',*,*,#4381,.T.);
#5971=ORIENTED_EDGE('',*,*,#4379,.T.);
#5972=ORIENTED_EDGE('',*,*,#4377,.T.);
#5973=ORIENTED_EDGE('',*,*,#4375,.T.);
#5974=ORIENTED_EDGE('',*,*,#4382,.T.);
#5975=ORIENTED_EDGE('',*,*,#4383,.T.);
#5976=ORIENTED_EDGE('',*,*,#4384,.T.);
#5977=ORIENTED_EDGE('',*,*,#4385,.T.);
#5978=ORIENTED_EDGE('',*,*,#4386,.F.);
#5979=ORIENTED_EDGE('',*,*,#4387,.F.);
#5980=ORIENTED_EDGE('',*,*,#4388,.F.);
#5981=ORIENTED_EDGE('',*,*,#4383,.F.);
#5982=ORIENTED_EDGE('',*,*,#4388,.T.);
#5983=ORIENTED_EDGE('',*,*,#4389,.F.);
#5984=ORIENTED_EDGE('',*,*,#4390,.F.);
#5985=ORIENTED_EDGE('',*,*,#4384,.F.);
#5986=ORIENTED_EDGE('',*,*,#4390,.T.);
#5987=ORIENTED_EDGE('',*,*,#4391,.F.);
#5988=ORIENTED_EDGE('',*,*,#4392,.F.);
#5989=ORIENTED_EDGE('',*,*,#4385,.F.);
#5990=ORIENTED_EDGE('',*,*,#4392,.T.);
#5991=ORIENTED_EDGE('',*,*,#4393,.F.);
#5992=ORIENTED_EDGE('',*,*,#4386,.T.);
#5993=ORIENTED_EDGE('',*,*,#4382,.F.);
#5994=ORIENTED_EDGE('',*,*,#4393,.T.);
#5995=ORIENTED_EDGE('',*,*,#4391,.T.);
#5996=ORIENTED_EDGE('',*,*,#4389,.T.);
#5997=ORIENTED_EDGE('',*,*,#4387,.T.);
#5998=ORIENTED_EDGE('',*,*,#4394,.T.);
#5999=ORIENTED_EDGE('',*,*,#4395,.T.);
#6000=ORIENTED_EDGE('',*,*,#4396,.T.);
#6001=ORIENTED_EDGE('',*,*,#4397,.T.);
#6002=ORIENTED_EDGE('',*,*,#4398,.F.);
#6003=ORIENTED_EDGE('',*,*,#4399,.F.);
#6004=ORIENTED_EDGE('',*,*,#4400,.F.);
#6005=ORIENTED_EDGE('',*,*,#4395,.F.);
#6006=ORIENTED_EDGE('',*,*,#4400,.T.);
#6007=ORIENTED_EDGE('',*,*,#4401,.F.);
#6008=ORIENTED_EDGE('',*,*,#4402,.F.);
#6009=ORIENTED_EDGE('',*,*,#4396,.F.);
#6010=ORIENTED_EDGE('',*,*,#4402,.T.);
#6011=ORIENTED_EDGE('',*,*,#4403,.F.);
#6012=ORIENTED_EDGE('',*,*,#4404,.F.);
#6013=ORIENTED_EDGE('',*,*,#4397,.F.);
#6014=ORIENTED_EDGE('',*,*,#4404,.T.);
#6015=ORIENTED_EDGE('',*,*,#4405,.F.);
#6016=ORIENTED_EDGE('',*,*,#4398,.T.);
#6017=ORIENTED_EDGE('',*,*,#4394,.F.);
#6018=ORIENTED_EDGE('',*,*,#4405,.T.);
#6019=ORIENTED_EDGE('',*,*,#4403,.T.);
#6020=ORIENTED_EDGE('',*,*,#4401,.T.);
#6021=ORIENTED_EDGE('',*,*,#4399,.T.);
#6022=ORIENTED_EDGE('',*,*,#4406,.T.);
#6023=ORIENTED_EDGE('',*,*,#4407,.T.);
#6024=ORIENTED_EDGE('',*,*,#4408,.T.);
#6025=ORIENTED_EDGE('',*,*,#4409,.T.);
#6026=ORIENTED_EDGE('',*,*,#4410,.F.);
#6027=ORIENTED_EDGE('',*,*,#4411,.F.);
#6028=ORIENTED_EDGE('',*,*,#4412,.F.);
#6029=ORIENTED_EDGE('',*,*,#4407,.F.);
#6030=ORIENTED_EDGE('',*,*,#4412,.T.);
#6031=ORIENTED_EDGE('',*,*,#4413,.F.);
#6032=ORIENTED_EDGE('',*,*,#4414,.F.);
#6033=ORIENTED_EDGE('',*,*,#4408,.F.);
#6034=ORIENTED_EDGE('',*,*,#4414,.T.);
#6035=ORIENTED_EDGE('',*,*,#4415,.F.);
#6036=ORIENTED_EDGE('',*,*,#4416,.F.);
#6037=ORIENTED_EDGE('',*,*,#4409,.F.);
#6038=ORIENTED_EDGE('',*,*,#4416,.T.);
#6039=ORIENTED_EDGE('',*,*,#4417,.F.);
#6040=ORIENTED_EDGE('',*,*,#4410,.T.);
#6041=ORIENTED_EDGE('',*,*,#4406,.F.);
#6042=ORIENTED_EDGE('',*,*,#4417,.T.);
#6043=ORIENTED_EDGE('',*,*,#4415,.T.);
#6044=ORIENTED_EDGE('',*,*,#4413,.T.);
#6045=ORIENTED_EDGE('',*,*,#4411,.T.);
#6046=ORIENTED_EDGE('',*,*,#4418,.T.);
#6047=ORIENTED_EDGE('',*,*,#4419,.T.);
#6048=ORIENTED_EDGE('',*,*,#4420,.T.);
#6049=ORIENTED_EDGE('',*,*,#4421,.T.);
#6050=ORIENTED_EDGE('',*,*,#4422,.F.);
#6051=ORIENTED_EDGE('',*,*,#4423,.F.);
#6052=ORIENTED_EDGE('',*,*,#4424,.F.);
#6053=ORIENTED_EDGE('',*,*,#4419,.F.);
#6054=ORIENTED_EDGE('',*,*,#4424,.T.);
#6055=ORIENTED_EDGE('',*,*,#4425,.F.);
#6056=ORIENTED_EDGE('',*,*,#4426,.F.);
#6057=ORIENTED_EDGE('',*,*,#4420,.F.);
#6058=ORIENTED_EDGE('',*,*,#4426,.T.);
#6059=ORIENTED_EDGE('',*,*,#4427,.F.);
#6060=ORIENTED_EDGE('',*,*,#4428,.F.);
#6061=ORIENTED_EDGE('',*,*,#4421,.F.);
#6062=ORIENTED_EDGE('',*,*,#4428,.T.);
#6063=ORIENTED_EDGE('',*,*,#4429,.F.);
#6064=ORIENTED_EDGE('',*,*,#4422,.T.);
#6065=ORIENTED_EDGE('',*,*,#4418,.F.);
#6066=ORIENTED_EDGE('',*,*,#4429,.T.);
#6067=ORIENTED_EDGE('',*,*,#4427,.T.);
#6068=ORIENTED_EDGE('',*,*,#4425,.T.);
#6069=ORIENTED_EDGE('',*,*,#4423,.T.);
#6070=ORIENTED_EDGE('',*,*,#4430,.T.);
#6071=ORIENTED_EDGE('',*,*,#4431,.T.);
#6072=ORIENTED_EDGE('',*,*,#4432,.T.);
#6073=ORIENTED_EDGE('',*,*,#4433,.T.);
#6074=ORIENTED_EDGE('',*,*,#4434,.F.);
#6075=ORIENTED_EDGE('',*,*,#4435,.F.);
#6076=ORIENTED_EDGE('',*,*,#4436,.F.);
#6077=ORIENTED_EDGE('',*,*,#4431,.F.);
#6078=ORIENTED_EDGE('',*,*,#4436,.T.);
#6079=ORIENTED_EDGE('',*,*,#4437,.F.);
#6080=ORIENTED_EDGE('',*,*,#4438,.F.);
#6081=ORIENTED_EDGE('',*,*,#4432,.F.);
#6082=ORIENTED_EDGE('',*,*,#4438,.T.);
#6083=ORIENTED_EDGE('',*,*,#4439,.F.);
#6084=ORIENTED_EDGE('',*,*,#4440,.F.);
#6085=ORIENTED_EDGE('',*,*,#4433,.F.);
#6086=ORIENTED_EDGE('',*,*,#4440,.T.);
#6087=ORIENTED_EDGE('',*,*,#4441,.F.);
#6088=ORIENTED_EDGE('',*,*,#4434,.T.);
#6089=ORIENTED_EDGE('',*,*,#4430,.F.);
#6090=ORIENTED_EDGE('',*,*,#4441,.T.);
#6091=ORIENTED_EDGE('',*,*,#4439,.T.);
#6092=ORIENTED_EDGE('',*,*,#4437,.T.);
#6093=ORIENTED_EDGE('',*,*,#4435,.T.);
#6094=ORIENTED_EDGE('',*,*,#4442,.T.);
#6095=ORIENTED_EDGE('',*,*,#4443,.T.);
#6096=ORIENTED_EDGE('',*,*,#4444,.T.);
#6097=ORIENTED_EDGE('',*,*,#4445,.T.);
#6098=ORIENTED_EDGE('',*,*,#4446,.F.);
#6099=ORIENTED_EDGE('',*,*,#4447,.F.);
#6100=ORIENTED_EDGE('',*,*,#4448,.F.);
#6101=ORIENTED_EDGE('',*,*,#4443,.F.);
#6102=ORIENTED_EDGE('',*,*,#4448,.T.);
#6103=ORIENTED_EDGE('',*,*,#4449,.F.);
#6104=ORIENTED_EDGE('',*,*,#4450,.F.);
#6105=ORIENTED_EDGE('',*,*,#4444,.F.);
#6106=ORIENTED_EDGE('',*,*,#4450,.T.);
#6107=ORIENTED_EDGE('',*,*,#4451,.F.);
#6108=ORIENTED_EDGE('',*,*,#4452,.F.);
#6109=ORIENTED_EDGE('',*,*,#4445,.F.);
#6110=ORIENTED_EDGE('',*,*,#4452,.T.);
#6111=ORIENTED_EDGE('',*,*,#4453,.F.);
#6112=ORIENTED_EDGE('',*,*,#4446,.T.);
#6113=ORIENTED_EDGE('',*,*,#4442,.F.);
#6114=ORIENTED_EDGE('',*,*,#4453,.T.);
#6115=ORIENTED_EDGE('',*,*,#4451,.T.);
#6116=ORIENTED_EDGE('',*,*,#4449,.T.);
#6117=ORIENTED_EDGE('',*,*,#4447,.T.);
#6118=ORIENTED_EDGE('',*,*,#4454,.T.);
#6119=ORIENTED_EDGE('',*,*,#4455,.T.);
#6120=ORIENTED_EDGE('',*,*,#4456,.T.);
#6121=ORIENTED_EDGE('',*,*,#4457,.T.);
#6122=ORIENTED_EDGE('',*,*,#4458,.F.);
#6123=ORIENTED_EDGE('',*,*,#4459,.F.);
#6124=ORIENTED_EDGE('',*,*,#4460,.F.);
#6125=ORIENTED_EDGE('',*,*,#4455,.F.);
#6126=ORIENTED_EDGE('',*,*,#4460,.T.);
#6127=ORIENTED_EDGE('',*,*,#4461,.F.);
#6128=ORIENTED_EDGE('',*,*,#4462,.F.);
#6129=ORIENTED_EDGE('',*,*,#4456,.F.);
#6130=ORIENTED_EDGE('',*,*,#4462,.T.);
#6131=ORIENTED_EDGE('',*,*,#4463,.F.);
#6132=ORIENTED_EDGE('',*,*,#4464,.F.);
#6133=ORIENTED_EDGE('',*,*,#4457,.F.);
#6134=ORIENTED_EDGE('',*,*,#4464,.T.);
#6135=ORIENTED_EDGE('',*,*,#4465,.F.);
#6136=ORIENTED_EDGE('',*,*,#4458,.T.);
#6137=ORIENTED_EDGE('',*,*,#4454,.F.);
#6138=ORIENTED_EDGE('',*,*,#4465,.T.);
#6139=ORIENTED_EDGE('',*,*,#4463,.T.);
#6140=ORIENTED_EDGE('',*,*,#4461,.T.);
#6141=ORIENTED_EDGE('',*,*,#4459,.T.);
#6142=ORIENTED_EDGE('',*,*,#4466,.T.);
#6143=ORIENTED_EDGE('',*,*,#4467,.T.);
#6144=ORIENTED_EDGE('',*,*,#4468,.T.);
#6145=ORIENTED_EDGE('',*,*,#4469,.T.);
#6146=ORIENTED_EDGE('',*,*,#4470,.F.);
#6147=ORIENTED_EDGE('',*,*,#4471,.F.);
#6148=ORIENTED_EDGE('',*,*,#4472,.F.);
#6149=ORIENTED_EDGE('',*,*,#4467,.F.);
#6150=ORIENTED_EDGE('',*,*,#4472,.T.);
#6151=ORIENTED_EDGE('',*,*,#4473,.F.);
#6152=ORIENTED_EDGE('',*,*,#4474,.F.);
#6153=ORIENTED_EDGE('',*,*,#4468,.F.);
#6154=ORIENTED_EDGE('',*,*,#4474,.T.);
#6155=ORIENTED_EDGE('',*,*,#4475,.F.);
#6156=ORIENTED_EDGE('',*,*,#4476,.F.);
#6157=ORIENTED_EDGE('',*,*,#4469,.F.);
#6158=ORIENTED_EDGE('',*,*,#4476,.T.);
#6159=ORIENTED_EDGE('',*,*,#4477,.F.);
#6160=ORIENTED_EDGE('',*,*,#4470,.T.);
#6161=ORIENTED_EDGE('',*,*,#4466,.F.);
#6162=ORIENTED_EDGE('',*,*,#4477,.T.);
#6163=ORIENTED_EDGE('',*,*,#4475,.T.);
#6164=ORIENTED_EDGE('',*,*,#4473,.T.);
#6165=ORIENTED_EDGE('',*,*,#4471,.T.);
#6166=ORIENTED_EDGE('',*,*,#4478,.T.);
#6167=ORIENTED_EDGE('',*,*,#4479,.T.);
#6168=ORIENTED_EDGE('',*,*,#4480,.T.);
#6169=ORIENTED_EDGE('',*,*,#4481,.T.);
#6170=ORIENTED_EDGE('',*,*,#4482,.F.);
#6171=ORIENTED_EDGE('',*,*,#4483,.F.);
#6172=ORIENTED_EDGE('',*,*,#4484,.F.);
#6173=ORIENTED_EDGE('',*,*,#4479,.F.);
#6174=ORIENTED_EDGE('',*,*,#4484,.T.);
#6175=ORIENTED_EDGE('',*,*,#4485,.F.);
#6176=ORIENTED_EDGE('',*,*,#4486,.F.);
#6177=ORIENTED_EDGE('',*,*,#4480,.F.);
#6178=ORIENTED_EDGE('',*,*,#4486,.T.);
#6179=ORIENTED_EDGE('',*,*,#4487,.F.);
#6180=ORIENTED_EDGE('',*,*,#4488,.F.);
#6181=ORIENTED_EDGE('',*,*,#4481,.F.);
#6182=ORIENTED_EDGE('',*,*,#4488,.T.);
#6183=ORIENTED_EDGE('',*,*,#4489,.F.);
#6184=ORIENTED_EDGE('',*,*,#4482,.T.);
#6185=ORIENTED_EDGE('',*,*,#4478,.F.);
#6186=ORIENTED_EDGE('',*,*,#4489,.T.);
#6187=ORIENTED_EDGE('',*,*,#4487,.T.);
#6188=ORIENTED_EDGE('',*,*,#4485,.T.);
#6189=ORIENTED_EDGE('',*,*,#4483,.T.);
#6190=ORIENTED_EDGE('',*,*,#4490,.T.);
#6191=ORIENTED_EDGE('',*,*,#4491,.T.);
#6192=ORIENTED_EDGE('',*,*,#4492,.T.);
#6193=ORIENTED_EDGE('',*,*,#4493,.T.);
#6194=ORIENTED_EDGE('',*,*,#4494,.F.);
#6195=ORIENTED_EDGE('',*,*,#4495,.F.);
#6196=ORIENTED_EDGE('',*,*,#4496,.F.);
#6197=ORIENTED_EDGE('',*,*,#4491,.F.);
#6198=ORIENTED_EDGE('',*,*,#4496,.T.);
#6199=ORIENTED_EDGE('',*,*,#4497,.F.);
#6200=ORIENTED_EDGE('',*,*,#4498,.F.);
#6201=ORIENTED_EDGE('',*,*,#4492,.F.);
#6202=ORIENTED_EDGE('',*,*,#4498,.T.);
#6203=ORIENTED_EDGE('',*,*,#4499,.F.);
#6204=ORIENTED_EDGE('',*,*,#4500,.F.);
#6205=ORIENTED_EDGE('',*,*,#4493,.F.);
#6206=ORIENTED_EDGE('',*,*,#4500,.T.);
#6207=ORIENTED_EDGE('',*,*,#4501,.F.);
#6208=ORIENTED_EDGE('',*,*,#4494,.T.);
#6209=ORIENTED_EDGE('',*,*,#4490,.F.);
#6210=ORIENTED_EDGE('',*,*,#4501,.T.);
#6211=ORIENTED_EDGE('',*,*,#4499,.T.);
#6212=ORIENTED_EDGE('',*,*,#4497,.T.);
#6213=ORIENTED_EDGE('',*,*,#4495,.T.);
#6214=ORIENTED_EDGE('',*,*,#4502,.T.);
#6215=ORIENTED_EDGE('',*,*,#4503,.T.);
#6216=ORIENTED_EDGE('',*,*,#4504,.T.);
#6217=ORIENTED_EDGE('',*,*,#4505,.T.);
#6218=ORIENTED_EDGE('',*,*,#4506,.F.);
#6219=ORIENTED_EDGE('',*,*,#4507,.F.);
#6220=ORIENTED_EDGE('',*,*,#4508,.F.);
#6221=ORIENTED_EDGE('',*,*,#4503,.F.);
#6222=ORIENTED_EDGE('',*,*,#4508,.T.);
#6223=ORIENTED_EDGE('',*,*,#4509,.F.);
#6224=ORIENTED_EDGE('',*,*,#4510,.F.);
#6225=ORIENTED_EDGE('',*,*,#4504,.F.);
#6226=ORIENTED_EDGE('',*,*,#4510,.T.);
#6227=ORIENTED_EDGE('',*,*,#4511,.F.);
#6228=ORIENTED_EDGE('',*,*,#4512,.F.);
#6229=ORIENTED_EDGE('',*,*,#4505,.F.);
#6230=ORIENTED_EDGE('',*,*,#4512,.T.);
#6231=ORIENTED_EDGE('',*,*,#4513,.F.);
#6232=ORIENTED_EDGE('',*,*,#4506,.T.);
#6233=ORIENTED_EDGE('',*,*,#4502,.F.);
#6234=ORIENTED_EDGE('',*,*,#4513,.T.);
#6235=ORIENTED_EDGE('',*,*,#4511,.T.);
#6236=ORIENTED_EDGE('',*,*,#4509,.T.);
#6237=ORIENTED_EDGE('',*,*,#4507,.T.);
#6238=ORIENTED_EDGE('',*,*,#4514,.T.);
#6239=ORIENTED_EDGE('',*,*,#4515,.T.);
#6240=ORIENTED_EDGE('',*,*,#4516,.T.);
#6241=ORIENTED_EDGE('',*,*,#4517,.T.);
#6242=ORIENTED_EDGE('',*,*,#4518,.F.);
#6243=ORIENTED_EDGE('',*,*,#4519,.F.);
#6244=ORIENTED_EDGE('',*,*,#4520,.F.);
#6245=ORIENTED_EDGE('',*,*,#4515,.F.);
#6246=ORIENTED_EDGE('',*,*,#4520,.T.);
#6247=ORIENTED_EDGE('',*,*,#4521,.F.);
#6248=ORIENTED_EDGE('',*,*,#4522,.F.);
#6249=ORIENTED_EDGE('',*,*,#4516,.F.);
#6250=ORIENTED_EDGE('',*,*,#4522,.T.);
#6251=ORIENTED_EDGE('',*,*,#4523,.F.);
#6252=ORIENTED_EDGE('',*,*,#4524,.F.);
#6253=ORIENTED_EDGE('',*,*,#4517,.F.);
#6254=ORIENTED_EDGE('',*,*,#4524,.T.);
#6255=ORIENTED_EDGE('',*,*,#4525,.F.);
#6256=ORIENTED_EDGE('',*,*,#4518,.T.);
#6257=ORIENTED_EDGE('',*,*,#4514,.F.);
#6258=ORIENTED_EDGE('',*,*,#4525,.T.);
#6259=ORIENTED_EDGE('',*,*,#4523,.T.);
#6260=ORIENTED_EDGE('',*,*,#4521,.T.);
#6261=ORIENTED_EDGE('',*,*,#4519,.T.);
#6262=ORIENTED_EDGE('',*,*,#4526,.T.);
#6263=ORIENTED_EDGE('',*,*,#4527,.T.);
#6264=ORIENTED_EDGE('',*,*,#4528,.T.);
#6265=ORIENTED_EDGE('',*,*,#4529,.T.);
#6266=ORIENTED_EDGE('',*,*,#4530,.F.);
#6267=ORIENTED_EDGE('',*,*,#4531,.F.);
#6268=ORIENTED_EDGE('',*,*,#4532,.F.);
#6269=ORIENTED_EDGE('',*,*,#4527,.F.);
#6270=ORIENTED_EDGE('',*,*,#4532,.T.);
#6271=ORIENTED_EDGE('',*,*,#4533,.F.);
#6272=ORIENTED_EDGE('',*,*,#4534,.F.);
#6273=ORIENTED_EDGE('',*,*,#4528,.F.);
#6274=ORIENTED_EDGE('',*,*,#4534,.T.);
#6275=ORIENTED_EDGE('',*,*,#4535,.F.);
#6276=ORIENTED_EDGE('',*,*,#4536,.F.);
#6277=ORIENTED_EDGE('',*,*,#4529,.F.);
#6278=ORIENTED_EDGE('',*,*,#4536,.T.);
#6279=ORIENTED_EDGE('',*,*,#4537,.F.);
#6280=ORIENTED_EDGE('',*,*,#4530,.T.);
#6281=ORIENTED_EDGE('',*,*,#4526,.F.);
#6282=ORIENTED_EDGE('',*,*,#4537,.T.);
#6283=ORIENTED_EDGE('',*,*,#4535,.T.);
#6284=ORIENTED_EDGE('',*,*,#4533,.T.);
#6285=ORIENTED_EDGE('',*,*,#4531,.T.);
#6286=ORIENTED_EDGE('',*,*,#4538,.T.);
#6287=ORIENTED_EDGE('',*,*,#4539,.T.);
#6288=ORIENTED_EDGE('',*,*,#4540,.T.);
#6289=ORIENTED_EDGE('',*,*,#4541,.T.);
#6290=ORIENTED_EDGE('',*,*,#4542,.F.);
#6291=ORIENTED_EDGE('',*,*,#4543,.F.);
#6292=ORIENTED_EDGE('',*,*,#4544,.F.);
#6293=ORIENTED_EDGE('',*,*,#4539,.F.);
#6294=ORIENTED_EDGE('',*,*,#4544,.T.);
#6295=ORIENTED_EDGE('',*,*,#4545,.F.);
#6296=ORIENTED_EDGE('',*,*,#4546,.F.);
#6297=ORIENTED_EDGE('',*,*,#4540,.F.);
#6298=ORIENTED_EDGE('',*,*,#4546,.T.);
#6299=ORIENTED_EDGE('',*,*,#4547,.F.);
#6300=ORIENTED_EDGE('',*,*,#4548,.F.);
#6301=ORIENTED_EDGE('',*,*,#4541,.F.);
#6302=ORIENTED_EDGE('',*,*,#4548,.T.);
#6303=ORIENTED_EDGE('',*,*,#4549,.F.);
#6304=ORIENTED_EDGE('',*,*,#4542,.T.);
#6305=ORIENTED_EDGE('',*,*,#4538,.F.);
#6306=ORIENTED_EDGE('',*,*,#4549,.T.);
#6307=ORIENTED_EDGE('',*,*,#4547,.T.);
#6308=ORIENTED_EDGE('',*,*,#4545,.T.);
#6309=ORIENTED_EDGE('',*,*,#4543,.T.);
#6310=ORIENTED_EDGE('',*,*,#4550,.T.);
#6311=ORIENTED_EDGE('',*,*,#4551,.T.);
#6312=ORIENTED_EDGE('',*,*,#4552,.T.);
#6313=ORIENTED_EDGE('',*,*,#4553,.T.);
#6314=ORIENTED_EDGE('',*,*,#4554,.F.);
#6315=ORIENTED_EDGE('',*,*,#4555,.F.);
#6316=ORIENTED_EDGE('',*,*,#4556,.F.);
#6317=ORIENTED_EDGE('',*,*,#4551,.F.);
#6318=ORIENTED_EDGE('',*,*,#4556,.T.);
#6319=ORIENTED_EDGE('',*,*,#4557,.F.);
#6320=ORIENTED_EDGE('',*,*,#4558,.F.);
#6321=ORIENTED_EDGE('',*,*,#4552,.F.);
#6322=ORIENTED_EDGE('',*,*,#4558,.T.);
#6323=ORIENTED_EDGE('',*,*,#4559,.F.);
#6324=ORIENTED_EDGE('',*,*,#4560,.F.);
#6325=ORIENTED_EDGE('',*,*,#4553,.F.);
#6326=ORIENTED_EDGE('',*,*,#4560,.T.);
#6327=ORIENTED_EDGE('',*,*,#4561,.F.);
#6328=ORIENTED_EDGE('',*,*,#4554,.T.);
#6329=ORIENTED_EDGE('',*,*,#4550,.F.);
#6330=ORIENTED_EDGE('',*,*,#4561,.T.);
#6331=ORIENTED_EDGE('',*,*,#4559,.T.);
#6332=ORIENTED_EDGE('',*,*,#4557,.T.);
#6333=ORIENTED_EDGE('',*,*,#4555,.T.);
#6334=ORIENTED_EDGE('',*,*,#4562,.T.);
#6335=ORIENTED_EDGE('',*,*,#4563,.T.);
#6336=ORIENTED_EDGE('',*,*,#4564,.T.);
#6337=ORIENTED_EDGE('',*,*,#4565,.T.);
#6338=ORIENTED_EDGE('',*,*,#4566,.F.);
#6339=ORIENTED_EDGE('',*,*,#4567,.F.);
#6340=ORIENTED_EDGE('',*,*,#4568,.F.);
#6341=ORIENTED_EDGE('',*,*,#4563,.F.);
#6342=ORIENTED_EDGE('',*,*,#4568,.T.);
#6343=ORIENTED_EDGE('',*,*,#4569,.F.);
#6344=ORIENTED_EDGE('',*,*,#4570,.F.);
#6345=ORIENTED_EDGE('',*,*,#4564,.F.);
#6346=ORIENTED_EDGE('',*,*,#4570,.T.);
#6347=ORIENTED_EDGE('',*,*,#4571,.F.);
#6348=ORIENTED_EDGE('',*,*,#4572,.F.);
#6349=ORIENTED_EDGE('',*,*,#4565,.F.);
#6350=ORIENTED_EDGE('',*,*,#4572,.T.);
#6351=ORIENTED_EDGE('',*,*,#4573,.F.);
#6352=ORIENTED_EDGE('',*,*,#4566,.T.);
#6353=ORIENTED_EDGE('',*,*,#4562,.F.);
#6354=ORIENTED_EDGE('',*,*,#4573,.T.);
#6355=ORIENTED_EDGE('',*,*,#4571,.T.);
#6356=ORIENTED_EDGE('',*,*,#4569,.T.);
#6357=ORIENTED_EDGE('',*,*,#4567,.T.);
#6358=ORIENTED_EDGE('',*,*,#4574,.T.);
#6359=ORIENTED_EDGE('',*,*,#4575,.T.);
#6360=ORIENTED_EDGE('',*,*,#4576,.T.);
#6361=ORIENTED_EDGE('',*,*,#4577,.T.);
#6362=ORIENTED_EDGE('',*,*,#4578,.F.);
#6363=ORIENTED_EDGE('',*,*,#4579,.F.);
#6364=ORIENTED_EDGE('',*,*,#4580,.F.);
#6365=ORIENTED_EDGE('',*,*,#4575,.F.);
#6366=ORIENTED_EDGE('',*,*,#4580,.T.);
#6367=ORIENTED_EDGE('',*,*,#4581,.F.);
#6368=ORIENTED_EDGE('',*,*,#4582,.F.);
#6369=ORIENTED_EDGE('',*,*,#4576,.F.);
#6370=ORIENTED_EDGE('',*,*,#4582,.T.);
#6371=ORIENTED_EDGE('',*,*,#4583,.F.);
#6372=ORIENTED_EDGE('',*,*,#4584,.F.);
#6373=ORIENTED_EDGE('',*,*,#4577,.F.);
#6374=ORIENTED_EDGE('',*,*,#4584,.T.);
#6375=ORIENTED_EDGE('',*,*,#4585,.F.);
#6376=ORIENTED_EDGE('',*,*,#4578,.T.);
#6377=ORIENTED_EDGE('',*,*,#4574,.F.);
#6378=ORIENTED_EDGE('',*,*,#4585,.T.);
#6379=ORIENTED_EDGE('',*,*,#4583,.T.);
#6380=ORIENTED_EDGE('',*,*,#4581,.T.);
#6381=ORIENTED_EDGE('',*,*,#4579,.T.);
#6382=ORIENTED_EDGE('',*,*,#4586,.T.);
#6383=ORIENTED_EDGE('',*,*,#4587,.T.);
#6384=ORIENTED_EDGE('',*,*,#4588,.T.);
#6385=ORIENTED_EDGE('',*,*,#4589,.T.);
#6386=ORIENTED_EDGE('',*,*,#4590,.F.);
#6387=ORIENTED_EDGE('',*,*,#4591,.F.);
#6388=ORIENTED_EDGE('',*,*,#4592,.F.);
#6389=ORIENTED_EDGE('',*,*,#4587,.F.);
#6390=ORIENTED_EDGE('',*,*,#4592,.T.);
#6391=ORIENTED_EDGE('',*,*,#4593,.F.);
#6392=ORIENTED_EDGE('',*,*,#4594,.F.);
#6393=ORIENTED_EDGE('',*,*,#4588,.F.);
#6394=ORIENTED_EDGE('',*,*,#4594,.T.);
#6395=ORIENTED_EDGE('',*,*,#4595,.F.);
#6396=ORIENTED_EDGE('',*,*,#4596,.F.);
#6397=ORIENTED_EDGE('',*,*,#4589,.F.);
#6398=ORIENTED_EDGE('',*,*,#4596,.T.);
#6399=ORIENTED_EDGE('',*,*,#4597,.F.);
#6400=ORIENTED_EDGE('',*,*,#4590,.T.);
#6401=ORIENTED_EDGE('',*,*,#4586,.F.);
#6402=ORIENTED_EDGE('',*,*,#4597,.T.);
#6403=ORIENTED_EDGE('',*,*,#4595,.T.);
#6404=ORIENTED_EDGE('',*,*,#4593,.T.);
#6405=ORIENTED_EDGE('',*,*,#4591,.T.);
#6406=ORIENTED_EDGE('',*,*,#4598,.T.);
#6407=ORIENTED_EDGE('',*,*,#4599,.T.);
#6408=ORIENTED_EDGE('',*,*,#4600,.T.);
#6409=ORIENTED_EDGE('',*,*,#4601,.T.);
#6410=ORIENTED_EDGE('',*,*,#4602,.F.);
#6411=ORIENTED_EDGE('',*,*,#4603,.F.);
#6412=ORIENTED_EDGE('',*,*,#4604,.F.);
#6413=ORIENTED_EDGE('',*,*,#4599,.F.);
#6414=ORIENTED_EDGE('',*,*,#4604,.T.);
#6415=ORIENTED_EDGE('',*,*,#4605,.F.);
#6416=ORIENTED_EDGE('',*,*,#4606,.F.);
#6417=ORIENTED_EDGE('',*,*,#4600,.F.);
#6418=ORIENTED_EDGE('',*,*,#4606,.T.);
#6419=ORIENTED_EDGE('',*,*,#4607,.F.);
#6420=ORIENTED_EDGE('',*,*,#4608,.F.);
#6421=ORIENTED_EDGE('',*,*,#4601,.F.);
#6422=ORIENTED_EDGE('',*,*,#4608,.T.);
#6423=ORIENTED_EDGE('',*,*,#4609,.F.);
#6424=ORIENTED_EDGE('',*,*,#4602,.T.);
#6425=ORIENTED_EDGE('',*,*,#4598,.F.);
#6426=ORIENTED_EDGE('',*,*,#4609,.T.);
#6427=ORIENTED_EDGE('',*,*,#4607,.T.);
#6428=ORIENTED_EDGE('',*,*,#4605,.T.);
#6429=ORIENTED_EDGE('',*,*,#4603,.T.);
#6430=ORIENTED_EDGE('',*,*,#4610,.T.);
#6431=ORIENTED_EDGE('',*,*,#4611,.T.);
#6432=ORIENTED_EDGE('',*,*,#4612,.T.);
#6433=ORIENTED_EDGE('',*,*,#4613,.T.);
#6434=ORIENTED_EDGE('',*,*,#4614,.F.);
#6435=ORIENTED_EDGE('',*,*,#4615,.F.);
#6436=ORIENTED_EDGE('',*,*,#4616,.F.);
#6437=ORIENTED_EDGE('',*,*,#4611,.F.);
#6438=ORIENTED_EDGE('',*,*,#4616,.T.);
#6439=ORIENTED_EDGE('',*,*,#4617,.F.);
#6440=ORIENTED_EDGE('',*,*,#4618,.F.);
#6441=ORIENTED_EDGE('',*,*,#4612,.F.);
#6442=ORIENTED_EDGE('',*,*,#4618,.T.);
#6443=ORIENTED_EDGE('',*,*,#4619,.F.);
#6444=ORIENTED_EDGE('',*,*,#4620,.F.);
#6445=ORIENTED_EDGE('',*,*,#4613,.F.);
#6446=ORIENTED_EDGE('',*,*,#4620,.T.);
#6447=ORIENTED_EDGE('',*,*,#4621,.F.);
#6448=ORIENTED_EDGE('',*,*,#4614,.T.);
#6449=ORIENTED_EDGE('',*,*,#4610,.F.);
#6450=ORIENTED_EDGE('',*,*,#4621,.T.);
#6451=ORIENTED_EDGE('',*,*,#4619,.T.);
#6452=ORIENTED_EDGE('',*,*,#4617,.T.);
#6453=ORIENTED_EDGE('',*,*,#4615,.T.);
#6454=ORIENTED_EDGE('',*,*,#4622,.T.);
#6455=ORIENTED_EDGE('',*,*,#4623,.T.);
#6456=ORIENTED_EDGE('',*,*,#4624,.T.);
#6457=ORIENTED_EDGE('',*,*,#4625,.T.);
#6458=ORIENTED_EDGE('',*,*,#4626,.F.);
#6459=ORIENTED_EDGE('',*,*,#4627,.F.);
#6460=ORIENTED_EDGE('',*,*,#4628,.F.);
#6461=ORIENTED_EDGE('',*,*,#4623,.F.);
#6462=ORIENTED_EDGE('',*,*,#4628,.T.);
#6463=ORIENTED_EDGE('',*,*,#4629,.F.);
#6464=ORIENTED_EDGE('',*,*,#4630,.F.);
#6465=ORIENTED_EDGE('',*,*,#4624,.F.);
#6466=ORIENTED_EDGE('',*,*,#4630,.T.);
#6467=ORIENTED_EDGE('',*,*,#4631,.F.);
#6468=ORIENTED_EDGE('',*,*,#4632,.F.);
#6469=ORIENTED_EDGE('',*,*,#4625,.F.);
#6470=ORIENTED_EDGE('',*,*,#4632,.T.);
#6471=ORIENTED_EDGE('',*,*,#4633,.F.);
#6472=ORIENTED_EDGE('',*,*,#4626,.T.);
#6473=ORIENTED_EDGE('',*,*,#4622,.F.);
#6474=ORIENTED_EDGE('',*,*,#4633,.T.);
#6475=ORIENTED_EDGE('',*,*,#4631,.T.);
#6476=ORIENTED_EDGE('',*,*,#4629,.T.);
#6477=ORIENTED_EDGE('',*,*,#4627,.T.);
#6478=ORIENTED_EDGE('',*,*,#4634,.T.);
#6479=ORIENTED_EDGE('',*,*,#4635,.T.);
#6480=ORIENTED_EDGE('',*,*,#4636,.T.);
#6481=ORIENTED_EDGE('',*,*,#4637,.T.);
#6482=ORIENTED_EDGE('',*,*,#4638,.F.);
#6483=ORIENTED_EDGE('',*,*,#4639,.F.);
#6484=ORIENTED_EDGE('',*,*,#4640,.F.);
#6485=ORIENTED_EDGE('',*,*,#4635,.F.);
#6486=ORIENTED_EDGE('',*,*,#4640,.T.);
#6487=ORIENTED_EDGE('',*,*,#4641,.F.);
#6488=ORIENTED_EDGE('',*,*,#4642,.F.);
#6489=ORIENTED_EDGE('',*,*,#4636,.F.);
#6490=ORIENTED_EDGE('',*,*,#4642,.T.);
#6491=ORIENTED_EDGE('',*,*,#4643,.F.);
#6492=ORIENTED_EDGE('',*,*,#4644,.F.);
#6493=ORIENTED_EDGE('',*,*,#4637,.F.);
#6494=ORIENTED_EDGE('',*,*,#4644,.T.);
#6495=ORIENTED_EDGE('',*,*,#4645,.F.);
#6496=ORIENTED_EDGE('',*,*,#4638,.T.);
#6497=ORIENTED_EDGE('',*,*,#4634,.F.);
#6498=ORIENTED_EDGE('',*,*,#4645,.T.);
#6499=ORIENTED_EDGE('',*,*,#4643,.T.);
#6500=ORIENTED_EDGE('',*,*,#4641,.T.);
#6501=ORIENTED_EDGE('',*,*,#4639,.T.);
#6502=ORIENTED_EDGE('',*,*,#4646,.T.);
#6503=ORIENTED_EDGE('',*,*,#4647,.T.);
#6504=ORIENTED_EDGE('',*,*,#4648,.T.);
#6505=ORIENTED_EDGE('',*,*,#4649,.T.);
#6506=ORIENTED_EDGE('',*,*,#4650,.F.);
#6507=ORIENTED_EDGE('',*,*,#4651,.F.);
#6508=ORIENTED_EDGE('',*,*,#4652,.F.);
#6509=ORIENTED_EDGE('',*,*,#4647,.F.);
#6510=ORIENTED_EDGE('',*,*,#4652,.T.);
#6511=ORIENTED_EDGE('',*,*,#4653,.F.);
#6512=ORIENTED_EDGE('',*,*,#4654,.F.);
#6513=ORIENTED_EDGE('',*,*,#4648,.F.);
#6514=ORIENTED_EDGE('',*,*,#4654,.T.);
#6515=ORIENTED_EDGE('',*,*,#4655,.F.);
#6516=ORIENTED_EDGE('',*,*,#4656,.F.);
#6517=ORIENTED_EDGE('',*,*,#4649,.F.);
#6518=ORIENTED_EDGE('',*,*,#4656,.T.);
#6519=ORIENTED_EDGE('',*,*,#4657,.F.);
#6520=ORIENTED_EDGE('',*,*,#4650,.T.);
#6521=ORIENTED_EDGE('',*,*,#4646,.F.);
#6522=ORIENTED_EDGE('',*,*,#4657,.T.);
#6523=ORIENTED_EDGE('',*,*,#4655,.T.);
#6524=ORIENTED_EDGE('',*,*,#4653,.T.);
#6525=ORIENTED_EDGE('',*,*,#4651,.T.);
#6526=ORIENTED_EDGE('',*,*,#4658,.T.);
#6527=ORIENTED_EDGE('',*,*,#4659,.T.);
#6528=ORIENTED_EDGE('',*,*,#4660,.T.);
#6529=ORIENTED_EDGE('',*,*,#4661,.T.);
#6530=ORIENTED_EDGE('',*,*,#4662,.F.);
#6531=ORIENTED_EDGE('',*,*,#4663,.F.);
#6532=ORIENTED_EDGE('',*,*,#4664,.F.);
#6533=ORIENTED_EDGE('',*,*,#4659,.F.);
#6534=ORIENTED_EDGE('',*,*,#4664,.T.);
#6535=ORIENTED_EDGE('',*,*,#4665,.F.);
#6536=ORIENTED_EDGE('',*,*,#4666,.F.);
#6537=ORIENTED_EDGE('',*,*,#4660,.F.);
#6538=ORIENTED_EDGE('',*,*,#4666,.T.);
#6539=ORIENTED_EDGE('',*,*,#4667,.F.);
#6540=ORIENTED_EDGE('',*,*,#4668,.F.);
#6541=ORIENTED_EDGE('',*,*,#4661,.F.);
#6542=ORIENTED_EDGE('',*,*,#4668,.T.);
#6543=ORIENTED_EDGE('',*,*,#4669,.F.);
#6544=ORIENTED_EDGE('',*,*,#4662,.T.);
#6545=ORIENTED_EDGE('',*,*,#4658,.F.);
#6546=ORIENTED_EDGE('',*,*,#4669,.T.);
#6547=ORIENTED_EDGE('',*,*,#4667,.T.);
#6548=ORIENTED_EDGE('',*,*,#4665,.T.);
#6549=ORIENTED_EDGE('',*,*,#4663,.T.);
#6550=ORIENTED_EDGE('',*,*,#4670,.T.);
#6551=ORIENTED_EDGE('',*,*,#4671,.T.);
#6552=ORIENTED_EDGE('',*,*,#4672,.T.);
#6553=ORIENTED_EDGE('',*,*,#4673,.T.);
#6554=ORIENTED_EDGE('',*,*,#4674,.F.);
#6555=ORIENTED_EDGE('',*,*,#4675,.F.);
#6556=ORIENTED_EDGE('',*,*,#4676,.F.);
#6557=ORIENTED_EDGE('',*,*,#4671,.F.);
#6558=ORIENTED_EDGE('',*,*,#4676,.T.);
#6559=ORIENTED_EDGE('',*,*,#4677,.F.);
#6560=ORIENTED_EDGE('',*,*,#4678,.F.);
#6561=ORIENTED_EDGE('',*,*,#4672,.F.);
#6562=ORIENTED_EDGE('',*,*,#4678,.T.);
#6563=ORIENTED_EDGE('',*,*,#4679,.F.);
#6564=ORIENTED_EDGE('',*,*,#4680,.F.);
#6565=ORIENTED_EDGE('',*,*,#4673,.F.);
#6566=ORIENTED_EDGE('',*,*,#4680,.T.);
#6567=ORIENTED_EDGE('',*,*,#4681,.F.);
#6568=ORIENTED_EDGE('',*,*,#4674,.T.);
#6569=ORIENTED_EDGE('',*,*,#4670,.F.);
#6570=ORIENTED_EDGE('',*,*,#4681,.T.);
#6571=ORIENTED_EDGE('',*,*,#4679,.T.);
#6572=ORIENTED_EDGE('',*,*,#4677,.T.);
#6573=ORIENTED_EDGE('',*,*,#4675,.T.);
#6574=ORIENTED_EDGE('',*,*,#4682,.T.);
#6575=ORIENTED_EDGE('',*,*,#4683,.T.);
#6576=ORIENTED_EDGE('',*,*,#4684,.T.);
#6577=ORIENTED_EDGE('',*,*,#4685,.T.);
#6578=ORIENTED_EDGE('',*,*,#4686,.F.);
#6579=ORIENTED_EDGE('',*,*,#4687,.F.);
#6580=ORIENTED_EDGE('',*,*,#4688,.F.);
#6581=ORIENTED_EDGE('',*,*,#4683,.F.);
#6582=ORIENTED_EDGE('',*,*,#4688,.T.);
#6583=ORIENTED_EDGE('',*,*,#4689,.F.);
#6584=ORIENTED_EDGE('',*,*,#4690,.F.);
#6585=ORIENTED_EDGE('',*,*,#4684,.F.);
#6586=ORIENTED_EDGE('',*,*,#4690,.T.);
#6587=ORIENTED_EDGE('',*,*,#4691,.F.);
#6588=ORIENTED_EDGE('',*,*,#4692,.F.);
#6589=ORIENTED_EDGE('',*,*,#4685,.F.);
#6590=ORIENTED_EDGE('',*,*,#4692,.T.);
#6591=ORIENTED_EDGE('',*,*,#4693,.F.);
#6592=ORIENTED_EDGE('',*,*,#4686,.T.);
#6593=ORIENTED_EDGE('',*,*,#4682,.F.);
#6594=ORIENTED_EDGE('',*,*,#4693,.T.);
#6595=ORIENTED_EDGE('',*,*,#4691,.T.);
#6596=ORIENTED_EDGE('',*,*,#4689,.T.);
#6597=ORIENTED_EDGE('',*,*,#4687,.T.);
#6598=ORIENTED_EDGE('',*,*,#4694,.T.);
#6599=ORIENTED_EDGE('',*,*,#4695,.T.);
#6600=ORIENTED_EDGE('',*,*,#4696,.T.);
#6601=ORIENTED_EDGE('',*,*,#4697,.T.);
#6602=ORIENTED_EDGE('',*,*,#4698,.F.);
#6603=ORIENTED_EDGE('',*,*,#4699,.F.);
#6604=ORIENTED_EDGE('',*,*,#4700,.F.);
#6605=ORIENTED_EDGE('',*,*,#4695,.F.);
#6606=ORIENTED_EDGE('',*,*,#4700,.T.);
#6607=ORIENTED_EDGE('',*,*,#4701,.F.);
#6608=ORIENTED_EDGE('',*,*,#4702,.F.);
#6609=ORIENTED_EDGE('',*,*,#4696,.F.);
#6610=ORIENTED_EDGE('',*,*,#4702,.T.);
#6611=ORIENTED_EDGE('',*,*,#4703,.F.);
#6612=ORIENTED_EDGE('',*,*,#4704,.F.);
#6613=ORIENTED_EDGE('',*,*,#4697,.F.);
#6614=ORIENTED_EDGE('',*,*,#4704,.T.);
#6615=ORIENTED_EDGE('',*,*,#4705,.F.);
#6616=ORIENTED_EDGE('',*,*,#4698,.T.);
#6617=ORIENTED_EDGE('',*,*,#4694,.F.);
#6618=ORIENTED_EDGE('',*,*,#4705,.T.);
#6619=ORIENTED_EDGE('',*,*,#4703,.T.);
#6620=ORIENTED_EDGE('',*,*,#4701,.T.);
#6621=ORIENTED_EDGE('',*,*,#4699,.T.);
#6622=ORIENTED_EDGE('',*,*,#4706,.T.);
#6623=ORIENTED_EDGE('',*,*,#4707,.T.);
#6624=ORIENTED_EDGE('',*,*,#4708,.T.);
#6625=ORIENTED_EDGE('',*,*,#4709,.T.);
#6626=ORIENTED_EDGE('',*,*,#4710,.F.);
#6627=ORIENTED_EDGE('',*,*,#4711,.F.);
#6628=ORIENTED_EDGE('',*,*,#4712,.F.);
#6629=ORIENTED_EDGE('',*,*,#4707,.F.);
#6630=ORIENTED_EDGE('',*,*,#4712,.T.);
#6631=ORIENTED_EDGE('',*,*,#4713,.F.);
#6632=ORIENTED_EDGE('',*,*,#4714,.F.);
#6633=ORIENTED_EDGE('',*,*,#4708,.F.);
#6634=ORIENTED_EDGE('',*,*,#4714,.T.);
#6635=ORIENTED_EDGE('',*,*,#4715,.F.);
#6636=ORIENTED_EDGE('',*,*,#4716,.F.);
#6637=ORIENTED_EDGE('',*,*,#4709,.F.);
#6638=ORIENTED_EDGE('',*,*,#4716,.T.);
#6639=ORIENTED_EDGE('',*,*,#4717,.F.);
#6640=ORIENTED_EDGE('',*,*,#4710,.T.);
#6641=ORIENTED_EDGE('',*,*,#4706,.F.);
#6642=ORIENTED_EDGE('',*,*,#4717,.T.);
#6643=ORIENTED_EDGE('',*,*,#4715,.T.);
#6644=ORIENTED_EDGE('',*,*,#4713,.T.);
#6645=ORIENTED_EDGE('',*,*,#4711,.T.);
#6646=ORIENTED_EDGE('',*,*,#4718,.T.);
#6647=ORIENTED_EDGE('',*,*,#4719,.T.);
#6648=ORIENTED_EDGE('',*,*,#4720,.T.);
#6649=ORIENTED_EDGE('',*,*,#4721,.T.);
#6650=ORIENTED_EDGE('',*,*,#4722,.F.);
#6651=ORIENTED_EDGE('',*,*,#4723,.F.);
#6652=ORIENTED_EDGE('',*,*,#4724,.F.);
#6653=ORIENTED_EDGE('',*,*,#4719,.F.);
#6654=ORIENTED_EDGE('',*,*,#4724,.T.);
#6655=ORIENTED_EDGE('',*,*,#4725,.F.);
#6656=ORIENTED_EDGE('',*,*,#4726,.F.);
#6657=ORIENTED_EDGE('',*,*,#4720,.F.);
#6658=ORIENTED_EDGE('',*,*,#4726,.T.);
#6659=ORIENTED_EDGE('',*,*,#4727,.F.);
#6660=ORIENTED_EDGE('',*,*,#4728,.F.);
#6661=ORIENTED_EDGE('',*,*,#4721,.F.);
#6662=ORIENTED_EDGE('',*,*,#4728,.T.);
#6663=ORIENTED_EDGE('',*,*,#4729,.F.);
#6664=ORIENTED_EDGE('',*,*,#4722,.T.);
#6665=ORIENTED_EDGE('',*,*,#4718,.F.);
#6666=ORIENTED_EDGE('',*,*,#4729,.T.);
#6667=ORIENTED_EDGE('',*,*,#4727,.T.);
#6668=ORIENTED_EDGE('',*,*,#4725,.T.);
#6669=ORIENTED_EDGE('',*,*,#4723,.T.);
#6670=ORIENTED_EDGE('',*,*,#4730,.T.);
#6671=ORIENTED_EDGE('',*,*,#4731,.T.);
#6672=ORIENTED_EDGE('',*,*,#4732,.T.);
#6673=ORIENTED_EDGE('',*,*,#4733,.T.);
#6674=ORIENTED_EDGE('',*,*,#4734,.F.);
#6675=ORIENTED_EDGE('',*,*,#4735,.F.);
#6676=ORIENTED_EDGE('',*,*,#4736,.F.);
#6677=ORIENTED_EDGE('',*,*,#4731,.F.);
#6678=ORIENTED_EDGE('',*,*,#4736,.T.);
#6679=ORIENTED_EDGE('',*,*,#4737,.F.);
#6680=ORIENTED_EDGE('',*,*,#4738,.F.);
#6681=ORIENTED_EDGE('',*,*,#4732,.F.);
#6682=ORIENTED_EDGE('',*,*,#4738,.T.);
#6683=ORIENTED_EDGE('',*,*,#4739,.F.);
#6684=ORIENTED_EDGE('',*,*,#4740,.F.);
#6685=ORIENTED_EDGE('',*,*,#4733,.F.);
#6686=ORIENTED_EDGE('',*,*,#4740,.T.);
#6687=ORIENTED_EDGE('',*,*,#4741,.F.);
#6688=ORIENTED_EDGE('',*,*,#4734,.T.);
#6689=ORIENTED_EDGE('',*,*,#4730,.F.);
#6690=ORIENTED_EDGE('',*,*,#4741,.T.);
#6691=ORIENTED_EDGE('',*,*,#4739,.T.);
#6692=ORIENTED_EDGE('',*,*,#4737,.T.);
#6693=ORIENTED_EDGE('',*,*,#4735,.T.);
#6694=ORIENTED_EDGE('',*,*,#4742,.T.);
#6695=ORIENTED_EDGE('',*,*,#4743,.T.);
#6696=ORIENTED_EDGE('',*,*,#4744,.T.);
#6697=ORIENTED_EDGE('',*,*,#4745,.T.);
#6698=ORIENTED_EDGE('',*,*,#4746,.F.);
#6699=ORIENTED_EDGE('',*,*,#4747,.F.);
#6700=ORIENTED_EDGE('',*,*,#4748,.F.);
#6701=ORIENTED_EDGE('',*,*,#4743,.F.);
#6702=ORIENTED_EDGE('',*,*,#4748,.T.);
#6703=ORIENTED_EDGE('',*,*,#4749,.F.);
#6704=ORIENTED_EDGE('',*,*,#4750,.F.);
#6705=ORIENTED_EDGE('',*,*,#4744,.F.);
#6706=ORIENTED_EDGE('',*,*,#4750,.T.);
#6707=ORIENTED_EDGE('',*,*,#4751,.F.);
#6708=ORIENTED_EDGE('',*,*,#4752,.F.);
#6709=ORIENTED_EDGE('',*,*,#4745,.F.);
#6710=ORIENTED_EDGE('',*,*,#4752,.T.);
#6711=ORIENTED_EDGE('',*,*,#4753,.F.);
#6712=ORIENTED_EDGE('',*,*,#4746,.T.);
#6713=ORIENTED_EDGE('',*,*,#4742,.F.);
#6714=ORIENTED_EDGE('',*,*,#4753,.T.);
#6715=ORIENTED_EDGE('',*,*,#4751,.T.);
#6716=ORIENTED_EDGE('',*,*,#4749,.T.);
#6717=ORIENTED_EDGE('',*,*,#4747,.T.);
#6718=ORIENTED_EDGE('',*,*,#4754,.T.);
#6719=ORIENTED_EDGE('',*,*,#4755,.T.);
#6720=ORIENTED_EDGE('',*,*,#4756,.T.);
#6721=ORIENTED_EDGE('',*,*,#4757,.T.);
#6722=ORIENTED_EDGE('',*,*,#4758,.F.);
#6723=ORIENTED_EDGE('',*,*,#4759,.F.);
#6724=ORIENTED_EDGE('',*,*,#4760,.F.);
#6725=ORIENTED_EDGE('',*,*,#4755,.F.);
#6726=ORIENTED_EDGE('',*,*,#4760,.T.);
#6727=ORIENTED_EDGE('',*,*,#4761,.F.);
#6728=ORIENTED_EDGE('',*,*,#4762,.F.);
#6729=ORIENTED_EDGE('',*,*,#4756,.F.);
#6730=ORIENTED_EDGE('',*,*,#4762,.T.);
#6731=ORIENTED_EDGE('',*,*,#4763,.F.);
#6732=ORIENTED_EDGE('',*,*,#4764,.F.);
#6733=ORIENTED_EDGE('',*,*,#4757,.F.);
#6734=ORIENTED_EDGE('',*,*,#4764,.T.);
#6735=ORIENTED_EDGE('',*,*,#4765,.F.);
#6736=ORIENTED_EDGE('',*,*,#4758,.T.);
#6737=ORIENTED_EDGE('',*,*,#4754,.F.);
#6738=ORIENTED_EDGE('',*,*,#4765,.T.);
#6739=ORIENTED_EDGE('',*,*,#4763,.T.);
#6740=ORIENTED_EDGE('',*,*,#4761,.T.);
#6741=ORIENTED_EDGE('',*,*,#4759,.T.);
#6742=ORIENTED_EDGE('',*,*,#4766,.T.);
#6743=ORIENTED_EDGE('',*,*,#4767,.T.);
#6744=ORIENTED_EDGE('',*,*,#4768,.T.);
#6745=ORIENTED_EDGE('',*,*,#4769,.T.);
#6746=ORIENTED_EDGE('',*,*,#4770,.F.);
#6747=ORIENTED_EDGE('',*,*,#4771,.F.);
#6748=ORIENTED_EDGE('',*,*,#4772,.F.);
#6749=ORIENTED_EDGE('',*,*,#4767,.F.);
#6750=ORIENTED_EDGE('',*,*,#4772,.T.);
#6751=ORIENTED_EDGE('',*,*,#4773,.F.);
#6752=ORIENTED_EDGE('',*,*,#4774,.F.);
#6753=ORIENTED_EDGE('',*,*,#4768,.F.);
#6754=ORIENTED_EDGE('',*,*,#4774,.T.);
#6755=ORIENTED_EDGE('',*,*,#4775,.F.);
#6756=ORIENTED_EDGE('',*,*,#4776,.F.);
#6757=ORIENTED_EDGE('',*,*,#4769,.F.);
#6758=ORIENTED_EDGE('',*,*,#4776,.T.);
#6759=ORIENTED_EDGE('',*,*,#4777,.F.);
#6760=ORIENTED_EDGE('',*,*,#4770,.T.);
#6761=ORIENTED_EDGE('',*,*,#4766,.F.);
#6762=ORIENTED_EDGE('',*,*,#4777,.T.);
#6763=ORIENTED_EDGE('',*,*,#4775,.T.);
#6764=ORIENTED_EDGE('',*,*,#4773,.T.);
#6765=ORIENTED_EDGE('',*,*,#4771,.T.);
#6766=ORIENTED_EDGE('',*,*,#4778,.T.);
#6767=ORIENTED_EDGE('',*,*,#4779,.T.);
#6768=ORIENTED_EDGE('',*,*,#4780,.T.);
#6769=ORIENTED_EDGE('',*,*,#4781,.T.);
#6770=ORIENTED_EDGE('',*,*,#4782,.F.);
#6771=ORIENTED_EDGE('',*,*,#4783,.F.);
#6772=ORIENTED_EDGE('',*,*,#4784,.F.);
#6773=ORIENTED_EDGE('',*,*,#4779,.F.);
#6774=ORIENTED_EDGE('',*,*,#4784,.T.);
#6775=ORIENTED_EDGE('',*,*,#4785,.F.);
#6776=ORIENTED_EDGE('',*,*,#4786,.F.);
#6777=ORIENTED_EDGE('',*,*,#4780,.F.);
#6778=ORIENTED_EDGE('',*,*,#4786,.T.);
#6779=ORIENTED_EDGE('',*,*,#4787,.F.);
#6780=ORIENTED_EDGE('',*,*,#4788,.F.);
#6781=ORIENTED_EDGE('',*,*,#4781,.F.);
#6782=ORIENTED_EDGE('',*,*,#4788,.T.);
#6783=ORIENTED_EDGE('',*,*,#4789,.F.);
#6784=ORIENTED_EDGE('',*,*,#4782,.T.);
#6785=ORIENTED_EDGE('',*,*,#4778,.F.);
#6786=ORIENTED_EDGE('',*,*,#4789,.T.);
#6787=ORIENTED_EDGE('',*,*,#4787,.T.);
#6788=ORIENTED_EDGE('',*,*,#4785,.T.);
#6789=ORIENTED_EDGE('',*,*,#4783,.T.);
#6790=ORIENTED_EDGE('',*,*,#4790,.T.);
#6791=ORIENTED_EDGE('',*,*,#4791,.T.);
#6792=ORIENTED_EDGE('',*,*,#4792,.T.);
#6793=ORIENTED_EDGE('',*,*,#4793,.T.);
#6794=ORIENTED_EDGE('',*,*,#4794,.F.);
#6795=ORIENTED_EDGE('',*,*,#4795,.F.);
#6796=ORIENTED_EDGE('',*,*,#4796,.F.);
#6797=ORIENTED_EDGE('',*,*,#4791,.F.);
#6798=ORIENTED_EDGE('',*,*,#4796,.T.);
#6799=ORIENTED_EDGE('',*,*,#4797,.F.);
#6800=ORIENTED_EDGE('',*,*,#4798,.F.);
#6801=ORIENTED_EDGE('',*,*,#4792,.F.);
#6802=ORIENTED_EDGE('',*,*,#4798,.T.);
#6803=ORIENTED_EDGE('',*,*,#4799,.F.);
#6804=ORIENTED_EDGE('',*,*,#4800,.F.);
#6805=ORIENTED_EDGE('',*,*,#4793,.F.);
#6806=ORIENTED_EDGE('',*,*,#4800,.T.);
#6807=ORIENTED_EDGE('',*,*,#4801,.F.);
#6808=ORIENTED_EDGE('',*,*,#4794,.T.);
#6809=ORIENTED_EDGE('',*,*,#4790,.F.);
#6810=ORIENTED_EDGE('',*,*,#4801,.T.);
#6811=ORIENTED_EDGE('',*,*,#4799,.T.);
#6812=ORIENTED_EDGE('',*,*,#4797,.T.);
#6813=ORIENTED_EDGE('',*,*,#4795,.T.);
#6814=ORIENTED_EDGE('',*,*,#4802,.T.);
#6815=ORIENTED_EDGE('',*,*,#4803,.T.);
#6816=ORIENTED_EDGE('',*,*,#4804,.T.);
#6817=ORIENTED_EDGE('',*,*,#4805,.T.);
#6818=ORIENTED_EDGE('',*,*,#4806,.F.);
#6819=ORIENTED_EDGE('',*,*,#4807,.F.);
#6820=ORIENTED_EDGE('',*,*,#4808,.F.);
#6821=ORIENTED_EDGE('',*,*,#4803,.F.);
#6822=ORIENTED_EDGE('',*,*,#4808,.T.);
#6823=ORIENTED_EDGE('',*,*,#4809,.F.);
#6824=ORIENTED_EDGE('',*,*,#4810,.F.);
#6825=ORIENTED_EDGE('',*,*,#4804,.F.);
#6826=ORIENTED_EDGE('',*,*,#4810,.T.);
#6827=ORIENTED_EDGE('',*,*,#4811,.F.);
#6828=ORIENTED_EDGE('',*,*,#4812,.F.);
#6829=ORIENTED_EDGE('',*,*,#4805,.F.);
#6830=ORIENTED_EDGE('',*,*,#4812,.T.);
#6831=ORIENTED_EDGE('',*,*,#4813,.F.);
#6832=ORIENTED_EDGE('',*,*,#4806,.T.);
#6833=ORIENTED_EDGE('',*,*,#4802,.F.);
#6834=ORIENTED_EDGE('',*,*,#4813,.T.);
#6835=ORIENTED_EDGE('',*,*,#4811,.T.);
#6836=ORIENTED_EDGE('',*,*,#4809,.T.);
#6837=ORIENTED_EDGE('',*,*,#4807,.T.);
#6838=ORIENTED_EDGE('',*,*,#4814,.T.);
#6839=ORIENTED_EDGE('',*,*,#4815,.T.);
#6840=ORIENTED_EDGE('',*,*,#4816,.T.);
#6841=ORIENTED_EDGE('',*,*,#4817,.T.);
#6842=ORIENTED_EDGE('',*,*,#4818,.F.);
#6843=ORIENTED_EDGE('',*,*,#4819,.F.);
#6844=ORIENTED_EDGE('',*,*,#4820,.F.);
#6845=ORIENTED_EDGE('',*,*,#4815,.F.);
#6846=ORIENTED_EDGE('',*,*,#4820,.T.);
#6847=ORIENTED_EDGE('',*,*,#4821,.F.);
#6848=ORIENTED_EDGE('',*,*,#4822,.F.);
#6849=ORIENTED_EDGE('',*,*,#4816,.F.);
#6850=ORIENTED_EDGE('',*,*,#4822,.T.);
#6851=ORIENTED_EDGE('',*,*,#4823,.F.);
#6852=ORIENTED_EDGE('',*,*,#4824,.F.);
#6853=ORIENTED_EDGE('',*,*,#4817,.F.);
#6854=ORIENTED_EDGE('',*,*,#4824,.T.);
#6855=ORIENTED_EDGE('',*,*,#4825,.F.);
#6856=ORIENTED_EDGE('',*,*,#4818,.T.);
#6857=ORIENTED_EDGE('',*,*,#4814,.F.);
#6858=ORIENTED_EDGE('',*,*,#4825,.T.);
#6859=ORIENTED_EDGE('',*,*,#4823,.T.);
#6860=ORIENTED_EDGE('',*,*,#4821,.T.);
#6861=ORIENTED_EDGE('',*,*,#4819,.T.);
#6862=PLANE('',#7954);
#6863=PLANE('',#7955);
#6864=PLANE('',#7956);
#6865=PLANE('',#7957);
#6866=PLANE('',#7958);
#6867=PLANE('',#7959);
#6868=PLANE('',#7960);
#6869=PLANE('',#7961);
#6870=PLANE('',#7962);
#6871=PLANE('',#7963);
#6872=PLANE('',#7964);
#6873=PLANE('',#7965);
#6874=PLANE('',#7966);
#6875=PLANE('',#7967);
#6876=PLANE('',#7968);
#6877=PLANE('',#7969);
#6878=PLANE('',#7970);
#6879=PLANE('',#7971);
#6880=PLANE('',#7972);
#6881=PLANE('',#7973);
#6882=PLANE('',#7974);
#6883=PLANE('',#7975);
#6884=PLANE('',#7976);
#6885=PLANE('',#7977);
#6886=PLANE('',#7978);
#6887=PLANE('',#7979);
#6888=PLANE('',#8005);
#6889=PLANE('',#8006);
#6890=PLANE('',#8007);
#6891=PLANE('',#8008);
#6892=PLANE('',#8051);
#6893=PLANE('',#8060);
#6894=PLANE('',#8061);
#6895=PLANE('',#8062);
#6896=PLANE('',#8063);
#6897=PLANE('',#8064);
#6898=PLANE('',#8069);
#6899=PLANE('',#8070);
#6900=PLANE('',#8071);
#6901=PLANE('',#8076);
#6902=PLANE('',#8077);
#6903=PLANE('',#8099);
#6904=PLANE('',#8103);
#6905=PLANE('',#8104);
#6906=PLANE('',#8106);
#6907=PLANE('',#8110);
#6908=PLANE('',#8117);
#6909=PLANE('',#8120);
#6910=PLANE('',#8126);
#6911=PLANE('',#8127);
#6912=PLANE('',#8128);
#6913=PLANE('',#8129);
#6914=PLANE('',#8130);
#6915=PLANE('',#8131);
#6916=PLANE('',#8132);
#6917=PLANE('',#8133);
#6918=PLANE('',#8134);
#6919=PLANE('',#8135);
#6920=PLANE('',#8136);
#6921=PLANE('',#8137);
#6922=PLANE('',#8138);
#6923=PLANE('',#8139);
#6924=PLANE('',#8140);
#6925=PLANE('',#8141);
#6926=PLANE('',#8142);
#6927=PLANE('',#8143);
#6928=PLANE('',#8144);
#6929=PLANE('',#8145);
#6930=PLANE('',#8146);
#6931=PLANE('',#8147);
#6932=PLANE('',#8148);
#6933=PLANE('',#8149);
#6934=PLANE('',#8150);
#6935=PLANE('',#8151);
#6936=PLANE('',#8152);
#6937=PLANE('',#8153);
#6938=PLANE('',#8154);
#6939=PLANE('',#8155);
#6940=PLANE('',#8156);
#6941=PLANE('',#8157);
#6942=PLANE('',#8158);
#6943=PLANE('',#8159);
#6944=PLANE('',#8160);
#6945=PLANE('',#8161);
#6946=PLANE('',#8162);
#6947=PLANE('',#8163);
#6948=PLANE('',#8164);
#6949=PLANE('',#8165);
#6950=PLANE('',#8166);
#6951=PLANE('',#8167);
#6952=PLANE('',#8168);
#6953=PLANE('',#8169);
#6954=PLANE('',#8170);
#6955=PLANE('',#8171);
#6956=PLANE('',#8172);
#6957=PLANE('',#8173);
#6958=PLANE('',#8174);
#6959=PLANE('',#8175);
#6960=PLANE('',#8176);
#6961=PLANE('',#8177);
#6962=PLANE('',#8178);
#6963=PLANE('',#8179);
#6964=PLANE('',#8180);
#6965=PLANE('',#8181);
#6966=PLANE('',#8182);
#6967=PLANE('',#8183);
#6968=PLANE('',#8184);
#6969=PLANE('',#8185);
#6970=PLANE('',#8186);
#6971=PLANE('',#8187);
#6972=PLANE('',#8188);
#6973=PLANE('',#8189);
#6974=PLANE('',#8190);
#6975=PLANE('',#8191);
#6976=PLANE('',#8192);
#6977=PLANE('',#8193);
#6978=PLANE('',#8194);
#6979=PLANE('',#8195);
#6980=PLANE('',#8196);
#6981=PLANE('',#8197);
#6982=PLANE('',#8198);
#6983=PLANE('',#8199);
#6984=PLANE('',#8200);
#6985=PLANE('',#8201);
#6986=PLANE('',#8202);
#6987=PLANE('',#8203);
#6988=PLANE('',#8204);
#6989=PLANE('',#8205);
#6990=PLANE('',#8206);
#6991=PLANE('',#8207);
#6992=PLANE('',#8208);
#6993=PLANE('',#8209);
#6994=PLANE('',#8210);
#6995=PLANE('',#8211);
#6996=PLANE('',#8212);
#6997=PLANE('',#8213);
#6998=PLANE('',#8214);
#6999=PLANE('',#8215);
#7000=PLANE('',#8216);
#7001=PLANE('',#8217);
#7002=PLANE('',#8218);
#7003=PLANE('',#8219);
#7004=PLANE('',#8220);
#7005=PLANE('',#8221);
#7006=PLANE('',#8222);
#7007=PLANE('',#8223);
#7008=PLANE('',#8224);
#7009=PLANE('',#8225);
#7010=PLANE('',#8226);
#7011=PLANE('',#8227);
#7012=PLANE('',#8228);
#7013=PLANE('',#8229);
#7014=PLANE('',#8230);
#7015=PLANE('',#8231);
#7016=PLANE('',#8232);
#7017=PLANE('',#8233);
#7018=PLANE('',#8234);
#7019=PLANE('',#8235);
#7020=PLANE('',#8236);
#7021=PLANE('',#8237);
#7022=PLANE('',#8238);
#7023=PLANE('',#8239);
#7024=PLANE('',#8240);
#7025=PLANE('',#8241);
#7026=PLANE('',#8242);
#7027=PLANE('',#8243);
#7028=PLANE('',#8244);
#7029=PLANE('',#8245);
#7030=PLANE('',#8246);
#7031=PLANE('',#8247);
#7032=PLANE('',#8248);
#7033=PLANE('',#8249);
#7034=PLANE('',#8250);
#7035=PLANE('',#8251);
#7036=PLANE('',#8252);
#7037=PLANE('',#8253);
#7038=PLANE('',#8254);
#7039=PLANE('',#8255);
#7040=PLANE('',#8256);
#7041=PLANE('',#8257);
#7042=PLANE('',#8258);
#7043=PLANE('',#8259);
#7044=PLANE('',#8260);
#7045=PLANE('',#8261);
#7046=PLANE('',#8262);
#7047=PLANE('',#8263);
#7048=PLANE('',#8264);
#7049=PLANE('',#8265);
#7050=PLANE('',#8266);
#7051=PLANE('',#8267);
#7052=PLANE('',#8268);
#7053=PLANE('',#8269);
#7054=PLANE('',#8270);
#7055=PLANE('',#8271);
#7056=PLANE('',#8272);
#7057=PLANE('',#8273);
#7058=PLANE('',#8274);
#7059=PLANE('',#8275);
#7060=PLANE('',#8276);
#7061=PLANE('',#8277);
#7062=PLANE('',#8278);
#7063=PLANE('',#8279);
#7064=PLANE('',#8280);
#7065=PLANE('',#8281);
#7066=PLANE('',#8282);
#7067=PLANE('',#8283);
#7068=PLANE('',#8284);
#7069=PLANE('',#8285);
#7070=PLANE('',#8286);
#7071=PLANE('',#8287);
#7072=PLANE('',#8288);
#7073=PLANE('',#8289);
#7074=PLANE('',#8290);
#7075=PLANE('',#8291);
#7076=PLANE('',#8292);
#7077=PLANE('',#8293);
#7078=PLANE('',#8294);
#7079=PLANE('',#8295);
#7080=PLANE('',#8296);
#7081=PLANE('',#8297);
#7082=PLANE('',#8298);
#7083=PLANE('',#8299);
#7084=PLANE('',#8300);
#7085=PLANE('',#8301);
#7086=PLANE('',#8302);
#7087=PLANE('',#8303);
#7088=PLANE('',#8304);
#7089=PLANE('',#8305);
#7090=PLANE('',#8306);
#7091=PLANE('',#8307);
#7092=PLANE('',#8308);
#7093=PLANE('',#8309);
#7094=PLANE('',#8310);
#7095=PLANE('',#8311);
#7096=PLANE('',#8312);
#7097=PLANE('',#8313);
#7098=PLANE('',#8314);
#7099=PLANE('',#8315);
#7100=PLANE('',#8316);
#7101=PLANE('',#8317);
#7102=PLANE('',#8318);
#7103=PLANE('',#8319);
#7104=PLANE('',#8320);
#7105=PLANE('',#8321);
#7106=PLANE('',#8322);
#7107=PLANE('',#8323);
#7108=PLANE('',#8324);
#7109=PLANE('',#8325);
#7110=PLANE('',#8326);
#7111=PLANE('',#8327);
#7112=PLANE('',#8328);
#7113=PLANE('',#8329);
#7114=PLANE('',#8330);
#7115=PLANE('',#8331);
#7116=PLANE('',#8332);
#7117=PLANE('',#8333);
#7118=PLANE('',#8334);
#7119=PLANE('',#8335);
#7120=PLANE('',#8336);
#7121=PLANE('',#8337);
#7122=PLANE('',#8338);
#7123=PLANE('',#8339);
#7124=PLANE('',#8340);
#7125=PLANE('',#8341);
#7126=PLANE('',#8342);
#7127=PLANE('',#8343);
#7128=PLANE('',#8344);
#7129=PLANE('',#8345);
#7130=PLANE('',#8346);
#7131=PLANE('',#8347);
#7132=PLANE('',#8348);
#7133=PLANE('',#8349);
#7134=PLANE('',#8350);
#7135=PLANE('',#8351);
#7136=PLANE('',#8352);
#7137=PLANE('',#8353);
#7138=PLANE('',#8354);
#7139=PLANE('',#8355);
#7140=PLANE('',#8356);
#7141=PLANE('',#8357);
#7142=PLANE('',#8358);
#7143=PLANE('',#8359);
#7144=PLANE('',#8360);
#7145=PLANE('',#8361);
#7146=PLANE('',#8362);
#7147=PLANE('',#8363);
#7148=PLANE('',#8364);
#7149=PLANE('',#8365);
#7150=PLANE('',#8366);
#7151=PLANE('',#8367);
#7152=PLANE('',#8368);
#7153=PLANE('',#8369);
#7154=PLANE('',#8370);
#7155=PLANE('',#8371);
#7156=PLANE('',#8372);
#7157=PLANE('',#8373);
#7158=PLANE('',#8374);
#7159=PLANE('',#8375);
#7160=PLANE('',#8376);
#7161=PLANE('',#8377);
#7162=PLANE('',#8378);
#7163=PLANE('',#8379);
#7164=PLANE('',#8380);
#7165=PLANE('',#8381);
#7166=PLANE('',#8382);
#7167=PLANE('',#8383);
#7168=PLANE('',#8384);
#7169=PLANE('',#8385);
#7170=PLANE('',#8386);
#7171=PLANE('',#8387);
#7172=PLANE('',#8388);
#7173=PLANE('',#8389);
#7174=PLANE('',#8390);
#7175=PLANE('',#8391);
#7176=PLANE('',#8392);
#7177=PLANE('',#8393);
#7178=PLANE('',#8394);
#7179=PLANE('',#8395);
#7180=PLANE('',#8396);
#7181=PLANE('',#8397);
#7182=PLANE('',#8398);
#7183=PLANE('',#8399);
#7184=PLANE('',#8400);
#7185=PLANE('',#8401);
#7186=PLANE('',#8402);
#7187=PLANE('',#8403);
#7188=PLANE('',#8404);
#7189=PLANE('',#8405);
#7190=PLANE('',#8406);
#7191=PLANE('',#8407);
#7192=PLANE('',#8408);
#7193=PLANE('',#8409);
#7194=PLANE('',#8410);
#7195=PLANE('',#8411);
#7196=PLANE('',#8412);
#7197=PLANE('',#8413);
#7198=PLANE('',#8414);
#7199=PLANE('',#8415);
#7200=PLANE('',#8416);
#7201=PLANE('',#8417);
#7202=PLANE('',#8418);
#7203=PLANE('',#8419);
#7204=PLANE('',#8420);
#7205=PLANE('',#8421);
#7206=PLANE('',#8422);
#7207=PLANE('',#8423);
#7208=PLANE('',#8424);
#7209=PLANE('',#8425);
#7210=PLANE('',#8426);
#7211=PLANE('',#8427);
#7212=PLANE('',#8428);
#7213=PLANE('',#8429);
#7214=PLANE('',#8430);
#7215=PLANE('',#8431);
#7216=PLANE('',#8432);
#7217=PLANE('',#8433);
#7218=PLANE('',#8434);
#7219=PLANE('',#8435);
#7220=PLANE('',#8436);
#7221=PLANE('',#8437);
#7222=PLANE('',#8438);
#7223=PLANE('',#8439);
#7224=PLANE('',#8440);
#7225=PLANE('',#8441);
#7226=PLANE('',#8442);
#7227=PLANE('',#8443);
#7228=PLANE('',#8444);
#7229=PLANE('',#8445);
#7230=PLANE('',#8446);
#7231=PLANE('',#8447);
#7232=PLANE('',#8448);
#7233=PLANE('',#8449);
#7234=PLANE('',#8450);
#7235=PLANE('',#8451);
#7236=PLANE('',#8452);
#7237=PLANE('',#8453);
#7238=PLANE('',#8454);
#7239=PLANE('',#8455);
#7240=PLANE('',#8456);
#7241=PLANE('',#8457);
#7242=PLANE('',#8458);
#7243=PLANE('',#8459);
#7244=PLANE('',#8460);
#7245=PLANE('',#8461);
#7246=PLANE('',#8462);
#7247=PLANE('',#8463);
#7248=PLANE('',#8464);
#7249=PLANE('',#8465);
#7250=PLANE('',#8466);
#7251=PLANE('',#8467);
#7252=PLANE('',#8468);
#7253=PLANE('',#8469);
#7254=PLANE('',#8470);
#7255=PLANE('',#8471);
#7256=PLANE('',#8472);
#7257=PLANE('',#8473);
#7258=PLANE('',#8474);
#7259=PLANE('',#8475);
#7260=PLANE('',#8476);
#7261=PLANE('',#8477);
#7262=PLANE('',#8478);
#7263=PLANE('',#8479);
#7264=PLANE('',#8480);
#7265=PLANE('',#8481);
#7266=PLANE('',#8482);
#7267=PLANE('',#8483);
#7268=PLANE('',#8484);
#7269=PLANE('',#8485);
#7270=PLANE('',#8486);
#7271=PLANE('',#8487);
#7272=PLANE('',#8488);
#7273=PLANE('',#8489);
#7274=PLANE('',#8490);
#7275=PLANE('',#8491);
#7276=PLANE('',#8492);
#7277=PLANE('',#8493);
#7278=PLANE('',#8494);
#7279=PLANE('',#8495);
#7280=PLANE('',#8496);
#7281=PLANE('',#8497);
#7282=PLANE('',#8498);
#7283=PLANE('',#8499);
#7284=PLANE('',#8500);
#7285=PLANE('',#8501);
#7286=PLANE('',#8502);
#7287=PLANE('',#8503);
#7288=PLANE('',#8504);
#7289=PLANE('',#8505);
#7290=STYLED_ITEM('',(#14038),#7394);
#7291=STYLED_ITEM('',(#14038),#7395);
#7292=STYLED_ITEM('',(#14038),#7396);
#7293=STYLED_ITEM('',(#14038),#7398);
#7294=STYLED_ITEM('',(#14038),#7399);
#7295=STYLED_ITEM('',(#14038),#7400);
#7296=STYLED_ITEM('',(#14039),#7402);
#7297=STYLED_ITEM('',(#14039),#7403);
#7298=STYLED_ITEM('',(#14039),#7404);
#7299=STYLED_ITEM('',(#14039),#7405);
#7300=STYLED_ITEM('',(#14039),#7406);
#7301=STYLED_ITEM('',(#14040),#7407);
#7302=STYLED_ITEM('',(#14040),#7408);
#7303=STYLED_ITEM('',(#14038),#7409);
#7304=STYLED_ITEM('',(#14038),#7411);
#7305=STYLED_ITEM('',(#14038),#7412);
#7306=STYLED_ITEM('',(#14038),#7413);
#7307=STYLED_ITEM('',(#14038),#7414);
#7308=STYLED_ITEM('',(#14038),#7415);
#7309=STYLED_ITEM('',(#14038),#7416);
#7310=STYLED_ITEM('',(#14038),#7417);
#7311=STYLED_ITEM('',(#14038),#7418);
#7312=STYLED_ITEM('',(#14038),#7420);
#7313=STYLED_ITEM('',(#14038),#7421);
#7314=STYLED_ITEM('',(#14038),#7422);
#7315=STYLED_ITEM('',(#14038),#7423);
#7316=STYLED_ITEM('',(#14040),#7444);
#7317=STYLED_ITEM('',(#14040),#7445);
#7318=STYLED_ITEM('',(#14040),#7446);
#7319=STYLED_ITEM('',(#14040),#7447);
#7320=STYLED_ITEM('',(#14040),#7448);
#7321=STYLED_ITEM('',(#14040),#7449);
#7322=STYLED_ITEM('',(#14041),#7450);
#7323=STYLED_ITEM('',(#14040),#7456);
#7324=STYLED_ITEM('',(#14040),#7457);
#7325=STYLED_ITEM('',(#14037),#59);
#7326=STYLED_ITEM('',(#14041),#7483);
#7327=STYLED_ITEM('',(#14042),#60);
#7328=STYLED_ITEM('',(#14038),#7499);
#7329=STYLED_ITEM('',(#14038),#7501);
#7330=STYLED_ITEM('',(#14038),#7502);
#7331=STYLED_ITEM('',(#14036),#61);
#7332=STYLED_ITEM('',(#14038),#62);
#7333=STYLED_ITEM('',(#14043),#63);
#7334=STYLED_ITEM('',(#14038),#64);
#7335=STYLED_ITEM('',(#14038),#65);
#7336=STYLED_ITEM('',(#14038),#66);
#7337=STYLED_ITEM('',(#14038),#67);
#7338=STYLED_ITEM('',(#14038),#68);
#7339=STYLED_ITEM('',(#14038),#69);
#7340=STYLED_ITEM('',(#14038),#70);
#7341=STYLED_ITEM('',(#14044),#71);
#7342=STYLED_ITEM('',(#14038),#72);
#7343=STYLED_ITEM('',(#14038),#73);
#7344=STYLED_ITEM('',(#14044),#74);
#7345=STYLED_ITEM('',(#14038),#75);
#7346=STYLED_ITEM('',(#14038),#76);
#7347=STYLED_ITEM('',(#14038),#77);
#7348=STYLED_ITEM('',(#14044),#78);
#7349=STYLED_ITEM('',(#14038),#79);
#7350=STYLED_ITEM('',(#14045),#80);
#7351=STYLED_ITEM('',(#14038),#81);
#7352=STYLED_ITEM('',(#14040),#82);
#7353=STYLED_ITEM('',(#14040),#83);
#7354=STYLED_ITEM('',(#14040),#84);
#7355=STYLED_ITEM('',(#14040),#85);
#7356=STYLED_ITEM('',(#14038),#86);
#7357=STYLED_ITEM('',(#14040),#87);
#7358=STYLED_ITEM('',(#14040),#88);
#7359=STYLED_ITEM('',(#14040),#89);
#7360=STYLED_ITEM('',(#14040),#90);
#7361=STYLED_ITEM('',(#14040),#91);
#7362=STYLED_ITEM('',(#14040),#92);
#7363=STYLED_ITEM('',(#14040),#93);
#7364=STYLED_ITEM('',(#14040),#94);
#7365=STYLED_ITEM('',(#14040),#95);
#7366=STYLED_ITEM('',(#14038),#96);
#7367=STYLED_ITEM('',(#14040),#97);
#7368=STYLED_ITEM('',(#14040),#98);
#7369=STYLED_ITEM('',(#14040),#99);
#7370=STYLED_ITEM('',(#14040),#100);
#7371=STYLED_ITEM('',(#14040),#101);
#7372=STYLED_ITEM('',(#14040),#102);
#7373=STYLED_ITEM('',(#14040),#103);
#7374=STYLED_ITEM('',(#14040),#104);
#7375=STYLED_ITEM('',(#14040),#105);
#7376=STYLED_ITEM('',(#14040),#106);
#7377=STYLED_ITEM('',(#14040),#107);
#7378=STYLED_ITEM('',(#14040),#108);
#7379=STYLED_ITEM('',(#14040),#109);
#7380=STYLED_ITEM('',(#14040),#110);
#7381=STYLED_ITEM('',(#14040),#111);
#7382=STYLED_ITEM('',(#14040),#112);
#7383=STYLED_ITEM('',(#14040),#113);
#7384=STYLED_ITEM('',(#14040),#114);
#7385=STYLED_ITEM('',(#14040),#115);
#7386=STYLED_ITEM('',(#14040),#116);
#7387=STYLED_ITEM('',(#14040),#117);
#7388=STYLED_ITEM('',(#14040),#118);
#7389=STYLED_ITEM('',(#14040),#119);
#7390=STYLED_ITEM('',(#14040),#120);
#7391=STYLED_ITEM('',(#14040),#121);
#7392=STYLED_ITEM('',(#14040),#122);
#7393=STYLED_ITEM('',(#14040),#123);
#7394=ADVANCED_FACE('',(#306,#248),#6862,.F.);
#7395=ADVANCED_FACE('',(#307),#6863,.F.);
#7396=ADVANCED_FACE('',(#308),#6864,.F.);
#7397=ADVANCED_FACE('',(#309),#6865,.T.);
#7398=ADVANCED_FACE('',(#310,#249),#6866,.F.);
#7399=ADVANCED_FACE('',(#311),#6867,.F.);
#7400=ADVANCED_FACE('',(#312),#6868,.F.);
#7401=ADVANCED_FACE('',(#313),#6869,.T.);
#7402=ADVANCED_FACE('',(#314),#6870,.T.);
#7403=ADVANCED_FACE('',(#315),#6871,.T.);
#7404=ADVANCED_FACE('',(#316),#6872,.T.);
#7405=ADVANCED_FACE('',(#317),#6873,.T.);
#7406=ADVANCED_FACE('',(#318,#250),#6874,.T.);
#7407=ADVANCED_FACE('',(#319),#6875,.T.);
#7408=ADVANCED_FACE('',(#320),#6876,.T.);
#7409=ADVANCED_FACE('',(#321),#6877,.F.);
#7410=ADVANCED_FACE('',(#322),#6878,.F.);
#7411=ADVANCED_FACE('',(#323),#6879,.F.);
#7412=ADVANCED_FACE('',(#324),#6880,.F.);
#7413=ADVANCED_FACE('',(#325),#6881,.F.);
#7414=ADVANCED_FACE('',(#326),#6882,.F.);
#7415=ADVANCED_FACE('',(#327),#6883,.T.);
#7416=ADVANCED_FACE('',(#328),#6884,.T.);
#7417=ADVANCED_FACE('',(#329),#6885,.T.);
#7418=ADVANCED_FACE('',(#330),#6886,.T.);
#7419=ADVANCED_FACE('',(#331,#251,#252,#253,#254,#255,#256,#257,#258,#259,
#260,#261,#262,#263,#264,#265,#266,#267,#268,#269,#270,#271,#272,#273,#274,
#275,#276,#277,#278),#6887,.T.);
#7420=ADVANCED_FACE('',(#332),#6888,.T.);
#7421=ADVANCED_FACE('',(#333),#6889,.T.);
#7422=ADVANCED_FACE('',(#334),#6890,.T.);
#7423=ADVANCED_FACE('',(#335),#6891,.T.);
#7424=ADVANCED_FACE('',(#336),#128,.F.);
#7425=ADVANCED_FACE('',(#337),#129,.F.);
#7426=ADVANCED_FACE('',(#338),#130,.F.);
#7427=ADVANCED_FACE('',(#339),#131,.F.);
#7428=ADVANCED_FACE('',(#340),#132,.F.);
#7429=ADVANCED_FACE('',(#341),#133,.F.);
#7430=ADVANCED_FACE('',(#342),#134,.F.);
#7431=ADVANCED_FACE('',(#343),#135,.F.);
#7432=ADVANCED_FACE('',(#344),#136,.F.);
#7433=ADVANCED_FACE('',(#345),#137,.F.);
#7434=ADVANCED_FACE('',(#346),#138,.F.);
#7435=ADVANCED_FACE('',(#347),#139,.F.);
#7436=ADVANCED_FACE('',(#348),#140,.F.);
#7437=ADVANCED_FACE('',(#349),#141,.F.);
#7438=ADVANCED_FACE('',(#350),#142,.F.);
#7439=ADVANCED_FACE('',(#351),#143,.F.);
#7440=ADVANCED_FACE('',(#352),#144,.F.);
#7441=ADVANCED_FACE('',(#353),#145,.F.);
#7442=ADVANCED_FACE('',(#354),#146,.F.);
#7443=ADVANCED_FACE('',(#355),#147,.F.);
#7444=ADVANCED_FACE('',(#356),#148,.T.);
#7445=ADVANCED_FACE('',(#357),#6892,.T.);
#7446=ADVANCED_FACE('',(#358),#149,.T.);
#7447=ADVANCED_FACE('',(#359),#150,.T.);
#7448=ADVANCED_FACE('',(#360),#151,.T.);
#7449=ADVANCED_FACE('',(#361),#152,.T.);
#7450=ADVANCED_FACE('',(#362),#6893,.T.);
#7451=ADVANCED_FACE('',(#363),#6894,.F.);
#7452=ADVANCED_FACE('',(#364),#6895,.F.);
#7453=ADVANCED_FACE('',(#365),#6896,.F.);
#7454=ADVANCED_FACE('',(#366,#279,#280,#281,#282,#283,#284,#285,#286,#287,
#288,#289,#290,#291,#292,#293,#294,#295,#296,#297,#298,#299,#300,#301,#302),
#6897,.F.);
#7455=ADVANCED_FACE('',(#367),#6898,.T.);
#7456=ADVANCED_FACE('',(#368),#6899,.T.);
#7457=ADVANCED_FACE('',(#369),#6900,.T.);
#7458=ADVANCED_FACE('',(#370),#153,.F.);
#7459=ADVANCED_FACE('',(#371),#154,.F.);
#7460=ADVANCED_FACE('',(#372),#155,.F.);
#7461=ADVANCED_FACE('',(#373),#156,.F.);
#7462=ADVANCED_FACE('',(#374),#6901,.T.);
#7463=ADVANCED_FACE('',(#375),#6902,.T.);
#7464=ADVANCED_FACE('',(#376),#157,.T.);
#7465=ADVANCED_FACE('',(#377),#158,.T.);
#7466=ADVANCED_FACE('',(#378),#159,.T.);
#7467=ADVANCED_FACE('',(#379),#160,.T.);
#7468=ADVANCED_FACE('',(#380),#161,.T.);
#7469=ADVANCED_FACE('',(#381),#162,.T.);
#7470=ADVANCED_FACE('',(#382),#163,.T.);
#7471=ADVANCED_FACE('',(#383),#164,.T.);
#7472=ADVANCED_FACE('',(#384),#165,.T.);
#7473=ADVANCED_FACE('',(#385),#166,.T.);
#7474=ADVANCED_FACE('',(#386),#167,.T.);
#7475=ADVANCED_FACE('',(#387),#168,.T.);
#7476=ADVANCED_FACE('',(#388),#169,.T.);
#7477=ADVANCED_FACE('',(#389),#170,.T.);
#7478=ADVANCED_FACE('',(#390),#171,.T.);
#7479=ADVANCED_FACE('',(#391),#172,.T.);
#7480=ADVANCED_FACE('',(#392),#173,.F.);
#7481=ADVANCED_FACE('',(#393),#6903,.T.);
#7482=ADVANCED_FACE('',(#394),#174,.F.);
#7483=ADVANCED_FACE('',(#395,#303),#6904,.T.);
#7484=ADVANCED_FACE('',(#396),#6905,.F.);
#7485=ADVANCED_FACE('',(#397),#13,.F.);
#7486=ADVANCED_FACE('',(#398),#6906,.T.);
#7487=ADVANCED_FACE('',(#399),#175,.T.);
#7488=ADVANCED_FACE('',(#400),#14,.F.);
#7489=ADVANCED_FACE('',(#401),#6907,.F.);
#7490=ADVANCED_FACE('',(#402),#176,.T.);
#7491=ADVANCED_FACE('',(#403,#304),#6908,.T.);
#7492=ADVANCED_FACE('',(#404),#177,.T.);
#7493=ADVANCED_FACE('',(#405),#6909,.T.);
#7494=ADVANCED_FACE('',(#406),#178,.T.);
#7495=ADVANCED_FACE('',(#407),#179,.T.);
#7496=ADVANCED_FACE('',(#408,#305),#6910,.T.);
#7497=ADVANCED_FACE('',(#409),#6911,.F.);
#7498=ADVANCED_FACE('',(#410),#6912,.T.);
#7499=ADVANCED_FACE('',(#411),#6913,.T.);
#7500=ADVANCED_FACE('',(#412),#6914,.T.);
#7501=ADVANCED_FACE('',(#413),#6915,.T.);
#7502=ADVANCED_FACE('',(#414),#6916,.T.);
#7503=ADVANCED_FACE('',(#415),#6917,.F.);
#7504=ADVANCED_FACE('',(#416),#6918,.T.);
#7505=ADVANCED_FACE('',(#417),#6919,.T.);
#7506=ADVANCED_FACE('',(#418),#6920,.T.);
#7507=ADVANCED_FACE('',(#419),#6921,.T.);
#7508=ADVANCED_FACE('',(#420),#6922,.T.);
#7509=ADVANCED_FACE('',(#421),#6923,.F.);
#7510=ADVANCED_FACE('',(#422),#6924,.T.);
#7511=ADVANCED_FACE('',(#423),#6925,.T.);
#7512=ADVANCED_FACE('',(#424),#6926,.T.);
#7513=ADVANCED_FACE('',(#425),#6927,.T.);
#7514=ADVANCED_FACE('',(#426),#6928,.T.);
#7515=ADVANCED_FACE('',(#427),#6929,.F.);
#7516=ADVANCED_FACE('',(#428),#6930,.T.);
#7517=ADVANCED_FACE('',(#429),#6931,.T.);
#7518=ADVANCED_FACE('',(#430),#6932,.T.);
#7519=ADVANCED_FACE('',(#431),#6933,.T.);
#7520=ADVANCED_FACE('',(#432),#6934,.T.);
#7521=ADVANCED_FACE('',(#433),#6935,.F.);
#7522=ADVANCED_FACE('',(#434),#6936,.T.);
#7523=ADVANCED_FACE('',(#435),#6937,.T.);
#7524=ADVANCED_FACE('',(#436),#6938,.T.);
#7525=ADVANCED_FACE('',(#437),#6939,.T.);
#7526=ADVANCED_FACE('',(#438),#6940,.T.);
#7527=ADVANCED_FACE('',(#439),#6941,.F.);
#7528=ADVANCED_FACE('',(#440),#6942,.T.);
#7529=ADVANCED_FACE('',(#441),#6943,.T.);
#7530=ADVANCED_FACE('',(#442),#6944,.T.);
#7531=ADVANCED_FACE('',(#443),#6945,.T.);
#7532=ADVANCED_FACE('',(#444),#6946,.T.);
#7533=ADVANCED_FACE('',(#445),#6947,.F.);
#7534=ADVANCED_FACE('',(#446),#6948,.T.);
#7535=ADVANCED_FACE('',(#447),#6949,.T.);
#7536=ADVANCED_FACE('',(#448),#6950,.T.);
#7537=ADVANCED_FACE('',(#449),#6951,.T.);
#7538=ADVANCED_FACE('',(#450),#6952,.T.);
#7539=ADVANCED_FACE('',(#451),#6953,.F.);
#7540=ADVANCED_FACE('',(#452),#6954,.T.);
#7541=ADVANCED_FACE('',(#453),#6955,.T.);
#7542=ADVANCED_FACE('',(#454),#6956,.T.);
#7543=ADVANCED_FACE('',(#455),#6957,.T.);
#7544=ADVANCED_FACE('',(#456),#6958,.T.);
#7545=ADVANCED_FACE('',(#457),#6959,.F.);
#7546=ADVANCED_FACE('',(#458),#6960,.T.);
#7547=ADVANCED_FACE('',(#459),#6961,.T.);
#7548=ADVANCED_FACE('',(#460),#6962,.T.);
#7549=ADVANCED_FACE('',(#461),#6963,.T.);
#7550=ADVANCED_FACE('',(#462),#6964,.T.);
#7551=ADVANCED_FACE('',(#463),#6965,.F.);
#7552=ADVANCED_FACE('',(#464),#6966,.T.);
#7553=ADVANCED_FACE('',(#465),#6967,.T.);
#7554=ADVANCED_FACE('',(#466),#6968,.T.);
#7555=ADVANCED_FACE('',(#467),#6969,.T.);
#7556=ADVANCED_FACE('',(#468),#6970,.T.);
#7557=ADVANCED_FACE('',(#469),#6971,.F.);
#7558=ADVANCED_FACE('',(#470),#6972,.T.);
#7559=ADVANCED_FACE('',(#471),#6973,.T.);
#7560=ADVANCED_FACE('',(#472),#6974,.T.);
#7561=ADVANCED_FACE('',(#473),#6975,.T.);
#7562=ADVANCED_FACE('',(#474),#6976,.T.);
#7563=ADVANCED_FACE('',(#475),#6977,.F.);
#7564=ADVANCED_FACE('',(#476),#6978,.T.);
#7565=ADVANCED_FACE('',(#477),#6979,.T.);
#7566=ADVANCED_FACE('',(#478),#6980,.T.);
#7567=ADVANCED_FACE('',(#479),#6981,.T.);
#7568=ADVANCED_FACE('',(#480),#6982,.T.);
#7569=ADVANCED_FACE('',(#481),#6983,.F.);
#7570=ADVANCED_FACE('',(#482),#6984,.T.);
#7571=ADVANCED_FACE('',(#483),#6985,.T.);
#7572=ADVANCED_FACE('',(#484),#6986,.T.);
#7573=ADVANCED_FACE('',(#485),#6987,.T.);
#7574=ADVANCED_FACE('',(#486),#6988,.T.);
#7575=ADVANCED_FACE('',(#487),#6989,.F.);
#7576=ADVANCED_FACE('',(#488),#6990,.T.);
#7577=ADVANCED_FACE('',(#489),#6991,.T.);
#7578=ADVANCED_FACE('',(#490),#6992,.T.);
#7579=ADVANCED_FACE('',(#491),#6993,.T.);
#7580=ADVANCED_FACE('',(#492),#6994,.T.);
#7581=ADVANCED_FACE('',(#493),#6995,.F.);
#7582=ADVANCED_FACE('',(#494),#6996,.T.);
#7583=ADVANCED_FACE('',(#495),#6997,.T.);
#7584=ADVANCED_FACE('',(#496),#6998,.T.);
#7585=ADVANCED_FACE('',(#497),#6999,.T.);
#7586=ADVANCED_FACE('',(#498),#7000,.T.);
#7587=ADVANCED_FACE('',(#499),#7001,.F.);
#7588=ADVANCED_FACE('',(#500),#7002,.T.);
#7589=ADVANCED_FACE('',(#501),#7003,.T.);
#7590=ADVANCED_FACE('',(#502),#7004,.T.);
#7591=ADVANCED_FACE('',(#503),#7005,.T.);
#7592=ADVANCED_FACE('',(#504),#7006,.T.);
#7593=ADVANCED_FACE('',(#505),#7007,.F.);
#7594=ADVANCED_FACE('',(#506),#7008,.T.);
#7595=ADVANCED_FACE('',(#507),#7009,.T.);
#7596=ADVANCED_FACE('',(#508),#7010,.T.);
#7597=ADVANCED_FACE('',(#509),#7011,.T.);
#7598=ADVANCED_FACE('',(#510),#7012,.T.);
#7599=ADVANCED_FACE('',(#511),#7013,.F.);
#7600=ADVANCED_FACE('',(#512),#7014,.T.);
#7601=ADVANCED_FACE('',(#513),#7015,.T.);
#7602=ADVANCED_FACE('',(#514),#7016,.T.);
#7603=ADVANCED_FACE('',(#515),#7017,.T.);
#7604=ADVANCED_FACE('',(#516),#7018,.T.);
#7605=ADVANCED_FACE('',(#517),#7019,.F.);
#7606=ADVANCED_FACE('',(#518),#7020,.T.);
#7607=ADVANCED_FACE('',(#519),#7021,.T.);
#7608=ADVANCED_FACE('',(#520),#7022,.T.);
#7609=ADVANCED_FACE('',(#521),#7023,.T.);
#7610=ADVANCED_FACE('',(#522),#7024,.T.);
#7611=ADVANCED_FACE('',(#523),#7025,.F.);
#7612=ADVANCED_FACE('',(#524),#7026,.T.);
#7613=ADVANCED_FACE('',(#525),#7027,.T.);
#7614=ADVANCED_FACE('',(#526),#7028,.T.);
#7615=ADVANCED_FACE('',(#527),#7029,.T.);
#7616=ADVANCED_FACE('',(#528),#7030,.T.);
#7617=ADVANCED_FACE('',(#529),#7031,.F.);
#7618=ADVANCED_FACE('',(#530),#7032,.T.);
#7619=ADVANCED_FACE('',(#531),#7033,.T.);
#7620=ADVANCED_FACE('',(#532),#7034,.T.);
#7621=ADVANCED_FACE('',(#533),#7035,.T.);
#7622=ADVANCED_FACE('',(#534),#7036,.T.);
#7623=ADVANCED_FACE('',(#535),#7037,.F.);
#7624=ADVANCED_FACE('',(#536),#7038,.T.);
#7625=ADVANCED_FACE('',(#537),#7039,.T.);
#7626=ADVANCED_FACE('',(#538),#7040,.T.);
#7627=ADVANCED_FACE('',(#539),#7041,.T.);
#7628=ADVANCED_FACE('',(#540),#7042,.T.);
#7629=ADVANCED_FACE('',(#541),#7043,.T.);
#7630=ADVANCED_FACE('',(#542),#7044,.T.);
#7631=ADVANCED_FACE('',(#543),#7045,.T.);
#7632=ADVANCED_FACE('',(#544),#7046,.T.);
#7633=ADVANCED_FACE('',(#545),#7047,.T.);
#7634=ADVANCED_FACE('',(#546),#7048,.T.);
#7635=ADVANCED_FACE('',(#547),#7049,.T.);
#7636=ADVANCED_FACE('',(#548),#7050,.T.);
#7637=ADVANCED_FACE('',(#549),#7051,.T.);
#7638=ADVANCED_FACE('',(#550),#7052,.T.);
#7639=ADVANCED_FACE('',(#551),#7053,.T.);
#7640=ADVANCED_FACE('',(#552),#7054,.T.);
#7641=ADVANCED_FACE('',(#553),#7055,.T.);
#7642=ADVANCED_FACE('',(#554),#7056,.T.);
#7643=ADVANCED_FACE('',(#555),#7057,.T.);
#7644=ADVANCED_FACE('',(#556),#7058,.T.);
#7645=ADVANCED_FACE('',(#557),#7059,.T.);
#7646=ADVANCED_FACE('',(#558),#7060,.T.);
#7647=ADVANCED_FACE('',(#559),#7061,.T.);
#7648=ADVANCED_FACE('',(#560),#7062,.T.);
#7649=ADVANCED_FACE('',(#561),#7063,.T.);
#7650=ADVANCED_FACE('',(#562),#7064,.T.);
#7651=ADVANCED_FACE('',(#563),#7065,.T.);
#7652=ADVANCED_FACE('',(#564),#7066,.T.);
#7653=ADVANCED_FACE('',(#565),#7067,.T.);
#7654=ADVANCED_FACE('',(#566),#7068,.T.);
#7655=ADVANCED_FACE('',(#567),#7069,.T.);
#7656=ADVANCED_FACE('',(#568),#7070,.T.);
#7657=ADVANCED_FACE('',(#569),#7071,.T.);
#7658=ADVANCED_FACE('',(#570),#7072,.T.);
#7659=ADVANCED_FACE('',(#571),#7073,.T.);
#7660=ADVANCED_FACE('',(#572),#7074,.T.);
#7661=ADVANCED_FACE('',(#573),#7075,.T.);
#7662=ADVANCED_FACE('',(#574),#7076,.T.);
#7663=ADVANCED_FACE('',(#575),#7077,.T.);
#7664=ADVANCED_FACE('',(#576),#7078,.T.);
#7665=ADVANCED_FACE('',(#577),#7079,.T.);
#7666=ADVANCED_FACE('',(#578),#7080,.T.);
#7667=ADVANCED_FACE('',(#579),#7081,.T.);
#7668=ADVANCED_FACE('',(#580),#7082,.T.);
#7669=ADVANCED_FACE('',(#581),#7083,.T.);
#7670=ADVANCED_FACE('',(#582),#7084,.T.);
#7671=ADVANCED_FACE('',(#583),#7085,.T.);
#7672=ADVANCED_FACE('',(#584),#7086,.T.);
#7673=ADVANCED_FACE('',(#585),#7087,.T.);
#7674=ADVANCED_FACE('',(#586),#7088,.T.);
#7675=ADVANCED_FACE('',(#587),#7089,.T.);
#7676=ADVANCED_FACE('',(#588),#7090,.T.);
#7677=ADVANCED_FACE('',(#589),#7091,.T.);
#7678=ADVANCED_FACE('',(#590),#7092,.T.);
#7679=ADVANCED_FACE('',(#591),#7093,.T.);
#7680=ADVANCED_FACE('',(#592),#7094,.T.);
#7681=ADVANCED_FACE('',(#593),#7095,.T.);
#7682=ADVANCED_FACE('',(#594),#7096,.T.);
#7683=ADVANCED_FACE('',(#595),#7097,.T.);
#7684=ADVANCED_FACE('',(#596),#7098,.T.);
#7685=ADVANCED_FACE('',(#597),#7099,.T.);
#7686=ADVANCED_FACE('',(#598),#7100,.T.);
#7687=ADVANCED_FACE('',(#599),#7101,.T.);
#7688=ADVANCED_FACE('',(#600),#7102,.T.);
#7689=ADVANCED_FACE('',(#601),#7103,.T.);
#7690=ADVANCED_FACE('',(#602),#7104,.T.);
#7691=ADVANCED_FACE('',(#603),#7105,.T.);
#7692=ADVANCED_FACE('',(#604),#7106,.T.);
#7693=ADVANCED_FACE('',(#605),#7107,.T.);
#7694=ADVANCED_FACE('',(#606),#7108,.T.);
#7695=ADVANCED_FACE('',(#607),#7109,.T.);
#7696=ADVANCED_FACE('',(#608),#7110,.T.);
#7697=ADVANCED_FACE('',(#609),#7111,.T.);
#7698=ADVANCED_FACE('',(#610),#7112,.T.);
#7699=ADVANCED_FACE('',(#611),#7113,.T.);
#7700=ADVANCED_FACE('',(#612),#7114,.T.);
#7701=ADVANCED_FACE('',(#613),#7115,.T.);
#7702=ADVANCED_FACE('',(#614),#7116,.T.);
#7703=ADVANCED_FACE('',(#615),#7117,.T.);
#7704=ADVANCED_FACE('',(#616),#7118,.T.);
#7705=ADVANCED_FACE('',(#617),#7119,.T.);
#7706=ADVANCED_FACE('',(#618),#7120,.T.);
#7707=ADVANCED_FACE('',(#619),#7121,.T.);
#7708=ADVANCED_FACE('',(#620),#7122,.T.);
#7709=ADVANCED_FACE('',(#621),#7123,.T.);
#7710=ADVANCED_FACE('',(#622),#7124,.T.);
#7711=ADVANCED_FACE('',(#623),#7125,.T.);
#7712=ADVANCED_FACE('',(#624),#7126,.T.);
#7713=ADVANCED_FACE('',(#625),#7127,.T.);
#7714=ADVANCED_FACE('',(#626),#7128,.T.);
#7715=ADVANCED_FACE('',(#627),#7129,.T.);
#7716=ADVANCED_FACE('',(#628),#7130,.T.);
#7717=ADVANCED_FACE('',(#629),#7131,.T.);
#7718=ADVANCED_FACE('',(#630),#7132,.T.);
#7719=ADVANCED_FACE('',(#631),#7133,.T.);
#7720=ADVANCED_FACE('',(#632),#7134,.T.);
#7721=ADVANCED_FACE('',(#633),#7135,.T.);
#7722=ADVANCED_FACE('',(#634),#7136,.T.);
#7723=ADVANCED_FACE('',(#635),#7137,.T.);
#7724=ADVANCED_FACE('',(#636),#7138,.T.);
#7725=ADVANCED_FACE('',(#637),#7139,.T.);
#7726=ADVANCED_FACE('',(#638),#7140,.T.);
#7727=ADVANCED_FACE('',(#639),#7141,.T.);
#7728=ADVANCED_FACE('',(#640),#7142,.T.);
#7729=ADVANCED_FACE('',(#641),#7143,.T.);
#7730=ADVANCED_FACE('',(#642),#7144,.T.);
#7731=ADVANCED_FACE('',(#643),#7145,.T.);
#7732=ADVANCED_FACE('',(#644),#7146,.T.);
#7733=ADVANCED_FACE('',(#645),#7147,.T.);
#7734=ADVANCED_FACE('',(#646),#7148,.T.);
#7735=ADVANCED_FACE('',(#647),#7149,.T.);
#7736=ADVANCED_FACE('',(#648),#7150,.T.);
#7737=ADVANCED_FACE('',(#649),#7151,.T.);
#7738=ADVANCED_FACE('',(#650),#7152,.T.);
#7739=ADVANCED_FACE('',(#651),#7153,.T.);
#7740=ADVANCED_FACE('',(#652),#7154,.T.);
#7741=ADVANCED_FACE('',(#653),#7155,.T.);
#7742=ADVANCED_FACE('',(#654),#7156,.T.);
#7743=ADVANCED_FACE('',(#655),#7157,.T.);
#7744=ADVANCED_FACE('',(#656),#7158,.T.);
#7745=ADVANCED_FACE('',(#657),#7159,.T.);
#7746=ADVANCED_FACE('',(#658),#7160,.T.);
#7747=ADVANCED_FACE('',(#659),#7161,.T.);
#7748=ADVANCED_FACE('',(#660),#7162,.T.);
#7749=ADVANCED_FACE('',(#661),#7163,.T.);
#7750=ADVANCED_FACE('',(#662),#7164,.T.);
#7751=ADVANCED_FACE('',(#663),#7165,.T.);
#7752=ADVANCED_FACE('',(#664),#7166,.T.);
#7753=ADVANCED_FACE('',(#665),#7167,.T.);
#7754=ADVANCED_FACE('',(#666),#7168,.T.);
#7755=ADVANCED_FACE('',(#667),#7169,.T.);
#7756=ADVANCED_FACE('',(#668),#7170,.T.);
#7757=ADVANCED_FACE('',(#669),#7171,.T.);
#7758=ADVANCED_FACE('',(#670),#7172,.T.);
#7759=ADVANCED_FACE('',(#671),#7173,.T.);
#7760=ADVANCED_FACE('',(#672),#7174,.T.);
#7761=ADVANCED_FACE('',(#673),#7175,.T.);
#7762=ADVANCED_FACE('',(#674),#7176,.T.);
#7763=ADVANCED_FACE('',(#675),#7177,.T.);
#7764=ADVANCED_FACE('',(#676),#7178,.T.);
#7765=ADVANCED_FACE('',(#677),#7179,.T.);
#7766=ADVANCED_FACE('',(#678),#7180,.T.);
#7767=ADVANCED_FACE('',(#679),#7181,.T.);
#7768=ADVANCED_FACE('',(#680),#7182,.T.);
#7769=ADVANCED_FACE('',(#681),#7183,.T.);
#7770=ADVANCED_FACE('',(#682),#7184,.T.);
#7771=ADVANCED_FACE('',(#683),#7185,.T.);
#7772=ADVANCED_FACE('',(#684),#7186,.T.);
#7773=ADVANCED_FACE('',(#685),#7187,.T.);
#7774=ADVANCED_FACE('',(#686),#7188,.T.);
#7775=ADVANCED_FACE('',(#687),#7189,.T.);
#7776=ADVANCED_FACE('',(#688),#7190,.T.);
#7777=ADVANCED_FACE('',(#689),#7191,.T.);
#7778=ADVANCED_FACE('',(#690),#7192,.T.);
#7779=ADVANCED_FACE('',(#691),#7193,.T.);
#7780=ADVANCED_FACE('',(#692),#7194,.T.);
#7781=ADVANCED_FACE('',(#693),#7195,.T.);
#7782=ADVANCED_FACE('',(#694),#7196,.T.);
#7783=ADVANCED_FACE('',(#695),#7197,.T.);
#7784=ADVANCED_FACE('',(#696),#7198,.T.);
#7785=ADVANCED_FACE('',(#697),#7199,.T.);
#7786=ADVANCED_FACE('',(#698),#7200,.T.);
#7787=ADVANCED_FACE('',(#699),#7201,.T.);
#7788=ADVANCED_FACE('',(#700),#7202,.T.);
#7789=ADVANCED_FACE('',(#701),#7203,.T.);
#7790=ADVANCED_FACE('',(#702),#7204,.T.);
#7791=ADVANCED_FACE('',(#703),#7205,.T.);
#7792=ADVANCED_FACE('',(#704),#7206,.T.);
#7793=ADVANCED_FACE('',(#705),#7207,.T.);
#7794=ADVANCED_FACE('',(#706),#7208,.T.);
#7795=ADVANCED_FACE('',(#707),#7209,.T.);
#7796=ADVANCED_FACE('',(#708),#7210,.T.);
#7797=ADVANCED_FACE('',(#709),#7211,.T.);
#7798=ADVANCED_FACE('',(#710),#7212,.T.);
#7799=ADVANCED_FACE('',(#711),#7213,.T.);
#7800=ADVANCED_FACE('',(#712),#7214,.T.);
#7801=ADVANCED_FACE('',(#713),#7215,.T.);
#7802=ADVANCED_FACE('',(#714),#7216,.T.);
#7803=ADVANCED_FACE('',(#715),#7217,.T.);
#7804=ADVANCED_FACE('',(#716),#7218,.T.);
#7805=ADVANCED_FACE('',(#717),#7219,.T.);
#7806=ADVANCED_FACE('',(#718),#7220,.T.);
#7807=ADVANCED_FACE('',(#719),#7221,.T.);
#7808=ADVANCED_FACE('',(#720),#7222,.T.);
#7809=ADVANCED_FACE('',(#721),#7223,.T.);
#7810=ADVANCED_FACE('',(#722),#7224,.T.);
#7811=ADVANCED_FACE('',(#723),#7225,.T.);
#7812=ADVANCED_FACE('',(#724),#7226,.T.);
#7813=ADVANCED_FACE('',(#725),#7227,.T.);
#7814=ADVANCED_FACE('',(#726),#7228,.T.);
#7815=ADVANCED_FACE('',(#727),#7229,.T.);
#7816=ADVANCED_FACE('',(#728),#7230,.T.);
#7817=ADVANCED_FACE('',(#729),#7231,.T.);
#7818=ADVANCED_FACE('',(#730),#7232,.T.);
#7819=ADVANCED_FACE('',(#731),#7233,.T.);
#7820=ADVANCED_FACE('',(#732),#7234,.T.);
#7821=ADVANCED_FACE('',(#733),#7235,.T.);
#7822=ADVANCED_FACE('',(#734),#7236,.T.);
#7823=ADVANCED_FACE('',(#735),#7237,.T.);
#7824=ADVANCED_FACE('',(#736),#7238,.T.);
#7825=ADVANCED_FACE('',(#737),#7239,.T.);
#7826=ADVANCED_FACE('',(#738),#7240,.T.);
#7827=ADVANCED_FACE('',(#739),#7241,.T.);
#7828=ADVANCED_FACE('',(#740),#7242,.T.);
#7829=ADVANCED_FACE('',(#741),#7243,.T.);
#7830=ADVANCED_FACE('',(#742),#7244,.T.);
#7831=ADVANCED_FACE('',(#743),#7245,.T.);
#7832=ADVANCED_FACE('',(#744),#7246,.T.);
#7833=ADVANCED_FACE('',(#745),#7247,.T.);
#7834=ADVANCED_FACE('',(#746),#7248,.T.);
#7835=ADVANCED_FACE('',(#747),#7249,.T.);
#7836=ADVANCED_FACE('',(#748),#7250,.T.);
#7837=ADVANCED_FACE('',(#749),#7251,.T.);
#7838=ADVANCED_FACE('',(#750),#7252,.T.);
#7839=ADVANCED_FACE('',(#751),#7253,.T.);
#7840=ADVANCED_FACE('',(#752),#7254,.T.);
#7841=ADVANCED_FACE('',(#753),#7255,.T.);
#7842=ADVANCED_FACE('',(#754),#7256,.T.);
#7843=ADVANCED_FACE('',(#755),#7257,.T.);
#7844=ADVANCED_FACE('',(#756),#7258,.T.);
#7845=ADVANCED_FACE('',(#757),#7259,.T.);
#7846=ADVANCED_FACE('',(#758),#7260,.T.);
#7847=ADVANCED_FACE('',(#759),#7261,.T.);
#7848=ADVANCED_FACE('',(#760),#7262,.T.);
#7849=ADVANCED_FACE('',(#761),#7263,.T.);
#7850=ADVANCED_FACE('',(#762),#7264,.T.);
#7851=ADVANCED_FACE('',(#763),#7265,.T.);
#7852=ADVANCED_FACE('',(#764),#7266,.T.);
#7853=ADVANCED_FACE('',(#765),#7267,.T.);
#7854=ADVANCED_FACE('',(#766),#7268,.T.);
#7855=ADVANCED_FACE('',(#767),#7269,.T.);
#7856=ADVANCED_FACE('',(#768),#7270,.T.);
#7857=ADVANCED_FACE('',(#769),#7271,.T.);
#7858=ADVANCED_FACE('',(#770),#7272,.T.);
#7859=ADVANCED_FACE('',(#771),#7273,.T.);
#7860=ADVANCED_FACE('',(#772),#7274,.T.);
#7861=ADVANCED_FACE('',(#773),#7275,.T.);
#7862=ADVANCED_FACE('',(#774),#7276,.T.);
#7863=ADVANCED_FACE('',(#775),#7277,.T.);
#7864=ADVANCED_FACE('',(#776),#7278,.T.);
#7865=ADVANCED_FACE('',(#777),#7279,.T.);
#7866=ADVANCED_FACE('',(#778),#7280,.T.);
#7867=ADVANCED_FACE('',(#779),#7281,.T.);
#7868=ADVANCED_FACE('',(#780),#7282,.T.);
#7869=ADVANCED_FACE('',(#781),#7283,.T.);
#7870=ADVANCED_FACE('',(#782),#7284,.T.);
#7871=ADVANCED_FACE('',(#783),#7285,.T.);
#7872=ADVANCED_FACE('',(#784),#7286,.T.);
#7873=ADVANCED_FACE('',(#785),#7287,.T.);
#7874=ADVANCED_FACE('',(#786),#7288,.T.);
#7875=ADVANCED_FACE('',(#787),#7289,.T.);
#7876=CLOSED_SHELL('',(#7394,#7395,#7396,#7397,#7398,#7399,#7400,#7401,
#7402,#7403,#7404,#7405,#7406,#7407,#7408,#7409,#7410,#7411,#7412,#7413,
#7414,#7415,#7416,#7417,#7418,#7419,#7420,#7421,#7422,#7423,#7424,#7425,
#7426,#7427,#7428,#7429,#7430,#7431,#7432,#7433,#7434,#7435,#7436,#7437,
#7438,#7439,#7440,#7441,#7442,#7443,#7444,#7445,#7446,#7447,#7448,#7449,
#7450,#7451,#7452,#7453,#7454,#7455,#7456,#7457,#7458,#7459,#7460,#7461,
#7462,#7463));
#7877=CLOSED_SHELL('',(#7464,#7465,#7466,#7467,#7468,#7469,#7470,#7471,
#7472,#7473,#7474,#7475,#7476,#7477,#7478,#7479,#7480,#7481,#7482,#7483,
#7484,#7485,#7486,#7487,#7488,#7489,#7490,#7491,#7492,#7493,#7494,#7495,
#7496,#7497));
#7878=CLOSED_SHELL('',(#7498,#7499,#7500,#7501,#7502,#7503));
#7879=CLOSED_SHELL('',(#7504,#7505,#7506,#7507,#7508,#7509));
#7880=CLOSED_SHELL('',(#7510,#7511,#7512,#7513,#7514,#7515));
#7881=CLOSED_SHELL('',(#7516,#7517,#7518,#7519,#7520,#7521));
#7882=CLOSED_SHELL('',(#7522,#7523,#7524,#7525,#7526,#7527));
#7883=CLOSED_SHELL('',(#7528,#7529,#7530,#7531,#7532,#7533));
#7884=CLOSED_SHELL('',(#7534,#7535,#7536,#7537,#7538,#7539));
#7885=CLOSED_SHELL('',(#7540,#7541,#7542,#7543,#7544,#7545));
#7886=CLOSED_SHELL('',(#7546,#7547,#7548,#7549,#7550,#7551));
#7887=CLOSED_SHELL('',(#7552,#7553,#7554,#7555,#7556,#7557));
#7888=CLOSED_SHELL('',(#7558,#7559,#7560,#7561,#7562,#7563));
#7889=CLOSED_SHELL('',(#7564,#7565,#7566,#7567,#7568,#7569));
#7890=CLOSED_SHELL('',(#7570,#7571,#7572,#7573,#7574,#7575));
#7891=CLOSED_SHELL('',(#7576,#7577,#7578,#7579,#7580,#7581));
#7892=CLOSED_SHELL('',(#7582,#7583,#7584,#7585,#7586,#7587));
#7893=CLOSED_SHELL('',(#7588,#7589,#7590,#7591,#7592,#7593));
#7894=CLOSED_SHELL('',(#7594,#7595,#7596,#7597,#7598,#7599));
#7895=CLOSED_SHELL('',(#7600,#7601,#7602,#7603,#7604,#7605));
#7896=CLOSED_SHELL('',(#7606,#7607,#7608,#7609,#7610,#7611));
#7897=CLOSED_SHELL('',(#7612,#7613,#7614,#7615,#7616,#7617));
#7898=CLOSED_SHELL('',(#7618,#7619,#7620,#7621,#7622,#7623));
#7899=CLOSED_SHELL('',(#7624,#7625,#7626,#7627,#7628,#7629));
#7900=CLOSED_SHELL('',(#7630,#7631,#7632,#7633,#7634,#7635));
#7901=CLOSED_SHELL('',(#7636,#7637,#7638,#7639,#7640,#7641));
#7902=CLOSED_SHELL('',(#7642,#7643,#7644,#7645,#7646,#7647));
#7903=CLOSED_SHELL('',(#7648,#7649,#7650,#7651,#7652,#7653));
#7904=CLOSED_SHELL('',(#7654,#7655,#7656,#7657,#7658,#7659));
#7905=CLOSED_SHELL('',(#7660,#7661,#7662,#7663,#7664,#7665));
#7906=CLOSED_SHELL('',(#7666,#7667,#7668,#7669,#7670,#7671));
#7907=CLOSED_SHELL('',(#7672,#7673,#7674,#7675,#7676,#7677));
#7908=CLOSED_SHELL('',(#7678,#7679,#7680,#7681,#7682,#7683));
#7909=CLOSED_SHELL('',(#7684,#7685,#7686,#7687,#7688,#7689));
#7910=CLOSED_SHELL('',(#7690,#7691,#7692,#7693,#7694,#7695));
#7911=CLOSED_SHELL('',(#7696,#7697,#7698,#7699,#7700,#7701));
#7912=CLOSED_SHELL('',(#7702,#7703,#7704,#7705,#7706,#7707));
#7913=CLOSED_SHELL('',(#7708,#7709,#7710,#7711,#7712,#7713));
#7914=CLOSED_SHELL('',(#7714,#7715,#7716,#7717,#7718,#7719));
#7915=CLOSED_SHELL('',(#7720,#7721,#7722,#7723,#7724,#7725));
#7916=CLOSED_SHELL('',(#7726,#7727,#7728,#7729,#7730,#7731));
#7917=CLOSED_SHELL('',(#7732,#7733,#7734,#7735,#7736,#7737));
#7918=CLOSED_SHELL('',(#7738,#7739,#7740,#7741,#7742,#7743));
#7919=CLOSED_SHELL('',(#7744,#7745,#7746,#7747,#7748,#7749));
#7920=CLOSED_SHELL('',(#7750,#7751,#7752,#7753,#7754,#7755));
#7921=CLOSED_SHELL('',(#7756,#7757,#7758,#7759,#7760,#7761));
#7922=CLOSED_SHELL('',(#7762,#7763,#7764,#7765,#7766,#7767));
#7923=CLOSED_SHELL('',(#7768,#7769,#7770,#7771,#7772,#7773));
#7924=CLOSED_SHELL('',(#7774,#7775,#7776,#7777,#7778,#7779));
#7925=CLOSED_SHELL('',(#7780,#7781,#7782,#7783,#7784,#7785));
#7926=CLOSED_SHELL('',(#7786,#7787,#7788,#7789,#7790,#7791));
#7927=CLOSED_SHELL('',(#7792,#7793,#7794,#7795,#7796,#7797));
#7928=CLOSED_SHELL('',(#7798,#7799,#7800,#7801,#7802,#7803));
#7929=CLOSED_SHELL('',(#7804,#7805,#7806,#7807,#7808,#7809));
#7930=CLOSED_SHELL('',(#7810,#7811,#7812,#7813,#7814,#7815));
#7931=CLOSED_SHELL('',(#7816,#7817,#7818,#7819,#7820,#7821));
#7932=CLOSED_SHELL('',(#7822,#7823,#7824,#7825,#7826,#7827));
#7933=CLOSED_SHELL('',(#7828,#7829,#7830,#7831,#7832,#7833));
#7934=CLOSED_SHELL('',(#7834,#7835,#7836,#7837,#7838,#7839));
#7935=CLOSED_SHELL('',(#7840,#7841,#7842,#7843,#7844,#7845));
#7936=CLOSED_SHELL('',(#7846,#7847,#7848,#7849,#7850,#7851));
#7937=CLOSED_SHELL('',(#7852,#7853,#7854,#7855,#7856,#7857));
#7938=CLOSED_SHELL('',(#7858,#7859,#7860,#7861,#7862,#7863));
#7939=CLOSED_SHELL('',(#7864,#7865,#7866,#7867,#7868,#7869));
#7940=CLOSED_SHELL('',(#7870,#7871,#7872,#7873,#7874,#7875));
#7941=DERIVED_UNIT_ELEMENT(#7943,1.);
#7942=DERIVED_UNIT_ELEMENT(#14022,-3.);
#7943=(
MASS_UNIT()
NAMED_UNIT(*)
SI_UNIT(.KILO.,.GRAM.)
);
#7944=DERIVED_UNIT((#7941,#7942));
#7945=MEASURE_REPRESENTATION_ITEM('density measure',
POSITIVE_RATIO_MEASURE(7850.),#7944);
#7946=PROPERTY_DEFINITION_REPRESENTATION(#7951,#7948);
#7947=PROPERTY_DEFINITION_REPRESENTATION(#7952,#7949);
#7948=REPRESENTATION('material name',(#7950),#14019);
#7949=REPRESENTATION('density',(#7945),#14019);
#7950=DESCRIPTIVE_REPRESENTATION_ITEM('Steel','Steel');
#7951=PROPERTY_DEFINITION('material property','material name',#14029);
#7952=PROPERTY_DEFINITION('material property','density of part',#14029);
#7953=AXIS2_PLACEMENT_3D('',#10514,#8506,#8507);
#7954=AXIS2_PLACEMENT_3D('',#10515,#8508,#8509);
#7955=AXIS2_PLACEMENT_3D('',#10532,#8518,#8519);
#7956=AXIS2_PLACEMENT_3D('',#10538,#8523,#8524);
#7957=AXIS2_PLACEMENT_3D('',#10542,#8527,#8528);
#7958=AXIS2_PLACEMENT_3D('',#10551,#8533,#8534);
#7959=AXIS2_PLACEMENT_3D('',#10568,#8543,#8544);
#7960=AXIS2_PLACEMENT_3D('',#10574,#8548,#8549);
#7961=AXIS2_PLACEMENT_3D('',#10578,#8552,#8553);
#7962=AXIS2_PLACEMENT_3D('',#10587,#8558,#8559);
#7963=AXIS2_PLACEMENT_3D('',#10596,#8564,#8565);
#7964=AXIS2_PLACEMENT_3D('',#10602,#8569,#8570);
#7965=AXIS2_PLACEMENT_3D('',#10608,#8574,#8575);
#7966=AXIS2_PLACEMENT_3D('',#10611,#8578,#8579);
#7967=AXIS2_PLACEMENT_3D('',#10620,#8584,#8585);
#7968=AXIS2_PLACEMENT_3D('',#10626,#8589,#8590);
#7969=AXIS2_PLACEMENT_3D('',#10630,#8593,#8594);
#7970=AXIS2_PLACEMENT_3D('',#10634,#8597,#8598);
#7971=AXIS2_PLACEMENT_3D('',#10636,#8600,#8601);
#7972=AXIS2_PLACEMENT_3D('',#10637,#8602,#8603);
#7973=AXIS2_PLACEMENT_3D('',#10641,#8606,#8607);
#7974=AXIS2_PLACEMENT_3D('',#10643,#8609,#8610);
#7975=AXIS2_PLACEMENT_3D('',#10644,#8611,#8612);
#7976=AXIS2_PLACEMENT_3D('',#10650,#8616,#8617);
#7977=AXIS2_PLACEMENT_3D('',#10656,#8621,#8622);
#7978=AXIS2_PLACEMENT_3D('',#10659,#8625,#8626);
#7979=AXIS2_PLACEMENT_3D('',#10660,#8627,#8628);
#7980=AXIS2_PLACEMENT_3D('',#10677,#8638,#8639);
#7981=AXIS2_PLACEMENT_3D('',#10679,#8640,#8641);
#7982=AXIS2_PLACEMENT_3D('',#10681,#8642,#8643);
#7983=AXIS2_PLACEMENT_3D('',#10683,#8644,#8645);
#7984=AXIS2_PLACEMENT_3D('',#10685,#8646,#8647);
#7985=AXIS2_PLACEMENT_3D('',#10687,#8648,#8649);
#7986=AXIS2_PLACEMENT_3D('',#10689,#8650,#8651);
#7987=AXIS2_PLACEMENT_3D('',#10691,#8652,#8653);
#7988=AXIS2_PLACEMENT_3D('',#10693,#8654,#8655);
#7989=AXIS2_PLACEMENT_3D('',#10695,#8656,#8657);
#7990=AXIS2_PLACEMENT_3D('',#10697,#8658,#8659);
#7991=AXIS2_PLACEMENT_3D('',#10699,#8660,#8661);
#7992=AXIS2_PLACEMENT_3D('',#10701,#8662,#8663);
#7993=AXIS2_PLACEMENT_3D('',#10703,#8664,#8665);
#7994=AXIS2_PLACEMENT_3D('',#10705,#8666,#8667);
#7995=AXIS2_PLACEMENT_3D('',#10707,#8668,#8669);
#7996=AXIS2_PLACEMENT_3D('',#10709,#8670,#8671);
#7997=AXIS2_PLACEMENT_3D('',#10711,#8672,#8673);
#7998=AXIS2_PLACEMENT_3D('',#10713,#8674,#8675);
#7999=AXIS2_PLACEMENT_3D('',#10715,#8676,#8677);
#8000=AXIS2_PLACEMENT_3D('',#10717,#8678,#8679);
#8001=AXIS2_PLACEMENT_3D('',#10719,#8680,#8681);
#8002=AXIS2_PLACEMENT_3D('',#10721,#8682,#8683);
#8003=AXIS2_PLACEMENT_3D('',#10723,#8684,#8685);
#8004=AXIS2_PLACEMENT_3D('',#10725,#8686,#8687);
#8005=AXIS2_PLACEMENT_3D('',#10726,#8688,#8689);
#8006=AXIS2_PLACEMENT_3D('',#10730,#8692,#8693);
#8007=AXIS2_PLACEMENT_3D('',#10734,#8696,#8697);
#8008=AXIS2_PLACEMENT_3D('',#10736,#8699,#8700);
#8009=AXIS2_PLACEMENT_3D('',#10737,#8701,#8702);
#8010=AXIS2_PLACEMENT_3D('',#10740,#8704,#8705);
#8011=AXIS2_PLACEMENT_3D('',#10741,#8706,#8707);
#8012=AXIS2_PLACEMENT_3D('',#10744,#8709,#8710);
#8013=AXIS2_PLACEMENT_3D('',#10745,#8711,#8712);
#8014=AXIS2_PLACEMENT_3D('',#10748,#8714,#8715);
#8015=AXIS2_PLACEMENT_3D('',#10749,#8716,#8717);
#8016=AXIS2_PLACEMENT_3D('',#10752,#8719,#8720);
#8017=AXIS2_PLACEMENT_3D('',#10753,#8721,#8722);
#8018=AXIS2_PLACEMENT_3D('',#10756,#8724,#8725);
#8019=AXIS2_PLACEMENT_3D('',#10757,#8726,#8727);
#8020=AXIS2_PLACEMENT_3D('',#10760,#8729,#8730);
#8021=AXIS2_PLACEMENT_3D('',#10761,#8731,#8732);
#8022=AXIS2_PLACEMENT_3D('',#10764,#8734,#8735);
#8023=AXIS2_PLACEMENT_3D('',#10765,#8736,#8737);
#8024=AXIS2_PLACEMENT_3D('',#10768,#8739,#8740);
#8025=AXIS2_PLACEMENT_3D('',#10769,#8741,#8742);
#8026=AXIS2_PLACEMENT_3D('',#10772,#8744,#8745);
#8027=AXIS2_PLACEMENT_3D('',#10773,#8746,#8747);
#8028=AXIS2_PLACEMENT_3D('',#10776,#8749,#8750);
#8029=AXIS2_PLACEMENT_3D('',#10777,#8751,#8752);
#8030=AXIS2_PLACEMENT_3D('',#10780,#8754,#8755);
#8031=AXIS2_PLACEMENT_3D('',#10781,#8756,#8757);
#8032=AXIS2_PLACEMENT_3D('',#10784,#8759,#8760);
#8033=AXIS2_PLACEMENT_3D('',#10785,#8761,#8762);
#8034=AXIS2_PLACEMENT_3D('',#10788,#8764,#8765);
#8035=AXIS2_PLACEMENT_3D('',#10789,#8766,#8767);
#8036=AXIS2_PLACEMENT_3D('',#10792,#8769,#8770);
#8037=AXIS2_PLACEMENT_3D('',#10793,#8771,#8772);
#8038=AXIS2_PLACEMENT_3D('',#10796,#8774,#8775);
#8039=AXIS2_PLACEMENT_3D('',#10797,#8776,#8777);
#8040=AXIS2_PLACEMENT_3D('',#10800,#8779,#8780);
#8041=AXIS2_PLACEMENT_3D('',#10801,#8781,#8782);
#8042=AXIS2_PLACEMENT_3D('',#10804,#8784,#8785);
#8043=AXIS2_PLACEMENT_3D('',#10805,#8786,#8787);
#8044=AXIS2_PLACEMENT_3D('',#10808,#8789,#8790);
#8045=AXIS2_PLACEMENT_3D('',#10809,#8791,#8792);
#8046=AXIS2_PLACEMENT_3D('',#10812,#8794,#8795);
#8047=AXIS2_PLACEMENT_3D('',#10813,#8796,#8797);
#8048=AXIS2_PLACEMENT_3D('',#10816,#8799,#8800);
#8049=AXIS2_PLACEMENT_3D('',#10817,#8801,#8802);
#8050=AXIS2_PLACEMENT_3D('',#10819,#8803,#8804);
#8051=AXIS2_PLACEMENT_3D('',#10821,#8806,#8807);
#8052=AXIS2_PLACEMENT_3D('',#10822,#8808,#8809);
#8053=AXIS2_PLACEMENT_3D('',#10826,#8811,#8812);
#8054=AXIS2_PLACEMENT_3D('',#10827,#8813,#8814);
#8055=AXIS2_PLACEMENT_3D('',#10828,#8815,#8816);
#8056=AXIS2_PLACEMENT_3D('',#10832,#8818,#8819);
#8057=AXIS2_PLACEMENT_3D('',#10834,#8821,#8822);
#8058=AXIS2_PLACEMENT_3D('',#10837,#8824,#8825);
#8059=AXIS2_PLACEMENT_3D('',#10839,#8827,#8828);
#8060=AXIS2_PLACEMENT_3D('',#10841,#8830,#8831);
#8061=AXIS2_PLACEMENT_3D('',#10842,#8832,#8833);
#8062=AXIS2_PLACEMENT_3D('',#10848,#8837,#8838);
#8063=AXIS2_PLACEMENT_3D('',#10852,#8841,#8842);
#8064=AXIS2_PLACEMENT_3D('',#10856,#8845,#8846);
#8065=AXIS2_PLACEMENT_3D('',#10861,#8850,#8851);
#8066=AXIS2_PLACEMENT_3D('',#10863,#8852,#8853);
#8067=AXIS2_PLACEMENT_3D('',#10865,#8854,#8855);
#8068=AXIS2_PLACEMENT_3D('',#10867,#8856,#8857);
#8069=AXIS2_PLACEMENT_3D('',#10868,#8858,#8859);
#8070=AXIS2_PLACEMENT_3D('',#10869,#8860,#8861);
#8071=AXIS2_PLACEMENT_3D('',#10871,#8863,#8864);
#8072=AXIS2_PLACEMENT_3D('',#10872,#8865,#8866);
#8073=AXIS2_PLACEMENT_3D('',#10874,#8868,#8869);
#8074=AXIS2_PLACEMENT_3D('',#10876,#8871,#8872);
#8075=AXIS2_PLACEMENT_3D('',#10878,#8874,#8875);
#8076=AXIS2_PLACEMENT_3D('',#10880,#8877,#8878);
#8077=AXIS2_PLACEMENT_3D('',#10881,#8879,#8880);
#8078=AXIS2_PLACEMENT_3D('',#10882,#8881,#8882);
#8079=AXIS2_PLACEMENT_3D('',#10898,#8884,#8885);
#8080=AXIS2_PLACEMENT_3D('',#10906,#8886,#8887);
#8081=AXIS2_PLACEMENT_3D('',#10954,#8889,#8890);
#8082=AXIS2_PLACEMENT_3D('',#11002,#8892,#8893);
#8083=AXIS2_PLACEMENT_3D('',#11056,#8895,#8896);
#8084=AXIS2_PLACEMENT_3D('',#11104,#8898,#8899);
#8085=AXIS2_PLACEMENT_3D('',#11152,#8901,#8902);
#8086=AXIS2_PLACEMENT_3D('',#11206,#8904,#8905);
#8087=AXIS2_PLACEMENT_3D('',#11254,#8907,#8908);
#8088=AXIS2_PLACEMENT_3D('',#11266,#8910,#8911);
#8089=AXIS2_PLACEMENT_3D('',#11271,#8912,#8913);
#8090=AXIS2_PLACEMENT_3D('',#11296,#8915,#8916);
#8091=AXIS2_PLACEMENT_3D('',#11321,#8918,#8919);
#8092=AXIS2_PLACEMENT_3D('',#11346,#8921,#8922);
#8093=AXIS2_PLACEMENT_3D('',#11370,#8924,#8925);
#8094=AXIS2_PLACEMENT_3D('',#11395,#8927,#8928);
#8095=AXIS2_PLACEMENT_3D('',#11420,#8930,#8931);
#8096=AXIS2_PLACEMENT_3D('',#11444,#8933,#8934);
#8097=AXIS2_PLACEMENT_3D('',#11446,#8935,#8936);
#8098=AXIS2_PLACEMENT_3D('',#11449,#8938,#8939);
#8099=AXIS2_PLACEMENT_3D('',#11450,#8940,#8941);
#8100=AXIS2_PLACEMENT_3D('',#11451,#8942,#8943);
#8101=AXIS2_PLACEMENT_3D('',#11453,#8944,#8945);
#8102=AXIS2_PLACEMENT_3D('',#11456,#8947,#8948);
#8103=AXIS2_PLACEMENT_3D('',#11457,#8949,#8950);
#8104=AXIS2_PLACEMENT_3D('',#11458,#8951,#8952);
#8105=AXIS2_PLACEMENT_3D('',#11461,#8953,#8954);
#8106=AXIS2_PLACEMENT_3D('',#11935,#8955,#8956);
#8107=AXIS2_PLACEMENT_3D('',#11937,#8957,#8958);
#8108=AXIS2_PLACEMENT_3D('',#11964,#8959,#8960);
#8109=AXIS2_PLACEMENT_3D('',#11965,#8961,#8962);
#8110=AXIS2_PLACEMENT_3D('',#12352,#8963,#8964);
#8111=AXIS2_PLACEMENT_3D('',#12354,#8965,#8966);
#8112=AXIS2_PLACEMENT_3D('',#12355,#8967,#8968);
#8113=AXIS2_PLACEMENT_3D('',#12356,#8969,#8970);
#8114=AXIS2_PLACEMENT_3D('',#12358,#8971,#8972);
#8115=AXIS2_PLACEMENT_3D('',#12361,#8974,#8975);
#8116=AXIS2_PLACEMENT_3D('',#12362,#8976,#8977);
#8117=AXIS2_PLACEMENT_3D('',#12363,#8978,#8979);
#8118=AXIS2_PLACEMENT_3D('',#12364,#8980,#8981);
#8119=AXIS2_PLACEMENT_3D('',#12365,#8982,#8983);
#8120=AXIS2_PLACEMENT_3D('',#12366,#8984,#8985);
#8121=AXIS2_PLACEMENT_3D('',#12367,#8986,#8987);
#8122=AXIS2_PLACEMENT_3D('',#12370,#8989,#8990);
#8123=AXIS2_PLACEMENT_3D('',#12371,#8991,#8992);
#8124=AXIS2_PLACEMENT_3D('',#12373,#8993,#8994);
#8125=AXIS2_PLACEMENT_3D('',#12376,#8996,#8997);
#8126=AXIS2_PLACEMENT_3D('',#12377,#8998,#8999);
#8127=AXIS2_PLACEMENT_3D('',#12378,#9000,#9001);
#8128=AXIS2_PLACEMENT_3D('',#12379,#9002,#9003);
#8129=AXIS2_PLACEMENT_3D('',#12388,#9008,#9009);
#8130=AXIS2_PLACEMENT_3D('',#12394,#9013,#9014);
#8131=AXIS2_PLACEMENT_3D('',#12400,#9018,#9019);
#8132=AXIS2_PLACEMENT_3D('',#12403,#9022,#9023);
#8133=AXIS2_PLACEMENT_3D('',#12404,#9024,#9025);
#8134=AXIS2_PLACEMENT_3D('',#12405,#9026,#9027);
#8135=AXIS2_PLACEMENT_3D('',#12414,#9032,#9033);
#8136=AXIS2_PLACEMENT_3D('',#12420,#9037,#9038);
#8137=AXIS2_PLACEMENT_3D('',#12426,#9042,#9043);
#8138=AXIS2_PLACEMENT_3D('',#12429,#9046,#9047);
#8139=AXIS2_PLACEMENT_3D('',#12430,#9048,#9049);
#8140=AXIS2_PLACEMENT_3D('',#12431,#9050,#9051);
#8141=AXIS2_PLACEMENT_3D('',#12440,#9056,#9057);
#8142=AXIS2_PLACEMENT_3D('',#12446,#9061,#9062);
#8143=AXIS2_PLACEMENT_3D('',#12452,#9066,#9067);
#8144=AXIS2_PLACEMENT_3D('',#12455,#9070,#9071);
#8145=AXIS2_PLACEMENT_3D('',#12456,#9072,#9073);
#8146=AXIS2_PLACEMENT_3D('',#12457,#9074,#9075);
#8147=AXIS2_PLACEMENT_3D('',#12466,#9080,#9081);
#8148=AXIS2_PLACEMENT_3D('',#12472,#9085,#9086);
#8149=AXIS2_PLACEMENT_3D('',#12478,#9090,#9091);
#8150=AXIS2_PLACEMENT_3D('',#12481,#9094,#9095);
#8151=AXIS2_PLACEMENT_3D('',#12482,#9096,#9097);
#8152=AXIS2_PLACEMENT_3D('',#12483,#9098,#9099);
#8153=AXIS2_PLACEMENT_3D('',#12492,#9104,#9105);
#8154=AXIS2_PLACEMENT_3D('',#12498,#9109,#9110);
#8155=AXIS2_PLACEMENT_3D('',#12504,#9114,#9115);
#8156=AXIS2_PLACEMENT_3D('',#12507,#9118,#9119);
#8157=AXIS2_PLACEMENT_3D('',#12508,#9120,#9121);
#8158=AXIS2_PLACEMENT_3D('',#12509,#9122,#9123);
#8159=AXIS2_PLACEMENT_3D('',#12518,#9128,#9129);
#8160=AXIS2_PLACEMENT_3D('',#12524,#9133,#9134);
#8161=AXIS2_PLACEMENT_3D('',#12530,#9138,#9139);
#8162=AXIS2_PLACEMENT_3D('',#12533,#9142,#9143);
#8163=AXIS2_PLACEMENT_3D('',#12534,#9144,#9145);
#8164=AXIS2_PLACEMENT_3D('',#12535,#9146,#9147);
#8165=AXIS2_PLACEMENT_3D('',#12544,#9152,#9153);
#8166=AXIS2_PLACEMENT_3D('',#12550,#9157,#9158);
#8167=AXIS2_PLACEMENT_3D('',#12556,#9162,#9163);
#8168=AXIS2_PLACEMENT_3D('',#12559,#9166,#9167);
#8169=AXIS2_PLACEMENT_3D('',#12560,#9168,#9169);
#8170=AXIS2_PLACEMENT_3D('',#12561,#9170,#9171);
#8171=AXIS2_PLACEMENT_3D('',#12570,#9176,#9177);
#8172=AXIS2_PLACEMENT_3D('',#12576,#9181,#9182);
#8173=AXIS2_PLACEMENT_3D('',#12582,#9186,#9187);
#8174=AXIS2_PLACEMENT_3D('',#12585,#9190,#9191);
#8175=AXIS2_PLACEMENT_3D('',#12586,#9192,#9193);
#8176=AXIS2_PLACEMENT_3D('',#12587,#9194,#9195);
#8177=AXIS2_PLACEMENT_3D('',#12596,#9200,#9201);
#8178=AXIS2_PLACEMENT_3D('',#12602,#9205,#9206);
#8179=AXIS2_PLACEMENT_3D('',#12608,#9210,#9211);
#8180=AXIS2_PLACEMENT_3D('',#12611,#9214,#9215);
#8181=AXIS2_PLACEMENT_3D('',#12612,#9216,#9217);
#8182=AXIS2_PLACEMENT_3D('',#12613,#9218,#9219);
#8183=AXIS2_PLACEMENT_3D('',#12622,#9224,#9225);
#8184=AXIS2_PLACEMENT_3D('',#12628,#9229,#9230);
#8185=AXIS2_PLACEMENT_3D('',#12634,#9234,#9235);
#8186=AXIS2_PLACEMENT_3D('',#12637,#9238,#9239);
#8187=AXIS2_PLACEMENT_3D('',#12638,#9240,#9241);
#8188=AXIS2_PLACEMENT_3D('',#12639,#9242,#9243);
#8189=AXIS2_PLACEMENT_3D('',#12648,#9248,#9249);
#8190=AXIS2_PLACEMENT_3D('',#12654,#9253,#9254);
#8191=AXIS2_PLACEMENT_3D('',#12660,#9258,#9259);
#8192=AXIS2_PLACEMENT_3D('',#12663,#9262,#9263);
#8193=AXIS2_PLACEMENT_3D('',#12664,#9264,#9265);
#8194=AXIS2_PLACEMENT_3D('',#12665,#9266,#9267);
#8195=AXIS2_PLACEMENT_3D('',#12674,#9272,#9273);
#8196=AXIS2_PLACEMENT_3D('',#12680,#9277,#9278);
#8197=AXIS2_PLACEMENT_3D('',#12686,#9282,#9283);
#8198=AXIS2_PLACEMENT_3D('',#12689,#9286,#9287);
#8199=AXIS2_PLACEMENT_3D('',#12690,#9288,#9289);
#8200=AXIS2_PLACEMENT_3D('',#12691,#9290,#9291);
#8201=AXIS2_PLACEMENT_3D('',#12700,#9296,#9297);
#8202=AXIS2_PLACEMENT_3D('',#12706,#9301,#9302);
#8203=AXIS2_PLACEMENT_3D('',#12712,#9306,#9307);
#8204=AXIS2_PLACEMENT_3D('',#12715,#9310,#9311);
#8205=AXIS2_PLACEMENT_3D('',#12716,#9312,#9313);
#8206=AXIS2_PLACEMENT_3D('',#12717,#9314,#9315);
#8207=AXIS2_PLACEMENT_3D('',#12726,#9320,#9321);
#8208=AXIS2_PLACEMENT_3D('',#12732,#9325,#9326);
#8209=AXIS2_PLACEMENT_3D('',#12738,#9330,#9331);
#8210=AXIS2_PLACEMENT_3D('',#12741,#9334,#9335);
#8211=AXIS2_PLACEMENT_3D('',#12742,#9336,#9337);
#8212=AXIS2_PLACEMENT_3D('',#12743,#9338,#9339);
#8213=AXIS2_PLACEMENT_3D('',#12752,#9344,#9345);
#8214=AXIS2_PLACEMENT_3D('',#12758,#9349,#9350);
#8215=AXIS2_PLACEMENT_3D('',#12764,#9354,#9355);
#8216=AXIS2_PLACEMENT_3D('',#12767,#9358,#9359);
#8217=AXIS2_PLACEMENT_3D('',#12768,#9360,#9361);
#8218=AXIS2_PLACEMENT_3D('',#12769,#9362,#9363);
#8219=AXIS2_PLACEMENT_3D('',#12778,#9368,#9369);
#8220=AXIS2_PLACEMENT_3D('',#12784,#9373,#9374);
#8221=AXIS2_PLACEMENT_3D('',#12790,#9378,#9379);
#8222=AXIS2_PLACEMENT_3D('',#12793,#9382,#9383);
#8223=AXIS2_PLACEMENT_3D('',#12794,#9384,#9385);
#8224=AXIS2_PLACEMENT_3D('',#12795,#9386,#9387);
#8225=AXIS2_PLACEMENT_3D('',#12804,#9392,#9393);
#8226=AXIS2_PLACEMENT_3D('',#12810,#9397,#9398);
#8227=AXIS2_PLACEMENT_3D('',#12816,#9402,#9403);
#8228=AXIS2_PLACEMENT_3D('',#12819,#9406,#9407);
#8229=AXIS2_PLACEMENT_3D('',#12820,#9408,#9409);
#8230=AXIS2_PLACEMENT_3D('',#12821,#9410,#9411);
#8231=AXIS2_PLACEMENT_3D('',#12830,#9416,#9417);
#8232=AXIS2_PLACEMENT_3D('',#12836,#9421,#9422);
#8233=AXIS2_PLACEMENT_3D('',#12842,#9426,#9427);
#8234=AXIS2_PLACEMENT_3D('',#12845,#9430,#9431);
#8235=AXIS2_PLACEMENT_3D('',#12846,#9432,#9433);
#8236=AXIS2_PLACEMENT_3D('',#12847,#9434,#9435);
#8237=AXIS2_PLACEMENT_3D('',#12856,#9440,#9441);
#8238=AXIS2_PLACEMENT_3D('',#12862,#9445,#9446);
#8239=AXIS2_PLACEMENT_3D('',#12868,#9450,#9451);
#8240=AXIS2_PLACEMENT_3D('',#12871,#9454,#9455);
#8241=AXIS2_PLACEMENT_3D('',#12872,#9456,#9457);
#8242=AXIS2_PLACEMENT_3D('',#12873,#9458,#9459);
#8243=AXIS2_PLACEMENT_3D('',#12882,#9464,#9465);
#8244=AXIS2_PLACEMENT_3D('',#12888,#9469,#9470);
#8245=AXIS2_PLACEMENT_3D('',#12894,#9474,#9475);
#8246=AXIS2_PLACEMENT_3D('',#12897,#9478,#9479);
#8247=AXIS2_PLACEMENT_3D('',#12898,#9480,#9481);
#8248=AXIS2_PLACEMENT_3D('',#12899,#9482,#9483);
#8249=AXIS2_PLACEMENT_3D('',#12908,#9488,#9489);
#8250=AXIS2_PLACEMENT_3D('',#12914,#9493,#9494);
#8251=AXIS2_PLACEMENT_3D('',#12920,#9498,#9499);
#8252=AXIS2_PLACEMENT_3D('',#12923,#9502,#9503);
#8253=AXIS2_PLACEMENT_3D('',#12924,#9504,#9505);
#8254=AXIS2_PLACEMENT_3D('',#12925,#9506,#9507);
#8255=AXIS2_PLACEMENT_3D('',#12934,#9512,#9513);
#8256=AXIS2_PLACEMENT_3D('',#12940,#9517,#9518);
#8257=AXIS2_PLACEMENT_3D('',#12944,#9521,#9522);
#8258=AXIS2_PLACEMENT_3D('',#12948,#9525,#9526);
#8259=AXIS2_PLACEMENT_3D('',#12950,#9528,#9529);
#8260=AXIS2_PLACEMENT_3D('',#12951,#9530,#9531);
#8261=AXIS2_PLACEMENT_3D('',#12960,#9536,#9537);
#8262=AXIS2_PLACEMENT_3D('',#12966,#9541,#9542);
#8263=AXIS2_PLACEMENT_3D('',#12970,#9545,#9546);
#8264=AXIS2_PLACEMENT_3D('',#12974,#9549,#9550);
#8265=AXIS2_PLACEMENT_3D('',#12976,#9552,#9553);
#8266=AXIS2_PLACEMENT_3D('',#12977,#9554,#9555);
#8267=AXIS2_PLACEMENT_3D('',#12986,#9560,#9561);
#8268=AXIS2_PLACEMENT_3D('',#12992,#9565,#9566);
#8269=AXIS2_PLACEMENT_3D('',#12996,#9569,#9570);
#8270=AXIS2_PLACEMENT_3D('',#13000,#9573,#9574);
#8271=AXIS2_PLACEMENT_3D('',#13002,#9576,#9577);
#8272=AXIS2_PLACEMENT_3D('',#13003,#9578,#9579);
#8273=AXIS2_PLACEMENT_3D('',#13012,#9584,#9585);
#8274=AXIS2_PLACEMENT_3D('',#13018,#9589,#9590);
#8275=AXIS2_PLACEMENT_3D('',#13022,#9593,#9594);
#8276=AXIS2_PLACEMENT_3D('',#13026,#9597,#9598);
#8277=AXIS2_PLACEMENT_3D('',#13028,#9600,#9601);
#8278=AXIS2_PLACEMENT_3D('',#13029,#9602,#9603);
#8279=AXIS2_PLACEMENT_3D('',#13038,#9608,#9609);
#8280=AXIS2_PLACEMENT_3D('',#13044,#9613,#9614);
#8281=AXIS2_PLACEMENT_3D('',#13048,#9617,#9618);
#8282=AXIS2_PLACEMENT_3D('',#13052,#9621,#9622);
#8283=AXIS2_PLACEMENT_3D('',#13054,#9624,#9625);
#8284=AXIS2_PLACEMENT_3D('',#13055,#9626,#9627);
#8285=AXIS2_PLACEMENT_3D('',#13064,#9632,#9633);
#8286=AXIS2_PLACEMENT_3D('',#13070,#9637,#9638);
#8287=AXIS2_PLACEMENT_3D('',#13074,#9641,#9642);
#8288=AXIS2_PLACEMENT_3D('',#13078,#9645,#9646);
#8289=AXIS2_PLACEMENT_3D('',#13080,#9648,#9649);
#8290=AXIS2_PLACEMENT_3D('',#13081,#9650,#9651);
#8291=AXIS2_PLACEMENT_3D('',#13090,#9656,#9657);
#8292=AXIS2_PLACEMENT_3D('',#13096,#9661,#9662);
#8293=AXIS2_PLACEMENT_3D('',#13100,#9665,#9666);
#8294=AXIS2_PLACEMENT_3D('',#13104,#9669,#9670);
#8295=AXIS2_PLACEMENT_3D('',#13106,#9672,#9673);
#8296=AXIS2_PLACEMENT_3D('',#13107,#9674,#9675);
#8297=AXIS2_PLACEMENT_3D('',#13116,#9680,#9681);
#8298=AXIS2_PLACEMENT_3D('',#13122,#9685,#9686);
#8299=AXIS2_PLACEMENT_3D('',#13126,#9689,#9690);
#8300=AXIS2_PLACEMENT_3D('',#13130,#9693,#9694);
#8301=AXIS2_PLACEMENT_3D('',#13132,#9696,#9697);
#8302=AXIS2_PLACEMENT_3D('',#13133,#9698,#9699);
#8303=AXIS2_PLACEMENT_3D('',#13142,#9704,#9705);
#8304=AXIS2_PLACEMENT_3D('',#13148,#9709,#9710);
#8305=AXIS2_PLACEMENT_3D('',#13152,#9713,#9714);
#8306=AXIS2_PLACEMENT_3D('',#13156,#9717,#9718);
#8307=AXIS2_PLACEMENT_3D('',#13158,#9720,#9721);
#8308=AXIS2_PLACEMENT_3D('',#13159,#9722,#9723);
#8309=AXIS2_PLACEMENT_3D('',#13168,#9728,#9729);
#8310=AXIS2_PLACEMENT_3D('',#13174,#9733,#9734);
#8311=AXIS2_PLACEMENT_3D('',#13178,#9737,#9738);
#8312=AXIS2_PLACEMENT_3D('',#13182,#9741,#9742);
#8313=AXIS2_PLACEMENT_3D('',#13184,#9744,#9745);
#8314=AXIS2_PLACEMENT_3D('',#13185,#9746,#9747);
#8315=AXIS2_PLACEMENT_3D('',#13194,#9752,#9753);
#8316=AXIS2_PLACEMENT_3D('',#13200,#9757,#9758);
#8317=AXIS2_PLACEMENT_3D('',#13204,#9761,#9762);
#8318=AXIS2_PLACEMENT_3D('',#13208,#9765,#9766);
#8319=AXIS2_PLACEMENT_3D('',#13210,#9768,#9769);
#8320=AXIS2_PLACEMENT_3D('',#13211,#9770,#9771);
#8321=AXIS2_PLACEMENT_3D('',#13220,#9776,#9777);
#8322=AXIS2_PLACEMENT_3D('',#13226,#9781,#9782);
#8323=AXIS2_PLACEMENT_3D('',#13230,#9785,#9786);
#8324=AXIS2_PLACEMENT_3D('',#13234,#9789,#9790);
#8325=AXIS2_PLACEMENT_3D('',#13236,#9792,#9793);
#8326=AXIS2_PLACEMENT_3D('',#13237,#9794,#9795);
#8327=AXIS2_PLACEMENT_3D('',#13246,#9800,#9801);
#8328=AXIS2_PLACEMENT_3D('',#13252,#9805,#9806);
#8329=AXIS2_PLACEMENT_3D('',#13256,#9809,#9810);
#8330=AXIS2_PLACEMENT_3D('',#13260,#9813,#9814);
#8331=AXIS2_PLACEMENT_3D('',#13262,#9816,#9817);
#8332=AXIS2_PLACEMENT_3D('',#13263,#9818,#9819);
#8333=AXIS2_PLACEMENT_3D('',#13272,#9824,#9825);
#8334=AXIS2_PLACEMENT_3D('',#13278,#9829,#9830);
#8335=AXIS2_PLACEMENT_3D('',#13282,#9833,#9834);
#8336=AXIS2_PLACEMENT_3D('',#13286,#9837,#9838);
#8337=AXIS2_PLACEMENT_3D('',#13288,#9840,#9841);
#8338=AXIS2_PLACEMENT_3D('',#13289,#9842,#9843);
#8339=AXIS2_PLACEMENT_3D('',#13298,#9848,#9849);
#8340=AXIS2_PLACEMENT_3D('',#13304,#9853,#9854);
#8341=AXIS2_PLACEMENT_3D('',#13308,#9857,#9858);
#8342=AXIS2_PLACEMENT_3D('',#13312,#9861,#9862);
#8343=AXIS2_PLACEMENT_3D('',#13314,#9864,#9865);
#8344=AXIS2_PLACEMENT_3D('',#13315,#9866,#9867);
#8345=AXIS2_PLACEMENT_3D('',#13324,#9872,#9873);
#8346=AXIS2_PLACEMENT_3D('',#13330,#9877,#9878);
#8347=AXIS2_PLACEMENT_3D('',#13334,#9881,#9882);
#8348=AXIS2_PLACEMENT_3D('',#13338,#9885,#9886);
#8349=AXIS2_PLACEMENT_3D('',#13340,#9888,#9889);
#8350=AXIS2_PLACEMENT_3D('',#13341,#9890,#9891);
#8351=AXIS2_PLACEMENT_3D('',#13350,#9896,#9897);
#8352=AXIS2_PLACEMENT_3D('',#13356,#9901,#9902);
#8353=AXIS2_PLACEMENT_3D('',#13360,#9905,#9906);
#8354=AXIS2_PLACEMENT_3D('',#13364,#9909,#9910);
#8355=AXIS2_PLACEMENT_3D('',#13366,#9912,#9913);
#8356=AXIS2_PLACEMENT_3D('',#13367,#9914,#9915);
#8357=AXIS2_PLACEMENT_3D('',#13376,#9920,#9921);
#8358=AXIS2_PLACEMENT_3D('',#13382,#9925,#9926);
#8359=AXIS2_PLACEMENT_3D('',#13386,#9929,#9930);
#8360=AXIS2_PLACEMENT_3D('',#13390,#9933,#9934);
#8361=AXIS2_PLACEMENT_3D('',#13392,#9936,#9937);
#8362=AXIS2_PLACEMENT_3D('',#13393,#9938,#9939);
#8363=AXIS2_PLACEMENT_3D('',#13402,#9944,#9945);
#8364=AXIS2_PLACEMENT_3D('',#13408,#9949,#9950);
#8365=AXIS2_PLACEMENT_3D('',#13412,#9953,#9954);
#8366=AXIS2_PLACEMENT_3D('',#13416,#9957,#9958);
#8367=AXIS2_PLACEMENT_3D('',#13418,#9960,#9961);
#8368=AXIS2_PLACEMENT_3D('',#13419,#9962,#9963);
#8369=AXIS2_PLACEMENT_3D('',#13428,#9968,#9969);
#8370=AXIS2_PLACEMENT_3D('',#13434,#9973,#9974);
#8371=AXIS2_PLACEMENT_3D('',#13438,#9977,#9978);
#8372=AXIS2_PLACEMENT_3D('',#13442,#9981,#9982);
#8373=AXIS2_PLACEMENT_3D('',#13444,#9984,#9985);
#8374=AXIS2_PLACEMENT_3D('',#13445,#9986,#9987);
#8375=AXIS2_PLACEMENT_3D('',#13454,#9992,#9993);
#8376=AXIS2_PLACEMENT_3D('',#13460,#9997,#9998);
#8377=AXIS2_PLACEMENT_3D('',#13464,#10001,#10002);
#8378=AXIS2_PLACEMENT_3D('',#13468,#10005,#10006);
#8379=AXIS2_PLACEMENT_3D('',#13470,#10008,#10009);
#8380=AXIS2_PLACEMENT_3D('',#13471,#10010,#10011);
#8381=AXIS2_PLACEMENT_3D('',#13480,#10016,#10017);
#8382=AXIS2_PLACEMENT_3D('',#13486,#10021,#10022);
#8383=AXIS2_PLACEMENT_3D('',#13490,#10025,#10026);
#8384=AXIS2_PLACEMENT_3D('',#13494,#10029,#10030);
#8385=AXIS2_PLACEMENT_3D('',#13496,#10032,#10033);
#8386=AXIS2_PLACEMENT_3D('',#13497,#10034,#10035);
#8387=AXIS2_PLACEMENT_3D('',#13506,#10040,#10041);
#8388=AXIS2_PLACEMENT_3D('',#13512,#10045,#10046);
#8389=AXIS2_PLACEMENT_3D('',#13516,#10049,#10050);
#8390=AXIS2_PLACEMENT_3D('',#13520,#10053,#10054);
#8391=AXIS2_PLACEMENT_3D('',#13522,#10056,#10057);
#8392=AXIS2_PLACEMENT_3D('',#13523,#10058,#10059);
#8393=AXIS2_PLACEMENT_3D('',#13532,#10064,#10065);
#8394=AXIS2_PLACEMENT_3D('',#13538,#10069,#10070);
#8395=AXIS2_PLACEMENT_3D('',#13542,#10073,#10074);
#8396=AXIS2_PLACEMENT_3D('',#13546,#10077,#10078);
#8397=AXIS2_PLACEMENT_3D('',#13548,#10080,#10081);
#8398=AXIS2_PLACEMENT_3D('',#13549,#10082,#10083);
#8399=AXIS2_PLACEMENT_3D('',#13558,#10088,#10089);
#8400=AXIS2_PLACEMENT_3D('',#13564,#10093,#10094);
#8401=AXIS2_PLACEMENT_3D('',#13568,#10097,#10098);
#8402=AXIS2_PLACEMENT_3D('',#13572,#10101,#10102);
#8403=AXIS2_PLACEMENT_3D('',#13574,#10104,#10105);
#8404=AXIS2_PLACEMENT_3D('',#13575,#10106,#10107);
#8405=AXIS2_PLACEMENT_3D('',#13584,#10112,#10113);
#8406=AXIS2_PLACEMENT_3D('',#13590,#10117,#10118);
#8407=AXIS2_PLACEMENT_3D('',#13594,#10121,#10122);
#8408=AXIS2_PLACEMENT_3D('',#13598,#10125,#10126);
#8409=AXIS2_PLACEMENT_3D('',#13600,#10128,#10129);
#8410=AXIS2_PLACEMENT_3D('',#13601,#10130,#10131);
#8411=AXIS2_PLACEMENT_3D('',#13610,#10136,#10137);
#8412=AXIS2_PLACEMENT_3D('',#13616,#10141,#10142);
#8413=AXIS2_PLACEMENT_3D('',#13620,#10145,#10146);
#8414=AXIS2_PLACEMENT_3D('',#13624,#10149,#10150);
#8415=AXIS2_PLACEMENT_3D('',#13626,#10152,#10153);
#8416=AXIS2_PLACEMENT_3D('',#13627,#10154,#10155);
#8417=AXIS2_PLACEMENT_3D('',#13636,#10160,#10161);
#8418=AXIS2_PLACEMENT_3D('',#13642,#10165,#10166);
#8419=AXIS2_PLACEMENT_3D('',#13646,#10169,#10170);
#8420=AXIS2_PLACEMENT_3D('',#13650,#10173,#10174);
#8421=AXIS2_PLACEMENT_3D('',#13652,#10176,#10177);
#8422=AXIS2_PLACEMENT_3D('',#13653,#10178,#10179);
#8423=AXIS2_PLACEMENT_3D('',#13662,#10184,#10185);
#8424=AXIS2_PLACEMENT_3D('',#13668,#10189,#10190);
#8425=AXIS2_PLACEMENT_3D('',#13672,#10193,#10194);
#8426=AXIS2_PLACEMENT_3D('',#13676,#10197,#10198);
#8427=AXIS2_PLACEMENT_3D('',#13678,#10200,#10201);
#8428=AXIS2_PLACEMENT_3D('',#13679,#10202,#10203);
#8429=AXIS2_PLACEMENT_3D('',#13688,#10208,#10209);
#8430=AXIS2_PLACEMENT_3D('',#13694,#10213,#10214);
#8431=AXIS2_PLACEMENT_3D('',#13698,#10217,#10218);
#8432=AXIS2_PLACEMENT_3D('',#13702,#10221,#10222);
#8433=AXIS2_PLACEMENT_3D('',#13704,#10224,#10225);
#8434=AXIS2_PLACEMENT_3D('',#13705,#10226,#10227);
#8435=AXIS2_PLACEMENT_3D('',#13714,#10232,#10233);
#8436=AXIS2_PLACEMENT_3D('',#13720,#10237,#10238);
#8437=AXIS2_PLACEMENT_3D('',#13724,#10241,#10242);
#8438=AXIS2_PLACEMENT_3D('',#13728,#10245,#10246);
#8439=AXIS2_PLACEMENT_3D('',#13730,#10248,#10249);
#8440=AXIS2_PLACEMENT_3D('',#13731,#10250,#10251);
#8441=AXIS2_PLACEMENT_3D('',#13740,#10256,#10257);
#8442=AXIS2_PLACEMENT_3D('',#13746,#10261,#10262);
#8443=AXIS2_PLACEMENT_3D('',#13750,#10265,#10266);
#8444=AXIS2_PLACEMENT_3D('',#13754,#10269,#10270);
#8445=AXIS2_PLACEMENT_3D('',#13756,#10272,#10273);
#8446=AXIS2_PLACEMENT_3D('',#13757,#10274,#10275);
#8447=AXIS2_PLACEMENT_3D('',#13766,#10280,#10281);
#8448=AXIS2_PLACEMENT_3D('',#13772,#10285,#10286);
#8449=AXIS2_PLACEMENT_3D('',#13776,#10289,#10290);
#8450=AXIS2_PLACEMENT_3D('',#13780,#10293,#10294);
#8451=AXIS2_PLACEMENT_3D('',#13782,#10296,#10297);
#8452=AXIS2_PLACEMENT_3D('',#13783,#10298,#10299);
#8453=AXIS2_PLACEMENT_3D('',#13792,#10304,#10305);
#8454=AXIS2_PLACEMENT_3D('',#13798,#10309,#10310);
#8455=AXIS2_PLACEMENT_3D('',#13802,#10313,#10314);
#8456=AXIS2_PLACEMENT_3D('',#13806,#10317,#10318);
#8457=AXIS2_PLACEMENT_3D('',#13808,#10320,#10321);
#8458=AXIS2_PLACEMENT_3D('',#13809,#10322,#10323);
#8459=AXIS2_PLACEMENT_3D('',#13818,#10328,#10329);
#8460=AXIS2_PLACEMENT_3D('',#13824,#10333,#10334);
#8461=AXIS2_PLACEMENT_3D('',#13828,#10337,#10338);
#8462=AXIS2_PLACEMENT_3D('',#13832,#10341,#10342);
#8463=AXIS2_PLACEMENT_3D('',#13834,#10344,#10345);
#8464=AXIS2_PLACEMENT_3D('',#13835,#10346,#10347);
#8465=AXIS2_PLACEMENT_3D('',#13844,#10352,#10353);
#8466=AXIS2_PLACEMENT_3D('',#13850,#10357,#10358);
#8467=AXIS2_PLACEMENT_3D('',#13854,#10361,#10362);
#8468=AXIS2_PLACEMENT_3D('',#13858,#10365,#10366);
#8469=AXIS2_PLACEMENT_3D('',#13860,#10368,#10369);
#8470=AXIS2_PLACEMENT_3D('',#13861,#10370,#10371);
#8471=AXIS2_PLACEMENT_3D('',#13870,#10376,#10377);
#8472=AXIS2_PLACEMENT_3D('',#13876,#10381,#10382);
#8473=AXIS2_PLACEMENT_3D('',#13880,#10385,#10386);
#8474=AXIS2_PLACEMENT_3D('',#13884,#10389,#10390);
#8475=AXIS2_PLACEMENT_3D('',#13886,#10392,#10393);
#8476=AXIS2_PLACEMENT_3D('',#13887,#10394,#10395);
#8477=AXIS2_PLACEMENT_3D('',#13896,#10400,#10401);
#8478=AXIS2_PLACEMENT_3D('',#13902,#10405,#10406);
#8479=AXIS2_PLACEMENT_3D('',#13906,#10409,#10410);
#8480=AXIS2_PLACEMENT_3D('',#13910,#10413,#10414);
#8481=AXIS2_PLACEMENT_3D('',#13912,#10416,#10417);
#8482=AXIS2_PLACEMENT_3D('',#13913,#10418,#10419);
#8483=AXIS2_PLACEMENT_3D('',#13922,#10424,#10425);
#8484=AXIS2_PLACEMENT_3D('',#13928,#10429,#10430);
#8485=AXIS2_PLACEMENT_3D('',#13932,#10433,#10434);
#8486=AXIS2_PLACEMENT_3D('',#13936,#10437,#10438);
#8487=AXIS2_PLACEMENT_3D('',#13938,#10440,#10441);
#8488=AXIS2_PLACEMENT_3D('',#13939,#10442,#10443);
#8489=AXIS2_PLACEMENT_3D('',#13948,#10448,#10449);
#8490=AXIS2_PLACEMENT_3D('',#13954,#10453,#10454);
#8491=AXIS2_PLACEMENT_3D('',#13958,#10457,#10458);
#8492=AXIS2_PLACEMENT_3D('',#13962,#10461,#10462);
#8493=AXIS2_PLACEMENT_3D('',#13964,#10464,#10465);
#8494=AXIS2_PLACEMENT_3D('',#13965,#10466,#10467);
#8495=AXIS2_PLACEMENT_3D('',#13974,#10472,#10473);
#8496=AXIS2_PLACEMENT_3D('',#13980,#10477,#10478);
#8497=AXIS2_PLACEMENT_3D('',#13984,#10481,#10482);
#8498=AXIS2_PLACEMENT_3D('',#13988,#10485,#10486);
#8499=AXIS2_PLACEMENT_3D('',#13990,#10488,#10489);
#8500=AXIS2_PLACEMENT_3D('',#13991,#10490,#10491);
#8501=AXIS2_PLACEMENT_3D('',#14000,#10496,#10497);
#8502=AXIS2_PLACEMENT_3D('',#14006,#10501,#10502);
#8503=AXIS2_PLACEMENT_3D('',#14010,#10505,#10506);
#8504=AXIS2_PLACEMENT_3D('',#14014,#10509,#10510);
#8505=AXIS2_PLACEMENT_3D('',#14016,#10512,#10513);
#8506=DIRECTION('axis',(0.,0.,1.));
#8507=DIRECTION('refdir',(1.,0.,0.));
#8508=DIRECTION('center_axis',(0.,0.,1.));
#8509=DIRECTION('ref_axis',(1.,0.,0.));
#8510=DIRECTION('',(1.,0.,0.));
#8511=DIRECTION('',(0.,-1.,0.));
#8512=DIRECTION('',(-1.,0.,0.));
#8513=DIRECTION('',(0.,1.,0.));
#8514=DIRECTION('',(-1.,0.,0.));
#8515=DIRECTION('',(0.,-1.,0.));
#8516=DIRECTION('',(1.,0.,0.));
#8517=DIRECTION('',(0.,1.,0.));
#8518=DIRECTION('center_axis',(1.,0.,0.));
#8519=DIRECTION('ref_axis',(0.,1.,0.));
#8520=DIRECTION('',(0.,0.,1.));
#8521=DIRECTION('',(0.,1.,0.));
#8522=DIRECTION('',(0.,0.,1.));
#8523=DIRECTION('center_axis',(0.,-1.,0.));
#8524=DIRECTION('ref_axis',(1.,0.,0.));
#8525=DIRECTION('',(0.,0.,1.));
#8526=DIRECTION('',(1.,0.,0.));
#8527=DIRECTION('center_axis',(0.,0.,-1.));
#8528=DIRECTION('ref_axis',(-1.,0.,0.));
#8529=DIRECTION('',(-1.,0.,0.));
#8530=DIRECTION('',(0.,1.,0.));
#8531=DIRECTION('',(1.,0.,0.));
#8532=DIRECTION('',(0.,1.,0.));
#8533=DIRECTION('center_axis',(0.,0.,-1.));
#8534=DIRECTION('ref_axis',(-1.,0.,0.));
#8535=DIRECTION('',(-1.,0.,0.));
#8536=DIRECTION('',(0.,-1.,0.));
#8537=DIRECTION('',(1.,0.,0.));
#8538=DIRECTION('',(0.,1.,0.));
#8539=DIRECTION('',(1.,0.,0.));
#8540=DIRECTION('',(0.,-1.,0.));
#8541=DIRECTION('',(-1.,0.,0.));
#8542=DIRECTION('',(0.,1.,0.));
#8543=DIRECTION('center_axis',(-1.,0.,0.));
#8544=DIRECTION('ref_axis',(0.,1.,0.));
#8545=DIRECTION('',(0.,0.,-1.));
#8546=DIRECTION('',(0.,1.,0.));
#8547=DIRECTION('',(0.,0.,-1.));
#8548=DIRECTION('center_axis',(0.,-1.,0.));
#8549=DIRECTION('ref_axis',(-1.,0.,0.));
#8550=DIRECTION('',(0.,0.,-1.));
#8551=DIRECTION('',(-1.,0.,0.));
#8552=DIRECTION('center_axis',(0.,0.,1.));
#8553=DIRECTION('ref_axis',(1.,0.,0.));
#8554=DIRECTION('',(1.,0.,0.));
#8555=DIRECTION('',(0.,1.,0.));
#8556=DIRECTION('',(-1.,0.,0.));
#8557=DIRECTION('',(0.,1.,0.));
#8558=DIRECTION('center_axis',(-1.,0.,0.));
#8559=DIRECTION('ref_axis',(0.,0.,1.));
#8560=DIRECTION('',(0.,0.,-1.));
#8561=DIRECTION('',(0.,1.,0.));
#8562=DIRECTION('',(0.,0.,1.));
#8563=DIRECTION('',(0.,1.,0.));
#8564=DIRECTION('center_axis',(0.,0.,-1.));
#8565=DIRECTION('ref_axis',(-1.,0.,0.));
#8566=DIRECTION('',(1.,0.,0.));
#8567=DIRECTION('',(-1.,0.,0.));
#8568=DIRECTION('',(0.,1.,0.));
#8569=DIRECTION('center_axis',(1.,0.,0.));
#8570=DIRECTION('ref_axis',(0.,0.,-1.));
#8571=DIRECTION('',(0.,0.,1.));
#8572=DIRECTION('',(0.,0.,-1.));
#8573=DIRECTION('',(0.,1.,0.));
#8574=DIRECTION('center_axis',(0.,0.,1.));
#8575=DIRECTION('ref_axis',(1.,0.,0.));
#8576=DIRECTION('',(-1.,0.,0.));
#8577=DIRECTION('',(1.,0.,0.));
#8578=DIRECTION('center_axis',(0.,1.,0.));
#8579=DIRECTION('ref_axis',(0.,0.,1.));
#8580=DIRECTION('',(-1.,0.,0.));
#8581=DIRECTION('',(9.86864910777916E-16,0.,-1.));
#8582=DIRECTION('',(1.,0.,1.1686558153949E-15));
#8583=DIRECTION('',(0.,0.,1.));
#8584=DIRECTION('center_axis',(0.,0.,-1.));
#8585=DIRECTION('ref_axis',(-1.,0.,0.));
#8586=DIRECTION('',(0.,1.,0.));
#8587=DIRECTION('',(-1.,0.,0.));
#8588=DIRECTION('',(0.,1.,0.));
#8589=DIRECTION('center_axis',(-1.,0.,0.));
#8590=DIRECTION('ref_axis',(0.,0.,1.));
#8591=DIRECTION('',(0.,1.,0.));
#8592=DIRECTION('',(0.,0.,1.));
#8593=DIRECTION('center_axis',(-1.,0.,0.));
#8594=DIRECTION('ref_axis',(0.,-1.,0.));
#8595=DIRECTION('',(0.,0.,1.));
#8596=DIRECTION('',(0.,-1.,0.));
#8597=DIRECTION('center_axis',(0.,1.,0.));
#8598=DIRECTION('ref_axis',(-1.,0.,0.));
#8599=DIRECTION('',(-1.,0.,0.));
#8600=DIRECTION('center_axis',(0.,0.,1.));
#8601=DIRECTION('ref_axis',(1.,0.,0.));
#8602=DIRECTION('center_axis',(1.,0.,0.));
#8603=DIRECTION('ref_axis',(0.,-1.,0.));
#8604=DIRECTION('',(0.,0.,-1.));
#8605=DIRECTION('',(0.,-1.,0.));
#8606=DIRECTION('center_axis',(0.,1.,0.));
#8607=DIRECTION('ref_axis',(1.,0.,0.));
#8608=DIRECTION('',(1.,0.,0.));
#8609=DIRECTION('center_axis',(0.,0.,-1.));
#8610=DIRECTION('ref_axis',(-1.,0.,0.));
#8611=DIRECTION('center_axis',(1.,0.,0.));
#8612=DIRECTION('ref_axis',(0.,0.,-1.));
#8613=DIRECTION('',(0.,0.,1.));
#8614=DIRECTION('',(0.,1.,0.));
#8615=DIRECTION('',(0.,0.,-1.));
#8616=DIRECTION('center_axis',(-1.,0.,0.));
#8617=DIRECTION('ref_axis',(0.,0.,1.));
#8618=DIRECTION('',(0.,0.,1.));
#8619=DIRECTION('',(0.,1.,0.));
#8620=DIRECTION('',(0.,0.,-1.));
#8621=DIRECTION('center_axis',(0.,0.,-1.));
#8622=DIRECTION('ref_axis',(-1.,0.,0.));
#8623=DIRECTION('',(1.,0.,0.));
#8624=DIRECTION('',(-1.,0.,0.));
#8625=DIRECTION('center_axis',(0.,1.,0.));
#8626=DIRECTION('ref_axis',(0.,0.,1.));
#8627=DIRECTION('center_axis',(0.,1.,0.));
#8628=DIRECTION('ref_axis',(1.,0.,0.));
#8629=DIRECTION('',(7.58240135585526E-34,0.,1.));
#8630=DIRECTION('',(0.,0.,-1.));
#8631=DIRECTION('',(-1.,0.,0.));
#8632=DIRECTION('',(0.,0.,-1.));
#8633=DIRECTION('',(1.,0.,0.));
#8634=DIRECTION('',(0.,0.,-1.));
#8635=DIRECTION('',(0.,0.,1.));
#8636=DIRECTION('',(-1.,0.,0.));
#8637=DIRECTION('',(0.,0.,-1.));
#8638=DIRECTION('center_axis',(0.,-1.,0.));
#8639=DIRECTION('ref_axis',(-1.,0.,0.));
#8640=DIRECTION('center_axis',(0.,-1.,0.));
#8641=DIRECTION('ref_axis',(-1.,0.,0.));
#8642=DIRECTION('center_axis',(0.,-1.,0.));
#8643=DIRECTION('ref_axis',(-1.,0.,0.));
#8644=DIRECTION('center_axis',(0.,-1.,0.));
#8645=DIRECTION('ref_axis',(-1.,0.,0.));
#8646=DIRECTION('center_axis',(0.,-1.,0.));
#8647=DIRECTION('ref_axis',(-1.,0.,0.));
#8648=DIRECTION('center_axis',(0.,-1.,0.));
#8649=DIRECTION('ref_axis',(-1.,0.,0.));
#8650=DIRECTION('center_axis',(0.,-1.,0.));
#8651=DIRECTION('ref_axis',(-1.,0.,0.));
#8652=DIRECTION('center_axis',(0.,-1.,0.));
#8653=DIRECTION('ref_axis',(-1.,0.,0.));
#8654=DIRECTION('center_axis',(0.,-1.,0.));
#8655=DIRECTION('ref_axis',(-1.,0.,0.));
#8656=DIRECTION('center_axis',(0.,-1.,0.));
#8657=DIRECTION('ref_axis',(-1.,0.,0.));
#8658=DIRECTION('center_axis',(0.,-1.,0.));
#8659=DIRECTION('ref_axis',(-1.,0.,0.));
#8660=DIRECTION('center_axis',(0.,-1.,0.));
#8661=DIRECTION('ref_axis',(-1.,0.,0.));
#8662=DIRECTION('center_axis',(0.,-1.,0.));
#8663=DIRECTION('ref_axis',(-1.,0.,0.));
#8664=DIRECTION('center_axis',(0.,-1.,0.));
#8665=DIRECTION('ref_axis',(-1.,0.,0.));
#8666=DIRECTION('center_axis',(0.,-1.,0.));
#8667=DIRECTION('ref_axis',(-1.,0.,0.));
#8668=DIRECTION('center_axis',(0.,-1.,0.));
#8669=DIRECTION('ref_axis',(-1.,0.,0.));
#8670=DIRECTION('center_axis',(0.,-1.,0.));
#8671=DIRECTION('ref_axis',(-1.,0.,0.));
#8672=DIRECTION('center_axis',(0.,-1.,0.));
#8673=DIRECTION('ref_axis',(-1.,0.,0.));
#8674=DIRECTION('center_axis',(0.,-1.,0.));
#8675=DIRECTION('ref_axis',(-1.,0.,0.));
#8676=DIRECTION('center_axis',(0.,-1.,0.));
#8677=DIRECTION('ref_axis',(-1.,0.,0.));
#8678=DIRECTION('center_axis',(0.,-1.,0.));
#8679=DIRECTION('ref_axis',(-1.,0.,0.));
#8680=DIRECTION('center_axis',(0.,-1.,0.));
#8681=DIRECTION('ref_axis',(1.,0.,0.));
#8682=DIRECTION('center_axis',(0.,-1.,0.));
#8683=DIRECTION('ref_axis',(1.,0.,0.));
#8684=DIRECTION('center_axis',(0.,-1.,0.));
#8685=DIRECTION('ref_axis',(1.,0.,0.));
#8686=DIRECTION('center_axis',(0.,-1.,0.));
#8687=DIRECTION('ref_axis',(1.,0.,0.));
#8688=DIRECTION('center_axis',(-1.,0.,0.));
#8689=DIRECTION('ref_axis',(0.,0.,1.));
#8690=DIRECTION('',(0.,1.,0.));
#8691=DIRECTION('',(0.,0.,1.));
#8692=DIRECTION('center_axis',(1.,0.,0.));
#8693=DIRECTION('ref_axis',(0.,0.,-1.));
#8694=DIRECTION('',(0.,0.,-1.));
#8695=DIRECTION('',(0.,1.,0.));
#8696=DIRECTION('center_axis',(0.,0.,1.));
#8697=DIRECTION('ref_axis',(1.,0.,0.));
#8698=DIRECTION('',(1.,0.,0.));
#8699=DIRECTION('center_axis',(0.,1.,0.));
#8700=DIRECTION('ref_axis',(0.,0.,1.));
#8701=DIRECTION('center_axis',(0.,-1.,0.));
#8702=DIRECTION('ref_axis',(-1.,0.,0.));
#8703=DIRECTION('',(0.,-1.,0.));
#8704=DIRECTION('center_axis',(0.,1.,0.));
#8705=DIRECTION('ref_axis',(-1.,0.,0.));
#8706=DIRECTION('center_axis',(0.,-1.,0.));
#8707=DIRECTION('ref_axis',(-1.,0.,0.));
#8708=DIRECTION('',(0.,-1.,0.));
#8709=DIRECTION('center_axis',(0.,1.,0.));
#8710=DIRECTION('ref_axis',(-1.,0.,0.));
#8711=DIRECTION('center_axis',(0.,-1.,0.));
#8712=DIRECTION('ref_axis',(-1.,0.,0.));
#8713=DIRECTION('',(0.,-1.,0.));
#8714=DIRECTION('center_axis',(0.,1.,0.));
#8715=DIRECTION('ref_axis',(-1.,0.,0.));
#8716=DIRECTION('center_axis',(0.,-1.,0.));
#8717=DIRECTION('ref_axis',(-1.,0.,0.));
#8718=DIRECTION('',(0.,-1.,0.));
#8719=DIRECTION('center_axis',(0.,1.,0.));
#8720=DIRECTION('ref_axis',(-1.,0.,0.));
#8721=DIRECTION('center_axis',(0.,-1.,0.));
#8722=DIRECTION('ref_axis',(-1.,0.,0.));
#8723=DIRECTION('',(0.,-1.,0.));
#8724=DIRECTION('center_axis',(0.,1.,0.));
#8725=DIRECTION('ref_axis',(-1.,0.,0.));
#8726=DIRECTION('center_axis',(0.,-1.,0.));
#8727=DIRECTION('ref_axis',(-1.,0.,0.));
#8728=DIRECTION('',(0.,-1.,0.));
#8729=DIRECTION('center_axis',(0.,1.,0.));
#8730=DIRECTION('ref_axis',(-1.,0.,0.));
#8731=DIRECTION('center_axis',(0.,-1.,0.));
#8732=DIRECTION('ref_axis',(-1.,0.,0.));
#8733=DIRECTION('',(0.,-1.,0.));
#8734=DIRECTION('center_axis',(0.,1.,0.));
#8735=DIRECTION('ref_axis',(-1.,0.,0.));
#8736=DIRECTION('center_axis',(0.,-1.,0.));
#8737=DIRECTION('ref_axis',(-1.,0.,0.));
#8738=DIRECTION('',(0.,-1.,0.));
#8739=DIRECTION('center_axis',(0.,1.,0.));
#8740=DIRECTION('ref_axis',(-1.,0.,0.));
#8741=DIRECTION('center_axis',(0.,-1.,0.));
#8742=DIRECTION('ref_axis',(-1.,0.,0.));
#8743=DIRECTION('',(0.,-1.,0.));
#8744=DIRECTION('center_axis',(0.,1.,0.));
#8745=DIRECTION('ref_axis',(-1.,0.,0.));
#8746=DIRECTION('center_axis',(0.,-1.,0.));
#8747=DIRECTION('ref_axis',(-1.,0.,0.));
#8748=DIRECTION('',(0.,-1.,0.));
#8749=DIRECTION('center_axis',(0.,1.,0.));
#8750=DIRECTION('ref_axis',(-1.,0.,0.));
#8751=DIRECTION('center_axis',(0.,-1.,0.));
#8752=DIRECTION('ref_axis',(-1.,0.,0.));
#8753=DIRECTION('',(0.,-1.,0.));
#8754=DIRECTION('center_axis',(0.,1.,0.));
#8755=DIRECTION('ref_axis',(-1.,0.,0.));
#8756=DIRECTION('center_axis',(0.,-1.,0.));
#8757=DIRECTION('ref_axis',(-1.,0.,0.));
#8758=DIRECTION('',(0.,-1.,0.));
#8759=DIRECTION('center_axis',(0.,1.,0.));
#8760=DIRECTION('ref_axis',(-1.,0.,0.));
#8761=DIRECTION('center_axis',(0.,-1.,0.));
#8762=DIRECTION('ref_axis',(-1.,0.,0.));
#8763=DIRECTION('',(0.,-1.,0.));
#8764=DIRECTION('center_axis',(0.,1.,0.));
#8765=DIRECTION('ref_axis',(-1.,0.,0.));
#8766=DIRECTION('center_axis',(0.,-1.,0.));
#8767=DIRECTION('ref_axis',(-1.,0.,0.));
#8768=DIRECTION('',(0.,-1.,0.));
#8769=DIRECTION('center_axis',(0.,1.,0.));
#8770=DIRECTION('ref_axis',(-1.,0.,0.));
#8771=DIRECTION('center_axis',(0.,-1.,0.));
#8772=DIRECTION('ref_axis',(-1.,0.,0.));
#8773=DIRECTION('',(0.,-1.,0.));
#8774=DIRECTION('center_axis',(0.,1.,0.));
#8775=DIRECTION('ref_axis',(-1.,0.,0.));
#8776=DIRECTION('center_axis',(0.,-1.,0.));
#8777=DIRECTION('ref_axis',(-1.,0.,0.));
#8778=DIRECTION('',(0.,-1.,0.));
#8779=DIRECTION('center_axis',(0.,1.,0.));
#8780=DIRECTION('ref_axis',(-1.,0.,0.));
#8781=DIRECTION('center_axis',(0.,-1.,0.));
#8782=DIRECTION('ref_axis',(-1.,0.,0.));
#8783=DIRECTION('',(0.,-1.,0.));
#8784=DIRECTION('center_axis',(0.,1.,0.));
#8785=DIRECTION('ref_axis',(-1.,0.,0.));
#8786=DIRECTION('center_axis',(0.,-1.,0.));
#8787=DIRECTION('ref_axis',(-1.,0.,0.));
#8788=DIRECTION('',(0.,-1.,0.));
#8789=DIRECTION('center_axis',(0.,1.,0.));
#8790=DIRECTION('ref_axis',(-1.,0.,0.));
#8791=DIRECTION('center_axis',(0.,-1.,0.));
#8792=DIRECTION('ref_axis',(-1.,0.,0.));
#8793=DIRECTION('',(0.,-1.,0.));
#8794=DIRECTION('center_axis',(0.,1.,0.));
#8795=DIRECTION('ref_axis',(-1.,0.,0.));
#8796=DIRECTION('center_axis',(0.,-1.,0.));
#8797=DIRECTION('ref_axis',(-1.,0.,0.));
#8798=DIRECTION('',(0.,-1.,0.));
#8799=DIRECTION('center_axis',(0.,1.,0.));
#8800=DIRECTION('ref_axis',(-1.,0.,0.));
#8801=DIRECTION('center_axis',(0.,1.,0.));
#8802=DIRECTION('ref_axis',(-1.,0.,0.));
#8803=DIRECTION('center_axis',(0.,1.,0.));
#8804=DIRECTION('ref_axis',(-1.,0.,0.));
#8805=DIRECTION('',(0.,-1.,0.));
#8806=DIRECTION('center_axis',(0.,1.,0.));
#8807=DIRECTION('ref_axis',(-1.,0.,0.));
#8808=DIRECTION('center_axis',(-1.,0.,0.));
#8809=DIRECTION('ref_axis',(0.,0.707106781186549,-0.707106781186546));
#8810=DIRECTION('',(1.,0.,0.));
#8811=DIRECTION('center_axis',(-0.707106781186541,0.,-0.707106781186554));
#8812=DIRECTION('ref_axis',(0.707106781186554,0.,-0.707106781186541));
#8813=DIRECTION('center_axis',(-0.707106781186548,0.,0.707106781186548));
#8814=DIRECTION('ref_axis',(-0.707106781186548,0.,-0.707106781186548));
#8815=DIRECTION('center_axis',(9.86864910777916E-16,0.,-1.));
#8816=DIRECTION('ref_axis',(0.707106781186552,0.707106781186543,0.));
#8817=DIRECTION('',(-9.86864910777916E-16,0.,1.));
#8818=DIRECTION('center_axis',(0.707106781186548,0.,-0.707106781186548));
#8819=DIRECTION('ref_axis',(0.707106781186548,0.,0.707106781186548));
#8820=DIRECTION('',(9.86864910777916E-16,0.,-1.));
#8821=DIRECTION('center_axis',(1.,0.,1.1686558153949E-15));
#8822=DIRECTION('ref_axis',(0.,0.707106781186549,0.707106781186546));
#8823=DIRECTION('',(-1.,0.,-1.1686558153949E-15));
#8824=DIRECTION('center_axis',(0.707106781186548,0.,0.707106781186548));
#8825=DIRECTION('ref_axis',(-0.707106781186547,0.,0.707106781186547));
#8826=DIRECTION('',(1.,0.,1.1686558153949E-15));
#8827=DIRECTION('center_axis',(0.,0.,1.));
#8828=DIRECTION('ref_axis',(-0.707106781186546,0.707106781186549,0.));
#8829=DIRECTION('',(0.,0.,-1.));
#8830=DIRECTION('center_axis',(0.,1.,0.));
#8831=DIRECTION('ref_axis',(0.,0.,1.));
#8832=DIRECTION('center_axis',(0.,0.,-1.));
#8833=DIRECTION('ref_axis',(1.,0.,0.));
#8834=DIRECTION('',(0.,-1.,0.));
#8835=DIRECTION('',(-1.,0.,0.));
#8836=DIRECTION('',(0.,-1.,0.));
#8837=DIRECTION('center_axis',(-1.,0.,0.));
#8838=DIRECTION('ref_axis',(0.,0.,-1.));
#8839=DIRECTION('',(0.,-1.,0.));
#8840=DIRECTION('',(0.,0.,1.));
#8841=DIRECTION('center_axis',(0.,0.,1.));
#8842=DIRECTION('ref_axis',(-1.,0.,0.));
#8843=DIRECTION('',(0.,1.,0.));
#8844=DIRECTION('',(1.,0.,0.));
#8845=DIRECTION('center_axis',(0.,1.,0.));
#8846=DIRECTION('ref_axis',(1.,0.,0.));
#8847=DIRECTION('',(0.,0.,1.));
#8848=DIRECTION('',(-7.58240135585526E-34,0.,-1.));
#8849=DIRECTION('',(0.,0.,1.));
#8850=DIRECTION('center_axis',(0.,-1.,0.));
#8851=DIRECTION('ref_axis',(1.,0.,0.));
#8852=DIRECTION('center_axis',(0.,-1.,0.));
#8853=DIRECTION('ref_axis',(1.,0.,0.));
#8854=DIRECTION('center_axis',(0.,-1.,0.));
#8855=DIRECTION('ref_axis',(1.,0.,0.));
#8856=DIRECTION('center_axis',(0.,-1.,0.));
#8857=DIRECTION('ref_axis',(1.,0.,0.));
#8858=DIRECTION('center_axis',(1.,0.,0.));
#8859=DIRECTION('ref_axis',(0.,0.,-1.));
#8860=DIRECTION('center_axis',(-1.1686558153949E-15,0.,1.));
#8861=DIRECTION('ref_axis',(1.,0.,1.1686558153949E-15));
#8862=DIRECTION('',(0.,1.,0.));
#8863=DIRECTION('center_axis',(1.,0.,9.86864910777916E-16));
#8864=DIRECTION('ref_axis',(9.86864910777916E-16,0.,-1.));
#8865=DIRECTION('center_axis',(0.,1.,0.));
#8866=DIRECTION('ref_axis',(1.,0.,0.));
#8867=DIRECTION('',(0.,-1.,0.));
#8868=DIRECTION('center_axis',(0.,1.,0.));
#8869=DIRECTION('ref_axis',(1.,0.,0.));
#8870=DIRECTION('',(0.,-1.,0.));
#8871=DIRECTION('center_axis',(0.,1.,0.));
#8872=DIRECTION('ref_axis',(1.,0.,0.));
#8873=DIRECTION('',(0.,-1.,0.));
#8874=DIRECTION('center_axis',(0.,1.,0.));
#8875=DIRECTION('ref_axis',(1.,0.,0.));
#8876=DIRECTION('',(0.,-1.,0.));
#8877=DIRECTION('center_axis',(-1.,0.,7.58240135585526E-34));
#8878=DIRECTION('ref_axis',(7.58240135585526E-34,0.,1.));
#8879=DIRECTION('center_axis',(1.,0.,0.));
#8880=DIRECTION('ref_axis',(0.,0.,-1.));
#8881=DIRECTION('center_axis',(1.,0.,0.));
#8882=DIRECTION('ref_axis',(0.,0.,-1.));
#8883=DIRECTION('',(-1.,0.,0.));
#8884=DIRECTION('center_axis',(-1.,0.,0.));
#8885=DIRECTION('ref_axis',(0.,0.,-1.));
#8886=DIRECTION('center_axis',(1.,0.,0.));
#8887=DIRECTION('ref_axis',(0.,0.,-1.));
#8888=DIRECTION('',(-1.,0.,0.));
#8889=DIRECTION('center_axis',(1.,0.,0.));
#8890=DIRECTION('ref_axis',(0.,0.,-1.));
#8891=DIRECTION('',(-1.,0.,0.));
#8892=DIRECTION('center_axis',(1.,0.,0.));
#8893=DIRECTION('ref_axis',(0.,0.,-1.));
#8894=DIRECTION('',(-1.,0.,0.));
#8895=DIRECTION('center_axis',(1.,0.,0.));
#8896=DIRECTION('ref_axis',(0.,0.,-1.));
#8897=DIRECTION('',(-1.,0.,0.));
#8898=DIRECTION('center_axis',(1.,0.,0.));
#8899=DIRECTION('ref_axis',(0.,0.,-1.));
#8900=DIRECTION('',(-1.,0.,0.));
#8901=DIRECTION('center_axis',(1.,0.,0.));
#8902=DIRECTION('ref_axis',(0.,0.,-1.));
#8903=DIRECTION('',(-1.,0.,0.));
#8904=DIRECTION('center_axis',(1.,0.,0.));
#8905=DIRECTION('ref_axis',(0.,0.,-1.));
#8906=DIRECTION('',(-1.,0.,0.));
#8907=DIRECTION('center_axis',(1.,0.,0.));
#8908=DIRECTION('ref_axis',(0.,-0.889142999657076,0.457629463825065));
#8909=DIRECTION('',(1.,0.,0.));
#8910=DIRECTION('center_axis',(1.,0.,0.));
#8911=DIRECTION('ref_axis',(0.,3.80723139117022E-14,-1.));
#8912=DIRECTION('center_axis',(1.,0.,0.));
#8913=DIRECTION('ref_axis',(0.,3.80723139117022E-14,-1.));
#8914=DIRECTION('',(1.,0.,0.));
#8915=DIRECTION('center_axis',(1.,0.,0.));
#8916=DIRECTION('ref_axis',(0.,3.80723139117022E-14,-1.));
#8917=DIRECTION('',(1.,0.,0.));
#8918=DIRECTION('center_axis',(1.,0.,0.));
#8919=DIRECTION('ref_axis',(0.,3.80723139117022E-14,-1.));
#8920=DIRECTION('',(1.,0.,0.));
#8921=DIRECTION('center_axis',(1.,0.,0.));
#8922=DIRECTION('ref_axis',(0.,3.80723139117022E-14,-1.));
#8923=DIRECTION('',(1.,0.,0.));
#8924=DIRECTION('center_axis',(1.,0.,0.));
#8925=DIRECTION('ref_axis',(0.,3.80723139117022E-14,-1.));
#8926=DIRECTION('',(1.,0.,0.));
#8927=DIRECTION('center_axis',(1.,0.,0.));
#8928=DIRECTION('ref_axis',(0.,3.80723139117022E-14,-1.));
#8929=DIRECTION('',(1.,0.,0.));
#8930=DIRECTION('center_axis',(1.,0.,0.));
#8931=DIRECTION('ref_axis',(0.,3.80723139117022E-14,-1.));
#8932=DIRECTION('',(1.,0.,0.));
#8933=DIRECTION('center_axis',(-1.,0.,0.));
#8934=DIRECTION('ref_axis',(0.,0.,-1.));
#8935=DIRECTION('center_axis',(-1.,0.,0.));
#8936=DIRECTION('ref_axis',(0.,0.,-1.));
#8937=DIRECTION('',(-1.,0.,0.));
#8938=DIRECTION('center_axis',(-1.,0.,0.));
#8939=DIRECTION('ref_axis',(0.,0.,-1.));
#8940=DIRECTION('center_axis',(1.,0.,0.));
#8941=DIRECTION('ref_axis',(0.,0.,-1.));
#8942=DIRECTION('center_axis',(-1.,0.,0.));
#8943=DIRECTION('ref_axis',(0.,0.,-1.));
#8944=DIRECTION('center_axis',(-1.,0.,0.));
#8945=DIRECTION('ref_axis',(0.,0.,-1.));
#8946=DIRECTION('',(-1.,0.,0.));
#8947=DIRECTION('center_axis',(-1.,0.,0.));
#8948=DIRECTION('ref_axis',(0.,0.,-1.));
#8949=DIRECTION('center_axis',(1.,0.,0.));
#8950=DIRECTION('ref_axis',(0.,0.,-1.));
#8951=DIRECTION('center_axis',(1.,0.,0.));
#8952=DIRECTION('ref_axis',(0.,0.,-1.));
#8953=DIRECTION('center_axis',(-1.,0.,0.));
#8954=DIRECTION('ref_axis',(0.,0.,-1.));
#8955=DIRECTION('center_axis',(1.,0.,0.));
#8956=DIRECTION('ref_axis',(0.,0.,-1.));
#8957=DIRECTION('center_axis',(1.,0.,0.));
#8958=DIRECTION('ref_axis',(0.,0.,-1.));
#8959=DIRECTION('center_axis',(-1.,0.,0.));
#8960=DIRECTION('ref_axis',(0.,3.80723139117022E-14,-1.));
#8961=DIRECTION('center_axis',(1.,0.,0.));
#8962=DIRECTION('ref_axis',(0.,0.457625226550431,-0.889145180510284));
#8963=DIRECTION('center_axis',(1.,0.,0.));
#8964=DIRECTION('ref_axis',(0.,0.,-1.));
#8965=DIRECTION('center_axis',(1.,0.,0.));
#8966=DIRECTION('ref_axis',(0.,0.,-1.));
#8967=DIRECTION('center_axis',(1.,0.,0.));
#8968=DIRECTION('ref_axis',(0.,0.,-1.));
#8969=DIRECTION('center_axis',(1.,0.,0.));
#8970=DIRECTION('ref_axis',(0.,0.,-1.));
#8971=DIRECTION('center_axis',(1.,0.,0.));
#8972=DIRECTION('ref_axis',(0.,0.,-1.));
#8973=DIRECTION('',(-1.,0.,0.));
#8974=DIRECTION('center_axis',(-1.,0.,0.));
#8975=DIRECTION('ref_axis',(0.,0.,-1.));
#8976=DIRECTION('center_axis',(-1.,0.,0.));
#8977=DIRECTION('ref_axis',(0.,0.,-1.));
#8978=DIRECTION('center_axis',(1.,0.,0.));
#8979=DIRECTION('ref_axis',(0.,0.,-1.));
#8980=DIRECTION('center_axis',(1.,0.,0.));
#8981=DIRECTION('ref_axis',(0.,0.,-1.));
#8982=DIRECTION('center_axis',(-1.,0.,0.));
#8983=DIRECTION('ref_axis',(0.,0.,-1.));
#8984=DIRECTION('center_axis',(1.,0.,0.));
#8985=DIRECTION('ref_axis',(0.,0.,-1.));
#8986=DIRECTION('center_axis',(1.,0.,0.));
#8987=DIRECTION('ref_axis',(0.,0.,-1.));
#8988=DIRECTION('',(-1.,0.,0.));
#8989=DIRECTION('center_axis',(-1.,0.,0.));
#8990=DIRECTION('ref_axis',(0.,0.,-1.));
#8991=DIRECTION('center_axis',(1.,0.,0.));
#8992=DIRECTION('ref_axis',(0.,0.,-1.));
#8993=DIRECTION('center_axis',(1.,0.,0.));
#8994=DIRECTION('ref_axis',(0.,0.,-1.));
#8995=DIRECTION('',(-1.,0.,0.));
#8996=DIRECTION('center_axis',(1.,0.,0.));
#8997=DIRECTION('ref_axis',(0.,0.,-1.));
#8998=DIRECTION('center_axis',(1.,0.,0.));
#8999=DIRECTION('ref_axis',(0.,0.,-1.));
#9000=DIRECTION('center_axis',(1.,0.,0.));
#9001=DIRECTION('ref_axis',(0.,0.,-1.));
#9002=DIRECTION('center_axis',(-1.,0.,0.));
#9003=DIRECTION('ref_axis',(0.,0.,1.));
#9004=DIRECTION('',(0.,0.,-1.));
#9005=DIRECTION('',(0.,1.,0.));
#9006=DIRECTION('',(0.,0.,1.));
#9007=DIRECTION('',(0.,1.,0.));
#9008=DIRECTION('center_axis',(0.,0.,-1.));
#9009=DIRECTION('ref_axis',(-1.,0.,0.));
#9010=DIRECTION('',(1.,0.,0.));
#9011=DIRECTION('',(-1.,0.,0.));
#9012=DIRECTION('',(0.,1.,0.));
#9013=DIRECTION('center_axis',(1.,0.,0.));
#9014=DIRECTION('ref_axis',(0.,0.,-1.));
#9015=DIRECTION('',(0.,0.,1.));
#9016=DIRECTION('',(0.,0.,-1.));
#9017=DIRECTION('',(0.,1.,0.));
#9018=DIRECTION('center_axis',(0.,0.,1.));
#9019=DIRECTION('ref_axis',(1.,0.,0.));
#9020=DIRECTION('',(-1.,0.,0.));
#9021=DIRECTION('',(1.,0.,0.));
#9022=DIRECTION('center_axis',(0.,1.,0.));
#9023=DIRECTION('ref_axis',(0.,0.,1.));
#9024=DIRECTION('center_axis',(0.,1.,0.));
#9025=DIRECTION('ref_axis',(-1.,0.,0.));
#9026=DIRECTION('center_axis',(-1.,0.,0.));
#9027=DIRECTION('ref_axis',(0.,0.,1.));
#9028=DIRECTION('',(0.,0.,-1.));
#9029=DIRECTION('',(0.,1.,0.));
#9030=DIRECTION('',(0.,0.,1.));
#9031=DIRECTION('',(0.,1.,0.));
#9032=DIRECTION('center_axis',(0.,0.,-1.));
#9033=DIRECTION('ref_axis',(-1.,0.,0.));
#9034=DIRECTION('',(1.,0.,0.));
#9035=DIRECTION('',(-1.,0.,0.));
#9036=DIRECTION('',(0.,1.,0.));
#9037=DIRECTION('center_axis',(1.,0.,0.));
#9038=DIRECTION('ref_axis',(0.,0.,-1.));
#9039=DIRECTION('',(0.,0.,1.));
#9040=DIRECTION('',(0.,0.,-1.));
#9041=DIRECTION('',(0.,1.,0.));
#9042=DIRECTION('center_axis',(0.,0.,1.));
#9043=DIRECTION('ref_axis',(1.,0.,0.));
#9044=DIRECTION('',(-1.,0.,0.));
#9045=DIRECTION('',(1.,0.,0.));
#9046=DIRECTION('center_axis',(0.,1.,0.));
#9047=DIRECTION('ref_axis',(0.,0.,1.));
#9048=DIRECTION('center_axis',(0.,1.,0.));
#9049=DIRECTION('ref_axis',(-1.,0.,0.));
#9050=DIRECTION('center_axis',(-0.999999999999997,0.,-7.4505805969238E-8));
#9051=DIRECTION('ref_axis',(-7.4505805969238E-8,0.,0.999999999999997));
#9052=DIRECTION('',(7.4505805969238E-8,0.,-0.999999999999997));
#9053=DIRECTION('',(0.,1.,0.));
#9054=DIRECTION('',(-7.4505805969238E-8,0.,0.999999999999997));
#9055=DIRECTION('',(0.,1.,0.));
#9056=DIRECTION('center_axis',(0.,0.,-1.));
#9057=DIRECTION('ref_axis',(-1.,0.,0.));
#9058=DIRECTION('',(1.,0.,0.));
#9059=DIRECTION('',(-1.,0.,0.));
#9060=DIRECTION('',(0.,1.,0.));
#9061=DIRECTION('center_axis',(1.,0.,0.));
#9062=DIRECTION('ref_axis',(0.,0.,-1.));
#9063=DIRECTION('',(0.,0.,1.));
#9064=DIRECTION('',(0.,0.,-1.));
#9065=DIRECTION('',(0.,1.,0.));
#9066=DIRECTION('center_axis',(0.,0.,1.));
#9067=DIRECTION('ref_axis',(1.,0.,0.));
#9068=DIRECTION('',(-1.,0.,0.));
#9069=DIRECTION('',(1.,0.,0.));
#9070=DIRECTION('center_axis',(0.,1.,0.));
#9071=DIRECTION('ref_axis',(0.,0.,1.));
#9072=DIRECTION('center_axis',(0.,1.,0.));
#9073=DIRECTION('ref_axis',(-1.,0.,0.));
#9074=DIRECTION('center_axis',(-1.,0.,0.));
#9075=DIRECTION('ref_axis',(0.,0.,1.));
#9076=DIRECTION('',(0.,0.,-1.));
#9077=DIRECTION('',(0.,1.,0.));
#9078=DIRECTION('',(0.,0.,1.));
#9079=DIRECTION('',(0.,1.,0.));
#9080=DIRECTION('center_axis',(0.,0.,-1.));
#9081=DIRECTION('ref_axis',(-1.,0.,0.));
#9082=DIRECTION('',(1.,0.,0.));
#9083=DIRECTION('',(-1.,0.,0.));
#9084=DIRECTION('',(0.,1.,0.));
#9085=DIRECTION('center_axis',(1.,0.,0.));
#9086=DIRECTION('ref_axis',(0.,0.,-1.));
#9087=DIRECTION('',(0.,0.,1.));
#9088=DIRECTION('',(0.,0.,-1.));
#9089=DIRECTION('',(0.,1.,0.));
#9090=DIRECTION('center_axis',(0.,0.,1.));
#9091=DIRECTION('ref_axis',(1.,0.,0.));
#9092=DIRECTION('',(-1.,0.,0.));
#9093=DIRECTION('',(1.,0.,0.));
#9094=DIRECTION('center_axis',(0.,1.,0.));
#9095=DIRECTION('ref_axis',(0.,0.,1.));
#9096=DIRECTION('center_axis',(0.,1.,0.));
#9097=DIRECTION('ref_axis',(-1.,0.,0.));
#9098=DIRECTION('center_axis',(-1.,0.,0.));
#9099=DIRECTION('ref_axis',(0.,0.,1.));
#9100=DIRECTION('',(0.,0.,-1.));
#9101=DIRECTION('',(0.,1.,0.));
#9102=DIRECTION('',(0.,0.,1.));
#9103=DIRECTION('',(0.,1.,0.));
#9104=DIRECTION('center_axis',(0.,0.,-1.));
#9105=DIRECTION('ref_axis',(-1.,0.,0.));
#9106=DIRECTION('',(1.,0.,0.));
#9107=DIRECTION('',(-1.,0.,0.));
#9108=DIRECTION('',(0.,1.,0.));
#9109=DIRECTION('center_axis',(1.,0.,0.));
#9110=DIRECTION('ref_axis',(0.,0.,-1.));
#9111=DIRECTION('',(0.,0.,1.));
#9112=DIRECTION('',(0.,0.,-1.));
#9113=DIRECTION('',(0.,1.,0.));
#9114=DIRECTION('center_axis',(0.,0.,1.));
#9115=DIRECTION('ref_axis',(1.,0.,0.));
#9116=DIRECTION('',(-1.,0.,0.));
#9117=DIRECTION('',(1.,0.,0.));
#9118=DIRECTION('center_axis',(0.,1.,0.));
#9119=DIRECTION('ref_axis',(0.,0.,1.));
#9120=DIRECTION('center_axis',(0.,1.,0.));
#9121=DIRECTION('ref_axis',(-1.,0.,0.));
#9122=DIRECTION('center_axis',(-1.,0.,0.));
#9123=DIRECTION('ref_axis',(0.,0.,1.));
#9124=DIRECTION('',(0.,0.,-1.));
#9125=DIRECTION('',(0.,1.,0.));
#9126=DIRECTION('',(0.,0.,1.));
#9127=DIRECTION('',(0.,1.,0.));
#9128=DIRECTION('center_axis',(0.,0.,-1.));
#9129=DIRECTION('ref_axis',(-1.,0.,0.));
#9130=DIRECTION('',(1.,0.,0.));
#9131=DIRECTION('',(-1.,0.,0.));
#9132=DIRECTION('',(0.,1.,0.));
#9133=DIRECTION('center_axis',(1.,0.,0.));
#9134=DIRECTION('ref_axis',(0.,0.,-1.));
#9135=DIRECTION('',(0.,0.,1.));
#9136=DIRECTION('',(0.,0.,-1.));
#9137=DIRECTION('',(0.,1.,0.));
#9138=DIRECTION('center_axis',(0.,0.,1.));
#9139=DIRECTION('ref_axis',(1.,0.,0.));
#9140=DIRECTION('',(-1.,0.,0.));
#9141=DIRECTION('',(1.,0.,0.));
#9142=DIRECTION('center_axis',(0.,1.,0.));
#9143=DIRECTION('ref_axis',(0.,0.,1.));
#9144=DIRECTION('center_axis',(0.,1.,0.));
#9145=DIRECTION('ref_axis',(-1.,0.,0.));
#9146=DIRECTION('center_axis',(-1.,0.,0.));
#9147=DIRECTION('ref_axis',(0.,0.,1.));
#9148=DIRECTION('',(0.,0.,-1.));
#9149=DIRECTION('',(0.,1.,0.));
#9150=DIRECTION('',(0.,0.,1.));
#9151=DIRECTION('',(0.,1.,0.));
#9152=DIRECTION('center_axis',(0.,0.,-1.));
#9153=DIRECTION('ref_axis',(-1.,0.,0.));
#9154=DIRECTION('',(1.,0.,0.));
#9155=DIRECTION('',(-1.,0.,0.));
#9156=DIRECTION('',(0.,1.,0.));
#9157=DIRECTION('center_axis',(1.,0.,0.));
#9158=DIRECTION('ref_axis',(0.,0.,-1.));
#9159=DIRECTION('',(0.,0.,1.));
#9160=DIRECTION('',(0.,0.,-1.));
#9161=DIRECTION('',(0.,1.,0.));
#9162=DIRECTION('center_axis',(0.,0.,1.));
#9163=DIRECTION('ref_axis',(1.,0.,0.));
#9164=DIRECTION('',(-1.,0.,0.));
#9165=DIRECTION('',(1.,0.,0.));
#9166=DIRECTION('center_axis',(0.,1.,0.));
#9167=DIRECTION('ref_axis',(0.,0.,1.));
#9168=DIRECTION('center_axis',(0.,1.,0.));
#9169=DIRECTION('ref_axis',(-1.,0.,0.));
#9170=DIRECTION('center_axis',(-1.,0.,0.));
#9171=DIRECTION('ref_axis',(0.,0.,1.));
#9172=DIRECTION('',(0.,0.,-1.));
#9173=DIRECTION('',(0.,1.,0.));
#9174=DIRECTION('',(0.,0.,1.));
#9175=DIRECTION('',(0.,1.,0.));
#9176=DIRECTION('center_axis',(0.,0.,-1.));
#9177=DIRECTION('ref_axis',(-1.,0.,0.));
#9178=DIRECTION('',(1.,0.,0.));
#9179=DIRECTION('',(-1.,0.,0.));
#9180=DIRECTION('',(0.,1.,0.));
#9181=DIRECTION('center_axis',(1.,0.,0.));
#9182=DIRECTION('ref_axis',(0.,0.,-1.));
#9183=DIRECTION('',(0.,0.,1.));
#9184=DIRECTION('',(0.,0.,-1.));
#9185=DIRECTION('',(0.,1.,0.));
#9186=DIRECTION('center_axis',(0.,0.,1.));
#9187=DIRECTION('ref_axis',(1.,0.,0.));
#9188=DIRECTION('',(-1.,0.,0.));
#9189=DIRECTION('',(1.,0.,0.));
#9190=DIRECTION('center_axis',(0.,1.,0.));
#9191=DIRECTION('ref_axis',(0.,0.,1.));
#9192=DIRECTION('center_axis',(0.,1.,0.));
#9193=DIRECTION('ref_axis',(-1.,0.,0.));
#9194=DIRECTION('center_axis',(-1.,0.,0.));
#9195=DIRECTION('ref_axis',(0.,0.,1.));
#9196=DIRECTION('',(0.,0.,-1.));
#9197=DIRECTION('',(0.,1.,0.));
#9198=DIRECTION('',(0.,0.,1.));
#9199=DIRECTION('',(0.,1.,0.));
#9200=DIRECTION('center_axis',(0.,0.,-1.));
#9201=DIRECTION('ref_axis',(-1.,0.,0.));
#9202=DIRECTION('',(1.,0.,0.));
#9203=DIRECTION('',(-1.,0.,0.));
#9204=DIRECTION('',(0.,1.,0.));
#9205=DIRECTION('center_axis',(1.,0.,0.));
#9206=DIRECTION('ref_axis',(0.,0.,-1.));
#9207=DIRECTION('',(0.,0.,1.));
#9208=DIRECTION('',(0.,0.,-1.));
#9209=DIRECTION('',(0.,1.,0.));
#9210=DIRECTION('center_axis',(0.,0.,1.));
#9211=DIRECTION('ref_axis',(1.,0.,0.));
#9212=DIRECTION('',(-1.,0.,0.));
#9213=DIRECTION('',(1.,0.,0.));
#9214=DIRECTION('center_axis',(0.,1.,0.));
#9215=DIRECTION('ref_axis',(0.,0.,1.));
#9216=DIRECTION('center_axis',(0.,1.,0.));
#9217=DIRECTION('ref_axis',(-1.,0.,0.));
#9218=DIRECTION('center_axis',(-1.,0.,0.));
#9219=DIRECTION('ref_axis',(0.,0.,1.));
#9220=DIRECTION('',(0.,0.,-1.));
#9221=DIRECTION('',(0.,1.,0.));
#9222=DIRECTION('',(0.,0.,1.));
#9223=DIRECTION('',(0.,1.,0.));
#9224=DIRECTION('center_axis',(0.,0.,-1.));
#9225=DIRECTION('ref_axis',(-1.,0.,0.));
#9226=DIRECTION('',(1.,0.,0.));
#9227=DIRECTION('',(-1.,0.,0.));
#9228=DIRECTION('',(0.,1.,0.));
#9229=DIRECTION('center_axis',(1.,0.,0.));
#9230=DIRECTION('ref_axis',(0.,0.,-1.));
#9231=DIRECTION('',(0.,0.,1.));
#9232=DIRECTION('',(0.,0.,-1.));
#9233=DIRECTION('',(0.,1.,0.));
#9234=DIRECTION('center_axis',(0.,0.,1.));
#9235=DIRECTION('ref_axis',(1.,0.,0.));
#9236=DIRECTION('',(-1.,0.,0.));
#9237=DIRECTION('',(1.,0.,0.));
#9238=DIRECTION('center_axis',(0.,1.,0.));
#9239=DIRECTION('ref_axis',(0.,0.,1.));
#9240=DIRECTION('center_axis',(0.,1.,0.));
#9241=DIRECTION('ref_axis',(-1.,0.,0.));
#9242=DIRECTION('center_axis',(-1.,0.,0.));
#9243=DIRECTION('ref_axis',(0.,0.,1.));
#9244=DIRECTION('',(0.,0.,-1.));
#9245=DIRECTION('',(0.,1.,0.));
#9246=DIRECTION('',(0.,0.,1.));
#9247=DIRECTION('',(0.,1.,0.));
#9248=DIRECTION('center_axis',(0.,0.,-1.));
#9249=DIRECTION('ref_axis',(-1.,0.,0.));
#9250=DIRECTION('',(1.,0.,0.));
#9251=DIRECTION('',(-1.,0.,0.));
#9252=DIRECTION('',(0.,1.,0.));
#9253=DIRECTION('center_axis',(1.,0.,0.));
#9254=DIRECTION('ref_axis',(0.,0.,-1.));
#9255=DIRECTION('',(0.,0.,1.));
#9256=DIRECTION('',(0.,0.,-1.));
#9257=DIRECTION('',(0.,1.,0.));
#9258=DIRECTION('center_axis',(0.,0.,1.));
#9259=DIRECTION('ref_axis',(1.,0.,0.));
#9260=DIRECTION('',(-1.,0.,0.));
#9261=DIRECTION('',(1.,0.,0.));
#9262=DIRECTION('center_axis',(0.,1.,0.));
#9263=DIRECTION('ref_axis',(0.,0.,1.));
#9264=DIRECTION('center_axis',(0.,1.,0.));
#9265=DIRECTION('ref_axis',(-1.,0.,0.));
#9266=DIRECTION('center_axis',(-1.,0.,0.));
#9267=DIRECTION('ref_axis',(0.,0.,1.));
#9268=DIRECTION('',(0.,0.,-1.));
#9269=DIRECTION('',(0.,1.,0.));
#9270=DIRECTION('',(0.,0.,1.));
#9271=DIRECTION('',(0.,1.,0.));
#9272=DIRECTION('center_axis',(0.,0.,-1.));
#9273=DIRECTION('ref_axis',(-1.,0.,0.));
#9274=DIRECTION('',(1.,0.,0.));
#9275=DIRECTION('',(-1.,0.,0.));
#9276=DIRECTION('',(0.,1.,0.));
#9277=DIRECTION('center_axis',(1.,0.,0.));
#9278=DIRECTION('ref_axis',(0.,0.,-1.));
#9279=DIRECTION('',(0.,0.,1.));
#9280=DIRECTION('',(0.,0.,-1.));
#9281=DIRECTION('',(0.,1.,0.));
#9282=DIRECTION('center_axis',(0.,0.,1.));
#9283=DIRECTION('ref_axis',(1.,0.,0.));
#9284=DIRECTION('',(-1.,0.,0.));
#9285=DIRECTION('',(1.,0.,0.));
#9286=DIRECTION('center_axis',(0.,1.,0.));
#9287=DIRECTION('ref_axis',(0.,0.,1.));
#9288=DIRECTION('center_axis',(0.,1.,0.));
#9289=DIRECTION('ref_axis',(-1.,0.,0.));
#9290=DIRECTION('center_axis',(-1.,0.,0.));
#9291=DIRECTION('ref_axis',(0.,0.,1.));
#9292=DIRECTION('',(0.,0.,-1.));
#9293=DIRECTION('',(0.,1.,0.));
#9294=DIRECTION('',(0.,0.,1.));
#9295=DIRECTION('',(0.,1.,0.));
#9296=DIRECTION('center_axis',(0.,0.,-1.));
#9297=DIRECTION('ref_axis',(-1.,0.,0.));
#9298=DIRECTION('',(1.,0.,0.));
#9299=DIRECTION('',(-1.,0.,0.));
#9300=DIRECTION('',(0.,1.,0.));
#9301=DIRECTION('center_axis',(1.,0.,0.));
#9302=DIRECTION('ref_axis',(0.,0.,-1.));
#9303=DIRECTION('',(0.,0.,1.));
#9304=DIRECTION('',(0.,0.,-1.));
#9305=DIRECTION('',(0.,1.,0.));
#9306=DIRECTION('center_axis',(0.,0.,1.));
#9307=DIRECTION('ref_axis',(1.,0.,0.));
#9308=DIRECTION('',(-1.,0.,0.));
#9309=DIRECTION('',(1.,0.,0.));
#9310=DIRECTION('center_axis',(0.,1.,0.));
#9311=DIRECTION('ref_axis',(0.,0.,1.));
#9312=DIRECTION('center_axis',(0.,1.,0.));
#9313=DIRECTION('ref_axis',(-1.,0.,0.));
#9314=DIRECTION('center_axis',(-1.,0.,0.));
#9315=DIRECTION('ref_axis',(0.,0.,1.));
#9316=DIRECTION('',(0.,0.,-1.));
#9317=DIRECTION('',(0.,1.,0.));
#9318=DIRECTION('',(0.,0.,1.));
#9319=DIRECTION('',(0.,1.,0.));
#9320=DIRECTION('center_axis',(0.,0.,-1.));
#9321=DIRECTION('ref_axis',(-1.,0.,0.));
#9322=DIRECTION('',(1.,0.,0.));
#9323=DIRECTION('',(-1.,0.,0.));
#9324=DIRECTION('',(0.,1.,0.));
#9325=DIRECTION('center_axis',(1.,0.,0.));
#9326=DIRECTION('ref_axis',(0.,0.,-1.));
#9327=DIRECTION('',(0.,0.,1.));
#9328=DIRECTION('',(0.,0.,-1.));
#9329=DIRECTION('',(0.,1.,0.));
#9330=DIRECTION('center_axis',(0.,0.,1.));
#9331=DIRECTION('ref_axis',(1.,0.,0.));
#9332=DIRECTION('',(-1.,0.,0.));
#9333=DIRECTION('',(1.,0.,0.));
#9334=DIRECTION('center_axis',(0.,1.,0.));
#9335=DIRECTION('ref_axis',(0.,0.,1.));
#9336=DIRECTION('center_axis',(0.,1.,0.));
#9337=DIRECTION('ref_axis',(-1.,0.,0.));
#9338=DIRECTION('center_axis',(-1.,0.,0.));
#9339=DIRECTION('ref_axis',(0.,0.,1.));
#9340=DIRECTION('',(0.,0.,-1.));
#9341=DIRECTION('',(0.,1.,0.));
#9342=DIRECTION('',(0.,0.,1.));
#9343=DIRECTION('',(0.,1.,0.));
#9344=DIRECTION('center_axis',(0.,0.,-1.));
#9345=DIRECTION('ref_axis',(-1.,0.,0.));
#9346=DIRECTION('',(1.,0.,0.));
#9347=DIRECTION('',(-1.,0.,0.));
#9348=DIRECTION('',(0.,1.,0.));
#9349=DIRECTION('center_axis',(1.,0.,0.));
#9350=DIRECTION('ref_axis',(0.,0.,-1.));
#9351=DIRECTION('',(0.,0.,1.));
#9352=DIRECTION('',(0.,0.,-1.));
#9353=DIRECTION('',(0.,1.,0.));
#9354=DIRECTION('center_axis',(0.,0.,1.));
#9355=DIRECTION('ref_axis',(1.,0.,0.));
#9356=DIRECTION('',(-1.,0.,0.));
#9357=DIRECTION('',(1.,0.,0.));
#9358=DIRECTION('center_axis',(0.,1.,0.));
#9359=DIRECTION('ref_axis',(0.,0.,1.));
#9360=DIRECTION('center_axis',(0.,1.,0.));
#9361=DIRECTION('ref_axis',(-1.,0.,0.));
#9362=DIRECTION('center_axis',(-1.,0.,0.));
#9363=DIRECTION('ref_axis',(0.,0.,1.));
#9364=DIRECTION('',(0.,0.,-1.));
#9365=DIRECTION('',(0.,1.,0.));
#9366=DIRECTION('',(0.,0.,1.));
#9367=DIRECTION('',(0.,1.,0.));
#9368=DIRECTION('center_axis',(0.,0.,-1.));
#9369=DIRECTION('ref_axis',(-1.,0.,0.));
#9370=DIRECTION('',(1.,0.,0.));
#9371=DIRECTION('',(-1.,0.,0.));
#9372=DIRECTION('',(0.,1.,0.));
#9373=DIRECTION('center_axis',(1.,0.,0.));
#9374=DIRECTION('ref_axis',(0.,0.,-1.));
#9375=DIRECTION('',(0.,0.,1.));
#9376=DIRECTION('',(0.,0.,-1.));
#9377=DIRECTION('',(0.,1.,0.));
#9378=DIRECTION('center_axis',(0.,0.,1.));
#9379=DIRECTION('ref_axis',(1.,0.,0.));
#9380=DIRECTION('',(-1.,0.,0.));
#9381=DIRECTION('',(1.,0.,0.));
#9382=DIRECTION('center_axis',(0.,1.,0.));
#9383=DIRECTION('ref_axis',(0.,0.,1.));
#9384=DIRECTION('center_axis',(0.,1.,0.));
#9385=DIRECTION('ref_axis',(-1.,0.,0.));
#9386=DIRECTION('center_axis',(-1.,0.,0.));
#9387=DIRECTION('ref_axis',(0.,0.,1.));
#9388=DIRECTION('',(0.,0.,-1.));
#9389=DIRECTION('',(0.,1.,0.));
#9390=DIRECTION('',(0.,0.,1.));
#9391=DIRECTION('',(0.,1.,0.));
#9392=DIRECTION('center_axis',(0.,0.,-1.));
#9393=DIRECTION('ref_axis',(-1.,0.,0.));
#9394=DIRECTION('',(1.,0.,0.));
#9395=DIRECTION('',(-1.,0.,0.));
#9396=DIRECTION('',(0.,1.,0.));
#9397=DIRECTION('center_axis',(1.,0.,0.));
#9398=DIRECTION('ref_axis',(0.,0.,-1.));
#9399=DIRECTION('',(0.,0.,1.));
#9400=DIRECTION('',(0.,0.,-1.));
#9401=DIRECTION('',(0.,1.,0.));
#9402=DIRECTION('center_axis',(0.,0.,1.));
#9403=DIRECTION('ref_axis',(1.,0.,0.));
#9404=DIRECTION('',(-1.,0.,0.));
#9405=DIRECTION('',(1.,0.,0.));
#9406=DIRECTION('center_axis',(0.,1.,0.));
#9407=DIRECTION('ref_axis',(0.,0.,1.));
#9408=DIRECTION('center_axis',(0.,1.,0.));
#9409=DIRECTION('ref_axis',(-1.,0.,0.));
#9410=DIRECTION('center_axis',(-1.,0.,0.));
#9411=DIRECTION('ref_axis',(0.,0.,1.));
#9412=DIRECTION('',(0.,0.,-1.));
#9413=DIRECTION('',(0.,1.,0.));
#9414=DIRECTION('',(0.,0.,1.));
#9415=DIRECTION('',(0.,1.,0.));
#9416=DIRECTION('center_axis',(0.,0.,-1.));
#9417=DIRECTION('ref_axis',(-1.,0.,0.));
#9418=DIRECTION('',(1.,0.,0.));
#9419=DIRECTION('',(-1.,0.,0.));
#9420=DIRECTION('',(0.,1.,0.));
#9421=DIRECTION('center_axis',(1.,0.,0.));
#9422=DIRECTION('ref_axis',(0.,0.,-1.));
#9423=DIRECTION('',(0.,0.,1.));
#9424=DIRECTION('',(0.,0.,-1.));
#9425=DIRECTION('',(0.,1.,0.));
#9426=DIRECTION('center_axis',(0.,0.,1.));
#9427=DIRECTION('ref_axis',(1.,0.,0.));
#9428=DIRECTION('',(-1.,0.,0.));
#9429=DIRECTION('',(1.,0.,0.));
#9430=DIRECTION('center_axis',(0.,1.,0.));
#9431=DIRECTION('ref_axis',(0.,0.,1.));
#9432=DIRECTION('center_axis',(0.,1.,0.));
#9433=DIRECTION('ref_axis',(-1.,0.,0.));
#9434=DIRECTION('center_axis',(-1.,0.,0.));
#9435=DIRECTION('ref_axis',(0.,0.,1.));
#9436=DIRECTION('',(0.,0.,-1.));
#9437=DIRECTION('',(0.,1.,0.));
#9438=DIRECTION('',(0.,0.,1.));
#9439=DIRECTION('',(0.,1.,0.));
#9440=DIRECTION('center_axis',(0.,0.,-1.));
#9441=DIRECTION('ref_axis',(-1.,0.,0.));
#9442=DIRECTION('',(1.,0.,0.));
#9443=DIRECTION('',(-1.,0.,0.));
#9444=DIRECTION('',(0.,1.,0.));
#9445=DIRECTION('center_axis',(1.,0.,0.));
#9446=DIRECTION('ref_axis',(0.,0.,-1.));
#9447=DIRECTION('',(0.,0.,1.));
#9448=DIRECTION('',(0.,0.,-1.));
#9449=DIRECTION('',(0.,1.,0.));
#9450=DIRECTION('center_axis',(0.,0.,1.));
#9451=DIRECTION('ref_axis',(1.,0.,0.));
#9452=DIRECTION('',(-1.,0.,0.));
#9453=DIRECTION('',(1.,0.,0.));
#9454=DIRECTION('center_axis',(0.,1.,0.));
#9455=DIRECTION('ref_axis',(0.,0.,1.));
#9456=DIRECTION('center_axis',(0.,1.,0.));
#9457=DIRECTION('ref_axis',(-1.,0.,0.));
#9458=DIRECTION('center_axis',(-1.,0.,0.));
#9459=DIRECTION('ref_axis',(0.,0.,1.));
#9460=DIRECTION('',(0.,0.,-1.));
#9461=DIRECTION('',(0.,1.,0.));
#9462=DIRECTION('',(0.,0.,1.));
#9463=DIRECTION('',(0.,1.,0.));
#9464=DIRECTION('center_axis',(0.,0.,-1.));
#9465=DIRECTION('ref_axis',(-1.,0.,0.));
#9466=DIRECTION('',(1.,0.,0.));
#9467=DIRECTION('',(-1.,0.,0.));
#9468=DIRECTION('',(0.,1.,0.));
#9469=DIRECTION('center_axis',(1.,0.,0.));
#9470=DIRECTION('ref_axis',(0.,0.,-1.));
#9471=DIRECTION('',(0.,0.,1.));
#9472=DIRECTION('',(0.,0.,-1.));
#9473=DIRECTION('',(0.,1.,0.));
#9474=DIRECTION('center_axis',(0.,0.,1.));
#9475=DIRECTION('ref_axis',(1.,0.,0.));
#9476=DIRECTION('',(-1.,0.,0.));
#9477=DIRECTION('',(1.,0.,0.));
#9478=DIRECTION('center_axis',(0.,1.,0.));
#9479=DIRECTION('ref_axis',(0.,0.,1.));
#9480=DIRECTION('center_axis',(0.,1.,0.));
#9481=DIRECTION('ref_axis',(-1.,0.,0.));
#9482=DIRECTION('center_axis',(-1.,0.,0.));
#9483=DIRECTION('ref_axis',(0.,0.,1.));
#9484=DIRECTION('',(0.,0.,-1.));
#9485=DIRECTION('',(0.,1.,0.));
#9486=DIRECTION('',(0.,0.,1.));
#9487=DIRECTION('',(0.,1.,0.));
#9488=DIRECTION('center_axis',(0.,0.,-1.));
#9489=DIRECTION('ref_axis',(-1.,0.,0.));
#9490=DIRECTION('',(1.,0.,0.));
#9491=DIRECTION('',(-1.,0.,0.));
#9492=DIRECTION('',(0.,1.,0.));
#9493=DIRECTION('center_axis',(1.,0.,0.));
#9494=DIRECTION('ref_axis',(0.,0.,-1.));
#9495=DIRECTION('',(0.,0.,1.));
#9496=DIRECTION('',(0.,0.,-1.));
#9497=DIRECTION('',(0.,1.,0.));
#9498=DIRECTION('center_axis',(0.,0.,1.));
#9499=DIRECTION('ref_axis',(1.,0.,0.));
#9500=DIRECTION('',(-1.,0.,0.));
#9501=DIRECTION('',(1.,0.,0.));
#9502=DIRECTION('center_axis',(0.,1.,0.));
#9503=DIRECTION('ref_axis',(0.,0.,1.));
#9504=DIRECTION('center_axis',(0.,1.,0.));
#9505=DIRECTION('ref_axis',(-1.,0.,0.));
#9506=DIRECTION('center_axis',(0.,-1.,0.));
#9507=DIRECTION('ref_axis',(0.,0.,-1.));
#9508=DIRECTION('',(-1.,0.,0.));
#9509=DIRECTION('',(0.,0.,-1.));
#9510=DIRECTION('',(1.,0.,0.));
#9511=DIRECTION('',(0.,0.,1.));
#9512=DIRECTION('center_axis',(-1.,0.,0.));
#9513=DIRECTION('ref_axis',(0.,0.,1.));
#9514=DIRECTION('',(0.,-1.,0.));
#9515=DIRECTION('',(0.,0.,1.));
#9516=DIRECTION('',(0.,1.,0.));
#9517=DIRECTION('center_axis',(0.,0.,-1.));
#9518=DIRECTION('ref_axis',(-1.,0.,0.));
#9519=DIRECTION('',(-1.,0.,0.));
#9520=DIRECTION('',(0.,1.,0.));
#9521=DIRECTION('center_axis',(1.,0.,0.));
#9522=DIRECTION('ref_axis',(0.,0.,-1.));
#9523=DIRECTION('',(0.,0.,-1.));
#9524=DIRECTION('',(0.,1.,0.));
#9525=DIRECTION('center_axis',(0.,0.,1.));
#9526=DIRECTION('ref_axis',(1.,0.,0.));
#9527=DIRECTION('',(1.,0.,0.));
#9528=DIRECTION('center_axis',(0.,1.,0.));
#9529=DIRECTION('ref_axis',(0.,0.,1.));
#9530=DIRECTION('center_axis',(0.,-1.,0.));
#9531=DIRECTION('ref_axis',(0.,0.,-1.));
#9532=DIRECTION('',(-1.,0.,0.));
#9533=DIRECTION('',(0.,0.,-1.));
#9534=DIRECTION('',(1.,0.,0.));
#9535=DIRECTION('',(0.,0.,1.));
#9536=DIRECTION('center_axis',(-1.,0.,0.));
#9537=DIRECTION('ref_axis',(0.,0.,1.));
#9538=DIRECTION('',(0.,-1.,0.));
#9539=DIRECTION('',(0.,0.,1.));
#9540=DIRECTION('',(0.,1.,0.));
#9541=DIRECTION('center_axis',(0.,0.,-1.));
#9542=DIRECTION('ref_axis',(-1.,0.,0.));
#9543=DIRECTION('',(-1.,0.,0.));
#9544=DIRECTION('',(0.,1.,0.));
#9545=DIRECTION('center_axis',(1.,0.,0.));
#9546=DIRECTION('ref_axis',(0.,0.,-1.));
#9547=DIRECTION('',(0.,0.,-1.));
#9548=DIRECTION('',(0.,1.,0.));
#9549=DIRECTION('center_axis',(0.,0.,1.));
#9550=DIRECTION('ref_axis',(1.,0.,0.));
#9551=DIRECTION('',(1.,0.,0.));
#9552=DIRECTION('center_axis',(0.,1.,0.));
#9553=DIRECTION('ref_axis',(0.,0.,1.));
#9554=DIRECTION('center_axis',(0.,-1.,0.));
#9555=DIRECTION('ref_axis',(0.,0.,-1.));
#9556=DIRECTION('',(-1.,0.,0.));
#9557=DIRECTION('',(0.,0.,-1.));
#9558=DIRECTION('',(1.,0.,0.));
#9559=DIRECTION('',(0.,0.,1.));
#9560=DIRECTION('center_axis',(-1.,0.,0.));
#9561=DIRECTION('ref_axis',(0.,0.,1.));
#9562=DIRECTION('',(0.,-1.,0.));
#9563=DIRECTION('',(0.,0.,1.));
#9564=DIRECTION('',(0.,1.,0.));
#9565=DIRECTION('center_axis',(0.,0.,-1.));
#9566=DIRECTION('ref_axis',(-1.,0.,0.));
#9567=DIRECTION('',(-1.,0.,0.));
#9568=DIRECTION('',(0.,1.,0.));
#9569=DIRECTION('center_axis',(1.,0.,0.));
#9570=DIRECTION('ref_axis',(0.,0.,-1.));
#9571=DIRECTION('',(0.,0.,-1.));
#9572=DIRECTION('',(0.,1.,0.));
#9573=DIRECTION('center_axis',(0.,0.,1.));
#9574=DIRECTION('ref_axis',(1.,0.,0.));
#9575=DIRECTION('',(1.,0.,0.));
#9576=DIRECTION('center_axis',(0.,1.,0.));
#9577=DIRECTION('ref_axis',(0.,0.,1.));
#9578=DIRECTION('center_axis',(0.,-1.,0.));
#9579=DIRECTION('ref_axis',(0.,0.,-1.));
#9580=DIRECTION('',(-1.,0.,0.));
#9581=DIRECTION('',(0.,0.,-1.));
#9582=DIRECTION('',(1.,0.,0.));
#9583=DIRECTION('',(0.,0.,1.));
#9584=DIRECTION('center_axis',(-1.,0.,0.));
#9585=DIRECTION('ref_axis',(0.,0.,1.));
#9586=DIRECTION('',(0.,-1.,0.));
#9587=DIRECTION('',(0.,0.,1.));
#9588=DIRECTION('',(0.,1.,0.));
#9589=DIRECTION('center_axis',(0.,0.,-1.));
#9590=DIRECTION('ref_axis',(-1.,0.,0.));
#9591=DIRECTION('',(-1.,0.,0.));
#9592=DIRECTION('',(0.,1.,0.));
#9593=DIRECTION('center_axis',(1.,0.,0.));
#9594=DIRECTION('ref_axis',(0.,0.,-1.));
#9595=DIRECTION('',(0.,0.,-1.));
#9596=DIRECTION('',(0.,1.,0.));
#9597=DIRECTION('center_axis',(0.,0.,1.));
#9598=DIRECTION('ref_axis',(1.,0.,0.));
#9599=DIRECTION('',(1.,0.,0.));
#9600=DIRECTION('center_axis',(0.,1.,0.));
#9601=DIRECTION('ref_axis',(0.,0.,1.));
#9602=DIRECTION('center_axis',(0.,-1.,0.));
#9603=DIRECTION('ref_axis',(0.,0.,-1.));
#9604=DIRECTION('',(-1.,0.,0.));
#9605=DIRECTION('',(0.,0.,-1.));
#9606=DIRECTION('',(1.,0.,0.));
#9607=DIRECTION('',(0.,0.,1.));
#9608=DIRECTION('center_axis',(-1.,0.,0.));
#9609=DIRECTION('ref_axis',(0.,0.,1.));
#9610=DIRECTION('',(0.,-1.,0.));
#9611=DIRECTION('',(0.,0.,1.));
#9612=DIRECTION('',(0.,1.,0.));
#9613=DIRECTION('center_axis',(0.,0.,-1.));
#9614=DIRECTION('ref_axis',(-1.,0.,0.));
#9615=DIRECTION('',(-1.,0.,0.));
#9616=DIRECTION('',(0.,1.,0.));
#9617=DIRECTION('center_axis',(1.,0.,0.));
#9618=DIRECTION('ref_axis',(0.,0.,-1.));
#9619=DIRECTION('',(0.,0.,-1.));
#9620=DIRECTION('',(0.,1.,0.));
#9621=DIRECTION('center_axis',(0.,0.,1.));
#9622=DIRECTION('ref_axis',(1.,0.,0.));
#9623=DIRECTION('',(1.,0.,0.));
#9624=DIRECTION('center_axis',(0.,1.,0.));
#9625=DIRECTION('ref_axis',(0.,0.,1.));
#9626=DIRECTION('center_axis',(0.,-1.,0.));
#9627=DIRECTION('ref_axis',(0.,0.,-1.));
#9628=DIRECTION('',(-1.,0.,0.));
#9629=DIRECTION('',(0.,0.,-1.));
#9630=DIRECTION('',(1.,0.,0.));
#9631=DIRECTION('',(0.,0.,1.));
#9632=DIRECTION('center_axis',(-1.,0.,0.));
#9633=DIRECTION('ref_axis',(0.,0.,1.));
#9634=DIRECTION('',(0.,-1.,0.));
#9635=DIRECTION('',(0.,0.,1.));
#9636=DIRECTION('',(0.,1.,0.));
#9637=DIRECTION('center_axis',(0.,0.,-1.));
#9638=DIRECTION('ref_axis',(-1.,0.,0.));
#9639=DIRECTION('',(-1.,0.,0.));
#9640=DIRECTION('',(0.,1.,0.));
#9641=DIRECTION('center_axis',(1.,0.,0.));
#9642=DIRECTION('ref_axis',(0.,0.,-1.));
#9643=DIRECTION('',(0.,0.,-1.));
#9644=DIRECTION('',(0.,1.,0.));
#9645=DIRECTION('center_axis',(0.,0.,1.));
#9646=DIRECTION('ref_axis',(1.,0.,0.));
#9647=DIRECTION('',(1.,0.,0.));
#9648=DIRECTION('center_axis',(0.,1.,0.));
#9649=DIRECTION('ref_axis',(0.,0.,1.));
#9650=DIRECTION('center_axis',(0.,-1.,0.));
#9651=DIRECTION('ref_axis',(0.,0.,-1.));
#9652=DIRECTION('',(-1.,0.,0.));
#9653=DIRECTION('',(0.,0.,-1.));
#9654=DIRECTION('',(1.,0.,0.));
#9655=DIRECTION('',(0.,0.,1.));
#9656=DIRECTION('center_axis',(-1.,0.,0.));
#9657=DIRECTION('ref_axis',(0.,0.,1.));
#9658=DIRECTION('',(0.,-1.,0.));
#9659=DIRECTION('',(0.,0.,1.));
#9660=DIRECTION('',(0.,1.,0.));
#9661=DIRECTION('center_axis',(0.,0.,-1.));
#9662=DIRECTION('ref_axis',(-1.,0.,0.));
#9663=DIRECTION('',(-1.,0.,0.));
#9664=DIRECTION('',(0.,1.,0.));
#9665=DIRECTION('center_axis',(1.,0.,0.));
#9666=DIRECTION('ref_axis',(0.,0.,-1.));
#9667=DIRECTION('',(0.,0.,-1.));
#9668=DIRECTION('',(0.,1.,0.));
#9669=DIRECTION('center_axis',(0.,0.,1.));
#9670=DIRECTION('ref_axis',(1.,0.,0.));
#9671=DIRECTION('',(1.,0.,0.));
#9672=DIRECTION('center_axis',(0.,1.,0.));
#9673=DIRECTION('ref_axis',(0.,0.,1.));
#9674=DIRECTION('center_axis',(0.,-1.,0.));
#9675=DIRECTION('ref_axis',(0.,0.,-1.));
#9676=DIRECTION('',(-1.,0.,0.));
#9677=DIRECTION('',(0.,0.,-1.));
#9678=DIRECTION('',(1.,0.,0.));
#9679=DIRECTION('',(0.,0.,1.));
#9680=DIRECTION('center_axis',(-1.,0.,0.));
#9681=DIRECTION('ref_axis',(0.,0.,1.));
#9682=DIRECTION('',(0.,-1.,0.));
#9683=DIRECTION('',(0.,0.,1.));
#9684=DIRECTION('',(0.,1.,0.));
#9685=DIRECTION('center_axis',(0.,0.,-1.));
#9686=DIRECTION('ref_axis',(-1.,0.,0.));
#9687=DIRECTION('',(-1.,0.,0.));
#9688=DIRECTION('',(0.,1.,0.));
#9689=DIRECTION('center_axis',(1.,0.,0.));
#9690=DIRECTION('ref_axis',(0.,0.,-1.));
#9691=DIRECTION('',(0.,0.,-1.));
#9692=DIRECTION('',(0.,1.,0.));
#9693=DIRECTION('center_axis',(0.,0.,1.));
#9694=DIRECTION('ref_axis',(1.,0.,0.));
#9695=DIRECTION('',(1.,0.,0.));
#9696=DIRECTION('center_axis',(0.,1.,0.));
#9697=DIRECTION('ref_axis',(0.,0.,1.));
#9698=DIRECTION('center_axis',(0.,-1.,0.));
#9699=DIRECTION('ref_axis',(0.,0.,-1.));
#9700=DIRECTION('',(-1.,0.,0.));
#9701=DIRECTION('',(0.,0.,-1.));
#9702=DIRECTION('',(1.,0.,0.));
#9703=DIRECTION('',(0.,0.,1.));
#9704=DIRECTION('center_axis',(-1.,0.,0.));
#9705=DIRECTION('ref_axis',(0.,0.,1.));
#9706=DIRECTION('',(0.,-1.,0.));
#9707=DIRECTION('',(0.,0.,1.));
#9708=DIRECTION('',(0.,1.,0.));
#9709=DIRECTION('center_axis',(0.,0.,-1.));
#9710=DIRECTION('ref_axis',(-1.,0.,0.));
#9711=DIRECTION('',(-1.,0.,0.));
#9712=DIRECTION('',(0.,1.,0.));
#9713=DIRECTION('center_axis',(1.,0.,0.));
#9714=DIRECTION('ref_axis',(0.,0.,-1.));
#9715=DIRECTION('',(0.,0.,-1.));
#9716=DIRECTION('',(0.,1.,0.));
#9717=DIRECTION('center_axis',(0.,0.,1.));
#9718=DIRECTION('ref_axis',(1.,0.,0.));
#9719=DIRECTION('',(1.,0.,0.));
#9720=DIRECTION('center_axis',(0.,1.,0.));
#9721=DIRECTION('ref_axis',(0.,0.,1.));
#9722=DIRECTION('center_axis',(0.,-1.,0.));
#9723=DIRECTION('ref_axis',(0.,0.,-1.));
#9724=DIRECTION('',(-1.,0.,0.));
#9725=DIRECTION('',(0.,0.,-1.));
#9726=DIRECTION('',(1.,0.,0.));
#9727=DIRECTION('',(0.,0.,1.));
#9728=DIRECTION('center_axis',(-1.,0.,0.));
#9729=DIRECTION('ref_axis',(0.,0.,1.));
#9730=DIRECTION('',(0.,-1.,0.));
#9731=DIRECTION('',(0.,0.,1.));
#9732=DIRECTION('',(0.,1.,0.));
#9733=DIRECTION('center_axis',(0.,0.,-1.));
#9734=DIRECTION('ref_axis',(-1.,0.,0.));
#9735=DIRECTION('',(-1.,0.,0.));
#9736=DIRECTION('',(0.,1.,0.));
#9737=DIRECTION('center_axis',(1.,0.,0.));
#9738=DIRECTION('ref_axis',(0.,0.,-1.));
#9739=DIRECTION('',(0.,0.,-1.));
#9740=DIRECTION('',(0.,1.,0.));
#9741=DIRECTION('center_axis',(0.,0.,1.));
#9742=DIRECTION('ref_axis',(1.,0.,0.));
#9743=DIRECTION('',(1.,0.,0.));
#9744=DIRECTION('center_axis',(0.,1.,0.));
#9745=DIRECTION('ref_axis',(0.,0.,1.));
#9746=DIRECTION('center_axis',(0.,-1.,0.));
#9747=DIRECTION('ref_axis',(0.,0.,-1.));
#9748=DIRECTION('',(-1.,0.,0.));
#9749=DIRECTION('',(0.,0.,-1.));
#9750=DIRECTION('',(1.,0.,0.));
#9751=DIRECTION('',(0.,0.,1.));
#9752=DIRECTION('center_axis',(-1.,0.,0.));
#9753=DIRECTION('ref_axis',(0.,0.,1.));
#9754=DIRECTION('',(0.,-1.,0.));
#9755=DIRECTION('',(0.,0.,1.));
#9756=DIRECTION('',(0.,1.,0.));
#9757=DIRECTION('center_axis',(0.,0.,-1.));
#9758=DIRECTION('ref_axis',(-1.,0.,0.));
#9759=DIRECTION('',(-1.,0.,0.));
#9760=DIRECTION('',(0.,1.,0.));
#9761=DIRECTION('center_axis',(1.,0.,0.));
#9762=DIRECTION('ref_axis',(0.,0.,-1.));
#9763=DIRECTION('',(0.,0.,-1.));
#9764=DIRECTION('',(0.,1.,0.));
#9765=DIRECTION('center_axis',(0.,0.,1.));
#9766=DIRECTION('ref_axis',(1.,0.,0.));
#9767=DIRECTION('',(1.,0.,0.));
#9768=DIRECTION('center_axis',(0.,1.,0.));
#9769=DIRECTION('ref_axis',(0.,0.,1.));
#9770=DIRECTION('center_axis',(0.,-1.,0.));
#9771=DIRECTION('ref_axis',(0.,0.,-1.));
#9772=DIRECTION('',(-1.,0.,0.));
#9773=DIRECTION('',(0.,0.,-1.));
#9774=DIRECTION('',(1.,0.,0.));
#9775=DIRECTION('',(0.,0.,1.));
#9776=DIRECTION('center_axis',(-1.,0.,0.));
#9777=DIRECTION('ref_axis',(0.,0.,1.));
#9778=DIRECTION('',(0.,-1.,0.));
#9779=DIRECTION('',(0.,0.,1.));
#9780=DIRECTION('',(0.,1.,0.));
#9781=DIRECTION('center_axis',(0.,0.,-1.));
#9782=DIRECTION('ref_axis',(-1.,0.,0.));
#9783=DIRECTION('',(-1.,0.,0.));
#9784=DIRECTION('',(0.,1.,0.));
#9785=DIRECTION('center_axis',(1.,0.,0.));
#9786=DIRECTION('ref_axis',(0.,0.,-1.));
#9787=DIRECTION('',(0.,0.,-1.));
#9788=DIRECTION('',(0.,1.,0.));
#9789=DIRECTION('center_axis',(0.,0.,1.));
#9790=DIRECTION('ref_axis',(1.,0.,0.));
#9791=DIRECTION('',(1.,0.,0.));
#9792=DIRECTION('center_axis',(0.,1.,0.));
#9793=DIRECTION('ref_axis',(0.,0.,1.));
#9794=DIRECTION('center_axis',(0.,-1.,0.));
#9795=DIRECTION('ref_axis',(0.,0.,-1.));
#9796=DIRECTION('',(-1.,0.,0.));
#9797=DIRECTION('',(0.,0.,-1.));
#9798=DIRECTION('',(1.,0.,0.));
#9799=DIRECTION('',(0.,0.,1.));
#9800=DIRECTION('center_axis',(-1.,0.,0.));
#9801=DIRECTION('ref_axis',(0.,0.,1.));
#9802=DIRECTION('',(0.,-1.,0.));
#9803=DIRECTION('',(0.,0.,1.));
#9804=DIRECTION('',(0.,1.,0.));
#9805=DIRECTION('center_axis',(0.,0.,-1.));
#9806=DIRECTION('ref_axis',(-1.,0.,0.));
#9807=DIRECTION('',(-1.,0.,0.));
#9808=DIRECTION('',(0.,1.,0.));
#9809=DIRECTION('center_axis',(1.,0.,0.));
#9810=DIRECTION('ref_axis',(0.,0.,-1.));
#9811=DIRECTION('',(0.,0.,-1.));
#9812=DIRECTION('',(0.,1.,0.));
#9813=DIRECTION('center_axis',(0.,0.,1.));
#9814=DIRECTION('ref_axis',(1.,0.,0.));
#9815=DIRECTION('',(1.,0.,0.));
#9816=DIRECTION('center_axis',(0.,1.,0.));
#9817=DIRECTION('ref_axis',(0.,0.,1.));
#9818=DIRECTION('center_axis',(0.,-1.,0.));
#9819=DIRECTION('ref_axis',(0.,0.,-1.));
#9820=DIRECTION('',(-1.,0.,0.));
#9821=DIRECTION('',(0.,0.,-1.));
#9822=DIRECTION('',(1.,0.,0.));
#9823=DIRECTION('',(0.,0.,1.));
#9824=DIRECTION('center_axis',(-1.,0.,0.));
#9825=DIRECTION('ref_axis',(0.,0.,1.));
#9826=DIRECTION('',(0.,-1.,0.));
#9827=DIRECTION('',(0.,0.,1.));
#9828=DIRECTION('',(0.,1.,0.));
#9829=DIRECTION('center_axis',(0.,0.,-1.));
#9830=DIRECTION('ref_axis',(-1.,0.,0.));
#9831=DIRECTION('',(-1.,0.,0.));
#9832=DIRECTION('',(0.,1.,0.));
#9833=DIRECTION('center_axis',(1.,0.,0.));
#9834=DIRECTION('ref_axis',(0.,0.,-1.));
#9835=DIRECTION('',(0.,0.,-1.));
#9836=DIRECTION('',(0.,1.,0.));
#9837=DIRECTION('center_axis',(0.,0.,1.));
#9838=DIRECTION('ref_axis',(1.,0.,0.));
#9839=DIRECTION('',(1.,0.,0.));
#9840=DIRECTION('center_axis',(0.,1.,0.));
#9841=DIRECTION('ref_axis',(0.,0.,1.));
#9842=DIRECTION('center_axis',(0.,-1.,0.));
#9843=DIRECTION('ref_axis',(0.,0.,-1.));
#9844=DIRECTION('',(-1.,0.,0.));
#9845=DIRECTION('',(0.,0.,-1.));
#9846=DIRECTION('',(1.,0.,0.));
#9847=DIRECTION('',(0.,0.,1.));
#9848=DIRECTION('center_axis',(-1.,0.,0.));
#9849=DIRECTION('ref_axis',(0.,0.,1.));
#9850=DIRECTION('',(0.,-1.,0.));
#9851=DIRECTION('',(0.,0.,1.));
#9852=DIRECTION('',(0.,1.,0.));
#9853=DIRECTION('center_axis',(0.,0.,-1.));
#9854=DIRECTION('ref_axis',(-1.,0.,0.));
#9855=DIRECTION('',(-1.,0.,0.));
#9856=DIRECTION('',(0.,1.,0.));
#9857=DIRECTION('center_axis',(1.,0.,0.));
#9858=DIRECTION('ref_axis',(0.,0.,-1.));
#9859=DIRECTION('',(0.,0.,-1.));
#9860=DIRECTION('',(0.,1.,0.));
#9861=DIRECTION('center_axis',(0.,0.,1.));
#9862=DIRECTION('ref_axis',(1.,0.,0.));
#9863=DIRECTION('',(1.,0.,0.));
#9864=DIRECTION('center_axis',(0.,1.,0.));
#9865=DIRECTION('ref_axis',(0.,0.,1.));
#9866=DIRECTION('center_axis',(0.,-1.,0.));
#9867=DIRECTION('ref_axis',(0.,0.,-1.));
#9868=DIRECTION('',(-1.,0.,0.));
#9869=DIRECTION('',(0.,0.,-1.));
#9870=DIRECTION('',(1.,0.,0.));
#9871=DIRECTION('',(0.,0.,1.));
#9872=DIRECTION('center_axis',(-1.,0.,0.));
#9873=DIRECTION('ref_axis',(0.,0.,1.));
#9874=DIRECTION('',(0.,-1.,0.));
#9875=DIRECTION('',(0.,0.,1.));
#9876=DIRECTION('',(0.,1.,0.));
#9877=DIRECTION('center_axis',(0.,0.,-1.));
#9878=DIRECTION('ref_axis',(-1.,0.,0.));
#9879=DIRECTION('',(-1.,0.,0.));
#9880=DIRECTION('',(0.,1.,0.));
#9881=DIRECTION('center_axis',(1.,0.,0.));
#9882=DIRECTION('ref_axis',(0.,0.,-1.));
#9883=DIRECTION('',(0.,0.,-1.));
#9884=DIRECTION('',(0.,1.,0.));
#9885=DIRECTION('center_axis',(0.,0.,1.));
#9886=DIRECTION('ref_axis',(1.,0.,0.));
#9887=DIRECTION('',(1.,0.,0.));
#9888=DIRECTION('center_axis',(0.,1.,0.));
#9889=DIRECTION('ref_axis',(0.,0.,1.));
#9890=DIRECTION('center_axis',(0.,-1.,0.));
#9891=DIRECTION('ref_axis',(0.,0.,-1.));
#9892=DIRECTION('',(-1.,0.,0.));
#9893=DIRECTION('',(0.,0.,-1.));
#9894=DIRECTION('',(1.,0.,0.));
#9895=DIRECTION('',(0.,0.,1.));
#9896=DIRECTION('center_axis',(-1.,0.,0.));
#9897=DIRECTION('ref_axis',(0.,0.,1.));
#9898=DIRECTION('',(0.,-1.,0.));
#9899=DIRECTION('',(0.,0.,1.));
#9900=DIRECTION('',(0.,1.,0.));
#9901=DIRECTION('center_axis',(0.,0.,-1.));
#9902=DIRECTION('ref_axis',(-1.,0.,0.));
#9903=DIRECTION('',(-1.,0.,0.));
#9904=DIRECTION('',(0.,1.,0.));
#9905=DIRECTION('center_axis',(1.,0.,0.));
#9906=DIRECTION('ref_axis',(0.,0.,-1.));
#9907=DIRECTION('',(0.,0.,-1.));
#9908=DIRECTION('',(0.,1.,0.));
#9909=DIRECTION('center_axis',(0.,0.,1.));
#9910=DIRECTION('ref_axis',(1.,0.,0.));
#9911=DIRECTION('',(1.,0.,0.));
#9912=DIRECTION('center_axis',(0.,1.,0.));
#9913=DIRECTION('ref_axis',(0.,0.,1.));
#9914=DIRECTION('center_axis',(0.,-1.,0.));
#9915=DIRECTION('ref_axis',(0.,0.,-1.));
#9916=DIRECTION('',(-1.,0.,0.));
#9917=DIRECTION('',(0.,0.,-1.));
#9918=DIRECTION('',(1.,0.,0.));
#9919=DIRECTION('',(0.,0.,1.));
#9920=DIRECTION('center_axis',(-1.,0.,0.));
#9921=DIRECTION('ref_axis',(0.,0.,1.));
#9922=DIRECTION('',(0.,-1.,0.));
#9923=DIRECTION('',(0.,0.,1.));
#9924=DIRECTION('',(0.,1.,0.));
#9925=DIRECTION('center_axis',(0.,0.,-1.));
#9926=DIRECTION('ref_axis',(-1.,0.,0.));
#9927=DIRECTION('',(-1.,0.,0.));
#9928=DIRECTION('',(0.,1.,0.));
#9929=DIRECTION('center_axis',(1.,0.,0.));
#9930=DIRECTION('ref_axis',(0.,0.,-1.));
#9931=DIRECTION('',(0.,0.,-1.));
#9932=DIRECTION('',(0.,1.,0.));
#9933=DIRECTION('center_axis',(0.,0.,1.));
#9934=DIRECTION('ref_axis',(1.,0.,0.));
#9935=DIRECTION('',(1.,0.,0.));
#9936=DIRECTION('center_axis',(0.,1.,0.));
#9937=DIRECTION('ref_axis',(0.,0.,1.));
#9938=DIRECTION('center_axis',(0.,-1.,0.));
#9939=DIRECTION('ref_axis',(0.,0.,-1.));
#9940=DIRECTION('',(-1.,0.,0.));
#9941=DIRECTION('',(0.,0.,-1.));
#9942=DIRECTION('',(1.,0.,0.));
#9943=DIRECTION('',(0.,0.,1.));
#9944=DIRECTION('center_axis',(-1.,0.,0.));
#9945=DIRECTION('ref_axis',(0.,0.,1.));
#9946=DIRECTION('',(0.,-1.,0.));
#9947=DIRECTION('',(0.,0.,1.));
#9948=DIRECTION('',(0.,1.,0.));
#9949=DIRECTION('center_axis',(0.,0.,-1.));
#9950=DIRECTION('ref_axis',(-1.,0.,0.));
#9951=DIRECTION('',(-1.,0.,0.));
#9952=DIRECTION('',(0.,1.,0.));
#9953=DIRECTION('center_axis',(1.,0.,0.));
#9954=DIRECTION('ref_axis',(0.,0.,-1.));
#9955=DIRECTION('',(0.,0.,-1.));
#9956=DIRECTION('',(0.,1.,0.));
#9957=DIRECTION('center_axis',(0.,0.,1.));
#9958=DIRECTION('ref_axis',(1.,0.,0.));
#9959=DIRECTION('',(1.,0.,0.));
#9960=DIRECTION('center_axis',(0.,1.,0.));
#9961=DIRECTION('ref_axis',(0.,0.,1.));
#9962=DIRECTION('center_axis',(0.,-1.,0.));
#9963=DIRECTION('ref_axis',(0.,0.,-1.));
#9964=DIRECTION('',(-1.,0.,0.));
#9965=DIRECTION('',(0.,0.,-1.));
#9966=DIRECTION('',(1.,0.,0.));
#9967=DIRECTION('',(0.,0.,1.));
#9968=DIRECTION('center_axis',(-1.,0.,0.));
#9969=DIRECTION('ref_axis',(0.,0.,1.));
#9970=DIRECTION('',(0.,-1.,0.));
#9971=DIRECTION('',(0.,0.,1.));
#9972=DIRECTION('',(0.,1.,0.));
#9973=DIRECTION('center_axis',(0.,0.,-1.));
#9974=DIRECTION('ref_axis',(-1.,0.,0.));
#9975=DIRECTION('',(-1.,0.,0.));
#9976=DIRECTION('',(0.,1.,0.));
#9977=DIRECTION('center_axis',(1.,0.,0.));
#9978=DIRECTION('ref_axis',(0.,0.,-1.));
#9979=DIRECTION('',(0.,0.,-1.));
#9980=DIRECTION('',(0.,1.,0.));
#9981=DIRECTION('center_axis',(0.,0.,1.));
#9982=DIRECTION('ref_axis',(1.,0.,0.));
#9983=DIRECTION('',(1.,0.,0.));
#9984=DIRECTION('center_axis',(0.,1.,0.));
#9985=DIRECTION('ref_axis',(0.,0.,1.));
#9986=DIRECTION('center_axis',(0.,-1.,0.));
#9987=DIRECTION('ref_axis',(0.,0.,-1.));
#9988=DIRECTION('',(-1.,0.,0.));
#9989=DIRECTION('',(0.,0.,-1.));
#9990=DIRECTION('',(1.,0.,0.));
#9991=DIRECTION('',(0.,0.,1.));
#9992=DIRECTION('center_axis',(-1.,0.,0.));
#9993=DIRECTION('ref_axis',(0.,0.,1.));
#9994=DIRECTION('',(0.,-1.,0.));
#9995=DIRECTION('',(0.,0.,1.));
#9996=DIRECTION('',(0.,1.,0.));
#9997=DIRECTION('center_axis',(0.,0.,-1.));
#9998=DIRECTION('ref_axis',(-1.,0.,0.));
#9999=DIRECTION('',(-1.,0.,0.));
#10000=DIRECTION('',(0.,1.,0.));
#10001=DIRECTION('center_axis',(1.,0.,0.));
#10002=DIRECTION('ref_axis',(0.,0.,-1.));
#10003=DIRECTION('',(0.,0.,-1.));
#10004=DIRECTION('',(0.,1.,0.));
#10005=DIRECTION('center_axis',(0.,0.,1.));
#10006=DIRECTION('ref_axis',(1.,0.,0.));
#10007=DIRECTION('',(1.,0.,0.));
#10008=DIRECTION('center_axis',(0.,1.,0.));
#10009=DIRECTION('ref_axis',(0.,0.,1.));
#10010=DIRECTION('center_axis',(0.,-1.,0.));
#10011=DIRECTION('ref_axis',(0.,0.,-1.));
#10012=DIRECTION('',(-1.,0.,0.));
#10013=DIRECTION('',(0.,0.,-1.));
#10014=DIRECTION('',(1.,0.,0.));
#10015=DIRECTION('',(0.,0.,1.));
#10016=DIRECTION('center_axis',(-1.,0.,0.));
#10017=DIRECTION('ref_axis',(0.,0.,1.));
#10018=DIRECTION('',(0.,-1.,0.));
#10019=DIRECTION('',(0.,0.,1.));
#10020=DIRECTION('',(0.,1.,0.));
#10021=DIRECTION('center_axis',(0.,0.,-1.));
#10022=DIRECTION('ref_axis',(-1.,0.,0.));
#10023=DIRECTION('',(-1.,0.,0.));
#10024=DIRECTION('',(0.,1.,0.));
#10025=DIRECTION('center_axis',(1.,0.,0.));
#10026=DIRECTION('ref_axis',(0.,0.,-1.));
#10027=DIRECTION('',(0.,0.,-1.));
#10028=DIRECTION('',(0.,1.,0.));
#10029=DIRECTION('center_axis',(0.,0.,1.));
#10030=DIRECTION('ref_axis',(1.,0.,0.));
#10031=DIRECTION('',(1.,0.,0.));
#10032=DIRECTION('center_axis',(0.,1.,0.));
#10033=DIRECTION('ref_axis',(0.,0.,1.));
#10034=DIRECTION('center_axis',(0.,-1.,0.));
#10035=DIRECTION('ref_axis',(0.,0.,-1.));
#10036=DIRECTION('',(-1.,0.,0.));
#10037=DIRECTION('',(0.,0.,-1.));
#10038=DIRECTION('',(1.,0.,0.));
#10039=DIRECTION('',(0.,0.,1.));
#10040=DIRECTION('center_axis',(-1.,0.,0.));
#10041=DIRECTION('ref_axis',(0.,0.,1.));
#10042=DIRECTION('',(0.,-1.,0.));
#10043=DIRECTION('',(0.,0.,1.));
#10044=DIRECTION('',(0.,1.,0.));
#10045=DIRECTION('center_axis',(0.,0.,-1.));
#10046=DIRECTION('ref_axis',(-1.,0.,0.));
#10047=DIRECTION('',(-1.,0.,0.));
#10048=DIRECTION('',(0.,1.,0.));
#10049=DIRECTION('center_axis',(1.,0.,0.));
#10050=DIRECTION('ref_axis',(0.,0.,-1.));
#10051=DIRECTION('',(0.,0.,-1.));
#10052=DIRECTION('',(0.,1.,0.));
#10053=DIRECTION('center_axis',(0.,0.,1.));
#10054=DIRECTION('ref_axis',(1.,0.,0.));
#10055=DIRECTION('',(1.,0.,0.));
#10056=DIRECTION('center_axis',(0.,1.,0.));
#10057=DIRECTION('ref_axis',(0.,0.,1.));
#10058=DIRECTION('center_axis',(0.,-1.,0.));
#10059=DIRECTION('ref_axis',(0.,0.,-1.));
#10060=DIRECTION('',(-1.,0.,0.));
#10061=DIRECTION('',(0.,0.,-1.));
#10062=DIRECTION('',(1.,0.,0.));
#10063=DIRECTION('',(0.,0.,1.));
#10064=DIRECTION('center_axis',(-1.,0.,0.));
#10065=DIRECTION('ref_axis',(0.,0.,1.));
#10066=DIRECTION('',(0.,-1.,0.));
#10067=DIRECTION('',(0.,0.,1.));
#10068=DIRECTION('',(0.,1.,0.));
#10069=DIRECTION('center_axis',(0.,0.,-1.));
#10070=DIRECTION('ref_axis',(-1.,0.,0.));
#10071=DIRECTION('',(-1.,0.,0.));
#10072=DIRECTION('',(0.,1.,0.));
#10073=DIRECTION('center_axis',(1.,0.,0.));
#10074=DIRECTION('ref_axis',(0.,0.,-1.));
#10075=DIRECTION('',(0.,0.,-1.));
#10076=DIRECTION('',(0.,1.,0.));
#10077=DIRECTION('center_axis',(0.,0.,1.));
#10078=DIRECTION('ref_axis',(1.,0.,0.));
#10079=DIRECTION('',(1.,0.,0.));
#10080=DIRECTION('center_axis',(0.,1.,0.));
#10081=DIRECTION('ref_axis',(0.,0.,1.));
#10082=DIRECTION('center_axis',(0.,-1.,0.));
#10083=DIRECTION('ref_axis',(0.,0.,-1.));
#10084=DIRECTION('',(-1.,0.,0.));
#10085=DIRECTION('',(0.,0.,-1.));
#10086=DIRECTION('',(1.,0.,0.));
#10087=DIRECTION('',(0.,0.,1.));
#10088=DIRECTION('center_axis',(-1.,0.,0.));
#10089=DIRECTION('ref_axis',(0.,0.,1.));
#10090=DIRECTION('',(0.,-1.,0.));
#10091=DIRECTION('',(0.,0.,1.));
#10092=DIRECTION('',(0.,1.,0.));
#10093=DIRECTION('center_axis',(0.,0.,-1.));
#10094=DIRECTION('ref_axis',(-1.,0.,0.));
#10095=DIRECTION('',(-1.,0.,0.));
#10096=DIRECTION('',(0.,1.,0.));
#10097=DIRECTION('center_axis',(1.,0.,0.));
#10098=DIRECTION('ref_axis',(0.,0.,-1.));
#10099=DIRECTION('',(0.,0.,-1.));
#10100=DIRECTION('',(0.,1.,0.));
#10101=DIRECTION('center_axis',(0.,0.,1.));
#10102=DIRECTION('ref_axis',(1.,0.,0.));
#10103=DIRECTION('',(1.,0.,0.));
#10104=DIRECTION('center_axis',(0.,1.,0.));
#10105=DIRECTION('ref_axis',(0.,0.,1.));
#10106=DIRECTION('center_axis',(0.,-1.,0.));
#10107=DIRECTION('ref_axis',(0.,0.,-1.));
#10108=DIRECTION('',(1.,0.,0.));
#10109=DIRECTION('',(0.,0.,1.));
#10110=DIRECTION('',(-1.,0.,0.));
#10111=DIRECTION('',(0.,0.,-1.));
#10112=DIRECTION('center_axis',(1.,0.,0.));
#10113=DIRECTION('ref_axis',(0.,0.,-1.));
#10114=DIRECTION('',(0.,-1.,0.));
#10115=DIRECTION('',(0.,0.,-1.));
#10116=DIRECTION('',(0.,1.,0.));
#10117=DIRECTION('center_axis',(0.,0.,1.));
#10118=DIRECTION('ref_axis',(1.,0.,0.));
#10119=DIRECTION('',(1.,0.,0.));
#10120=DIRECTION('',(0.,1.,0.));
#10121=DIRECTION('center_axis',(-1.,0.,0.));
#10122=DIRECTION('ref_axis',(0.,0.,1.));
#10123=DIRECTION('',(0.,0.,1.));
#10124=DIRECTION('',(0.,1.,0.));
#10125=DIRECTION('center_axis',(0.,0.,-1.));
#10126=DIRECTION('ref_axis',(-1.,0.,0.));
#10127=DIRECTION('',(-1.,0.,0.));
#10128=DIRECTION('center_axis',(0.,1.,0.));
#10129=DIRECTION('ref_axis',(0.,0.,1.));
#10130=DIRECTION('center_axis',(0.,-1.,0.));
#10131=DIRECTION('ref_axis',(0.,0.,-1.));
#10132=DIRECTION('',(1.,0.,0.));
#10133=DIRECTION('',(0.,0.,1.));
#10134=DIRECTION('',(-1.,0.,0.));
#10135=DIRECTION('',(0.,0.,-1.));
#10136=DIRECTION('center_axis',(1.,0.,0.));
#10137=DIRECTION('ref_axis',(0.,0.,-1.));
#10138=DIRECTION('',(0.,-1.,0.));
#10139=DIRECTION('',(0.,0.,-1.));
#10140=DIRECTION('',(0.,1.,0.));
#10141=DIRECTION('center_axis',(0.,0.,1.));
#10142=DIRECTION('ref_axis',(1.,0.,0.));
#10143=DIRECTION('',(1.,0.,0.));
#10144=DIRECTION('',(0.,1.,0.));
#10145=DIRECTION('center_axis',(-1.,0.,0.));
#10146=DIRECTION('ref_axis',(0.,0.,1.));
#10147=DIRECTION('',(0.,0.,1.));
#10148=DIRECTION('',(0.,1.,0.));
#10149=DIRECTION('center_axis',(0.,0.,-1.));
#10150=DIRECTION('ref_axis',(-1.,0.,0.));
#10151=DIRECTION('',(-1.,0.,0.));
#10152=DIRECTION('center_axis',(0.,1.,0.));
#10153=DIRECTION('ref_axis',(0.,0.,1.));
#10154=DIRECTION('center_axis',(0.,-1.,0.));
#10155=DIRECTION('ref_axis',(0.,0.,-1.));
#10156=DIRECTION('',(-1.,0.,0.));
#10157=DIRECTION('',(0.,0.,-1.));
#10158=DIRECTION('',(1.,0.,0.));
#10159=DIRECTION('',(0.,0.,1.));
#10160=DIRECTION('center_axis',(-1.,0.,0.));
#10161=DIRECTION('ref_axis',(0.,0.,1.));
#10162=DIRECTION('',(0.,-1.,0.));
#10163=DIRECTION('',(0.,0.,1.));
#10164=DIRECTION('',(0.,1.,0.));
#10165=DIRECTION('center_axis',(0.,0.,-1.));
#10166=DIRECTION('ref_axis',(-1.,0.,0.));
#10167=DIRECTION('',(-1.,0.,0.));
#10168=DIRECTION('',(0.,1.,0.));
#10169=DIRECTION('center_axis',(1.,0.,0.));
#10170=DIRECTION('ref_axis',(0.,0.,-1.));
#10171=DIRECTION('',(0.,0.,-1.));
#10172=DIRECTION('',(0.,1.,0.));
#10173=DIRECTION('center_axis',(0.,0.,1.));
#10174=DIRECTION('ref_axis',(1.,0.,0.));
#10175=DIRECTION('',(1.,0.,0.));
#10176=DIRECTION('center_axis',(0.,1.,0.));
#10177=DIRECTION('ref_axis',(0.,0.,1.));
#10178=DIRECTION('center_axis',(0.,-1.,0.));
#10179=DIRECTION('ref_axis',(0.,0.,-1.));
#10180=DIRECTION('',(-1.,0.,0.));
#10181=DIRECTION('',(0.,0.,-1.));
#10182=DIRECTION('',(1.,0.,0.));
#10183=DIRECTION('',(0.,0.,1.));
#10184=DIRECTION('center_axis',(-1.,0.,0.));
#10185=DIRECTION('ref_axis',(0.,0.,1.));
#10186=DIRECTION('',(0.,-1.,0.));
#10187=DIRECTION('',(0.,0.,1.));
#10188=DIRECTION('',(0.,1.,0.));
#10189=DIRECTION('center_axis',(0.,0.,-1.));
#10190=DIRECTION('ref_axis',(-1.,0.,0.));
#10191=DIRECTION('',(-1.,0.,0.));
#10192=DIRECTION('',(0.,1.,0.));
#10193=DIRECTION('center_axis',(1.,0.,0.));
#10194=DIRECTION('ref_axis',(0.,0.,-1.));
#10195=DIRECTION('',(0.,0.,-1.));
#10196=DIRECTION('',(0.,1.,0.));
#10197=DIRECTION('center_axis',(0.,0.,1.));
#10198=DIRECTION('ref_axis',(1.,0.,0.));
#10199=DIRECTION('',(1.,0.,0.));
#10200=DIRECTION('center_axis',(0.,1.,0.));
#10201=DIRECTION('ref_axis',(0.,0.,1.));
#10202=DIRECTION('center_axis',(0.,-1.,0.));
#10203=DIRECTION('ref_axis',(0.,0.,-1.));
#10204=DIRECTION('',(-1.,0.,0.));
#10205=DIRECTION('',(0.,0.,-1.));
#10206=DIRECTION('',(1.,0.,0.));
#10207=DIRECTION('',(0.,0.,1.));
#10208=DIRECTION('center_axis',(-1.,0.,0.));
#10209=DIRECTION('ref_axis',(0.,0.,1.));
#10210=DIRECTION('',(0.,-1.,0.));
#10211=DIRECTION('',(0.,0.,1.));
#10212=DIRECTION('',(0.,1.,0.));
#10213=DIRECTION('center_axis',(0.,0.,-1.));
#10214=DIRECTION('ref_axis',(-1.,0.,0.));
#10215=DIRECTION('',(-1.,0.,0.));
#10216=DIRECTION('',(0.,1.,0.));
#10217=DIRECTION('center_axis',(1.,0.,0.));
#10218=DIRECTION('ref_axis',(0.,0.,-1.));
#10219=DIRECTION('',(0.,0.,-1.));
#10220=DIRECTION('',(0.,1.,0.));
#10221=DIRECTION('center_axis',(0.,0.,1.));
#10222=DIRECTION('ref_axis',(1.,0.,0.));
#10223=DIRECTION('',(1.,0.,0.));
#10224=DIRECTION('center_axis',(0.,1.,0.));
#10225=DIRECTION('ref_axis',(0.,0.,1.));
#10226=DIRECTION('center_axis',(0.,-1.,0.));
#10227=DIRECTION('ref_axis',(0.,0.,-1.));
#10228=DIRECTION('',(-1.,0.,0.));
#10229=DIRECTION('',(0.,0.,-1.));
#10230=DIRECTION('',(1.,0.,0.));
#10231=DIRECTION('',(0.,0.,1.));
#10232=DIRECTION('center_axis',(-1.,0.,0.));
#10233=DIRECTION('ref_axis',(0.,0.,1.));
#10234=DIRECTION('',(0.,-1.,0.));
#10235=DIRECTION('',(0.,0.,1.));
#10236=DIRECTION('',(0.,1.,0.));
#10237=DIRECTION('center_axis',(0.,0.,-1.));
#10238=DIRECTION('ref_axis',(-1.,0.,0.));
#10239=DIRECTION('',(-1.,0.,0.));
#10240=DIRECTION('',(0.,1.,0.));
#10241=DIRECTION('center_axis',(1.,0.,0.));
#10242=DIRECTION('ref_axis',(0.,0.,-1.));
#10243=DIRECTION('',(0.,0.,-1.));
#10244=DIRECTION('',(0.,1.,0.));
#10245=DIRECTION('center_axis',(0.,0.,1.));
#10246=DIRECTION('ref_axis',(1.,0.,0.));
#10247=DIRECTION('',(1.,0.,0.));
#10248=DIRECTION('center_axis',(0.,1.,0.));
#10249=DIRECTION('ref_axis',(0.,0.,1.));
#10250=DIRECTION('center_axis',(0.,-1.,0.));
#10251=DIRECTION('ref_axis',(0.,0.,-1.));
#10252=DIRECTION('',(-1.,0.,0.));
#10253=DIRECTION('',(0.,0.,-1.));
#10254=DIRECTION('',(1.,0.,0.));
#10255=DIRECTION('',(0.,0.,1.));
#10256=DIRECTION('center_axis',(-1.,0.,0.));
#10257=DIRECTION('ref_axis',(0.,0.,1.));
#10258=DIRECTION('',(0.,-1.,0.));
#10259=DIRECTION('',(0.,0.,1.));
#10260=DIRECTION('',(0.,1.,0.));
#10261=DIRECTION('center_axis',(0.,0.,-1.));
#10262=DIRECTION('ref_axis',(-1.,0.,0.));
#10263=DIRECTION('',(-1.,0.,0.));
#10264=DIRECTION('',(0.,1.,0.));
#10265=DIRECTION('center_axis',(1.,0.,0.));
#10266=DIRECTION('ref_axis',(0.,0.,-1.));
#10267=DIRECTION('',(0.,0.,-1.));
#10268=DIRECTION('',(0.,1.,0.));
#10269=DIRECTION('center_axis',(0.,0.,1.));
#10270=DIRECTION('ref_axis',(1.,0.,0.));
#10271=DIRECTION('',(1.,0.,0.));
#10272=DIRECTION('center_axis',(0.,1.,0.));
#10273=DIRECTION('ref_axis',(0.,0.,1.));
#10274=DIRECTION('center_axis',(0.,-1.,0.));
#10275=DIRECTION('ref_axis',(0.,0.,-1.));
#10276=DIRECTION('',(0.,0.,-1.));
#10277=DIRECTION('',(1.,0.,0.));
#10278=DIRECTION('',(0.,0.,1.));
#10279=DIRECTION('',(-1.,0.,0.));
#10280=DIRECTION('center_axis',(0.,0.,-1.));
#10281=DIRECTION('ref_axis',(-1.,0.,0.));
#10282=DIRECTION('',(0.,-1.,0.));
#10283=DIRECTION('',(-1.,0.,0.));
#10284=DIRECTION('',(0.,1.,0.));
#10285=DIRECTION('center_axis',(1.,0.,0.));
#10286=DIRECTION('ref_axis',(0.,0.,-1.));
#10287=DIRECTION('',(0.,0.,-1.));
#10288=DIRECTION('',(0.,1.,0.));
#10289=DIRECTION('center_axis',(0.,0.,1.));
#10290=DIRECTION('ref_axis',(1.,0.,0.));
#10291=DIRECTION('',(1.,0.,0.));
#10292=DIRECTION('',(0.,1.,0.));
#10293=DIRECTION('center_axis',(-1.,0.,0.));
#10294=DIRECTION('ref_axis',(0.,0.,1.));
#10295=DIRECTION('',(0.,0.,1.));
#10296=DIRECTION('center_axis',(0.,1.,0.));
#10297=DIRECTION('ref_axis',(0.,0.,1.));
#10298=DIRECTION('center_axis',(0.,-1.,0.));
#10299=DIRECTION('ref_axis',(0.,0.,-1.));
#10300=DIRECTION('',(1.,0.,0.));
#10301=DIRECTION('',(0.,0.,1.));
#10302=DIRECTION('',(-1.,0.,0.));
#10303=DIRECTION('',(0.,0.,-1.));
#10304=DIRECTION('center_axis',(1.,0.,0.));
#10305=DIRECTION('ref_axis',(0.,0.,-1.));
#10306=DIRECTION('',(0.,-1.,0.));
#10307=DIRECTION('',(0.,0.,-1.));
#10308=DIRECTION('',(0.,1.,0.));
#10309=DIRECTION('center_axis',(0.,0.,1.));
#10310=DIRECTION('ref_axis',(1.,0.,0.));
#10311=DIRECTION('',(1.,0.,0.));
#10312=DIRECTION('',(0.,1.,0.));
#10313=DIRECTION('center_axis',(-1.,0.,0.));
#10314=DIRECTION('ref_axis',(0.,0.,1.));
#10315=DIRECTION('',(0.,0.,1.));
#10316=DIRECTION('',(0.,1.,0.));
#10317=DIRECTION('center_axis',(0.,0.,-1.));
#10318=DIRECTION('ref_axis',(-1.,0.,0.));
#10319=DIRECTION('',(-1.,0.,0.));
#10320=DIRECTION('center_axis',(0.,1.,0.));
#10321=DIRECTION('ref_axis',(0.,0.,1.));
#10322=DIRECTION('center_axis',(0.,-1.,0.));
#10323=DIRECTION('ref_axis',(0.,0.,-1.));
#10324=DIRECTION('',(0.,0.,1.));
#10325=DIRECTION('',(-1.,0.,0.));
#10326=DIRECTION('',(0.,0.,-1.));
#10327=DIRECTION('',(1.,0.,0.));
#10328=DIRECTION('center_axis',(0.,0.,1.));
#10329=DIRECTION('ref_axis',(1.,0.,0.));
#10330=DIRECTION('',(0.,-1.,0.));
#10331=DIRECTION('',(1.,0.,0.));
#10332=DIRECTION('',(0.,1.,0.));
#10333=DIRECTION('center_axis',(-1.,0.,0.));
#10334=DIRECTION('ref_axis',(0.,0.,1.));
#10335=DIRECTION('',(0.,0.,1.));
#10336=DIRECTION('',(0.,1.,0.));
#10337=DIRECTION('center_axis',(0.,0.,-1.));
#10338=DIRECTION('ref_axis',(-1.,0.,0.));
#10339=DIRECTION('',(-1.,0.,0.));
#10340=DIRECTION('',(0.,1.,0.));
#10341=DIRECTION('center_axis',(1.,0.,0.));
#10342=DIRECTION('ref_axis',(0.,0.,-1.));
#10343=DIRECTION('',(0.,0.,-1.));
#10344=DIRECTION('center_axis',(0.,1.,0.));
#10345=DIRECTION('ref_axis',(0.,0.,1.));
#10346=DIRECTION('center_axis',(0.,-1.,0.));
#10347=DIRECTION('ref_axis',(0.,0.,-1.));
#10348=DIRECTION('',(-1.,0.,0.));
#10349=DIRECTION('',(0.,0.,-1.));
#10350=DIRECTION('',(1.,0.,0.));
#10351=DIRECTION('',(0.,0.,1.));
#10352=DIRECTION('center_axis',(-1.,0.,0.));
#10353=DIRECTION('ref_axis',(0.,0.,1.));
#10354=DIRECTION('',(0.,-1.,0.));
#10355=DIRECTION('',(0.,0.,1.));
#10356=DIRECTION('',(0.,1.,0.));
#10357=DIRECTION('center_axis',(0.,0.,-1.));
#10358=DIRECTION('ref_axis',(-1.,0.,0.));
#10359=DIRECTION('',(-1.,0.,0.));
#10360=DIRECTION('',(0.,1.,0.));
#10361=DIRECTION('center_axis',(1.,0.,0.));
#10362=DIRECTION('ref_axis',(0.,0.,-1.));
#10363=DIRECTION('',(0.,0.,-1.));
#10364=DIRECTION('',(0.,1.,0.));
#10365=DIRECTION('center_axis',(0.,0.,1.));
#10366=DIRECTION('ref_axis',(1.,0.,0.));
#10367=DIRECTION('',(1.,0.,0.));
#10368=DIRECTION('center_axis',(0.,1.,0.));
#10369=DIRECTION('ref_axis',(0.,0.,1.));
#10370=DIRECTION('center_axis',(0.,-1.,0.));
#10371=DIRECTION('ref_axis',(0.,0.,-1.));
#10372=DIRECTION('',(-1.,0.,0.));
#10373=DIRECTION('',(0.,0.,-1.));
#10374=DIRECTION('',(1.,0.,0.));
#10375=DIRECTION('',(0.,0.,1.));
#10376=DIRECTION('center_axis',(-1.,0.,0.));
#10377=DIRECTION('ref_axis',(0.,0.,1.));
#10378=DIRECTION('',(0.,-1.,0.));
#10379=DIRECTION('',(0.,0.,1.));
#10380=DIRECTION('',(0.,1.,0.));
#10381=DIRECTION('center_axis',(0.,0.,-1.));
#10382=DIRECTION('ref_axis',(-1.,0.,0.));
#10383=DIRECTION('',(-1.,0.,0.));
#10384=DIRECTION('',(0.,1.,0.));
#10385=DIRECTION('center_axis',(1.,0.,0.));
#10386=DIRECTION('ref_axis',(0.,0.,-1.));
#10387=DIRECTION('',(0.,0.,-1.));
#10388=DIRECTION('',(0.,1.,0.));
#10389=DIRECTION('center_axis',(0.,0.,1.));
#10390=DIRECTION('ref_axis',(1.,0.,0.));
#10391=DIRECTION('',(1.,0.,0.));
#10392=DIRECTION('center_axis',(0.,1.,0.));
#10393=DIRECTION('ref_axis',(0.,0.,1.));
#10394=DIRECTION('center_axis',(0.,-1.,0.));
#10395=DIRECTION('ref_axis',(0.,0.,-1.));
#10396=DIRECTION('',(-1.,0.,0.));
#10397=DIRECTION('',(0.,0.,-1.));
#10398=DIRECTION('',(1.,0.,0.));
#10399=DIRECTION('',(0.,0.,1.));
#10400=DIRECTION('center_axis',(-1.,0.,0.));
#10401=DIRECTION('ref_axis',(0.,0.,1.));
#10402=DIRECTION('',(0.,-1.,0.));
#10403=DIRECTION('',(0.,0.,1.));
#10404=DIRECTION('',(0.,1.,0.));
#10405=DIRECTION('center_axis',(0.,0.,-1.));
#10406=DIRECTION('ref_axis',(-1.,0.,0.));
#10407=DIRECTION('',(-1.,0.,0.));
#10408=DIRECTION('',(0.,1.,0.));
#10409=DIRECTION('center_axis',(1.,0.,0.));
#10410=DIRECTION('ref_axis',(0.,0.,-1.));
#10411=DIRECTION('',(0.,0.,-1.));
#10412=DIRECTION('',(0.,1.,0.));
#10413=DIRECTION('center_axis',(0.,0.,1.));
#10414=DIRECTION('ref_axis',(1.,0.,0.));
#10415=DIRECTION('',(1.,0.,0.));
#10416=DIRECTION('center_axis',(0.,1.,0.));
#10417=DIRECTION('ref_axis',(0.,0.,1.));
#10418=DIRECTION('center_axis',(0.,-1.,0.));
#10419=DIRECTION('ref_axis',(0.,0.,-1.));
#10420=DIRECTION('',(-1.,0.,0.));
#10421=DIRECTION('',(0.,0.,-1.));
#10422=DIRECTION('',(1.,0.,0.));
#10423=DIRECTION('',(0.,0.,1.));
#10424=DIRECTION('center_axis',(-1.,0.,0.));
#10425=DIRECTION('ref_axis',(0.,0.,1.));
#10426=DIRECTION('',(0.,-1.,0.));
#10427=DIRECTION('',(0.,0.,1.));
#10428=DIRECTION('',(0.,1.,0.));
#10429=DIRECTION('center_axis',(0.,0.,-1.));
#10430=DIRECTION('ref_axis',(-1.,0.,0.));
#10431=DIRECTION('',(-1.,0.,0.));
#10432=DIRECTION('',(0.,1.,0.));
#10433=DIRECTION('center_axis',(1.,0.,0.));
#10434=DIRECTION('ref_axis',(0.,0.,-1.));
#10435=DIRECTION('',(0.,0.,-1.));
#10436=DIRECTION('',(0.,1.,0.));
#10437=DIRECTION('center_axis',(0.,0.,1.));
#10438=DIRECTION('ref_axis',(1.,0.,0.));
#10439=DIRECTION('',(1.,0.,0.));
#10440=DIRECTION('center_axis',(0.,1.,0.));
#10441=DIRECTION('ref_axis',(0.,0.,1.));
#10442=DIRECTION('center_axis',(0.,-1.,0.));
#10443=DIRECTION('ref_axis',(0.,0.,-1.));
#10444=DIRECTION('',(-1.,0.,0.));
#10445=DIRECTION('',(0.,0.,-1.));
#10446=DIRECTION('',(1.,0.,0.));
#10447=DIRECTION('',(0.,0.,1.));
#10448=DIRECTION('center_axis',(-1.,0.,0.));
#10449=DIRECTION('ref_axis',(0.,0.,1.));
#10450=DIRECTION('',(0.,-1.,0.));
#10451=DIRECTION('',(0.,0.,1.));
#10452=DIRECTION('',(0.,1.,0.));
#10453=DIRECTION('center_axis',(0.,0.,-1.));
#10454=DIRECTION('ref_axis',(-1.,0.,0.));
#10455=DIRECTION('',(-1.,0.,0.));
#10456=DIRECTION('',(0.,1.,0.));
#10457=DIRECTION('center_axis',(1.,0.,0.));
#10458=DIRECTION('ref_axis',(0.,0.,-1.));
#10459=DIRECTION('',(0.,0.,-1.));
#10460=DIRECTION('',(0.,1.,0.));
#10461=DIRECTION('center_axis',(0.,0.,1.));
#10462=DIRECTION('ref_axis',(1.,0.,0.));
#10463=DIRECTION('',(1.,0.,0.));
#10464=DIRECTION('center_axis',(0.,1.,0.));
#10465=DIRECTION('ref_axis',(0.,0.,1.));
#10466=DIRECTION('center_axis',(0.,-1.,0.));
#10467=DIRECTION('ref_axis',(0.,0.,-1.));
#10468=DIRECTION('',(-1.,0.,0.));
#10469=DIRECTION('',(0.,0.,-1.));
#10470=DIRECTION('',(1.,0.,0.));
#10471=DIRECTION('',(0.,0.,1.));
#10472=DIRECTION('center_axis',(-1.,0.,0.));
#10473=DIRECTION('ref_axis',(0.,0.,1.));
#10474=DIRECTION('',(0.,-1.,0.));
#10475=DIRECTION('',(0.,0.,1.));
#10476=DIRECTION('',(0.,1.,0.));
#10477=DIRECTION('center_axis',(0.,0.,-1.));
#10478=DIRECTION('ref_axis',(-1.,0.,0.));
#10479=DIRECTION('',(-1.,0.,0.));
#10480=DIRECTION('',(0.,1.,0.));
#10481=DIRECTION('center_axis',(1.,0.,0.));
#10482=DIRECTION('ref_axis',(0.,0.,-1.));
#10483=DIRECTION('',(0.,0.,-1.));
#10484=DIRECTION('',(0.,1.,0.));
#10485=DIRECTION('center_axis',(0.,0.,1.));
#10486=DIRECTION('ref_axis',(1.,0.,0.));
#10487=DIRECTION('',(1.,0.,0.));
#10488=DIRECTION('center_axis',(0.,1.,0.));
#10489=DIRECTION('ref_axis',(0.,0.,1.));
#10490=DIRECTION('center_axis',(0.,-1.,0.));
#10491=DIRECTION('ref_axis',(0.,0.,-1.));
#10492=DIRECTION('',(-1.,0.,0.));
#10493=DIRECTION('',(0.,0.,-1.));
#10494=DIRECTION('',(1.,0.,0.));
#10495=DIRECTION('',(0.,0.,1.));
#10496=DIRECTION('center_axis',(-1.,0.,0.));
#10497=DIRECTION('ref_axis',(0.,0.,1.));
#10498=DIRECTION('',(0.,-1.,0.));
#10499=DIRECTION('',(0.,0.,1.));
#10500=DIRECTION('',(0.,1.,0.));
#10501=DIRECTION('center_axis',(0.,0.,-1.));
#10502=DIRECTION('ref_axis',(-1.,0.,0.));
#10503=DIRECTION('',(-1.,0.,0.));
#10504=DIRECTION('',(0.,1.,0.));
#10505=DIRECTION('center_axis',(1.,0.,0.));
#10506=DIRECTION('ref_axis',(0.,0.,-1.));
#10507=DIRECTION('',(0.,0.,-1.));
#10508=DIRECTION('',(0.,1.,0.));
#10509=DIRECTION('center_axis',(0.,0.,1.));
#10510=DIRECTION('ref_axis',(1.,0.,0.));
#10511=DIRECTION('',(1.,0.,0.));
#10512=DIRECTION('center_axis',(0.,1.,0.));
#10513=DIRECTION('ref_axis',(0.,0.,1.));
#10514=CARTESIAN_POINT('',(0.,0.,0.));
#10515=CARTESIAN_POINT('Origin',(10.16,3.,0.25));
#10516=CARTESIAN_POINT('',(7.16,1.5,0.25));
#10517=CARTESIAN_POINT('',(13.16,1.5,0.25));
#10518=CARTESIAN_POINT('',(7.16,1.5,0.25));
#10519=CARTESIAN_POINT('',(7.16,4.5,0.25));
#10520=CARTESIAN_POINT('',(7.16,2.25,0.25));
#10521=CARTESIAN_POINT('',(13.16,4.5,0.25));
#10522=CARTESIAN_POINT('',(10.16,4.5,0.25));
#10523=CARTESIAN_POINT('',(13.16,2.25,0.25));
#10524=CARTESIAN_POINT('',(12.91,1.75,0.25));
#10525=CARTESIAN_POINT('',(7.41,1.75,0.25));
#10526=CARTESIAN_POINT('',(8.785,1.75,0.25));
#10527=CARTESIAN_POINT('',(12.91,4.25,0.25));
#10528=CARTESIAN_POINT('',(12.91,2.375,0.25));
#10529=CARTESIAN_POINT('',(7.41,4.25,0.25));
#10530=CARTESIAN_POINT('',(11.535,4.25,0.25));
#10531=CARTESIAN_POINT('',(7.41,3.625,0.25));
#10532=CARTESIAN_POINT('Origin',(12.91,1.75,0.));
#10533=CARTESIAN_POINT('',(12.91,1.75,4.));
#10534=CARTESIAN_POINT('',(12.91,1.75,0.));
#10535=CARTESIAN_POINT('',(12.91,4.25,4.));
#10536=CARTESIAN_POINT('',(12.91,1.75,4.));
#10537=CARTESIAN_POINT('',(12.91,4.25,0.));
#10538=CARTESIAN_POINT('Origin',(7.41,1.75,0.));
#10539=CARTESIAN_POINT('',(7.41,1.75,4.));
#10540=CARTESIAN_POINT('',(7.41,1.75,0.));
#10541=CARTESIAN_POINT('',(7.41,1.75,4.));
#10542=CARTESIAN_POINT('Origin',(38.1,0.,0.));
#10543=CARTESIAN_POINT('',(38.1,1.5,0.));
#10544=CARTESIAN_POINT('',(0.,1.5,0.));
#10545=CARTESIAN_POINT('',(0.,1.5,0.));
#10546=CARTESIAN_POINT('',(38.1,0.,0.));
#10547=CARTESIAN_POINT('',(38.1,0.,0.));
#10548=CARTESIAN_POINT('',(0.,0.,0.));
#10549=CARTESIAN_POINT('',(0.,0.,0.));
#10550=CARTESIAN_POINT('',(0.,0.,0.));
#10551=CARTESIAN_POINT('Origin',(10.16,3.,30.23));
#10552=CARTESIAN_POINT('',(13.16,1.5,30.23));
#10553=CARTESIAN_POINT('',(7.16,1.5,30.23));
#10554=CARTESIAN_POINT('',(13.16,1.5,30.23));
#10555=CARTESIAN_POINT('',(13.16,4.5,30.23));
#10556=CARTESIAN_POINT('',(13.16,2.25,30.23));
#10557=CARTESIAN_POINT('',(7.16,4.5,30.23));
#10558=CARTESIAN_POINT('',(10.16,4.5,30.23));
#10559=CARTESIAN_POINT('',(7.16,2.25,30.23));
#10560=CARTESIAN_POINT('',(7.41,1.75,30.23));
#10561=CARTESIAN_POINT('',(12.91,1.75,30.23));
#10562=CARTESIAN_POINT('',(11.535,1.75,30.23));
#10563=CARTESIAN_POINT('',(7.41,4.25,30.23));
#10564=CARTESIAN_POINT('',(7.41,2.375,30.23));
#10565=CARTESIAN_POINT('',(12.91,4.25,30.23));
#10566=CARTESIAN_POINT('',(8.785,4.25,30.23));
#10567=CARTESIAN_POINT('',(12.91,3.625,30.23));
#10568=CARTESIAN_POINT('Origin',(7.41,1.75,30.48));
#10569=CARTESIAN_POINT('',(7.41,1.75,26.48));
#10570=CARTESIAN_POINT('',(7.41,1.75,30.48));
#10571=CARTESIAN_POINT('',(7.41,4.25,26.48));
#10572=CARTESIAN_POINT('',(7.41,1.75,26.48));
#10573=CARTESIAN_POINT('',(7.41,4.25,30.48));
#10574=CARTESIAN_POINT('Origin',(12.91,1.75,30.48));
#10575=CARTESIAN_POINT('',(12.91,1.75,26.48));
#10576=CARTESIAN_POINT('',(12.91,1.75,30.48));
#10577=CARTESIAN_POINT('',(12.91,1.75,26.48));
#10578=CARTESIAN_POINT('Origin',(0.,0.,30.48));
#10579=CARTESIAN_POINT('',(0.,1.5,30.48));
#10580=CARTESIAN_POINT('',(38.1,1.5,30.48));
#10581=CARTESIAN_POINT('',(38.1,1.5,30.48));
#10582=CARTESIAN_POINT('',(2.31111593326468E-32,0.,30.48));
#10583=CARTESIAN_POINT('',(2.31111593326468E-32,0.,30.48));
#10584=CARTESIAN_POINT('',(38.1,0.,30.48));
#10585=CARTESIAN_POINT('',(38.1,0.,30.48));
#10586=CARTESIAN_POINT('',(38.1,0.,30.48));
#10587=CARTESIAN_POINT('Origin',(13.8,1.5,10.24));
#10588=CARTESIAN_POINT('',(13.8,1.5,20.24));
#10589=CARTESIAN_POINT('',(13.8,1.5,10.24));
#10590=CARTESIAN_POINT('',(13.8,1.5,12.74));
#10591=CARTESIAN_POINT('',(13.8,2.25,20.24));
#10592=CARTESIAN_POINT('',(13.8,1.5,20.24));
#10593=CARTESIAN_POINT('',(13.8,2.25,10.24));
#10594=CARTESIAN_POINT('',(13.8,2.25,20.24));
#10595=CARTESIAN_POINT('',(13.8,1.5,10.24));
#10596=CARTESIAN_POINT('Origin',(24.3,1.5,10.24));
#10597=CARTESIAN_POINT('',(24.3,1.5,10.24));
#10598=CARTESIAN_POINT('',(21.675,1.5,10.24));
#10599=CARTESIAN_POINT('',(24.3,2.25,10.24));
#10600=CARTESIAN_POINT('',(13.8,2.25,10.24));
#10601=CARTESIAN_POINT('',(24.3,1.5,10.24));
#10602=CARTESIAN_POINT('Origin',(24.3,1.5,20.24));
#10603=CARTESIAN_POINT('',(24.3,1.5,20.24));
#10604=CARTESIAN_POINT('',(24.3,1.5,17.74));
#10605=CARTESIAN_POINT('',(24.3,2.25,20.24));
#10606=CARTESIAN_POINT('',(24.3,2.25,10.24));
#10607=CARTESIAN_POINT('',(24.3,1.5,20.24));
#10608=CARTESIAN_POINT('Origin',(13.8,1.5,20.24));
#10609=CARTESIAN_POINT('',(16.425,1.5,20.24));
#10610=CARTESIAN_POINT('',(24.3,2.25,20.24));
#10611=CARTESIAN_POINT('Origin',(19.05,2.25,15.24));
#10612=CARTESIAN_POINT('',(23.8,2.25,10.74));
#10613=CARTESIAN_POINT('',(14.3,2.25,10.74));
#10614=CARTESIAN_POINT('',(21.425,2.25,10.74));
#10615=CARTESIAN_POINT('',(23.8,2.25,19.74));
#10616=CARTESIAN_POINT('',(23.8,2.25,17.49));
#10617=CARTESIAN_POINT('',(14.3,2.25,19.74));
#10618=CARTESIAN_POINT('',(16.675,2.25,19.74));
#10619=CARTESIAN_POINT('',(14.3,2.25,12.99));
#10620=CARTESIAN_POINT('Origin',(23.8,0.,10.74));
#10621=CARTESIAN_POINT('',(14.3,3.25,10.74));
#10622=CARTESIAN_POINT('',(14.3,0.,10.74));
#10623=CARTESIAN_POINT('',(23.8,3.25,10.74));
#10624=CARTESIAN_POINT('',(21.425,3.25,10.74));
#10625=CARTESIAN_POINT('',(23.8,0.,10.74));
#10626=CARTESIAN_POINT('Origin',(14.3,0.,10.74));
#10627=CARTESIAN_POINT('',(14.3,3.25,19.74));
#10628=CARTESIAN_POINT('',(14.3,0.,19.74));
#10629=CARTESIAN_POINT('',(14.3,3.25,12.99));
#10630=CARTESIAN_POINT('Origin',(7.41,4.25,0.));
#10631=CARTESIAN_POINT('',(7.41,4.25,4.));
#10632=CARTESIAN_POINT('',(7.41,4.25,0.));
#10633=CARTESIAN_POINT('',(7.41,4.25,4.));
#10634=CARTESIAN_POINT('Origin',(12.91,4.25,0.));
#10635=CARTESIAN_POINT('',(12.91,4.25,4.));
#10636=CARTESIAN_POINT('Origin',(10.16,3.,4.));
#10637=CARTESIAN_POINT('Origin',(12.91,4.25,30.48));
#10638=CARTESIAN_POINT('',(12.91,4.25,26.48));
#10639=CARTESIAN_POINT('',(12.91,4.25,30.48));
#10640=CARTESIAN_POINT('',(12.91,4.25,26.48));
#10641=CARTESIAN_POINT('Origin',(7.41,4.25,30.48));
#10642=CARTESIAN_POINT('',(7.41,4.25,26.48));
#10643=CARTESIAN_POINT('Origin',(10.16,3.,26.48));
#10644=CARTESIAN_POINT('Origin',(13.16,1.5,30.48));
#10645=CARTESIAN_POINT('',(13.16,1.5,25.98));
#10646=CARTESIAN_POINT('',(13.16,1.5,22.86));
#10647=CARTESIAN_POINT('',(13.16,4.5,25.98));
#10648=CARTESIAN_POINT('',(13.16,1.5,25.98));
#10649=CARTESIAN_POINT('',(13.16,4.5,25.98));
#10650=CARTESIAN_POINT('Origin',(7.16,1.5,25.98));
#10651=CARTESIAN_POINT('',(7.16,4.5,25.98));
#10652=CARTESIAN_POINT('',(7.16,4.5,30.48));
#10653=CARTESIAN_POINT('',(7.16,1.5,25.98));
#10654=CARTESIAN_POINT('',(7.16,1.5,25.98));
#10655=CARTESIAN_POINT('',(7.16,1.5,20.61));
#10656=CARTESIAN_POINT('Origin',(13.16,1.5,25.98));
#10657=CARTESIAN_POINT('',(16.105,1.5,25.98));
#10658=CARTESIAN_POINT('',(7.16,4.5,25.98));
#10659=CARTESIAN_POINT('Origin',(10.16,4.5,28.23));
#10660=CARTESIAN_POINT('Origin',(19.05,1.5,15.24));
#10661=CARTESIAN_POINT('',(2.31111593326468E-32,1.5,30.48));
#10662=CARTESIAN_POINT('',(38.1,1.5,19.365));
#10663=CARTESIAN_POINT('',(38.1,1.5,0.));
#10664=CARTESIAN_POINT('',(36.6,1.5,19.365));
#10665=CARTESIAN_POINT('',(28.575,1.5,19.365));
#10666=CARTESIAN_POINT('',(36.6,1.5,11.115));
#10667=CARTESIAN_POINT('',(36.6,1.5,17.3025));
#10668=CARTESIAN_POINT('',(38.1,1.5,11.115));
#10669=CARTESIAN_POINT('',(27.825,1.5,11.115));
#10670=CARTESIAN_POINT('',(38.1,1.5,0.));
#10671=CARTESIAN_POINT('',(13.16,1.5,4.5));
#10672=CARTESIAN_POINT('',(13.16,1.5,9.87));
#10673=CARTESIAN_POINT('',(7.16,1.5,4.5));
#10674=CARTESIAN_POINT('',(13.105,1.5,4.5));
#10675=CARTESIAN_POINT('',(7.16,1.5,7.62));
#10676=CARTESIAN_POINT('',(29.71,1.5,29.21));
#10677=CARTESIAN_POINT('Origin',(29.21,1.5,29.21));
#10678=CARTESIAN_POINT('',(19.55,1.5,29.21));
#10679=CARTESIAN_POINT('Origin',(19.05,1.5,29.21));
#10680=CARTESIAN_POINT('',(1.77000000000001,1.5,19.05));
#10681=CARTESIAN_POINT('Origin',(1.27000000000001,1.5,19.05));
#10682=CARTESIAN_POINT('',(1.77000000000001,1.5,8.89));
#10683=CARTESIAN_POINT('Origin',(1.27000000000001,1.5,8.89));
#10684=CARTESIAN_POINT('',(18.28,1.5,1.27));
#10685=CARTESIAN_POINT('Origin',(17.78,1.5,1.27));
#10686=CARTESIAN_POINT('',(20.82,1.5,1.27));
#10687=CARTESIAN_POINT('Origin',(20.32,1.5,1.27));
#10688=CARTESIAN_POINT('',(1.77,1.5,11.43));
#10689=CARTESIAN_POINT('Origin',(1.27,1.5,11.43));
#10690=CARTESIAN_POINT('',(1.77,1.5,21.59));
#10691=CARTESIAN_POINT('Origin',(1.27,1.5,21.59));
#10692=CARTESIAN_POINT('',(22.09,1.5,29.21));
#10693=CARTESIAN_POINT('Origin',(21.59,1.5,29.21));
#10694=CARTESIAN_POINT('',(27.17,1.5,26.67));
#10695=CARTESIAN_POINT('Origin',(26.67,1.5,26.67));
#10696=CARTESIAN_POINT('',(27.17,1.5,29.21));
#10697=CARTESIAN_POINT('Origin',(26.67,1.5,29.21));
#10698=CARTESIAN_POINT('',(17.01,1.5,29.21));
#10699=CARTESIAN_POINT('Origin',(16.51,1.5,29.21));
#10700=CARTESIAN_POINT('',(1.77000000000001,1.5,16.51));
#10701=CARTESIAN_POINT('Origin',(1.27000000000001,1.5,16.51));
#10702=CARTESIAN_POINT('',(1.77000000000001,1.5,6.35));
#10703=CARTESIAN_POINT('Origin',(1.27000000000001,1.5,6.35));
#10704=CARTESIAN_POINT('',(15.74,1.5,1.27));
#10705=CARTESIAN_POINT('Origin',(15.24,1.5,1.27));
#10706=CARTESIAN_POINT('',(23.36,1.5,1.27));
#10707=CARTESIAN_POINT('Origin',(22.86,1.5,1.27));
#10708=CARTESIAN_POINT('',(1.77,1.5,13.97));
#10709=CARTESIAN_POINT('Origin',(1.27,1.5,13.97));
#10710=CARTESIAN_POINT('',(1.77,1.5,24.13));
#10711=CARTESIAN_POINT('Origin',(1.27,1.5,24.13));
#10712=CARTESIAN_POINT('',(24.63,1.5,29.21));
#10713=CARTESIAN_POINT('Origin',(24.13,1.5,29.21));
#10714=CARTESIAN_POINT('',(27.17,1.5,24.13));
#10715=CARTESIAN_POINT('Origin',(26.67,1.5,24.13));
#10716=CARTESIAN_POINT('',(8.5,1.5,8.75));
#10717=CARTESIAN_POINT('Origin',(6.25,1.5,8.75));
#10718=CARTESIAN_POINT('',(33.81,1.5,27.94));
#10719=CARTESIAN_POINT('Origin',(35.56,1.5,27.94));
#10720=CARTESIAN_POINT('',(0.789999999999997,1.5,27.94));
#10721=CARTESIAN_POINT('Origin',(2.54,1.5,27.94));
#10722=CARTESIAN_POINT('',(33.81,1.5,2.54));
#10723=CARTESIAN_POINT('Origin',(35.56,1.5,2.54));
#10724=CARTESIAN_POINT('',(0.789999999999997,1.5,2.54));
#10725=CARTESIAN_POINT('Origin',(2.54,1.5,2.54));
#10726=CARTESIAN_POINT('Origin',(7.16,1.5,0.));
#10727=CARTESIAN_POINT('',(7.16,4.5,4.5));
#10728=CARTESIAN_POINT('',(7.16,1.5,4.5));
#10729=CARTESIAN_POINT('',(7.16,4.5,4.5));
#10730=CARTESIAN_POINT('Origin',(13.16,1.5,4.5));
#10731=CARTESIAN_POINT('',(13.16,4.5,4.5));
#10732=CARTESIAN_POINT('',(13.16,4.5,0.));
#10733=CARTESIAN_POINT('',(13.16,1.5,4.5));
#10734=CARTESIAN_POINT('Origin',(7.16,1.5,4.5));
#10735=CARTESIAN_POINT('',(13.16,4.5,4.5));
#10736=CARTESIAN_POINT('Origin',(10.16,4.5,2.25));
#10737=CARTESIAN_POINT('Origin',(29.21,1.5,29.21));
#10738=CARTESIAN_POINT('',(29.71,0.,29.21));
#10739=CARTESIAN_POINT('',(29.71,1.5,29.21));
#10740=CARTESIAN_POINT('Origin',(29.21,0.,29.21));
#10741=CARTESIAN_POINT('Origin',(19.05,1.5,29.21));
#10742=CARTESIAN_POINT('',(19.55,0.,29.21));
#10743=CARTESIAN_POINT('',(19.55,1.5,29.21));
#10744=CARTESIAN_POINT('Origin',(19.05,0.,29.21));
#10745=CARTESIAN_POINT('Origin',(1.27000000000001,1.5,19.05));
#10746=CARTESIAN_POINT('',(1.77000000000001,0.,19.05));
#10747=CARTESIAN_POINT('',(1.77000000000001,1.5,19.05));
#10748=CARTESIAN_POINT('Origin',(1.27000000000001,0.,19.05));
#10749=CARTESIAN_POINT('Origin',(1.27000000000001,1.5,8.89));
#10750=CARTESIAN_POINT('',(1.77000000000001,0.,8.89));
#10751=CARTESIAN_POINT('',(1.77000000000001,1.5,8.89));
#10752=CARTESIAN_POINT('Origin',(1.27000000000001,0.,8.89));
#10753=CARTESIAN_POINT('Origin',(17.78,1.5,1.27));
#10754=CARTESIAN_POINT('',(18.28,0.,1.27));
#10755=CARTESIAN_POINT('',(18.28,1.5,1.27));
#10756=CARTESIAN_POINT('Origin',(17.78,0.,1.27));
#10757=CARTESIAN_POINT('Origin',(20.32,1.5,1.27));
#10758=CARTESIAN_POINT('',(20.82,0.,1.27));
#10759=CARTESIAN_POINT('',(20.82,1.5,1.27));
#10760=CARTESIAN_POINT('Origin',(20.32,0.,1.27));
#10761=CARTESIAN_POINT('Origin',(1.27,1.5,11.43));
#10762=CARTESIAN_POINT('',(1.77,0.,11.43));
#10763=CARTESIAN_POINT('',(1.77,1.5,11.43));
#10764=CARTESIAN_POINT('Origin',(1.27,0.,11.43));
#10765=CARTESIAN_POINT('Origin',(1.27,1.5,21.59));
#10766=CARTESIAN_POINT('',(1.77,0.,21.59));
#10767=CARTESIAN_POINT('',(1.77,1.5,21.59));
#10768=CARTESIAN_POINT('Origin',(1.27,0.,21.59));
#10769=CARTESIAN_POINT('Origin',(21.59,1.5,29.21));
#10770=CARTESIAN_POINT('',(22.09,0.,29.21));
#10771=CARTESIAN_POINT('',(22.09,1.5,29.21));
#10772=CARTESIAN_POINT('Origin',(21.59,0.,29.21));
#10773=CARTESIAN_POINT('Origin',(26.67,1.5,26.67));
#10774=CARTESIAN_POINT('',(27.17,0.,26.67));
#10775=CARTESIAN_POINT('',(27.17,1.5,26.67));
#10776=CARTESIAN_POINT('Origin',(26.67,0.,26.67));
#10777=CARTESIAN_POINT('Origin',(26.67,1.5,29.21));
#10778=CARTESIAN_POINT('',(27.17,0.,29.21));
#10779=CARTESIAN_POINT('',(27.17,1.5,29.21));
#10780=CARTESIAN_POINT('Origin',(26.67,0.,29.21));
#10781=CARTESIAN_POINT('Origin',(16.51,1.5,29.21));
#10782=CARTESIAN_POINT('',(17.01,0.,29.21));
#10783=CARTESIAN_POINT('',(17.01,1.5,29.21));
#10784=CARTESIAN_POINT('Origin',(16.51,0.,29.21));
#10785=CARTESIAN_POINT('Origin',(1.27000000000001,1.5,16.51));
#10786=CARTESIAN_POINT('',(1.77000000000001,0.,16.51));
#10787=CARTESIAN_POINT('',(1.77000000000001,1.5,16.51));
#10788=CARTESIAN_POINT('Origin',(1.27000000000001,0.,16.51));
#10789=CARTESIAN_POINT('Origin',(1.27000000000001,1.5,6.35));
#10790=CARTESIAN_POINT('',(1.77000000000001,0.,6.35));
#10791=CARTESIAN_POINT('',(1.77000000000001,1.5,6.35));
#10792=CARTESIAN_POINT('Origin',(1.27000000000001,0.,6.35));
#10793=CARTESIAN_POINT('Origin',(15.24,1.5,1.27));
#10794=CARTESIAN_POINT('',(15.74,0.,1.27));
#10795=CARTESIAN_POINT('',(15.74,1.5,1.27));
#10796=CARTESIAN_POINT('Origin',(15.24,0.,1.27));
#10797=CARTESIAN_POINT('Origin',(22.86,1.5,1.27));
#10798=CARTESIAN_POINT('',(23.36,0.,1.27));
#10799=CARTESIAN_POINT('',(23.36,1.5,1.27));
#10800=CARTESIAN_POINT('Origin',(22.86,0.,1.27));
#10801=CARTESIAN_POINT('Origin',(1.27,1.5,13.97));
#10802=CARTESIAN_POINT('',(1.77,0.,13.97));
#10803=CARTESIAN_POINT('',(1.77,1.5,13.97));
#10804=CARTESIAN_POINT('Origin',(1.27,0.,13.97));
#10805=CARTESIAN_POINT('Origin',(1.27,1.5,24.13));
#10806=CARTESIAN_POINT('',(1.77,0.,24.13));
#10807=CARTESIAN_POINT('',(1.77,1.5,24.13));
#10808=CARTESIAN_POINT('Origin',(1.27,0.,24.13));
#10809=CARTESIAN_POINT('Origin',(24.13,1.5,29.21));
#10810=CARTESIAN_POINT('',(24.63,0.,29.21));
#10811=CARTESIAN_POINT('',(24.63,1.5,29.21));
#10812=CARTESIAN_POINT('Origin',(24.13,0.,29.21));
#10813=CARTESIAN_POINT('Origin',(26.67,1.5,24.13));
#10814=CARTESIAN_POINT('',(27.17,0.,24.13));
#10815=CARTESIAN_POINT('',(27.17,1.5,24.13));
#10816=CARTESIAN_POINT('Origin',(26.67,0.,24.13));
#10817=CARTESIAN_POINT('Origin',(6.25,1.5,8.75));
#10818=CARTESIAN_POINT('',(8.5,2.5,8.75));
#10819=CARTESIAN_POINT('Origin',(6.25,2.5,8.75));
#10820=CARTESIAN_POINT('',(8.5,1.5,8.75));
#10821=CARTESIAN_POINT('Origin',(6.25,2.5,8.75));
#10822=CARTESIAN_POINT('Origin',(21.425,3.25,10.99));
#10823=CARTESIAN_POINT('',(14.55,3.5,10.99));
#10824=CARTESIAN_POINT('',(23.55,3.5,10.99));
#10825=CARTESIAN_POINT('',(21.425,3.5,10.99));
#10826=CARTESIAN_POINT('Origin',(23.55,3.25,10.99));
#10827=CARTESIAN_POINT('Origin',(14.55,3.25,10.99));
#10828=CARTESIAN_POINT('Origin',(23.55,3.25,17.49));
#10829=CARTESIAN_POINT('',(23.55,3.5,19.49));
#10830=CARTESIAN_POINT('',(23.55,3.5,17.49));
#10831=CARTESIAN_POINT('',(23.8,3.25,19.74));
#10832=CARTESIAN_POINT('Origin',(23.55,3.25,19.49));
#10833=CARTESIAN_POINT('',(23.8,3.25,17.49));
#10834=CARTESIAN_POINT('Origin',(16.675,3.25,19.49));
#10835=CARTESIAN_POINT('',(14.55,3.5,19.49));
#10836=CARTESIAN_POINT('',(16.675,3.5,19.49));
#10837=CARTESIAN_POINT('Origin',(14.55,3.25,19.49));
#10838=CARTESIAN_POINT('',(16.675,3.25,19.74));
#10839=CARTESIAN_POINT('Origin',(14.55,3.25,12.99));
#10840=CARTESIAN_POINT('',(14.55,3.5,12.99));
#10841=CARTESIAN_POINT('Origin',(19.05,3.5,15.24));
#10842=CARTESIAN_POINT('Origin',(36.6,1.5,11.115));
#10843=CARTESIAN_POINT('',(36.6,0.,11.115));
#10844=CARTESIAN_POINT('',(36.6,1.5,11.115));
#10845=CARTESIAN_POINT('',(38.1,0.,11.115));
#10846=CARTESIAN_POINT('',(27.825,0.,11.115));
#10847=CARTESIAN_POINT('',(38.1,0.75,11.115));
#10848=CARTESIAN_POINT('Origin',(36.6,1.5,19.365));
#10849=CARTESIAN_POINT('',(36.6,0.,19.365));
#10850=CARTESIAN_POINT('',(36.6,1.5,19.365));
#10851=CARTESIAN_POINT('',(36.6,0.,17.3025));
#10852=CARTESIAN_POINT('Origin',(38.1,1.5,19.365));
#10853=CARTESIAN_POINT('',(38.1,0.,19.365));
#10854=CARTESIAN_POINT('',(38.1,0.75,19.365));
#10855=CARTESIAN_POINT('',(28.575,0.,19.365));
#10856=CARTESIAN_POINT('Origin',(19.05,0.,15.24));
#10857=CARTESIAN_POINT('',(38.1,0.,0.));
#10858=CARTESIAN_POINT('',(2.31111593326468E-32,0.,30.48));
#10859=CARTESIAN_POINT('',(38.1,0.,0.));
#10860=CARTESIAN_POINT('',(0.79,0.,2.54));
#10861=CARTESIAN_POINT('Origin',(2.54,0.,2.54));
#10862=CARTESIAN_POINT('',(33.81,0.,2.54));
#10863=CARTESIAN_POINT('Origin',(35.56,0.,2.54));
#10864=CARTESIAN_POINT('',(0.79,0.,27.94));
#10865=CARTESIAN_POINT('Origin',(2.54,0.,27.94));
#10866=CARTESIAN_POINT('',(33.81,0.,27.94));
#10867=CARTESIAN_POINT('Origin',(35.56,0.,27.94));
#10868=CARTESIAN_POINT('Origin',(38.1,0.,30.48));
#10869=CARTESIAN_POINT('Origin',(14.3,0.,19.74));
#10870=CARTESIAN_POINT('',(23.8,0.,19.74));
#10871=CARTESIAN_POINT('Origin',(23.8,0.,19.74));
#10872=CARTESIAN_POINT('Origin',(2.54,0.,2.54));
#10873=CARTESIAN_POINT('',(0.79,0.,2.54));
#10874=CARTESIAN_POINT('Origin',(35.56,0.,2.54));
#10875=CARTESIAN_POINT('',(33.81,0.,2.54));
#10876=CARTESIAN_POINT('Origin',(2.54,0.,27.94));
#10877=CARTESIAN_POINT('',(0.79,0.,27.94));
#10878=CARTESIAN_POINT('Origin',(35.56,0.,27.94));
#10879=CARTESIAN_POINT('',(33.81,0.,27.94));
#10880=CARTESIAN_POINT('Origin',(0.,0.,0.));
#10881=CARTESIAN_POINT('Origin',(38.1,0.,30.48));
#10882=CARTESIAN_POINT('Origin',(41.1,0.75,15.24));
#10883=CARTESIAN_POINT('',(41.2585477173604,0.752050269723986,17.9558041326851));
#10884=CARTESIAN_POINT('',(41.1914522826397,0.752882106523845,17.9547624358343));
#10885=CARTESIAN_POINT('',(41.1,0.75,17.9535));
#10886=CARTESIAN_POINT('',(41.1,3.2259232614656,14.129645888316));
#10887=CARTESIAN_POINT('Ctrl Pts',(41.2585477173604,0.752050269723986,17.9558041326851));
#10888=CARTESIAN_POINT('Ctrl Pts',(41.254817960985,0.878913400370463,17.9568243777952));
#10889=CARTESIAN_POINT('Ctrl Pts',(41.2510882046096,1.00563996131147,17.9486904703913));
#10890=CARTESIAN_POINT('Ctrl Pts',(41.2473584482342,1.13099969768244,17.9309495662128));
#10891=CARTESIAN_POINT('Ctrl Pts',(41.2211500023038,2.01188400803386,17.8062868587546));
#10892=CARTESIAN_POINT('Ctrl Pts',(41.1949415563734,2.82527910190075,17.2072628475147));
#10893=CARTESIAN_POINT('Ctrl Pts',(41.168733110443,3.20622422103821,16.4029838977503));
#10894=CARTESIAN_POINT('Ctrl Pts',(41.1458220736287,3.53924082461655,15.6998951043132));
#10895=CARTESIAN_POINT('Ctrl Pts',(41.1229110368144,3.54177922305698,14.8399505179681));
#10896=CARTESIAN_POINT('Ctrl Pts',(41.1,3.22822531608099,14.1267547141485));
#10897=CARTESIAN_POINT('',(41.1,3.22592326146567,16.3503541116838));
#10898=CARTESIAN_POINT('Origin',(41.1,0.75,15.24));
#10899=CARTESIAN_POINT('Ctrl Pts',(41.1,3.22592326146567,16.3503541116838));
#10900=CARTESIAN_POINT('Ctrl Pts',(41.1262084459304,2.86023363682313,17.1657871691218));
#10901=CARTESIAN_POINT('Ctrl Pts',(41.1524168918608,2.0633771496362,17.7797633969932));
#10902=CARTESIAN_POINT('Ctrl Pts',(41.1786253377912,1.18653127052976,17.9221139204107));
#10903=CARTESIAN_POINT('Ctrl Pts',(41.182900986074,1.04348255305645,17.9453369979112));
#10904=CARTESIAN_POINT('Ctrl Pts',(41.1871766343568,0.898304942741924,17.9560079036569));
#10905=CARTESIAN_POINT('Ctrl Pts',(41.1914522826397,0.752882106523845,17.9547624358343));
#10906=CARTESIAN_POINT('Origin',(41.1,0.75,15.24));
#10907=CARTESIAN_POINT('',(41.7585477173604,0.749979023815095,17.949279390147));
#10908=CARTESIAN_POINT('',(41.6914522826397,0.749693685007147,17.9493100239882));
#10909=CARTESIAN_POINT('',(41.1,0.75,17.9535));
#10910=CARTESIAN_POINT('Ctrl Pts',(41.7585477173604,0.749979023815095,17.949279390147));
#10911=CARTESIAN_POINT('Ctrl Pts',(41.7454019699006,1.19990072719504,17.9492453944183));
#10912=CARTESIAN_POINT('Ctrl Pts',(41.7322562224408,1.64983708451604,17.8430662638268));
#10913=CARTESIAN_POINT('Ctrl Pts',(41.719110474981,2.04244054027179,17.6308320936886));
#10914=CARTESIAN_POINT('Ctrl Pts',(41.6929020290506,2.82516715766108,17.2077045545616));
#10915=CARTESIAN_POINT('Ctrl Pts',(41.6666935831202,3.3800086956978,16.3630326588261));
#10916=CARTESIAN_POINT('Ctrl Pts',(41.6404851371898,3.45748301968861,15.4766346881413));
#10917=CARTESIAN_POINT('Ctrl Pts',(41.6142766912595,3.53495734367943,14.5902367174565));
#10918=CARTESIAN_POINT('Ctrl Pts',(41.5880682453291,3.13506445362434,13.6621126718223));
#10919=CARTESIAN_POINT('Ctrl Pts',(41.5618597993987,2.43759839453785,13.1096188533651));
#10920=CARTESIAN_POINT('Ctrl Pts',(41.5356513534684,1.74013233545135,12.5571250349078));
#10921=CARTESIAN_POINT('Ctrl Pts',(41.509442907538,0.745093107333459,12.3802614436274));
#10922=CARTESIAN_POINT('Ctrl Pts',(41.4832344616076,-0.100031229979467,
12.6585418491281));
#10923=CARTESIAN_POINT('Ctrl Pts',(41.4570260156772,-0.945155567292395,
12.9368222546288));
#10924=CARTESIAN_POINT('Ctrl Pts',(41.4308175697468,-1.64036501380036,13.6702466569106));
#10925=CARTESIAN_POINT('Ctrl Pts',(41.4046091238164,-1.87314593805977,14.5290495283567));
#10926=CARTESIAN_POINT('Ctrl Pts',(41.3784006778861,-2.10592686231918,15.3878523998028));
#10927=CARTESIAN_POINT('Ctrl Pts',(41.3521922319557,-1.87627926433002,16.3720337404133));
#10928=CARTESIAN_POINT('Ctrl Pts',(41.3259837860253,-1.28726870191748,17.0389737088803));
#10929=CARTESIAN_POINT('Ctrl Pts',(41.3035050964704,-0.782080961589585,
17.6110006250432));
#10930=CARTESIAN_POINT('Ctrl Pts',(41.2810264069154,-0.0125350390059878,
17.9496552664346));
#10931=CARTESIAN_POINT('Ctrl Pts',(41.2585477173604,0.752050269723986,17.9558041326851));
#10932=CARTESIAN_POINT('Ctrl Pts',(41.1914522826397,0.752882106523845,17.9547624358343));
#10933=CARTESIAN_POINT('Ctrl Pts',(41.2133850802872,0.00690642538308237,
17.9483735581901));
#10934=CARTESIAN_POINT('Ctrl Pts',(41.2353178779347,-0.745522089292443,
17.6284192135239));
#10935=CARTESIAN_POINT('Ctrl Pts',(41.2572506755823,-1.25014212034879,17.0807207756495));
#10936=CARTESIAN_POINT('Ctrl Pts',(41.2834591215127,-1.85313436109494,16.4262522885074));
#10937=CARTESIAN_POINT('Ctrl Pts',(41.3096675674431,-2.10228357156127,15.4465904952597));
#10938=CARTESIAN_POINT('Ctrl Pts',(41.3358760133735,-1.88704805324721,14.5830757580783));
#10939=CARTESIAN_POINT('Ctrl Pts',(41.3620844593038,-1.67181253493316,13.719561020897));
#10940=CARTESIAN_POINT('Ctrl Pts',(41.3882929052342,-0.992192287838717,
12.9721933397819));
#10941=CARTESIAN_POINT('Ctrl Pts',(41.4145013511646,-0.153060563165004,
12.6766324734044));
#10942=CARTESIAN_POINT('Ctrl Pts',(41.4407097970949,0.686071161508711,12.381071607027));
#10943=CARTESIAN_POINT('Ctrl Pts',(41.4669182430253,1.6847143637617,12.5373175553871));
#10944=CARTESIAN_POINT('Ctrl Pts',(41.4931266889557,2.39344576570225,13.075315894964));
#10945=CARTESIAN_POINT('Ctrl Pts',(41.5193351348861,3.1021771676428,13.6133142345408));
#10946=CARTESIAN_POINT('Ctrl Pts',(41.5455435808165,3.52099676927093,14.5330649653345));
#10947=CARTESIAN_POINT('Ctrl Pts',(41.5717520267469,3.46175743112602,15.4208826172945));
#10948=CARTESIAN_POINT('Ctrl Pts',(41.5979604726772,3.40251809298111,16.3087002692545));
#10949=CARTESIAN_POINT('Ctrl Pts',(41.6241689186076,2.86521981506316,17.1645848423808));
#10950=CARTESIAN_POINT('Ctrl Pts',(41.650377364538,2.09137703575949,17.6037233950909));
#10951=CARTESIAN_POINT('Ctrl Pts',(41.6640690039052,1.68711131587289,17.8331351927962));
#10952=CARTESIAN_POINT('Ctrl Pts',(41.6777606432724,1.21828891103024,17.9488104995279));
#10953=CARTESIAN_POINT('Ctrl Pts',(41.6914522826397,0.749693685007147,17.9493100239882));
#10954=CARTESIAN_POINT('Origin',(41.1,0.75,15.24));
#10955=CARTESIAN_POINT('',(42.2585477173604,0.748117598226772,17.955922748044));
#10956=CARTESIAN_POINT('',(42.1914522826397,0.748326443894255,17.9563848874198));
#10957=CARTESIAN_POINT('',(41.1,0.75,17.9535));
#10958=CARTESIAN_POINT('Ctrl Pts',(42.2585477173604,0.748117598226772,17.955922748044));
#10959=CARTESIAN_POINT('Ctrl Pts',(42.2359859788162,1.51549567031787,17.9498235390033));
#10960=CARTESIAN_POINT('Ctrl Pts',(42.213424240272,2.28762885054381,17.6083088624326));
#10961=CARTESIAN_POINT('Ctrl Pts',(42.1908625017278,2.7928353972027,17.0325686690822));
#10962=CARTESIAN_POINT('Ctrl Pts',(42.1646540557974,3.37969967789003,16.3637702208676));
#10963=CARTESIAN_POINT('Ctrl Pts',(42.1384456098671,3.6063758886283,15.3789102553204));
#10964=CARTESIAN_POINT('Ctrl Pts',(42.1122371639367,3.37093507422421,14.5208492315016));
#10965=CARTESIAN_POINT('Ctrl Pts',(42.0860287180063,3.13549425982011,13.6627882076828));
#10966=CARTESIAN_POINT('Ctrl Pts',(42.059820272076,2.43793642027365,12.9315261255923));
#10967=CARTESIAN_POINT('Ctrl Pts',(42.0336118261456,1.59193095636944,12.6558886536051));
#10968=CARTESIAN_POINT('Ctrl Pts',(42.0074033802152,0.745925492465229,12.3802511816179));
#10969=CARTESIAN_POINT('Ctrl Pts',(41.9811949342848,-0.248527595796729,
12.5602383197339));
#10970=CARTESIAN_POINT('Ctrl Pts',(41.9549864883544,-0.944253259231184,
13.1149152595466));
#10971=CARTESIAN_POINT('Ctrl Pts',(41.928778042424,-1.63997892266564,13.6695921993593));
#10972=CARTESIAN_POINT('Ctrl Pts',(41.9025695964937,-2.0369771612726,14.5989589408688));
#10973=CARTESIAN_POINT('Ctrl Pts',(41.8763611505633,-1.95673195902968,15.4851090308693));
#10974=CARTESIAN_POINT('Ctrl Pts',(41.8501527046329,-1.87648675678676,16.3712591208698));
#10975=CARTESIAN_POINT('Ctrl Pts',(41.8239442587025,-1.31899811369398,17.2141925593613));
#10976=CARTESIAN_POINT('Ctrl Pts',(41.7977358127721,-0.534947943776666,
17.6348676873478));
#10977=CARTESIAN_POINT('Ctrl Pts',(41.7846731143015,-0.144165102907293,
17.8445387363509));
#10978=CARTESIAN_POINT('Ctrl Pts',(41.771610415831,0.302899725768024,17.9493131711058));
#10979=CARTESIAN_POINT('Ctrl Pts',(41.7585477173604,0.749979023815095,17.949279390147));
#10980=CARTESIAN_POINT('Ctrl Pts',(41.6914522826397,0.749693685007147,17.9493100239882));
#10981=CARTESIAN_POINT('Ctrl Pts',(41.7039690892028,0.32130701462839,17.949766685961));
#10982=CARTESIAN_POINT('Ctrl Pts',(41.716485895766,-0.106889791142379,17.853965233766));
#10983=CARTESIAN_POINT('Ctrl Pts',(41.7290027023291,-0.485399477414159,
17.6608059959097));
#10984=CARTESIAN_POINT('Ctrl Pts',(41.7552111482595,-1.27794593059475,17.2563575117246));
#10985=CARTESIAN_POINT('Ctrl Pts',(41.7814195941899,-1.85265155626656,16.4250680110604));
#10986=CARTESIAN_POINT('Ctrl Pts',(41.8076280401202,-1.95111238019993,15.5407551413337));
#10987=CARTESIAN_POINT('Ctrl Pts',(41.8338364860506,-2.0495732041333,14.6564422716071));
#10988=CARTESIAN_POINT('Ctrl Pts',(41.860044931981,-1.67178922632824,13.7191060328179));
#10989=CARTESIAN_POINT('Ctrl Pts',(41.8862533779114,-0.987626448468132,
13.1502305426114));
#10990=CARTESIAN_POINT('Ctrl Pts',(41.9124618238418,-0.303463670608019,
12.5813550524049));
#10991=CARTESIAN_POINT('Ctrl Pts',(41.9386702697721,0.687077907307146,12.3809403107811));
#10992=CARTESIAN_POINT('Ctrl Pts',(41.9648787157025,1.53857712173934,12.6391097688614));
#10993=CARTESIAN_POINT('Ctrl Pts',(41.9910871616329,2.39007633617153,12.8972792269417));
#10994=CARTESIAN_POINT('Ctrl Pts',(42.0172956075633,3.10253318712076,13.6140328847262));
#10995=CARTESIAN_POINT('Ctrl Pts',(42.0435040534937,3.35558116330164,14.46706755497));
#10996=CARTESIAN_POINT('Ctrl Pts',(42.0697124994241,3.60862913948253,15.3201022252137));
#10997=CARTESIAN_POINT('Ctrl Pts',(42.0959209453544,3.40226824089508,16.3094179079169));
#10998=CARTESIAN_POINT('Ctrl Pts',(42.1221293912848,2.82929100979167,16.9901513007351));
#10999=CARTESIAN_POINT('Ctrl Pts',(42.1452370217364,2.32410477522078,17.5903446780571));
#11000=CARTESIAN_POINT('Ctrl Pts',(42.168344652188,1.53392166666962,17.9506551582388));
#11001=CARTESIAN_POINT('Ctrl Pts',(42.1914522826397,0.748326443894255,17.9563848874198));
#11002=CARTESIAN_POINT('Origin',(41.1,0.75,15.24));
#11003=CARTESIAN_POINT('',(42.7585477173604,0.752338994157079,17.9538765092879));
#11004=CARTESIAN_POINT('',(42.6914522826397,0.752359438456009,17.9533312712583));
#11005=CARTESIAN_POINT('',(41.1,0.75,17.9535));
#11006=CARTESIAN_POINT('Ctrl Pts',(42.7585477173604,0.752338994157079,17.9538765092879));
#11007=CARTESIAN_POINT('Ctrl Pts',(42.7527784336622,0.948949559386487,17.9556350358989));
#11008=CARTESIAN_POINT('Ctrl Pts',(42.747009149964,1.14521276099036,17.9360433161314));
#11009=CARTESIAN_POINT('Ctrl Pts',(42.7412398662658,1.33646525121072,17.8937779334986));
#11010=CARTESIAN_POINT('Ctrl Pts',(42.7150314203354,2.20527857557013,17.7017766291061));
#11011=CARTESIAN_POINT('Ctrl Pts',(42.688822974405,2.97068771007243,17.0418673650977));
#11012=CARTESIAN_POINT('Ctrl Pts',(42.6626145284747,3.28851225969439,16.2107905646769));
#11013=CARTESIAN_POINT('Ctrl Pts',(42.6364060825443,3.60633680931634,15.3797137642562));
#11014=CARTESIAN_POINT('Ctrl Pts',(42.6101976366139,3.47657677405797,14.3774694274232));
#11015=CARTESIAN_POINT('Ctrl Pts',(42.5839891906836,2.95758116025486,13.65473528169));
#11016=CARTESIAN_POINT('Ctrl Pts',(42.5577807447532,2.43858554645175,12.9320011359567));
#11017=CARTESIAN_POINT('Ctrl Pts',(42.5315722988228,1.53035435410391,12.4887771813232));
#11018=CARTESIAN_POINT('Ctrl Pts',(42.5053638528924,0.641290553739777,12.524367279967));
#11019=CARTESIAN_POINT('Ctrl Pts',(42.479155406962,-0.247773246624353,12.5599573786109));
#11020=CARTESIAN_POINT('Ctrl Pts',(42.4529469610316,-1.11766965500477,13.0743615305321));
#11021=CARTESIAN_POINT('Ctrl Pts',(42.4267385151013,-1.57723362735634,13.8362683774704));
#11022=CARTESIAN_POINT('Ctrl Pts',(42.4005300691709,-2.0367975997079,14.5981752244087));
#11023=CARTESIAN_POINT('Ctrl Pts',(42.3743216232405,-2.08602913603061,15.6075847663641));
#11024=CARTESIAN_POINT('Ctrl Pts',(42.3481131773101,-1.70279038959264,16.4105973157987));
#11025=CARTESIAN_POINT('Ctrl Pts',(42.3219047313797,-1.31955164315467,17.2136098652333));
#11026=CARTESIAN_POINT('Ctrl Pts',(42.2956962854494,-0.503842613956022,
17.8102254221471));
#11027=CARTESIAN_POINT('Ctrl Pts',(42.269487839519,0.377538075961488,17.932164735163));
#11028=CARTESIAN_POINT('Ctrl Pts',(42.2658411321328,0.500175544833834,17.9491316699681));
#11029=CARTESIAN_POINT('Ctrl Pts',(42.2621944247466,0.624084457871649,17.9569085776872));
#11030=CARTESIAN_POINT('Ctrl Pts',(42.2585477173604,0.748117598226772,17.955922748044));
#11031=CARTESIAN_POINT('Ctrl Pts',(42.1914522826397,0.748326443894255,17.9563848874198));
#11032=CARTESIAN_POINT('Ctrl Pts',(42.1945530981184,0.642907334309118,17.9571537604105));
#11033=CARTESIAN_POINT('Ctrl Pts',(42.1976539135972,0.537570838717533,17.9515377028888));
#11034=CARTESIAN_POINT('Ctrl Pts',(42.200754729076,0.433016697974925,17.9392595636179));
#11035=CARTESIAN_POINT('Ctrl Pts',(42.2269631750063,-0.450686819119055,
17.8354833307489));
#11036=CARTESIAN_POINT('Ctrl Pts',(42.2531716209367,-1.27850028968765,17.2557797620774));
#11037=CARTESIAN_POINT('Ctrl Pts',(42.2793800668671,-1.67818242139989,16.4608235094496));
#11038=CARTESIAN_POINT('Ctrl Pts',(42.3055885127975,-2.07786455311212,15.6658672568218));
#11039=CARTESIAN_POINT('Ctrl Pts',(42.3317969587279,-2.04941534596801,14.6556583202376));
#11040=CARTESIAN_POINT('Ctrl Pts',(42.3580054046582,-1.60562732904179,13.8844557549569));
#11041=CARTESIAN_POINT('Ctrl Pts',(42.3842138505886,-1.16183931211557,13.1132531896762));
#11042=CARTESIAN_POINT('Ctrl Pts',(42.410422296519,-0.302712485407235,12.581056995699));
#11043=CARTESIAN_POINT('Ctrl Pts',(42.4366307424494,0.585430769454184,12.5271791000981));
#11044=CARTESIAN_POINT('Ctrl Pts',(42.4628391883797,1.4735740243156,12.4733012044972));
#11045=CARTESIAN_POINT('Ctrl Pts',(42.4890476343101,2.39073370733011,12.8977416072726));
#11046=CARTESIAN_POINT('Ctrl Pts',(42.5152560802405,2.9244920266134,13.6096427943703));
#11047=CARTESIAN_POINT('Ctrl Pts',(42.5414645261709,3.45825034589669,14.3215439814679));
#11048=CARTESIAN_POINT('Ctrl Pts',(42.5676729721013,3.60860730144875,15.3209059528879));
#11049=CARTESIAN_POINT('Ctrl Pts',(42.5938814180317,3.30795208027634,16.1583471020749));
#11050=CARTESIAN_POINT('Ctrl Pts',(42.620089863962,3.00729685910394,16.9957882512618));
#11051=CARTESIAN_POINT('Ctrl Pts',(42.6462983098924,2.25562946120706,17.6713085782159));
#11052=CARTESIAN_POINT('Ctrl Pts',(42.6725067558228,1.39095106524653,17.8811478501465));
#11053=CARTESIAN_POINT('Ctrl Pts',(42.6788219314284,1.18259853921817,17.9317106288293));
#11054=CARTESIAN_POINT('Ctrl Pts',(42.685137107034,0.96768442403351,17.9552352624351));
#11055=CARTESIAN_POINT('Ctrl Pts',(42.6914522826397,0.752359438456009,17.9533312712583));
#11056=CARTESIAN_POINT('Origin',(41.1,0.75,15.24));
#11057=CARTESIAN_POINT('',(43.2585477173604,0.748918247262816,17.9497190874457));
#11058=CARTESIAN_POINT('',(43.1914522826396,0.748664542408848,17.9499742678665));
#11059=CARTESIAN_POINT('',(41.1,0.75,17.9535));
#11060=CARTESIAN_POINT('Ctrl Pts',(43.2585477173604,0.748918247262816,17.9497190874457));
#11061=CARTESIAN_POINT('Ctrl Pts',(43.2433624425778,1.26843214733892,17.9478180305053));
#11062=CARTESIAN_POINT('Ctrl Pts',(43.2281771677952,1.78892206832051,17.803766915781));
#11063=CARTESIAN_POINT('Ctrl Pts',(43.2129918930127,2.22226647304126,17.5244934324423));
#11064=CARTESIAN_POINT('Ctrl Pts',(43.1867834470823,2.97018072306147,17.0424920137868));
#11065=CARTESIAN_POINT('Ctrl Pts',(43.1605750011519,3.4585083695371,16.157694021102));
#11066=CARTESIAN_POINT('Ctrl Pts',(43.1343665552215,3.46766384155673,15.2679652588725));
#11067=CARTESIAN_POINT('Ctrl Pts',(43.1081581092911,3.47681931357637,14.3782364966431));
#11068=CARTESIAN_POINT('Ctrl Pts',(43.0819496633607,3.00680261113999,13.483576964869));
#11069=CARTESIAN_POINT('Ctrl Pts',(43.0557412174304,2.26896544987695,12.986286892018));
#11070=CARTESIAN_POINT('Ctrl Pts',(43.0295327715,1.53112828861391,12.4889968191671));
#11071=CARTESIAN_POINT('Ctrl Pts',(43.0033243255696,0.525470668524204,12.3890762052393));
#11072=CARTESIAN_POINT('Ctrl Pts',(42.9771158796392,-0.29579483600902,12.7314562048897));
#11073=CARTESIAN_POINT('Ctrl Pts',(42.9509074337089,-1.11706034054224,13.07383620454));
#11074=CARTESIAN_POINT('Ctrl Pts',(42.9246989877785,-1.75393372951898,13.8585168177686));
#11075=CARTESIAN_POINT('Ctrl Pts',(42.8984905418481,-1.920033087855,14.7326518737906));
#11076=CARTESIAN_POINT('Ctrl Pts',(42.8722820959177,-2.08613244619103,15.6067869298126));
#11077=CARTESIAN_POINT('Ctrl Pts',(42.8460736499874,-1.78145777388634,16.5703764286282));
#11078=CARTESIAN_POINT('Ctrl Pts',(42.819865204057,-1.14301168062574,17.1901245056478));
#11079=CARTESIAN_POINT('Ctrl Pts',(42.7994260418248,-0.645107176431565,
17.6734470011114));
#11080=CARTESIAN_POINT('Ctrl Pts',(42.7789868795926,0.0557958096793314,
17.9476464792575));
#11081=CARTESIAN_POINT('Ctrl Pts',(42.7585477173604,0.752338994157079,17.9538765092879));
#11082=CARTESIAN_POINT('Ctrl Pts',(42.6914522826397,0.752359438456009,17.9533312712583));
#11083=CARTESIAN_POINT('Ctrl Pts',(42.7113455529644,0.0740698051541996,
17.9473335582033));
#11084=CARTESIAN_POINT('Ctrl Pts',(42.7312388232892,-0.608296881106719,
17.6890084647349));
#11085=CARTESIAN_POINT('Ctrl Pts',(42.7511320936139,-1.10248097892596,17.2286665003288));
#11086=CARTESIAN_POINT('Ctrl Pts',(42.7773405395443,-1.75354523311375,16.6221876616733));
#11087=CARTESIAN_POINT('Ctrl Pts',(42.8035489854747,-2.07798434746517,15.6650717674552));
#11088=CARTESIAN_POINT('Ctrl Pts',(42.8297574314051,-1.92990826237498,14.7877037045391));
#11089=CARTESIAN_POINT('Ctrl Pts',(42.8559658773354,-1.78183217728478,13.9103356416229));
#11090=CARTESIAN_POINT('Ctrl Pts',(42.8821743232658,-1.16124089275299,13.1127154100087));
#11091=CARTESIAN_POINT('Ctrl Pts',(42.9083827691962,-0.347194775263193,
12.7535077203223));
#11092=CARTESIAN_POINT('Ctrl Pts',(42.9345912151266,0.466851342226599,12.394300030636));
#11093=CARTESIAN_POINT('Ctrl Pts',(42.9607996610569,1.47435229267439,12.4735048828775));
#11094=CARTESIAN_POINT('Ctrl Pts',(42.9870081069873,2.22226661461415,12.9555063478817));
#11095=CARTESIAN_POINT('Ctrl Pts',(43.0132165529177,2.97018093655393,13.437507812886));
#11096=CARTESIAN_POINT('Ctrl Pts',(43.0394249988481,3.45850862998568,14.3223058906529));
#11097=CARTESIAN_POINT('Ctrl Pts',(43.0656334447785,3.46766410288549,15.2120347384384));
#11098=CARTESIAN_POINT('Ctrl Pts',(43.0918418907089,3.4768195757853,16.1017635862238));
#11099=CARTESIAN_POINT('Ctrl Pts',(43.1180503366392,3.00680282815317,16.9964232040277));
#11100=CARTESIAN_POINT('Ctrl Pts',(43.1442587825696,2.26896559594018,17.4937133246977));
#11101=CARTESIAN_POINT('Ctrl Pts',(43.1599899492596,1.82609154988399,17.7922031246017));
#11102=CARTESIAN_POINT('Ctrl Pts',(43.1757211159496,1.2867273234534,17.9475289148006));
#11103=CARTESIAN_POINT('Ctrl Pts',(43.1914522826396,0.748664542408848,17.9499742678665));
#11104=CARTESIAN_POINT('Origin',(41.1,0.75,15.24));
#11105=CARTESIAN_POINT('',(43.7585477173604,0.749053792350919,17.9573803515548));
#11106=CARTESIAN_POINT('',(43.6914522826396,0.749363314965697,17.9576143443267));
#11107=CARTESIAN_POINT('',(41.1,0.75,17.9535));
#11108=CARTESIAN_POINT('Ctrl Pts',(43.7585477173604,0.749053792350919,17.9573803515548));
#11109=CARTESIAN_POINT('Ctrl Pts',(43.7339464514934,1.58461809404051,17.9535616334437));
#11110=CARTESIAN_POINT('Ctrl Pts',(43.7093451856265,2.42346519832074,17.538602267864));
#11111=CARTESIAN_POINT('Ctrl Pts',(43.6847439197595,2.92449181748624,16.8703570488449));
#11112=CARTESIAN_POINT('Ctrl Pts',(43.6585354738291,3.45825008541811,16.1584559301949));
#11113=CARTESIAN_POINT('Ctrl Pts',(43.6323270278987,3.60860702656851,15.159094054893));
#11114=CARTESIAN_POINT('Ctrl Pts',(43.6061185819684,3.30795183432036,14.3216529862384));
#11115=CARTESIAN_POINT('Ctrl Pts',(43.579910136038,3.00729664207221,13.4842119175839));
#11116=CARTESIAN_POINT('Ctrl Pts',(43.5537016901076,2.2556293164255,12.8086916555768));
#11117=CARTESIAN_POINT('Ctrl Pts',(43.5274932441772,1.39095100360489,12.5988524038218));
#11118=CARTESIAN_POINT('Ctrl Pts',(43.5012847982468,0.526272690784296,12.3890131520668));
#11119=CARTESIAN_POINT('Ctrl Pts',(43.4750763523165,-0.451416609210188,
12.6448549105638));
#11120=CARTESIAN_POINT('Ctrl Pts',(43.4488679063861,-1.10248080078826,13.2513336909019));
#11121=CARTESIAN_POINT('Ctrl Pts',(43.4226594604557,-1.75354499236634,13.8578124712401));
#11122=CARTESIAN_POINT('Ctrl Pts',(43.3964510145253,-2.07798407552799,14.8149282734194));
#11123=CARTESIAN_POINT('Ctrl Pts',(43.3702425685949,-1.92990800467862,15.6922962519676));
#11124=CARTESIAN_POINT('Ctrl Pts',(43.3440341226645,-1.78183193382926,16.5696642305158));
#11125=CARTESIAN_POINT('Ctrl Pts',(43.3178256767342,-1.16124070896888,17.3672843854329));
#11126=CARTESIAN_POINT('Ctrl Pts',(43.2916172308038,-0.347194669756309,
17.7264920405784));
#11127=CARTESIAN_POINT('Ctrl Pts',(43.280594059656,-0.00481004930708018,
17.8775733931619));
#11128=CARTESIAN_POINT('Ctrl Pts',(43.2695708885082,0.37179694282791,17.9510990872361));
#11129=CARTESIAN_POINT('Ctrl Pts',(43.2585477173604,0.748918247262816,17.9497190874457));
#11130=CARTESIAN_POINT('Ctrl Pts',(43.1914522826396,0.748664542408848,17.9499742678665));
#11131=CARTESIAN_POINT('Ctrl Pts',(43.20192956188,0.390303708978676,17.9516029230971));
#11132=CARTESIAN_POINT('Ctrl Pts',(43.2124068411204,0.0325201749668682,
17.8854163719559));
#11133=CARTESIAN_POINT('Ctrl Pts',(43.2228841203608,-0.295794936572272,
17.7485440363306));
#11134=CARTESIAN_POINT('Ctrl Pts',(43.2490925662912,-1.11706052007788,17.4061640037572));
#11135=CARTESIAN_POINT('Ctrl Pts',(43.2753010122215,-1.75393397029524,16.6214833150743));
#11136=CARTESIAN_POINT('Ctrl Pts',(43.3015094581519,-1.92003334460358,15.7473481749959));
#11137=CARTESIAN_POINT('Ctrl Pts',(43.3277179040823,-2.08613271891192,14.8732130349174));
#11138=CARTESIAN_POINT('Ctrl Pts',(43.3539263500127,-1.78145801731121,13.9096234434434));
#11139=CARTESIAN_POINT('Ctrl Pts',(43.3801347959431,-1.14301186265746,13.2898753068293));
#11140=CARTESIAN_POINT('Ctrl Pts',(43.4063432418735,-0.504565708003705,
12.6701271702151));
#11141=CARTESIAN_POINT('Ctrl Pts',(43.4325516878038,0.467651899703094,12.3942204884608));
#11142=CARTESIAN_POINT('Ctrl Pts',(43.4587601337342,1.33646530760606,12.5862218113158));
#11143=CARTESIAN_POINT('Ctrl Pts',(43.4849685796646,2.20527871550902,12.7782231341707));
#11144=CARTESIAN_POINT('Ctrl Pts',(43.511177025595,2.97068792360815,13.4381324616349));
#11145=CARTESIAN_POINT('Ctrl Pts',(43.5373854715253,3.28851250379402,14.2692093419718));
#11146=CARTESIAN_POINT('Ctrl Pts',(43.5635939174557,3.60633708397989,15.1002862223088));
#11147=CARTESIAN_POINT('Ctrl Pts',(43.5898023633861,3.4765770362525,16.1025306555185));
#11148=CARTESIAN_POINT('Ctrl Pts',(43.6160108093165,2.95758137253917,16.8252648707489));
#11149=CARTESIAN_POINT('Ctrl Pts',(43.6411579670908,2.45960198550142,17.5187325943838));
#11150=CARTESIAN_POINT('Ctrl Pts',(43.6663051248652,1.60327223735632,17.9548688112594));
#11151=CARTESIAN_POINT('Ctrl Pts',(43.6914522826396,0.749363314965697,17.9576143443267));
#11152=CARTESIAN_POINT('Origin',(41.1,0.75,15.24));
#11153=CARTESIAN_POINT('',(44.2585477173604,0.752215468295848,17.9519071868712));
#11154=CARTESIAN_POINT('',(44.1914522826396,0.752094727604687,17.9514339610344));
#11155=CARTESIAN_POINT('',(41.1,0.75,17.9535));
#11156=CARTESIAN_POINT('Ctrl Pts',(44.2585477173604,0.752215468295848,17.9519071868712));
#11157=CARTESIAN_POINT('Ctrl Pts',(44.2507389063394,1.0188250293097,17.9540227461507));
#11158=CARTESIAN_POINT('Ctrl Pts',(44.2429300953184,1.28487273323085,17.9178116090888));
#11159=CARTESIAN_POINT('Ctrl Pts',(44.2351212842975,1.53857704840166,17.8408899816894));
#11160=CARTESIAN_POINT('Ctrl Pts',(44.2089128383671,2.39007618298251,17.5827205488321));
#11161=CARTESIAN_POINT('Ctrl Pts',(44.1827043924367,3.10253296066962,16.8659669587942));
#11162=CARTESIAN_POINT('Ctrl Pts',(44.1564959465063,3.35558091141686,16.0129323703316));
#11163=CARTESIAN_POINT('Ctrl Pts',(44.130287500576,3.60862886216411,15.159897781869));
#11164=CARTESIAN_POINT('Ctrl Pts',(44.1040790546456,3.40226798597149,14.1705821949818));
#11165=CARTESIAN_POINT('Ctrl Pts',(44.0778706087152,2.82929081055906,13.4898488677694));
#11166=CARTESIAN_POINT('Ctrl Pts',(44.0516621627848,2.25631363514663,12.809115540557));
#11167=CARTESIAN_POINT('Ctrl Pts',(44.0254537168544,1.3167201605144,12.4369644730193));
#11168=CARTESIAN_POINT('Ctrl Pts',(43.999245270924,0.4330167280781,12.5407406958238));
#11169=CARTESIAN_POINT('Ctrl Pts',(43.9730368249937,-0.450686704358212,
12.6445169186284));
#11170=CARTESIAN_POINT('Ctrl Pts',(43.9468283790633,-1.27850009459859,13.2242204317751));
#11171=CARTESIAN_POINT('Ctrl Pts',(43.9206199331329,-1.67818218770719,14.0191766080092));
#11172=CARTESIAN_POINT('Ctrl Pts',(43.8944114872025,-2.07786428081579,14.8141327842432));
#11173=CARTESIAN_POINT('Ctrl Pts',(43.8682030412721,-2.04941507679263,15.8243416235644));
#11174=CARTESIAN_POINT('Ctrl Pts',(43.8419945953417,-1.60562710263152,16.5955441146593));
#11175=CARTESIAN_POINT('Ctrl Pts',(43.8157861494114,-1.16183912847042,17.3667466057541));
#11176=CARTESIAN_POINT('Ctrl Pts',(43.789577703481,-0.302712384171386,17.8989427486227));
#11177=CARTESIAN_POINT('Ctrl Pts',(43.7633692575507,0.585430785334801,17.9528206390579));
#11178=CARTESIAN_POINT('Ctrl Pts',(43.7617620774872,0.639894373114294,17.9561245919743));
#11179=CARTESIAN_POINT('Ctrl Pts',(43.7601548974238,0.694467077397164,17.9576298252058));
#11180=CARTESIAN_POINT('Ctrl Pts',(43.7585477173604,0.749053792350919,17.9573803515548));
#11181=CARTESIAN_POINT('Ctrl Pts',(43.6914522826396,0.749363314965697,17.9576143443267));
#11182=CARTESIAN_POINT('Ctrl Pts',(43.6925135707956,0.713325706510751,17.9577302143488));
#11183=CARTESIAN_POINT('Ctrl Pts',(43.6935748589516,0.6772924097937,17.9570741713029));
#11184=CARTESIAN_POINT('Ctrl Pts',(43.6946361471076,0.641290543277964,17.9556329811654));
#11185=CARTESIAN_POINT('Ctrl Pts',(43.720844593038,-0.247773342570648,17.9200428791003));
#11186=CARTESIAN_POINT('Ctrl Pts',(43.7470530389684,-1.1176698345686,17.4056386777189));
#11187=CARTESIAN_POINT('Ctrl Pts',(43.7732614848988,-1.5772338511257,16.6437317575142));
#11188=CARTESIAN_POINT('Ctrl Pts',(43.7994699308291,-2.03679786768279,15.8818248373096));
#11189=CARTESIAN_POINT('Ctrl Pts',(43.8256783767595,-2.08602940879903,14.8724151982816));
#11190=CARTESIAN_POINT('Ctrl Pts',(43.8518868226899,-1.70279062548243,14.0694025716329));
#11191=CARTESIAN_POINT('Ctrl Pts',(43.8780952686203,-1.31955184216583,13.2663899449843));
#11192=CARTESIAN_POINT('Ctrl Pts',(43.9043037145507,-0.5038427344164,12.6697743307149));
#11193=CARTESIAN_POINT('Ctrl Pts',(43.930512160481,0.377538040204003,12.5478350059679));
#11194=CARTESIAN_POINT('Ctrl Pts',(43.9567206064114,1.25891881482441,12.4258956812209));
#11195=CARTESIAN_POINT('Ctrl Pts',(43.9829290523418,2.20597125631578,12.7786326459962));
#11196=CARTESIAN_POINT('Ctrl Pts',(44.0091374982722,2.79283559353004,13.4474311585312));
#11197=CARTESIAN_POINT('Ctrl Pts',(44.0353459442025,3.3796999307443,14.1162296710661));
#11198=CARTESIAN_POINT('Ctrl Pts',(44.0615543901329,3.60637616368143,15.1010897313605));
#11199=CARTESIAN_POINT('Ctrl Pts',(44.0877628360633,3.37093532646085,15.9591508376758));
#11200=CARTESIAN_POINT('Ctrl Pts',(44.1139712819937,3.13549448924027,16.8172119439911));
#11201=CARTESIAN_POINT('Ctrl Pts',(44.1401797279241,2.43793658186197,17.5484740963272));
#11202=CARTESIAN_POINT('Ctrl Pts',(44.1663881738545,1.59193103693569,17.8241115948406));
#11203=CARTESIAN_POINT('Ctrl Pts',(44.1747428767829,1.32224221134058,17.9119790487951));
#11204=CARTESIAN_POINT('Ctrl Pts',(44.1830975797112,1.03746812658692,17.9535458940267));
#11205=CARTESIAN_POINT('Ctrl Pts',(44.1914522826396,0.752094727604687,17.9514339610344));
#11206=CARTESIAN_POINT('Origin',(41.1,0.75,15.24));
#11207=CARTESIAN_POINT('',(44.7585477173604,0.747968973731909,17.9508665524289));
#11208=CARTESIAN_POINT('',(44.6914522826396,0.747910131285461,17.9513595240999));
#11209=CARTESIAN_POINT('',(41.1,0.75,17.9535));
#11210=CARTESIAN_POINT('Ctrl Pts',(44.7585477173604,0.747968973731909,17.9508665524289));
#11211=CARTESIAN_POINT('Ctrl Pts',(44.741322915255,1.33663076129646,17.9469589026571));
#11212=CARTESIAN_POINT('Ctrl Pts',(44.7240981131497,1.92765089105901,17.7582689352325));
#11213=CARTESIAN_POINT('Ctrl Pts',(44.7068733110443,2.39344570092429,17.4046839023674));
#11214=CARTESIAN_POINT('Ctrl Pts',(44.680664865114,3.10217709965608,16.8666856043924));
#11215=CARTESIAN_POINT('Ctrl Pts',(44.6544564191836,3.52099648845734,15.9469349588193));
#11216=CARTESIAN_POINT('Ctrl Pts',(44.6282479732532,3.46175711826748,15.0591173943824));
#11217=CARTESIAN_POINT('Ctrl Pts',(44.6020395273228,3.40251774807762,14.1712998299455));
#11218=CARTESIAN_POINT('Ctrl Pts',(44.5758310813924,2.8652196188966,13.3154153466448));
#11219=CARTESIAN_POINT('Ctrl Pts',(44.549622635462,2.09137693555528,12.8762768365556));
#11220=CARTESIAN_POINT('Ctrl Pts',(44.5234141895316,1.31753425221396,12.4371383264664));
#11221=CARTESIAN_POINT('Ctrl Pts',(44.4972057436013,0.307147014712327,12.4147457895887));
#11222=CARTESIAN_POINT('Ctrl Pts',(44.4709972976709,-0.485399374382871,
12.8191942339463));
#11223=CARTESIAN_POINT('Ctrl Pts',(44.4447888517405,-1.27794576347808,13.2236426783039));
#11224=CARTESIAN_POINT('Ctrl Pts',(44.4185804058101,-1.85265130416685,14.0549321038969));
#11225=CARTESIAN_POINT('Ctrl Pts',(44.3923719598797,-1.95111211189002,14.9392448894284));
#11226=CARTESIAN_POINT('Ctrl Pts',(44.3661635139493,-2.0495729196132,15.8235576749599));
#11227=CARTESIAN_POINT('Ctrl Pts',(44.339955068019,-1.67178899437079,16.7608938204299));
#11228=CARTESIAN_POINT('Ctrl Pts',(44.3137466220886,-0.987626286012299,
17.3297692553267));
#11229=CARTESIAN_POINT('Ctrl Pts',(44.2953469871792,-0.507309975542322,
17.729148155504));
#11230=CARTESIAN_POINT('Ctrl Pts',(44.2769473522698,0.124012458536409,17.9469223667408));
#11231=CARTESIAN_POINT('Ctrl Pts',(44.2585477173604,0.752215468295848,17.9519071868712));
#11232=CARTESIAN_POINT('Ctrl Pts',(44.1914522826396,0.752094727604687,17.9514339610344));
#11233=CARTESIAN_POINT('Ctrl Pts',(44.2093060256416,0.142260557713098,17.9469208252345));
#11234=CARTESIAN_POINT('Ctrl Pts',(44.2271597686436,-0.470310462977933,
17.7429425451084));
#11235=CARTESIAN_POINT('Ctrl Pts',(44.2450135116456,-0.944253421411063,
17.3650849448674));
#11236=CARTESIAN_POINT('Ctrl Pts',(44.271221957576,-1.63997915235725,16.8104079516902));
#11237=CARTESIAN_POINT('Ctrl Pts',(44.2974304035064,-2.03697743177536,15.8810411206449));
#11238=CARTESIAN_POINT('Ctrl Pts',(44.3236388494367,-1.95673222068858,14.9948909454574));
#11239=CARTESIAN_POINT('Ctrl Pts',(44.3498472953671,-1.87648700960179,14.1087407702699));
#11240=CARTESIAN_POINT('Ctrl Pts',(44.3760557412975,-1.31899830801008,13.2658072509402));
#11241=CARTESIAN_POINT('Ctrl Pts',(44.4022641872279,-0.534948064765885,
12.8451320825111));
#11242=CARTESIAN_POINT('Ctrl Pts',(44.4284726331583,0.249102178478315,12.4244569140821));
#11243=CARTESIAN_POINT('Ctrl Pts',(44.4546810790886,1.25971396337501,12.4260400965536));
#11244=CARTESIAN_POINT('Ctrl Pts',(44.480889525019,2.04244065979065,12.8491676762328));
#11245=CARTESIAN_POINT('Ctrl Pts',(44.5070979709494,2.82516735620628,13.2722952559121));
#11246=CARTESIAN_POINT('Ctrl Pts',(44.5333064168798,3.38000896414086,14.1169672327991));
#11247=CARTESIAN_POINT('Ctrl Pts',(44.5595148628101,3.45748328880592,15.0033652892226));
#11248=CARTESIAN_POINT('Ctrl Pts',(44.5857233087405,3.53495761347098,15.8897633456462));
#11249=CARTESIAN_POINT('Ctrl Pts',(44.6119317546709,3.13506465486653,16.8178874816065));
#11250=CARTESIAN_POINT('Ctrl Pts',(44.6381402006013,2.43759854078467,17.370381351723));
#11251=CARTESIAN_POINT('Ctrl Pts',(44.6559108946141,1.96468011858749,17.7450010272223));
#11252=CARTESIAN_POINT('Ctrl Pts',(44.6736815886269,1.35495102029263,17.9469228982091));
#11253=CARTESIAN_POINT('Ctrl Pts',(44.6914522826396,0.747910131285461,17.9513595240999));
#11254=CARTESIAN_POINT('Origin',(40.1756906202908,0.75,15.24));
#11255=CARTESIAN_POINT('',(44.9256906202908,0.748185661443181,17.661647511733));
#11256=CARTESIAN_POINT('',(45.0243093797092,0.750297218065002,17.6673745025597));
#11257=CARTESIAN_POINT('',(40.1756906202908,0.749999999999908,17.664));
#11258=CARTESIAN_POINT('',(45.1,-1.22485640212967,13.8293443230313));
#11259=CARTESIAN_POINT('Ctrl Pts',(44.9256906202908,0.748185661443181,17.661647511733));
#11260=CARTESIAN_POINT('Ctrl Pts',(44.9346742641158,0.473922853192214,17.6634681208208));
#11261=CARTESIAN_POINT('Ctrl Pts',(44.9698663538712,-0.598216035063668,
17.4947055704282));
#11262=CARTESIAN_POINT('Ctrl Pts',(45.0279694804409,-1.94415992653729,16.0145909750374));
#11263=CARTESIAN_POINT('Ctrl Pts',(45.0770889631857,-1.62484741442899,14.3988772060588));
#11264=CARTESIAN_POINT('Ctrl Pts',(45.1,-1.22485640212967,13.8293443230313));
#11265=CARTESIAN_POINT('',(45.1,-1.22334836981644,16.6477187969701));
#11266=CARTESIAN_POINT('Origin',(45.1,0.75,15.24));
#11267=CARTESIAN_POINT('Ctrl Pts',(45.0243093797092,0.750297218065002,17.6673745025597));
#11268=CARTESIAN_POINT('Ctrl Pts',(45.0495395864728,-0.0135548268339879,
17.6652695957019));
#11269=CARTESIAN_POINT('Ctrl Pts',(45.0747697932364,-0.777028128389354,
17.2733730986189));
#11270=CARTESIAN_POINT('Ctrl Pts',(45.1,-1.22334836981643,16.6477187969701));
#11271=CARTESIAN_POINT('Origin',(40.1756906202908,0.75,15.24));
#11272=CARTESIAN_POINT('',(44.4256906202908,0.75197910268989,17.662577122158));
#11273=CARTESIAN_POINT('',(44.5243093797092,0.748133096825459,17.6620878888587));
#11274=CARTESIAN_POINT('',(40.1756906202908,0.749999999999908,17.664));
#11275=CARTESIAN_POINT('Ctrl Pts',(44.4256906202908,0.75197910268989,17.662577122158));
#11276=CARTESIAN_POINT('Ctrl Pts',(44.4440902552002,0.190798304585283,17.6581241263975));
#11277=CARTESIAN_POINT('Ctrl Pts',(44.48869833604,-1.17648447883308,17.1864809316946));
#11278=CARTESIAN_POINT('Ctrl Pts',(44.5595148628101,-2.08836852475769,14.9239657223082));
#11279=CARTESIAN_POINT('Ctrl Pts',(44.6381402006014,-0.548195798799073,
12.6961652052963));
#11280=CARTESIAN_POINT('Ctrl Pts',(44.7167655383923,2.15957497367631,12.7561757187198));
#11281=CARTESIAN_POINT('Ctrl Pts',(44.7953908761837,3.59949831821443,15.0498893588755));
#11282=CARTESIAN_POINT('Ctrl Pts',(44.8650325701496,2.60533525138127,17.2331266849742));
#11283=CARTESIAN_POINT('Ctrl Pts',(44.9084658181854,1.27404384204259,17.6581567643416));
#11284=CARTESIAN_POINT('Ctrl Pts',(44.9256906202908,0.748185661443181,17.661647511733));
#11285=CARTESIAN_POINT('Ctrl Pts',(44.5243093797092,0.748133096825459,17.6620878888587));
#11286=CARTESIAN_POINT('Ctrl Pts',(44.5327471316268,0.49065333533286,17.6639697083488));
#11287=CARTESIAN_POINT('Ctrl Pts',(44.5673933294748,-0.564359626021439,
17.508387304527));
#11288=CARTESIAN_POINT('Ctrl Pts',(44.6282479732532,-2.00637872139514,15.9871021228135));
#11289=CARTESIAN_POINT('Ctrl Pts',(44.7068733110443,-1.39093787818566,13.3495610794857));
#11290=CARTESIAN_POINT('Ctrl Pts',(44.7854986488355,1.15063972209976,12.4123921527395));
#11291=CARTESIAN_POINT('Ctrl Pts',(44.8641239866266,3.330486157511,14.0177364337581));
#11292=CARTESIAN_POINT('Ctrl Pts',(44.9427493244177,3.1924543069735,16.7232216804003));
#11293=CARTESIAN_POINT('Ctrl Pts',(44.9961444554453,1.60301453533449,17.6534390826705));
#11294=CARTESIAN_POINT('Ctrl Pts',(45.0233311405425,0.779913700995816,17.6674561151422));
#11295=CARTESIAN_POINT('Ctrl Pts',(45.0243093797092,0.750297218065002,17.6673745025597));
#11296=CARTESIAN_POINT('Origin',(40.1756906202908,0.75,15.24));
#11297=CARTESIAN_POINT('',(43.9256906202908,0.749154742089019,17.6674663615879));
#11298=CARTESIAN_POINT('',(44.0243093797093,0.751871243675599,17.6621543842076));
#11299=CARTESIAN_POINT('',(40.1756906202908,0.749999999999908,17.664));
#11300=CARTESIAN_POINT('Ctrl Pts',(43.9256906202908,0.749154742089019,17.6674663615879));
#11301=CARTESIAN_POINT('Ctrl Pts',(43.9272978003542,0.700391817066764,17.6676892191999));
#11302=CARTESIAN_POINT('Ctrl Pts',(43.955113426348,-0.14333638635245,17.6444173702631));
#11303=CARTESIAN_POINT('Ctrl Pts',(44.0091374982721,-1.72533490900799,16.6644298220139));
#11304=CARTESIAN_POINT('Ctrl Pts',(44.0877628360633,-1.80157688861236,13.9571371448279));
#11305=CARTESIAN_POINT('Ctrl Pts',(44.1663881738545,0.416908084237469,12.4035701842224));
#11306=CARTESIAN_POINT('Ctrl Pts',(44.2450135116455,2.93495626832652,13.4009103585854));
#11307=CARTESIAN_POINT('Ctrl Pts',(44.3236388494368,3.48798972757572,16.0522105052018));
#11308=CARTESIAN_POINT('Ctrl Pts',(44.3838645523184,2.02546937122487,17.5235512921069));
#11309=CARTESIAN_POINT('Ctrl Pts',(44.4178818092698,0.990144415347936,17.6644669750025));
#11310=CARTESIAN_POINT('Ctrl Pts',(44.4256906202908,0.75197910268989,17.662577122158));
#11311=CARTESIAN_POINT('Ctrl Pts',(44.0243093797093,0.751871243675599,17.6621543842076));
#11312=CARTESIAN_POINT('Ctrl Pts',(44.0421631227112,0.207099536353986,17.6581227493526));
#11313=CARTESIAN_POINT('Ctrl Pts',(44.0862253116436,-1.14340493505629,17.2084221104454));
#11314=CARTESIAN_POINT('Ctrl Pts',(44.1564959465063,-2.09428123233205,14.9824354074035));
#11315=CARTESIAN_POINT('Ctrl Pts',(44.2351212842975,-0.600248493074675,
12.723429491588));
#11316=CARTESIAN_POINT('Ctrl Pts',(44.3137466220886,2.1081240515241,12.7276723155912));
#11317=CARTESIAN_POINT('Ctrl Pts',(44.3923719598798,3.5950627553753,14.9913371823398));
#11318=CARTESIAN_POINT('Ctrl Pts',(44.4625595457533,2.63838520673677,17.2117201726312));
#11319=CARTESIAN_POINT('Ctrl Pts',(44.5065386856964,1.29040953498776,17.6581246011642));
#11320=CARTESIAN_POINT('Ctrl Pts',(44.5243093797092,0.748133096825459,17.6620878888587));
#11321=CARTESIAN_POINT('Origin',(40.1756906202908,0.75,15.24));
#11322=CARTESIAN_POINT('',(43.4256906202908,0.749033658140516,17.6606224683871));
#11323=CARTESIAN_POINT('',(43.5243093797093,0.749431242113921,17.6676753899569));
#11324=CARTESIAN_POINT('',(40.1756906202908,0.749999999999908,17.664));
#11325=CARTESIAN_POINT('Ctrl Pts',(43.4256906202908,0.749033658140516,17.6606224683871));
#11326=CARTESIAN_POINT('Ctrl Pts',(43.4367137914386,0.412146964958293,17.6618552376857));
#11327=CARTESIAN_POINT('Ctrl Pts',(43.4739454085168,-0.724162220652689,
17.4400114501306));
#11328=CARTESIAN_POINT('Ctrl Pts',(43.5373854715253,-2.06609498310805,15.715280943155));
#11329=CARTESIAN_POINT('Ctrl Pts',(43.6160108093165,-1.1966197618987,13.1502740835833));
#11330=CARTESIAN_POINT('Ctrl Pts',(43.6946361471076,1.42352270707493,12.4646351420723));
#11331=CARTESIAN_POINT('Ctrl Pts',(43.7732614848988,3.43794127796229,14.2749846336202));
#11332=CARTESIAN_POINT('Ctrl Pts',(43.8502796426264,3.04323127924578,16.8984626154128));
#11333=CARTESIAN_POINT('Ctrl Pts',(43.9010893544238,1.49557370921472,17.6640550578469));
#11334=CARTESIAN_POINT('Ctrl Pts',(43.9256906202908,0.749154742089019,17.6674663615879));
#11335=CARTESIAN_POINT('Ctrl Pts',(43.5243093797093,0.749431242113921,17.6676753899569));
#11336=CARTESIAN_POINT('Ctrl Pts',(43.5253706678653,0.717238442079075,17.6677788979479));
#11337=CARTESIAN_POINT('Ctrl Pts',(43.5526404019516,-0.109854610837835,
17.652720363338));
#11338=CARTESIAN_POINT('Ctrl Pts',(43.6061185819683,-1.69549871958627,16.7150662873197));
#11339=CARTESIAN_POINT('Ctrl Pts',(43.6847439197595,-1.8274359840039,14.0099154139049));
#11340=CARTESIAN_POINT('Ctrl Pts',(43.7633692575506,0.358610314707682,12.4110251441547));
#11341=CARTESIAN_POINT('Ctrl Pts',(43.8419945953418,2.89664803518872,13.3563368109491));
#11342=CARTESIAN_POINT('Ctrl Pts',(43.9206199331329,3.50412530289419,15.9956964418543));
#11343=CARTESIAN_POINT('Ctrl Pts',(43.9813915279221,2.05920990374824,17.5104265216755));
#11344=CARTESIAN_POINT('Ctrl Pts',(44.0159546767809,1.00679850335238,17.6640409976491));
#11345=CARTESIAN_POINT('Ctrl Pts',(44.0243093797093,0.751871243675599,17.6621543842076));
#11346=CARTESIAN_POINT('Origin',(40.1756906202908,0.75,15.24));
#11347=CARTESIAN_POINT('',(42.9256906202907,0.752089449727911,17.6643363399719));
#11348=CARTESIAN_POINT('',(43.0243093797092,0.748807020747751,17.6608504239206));
#11349=CARTESIAN_POINT('',(40.1756906202908,0.749999999999908,17.664));
#11350=CARTESIAN_POINT('Ctrl Pts',(42.9256906202908,0.752089449727911,17.6643363399719));
#11351=CARTESIAN_POINT('Ctrl Pts',(42.946129782523,0.129859606656584,17.6587709842344));
#11352=CARTESIAN_POINT('Ctrl Pts',(42.9927773906856,-1.2991231537687,17.099740226836));
#11353=CARTESIAN_POINT('Ctrl Pts',(43.0656334447785,-2.05571824405145,14.7068695679886));
#11354=CARTESIAN_POINT('Ctrl Pts',(43.1442587825697,-0.348939808584765,
12.6039775763181));
#11355=CARTESIAN_POINT('Ctrl Pts',(43.2228841203607,2.34615590296576,12.8717581934114));
#11356=CARTESIAN_POINT('Ctrl Pts',(43.301509458152,3.60576948694117,15.2693863913334));
#11357=CARTESIAN_POINT('Ctrl Pts',(43.3691116247952,2.4805598380385,17.3081471411783));
#11358=CARTESIAN_POINT('Ctrl Pts',(43.4105053455082,1.21312125489184,17.6589242328892));
#11359=CARTESIAN_POINT('Ctrl Pts',(43.4256906202908,0.749033658140516,17.6606224683871));
#11360=CARTESIAN_POINT('Ctrl Pts',(43.0243093797092,0.748807020747751,17.6608504239206));
#11361=CARTESIAN_POINT('Ctrl Pts',(43.0347866589496,0.428679266837768,17.6623053199143));
#11362=CARTESIAN_POINT('Ctrl Pts',(43.0714723841203,-0.690428032559563,
17.4552811126414));
#11363=CARTESIAN_POINT('Ctrl Pts',(43.1343665552215,-2.05571851384654,15.7731304832772));
#11364=CARTESIAN_POINT('Ctrl Pts',(43.2129918930126,-1.23921052415045,13.1907742978345));
#11365=CARTESIAN_POINT('Ctrl Pts',(43.2916172308038,1.36626817245683,12.4513626930004));
#11366=CARTESIAN_POINT('Ctrl Pts',(43.370242568595,3.41751407674902,14.2198759155247));
#11367=CARTESIAN_POINT('Ctrl Pts',(43.44780661823,3.07445967809941,16.8695694641661));
#11368=CARTESIAN_POINT('Ctrl Pts',(43.4991622219349,1.5122376647692,17.6652227744585));
#11369=CARTESIAN_POINT('Ctrl Pts',(43.5243093797093,0.749431242113921,17.6676753899569));
#11370=CARTESIAN_POINT('Origin',(40.1756906202908,0.75,15.24));
#11371=CARTESIAN_POINT('',(42.4256906202908,0.748318429372266,17.666164268015));
#11372=CARTESIAN_POINT('',(42.5243093797092,0.752107712849573,17.6638492727216));
#11373=CARTESIAN_POINT('',(40.1756906202908,0.749999999999908,17.664));
#11374=CARTESIAN_POINT('Ctrl Pts',(42.4256906202908,0.748318429372266,17.666164268015));
#11375=CARTESIAN_POINT('Ctrl Pts',(42.429337327677,0.637518233234138,17.6670449206979));
#11376=CARTESIAN_POINT('Ctrl Pts',(42.4591924809936,-0.268681074169034,
17.6101690413444));
#11377=CARTESIAN_POINT('Ctrl Pts',(42.5152560802405,-1.82743573605471,16.4700844677966));
#11378=CARTESIAN_POINT('Ctrl Pts',(42.5938814180317,-1.6954984844834,13.7649338545299));
#11379=CARTESIAN_POINT('Ctrl Pts',(42.6725067558228,0.635766185405103,12.3863648503761));
#11380=CARTESIAN_POINT('Ctrl Pts',(42.7511320936139,3.06976553338869,13.5741756475367));
#11381=CARTESIAN_POINT('Ctrl Pts',(42.8297574314051,3.41751382025027,16.2601239863793));
#11382=CARTESIAN_POINT('Ctrl Pts',(42.887943606964,1.89950262718638,17.5689006967889));
#11383=CARTESIAN_POINT('Ctrl Pts',(42.9199213365926,0.927723873946123,17.6659072515272));
#11384=CARTESIAN_POINT('Ctrl Pts',(42.9256906202908,0.752089449727911,17.6643363399719));
#11385=CARTESIAN_POINT('Ctrl Pts',(42.5243093797092,0.752107712849574,17.6638492727216));
#11386=CARTESIAN_POINT('Ctrl Pts',(42.544202650034,0.146183971879023,17.6584914483452));
#11387=CARTESIAN_POINT('Ctrl Pts',(42.5903043662891,-1.26645607812285,17.1237051226037));
#11388=CARTESIAN_POINT('Ctrl Pts',(42.6626145284747,-2.06609525389474,14.7647190111394));
#11389=CARTESIAN_POINT('Ctrl Pts',(42.7412398662658,-0.402951778267232,
12.6271497005447));
#11390=CARTESIAN_POINT('Ctrl Pts',(42.819865204057,2.29708393636565,12.8394134504988));
#11391=CARTESIAN_POINT('Ctrl Pts',(42.8984905418481,3.60576976154924,15.2106136058411));
#11392=CARTESIAN_POINT('Ctrl Pts',(42.9666386003989,2.51400683959751,17.2887442329018));
#11393=CARTESIAN_POINT('Ctrl Pts',(43.0085782130192,1.22946454101751,17.6586659625858));
#11394=CARTESIAN_POINT('Ctrl Pts',(43.0243093797092,0.748807020747751,17.6608504239206));
#11395=CARTESIAN_POINT('Origin',(40.1756906202908,0.75,15.24));
#11396=CARTESIAN_POINT('',(41.9256906202908,0.749981261738618,17.660229681856));
#11397=CARTESIAN_POINT('',(42.0243093797093,0.748504993550635,17.6665771023053));
#11398=CARTESIAN_POINT('',(40.1756906202908,0.749999999999908,17.664));
#11399=CARTESIAN_POINT('Ctrl Pts',(41.9256906202908,0.749981261738618,17.660229681856));
#11400=CARTESIAN_POINT('Ctrl Pts',(41.9387533187614,0.35060030781708,17.6602598587656));
#11401=CARTESIAN_POINT('Ctrl Pts',(41.9780244631623,-0.850042847393757,
17.3788762654682));
#11402=CARTESIAN_POINT('Ctrl Pts',(42.0435040534936,-2.09428095423182,15.4975645675639));
#11403=CARTESIAN_POINT('Ctrl Pts',(42.1221293912848,-1.03035200964003,13.0069233498537));
#11404=CARTESIAN_POINT('Ctrl Pts',(42.200754729076,1.63471629986465,12.5245697591482));
#11405=CARTESIAN_POINT('Ctrl Pts',(42.2793800668671,3.50412503735566,14.4843036308864));
#11406=CARTESIAN_POINT('Ctrl Pts',(42.354358697272,2.92482311823265,17.0012473641997));
#11407=CARTESIAN_POINT('Ctrl Pts',(42.4031288817466,1.4338258724343,17.6607157761356));
#11408=CARTESIAN_POINT('Ctrl Pts',(42.4256906202908,0.748318429372266,17.666164268015));
#11409=CARTESIAN_POINT('Ctrl Pts',(42.0243093797093,0.748504993550634,17.6665771023053));
#11410=CARTESIAN_POINT('Ctrl Pts',(42.027410195188,0.654332919979832,17.667263945176));
#11411=CARTESIAN_POINT('Ctrl Pts',(42.0567194565972,-0.235094689272491,
17.6198437553657));
#11412=CARTESIAN_POINT('Ctrl Pts',(42.1122371639366,-1.80157713464571,16.5228629787419));
#11413=CARTESIAN_POINT('Ctrl Pts',(42.1908625017279,-1.7253351466774,13.8155700408976));
#11414=CARTESIAN_POINT('Ctrl Pts',(42.2694878395189,0.577067758730013,12.3893195442689));
#11415=CARTESIAN_POINT('Ctrl Pts',(42.3481131773102,3.03499486942892,13.5267916684563));
#11416=CARTESIAN_POINT('Ctrl Pts',(42.4267385151012,3.43794153638105,16.2050154591937));
#11417=CARTESIAN_POINT('Ctrl Pts',(42.4854705825676,1.93319787350238,17.5573222560215));
#11418=CARTESIAN_POINT('Ctrl Pts',(42.5179942041036,0.944459938771766,17.6655501294058));
#11419=CARTESIAN_POINT('Ctrl Pts',(42.5243093797092,0.752107712849574,17.6638492727216));
#11420=CARTESIAN_POINT('Origin',(40.1756906202908,0.75,15.24));
#11421=CARTESIAN_POINT('',(41.4256906202908,0.751831528951863,17.6660583075838));
#11422=CARTESIAN_POINT('',(41.5243093797093,0.749726365379487,17.6602570474102));
#11423=CARTESIAN_POINT('',(40.1756906202908,0.749999999999908,17.664));
#11424=CARTESIAN_POINT('Ctrl Pts',(41.4256906202908,0.751831528951863,17.6660583075838));
#11425=CARTESIAN_POINT('Ctrl Pts',(41.4481693098457,0.0688188927397956,
17.6605654563616));
#11426=CARTESIAN_POINT('Ctrl Pts',(41.4968564453311,-1.4201326533733,17.0053214519427));
#11427=CARTESIAN_POINT('Ctrl Pts',(41.5717520267469,-2.00637829069003,14.4928979721695));
#11428=CARTESIAN_POINT('Ctrl Pts',(41.6503773645379,-0.143263090761532,
12.5273692257561));
#11429=CARTESIAN_POINT('Ctrl Pts',(41.7290027023291,2.52337603467545,13.0013519181426));
#11430=CARTESIAN_POINT('Ctrl Pts',(41.8076280401203,3.59506245313156,15.4886627933414));
#11431=CARTESIAN_POINT('Ctrl Pts',(41.8731906794408,2.35516172405578,17.3762455130095));
#11432=CARTESIAN_POINT('Ctrl Pts',(41.912544872831,1.15190136824055,17.6601993130901));
#11433=CARTESIAN_POINT('Ctrl Pts',(41.9256906202908,0.749981261738618,17.660229681856));
#11434=CARTESIAN_POINT('Ctrl Pts',(41.5243093797093,0.749726365379487,17.6602570474102));
#11435=CARTESIAN_POINT('Ctrl Pts',(41.5368261862724,0.367043745516548,17.6606649886749));
#11436=CARTESIAN_POINT('Ctrl Pts',(41.5755514387659,-0.816398123985152,
17.3958908283853));
#11437=CARTESIAN_POINT('Ctrl Pts',(41.6404851371899,-2.0883688258775,15.5560343133224));
#11438=CARTESIAN_POINT('Ctrl Pts',(41.719110474981,-1.07593282565697,13.0440353715592));
#11439=CARTESIAN_POINT('Ctrl Pts',(41.7977358127721,1.57865289558832,12.5069371585174));
#11440=CARTESIAN_POINT('Ctrl Pts',(41.8763611505633,3.48798999531294,14.4277894155319));
#11441=CARTESIAN_POINT('Ctrl Pts',(41.9518856728756,2.95676693747075,16.9745281908239));
#11442=CARTESIAN_POINT('Ctrl Pts',(42.0012017492576,1.45028602174577,17.6614586709308));
#11443=CARTESIAN_POINT('Ctrl Pts',(42.0243093797093,0.748504993550634,17.6665771023053));
#11444=CARTESIAN_POINT('Origin',(43.1,0.75,15.24));
#11445=CARTESIAN_POINT('',(43.1,0.75,15.74));
#11446=CARTESIAN_POINT('Origin',(43.1,0.75,15.24));
#11447=CARTESIAN_POINT('',(38.1,0.75,15.74));
#11448=CARTESIAN_POINT('',(43.1,0.75,15.74));
#11449=CARTESIAN_POINT('Origin',(38.1,0.75,15.24));
#11450=CARTESIAN_POINT('Origin',(38.1,0.75,15.24));
#11451=CARTESIAN_POINT('Origin',(46.1,0.75,15.24));
#11452=CARTESIAN_POINT('',(46.1,0.75,17.615));
#11453=CARTESIAN_POINT('Origin',(46.1,0.75,15.24));
#11454=CARTESIAN_POINT('',(43.1,0.75,17.615));
#11455=CARTESIAN_POINT('',(46.1,0.75,17.615));
#11456=CARTESIAN_POINT('Origin',(43.1,0.75,15.24));
#11457=CARTESIAN_POINT('Origin',(43.1,0.75,15.24));
#11458=CARTESIAN_POINT('Origin',(45.1,0.75,15.24));
#11459=CARTESIAN_POINT('',(45.1,-0.222444973595325,12.9390702688844));
#11460=CARTESIAN_POINT('',(45.1000000000002,-0.220771116798715,17.541268140288));
#11461=CARTESIAN_POINT('Origin',(45.1,0.75,15.24));
#11462=CARTESIAN_POINT('Ctrl Pts',(45.1,-0.218545864724752,17.5396515535079));
#11463=CARTESIAN_POINT('Ctrl Pts',(45.1,-0.29731972414062,17.5007674363707));
#11464=CARTESIAN_POINT('Ctrl Pts',(45.1,-0.374205377022412,17.457875270381));
#11465=CARTESIAN_POINT('Ctrl Pts',(45.1,-0.448846100173312,17.4111118481051));
#11466=CARTESIAN_POINT('Ctrl Pts',(45.1,-0.475917301720427,17.3941513743045));
#11467=CARTESIAN_POINT('Ctrl Pts',(45.1,-0.502692845167292,17.3766813304701));
#11468=CARTESIAN_POINT('Ctrl Pts',(45.1,-0.529154380957994,17.3587071562719));
#11469=CARTESIAN_POINT('Ctrl Pts',(45.1,-0.540546467385772,17.3509690057899));
#11470=CARTESIAN_POINT('Ctrl Pts',(45.1,-0.551880344791464,17.3431374115147));
#11471=CARTESIAN_POINT('Ctrl Pts',(45.1,-0.563154502689093,17.3352127780206));
#11472=CARTESIAN_POINT('Ctrl Pts',(45.1,-0.57274998744315,17.3284680880345));
#11473=CARTESIAN_POINT('Ctrl Pts',(45.1,-0.582300826530808,17.3216569256614));
#11474=CARTESIAN_POINT('Ctrl Pts',(45.1,-0.591798854463331,17.3147849897558));
#11475=CARTESIAN_POINT('Ctrl Pts',(45.1,-0.662505343800696,17.2636280057701));
#11476=CARTESIAN_POINT('Ctrl Pts',(45.1,-0.730404981699684,17.2090243878867));
#11477=CARTESIAN_POINT('Ctrl Pts',(45.1,-0.795184857795227,17.1511508310825));
#11478=CARTESIAN_POINT('Ctrl Pts',(45.1,-0.859119072643243,17.0940327777956));
#11479=CARTESIAN_POINT('Ctrl Pts',(45.1,-0.920015116104802,17.0337290238763));
#11480=CARTESIAN_POINT('Ctrl Pts',(45.1,-0.977536673537283,16.9703741500514));
#11481=CARTESIAN_POINT('Ctrl Pts',(45.1,-1.03321186229252,16.9090528869249));
#11482=CARTESIAN_POINT('Ctrl Pts',(45.1,-1.08572614888232,16.8448726766944));
#11483=CARTESIAN_POINT('Ctrl Pts',(45.1,-1.13473336366186,16.7779306691925));
#11484=CARTESIAN_POINT('Ctrl Pts',(45.1,-1.16570583528741,16.7356234408133));
#11485=CARTESIAN_POINT('Ctrl Pts',(45.1,-1.19527666388964,16.6922126230312));
#11486=CARTESIAN_POINT('Ctrl Pts',(45.1,-1.22334836981637,16.6477187969701));
#11487=CARTESIAN_POINT('Ctrl Pts',(45.1,-1.22485640212966,13.8293443230313));
#11488=CARTESIAN_POINT('Ctrl Pts',(45.1,-1.17919566461488,13.7557445105297));
#11489=CARTESIAN_POINT('Ctrl Pts',(45.1,-1.12958418930819,13.6849065470864));
#11490=CARTESIAN_POINT('Ctrl Pts',(45.1,-1.07610644032826,13.6172158458305));
#11491=CARTESIAN_POINT('Ctrl Pts',(45.1,-1.06730212644882,13.6060715813103));
#11492=CARTESIAN_POINT('Ctrl Pts',(45.1,-1.05839291084795,13.5950126620913));
#11493=CARTESIAN_POINT('Ctrl Pts',(45.1,-1.0493790443528,13.5840408614222));
#11494=CARTESIAN_POINT('Ctrl Pts',(45.1,-0.994345393587054,13.5170531545802));
#11495=CARTESIAN_POINT('Ctrl Pts',(45.1,-0.935414653406998,13.4533100914725));
#11496=CARTESIAN_POINT('Ctrl Pts',(45.1,-0.872982682809018,13.3928991084442));
#11497=CARTESIAN_POINT('Ctrl Pts',(45.1,-0.854390954894925,13.3749092140243));
#11498=CARTESIAN_POINT('Ctrl Pts',(45.1,-0.835488425307217,13.35721504772));
#11499=CARTESIAN_POINT('Ctrl Pts',(45.1,-0.816284805721069,13.3398195540782));
#11500=CARTESIAN_POINT('Ctrl Pts',(45.1,-0.801333535525528,13.3262760278457));
#11501=CARTESIAN_POINT('Ctrl Pts',(45.1,-0.786197207847747,13.312911540175));
#11502=CARTESIAN_POINT('Ctrl Pts',(45.1,-0.770899904050325,13.2997439758095));
#11503=CARTESIAN_POINT('Ctrl Pts',(45.1,-0.70599205297635,13.2438728028132));
#11504=CARTESIAN_POINT('Ctrl Pts',(45.1,-0.638123134802276,13.1914823942875));
#11505=CARTESIAN_POINT('Ctrl Pts',(45.1,-0.567681507891394,13.1426416779435));
#11506=CARTESIAN_POINT('Ctrl Pts',(45.1,-0.49551096571299,13.0926022178471));
#11507=CARTESIAN_POINT('Ctrl Pts',(45.1,-0.420639182485856,13.0462882932687));
#11508=CARTESIAN_POINT('Ctrl Pts',(45.1,-0.343443944099665,13.003811181844));
#11509=CARTESIAN_POINT('Ctrl Pts',(45.1,-0.306781378999299,12.9836374004627));
#11510=CARTESIAN_POINT('Ctrl Pts',(45.1,-0.26959422588405,12.9643296404928));
#11511=CARTESIAN_POINT('Ctrl Pts',(45.1,-0.231920642792832,12.9459032052313));
#11512=CARTESIAN_POINT('Ctrl Pts',(45.1,-0.228581488823148,12.9442699996957));
#11513=CARTESIAN_POINT('Ctrl Pts',(45.1,-0.225239123701042,12.9426440181592));
#11514=CARTESIAN_POINT('Ctrl Pts',(45.1,-0.221893578349127,12.9410252648494));
#11515=CARTESIAN_POINT('Ctrl Pts',(40.9328570970696,2.96177003345966,16.231891787994));
#11516=CARTESIAN_POINT('Ctrl Pts',(40.959065543,2.63509538811839,16.9603272887235));
#11517=CARTESIAN_POINT('Ctrl Pts',(41.0114824348607,1.21141370399006,18.0572709971152));
#11518=CARTESIAN_POINT('Ctrl Pts',(41.0901077726519,-1.35284135069974,17.1748353544036));
#11519=CARTESIAN_POINT('Ctrl Pts',(41.168733110443,-2.02054470743869,14.5494067343567));
#11520=CARTESIAN_POINT('Ctrl Pts',(41.2473584482342,-0.199207527829038,
12.5465109255974));
#11521=CARTESIAN_POINT('Ctrl Pts',(41.3259837860253,2.47709000922042,12.9652397026288));
#11522=CARTESIAN_POINT('Ctrl Pts',(41.4046091238164,3.59949875918899,15.4301106494987));
#11523=CARTESIAN_POINT('Ctrl Pts',(41.4832344616076,2.15957501604569,17.7238245303812));
#11524=CARTESIAN_POINT('Ctrl Pts',(41.5618597993987,-0.548195872169988,
17.7838350315203));
#11525=CARTESIAN_POINT('Ctrl Pts',(41.6404851371899,-2.0883688258775,15.5560343133224));
#11526=CARTESIAN_POINT('Ctrl Pts',(41.719110474981,-1.07593282565697,13.0440353715592));
#11527=CARTESIAN_POINT('Ctrl Pts',(41.7977358127721,1.57865289558832,12.5069371585174));
#11528=CARTESIAN_POINT('Ctrl Pts',(41.8763611505633,3.48798999531294,14.4277894155319));
#11529=CARTESIAN_POINT('Ctrl Pts',(41.9549864883544,2.93495647604705,17.0790898189286));
#11530=CARTESIAN_POINT('Ctrl Pts',(42.0336118261456,0.416908053478401,18.0764300881499));
#11531=CARTESIAN_POINT('Ctrl Pts',(42.1122371639366,-1.80157713464571,16.5228629787419));
#11532=CARTESIAN_POINT('Ctrl Pts',(42.1908625017279,-1.7253351466774,13.8155700408976));
#11533=CARTESIAN_POINT('Ctrl Pts',(42.2694878395189,0.577067758730013,12.3893195442689));
#11534=CARTESIAN_POINT('Ctrl Pts',(42.3481131773102,3.03499486942892,13.5267916684563));
#11535=CARTESIAN_POINT('Ctrl Pts',(42.4267385151012,3.43794153638105,16.2050154591937));
#11536=CARTESIAN_POINT('Ctrl Pts',(42.5053638528924,1.42352277186801,18.0153651247953));
#11537=CARTESIAN_POINT('Ctrl Pts',(42.5839891906835,-1.19661994909893,17.329726117369));
#11538=CARTESIAN_POINT('Ctrl Pts',(42.6626145284747,-2.06609525389474,14.7647190111394));
#11539=CARTESIAN_POINT('Ctrl Pts',(42.7412398662658,-0.402951778267232,
12.6271497005447));
#11540=CARTESIAN_POINT('Ctrl Pts',(42.819865204057,2.29708393636565,12.8394134504988));
#11541=CARTESIAN_POINT('Ctrl Pts',(42.8984905418481,3.60576976154924,15.2106136058411));
#11542=CARTESIAN_POINT('Ctrl Pts',(42.9771158796393,2.34615605645218,17.6082420343173));
#11543=CARTESIAN_POINT('Ctrl Pts',(43.0557412174303,-0.348939914259044,
17.8760226771605));
#11544=CARTESIAN_POINT('Ctrl Pts',(43.1343665552215,-2.05571851384654,15.7731304832772));
#11545=CARTESIAN_POINT('Ctrl Pts',(43.2129918930126,-1.23921052415045,13.1907742978345));
#11546=CARTESIAN_POINT('Ctrl Pts',(43.2916172308038,1.36626817245683,12.4513626930004));
#11547=CARTESIAN_POINT('Ctrl Pts',(43.370242568595,3.41751407674902,14.2198759155247));
#11548=CARTESIAN_POINT('Ctrl Pts',(43.448867906386,3.06976575647129,16.9058245126505));
#11549=CARTESIAN_POINT('Ctrl Pts',(43.5274932441773,0.635766174391657,18.0936354240235));
#11550=CARTESIAN_POINT('Ctrl Pts',(43.6061185819683,-1.69549871958627,16.7150662873197));
#11551=CARTESIAN_POINT('Ctrl Pts',(43.6847439197595,-1.8274359840039,14.0099154139049));
#11552=CARTESIAN_POINT('Ctrl Pts',(43.7633692575506,0.358610314707682,12.4110251441547));
#11553=CARTESIAN_POINT('Ctrl Pts',(43.8419945953418,2.89664803518872,13.3563368109491));
#11554=CARTESIAN_POINT('Ctrl Pts',(43.9206199331329,3.50412530289419,15.9956964418543));
#11555=CARTESIAN_POINT('Ctrl Pts',(43.9992452709241,1.63471638361835,17.9554305018463));
#11556=CARTESIAN_POINT('Ctrl Pts',(44.0778706087152,-1.03035217836906,17.4730768650638));
#11557=CARTESIAN_POINT('Ctrl Pts',(44.1564959465063,-2.09428123233205,14.9824354074035));
#11558=CARTESIAN_POINT('Ctrl Pts',(44.2351212842975,-0.600248493074675,
12.723429491588));
#11559=CARTESIAN_POINT('Ctrl Pts',(44.3137466220886,2.1081240515241,12.7276723155912));
#11560=CARTESIAN_POINT('Ctrl Pts',(44.3923719598798,3.5950627553753,14.9913371823398));
#11561=CARTESIAN_POINT('Ctrl Pts',(44.4709972976708,2.52337615321144,17.4786482996063));
#11562=CARTESIAN_POINT('Ctrl Pts',(44.549622635462,-0.143263083285693,17.9526310268119));
#11563=CARTESIAN_POINT('Ctrl Pts',(44.6282479732532,-2.00637872139514,15.9871021228135));
#11564=CARTESIAN_POINT('Ctrl Pts',(44.7068733110443,-1.39093787818566,13.3495610794857));
#11565=CARTESIAN_POINT('Ctrl Pts',(44.7854986488355,1.15063972209976,12.4123921527395));
#11566=CARTESIAN_POINT('Ctrl Pts',(44.8641239866266,3.330486157511,14.0177364337581));
#11567=CARTESIAN_POINT('Ctrl Pts',(44.9427493244177,3.1924543069735,16.7232216804003));
#11568=CARTESIAN_POINT('Ctrl Pts',(45.0213746622089,0.851974256848632,18.0929843547339));
#11569=CARTESIAN_POINT('Ctrl Pts',(45.0737915540696,-0.759723159580048,
17.2976313042087));
#11570=CARTESIAN_POINT('Ctrl Pts',(45.1,-1.22334836981643,16.6477187969701));
#11571=CARTESIAN_POINT('Ctrl Pts',(40.9885713980464,3.04982110946167,16.2713792292239));
#11572=CARTESIAN_POINT('Ctrl Pts',(41.0147798439768,2.71014147101997,17.0288139155229));
#11573=CARTESIAN_POINT('Ctrl Pts',(41.0671967358376,1.22978269014313,18.169427206365));
#11574=CARTESIAN_POINT('Ctrl Pts',(41.1458220736287,-1.43655595067603,17.2518615968541));
#11575=CARTESIAN_POINT('Ctrl Pts',(41.2244474114199,-2.13084073230166,14.5219140569085));
#11576=CARTESIAN_POINT('Ctrl Pts',(41.3030727492109,-0.236995698800785,
12.4392825032872));
#11577=CARTESIAN_POINT('Ctrl Pts',(41.3816980870022,2.54584586148518,12.8746809696682));
#11578=CARTESIAN_POINT('Ctrl Pts',(41.4603234247932,3.71293796309234,15.4376789983751));
#11579=CARTESIAN_POINT('Ctrl Pts',(41.5389487625845,2.21569052307887,17.8227061587565));
#11580=CARTESIAN_POINT('Ctrl Pts',(41.6175741003755,-0.599877349754311,
17.8851056918098));
#11581=CARTESIAN_POINT('Ctrl Pts',(41.6961994381667,-2.20136494456445,15.568615712347));
#11582=CARTESIAN_POINT('Ctrl Pts',(41.7748247759578,-1.14862363327904,12.9566135123824));
#11583=CARTESIAN_POINT('Ctrl Pts',(41.8534501137489,1.61164175879965,12.3981332953974));
#11584=CARTESIAN_POINT('Ctrl Pts',(41.9320754515401,3.59699000956528,14.3954551245248));
#11585=CARTESIAN_POINT('Ctrl Pts',(42.0107007893312,3.02194009813391,17.1523044094924));
#11586=CARTESIAN_POINT('Ctrl Pts',(42.0893261271224,0.403647586135445,18.1893490252401));
#11587=CARTESIAN_POINT('Ctrl Pts',(42.1679514649134,-1.90315600984922,16.5739340502966));
#11588=CARTESIAN_POINT('Ctrl Pts',(42.2465768027047,-1.82387881072623,13.7588631551495));
#11589=CARTESIAN_POINT('Ctrl Pts',(42.3252021404958,0.570183286253707,12.2758332967532));
#11590=CARTESIAN_POINT('Ctrl Pts',(42.4038274782869,3.12596104306748,13.4585884489869));
#11591=CARTESIAN_POINT('Ctrl Pts',(42.4824528160781,3.54494910992097,16.2434329475651));
#11592=CARTESIAN_POINT('Ctrl Pts',(42.5610781538692,1.4503358690154,18.1258530515869));
#11593=CARTESIAN_POINT('Ctrl Pts',(42.6397034916604,-1.27411533898674,17.4129185968765));
#11594=CARTESIAN_POINT('Ctrl Pts',(42.7183288294515,-2.17820465653535,14.745797965172));
#11595=CARTESIAN_POINT('Ctrl Pts',(42.7969541672426,-0.448851054918552,
12.5231315264946));
#11596=CARTESIAN_POINT('Ctrl Pts',(42.8755795050337,2.3586737052845,12.7438455453722));
#11597=CARTESIAN_POINT('Ctrl Pts',(42.9542048428249,3.7194586155053,15.2094437267007));
#11598=CARTESIAN_POINT('Ctrl Pts',(43.032830180616,2.40969939780846,17.702522296822));
#11599=CARTESIAN_POINT('Ctrl Pts',(43.1114555184072,-0.392688966126201,
17.9809633489204));
#11600=CARTESIAN_POINT('Ctrl Pts',(43.1900808561983,-2.16741481606857,15.7943545309819));
#11601=CARTESIAN_POINT('Ctrl Pts',(43.2687061939895,-1.31840145467047,13.1091941492128));
#11602=CARTESIAN_POINT('Ctrl Pts',(43.3473315317806,1.39080195077452,12.3403463975691));
#11603=CARTESIAN_POINT('Ctrl Pts',(43.4259568695718,3.52370842840178,14.1792645400495));
#11604=CARTESIAN_POINT('Ctrl Pts',(43.5045822073629,3.1621161671559,16.9721413713431));
#11605=CARTESIAN_POINT('Ctrl Pts',(43.583207545154,0.631218499403543,18.2072393095096));
#11606=CARTESIAN_POINT('Ctrl Pts',(43.6618328829452,-1.7928545885797,16.7737890169923));
#11607=CARTESIAN_POINT('Ctrl Pts',(43.7404582207363,-1.93004430597435,13.9609454623544));
#11608=CARTESIAN_POINT('Ctrl Pts',(43.8190835585274,0.343029000916131,12.298403001585));
#11609=CARTESIAN_POINT('Ctrl Pts',(43.8977088963185,2.98210658939487,13.2813477442233));
#11610=CARTESIAN_POINT('Ctrl Pts',(43.9763342341098,3.61376766746898,16.0257808917879));
#11611=CARTESIAN_POINT('Ctrl Pts',(44.0549595719008,1.66993714724012,18.0635324174519));
#11612=CARTESIAN_POINT('Ctrl Pts',(44.133584909692,-1.10122840989241,17.5619761709544));
#11613=CARTESIAN_POINT('Ctrl Pts',(44.2122102474831,-2.20751272528586,14.9721817014688));
#11614=CARTESIAN_POINT('Ctrl Pts',(44.2908355852744,-0.654002197522578,
12.6232442382622));
#11615=CARTESIAN_POINT('Ctrl Pts',(44.3694609230653,2.16219128377331,12.6276559700692));
#11616=CARTESIAN_POINT('Ctrl Pts',(44.4480862608566,3.70832536094201,14.9814378581219));
#11617=CARTESIAN_POINT('Ctrl Pts',(44.5267115986477,2.59397466756165,17.5677694055931));
#11618=CARTESIAN_POINT('Ctrl Pts',(44.6053369364388,-0.178824092995702,
18.0606214946697));
#11619=CARTESIAN_POINT('Ctrl Pts',(44.68396227423,-2.11611079508104,16.0168444309206));
#11620=CARTESIAN_POINT('Ctrl Pts',(44.7625876120211,-1.47616910972234,13.2743022693249));
#11621=CARTESIAN_POINT('Ctrl Pts',(44.8412129498123,1.16658928199358,12.2998244310973));
#11622=CARTESIAN_POINT('Ctrl Pts',(44.9198382876034,3.43321590759343,13.9690778388148));
#11623=CARTESIAN_POINT('Ctrl Pts',(44.9984636253945,3.28968897719748,16.7822690781556));
#11624=CARTESIAN_POINT('Ctrl Pts',(45.0770889631857,0.856033875572191,18.2065623210011));
#11625=CARTESIAN_POINT('Ctrl Pts',(45.1295058550464,-0.819825587343855,
17.3795460817896));
#11626=CARTESIAN_POINT('Ctrl Pts',(45.1557143009768,-1.30190782430788,16.703760407493));
#11627=CARTESIAN_POINT('Ctrl Pts',(41.0442856990232,3.13787218546367,16.3108666704539));
#11628=CARTESIAN_POINT('Ctrl Pts',(41.0704941449536,2.78518755392155,17.0973005423223));
#11629=CARTESIAN_POINT('Ctrl Pts',(41.1229110368144,1.2481516762962,18.2815834156149));
#11630=CARTESIAN_POINT('Ctrl Pts',(41.2015363746055,-1.52027055065232,17.3288878393046));
#11631=CARTESIAN_POINT('Ctrl Pts',(41.2801617123966,-2.24113675716463,14.4944213794603));
#11632=CARTESIAN_POINT('Ctrl Pts',(41.3587870501878,-0.274783869772532,
12.332054080977));
#11633=CARTESIAN_POINT('Ctrl Pts',(41.4374123879789,2.61460171374993,12.7841222367077));
#11634=CARTESIAN_POINT('Ctrl Pts',(41.5160377257701,3.82637716699569,15.4452473472516));
#11635=CARTESIAN_POINT('Ctrl Pts',(41.5946630635611,2.27180603011205,17.9215877871318));
#11636=CARTESIAN_POINT('Ctrl Pts',(41.6732884013524,-0.651558827338631,
17.9863763520993));
#11637=CARTESIAN_POINT('Ctrl Pts',(41.7519137391434,-2.31436106325141,15.5811971113716));
#11638=CARTESIAN_POINT('Ctrl Pts',(41.8305390769346,-1.22131444090111,12.8691916532056));
#11639=CARTESIAN_POINT('Ctrl Pts',(41.9091644147257,1.64463062201098,12.2893294322773));
#11640=CARTESIAN_POINT('Ctrl Pts',(41.9877897525169,3.70599002381763,14.3631208335177));
#11641=CARTESIAN_POINT('Ctrl Pts',(42.066415090308,3.10892372022077,17.2255190000562));
#11642=CARTESIAN_POINT('Ctrl Pts',(42.1450404280992,0.390387118792492,18.3022679623302));
#11643=CARTESIAN_POINT('Ctrl Pts',(42.2236657658903,-2.00473488505273,16.6250051218513));
#11644=CARTESIAN_POINT('Ctrl Pts',(42.3022911036814,-1.92242247477506,13.7021562694014));
#11645=CARTESIAN_POINT('Ctrl Pts',(42.3809164414726,0.563298813777403,12.1623470492375));
#11646=CARTESIAN_POINT('Ctrl Pts',(42.4595417792637,3.21692721670605,13.3903852295174));
#11647=CARTESIAN_POINT('Ctrl Pts',(42.5381671170549,3.65195668346089,16.2818504359364));
#11648=CARTESIAN_POINT('Ctrl Pts',(42.616792454846,1.47714896616279,18.2363409783784));
#11649=CARTESIAN_POINT('Ctrl Pts',(42.6954177926372,-1.35161072887454,17.4961110763839));
#11650=CARTESIAN_POINT('Ctrl Pts',(42.7740431304282,-2.29031405917597,14.7268769192046));
#11651=CARTESIAN_POINT('Ctrl Pts',(42.8526684682194,-0.494750331569869,
12.4191133524445));
#11652=CARTESIAN_POINT('Ctrl Pts',(42.9312938060106,2.42026347420334,12.6482776402456));
#11653=CARTESIAN_POINT('Ctrl Pts',(43.0099191438017,3.83314746946136,15.2082738475603));
#11654=CARTESIAN_POINT('Ctrl Pts',(43.0885444815928,2.47324273916475,17.7968025593268));
#11655=CARTESIAN_POINT('Ctrl Pts',(43.167169819384,-0.436438017993355,18.0859040206803));
#11656=CARTESIAN_POINT('Ctrl Pts',(43.2457951571751,-2.27911111829059,15.8155785786867));
#11657=CARTESIAN_POINT('Ctrl Pts',(43.3244204949663,-1.39759238519048,13.0276140005911));
#11658=CARTESIAN_POINT('Ctrl Pts',(43.4030458327574,1.41533572909221,12.2293301021378));
#11659=CARTESIAN_POINT('Ctrl Pts',(43.4816711705486,3.62990278005453,14.1386531645743));
#11660=CARTESIAN_POINT('Ctrl Pts',(43.5602965083396,3.25446657784051,17.0384582300356));
#11661=CARTESIAN_POINT('Ctrl Pts',(43.6389218461308,0.626670824415421,18.3208431949956));
#11662=CARTESIAN_POINT('Ctrl Pts',(43.7175471839219,-1.89021045757312,16.832511746665));
#11663=CARTESIAN_POINT('Ctrl Pts',(43.7961725217131,-2.03265262794481,13.911975510804));
#11664=CARTESIAN_POINT('Ctrl Pts',(43.8747978595042,0.327447687124582,12.1857808590152));
#11665=CARTESIAN_POINT('Ctrl Pts',(43.9534231972954,3.06756514360101,13.2063586774975));
#11666=CARTESIAN_POINT('Ctrl Pts',(44.0320485350865,3.72341003204377,16.0558653417214));
#11667=CARTESIAN_POINT('Ctrl Pts',(44.1106738728776,1.7051579108619,18.1716343330576));
#11668=CARTESIAN_POINT('Ctrl Pts',(44.1892992106688,-1.17210464141576,17.6508754768449));
#11669=CARTESIAN_POINT('Ctrl Pts',(44.2679245484599,-2.32074421823967,14.9619279955342));
#11670=CARTESIAN_POINT('Ctrl Pts',(44.3465498862511,-0.707755901970479,
12.5230589849363));
#11671=CARTESIAN_POINT('Ctrl Pts',(44.4251752240422,2.21625851602251,12.5276396245472));
#11672=CARTESIAN_POINT('Ctrl Pts',(44.5038005618334,3.82158796650872,14.9715385339039));
#11673=CARTESIAN_POINT('Ctrl Pts',(44.5824258996245,2.66457318191186,17.6568905115799));
#11674=CARTESIAN_POINT('Ctrl Pts',(44.6610512374156,-0.21438510270571,18.1686119625275));
#11675=CARTESIAN_POINT('Ctrl Pts',(44.7396765752067,-2.22584286876694,16.0465867390276));
#11676=CARTESIAN_POINT('Ctrl Pts',(44.8183019129979,-1.56140034125903,13.1990434591642));
#11677=CARTESIAN_POINT('Ctrl Pts',(44.896927250789,1.1825388418874,12.1872567094551));
#11678=CARTESIAN_POINT('Ctrl Pts',(44.9755525885802,3.53594565767586,13.9204192438716));
#11679=CARTESIAN_POINT('Ctrl Pts',(45.0541779263713,3.38692364742147,16.8413164759107));
#11680=CARTESIAN_POINT('Ctrl Pts',(45.1328032641625,0.860093494295749,18.3201402872684));
#11681=CARTESIAN_POINT('Ctrl Pts',(45.1852201560232,-0.87992801510766,17.4614608593705));
#11682=CARTESIAN_POINT('Ctrl Pts',(45.2114286019536,-1.38046727879933,16.759802018016));
#11683=CARTESIAN_POINT('Ctrl Pts',(41.1,3.22592326146568,16.3503541116838));
#11684=CARTESIAN_POINT('Ctrl Pts',(41.1262084459304,2.86023363682313,17.1657871691218));
#11685=CARTESIAN_POINT('Ctrl Pts',(41.1786253377912,1.26652066244928,18.3937396248647));
#11686=CARTESIAN_POINT('Ctrl Pts',(41.2572506755822,-1.6039851506286,17.4059140817551));
#11687=CARTESIAN_POINT('Ctrl Pts',(41.3358760133735,-2.35143278202759,14.466928702012));
#11688=CARTESIAN_POINT('Ctrl Pts',(41.4145013511645,-0.312572040744275,
12.2248256586669));
#11689=CARTESIAN_POINT('Ctrl Pts',(41.4931266889557,2.68335756601468,12.6935635037472));
#11690=CARTESIAN_POINT('Ctrl Pts',(41.5717520267468,3.93981637089905,15.4528156961281));
#11691=CARTESIAN_POINT('Ctrl Pts',(41.650377364538,2.32792153714522,18.0204694155072));
#11692=CARTESIAN_POINT('Ctrl Pts',(41.7290027023292,-0.703240304922951,
18.0876470123888));
#11693=CARTESIAN_POINT('Ctrl Pts',(41.8076280401202,-2.42735718193836,15.5937785103962));
#11694=CARTESIAN_POINT('Ctrl Pts',(41.8862533779114,-1.29400524852318,12.7817697940288));
#11695=CARTESIAN_POINT('Ctrl Pts',(41.9648787157025,1.67761948522231,12.1805255691572));
#11696=CARTESIAN_POINT('Ctrl Pts',(42.0435040534937,3.81499003806998,14.3307865425106));
#11697=CARTESIAN_POINT('Ctrl Pts',(42.1221293912848,3.19590734230763,17.29873359062));
#11698=CARTESIAN_POINT('Ctrl Pts',(42.200754729076,0.377126651449535,18.4151868994203));
#11699=CARTESIAN_POINT('Ctrl Pts',(42.2793800668671,-2.10631376025623,16.676076193406));
#11700=CARTESIAN_POINT('Ctrl Pts',(42.3580054046582,-2.0209661388239,13.6454493836533));
#11701=CARTESIAN_POINT('Ctrl Pts',(42.4366307424494,0.556414341301096,12.0488608017218));
#11702=CARTESIAN_POINT('Ctrl Pts',(42.5152560802405,3.30789339034462,13.322182010048));
#11703=CARTESIAN_POINT('Ctrl Pts',(42.5938814180316,3.75896425700082,16.3202679243078));
#11704=CARTESIAN_POINT('Ctrl Pts',(42.6725067558228,1.50396206331018,18.34682890517));
#11705=CARTESIAN_POINT('Ctrl Pts',(42.7511320936139,-1.42910611876234,17.5793035558914));
#11706=CARTESIAN_POINT('Ctrl Pts',(42.829757431405,-2.40242346181658,14.7079558732371));
#11707=CARTESIAN_POINT('Ctrl Pts',(42.9083827691962,-0.540649608221188,
12.3150951783944));
#11708=CARTESIAN_POINT('Ctrl Pts',(42.9870081069873,2.48185324312218,12.552709735119));
#11709=CARTESIAN_POINT('Ctrl Pts',(43.0656334447786,3.94683632341743,15.2071039684199));
#11710=CARTESIAN_POINT('Ctrl Pts',(43.1442587825696,2.53678608052104,17.8910828218316));
#11711=CARTESIAN_POINT('Ctrl Pts',(43.2228841203608,-0.480187069860513,
18.1908446924402));
#11712=CARTESIAN_POINT('Ctrl Pts',(43.3015094581519,-2.39080742051262,15.8368026263914));
#11713=CARTESIAN_POINT('Ctrl Pts',(43.3801347959431,-1.4767833157105,12.9460338519694));
#11714=CARTESIAN_POINT('Ctrl Pts',(43.4587601337342,1.43986950740989,12.1183138067065));
#11715=CARTESIAN_POINT('Ctrl Pts',(43.5373854715254,3.73609713170728,14.0980417890991));
#11716=CARTESIAN_POINT('Ctrl Pts',(43.6160108093164,3.34681698852511,17.1047750887282));
#11717=CARTESIAN_POINT('Ctrl Pts',(43.6946361471076,0.622123149427307,18.4344470804817));
#11718=CARTESIAN_POINT('Ctrl Pts',(43.7732614848988,-1.98756632656655,16.8912344763375));
#11719=CARTESIAN_POINT('Ctrl Pts',(43.8518868226899,-2.13526094991526,13.8630055592536));
#11720=CARTESIAN_POINT('Ctrl Pts',(43.9305121604811,0.311866373333031,12.0731587164455));
#11721=CARTESIAN_POINT('Ctrl Pts',(44.0091374982721,3.15302369780716,13.1313696107716));
#11722=CARTESIAN_POINT('Ctrl Pts',(44.0877628360633,3.83305239661857,16.085949791655));
#11723=CARTESIAN_POINT('Ctrl Pts',(44.1663881738545,1.74037867448367,18.2797362486633));
#11724=CARTESIAN_POINT('Ctrl Pts',(44.2450135116456,-1.24298087293912,17.7397747827355));
#11725=CARTESIAN_POINT('Ctrl Pts',(44.3236388494367,-2.43397571119349,14.9516742895996));
#11726=CARTESIAN_POINT('Ctrl Pts',(44.4022641872279,-0.76150960641838,12.4228737316105));
#11727=CARTESIAN_POINT('Ctrl Pts',(44.480889525019,2.27032574827171,12.4276232790251));
#11728=CARTESIAN_POINT('Ctrl Pts',(44.5595148628102,3.93485057207544,14.961639209686));
#11729=CARTESIAN_POINT('Ctrl Pts',(44.6381402006013,2.73517169626207,17.7460116175667));
#11730=CARTESIAN_POINT('Ctrl Pts',(44.7167655383924,-0.249946112415718,
18.2766024303853));
#11731=CARTESIAN_POINT('Ctrl Pts',(44.7953908761836,-2.33557494245285,16.0763290471347));
#11732=CARTESIAN_POINT('Ctrl Pts',(44.8740162139747,-1.64663157279571,13.1237846490035));
#11733=CARTESIAN_POINT('Ctrl Pts',(44.9526415517658,1.19848840178122,12.0746889878129));
#11734=CARTESIAN_POINT('Ctrl Pts',(45.031266889557,3.63867540775829,13.8717606489284));
#11735=CARTESIAN_POINT('Ctrl Pts',(45.1098922273481,3.48415831764546,16.900363873666));
#11736=CARTESIAN_POINT('Ctrl Pts',(45.1885175651393,0.864153113019307,18.4337182535357));
#11737=CARTESIAN_POINT('Ctrl Pts',(45.240934457,-0.940030442871467,17.5433756369514));
#11738=CARTESIAN_POINT('Ctrl Pts',(45.2671429029304,-1.45902673329078,16.8158436285389));
#11739=CARTESIAN_POINT('',(45.1,3.22592326146562,16.3503541116839));
#11740=CARTESIAN_POINT('Ctrl Pts',(45.1,3.22822511899332,16.3532456351998));
#11741=CARTESIAN_POINT('Ctrl Pts',(45.1,3.18693141533839,16.4355170133699));
#11742=CARTESIAN_POINT('Ctrl Pts',(45.1,3.14142955109895,16.5153064676357));
#11743=CARTESIAN_POINT('Ctrl Pts',(45.1,3.09173185578525,16.5922505048288));
#11744=CARTESIAN_POINT('Ctrl Pts',(45.1,3.08087953341845,16.6090525213116));
#11745=CARTESIAN_POINT('Ctrl Pts',(45.1,3.06982696329272,16.6257187644001));
#11746=CARTESIAN_POINT('Ctrl Pts',(45.1,3.05857398548736,16.6422452788065));
#11747=CARTESIAN_POINT('Ctrl Pts',(45.1,3.00700027270406,16.7179882263218));
#11748=CARTESIAN_POINT('Ctrl Pts',(45.1,2.9512201331055,16.7907990017798));
#11749=CARTESIAN_POINT('Ctrl Pts',(45.1,2.89160576492334,16.860524327196));
#11750=CARTESIAN_POINT('Ctrl Pts',(45.1,2.82888152405633,16.9338869785047));
#11751=CARTESIAN_POINT('Ctrl Pts',(45.1,2.76191185936829,17.0038347414968));
#11752=CARTESIAN_POINT('Ctrl Pts',(45.1,2.69109251524411,17.0701423214603));
#11753=CARTESIAN_POINT('Ctrl Pts',(45.1,2.67026781075298,17.0896403240941));
#11754=CARTESIAN_POINT('Ctrl Pts',(45.1,2.6491100371883,17.1088232250119));
#11755=CARTESIAN_POINT('Ctrl Pts',(45.1,2.6276288311655,17.1276844059795));
#11756=CARTESIAN_POINT('Ctrl Pts',(45.1,2.61469052367638,17.1390446507771));
#11757=CARTESIAN_POINT('Ctrl Pts',(45.1,2.60163487984847,17.1502881754321));
#11758=CARTESIAN_POINT('Ctrl Pts',(45.1,2.58846398162829,17.1614134580454));
#11759=CARTESIAN_POINT('Ctrl Pts',(45.1,2.57720113724323,17.1709270329528));
#11760=CARTESIAN_POINT('Ctrl Pts',(45.1,2.56585967174677,17.1803493158906));
#11761=CARTESIAN_POINT('Ctrl Pts',(45.1,2.55444629752574,17.1896755012759));
#11762=CARTESIAN_POINT('Ctrl Pts',(45.1,2.48299157621028,17.2480631406134));
#11763=CARTESIAN_POINT('Ctrl Pts',(45.1,2.40865863784571,17.302740489702));
#11764=CARTESIAN_POINT('Ctrl Pts',(45.1,2.33182476586626,17.3535615788734));
#11765=CARTESIAN_POINT('Ctrl Pts',(45.1,2.25469269139887,17.404579911459));
#11766=CARTESIAN_POINT('Ctrl Pts',(45.1,2.17503931747541,17.4517124272833));
#11767=CARTESIAN_POINT('Ctrl Pts',(45.1,2.09321863614562,17.4947669470143));
#11768=CARTESIAN_POINT('Ctrl Pts',(45.1,2.01242479846418,17.5372811356285));
#11769=CARTESIAN_POINT('Ctrl Pts',(45.1,1.92951680749633,17.575819341418));
#11770=CARTESIAN_POINT('Ctrl Pts',(45.1,1.8448221571142,17.6101479639367));
#11771=CARTESIAN_POINT('Ctrl Pts',(45.1,1.80158950595025,17.6276711174723));
#11772=CARTESIAN_POINT('Ctrl Pts',(45.1,1.75789118652132,17.6440966001424));
#11773=CARTESIAN_POINT('Ctrl Pts',(45.1,1.71377053004665,17.6593879781507));
#11774=CARTESIAN_POINT('Ctrl Pts',(45.1,1.69821352286235,17.6647797401176));
#11775=CARTESIAN_POINT('Ctrl Pts',(45.1,1.68260215673946,17.6700309665256));
#11776=CARTESIAN_POINT('Ctrl Pts',(45.1,1.6669593454463,17.6751334085244));
#11777=CARTESIAN_POINT('Ctrl Pts',(45.1,1.58079239241099,17.7032397298142));
#11778=CARTESIAN_POINT('Ctrl Pts',(45.1,1.49353330012139,17.7268852369571));
#11779=CARTESIAN_POINT('Ctrl Pts',(45.1,1.40551725234113,17.7458945671457));
#11780=CARTESIAN_POINT('Ctrl Pts',(45.1,1.31875722600164,17.7646326271863));
#11781=CARTESIAN_POINT('Ctrl Pts',(45.1,1.23126084437871,17.7788661180638));
#11782=CARTESIAN_POINT('Ctrl Pts',(45.1,1.14334177925665,17.7883773884659));
#11783=CARTESIAN_POINT('Ctrl Pts',(45.1,1.05803884855878,17.7976056399132));
#11784=CARTESIAN_POINT('Ctrl Pts',(45.1,0.972337317127185,17.8023885904654));
#11785=CARTESIAN_POINT('Ctrl Pts',(45.1,0.886527927865781,17.8024783512006));
#11786=CARTESIAN_POINT('Ctrl Pts',(45.1,0.872400186979155,17.8024931294949));
#11787=CARTESIAN_POINT('Ctrl Pts',(45.1,0.858269545112958,17.80238057879));
#11788=CARTESIAN_POINT('Ctrl Pts',(45.1,0.844137330978787,17.8021394579194));
#11789=CARTESIAN_POINT('Ctrl Pts',(45.1,0.80857618846534,17.8015327211718));
#11790=CARTESIAN_POINT('Ctrl Pts',(45.1,0.773005052407314,17.8001119724791));
#11791=CARTESIAN_POINT('Ctrl Pts',(45.1,0.737445511618807,17.7978870279742));
#11792=CARTESIAN_POINT('Ctrl Pts',(45.1,0.718891805358166,17.7967261309021));
#11793=CARTESIAN_POINT('Ctrl Pts',(45.1,0.700336415493179,17.795345743983));
#11794=CARTESIAN_POINT('Ctrl Pts',(45.1,0.681812343574782,17.7937500736598));
#11795=CARTESIAN_POINT('Ctrl Pts',(45.1,0.594690196716709,17.7862453400978));
#11796=CARTESIAN_POINT('Ctrl Pts',(45.1000000000001,0.508146713018458,17.7739783573935));
#11797=CARTESIAN_POINT('Ctrl Pts',(45.1000000000001,0.422483903165481,17.7571926372111));
#11798=CARTESIAN_POINT('Ctrl Pts',(45.1000000000001,0.335537477314359,17.7401553910864));
#11799=CARTESIAN_POINT('Ctrl Pts',(45.1000000000002,0.249497459533475,17.7184625628824));
#11800=CARTESIAN_POINT('Ctrl Pts',(45.1000000000002,0.164690992103398,17.6923156636137));
#11801=CARTESIAN_POINT('Ctrl Pts',(45.1000000000003,0.0798277296665992,
17.6661512537309));
#11802=CARTESIAN_POINT('Ctrl Pts',(45.1000000000003,-0.00380117301186775,
17.6355262869136));
#11803=CARTESIAN_POINT('Ctrl Pts',(45.1000000000003,-0.0858438489066559,
17.6005970640802));
#11804=CARTESIAN_POINT('Ctrl Pts',(45.1000000000004,-0.130570236352717,
17.5815550480002));
#11805=CARTESIAN_POINT('Ctrl Pts',(45.1000000000004,-0.174824704932963,
17.5612330617821));
#11806=CARTESIAN_POINT('Ctrl Pts',(45.1000000000004,-0.218545864725021,
17.5396515535085));
#11807=CARTESIAN_POINT('Ctrl Pts',(44.6914522826396,0.747910131285461,17.9513595240999));
#11808=CARTESIAN_POINT('Ctrl Pts',(44.6998900345572,0.459679383426474,17.9534660905958));
#11809=CARTESIAN_POINT('Ctrl Pts',(44.7083277864748,0.172054684658163,17.9110501737568));
#11810=CARTESIAN_POINT('Ctrl Pts',(44.7167655383924,-0.100031282642274,
17.8214583977071));
#11811=CARTESIAN_POINT('Ctrl Pts',(44.7429739843228,-0.945155722428096,
17.5431779693018));
#11812=CARTESIAN_POINT('Ctrl Pts',(44.7691824302532,-1.64036533244047,16.8097535082182));
#11813=CARTESIAN_POINT('Ctrl Pts',(44.7953908761836,-1.8731462425038,15.9509505446546));
#11814=CARTESIAN_POINT('Ctrl Pts',(44.821599322114,-2.10592715256714,15.0921475810909));
#11815=CARTESIAN_POINT('Ctrl Pts',(44.8478077680443,-1.87627936268143,14.1079661150472));
#11816=CARTESIAN_POINT('Ctrl Pts',(44.8740162139747,-1.28726880530908,13.4410261051603));
#11817=CARTESIAN_POINT('Ctrl Pts',(44.9002246599051,-0.698258247936741,
12.7740860952733));
#11818=CARTESIAN_POINT('Ctrl Pts',(44.9264331058355,0.250115076922246,12.4243875415431));
#11819=CARTESIAN_POINT('Ctrl Pts',(44.9526415517658,1.13099957368125,12.5490502081973));
#11820=CARTESIAN_POINT('Ctrl Pts',(44.9788499976962,2.01188407044025,12.6737128748514));
#11821=CARTESIAN_POINT('Ctrl Pts',(45.0050584436266,2.82527973909927,13.2727367618899));
#11822=CARTESIAN_POINT('Ctrl Pts',(45.031266889557,3.20622472507664,14.0770159095321));
#11823=CARTESIAN_POINT('Ctrl Pts',(45.0541779263714,3.5392412122484,14.780104875951));
#11824=CARTESIAN_POINT('Ctrl Pts',(45.0770889631857,3.54177895326528,15.6400498814108));
#11825=CARTESIAN_POINT('Ctrl Pts',(45.1,3.22822511899334,16.3532456351997));
#11826=CARTESIAN_POINT('',(41.1,-0.222445353905782,17.5409296751076));
#11827=CARTESIAN_POINT('Ctrl Pts',(41.1,-0.221894338970107,17.5389746231345));
#11828=CARTESIAN_POINT('Ctrl Pts',(41.1,-0.141789567306699,17.577733593938));
#11829=CARTESIAN_POINT('Ctrl Pts',(41.1,-0.05970045153323,17.6124313746409));
#11830=CARTESIAN_POINT('Ctrl Pts',(41.1,0.0239964937548083,17.642941446802));
#11831=CARTESIAN_POINT('Ctrl Pts',(41.1,0.107242892201226,17.67328728099));
#11832=CARTESIAN_POINT('Ctrl Pts',(41.1,0.192080784172504,17.6994907625984));
#11833=CARTESIAN_POINT('Ctrl Pts',(41.1,0.278159379242273,17.7213801873609));
#11834=CARTESIAN_POINT('Ctrl Pts',(41.1,0.291075710803257,17.7246647561632));
#11835=CARTESIAN_POINT('Ctrl Pts',(41.1,0.304022277388514,17.7278526365274));
#11836=CARTESIAN_POINT('Ctrl Pts',(41.1,0.316990514253207,17.7309413942891));
#11837=CARTESIAN_POINT('Ctrl Pts',(41.1,0.405185673064892,17.7519476023162));
#11838=CARTESIAN_POINT('Ctrl Pts',(41.1,0.494153130969265,17.7683204157106));
#11839=CARTESIAN_POINT('Ctrl Pts',(41.1,0.583494234348511,17.779960466929));
#11840=CARTESIAN_POINT('Ctrl Pts',(41.1,0.672612546546901,17.7915714911861));
#11841=CARTESIAN_POINT('Ctrl Pts',(41.1,0.762103597033588,17.79847371669));
#11842=CARTESIAN_POINT('Ctrl Pts',(41.1,0.851592480794001,17.8005213424707));
#11843=CARTESIAN_POINT('Ctrl Pts',(41.1,0.939011896629953,17.8025216160476));
#11844=CARTESIAN_POINT('Ctrl Pts',(41.1,1.02643014147675,17.7998894252001));
#11845=CARTESIAN_POINT('Ctrl Pts',(41.1,1.11350388575944,17.7924397009137));
#11846=CARTESIAN_POINT('Ctrl Pts',(41.1,1.13055766468885,17.7909806393779));
#11847=CARTESIAN_POINT('Ctrl Pts',(41.1,1.14759822475034,17.7893366224443));
#11848=CARTESIAN_POINT('Ctrl Pts',(41.1,1.16462297023237,17.7875060213503));
#11849=CARTESIAN_POINT('Ctrl Pts',(41.1,1.19415417784843,17.7843306516495));
#11850=CARTESIAN_POINT('Ctrl Pts',(41.1,1.22363780937256,17.7805939120683));
#11851=CARTESIAN_POINT('Ctrl Pts',(41.1,1.25306363225895,17.7763039422828));
#11852=CARTESIAN_POINT('Ctrl Pts',(41.1,1.26657627941765,17.7743339430662));
#11853=CARTESIAN_POINT('Ctrl Pts',(41.1,1.28007673440799,17.7722472726756));
#11854=CARTESIAN_POINT('Ctrl Pts',(41.1,1.29356399577107,17.7700446734645));
#11855=CARTESIAN_POINT('Ctrl Pts',(41.1,1.30797745737896,17.767690816865));
#11856=CARTESIAN_POINT('Ctrl Pts',(41.1,1.32236812400564,17.7652057858003));
#11857=CARTESIAN_POINT('Ctrl Pts',(41.1,1.33672848420304,17.7625921442585));
#11858=CARTESIAN_POINT('Ctrl Pts',(41.1,1.42224407535993,17.7470279732735));
#11859=CARTESIAN_POINT('Ctrl Pts',(41.1,1.50675539660464,17.7268958660594));
#11860=CARTESIAN_POINT('Ctrl Pts',(41.1,1.59001578579547,17.7024888081752));
#11861=CARTESIAN_POINT('Ctrl Pts',(41.1,1.67659240558767,17.6771096261749));
#11862=CARTESIAN_POINT('Ctrl Pts',(41.1,1.76181719224547,17.6471080807758));
#11863=CARTESIAN_POINT('Ctrl Pts',(41.1,1.84541112668669,17.6127568141359));
#11864=CARTESIAN_POINT('Ctrl Pts',(41.1,1.91855581932275,17.582699455826));
#11865=CARTESIAN_POINT('Ctrl Pts',(41.1,1.99045218946307,17.5493107831856));
#11866=CARTESIAN_POINT('Ctrl Pts',(41.1,2.06090534841422,17.5127413416623));
#11867=CARTESIAN_POINT('Ctrl Pts',(41.1,2.09840980093783,17.4932742673132));
#11868=CARTESIAN_POINT('Ctrl Pts',(41.1,2.13550511453072,17.472905353291));
#11869=CARTESIAN_POINT('Ctrl Pts',(41.1,2.17216040296907,17.4516542185426));
#11870=CARTESIAN_POINT('Ctrl Pts',(41.1,2.19008213370299,17.4412639820725));
#11871=CARTESIAN_POINT('Ctrl Pts',(41.1,2.20789865860293,17.4306628207718));
#11872=CARTESIAN_POINT('Ctrl Pts',(41.1,2.22560625246517,17.419852855389));
#11873=CARTESIAN_POINT('Ctrl Pts',(41.1,2.23842551487039,17.4120270726253));
#11874=CARTESIAN_POINT('Ctrl Pts',(41.1,2.25118756350356,17.404091837671));
#11875=CARTESIAN_POINT('Ctrl Pts',(41.1,2.2638789061549,17.3960558352542));
#11876=CARTESIAN_POINT('Ctrl Pts',(41.1,2.34218393796489,17.3464740500831));
#11877=CARTESIAN_POINT('Ctrl Pts',(41.1,2.41791635321674,17.2929892777885));
#11878=CARTESIAN_POINT('Ctrl Pts',(41.1,2.49078285035005,17.2358666957254));
#11879=CARTESIAN_POINT('Ctrl Pts',(41.1,2.56688090478454,17.176210783471));
#11880=CARTESIAN_POINT('Ctrl Pts',(41.1,2.63985433780188,17.1125870280435));
#11881=CARTESIAN_POINT('Ctrl Pts',(41.1,2.70934206393898,17.0452440927337));
#11882=CARTESIAN_POINT('Ctrl Pts',(41.1,2.72983366608767,17.0253849792671));
#11883=CARTESIAN_POINT('Ctrl Pts',(41.1,2.7500219034299,17.0052021065004));
#11884=CARTESIAN_POINT('Ctrl Pts',(41.1,2.7698968614826,16.9847010665471));
#11885=CARTESIAN_POINT('Ctrl Pts',(41.1,2.78091991150547,16.9733307789557));
#11886=CARTESIAN_POINT('Ctrl Pts',(41.1,2.79184711440555,16.9618620553991));
#11887=CARTESIAN_POINT('Ctrl Pts',(41.1,2.80267512264151,16.9502975269278));
#11888=CARTESIAN_POINT('Ctrl Pts',(41.1,2.86696127727545,16.8816386333091));
#11889=CARTESIAN_POINT('Ctrl Pts',(41.1,2.92755830440013,16.8098152177333));
#11890=CARTESIAN_POINT('Ctrl Pts',(41.1,2.98415592880727,16.7350721964455));
#11891=CARTESIAN_POINT('Ctrl Pts',(41.1,3.03973707484163,16.6616715400617));
#11892=CARTESIAN_POINT('Ctrl Pts',(41.1,3.09146187108784,16.5854545939615));
#11893=CARTESIAN_POINT('Ctrl Pts',(41.1,3.13900359804652,16.5066163629442));
#11894=CARTESIAN_POINT('Ctrl Pts',(41.1,3.1697610318978,16.4556114493538));
#11895=CARTESIAN_POINT('Ctrl Pts',(41.1,3.19876694172102,16.4035086667316));
#11896=CARTESIAN_POINT('Ctrl Pts',(41.1,3.22592326146568,16.3503541116838));
#11897=CARTESIAN_POINT('',(41.1,-1.22485616810248,16.6506559482997));
#11898=CARTESIAN_POINT('Ctrl Pts',(41.1,-1.22485616810243,16.6506559482998));
#11899=CARTESIAN_POINT('Ctrl Pts',(41.1,-1.17919542441847,16.724255781183));
#11900=CARTESIAN_POINT('Ctrl Pts',(41.1,-1.12958395154544,16.7950937588683));
#11901=CARTESIAN_POINT('Ctrl Pts',(41.1,-1.07610621597372,16.8627844671071));
#11902=CARTESIAN_POINT('Ctrl Pts',(41.1,-1.06730192434443,16.8739287074074));
#11903=CARTESIAN_POINT('Ctrl Pts',(41.1,-1.05839273176881,16.8849876025983));
#11904=CARTESIAN_POINT('Ctrl Pts',(41.1,-1.04937888908302,16.8959593794378));
#11905=CARTESIAN_POINT('Ctrl Pts',(41.1,-0.99434527611207,16.9629470717279));
#11906=CARTESIAN_POINT('Ctrl Pts',(41.1,-0.935414587691759,17.0266901149979));
#11907=CARTESIAN_POINT('Ctrl Pts',(41.1,-0.872982679442338,17.0871010741312));
#11908=CARTESIAN_POINT('Ctrl Pts',(41.1,-0.854390946114482,17.1050909846398));
#11909=CARTESIAN_POINT('Ctrl Pts',(41.1,-0.835488411251349,17.1227851659097));
#11910=CARTESIAN_POINT('Ctrl Pts',(41.1,-0.816284786478648,17.1401806734142));
#11911=CARTESIAN_POINT('Ctrl Pts',(41.1,-0.801333548221353,17.1537241778506));
#11912=CARTESIAN_POINT('Ctrl Pts',(41.1,-0.786197253442244,17.1670886439048));
#11913=CARTESIAN_POINT('Ctrl Pts',(41.1,-0.770899983373719,17.1802561869074));
#11914=CARTESIAN_POINT('Ctrl Pts',(41.1,-0.705992179242654,17.2361273520416));
#11915=CARTESIAN_POINT('Ctrl Pts',(41.1,-0.63812331419386,17.2885177469473));
#11916=CARTESIAN_POINT('Ctrl Pts',(41.1,-0.567681743799065,17.337358444995));
#11917=CARTESIAN_POINT('Ctrl Pts',(41.1,-0.495511282072652,17.3873978707118));
#11918=CARTESIAN_POINT('Ctrl Pts',(41.1,-0.42063958454756,17.4337117583266));
#11919=CARTESIAN_POINT('Ctrl Pts',(41.1,-0.343444433822678,17.4761888313771));
#11920=CARTESIAN_POINT('Ctrl Pts',(41.1,-0.306781953490311,17.4963625707981));
#11921=CARTESIAN_POINT('Ctrl Pts',(41.1,-0.269594886820209,17.5156702905262));
#11922=CARTESIAN_POINT('Ctrl Pts',(41.1,-0.231921391367315,17.5340966874436));
#11923=CARTESIAN_POINT('Ctrl Pts',(41.1,-0.228582241413169,17.5357298914158));
#11924=CARTESIAN_POINT('Ctrl Pts',(41.1,-0.225239880306631,17.5373558713886));
#11925=CARTESIAN_POINT('Ctrl Pts',(41.1,-0.221894338970109,17.5389746231345));
#11926=CARTESIAN_POINT('Ctrl Pts',(41.1,-1.22485616810248,16.6506559482997));
#11927=CARTESIAN_POINT('Ctrl Pts',(41.1229110368144,-1.62484710792985,16.0811230963116));
#11928=CARTESIAN_POINT('Ctrl Pts',(41.1720305195591,-1.94416101246012,14.465408788099));
#11929=CARTESIAN_POINT('Ctrl Pts',(41.2473584482342,-0.199207527829038,
12.5465109255974));
#11930=CARTESIAN_POINT('Ctrl Pts',(41.3259837860253,2.47709000922042,12.9652397026288));
#11931=CARTESIAN_POINT('Ctrl Pts',(41.4046091238164,3.59949875918899,15.4301106494987));
#11932=CARTESIAN_POINT('Ctrl Pts',(41.4707176550445,2.3888045171831,17.3586754096931));
#11933=CARTESIAN_POINT('Ctrl Pts',(41.5106177403421,1.16832773920664,17.6598108166043));
#11934=CARTESIAN_POINT('Ctrl Pts',(41.5243093797093,0.749726365379487,17.6602570474102));
#11935=CARTESIAN_POINT('Origin',(41.1,0.75,15.24));
#11936=CARTESIAN_POINT('',(41.0999999999998,-0.220771572121149,12.9387316060991));
#11937=CARTESIAN_POINT('Origin',(41.1,0.75,15.24));
#11938=CARTESIAN_POINT('',(41.1,-1.22334836981646,13.83228120303));
#11939=CARTESIAN_POINT('Ctrl Pts',(41.1,-0.21854677536963,12.9403479392665));
#11940=CARTESIAN_POINT('Ctrl Pts',(41.1,-0.297320597765897,12.9792321257455));
#11941=CARTESIAN_POINT('Ctrl Pts',(41.1,-0.37420620989279,13.0221243670056));
#11942=CARTESIAN_POINT('Ctrl Pts',(41.1,-0.448846891455645,13.0688878681777));
#11943=CARTESIAN_POINT('Ctrl Pts',(41.1,-0.475918150798141,13.0858484162526));
#11944=CARTESIAN_POINT('Ctrl Pts',(41.1,-0.502693750339288,13.1033185375819));
#11945=CARTESIAN_POINT('Ctrl Pts',(41.1,-0.5291553405132,13.1212927923426));
#11946=CARTESIAN_POINT('Ctrl Pts',(41.1,-0.540547879321943,13.1290312688882));
#11947=CARTESIAN_POINT('Ctrl Pts',(41.1,-0.55188220440777,13.136863196833));
#11948=CARTESIAN_POINT('Ctrl Pts',(41.1,-0.56315680511221,13.1447881715452));
#11949=CARTESIAN_POINT('Ctrl Pts',(41.1,-0.572752469590456,13.1515330133654));
#11950=CARTESIAN_POINT('Ctrl Pts',(41.1,-0.582303485461359,13.1583443294258));
#11951=CARTESIAN_POINT('Ctrl Pts',(41.1,-0.591801688306479,13.1652164215847));
#11952=CARTESIAN_POINT('Ctrl Pts',(41.1,-0.66250806035912,13.21637354182));
#11953=CARTESIAN_POINT('Ctrl Pts',(41.1,-0.730407580647199,13.2709772935212));
#11954=CARTESIAN_POINT('Ctrl Pts',(41.1,-0.795187341605389,13.3288509799818));
#11955=CARTESIAN_POINT('Ctrl Pts',(41.1,-0.859121461678629,13.3859691780814));
#11956=CARTESIAN_POINT('Ctrl Pts',(41.1,-0.920017410978871,13.4462730746423));
#11957=CARTESIAN_POINT('Ctrl Pts',(41.1,-0.977538877165621,13.5096280870732));
#11958=CARTESIAN_POINT('Ctrl Pts',(41.1,-1.03321400129232,13.5709495104473));
#11959=CARTESIAN_POINT('Ctrl Pts',(41.1,-1.08572822329465,13.63512987958));
#11960=CARTESIAN_POINT('Ctrl Pts',(41.1,-1.13473537510511,13.7020720427221));
#11961=CARTESIAN_POINT('Ctrl Pts',(41.1,-1.16570711022966,13.74437841779));
#11962=CARTESIAN_POINT('Ctrl Pts',(41.1,-1.19527726600015,13.7877883313176));
#11963=CARTESIAN_POINT('Ctrl Pts',(41.1,-1.22334836981641,13.8322812030299));
#11964=CARTESIAN_POINT('Origin',(41.1,0.75,15.24));
#11965=CARTESIAN_POINT('Origin',(40.1756906202908,0.75,15.24));
#11966=CARTESIAN_POINT('Ctrl Pts',(41.1,-1.22334836981646,13.83228120303));
#11967=CARTESIAN_POINT('Ctrl Pts',(41.1262084459304,-0.759723159580102,
13.1823686957913));
#11968=CARTESIAN_POINT('Ctrl Pts',(41.1786253377912,0.851971278390756,12.387013959826));
#11969=CARTESIAN_POINT('Ctrl Pts',(41.2572506755823,3.19245547841382,13.7567792531762));
#11970=CARTESIAN_POINT('Ctrl Pts',(41.3358760133734,3.33048507482615,16.4622631063682));
#11971=CARTESIAN_POINT('Ctrl Pts',(41.3920226616096,1.77384966990818,17.6086457085291));
#11972=CARTESIAN_POINT('Ctrl Pts',(41.4219608639154,0.86515978717448,17.6669697039895));
#11973=CARTESIAN_POINT('Ctrl Pts',(41.4256906202908,0.751831528951863,17.6660583075838));
#11974=CARTESIAN_POINT('Ctrl Pts',(40.9328570970696,-1.45902673329084,13.6641563714612));
#11975=CARTESIAN_POINT('Ctrl Pts',(40.959065543,-0.940030442871546,12.9366243630486));
#11976=CARTESIAN_POINT('Ctrl Pts',(41.0114824348607,0.864149778842113,12.0462798597309));
#11977=CARTESIAN_POINT('Ctrl Pts',(41.0901077726519,3.4841596289917,13.5796371714082));
#11978=CARTESIAN_POINT('Ctrl Pts',(41.168733110443,3.63867419576765,16.6082388362747));
#11979=CARTESIAN_POINT('Ctrl Pts',(41.2473584482341,1.19848891416696,18.4053108699946));
#11980=CARTESIAN_POINT('Ctrl Pts',(41.3259837860254,-1.64663166634087,17.3562150810238));
#11981=CARTESIAN_POINT('Ctrl Pts',(41.4046091238164,-2.33557446030833,14.4036710591923));
#11982=CARTESIAN_POINT('Ctrl Pts',(41.4832344616076,-0.249946120784425,
12.2033978523471));
#11983=CARTESIAN_POINT('Ctrl Pts',(41.5618597993988,2.73517156356923,12.7339886261882));
#11984=CARTESIAN_POINT('Ctrl Pts',(41.6404851371898,3.93485023373452,15.5183607630907));
#11985=CARTESIAN_POINT('Ctrl Pts',(41.719110474981,2.27032561962435,18.052376450297));
#11986=CARTESIAN_POINT('Ctrl Pts',(41.7977358127721,-0.761509470601198,
18.0571259978528));
#11987=CARTESIAN_POINT('Ctrl Pts',(41.8763611505633,-2.43397539987955,15.5283256823782));
#11988=CARTESIAN_POINT('Ctrl Pts',(41.9549864883544,-1.24298068405869,12.7402254578498));
#11989=CARTESIAN_POINT('Ctrl Pts',(42.0336118261456,1.74037858072718,12.2002640435019));
#11990=CARTESIAN_POINT('Ctrl Pts',(42.1122371639367,3.83305209936657,14.3940502897732));
#11991=CARTESIAN_POINT('Ctrl Pts',(42.1908625017278,3.15302346715175,17.3486301864148));
#11992=CARTESIAN_POINT('Ctrl Pts',(42.269487839519,0.311866415242622,18.406840979061));
#11993=CARTESIAN_POINT('Ctrl Pts',(42.3481131773101,-2.13526067235331,16.6169943083194));
#11994=CARTESIAN_POINT('Ctrl Pts',(42.4267385151013,-1.98756606338519,13.5887656824533));
#11995=CARTESIAN_POINT('Ctrl Pts',(42.5053638528924,0.62212316175607,12.0455532266896));
#11996=CARTESIAN_POINT('Ctrl Pts',(42.5839891906836,3.34681673879959,13.3752250905902));
#11997=CARTESIAN_POINT('Ctrl Pts',(42.6626145284747,3.73609684457472,16.3819581010892));
#11998=CARTESIAN_POINT('Ctrl Pts',(42.7412398662658,1.43986944106785,18.3616858931146));
#11999=CARTESIAN_POINT('Ctrl Pts',(42.819865204057,-1.47678310158165,17.5339659274437));
#12000=CARTESIAN_POINT('Ctrl Pts',(42.8984905418481,-2.39080711849572,14.6431974309971));
#12001=CARTESIAN_POINT('Ctrl Pts',(42.9771158796392,-0.480186951565505,
12.2891555913115));
#12002=CARTESIAN_POINT('Ctrl Pts',(43.0557412174304,2.53678590870362,12.5889174330949));
#12003=CARTESIAN_POINT('Ctrl Pts',(43.1343665552215,3.94683601601273,15.2728960284172));
#12004=CARTESIAN_POINT('Ctrl Pts',(43.2129918930127,2.48185307658583,17.9272900064717));
#12005=CARTESIAN_POINT('Ctrl Pts',(43.2916172308038,-0.540649484108491,
18.16490454035));
#12006=CARTESIAN_POINT('Ctrl Pts',(43.3702425685949,-2.40242315868964,15.7720440755987));
#12007=CARTESIAN_POINT('Ctrl Pts',(43.4488679063861,-1.42910590920468,12.9006966690608));
#12008=CARTESIAN_POINT('Ctrl Pts',(43.5274932441772,1.50396199077879,12.1331713935698));
#12009=CARTESIAN_POINT('Ctrl Pts',(43.6061185819684,3.75896396771892,14.159732179591));
#12010=CARTESIAN_POINT('Ctrl Pts',(43.6847439197595,3.3078931442677,17.1578178054969));
#12011=CARTESIAN_POINT('Ctrl Pts',(43.7633692575507,0.556414360127657,18.4311388914912));
#12012=CARTESIAN_POINT('Ctrl Pts',(43.8419945953417,-2.02096587276946,16.8345504628856));
#12013=CARTESIAN_POINT('Ctrl Pts',(43.9206199331329,-2.10631348483896,13.8039239449219));
#12014=CARTESIAN_POINT('Ctrl Pts',(43.999245270924,0.377126685882152,12.0648134054816));
#12015=CARTESIAN_POINT('Ctrl Pts',(44.0778706087152,3.19590710977888,13.1812666080946));
#12016=CARTESIAN_POINT('Ctrl Pts',(44.1564959465064,3.81498973835673,16.1492133687562));
#12017=CARTESIAN_POINT('Ctrl Pts',(44.2351212842974,1.67761940529539,18.2994741388701));
#12018=CARTESIAN_POINT('Ctrl Pts',(44.3137466220886,-1.29400506912838,17.6982299659));
#12019=CARTESIAN_POINT('Ctrl Pts',(44.3923719598797,-2.42735684485561,14.8862215294898));
#12020=CARTESIAN_POINT('Ctrl Pts',(44.470997297671,-0.703240222789318,12.392353252711));
#12021=CARTESIAN_POINT('Ctrl Pts',(44.549622635462,2.3279214897156,12.4595308633441));
#12022=CARTESIAN_POINT('Ctrl Pts',(44.6282479732532,3.9398158772586,15.0271843132461));
#12023=CARTESIAN_POINT('Ctrl Pts',(44.7068733110444,2.68335771085482,17.7864362499655));
#12024=CARTESIAN_POINT('Ctrl Pts',(44.7854986488354,-0.312572515132228,
18.2551741010964));
#12025=CARTESIAN_POINT('Ctrl Pts',(44.8641239866267,-2.35143149243395,16.0130710317449));
#12026=CARTESIAN_POINT('Ctrl Pts',(44.9427493244177,-1.60398664198041,13.0740866848475));
#12027=CARTESIAN_POINT('Ctrl Pts',(45.0213746622089,1.2665243026999,12.0862591813704));
#12028=CARTESIAN_POINT('Ctrl Pts',(45.0737915540696,2.86023363682308,13.3142128308782));
#12029=CARTESIAN_POINT('Ctrl Pts',(45.1,3.22592326146564,14.1296458883161));
#12030=CARTESIAN_POINT('Ctrl Pts',(40.9885713980464,-1.38046727879938,13.7201979819841));
#12031=CARTESIAN_POINT('Ctrl Pts',(41.0147798439768,-0.879928015107731,
13.0185391406295));
#12032=CARTESIAN_POINT('Ctrl Pts',(41.0671967358376,0.86009027869166,12.1598578930959));
#12033=CARTESIAN_POINT('Ctrl Pts',(41.1458220736287,3.38692491213241,13.6386845319976));
#12034=CARTESIAN_POINT('Ctrl Pts',(41.2244474114199,3.53594448878715,16.5595802596392));
#12035=CARTESIAN_POINT('Ctrl Pts',(41.3030727492109,1.1825393360512,18.2927431534092));
#12036=CARTESIAN_POINT('Ctrl Pts',(41.3816980870021,-1.56140043147745,17.2809562804641));
#12037=CARTESIAN_POINT('Ctrl Pts',(41.4603234247932,-2.2258424037689,14.433413363518));
#12038=CARTESIAN_POINT('Ctrl Pts',(41.5389487625843,-0.214385110776793,
12.3113883101501));
#12039=CARTESIAN_POINT('Ctrl Pts',(41.6175741003756,2.66457305393797,12.8231097235063));
#12040=CARTESIAN_POINT('Ctrl Pts',(41.6961994381666,3.8215876402002,15.5084614398409));
#12041=CARTESIAN_POINT('Ctrl Pts',(41.7748247759578,2.21625839195022,17.952360114401));
#12042=CARTESIAN_POINT('Ctrl Pts',(41.8534501137489,-0.707755770983359,
17.9569407541481));
#12043=CARTESIAN_POINT('Ctrl Pts',(41.9320754515401,-2.32074391799697,15.5180719774401));
#12044=CARTESIAN_POINT('Ctrl Pts',(42.0107007893312,-1.17210445925247,12.8291247551845));
#12045=CARTESIAN_POINT('Ctrl Pts',(42.0893261271224,1.70515782043967,12.3083659487173));
#12046=CARTESIAN_POINT('Ctrl Pts',(42.1679514649135,3.72340974536294,14.4241347368109));
#12047=CARTESIAN_POINT('Ctrl Pts',(42.2465768027046,3.06756492114838,17.2736411269016));
#12048=CARTESIAN_POINT('Ctrl Pts',(42.3252021404958,0.327447727543739,18.2942188473199));
#12049=CARTESIAN_POINT('Ctrl Pts',(42.4038274782869,-2.03265236025378,16.5680243614785));
#12050=CARTESIAN_POINT('Ctrl Pts',(42.4824528160781,-1.89021020375126,13.6474884064789));
#12051=CARTESIAN_POINT('Ctrl Pts',(42.5610781538692,0.626670836305746,12.1591571012518));
#12052=CARTESIAN_POINT('Ctrl Pts',(42.6397034916603,3.25446633699596,13.4415419429057));
#12053=CARTESIAN_POINT('Ctrl Pts',(42.7183288294515,3.62990250313323,16.3413467295193));
#12054=CARTESIAN_POINT('Ctrl Pts',(42.7969541672426,1.41533566510948,18.2506696083585));
#12055=CARTESIAN_POINT('Ctrl Pts',(42.8755795050338,-1.39759217867668,17.4523857866667));
#12056=CARTESIAN_POINT('Ctrl Pts',(42.9542048428249,-2.27911082701429,14.6644214766609));
#12057=CARTESIAN_POINT('Ctrl Pts',(43.0328301806161,-0.436437903905259,
12.3940962529804));
#12058=CARTESIAN_POINT('Ctrl Pts',(43.1114555184071,2.47324257345767,12.6831976865337));
#12059=CARTESIAN_POINT('Ctrl Pts',(43.1900808561983,3.83314717298888,15.2717261493893));
#12060=CARTESIAN_POINT('Ctrl Pts',(43.2687061939895,2.4202633135895,17.8317221105348));
#12061=CARTESIAN_POINT('Ctrl Pts',(43.3473315317806,-0.49475021187099,18.0608863763022));
#12062=CARTESIAN_POINT('Ctrl Pts',(43.4259568695717,-2.29031376682911,15.7531230314508));
#12063=CARTESIAN_POINT('Ctrl Pts',(43.5045822073629,-1.35161052676936,12.9838891405683));
#12064=CARTESIAN_POINT('Ctrl Pts',(43.583207545154,1.47714889621084,12.2436593097373));
#12065=CARTESIAN_POINT('Ctrl Pts',(43.6618328829452,3.65195640446671,14.1981496642674));
#12066=CARTESIAN_POINT('Ctrl Pts',(43.7404582207362,3.21692697938035,17.0896145925872));
#12067=CARTESIAN_POINT('Ctrl Pts',(43.8190835585275,0.563298831934424,18.3176526548857));
#12068=CARTESIAN_POINT('Ctrl Pts',(43.8977088963186,-1.9224222181823,16.7778435825951));
#12069=CARTESIAN_POINT('Ctrl Pts',(43.9763342341097,-2.00473461943009,13.8549950115573));
#12070=CARTESIAN_POINT('Ctrl Pts',(44.0549595719009,0.390387152000594,12.1777323317285));
#12071=CARTESIAN_POINT('Ctrl Pts',(44.133584909692,3.10892349596142,13.2544811915915));
#12072=CARTESIAN_POINT('Ctrl Pts',(44.2122102474831,3.70598973476306,16.1168790809047));
#12073=CARTESIAN_POINT('Ctrl Pts',(44.2908355852743,1.64463054492649,18.1906702861334));
#12074=CARTESIAN_POINT('Ctrl Pts',(44.3694609230654,-1.22131426788612,17.6108081152608));
#12075=CARTESIAN_POINT('Ctrl Pts',(44.4480862608565,-2.3143607381563,14.8988029270959));
#12076=CARTESIAN_POINT('Ctrl Pts',(44.5267115986477,-0.651558748125903,
12.4936239035728));
#12077=CARTESIAN_POINT('Ctrl Pts',(44.6053369364388,2.27180598436917,12.5584124818027));
#12078=CARTESIAN_POINT('Ctrl Pts',(44.68396227423,3.82637669091054,15.0347526617893));
#12079=CARTESIAN_POINT('Ctrl Pts',(44.7625876120211,2.61460185343912,17.6958775257637));
#12080=CARTESIAN_POINT('Ctrl Pts',(44.8412129498122,-0.274784327289867,
18.1479456873297));
#12081=CARTESIAN_POINT('Ctrl Pts',(44.9198382876035,-2.24113551343271,15.9855783637651));
#12082=CARTESIAN_POINT('Ctrl Pts',(44.9984636253944,-1.52027198896728,13.1511129000353));
#12083=CARTESIAN_POINT('Ctrl Pts',(45.0770889631857,1.24815518708887,12.198415433074));
#12084=CARTESIAN_POINT('Ctrl Pts',(45.1295058550464,2.7851875539215,13.3826994576776));
#12085=CARTESIAN_POINT('Ctrl Pts',(45.1557143009768,3.13787218546364,14.1691333295461));
#12086=CARTESIAN_POINT('Ctrl Pts',(41.0442856990232,-1.30190782430792,13.776239592507));
#12087=CARTESIAN_POINT('Ctrl Pts',(41.0704941449536,-0.819825587343917,
13.1004539182104));
#12088=CARTESIAN_POINT('Ctrl Pts',(41.1229110368143,0.856030778541208,12.2734359264609));
#12089=CARTESIAN_POINT('Ctrl Pts',(41.2015363746055,3.28969019527311,13.6977318925869));
#12090=CARTESIAN_POINT('Ctrl Pts',(41.2801617123965,3.43321478180665,16.5109216830037));
#12091=CARTESIAN_POINT('Ctrl Pts',(41.3587870501878,1.16658975793544,18.1801754368238));
#12092=CARTESIAN_POINT('Ctrl Pts',(41.4374123879788,-1.47616919661403,17.2056974799043));
#12093=CARTESIAN_POINT('Ctrl Pts',(41.5160377257701,-2.11611034722946,14.4631556678438));
#12094=CARTESIAN_POINT('Ctrl Pts',(41.5946630635611,-0.178824100769161,
12.4193787679531));
#12095=CARTESIAN_POINT('Ctrl Pts',(41.6732884013523,2.59397454430671,12.9122308208245));
#12096=CARTESIAN_POINT('Ctrl Pts',(41.7519137391434,3.70832504666588,15.4985621165912));
#12097=CARTESIAN_POINT('Ctrl Pts',(41.8305390769346,2.16219116427608,17.8523437785051));
#12098=CARTESIAN_POINT('Ctrl Pts',(41.9091644147257,-0.654002071365519,
17.8567555104434));
#12099=CARTESIAN_POINT('Ctrl Pts',(41.9877897525169,-2.2075124361144,15.507818272502));
#12100=CARTESIAN_POINT('Ctrl Pts',(42.066415090308,-1.10122823444625,12.9180240525191));
#12101=CARTESIAN_POINT('Ctrl Pts',(42.1450404280991,1.66993706015216,12.4164678539328));
#12102=CARTESIAN_POINT('Ctrl Pts',(42.2236657658903,3.6137673913593,14.4542191838487));
#12103=CARTESIAN_POINT('Ctrl Pts',(42.3022911036814,2.98210637514501,17.1986520673885));
#12104=CARTESIAN_POINT('Ctrl Pts',(42.3809164414726,0.343029039844852,18.1815967155788));
#12105=CARTESIAN_POINT('Ctrl Pts',(42.4595417792637,-1.93004404815424,16.5190544146376));
#12106=CARTESIAN_POINT('Ctrl Pts',(42.5381671170549,-1.79285434411733,13.7062111305044));
#12107=CARTESIAN_POINT('Ctrl Pts',(42.616792454846,0.631218510855425,12.2727609758139));
#12108=CARTESIAN_POINT('Ctrl Pts',(42.6954177926372,3.16211593519232,13.5078587952212));
#12109=CARTESIAN_POINT('Ctrl Pts',(42.7740431304283,3.52370816169175,16.3007353579493));
#12110=CARTESIAN_POINT('Ctrl Pts',(42.8526684682194,1.3908018891511,18.1396533236025));
#12111=CARTESIAN_POINT('Ctrl Pts',(42.9312938060106,-1.31840125577172,17.3708056458897));
#12112=CARTESIAN_POINT('Ctrl Pts',(43.0099191438017,-2.16741453553287,14.6856455223247));
#12113=CARTESIAN_POINT('Ctrl Pts',(43.0885444815929,-0.392688856245013,
12.4990369146492));
#12114=CARTESIAN_POINT('Ctrl Pts',(43.1671698193839,2.40969923821172,12.7774779399726));
#12115=CARTESIAN_POINT('Ctrl Pts',(43.2457951571752,3.71945832996503,15.2705562703614));
#12116=CARTESIAN_POINT('Ctrl Pts',(43.3244204949662,2.35867355059317,17.736154214598));
#12117=CARTESIAN_POINT('Ctrl Pts',(43.4030458327574,-0.448850939633487,
17.9568682122544));
#12118=CARTESIAN_POINT('Ctrl Pts',(43.4816711705485,-2.17820437496858,15.7342019873029));
#12119=CARTESIAN_POINT('Ctrl Pts',(43.5602965083397,-1.27411514433403,13.0670816120759));
#12120=CARTESIAN_POINT('Ctrl Pts',(43.6389218461308,1.45033580164288,12.3541472259047));
#12121=CARTESIAN_POINT('Ctrl Pts',(43.717547183922,3.5449488412145,14.2365671489438));
#12122=CARTESIAN_POINT('Ctrl Pts',(43.796172521713,3.12596081449298,17.0214113796775));
#12123=CARTESIAN_POINT('Ctrl Pts',(43.8747978595043,0.570183303741199,18.2041664182803));
#12124=CARTESIAN_POINT('Ctrl Pts',(43.9534231972954,-1.82387856359515,16.7211367023045));
#12125=CARTESIAN_POINT('Ctrl Pts',(44.0320485350865,-1.90315575402122,13.9060660781926));
#12126=CARTESIAN_POINT('Ctrl Pts',(44.1106738728776,0.40364761811903,12.2906512579755));
#12127=CARTESIAN_POINT('Ctrl Pts',(44.1892992106688,3.02193988214397,13.3276957750884));
#12128=CARTESIAN_POINT('Ctrl Pts',(44.2679245484599,3.59698973116939,16.0845447930533));
#12129=CARTESIAN_POINT('Ctrl Pts',(44.3465498862511,1.61164168455759,18.0818664333967));
#12130=CARTESIAN_POINT('Ctrl Pts',(44.4251752240422,-1.14862346664386,17.5233862646217));
#12131=CARTESIAN_POINT('Ctrl Pts',(44.5038005618333,-2.20136463145699,14.911384324702));
#12132=CARTESIAN_POINT('Ctrl Pts',(44.5824258996245,-0.59987727346249,12.5948945544345));
#12133=CARTESIAN_POINT('Ctrl Pts',(44.6610512374156,2.21569047902274,12.6572941002612));
#12134=CARTESIAN_POINT('Ctrl Pts',(44.7396765752068,3.71293750456249,15.0423210103324));
#12135=CARTESIAN_POINT('Ctrl Pts',(44.8183019129979,2.54584599602342,17.6053188015619));
#12136=CARTESIAN_POINT('Ctrl Pts',(44.896927250789,-0.236996139447506,18.0407172735631));
#12137=CARTESIAN_POINT('Ctrl Pts',(44.9755525885802,-2.13083953443146,15.9580856957852));
#12138=CARTESIAN_POINT('Ctrl Pts',(45.0541779263713,-1.43655733595416,13.2281391152232));
#12139=CARTESIAN_POINT('Ctrl Pts',(45.1328032641625,1.22978607147784,12.3105716847776));
#12140=CARTESIAN_POINT('Ctrl Pts',(45.1852201560232,2.71014147101993,13.451186084477));
#12141=CARTESIAN_POINT('Ctrl Pts',(45.2114286019536,3.04982110946164,14.208620770776));
#12142=CARTESIAN_POINT('Ctrl Pts',(41.1,-1.22334836981646,13.83228120303));
#12143=CARTESIAN_POINT('Ctrl Pts',(41.1262084459304,-0.759723159580102,
13.1823686957913));
#12144=CARTESIAN_POINT('Ctrl Pts',(41.1786253377912,0.851971278390756,12.387013959826));
#12145=CARTESIAN_POINT('Ctrl Pts',(41.2572506755823,3.19245547841382,13.7567792531762));
#12146=CARTESIAN_POINT('Ctrl Pts',(41.3358760133734,3.33048507482615,16.4622631063682));
#12147=CARTESIAN_POINT('Ctrl Pts',(41.4145013511645,1.15064017981967,18.0676077202384));
#12148=CARTESIAN_POINT('Ctrl Pts',(41.4931266889557,-1.39093796175061,17.1304386793446));
#12149=CARTESIAN_POINT('Ctrl Pts',(41.5717520267469,-2.00637829069003,14.4928979721695));
#12150=CARTESIAN_POINT('Ctrl Pts',(41.6503773645379,-0.143263090761532,
12.5273692257561));
#12151=CARTESIAN_POINT('Ctrl Pts',(41.7290027023291,2.52337603467545,13.0013519181426));
#12152=CARTESIAN_POINT('Ctrl Pts',(41.8076280401203,3.59506245313156,15.4886627933414));
#12153=CARTESIAN_POINT('Ctrl Pts',(41.8862533779114,2.10812393660195,17.7523274426092));
#12154=CARTESIAN_POINT('Ctrl Pts',(41.9648787157026,-0.60024837174768,17.7565702667386));
#12155=CARTESIAN_POINT('Ctrl Pts',(42.0435040534936,-2.09428095423182,15.4975645675639));
#12156=CARTESIAN_POINT('Ctrl Pts',(42.1221293912848,-1.03035200964003,13.0069233498537));
#12157=CARTESIAN_POINT('Ctrl Pts',(42.200754729076,1.63471629986465,12.5245697591482));
#12158=CARTESIAN_POINT('Ctrl Pts',(42.2793800668671,3.50412503735566,14.4843036308864));
#12159=CARTESIAN_POINT('Ctrl Pts',(42.3580054046582,2.89664782914163,17.1236630078752));
#12160=CARTESIAN_POINT('Ctrl Pts',(42.4366307424494,0.358610352145968,18.0689745838378));
#12161=CARTESIAN_POINT('Ctrl Pts',(42.5152560802405,-1.82743573605471,16.4700844677966));
#12162=CARTESIAN_POINT('Ctrl Pts',(42.5938814180317,-1.6954984844834,13.7649338545299));
#12163=CARTESIAN_POINT('Ctrl Pts',(42.6725067558228,0.635766185405103,12.3863648503761));
#12164=CARTESIAN_POINT('Ctrl Pts',(42.7511320936139,3.06976553338869,13.5741756475367));
#12165=CARTESIAN_POINT('Ctrl Pts',(42.8297574314051,3.41751382025027,16.2601239863793));
#12166=CARTESIAN_POINT('Ctrl Pts',(42.9083827691962,1.36626811319272,18.0286370388464));
#12167=CARTESIAN_POINT('Ctrl Pts',(42.9870081069874,-1.23921033286676,17.2892255051128));
#12168=CARTESIAN_POINT('Ctrl Pts',(43.0656334447785,-2.05571824405145,14.7068695679886));
#12169=CARTESIAN_POINT('Ctrl Pts',(43.1442587825697,-0.348939808584765,
12.6039775763181));
#12170=CARTESIAN_POINT('Ctrl Pts',(43.2228841203607,2.34615590296576,12.8717581934114));
#12171=CARTESIAN_POINT('Ctrl Pts',(43.301509458152,3.60576948694117,15.2693863913334));
#12172=CARTESIAN_POINT('Ctrl Pts',(43.380134795943,2.29708378759684,17.6405863186612));
#12173=CARTESIAN_POINT('Ctrl Pts',(43.4587601337342,-0.402951667395988,
17.8528500482066));
#12174=CARTESIAN_POINT('Ctrl Pts',(43.5373854715253,-2.06609498310805,15.715280943155));
#12175=CARTESIAN_POINT('Ctrl Pts',(43.6160108093165,-1.1966197618987,13.1502740835833));
#12176=CARTESIAN_POINT('Ctrl Pts',(43.6946361471076,1.42352270707493,12.4646351420723));
#12177=CARTESIAN_POINT('Ctrl Pts',(43.7732614848988,3.43794127796229,14.2749846336202));
#12178=CARTESIAN_POINT('Ctrl Pts',(43.8518868226898,3.03499464960563,16.9532081667679));
#12179=CARTESIAN_POINT('Ctrl Pts',(43.9305121604811,0.577067775547966,18.0906801816748));
#12180=CARTESIAN_POINT('Ctrl Pts',(44.0091374982721,-1.72533490900799,16.6644298220139));
#12181=CARTESIAN_POINT('Ctrl Pts',(44.0877628360633,-1.80157688861236,13.9571371448279));
#12182=CARTESIAN_POINT('Ctrl Pts',(44.1663881738545,0.416908084237469,12.4035701842224));
#12183=CARTESIAN_POINT('Ctrl Pts',(44.2450135116455,2.93495626832652,13.4009103585854));
#12184=CARTESIAN_POINT('Ctrl Pts',(44.3236388494368,3.48798972757572,16.0522105052018));
#12185=CARTESIAN_POINT('Ctrl Pts',(44.4022641872278,1.57865282418869,17.9730625806601));
#12186=CARTESIAN_POINT('Ctrl Pts',(44.4808895250191,-1.07593266540159,17.4359644139825));
#12187=CARTESIAN_POINT('Ctrl Pts',(44.5595148628101,-2.08836852475769,14.9239657223082));
#12188=CARTESIAN_POINT('Ctrl Pts',(44.6381402006014,-0.548195798799073,
12.6961652052963));
#12189=CARTESIAN_POINT('Ctrl Pts',(44.7167655383923,2.15957497367631,12.7561757187198));
#12190=CARTESIAN_POINT('Ctrl Pts',(44.7953908761837,3.59949831821443,15.0498893588755));
#12191=CARTESIAN_POINT('Ctrl Pts',(44.8740162139746,2.47709013860772,17.51476007736));
#12192=CARTESIAN_POINT('Ctrl Pts',(44.9526415517659,-0.199207951605143,
17.9334888597964));
#12193=CARTESIAN_POINT('Ctrl Pts',(45.031266889557,-2.02054355543022,15.9305930278053));
#12194=CARTESIAN_POINT('Ctrl Pts',(45.1098922273481,-1.35284268294103,13.305165330411));
#12195=CARTESIAN_POINT('Ctrl Pts',(45.1885175651393,1.21141695586681,12.4227279364812));
#12196=CARTESIAN_POINT('Ctrl Pts',(45.240934457,2.63509538811836,13.5196727112765));
#12197=CARTESIAN_POINT('Ctrl Pts',(45.2671429029304,2.96177003345964,14.248108212006));
#12198=CARTESIAN_POINT('Ctrl Pts',(41.1,3.22822531608102,14.1267547141485));
#12199=CARTESIAN_POINT('Ctrl Pts',(41.1,3.18693161486668,14.0444833521093));
#12200=CARTESIAN_POINT('Ctrl Pts',(41.1,3.141429745259,13.9646939061074));
#12201=CARTESIAN_POINT('Ctrl Pts',(41.1,3.09173203477856,13.8877498678965));
#12202=CARTESIAN_POINT('Ctrl Pts',(41.1,3.08087969243704,13.8709478253932));
#12203=CARTESIAN_POINT('Ctrl Pts',(41.1,3.06982710125429,13.8542815562585));
#12204=CARTESIAN_POINT('Ctrl Pts',(41.1,3.05857410128767,13.8377550157826));
#12205=CARTESIAN_POINT('Ctrl Pts',(41.1,3.00700035771344,13.762012052733));
#12206=CARTESIAN_POINT('Ctrl Pts',(41.1,2.95122017568986,13.6892012532059));
#12207=CARTESIAN_POINT('Ctrl Pts',(41.1,2.89160575637986,13.6194758969925));
#12208=CARTESIAN_POINT('Ctrl Pts',(41.1,2.82888145384989,13.5461132040775));
#12209=CARTESIAN_POINT('Ctrl Pts',(41.1,2.76191171679394,13.476165392883));
#12210=CARTESIAN_POINT('Ctrl Pts',(41.1,2.69109229311379,13.4098577602525));
#12211=CARTESIAN_POINT('Ctrl Pts',(41.1,2.67026759002681,13.3903597653497));
#12212=CARTESIAN_POINT('Ctrl Pts',(41.1,2.64910981803793,13.3711768710267));
#12213=CARTESIAN_POINT('Ctrl Pts',(41.1,2.62762861381798,13.3523156955479));
#12214=CARTESIAN_POINT('Ctrl Pts',(41.1,2.61469021042352,13.3409553688949));
#12215=CARTESIAN_POINT('Ctrl Pts',(41.1,2.6016344690135,13.3297117637333));
#12216=CARTESIAN_POINT('Ctrl Pts',(41.1,2.58846347159347,13.3185864020027));
#12217=CARTESIAN_POINT('Ctrl Pts',(41.1,2.57720066422812,13.3090728623636));
#12218=CARTESIAN_POINT('Ctrl Pts',(41.1,2.56585923647339,13.2996506139038));
#12219=CARTESIAN_POINT('Ctrl Pts',(41.1,2.55444590049188,13.2903244620233));
#12220=CARTESIAN_POINT('Ctrl Pts',(41.1,2.48299109703546,13.2319367697033));
#12221=CARTESIAN_POINT('Ctrl Pts',(41.1,2.40865807259816,13.1772593650344));
#12222=CARTESIAN_POINT('Ctrl Pts',(41.1,2.33182411370665,13.1264382195683));
#12223=CARTESIAN_POINT('Ctrl Pts',(41.1,2.25469195565299,13.0754198328925));
#12224=CARTESIAN_POINT('Ctrl Pts',(41.1,2.17503849753063,13.0282872618855));
#12225=CARTESIAN_POINT('Ctrl Pts',(41.1,2.09321773445448,12.9852326877459));
#12226=CARTESIAN_POINT('Ctrl Pts',(41.1,2.01242383550597,12.9427184556424));
#12227=CARTESIAN_POINT('Ctrl Pts',(41.1,1.92951578667483,12.9041802052024));
#12228=CARTESIAN_POINT('Ctrl Pts',(41.1,1.84482108462451,12.8698515385278));
#12229=CARTESIAN_POINT('Ctrl Pts',(41.1,1.80158842495146,12.8523283696938));
#12230=CARTESIAN_POINT('Ctrl Pts',(41.1,1.75789009901433,12.8359028709473));
#12231=CARTESIAN_POINT('Ctrl Pts',(41.1,1.7137694383645,12.8206114762612));
#12232=CARTESIAN_POINT('Ctrl Pts',(41.1,1.69821238138597,12.8152196916662));
#12233=CARTESIAN_POINT('Ctrl Pts',(41.1,1.68260096535676,12.8099684434059));
#12234=CARTESIAN_POINT('Ctrl Pts',(41.1,1.6669581042426,12.8048659804148));
#12235=CARTESIAN_POINT('Ctrl Pts',(41.1,1.58079109840197,12.7767596157834));
#12236=CARTESIAN_POINT('Ctrl Pts',(41.1,1.49353196127334,12.7531140682673));
#12237=CARTESIAN_POINT('Ctrl Pts',(41.1,1.40551587941914,12.7341047023707));
#12238=CARTESIAN_POINT('Ctrl Pts',(41.1,1.31875584071675,12.7153666117155));
#12239=CARTESIAN_POINT('Ctrl Pts',(41.1,1.23125945754672,12.7011330925517));
#12240=CARTESIAN_POINT('Ctrl Pts',(41.1,1.14334040425216,12.6916217976794));
#12241=CARTESIAN_POINT('Ctrl Pts',(41.1,1.05803751487833,12.682393525719));
#12242=CARTESIAN_POINT('Ctrl Pts',(41.1,0.972336037638387,12.6776105551359));
#12243=CARTESIAN_POINT('Ctrl Pts',(41.1,0.886526717618015,12.6775207759573));
#12244=CARTESIAN_POINT('Ctrl Pts',(41.1,0.872398836838214,12.6775059944682));
#12245=CARTESIAN_POINT('Ctrl Pts',(41.1,0.858268055424969,12.6776185447483));
#12246=CARTESIAN_POINT('Ctrl Pts',(41.1,0.844135702142836,12.677859668009));
#12247=CARTESIAN_POINT('Ctrl Pts',(41.1,0.808574593111657,12.6784664042257));
#12248=CARTESIAN_POINT('Ctrl Pts',(41.1,0.773003493277691,12.6798871526477));
#12249=CARTESIAN_POINT('Ctrl Pts',(41.1,0.73744399117839,12.6821120970369));
#12250=CARTESIAN_POINT('Ctrl Pts',(41.1,0.718890257501779,12.6832729970272));
#12251=CARTESIAN_POINT('Ctrl Pts',(41.1,0.700334840877676,12.6846533880339));
#12252=CARTESIAN_POINT('Ctrl Pts',(41.1,0.681810742935162,12.6862490635751));
#12253=CARTESIAN_POINT('Ctrl Pts',(41.1,0.594688667788816,12.6937538049577));
#12254=CARTESIAN_POINT('Ctrl Pts',(41.1,0.508145269417285,12.7060207992283));
#12255=CARTESIAN_POINT('Ctrl Pts',(41.0999999999999,0.422482554456526,12.7228065329805));
#12256=CARTESIAN_POINT('Ctrl Pts',(41.0999999999999,0.335536206478219,12.7398437964919));
#12257=CARTESIAN_POINT('Ctrl Pts',(41.0999999999999,0.249496276817348,12.7615366461226));
#12258=CARTESIAN_POINT('Ctrl Pts',(41.0999999999998,0.164689903831925,12.7876835688892));
#12259=CARTESIAN_POINT('Ctrl Pts',(41.0999999999998,0.0798266848011465,
12.813848018041));
#12260=CARTESIAN_POINT('Ctrl Pts',(41.0999999999997,-0.00380216664632474,
12.8444730315727));
#12261=CARTESIAN_POINT('Ctrl Pts',(41.0999999999997,-0.085844786785221,
12.8794023062926));
#12262=CARTESIAN_POINT('Ctrl Pts',(41.0999999999996,-0.130571166835712,
12.8984443604513));
#12263=CARTESIAN_POINT('Ctrl Pts',(41.0999999999996,-0.174825626190299,
12.9187663876024));
#12264=CARTESIAN_POINT('Ctrl Pts',(41.0999999999996,-0.218546775369891,
12.9403479392658));
#12265=CARTESIAN_POINT('',(45.1,3.22592326146565,14.1296458883161));
#12266=CARTESIAN_POINT('Ctrl Pts',(45.1,3.22592326146564,14.1296458883161));
#12267=CARTESIAN_POINT('Ctrl Pts',(45.0737915540696,2.86023363682308,13.3142128308782));
#12268=CARTESIAN_POINT('Ctrl Pts',(45.0475831081393,2.06337896976149,12.7002360061243));
#12269=CARTESIAN_POINT('Ctrl Pts',(45.0213746622089,1.18653314545065,12.5578855109935));
#12270=CARTESIAN_POINT('Ctrl Pts',(44.9951662162785,0.309687321139796,12.4155350158627));
#12271=CARTESIAN_POINT('Ctrl Pts',(44.9689577703481,-0.647149660420314,
12.7448108503551));
#12272=CARTESIAN_POINT('Ctrl Pts',(44.9427493244177,-1.25014229294262,13.3992794920842));
#12273=CARTESIAN_POINT('Ctrl Pts',(44.9165408784873,-1.85313492546492,14.0537481338133));
#12274=CARTESIAN_POINT('Ctrl Pts',(44.890332432557,-2.10228320894944,15.0334095827791));
#12275=CARTESIAN_POINT('Ctrl Pts',(44.8641239866266,-1.88704752114141,15.8969241521539));
#12276=CARTESIAN_POINT('Ctrl Pts',(44.8379155406962,-1.67181183333338,16.7604387215287));
#12277=CARTESIAN_POINT('Ctrl Pts',(44.8117070947658,-0.992192174232807,
17.5078064113126));
#12278=CARTESIAN_POINT('Ctrl Pts',(44.7854986488354,-0.153060640351341,
17.803367281016));
#12279=CARTESIAN_POINT('Ctrl Pts',(44.7765150050104,0.134574072624942,17.9046786517506));
#12280=CARTESIAN_POINT('Ctrl Pts',(44.7675313611854,0.440950768208388,17.9529045981218));
#12281=CARTESIAN_POINT('Ctrl Pts',(44.7585477173604,0.747968973731909,17.9508665524289));
#12282=CARTESIAN_POINT('Ctrl Pts',(45.1,-0.221893578349128,12.9410252648493));
#12283=CARTESIAN_POINT('Ctrl Pts',(45.1,-0.141788709347364,12.9022662560196));
#12284=CARTESIAN_POINT('Ctrl Pts',(45.1,-0.0596994960946993,12.8675684371798));
#12285=CARTESIAN_POINT('Ctrl Pts',(45.1,0.0239975434133369,12.837058328006));
#12286=CARTESIAN_POINT('Ctrl Pts',(45.1,0.107244030660802,12.806712458795));
#12287=CARTESIAN_POINT('Ctrl Pts',(45.1,0.192082008027945,12.7805089427852));
#12288=CARTESIAN_POINT('Ctrl Pts',(45.1,0.278160681766039,12.7586194854411));
#12289=CARTESIAN_POINT('Ctrl Pts',(45.1,0.29107701967817,12.7553349131365));
#12290=CARTESIAN_POINT('Ctrl Pts',(45.1,0.304023592432497,12.7521470292302));
#12291=CARTESIAN_POINT('Ctrl Pts',(45.1,0.316991835299762,12.749058267885));
#12292=CARTESIAN_POINT('Ctrl Pts',(45.1,0.405187077588173,12.7280520253279));
#12293=CARTESIAN_POINT('Ctrl Pts',(45.1,0.494154611156956,12.7116791802258));
#12294=CARTESIAN_POINT('Ctrl Pts',(45.1,0.583495778951325,12.7000391013649));
#12295=CARTESIAN_POINT('Ctrl Pts',(45.1,0.672614151060895,12.6884280501002));
#12296=CARTESIAN_POINT('Ctrl Pts',(45.1,0.762105250236288,12.6815258011728));
#12297=CARTESIAN_POINT('Ctrl Pts',(45.1,0.851594168075749,12.6794781567759));
#12298=CARTESIAN_POINT('Ctrl Pts',(45.1,0.939013591114505,12.6774778656105));
#12299=CARTESIAN_POINT('Ctrl Pts',(45.1,1.02643182922877,12.6801100406926));
#12300=CARTESIAN_POINT('Ctrl Pts',(45.1,1.11350554986888,12.6875597520407));
#12301=CARTESIAN_POINT('Ctrl Pts',(45.1,1.13055936843536,12.6890188148298));
#12302=CARTESIAN_POINT('Ctrl Pts',(45.1,1.1475999674161,12.6906628340853));
#12303=CARTESIAN_POINT('Ctrl Pts',(45.1,1.16462475105616,12.6924934385901));
#12304=CARTESIAN_POINT('Ctrl Pts',(45.1,1.19415595227382,12.6956688064024));
#12305=CARTESIAN_POINT('Ctrl Pts',(45.1,1.22363957534314,12.6994055446116));
#12306=CARTESIAN_POINT('Ctrl Pts',(45.1,1.25306538786285,12.703695513499));
#12307=CARTESIAN_POINT('Ctrl Pts',(45.1,1.26657803042496,12.705665512327));
#12308=CARTESIAN_POINT('Ctrl Pts',(45.1,1.28007848041523,12.7077521824318));
#12309=CARTESIAN_POINT('Ctrl Pts',(45.1,1.29356573638862,12.7099547814558));
#12310=CARTESIAN_POINT('Ctrl Pts',(45.1,1.30797920286471,12.7123086395909));
#12311=CARTESIAN_POINT('Ctrl Pts',(45.1,1.32236987390616,12.7147936725012));
#12312=CARTESIAN_POINT('Ctrl Pts',(45.1,1.33673023804618,12.7174073161837));
#12313=CARTESIAN_POINT('Ctrl Pts',(45.1,1.42224577627327,12.7329714860103));
#12314=CARTESIAN_POINT('Ctrl Pts',(45.1,1.50675703002874,12.7531035944238));
#12315=CARTESIAN_POINT('Ctrl Pts',(45.1,1.59001734114453,12.7775106548752));
#12316=CARTESIAN_POINT('Ctrl Pts',(45.1,1.67659391234776,12.8028898491002));
#12317=CARTESIAN_POINT('Ctrl Pts',(45.1,1.76181863794675,12.8328914116816));
#12318=CARTESIAN_POINT('Ctrl Pts',(45.1,1.84541250279246,12.8672426990554));
#12319=CARTESIAN_POINT('Ctrl Pts',(45.1,1.91855713453246,12.8973000755076));
#12320=CARTESIAN_POINT('Ctrl Pts',(45.1,1.99045343723448,12.9306887690118));
#12321=CARTESIAN_POINT('Ctrl Pts',(45.1,2.06090652476214,12.9672582332135));
#12322=CARTESIAN_POINT('Ctrl Pts',(45.1,2.09841094792485,12.9867253241301));
#12323=CARTESIAN_POINT('Ctrl Pts',(45.1,2.13550623083778,13.0070942556509));
#12324=CARTESIAN_POINT('Ctrl Pts',(45.1,2.17216148763863,13.0283454086803));
#12325=CARTESIAN_POINT('Ctrl Pts',(45.1,2.19008321146201,13.0387356590499));
#12326=CARTESIAN_POINT('Ctrl Pts',(45.1,2.207899729122,13.0493368346386));
#12327=CARTESIAN_POINT('Ctrl Pts',(45.1,2.22560731545178,13.0601468146778));
#12328=CARTESIAN_POINT('Ctrl Pts',(45.1,2.23842656443783,13.0679726031888));
#12329=CARTESIAN_POINT('Ctrl Pts',(45.1,2.25118859956313,13.0759078439435));
#12330=CARTESIAN_POINT('Ctrl Pts',(45.1,2.26387992865265,13.0839438522047));
#12331=CARTESIAN_POINT('Ctrl Pts',(45.1,2.34218484730416,13.1335256547677));
#12332=CARTESIAN_POINT('Ctrl Pts',(45.1,2.41791714917723,13.1870104432519));
#12333=CARTESIAN_POINT('Ctrl Pts',(45.1,2.49078353696618,13.2441330391182));
#12334=CARTESIAN_POINT('Ctrl Pts',(45.1,2.56688149943949,13.3037889832169));
#12335=CARTESIAN_POINT('Ctrl Pts',(45.1,2.63985484306178,13.3674127702045));
#12336=CARTESIAN_POINT('Ctrl Pts',(45.1,2.7093424868877,13.4347557351946));
#12337=CARTESIAN_POINT('Ctrl Pts',(45.1,2.72983405609408,13.4546148490122));
#12338=CARTESIAN_POINT('Ctrl Pts',(45.1,2.75002226136692,13.4747977216925));
#12339=CARTESIAN_POINT('Ctrl Pts',(45.1,2.76989718835284,13.495298761088));
#12340=CARTESIAN_POINT('Ctrl Pts',(45.1,2.78092023926679,13.5066690670622));
#12341=CARTESIAN_POINT('Ctrl Pts',(45.1,2.79184744304719,13.5181378091768));
#12342=CARTESIAN_POINT('Ctrl Pts',(45.1,2.80267545217389,13.529702356376));
#12343=CARTESIAN_POINT('Ctrl Pts',(45.1,2.86696153983429,13.5983612840058));
#12344=CARTESIAN_POINT('Ctrl Pts',(45.1,2.92755850815633,13.6701847316146));
#12345=CARTESIAN_POINT('Ctrl Pts',(45.1,2.98415608586914,13.7449277814661));
#12346=CARTESIAN_POINT('Ctrl Pts',(45.1,3.03973722160946,13.8183285128635));
#12347=CARTESIAN_POINT('Ctrl Pts',(45.1,3.09146201430165,13.8945455342347));
#12348=CARTESIAN_POINT('Ctrl Pts',(45.1,3.13900374758812,13.9733838390021));
#12349=CARTESIAN_POINT('Ctrl Pts',(45.1,3.16976111943181,14.0243886906899));
#12350=CARTESIAN_POINT('Ctrl Pts',(45.1,3.19876697890842,14.0764914060574));
#12351=CARTESIAN_POINT('Ctrl Pts',(45.1,3.22592326146564,14.1296458883161));
#12352=CARTESIAN_POINT('Origin',(41.1,0.75,15.24));
#12353=CARTESIAN_POINT('',(41.1,0.75,17.74));
#12354=CARTESIAN_POINT('Origin',(41.1,0.75,15.24));
#12355=CARTESIAN_POINT('Origin',(41.1,0.75,15.24));
#12356=CARTESIAN_POINT('Origin',(45.1,0.75,15.24));
#12357=CARTESIAN_POINT('',(46.1,0.75,17.74));
#12358=CARTESIAN_POINT('Origin',(46.1,0.75,15.24));
#12359=CARTESIAN_POINT('',(45.1,0.75,17.74));
#12360=CARTESIAN_POINT('',(45.1,0.75,17.74));
#12361=CARTESIAN_POINT('Origin',(45.1,0.75,15.24));
#12362=CARTESIAN_POINT('Origin',(45.1,0.75,15.24));
#12363=CARTESIAN_POINT('Origin',(46.1,0.75,15.24));
#12364=CARTESIAN_POINT('Origin',(41.1,0.75,15.24));
#12365=CARTESIAN_POINT('Origin',(45.1,0.75,15.24));
#12366=CARTESIAN_POINT('Origin',(45.1,0.75,15.24));
#12367=CARTESIAN_POINT('Origin',(38.1,0.75,15.24));
#12368=CARTESIAN_POINT('',(38.1,0.75,17.74));
#12369=CARTESIAN_POINT('',(38.1,0.75,17.74));
#12370=CARTESIAN_POINT('Origin',(38.1,0.75,15.24));
#12371=CARTESIAN_POINT('Origin',(36.6,0.75,15.24));
#12372=CARTESIAN_POINT('',(38.1,0.75,19.24));
#12373=CARTESIAN_POINT('Origin',(38.1,0.75,15.24));
#12374=CARTESIAN_POINT('',(36.6,0.75,19.24));
#12375=CARTESIAN_POINT('',(36.6,0.75,19.24));
#12376=CARTESIAN_POINT('Origin',(36.6,0.75,15.24));
#12377=CARTESIAN_POINT('Origin',(38.1,0.75,15.24));
#12378=CARTESIAN_POINT('Origin',(36.6,0.75,15.24));
#12379=CARTESIAN_POINT('Origin',(5.,1.5,12.25));
#12380=CARTESIAN_POINT('',(5.,1.5,13.25));
#12381=CARTESIAN_POINT('',(5.,1.5,12.25));
#12382=CARTESIAN_POINT('',(5.,1.5,13.25));
#12383=CARTESIAN_POINT('',(5.,2.,13.25));
#12384=CARTESIAN_POINT('',(5.,1.5,13.25));
#12385=CARTESIAN_POINT('',(5.,2.,12.25));
#12386=CARTESIAN_POINT('',(5.,2.,13.25));
#12387=CARTESIAN_POINT('',(5.,1.5,12.25));
#12388=CARTESIAN_POINT('Origin',(7.5,1.5,12.25));
#12389=CARTESIAN_POINT('',(7.5,1.5,12.25));
#12390=CARTESIAN_POINT('',(5.,1.5,12.25));
#12391=CARTESIAN_POINT('',(7.5,2.,12.25));
#12392=CARTESIAN_POINT('',(5.,2.,12.25));
#12393=CARTESIAN_POINT('',(7.5,1.5,12.25));
#12394=CARTESIAN_POINT('Origin',(7.5,1.5,13.25));
#12395=CARTESIAN_POINT('',(7.5,1.5,13.25));
#12396=CARTESIAN_POINT('',(7.5,1.5,12.25));
#12397=CARTESIAN_POINT('',(7.5,2.,13.25));
#12398=CARTESIAN_POINT('',(7.5,2.,12.25));
#12399=CARTESIAN_POINT('',(7.5,1.5,13.25));
#12400=CARTESIAN_POINT('Origin',(5.,1.5,13.25));
#12401=CARTESIAN_POINT('',(7.5,1.5,13.25));
#12402=CARTESIAN_POINT('',(7.5,2.,13.25));
#12403=CARTESIAN_POINT('Origin',(6.25,2.,12.75));
#12404=CARTESIAN_POINT('Origin',(6.25,1.5,12.75));
#12405=CARTESIAN_POINT('Origin',(5.,1.5,14.25));
#12406=CARTESIAN_POINT('',(5.,1.5,15.25));
#12407=CARTESIAN_POINT('',(5.,1.5,14.25));
#12408=CARTESIAN_POINT('',(5.,1.5,15.25));
#12409=CARTESIAN_POINT('',(5.,2.,15.25));
#12410=CARTESIAN_POINT('',(5.,1.5,15.25));
#12411=CARTESIAN_POINT('',(5.,2.,14.25));
#12412=CARTESIAN_POINT('',(5.,2.,15.25));
#12413=CARTESIAN_POINT('',(5.,1.5,14.25));
#12414=CARTESIAN_POINT('Origin',(7.5,1.5,14.25));
#12415=CARTESIAN_POINT('',(7.5,1.5,14.25));
#12416=CARTESIAN_POINT('',(5.,1.5,14.25));
#12417=CARTESIAN_POINT('',(7.5,2.,14.25));
#12418=CARTESIAN_POINT('',(5.,2.,14.25));
#12419=CARTESIAN_POINT('',(7.5,1.5,14.25));
#12420=CARTESIAN_POINT('Origin',(7.5,1.5,15.25));
#12421=CARTESIAN_POINT('',(7.5,1.5,15.25));
#12422=CARTESIAN_POINT('',(7.5,1.5,14.25));
#12423=CARTESIAN_POINT('',(7.5,2.,15.25));
#12424=CARTESIAN_POINT('',(7.5,2.,14.25));
#12425=CARTESIAN_POINT('',(7.5,1.5,15.25));
#12426=CARTESIAN_POINT('Origin',(5.,1.5,15.25));
#12427=CARTESIAN_POINT('',(7.5,1.5,15.25));
#12428=CARTESIAN_POINT('',(7.5,2.,15.25));
#12429=CARTESIAN_POINT('Origin',(6.25,2.,14.75));
#12430=CARTESIAN_POINT('Origin',(6.25,1.5,14.75));
#12431=CARTESIAN_POINT('Origin',(5.00000007450581,1.5,16.25));
#12432=CARTESIAN_POINT('',(5.,1.5,17.25));
#12433=CARTESIAN_POINT('',(5.00000007450581,1.5,16.25));
#12434=CARTESIAN_POINT('',(5.,1.5,17.25));
#12435=CARTESIAN_POINT('',(5.,2.,17.25));
#12436=CARTESIAN_POINT('',(5.,1.5,17.25));
#12437=CARTESIAN_POINT('',(5.00000007450581,2.,16.25));
#12438=CARTESIAN_POINT('',(5.,2.,17.25));
#12439=CARTESIAN_POINT('',(5.00000007450581,1.5,16.25));
#12440=CARTESIAN_POINT('Origin',(7.5,1.5,16.25));
#12441=CARTESIAN_POINT('',(7.5,1.5,16.25));
#12442=CARTESIAN_POINT('',(5.00000007450581,1.5,16.25));
#12443=CARTESIAN_POINT('',(7.5,2.,16.25));
#12444=CARTESIAN_POINT('',(5.00000007450581,2.,16.25));
#12445=CARTESIAN_POINT('',(7.5,1.5,16.25));
#12446=CARTESIAN_POINT('Origin',(7.5,1.5,17.25));
#12447=CARTESIAN_POINT('',(7.5,1.5,17.25));
#12448=CARTESIAN_POINT('',(7.5,1.5,16.25));
#12449=CARTESIAN_POINT('',(7.5,2.,17.25));
#12450=CARTESIAN_POINT('',(7.5,2.,16.25));
#12451=CARTESIAN_POINT('',(7.5,1.5,17.25));
#12452=CARTESIAN_POINT('Origin',(5.,1.5,17.25));
#12453=CARTESIAN_POINT('',(7.5,1.5,17.25));
#12454=CARTESIAN_POINT('',(7.5,2.,17.25));
#12455=CARTESIAN_POINT('Origin',(6.25,2.,16.75));
#12456=CARTESIAN_POINT('Origin',(6.25,1.5,16.75));
#12457=CARTESIAN_POINT('Origin',(10.,1.5,22.25));
#12458=CARTESIAN_POINT('',(10.,1.5,23.25));
#12459=CARTESIAN_POINT('',(10.,1.5,22.25));
#12460=CARTESIAN_POINT('',(10.,1.5,23.25));
#12461=CARTESIAN_POINT('',(10.,2.,23.25));
#12462=CARTESIAN_POINT('',(10.,1.5,23.25));
#12463=CARTESIAN_POINT('',(10.,2.,22.25));
#12464=CARTESIAN_POINT('',(10.,2.,23.25));
#12465=CARTESIAN_POINT('',(10.,1.5,22.25));
#12466=CARTESIAN_POINT('Origin',(12.5,1.5,22.25));
#12467=CARTESIAN_POINT('',(12.5,1.5,22.25));
#12468=CARTESIAN_POINT('',(10.,1.5,22.25));
#12469=CARTESIAN_POINT('',(12.5,2.,22.25));
#12470=CARTESIAN_POINT('',(10.,2.,22.25));
#12471=CARTESIAN_POINT('',(12.5,1.5,22.25));
#12472=CARTESIAN_POINT('Origin',(12.5,1.5,23.25));
#12473=CARTESIAN_POINT('',(12.5,1.5,23.25));
#12474=CARTESIAN_POINT('',(12.5,1.5,22.25));
#12475=CARTESIAN_POINT('',(12.5,2.,23.25));
#12476=CARTESIAN_POINT('',(12.5,2.,22.25));
#12477=CARTESIAN_POINT('',(12.5,1.5,23.25));
#12478=CARTESIAN_POINT('Origin',(10.,1.5,23.25));
#12479=CARTESIAN_POINT('',(12.5,1.5,23.25));
#12480=CARTESIAN_POINT('',(12.5,2.,23.25));
#12481=CARTESIAN_POINT('Origin',(11.25,2.,22.75));
#12482=CARTESIAN_POINT('Origin',(11.25,1.5,22.75));
#12483=CARTESIAN_POINT('Origin',(10.,1.5,10.25));
#12484=CARTESIAN_POINT('',(10.,1.5,11.25));
#12485=CARTESIAN_POINT('',(10.,1.5,10.25));
#12486=CARTESIAN_POINT('',(10.,1.5,11.25));
#12487=CARTESIAN_POINT('',(10.,2.,11.25));
#12488=CARTESIAN_POINT('',(10.,1.5,11.25));
#12489=CARTESIAN_POINT('',(10.,2.,10.25));
#12490=CARTESIAN_POINT('',(10.,2.,11.25));
#12491=CARTESIAN_POINT('',(10.,1.5,10.25));
#12492=CARTESIAN_POINT('Origin',(12.5,1.5,10.25));
#12493=CARTESIAN_POINT('',(12.5,1.5,10.25));
#12494=CARTESIAN_POINT('',(10.,1.5,10.25));
#12495=CARTESIAN_POINT('',(12.5,2.,10.25));
#12496=CARTESIAN_POINT('',(10.,2.,10.25));
#12497=CARTESIAN_POINT('',(12.5,1.5,10.25));
#12498=CARTESIAN_POINT('Origin',(12.5,1.5,11.25));
#12499=CARTESIAN_POINT('',(12.5,1.5,11.25));
#12500=CARTESIAN_POINT('',(12.5,1.5,10.25));
#12501=CARTESIAN_POINT('',(12.5,2.,11.25));
#12502=CARTESIAN_POINT('',(12.5,2.,10.25));
#12503=CARTESIAN_POINT('',(12.5,1.5,11.25));
#12504=CARTESIAN_POINT('Origin',(10.,1.5,11.25));
#12505=CARTESIAN_POINT('',(12.5,1.5,11.25));
#12506=CARTESIAN_POINT('',(12.5,2.,11.25));
#12507=CARTESIAN_POINT('Origin',(11.25,2.,10.75));
#12508=CARTESIAN_POINT('Origin',(11.25,1.5,10.75));
#12509=CARTESIAN_POINT('Origin',(10.,1.5,20.25));
#12510=CARTESIAN_POINT('',(10.,1.5,21.25));
#12511=CARTESIAN_POINT('',(10.,1.5,20.25));
#12512=CARTESIAN_POINT('',(10.,1.5,21.25));
#12513=CARTESIAN_POINT('',(10.,2.,21.25));
#12514=CARTESIAN_POINT('',(10.,1.5,21.25));
#12515=CARTESIAN_POINT('',(10.,2.,20.25));
#12516=CARTESIAN_POINT('',(10.,2.,21.25));
#12517=CARTESIAN_POINT('',(10.,1.5,20.25));
#12518=CARTESIAN_POINT('Origin',(12.5,1.5,20.25));
#12519=CARTESIAN_POINT('',(12.5,1.5,20.25));
#12520=CARTESIAN_POINT('',(10.,1.5,20.25));
#12521=CARTESIAN_POINT('',(12.5,2.,20.25));
#12522=CARTESIAN_POINT('',(10.,2.,20.25));
#12523=CARTESIAN_POINT('',(12.5,1.5,20.25));
#12524=CARTESIAN_POINT('Origin',(12.5,1.5,21.25));
#12525=CARTESIAN_POINT('',(12.5,1.5,21.25));
#12526=CARTESIAN_POINT('',(12.5,1.5,20.25));
#12527=CARTESIAN_POINT('',(12.5,2.,21.25));
#12528=CARTESIAN_POINT('',(12.5,2.,20.25));
#12529=CARTESIAN_POINT('',(12.5,1.5,21.25));
#12530=CARTESIAN_POINT('Origin',(10.,1.5,21.25));
#12531=CARTESIAN_POINT('',(12.5,1.5,21.25));
#12532=CARTESIAN_POINT('',(12.5,2.,21.25));
#12533=CARTESIAN_POINT('Origin',(11.25,2.,20.75));
#12534=CARTESIAN_POINT('Origin',(11.25,1.5,20.75));
#12535=CARTESIAN_POINT('Origin',(10.,1.5,14.25));
#12536=CARTESIAN_POINT('',(10.,1.5,15.25));
#12537=CARTESIAN_POINT('',(10.,1.5,14.25));
#12538=CARTESIAN_POINT('',(10.,1.5,15.25));
#12539=CARTESIAN_POINT('',(10.,2.,15.25));
#12540=CARTESIAN_POINT('',(10.,1.5,15.25));
#12541=CARTESIAN_POINT('',(10.,2.,14.25));
#12542=CARTESIAN_POINT('',(10.,2.,15.25));
#12543=CARTESIAN_POINT('',(10.,1.5,14.25));
#12544=CARTESIAN_POINT('Origin',(12.5,1.5,14.25));
#12545=CARTESIAN_POINT('',(12.5,1.5,14.25));
#12546=CARTESIAN_POINT('',(10.,1.5,14.25));
#12547=CARTESIAN_POINT('',(12.5,2.,14.25));
#12548=CARTESIAN_POINT('',(10.,2.,14.25));
#12549=CARTESIAN_POINT('',(12.5,1.5,14.25));
#12550=CARTESIAN_POINT('Origin',(12.5,1.5,15.25));
#12551=CARTESIAN_POINT('',(12.5,1.5,15.25));
#12552=CARTESIAN_POINT('',(12.5,1.5,14.25));
#12553=CARTESIAN_POINT('',(12.5,2.,15.25));
#12554=CARTESIAN_POINT('',(12.5,2.,14.25));
#12555=CARTESIAN_POINT('',(12.5,1.5,15.25));
#12556=CARTESIAN_POINT('Origin',(10.,1.5,15.25));
#12557=CARTESIAN_POINT('',(12.5,1.5,15.25));
#12558=CARTESIAN_POINT('',(12.5,2.,15.25));
#12559=CARTESIAN_POINT('Origin',(11.25,2.,14.75));
#12560=CARTESIAN_POINT('Origin',(11.25,1.5,14.75));
#12561=CARTESIAN_POINT('Origin',(10.,1.5,12.25));
#12562=CARTESIAN_POINT('',(10.,1.5,13.25));
#12563=CARTESIAN_POINT('',(10.,1.5,12.25));
#12564=CARTESIAN_POINT('',(10.,1.5,13.25));
#12565=CARTESIAN_POINT('',(10.,2.,13.25));
#12566=CARTESIAN_POINT('',(10.,1.5,13.25));
#12567=CARTESIAN_POINT('',(10.,2.,12.25));
#12568=CARTESIAN_POINT('',(10.,2.,13.25));
#12569=CARTESIAN_POINT('',(10.,1.5,12.25));
#12570=CARTESIAN_POINT('Origin',(12.5,1.5,12.25));
#12571=CARTESIAN_POINT('',(12.5,1.5,12.25));
#12572=CARTESIAN_POINT('',(10.,1.5,12.25));
#12573=CARTESIAN_POINT('',(12.5,2.,12.25));
#12574=CARTESIAN_POINT('',(10.,2.,12.25));
#12575=CARTESIAN_POINT('',(12.5,1.5,12.25));
#12576=CARTESIAN_POINT('Origin',(12.5,1.5,13.25));
#12577=CARTESIAN_POINT('',(12.5,1.5,13.25));
#12578=CARTESIAN_POINT('',(12.5,1.5,12.25));
#12579=CARTESIAN_POINT('',(12.5,2.,13.25));
#12580=CARTESIAN_POINT('',(12.5,2.,12.25));
#12581=CARTESIAN_POINT('',(12.5,1.5,13.25));
#12582=CARTESIAN_POINT('Origin',(10.,1.5,13.25));
#12583=CARTESIAN_POINT('',(12.5,1.5,13.25));
#12584=CARTESIAN_POINT('',(12.5,2.,13.25));
#12585=CARTESIAN_POINT('Origin',(11.25,2.,12.75));
#12586=CARTESIAN_POINT('Origin',(11.25,1.5,12.75));
#12587=CARTESIAN_POINT('Origin',(10.,1.5,18.25));
#12588=CARTESIAN_POINT('',(10.,1.5,19.25));
#12589=CARTESIAN_POINT('',(10.,1.5,18.25));
#12590=CARTESIAN_POINT('',(10.,1.5,19.25));
#12591=CARTESIAN_POINT('',(10.,2.,19.25));
#12592=CARTESIAN_POINT('',(10.,1.5,19.25));
#12593=CARTESIAN_POINT('',(10.,2.,18.25));
#12594=CARTESIAN_POINT('',(10.,2.,19.25));
#12595=CARTESIAN_POINT('',(10.,1.5,18.25));
#12596=CARTESIAN_POINT('Origin',(12.5,1.5,18.25));
#12597=CARTESIAN_POINT('',(12.5,1.5,18.25));
#12598=CARTESIAN_POINT('',(10.,1.5,18.25));
#12599=CARTESIAN_POINT('',(12.5,2.,18.25));
#12600=CARTESIAN_POINT('',(10.,2.,18.25));
#12601=CARTESIAN_POINT('',(12.5,1.5,18.25));
#12602=CARTESIAN_POINT('Origin',(12.5,1.5,19.25));
#12603=CARTESIAN_POINT('',(12.5,1.5,19.25));
#12604=CARTESIAN_POINT('',(12.5,1.5,18.25));
#12605=CARTESIAN_POINT('',(12.5,2.,19.25));
#12606=CARTESIAN_POINT('',(12.5,2.,18.25));
#12607=CARTESIAN_POINT('',(12.5,1.5,19.25));
#12608=CARTESIAN_POINT('Origin',(10.,1.5,19.25));
#12609=CARTESIAN_POINT('',(12.5,1.5,19.25));
#12610=CARTESIAN_POINT('',(12.5,2.,19.25));
#12611=CARTESIAN_POINT('Origin',(11.25,2.,18.75));
#12612=CARTESIAN_POINT('Origin',(11.25,1.5,18.75));
#12613=CARTESIAN_POINT('Origin',(10.,1.5,16.25));
#12614=CARTESIAN_POINT('',(10.,1.5,17.25));
#12615=CARTESIAN_POINT('',(10.,1.5,16.25));
#12616=CARTESIAN_POINT('',(10.,1.5,17.25));
#12617=CARTESIAN_POINT('',(10.,2.,17.25));
#12618=CARTESIAN_POINT('',(10.,1.5,17.25));
#12619=CARTESIAN_POINT('',(10.,2.,16.25));
#12620=CARTESIAN_POINT('',(10.,2.,17.25));
#12621=CARTESIAN_POINT('',(10.,1.5,16.25));
#12622=CARTESIAN_POINT('Origin',(12.5,1.5,16.25));
#12623=CARTESIAN_POINT('',(12.5,1.5,16.25));
#12624=CARTESIAN_POINT('',(10.,1.5,16.25));
#12625=CARTESIAN_POINT('',(12.5,2.,16.25));
#12626=CARTESIAN_POINT('',(10.,2.,16.25));
#12627=CARTESIAN_POINT('',(12.5,1.5,16.25));
#12628=CARTESIAN_POINT('Origin',(12.5,1.5,17.25));
#12629=CARTESIAN_POINT('',(12.5,1.5,17.25));
#12630=CARTESIAN_POINT('',(12.5,1.5,16.25));
#12631=CARTESIAN_POINT('',(12.5,2.,17.25));
#12632=CARTESIAN_POINT('',(12.5,2.,16.25));
#12633=CARTESIAN_POINT('',(12.5,1.5,17.25));
#12634=CARTESIAN_POINT('Origin',(10.,1.5,17.25));
#12635=CARTESIAN_POINT('',(12.5,1.5,17.25));
#12636=CARTESIAN_POINT('',(12.5,2.,17.25));
#12637=CARTESIAN_POINT('Origin',(11.25,2.,16.75));
#12638=CARTESIAN_POINT('Origin',(11.25,1.5,16.75));
#12639=CARTESIAN_POINT('Origin',(18.66,1.5,4.5));
#12640=CARTESIAN_POINT('',(18.66,1.5,5.5));
#12641=CARTESIAN_POINT('',(18.66,1.5,4.5));
#12642=CARTESIAN_POINT('',(18.66,1.5,5.5));
#12643=CARTESIAN_POINT('',(18.66,2.,5.5));
#12644=CARTESIAN_POINT('',(18.66,1.5,5.5));
#12645=CARTESIAN_POINT('',(18.66,2.,4.5));
#12646=CARTESIAN_POINT('',(18.66,2.,5.5));
#12647=CARTESIAN_POINT('',(18.66,1.5,4.5));
#12648=CARTESIAN_POINT('Origin',(21.16,1.5,4.5));
#12649=CARTESIAN_POINT('',(21.16,1.5,4.5));
#12650=CARTESIAN_POINT('',(18.66,1.5,4.5));
#12651=CARTESIAN_POINT('',(21.16,2.,4.5));
#12652=CARTESIAN_POINT('',(18.66,2.,4.5));
#12653=CARTESIAN_POINT('',(21.16,1.5,4.5));
#12654=CARTESIAN_POINT('Origin',(21.16,1.5,5.5));
#12655=CARTESIAN_POINT('',(21.16,1.5,5.5));
#12656=CARTESIAN_POINT('',(21.16,1.5,4.5));
#12657=CARTESIAN_POINT('',(21.16,2.,5.5));
#12658=CARTESIAN_POINT('',(21.16,2.,4.5));
#12659=CARTESIAN_POINT('',(21.16,1.5,5.5));
#12660=CARTESIAN_POINT('Origin',(18.66,1.5,5.5));
#12661=CARTESIAN_POINT('',(21.16,1.5,5.5));
#12662=CARTESIAN_POINT('',(21.16,2.,5.5));
#12663=CARTESIAN_POINT('Origin',(19.91,2.,5.));
#12664=CARTESIAN_POINT('Origin',(19.91,1.5,5.));
#12665=CARTESIAN_POINT('Origin',(15.16,1.5,7.));
#12666=CARTESIAN_POINT('',(15.16,1.5,8.));
#12667=CARTESIAN_POINT('',(15.16,1.5,7.));
#12668=CARTESIAN_POINT('',(15.16,1.5,8.));
#12669=CARTESIAN_POINT('',(15.16,2.,8.));
#12670=CARTESIAN_POINT('',(15.16,1.5,8.));
#12671=CARTESIAN_POINT('',(15.16,2.,7.));
#12672=CARTESIAN_POINT('',(15.16,2.,8.));
#12673=CARTESIAN_POINT('',(15.16,1.5,7.));
#12674=CARTESIAN_POINT('Origin',(17.66,1.5,7.));
#12675=CARTESIAN_POINT('',(17.66,1.5,7.));
#12676=CARTESIAN_POINT('',(15.16,1.5,7.));
#12677=CARTESIAN_POINT('',(17.66,2.,7.));
#12678=CARTESIAN_POINT('',(15.16,2.,7.));
#12679=CARTESIAN_POINT('',(17.66,1.5,7.));
#12680=CARTESIAN_POINT('Origin',(17.66,1.5,8.));
#12681=CARTESIAN_POINT('',(17.66,1.5,8.));
#12682=CARTESIAN_POINT('',(17.66,1.5,7.));
#12683=CARTESIAN_POINT('',(17.66,2.,8.));
#12684=CARTESIAN_POINT('',(17.66,2.,7.));
#12685=CARTESIAN_POINT('',(17.66,1.5,8.));
#12686=CARTESIAN_POINT('Origin',(15.16,1.5,8.));
#12687=CARTESIAN_POINT('',(17.66,1.5,8.));
#12688=CARTESIAN_POINT('',(17.66,2.,8.));
#12689=CARTESIAN_POINT('Origin',(16.41,2.,7.5));
#12690=CARTESIAN_POINT('Origin',(16.41,1.5,7.5));
#12691=CARTESIAN_POINT('Origin',(15.16,1.5,4.5));
#12692=CARTESIAN_POINT('',(15.16,1.5,5.5));
#12693=CARTESIAN_POINT('',(15.16,1.5,4.5));
#12694=CARTESIAN_POINT('',(15.16,1.5,5.5));
#12695=CARTESIAN_POINT('',(15.16,2.,5.5));
#12696=CARTESIAN_POINT('',(15.16,1.5,5.5));
#12697=CARTESIAN_POINT('',(15.16,2.,4.5));
#12698=CARTESIAN_POINT('',(15.16,2.,5.5));
#12699=CARTESIAN_POINT('',(15.16,1.5,4.5));
#12700=CARTESIAN_POINT('Origin',(17.66,1.5,4.5));
#12701=CARTESIAN_POINT('',(17.66,1.5,4.5));
#12702=CARTESIAN_POINT('',(15.16,1.5,4.5));
#12703=CARTESIAN_POINT('',(17.66,2.,4.5));
#12704=CARTESIAN_POINT('',(15.16,2.,4.5));
#12705=CARTESIAN_POINT('',(17.66,1.5,4.5));
#12706=CARTESIAN_POINT('Origin',(17.66,1.5,5.5));
#12707=CARTESIAN_POINT('',(17.66,1.5,5.5));
#12708=CARTESIAN_POINT('',(17.66,1.5,4.5));
#12709=CARTESIAN_POINT('',(17.66,2.,5.5));
#12710=CARTESIAN_POINT('',(17.66,2.,4.5));
#12711=CARTESIAN_POINT('',(17.66,1.5,5.5));
#12712=CARTESIAN_POINT('Origin',(15.16,1.5,5.5));
#12713=CARTESIAN_POINT('',(17.66,1.5,5.5));
#12714=CARTESIAN_POINT('',(17.66,2.,5.5));
#12715=CARTESIAN_POINT('Origin',(16.41,2.,5.));
#12716=CARTESIAN_POINT('Origin',(16.41,1.5,5.));
#12717=CARTESIAN_POINT('Origin',(18.66,1.5,7.));
#12718=CARTESIAN_POINT('',(18.66,1.5,8.));
#12719=CARTESIAN_POINT('',(18.66,1.5,7.));
#12720=CARTESIAN_POINT('',(18.66,1.5,8.));
#12721=CARTESIAN_POINT('',(18.66,2.,8.));
#12722=CARTESIAN_POINT('',(18.66,1.5,8.));
#12723=CARTESIAN_POINT('',(18.66,2.,7.));
#12724=CARTESIAN_POINT('',(18.66,2.,8.));
#12725=CARTESIAN_POINT('',(18.66,1.5,7.));
#12726=CARTESIAN_POINT('Origin',(21.16,1.5,7.));
#12727=CARTESIAN_POINT('',(21.16,1.5,7.));
#12728=CARTESIAN_POINT('',(18.66,1.5,7.));
#12729=CARTESIAN_POINT('',(21.16,2.,7.));
#12730=CARTESIAN_POINT('',(18.66,2.,7.));
#12731=CARTESIAN_POINT('',(21.16,1.5,7.));
#12732=CARTESIAN_POINT('Origin',(21.16,1.5,8.));
#12733=CARTESIAN_POINT('',(21.16,1.5,8.));
#12734=CARTESIAN_POINT('',(21.16,1.5,7.));
#12735=CARTESIAN_POINT('',(21.16,2.,8.));
#12736=CARTESIAN_POINT('',(21.16,2.,7.));
#12737=CARTESIAN_POINT('',(21.16,1.5,8.));
#12738=CARTESIAN_POINT('Origin',(18.66,1.5,8.));
#12739=CARTESIAN_POINT('',(21.16,1.5,8.));
#12740=CARTESIAN_POINT('',(21.16,2.,8.));
#12741=CARTESIAN_POINT('Origin',(19.91,2.,7.5));
#12742=CARTESIAN_POINT('Origin',(19.91,1.5,7.5));
#12743=CARTESIAN_POINT('Origin',(25.16,1.5,5.));
#12744=CARTESIAN_POINT('',(25.16,1.5,7.5));
#12745=CARTESIAN_POINT('',(25.16,1.5,5.));
#12746=CARTESIAN_POINT('',(25.16,1.5,7.5));
#12747=CARTESIAN_POINT('',(25.16,2.,7.5));
#12748=CARTESIAN_POINT('',(25.16,1.5,7.5));
#12749=CARTESIAN_POINT('',(25.16,2.,5.));
#12750=CARTESIAN_POINT('',(25.16,2.,7.5));
#12751=CARTESIAN_POINT('',(25.16,1.5,5.));
#12752=CARTESIAN_POINT('Origin',(26.16,1.5,5.));
#12753=CARTESIAN_POINT('',(26.16,1.5,5.));
#12754=CARTESIAN_POINT('',(25.16,1.5,5.));
#12755=CARTESIAN_POINT('',(26.16,2.,5.));
#12756=CARTESIAN_POINT('',(25.16,2.,5.));
#12757=CARTESIAN_POINT('',(26.16,1.5,5.));
#12758=CARTESIAN_POINT('Origin',(26.16,1.5,7.5));
#12759=CARTESIAN_POINT('',(26.16,1.5,7.5));
#12760=CARTESIAN_POINT('',(26.16,1.5,5.));
#12761=CARTESIAN_POINT('',(26.16,2.,7.5));
#12762=CARTESIAN_POINT('',(26.16,2.,5.));
#12763=CARTESIAN_POINT('',(26.16,1.5,7.5));
#12764=CARTESIAN_POINT('Origin',(25.16,1.5,7.5));
#12765=CARTESIAN_POINT('',(26.16,1.5,7.5));
#12766=CARTESIAN_POINT('',(26.16,2.,7.5));
#12767=CARTESIAN_POINT('Origin',(25.66,2.,6.25));
#12768=CARTESIAN_POINT('Origin',(25.66,1.5,6.25));
#12769=CARTESIAN_POINT('Origin',(29.16,1.5,5.));
#12770=CARTESIAN_POINT('',(29.16,1.5,7.5));
#12771=CARTESIAN_POINT('',(29.16,1.5,5.));
#12772=CARTESIAN_POINT('',(29.16,1.5,7.5));
#12773=CARTESIAN_POINT('',(29.16,2.,7.5));
#12774=CARTESIAN_POINT('',(29.16,1.5,7.5));
#12775=CARTESIAN_POINT('',(29.16,2.,5.));
#12776=CARTESIAN_POINT('',(29.16,2.,7.5));
#12777=CARTESIAN_POINT('',(29.16,1.5,5.));
#12778=CARTESIAN_POINT('Origin',(30.16,1.5,5.));
#12779=CARTESIAN_POINT('',(30.16,1.5,5.));
#12780=CARTESIAN_POINT('',(29.16,1.5,5.));
#12781=CARTESIAN_POINT('',(30.16,2.,5.));
#12782=CARTESIAN_POINT('',(29.16,2.,5.));
#12783=CARTESIAN_POINT('',(30.16,1.5,5.));
#12784=CARTESIAN_POINT('Origin',(30.16,1.5,7.5));
#12785=CARTESIAN_POINT('',(30.16,1.5,7.5));
#12786=CARTESIAN_POINT('',(30.16,1.5,5.));
#12787=CARTESIAN_POINT('',(30.16,2.,7.5));
#12788=CARTESIAN_POINT('',(30.16,2.,5.));
#12789=CARTESIAN_POINT('',(30.16,1.5,7.5));
#12790=CARTESIAN_POINT('Origin',(29.16,1.5,7.5));
#12791=CARTESIAN_POINT('',(30.16,1.5,7.5));
#12792=CARTESIAN_POINT('',(30.16,2.,7.5));
#12793=CARTESIAN_POINT('Origin',(29.66,2.,6.25));
#12794=CARTESIAN_POINT('Origin',(29.66,1.5,6.25));
#12795=CARTESIAN_POINT('Origin',(27.16,1.5,5.));
#12796=CARTESIAN_POINT('',(27.16,1.5,7.5));
#12797=CARTESIAN_POINT('',(27.16,1.5,5.));
#12798=CARTESIAN_POINT('',(27.16,1.5,7.5));
#12799=CARTESIAN_POINT('',(27.16,2.,7.5));
#12800=CARTESIAN_POINT('',(27.16,1.5,7.5));
#12801=CARTESIAN_POINT('',(27.16,2.,5.));
#12802=CARTESIAN_POINT('',(27.16,2.,7.5));
#12803=CARTESIAN_POINT('',(27.16,1.5,5.));
#12804=CARTESIAN_POINT('Origin',(28.16,1.5,5.));
#12805=CARTESIAN_POINT('',(28.16,1.5,5.));
#12806=CARTESIAN_POINT('',(27.16,1.5,5.));
#12807=CARTESIAN_POINT('',(28.16,2.,5.));
#12808=CARTESIAN_POINT('',(27.16,2.,5.));
#12809=CARTESIAN_POINT('',(28.16,1.5,5.));
#12810=CARTESIAN_POINT('Origin',(28.16,1.5,7.5));
#12811=CARTESIAN_POINT('',(28.16,1.5,7.5));
#12812=CARTESIAN_POINT('',(28.16,1.5,5.));
#12813=CARTESIAN_POINT('',(28.16,2.,7.5));
#12814=CARTESIAN_POINT('',(28.16,2.,5.));
#12815=CARTESIAN_POINT('',(28.16,1.5,7.5));
#12816=CARTESIAN_POINT('Origin',(27.16,1.5,7.5));
#12817=CARTESIAN_POINT('',(28.16,1.5,7.5));
#12818=CARTESIAN_POINT('',(28.16,2.,7.5));
#12819=CARTESIAN_POINT('Origin',(27.66,2.,6.25));
#12820=CARTESIAN_POINT('Origin',(27.66,1.5,6.25));
#12821=CARTESIAN_POINT('Origin',(24.8,1.5,16.24));
#12822=CARTESIAN_POINT('',(24.8,1.5,16.74));
#12823=CARTESIAN_POINT('',(24.8,1.5,16.24));
#12824=CARTESIAN_POINT('',(24.8,1.5,16.74));
#12825=CARTESIAN_POINT('',(24.8,1.75,16.74));
#12826=CARTESIAN_POINT('',(24.8,1.5,16.74));
#12827=CARTESIAN_POINT('',(24.8,1.75,16.24));
#12828=CARTESIAN_POINT('',(24.8,1.75,16.74));
#12829=CARTESIAN_POINT('',(24.8,1.5,16.24));
#12830=CARTESIAN_POINT('Origin',(26.3,1.5,16.24));
#12831=CARTESIAN_POINT('',(26.3,1.5,16.24));
#12832=CARTESIAN_POINT('',(24.8,1.5,16.24));
#12833=CARTESIAN_POINT('',(26.3,1.75,16.24));
#12834=CARTESIAN_POINT('',(24.8,1.75,16.24));
#12835=CARTESIAN_POINT('',(26.3,1.5,16.24));
#12836=CARTESIAN_POINT('Origin',(26.3,1.5,16.74));
#12837=CARTESIAN_POINT('',(26.3,1.5,16.74));
#12838=CARTESIAN_POINT('',(26.3,1.5,16.24));
#12839=CARTESIAN_POINT('',(26.3,1.75,16.74));
#12840=CARTESIAN_POINT('',(26.3,1.75,16.24));
#12841=CARTESIAN_POINT('',(26.3,1.5,16.74));
#12842=CARTESIAN_POINT('Origin',(24.8,1.5,16.74));
#12843=CARTESIAN_POINT('',(26.3,1.5,16.74));
#12844=CARTESIAN_POINT('',(26.3,1.75,16.74));
#12845=CARTESIAN_POINT('Origin',(25.55,1.75,16.49));
#12846=CARTESIAN_POINT('Origin',(25.55,1.5,16.49));
#12847=CARTESIAN_POINT('Origin',(24.8,1.5,17.24));
#12848=CARTESIAN_POINT('',(24.8,1.5,18.74));
#12849=CARTESIAN_POINT('',(24.8,1.5,17.24));
#12850=CARTESIAN_POINT('',(24.8,1.5,18.74));
#12851=CARTESIAN_POINT('',(24.8,1.75,18.74));
#12852=CARTESIAN_POINT('',(24.8,1.5,18.74));
#12853=CARTESIAN_POINT('',(24.8,1.75,17.24));
#12854=CARTESIAN_POINT('',(24.8,1.75,18.74));
#12855=CARTESIAN_POINT('',(24.8,1.5,17.24));
#12856=CARTESIAN_POINT('Origin',(25.3,1.5,17.24));
#12857=CARTESIAN_POINT('',(25.3,1.5,17.24));
#12858=CARTESIAN_POINT('',(24.8,1.5,17.24));
#12859=CARTESIAN_POINT('',(25.3,1.75,17.24));
#12860=CARTESIAN_POINT('',(24.8,1.75,17.24));
#12861=CARTESIAN_POINT('',(25.3,1.5,17.24));
#12862=CARTESIAN_POINT('Origin',(25.3,1.5,18.74));
#12863=CARTESIAN_POINT('',(25.3,1.5,18.74));
#12864=CARTESIAN_POINT('',(25.3,1.5,17.24));
#12865=CARTESIAN_POINT('',(25.3,1.75,18.74));
#12866=CARTESIAN_POINT('',(25.3,1.75,17.24));
#12867=CARTESIAN_POINT('',(25.3,1.5,18.74));
#12868=CARTESIAN_POINT('Origin',(24.8,1.5,18.74));
#12869=CARTESIAN_POINT('',(25.3,1.5,18.74));
#12870=CARTESIAN_POINT('',(25.3,1.75,18.74));
#12871=CARTESIAN_POINT('Origin',(25.05,1.75,17.99));
#12872=CARTESIAN_POINT('Origin',(25.05,1.5,17.99));
#12873=CARTESIAN_POINT('Origin',(24.8,1.5,15.24));
#12874=CARTESIAN_POINT('',(24.8,1.5,15.74));
#12875=CARTESIAN_POINT('',(24.8,1.5,15.24));
#12876=CARTESIAN_POINT('',(24.8,1.5,15.74));
#12877=CARTESIAN_POINT('',(24.8,1.75,15.74));
#12878=CARTESIAN_POINT('',(24.8,1.5,15.74));
#12879=CARTESIAN_POINT('',(24.8,1.75,15.24));
#12880=CARTESIAN_POINT('',(24.8,1.75,15.74));
#12881=CARTESIAN_POINT('',(24.8,1.5,15.24));
#12882=CARTESIAN_POINT('Origin',(26.3,1.5,15.24));
#12883=CARTESIAN_POINT('',(26.3,1.5,15.24));
#12884=CARTESIAN_POINT('',(24.8,1.5,15.24));
#12885=CARTESIAN_POINT('',(26.3,1.75,15.24));
#12886=CARTESIAN_POINT('',(24.8,1.75,15.24));
#12887=CARTESIAN_POINT('',(26.3,1.5,15.24));
#12888=CARTESIAN_POINT('Origin',(26.3,1.5,15.74));
#12889=CARTESIAN_POINT('',(26.3,1.5,15.74));
#12890=CARTESIAN_POINT('',(26.3,1.5,15.24));
#12891=CARTESIAN_POINT('',(26.3,1.75,15.74));
#12892=CARTESIAN_POINT('',(26.3,1.75,15.24));
#12893=CARTESIAN_POINT('',(26.3,1.5,15.74));
#12894=CARTESIAN_POINT('Origin',(24.8,1.5,15.74));
#12895=CARTESIAN_POINT('',(26.3,1.5,15.74));
#12896=CARTESIAN_POINT('',(26.3,1.75,15.74));
#12897=CARTESIAN_POINT('Origin',(25.55,1.75,15.49));
#12898=CARTESIAN_POINT('Origin',(25.55,1.5,15.49));
#12899=CARTESIAN_POINT('Origin',(25.8,1.5,17.24));
#12900=CARTESIAN_POINT('',(25.8,1.5,18.74));
#12901=CARTESIAN_POINT('',(25.8,1.5,17.24));
#12902=CARTESIAN_POINT('',(25.8,1.5,18.74));
#12903=CARTESIAN_POINT('',(25.8,1.75,18.74));
#12904=CARTESIAN_POINT('',(25.8,1.5,18.74));
#12905=CARTESIAN_POINT('',(25.8,1.75,17.24));
#12906=CARTESIAN_POINT('',(25.8,1.75,18.74));
#12907=CARTESIAN_POINT('',(25.8,1.5,17.24));
#12908=CARTESIAN_POINT('Origin',(26.3,1.5,17.24));
#12909=CARTESIAN_POINT('',(26.3,1.5,17.24));
#12910=CARTESIAN_POINT('',(25.8,1.5,17.24));
#12911=CARTESIAN_POINT('',(26.3,1.75,17.24));
#12912=CARTESIAN_POINT('',(25.8,1.75,17.24));
#12913=CARTESIAN_POINT('',(26.3,1.5,17.24));
#12914=CARTESIAN_POINT('Origin',(26.3,1.5,18.74));
#12915=CARTESIAN_POINT('',(26.3,1.5,18.74));
#12916=CARTESIAN_POINT('',(26.3,1.5,17.24));
#12917=CARTESIAN_POINT('',(26.3,1.75,18.74));
#12918=CARTESIAN_POINT('',(26.3,1.75,17.24));
#12919=CARTESIAN_POINT('',(26.3,1.5,18.74));
#12920=CARTESIAN_POINT('Origin',(25.8,1.5,18.74));
#12921=CARTESIAN_POINT('',(26.3,1.5,18.74));
#12922=CARTESIAN_POINT('',(26.3,1.75,18.74));
#12923=CARTESIAN_POINT('Origin',(26.05,1.75,17.99));
#12924=CARTESIAN_POINT('Origin',(26.05,1.5,17.99));
#12925=CARTESIAN_POINT('Origin',(10.2405,1.5,20.75));
#12926=CARTESIAN_POINT('',(10.491,1.5,21.26));
#12927=CARTESIAN_POINT('',(9.99,1.5,21.26));
#12928=CARTESIAN_POINT('',(10.491,1.5,21.26));
#12929=CARTESIAN_POINT('',(9.99,1.5,20.24));
#12930=CARTESIAN_POINT('',(9.99,1.5,21.26));
#12931=CARTESIAN_POINT('',(10.491,1.5,20.24));
#12932=CARTESIAN_POINT('',(9.99,1.5,20.24));
#12933=CARTESIAN_POINT('',(10.491,1.5,20.24));
#12934=CARTESIAN_POINT('Origin',(9.99,2.,20.24));
#12935=CARTESIAN_POINT('',(9.99,2.01,21.26));
#12936=CARTESIAN_POINT('',(9.99,2.,21.26));
#12937=CARTESIAN_POINT('',(9.99,2.01,20.24));
#12938=CARTESIAN_POINT('',(9.99,2.01,21.26));
#12939=CARTESIAN_POINT('',(9.99,2.,20.24));
#12940=CARTESIAN_POINT('Origin',(10.491,2.,20.24));
#12941=CARTESIAN_POINT('',(10.491,2.01,20.24));
#12942=CARTESIAN_POINT('',(9.99,2.01,20.24));
#12943=CARTESIAN_POINT('',(10.491,2.,20.24));
#12944=CARTESIAN_POINT('Origin',(10.491,2.,21.26));
#12945=CARTESIAN_POINT('',(10.491,2.01,21.26));
#12946=CARTESIAN_POINT('',(10.491,2.01,20.24));
#12947=CARTESIAN_POINT('',(10.491,2.,21.26));
#12948=CARTESIAN_POINT('Origin',(9.99,2.,21.26));
#12949=CARTESIAN_POINT('',(10.491,2.01,21.26));
#12950=CARTESIAN_POINT('Origin',(10.2405,2.01,20.75));
#12951=CARTESIAN_POINT('Origin',(10.2405,1.5,16.75));
#12952=CARTESIAN_POINT('',(10.491,1.5,17.26));
#12953=CARTESIAN_POINT('',(9.99,1.5,17.26));
#12954=CARTESIAN_POINT('',(10.491,1.5,17.26));
#12955=CARTESIAN_POINT('',(9.99,1.5,16.24));
#12956=CARTESIAN_POINT('',(9.99,1.5,17.26));
#12957=CARTESIAN_POINT('',(10.491,1.5,16.24));
#12958=CARTESIAN_POINT('',(9.99,1.5,16.24));
#12959=CARTESIAN_POINT('',(10.491,1.5,16.24));
#12960=CARTESIAN_POINT('Origin',(9.99,2.,16.24));
#12961=CARTESIAN_POINT('',(9.99,2.01,17.26));
#12962=CARTESIAN_POINT('',(9.99,2.,17.26));
#12963=CARTESIAN_POINT('',(9.99,2.01,16.24));
#12964=CARTESIAN_POINT('',(9.99,2.01,17.26));
#12965=CARTESIAN_POINT('',(9.99,2.,16.24));
#12966=CARTESIAN_POINT('Origin',(10.491,2.,16.24));
#12967=CARTESIAN_POINT('',(10.491,2.01,16.24));
#12968=CARTESIAN_POINT('',(9.99,2.01,16.24));
#12969=CARTESIAN_POINT('',(10.491,2.,16.24));
#12970=CARTESIAN_POINT('Origin',(10.491,2.,17.26));
#12971=CARTESIAN_POINT('',(10.491,2.01,17.26));
#12972=CARTESIAN_POINT('',(10.491,2.01,16.24));
#12973=CARTESIAN_POINT('',(10.491,2.,17.26));
#12974=CARTESIAN_POINT('Origin',(9.99,2.,17.26));
#12975=CARTESIAN_POINT('',(10.491,2.01,17.26));
#12976=CARTESIAN_POINT('Origin',(10.2405,2.01,16.75));
#12977=CARTESIAN_POINT('Origin',(10.2405,1.5,12.75));
#12978=CARTESIAN_POINT('',(10.491,1.5,13.26));
#12979=CARTESIAN_POINT('',(9.99,1.5,13.26));
#12980=CARTESIAN_POINT('',(10.491,1.5,13.26));
#12981=CARTESIAN_POINT('',(9.99,1.5,12.24));
#12982=CARTESIAN_POINT('',(9.99,1.5,13.26));
#12983=CARTESIAN_POINT('',(10.491,1.5,12.24));
#12984=CARTESIAN_POINT('',(9.99,1.5,12.24));
#12985=CARTESIAN_POINT('',(10.491,1.5,12.24));
#12986=CARTESIAN_POINT('Origin',(9.99,2.,12.24));
#12987=CARTESIAN_POINT('',(9.99,2.01,13.26));
#12988=CARTESIAN_POINT('',(9.99,2.,13.26));
#12989=CARTESIAN_POINT('',(9.99,2.01,12.24));
#12990=CARTESIAN_POINT('',(9.99,2.01,13.26));
#12991=CARTESIAN_POINT('',(9.99,2.,12.24));
#12992=CARTESIAN_POINT('Origin',(10.491,2.,12.24));
#12993=CARTESIAN_POINT('',(10.491,2.01,12.24));
#12994=CARTESIAN_POINT('',(9.99,2.01,12.24));
#12995=CARTESIAN_POINT('',(10.491,2.,12.24));
#12996=CARTESIAN_POINT('Origin',(10.491,2.,13.26));
#12997=CARTESIAN_POINT('',(10.491,2.01,13.26));
#12998=CARTESIAN_POINT('',(10.491,2.01,12.24));
#12999=CARTESIAN_POINT('',(10.491,2.,13.26));
#13000=CARTESIAN_POINT('Origin',(9.99,2.,13.26));
#13001=CARTESIAN_POINT('',(10.491,2.01,13.26));
#13002=CARTESIAN_POINT('Origin',(10.2405,2.01,12.75));
#13003=CARTESIAN_POINT('Origin',(5.2405,1.5,16.75));
#13004=CARTESIAN_POINT('',(5.491,1.5,17.26));
#13005=CARTESIAN_POINT('',(4.99,1.5,17.26));
#13006=CARTESIAN_POINT('',(5.491,1.5,17.26));
#13007=CARTESIAN_POINT('',(4.99,1.5,16.24));
#13008=CARTESIAN_POINT('',(4.99,1.5,17.26));
#13009=CARTESIAN_POINT('',(5.491,1.5,16.24));
#13010=CARTESIAN_POINT('',(4.99,1.5,16.24));
#13011=CARTESIAN_POINT('',(5.491,1.5,16.24));
#13012=CARTESIAN_POINT('Origin',(4.99,2.,16.24));
#13013=CARTESIAN_POINT('',(4.99,2.01,17.26));
#13014=CARTESIAN_POINT('',(4.99,2.,17.26));
#13015=CARTESIAN_POINT('',(4.99,2.01,16.24));
#13016=CARTESIAN_POINT('',(4.99,2.01,17.26));
#13017=CARTESIAN_POINT('',(4.99,2.,16.24));
#13018=CARTESIAN_POINT('Origin',(5.491,2.,16.24));
#13019=CARTESIAN_POINT('',(5.491,2.01,16.24));
#13020=CARTESIAN_POINT('',(4.99,2.01,16.24));
#13021=CARTESIAN_POINT('',(5.491,2.,16.24));
#13022=CARTESIAN_POINT('Origin',(5.491,2.,17.26));
#13023=CARTESIAN_POINT('',(5.491,2.01,17.26));
#13024=CARTESIAN_POINT('',(5.491,2.01,16.24));
#13025=CARTESIAN_POINT('',(5.491,2.,17.26));
#13026=CARTESIAN_POINT('Origin',(4.99,2.,17.26));
#13027=CARTESIAN_POINT('',(5.491,2.01,17.26));
#13028=CARTESIAN_POINT('Origin',(5.2405,2.01,16.75));
#13029=CARTESIAN_POINT('Origin',(5.2405,1.5,12.75));
#13030=CARTESIAN_POINT('',(5.491,1.5,13.26));
#13031=CARTESIAN_POINT('',(4.99,1.5,13.26));
#13032=CARTESIAN_POINT('',(5.491,1.5,13.26));
#13033=CARTESIAN_POINT('',(4.99,1.5,12.24));
#13034=CARTESIAN_POINT('',(4.99,1.5,13.26));
#13035=CARTESIAN_POINT('',(5.491,1.5,12.24));
#13036=CARTESIAN_POINT('',(4.99,1.5,12.24));
#13037=CARTESIAN_POINT('',(5.491,1.5,12.24));
#13038=CARTESIAN_POINT('Origin',(4.99,2.,12.24));
#13039=CARTESIAN_POINT('',(4.99,2.01,13.26));
#13040=CARTESIAN_POINT('',(4.99,2.,13.26));
#13041=CARTESIAN_POINT('',(4.99,2.01,12.24));
#13042=CARTESIAN_POINT('',(4.99,2.01,13.26));
#13043=CARTESIAN_POINT('',(4.99,2.,12.24));
#13044=CARTESIAN_POINT('Origin',(5.491,2.,12.24));
#13045=CARTESIAN_POINT('',(5.491,2.01,12.24));
#13046=CARTESIAN_POINT('',(4.99,2.01,12.24));
#13047=CARTESIAN_POINT('',(5.491,2.,12.24));
#13048=CARTESIAN_POINT('Origin',(5.491,2.,13.26));
#13049=CARTESIAN_POINT('',(5.491,2.01,13.26));
#13050=CARTESIAN_POINT('',(5.491,2.01,12.24));
#13051=CARTESIAN_POINT('',(5.491,2.,13.26));
#13052=CARTESIAN_POINT('Origin',(4.99,2.,13.26));
#13053=CARTESIAN_POINT('',(5.491,2.01,13.26));
#13054=CARTESIAN_POINT('Origin',(5.2405,2.01,12.75));
#13055=CARTESIAN_POINT('Origin',(5.2405,1.5,14.75));
#13056=CARTESIAN_POINT('',(5.491,1.5,15.26));
#13057=CARTESIAN_POINT('',(4.99,1.5,15.26));
#13058=CARTESIAN_POINT('',(5.491,1.5,15.26));
#13059=CARTESIAN_POINT('',(4.99,1.5,14.24));
#13060=CARTESIAN_POINT('',(4.99,1.5,15.26));
#13061=CARTESIAN_POINT('',(5.491,1.5,14.24));
#13062=CARTESIAN_POINT('',(4.99,1.5,14.24));
#13063=CARTESIAN_POINT('',(5.491,1.5,14.24));
#13064=CARTESIAN_POINT('Origin',(4.99,2.,14.24));
#13065=CARTESIAN_POINT('',(4.99,2.01,15.26));
#13066=CARTESIAN_POINT('',(4.99,2.,15.26));
#13067=CARTESIAN_POINT('',(4.99,2.01,14.24));
#13068=CARTESIAN_POINT('',(4.99,2.01,15.26));
#13069=CARTESIAN_POINT('',(4.99,2.,14.24));
#13070=CARTESIAN_POINT('Origin',(5.491,2.,14.24));
#13071=CARTESIAN_POINT('',(5.491,2.01,14.24));
#13072=CARTESIAN_POINT('',(4.99,2.01,14.24));
#13073=CARTESIAN_POINT('',(5.491,2.,14.24));
#13074=CARTESIAN_POINT('Origin',(5.491,2.,15.26));
#13075=CARTESIAN_POINT('',(5.491,2.01,15.26));
#13076=CARTESIAN_POINT('',(5.491,2.01,14.24));
#13077=CARTESIAN_POINT('',(5.491,2.,15.26));
#13078=CARTESIAN_POINT('Origin',(4.99,2.,15.26));
#13079=CARTESIAN_POINT('',(5.491,2.01,15.26));
#13080=CARTESIAN_POINT('Origin',(5.2405,2.01,14.75));
#13081=CARTESIAN_POINT('Origin',(10.2405,1.5,10.75));
#13082=CARTESIAN_POINT('',(10.491,1.5,11.26));
#13083=CARTESIAN_POINT('',(9.99,1.5,11.26));
#13084=CARTESIAN_POINT('',(10.491,1.5,11.26));
#13085=CARTESIAN_POINT('',(9.99,1.5,10.24));
#13086=CARTESIAN_POINT('',(9.99,1.5,11.26));
#13087=CARTESIAN_POINT('',(10.491,1.5,10.24));
#13088=CARTESIAN_POINT('',(9.99,1.5,10.24));
#13089=CARTESIAN_POINT('',(10.491,1.5,10.24));
#13090=CARTESIAN_POINT('Origin',(9.99,2.,10.24));
#13091=CARTESIAN_POINT('',(9.99,2.01,11.26));
#13092=CARTESIAN_POINT('',(9.99,2.,11.26));
#13093=CARTESIAN_POINT('',(9.99,2.01,10.24));
#13094=CARTESIAN_POINT('',(9.99,2.01,11.26));
#13095=CARTESIAN_POINT('',(9.99,2.,10.24));
#13096=CARTESIAN_POINT('Origin',(10.491,2.,10.24));
#13097=CARTESIAN_POINT('',(10.491,2.01,10.24));
#13098=CARTESIAN_POINT('',(9.99,2.01,10.24));
#13099=CARTESIAN_POINT('',(10.491,2.,10.24));
#13100=CARTESIAN_POINT('Origin',(10.491,2.,11.26));
#13101=CARTESIAN_POINT('',(10.491,2.01,11.26));
#13102=CARTESIAN_POINT('',(10.491,2.01,10.24));
#13103=CARTESIAN_POINT('',(10.491,2.,11.26));
#13104=CARTESIAN_POINT('Origin',(9.99,2.,11.26));
#13105=CARTESIAN_POINT('',(10.491,2.01,11.26));
#13106=CARTESIAN_POINT('Origin',(10.2405,2.01,10.75));
#13107=CARTESIAN_POINT('Origin',(10.2405,1.5,14.75));
#13108=CARTESIAN_POINT('',(10.491,1.5,15.26));
#13109=CARTESIAN_POINT('',(9.99,1.5,15.26));
#13110=CARTESIAN_POINT('',(10.491,1.5,15.26));
#13111=CARTESIAN_POINT('',(9.99,1.5,14.24));
#13112=CARTESIAN_POINT('',(9.99,1.5,15.26));
#13113=CARTESIAN_POINT('',(10.491,1.5,14.24));
#13114=CARTESIAN_POINT('',(9.99,1.5,14.24));
#13115=CARTESIAN_POINT('',(10.491,1.5,14.24));
#13116=CARTESIAN_POINT('Origin',(9.99,2.,14.24));
#13117=CARTESIAN_POINT('',(9.99,2.01,15.26));
#13118=CARTESIAN_POINT('',(9.99,2.,15.26));
#13119=CARTESIAN_POINT('',(9.99,2.01,14.24));
#13120=CARTESIAN_POINT('',(9.99,2.01,15.26));
#13121=CARTESIAN_POINT('',(9.99,2.,14.24));
#13122=CARTESIAN_POINT('Origin',(10.491,2.,14.24));
#13123=CARTESIAN_POINT('',(10.491,2.01,14.24));
#13124=CARTESIAN_POINT('',(9.99,2.01,14.24));
#13125=CARTESIAN_POINT('',(10.491,2.,14.24));
#13126=CARTESIAN_POINT('Origin',(10.491,2.,15.26));
#13127=CARTESIAN_POINT('',(10.491,2.01,15.26));
#13128=CARTESIAN_POINT('',(10.491,2.01,14.24));
#13129=CARTESIAN_POINT('',(10.491,2.,15.26));
#13130=CARTESIAN_POINT('Origin',(9.99,2.,15.26));
#13131=CARTESIAN_POINT('',(10.491,2.01,15.26));
#13132=CARTESIAN_POINT('Origin',(10.2405,2.01,14.75));
#13133=CARTESIAN_POINT('Origin',(10.2405,1.5,18.75));
#13134=CARTESIAN_POINT('',(10.491,1.5,19.26));
#13135=CARTESIAN_POINT('',(9.99,1.5,19.26));
#13136=CARTESIAN_POINT('',(10.491,1.5,19.26));
#13137=CARTESIAN_POINT('',(9.99,1.5,18.24));
#13138=CARTESIAN_POINT('',(9.99,1.5,19.26));
#13139=CARTESIAN_POINT('',(10.491,1.5,18.24));
#13140=CARTESIAN_POINT('',(9.99,1.5,18.24));
#13141=CARTESIAN_POINT('',(10.491,1.5,18.24));
#13142=CARTESIAN_POINT('Origin',(9.99,2.,18.24));
#13143=CARTESIAN_POINT('',(9.99,2.01,19.26));
#13144=CARTESIAN_POINT('',(9.99,2.,19.26));
#13145=CARTESIAN_POINT('',(9.99,2.01,18.24));
#13146=CARTESIAN_POINT('',(9.99,2.01,19.26));
#13147=CARTESIAN_POINT('',(9.99,2.,18.24));
#13148=CARTESIAN_POINT('Origin',(10.491,2.,18.24));
#13149=CARTESIAN_POINT('',(10.491,2.01,18.24));
#13150=CARTESIAN_POINT('',(9.99,2.01,18.24));
#13151=CARTESIAN_POINT('',(10.491,2.,18.24));
#13152=CARTESIAN_POINT('Origin',(10.491,2.,19.26));
#13153=CARTESIAN_POINT('',(10.491,2.01,19.26));
#13154=CARTESIAN_POINT('',(10.491,2.01,18.24));
#13155=CARTESIAN_POINT('',(10.491,2.,19.26));
#13156=CARTESIAN_POINT('Origin',(9.99,2.,19.26));
#13157=CARTESIAN_POINT('',(10.491,2.01,19.26));
#13158=CARTESIAN_POINT('Origin',(10.2405,2.01,18.75));
#13159=CARTESIAN_POINT('Origin',(10.2405,1.5,22.75));
#13160=CARTESIAN_POINT('',(10.491,1.5,23.26));
#13161=CARTESIAN_POINT('',(9.99,1.5,23.26));
#13162=CARTESIAN_POINT('',(10.491,1.5,23.26));
#13163=CARTESIAN_POINT('',(9.99,1.5,22.24));
#13164=CARTESIAN_POINT('',(9.99,1.5,23.26));
#13165=CARTESIAN_POINT('',(10.491,1.5,22.24));
#13166=CARTESIAN_POINT('',(9.99,1.5,22.24));
#13167=CARTESIAN_POINT('',(10.491,1.5,22.24));
#13168=CARTESIAN_POINT('Origin',(9.99,2.,22.24));
#13169=CARTESIAN_POINT('',(9.99,2.01,23.26));
#13170=CARTESIAN_POINT('',(9.99,2.,23.26));
#13171=CARTESIAN_POINT('',(9.99,2.01,22.24));
#13172=CARTESIAN_POINT('',(9.99,2.01,23.26));
#13173=CARTESIAN_POINT('',(9.99,2.,22.24));
#13174=CARTESIAN_POINT('Origin',(10.491,2.,22.24));
#13175=CARTESIAN_POINT('',(10.491,2.01,22.24));
#13176=CARTESIAN_POINT('',(9.99,2.01,22.24));
#13177=CARTESIAN_POINT('',(10.491,2.,22.24));
#13178=CARTESIAN_POINT('Origin',(10.491,2.,23.26));
#13179=CARTESIAN_POINT('',(10.491,2.01,23.26));
#13180=CARTESIAN_POINT('',(10.491,2.01,22.24));
#13181=CARTESIAN_POINT('',(10.491,2.,23.26));
#13182=CARTESIAN_POINT('Origin',(9.99,2.,23.26));
#13183=CARTESIAN_POINT('',(10.491,2.01,23.26));
#13184=CARTESIAN_POINT('Origin',(10.2405,2.01,22.75));
#13185=CARTESIAN_POINT('Origin',(12.2595,1.5,20.75));
#13186=CARTESIAN_POINT('',(12.51,1.5,21.26));
#13187=CARTESIAN_POINT('',(12.009,1.5,21.26));
#13188=CARTESIAN_POINT('',(12.51,1.5,21.26));
#13189=CARTESIAN_POINT('',(12.009,1.5,20.24));
#13190=CARTESIAN_POINT('',(12.009,1.5,21.26));
#13191=CARTESIAN_POINT('',(12.51,1.5,20.24));
#13192=CARTESIAN_POINT('',(12.009,1.5,20.24));
#13193=CARTESIAN_POINT('',(12.51,1.5,20.24));
#13194=CARTESIAN_POINT('Origin',(12.009,2.,20.24));
#13195=CARTESIAN_POINT('',(12.009,2.01,21.26));
#13196=CARTESIAN_POINT('',(12.009,2.,21.26));
#13197=CARTESIAN_POINT('',(12.009,2.01,20.24));
#13198=CARTESIAN_POINT('',(12.009,2.01,21.26));
#13199=CARTESIAN_POINT('',(12.009,2.,20.24));
#13200=CARTESIAN_POINT('Origin',(12.51,2.,20.24));
#13201=CARTESIAN_POINT('',(12.51,2.01,20.24));
#13202=CARTESIAN_POINT('',(12.009,2.01,20.24));
#13203=CARTESIAN_POINT('',(12.51,2.,20.24));
#13204=CARTESIAN_POINT('Origin',(12.51,2.,21.26));
#13205=CARTESIAN_POINT('',(12.51,2.01,21.26));
#13206=CARTESIAN_POINT('',(12.51,2.01,20.24));
#13207=CARTESIAN_POINT('',(12.51,2.,21.26));
#13208=CARTESIAN_POINT('Origin',(12.009,2.,21.26));
#13209=CARTESIAN_POINT('',(12.51,2.01,21.26));
#13210=CARTESIAN_POINT('Origin',(12.2595,2.01,20.75));
#13211=CARTESIAN_POINT('Origin',(12.2595,1.5,16.75));
#13212=CARTESIAN_POINT('',(12.51,1.5,17.26));
#13213=CARTESIAN_POINT('',(12.009,1.5,17.26));
#13214=CARTESIAN_POINT('',(12.51,1.5,17.26));
#13215=CARTESIAN_POINT('',(12.009,1.5,16.24));
#13216=CARTESIAN_POINT('',(12.009,1.5,17.26));
#13217=CARTESIAN_POINT('',(12.51,1.5,16.24));
#13218=CARTESIAN_POINT('',(12.009,1.5,16.24));
#13219=CARTESIAN_POINT('',(12.51,1.5,16.24));
#13220=CARTESIAN_POINT('Origin',(12.009,2.,16.24));
#13221=CARTESIAN_POINT('',(12.009,2.01,17.26));
#13222=CARTESIAN_POINT('',(12.009,2.,17.26));
#13223=CARTESIAN_POINT('',(12.009,2.01,16.24));
#13224=CARTESIAN_POINT('',(12.009,2.01,17.26));
#13225=CARTESIAN_POINT('',(12.009,2.,16.24));
#13226=CARTESIAN_POINT('Origin',(12.51,2.,16.24));
#13227=CARTESIAN_POINT('',(12.51,2.01,16.24));
#13228=CARTESIAN_POINT('',(12.009,2.01,16.24));
#13229=CARTESIAN_POINT('',(12.51,2.,16.24));
#13230=CARTESIAN_POINT('Origin',(12.51,2.,17.26));
#13231=CARTESIAN_POINT('',(12.51,2.01,17.26));
#13232=CARTESIAN_POINT('',(12.51,2.01,16.24));
#13233=CARTESIAN_POINT('',(12.51,2.,17.26));
#13234=CARTESIAN_POINT('Origin',(12.009,2.,17.26));
#13235=CARTESIAN_POINT('',(12.51,2.01,17.26));
#13236=CARTESIAN_POINT('Origin',(12.2595,2.01,16.75));
#13237=CARTESIAN_POINT('Origin',(12.2595,1.5,12.75));
#13238=CARTESIAN_POINT('',(12.51,1.5,13.26));
#13239=CARTESIAN_POINT('',(12.009,1.5,13.26));
#13240=CARTESIAN_POINT('',(12.51,1.5,13.26));
#13241=CARTESIAN_POINT('',(12.009,1.5,12.24));
#13242=CARTESIAN_POINT('',(12.009,1.5,13.26));
#13243=CARTESIAN_POINT('',(12.51,1.5,12.24));
#13244=CARTESIAN_POINT('',(12.009,1.5,12.24));
#13245=CARTESIAN_POINT('',(12.51,1.5,12.24));
#13246=CARTESIAN_POINT('Origin',(12.009,2.,12.24));
#13247=CARTESIAN_POINT('',(12.009,2.01,13.26));
#13248=CARTESIAN_POINT('',(12.009,2.,13.26));
#13249=CARTESIAN_POINT('',(12.009,2.01,12.24));
#13250=CARTESIAN_POINT('',(12.009,2.01,13.26));
#13251=CARTESIAN_POINT('',(12.009,2.,12.24));
#13252=CARTESIAN_POINT('Origin',(12.51,2.,12.24));
#13253=CARTESIAN_POINT('',(12.51,2.01,12.24));
#13254=CARTESIAN_POINT('',(12.009,2.01,12.24));
#13255=CARTESIAN_POINT('',(12.51,2.,12.24));
#13256=CARTESIAN_POINT('Origin',(12.51,2.,13.26));
#13257=CARTESIAN_POINT('',(12.51,2.01,13.26));
#13258=CARTESIAN_POINT('',(12.51,2.01,12.24));
#13259=CARTESIAN_POINT('',(12.51,2.,13.26));
#13260=CARTESIAN_POINT('Origin',(12.009,2.,13.26));
#13261=CARTESIAN_POINT('',(12.51,2.01,13.26));
#13262=CARTESIAN_POINT('Origin',(12.2595,2.01,12.75));
#13263=CARTESIAN_POINT('Origin',(7.2595,1.5,16.75));
#13264=CARTESIAN_POINT('',(7.51,1.5,17.26));
#13265=CARTESIAN_POINT('',(7.009,1.5,17.26));
#13266=CARTESIAN_POINT('',(7.51,1.5,17.26));
#13267=CARTESIAN_POINT('',(7.009,1.5,16.24));
#13268=CARTESIAN_POINT('',(7.009,1.5,17.26));
#13269=CARTESIAN_POINT('',(7.51,1.5,16.24));
#13270=CARTESIAN_POINT('',(7.009,1.5,16.24));
#13271=CARTESIAN_POINT('',(7.51,1.5,16.24));
#13272=CARTESIAN_POINT('Origin',(7.009,2.,16.24));
#13273=CARTESIAN_POINT('',(7.009,2.01,17.26));
#13274=CARTESIAN_POINT('',(7.009,2.,17.26));
#13275=CARTESIAN_POINT('',(7.009,2.01,16.24));
#13276=CARTESIAN_POINT('',(7.009,2.01,17.26));
#13277=CARTESIAN_POINT('',(7.009,2.,16.24));
#13278=CARTESIAN_POINT('Origin',(7.51,2.,16.24));
#13279=CARTESIAN_POINT('',(7.51,2.01,16.24));
#13280=CARTESIAN_POINT('',(7.009,2.01,16.24));
#13281=CARTESIAN_POINT('',(7.51,2.,16.24));
#13282=CARTESIAN_POINT('Origin',(7.51,2.,17.26));
#13283=CARTESIAN_POINT('',(7.51,2.01,17.26));
#13284=CARTESIAN_POINT('',(7.51,2.01,16.24));
#13285=CARTESIAN_POINT('',(7.51,2.,17.26));
#13286=CARTESIAN_POINT('Origin',(7.009,2.,17.26));
#13287=CARTESIAN_POINT('',(7.51,2.01,17.26));
#13288=CARTESIAN_POINT('Origin',(7.2595,2.01,16.75));
#13289=CARTESIAN_POINT('Origin',(7.2595,1.5,12.75));
#13290=CARTESIAN_POINT('',(7.51,1.5,13.26));
#13291=CARTESIAN_POINT('',(7.009,1.5,13.26));
#13292=CARTESIAN_POINT('',(7.51,1.5,13.26));
#13293=CARTESIAN_POINT('',(7.009,1.5,12.24));
#13294=CARTESIAN_POINT('',(7.009,1.5,13.26));
#13295=CARTESIAN_POINT('',(7.51,1.5,12.24));
#13296=CARTESIAN_POINT('',(7.009,1.5,12.24));
#13297=CARTESIAN_POINT('',(7.51,1.5,12.24));
#13298=CARTESIAN_POINT('Origin',(7.009,2.,12.24));
#13299=CARTESIAN_POINT('',(7.009,2.01,13.26));
#13300=CARTESIAN_POINT('',(7.009,2.,13.26));
#13301=CARTESIAN_POINT('',(7.009,2.01,12.24));
#13302=CARTESIAN_POINT('',(7.009,2.01,13.26));
#13303=CARTESIAN_POINT('',(7.009,2.,12.24));
#13304=CARTESIAN_POINT('Origin',(7.51,2.,12.24));
#13305=CARTESIAN_POINT('',(7.51,2.01,12.24));
#13306=CARTESIAN_POINT('',(7.009,2.01,12.24));
#13307=CARTESIAN_POINT('',(7.51,2.,12.24));
#13308=CARTESIAN_POINT('Origin',(7.51,2.,13.26));
#13309=CARTESIAN_POINT('',(7.51,2.01,13.26));
#13310=CARTESIAN_POINT('',(7.51,2.01,12.24));
#13311=CARTESIAN_POINT('',(7.51,2.,13.26));
#13312=CARTESIAN_POINT('Origin',(7.009,2.,13.26));
#13313=CARTESIAN_POINT('',(7.51,2.01,13.26));
#13314=CARTESIAN_POINT('Origin',(7.2595,2.01,12.75));
#13315=CARTESIAN_POINT('Origin',(7.2595,1.5,14.75));
#13316=CARTESIAN_POINT('',(7.51,1.5,15.26));
#13317=CARTESIAN_POINT('',(7.009,1.5,15.26));
#13318=CARTESIAN_POINT('',(7.51,1.5,15.26));
#13319=CARTESIAN_POINT('',(7.009,1.5,14.24));
#13320=CARTESIAN_POINT('',(7.009,1.5,15.26));
#13321=CARTESIAN_POINT('',(7.51,1.5,14.24));
#13322=CARTESIAN_POINT('',(7.009,1.5,14.24));
#13323=CARTESIAN_POINT('',(7.51,1.5,14.24));
#13324=CARTESIAN_POINT('Origin',(7.009,2.,14.24));
#13325=CARTESIAN_POINT('',(7.009,2.01,15.26));
#13326=CARTESIAN_POINT('',(7.009,2.,15.26));
#13327=CARTESIAN_POINT('',(7.009,2.01,14.24));
#13328=CARTESIAN_POINT('',(7.009,2.01,15.26));
#13329=CARTESIAN_POINT('',(7.009,2.,14.24));
#13330=CARTESIAN_POINT('Origin',(7.51,2.,14.24));
#13331=CARTESIAN_POINT('',(7.51,2.01,14.24));
#13332=CARTESIAN_POINT('',(7.009,2.01,14.24));
#13333=CARTESIAN_POINT('',(7.51,2.,14.24));
#13334=CARTESIAN_POINT('Origin',(7.51,2.,15.26));
#13335=CARTESIAN_POINT('',(7.51,2.01,15.26));
#13336=CARTESIAN_POINT('',(7.51,2.01,14.24));
#13337=CARTESIAN_POINT('',(7.51,2.,15.26));
#13338=CARTESIAN_POINT('Origin',(7.009,2.,15.26));
#13339=CARTESIAN_POINT('',(7.51,2.01,15.26));
#13340=CARTESIAN_POINT('Origin',(7.2595,2.01,14.75));
#13341=CARTESIAN_POINT('Origin',(12.2595,1.5,10.75));
#13342=CARTESIAN_POINT('',(12.51,1.5,11.26));
#13343=CARTESIAN_POINT('',(12.009,1.5,11.26));
#13344=CARTESIAN_POINT('',(12.51,1.5,11.26));
#13345=CARTESIAN_POINT('',(12.009,1.5,10.24));
#13346=CARTESIAN_POINT('',(12.009,1.5,11.26));
#13347=CARTESIAN_POINT('',(12.51,1.5,10.24));
#13348=CARTESIAN_POINT('',(12.009,1.5,10.24));
#13349=CARTESIAN_POINT('',(12.51,1.5,10.24));
#13350=CARTESIAN_POINT('Origin',(12.009,2.,10.24));
#13351=CARTESIAN_POINT('',(12.009,2.01,11.26));
#13352=CARTESIAN_POINT('',(12.009,2.,11.26));
#13353=CARTESIAN_POINT('',(12.009,2.01,10.24));
#13354=CARTESIAN_POINT('',(12.009,2.01,11.26));
#13355=CARTESIAN_POINT('',(12.009,2.,10.24));
#13356=CARTESIAN_POINT('Origin',(12.51,2.,10.24));
#13357=CARTESIAN_POINT('',(12.51,2.01,10.24));
#13358=CARTESIAN_POINT('',(12.009,2.01,10.24));
#13359=CARTESIAN_POINT('',(12.51,2.,10.24));
#13360=CARTESIAN_POINT('Origin',(12.51,2.,11.26));
#13361=CARTESIAN_POINT('',(12.51,2.01,11.26));
#13362=CARTESIAN_POINT('',(12.51,2.01,10.24));
#13363=CARTESIAN_POINT('',(12.51,2.,11.26));
#13364=CARTESIAN_POINT('Origin',(12.009,2.,11.26));
#13365=CARTESIAN_POINT('',(12.51,2.01,11.26));
#13366=CARTESIAN_POINT('Origin',(12.2595,2.01,10.75));
#13367=CARTESIAN_POINT('Origin',(12.2595,1.5,14.75));
#13368=CARTESIAN_POINT('',(12.51,1.5,15.26));
#13369=CARTESIAN_POINT('',(12.009,1.5,15.26));
#13370=CARTESIAN_POINT('',(12.51,1.5,15.26));
#13371=CARTESIAN_POINT('',(12.009,1.5,14.24));
#13372=CARTESIAN_POINT('',(12.009,1.5,15.26));
#13373=CARTESIAN_POINT('',(12.51,1.5,14.24));
#13374=CARTESIAN_POINT('',(12.009,1.5,14.24));
#13375=CARTESIAN_POINT('',(12.51,1.5,14.24));
#13376=CARTESIAN_POINT('Origin',(12.009,2.,14.24));
#13377=CARTESIAN_POINT('',(12.009,2.01,15.26));
#13378=CARTESIAN_POINT('',(12.009,2.,15.26));
#13379=CARTESIAN_POINT('',(12.009,2.01,14.24));
#13380=CARTESIAN_POINT('',(12.009,2.01,15.26));
#13381=CARTESIAN_POINT('',(12.009,2.,14.24));
#13382=CARTESIAN_POINT('Origin',(12.51,2.,14.24));
#13383=CARTESIAN_POINT('',(12.51,2.01,14.24));
#13384=CARTESIAN_POINT('',(12.009,2.01,14.24));
#13385=CARTESIAN_POINT('',(12.51,2.,14.24));
#13386=CARTESIAN_POINT('Origin',(12.51,2.,15.26));
#13387=CARTESIAN_POINT('',(12.51,2.01,15.26));
#13388=CARTESIAN_POINT('',(12.51,2.01,14.24));
#13389=CARTESIAN_POINT('',(12.51,2.,15.26));
#13390=CARTESIAN_POINT('Origin',(12.009,2.,15.26));
#13391=CARTESIAN_POINT('',(12.51,2.01,15.26));
#13392=CARTESIAN_POINT('Origin',(12.2595,2.01,14.75));
#13393=CARTESIAN_POINT('Origin',(12.2595,1.5,18.75));
#13394=CARTESIAN_POINT('',(12.51,1.5,19.26));
#13395=CARTESIAN_POINT('',(12.009,1.5,19.26));
#13396=CARTESIAN_POINT('',(12.51,1.5,19.26));
#13397=CARTESIAN_POINT('',(12.009,1.5,18.24));
#13398=CARTESIAN_POINT('',(12.009,1.5,19.26));
#13399=CARTESIAN_POINT('',(12.51,1.5,18.24));
#13400=CARTESIAN_POINT('',(12.009,1.5,18.24));
#13401=CARTESIAN_POINT('',(12.51,1.5,18.24));
#13402=CARTESIAN_POINT('Origin',(12.009,2.,18.24));
#13403=CARTESIAN_POINT('',(12.009,2.01,19.26));
#13404=CARTESIAN_POINT('',(12.009,2.,19.26));
#13405=CARTESIAN_POINT('',(12.009,2.01,18.24));
#13406=CARTESIAN_POINT('',(12.009,2.01,19.26));
#13407=CARTESIAN_POINT('',(12.009,2.,18.24));
#13408=CARTESIAN_POINT('Origin',(12.51,2.,18.24));
#13409=CARTESIAN_POINT('',(12.51,2.01,18.24));
#13410=CARTESIAN_POINT('',(12.009,2.01,18.24));
#13411=CARTESIAN_POINT('',(12.51,2.,18.24));
#13412=CARTESIAN_POINT('Origin',(12.51,2.,19.26));
#13413=CARTESIAN_POINT('',(12.51,2.01,19.26));
#13414=CARTESIAN_POINT('',(12.51,2.01,18.24));
#13415=CARTESIAN_POINT('',(12.51,2.,19.26));
#13416=CARTESIAN_POINT('Origin',(12.009,2.,19.26));
#13417=CARTESIAN_POINT('',(12.51,2.01,19.26));
#13418=CARTESIAN_POINT('Origin',(12.2595,2.01,18.75));
#13419=CARTESIAN_POINT('Origin',(12.2595,1.5,22.75));
#13420=CARTESIAN_POINT('',(12.51,1.5,23.26));
#13421=CARTESIAN_POINT('',(12.009,1.5,23.26));
#13422=CARTESIAN_POINT('',(12.51,1.5,23.26));
#13423=CARTESIAN_POINT('',(12.009,1.5,22.24));
#13424=CARTESIAN_POINT('',(12.009,1.5,23.26));
#13425=CARTESIAN_POINT('',(12.51,1.5,22.24));
#13426=CARTESIAN_POINT('',(12.009,1.5,22.24));
#13427=CARTESIAN_POINT('',(12.51,1.5,22.24));
#13428=CARTESIAN_POINT('Origin',(12.009,2.,22.24));
#13429=CARTESIAN_POINT('',(12.009,2.01,23.26));
#13430=CARTESIAN_POINT('',(12.009,2.,23.26));
#13431=CARTESIAN_POINT('',(12.009,2.01,22.24));
#13432=CARTESIAN_POINT('',(12.009,2.01,23.26));
#13433=CARTESIAN_POINT('',(12.009,2.,22.24));
#13434=CARTESIAN_POINT('Origin',(12.51,2.,22.24));
#13435=CARTESIAN_POINT('',(12.51,2.01,22.24));
#13436=CARTESIAN_POINT('',(12.009,2.01,22.24));
#13437=CARTESIAN_POINT('',(12.51,2.,22.24));
#13438=CARTESIAN_POINT('Origin',(12.51,2.,23.26));
#13439=CARTESIAN_POINT('',(12.51,2.01,23.26));
#13440=CARTESIAN_POINT('',(12.51,2.01,22.24));
#13441=CARTESIAN_POINT('',(12.51,2.,23.26));
#13442=CARTESIAN_POINT('Origin',(12.009,2.,23.26));
#13443=CARTESIAN_POINT('',(12.51,2.01,23.26));
#13444=CARTESIAN_POINT('Origin',(12.2595,2.01,22.75));
#13445=CARTESIAN_POINT('Origin',(29.66,1.5,5.2405));
#13446=CARTESIAN_POINT('',(30.17,1.5,5.491));
#13447=CARTESIAN_POINT('',(29.15,1.5,5.491));
#13448=CARTESIAN_POINT('',(30.17,1.5,5.491));
#13449=CARTESIAN_POINT('',(29.15,1.5,4.99));
#13450=CARTESIAN_POINT('',(29.15,1.5,5.491));
#13451=CARTESIAN_POINT('',(30.17,1.5,4.99));
#13452=CARTESIAN_POINT('',(29.15,1.5,4.99));
#13453=CARTESIAN_POINT('',(30.17,1.5,4.99));
#13454=CARTESIAN_POINT('Origin',(29.15,2.,4.99));
#13455=CARTESIAN_POINT('',(29.15,2.01,5.491));
#13456=CARTESIAN_POINT('',(29.15,2.,5.491));
#13457=CARTESIAN_POINT('',(29.15,2.01,4.99));
#13458=CARTESIAN_POINT('',(29.15,2.01,5.491));
#13459=CARTESIAN_POINT('',(29.15,2.,4.99));
#13460=CARTESIAN_POINT('Origin',(30.17,2.,4.99));
#13461=CARTESIAN_POINT('',(30.17,2.01,4.99));
#13462=CARTESIAN_POINT('',(29.15,2.01,4.99));
#13463=CARTESIAN_POINT('',(30.17,2.,4.99));
#13464=CARTESIAN_POINT('Origin',(30.17,2.,5.491));
#13465=CARTESIAN_POINT('',(30.17,2.01,5.491));
#13466=CARTESIAN_POINT('',(30.17,2.01,4.99));
#13467=CARTESIAN_POINT('',(30.17,2.,5.491));
#13468=CARTESIAN_POINT('Origin',(29.15,2.,5.491));
#13469=CARTESIAN_POINT('',(30.17,2.01,5.491));
#13470=CARTESIAN_POINT('Origin',(29.66,2.01,5.2405));
#13471=CARTESIAN_POINT('Origin',(18.9005,1.5,7.5));
#13472=CARTESIAN_POINT('',(19.151,1.5,8.01));
#13473=CARTESIAN_POINT('',(18.65,1.5,8.01));
#13474=CARTESIAN_POINT('',(19.151,1.5,8.01));
#13475=CARTESIAN_POINT('',(18.65,1.5,6.99));
#13476=CARTESIAN_POINT('',(18.65,1.5,8.01));
#13477=CARTESIAN_POINT('',(19.151,1.5,6.99));
#13478=CARTESIAN_POINT('',(18.65,1.5,6.99));
#13479=CARTESIAN_POINT('',(19.151,1.5,6.99));
#13480=CARTESIAN_POINT('Origin',(18.65,2.,6.99));
#13481=CARTESIAN_POINT('',(18.65,2.01,8.01));
#13482=CARTESIAN_POINT('',(18.65,2.,8.01));
#13483=CARTESIAN_POINT('',(18.65,2.01,6.99));
#13484=CARTESIAN_POINT('',(18.65,2.01,8.01));
#13485=CARTESIAN_POINT('',(18.65,2.,6.99));
#13486=CARTESIAN_POINT('Origin',(19.151,2.,6.99));
#13487=CARTESIAN_POINT('',(19.151,2.01,6.99));
#13488=CARTESIAN_POINT('',(18.65,2.01,6.99));
#13489=CARTESIAN_POINT('',(19.151,2.,6.99));
#13490=CARTESIAN_POINT('Origin',(19.151,2.,8.01));
#13491=CARTESIAN_POINT('',(19.151,2.01,8.01));
#13492=CARTESIAN_POINT('',(19.151,2.01,6.99));
#13493=CARTESIAN_POINT('',(19.151,2.,8.01));
#13494=CARTESIAN_POINT('Origin',(18.65,2.,8.01));
#13495=CARTESIAN_POINT('',(19.151,2.01,8.01));
#13496=CARTESIAN_POINT('Origin',(18.9005,2.01,7.5));
#13497=CARTESIAN_POINT('Origin',(20.9195,1.5,5.));
#13498=CARTESIAN_POINT('',(21.17,1.5,5.51));
#13499=CARTESIAN_POINT('',(20.669,1.5,5.51));
#13500=CARTESIAN_POINT('',(21.17,1.5,5.51));
#13501=CARTESIAN_POINT('',(20.669,1.5,4.49));
#13502=CARTESIAN_POINT('',(20.669,1.5,5.51));
#13503=CARTESIAN_POINT('',(21.17,1.5,4.49));
#13504=CARTESIAN_POINT('',(20.669,1.5,4.49));
#13505=CARTESIAN_POINT('',(21.17,1.5,4.49));
#13506=CARTESIAN_POINT('Origin',(20.669,2.,4.49));
#13507=CARTESIAN_POINT('',(20.669,2.01,5.51));
#13508=CARTESIAN_POINT('',(20.669,2.,5.51));
#13509=CARTESIAN_POINT('',(20.669,2.01,4.49));
#13510=CARTESIAN_POINT('',(20.669,2.01,5.51));
#13511=CARTESIAN_POINT('',(20.669,2.,4.49));
#13512=CARTESIAN_POINT('Origin',(21.17,2.,4.49));
#13513=CARTESIAN_POINT('',(21.17,2.01,4.49));
#13514=CARTESIAN_POINT('',(20.669,2.01,4.49));
#13515=CARTESIAN_POINT('',(21.17,2.,4.49));
#13516=CARTESIAN_POINT('Origin',(21.17,2.,5.51));
#13517=CARTESIAN_POINT('',(21.17,2.01,5.51));
#13518=CARTESIAN_POINT('',(21.17,2.01,4.49));
#13519=CARTESIAN_POINT('',(21.17,2.,5.51));
#13520=CARTESIAN_POINT('Origin',(20.669,2.,5.51));
#13521=CARTESIAN_POINT('',(21.17,2.01,5.51));
#13522=CARTESIAN_POINT('Origin',(20.9195,2.01,5.));
#13523=CARTESIAN_POINT('Origin',(15.4005,1.5,5.));
#13524=CARTESIAN_POINT('',(15.651,1.5,5.51));
#13525=CARTESIAN_POINT('',(15.15,1.5,5.51));
#13526=CARTESIAN_POINT('',(15.651,1.5,5.51));
#13527=CARTESIAN_POINT('',(15.15,1.5,4.49));
#13528=CARTESIAN_POINT('',(15.15,1.5,5.51));
#13529=CARTESIAN_POINT('',(15.651,1.5,4.49));
#13530=CARTESIAN_POINT('',(15.15,1.5,4.49));
#13531=CARTESIAN_POINT('',(15.651,1.5,4.49));
#13532=CARTESIAN_POINT('Origin',(15.15,2.,4.49));
#13533=CARTESIAN_POINT('',(15.15,2.01,5.51));
#13534=CARTESIAN_POINT('',(15.15,2.,5.51));
#13535=CARTESIAN_POINT('',(15.15,2.01,4.49));
#13536=CARTESIAN_POINT('',(15.15,2.01,5.51));
#13537=CARTESIAN_POINT('',(15.15,2.,4.49));
#13538=CARTESIAN_POINT('Origin',(15.651,2.,4.49));
#13539=CARTESIAN_POINT('',(15.651,2.01,4.49));
#13540=CARTESIAN_POINT('',(15.15,2.01,4.49));
#13541=CARTESIAN_POINT('',(15.651,2.,4.49));
#13542=CARTESIAN_POINT('Origin',(15.651,2.,5.51));
#13543=CARTESIAN_POINT('',(15.651,2.01,5.51));
#13544=CARTESIAN_POINT('',(15.651,2.01,4.49));
#13545=CARTESIAN_POINT('',(15.651,2.,5.51));
#13546=CARTESIAN_POINT('Origin',(15.15,2.,5.51));
#13547=CARTESIAN_POINT('',(15.651,2.01,5.51));
#13548=CARTESIAN_POINT('Origin',(15.4005,2.01,5.));
#13549=CARTESIAN_POINT('Origin',(17.4195,1.5,7.5));
#13550=CARTESIAN_POINT('',(17.67,1.5,8.01));
#13551=CARTESIAN_POINT('',(17.169,1.5,8.01));
#13552=CARTESIAN_POINT('',(17.67,1.5,8.01));
#13553=CARTESIAN_POINT('',(17.169,1.5,6.99));
#13554=CARTESIAN_POINT('',(17.169,1.5,8.01));
#13555=CARTESIAN_POINT('',(17.67,1.5,6.99));
#13556=CARTESIAN_POINT('',(17.169,1.5,6.99));
#13557=CARTESIAN_POINT('',(17.67,1.5,6.99));
#13558=CARTESIAN_POINT('Origin',(17.169,2.,6.99));
#13559=CARTESIAN_POINT('',(17.169,2.01,8.01));
#13560=CARTESIAN_POINT('',(17.169,2.,8.01));
#13561=CARTESIAN_POINT('',(17.169,2.01,6.99));
#13562=CARTESIAN_POINT('',(17.169,2.01,8.01));
#13563=CARTESIAN_POINT('',(17.169,2.,6.99));
#13564=CARTESIAN_POINT('Origin',(17.67,2.,6.99));
#13565=CARTESIAN_POINT('',(17.67,2.01,6.99));
#13566=CARTESIAN_POINT('',(17.169,2.01,6.99));
#13567=CARTESIAN_POINT('',(17.67,2.,6.99));
#13568=CARTESIAN_POINT('Origin',(17.67,2.,8.01));
#13569=CARTESIAN_POINT('',(17.67,2.01,8.01));
#13570=CARTESIAN_POINT('',(17.67,2.01,6.99));
#13571=CARTESIAN_POINT('',(17.67,2.,8.01));
#13572=CARTESIAN_POINT('Origin',(17.169,2.,8.01));
#13573=CARTESIAN_POINT('',(17.67,2.01,8.01));
#13574=CARTESIAN_POINT('Origin',(17.4195,2.01,7.5));
#13575=CARTESIAN_POINT('Origin',(25.66,1.5,5.2455));
#13576=CARTESIAN_POINT('',(25.16,1.5,5.));
#13577=CARTESIAN_POINT('',(26.16,1.5,5.));
#13578=CARTESIAN_POINT('',(26.16,1.5,5.));
#13579=CARTESIAN_POINT('',(26.16,1.5,5.491));
#13580=CARTESIAN_POINT('',(26.16,1.5,7.5));
#13581=CARTESIAN_POINT('',(25.16,1.5,5.491));
#13582=CARTESIAN_POINT('',(26.17,1.5,5.491));
#13583=CARTESIAN_POINT('',(25.16,1.5,5.));
#13584=CARTESIAN_POINT('Origin',(26.16,2.,5.491));
#13585=CARTESIAN_POINT('',(26.16,2.01,5.));
#13586=CARTESIAN_POINT('',(26.16,2.,5.));
#13587=CARTESIAN_POINT('',(26.16,2.01,5.491));
#13588=CARTESIAN_POINT('',(26.16,2.01,7.5));
#13589=CARTESIAN_POINT('',(26.16,2.,5.491));
#13590=CARTESIAN_POINT('Origin',(25.16,2.,5.491));
#13591=CARTESIAN_POINT('',(25.16,2.01,5.491));
#13592=CARTESIAN_POINT('',(26.17,2.01,5.491));
#13593=CARTESIAN_POINT('',(25.16,2.,5.491));
#13594=CARTESIAN_POINT('Origin',(25.16,2.,5.));
#13595=CARTESIAN_POINT('',(25.16,2.01,5.));
#13596=CARTESIAN_POINT('',(25.16,2.01,5.));
#13597=CARTESIAN_POINT('',(25.16,2.,5.));
#13598=CARTESIAN_POINT('Origin',(26.16,2.,5.));
#13599=CARTESIAN_POINT('',(26.16,2.01,5.));
#13600=CARTESIAN_POINT('Origin',(25.66,2.01,5.2455));
#13601=CARTESIAN_POINT('Origin',(27.66,1.5,7.2595));
#13602=CARTESIAN_POINT('',(27.15,1.5,7.009));
#13603=CARTESIAN_POINT('',(28.17,1.5,7.009));
#13604=CARTESIAN_POINT('',(27.15,1.5,7.009));
#13605=CARTESIAN_POINT('',(28.17,1.5,7.51));
#13606=CARTESIAN_POINT('',(28.17,1.5,7.009));
#13607=CARTESIAN_POINT('',(27.15,1.5,7.51));
#13608=CARTESIAN_POINT('',(28.17,1.5,7.51));
#13609=CARTESIAN_POINT('',(27.15,1.5,7.51));
#13610=CARTESIAN_POINT('Origin',(28.17,2.,7.51));
#13611=CARTESIAN_POINT('',(28.17,2.01,7.009));
#13612=CARTESIAN_POINT('',(28.17,2.,7.009));
#13613=CARTESIAN_POINT('',(28.17,2.01,7.51));
#13614=CARTESIAN_POINT('',(28.17,2.01,7.009));
#13615=CARTESIAN_POINT('',(28.17,2.,7.51));
#13616=CARTESIAN_POINT('Origin',(27.15,2.,7.51));
#13617=CARTESIAN_POINT('',(27.15,2.01,7.51));
#13618=CARTESIAN_POINT('',(28.17,2.01,7.51));
#13619=CARTESIAN_POINT('',(27.15,2.,7.51));
#13620=CARTESIAN_POINT('Origin',(27.15,2.,7.009));
#13621=CARTESIAN_POINT('',(27.15,2.01,7.009));
#13622=CARTESIAN_POINT('',(27.15,2.01,7.51));
#13623=CARTESIAN_POINT('',(27.15,2.,7.009));
#13624=CARTESIAN_POINT('Origin',(28.17,2.,7.009));
#13625=CARTESIAN_POINT('',(27.15,2.01,7.009));
#13626=CARTESIAN_POINT('Origin',(27.66,2.01,7.2595));
#13627=CARTESIAN_POINT('Origin',(27.66,1.5,5.2405));
#13628=CARTESIAN_POINT('',(28.17,1.5,5.491));
#13629=CARTESIAN_POINT('',(27.15,1.5,5.491));
#13630=CARTESIAN_POINT('',(28.17,1.5,5.491));
#13631=CARTESIAN_POINT('',(27.15,1.5,4.99));
#13632=CARTESIAN_POINT('',(27.15,1.5,5.491));
#13633=CARTESIAN_POINT('',(28.17,1.5,4.99));
#13634=CARTESIAN_POINT('',(27.15,1.5,4.99));
#13635=CARTESIAN_POINT('',(28.17,1.5,4.99));
#13636=CARTESIAN_POINT('Origin',(27.15,2.,4.99));
#13637=CARTESIAN_POINT('',(27.15,2.01,5.491));
#13638=CARTESIAN_POINT('',(27.15,2.,5.491));
#13639=CARTESIAN_POINT('',(27.15,2.01,4.99));
#13640=CARTESIAN_POINT('',(27.15,2.01,5.491));
#13641=CARTESIAN_POINT('',(27.15,2.,4.99));
#13642=CARTESIAN_POINT('Origin',(28.17,2.,4.99));
#13643=CARTESIAN_POINT('',(28.17,2.01,4.99));
#13644=CARTESIAN_POINT('',(27.15,2.01,4.99));
#13645=CARTESIAN_POINT('',(28.17,2.,4.99));
#13646=CARTESIAN_POINT('Origin',(28.17,2.,5.491));
#13647=CARTESIAN_POINT('',(28.17,2.01,5.491));
#13648=CARTESIAN_POINT('',(28.17,2.01,4.99));
#13649=CARTESIAN_POINT('',(28.17,2.,5.491));
#13650=CARTESIAN_POINT('Origin',(27.15,2.,5.491));
#13651=CARTESIAN_POINT('',(28.17,2.01,5.491));
#13652=CARTESIAN_POINT('Origin',(27.66,2.01,5.2405));
#13653=CARTESIAN_POINT('Origin',(15.4005,1.5,7.5));
#13654=CARTESIAN_POINT('',(15.651,1.5,8.01));
#13655=CARTESIAN_POINT('',(15.15,1.5,8.01));
#13656=CARTESIAN_POINT('',(15.651,1.5,8.01));
#13657=CARTESIAN_POINT('',(15.15,1.5,6.99));
#13658=CARTESIAN_POINT('',(15.15,1.5,8.01));
#13659=CARTESIAN_POINT('',(15.651,1.5,6.99));
#13660=CARTESIAN_POINT('',(15.15,1.5,6.99));
#13661=CARTESIAN_POINT('',(15.651,1.5,6.99));
#13662=CARTESIAN_POINT('Origin',(15.15,2.,6.99));
#13663=CARTESIAN_POINT('',(15.15,2.01,8.01));
#13664=CARTESIAN_POINT('',(15.15,2.,8.01));
#13665=CARTESIAN_POINT('',(15.15,2.01,6.99));
#13666=CARTESIAN_POINT('',(15.15,2.01,8.01));
#13667=CARTESIAN_POINT('',(15.15,2.,6.99));
#13668=CARTESIAN_POINT('Origin',(15.651,2.,6.99));
#13669=CARTESIAN_POINT('',(15.651,2.01,6.99));
#13670=CARTESIAN_POINT('',(15.15,2.01,6.99));
#13671=CARTESIAN_POINT('',(15.651,2.,6.99));
#13672=CARTESIAN_POINT('Origin',(15.651,2.,8.01));
#13673=CARTESIAN_POINT('',(15.651,2.01,8.01));
#13674=CARTESIAN_POINT('',(15.651,2.01,6.99));
#13675=CARTESIAN_POINT('',(15.651,2.,8.01));
#13676=CARTESIAN_POINT('Origin',(15.15,2.,8.01));
#13677=CARTESIAN_POINT('',(15.651,2.01,8.01));
#13678=CARTESIAN_POINT('Origin',(15.4005,2.01,7.5));
#13679=CARTESIAN_POINT('Origin',(18.9005,1.5,5.));
#13680=CARTESIAN_POINT('',(19.151,1.5,5.51));
#13681=CARTESIAN_POINT('',(18.65,1.5,5.51));
#13682=CARTESIAN_POINT('',(19.151,1.5,5.51));
#13683=CARTESIAN_POINT('',(18.65,1.5,4.49));
#13684=CARTESIAN_POINT('',(18.65,1.5,5.51));
#13685=CARTESIAN_POINT('',(19.151,1.5,4.49));
#13686=CARTESIAN_POINT('',(18.65,1.5,4.49));
#13687=CARTESIAN_POINT('',(19.151,1.5,4.49));
#13688=CARTESIAN_POINT('Origin',(18.65,2.,4.49));
#13689=CARTESIAN_POINT('',(18.65,2.01,5.51));
#13690=CARTESIAN_POINT('',(18.65,2.,5.51));
#13691=CARTESIAN_POINT('',(18.65,2.01,4.49));
#13692=CARTESIAN_POINT('',(18.65,2.01,5.51));
#13693=CARTESIAN_POINT('',(18.65,2.,4.49));
#13694=CARTESIAN_POINT('Origin',(19.151,2.,4.49));
#13695=CARTESIAN_POINT('',(19.151,2.01,4.49));
#13696=CARTESIAN_POINT('',(18.65,2.01,4.49));
#13697=CARTESIAN_POINT('',(19.151,2.,4.49));
#13698=CARTESIAN_POINT('Origin',(19.151,2.,5.51));
#13699=CARTESIAN_POINT('',(19.151,2.01,5.51));
#13700=CARTESIAN_POINT('',(19.151,2.01,4.49));
#13701=CARTESIAN_POINT('',(19.151,2.,5.51));
#13702=CARTESIAN_POINT('Origin',(18.65,2.,5.51));
#13703=CARTESIAN_POINT('',(19.151,2.01,5.51));
#13704=CARTESIAN_POINT('Origin',(18.9005,2.01,5.));
#13705=CARTESIAN_POINT('Origin',(17.4195,1.5,5.));
#13706=CARTESIAN_POINT('',(17.67,1.5,5.51));
#13707=CARTESIAN_POINT('',(17.169,1.5,5.51));
#13708=CARTESIAN_POINT('',(17.67,1.5,5.51));
#13709=CARTESIAN_POINT('',(17.169,1.5,4.49));
#13710=CARTESIAN_POINT('',(17.169,1.5,5.51));
#13711=CARTESIAN_POINT('',(17.67,1.5,4.49));
#13712=CARTESIAN_POINT('',(17.169,1.5,4.49));
#13713=CARTESIAN_POINT('',(17.67,1.5,4.49));
#13714=CARTESIAN_POINT('Origin',(17.169,2.,4.49));
#13715=CARTESIAN_POINT('',(17.169,2.01,5.51));
#13716=CARTESIAN_POINT('',(17.169,2.,5.51));
#13717=CARTESIAN_POINT('',(17.169,2.01,4.49));
#13718=CARTESIAN_POINT('',(17.169,2.01,5.51));
#13719=CARTESIAN_POINT('',(17.169,2.,4.49));
#13720=CARTESIAN_POINT('Origin',(17.67,2.,4.49));
#13721=CARTESIAN_POINT('',(17.67,2.01,4.49));
#13722=CARTESIAN_POINT('',(17.169,2.01,4.49));
#13723=CARTESIAN_POINT('',(17.67,2.,4.49));
#13724=CARTESIAN_POINT('Origin',(17.67,2.,5.51));
#13725=CARTESIAN_POINT('',(17.67,2.01,5.51));
#13726=CARTESIAN_POINT('',(17.67,2.01,4.49));
#13727=CARTESIAN_POINT('',(17.67,2.,5.51));
#13728=CARTESIAN_POINT('Origin',(17.169,2.,5.51));
#13729=CARTESIAN_POINT('',(17.67,2.01,5.51));
#13730=CARTESIAN_POINT('Origin',(17.4195,2.01,5.));
#13731=CARTESIAN_POINT('Origin',(20.9195,1.5,7.5));
#13732=CARTESIAN_POINT('',(21.17,1.5,8.01));
#13733=CARTESIAN_POINT('',(20.669,1.5,8.01));
#13734=CARTESIAN_POINT('',(21.17,1.5,8.01));
#13735=CARTESIAN_POINT('',(20.669,1.5,6.99));
#13736=CARTESIAN_POINT('',(20.669,1.5,8.01));
#13737=CARTESIAN_POINT('',(21.17,1.5,6.99));
#13738=CARTESIAN_POINT('',(20.669,1.5,6.99));
#13739=CARTESIAN_POINT('',(21.17,1.5,6.99));
#13740=CARTESIAN_POINT('Origin',(20.669,2.,6.99));
#13741=CARTESIAN_POINT('',(20.669,2.01,8.01));
#13742=CARTESIAN_POINT('',(20.669,2.,8.01));
#13743=CARTESIAN_POINT('',(20.669,2.01,6.99));
#13744=CARTESIAN_POINT('',(20.669,2.01,8.01));
#13745=CARTESIAN_POINT('',(20.669,2.,6.99));
#13746=CARTESIAN_POINT('Origin',(21.17,2.,6.99));
#13747=CARTESIAN_POINT('',(21.17,2.01,6.99));
#13748=CARTESIAN_POINT('',(20.669,2.01,6.99));
#13749=CARTESIAN_POINT('',(21.17,2.,6.99));
#13750=CARTESIAN_POINT('Origin',(21.17,2.,8.01));
#13751=CARTESIAN_POINT('',(21.17,2.01,8.01));
#13752=CARTESIAN_POINT('',(21.17,2.01,6.99));
#13753=CARTESIAN_POINT('',(21.17,2.,8.01));
#13754=CARTESIAN_POINT('Origin',(20.669,2.,8.01));
#13755=CARTESIAN_POINT('',(21.17,2.01,8.01));
#13756=CARTESIAN_POINT('Origin',(20.9195,2.01,7.5));
#13757=CARTESIAN_POINT('Origin',(25.66,1.5,7.2545));
#13758=CARTESIAN_POINT('',(25.16,1.5,7.5));
#13759=CARTESIAN_POINT('',(25.16,1.5,7.009));
#13760=CARTESIAN_POINT('',(25.16,1.5,5.));
#13761=CARTESIAN_POINT('',(26.16,1.5,7.009));
#13762=CARTESIAN_POINT('',(25.15,1.5,7.009));
#13763=CARTESIAN_POINT('',(26.16,1.5,7.5));
#13764=CARTESIAN_POINT('',(26.16,1.5,7.5));
#13765=CARTESIAN_POINT('',(25.16,1.5,7.5));
#13766=CARTESIAN_POINT('Origin',(26.16,2.,7.009));
#13767=CARTESIAN_POINT('',(25.16,2.01,7.009));
#13768=CARTESIAN_POINT('',(25.16,2.,7.009));
#13769=CARTESIAN_POINT('',(26.16,2.01,7.009));
#13770=CARTESIAN_POINT('',(25.15,2.01,7.009));
#13771=CARTESIAN_POINT('',(26.16,2.,7.009));
#13772=CARTESIAN_POINT('Origin',(26.16,2.,7.5));
#13773=CARTESIAN_POINT('',(26.16,2.01,7.5));
#13774=CARTESIAN_POINT('',(26.16,2.01,7.5));
#13775=CARTESIAN_POINT('',(26.16,2.,7.5));
#13776=CARTESIAN_POINT('Origin',(25.16,2.,7.5));
#13777=CARTESIAN_POINT('',(25.16,2.01,7.5));
#13778=CARTESIAN_POINT('',(25.16,2.01,7.5));
#13779=CARTESIAN_POINT('',(25.16,2.,7.5));
#13780=CARTESIAN_POINT('Origin',(25.16,2.,7.009));
#13781=CARTESIAN_POINT('',(25.16,2.01,5.));
#13782=CARTESIAN_POINT('Origin',(25.66,2.01,7.2545));
#13783=CARTESIAN_POINT('Origin',(29.66,1.5,7.2595));
#13784=CARTESIAN_POINT('',(29.15,1.5,7.009));
#13785=CARTESIAN_POINT('',(30.17,1.5,7.009));
#13786=CARTESIAN_POINT('',(29.15,1.5,7.009));
#13787=CARTESIAN_POINT('',(30.17,1.5,7.51));
#13788=CARTESIAN_POINT('',(30.17,1.5,7.009));
#13789=CARTESIAN_POINT('',(29.15,1.5,7.51));
#13790=CARTESIAN_POINT('',(30.17,1.5,7.51));
#13791=CARTESIAN_POINT('',(29.15,1.5,7.51));
#13792=CARTESIAN_POINT('Origin',(30.17,2.,7.51));
#13793=CARTESIAN_POINT('',(30.17,2.01,7.009));
#13794=CARTESIAN_POINT('',(30.17,2.,7.009));
#13795=CARTESIAN_POINT('',(30.17,2.01,7.51));
#13796=CARTESIAN_POINT('',(30.17,2.01,7.009));
#13797=CARTESIAN_POINT('',(30.17,2.,7.51));
#13798=CARTESIAN_POINT('Origin',(29.15,2.,7.51));
#13799=CARTESIAN_POINT('',(29.15,2.01,7.51));
#13800=CARTESIAN_POINT('',(30.17,2.01,7.51));
#13801=CARTESIAN_POINT('',(29.15,2.,7.51));
#13802=CARTESIAN_POINT('Origin',(29.15,2.,7.009));
#13803=CARTESIAN_POINT('',(29.15,2.01,7.009));
#13804=CARTESIAN_POINT('',(29.15,2.01,7.51));
#13805=CARTESIAN_POINT('',(29.15,2.,7.009));
#13806=CARTESIAN_POINT('Origin',(30.17,2.,7.009));
#13807=CARTESIAN_POINT('',(29.15,2.01,7.009));
#13808=CARTESIAN_POINT('Origin',(29.66,2.01,7.2595));
#13809=CARTESIAN_POINT('Origin',(25.05,1.5,17.4355));
#13810=CARTESIAN_POINT('',(25.3,1.5,17.24));
#13811=CARTESIAN_POINT('',(25.3,1.5,17.631));
#13812=CARTESIAN_POINT('',(25.3,1.5,18.74));
#13813=CARTESIAN_POINT('',(24.8,1.5,17.631));
#13814=CARTESIAN_POINT('',(25.31,1.5,17.631));
#13815=CARTESIAN_POINT('',(24.8,1.5,17.24));
#13816=CARTESIAN_POINT('',(24.8,1.5,17.24));
#13817=CARTESIAN_POINT('',(25.3,1.5,17.24));
#13818=CARTESIAN_POINT('Origin',(24.8,1.75,17.631));
#13819=CARTESIAN_POINT('',(25.3,1.76,17.631));
#13820=CARTESIAN_POINT('',(25.3,1.75,17.631));
#13821=CARTESIAN_POINT('',(24.8,1.76,17.631));
#13822=CARTESIAN_POINT('',(25.31,1.76,17.631));
#13823=CARTESIAN_POINT('',(24.8,1.75,17.631));
#13824=CARTESIAN_POINT('Origin',(24.8,1.75,17.24));
#13825=CARTESIAN_POINT('',(24.8,1.76,17.24));
#13826=CARTESIAN_POINT('',(24.8,1.76,17.24));
#13827=CARTESIAN_POINT('',(24.8,1.75,17.24));
#13828=CARTESIAN_POINT('Origin',(25.3,1.75,17.24));
#13829=CARTESIAN_POINT('',(25.3,1.76,17.24));
#13830=CARTESIAN_POINT('',(25.3,1.76,17.24));
#13831=CARTESIAN_POINT('',(25.3,1.75,17.24));
#13832=CARTESIAN_POINT('Origin',(25.3,1.75,17.631));
#13833=CARTESIAN_POINT('',(25.3,1.76,18.74));
#13834=CARTESIAN_POINT('Origin',(25.05,1.76,17.4355));
#13835=CARTESIAN_POINT('Origin',(26.1095,1.5,15.49));
#13836=CARTESIAN_POINT('',(26.31,1.5,15.75));
#13837=CARTESIAN_POINT('',(25.909,1.5,15.75));
#13838=CARTESIAN_POINT('',(26.31,1.5,15.75));
#13839=CARTESIAN_POINT('',(25.909,1.5,15.23));
#13840=CARTESIAN_POINT('',(25.909,1.5,15.75));
#13841=CARTESIAN_POINT('',(26.31,1.5,15.23));
#13842=CARTESIAN_POINT('',(25.909,1.5,15.23));
#13843=CARTESIAN_POINT('',(26.31,1.5,15.23));
#13844=CARTESIAN_POINT('Origin',(25.909,1.75,15.23));
#13845=CARTESIAN_POINT('',(25.909,1.76,15.75));
#13846=CARTESIAN_POINT('',(25.909,1.75,15.75));
#13847=CARTESIAN_POINT('',(25.909,1.76,15.23));
#13848=CARTESIAN_POINT('',(25.909,1.76,15.75));
#13849=CARTESIAN_POINT('',(25.909,1.75,15.23));
#13850=CARTESIAN_POINT('Origin',(26.31,1.75,15.23));
#13851=CARTESIAN_POINT('',(26.31,1.76,15.23));
#13852=CARTESIAN_POINT('',(25.909,1.76,15.23));
#13853=CARTESIAN_POINT('',(26.31,1.75,15.23));
#13854=CARTESIAN_POINT('Origin',(26.31,1.75,15.75));
#13855=CARTESIAN_POINT('',(26.31,1.76,15.75));
#13856=CARTESIAN_POINT('',(26.31,1.76,15.23));
#13857=CARTESIAN_POINT('',(26.31,1.75,15.75));
#13858=CARTESIAN_POINT('Origin',(25.909,1.75,15.75));
#13859=CARTESIAN_POINT('',(26.31,1.76,15.75));
#13860=CARTESIAN_POINT('Origin',(26.1095,1.76,15.49));
#13861=CARTESIAN_POINT('Origin',(26.1095,1.5,16.49));
#13862=CARTESIAN_POINT('',(26.31,1.5,16.75));
#13863=CARTESIAN_POINT('',(25.909,1.5,16.75));
#13864=CARTESIAN_POINT('',(26.31,1.5,16.75));
#13865=CARTESIAN_POINT('',(25.909,1.5,16.23));
#13866=CARTESIAN_POINT('',(25.909,1.5,16.75));
#13867=CARTESIAN_POINT('',(26.31,1.5,16.23));
#13868=CARTESIAN_POINT('',(25.909,1.5,16.23));
#13869=CARTESIAN_POINT('',(26.31,1.5,16.23));
#13870=CARTESIAN_POINT('Origin',(25.909,1.75,16.23));
#13871=CARTESIAN_POINT('',(25.909,1.76,16.75));
#13872=CARTESIAN_POINT('',(25.909,1.75,16.75));
#13873=CARTESIAN_POINT('',(25.909,1.76,16.23));
#13874=CARTESIAN_POINT('',(25.909,1.76,16.75));
#13875=CARTESIAN_POINT('',(25.909,1.75,16.23));
#13876=CARTESIAN_POINT('Origin',(26.31,1.75,16.23));
#13877=CARTESIAN_POINT('',(26.31,1.76,16.23));
#13878=CARTESIAN_POINT('',(25.909,1.76,16.23));
#13879=CARTESIAN_POINT('',(26.31,1.75,16.23));
#13880=CARTESIAN_POINT('Origin',(26.31,1.75,16.75));
#13881=CARTESIAN_POINT('',(26.31,1.76,16.75));
#13882=CARTESIAN_POINT('',(26.31,1.76,16.23));
#13883=CARTESIAN_POINT('',(26.31,1.75,16.75));
#13884=CARTESIAN_POINT('Origin',(25.909,1.75,16.75));
#13885=CARTESIAN_POINT('',(26.31,1.76,16.75));
#13886=CARTESIAN_POINT('Origin',(26.1095,1.76,16.49));
#13887=CARTESIAN_POINT('Origin',(26.05,1.5,17.4305));
#13888=CARTESIAN_POINT('',(26.31,1.5,17.631));
#13889=CARTESIAN_POINT('',(25.79,1.5,17.631));
#13890=CARTESIAN_POINT('',(26.31,1.5,17.631));
#13891=CARTESIAN_POINT('',(25.79,1.5,17.23));
#13892=CARTESIAN_POINT('',(25.79,1.5,17.631));
#13893=CARTESIAN_POINT('',(26.31,1.5,17.23));
#13894=CARTESIAN_POINT('',(25.79,1.5,17.23));
#13895=CARTESIAN_POINT('',(26.31,1.5,17.23));
#13896=CARTESIAN_POINT('Origin',(25.79,1.75,17.23));
#13897=CARTESIAN_POINT('',(25.79,1.76,17.631));
#13898=CARTESIAN_POINT('',(25.79,1.75,17.631));
#13899=CARTESIAN_POINT('',(25.79,1.76,17.23));
#13900=CARTESIAN_POINT('',(25.79,1.76,17.631));
#13901=CARTESIAN_POINT('',(25.79,1.75,17.23));
#13902=CARTESIAN_POINT('Origin',(26.31,1.75,17.23));
#13903=CARTESIAN_POINT('',(26.31,1.76,17.23));
#13904=CARTESIAN_POINT('',(25.79,1.76,17.23));
#13905=CARTESIAN_POINT('',(26.31,1.75,17.23));
#13906=CARTESIAN_POINT('Origin',(26.31,1.75,17.631));
#13907=CARTESIAN_POINT('',(26.31,1.76,17.631));
#13908=CARTESIAN_POINT('',(26.31,1.76,17.23));
#13909=CARTESIAN_POINT('',(26.31,1.75,17.631));
#13910=CARTESIAN_POINT('Origin',(25.79,1.75,17.631));
#13911=CARTESIAN_POINT('',(26.31,1.76,17.631));
#13912=CARTESIAN_POINT('Origin',(26.05,1.76,17.4305));
#13913=CARTESIAN_POINT('Origin',(25.05,1.5,18.5445));
#13914=CARTESIAN_POINT('',(25.3,1.5,18.74));
#13915=CARTESIAN_POINT('',(24.8,1.5,18.74));
#13916=CARTESIAN_POINT('',(24.8,1.5,18.74));
#13917=CARTESIAN_POINT('',(24.8,1.5,18.349));
#13918=CARTESIAN_POINT('',(24.8,1.5,17.24));
#13919=CARTESIAN_POINT('',(25.3,1.5,18.349));
#13920=CARTESIAN_POINT('',(24.79,1.5,18.349));
#13921=CARTESIAN_POINT('',(25.3,1.5,18.74));
#13922=CARTESIAN_POINT('Origin',(24.8,1.75,18.349));
#13923=CARTESIAN_POINT('',(24.8,1.76,18.74));
#13924=CARTESIAN_POINT('',(24.8,1.75,18.74));
#13925=CARTESIAN_POINT('',(24.8,1.76,18.349));
#13926=CARTESIAN_POINT('',(24.8,1.76,17.24));
#13927=CARTESIAN_POINT('',(24.8,1.75,18.349));
#13928=CARTESIAN_POINT('Origin',(25.3,1.75,18.349));
#13929=CARTESIAN_POINT('',(25.3,1.76,18.349));
#13930=CARTESIAN_POINT('',(24.79,1.76,18.349));
#13931=CARTESIAN_POINT('',(25.3,1.75,18.349));
#13932=CARTESIAN_POINT('Origin',(25.3,1.75,18.74));
#13933=CARTESIAN_POINT('',(25.3,1.76,18.74));
#13934=CARTESIAN_POINT('',(25.3,1.76,18.74));
#13935=CARTESIAN_POINT('',(25.3,1.75,18.74));
#13936=CARTESIAN_POINT('Origin',(24.8,1.75,18.74));
#13937=CARTESIAN_POINT('',(24.8,1.76,18.74));
#13938=CARTESIAN_POINT('Origin',(25.05,1.76,18.5445));
#13939=CARTESIAN_POINT('Origin',(24.9905,1.5,15.49));
#13940=CARTESIAN_POINT('',(25.191,1.5,15.75));
#13941=CARTESIAN_POINT('',(24.79,1.5,15.75));
#13942=CARTESIAN_POINT('',(25.191,1.5,15.75));
#13943=CARTESIAN_POINT('',(24.79,1.5,15.23));
#13944=CARTESIAN_POINT('',(24.79,1.5,15.75));
#13945=CARTESIAN_POINT('',(25.191,1.5,15.23));
#13946=CARTESIAN_POINT('',(24.79,1.5,15.23));
#13947=CARTESIAN_POINT('',(25.191,1.5,15.23));
#13948=CARTESIAN_POINT('Origin',(24.79,1.75,15.23));
#13949=CARTESIAN_POINT('',(24.79,1.76,15.75));
#13950=CARTESIAN_POINT('',(24.79,1.75,15.75));
#13951=CARTESIAN_POINT('',(24.79,1.76,15.23));
#13952=CARTESIAN_POINT('',(24.79,1.76,15.75));
#13953=CARTESIAN_POINT('',(24.79,1.75,15.23));
#13954=CARTESIAN_POINT('Origin',(25.191,1.75,15.23));
#13955=CARTESIAN_POINT('',(25.191,1.76,15.23));
#13956=CARTESIAN_POINT('',(24.79,1.76,15.23));
#13957=CARTESIAN_POINT('',(25.191,1.75,15.23));
#13958=CARTESIAN_POINT('Origin',(25.191,1.75,15.75));
#13959=CARTESIAN_POINT('',(25.191,1.76,15.75));
#13960=CARTESIAN_POINT('',(25.191,1.76,15.23));
#13961=CARTESIAN_POINT('',(25.191,1.75,15.75));
#13962=CARTESIAN_POINT('Origin',(24.79,1.75,15.75));
#13963=CARTESIAN_POINT('',(25.191,1.76,15.75));
#13964=CARTESIAN_POINT('Origin',(24.9905,1.76,15.49));
#13965=CARTESIAN_POINT('Origin',(24.9905,1.5,16.49));
#13966=CARTESIAN_POINT('',(25.191,1.5,16.75));
#13967=CARTESIAN_POINT('',(24.79,1.5,16.75));
#13968=CARTESIAN_POINT('',(25.191,1.5,16.75));
#13969=CARTESIAN_POINT('',(24.79,1.5,16.23));
#13970=CARTESIAN_POINT('',(24.79,1.5,16.75));
#13971=CARTESIAN_POINT('',(25.191,1.5,16.23));
#13972=CARTESIAN_POINT('',(24.79,1.5,16.23));
#13973=CARTESIAN_POINT('',(25.191,1.5,16.23));
#13974=CARTESIAN_POINT('Origin',(24.79,1.75,16.23));
#13975=CARTESIAN_POINT('',(24.79,1.76,16.75));
#13976=CARTESIAN_POINT('',(24.79,1.75,16.75));
#13977=CARTESIAN_POINT('',(24.79,1.76,16.23));
#13978=CARTESIAN_POINT('',(24.79,1.76,16.75));
#13979=CARTESIAN_POINT('',(24.79,1.75,16.23));
#13980=CARTESIAN_POINT('Origin',(25.191,1.75,16.23));
#13981=CARTESIAN_POINT('',(25.191,1.76,16.23));
#13982=CARTESIAN_POINT('',(24.79,1.76,16.23));
#13983=CARTESIAN_POINT('',(25.191,1.75,16.23));
#13984=CARTESIAN_POINT('Origin',(25.191,1.75,16.75));
#13985=CARTESIAN_POINT('',(25.191,1.76,16.75));
#13986=CARTESIAN_POINT('',(25.191,1.76,16.23));
#13987=CARTESIAN_POINT('',(25.191,1.75,16.75));
#13988=CARTESIAN_POINT('Origin',(24.79,1.75,16.75));
#13989=CARTESIAN_POINT('',(25.191,1.76,16.75));
#13990=CARTESIAN_POINT('Origin',(24.9905,1.76,16.49));
#13991=CARTESIAN_POINT('Origin',(26.05,1.5,18.5495));
#13992=CARTESIAN_POINT('',(26.31,1.5,18.75));
#13993=CARTESIAN_POINT('',(25.79,1.5,18.75));
#13994=CARTESIAN_POINT('',(26.31,1.5,18.75));
#13995=CARTESIAN_POINT('',(25.79,1.5,18.349));
#13996=CARTESIAN_POINT('',(25.79,1.5,18.75));
#13997=CARTESIAN_POINT('',(26.31,1.5,18.349));
#13998=CARTESIAN_POINT('',(25.79,1.5,18.349));
#13999=CARTESIAN_POINT('',(26.31,1.5,18.349));
#14000=CARTESIAN_POINT('Origin',(25.79,1.75,18.349));
#14001=CARTESIAN_POINT('',(25.79,1.76,18.75));
#14002=CARTESIAN_POINT('',(25.79,1.75,18.75));
#14003=CARTESIAN_POINT('',(25.79,1.76,18.349));
#14004=CARTESIAN_POINT('',(25.79,1.76,18.75));
#14005=CARTESIAN_POINT('',(25.79,1.75,18.349));
#14006=CARTESIAN_POINT('Origin',(26.31,1.75,18.349));
#14007=CARTESIAN_POINT('',(26.31,1.76,18.349));
#14008=CARTESIAN_POINT('',(25.79,1.76,18.349));
#14009=CARTESIAN_POINT('',(26.31,1.75,18.349));
#14010=CARTESIAN_POINT('Origin',(26.31,1.75,18.75));
#14011=CARTESIAN_POINT('',(26.31,1.76,18.75));
#14012=CARTESIAN_POINT('',(26.31,1.76,18.349));
#14013=CARTESIAN_POINT('',(26.31,1.75,18.75));
#14014=CARTESIAN_POINT('Origin',(25.79,1.75,18.75));
#14015=CARTESIAN_POINT('',(26.31,1.76,18.75));
#14016=CARTESIAN_POINT('Origin',(26.05,1.76,18.5495));
#14017=UNCERTAINTY_MEASURE_WITH_UNIT(LENGTH_MEASURE(0.01),#14021,
'DISTANCE_ACCURACY_VALUE',
'Maximum model space distance between geometric entities at asserted c
onnectivities');
#14018=UNCERTAINTY_MEASURE_WITH_UNIT(LENGTH_MEASURE(0.01),#14021,
'DISTANCE_ACCURACY_VALUE',
'Maximum model space distance between geometric entities at asserted c
onnectivities');
#14019=(
GEOMETRIC_REPRESENTATION_CONTEXT(3)
GLOBAL_UNCERTAINTY_ASSIGNED_CONTEXT((#14017))
GLOBAL_UNIT_ASSIGNED_CONTEXT((#14021,#14023,#14024))
REPRESENTATION_CONTEXT('','3D')
);
#14020=(
GEOMETRIC_REPRESENTATION_CONTEXT(3)
GLOBAL_UNCERTAINTY_ASSIGNED_CONTEXT((#14018))
GLOBAL_UNIT_ASSIGNED_CONTEXT((#14021,#14023,#14024))
REPRESENTATION_CONTEXT('','3D')
);
#14021=(
LENGTH_UNIT()
NAMED_UNIT(*)
SI_UNIT(.MILLI.,.METRE.)
);
#14022=(
LENGTH_UNIT()
NAMED_UNIT(*)
SI_UNIT($,.METRE.)
);
#14023=(
NAMED_UNIT(*)
PLANE_ANGLE_UNIT()
SI_UNIT($,.RADIAN.)
);
#14024=(
NAMED_UNIT(*)
SI_UNIT($,.STERADIAN.)
SOLID_ANGLE_UNIT()
);
#14025=SHAPE_DEFINITION_REPRESENTATION(#14026,#14027);
#14026=PRODUCT_DEFINITION_SHAPE('',$,#14029);
#14027=SHAPE_REPRESENTATION('',(#7953),#14019);
#14028=PRODUCT_DEFINITION_CONTEXT('part definition',#14033,'design');
#14029=PRODUCT_DEFINITION('MAX-M10S','MAX-M10S v16',#14030,#14028);
#14030=PRODUCT_DEFINITION_FORMATION('',$,#14035);
#14031=PRODUCT_RELATED_PRODUCT_CATEGORY('MAX-M10S v16','MAX-M10S v16',(#14035));
#14032=APPLICATION_PROTOCOL_DEFINITION('international standard',
'automotive_design',2009,#14033);
#14033=APPLICATION_CONTEXT(
'Core Data for Automotive Mechanical Design Process');
#14034=PRODUCT_CONTEXT('part definition',#14033,'mechanical');
#14035=PRODUCT('MAX-M10S','MAX-M10S v16',$,(#14034));
#14036=PRESENTATION_STYLE_ASSIGNMENT((#14046));
#14037=PRESENTATION_STYLE_ASSIGNMENT((#14047));
#14038=PRESENTATION_STYLE_ASSIGNMENT((#14048));
#14039=PRESENTATION_STYLE_ASSIGNMENT((#14049));
#14040=PRESENTATION_STYLE_ASSIGNMENT((#14050));
#14041=PRESENTATION_STYLE_ASSIGNMENT((#14051));
#14042=PRESENTATION_STYLE_ASSIGNMENT((#14052));
#14043=PRESENTATION_STYLE_ASSIGNMENT((#14053));
#14044=PRESENTATION_STYLE_ASSIGNMENT((#14054));
#14045=PRESENTATION_STYLE_ASSIGNMENT((#14055));
#14046=SURFACE_STYLE_USAGE(.BOTH.,#14056);
#14047=SURFACE_STYLE_USAGE(.BOTH.,#14057);
#14048=SURFACE_STYLE_USAGE(.BOTH.,#14058);
#14049=SURFACE_STYLE_USAGE(.BOTH.,#14059);
#14050=SURFACE_STYLE_USAGE(.BOTH.,#14060);
#14051=SURFACE_STYLE_USAGE(.BOTH.,#14061);
#14052=SURFACE_STYLE_USAGE(.BOTH.,#14062);
#14053=SURFACE_STYLE_USAGE(.BOTH.,#14063);
#14054=SURFACE_STYLE_USAGE(.BOTH.,#14064);
#14055=SURFACE_STYLE_USAGE(.BOTH.,#14065);
#14056=SURFACE_SIDE_STYLE('',(#14066));
#14057=SURFACE_SIDE_STYLE('',(#14067));
#14058=SURFACE_SIDE_STYLE('',(#14068));
#14059=SURFACE_SIDE_STYLE('',(#14069));
#14060=SURFACE_SIDE_STYLE('',(#14070));
#14061=SURFACE_SIDE_STYLE('',(#14071));
#14062=SURFACE_SIDE_STYLE('',(#14072));
#14063=SURFACE_SIDE_STYLE('',(#14073));
#14064=SURFACE_SIDE_STYLE('',(#14074));
#14065=SURFACE_SIDE_STYLE('',(#14075));
#14066=SURFACE_STYLE_FILL_AREA(#14076);
#14067=SURFACE_STYLE_FILL_AREA(#14077);
#14068=SURFACE_STYLE_FILL_AREA(#14078);
#14069=SURFACE_STYLE_FILL_AREA(#14079);
#14070=SURFACE_STYLE_FILL_AREA(#14080);
#14071=SURFACE_STYLE_FILL_AREA(#14081);
#14072=SURFACE_STYLE_FILL_AREA(#14082);
#14073=SURFACE_STYLE_FILL_AREA(#14083);
#14074=SURFACE_STYLE_FILL_AREA(#14084);
#14075=SURFACE_STYLE_FILL_AREA(#14085);
#14076=FILL_AREA_STYLE('Steel - Satin',(#14086));
#14077=FILL_AREA_STYLE('Base Material - Opaque (1) (1) (1) (2)',(#14087));
#14078=FILL_AREA_STYLE('Base Material - Opaque (1) (1) (1) (1)',(#14088));
#14079=FILL_AREA_STYLE('Base Material - Opaque (1) (1) (1)',(#14089));
#14080=FILL_AREA_STYLE('Base Material - Opaque',(#14090));
#14081=FILL_AREA_STYLE('Base Material - Opaque (1)',(#14091));
#14082=FILL_AREA_STYLE('Base Material - Opaque (1) (1)',(#14092));
#14083=FILL_AREA_STYLE('Base Material - Opaque (1) (1) (1) (3)',(#14093));
#14084=FILL_AREA_STYLE('Base Material - Opaque (1) (1) (1) (3) (1)',(#14094));
#14085=FILL_AREA_STYLE('Base Material - Opaque (1) (1) (1) (3) (1) (1)',
(#14095));
#14086=FILL_AREA_STYLE_COLOUR('Steel - Satin',#14096);
#14087=FILL_AREA_STYLE_COLOUR('Base Material - Opaque (1) (1) (1) (2)',
#14097);
#14088=FILL_AREA_STYLE_COLOUR('Base Material - Opaque (1) (1) (1) (1)',
#14098);
#14089=FILL_AREA_STYLE_COLOUR('Base Material - Opaque (1) (1) (1)',#14099);
#14090=FILL_AREA_STYLE_COLOUR('Base Material - Opaque',#14100);
#14091=FILL_AREA_STYLE_COLOUR('Base Material - Opaque (1)',#14101);
#14092=FILL_AREA_STYLE_COLOUR('Base Material - Opaque (1) (1)',#14102);
#14093=FILL_AREA_STYLE_COLOUR('Base Material - Opaque (1) (1) (1) (3)',
#14103);
#14094=FILL_AREA_STYLE_COLOUR(
'Base Material - Opaque (1) (1) (1) (3) (1)',#14104);
#14095=FILL_AREA_STYLE_COLOUR(
'Base Material - Opaque (1) (1) (1) (3) (1) (1)',#14105);
#14096=COLOUR_RGB('Steel - Satin',0.627450980392157,0.627450980392157,0.627450980392157);
#14097=COLOUR_RGB('Base Material - Opaque (1) (1) (1) (2)',0.682352941176471,
0.203921568627451,0.203921568627451);
#14098=COLOUR_RGB('Base Material - Opaque (1) (1) (1) (1)',0.0980392156862745,
0.0980392156862745,0.0980392156862745);
#14099=COLOUR_RGB('Base Material - Opaque (1) (1) (1)',0.101960784313725,
0.282352941176471,0.00784313725490196);
#14100=COLOUR_RGB('Base Material - Opaque',0.623529411764706,0.623529411764706,
0.623529411764706);
#14101=COLOUR_RGB('Base Material - Opaque (1)',0.870588235294118,0.870588235294118,
0.870588235294118);
#14102=COLOUR_RGB('Base Material - Opaque (1) (1)',0.713725490196078,0.603921568627451,
0.105882352941176);
#14103=COLOUR_RGB('Base Material - Opaque (1) (1) (1) (3)',0.380392156862745,
0.262745098039216,0.0235294117647059);
#14104=COLOUR_RGB('Base Material - Opaque (1) (1) (1) (3) (1)',0.866666666666667,
0.788235294117647,0.529411764705882);
#14105=COLOUR_RGB('Base Material - Opaque (1) (1) (1) (3) (1) (1)',0.223529411764706,
0.454901960784314,0.192156862745098);
ENDSEC;
END-ISO-10303-21;
