999
DXF File generated by ImageToStl.com - Free Image and 3D model conversion tools
0
SECTION
2
HEADER
9
$ACADVER
1
AC1009
9
$EXTMIN
10
0
20
0
9
$EXTMAX
10
469.532249
20
469.099235
0
ENDSEC
0
SECTION
2
ENTITIES
0
LINE
8
0
10
209.971345
20
1.097736
11
198.074393
21
2.004335
0
LINE
8
0
10
198.074393
20
2.004335
11
175.731802
21
4.698687
0
LINE
8
0
10
175.731802
20
4.698687
11
154.775536
21
8.671953
0
LINE
8
0
10
154.775536
20
8.671953
11
134.547082
21
14.048987
0
LINE
8
0
10
134.547082
20
14.048987
11
124.500000
21
17.302933
0
LINE
8
0
10
124.500000
20
17.302933
11
122.508464
21
18.028274
0
LINE
8
0
10
122.508464
20
18.028274
11
117.722393
21
19.990727
0
LINE
8
0
10
117.722393
20
19.990727
11
109.158324
21
23.901747
0
LINE
8
0
10
109.158324
20
23.901747
11
96.897391
21
30.048311
0
LINE
8
0
10
96.897391
20
30.048311
11
88.522637
21
34.628942
0
LINE
8
0
10
88.522637
20
34.628942
11
83.952926
21
37.356664
0
LINE
8
0
10
83.952926
20
37.356664
11
82.096614
21
38.560298
0
LINE
8
0
10
82.096614
20
38.560298
11
75.189018
21
43.463526
0
LINE
8
0
10
75.189018
20
43.463526
11
62.293363
21
54.160769
0
LINE
8
0
10
62.293363
20
54.160769
11
50.626656
21
66.041251
0
LINE
8
0
10
50.626656
20
66.041251
11
40.192372
21
79.099596
0
LINE
8
0
10
40.192372
20
79.099596
11
30.993986
21
93.330427
0
LINE
8
0
10
30.993986
20
93.330427
11
23.034972
21
108.728368
0
LINE
8
0
10
23.034972
20
108.728368
11
16.318806
21
125.288042
0
LINE
8
0
10
16.318806
20
125.288042
11
10.848963
21
143.004074
0
LINE
8
0
10
10.848963
20
143.004074
11
8.582499
21
152.294045
0
LINE
8
0
10
8.582499
20
152.294045
11
6.260783
21
163.396134
0
LINE
8
0
10
6.260783
20
163.396134
11
3.743482
21
180.278687
0
LINE
8
0
10
3.743482
20
180.278687
11
2.612031
21
193.832845
0
LINE
8
0
10
2.612031
20
193.832845
11
2.003313
21
206.251764
0
LINE
8
0
10
2.003313
20
206.251764
11
1.696173
21
215.948964
0
LINE
8
0
10
1.696173
20
215.948964
11
1.458295
21
226.995120
0
LINE
8
0
10
1.458295
20
226.995120
11
1.281384
21
239.574188
0
LINE
8
0
10
1.281384
20
239.574188
11
1.157145
21
253.870128
0
LINE
8
0
10
1.157145
20
253.870128
11
1.077286
21
270.066896
0
LINE
8
0
10
1.077286
20
270.066896
11
1.033511
21
288.348452
0
LINE
8
0
10
1.033511
20
288.348452
11
1.017526
21
308.898752
0
LINE
8
0
10
1.017526
20
308.898752
11
1.017364
21
320.082168
0
LINE
8
0
10
1.017364
20
320.082168
11
1.019423
21
327.860663
0
LINE
8
0
10
1.019423
20
327.860663
11
1.028244
21
342.307404
0
LINE
8
0
10
1.028244
20
342.307404
11
1.044136
21
355.336090
0
LINE
8
0
10
1.044136
20
355.336090
11
1.068064
21
367.021450
0
LINE
8
0
10
1.068064
20
367.021450
11
1.100991
21
377.438215
0
LINE
8
0
10
1.100991
20
377.438215
11
1.143882
21
386.661114
0
LINE
8
0
10
1.143882
20
386.661114
11
1.197701
21
394.764879
0
LINE
8
0
10
1.197701
20
394.764879
11
1.263413
21
401.824238
0
LINE
8
0
10
1.263413
20
401.824238
11
1.386387
21
410.618489
0
LINE
8
0
10
1.386387
20
410.618489
11
1.600974
21
419.386221
0
LINE
8
0
10
1.600974
20
419.386221
11
1.880484
21
425.321474
0
LINE
8
0
10
1.880484
20
425.321474
11
2.232631
21
429.022089
0
LINE
8
0
10
2.232631
20
429.022089
11
2.438354
21
430.221233
0
LINE
8
0
10
2.438354
20
430.221233
11
3.297966
21
433.686361
0
LINE
8
0
10
3.297966
20
433.686361
11
5.669845
21
440.227065
0
LINE
8
0
10
5.669845
20
440.227065
11
10.760639
21
448.965579
0
LINE
8
0
10
10.760639
20
448.965579
11
20.133655
21
458.338596
0
LINE
8
0
10
20.133655
20
458.338596
11
28.872170
21
463.429389
0
LINE
8
0
10
28.872170
20
463.429389
11
35.412874
21
465.801269
0
LINE
8
0
10
35.412874
20
465.801269
11
38.878001
21
466.660881
0
LINE
8
0
10
38.878001
20
466.660881
11
39.604043
21
466.757536
0
LINE
8
0
10
39.604043
20
466.757536
11
42.583178
21
466.941640
0
LINE
8
0
10
42.583178
20
466.941640
11
47.487723
21
467.113471
0
LINE
8
0
10
47.487723
20
467.113471
11
54.184893
21
467.273029
0
LINE
8
0
10
54.184893
20
467.273029
11
62.541901
21
467.420312
0
LINE
8
0
10
62.541901
20
467.420312
11
72.425958
21
467.555322
0
LINE
8
0
10
72.425958
20
467.555322
11
83.704279
21
467.678059
0
LINE
8
0
10
83.704279
20
467.678059
11
96.244076
21
467.788521
0
LINE
8
0
10
96.244076
20
467.788521
11
117.128569
21
467.931202
0
LINE
8
0
10
117.128569
20
467.931202
11
148.150381
21
468.078486
0
LINE
8
0
10
148.150381
20
468.078486
11
181.827933
21
468.176675
0
LINE
8
0
10
181.827933
20
468.176675
11
217.098928
21
468.225770
0
LINE
8
0
10
217.098928
20
468.225770
11
252.901072
21
468.225770
0
LINE
8
0
10
252.901072
20
468.225770
11
288.172067
21
468.176675
0
LINE
8
0
10
288.172067
20
468.176675
11
321.849619
21
468.078486
0
LINE
8
0
10
321.849619
20
468.078486
11
352.871431
21
467.931202
0
LINE
8
0
10
352.871431
20
467.931202
11
373.755924
21
467.788521
0
LINE
8
0
10
373.755924
20
467.788521
11
386.295721
21
467.678059
0
LINE
8
0
10
386.295721
20
467.678059
11
397.574042
21
467.555322
0
LINE
8
0
10
397.574042
20
467.555322
11
407.458099
21
467.420312
0
LINE
8
0
10
407.458099
20
467.420312
11
415.815107
21
467.273029
0
LINE
8
0
10
415.815107
20
467.273029
11
422.512277
21
467.113471
0
LINE
8
0
10
422.512277
20
467.113471
11
427.416822
21
466.941640
0
LINE
8
0
10
427.416822
20
466.941640
11
430.395957
21
466.757536
0
LINE
8
0
10
430.395957
20
466.757536
11
431.121999
21
466.660881
0
LINE
8
0
10
431.121999
20
466.660881
11
434.707775
21
465.759806
0
LINE
8
0
10
434.707775
20
465.759806
11
441.494375
21
463.217253
0
LINE
8
0
10
441.494375
20
463.217253
11
447.703686
21
459.754655
0
LINE
8
0
10
447.703686
20
459.754655
11
453.258889
21
455.452599
0
LINE
8
0
10
453.258889
20
455.452599
11
458.083162
21
450.391675
0
LINE
8
0
10
458.083162
20
450.391675
11
462.099686
21
444.652473
0
LINE
8
0
10
462.099686
20
444.652473
11
465.231638
21
438.315581
0
LINE
8
0
10
465.231638
20
438.315581
11
467.402198
21
431.461588
0
LINE
8
0
10
467.402198
20
431.461588
11
468.102951
21
427.865863
0
LINE
8
0
10
468.102951
20
427.865863
11
468.168277
21
427.282740
0
LINE
8
0
10
468.168277
20
427.282740
11
468.289015
21
425.228567
0
LINE
8
0
10
468.289015
20
425.228567
11
468.396782
21
422.054361
0
LINE
8
0
10
468.396782
20
422.054361
11
468.491877
21
417.836772
0
LINE
8
0
10
468.491877
20
417.836772
11
468.611418
21
409.721708
0
LINE
8
0
10
468.611418
20
409.721708
11
468.729259
21
395.965153
0
LINE
8
0
10
468.729259
20
395.965153
11
468.801817
21
379.414713
0
LINE
8
0
10
468.801817
20
379.414713
11
468.831495
21
360.683567
0
LINE
8
0
10
468.831495
20
360.683567
11
468.800861
21
329.839353
0
LINE
8
0
10
468.800861
20
329.839353
11
468.632344
21
286.804267
0
LINE
8
0
10
468.632344
20
286.804267
11
468.420705
21
255.778510
0
LINE
8
0
10
468.420705
20
255.778510
11
468.243520
21
236.839886
0
LINE
8
0
10
468.243520
20
236.839886
11
468.040261
21
220.012808
0
LINE
8
0
10
468.040261
20
220.012808
11
467.813330
21
205.910455
0
LINE
8
0
10
467.813330
20
205.910455
11
467.565127
21
195.146007
0
LINE
8
0
10
467.565127
20
195.146007
11
467.366461
21
189.632036
0
LINE
8
0
10
467.366461
20
189.632036
11
467.228620
21
187.318515
0
LINE
8
0
10
467.228620
20
187.318515
11
467.158193
21
186.599235
0
LINE
8
0
10
467.158193
20
186.599235
11
465.919696
21
177.413028
0
LINE
8
0
10
465.919696
20
177.413028
11
463.011017
21
160.168371
0
LINE
8
0
10
463.011017
20
160.168371
11
459.478580
21
144.295039
0
LINE
8
0
10
459.478580
20
144.295039
11
455.264568
21
129.634207
0
LINE
8
0
10
455.264568
20
129.634207
11
450.311164
21
116.027051
0
LINE
8
0
10
450.311164
20
116.027051
11
444.560552
21
103.314748
0
LINE
8
0
10
444.560552
20
103.314748
11
437.954916
21
91.338472
0
LINE
8
0
10
437.954916
20
91.338472
11
430.436439
21
79.939402
0
LINE
8
0
10
430.436439
20
79.939402
11
426.316817
21
74.406686
0
LINE
8
0
10
426.316817
20
74.406686
11
420.164792
21
66.915516
0
LINE
8
0
10
420.164792
20
66.915516
11
406.648921
21
53.159848
0
LINE
8
0
10
406.648921
20
53.159848
11
391.489714
21
41.026451
0
LINE
8
0
10
391.489714
20
41.026451
11
374.654078
21
30.499380
0
LINE
8
0
10
374.654078
20
30.499380
11
356.108922
21
21.562686
0
LINE
8
0
10
356.108922
20
21.562686
11
335.821153
21
14.200425
0
LINE
8
0
10
335.821153
20
14.200425
11
313.757681
21
8.396650
0
LINE
8
0
10
313.757681
20
8.396650
11
289.885413
21
4.135413
0
LINE
8
0
10
289.885413
20
4.135413
11
277.260639
21
2.578264
0
LINE
8
0
10
277.260639
20
2.578264
11
273.802018
21
2.241831
0
LINE
8
0
10
273.802018
20
2.241831
11
266.021748
21
1.654112
0
LINE
8
0
10
266.021748
20
1.654112
11
252.844826
21
0.999719
0
LINE
8
0
10
252.844826
20
0.999719
11
234.286369
21
0.591388
0
LINE
8
0
10
234.286369
20
0.591388
11
221.144722
21
0.666708
0
LINE
8
0
10
221.144722
20
0.666708
11
213.404769
21
0.912945
0
LINE
8
0
10
213.404769
20
0.912945
11
209.971345
21
1.097736
0
LINE
8
0
10
97.000000
20
47.237574
11
89.033986
21
52.474587
0
LINE
8
0
10
89.033986
20
52.474587
11
74.418703
21
64.004653
0
LINE
8
0
10
74.418703
20
64.004653
11
61.522350
21
77.004666
0
LINE
8
0
10
61.522350
20
77.004666
11
50.300855
21
91.548902
0
LINE
8
0
10
50.300855
20
91.548902
11
40.710143
21
107.711636
0
LINE
8
0
10
40.710143
20
107.711636
11
32.706141
21
125.567145
0
LINE
8
0
10
32.706141
20
125.567145
11
26.244774
21
145.189703
0
LINE
8
0
10
26.244774
20
145.189703
11
21.281969
21
166.653585
0
LINE
8
0
10
21.281969
20
166.653585
11
19.348754
21
178.099235
0
LINE
8
0
10
19.348754
20
178.099235
11
19.074777
21
180.089641
0
LINE
8
0
10
19.074777
20
180.089641
11
18.611429
21
184.838058
0
LINE
8
0
10
18.611429
20
184.838058
11
18.247051
21
191.475974
0
LINE
8
0
10
18.247051
20
191.475974
11
17.965039
21
201.042619
0
LINE
8
0
10
17.965039
20
201.042619
11
17.797593
21
210.764745
0
LINE
8
0
10
17.797593
20
210.764745
11
17.703054
21
218.702656
0
LINE
8
0
10
17.703054
20
218.702656
11
17.619766
21
227.957318
0
LINE
8
0
10
17.619766
20
227.957318
11
17.545654
21
238.658633
0
LINE
8
0
10
17.545654
20
238.658633
11
17.478643
21
250.936507
0
LINE
8
0
10
17.478643
20
250.936507
11
17.416656
21
264.920842
0
LINE
8
0
10
17.416656
20
264.920842
11
17.357618
21
280.741544
0
LINE
8
0
10
17.357618
20
280.741544
11
17.299454
21
298.528515
0
LINE
8
0
10
17.299454
20
298.528515
11
17.270051
21
308.199947
0
LINE
8
0
10
17.270051
20
308.199947
11
16.916359
21
426.800659
0
LINE
8
0
10
16.916359
20
426.800659
11
19.101449
21
432.640835
0
LINE
8
0
10
19.101449
20
432.640835
11
20.359054
21
435.488578
0
LINE
8
0
10
20.359054
20
435.488578
11
23.808057
21
440.763042
0
LINE
8
0
10
23.808057
20
440.763042
11
28.283394
21
445.256533
0
LINE
8
0
10
28.283394
20
445.256533
11
33.522595
21
448.705517
0
LINE
8
0
10
33.522595
20
448.705517
11
36.346624
21
449.955965
0
LINE
8
0
10
36.346624
20
449.955965
11
42.075025
21
452.099235
0
LINE
8
0
10
42.075025
20
452.099235
11
235.000000
21
452.099235
0
LINE
8
0
10
235.000000
20
452.099235
11
427.924975
21
452.099235
0
LINE
8
0
10
427.924975
20
452.099235
11
433.653376
21
449.955965
0
LINE
8
0
10
433.653376
20
449.955965
11
436.462935
21
448.710922
0
LINE
8
0
10
436.462935
20
448.710922
11
441.692745
21
445.269384
0
LINE
8
0
10
441.692745
20
445.269384
11
446.169068
21
440.793625
0
LINE
8
0
10
446.169068
20
440.793625
11
449.610610
21
435.564905
0
LINE
8
0
10
449.610610
20
435.564905
11
450.855433
21
432.756078
0
LINE
8
0
10
450.855433
20
432.756078
11
452.997405
21
427.031144
0
LINE
8
0
10
452.997405
20
427.031144
11
452.928169
21
314.815189
0
LINE
8
0
10
452.928169
20
314.815189
11
452.916378
21
303.339913
0
LINE
8
0
10
452.916378
20
303.339913
11
452.866398
21
281.156995
0
LINE
8
0
10
452.866398
20
281.156995
11
452.784580
21
260.410195
0
LINE
8
0
10
452.784580
20
260.410195
11
452.674955
21
241.594635
0
LINE
8
0
10
452.674955
20
241.594635
11
452.541553
21
225.205440
0
LINE
8
0
10
452.541553
20
225.205440
11
452.388404
21
211.737734
0
LINE
8
0
10
452.388404
20
211.737734
11
452.219537
21
201.686641
0
LINE
8
0
10
452.219537
20
201.686641
11
452.084997
21
196.688321
0
LINE
8
0
10
452.084997
20
196.688321
11
451.992491
21
194.681677
0
LINE
8
0
10
451.992491
20
194.681677
11
451.945584
21
194.099235
0
LINE
8
0
10
451.945584
20
194.099235
11
451.421689
21
189.244286
0
LINE
8
0
10
451.421689
20
189.244286
11
450.623476
21
182.019660
0
LINE
8
0
10
450.623476
20
182.019660
11
450.062607
21
177.306897
0
LINE
8
0
10
450.062607
20
177.306897
11
449.624568
21
174.143796
0
LINE
8
0
10
449.624568
20
174.143796
11
449.415826
21
172.842680
0
LINE
8
0
10
449.415826
20
172.842680
11
448.949127
21
169.964497
0
LINE
8
0
10
448.949127
20
169.964497
11
448.590402
21
167.599235
0
LINE
8
0
10
448.590402
20
167.599235
11
448.414906
21
166.544109
0
LINE
8
0
10
448.414906
20
166.544109
11
447.692382
21
162.815102
0
LINE
8
0
10
447.692382
20
162.815102
11
445.953339
21
154.497153
0
LINE
8
0
10
445.953339
20
154.497153
11
444.569916
21
148.164132
0
LINE
8
0
10
444.569916
20
148.164132
11
443.928081
21
146.165743
0
LINE
8
0
10
443.928081
20
146.165743
11
442.988895
21
144.078485
0
LINE
8
0
10
442.988895
20
144.078485
11
442.335006
21
142.400705
0
LINE
8
0
10
442.335006
20
142.400705
11
442.379097
21
141.386804
0
LINE
8
0
10
442.379097
20
141.386804
11
442.483502
21
140.969702
0
LINE
8
0
10
442.483502
20
140.969702
11
442.058029
21
139.283695
0
LINE
8
0
10
442.058029
20
139.283695
11
441.580556
21
138.222450
0
LINE
8
0
10
441.580556
20
138.222450
11
440.420650
21
135.341679
0
LINE
8
0
10
440.420650
20
135.341679
11
439.513194
21
132.099235
0
LINE
8
0
10
439.513194
20
132.099235
11
439.185384
21
130.900283
0
LINE
8
0
10
439.185384
20
130.900283
11
437.867566
21
127.375277
0
LINE
8
0
10
437.867566
20
127.375277
11
434.609784
21
120.028353
0
LINE
8
0
10
434.609784
20
120.028353
11
428.923208
21
108.511568
0
LINE
8
0
10
428.923208
20
108.511568
11
424.524824
21
100.352779
0
LINE
8
0
10
424.524824
20
100.352779
11
421.903462
21
95.899928
0
LINE
8
0
10
421.903462
20
95.899928
11
420.760938
21
94.121074
0
LINE
8
0
10
420.760938
20
94.121074
11
415.709955
21
86.963318
0
LINE
8
0
10
415.709955
20
86.963318
11
404.886724
21
73.930956
0
LINE
8
0
10
404.886724
20
73.930956
11
392.957839
21
62.471152
0
LINE
8
0
10
392.957839
20
62.471152
11
379.750534
21
52.417936
0
LINE
8
0
10
379.750534
20
52.417936
11
372.613487
21
47.866933
0
LINE
8
0
10
372.613487
20
47.866933
11
369.494997
21
46.048613
0
LINE
8
0
10
369.494997
20
46.048613
11
365.837335
21
44.107666
0
LINE
8
0
10
365.837335
20
44.107666
11
364.480148
21
43.545258
0
LINE
8
0
10
364.480148
20
43.545258
11
364.229098
21
43.536803
0
LINE
8
0
10
364.229098
20
43.536803
11
364.113942
21
44.069925
0
LINE
8
0
10
364.113942
20
44.069925
11
363.761984
21
47.513633
0
LINE
8
0
10
363.761984
20
47.513633
11
363.295029
21
53.520139
0
LINE
8
0
10
363.295029
20
53.520139
11
362.769721
21
61.360854
0
LINE
8
0
10
362.769721
20
61.360854
11
362.502884
21
65.741358
0
LINE
8
0
10
362.502884
20
65.741358
11
362.287434
21
69.362831
0
LINE
8
0
10
362.287434
20
69.362831
11
361.910079
21
75.376626
0
LINE
8
0
10
361.910079
20
75.376626
11
361.575930
21
79.941069
0
LINE
8
0
10
361.575930
20
79.941069
11
361.251166
21
83.283579
0
LINE
8
0
10
361.251166
20
83.283579
11
360.707627
21
86.503701
0
LINE
8
0
10
360.707627
20
86.503701
11
359.700075
21
88.643012
0
LINE
8
0
10
359.700075
20
88.643012
11
358.998984
21
89.301141
0
LINE
8
0
10
358.998984
20
89.301141
11
357.772652
21
90.051256
0
LINE
8
0
10
357.772652
20
90.051256
11
354.408504
21
90.974670
0
LINE
8
0
10
354.408504
20
90.974670
11
352.448233
21
91.099235
0
LINE
8
0
10
352.448233
20
91.099235
11
350.674651
21
91.157787
0
LINE
8
0
10
350.674651
20
91.157787
11
348.307112
21
91.658935
0
LINE
8
0
10
348.307112
20
91.658935
11
347.455359
21
92.744875
0
LINE
8
0
10
347.455359
20
92.744875
11
348.050935
21
94.502886
0
LINE
8
0
10
348.050935
20
94.502886
11
348.870077
21
95.661194
0
LINE
8
0
10
348.870077
20
95.661194
11
350.380646
21
97.371301
0
LINE
8
0
10
350.380646
20
97.371301
11
355.059637
21
101.417860
0
LINE
8
0
10
355.059637
20
101.417860
11
360.531834
21
105.363856
0
LINE
8
0
10
360.531834
20
105.363856
11
365.358672
21
108.601234
0
LINE
8
0
10
365.358672
20
108.601234
11
371.280277
21
112.431546
0
LINE
8
0
10
371.280277
20
112.431546
11
378.426764
21
116.946988
0
LINE
8
0
10
378.426764
20
116.946988
11
382.500000
21
119.490445
0
LINE
8
0
10
382.500000
20
119.490445
11
386.733982
21
122.136123
0
LINE
8
0
10
386.733982
20
122.136123
11
393.949618
21
126.721590
0
LINE
8
0
10
393.949618
20
126.721590
11
399.671330
21
130.506292
0
LINE
8
0
10
399.671330
20
130.506292
11
404.110133
21
133.658741
0
LINE
8
0
10
404.110133
20
133.658741
11
408.824477
21
137.570551
0
LINE
8
0
10
408.824477
20
137.570551
11
412.589557
21
142.146162
0
LINE
8
0
10
412.589557
20
142.146162
11
413.866574
21
144.538769
0
LINE
8
0
10
413.866574
20
144.538769
11
414.137805
21
145.232263
0
LINE
8
0
10
414.137805
20
145.232263
11
414.840481
21
147.647528
0
LINE
8
0
10
414.840481
20
147.647528
11
415.747492
21
151.388717
0
LINE
8
0
10
415.747492
20
151.388717
11
416.847698
21
156.401701
0
LINE
8
0
10
416.847698
20
156.401701
11
418.129958
21
162.632350
0
LINE
8
0
10
418.129958
20
162.632350
11
419.583133
21
170.026531
0
LINE
8
0
10
419.583133
20
170.026531
11
421.196083
21
178.530116
0
LINE
8
0
10
421.196083
20
178.530116
11
422.957667
21
188.088972
0
LINE
8
0
10
422.957667
20
188.088972
11
423.890716
21
193.247211
0
LINE
8
0
10
423.890716
20
193.247211
11
424.715687
21
197.836601
0
LINE
8
0
10
424.715687
20
197.836601
11
426.207791
21
206.175554
0
LINE
8
0
10
426.207791
20
206.175554
11
428.057244
21
216.740111
0
LINE
8
0
10
428.057244
20
216.740111
11
429.814105
21
227.633553
0
LINE
8
0
10
429.814105
20
227.633553
11
430.783640
21
235.487184
0
LINE
8
0
10
430.783640
20
235.487184
11
430.990994
21
240.965278
0
LINE
8
0
10
430.990994
20
240.965278
11
430.461308
21
244.732107
0
LINE
8
0
10
430.461308
20
244.732107
11
428.339835
21
248.626822
0
LINE
8
0
10
428.339835
20
248.626822
11
426.077557
21
251.021677
0
LINE
8
0
10
426.077557
20
251.021677
11
423.565396
21
253.176697
0
LINE
8
0
10
423.565396
20
253.176697
11
417.986102
21
255.987001
0
LINE
8
0
10
417.986102
20
255.987001
11
411.891528
21
256.768832
0
LINE
8
0
10
411.891528
20
256.768832
11
405.551294
21
255.487603
0
LINE
8
0
10
405.551294
20
255.487603
11
402.373311
21
254.062532
0
LINE
8
0
10
402.373311
20
254.062532
11
400.586614
21
252.971061
0
LINE
8
0
10
400.586614
20
252.971061
11
397.508057
21
250.206295
0
LINE
8
0
10
397.508057
20
250.206295
11
395.043311
21
246.598469
0
LINE
8
0
10
395.043311
20
246.598469
11
393.137205
21
242.066827
0
LINE
8
0
10
393.137205
20
242.066827
11
392.376402
21
239.429338
0
LINE
8
0
10
392.376402
20
239.429338
11
391.554082
21
236.416009
0
LINE
8
0
10
391.554082
20
236.416009
11
389.083923
21
228.247938
0
LINE
8
0
10
389.083923
20
228.247938
11
387.740326
21
224.099235
0
LINE
8
0
10
387.740326
20
224.099235
11
386.503399
21
220.371110
0
LINE
8
0
10
386.503399
20
220.371110
11
385.066824
21
216.006461
0
LINE
8
0
10
385.066824
20
216.006461
11
384.545471
21
214.393570
0
LINE
8
0
10
384.545471
20
214.393570
11
384.456115
21
214.099235
0
LINE
8
0
10
384.456115
20
214.099235
11
384.316063
21
213.682965
0
LINE
8
0
10
384.316063
20
213.682965
11
383.628783
21
211.916638
0
LINE
8
0
10
383.628783
20
211.916638
11
383.166206
21
210.784135
0
LINE
8
0
10
383.166206
20
210.784135
11
382.713390
21
209.663801
0
LINE
8
0
10
382.713390
20
209.663801
11
382.092021
21
207.979653
0
LINE
8
0
10
382.092021
20
207.979653
11
382.000000
21
207.623270
0
LINE
8
0
10
382.000000
20
207.623270
11
381.914879
21
207.267059
0
LINE
8
0
10
381.914879
20
207.267059
11
381.294331
21
205.716321
0
LINE
8
0
10
381.294331
20
205.716321
11
379.539861
21
201.906191
0
LINE
8
0
10
379.539861
20
201.906191
11
376.509004
21
195.768797
0
LINE
8
0
10
376.509004
20
195.768797
11
374.422119
21
191.800298
0
LINE
8
0
10
374.422119
20
191.800298
11
373.421670
21
190.068566
0
LINE
8
0
10
373.421670
20
190.068566
11
373.099110
21
189.599235
0
LINE
8
0
10
373.099110
20
189.599235
11
372.146986
21
188.702245
0
LINE
8
0
10
372.146986
20
188.702245
11
369.382732
21
187.689274
0
LINE
8
0
10
369.382732
20
187.689274
11
367.500000
21
187.547419
0
LINE
8
0
10
367.500000
20
187.547419
11
363.618255
21
187.314454
0
LINE
8
0
10
363.618255
20
187.314454
11
359.902569
21
186.827110
0
LINE
8
0
10
359.902569
20
186.827110
11
358.170778
21
186.379062
0
LINE
8
0
10
358.170778
20
186.379062
11
353.398321
21
184.626188
0
LINE
8
0
10
353.398321
20
184.626188
11
348.117988
21
182.280569
0
LINE
8
0
10
348.117988
20
182.280569
11
343.814529
21
180.001759
0
LINE
8
0
10
343.814529
20
180.001759
11
342.493112
21
179.093518
0
LINE
8
0
10
342.493112
20
179.093518
11
341.438602
21
178.376940
0
LINE
8
0
10
341.438602
20
178.376940
11
341.000000
21
178.394218
0
LINE
8
0
10
341.000000
20
178.394218
11
340.821679
21
178.400057
0
LINE
8
0
10
340.821679
20
178.400057
11
339.502615
21
177.833890
0
LINE
8
0
10
339.502615
20
177.833890
11
335.655487
21
175.816120
0
LINE
8
0
10
335.655487
20
175.816120
11
332.263120
21
173.906662
0
LINE
8
0
10
332.263120
20
173.906662
11
329.606566
21
172.401412
0
LINE
8
0
10
329.606566
20
172.401412
11
325.505417
21
170.315348
0
LINE
8
0
10
325.505417
20
170.315348
11
320.516354
21
168.856088
0
LINE
8
0
10
320.516354
20
168.856088
11
316.513120
21
168.497716
0
LINE
8
0
10
316.513120
20
168.497716
11
313.592791
21
168.305412
0
LINE
8
0
10
313.592791
20
168.305412
11
308.524082
21
167.803895
0
LINE
8
0
10
308.524082
20
167.803895
11
307.000000
21
167.556452
0
LINE
8
0
10
307.000000
20
167.556452
11
304.520584
21
167.013987
0
LINE
8
0
10
304.520584
20
167.013987
11
302.070073
21
166.495786
0
LINE
8
0
10
302.070073
20
166.495786
11
300.039602
21
165.945288
0
LINE
8
0
10
300.039602
20
165.945288
11
298.570073
21
165.325171
0
LINE
8
0
10
298.570073
20
165.325171
11
297.462415
21
164.798733
0
LINE
8
0
10
297.462415
20
164.798733
11
296.301978
21
164.473467
0
LINE
8
0
10
296.301978
20
164.473467
11
295.337605
21
164.193230
0
LINE
8
0
10
295.337605
20
164.193230
11
292.243832
21
162.846908
0
LINE
8
0
10
292.243832
20
162.846908
11
288.780489
21
161.062662
0
LINE
8
0
10
288.780489
20
161.062662
11
286.368133
21
159.572334
0
LINE
8
0
10
286.368133
20
159.572334
11
286.000000
21
159.166091
0
LINE
8
0
10
286.000000
20
159.166091
11
285.779831
21
158.843962
0
LINE
8
0
10
285.779831
20
158.843962
11
284.293146
21
157.877588
0
LINE
8
0
10
284.293146
20
157.877588
11
283.209740
21
157.352368
0
LINE
8
0
10
283.209740
20
157.352368
11
281.388056
21
156.405685
0
LINE
8
0
10
281.388056
20
156.405685
11
277.448976
21
153.605612
0
LINE
8
0
10
277.448976
20
153.605612
11
271.208368
21
147.649797
0
LINE
8
0
10
271.208368
20
147.649797
11
263.408254
21
137.862357
0
LINE
8
0
10
263.408254
20
137.862357
11
258.899033
21
130.329483
0
LINE
8
0
10
258.899033
20
130.329483
11
256.938681
21
125.727057
0
LINE
8
0
10
256.938681
20
125.727057
11
256.353701
21
123.653902
0
LINE
8
0
10
256.353701
20
123.653902
11
256.001839
21
121.984193
0
LINE
8
0
10
256.001839
20
121.984193
11
255.038664
21
117.039103
0
LINE
8
0
10
255.038664
20
117.039103
11
253.347885
21
107.786572
0
LINE
8
0
10
253.347885
20
107.786572
11
252.369834
21
102.089952
0
LINE
8
0
10
252.369834
20
102.089952
11
251.903194
21
99.387962
0
LINE
8
0
10
251.903194
20
99.387962
11
250.947348
21
95.803902
0
LINE
8
0
10
250.947348
20
95.803902
11
249.415472
21
94.005457
0
LINE
8
0
10
249.415472
20
94.005457
11
246.652434
21
93.223497
0
LINE
8
0
10
246.652434
20
93.223497
11
244.604501
21
92.973344
0
LINE
8
0
10
244.604501
20
92.973344
11
242.697598
21
92.722379
0
LINE
8
0
10
242.697598
20
92.722379
11
239.679730
21
92.035714
0
LINE
8
0
10
239.679730
20
92.035714
11
237.013229
21
90.482100
0
LINE
8
0
10
237.013229
20
90.482100
11
236.375000
21
89.049235
0
LINE
8
0
10
236.375000
20
89.049235
11
236.316602
21
88.088570
0
LINE
8
0
10
236.316602
20
88.088570
11
236.183398
21
83.586305
0
LINE
8
0
10
236.183398
20
83.586305
11
236.125000
21
80.599235
0
LINE
8
0
10
236.125000
20
80.599235
11
235.999023
21
77.634391
0
LINE
8
0
10
235.999023
20
77.634391
11
235.586304
21
74.351676
0
LINE
8
0
10
235.586304
20
74.351676
11
235.208130
21
73.247184
0
LINE
8
0
10
235.208130
20
73.247184
11
235.000000
21
73.099235
0
LINE
8
0
10
235.000000
20
73.099235
11
234.790992
21
73.244476
0
LINE
8
0
10
234.790992
20
73.244476
11
234.429452
21
74.336095
0
LINE
8
0
10
234.429452
20
74.336095
11
234.074925
21
77.624803
0
LINE
8
0
10
234.074925
20
77.624803
11
234.000000
21
80.644689
0
LINE
8
0
10
234.000000
20
80.644689
11
233.983631
21
82.902562
0
LINE
8
0
10
233.983631
20
82.902562
11
233.796148
21
86.170590
0
LINE
8
0
10
233.796148
20
86.170590
11
232.845427
21
89.104817
0
LINE
8
0
10
232.845427
20
89.104817
11
231.545455
21
90.644689
0
LINE
8
0
10
231.545455
20
90.644689
11
230.118003
21
91.850095
0
LINE
8
0
10
230.118003
20
91.850095
11
226.668875
21
92.989673
0
LINE
8
0
10
226.668875
20
92.989673
11
224.116352
21
93.099235
0
LINE
8
0
10
224.116352
20
93.099235
11
219.141796
21
93.099235
0
LINE
8
0
10
219.141796
20
93.099235
11
218.098760
21
98.349235
0
LINE
8
0
10
218.098760
20
98.349235
11
217.571423
21
101.137320
0
LINE
8
0
10
217.571423
20
101.137320
11
216.189547
21
108.996305
0
LINE
8
0
10
216.189547
20
108.996305
11
215.505208
21
113.099235
0
LINE
8
0
10
215.505208
20
113.099235
11
214.314259
21
118.699910
0
LINE
8
0
10
214.314259
20
118.699910
11
210.432479
21
129.388839
0
LINE
8
0
10
210.432479
20
129.388839
11
204.751970
21
139.218702
0
LINE
8
0
10
204.751970
20
139.218702
11
197.514069
21
147.978499
0
LINE
8
0
10
197.514069
20
147.978499
11
188.960112
21
155.457229
0
LINE
8
0
10
188.960112
20
155.457229
11
179.331437
21
161.443892
0
LINE
8
0
10
179.331437
20
161.443892
11
168.869380
21
165.727487
0
LINE
8
0
10
168.869380
20
165.727487
11
157.815277
21
168.097014
0
LINE
8
0
10
157.815277
20
168.097014
11
152.141626
21
168.498063
0
LINE
8
0
10
152.141626
20
168.498063
11
148.476079
21
168.701683
0
LINE
8
0
10
148.476079
20
168.701683
11
142.854008
21
170.386457
0
LINE
8
0
10
142.854008
20
170.386457
11
139.500000
21
172.286397
0
LINE
8
0
10
139.500000
20
172.286397
11
133.333858
21
175.876385
0
LINE
8
0
10
133.333858
20
175.876385
11
121.592181
21
181.849356
0
LINE
8
0
10
121.592181
20
181.849356
11
111.301880
21
185.948520
0
LINE
8
0
10
111.301880
20
185.948520
11
103.259634
21
187.856517
0
LINE
8
0
10
103.259634
20
187.856517
11
100.330495
21
187.889653
0
LINE
8
0
10
100.330495
20
187.889653
11
96.849711
21
187.483291
0
LINE
8
0
10
96.849711
20
187.483291
11
92.508827
21
196.541263
0
LINE
8
0
10
92.508827
20
196.541263
11
90.727346
21
200.450699
0
LINE
8
0
10
90.727346
20
200.450699
11
86.896392
21
209.882777
0
LINE
8
0
10
86.896392
20
209.882777
11
81.205334
21
226.057896
0
LINE
8
0
10
81.205334
20
226.057896
11
78.012369
21
236.632413
0
LINE
8
0
10
78.012369
20
236.632413
11
76.966721
21
240.166835
0
LINE
8
0
10
76.966721
20
240.166835
11
74.851285
21
245.678498
0
LINE
8
0
10
74.851285
20
245.678498
11
72.400406
21
249.599028
0
LINE
8
0
10
72.400406
20
249.599028
11
69.250176
21
252.510551
0
LINE
8
0
10
69.250176
20
252.510551
11
67.299082
21
253.769848
0
LINE
8
0
10
67.299082
20
253.769848
11
65.026727
21
254.948506
0
LINE
8
0
10
65.026727
20
254.948506
11
60.446179
21
256.462334
0
LINE
8
0
10
60.446179
20
256.462334
11
55.939619
21
256.899461
0
LINE
8
0
10
55.939619
20
256.899461
11
51.653175
21
256.317428
0
LINE
8
0
10
51.653175
20
256.317428
11
47.732975
21
254.773775
0
LINE
8
0
10
47.732975
20
254.773775
11
44.325149
21
252.326044
0
LINE
8
0
10
44.325149
20
252.326044
11
41.575822
21
249.031774
0
LINE
8
0
10
41.575822
20
249.031774
11
39.631124
21
244.948506
0
LINE
8
0
10
39.631124
20
244.948506
11
39.006175
21
242.628980
0
LINE
8
0
10
39.006175
20
242.628980
11
38.627486
21
240.356984
0
LINE
8
0
10
38.627486
20
240.356984
11
38.354065
21
236.015765
0
LINE
8
0
10
38.354065
20
236.015765
11
38.493010
21
234.481238
0
LINE
8
0
10
38.493010
20
234.481238
11
38.837764
21
232.691507
0
LINE
8
0
10
38.837764
20
232.691507
11
39.954069
21
226.627033
0
LINE
8
0
10
39.954069
20
226.627033
11
40.588127
21
223.099235
0
LINE
8
0
10
40.588127
20
223.099235
11
41.238597
21
219.449967
0
LINE
8
0
10
41.238597
20
219.449967
11
42.218404
21
213.982913
0
LINE
8
0
10
42.218404
20
213.982913
11
42.986133
21
209.763946
0
LINE
8
0
10
42.986133
20
209.763946
11
43.663068
21
206.075158
0
LINE
8
0
10
43.663068
20
206.075158
11
44.565093
21
201.175463
0
LINE
8
0
10
44.565093
20
201.175463
11
45.771920
21
194.627725
0
LINE
8
0
10
45.771920
20
194.627725
11
46.514545
21
190.599235
0
LINE
8
0
10
46.514545
20
190.599235
11
47.262789
21
186.520426
0
LINE
8
0
10
47.262789
20
186.520426
11
48.636396
21
178.922965
0
LINE
8
0
10
48.636396
20
178.922965
11
49.735099
21
172.701285
0
LINE
8
0
10
49.735099
20
172.701285
11
50.425626
21
168.610074
0
LINE
8
0
10
50.425626
20
168.610074
11
50.576176
21
167.599235
0
LINE
8
0
10
50.576176
20
167.599235
11
51.593661
21
161.356141
0
LINE
8
0
10
51.593661
20
161.356141
11
53.864030
21
151.470849
0
LINE
8
0
10
53.864030
20
151.470849
11
55.466664
21
146.214319
0
LINE
8
0
10
55.466664
20
146.214319
11
56.190029
21
144.418351
0
LINE
8
0
10
56.190029
20
144.418351
11
57.451643
21
142.064559
0
LINE
8
0
10
57.451643
20
142.064559
11
61.214089
21
137.527896
0
LINE
8
0
10
61.214089
20
137.527896
11
65.934545
21
133.626972
0
LINE
8
0
10
65.934545
20
133.626972
11
70.373386
21
130.480448
0
LINE
8
0
10
70.373386
20
130.480448
11
76.086997
21
126.705202
0
LINE
8
0
10
76.086997
20
126.705202
11
83.282186
21
122.136668
0
LINE
8
0
10
83.282186
20
122.136668
11
87.500000
21
119.503491
0
LINE
8
0
10
87.500000
20
119.503491
11
91.534526
21
116.987494
0
LINE
8
0
10
91.534526
20
116.987494
11
98.580761
21
112.546120
0
LINE
8
0
10
98.580761
20
112.546120
11
104.384950
21
108.806615
0
LINE
8
0
10
104.384950
20
108.806615
11
109.093149
21
105.666224
0
LINE
8
0
10
109.093149
20
105.666224
11
114.419960
21
101.854208
0
LINE
8
0
10
114.419960
20
101.854208
11
119.049583
21
97.909396
0
LINE
8
0
10
119.049583
20
97.909396
11
120.633249
21
96.193457
0
LINE
8
0
10
120.633249
20
96.193457
11
121.552394
21
94.970716
0
LINE
8
0
10
121.552394
20
94.970716
11
122.289957
21
93.045110
0
LINE
8
0
10
122.289957
20
93.045110
11
121.545963
21
91.789177
0
LINE
8
0
10
121.545963
20
91.789177
11
119.303710
21
91.174720
0
LINE
8
0
10
119.303710
20
91.174720
11
117.615517
21
91.099235
0
LINE
8
0
10
117.615517
20
91.099235
11
114.840006
21
90.998960
0
LINE
8
0
10
114.840006
20
90.998960
11
111.058541
21
89.550594
0
LINE
8
0
10
111.058541
20
89.550594
11
109.383275
21
86.524384
0
LINE
8
0
10
109.383275
20
86.524384
11
108.634670
21
83.179276
0
LINE
8
0
10
108.634670
20
83.179276
11
108.065832
21
78.520772
0
LINE
8
0
10
108.065832
20
78.520772
11
107.578343
21
72.333483
0
LINE
8
0
10
107.578343
20
72.333483
11
107.334346
21
68.599235
0
LINE
8
0
10
107.334346
20
68.599235
11
107.156477
21
65.780859
0
LINE
8
0
10
107.156477
20
65.780859
11
106.859141
21
61.044829
0
LINE
8
0
10
106.859141
20
61.044829
11
106.538573
21
55.826680
0
LINE
8
0
10
106.538573
20
55.826680
11
106.213200
21
49.764602
0
LINE
8
0
10
106.213200
20
49.764602
11
106.111303
21
46.849235
0
LINE
8
0
10
106.111303
20
46.849235
11
105.977919
21
45.293291
0
LINE
8
0
10
105.977919
20
45.293291
11
105.277762
21
43.394673
0
LINE
8
0
10
105.277762
20
43.394673
11
104.750000
21
43.157791
0
LINE
8
0
10
104.750000
20
43.157791
11
103.751758
21
43.497827
0
LINE
8
0
10
103.751758
20
43.497827
11
99.622461
21
45.671587
0
LINE
8
0
10
99.622461
20
45.671587
11
97.000000
21
47.237574
0
LINE
8
0
10
136.640773
20
94.144286
11
136.092292
21
95.872963
0
LINE
8
0
10
136.092292
20
95.872963
11
133.762539
21
100.080040
0
LINE
8
0
10
133.762539
20
100.080040
11
128.096748
21
107.071454
0
LINE
8
0
10
128.096748
20
107.071454
11
123.580530
21
111.257979
0
LINE
8
0
10
123.580530
20
111.257979
11
121.972170
21
112.474980
0
LINE
8
0
10
121.972170
20
112.474980
11
116.570337
21
116.218964
0
LINE
8
0
10
116.570337
20
116.218964
11
104.722397
21
123.975768
0
LINE
8
0
10
104.722397
20
123.975768
11
95.662879
21
129.692088
0
LINE
8
0
10
95.662879
20
129.692088
11
91.156860
21
132.508281
0
LINE
8
0
10
91.156860
20
132.508281
11
82.840511
21
137.791764
0
LINE
8
0
10
82.840511
20
137.791764
11
76.130061
21
142.167708
0
LINE
8
0
10
76.130061
20
142.167708
11
71.839485
21
145.105314
0
LINE
8
0
10
71.839485
20
145.105314
11
70.856017
21
145.868864
0
LINE
8
0
10
70.856017
20
145.868864
11
68.661163
21
148.788177
0
LINE
8
0
10
68.661163
20
148.788177
11
67.097000
21
152.434755
0
LINE
8
0
10
67.097000
20
152.434755
11
66.890639
21
153.278390
0
LINE
8
0
10
66.890639
20
153.278390
11
66.295736
21
156.057589
0
LINE
8
0
10
66.295736
20
156.057589
11
65.015589
21
162.573867
0
LINE
8
0
10
65.015589
20
162.573867
11
62.774295
21
174.573623
0
LINE
8
0
10
62.774295
20
174.573623
11
60.186848
21
188.862416
0
LINE
8
0
10
60.186848
20
188.862416
11
57.541931
21
203.808894
0
LINE
8
0
10
57.541931
20
203.808894
11
55.128227
21
217.781706
0
LINE
8
0
10
55.128227
20
217.781706
11
53.643343
21
226.640987
0
LINE
8
0
10
53.643343
20
226.640987
11
52.876029
21
231.393242
0
LINE
8
0
10
52.876029
20
231.393242
11
52.328902
21
234.984445
0
LINE
8
0
10
52.328902
20
234.984445
11
52.038048
21
237.210678
0
LINE
8
0
10
52.038048
20
237.210678
11
52.000000
21
237.748206
0
LINE
8
0
10
52.000000
20
237.748206
11
52.156743
21
239.250586
0
LINE
8
0
10
52.156743
20
239.250586
11
53.295159
21
241.702426
0
LINE
8
0
10
53.295159
20
241.702426
11
55.276742
21
243.220370
0
LINE
8
0
10
55.276742
20
243.220370
11
57.793407
21
243.568417
0
LINE
8
0
10
57.793407
20
243.568417
11
59.156118
21
243.229978
0
LINE
8
0
10
59.156118
20
243.229978
11
61.310261
21
242.119102
0
LINE
8
0
10
61.310261
20
242.119102
11
63.562889
21
238.777015
0
LINE
8
0
10
63.562889
20
238.777015
11
65.044381
21
234.301680
0
LINE
8
0
10
65.044381
20
234.301680
11
65.941597
21
231.099235
0
LINE
8
0
10
65.941597
20
231.099235
11
67.409415
21
226.098333
0
LINE
8
0
10
67.409415
20
226.098333
11
71.324510
21
214.422969
0
LINE
8
0
10
71.324510
20
214.422969
11
75.863241
21
202.333591
0
LINE
8
0
10
75.863241
20
202.333591
11
79.184008
21
194.306798
0
LINE
8
0
10
79.184008
20
194.306798
11
81.166296
21
189.962098
0
LINE
8
0
10
81.166296
20
189.962098
11
82.049593
21
188.193925
0
LINE
8
0
10
82.049593
20
188.193925
11
85.902273
21
180.788616
0
LINE
8
0
10
85.902273
20
180.788616
11
83.451136
21
176.606068
0
LINE
8
0
10
83.451136
20
176.606068
11
82.394909
21
174.539664
0
LINE
8
0
10
82.394909
20
174.539664
11
81.163286
21
170.447557
0
LINE
8
0
10
81.163286
20
170.447557
11
81.110047
21
166.687989
0
LINE
8
0
10
81.110047
20
166.687989
11
82.239919
21
163.594888
0
LINE
8
0
10
82.239919
20
163.594888
11
83.250000
21
162.402616
0
LINE
8
0
10
83.250000
20
162.402616
11
84.041369
21
161.765981
0
LINE
8
0
10
84.041369
20
161.765981
11
87.355655
21
159.365183
0
LINE
8
0
10
87.355655
20
159.365183
11
95.494474
21
153.751600
0
LINE
8
0
10
95.494474
20
153.751600
11
102.128579
21
149.294848
0
LINE
8
0
10
102.128579
20
149.294848
11
104.800690
21
147.512993
0
LINE
8
0
10
104.800690
20
147.512993
11
109.290928
21
144.482051
0
LINE
8
0
10
109.290928
20
144.482051
11
114.190255
21
141.017171
0
LINE
8
0
10
114.190255
20
141.017171
11
118.132427
21
137.715106
0
LINE
8
0
10
118.132427
20
137.715106
11
120.283431
21
134.939774
0
LINE
8
0
10
120.283431
20
134.939774
11
121.085813
21
133.415781
0
LINE
8
0
10
121.085813
20
133.415781
11
124.116161
21
128.577124
0
LINE
8
0
10
124.116161
20
128.577124
11
130.173559
21
122.003019
0
LINE
8
0
10
130.173559
20
122.003019
11
133.851176
21
119.461456
0
LINE
8
0
10
133.851176
20
119.461456
11
135.229875
21
119.099235
0
LINE
8
0
10
135.229875
20
119.099235
11
137.604330
21
119.445841
0
LINE
8
0
10
137.604330
20
119.445841
11
140.919698
21
121.819151
0
LINE
8
0
10
140.919698
20
121.819151
11
142.053474
21
125.544711
0
LINE
8
0
10
142.053474
20
125.544711
11
140.681416
21
129.557068
0
LINE
8
0
10
140.681416
20
129.557068
11
138.954373
21
131.337840
0
LINE
8
0
10
138.954373
20
131.337840
11
137.515454
21
132.771403
0
LINE
8
0
10
137.515454
20
132.771403
11
134.161642
21
137.472129
0
LINE
8
0
10
134.161642
20
137.472129
11
132.659830
21
140.160318
0
LINE
8
0
10
132.659830
20
140.160318
11
130.509535
21
144.020553
0
LINE
8
0
10
130.509535
20
144.020553
11
125.526768
21
148.977537
0
LINE
8
0
10
125.526768
20
148.977537
11
120.727319
21
152.443568
0
LINE
8
0
10
120.727319
20
152.443568
11
116.197350
21
155.547023
0
LINE
8
0
10
116.197350
20
155.547023
11
113.455456
21
157.406455
0
LINE
8
0
10
113.455456
20
157.406455
11
110.219726
21
159.596582
0
LINE
8
0
10
110.219726
20
159.596582
11
104.293549
21
163.599116
0
LINE
8
0
10
104.293549
20
163.599116
11
99.571711
21
166.776813
0
LINE
8
0
10
99.571711
20
166.776813
11
96.626972
21
168.744220
0
LINE
8
0
10
96.626972
20
168.744220
11
96.000000
21
169.153610
0
LINE
8
0
10
96.000000
20
169.153610
11
95.345047
21
169.729969
0
LINE
8
0
10
95.345047
20
169.729969
11
95.950285
21
171.299032
0
LINE
8
0
10
95.950285
20
171.299032
11
97.339027
21
172.625002
0
LINE
8
0
10
97.339027
20
172.625002
11
98.916315
21
173.874249
0
LINE
8
0
10
98.916315
20
173.874249
11
101.881468
21
174.751801
0
LINE
8
0
10
101.881468
20
174.751801
11
103.839027
21
174.548711
0
LINE
8
0
10
103.839027
20
174.548711
11
106.067450
21
173.965886
0
LINE
8
0
10
106.067450
20
173.965886
11
112.834467
21
171.303634
0
LINE
8
0
10
112.834467
20
171.303634
11
126.085211
21
164.834117
0
LINE
8
0
10
126.085211
20
164.834117
11
134.905134
21
159.854522
0
LINE
8
0
10
134.905134
20
159.854522
11
143.411639
21
154.716350
0
LINE
8
0
10
143.411639
20
154.716350
11
151.455819
21
154.918617
0
LINE
8
0
10
151.455819
20
154.918617
11
155.724183
21
154.907533
0
LINE
8
0
10
155.724183
20
154.907533
11
162.693390
21
153.843349
0
LINE
8
0
10
162.693390
20
153.843349
11
166.489355
21
152.623027
0
LINE
8
0
10
166.489355
20
152.623027
11
171.469547
21
150.557309
0
LINE
8
0
10
171.469547
20
150.557309
11
180.917217
21
144.996494
0
LINE
8
0
10
180.917217
20
144.996494
11
189.219541
21
137.923216
0
LINE
8
0
10
189.219541
20
137.923216
11
195.822446
21
129.809525
0
LINE
8
0
10
195.822446
20
129.809525
11
198.313468
21
125.510040
0
LINE
8
0
10
198.313468
20
125.510040
11
198.899684
21
124.158068
0
LINE
8
0
10
198.899684
20
124.158068
11
200.161200
21
120.291090
0
LINE
8
0
10
200.161200
20
120.291090
11
202.083395
21
112.598221
0
LINE
8
0
10
202.083395
20
112.598221
11
204.162351
21
101.651097
0
LINE
8
0
10
204.162351
20
101.651097
11
204.908740
21
95.292046
0
LINE
8
0
10
204.908740
20
95.292046
11
204.826480
21
92.949431
0
LINE
8
0
10
204.826480
20
92.949431
11
204.572836
21
92.550187
0
LINE
8
0
10
204.572836
20
92.550187
11
204.291436
21
92.512943
0
LINE
8
0
10
204.291436
20
92.512943
11
202.756730
21
92.432752
0
LINE
8
0
10
202.756730
20
92.432752
11
198.288289
21
92.303206
0
LINE
8
0
10
198.288289
20
92.303206
11
189.023923
21
92.127205
0
LINE
8
0
10
189.023923
20
92.127205
11
177.010881
21
91.967034
0
LINE
8
0
10
177.010881
20
91.967034
11
170.324783
21
91.899556
0
LINE
8
0
10
170.324783
20
91.899556
11
137.149566
21
91.599235
0
LINE
8
0
10
137.149566
20
91.599235
11
136.640773
21
94.144286
0
LINE
8
0
10
295.000000
20
92.077141
11
290.317243
21
92.159920
0
LINE
8
0
10
290.317243
20
92.159920
11
282.408321
21
92.320171
0
LINE
8
0
10
282.408321
20
92.320171
11
276.266768
21
92.485011
0
LINE
8
0
10
276.266768
20
92.485011
11
271.682879
21
92.668439
0
LINE
8
0
10
271.682879
20
92.668439
11
268.446953
21
92.884454
0
LINE
8
0
10
268.446953
20
92.884454
11
266.349284
21
93.147054
0
LINE
8
0
10
266.349284
20
93.147054
11
264.878289
21
93.658925
0
LINE
8
0
10
264.878289
20
93.658925
11
264.708814
21
94.099235
0
LINE
8
0
10
264.708814
20
94.099235
11
265.515236
21
99.586369
0
LINE
8
0
10
265.515236
20
99.586369
11
267.232728
21
109.243174
0
LINE
8
0
10
267.232728
20
109.243174
11
269.191438
21
117.352200
0
LINE
8
0
10
269.191438
20
117.352200
11
271.513391
21
124.164053
0
LINE
8
0
10
271.513391
20
124.164053
11
275.944329
21
132.497836
0
LINE
8
0
10
275.944329
20
132.497836
11
284.262497
21
141.408439
0
LINE
8
0
10
284.262497
20
141.408439
11
289.729100
21
145.484273
0
LINE
8
0
10
289.729100
20
145.484273
11
293.367562
21
147.819849
0
LINE
8
0
10
293.367562
20
147.819849
11
300.504066
21
151.467632
0
LINE
8
0
10
300.504066
20
151.467632
11
307.607309
21
153.801510
0
LINE
8
0
10
307.607309
20
153.801510
11
314.862052
21
154.882189
0
LINE
8
0
10
314.862052
20
154.882189
11
318.603973
21
154.971549
0
LINE
8
0
10
318.603973
20
154.971549
11
321.281846
21
154.943023
0
LINE
8
0
10
321.281846
20
154.943023
11
325.179698
21
155.160561
0
LINE
8
0
10
325.179698
20
155.160561
11
328.419085
21
156.128167
0
LINE
8
0
10
328.419085
20
156.128167
11
332.542483
21
158.306581
0
LINE
8
0
10
332.542483
20
158.306581
11
335.417710
21
159.993820
0
LINE
8
0
10
335.417710
20
159.993820
11
339.939573
21
162.621174
0
LINE
8
0
10
339.939573
20
162.621174
11
348.023202
21
167.042415
0
LINE
8
0
10
348.023202
20
167.042415
11
354.940678
21
170.407817
0
LINE
8
0
10
354.940678
20
170.407817
11
360.828774
21
172.783919
0
LINE
8
0
10
360.828774
20
172.783919
11
363.429546
21
173.621776
0
LINE
8
0
10
363.429546
20
173.621776
11
365.284429
21
174.151395
0
LINE
8
0
10
365.284429
20
174.151395
11
367.870133
21
174.747309
0
LINE
8
0
10
367.870133
20
174.747309
11
370.207504
21
174.457368
0
LINE
8
0
10
370.207504
20
174.457368
11
371.725273
21
173.455026
0
LINE
8
0
10
371.725273
20
173.455026
11
372.701803
21
172.659667
0
LINE
8
0
10
372.701803
20
172.659667
11
374.103195
21
171.165861
0
LINE
8
0
10
374.103195
20
171.165861
11
374.355452
21
170.651402
0
LINE
8
0
10
374.355452
20
170.651402
11
374.119157
21
170.281588
0
LINE
8
0
10
374.119157
20
170.281588
11
372.208098
21
168.615849
0
LINE
8
0
10
372.208098
20
168.615849
11
368.730598
21
165.981574
0
LINE
8
0
10
368.730598
20
165.981574
11
364.108476
21
162.698300
0
LINE
8
0
10
364.108476
20
162.698300
11
361.500000
21
160.913144
0
LINE
8
0
10
361.500000
20
160.913144
11
357.709942
21
158.350016
0
LINE
8
0
10
357.709942
20
158.350016
11
351.524428
21
154.147711
0
LINE
8
0
10
351.524428
20
154.147711
11
346.959250
21
150.977831
0
LINE
8
0
10
346.959250
20
150.977831
11
343.727450
21
148.600968
0
LINE
8
0
10
343.727450
20
148.600968
11
340.752112
21
145.998875
0
LINE
8
0
10
340.752112
20
145.998875
11
338.773535
21
143.070500
0
LINE
8
0
10
338.773535
20
143.070500
11
337.990821
21
141.299535
0
LINE
8
0
10
337.990821
20
141.299535
11
335.340668
21
136.698621
0
LINE
8
0
10
335.340668
20
136.698621
11
331.938203
21
132.538891
0
LINE
8
0
10
331.938203
20
132.538891
11
330.171544
21
130.649324
0
LINE
8
0
10
330.171544
20
130.649324
11
328.231573
21
127.377156
0
LINE
8
0
10
328.231573
20
127.377156
11
328.000000
21
125.896287
0
LINE
8
0
10
328.000000
20
125.896287
11
328.550327
21
123.362006
0
LINE
8
0
10
328.550327
20
123.362006
11
330.998605
21
120.329713
0
LINE
8
0
10
330.998605
20
120.329713
11
333.301103
21
119.248161
0
LINE
8
0
10
333.301103
20
119.248161
11
334.547619
21
119.099235
0
LINE
8
0
10
334.547619
20
119.099235
11
335.992192
21
119.450174
0
LINE
8
0
10
335.992192
20
119.450174
11
339.732336
21
121.927429
0
LINE
8
0
10
339.732336
20
121.927429
11
345.808411
21
128.430474
0
LINE
8
0
10
345.808411
20
128.430474
11
348.877315
21
133.339614
0
LINE
8
0
10
348.877315
20
133.339614
11
349.668923
21
134.834477
0
LINE
8
0
10
349.668923
20
134.834477
11
351.831821
21
137.597654
0
LINE
8
0
10
351.831821
20
137.597654
11
355.798201
21
140.922704
0
LINE
8
0
10
355.798201
20
140.922704
11
360.700464
21
144.408874
0
LINE
8
0
10
360.700464
20
144.408874
11
365.176335
21
147.448532
0
LINE
8
0
10
365.176335
20
147.448532
11
367.834549
21
149.231621
0
LINE
8
0
10
367.834549
20
149.231621
11
371.228209
21
151.513228
0
LINE
8
0
10
371.228209
20
151.513228
11
377.521248
21
155.803717
0
LINE
8
0
10
377.521248
20
155.803717
11
382.638026
21
159.370074
0
LINE
8
0
10
382.638026
20
159.370074
11
385.957878
21
161.779702
0
LINE
8
0
10
385.957878
20
161.779702
11
386.750000
21
162.415556
0
LINE
8
0
10
386.750000
20
162.415556
11
387.761298
21
163.603236
0
LINE
8
0
10
387.761298
20
163.603236
11
388.891542
21
166.691122
0
LINE
8
0
10
388.891542
20
166.691122
11
388.836088
21
170.450918
0
LINE
8
0
10
388.836088
20
170.450918
11
387.599858
21
174.548869
0
LINE
8
0
10
387.599858
20
174.548869
11
386.540491
21
176.620355
0
LINE
8
0
10
386.540491
20
176.620355
11
384.080981
21
180.817190
0
LINE
8
0
10
384.080981
20
180.817190
11
387.480064
21
187.218448
0
LINE
8
0
10
387.480064
20
187.218448
11
389.352313
21
190.976746
0
LINE
8
0
10
389.352313
20
190.976746
11
393.482980
21
200.476740
0
LINE
8
0
10
393.482980
20
200.476740
11
399.697989
21
217.211092
0
LINE
8
0
10
399.697989
20
217.211092
11
403.117900
21
228.099235
0
LINE
8
0
10
403.117900
20
228.099235
11
404.342612
21
232.330495
0
LINE
8
0
10
404.342612
20
232.330495
11
406.217896
21
238.097673
0
LINE
8
0
10
406.217896
20
238.097673
11
407.797221
21
241.190659
0
LINE
8
0
10
407.797221
20
241.190659
11
409.644060
21
242.712973
0
LINE
8
0
10
409.644060
20
242.712973
11
410.843882
21
243.229978
0
LINE
8
0
10
410.843882
20
243.229978
11
412.203140
21
243.567136
0
LINE
8
0
10
412.203140
20
243.567136
11
414.717972
21
243.219659
0
LINE
8
0
10
414.717972
20
243.219659
11
416.701669
21
241.707635
0
LINE
8
0
10
416.701669
20
241.707635
11
417.842763
21
239.268470
0
LINE
8
0
10
417.842763
20
239.268470
11
418.000000
21
237.775401
0
LINE
8
0
10
418.000000
20
237.775401
11
417.957152
21
236.946556
0
LINE
8
0
10
417.957152
20
236.946556
11
417.629739
21
234.121422
0
LINE
8
0
10
417.629739
20
234.121422
11
417.014204
21
229.921156
0
LINE
8
0
10
417.014204
20
229.921156
11
416.151543
21
224.563508
0
LINE
8
0
10
416.151543
20
224.563508
11
414.483876
21
214.833276
0
LINE
8
0
10
414.483876
20
214.833276
11
411.778027
21
199.841135
0
LINE
8
0
10
411.778027
20
199.841135
11
408.821640
21
184.138975
0
LINE
8
0
10
408.821640
20
184.138975
11
405.942695
21
169.468798
0
LINE
8
0
10
405.942695
20
169.468798
11
404.031611
21
160.191327
0
LINE
8
0
10
404.031611
20
160.191327
11
402.952580
21
155.236135
0
LINE
8
0
10
402.952580
20
155.236135
11
402.077400
21
151.518816
0
LINE
8
0
10
402.077400
20
151.518816
11
401.447068
21
149.257119
0
LINE
8
0
10
401.447068
20
149.257119
11
401.236533
21
148.740176
0
LINE
8
0
10
401.236533
20
148.740176
11
400.562787
21
147.836195
0
LINE
8
0
10
400.562787
20
147.836195
11
397.955211
21
145.449490
0
LINE
8
0
10
397.955211
20
145.449490
11
393.569097
21
142.218630
0
LINE
8
0
10
393.569097
20
142.218630
11
387.286337
21
138.056614
0
LINE
8
0
10
387.286337
20
138.056614
11
383.396806
21
135.599235
0
LINE
8
0
10
383.396806
20
135.599235
11
376.640979
21
131.369414
0
LINE
8
0
10
376.640979
20
131.369414
11
365.216753
21
124.113658
0
LINE
8
0
10
365.216753
20
124.113658
11
356.265169
21
118.216567
0
LINE
8
0
10
356.265169
20
118.216567
11
349.413514
21
113.382320
0
LINE
8
0
10
349.413514
20
113.382320
11
344.289072
21
109.315097
0
LINE
8
0
10
344.289072
20
109.315097
11
340.519130
21
105.719079
0
LINE
8
0
10
340.519130
20
105.719079
11
336.588591
21
100.561454
0
LINE
8
0
10
336.588591
20
100.561454
11
334.574273
21
96.849235
0
LINE
8
0
10
334.574273
20
96.849235
11
333.692764
21
95.078550
0
LINE
8
0
10
333.692764
20
95.078550
11
332.317083
21
92.712671
0
LINE
8
0
10
332.317083
20
92.712671
11
330.416825
21
91.354337
0
LINE
8
0
10
330.416825
20
91.354337
11
328.632650
21
91.327141
0
LINE
8
0
10
328.632650
20
91.327141
11
328.155300
21
91.353066
0
LINE
8
0
10
328.155300
20
91.353066
11
326.326562
21
91.418294
0
LINE
8
0
10
326.326562
20
91.418294
11
321.657006
21
91.543817
0
LINE
8
0
10
321.657006
20
91.543817
11
312.559111
21
91.746697
0
LINE
8
0
10
312.559111
20
91.746697
11
301.190745
21
91.967612
0
LINE
8
0
10
301.190745
20
91.967612
11
295.000000
21
92.077141
0
LINE
8
0
10
205.000000
20
16.750890
11
199.926913
21
17.216043
0
LINE
8
0
10
199.926913
20
17.216043
11
188.689669
21
18.500039
0
LINE
8
0
10
188.689669
20
18.500039
11
177.107383
21
20.102124
0
LINE
8
0
10
177.107383
20
20.102124
11
166.511712
21
21.838099
0
LINE
8
0
10
166.511712
20
21.838099
11
162.000000
21
22.698734
0
LINE
8
0
10
162.000000
20
22.698734
11
156.248086
21
23.995001
0
LINE
8
0
10
156.248086
20
23.995001
11
143.221257
21
27.525300
0
LINE
8
0
10
143.221257
20
27.525300
11
130.811715
21
31.465246
0
LINE
8
0
10
130.811715
20
31.465246
11
123.821146
21
34.082149
0
LINE
8
0
10
123.821146
20
34.082149
11
121.008641
21
35.429324
0
LINE
8
0
10
121.008641
20
35.429324
11
120.305699
21
35.936393
0
LINE
8
0
10
120.305699
20
35.936393
11
119.783857
21
36.818096
0
LINE
8
0
10
119.783857
20
36.818096
11
119.216889
21
40.710748
0
LINE
8
0
10
119.216889
20
40.710748
11
119.214709
21
46.073823
0
LINE
8
0
10
119.214709
20
46.073823
11
119.417524
21
51.089246
0
LINE
8
0
10
119.417524
20
51.089246
11
119.785510
21
57.428700
0
LINE
8
0
10
119.785510
20
57.428700
11
120.320168
21
65.239611
0
LINE
8
0
10
120.320168
20
65.239611
11
120.650469
21
69.742934
0
LINE
8
0
10
120.650469
20
69.742934
11
121.257788
21
77.886634
0
LINE
8
0
10
121.257788
20
77.886634
11
142.378894
21
78.470145
0
LINE
8
0
10
142.378894
20
78.470145
11
147.206445
21
78.599151
0
LINE
8
0
10
147.206445
20
78.599151
11
159.077052
21
78.894817
0
LINE
8
0
10
159.077052
20
78.894817
11
179.359597
21
79.361007
0
LINE
8
0
10
179.359597
20
79.361007
11
192.150723
21
79.631363
0
LINE
8
0
10
192.150723
20
79.631363
11
220.801447
21
80.209071
0
LINE
8
0
10
220.801447
20
80.209071
11
221.137601
21
65.904153
0
LINE
8
0
10
221.137601
20
65.904153
11
221.205395
21
62.673419
0
LINE
8
0
10
221.205395
20
62.673419
11
221.327459
21
54.921232
0
LINE
8
0
10
221.327459
20
54.921232
11
221.455257
21
42.022904
0
LINE
8
0
10
221.455257
20
42.022904
11
221.486877
21
34.099235
0
LINE
8
0
10
221.486877
20
34.099235
11
221.500000
21
16.599235
0
LINE
8
0
10
221.500000
20
16.599235
11
215.500000
21
16.490358
0
LINE
8
0
10
215.500000
20
16.490358
11
209.940625
21
16.521978
0
LINE
8
0
10
209.940625
20
16.521978
11
205.000000
21
16.750890
0
LINE
8
0
10
248.666667
20
16.765901
11
248.516551
21
17.194678
0
LINE
8
0
10
248.516551
20
17.194678
11
248.276132
21
19.549111
0
LINE
8
0
10
248.276132
20
19.549111
11
248.115496
21
23.643162
0
LINE
8
0
10
248.115496
20
23.643162
11
248.034687
21
29.169367
0
LINE
8
0
10
248.034687
20
29.169367
11
248.063244
21
39.471389
0
LINE
8
0
10
248.063244
20
39.471389
11
248.381121
21
55.350298
0
LINE
8
0
10
248.381121
20
55.350298
11
248.660071
21
63.516337
0
LINE
8
0
10
248.660071
20
63.516337
11
249.320142
21
80.252863
0
LINE
8
0
10
249.320142
20
80.252863
11
276.910071
21
79.657777
0
LINE
8
0
10
276.910071
20
79.657777
11
282.903142
21
79.526239
0
LINE
8
0
10
282.903142
20
79.526239
11
296.093894
21
79.224916
0
LINE
8
0
10
296.093894
20
79.224916
11
309.532387
21
78.904938
0
LINE
8
0
10
309.532387
20
78.904938
11
321.588538
21
78.605118
0
LINE
8
0
10
321.588538
20
78.605118
11
326.588834
21
78.474897
0
LINE
8
0
10
326.588834
20
78.474897
11
348.677668
21
77.887105
0
LINE
8
0
10
348.677668
20
77.887105
11
349.910513
21
58.243170
0
LINE
8
0
10
349.910513
20
58.243170
11
350.144822
21
54.262724
0
LINE
8
0
10
350.144822
20
54.262724
11
350.486522
21
46.990973
0
LINE
8
0
10
350.486522
20
46.990973
11
350.643165
21
41.221293
0
LINE
8
0
10
350.643165
20
41.221293
11
350.595750
21
37.653545
0
LINE
8
0
10
350.595750
20
37.653545
11
350.489582
21
36.914102
0
LINE
8
0
10
350.489582
20
36.914102
11
350.119881
21
36.467761
0
LINE
8
0
10
350.119881
20
36.467761
11
348.204531
21
35.259877
0
LINE
8
0
10
348.204531
20
35.259877
11
343.125658
21
32.933801
0
LINE
8
0
10
343.125658
20
32.933801
11
334.291490
21
29.638971
0
LINE
8
0
10
334.291490
20
29.638971
11
327.831816
21
27.661579
0
LINE
8
0
10
327.831816
20
27.661579
11
324.338407
21
26.852189
0
LINE
8
0
10
324.338407
20
26.852189
11
322.982419
21
26.654909
0
LINE
8
0
10
322.982419
20
26.654909
11
321.594214
21
26.353167
0
LINE
8
0
10
321.594214
20
26.353167
11
320.387686
21
25.838838
0
LINE
8
0
10
320.387686
20
25.838838
11
319.638559
21
25.464429
0
LINE
8
0
10
319.638559
20
25.464429
11
317.233147
21
24.654976
0
LINE
8
0
10
317.233147
20
24.654976
11
311.676974
21
23.329673
0
LINE
8
0
10
311.676974
20
23.329673
11
301.527919
21
21.468460
0
LINE
8
0
10
301.527919
20
21.468460
11
289.497415
21
19.657900
0
LINE
8
0
10
289.497415
20
19.657900
11
276.950104
21
18.070625
0
LINE
8
0
10
276.950104
20
18.070625
11
265.250627
21
16.879267
0
LINE
8
0
10
265.250627
20
16.879267
11
255.763625
21
16.256457
0
LINE
8
0
10
255.763625
20
16.256457
11
250.921228
21
16.266308
0
LINE
8
0
10
250.921228
20
16.266308
11
249.095112
21
16.540459
0
LINE
8
0
10
249.095112
20
16.540459
11
248.666667
21
16.765901
0
LINE
8
0
10
252.000000
20
298.226955
11
247.549147
21
299.726129
0
LINE
8
0
10
247.549147
20
299.726129
11
239.608473
21
304.224595
0
LINE
8
0
10
239.608473
20
304.224595
11
232.969790
21
310.703096
0
LINE
8
0
10
232.969790
20
310.703096
11
227.657839
21
319.137491
0
LINE
8
0
10
227.657839
20
319.137491
11
225.507119
21
324.080604
0
LINE
8
0
10
225.507119
20
324.080604
11
224.477102
21
326.873513
0
LINE
8
0
10
224.477102
20
326.873513
11
223.407285
21
330.121183
0
LINE
8
0
10
223.407285
20
330.121183
11
223.124118
21
331.303102
0
LINE
8
0
10
223.124118
20
331.303102
11
223.140667
21
331.507714
0
LINE
8
0
10
223.140667
20
331.507714
11
223.434772
21
331.612833
0
LINE
8
0
10
223.434772
20
331.612833
11
225.204727
21
332.058787
0
LINE
8
0
10
225.204727
20
332.058787
11
230.122958
21
333.159974
0
LINE
8
0
10
230.122958
20
333.159974
11
234.373153
21
334.060131
0
LINE
8
0
10
234.373153
20
334.060131
11
238.263621
21
334.854770
0
LINE
8
0
10
238.263621
20
334.854770
11
243.378634
21
335.614027
0
LINE
8
0
10
243.378634
20
335.614027
11
245.947166
21
335.042141
0
LINE
8
0
10
245.947166
20
335.042141
11
247.178919
21
332.869770
0
LINE
8
0
10
247.178919
20
332.869770
11
247.671535
21
331.099235
0
LINE
8
0
10
247.671535
20
331.099235
11
249.096453
21
327.619526
0
LINE
8
0
10
249.096453
20
327.619526
11
254.331357
21
320.936973
0
LINE
8
0
10
254.331357
20
320.936973
11
257.509360
21
318.540881
0
LINE
8
0
10
257.509360
20
318.540881
11
260.019432
21
317.308550
0
LINE
8
0
10
260.019432
20
317.308550
11
265.005207
21
316.157858
0
LINE
8
0
10
265.005207
20
316.157858
11
269.730830
21
316.577648
0
LINE
8
0
10
269.730830
20
316.577648
11
273.939106
21
318.350146
0
LINE
8
0
10
273.939106
20
318.350146
11
277.372841
21
321.257578
0
LINE
8
0
10
277.372841
20
321.257578
11
279.774842
21
325.082174
0
LINE
8
0
10
279.774842
20
325.082174
11
280.887913
21
329.606158
0
LINE
8
0
10
280.887913
20
329.606158
11
280.454861
21
334.611758
0
LINE
8
0
10
280.454861
20
334.611758
11
279.578165
21
337.227111
0
LINE
8
0
10
279.578165
20
337.227111
11
278.383057
21
339.492828
0
LINE
8
0
10
278.383057
20
339.492828
11
274.440593
21
344.085578
0
LINE
8
0
10
274.440593
20
344.085578
11
268.138514
21
348.985520
0
LINE
8
0
10
268.138514
20
348.985520
11
259.128881
21
354.463183
0
LINE
8
0
10
259.128881
20
354.463183
11
253.500000
21
357.503199
0
LINE
8
0
10
253.500000
20
357.503199
11
251.907422
21
358.356629
0
LINE
8
0
10
251.907422
20
358.356629
11
249.509766
21
359.740679
0
LINE
8
0
10
249.509766
20
359.740679
11
249.000000
21
360.100829
0
LINE
8
0
10
249.000000
20
360.100829
11
248.574736
21
360.413822
0
LINE
8
0
10
248.574736
20
360.413822
11
246.747674
21
361.479447
0
LINE
8
0
10
246.747674
20
361.479447
11
245.570911
21
362.100829
0
LINE
8
0
10
245.570911
20
362.100829
11
243.471064
21
363.393440
0
LINE
8
0
10
243.471064
20
363.393440
11
238.642889
21
367.403569
0
LINE
8
0
10
238.642889
20
367.403569
11
233.842553
21
372.410500
0
LINE
8
0
10
233.842553
20
372.410500
11
230.109033
21
377.330539
0
LINE
8
0
10
230.109033
20
377.330539
11
228.967009
21
379.419321
0
LINE
8
0
10
228.967009
20
379.419321
11
227.969339
21
382.084534
0
LINE
8
0
10
227.969339
20
382.084534
11
226.981515
21
388.052726
0
LINE
8
0
10
226.981515
20
388.052726
11
226.898074
21
391.919321
0
LINE
8
0
10
226.898074
20
391.919321
11
227.178581
21
397.323395
0
LINE
8
0
10
227.178581
20
397.323395
11
229.210062
21
406.652123
0
LINE
8
0
10
229.210062
20
406.652123
11
233.256961
21
414.109263
0
LINE
8
0
10
233.256961
20
414.109263
11
239.385033
21
419.815985
0
LINE
8
0
10
239.385033
20
419.815985
11
243.250058
21
422.050803
0
LINE
8
0
10
243.250058
20
422.050803
11
247.634524
21
423.913013
0
LINE
8
0
10
247.634524
20
423.913013
11
257.013935
21
426.247299
0
LINE
8
0
10
257.013935
20
426.247299
11
266.773678
21
426.707618
0
LINE
8
0
10
266.773678
20
426.707618
11
276.393387
21
425.269429
0
LINE
8
0
10
276.393387
20
425.269429
11
280.988113
21
423.830724
0
LINE
8
0
10
280.988113
20
423.830724
11
283.576889
21
422.628764
0
LINE
8
0
10
283.576889
20
422.628764
11
289.011306
21
418.889275
0
LINE
8
0
10
289.011306
20
418.889275
11
294.173707
21
413.956226
0
LINE
8
0
10
294.173707
20
413.956226
11
298.326689
21
408.534259
0
LINE
8
0
10
298.326689
20
408.534259
11
299.794209
21
405.860133
0
LINE
8
0
10
299.794209
20
405.860133
11
301.044368
21
403.035901
0
LINE
8
0
10
301.044368
20
403.035901
11
301.976967
21
399.069156
0
LINE
8
0
10
301.976967
20
399.069156
11
300.295924
21
396.565148
0
LINE
8
0
10
300.295924
20
396.565148
11
295.373225
21
394.588412
0
LINE
8
0
10
295.373225
20
394.588412
11
291.500000
21
393.505439
0
LINE
8
0
10
291.500000
20
393.505439
11
288.089601
21
392.591491
0
LINE
8
0
10
288.089601
20
392.591491
11
283.701039
21
391.654747
0
LINE
8
0
10
283.701039
20
391.654747
11
281.424362
21
392.154488
0
LINE
8
0
10
281.424362
20
392.154488
11
279.902253
21
394.388651
0
LINE
8
0
10
279.902253
20
394.388651
11
279.000000
21
396.249246
0
LINE
8
0
10
279.000000
20
396.249246
11
277.743483
21
398.476633
0
LINE
8
0
10
277.743483
20
398.476633
11
274.481504
21
402.775064
0
LINE
8
0
10
274.481504
20
402.775064
11
272.877810
21
404.316683
0
LINE
8
0
10
272.877810
20
404.316683
11
270.818884
21
405.806504
0
LINE
8
0
10
270.818884
20
405.806504
11
266.669845
21
407.129239
0
LINE
8
0
10
266.669845
20
407.129239
11
263.701640
21
407.242092
0
LINE
8
0
10
263.701640
20
407.242092
11
260.499554
21
407.027975
0
LINE
8
0
10
260.499554
20
407.027975
11
255.366339
21
405.318417
0
LINE
8
0
10
255.366339
20
405.318417
11
251.935275
21
401.907918
0
LINE
8
0
10
251.935275
20
401.907918
11
250.215407
21
396.805472
0
LINE
8
0
10
250.215407
20
396.805472
11
250.000000
21
393.622579
0
LINE
8
0
10
250.000000
20
393.622579
11
250.134385
21
391.062089
0
LINE
8
0
10
250.134385
20
391.062089
11
251.252879
21
388.183359
0
LINE
8
0
10
251.252879
20
388.183359
11
252.995263
21
386.110208
0
LINE
8
0
10
252.995263
20
386.110208
11
254.264586
21
384.822919
0
LINE
8
0
10
254.264586
20
384.822919
11
255.336945
21
383.857886
0
LINE
8
0
10
255.336945
20
383.857886
11
258.455887
21
381.486693
0
LINE
8
0
10
258.455887
20
381.486693
11
264.657307
21
377.438359
0
LINE
8
0
10
264.657307
20
377.438359
11
269.097162
21
374.887213
0
LINE
8
0
10
269.097162
20
374.887213
11
272.301334
21
373.138406
0
LINE
8
0
10
272.301334
20
373.138406
11
277.959942
21
369.934167
0
LINE
8
0
10
277.959942
20
369.934167
11
284.801784
21
365.686958
0
LINE
8
0
10
284.801784
20
365.686958
11
291.490734
21
360.579741
0
LINE
8
0
10
291.490734
20
360.579741
11
296.291328
21
355.425968
0
LINE
8
0
10
296.291328
20
355.425968
11
298.287852
21
352.599235
0
LINE
8
0
10
298.287852
20
352.599235
11
301.061969
21
347.593538
0
LINE
8
0
10
301.061969
20
347.593538
11
303.413629
21
339.773348
0
LINE
8
0
10
303.413629
20
339.773348
11
303.897535
21
333.866928
0
LINE
8
0
10
303.897535
20
333.866928
11
303.845822
21
330.581065
0
LINE
8
0
10
303.845822
20
330.581065
11
303.517041
21
326.731901
0
LINE
8
0
10
303.517041
20
326.731901
11
301.910096
21
319.656572
0
LINE
8
0
10
301.910096
20
319.656572
11
299.086818
21
313.453895
0
LINE
8
0
10
299.086818
20
313.453895
11
295.106617
21
308.174256
0
LINE
8
0
10
295.106617
20
308.174256
11
290.028906
21
303.868040
0
LINE
8
0
10
290.028906
20
303.868040
11
283.913097
21
300.585632
0
LINE
8
0
10
283.913097
20
300.585632
11
276.818602
21
298.377417
0
LINE
8
0
10
276.818602
20
298.377417
11
268.804832
21
297.293779
0
LINE
8
0
10
268.804832
20
297.293779
11
264.471786
21
297.189423
0
LINE
8
0
10
264.471786
20
297.189423
11
260.712038
21
297.299193
0
LINE
8
0
10
260.712038
20
297.299193
11
254.066914
21
297.852003
0
LINE
8
0
10
254.066914
20
297.852003
11
252.000000
21
298.226955
0
LINE
8
0
10
359.459309
20
300.349235
11
359.411970
21
300.795630
0
LINE
8
0
10
359.411970
20
300.795630
11
359.329304
21
303.496845
0
LINE
8
0
10
359.329304
20
303.496845
11
359.263403
21
308.394813
0
LINE
8
0
10
359.263403
20
308.394813
11
359.215165
21
315.232160
0
LINE
8
0
10
359.215165
20
315.232160
11
359.185484
21
323.751514
0
LINE
8
0
10
359.185484
20
323.751514
11
359.175258
21
333.695502
0
LINE
8
0
10
359.175258
20
333.695502
11
359.198359
21
350.719669
0
LINE
8
0
10
359.198359
20
350.719669
11
359.240694
21
363.099235
0
LINE
8
0
10
359.240694
20
363.099235
11
359.500000
21
424.599235
0
LINE
8
0
10
359.500000
20
424.599235
11
390.750000
21
424.863481
0
LINE
8
0
10
390.750000
20
424.863481
11
422.000000
21
425.127728
0
LINE
8
0
10
422.000000
20
425.127728
11
422.000000
21
415.113481
0
LINE
8
0
10
422.000000
20
415.113481
11
422.000000
21
405.099235
0
LINE
8
0
10
422.000000
20
405.099235
11
404.081787
21
405.099235
0
LINE
8
0
10
404.081787
20
405.099235
11
400.450112
21
405.086846
0
LINE
8
0
10
400.450112
20
405.086846
11
393.810438
21
404.995205
0
LINE
8
0
10
393.810438
20
404.995205
11
388.535535
21
404.831009
0
LINE
8
0
10
388.535535
20
404.831009
11
385.265249
21
404.614177
0
LINE
8
0
10
385.265249
20
404.614177
11
384.581787
21
404.492246
0
LINE
8
0
10
384.581787
20
404.492246
11
384.127878
21
404.197450
0
LINE
8
0
10
384.127878
20
404.197450
11
383.490572
21
402.700799
0
LINE
8
0
10
383.490572
20
402.700799
11
383.146051
21
399.330492
0
LINE
8
0
10
383.146051
20
399.330492
11
383.012833
21
393.289439
0
LINE
8
0
10
383.012833
20
393.289439
11
383.000000
21
389.018292
0
LINE
8
0
10
383.000000
20
389.018292
11
383.000000
21
374.151327
0
LINE
8
0
10
383.000000
20
374.151327
11
398.250000
21
373.875281
0
LINE
8
0
10
398.250000
20
373.875281
11
413.500000
21
373.599235
0
LINE
8
0
10
413.500000
20
373.599235
11
413.790375
21
364.750347
0
LINE
8
0
10
413.790375
20
364.750347
11
413.861280
21
362.586672
0
LINE
8
0
10
413.861280
20
362.586672
11
413.902606
21
359.070980
0
LINE
8
0
10
413.902606
20
359.070980
11
413.355783
21
355.559755
0
LINE
8
0
10
413.355783
20
355.559755
11
411.506223
21
353.736383
0
LINE
8
0
10
411.506223
20
353.736383
11
409.231571
21
353.221319
0
LINE
8
0
10
409.231571
20
353.221319
11
405.901120
21
353.100644
0
LINE
8
0
10
405.901120
20
353.100644
11
401.324149
21
353.232049
0
LINE
8
0
10
401.324149
20
353.232049
11
398.508618
21
353.347811
0
LINE
8
0
10
398.508618
20
353.347811
11
393.358983
21
353.518120
0
LINE
8
0
10
393.358983
20
353.518120
11
387.177136
21
353.581285
0
LINE
8
0
10
387.177136
20
353.581285
11
384.766607
21
353.492326
0
LINE
8
0
10
384.766607
20
353.492326
11
384.250000
21
353.407788
0
LINE
8
0
10
384.250000
20
353.407788
11
383.921448
21
352.971769
0
LINE
8
0
10
383.921448
20
352.971769
11
383.433817
21
350.016018
0
LINE
8
0
10
383.433817
20
350.016018
11
383.199226
21
345.600003
0
LINE
8
0
10
383.199226
20
345.600003
11
383.097107
21
341.429728
0
LINE
8
0
10
383.097107
20
341.429728
11
383.033325
21
336.167047
0
LINE
8
0
10
383.033325
20
336.167047
11
383.003521
21
329.716480
0
LINE
8
0
10
383.003521
20
329.716480
11
383.000000
21
326.015901
0
LINE
8
0
10
383.000000
20
326.015901
11
383.000000
21
299.099235
0
LINE
8
0
10
383.000000
20
299.099235
11
371.468615
21
299.099235
0
LINE
8
0
10
371.468615
20
299.099235
11
368.582679
21
299.116027
0
LINE
8
0
10
368.582679
20
299.116027
11
364.110516
21
299.257410
0
LINE
8
0
10
364.110516
20
299.257410
11
361.220951
21
299.558174
0
LINE
8
0
10
361.220951
20
299.558174
11
359.733565
21
300.037095
0
LINE
8
0
10
359.733565
20
300.037095
11
359.459309
21
300.349235
0
LINE
8
0
10
316.242487
20
361.849235
11
316.500000
21
424.599235
0
LINE
8
0
10
316.500000
20
424.599235
11
327.500000
21
424.599235
0
LINE
8
0
10
327.500000
20
424.599235
11
338.500000
21
424.599235
0
LINE
8
0
10
338.500000
20
424.599235
11
338.757513
21
361.849235
0
LINE
8
0
10
338.757513
20
361.849235
11
339.015027
21
299.099235
0
LINE
8
0
10
339.015027
20
299.099235
11
327.500000
21
299.099235
0
LINE
8
0
10
327.500000
20
299.099235
11
315.984973
21
299.099235
0
LINE
8
0
10
315.984973
20
299.099235
11
316.242487
21
361.849235
0
LINE
8
0
10
139.750000
20
452.849174
11
235.000000
21
452.956490
0
LINE
8
0
10
235.000000
20
452.956490
11
330.250000
21
452.849174
0
LINE
8
0
10
330.250000
20
452.849174
11
334.883293
21
452.835839
0
LINE
8
0
10
334.883293
20
452.835839
11
342.499979
21
452.809692
0
LINE
8
0
10
342.499979
20
452.809692
11
347.957495
21
452.784355
0
LINE
8
0
10
347.957495
20
452.784355
11
351.304674
21
452.759961
0
LINE
8
0
10
351.304674
20
452.759961
11
352.590351
21
452.736644
0
LINE
8
0
10
352.590351
20
452.736644
11
351.863361
21
452.714537
0
LINE
8
0
10
351.863361
20
452.714537
11
349.172537
21
452.693773
0
LINE
8
0
10
349.172537
20
452.693773
11
344.566713
21
452.674486
0
LINE
8
0
10
344.566713
20
452.674486
11
338.094725
21
452.656809
0
LINE
8
0
10
338.094725
20
452.656809
11
329.805405
21
452.640875
0
LINE
8
0
10
329.805405
20
452.640875
11
319.747589
21
452.626819
0
LINE
8
0
10
319.747589
20
452.626819
11
307.970110
21
452.614772
0
LINE
8
0
10
307.970110
20
452.614772
11
294.521803
21
452.604869
0
LINE
8
0
10
294.521803
20
452.604869
11
279.451502
21
452.597244
0
LINE
8
0
10
279.451502
20
452.597244
11
262.808041
21
452.592028
0
LINE
8
0
10
262.808041
20
452.592028
11
244.640255
21
452.589357
0
LINE
8
0
10
244.640255
20
452.589357
11
235.000000
21
452.589017
0
LINE
8
0
10
235.000000
20
452.589017
11
225.359745
21
452.589357
0
LINE
8
0
10
225.359745
20
452.589357
11
207.191959
21
452.592028
0
LINE
8
0
10
207.191959
20
452.592028
11
190.548498
21
452.597244
0
LINE
8
0
10
190.548498
20
452.597244
11
175.478197
21
452.604869
0
LINE
8
0
10
175.478197
20
452.604869
11
162.029890
21
452.614772
0
LINE
8
0
10
162.029890
20
452.614772
11
150.252411
21
452.626819
0
LINE
8
0
10
150.252411
20
452.626819
11
140.194595
21
452.640875
0
LINE
8
0
10
140.194595
20
452.640875
11
131.905275
21
452.656809
0
LINE
8
0
10
131.905275
20
452.656809
11
125.433287
21
452.674486
0
LINE
8
0
10
125.433287
20
452.674486
11
120.827463
21
452.693773
0
LINE
8
0
10
120.827463
20
452.693773
11
118.136639
21
452.714537
0
LINE
8
0
10
118.136639
20
452.714537
11
117.409649
21
452.736644
0
LINE
8
0
10
117.409649
20
452.736644
11
118.695326
21
452.759961
0
LINE
8
0
10
118.695326
20
452.759961
11
122.042505
21
452.784355
0
LINE
8
0
10
122.042505
20
452.784355
11
127.500021
21
452.809692
0
LINE
8
0
10
127.500021
20
452.809692
11
135.116707
21
452.835839
0
LINE
8
0
10
135.116707
20
452.835839
11
139.750000
21
452.849174
0
LINE
8
0
10
143.250000
20
268.849170
11
235.000000
21
268.956639
0
LINE
8
0
10
235.000000
20
268.956639
11
326.750000
21
268.849170
0
LINE
8
0
10
326.750000
20
268.849170
11
331.213041
21
268.835815
0
LINE
8
0
10
331.213041
20
268.835815
11
338.549849
21
268.809631
0
LINE
8
0
10
338.549849
20
268.809631
11
343.806826
21
268.784257
0
LINE
8
0
10
343.806826
20
268.784257
11
347.031012
21
268.759828
0
LINE
8
0
10
347.031012
20
268.759828
11
348.269446
21
268.736478
0
LINE
8
0
10
348.269446
20
268.736478
11
347.569169
21
268.714339
0
LINE
8
0
10
347.569169
20
268.714339
11
344.977221
21
268.693545
0
LINE
8
0
10
344.977221
20
268.693545
11
340.540640
21
268.674230
0
LINE
8
0
10
340.540640
20
268.674230
11
334.306467
21
268.656528
0
LINE
8
0
10
334.306467
20
268.656528
11
326.321742
21
268.640571
0
LINE
8
0
10
326.321742
20
268.640571
11
316.633504
21
268.626494
0
LINE
8
0
10
316.633504
20
268.626494
11
305.288794
21
268.614430
0
LINE
8
0
10
305.288794
20
268.614430
11
292.334650
21
268.604513
0
LINE
8
0
10
292.334650
20
268.604513
11
277.818113
21
268.596877
0
LINE
8
0
10
277.818113
20
268.596877
11
261.786223
21
268.591654
0
LINE
8
0
10
261.786223
20
268.591654
11
244.286020
21
268.588978
0
LINE
8
0
10
244.286020
20
268.588978
11
235.000000
21
268.588638
0
LINE
8
0
10
235.000000
20
268.588638
11
225.713980
21
268.588978
0
LINE
8
0
10
225.713980
20
268.588978
11
208.213777
21
268.591654
0
LINE
8
0
10
208.213777
20
268.591654
11
192.181887
21
268.596877
0
LINE
8
0
10
192.181887
20
268.596877
11
177.665350
21
268.604513
0
LINE
8
0
10
177.665350
20
268.604513
11
164.711206
21
268.614430
0
LINE
8
0
10
164.711206
20
268.614430
11
153.366496
21
268.626494
0
LINE
8
0
10
153.366496
20
268.626494
11
143.678258
21
268.640571
0
LINE
8
0
10
143.678258
20
268.640571
11
135.693533
21
268.656528
0
LINE
8
0
10
135.693533
20
268.656528
11
129.459360
21
268.674230
0
LINE
8
0
10
129.459360
20
268.674230
11
125.022779
21
268.693545
0
LINE
8
0
10
125.022779
20
268.693545
11
122.430831
21
268.714339
0
LINE
8
0
10
122.430831
20
268.714339
11
121.730554
21
268.736478
0
LINE
8
0
10
121.730554
20
268.736478
11
122.968988
21
268.759828
0
LINE
8
0
10
122.968988
20
268.759828
11
126.193174
21
268.784257
0
LINE
8
0
10
126.193174
20
268.784257
11
131.450151
21
268.809631
0
LINE
8
0
10
131.450151
20
268.809631
11
138.786959
21
268.835815
0
LINE
8
0
10
138.786959
20
268.835815
11
143.250000
21
268.849170
0
LINE
8
0
10
16.482098
20
318.099235
11
16.483487
21
328.671882
0
LINE
8
0
10
16.483487
20
328.671882
11
16.494186
21
347.274280
0
LINE
8
0
10
16.494186
20
347.274280
11
16.514533
21
362.304145
0
LINE
8
0
10
16.514533
20
362.304145
11
16.535463
21
371.100681
0
LINE
8
0
10
16.535463
20
371.100681
11
16.551859
21
375.734868
0
LINE
8
0
10
16.551859
20
375.734868
11
16.570050
21
379.353066
0
LINE
8
0
10
16.570050
20
379.353066
11
16.589897
21
381.927976
0
LINE
8
0
10
16.589897
20
381.927976
11
16.611264
21
383.432295
0
LINE
8
0
10
16.611264
20
383.432295
11
16.634014
21
383.838722
0
LINE
8
0
10
16.634014
20
383.838722
11
16.658008
21
383.119958
0
LINE
8
0
10
16.658008
20
383.119958
11
16.683110
21
381.248700
0
LINE
8
0
10
16.683110
20
381.248700
11
16.709183
21
378.197648
0
LINE
8
0
10
16.709183
20
378.197648
11
16.736090
21
373.939501
0
LINE
8
0
10
16.736090
20
373.939501
11
16.749812
21
371.349235
0
LINE
8
0
10
16.749812
20
371.349235
11
16.860244
21
318.099235
0
LINE
8
0
10
16.860244
20
318.099235
11
16.749812
21
264.849235
0
LINE
8
0
10
16.749812
20
264.849235
11
16.736090
21
262.258968
0
LINE
8
0
10
16.736090
20
262.258968
11
16.709183
21
258.000821
0
LINE
8
0
10
16.709183
20
258.000821
11
16.683110
21
254.949769
0
LINE
8
0
10
16.683110
20
254.949769
11
16.658008
21
253.078511
0
LINE
8
0
10
16.658008
20
253.078511
11
16.634014
21
252.359747
0
LINE
8
0
10
16.634014
20
252.359747
11
16.611264
21
252.766174
0
LINE
8
0
10
16.611264
20
252.766174
11
16.589897
21
254.270493
0
LINE
8
0
10
16.589897
20
254.270493
11
16.570050
21
256.845403
0
LINE
8
0
10
16.570050
20
256.845403
11
16.551859
21
260.463601
0
LINE
8
0
10
16.551859
20
260.463601
11
16.535463
21
265.097788
0
LINE
8
0
10
16.535463
20
265.097788
11
16.514533
21
273.894324
0
LINE
8
0
10
16.514533
20
273.894324
11
16.494186
21
288.924189
0
LINE
8
0
10
16.494186
20
288.924189
11
16.483487
21
307.526587
0
LINE
8
0
10
16.483487
20
307.526587
11
16.482098
21
318.099235
0
LINE
8
0
10
453.481936
20
319.099235
11
453.483326
21
329.572608
0
LINE
8
0
10
453.483326
20
329.572608
11
453.494032
21
348.000336
0
LINE
8
0
10
453.494032
20
348.000336
11
453.514390
21
362.889075
0
LINE
8
0
10
453.514390
20
362.889075
11
453.543303
21
374.022468
0
LINE
8
0
10
453.543303
20
374.022468
11
453.569940
21
379.777913
0
LINE
8
0
10
453.569940
20
379.777913
11
453.589799
21
382.328645
0
LINE
8
0
10
453.589799
20
382.328645
11
453.611179
21
383.818839
0
LINE
8
0
10
453.611179
20
383.818839
11
453.633942
21
384.221450
0
LINE
8
0
10
453.633942
20
384.221450
11
453.657950
21
383.509435
0
LINE
8
0
10
453.657950
20
383.509435
11
453.683067
21
381.655747
0
LINE
8
0
10
453.683067
20
381.655747
11
453.709156
21
378.633344
0
LINE
8
0
10
453.709156
20
378.633344
11
453.736078
21
374.415179
0
LINE
8
0
10
453.736078
20
374.415179
11
453.749809
21
371.849235
0
LINE
8
0
10
453.749809
20
371.849235
11
453.860306
21
319.099235
0
LINE
8
0
10
453.860306
20
319.099235
11
453.749809
21
266.349235
0
LINE
8
0
10
453.749809
20
266.349235
11
453.736078
21
263.783290
0
LINE
8
0
10
453.736078
20
263.783290
11
453.709156
21
259.565125
0
LINE
8
0
10
453.709156
20
259.565125
11
453.683067
21
256.542722
0
LINE
8
0
10
453.683067
20
256.542722
11
453.657950
21
254.689034
0
LINE
8
0
10
453.657950
20
254.689034
11
453.633942
21
253.977019
0
LINE
8
0
10
453.633942
20
253.977019
11
453.611179
21
254.379630
0
LINE
8
0
10
453.611179
20
254.379630
11
453.589799
21
255.869824
0
LINE
8
0
10
453.589799
20
255.869824
11
453.569940
21
258.420556
0
LINE
8
0
10
453.569940
20
258.420556
11
453.543303
21
264.176001
0
LINE
8
0
10
453.543303
20
264.176001
11
453.514390
21
275.309394
0
LINE
8
0
10
453.514390
20
275.309394
11
453.494032
21
290.198133
0
LINE
8
0
10
453.494032
20
290.198133
11
453.483326
21
308.625861
0
LINE
8
0
10
453.483326
20
308.625861
11
453.481936
21
319.099235
0
LINE
8
0
10
327.264727
20
298.846130
11
339.029453
21
299.162960
0
LINE
8
0
10
339.029453
20
299.162960
11
338.764727
21
362.131254
0
LINE
8
0
10
338.764727
20
362.131254
11
338.726856
21
374.780252
0
LINE
8
0
10
338.726856
20
374.780252
11
338.729676
21
392.081913
0
LINE
8
0
10
338.729676
20
392.081913
11
338.768404
21
402.125154
0
LINE
8
0
10
338.768404
20
402.125154
11
338.834288
21
410.674124
0
LINE
8
0
10
338.834288
20
410.674124
11
338.925338
21
417.470555
0
LINE
8
0
10
338.925338
20
417.470555
11
339.039563
21
422.256179
0
LINE
8
0
10
339.039563
20
422.256179
11
339.174973
21
424.772728
0
LINE
8
0
10
339.174973
20
424.772728
11
339.250000
21
425.099391
0
LINE
8
0
10
339.250000
20
425.099391
11
339.326401
21
424.769938
0
LINE
8
0
10
339.326401
20
424.769938
11
339.472391
21
422.232078
0
LINE
8
0
10
339.472391
20
422.232078
11
339.606735
21
417.405988
0
LINE
8
0
10
339.606735
20
417.405988
11
339.726358
21
410.552117
0
LINE
8
0
10
339.726358
20
410.552117
11
339.828183
21
401.930917
0
LINE
8
0
10
339.828183
20
401.930917
11
339.909134
21
391.802836
0
LINE
8
0
10
339.909134
20
391.802836
11
339.984692
21
374.355048
0
LINE
8
0
10
339.984692
20
374.355048
11
340.000000
21
361.599235
0
LINE
8
0
10
340.000000
20
361.599235
11
340.000000
21
298.099235
0
LINE
8
0
10
340.000000
20
298.099235
11
327.750000
21
298.314267
0
LINE
8
0
10
327.750000
20
298.314267
11
315.500000
21
298.529300
0
LINE
8
0
10
315.500000
20
298.529300
11
327.264727
21
298.846130
0
LINE
8
0
10
315.471096
20
361.599235
11
315.472561
21
367.951077
0
LINE
8
0
10
315.472561
20
367.951077
11
315.483724
21
379.117097
0
LINE
8
0
10
315.483724
20
379.117097
11
315.504912
21
388.124623
0
LINE
8
0
10
315.504912
20
388.124623
11
315.534983
21
394.843728
0
LINE
8
0
10
315.534983
20
394.843728
11
315.572795
21
399.144483
0
LINE
8
0
10
315.572795
20
399.144483
11
315.617205
21
400.896963
0
LINE
8
0
10
315.617205
20
400.896963
11
315.667071
21
399.971238
0
LINE
8
0
10
315.667071
20
399.971238
11
315.721251
21
396.237381
0
LINE
8
0
10
315.721251
20
396.237381
11
315.749601
21
393.276801
0
LINE
8
0
10
315.749601
20
393.276801
11
315.864337
21
361.143798
0
LINE
8
0
10
315.864337
20
361.143798
11
315.749392
21
329.276801
0
LINE
8
0
10
315.749392
20
329.276801
11
315.721022
21
326.381912
0
LINE
8
0
10
315.721022
20
326.381912
11
315.666819
21
322.773581
0
LINE
8
0
10
315.666819
20
322.773581
11
315.616947
21
321.963369
0
LINE
8
0
10
315.616947
20
321.963369
11
315.572549
21
323.818702
0
LINE
8
0
10
315.572549
20
323.818702
11
315.534766
21
328.207009
0
LINE
8
0
10
315.534766
20
328.207009
11
315.504739
21
334.995717
0
LINE
8
0
10
315.504739
20
334.995717
11
315.483609
21
344.052254
0
LINE
8
0
10
315.483609
20
344.052254
11
315.472519
21
355.244046
0
LINE
8
0
10
315.472519
20
355.244046
11
315.471096
21
361.599235
0
LINE
8
0
10
139.470887
20
362.099235
11
139.472332
21
368.403113
0
LINE
8
0
10
139.472332
20
368.403113
11
139.483467
21
379.494684
0
LINE
8
0
10
139.483467
20
379.494684
11
139.504641
21
388.456153
0
LINE
8
0
10
139.504641
20
388.456153
11
139.534712
21
395.157294
0
LINE
8
0
10
139.534712
20
395.157294
11
139.572537
21
399.467884
0
LINE
8
0
10
139.572537
20
399.467884
11
139.616973
21
401.257697
0
LINE
8
0
10
139.616973
20
401.257697
11
139.666879
21
400.396509
0
LINE
8
0
10
139.666879
20
400.396509
11
139.721110
21
396.754096
0
LINE
8
0
10
139.721110
20
396.754096
11
139.749490
21
393.849235
0
LINE
8
0
10
139.749490
20
393.849235
11
139.864415
21
362.099235
0
LINE
8
0
10
139.864415
20
362.099235
11
139.749490
21
330.349235
0
LINE
8
0
10
139.749490
20
330.349235
11
139.721110
21
327.444373
0
LINE
8
0
10
139.721110
20
327.444373
11
139.666879
21
323.801960
0
LINE
8
0
10
139.666879
20
323.801960
11
139.616973
21
322.940772
0
LINE
8
0
10
139.616973
20
322.940772
11
139.572537
21
324.730585
0
LINE
8
0
10
139.572537
20
324.730585
11
139.534712
21
329.041175
0
LINE
8
0
10
139.534712
20
329.041175
11
139.504641
21
335.742316
0
LINE
8
0
10
139.504641
20
335.742316
11
139.483467
21
344.703785
0
LINE
8
0
10
139.483467
20
344.703785
11
139.472332
21
355.795356
0
LINE
8
0
10
139.472332
20
355.795356
11
139.470887
21
362.099235
0
LINE
8
0
10
358.470672
20
361.599235
11
358.472139
21
367.851805
0
LINE
8
0
10
358.472139
20
367.851805
11
358.483320
21
378.843160
0
LINE
8
0
10
358.483320
20
378.843160
11
358.504540
21
387.709573
0
LINE
8
0
10
358.504540
20
387.709573
11
358.534656
21
394.323165
0
LINE
8
0
10
358.534656
20
394.323165
11
358.572524
21
398.556059
0
LINE
8
0
10
358.572524
20
398.556059
11
358.616999
21
400.280378
0
LINE
8
0
10
358.616999
20
400.280378
11
358.666938
21
399.368244
0
LINE
8
0
10
358.666938
20
399.368244
11
358.721197
21
395.691780
0
LINE
8
0
10
358.721197
20
395.691780
11
358.749589
21
392.776962
0
LINE
8
0
10
358.749589
20
392.776962
11
358.864490
21
361.144024
0
LINE
8
0
10
358.864490
20
361.144024
11
358.749374
21
329.776962
0
LINE
8
0
10
358.749374
20
329.776962
11
358.720962
21
326.927803
0
LINE
8
0
10
358.720962
20
326.927803
11
358.666678
21
323.376801
0
LINE
8
0
10
358.666678
20
323.376801
11
358.616733
21
322.580122
0
LINE
8
0
10
358.616733
20
322.580122
11
358.572270
21
324.407243
0
LINE
8
0
10
358.572270
20
324.407243
11
358.534432
21
328.727645
0
LINE
8
0
10
358.534432
20
328.727645
11
358.504361
21
335.410806
0
LINE
8
0
10
358.504361
20
335.410806
11
358.483202
21
344.326205
0
LINE
8
0
10
358.483202
20
344.326205
11
358.472097
21
355.343321
0
LINE
8
0
10
358.472097
20
355.343321
11
358.470672
21
361.599235
0
LINE
8
0
10
314.470672
20
361.599235
11
314.472139
21
367.851805
0
LINE
8
0
10
314.472139
20
367.851805
11
314.483320
21
378.843160
0
LINE
8
0
10
314.483320
20
378.843160
11
314.504540
21
387.709573
0
LINE
8
0
10
314.504540
20
387.709573
11
314.534656
21
394.323165
0
LINE
8
0
10
314.534656
20
394.323165
11
314.572524
21
398.556059
0
LINE
8
0
10
314.572524
20
398.556059
11
314.616999
21
400.280378
0
LINE
8
0
10
314.616999
20
400.280378
11
314.666938
21
399.368244
0
LINE
8
0
10
314.666938
20
399.368244
11
314.721197
21
395.691780
0
LINE
8
0
10
314.721197
20
395.691780
11
314.749589
21
392.776962
0
LINE
8
0
10
314.749589
20
392.776962
11
314.864490
21
361.144024
0
LINE
8
0
10
314.864490
20
361.144024
11
314.749374
21
329.776962
0
LINE
8
0
10
314.749374
20
329.776962
11
314.720962
21
326.927803
0
LINE
8
0
10
314.720962
20
326.927803
11
314.666678
21
323.376801
0
LINE
8
0
10
314.666678
20
323.376801
11
314.616733
21
322.580122
0
LINE
8
0
10
314.616733
20
322.580122
11
314.572270
21
324.407243
0
LINE
8
0
10
314.572270
20
324.407243
11
314.534432
21
328.727645
0
LINE
8
0
10
314.534432
20
328.727645
11
314.504361
21
335.410806
0
LINE
8
0
10
314.504361
20
335.410806
11
314.483202
21
344.326205
0
LINE
8
0
10
314.483202
20
344.326205
11
314.472097
21
355.343321
0
LINE
8
0
10
314.472097
20
355.343321
11
314.470672
21
361.599235
0
LINE
8
0
10
374.812975
20
425.847742
11
390.942077
21
425.971954
0
LINE
8
0
10
390.942077
20
425.971954
11
406.812975
21
425.847015
0
LINE
8
0
10
406.812975
20
425.847015
11
408.244960
21
425.816217
0
LINE
8
0
10
408.244960
20
425.816217
11
410.019585
21
425.757390
0
LINE
8
0
10
410.019585
20
425.757390
11
410.397508
21
425.703283
0
LINE
8
0
10
410.397508
20
425.703283
11
409.445636
21
425.655135
0
LINE
8
0
10
409.445636
20
425.655135
11
407.230879
21
425.614183
0
LINE
8
0
10
407.230879
20
425.614183
11
403.820145
21
425.581663
0
LINE
8
0
10
403.820145
20
425.581663
11
399.280343
21
425.558813
0
LINE
8
0
10
399.280343
20
425.558813
11
393.678382
21
425.546871
0
LINE
8
0
10
393.678382
20
425.546871
11
390.500000
21
425.545376
0
LINE
8
0
10
390.500000
20
425.545376
11
387.324866
21
425.547015
0
LINE
8
0
10
387.324866
20
425.547015
11
381.747921
21
425.559212
0
LINE
8
0
10
381.747921
20
425.559212
11
377.255692
21
425.582267
0
LINE
8
0
10
377.255692
20
425.582267
11
373.912519
21
425.614940
0
LINE
8
0
10
373.912519
20
425.614940
11
371.782745
21
425.655992
0
LINE
8
0
10
371.782745
20
425.655992
11
370.930711
21
425.704181
0
LINE
8
0
10
370.930711
20
425.704181
11
371.420757
21
425.758267
0
LINE
8
0
10
371.420757
20
425.758267
11
373.317225
21
425.817011
0
LINE
8
0
10
373.317225
20
425.817011
11
374.812975
21
425.847742
0
LINE
8
0
10
45.440524
20
361.099235
11
45.446793
21
366.533439
0
LINE
8
0
10
45.446793
20
366.533439
11
45.477742
21
372.928718
0
LINE
8
0
10
45.477742
20
372.928718
11
45.510899
21
375.936316
0
LINE
8
0
10
45.510899
20
375.936316
11
45.552605
21
377.870991
0
LINE
8
0
10
45.552605
20
377.870991
11
45.601602
21
378.674293
0
LINE
8
0
10
45.601602
20
378.674293
11
45.656629
21
378.287775
0
LINE
8
0
10
45.656629
20
378.287775
11
45.716425
21
376.652991
0
LINE
8
0
10
45.716425
20
376.652991
11
45.747718
21
375.349235
0
LINE
8
0
10
45.747718
20
375.349235
11
45.874436
21
361.099235
0
LINE
8
0
10
45.874436
20
361.099235
11
45.747718
21
346.849235
0
LINE
8
0
10
45.747718
20
346.849235
11
45.716425
21
345.545478
0
LINE
8
0
10
45.716425
20
345.545478
11
45.656629
21
343.910694
0
LINE
8
0
10
45.656629
20
343.910694
11
45.601602
21
343.524177
0
LINE
8
0
10
45.601602
20
343.524177
11
45.552605
21
344.327479
0
LINE
8
0
10
45.552605
20
344.327479
11
45.510899
21
346.262153
0
LINE
8
0
10
45.510899
20
346.262153
11
45.477742
21
349.269751
0
LINE
8
0
10
45.477742
20
349.269751
11
45.446793
21
355.665030
0
LINE
8
0
10
45.446793
20
355.665030
11
45.440524
21
361.099235
0
LINE
8
0
10
222.000000
20
31.439523
11
221.805996
21
47.192701
0
LINE
8
0
10
221.805996
20
47.192701
11
221.339560
21
63.525683
0
LINE
8
0
10
221.339560
20
63.525683
11
220.679121
21
80.271556
0
LINE
8
0
10
220.679121
20
80.271556
11
187.089560
21
79.666996
0
LINE
8
0
10
187.089560
20
79.666996
11
172.771894
21
79.386154
0
LINE
8
0
10
172.771894
20
79.386154
11
152.113856
21
78.907861
0
LINE
8
0
10
152.113856
20
78.907861
11
143.645399
21
78.678708
0
LINE
8
0
10
143.645399
20
78.678708
11
139.156516
21
78.540815
0
LINE
8
0
10
139.156516
20
78.540815
11
137.335627
21
78.478160
0
LINE
8
0
10
137.335627
20
78.478160
11
121.171253
21
77.893882
0
LINE
8
0
10
121.171253
20
77.893882
11
120.501992
21
68.746558
0
LINE
8
0
10
120.501992
20
68.746558
11
120.229003
21
64.250567
0
LINE
8
0
10
120.229003
20
64.250567
11
119.783771
21
53.000683
0
LINE
8
0
10
119.783771
20
53.000683
11
119.666365
21
47.632408
0
LINE
8
0
10
119.666365
20
47.632408
11
119.500000
21
35.665582
0
LINE
8
0
10
119.500000
20
35.665582
11
126.500000
21
32.809661
0
LINE
8
0
10
126.500000
20
32.809661
11
130.648453
21
31.217966
0
LINE
8
0
10
130.648453
20
31.217966
11
140.090233
21
28.141579
0
LINE
8
0
10
140.090233
20
28.141579
11
156.410663
21
23.927558
0
LINE
8
0
10
156.410663
20
23.927558
11
180.226645
21
19.429125
0
LINE
8
0
10
180.226645
20
19.429125
11
197.986516
21
17.205959
0
LINE
8
0
10
197.986516
20
17.205959
11
209.073374
21
16.404836
0
LINE
8
0
10
209.073374
20
16.404836
11
214.250000
21
16.235182
0
LINE
8
0
10
214.250000
20
16.235182
11
222.000000
21
16.099235
0
LINE
8
0
10
222.000000
20
16.099235
11
222.000000
21
31.439523
0
LINE
8
0
10
270.500000
20
17.099574
11
280.044043
21
18.113178
0
LINE
8
0
10
280.044043
20
18.113178
11
299.119366
21
20.981139
0
LINE
8
0
10
299.119366
20
20.981139
11
317.412518
21
24.809957
0
LINE
8
0
10
317.412518
20
24.809957
11
334.005315
21
29.407451
0
LINE
8
0
10
334.005315
20
29.407451
11
341.377148
21
31.934396
0
LINE
8
0
10
341.377148
20
31.934396
11
351.265373
21
35.591182
0
LINE
8
0
10
351.265373
20
35.591182
11
350.600020
21
49.095208
0
LINE
8
0
10
350.600020
20
49.095208
11
350.294107
21
54.942286
0
LINE
8
0
10
350.294107
20
54.942286
11
349.782300
21
63.665788
0
LINE
8
0
10
349.782300
20
63.665788
11
349.466490
21
68.437744
0
LINE
8
0
10
349.466490
20
68.437744
11
349.331808
21
70.250301
0
LINE
8
0
10
349.331808
20
70.250301
11
348.728949
21
77.901368
0
LINE
8
0
10
348.728949
20
77.901368
11
333.614475
21
78.475556
0
LINE
8
0
10
333.614475
20
78.475556
11
331.895325
21
78.537064
0
LINE
8
0
10
331.895325
20
78.537064
11
327.570667
21
78.672075
0
LINE
8
0
10
327.570667
20
78.672075
11
319.250059
21
78.895690
0
LINE
8
0
10
319.250059
20
78.895690
11
298.530853
21
79.360205
0
LINE
8
0
10
298.530853
20
79.360205
11
283.906041
21
79.631332
0
LINE
8
0
10
283.906041
20
79.631332
11
249.312082
21
80.212920
0
LINE
8
0
10
249.312082
20
80.212920
11
248.660588
21
68.906077
0
LINE
8
0
10
248.660588
20
68.906077
11
248.529624
21
66.211260
0
LINE
8
0
10
248.529624
20
66.211260
11
248.296207
21
59.039392
0
LINE
8
0
10
248.296207
20
59.039392
11
248.057720
21
45.798251
0
LINE
8
0
10
248.057720
20
45.798251
11
248.004548
21
36.849235
0
LINE
8
0
10
248.004548
20
36.849235
11
248.000000
21
16.099235
0
LINE
8
0
10
248.000000
20
16.099235
11
253.750000
21
16.100070
0
LINE
8
0
10
253.750000
20
16.100070
11
255.129565
21
16.120621
0
LINE
8
0
10
255.129565
20
16.120621
11
258.844360
21
16.271695
0
LINE
8
0
10
258.844360
20
16.271695
11
265.775195
21
16.711744
0
LINE
8
0
10
265.775195
20
16.711744
11
270.500000
21
17.099574
0
LINE
8
0
10
236.071149
20
49.849235
11
236.093183
21
54.484728
0
LINE
8
0
10
236.093183
20
54.484728
11
236.186879
21
62.949629
0
LINE
8
0
10
236.186879
20
62.949629
11
236.346042
21
70.327103
0
LINE
8
0
10
236.346042
20
70.327103
11
236.569825
21
76.601981
0
LINE
8
0
10
236.569825
20
76.601981
11
236.857385
21
81.759092
0
LINE
8
0
10
236.857385
20
81.759092
11
237.207873
21
85.783264
0
LINE
8
0
10
237.207873
20
85.783264
11
237.620444
21
88.659328
0
LINE
8
0
10
237.620444
20
88.659328
11
238.094253
21
90.372111
0
LINE
8
0
10
238.094253
20
90.372111
11
238.353857
21
90.787532
0
LINE
8
0
10
238.353857
20
90.787532
11
239.155172
21
91.142154
0
LINE
8
0
10
239.155172
20
91.142154
11
242.872653
21
91.841045
0
LINE
8
0
10
242.872653
20
91.841045
11
245.330949
21
92.099235
0
LINE
8
0
10
245.330949
20
92.099235
11
251.497445
21
92.599235
0
LINE
8
0
10
251.497445
20
92.599235
11
254.158561
21
107.893165
0
LINE
8
0
10
254.158561
20
107.893165
11
254.918468
21
111.988852
0
LINE
8
0
10
254.918468
20
111.988852
11
256.610552
21
119.414124
0
LINE
8
0
10
256.610552
20
119.414124
11
259.740619
21
128.932125
0
LINE
8
0
10
259.740619
20
128.932125
11
265.470543
21
139.425930
0
LINE
8
0
10
265.470543
20
139.425930
11
273.610058
21
148.564160
0
LINE
8
0
10
273.610058
20
148.564160
11
278.798435
21
153.018726
0
LINE
8
0
10
278.798435
20
153.018726
11
283.404393
21
156.368659
0
LINE
8
0
10
283.404393
20
156.368659
11
293.695829
21
162.054462
0
LINE
8
0
10
293.695829
20
162.054462
11
304.466393
21
166.033445
0
LINE
8
0
10
304.466393
20
166.033445
11
314.563809
21
167.879919
0
LINE
8
0
10
314.563809
20
167.879919
11
319.000000
21
167.870438
0
LINE
8
0
10
319.000000
20
167.870438
11
321.542714
21
167.818660
0
LINE
8
0
10
321.542714
20
167.818660
11
325.026771
21
168.710551
0
LINE
8
0
10
325.026771
20
168.710551
11
327.922659
21
170.203487
0
LINE
8
0
10
327.922659
20
170.203487
11
329.746522
21
171.284251
0
LINE
8
0
10
329.746522
20
171.284251
11
336.326470
21
175.043673
0
LINE
8
0
10
336.326470
20
175.043673
11
347.573274
21
180.854884
0
LINE
8
0
10
347.573274
20
180.854884
11
354.044148
21
183.857016
0
LINE
8
0
10
354.044148
20
183.857016
11
356.471366
21
184.842750
0
LINE
8
0
10
356.471366
20
184.842750
11
358.546299
21
185.474253
0
LINE
8
0
10
358.546299
20
185.474253
11
364.141221
21
186.607832
0
LINE
8
0
10
364.141221
20
186.607832
11
366.972101
21
186.970288
0
LINE
8
0
10
366.972101
20
186.970288
11
369.057923
21
187.185188
0
LINE
8
0
10
369.057923
20
187.185188
11
371.913979
21
187.680834
0
LINE
8
0
10
371.913979
20
187.680834
11
373.635192
21
188.592157
0
LINE
8
0
10
373.635192
20
188.592157
11
374.964692
21
190.312619
0
LINE
8
0
10
374.964692
20
190.312619
11
375.714778
21
191.599235
0
LINE
8
0
10
375.714778
20
191.599235
11
376.453468
21
192.982243
0
LINE
8
0
10
376.453468
20
192.982243
11
378.196854
21
196.673216
0
LINE
8
0
10
378.196854
20
196.673216
11
381.283211
21
204.012029
0
LINE
8
0
10
381.283211
20
204.012029
11
385.735605
21
215.733416
0
LINE
8
0
10
385.735605
20
215.733416
11
389.815704
21
227.672926
0
LINE
8
0
10
389.815704
20
227.672926
11
391.457827
21
233.044434
0
LINE
8
0
10
391.457827
20
233.044434
11
392.917736
21
237.842637
0
LINE
8
0
10
392.917736
20
237.842637
11
395.683056
21
245.120291
0
LINE
8
0
10
395.683056
20
245.120291
11
398.626493
21
249.934526
0
LINE
8
0
10
398.626493
20
249.934526
11
402.208982
21
253.039240
0
LINE
8
0
10
402.208982
20
253.039240
11
404.383912
21
254.186119
0
LINE
8
0
10
404.383912
20
254.186119
11
408.061773
21
255.491698
0
LINE
8
0
10
408.061773
20
255.491698
11
415.251349
21
256.017539
0
LINE
8
0
10
415.251349
20
256.017539
11
421.711432
21
253.927314
0
LINE
8
0
10
421.711432
20
253.927314
11
426.832459
21
249.418253
0
LINE
8
0
10
426.832459
20
249.418253
11
428.700339
21
246.318294
0
LINE
8
0
10
428.700339
20
246.318294
11
429.352915
21
244.435135
0
LINE
8
0
10
429.352915
20
244.435135
11
430.102526
21
239.341904
0
LINE
8
0
10
430.102526
20
239.341904
11
430.109829
21
233.705304
0
LINE
8
0
10
430.109829
20
233.705304
11
429.372919
21
228.996349
0
LINE
8
0
10
429.372919
20
228.996349
11
428.724789
21
227.449433
0
LINE
8
0
10
428.724789
20
227.449433
11
428.244244
21
225.947014
0
LINE
8
0
10
428.244244
20
225.947014
11
428.098510
21
223.949433
0
LINE
8
0
10
428.098510
20
223.949433
11
427.980878
21
221.555230
0
LINE
8
0
10
427.980878
20
221.555230
11
427.567897
21
219.099235
0
LINE
8
0
10
427.567897
20
219.099235
11
427.191219
21
217.457687
0
LINE
8
0
10
427.191219
20
217.457687
11
426.163954
21
212.458855
0
LINE
8
0
10
426.163954
20
212.458855
11
425.075769
21
206.764650
0
LINE
8
0
10
425.075769
20
206.764650
11
424.291812
21
202.285799
0
LINE
8
0
10
424.291812
20
202.285799
11
424.128027
21
201.099235
0
LINE
8
0
10
424.128027
20
201.099235
11
423.887408
21
199.158610
0
LINE
8
0
10
423.887408
20
199.158610
11
423.499773
21
196.599235
0
LINE
8
0
10
423.499773
20
196.599235
11
422.997115
21
193.452360
0
LINE
8
0
10
422.997115
20
193.452360
11
422.479953
21
190.099235
0
LINE
8
0
10
422.479953
20
190.099235
11
421.999530
21
187.091078
0
LINE
8
0
10
421.999530
20
187.091078
11
421.140467
21
183.386767
0
LINE
8
0
10
421.140467
20
183.386767
11
420.601307
21
181.998437
0
LINE
8
0
10
420.601307
20
181.998437
11
420.186971
21
180.603734
0
LINE
8
0
10
420.186971
20
180.603734
11
420.174870
21
179.498437
0
LINE
8
0
10
420.174870
20
179.498437
11
420.190799
21
178.794216
0
LINE
8
0
10
420.190799
20
178.794216
11
419.725252
21
175.917453
0
LINE
8
0
10
419.725252
20
175.917453
11
419.301116
21
174.099235
0
LINE
8
0
10
419.301116
20
174.099235
11
418.761945
21
171.760172
0
LINE
8
0
10
418.761945
20
171.760172
11
417.519626
21
165.366422
0
LINE
8
0
10
417.519626
20
165.366422
11
416.969491
21
162.099235
0
LINE
8
0
10
416.969491
20
162.099235
11
416.390134
21
158.561361
0
LINE
8
0
10
416.390134
20
158.561361
11
415.212216
21
152.531932
0
LINE
8
0
10
415.212216
20
152.531932
11
413.020224
21
145.549334
0
LINE
8
0
10
413.020224
20
145.549334
11
408.248138
21
138.535524
0
LINE
8
0
10
408.248138
20
138.535524
11
402.402095
21
133.704162
0
LINE
8
0
10
402.402095
20
133.704162
11
397.048117
21
130.133289
0
LINE
8
0
10
397.048117
20
130.133289
11
393.858724
21
128.132014
0
LINE
8
0
10
393.858724
20
128.132014
11
387.024692
21
123.878682
0
LINE
8
0
10
387.024692
20
123.878682
11
375.252968
21
116.447180
0
LINE
8
0
10
375.252968
20
116.447180
11
365.825602
21
110.311551
0
LINE
8
0
10
365.825602
20
110.311551
11
358.521680
21
105.306582
0
LINE
8
0
10
358.521680
20
105.306582
11
353.120292
21
101.267058
0
LINE
8
0
10
353.120292
20
101.267058
11
349.400524
21
98.027769
0
LINE
8
0
10
349.400524
20
98.027769
11
347.141465
21
95.423499
0
LINE
8
0
10
347.141465
20
95.423499
11
346.122201
21
93.289036
0
LINE
8
0
10
346.122201
20
93.289036
11
346.008458
21
92.346354
0
LINE
8
0
10
346.008458
20
92.346354
11
346.247125
21
91.460635
0
LINE
8
0
10
346.247125
20
91.460635
11
347.860138
21
90.698976
0
LINE
8
0
10
347.860138
20
90.698976
11
350.126326
21
90.445974
0
LINE
8
0
10
350.126326
20
90.445974
11
351.707747
21
90.364231
0
LINE
8
0
10
351.707747
20
90.364231
11
354.022389
21
90.167985
0
LINE
8
0
10
354.022389
20
90.167985
11
357.763531
21
89.333776
0
LINE
8
0
10
357.763531
20
89.333776
11
358.729247
21
88.798559
0
LINE
8
0
10
358.729247
20
88.798559
11
359.040743
21
88.319547
0
LINE
8
0
10
359.040743
20
88.319547
11
359.645742
21
86.424691
0
LINE
8
0
10
359.645742
20
86.424691
11
360.482033
21
81.517887
0
LINE
8
0
10
360.482033
20
81.517887
11
361.390747
21
71.898878
0
LINE
8
0
10
361.390747
20
71.898878
11
361.961090
21
59.849313
0
LINE
8
0
10
361.961090
20
59.849313
11
362.084410
21
53.283151
0
LINE
8
0
10
362.084410
20
53.283151
11
362.126039
21
50.602566
0
LINE
8
0
10
362.126039
20
50.602566
11
362.309081
21
46.542127
0
LINE
8
0
10
362.309081
20
46.542127
11
362.655065
21
43.995990
0
LINE
8
0
10
362.655065
20
43.995990
11
363.199866
21
42.700151
0
LINE
8
0
10
363.199866
20
42.700151
11
363.558033
21
42.438592
0
LINE
8
0
10
363.558033
20
42.438592
11
364.019247
21
42.408575
0
LINE
8
0
10
364.019247
20
42.408575
11
365.645419
21
42.899823
0
LINE
8
0
10
365.645419
20
42.899823
11
369.538883
21
44.829634
0
LINE
8
0
10
369.538883
20
44.829634
11
380.546980
21
51.761079
0
LINE
8
0
10
380.546980
20
51.761079
11
388.508683
21
57.587038
0
LINE
8
0
10
388.508683
20
57.587038
11
395.483725
21
63.371359
0
LINE
8
0
10
395.483725
20
63.371359
11
408.244249
21
76.093436
0
LINE
8
0
10
408.244249
20
76.093436
11
419.423582
21
90.364009
0
LINE
8
0
10
419.423582
20
90.364009
11
429.027586
21
106.195783
0
LINE
8
0
10
429.027586
20
106.195783
11
437.062125
21
123.601461
0
LINE
8
0
10
437.062125
20
123.601461
11
443.533064
21
142.593746
0
LINE
8
0
10
443.533064
20
142.593746
11
448.446267
21
163.185343
0
LINE
8
0
10
448.446267
20
163.185343
11
451.807598
21
185.388954
0
LINE
8
0
10
451.807598
20
185.388954
11
452.908143
21
197.099235
0
LINE
8
0
10
452.908143
20
197.099235
11
452.952861
21
197.832556
0
LINE
8
0
10
452.952861
20
197.832556
11
453.039444
21
200.117955
0
LINE
8
0
10
453.039444
20
200.117955
11
453.161483
21
205.476145
0
LINE
8
0
10
453.161483
20
205.476145
11
453.307602
21
215.896201
0
LINE
8
0
10
453.307602
20
215.896201
11
453.431988
21
229.603220
0
LINE
8
0
10
453.431988
20
229.603220
11
453.531631
21
246.098862
0
LINE
8
0
10
453.531631
20
246.098862
11
453.603522
21
264.884788
0
LINE
8
0
10
453.603522
20
264.884788
11
453.644650
21
285.462656
0
LINE
8
0
10
453.644650
20
285.462656
11
453.652005
21
307.334128
0
LINE
8
0
10
453.652005
20
307.334128
11
453.642077
21
318.599235
0
LINE
8
0
10
453.642077
20
318.599235
11
453.500000
21
428.599235
0
LINE
8
0
10
453.500000
20
428.599235
11
451.202157
21
433.599235
0
LINE
8
0
10
451.202157
20
433.599235
11
449.893946
21
436.100728
0
LINE
8
0
10
449.893946
20
436.100728
11
446.475231
21
440.880601
0
LINE
8
0
10
446.475231
20
440.880601
11
439.773780
21
447.060850
0
LINE
8
0
10
439.773780
20
447.060850
11
434.593503
21
450.185486
0
LINE
8
0
10
434.593503
20
450.185486
11
428.687006
21
453.079164
0
LINE
8
0
10
428.687006
20
453.079164
11
234.367345
21
453.086549
0
LINE
8
0
10
234.367345
20
453.086549
11
40.047684
21
453.093934
0
LINE
8
0
10
40.047684
20
453.093934
11
34.773842
21
450.665817
0
LINE
8
0
10
34.773842
20
450.665817
11
32.375179
21
449.403699
0
LINE
8
0
10
32.375179
20
449.403699
11
27.731462
21
446.057020
0
LINE
8
0
10
27.731462
20
446.057020
11
21.643481
21
439.474947
0
LINE
8
0
10
21.643481
20
439.474947
11
18.553774
21
434.429792
0
LINE
8
0
10
18.553774
20
434.429792
11
15.975674
21
429.260349
0
LINE
8
0
10
15.975674
20
429.260349
11
16.316390
21
310.929792
0
LINE
8
0
10
16.316390
20
310.929792
11
16.354861
21
298.847199
0
LINE
8
0
10
16.354861
20
298.847199
11
16.450173
21
275.593951
0
LINE
8
0
10
16.450173
20
275.593951
11
16.566332
21
253.979869
0
LINE
8
0
10
16.566332
20
253.979869
11
16.698968
21
234.512852
0
LINE
8
0
10
16.698968
20
234.512852
11
16.843707
21
217.700798
0
LINE
8
0
10
16.843707
20
217.700798
11
16.996176
21
204.051606
0
LINE
8
0
10
16.996176
20
204.051606
11
17.112971
21
196.195873
0
LINE
8
0
10
17.112971
20
196.195873
11
17.190973
21
192.211643
0
LINE
8
0
10
17.190973
20
192.211643
11
17.268447
21
189.303822
0
LINE
8
0
10
17.268447
20
189.303822
11
17.344848
21
187.535896
0
LINE
8
0
10
17.344848
20
187.535896
11
17.382475
21
187.099235
0
LINE
8
0
10
17.382475
20
187.099235
11
17.690440
21
184.766422
0
LINE
8
0
10
17.690440
20
184.766422
11
18.254630
21
180.503922
0
LINE
8
0
10
18.254630
20
180.503922
11
18.441367
21
179.099235
0
LINE
8
0
10
18.441367
20
179.099235
11
18.654812
21
177.694547
0
LINE
8
0
10
18.654812
20
177.694547
11
19.399350
21
173.432047
0
LINE
8
0
10
19.399350
20
173.432047
11
19.838741
21
171.099235
0
LINE
8
0
10
19.838741
20
171.099235
11
21.161243
21
163.848673
0
LINE
8
0
10
21.161243
20
163.848673
11
22.412770
21
156.099235
0
LINE
8
0
10
22.412770
20
156.099235
11
22.765309
21
154.599235
0
LINE
8
0
10
22.765309
20
154.599235
11
23.291805
21
153.099235
0
LINE
8
0
10
23.291805
20
153.099235
11
23.748891
21
151.809854
0
LINE
8
0
10
23.748891
20
151.809854
11
24.528140
21
148.523093
0
LINE
8
0
10
24.528140
20
148.523093
11
25.220611
21
144.937273
0
LINE
8
0
10
25.220611
20
144.937273
11
25.647166
21
142.599235
0
LINE
8
0
10
25.647166
20
142.599235
11
26.289425
21
140.163680
0
LINE
8
0
10
26.289425
20
140.163680
11
27.074102
21
138.520750
0
LINE
8
0
10
27.074102
20
138.520750
11
27.808498
21
137.194625
0
LINE
8
0
10
27.808498
20
137.194625
11
28.329867
21
135.520750
0
LINE
8
0
10
28.329867
20
135.520750
11
28.668724
21
134.034099
0
LINE
8
0
10
28.668724
20
134.034099
11
29.940338
21
130.499006
0
LINE
8
0
10
29.940338
20
130.499006
11
31.898574
21
125.668743
0
LINE
8
0
10
31.898574
20
125.668743
11
33.365540
21
122.099235
0
LINE
8
0
10
33.365540
20
122.099235
11
34.570911
21
119.147672
0
LINE
8
0
10
34.570911
20
119.147672
11
35.962533
21
115.663688
0
LINE
8
0
10
35.962533
20
115.663688
11
36.460670
21
114.352750
0
LINE
8
0
10
36.460670
20
114.352750
11
36.541773
21
114.099235
0
LINE
8
0
10
36.541773
20
114.099235
11
38.662919
21
109.415723
0
LINE
8
0
10
38.662919
20
109.415723
11
41.074578
21
105.099235
0
LINE
8
0
10
41.074578
20
105.099235
11
41.489057
21
104.550016
0
LINE
8
0
10
41.489057
20
104.550016
11
43.087494
21
101.885953
0
LINE
8
0
10
43.087494
20
101.885953
11
44.074578
21
100.099235
0
LINE
8
0
10
44.074578
20
100.099235
11
45.075504
21
98.325667
0
LINE
8
0
10
45.075504
20
98.325667
11
46.767408
21
95.750406
0
LINE
8
0
10
46.767408
20
95.750406
11
47.250000
21
95.265901
0
LINE
8
0
10
47.250000
20
95.265901
11
47.779688
21
94.614339
0
LINE
8
0
10
47.779688
20
94.614339
11
48.000000
21
93.515901
0
LINE
8
0
10
48.000000
20
93.515901
11
48.293750
21
92.515380
0
LINE
8
0
10
48.293750
20
92.515380
11
49.000000
21
92.099235
0
LINE
8
0
10
49.000000
20
92.099235
11
49.706250
21
91.683089
0
LINE
8
0
10
49.706250
20
91.683089
11
50.000000
21
90.682568
0
LINE
8
0
10
50.000000
20
90.682568
11
50.221776
21
89.584130
0
LINE
8
0
10
50.221776
20
89.584130
11
50.754982
21
88.932568
0
LINE
8
0
10
50.754982
20
88.932568
11
51.011699
21
88.732942
0
LINE
8
0
10
51.011699
20
88.732942
11
52.058520
21
87.632519
0
LINE
8
0
10
52.058520
20
87.632519
11
54.599090
21
84.649365
0
LINE
8
0
10
54.599090
20
84.649365
11
56.657262
21
82.099235
0
LINE
8
0
10
56.657262
20
82.099235
11
59.256286
21
78.979246
0
LINE
8
0
10
59.256286
20
78.979246
11
65.712901
21
72.019952
0
LINE
8
0
10
65.712901
20
72.019952
11
73.061906
21
64.866378
0
LINE
8
0
10
73.061906
20
64.866378
11
80.360455
21
58.436294
0
LINE
8
0
10
80.360455
20
58.436294
11
83.696170
21
55.779365
0
LINE
8
0
10
83.696170
20
55.779365
11
89.757172
21
51.513674
0
LINE
8
0
10
89.757172
20
51.513674
11
100.005646
21
45.097607
0
LINE
8
0
10
100.005646
20
45.097607
11
103.940100
21
42.929423
0
LINE
8
0
10
103.940100
20
42.929423
11
105.586380
21
42.197448
0
LINE
8
0
10
105.586380
20
42.197448
11
106.028800
21
42.099235
0
LINE
8
0
10
106.028800
20
42.099235
11
106.405898
21
42.355319
0
LINE
8
0
10
106.405898
20
42.355319
11
106.923366
21
44.084524
0
LINE
8
0
10
106.923366
20
44.084524
11
107.000000
21
45.344663
0
LINE
8
0
10
107.000000
20
45.344663
11
107.022406
21
46.384487
0
LINE
8
0
10
107.022406
20
46.384487
11
107.188145
21
50.413085
0
LINE
8
0
10
107.188145
20
50.413085
11
107.671535
21
59.959460
0
LINE
8
0
10
107.671535
20
59.959460
11
108.097783
21
67.594663
0
LINE
8
0
10
108.097783
20
67.594663
11
108.327019
21
71.515231
0
LINE
8
0
10
108.327019
20
71.515231
11
108.758065
21
77.931802
0
LINE
8
0
10
108.758065
20
77.931802
11
109.250176
21
82.667193
0
LINE
8
0
10
109.250176
20
82.667193
11
109.920509
21
85.983286
0
LINE
8
0
10
109.920509
20
85.983286
11
111.516454
21
88.869117
0
LINE
8
0
10
111.516454
20
88.869117
11
115.361622
21
90.193607
0
LINE
8
0
10
115.361622
20
90.193607
11
118.283769
21
90.363684
0
LINE
8
0
10
118.283769
20
90.363684
11
120.784084
21
90.545980
0
LINE
8
0
10
120.784084
20
90.545980
11
123.633739
21
91.298259
0
LINE
8
0
10
123.633739
20
91.298259
11
123.991542
21
91.870475
0
LINE
8
0
10
123.991542
20
91.870475
11
123.839847
21
92.329269
0
LINE
8
0
10
123.839847
20
92.329269
11
122.725419
21
93.924301
0
LINE
8
0
10
122.725419
20
93.924301
11
119.587233
21
97.456332
0
LINE
8
0
10
119.587233
20
97.456332
11
114.236367
21
102.741189
0
LINE
8
0
10
114.236367
20
102.741189
11
110.657362
21
105.843486
0
LINE
8
0
10
110.657362
20
105.843486
11
109.039141
21
106.947393
0
LINE
8
0
10
109.039141
20
106.947393
11
108.572574
21
107.099235
0
LINE
8
0
10
108.572574
20
107.099235
11
96.654545
21
114.393464
0
LINE
8
0
10
96.654545
20
114.393464
11
85.166667
21
122.269122
0
LINE
8
0
10
85.166667
20
122.269122
11
84.620285
21
122.855389
0
LINE
8
0
10
84.620285
20
122.855389
11
83.774729
21
123.099235
0
LINE
8
0
10
83.774729
20
123.099235
11
82.775002
21
123.446410
0
LINE
8
0
10
82.775002
20
123.446410
11
78.671822
21
125.699048
0
LINE
8
0
10
78.671822
20
125.699048
11
73.624025
21
128.863245
0
LINE
8
0
10
73.624025
20
128.863245
11
69.864030
21
131.539616
0
LINE
8
0
10
69.864030
20
131.539616
11
69.164590
21
132.257558
0
LINE
8
0
10
69.164590
20
132.257558
11
68.701512
21
132.720997
0
LINE
8
0
10
68.701512
20
132.720997
11
68.059155
21
132.635795
0
LINE
8
0
10
68.059155
20
132.635795
11
67.176315
21
132.620818
0
LINE
8
0
10
67.176315
20
132.620818
11
64.372684
21
134.536994
0
LINE
8
0
10
64.372684
20
134.536994
11
59.330987
21
140.382114
0
LINE
8
0
10
59.330987
20
140.382114
11
56.780179
21
144.785958
0
LINE
8
0
10
56.780179
20
144.785958
11
56.427970
21
145.729806
0
LINE
8
0
10
56.427970
20
145.729806
11
55.539463
21
148.832615
0
LINE
8
0
10
55.539463
20
148.832615
11
54.439290
21
153.368380
0
LINE
8
0
10
54.439290
20
153.368380
11
53.167989
21
159.112469
0
LINE
8
0
10
53.167989
20
159.112469
11
51.028850
21
169.502825
0
LINE
8
0
10
51.028850
20
169.502825
11
47.956078
21
185.489202
0
LINE
8
0
10
47.956078
20
185.489202
11
44.928493
21
202.265497
0
LINE
8
0
10
44.928493
20
202.265497
11
42.270406
21
218.034655
0
LINE
8
0
10
42.270406
20
218.034655
11
40.714417
21
228.119549
0
LINE
8
0
10
40.714417
20
228.119549
11
39.961471
21
233.592114
0
LINE
8
0
10
39.961471
20
233.592114
11
39.483325
21
237.802051
0
LINE
8
0
10
39.483325
20
237.802051
11
39.320517
21
240.524728
0
LINE
8
0
10
39.320517
20
240.524728
11
39.370034
21
241.258146
0
LINE
8
0
10
39.370034
20
241.258146
11
40.148496
21
244.141535
0
LINE
8
0
10
40.148496
20
244.141535
11
42.899323
21
249.182806
0
LINE
8
0
10
42.899323
20
249.182806
11
46.985269
21
253.015874
0
LINE
8
0
10
46.985269
20
253.015874
11
52.098230
21
255.351705
0
LINE
8
0
10
52.098230
20
255.351705
11
54.943560
21
255.867833
0
LINE
8
0
10
54.943560
20
255.867833
11
58.868285
21
255.908658
0
LINE
8
0
10
58.868285
20
255.908658
11
65.922927
21
254.033477
0
LINE
8
0
10
65.922927
20
254.033477
11
71.556403
21
249.819535
0
LINE
8
0
10
71.556403
20
249.819535
11
75.335004
21
243.591254
0
LINE
8
0
10
75.335004
20
243.591254
11
76.393194
21
239.823118
0
LINE
8
0
10
76.393194
20
239.823118
11
77.033243
21
237.371250
0
LINE
8
0
10
77.033243
20
237.371250
11
77.978314
21
234.599235
0
LINE
8
0
10
77.978314
20
234.599235
11
78.417606
21
233.434391
0
LINE
8
0
10
78.417606
20
233.434391
11
78.955846
21
231.835953
0
LINE
8
0
10
78.955846
20
231.835953
11
78.988501
21
231.599235
0
LINE
8
0
10
78.988501
20
231.599235
11
78.927785
21
231.319850
0
LINE
8
0
10
78.927785
20
231.319850
11
79.296329
21
229.441581
0
LINE
8
0
10
79.296329
20
229.441581
11
80.572921
21
225.109490
0
LINE
8
0
10
80.572921
20
225.109490
11
81.516708
21
222.599235
0
LINE
8
0
10
81.516708
20
222.599235
11
82.665391
21
219.599235
0
LINE
8
0
10
82.665391
20
219.599235
11
83.560773
21
216.599235
0
LINE
8
0
10
83.560773
20
216.599235
11
84.313143
21
214.163680
0
LINE
8
0
10
84.313143
20
214.163680
11
85.117987
21
212.520750
0
LINE
8
0
10
85.117987
20
212.520750
11
85.815449
21
211.194625
0
LINE
8
0
10
85.815449
20
211.194625
11
86.309647
21
209.520750
0
LINE
8
0
10
86.309647
20
209.520750
11
86.588077
21
208.459037
0
LINE
8
0
10
86.588077
20
208.459037
11
87.738158
21
205.303979
0
LINE
8
0
10
87.738158
20
205.303979
11
88.468157
21
203.599235
0
LINE
8
0
10
88.468157
20
203.599235
11
90.066764
21
200.039860
0
LINE
8
0
10
90.066764
20
200.039860
11
91.369837
21
197.099235
0
LINE
8
0
10
91.369837
20
197.099235
11
92.846987
21
194.232047
0
LINE
8
0
10
92.846987
20
194.232047
11
94.864114
21
190.849235
0
LINE
8
0
10
94.864114
20
190.849235
11
96.299303
21
188.802464
0
LINE
8
0
10
96.299303
20
188.802464
11
99.341886
21
187.198228
0
LINE
8
0
10
99.341886
20
187.198228
11
101.976336
21
187.099235
0
LINE
8
0
10
101.976336
20
187.099235
11
105.059489
21
186.856839
0
LINE
8
0
10
105.059489
20
186.856839
11
112.621805
21
184.929748
0
LINE
8
0
10
112.621805
20
184.929748
11
121.979816
21
181.106412
0
LINE
8
0
10
121.979816
20
181.106412
11
133.054743
21
175.419017
0
LINE
8
0
10
133.054743
20
175.419017
11
139.211431
21
171.886356
0
LINE
8
0
10
139.211431
20
171.886356
11
141.317144
21
170.665113
0
LINE
8
0
10
141.317144
20
170.665113
11
144.660880
21
169.004540
0
LINE
8
0
10
144.660880
20
169.004540
11
147.740942
21
168.134069
0
LINE
8
0
10
147.740942
20
168.134069
11
151.629232
21
167.750766
0
LINE
8
0
10
151.629232
20
167.750766
11
154.211431
21
167.647135
0
LINE
8
0
10
154.211431
20
167.647135
11
160.631586
21
167.018314
0
LINE
8
0
10
160.631586
20
167.018314
11
173.542928
21
163.375525
0
LINE
8
0
10
173.542928
20
163.375525
11
185.937893
21
156.873118
0
LINE
8
0
10
185.937893
20
156.873118
11
197.083178
21
147.895783
0
LINE
8
0
10
197.083178
20
147.895783
11
201.958032
21
142.599235
0
LINE
8
0
10
201.958032
20
142.599235
11
205.336581
21
137.907543
0
LINE
8
0
10
205.336581
20
137.907543
11
209.953591
21
129.771707
0
LINE
8
0
10
209.953591
20
129.771707
11
211.744432
21
125.436692
0
LINE
8
0
10
211.744432
20
125.436692
11
212.000000
21
124.064123
0
LINE
8
0
10
212.000000
20
124.064123
11
212.285352
21
122.673569
0
LINE
8
0
10
212.285352
20
122.673569
11
212.971411
21
121.527824
0
LINE
8
0
10
212.971411
20
121.527824
11
213.378744
21
120.788692
0
LINE
8
0
10
213.378744
20
120.788692
11
214.099926
21
117.827047
0
LINE
8
0
10
214.099926
20
117.827047
11
214.324950
21
115.969311
0
LINE
8
0
10
214.324950
20
115.969311
11
214.516517
21
114.117882
0
LINE
8
0
10
214.516517
20
114.117882
11
215.011783
21
111.198821
0
LINE
8
0
10
215.011783
20
111.198821
11
215.254482
21
110.490722
0
LINE
8
0
10
215.254482
20
110.490722
11
215.514233
21
109.750043
0
LINE
8
0
10
215.514233
20
109.750043
11
216.124643
21
106.610985
0
LINE
8
0
10
216.124643
20
106.610985
11
216.400119
21
104.599235
0
LINE
8
0
10
216.400119
20
104.599235
11
216.669987
21
102.339655
0
LINE
8
0
10
216.669987
20
102.339655
11
217.135747
21
98.670570
0
LINE
8
0
10
217.135747
20
98.670570
11
217.838392
21
94.993136
0
LINE
8
0
10
217.838392
20
94.993136
11
219.311768
21
92.661616
0
LINE
8
0
10
219.311768
20
92.661616
11
222.137283
21
92.099824
0
LINE
8
0
10
222.137283
20
92.099824
11
224.309017
21
92.083922
0
LINE
8
0
10
224.309017
20
92.083922
11
226.414858
21
92.020005
0
LINE
8
0
10
226.414858
20
92.020005
11
229.790293
21
91.620395
0
LINE
8
0
10
229.790293
20
91.620395
11
230.644143
21
91.333922
0
LINE
8
0
10
230.644143
20
91.333922
11
231.170398
21
90.472383
0
LINE
8
0
10
231.170398
20
90.472383
11
232.124489
21
85.955547
0
LINE
8
0
10
232.124489
20
85.955547
11
232.879852
21
78.389801
0
LINE
8
0
10
232.879852
20
78.389801
11
233.355486
21
68.586463
0
LINE
8
0
10
233.355486
20
68.586463
11
233.463091
21
63.099235
0
LINE
8
0
10
233.463091
20
63.099235
11
233.524623
21
57.466904
0
LINE
8
0
10
233.524623
20
57.466904
11
233.647045
21
47.862509
0
LINE
8
0
10
233.647045
20
47.862509
11
233.776022
21
40.288553
0
LINE
8
0
10
233.776022
20
40.288553
11
233.920447
21
34.525138
0
LINE
8
0
10
233.920447
20
34.525138
11
234.089215
21
30.352368
0
LINE
8
0
10
234.089215
20
30.352368
11
234.291219
21
27.550345
0
LINE
8
0
10
234.291219
20
27.550345
11
234.675996
21
25.436438
0
LINE
8
0
10
234.675996
20
25.436438
11
235.000000
21
25.099235
0
LINE
8
0
10
235.000000
20
25.099235
11
235.227287
21
25.515243
0
LINE
8
0
10
235.227287
20
25.515243
11
235.607242
21
28.767991
0
LINE
8
0
10
235.607242
20
28.767991
11
235.880462
21
35.081016
0
LINE
8
0
10
235.880462
20
35.081016
11
236.038254
21
44.253478
0
LINE
8
0
10
236.038254
20
44.253478
11
236.071149
21
49.849235
0
LINE
8
0
10
205.846851
20
92.612752
11
205.860479
21
92.976191
0
LINE
8
0
10
205.860479
20
92.976191
11
205.587530
21
95.247039
0
LINE
8
0
10
205.587530
20
95.247039
11
204.616770
21
101.428987
0
LINE
8
0
10
204.616770
20
101.428987
11
202.804293
21
111.816942
0
LINE
8
0
10
202.804293
20
111.816942
11
201.497754
21
118.687009
0
LINE
8
0
10
201.497754
20
118.687009
11
200.841060
21
121.744281
0
LINE
8
0
10
200.841060
20
121.744281
11
200.614847
21
122.599235
0
LINE
8
0
10
200.614847
20
122.599235
11
199.987836
21
124.363447
0
LINE
8
0
10
199.987836
20
124.363447
11
198.568214
21
127.366643
0
LINE
8
0
10
198.568214
20
127.366643
11
198.014977
21
128.099235
0
LINE
8
0
10
198.014977
20
128.099235
11
197.143317
21
129.077360
0
LINE
8
0
10
197.143317
20
129.077360
11
195.933575
21
130.726894
0
LINE
8
0
10
195.933575
20
130.726894
11
194.646358
21
132.420887
0
LINE
8
0
10
194.646358
20
132.420887
11
190.694436
21
136.921992
0
LINE
8
0
10
190.694436
20
136.921992
11
186.227902
21
141.540296
0
LINE
8
0
10
186.227902
20
141.540296
11
183.494632
21
144.094163
0
LINE
8
0
10
183.494632
20
144.094163
11
182.337908
21
144.979016
0
LINE
8
0
10
182.337908
20
144.979016
11
182.033547
21
145.099235
0
LINE
8
0
10
182.033547
20
145.099235
11
181.303605
21
145.323328
0
LINE
8
0
10
181.303605
20
145.323328
11
181.000000
21
145.862106
0
LINE
8
0
10
181.000000
20
145.862106
11
180.474695
21
146.690853
0
LINE
8
0
10
180.474695
20
146.690853
11
179.211729
21
147.612106
0
LINE
8
0
10
179.211729
20
147.612106
11
174.615311
21
150.024599
0
LINE
8
0
10
174.615311
20
150.024599
11
166.063086
21
153.754278
0
LINE
8
0
10
166.063086
20
153.754278
11
158.423185
21
156.006397
0
LINE
8
0
10
158.423185
20
156.006397
11
151.765423
21
156.760377
0
LINE
8
0
10
151.765423
20
156.760377
11
148.826659
21
156.569133
0
LINE
8
0
10
148.826659
20
156.569133
11
145.137665
21
156.514959
0
LINE
8
0
10
145.137665
20
156.514959
11
137.913368
21
158.830648
0
LINE
8
0
10
137.913368
20
158.830648
11
134.796103
21
161.066512
0
LINE
8
0
10
134.796103
20
161.066512
11
134.274296
21
161.463590
0
LINE
8
0
10
134.274296
20
161.463590
11
132.337613
21
162.670840
0
LINE
8
0
10
132.337613
20
162.670840
11
127.845913
21
165.151318
0
LINE
8
0
10
127.845913
20
165.151318
11
124.296103
21
166.968930
0
LINE
8
0
10
124.296103
20
166.968930
11
120.604569
21
168.806942
0
LINE
8
0
10
120.604569
20
168.806942
11
115.460904
21
171.381268
0
LINE
8
0
10
115.460904
20
171.381268
11
112.882606
21
172.680878
0
LINE
8
0
10
112.882606
20
172.680878
11
112.000000
21
173.129892
0
LINE
8
0
10
112.000000
20
173.129892
11
108.179781
21
174.594314
0
LINE
8
0
10
108.179781
20
174.594314
11
103.909891
21
175.599763
0
LINE
8
0
10
103.909891
20
175.599763
11
101.389547
21
175.874767
0
LINE
8
0
10
101.389547
20
175.874767
11
98.095749
21
175.025790
0
LINE
8
0
10
98.095749
20
175.025790
11
96.409891
21
173.666636
0
LINE
8
0
10
96.409891
20
173.666636
11
93.500000
21
171.054904
0
LINE
8
0
10
93.500000
20
171.054904
11
96.834536
21
168.327069
0
LINE
8
0
10
96.834536
20
168.327069
11
97.792629
21
167.585208
0
LINE
8
0
10
97.792629
20
167.585208
11
101.116078
21
165.176476
0
LINE
8
0
10
101.116078
20
165.176476
11
108.545347
21
160.003150
0
LINE
8
0
10
108.545347
20
160.003150
11
114.292214
21
156.099235
0
LINE
8
0
10
114.292214
20
156.099235
11
117.144109
21
154.160270
0
LINE
8
0
10
117.144109
20
154.160270
11
122.299138
21
150.540152
0
LINE
8
0
10
122.299138
20
150.540152
11
126.316410
21
147.564567
0
LINE
8
0
10
126.316410
20
147.564567
11
128.708631
21
145.594449
0
LINE
8
0
10
128.708631
20
145.594449
11
129.143069
21
145.099235
0
LINE
8
0
10
129.143069
20
145.099235
11
130.041452
21
143.085172
0
LINE
8
0
10
130.041452
20
143.085172
11
131.179501
21
140.349235
0
LINE
8
0
10
131.179501
20
140.349235
11
131.747298
21
139.087320
0
LINE
8
0
10
131.747298
20
139.087320
11
132.847348
21
137.355680
0
LINE
8
0
10
132.847348
20
137.355680
11
133.244111
21
137.099235
0
LINE
8
0
10
133.244111
20
137.099235
11
133.777958
21
136.786520
0
LINE
8
0
10
133.777958
20
136.786520
11
134.000000
21
136.034674
0
LINE
8
0
10
134.000000
20
136.034674
11
134.228106
21
135.429387
0
LINE
8
0
10
134.228106
20
135.429387
11
135.768388
21
133.566114
0
LINE
8
0
10
135.768388
20
133.566114
11
136.890852
21
132.537623
0
LINE
8
0
10
136.890852
20
132.537623
11
138.755263
21
130.641460
0
LINE
8
0
10
138.755263
20
130.641460
11
140.635426
21
126.766720
0
LINE
8
0
10
140.635426
20
126.766720
11
140.145399
21
123.427371
0
LINE
8
0
10
140.145399
20
123.427371
11
137.398812
21
121.397748
0
LINE
8
0
10
137.398812
20
121.397748
11
135.214816
21
121.116062
0
LINE
8
0
10
135.214816
20
121.116062
11
133.224335
21
121.288960
0
LINE
8
0
10
133.224335
20
121.288960
11
129.821726
21
123.025909
0
LINE
8
0
10
129.821726
20
123.025909
11
127.868724
21
124.866062
0
LINE
8
0
10
127.868724
20
124.866062
11
124.645711
21
128.824490
0
LINE
8
0
10
124.645711
20
128.824490
11
121.996003
21
133.099235
0
LINE
8
0
10
121.996003
20
133.099235
11
120.182037
21
136.308751
0
LINE
8
0
10
120.182037
20
136.308751
11
117.425475
21
139.792682
0
LINE
8
0
10
117.425475
20
139.792682
11
115.806580
21
140.945993
0
LINE
8
0
10
115.806580
20
140.945993
11
115.125147
21
141.099235
0
LINE
8
0
10
115.125147
20
141.099235
11
114.350304
21
141.348599
0
LINE
8
0
10
114.350304
20
141.348599
11
113.833333
21
141.948134
0
LINE
8
0
10
113.833333
20
141.948134
11
113.582682
21
142.239103
0
LINE
8
0
10
113.582682
20
142.239103
11
112.104818
21
143.433280
0
LINE
8
0
10
112.104818
20
143.433280
11
108.020833
21
146.339864
0
LINE
8
0
10
108.020833
20
146.339864
11
104.500000
21
148.698134
0
LINE
8
0
10
104.500000
20
148.698134
11
100.909574
21
151.068327
0
LINE
8
0
10
100.909574
20
151.068327
11
96.505448
21
154.029759
0
LINE
8
0
10
96.505448
20
154.029759
11
94.712523
21
155.277913
0
LINE
8
0
10
94.712523
20
155.277913
11
94.284704
21
155.599235
0
LINE
8
0
10
94.284704
20
155.599235
11
92.975582
21
156.684254
0
LINE
8
0
10
92.975582
20
156.684254
11
91.534704
21
157.888661
0
LINE
8
0
10
91.534704
20
157.888661
11
90.936408
21
158.327031
0
LINE
8
0
10
90.936408
20
158.327031
11
90.102496
21
158.593437
0
LINE
8
0
10
90.102496
20
158.593437
11
89.969591
21
158.388661
0
LINE
8
0
10
89.969591
20
158.388661
11
89.877357
21
158.220227
0
LINE
8
0
10
89.877357
20
158.220227
11
89.318069
21
158.732033
0
LINE
8
0
10
89.318069
20
158.732033
11
88.919901
21
159.349235
0
LINE
8
0
10
88.919901
20
159.349235
11
87.881620
21
160.585172
0
LINE
8
0
10
87.881620
20
160.585172
11
86.816659
21
161.099235
0
LINE
8
0
10
86.816659
20
161.099235
11
86.072513
21
161.331302
0
LINE
8
0
10
86.072513
20
161.331302
11
84.221015
21
162.892435
0
LINE
8
0
10
84.221015
20
162.892435
11
82.392330
21
165.259777
0
LINE
8
0
10
82.392330
20
165.259777
11
81.194964
21
167.645581
0
LINE
8
0
10
81.194964
20
167.645581
11
81.023183
21
168.599235
0
LINE
8
0
10
81.023183
20
168.599235
11
81.179118
21
169.751604
0
LINE
8
0
10
81.179118
20
169.751604
11
82.185997
21
172.920307
0
LINE
8
0
10
82.185997
20
172.920307
11
83.714946
21
176.336837
0
LINE
8
0
10
83.714946
20
176.336837
11
85.280432
21
178.916241
0
LINE
8
0
10
85.280432
20
178.916241
11
85.925147
21
179.552973
0
LINE
8
0
10
85.925147
20
179.552973
11
86.255092
21
180.173977
0
LINE
8
0
10
86.255092
20
180.173977
11
85.360009
21
183.077157
0
LINE
8
0
10
85.360009
20
183.077157
11
84.114321
21
185.426343
0
LINE
8
0
10
84.114321
20
185.426343
11
83.233694
21
187.062674
0
LINE
8
0
10
83.233694
20
187.062674
11
81.133264
21
191.415368
0
LINE
8
0
10
81.133264
20
191.415368
11
77.470553
21
199.801905
0
LINE
8
0
10
77.470553
20
199.801905
11
72.571512
21
212.092030
0
LINE
8
0
10
72.571512
20
212.092030
11
69.669357
21
220.174642
0
LINE
8
0
10
69.669357
20
220.174642
11
68.438135
21
224.179993
0
LINE
8
0
10
68.438135
20
224.179993
11
68.100762
21
225.599235
0
LINE
8
0
10
68.100762
20
225.599235
11
67.140741
21
229.793534
0
LINE
8
0
10
67.140741
20
229.793534
11
64.673149
21
236.902877
0
LINE
8
0
10
64.673149
20
236.902877
11
61.654681
21
242.003740
0
LINE
8
0
10
61.654681
20
242.003740
11
58.300361
21
244.732755
0
LINE
8
0
10
58.300361
20
244.732755
11
56.564451
21
245.094267
0
LINE
8
0
10
56.564451
20
245.094267
11
54.537408
21
244.474424
0
LINE
8
0
10
54.537408
20
244.474424
11
51.450694
21
241.994710
0
LINE
8
0
10
51.450694
20
241.994710
11
50.182045
21
240.047090
0
LINE
8
0
10
50.182045
20
240.047090
11
49.995307
21
239.174920
0
LINE
8
0
10
49.995307
20
239.174920
11
50.039776
21
238.653210
0
LINE
8
0
10
50.039776
20
238.653210
11
50.379071
21
236.318751
0
LINE
8
0
10
50.379071
20
236.318751
11
51.406047
21
230.192733
0
LINE
8
0
10
51.406047
20
230.192733
11
54.613029
21
212.474664
0
LINE
8
0
10
54.613029
20
212.474664
11
56.981912
21
200.099235
0
LINE
8
0
10
56.981912
20
200.099235
11
57.417050
21
197.799625
0
LINE
8
0
10
57.417050
20
197.799625
11
58.504662
21
191.672281
0
LINE
8
0
10
58.504662
20
191.672281
11
59.023179
21
188.599235
0
LINE
8
0
10
59.023179
20
188.599235
11
59.538382
21
185.565641
0
LINE
8
0
10
59.538382
20
185.565641
11
60.603623
21
179.704703
0
LINE
8
0
10
60.603623
20
179.704703
11
61.022457
21
177.599235
0
LINE
8
0
10
61.022457
20
177.599235
11
61.439071
21
175.533219
0
LINE
8
0
10
61.439071
20
175.533219
11
62.489322
21
169.938688
0
LINE
8
0
10
62.489322
20
169.938688
11
62.993602
21
167.099235
0
LINE
8
0
10
62.993602
20
167.099235
11
63.517257
21
164.094904
0
LINE
8
0
10
63.517257
20
164.094904
11
64.416972
21
159.101859
0
LINE
8
0
10
64.416972
20
159.101859
11
65.530771
21
153.750572
0
LINE
8
0
10
65.530771
20
153.750572
11
66.948727
21
149.484867
0
LINE
8
0
10
66.948727
20
149.484867
11
68.811003
21
146.931014
0
LINE
8
0
10
68.811003
20
146.931014
11
70.086380
21
145.761693
0
LINE
8
0
10
70.086380
20
145.761693
11
71.166388
21
144.912325
0
LINE
8
0
10
71.166388
20
144.912325
11
75.052536
21
142.198907
0
LINE
8
0
10
75.052536
20
142.198907
11
83.918984
21
136.432009
0
LINE
8
0
10
83.918984
20
136.432009
11
90.860682
21
132.109506
0
LINE
8
0
10
90.860682
20
132.109506
11
94.303610
21
129.986823
0
LINE
8
0
10
94.303610
20
129.986823
11
100.426229
21
126.124831
0
LINE
8
0
10
100.426229
20
126.124831
11
105.062549
21
123.081618
0
LINE
8
0
10
105.062549
20
123.081618
11
107.650184
21
121.226325
0
LINE
8
0
10
107.650184
20
121.226325
11
108.000000
21
120.859506
0
LINE
8
0
10
108.000000
20
120.859506
11
108.307861
21
120.322564
0
LINE
8
0
10
108.307861
20
120.322564
11
109.048037
21
120.099235
0
LINE
8
0
10
109.048037
20
120.099235
11
109.864264
21
119.918316
0
LINE
8
0
10
109.864264
20
119.918316
11
112.424571
21
118.599808
0
LINE
8
0
10
112.424571
20
118.599808
11
117.799423
21
114.874568
0
LINE
8
0
10
117.799423
20
114.874568
11
125.631400
21
108.449377
0
LINE
8
0
10
125.631400
20
108.449377
11
130.172277
21
104.039961
0
LINE
8
0
10
130.172277
20
104.039961
11
131.779470
21
101.939538
0
LINE
8
0
10
131.779470
20
101.939538
11
132.000000
21
101.269922
0
LINE
8
0
10
132.000000
20
101.269922
11
132.293750
21
100.443124
0
LINE
8
0
10
132.293750
20
100.443124
11
133.000000
21
100.099235
0
LINE
8
0
10
133.000000
20
100.099235
11
133.706250
21
99.682415
0
LINE
8
0
10
133.706250
20
99.682415
11
134.000000
21
98.680274
0
LINE
8
0
10
134.000000
20
98.680274
11
134.138086
21
97.876921
0
LINE
8
0
10
134.138086
20
97.876921
11
135.070508
21
95.416575
0
LINE
8
0
10
135.070508
20
95.416575
11
135.750000
21
94.062616
0
LINE
8
0
10
135.750000
20
94.062616
11
137.500000
21
90.863919
0
LINE
8
0
10
137.500000
20
90.863919
11
171.449303
21
91.514213
0
LINE
8
0
10
171.449303
20
91.514213
11
178.278151
21
91.653993
0
LINE
8
0
10
178.278151
20
91.653993
11
190.473418
21
91.953969
0
LINE
8
0
10
190.473418
20
91.953969
11
197.784727
21
92.179077
0
LINE
8
0
10
197.784727
20
92.179077
11
201.520524
21
92.320760
0
LINE
8
0
10
201.520524
20
92.320760
11
204.180996
21
92.450475
0
LINE
8
0
10
204.180996
20
92.450475
11
205.625060
21
92.563716
0
LINE
8
0
10
205.625060
20
92.563716
11
205.846851
21
92.612752
0
LINE
8
0
10
334.530804
20
95.849235
11
335.968009
21
98.838738
0
LINE
8
0
10
335.968009
20
98.838738
11
340.895246
21
105.146428
0
LINE
8
0
10
340.895246
20
105.146428
11
348.931857
21
112.220028
0
LINE
8
0
10
348.931857
20
112.220028
11
357.268579
21
118.264390
0
LINE
8
0
10
357.268579
20
118.264390
11
364.030744
21
122.738101
0
LINE
8
0
10
364.030744
20
122.738101
11
367.794072
21
125.126629
0
LINE
8
0
10
367.794072
20
125.126629
11
375.470873
21
129.943867
0
LINE
8
0
10
375.470873
20
129.943867
11
386.164840
21
136.663858
0
LINE
8
0
10
386.164840
20
136.663858
11
391.523436
21
140.037707
0
LINE
8
0
10
391.523436
20
140.037707
11
393.356975
21
141.195071
0
LINE
8
0
10
393.356975
20
141.195071
11
396.698338
21
143.450234
0
LINE
8
0
10
396.698338
20
143.450234
11
401.074512
21
147.401350
0
LINE
8
0
10
401.074512
20
147.401350
11
402.217609
21
149.195071
0
LINE
8
0
10
402.217609
20
149.195071
11
402.419970
21
149.764559
0
LINE
8
0
10
402.419970
20
149.764559
11
403.039562
21
152.142872
0
LINE
8
0
10
403.039562
20
152.142872
11
403.913716
21
156.015269
0
LINE
8
0
10
403.913716
20
156.015269
11
405.004116
21
161.191715
0
LINE
8
0
10
405.004116
20
161.191715
11
406.961359
21
170.985767
0
LINE
8
0
10
406.961359
20
170.985767
11
409.970254
21
186.834990
0
LINE
8
0
10
409.970254
20
186.834990
11
411.559591
21
195.527941
0
LINE
8
0
10
411.559591
20
195.527941
11
412.793243
21
202.375068
0
LINE
8
0
10
412.793243
20
202.375068
11
414.841408
21
213.862247
0
LINE
8
0
10
414.841408
20
213.862247
11
416.373956
21
222.716022
0
LINE
8
0
10
416.373956
20
222.716022
11
417.442772
21
229.307625
0
LINE
8
0
10
417.442772
20
229.307625
11
418.099739
21
234.008290
0
LINE
8
0
10
418.099739
20
234.008290
11
418.396741
21
237.189249
0
LINE
8
0
10
418.396741
20
237.189249
11
418.280805
21
239.923315
0
LINE
8
0
10
418.280805
20
239.923315
11
417.904885
21
240.929157
0
LINE
8
0
10
417.904885
20
240.929157
11
416.387947
21
243.078849
0
LINE
8
0
10
416.387947
20
243.078849
11
412.831544
21
244.946839
0
LINE
8
0
10
412.831544
20
244.946839
11
410.667427
21
244.730612
0
LINE
8
0
10
410.667427
20
244.730612
11
409.384460
21
244.280322
0
LINE
8
0
10
409.384460
20
244.280322
11
407.213835
21
242.512420
0
LINE
8
0
10
407.213835
20
242.512420
11
405.284095
21
239.078871
0
LINE
8
0
10
405.284095
20
239.078871
11
403.251809
21
233.368616
0
LINE
8
0
10
403.251809
20
233.368616
11
402.089889
21
229.468768
0
LINE
8
0
10
402.089889
20
229.468768
11
398.894037
21
219.176101
0
LINE
8
0
10
398.894037
20
219.176101
11
391.384094
21
199.244679
0
LINE
8
0
10
391.384094
20
199.244679
11
387.403956
21
190.492242
0
LINE
8
0
10
387.403956
20
190.492242
11
386.028025
21
187.559280
0
LINE
8
0
10
386.028025
20
187.559280
11
384.212645
21
182.896858
0
LINE
8
0
10
384.212645
20
182.896858
11
383.641620
21
179.815964
0
LINE
8
0
10
383.641620
20
179.815964
11
384.309803
21
178.288825
0
LINE
8
0
10
384.309803
20
178.288825
11
385.106989
21
178.099235
0
LINE
8
0
10
385.106989
20
178.099235
11
385.737678
21
177.529071
0
LINE
8
0
10
385.737678
20
177.529071
11
386.000000
21
176.158252
0
LINE
8
0
10
386.000000
20
176.158252
11
386.293750
21
174.605885
0
LINE
8
0
10
386.293750
20
174.605885
11
387.000000
21
173.599235
0
LINE
8
0
10
387.000000
20
173.599235
11
387.579069
21
172.949402
0
LINE
8
0
10
387.579069
20
172.949402
11
388.043629
21
170.649975
0
LINE
8
0
10
388.043629
20
170.649975
11
387.196437
21
166.200432
0
LINE
8
0
10
387.196437
20
166.200432
11
385.750000
21
163.733022
0
LINE
8
0
10
385.750000
20
163.733022
11
384.955531
21
163.007648
0
LINE
8
0
10
384.955531
20
163.007648
11
381.618320
21
160.438593
0
LINE
8
0
10
381.618320
20
160.438593
11
373.412636
21
154.627890
0
LINE
8
0
10
373.412636
20
154.627890
11
366.719571
21
150.101626
0
LINE
8
0
10
366.719571
20
150.101626
11
364.092276
21
148.350617
0
LINE
8
0
10
364.092276
20
148.350617
11
359.647996
21
145.350530
0
LINE
8
0
10
359.647996
20
145.350530
11
354.741391
21
141.885838
0
LINE
8
0
10
354.741391
20
141.885838
11
350.739546
21
138.584779
0
LINE
8
0
10
350.739546
20
138.584779
11
348.600687
21
135.932561
0
LINE
8
0
10
348.600687
20
135.932561
11
347.875261
21
134.557250
0
LINE
8
0
10
347.875261
20
134.557250
11
345.245383
21
130.124544
0
LINE
8
0
10
345.245383
20
130.124544
11
341.820703
21
125.632882
0
LINE
8
0
10
341.820703
20
125.632882
11
340.630855
21
124.314482
0
LINE
8
0
10
340.630855
20
124.314482
11
338.699669
21
122.478620
0
LINE
8
0
10
338.699669
20
122.478620
11
336.108440
21
121.257285
0
LINE
8
0
10
336.108440
20
121.257285
11
333.950197
21
121.099235
0
LINE
8
0
10
333.950197
20
121.099235
11
332.101260
21
121.204291
0
LINE
8
0
10
332.101260
20
121.204291
11
329.724227
21
122.139750
0
LINE
8
0
10
329.724227
20
122.139750
11
329.035184
21
123.033493
0
LINE
8
0
10
329.035184
20
123.033493
11
328.222888
21
124.936094
0
LINE
8
0
10
328.222888
20
124.936094
11
328.697681
21
127.458143
0
LINE
8
0
10
328.697681
20
127.458143
11
330.408277
21
129.719011
0
LINE
8
0
10
330.408277
20
129.719011
11
331.750000
21
131.229200
0
LINE
8
0
10
331.750000
20
131.229200
11
335.279688
21
135.799163
0
LINE
8
0
10
335.279688
20
135.799163
11
338.500000
21
140.978905
0
LINE
8
0
10
338.500000
20
140.978905
11
340.284864
21
143.943030
0
LINE
8
0
10
340.284864
20
143.943030
11
344.936222
21
148.767256
0
LINE
8
0
10
344.936222
20
148.767256
11
348.500000
21
151.350557
0
LINE
8
0
10
348.500000
20
151.350557
11
350.117860
21
152.451187
0
LINE
8
0
10
350.117860
20
152.451187
11
354.184479
21
155.222701
0
LINE
8
0
10
354.184479
20
155.222701
11
361.292822
21
160.076077
0
LINE
8
0
10
361.292822
20
160.076077
11
365.872685
21
163.208319
0
LINE
8
0
10
365.872685
20
163.208319
11
376.245370
21
170.308410
0
LINE
8
0
10
376.245370
20
170.308410
11
373.599483
21
172.953822
0
LINE
8
0
10
373.599483
20
172.953822
11
371.388876
21
174.532893
0
LINE
8
0
10
371.388876
20
174.532893
11
367.023225
21
175.385736
0
LINE
8
0
10
367.023225
20
175.385736
11
363.270382
21
174.901039
0
LINE
8
0
10
363.270382
20
174.901039
11
358.729548
21
173.539533
0
LINE
8
0
10
358.729548
20
173.539533
11
353.302953
21
171.271903
0
LINE
8
0
10
353.302953
20
171.271903
11
346.892826
21
168.068835
0
LINE
8
0
10
346.892826
20
168.068835
11
339.401399
21
163.901014
0
LINE
8
0
10
339.401399
20
163.901014
11
335.219645
21
161.446159
0
LINE
8
0
10
335.219645
20
161.446159
11
332.262135
21
159.698962
0
LINE
8
0
10
332.262135
20
159.698962
11
328.076502
21
157.426722
0
LINE
8
0
10
328.076502
20
157.426722
11
323.977707
21
156.340773
0
LINE
8
0
10
323.977707
20
156.340773
11
321.030868
21
156.594989
0
LINE
8
0
10
321.030868
20
156.594989
11
317.310295
21
156.846993
0
LINE
8
0
10
317.310295
20
156.846993
11
309.476736
21
155.953286
0
LINE
8
0
10
309.476736
20
155.953286
11
301.406206
21
153.393356
0
LINE
8
0
10
301.406206
20
153.393356
11
293.442199
21
149.404079
0
LINE
8
0
10
293.442199
20
149.404079
11
285.928208
21
144.222334
0
LINE
8
0
10
285.928208
20
144.222334
11
279.207725
21
138.084998
0
LINE
8
0
10
279.207725
20
138.084998
11
273.624246
21
131.228948
0
LINE
8
0
10
273.624246
20
131.228948
11
269.521262
21
123.891061
0
LINE
8
0
10
269.521262
20
123.891061
11
268.132298
21
120.115454
0
LINE
8
0
10
268.132298
20
120.115454
11
267.474459
21
117.656433
0
LINE
8
0
10
267.474459
20
117.656433
11
266.036803
21
110.932114
0
LINE
8
0
10
266.036803
20
110.932114
11
264.699714
21
103.301501
0
LINE
8
0
10
264.699714
20
103.301501
11
263.779037
21
96.567088
0
LINE
8
0
10
263.779037
20
96.567088
11
263.573555
21
94.099235
0
LINE
8
0
10
263.573555
20
94.099235
11
263.704329
21
93.785739
0
LINE
8
0
10
263.704329
20
93.785739
11
264.896564
21
93.226967
0
LINE
8
0
10
264.896564
20
93.226967
11
267.441516
21
92.752649
0
LINE
8
0
10
267.441516
20
92.752649
11
271.473353
21
92.354981
0
LINE
8
0
10
271.473353
20
92.354981
11
277.126241
21
92.026160
0
LINE
8
0
10
277.126241
20
92.026160
11
284.534345
21
91.758380
0
LINE
8
0
10
284.534345
20
91.758380
11
293.831832
21
91.543837
0
LINE
8
0
10
293.831832
20
91.543837
11
305.152867
21
91.374728
0
LINE
8
0
10
305.152867
20
91.374728
11
311.614142
21
91.304772
0
LINE
8
0
10
311.614142
20
91.304772
11
332.728284
21
91.099235
0
LINE
8
0
10
332.728284
20
91.099235
11
334.530804
21
95.849235
0
LINE
8
0
10
183.677440
20
199.707730
11
185.882540
21
201.417667
0
LINE
8
0
10
185.882540
20
201.417667
11
188.772876
21
204.869769
0
LINE
8
0
10
188.772876
20
204.869769
11
189.923195
21
208.751187
0
LINE
8
0
10
189.923195
20
208.751187
11
190.354369
21
212.556172
0
LINE
8
0
10
190.354369
20
212.556172
11
190.609554
21
217.709614
0
LINE
8
0
10
190.609554
20
217.709614
11
190.768103
21
224.532567
0
LINE
8
0
10
190.768103
20
224.532567
11
190.835937
21
228.670438
0
LINE
8
0
10
190.835937
20
228.670438
11
190.881353
21
231.767595
0
LINE
8
0
10
190.881353
20
231.767595
11
190.937141
21
237.086931
0
LINE
8
0
10
190.937141
20
237.086931
11
190.923837
21
243.080476
0
LINE
8
0
10
190.923837
20
243.080476
11
190.698823
21
247.931265
0
LINE
8
0
10
190.698823
20
247.931265
11
190.200277
21
249.982806
0
LINE
8
0
10
190.200277
20
249.982806
11
189.835937
21
250.228183
0
LINE
8
0
10
189.835937
20
250.228183
11
186.680230
21
250.487464
0
LINE
8
0
10
186.680230
20
250.487464
11
182.395737
21
250.536316
0
LINE
8
0
10
182.395737
20
250.536316
11
181.250000
21
250.326082
0
LINE
8
0
10
181.250000
20
250.326082
11
180.925827
21
249.977327
0
LINE
8
0
10
180.925827
20
249.977327
11
180.440519
21
247.752446
0
LINE
8
0
10
180.440519
20
247.752446
11
180.147124
21
243.085915
0
LINE
8
0
10
180.147124
20
243.085915
11
180.015073
21
235.491550
0
LINE
8
0
10
180.015073
20
235.491550
11
180.000000
21
230.444497
0
LINE
8
0
10
180.000000
20
230.444497
11
180.000000
21
211.003737
0
LINE
8
0
10
180.000000
20
211.003737
11
177.293049
21
208.495019
0
LINE
8
0
10
177.293049
20
208.495019
11
175.887180
21
207.345171
0
LINE
8
0
10
175.887180
20
207.345171
11
173.383302
21
206.451476
0
LINE
8
0
10
173.383302
20
206.451476
11
172.048643
21
206.623162
0
LINE
8
0
10
172.048643
20
206.623162
11
170.392306
21
207.087583
0
LINE
8
0
10
170.392306
20
207.087583
11
168.248052
21
208.764124
0
LINE
8
0
10
168.248052
20
208.764124
11
167.434147
21
211.715703
0
LINE
8
0
10
167.434147
20
211.715703
11
167.161164
21
214.985379
0
LINE
8
0
10
167.161164
20
214.985379
11
167.036297
21
219.604749
0
LINE
8
0
10
167.036297
20
219.604749
11
167.001619
21
225.837925
0
LINE
8
0
10
167.001619
20
225.837925
11
167.000000
21
229.642224
0
LINE
8
0
10
167.000000
20
229.642224
11
167.000000
21
249.940324
0
LINE
8
0
10
167.000000
20
249.940324
11
164.250000
21
250.468110
0
LINE
8
0
10
164.250000
20
250.468110
11
161.573438
21
250.782599
0
LINE
8
0
10
161.573438
20
250.782599
11
159.000000
21
250.797565
0
LINE
8
0
10
159.000000
20
250.797565
11
156.500000
21
250.599235
0
LINE
8
0
10
156.500000
20
250.599235
11
156.229108
21
230.290678
0
LINE
8
0
10
156.229108
20
230.290678
11
156.188107
21
227.022841
0
LINE
8
0
10
156.188107
20
227.022841
11
156.141784
21
221.514436
0
LINE
8
0
10
156.141784
20
221.514436
11
156.188486
21
215.428128
0
LINE
8
0
10
156.188486
20
215.428128
11
156.543219
21
210.278229
0
LINE
8
0
10
156.543219
20
210.278229
11
157.337765
21
206.984448
0
LINE
8
0
10
157.337765
20
206.984448
11
157.935959
21
205.511104
0
LINE
8
0
10
157.935959
20
205.511104
11
159.094656
21
203.255135
0
LINE
8
0
10
159.094656
20
203.255135
11
162.038070
21
200.216291
0
LINE
8
0
10
162.038070
20
200.216291
11
164.206851
21
199.036903
0
LINE
8
0
10
164.206851
20
199.036903
11
166.497975
21
198.189878
0
LINE
8
0
10
166.497975
20
198.189878
11
171.797682
21
197.314229
0
LINE
8
0
10
171.797682
20
197.314229
11
177.260474
21
197.502441
0
LINE
8
0
10
177.260474
20
197.502441
11
181.934119
21
198.721706
0
LINE
8
0
10
181.934119
20
198.721706
11
183.677440
21
199.707730
0
LINE
8
0
10
134.000000
20
209.099235
11
134.000000
21
220.099235
0
LINE
8
0
10
134.000000
20
220.099235
11
140.000000
21
220.099235
0
LINE
8
0
10
140.000000
20
220.099235
11
146.000000
21
220.099235
0
LINE
8
0
10
146.000000
20
220.099235
11
146.000000
21
224.531847
0
LINE
8
0
10
146.000000
20
224.531847
11
145.933075
21
226.169012
0
LINE
8
0
10
145.933075
20
226.169012
11
145.297803
21
228.496967
0
LINE
8
0
10
145.297803
20
228.496967
11
143.772031
21
229.744565
0
LINE
8
0
10
143.772031
20
229.744565
11
141.089437
21
230.129572
0
LINE
8
0
10
141.089437
20
230.129572
11
139.231105
21
230.066657
0
LINE
8
0
10
139.231105
20
230.066657
11
137.534197
21
229.971477
0
LINE
8
0
10
137.534197
20
229.971477
11
135.322685
21
230.150575
0
LINE
8
0
10
135.322685
20
230.150575
11
134.303195
21
231.228819
0
LINE
8
0
10
134.303195
20
231.228819
11
134.014469
21
233.694049
0
LINE
8
0
10
134.014469
20
233.694049
11
134.000000
21
235.599235
0
LINE
8
0
10
134.000000
20
235.599235
11
134.000000
21
241.099235
0
LINE
8
0
10
134.000000
20
241.099235
11
142.000000
21
241.099235
0
LINE
8
0
10
142.000000
20
241.099235
11
150.000000
21
241.099235
0
LINE
8
0
10
150.000000
20
241.099235
11
150.000000
21
245.492246
0
LINE
8
0
10
150.000000
20
245.492246
11
149.908593
21
247.388729
0
LINE
8
0
10
149.908593
20
247.388729
11
149.214887
21
249.891791
0
LINE
8
0
10
149.214887
20
249.891791
11
148.637619
21
250.408051
0
LINE
8
0
10
148.637619
20
250.408051
11
148.088294
21
250.529701
0
LINE
8
0
10
148.088294
20
250.529701
11
145.885847
21
250.725138
0
LINE
8
0
10
145.885847
20
250.725138
11
140.650679
21
250.898137
0
LINE
8
0
10
140.650679
20
250.898137
11
132.383386
21
250.903115
0
LINE
8
0
10
132.383386
20
250.903115
11
127.149608
21
250.736420
0
LINE
8
0
10
127.149608
20
250.736420
11
124.948748
21
250.543635
0
LINE
8
0
10
124.948748
20
250.543635
11
124.400415
21
250.422647
0
LINE
8
0
10
124.400415
20
250.422647
11
124.009876
21
250.032807
0
LINE
8
0
10
124.009876
20
250.032807
11
123.451654
21
247.475528
0
LINE
8
0
10
123.451654
20
247.475528
11
123.197941
21
243.435105
0
LINE
8
0
10
123.197941
20
243.435105
11
123.093042
21
239.460763
0
LINE
8
0
10
123.093042
20
239.460763
11
123.030634
21
234.293821
0
LINE
8
0
10
123.030634
20
234.293821
11
123.003086
21
227.790262
0
LINE
8
0
10
123.003086
20
227.790262
11
123.000000
21
223.992246
0
LINE
8
0
10
123.000000
20
223.992246
11
123.000000
21
198.099235
0
LINE
8
0
10
123.000000
20
198.099235
11
128.500000
21
198.099235
0
LINE
8
0
10
128.500000
20
198.099235
11
134.000000
21
198.099235
0
LINE
8
0
10
134.000000
20
198.099235
11
134.000000
21
209.099235
0
LINE
8
0
10
208.000000
20
212.599235
11
208.016674
21
215.511979
0
LINE
8
0
10
208.016674
20
215.511979
11
208.140011
21
220.691764
0
LINE
8
0
10
208.140011
20
220.691764
11
208.360998
21
224.614127
0
LINE
8
0
10
208.360998
20
224.614127
11
208.652827
21
226.803287
0
LINE
8
0
10
208.652827
20
226.803287
11
208.816932
21
227.099235
0
LINE
8
0
10
208.816932
20
227.099235
11
209.112336
21
226.803299
0
LINE
8
0
10
209.112336
20
226.803299
11
210.375408
21
224.614226
0
LINE
8
0
10
210.375408
20
224.614226
11
212.336590
21
220.692020
0
LINE
8
0
10
212.336590
20
220.692020
11
214.757990
21
215.512442
0
LINE
8
0
10
214.757990
20
215.512442
11
216.066932
21
212.599814
0
LINE
8
0
10
216.066932
20
212.599814
11
222.500000
21
198.100394
0
LINE
8
0
10
222.500000
20
198.100394
11
227.750000
21
198.099814
0
LINE
8
0
10
227.750000
20
198.099814
11
233.000000
21
198.099235
0
LINE
8
0
10
233.000000
20
198.099235
11
233.000000
21
224.019779
0
LINE
8
0
10
233.000000
20
224.019779
11
233.000000
21
249.940324
0
LINE
8
0
10
233.000000
20
249.940324
11
230.022471
21
250.594299
0
LINE
8
0
10
230.022471
20
250.594299
11
227.325491
21
250.867609
0
LINE
8
0
10
227.325491
20
250.867609
11
225.022471
21
250.606367
0
LINE
8
0
10
225.022471
20
250.606367
11
224.399632
21
250.349915
0
LINE
8
0
10
224.399632
20
250.349915
11
223.554057
21
249.304752
0
LINE
8
0
10
223.554057
20
249.304752
11
223.113518
21
246.827744
0
LINE
8
0
10
223.113518
20
246.827744
11
222.923888
21
242.052297
0
LINE
8
0
10
222.923888
20
242.052297
11
222.875000
21
238.531847
0
LINE
8
0
10
222.875000
20
238.531847
11
222.816602
21
234.020447
0
LINE
8
0
10
222.816602
20
234.020447
11
222.716187
21
228.653562
0
LINE
8
0
10
222.716187
20
228.653562
11
222.652661
21
226.600048
0
LINE
8
0
10
222.652661
20
226.600048
11
222.625000
21
226.182568
0
LINE
8
0
10
222.625000
20
226.182568
11
222.414220
21
225.306664
0
LINE
8
0
10
222.414220
20
225.306664
11
221.564937
21
225.243038
0
LINE
8
0
10
221.564937
20
225.243038
11
219.943534
21
227.741282
0
LINE
8
0
10
219.943534
20
227.741282
11
217.307829
21
233.174555
0
LINE
8
0
10
217.307829
20
233.174555
11
215.533929
21
237.108437
0
LINE
8
0
10
215.533929
20
237.108437
11
214.417094
21
239.603628
0
LINE
8
0
10
214.417094
20
239.603628
11
212.502905
21
243.718791
0
LINE
8
0
10
212.502905
20
243.718791
11
210.172141
21
247.952754
0
LINE
8
0
10
210.172141
20
247.952754
11
207.350507
21
250.676928
0
LINE
8
0
10
207.350507
20
250.676928
11
203.846002
21
251.037600
0
LINE
8
0
10
203.846002
20
251.037600
11
201.493427
21
250.663979
0
LINE
8
0
10
201.493427
20
250.663979
11
198.000000
21
250.008608
0
LINE
8
0
10
198.000000
20
250.008608
11
198.000000
21
224.053921
0
LINE
8
0
10
198.000000
20
224.053921
11
198.000000
21
198.099235
0
LINE
8
0
10
198.000000
20
198.099235
11
203.000000
21
198.099235
0
LINE
8
0
10
203.000000
20
198.099235
11
208.000000
21
198.099235
0
LINE
8
0
10
208.000000
20
198.099235
11
208.000000
21
212.599235
0
LINE
8
0
10
265.015602
20
199.923226
11
266.628322
21
200.988551
0
LINE
8
0
10
266.628322
20
200.988551
11
269.568682
21
204.173749
0
LINE
8
0
10
269.568682
20
204.173749
11
270.750000
21
206.135116
0
LINE
8
0
10
270.750000
20
206.135116
11
271.947365
21
208.887105
0
LINE
8
0
10
271.947365
20
208.887105
11
272.816712
21
214.099760
0
LINE
8
0
10
272.816712
20
214.099760
11
272.985551
21
219.941703
0
LINE
8
0
10
272.985551
20
219.941703
11
273.000000
21
223.995400
0
LINE
8
0
10
273.000000
20
223.995400
11
272.983980
21
227.926254
0
LINE
8
0
10
272.983980
20
227.926254
11
272.814240
21
233.721778
0
LINE
8
0
10
272.814240
20
233.721778
11
272.007497
21
239.038531
0
LINE
8
0
10
272.007497
20
239.038531
11
270.939892
21
241.723402
0
LINE
8
0
10
270.939892
20
241.723402
11
269.706324
21
243.849867
0
LINE
8
0
10
269.706324
20
243.849867
11
266.359602
21
247.135361
0
LINE
8
0
10
266.359602
20
247.135361
11
261.492642
21
249.284361
0
LINE
8
0
10
261.492642
20
249.284361
11
254.688500
21
250.480966
0
LINE
8
0
10
254.688500
20
250.480966
11
250.429689
21
250.779654
0
LINE
8
0
10
250.429689
20
250.779654
11
241.000000
21
251.213586
0
LINE
8
0
10
241.000000
20
251.213586
11
241.000000
21
224.656410
0
LINE
8
0
10
241.000000
20
224.656410
11
241.000000
21
198.099235
0
LINE
8
0
10
241.000000
20
198.099235
11
251.265602
21
198.099235
0
LINE
8
0
10
251.265602
20
198.099235
11
254.040611
21
198.119343
0
LINE
8
0
10
254.040611
20
198.119343
11
258.414157
21
198.301788
0
LINE
8
0
10
258.414157
20
198.301788
11
262.846618
21
199.038918
0
LINE
8
0
10
262.846618
20
199.038918
11
265.015602
21
199.923226
0
LINE
8
0
10
308.000000
20
202.599235
11
307.923219
21
204.822078
0
LINE
8
0
10
307.923219
20
204.822078
11
307.113407
21
206.932440
0
LINE
8
0
10
307.113407
20
206.932440
11
306.250000
21
207.159718
0
LINE
8
0
10
306.250000
20
207.159718
11
305.018164
21
207.198156
0
LINE
8
0
10
305.018164
20
207.198156
11
300.356055
21
207.331359
0
LINE
8
0
10
300.356055
20
207.331359
11
297.500000
21
207.409718
0
LINE
8
0
10
297.500000
20
207.409718
11
290.500000
21
207.599235
0
LINE
8
0
10
290.500000
20
207.599235
11
290.202283
21
213.849235
0
LINE
8
0
10
290.202283
20
213.849235
11
289.904565
21
220.099235
0
LINE
8
0
10
289.904565
20
220.099235
11
296.507074
21
220.099235
0
LINE
8
0
10
296.507074
20
220.099235
11
303.109582
21
220.099235
0
LINE
8
0
10
303.109582
20
220.099235
11
302.804791
21
224.835954
0
LINE
8
0
10
302.804791
20
224.835954
11
302.500000
21
229.572674
0
LINE
8
0
10
302.500000
20
229.572674
11
297.500000
21
229.881861
0
LINE
8
0
10
297.500000
20
229.881861
11
295.065881
21
230.048077
0
LINE
8
0
10
295.065881
20
230.048077
11
291.894525
21
230.559302
0
LINE
8
0
10
291.894525
20
230.559302
11
290.433590
21
231.764279
0
LINE
8
0
10
290.433590
20
231.764279
11
290.020572
21
234.209440
0
LINE
8
0
10
290.020572
20
234.209440
11
290.000000
21
236.067850
0
LINE
8
0
10
290.000000
20
236.067850
11
290.000000
21
241.099235
0
LINE
8
0
10
290.000000
20
241.099235
11
298.554791
21
241.099235
0
LINE
8
0
10
298.554791
20
241.099235
11
307.109582
21
241.099235
0
LINE
8
0
10
307.109582
20
241.099235
11
306.804791
21
245.849235
0
LINE
8
0
10
306.804791
20
245.849235
11
306.500000
21
250.599235
0
LINE
8
0
10
306.500000
20
250.599235
11
295.000000
21
250.889449
0
LINE
8
0
10
295.000000
20
250.889449
11
290.357227
21
250.958004
0
LINE
8
0
10
290.357227
20
250.958004
11
284.476685
21
250.882788
0
LINE
8
0
10
284.476685
20
250.882788
11
281.936694
21
250.726819
0
LINE
8
0
10
281.936694
20
250.726819
11
281.250000
21
250.620397
0
LINE
8
0
10
281.250000
20
250.620397
11
279.000000
21
250.061130
0
LINE
8
0
10
279.000000
20
250.061130
11
279.000000
21
224.080182
0
LINE
8
0
10
279.000000
20
224.080182
11
279.000000
21
198.099235
0
LINE
8
0
10
279.000000
20
198.099235
11
293.500000
21
198.099235
0
LINE
8
0
10
293.500000
20
198.099235
11
308.000000
21
198.099235
0
LINE
8
0
10
308.000000
20
198.099235
11
308.000000
21
202.599235
0
LINE
8
0
10
339.680446
20
200.703765
11
341.679889
21
202.328370
0
LINE
8
0
10
341.679889
20
202.328370
11
344.450056
21
205.849229
0
LINE
8
0
10
344.450056
20
205.849229
11
345.909367
21
210.855606
0
LINE
8
0
10
345.909367
20
210.855606
11
346.379969
21
216.396157
0
LINE
8
0
10
346.379969
20
216.396157
11
346.488710
21
221.256158
0
LINE
8
0
10
346.488710
20
221.256158
11
346.500000
21
224.099235
0
LINE
8
0
10
346.500000
20
224.099235
11
346.485919
21
228.392910
0
LINE
8
0
10
346.485919
20
228.392910
11
346.329123
21
234.558948
0
LINE
8
0
10
346.329123
20
234.558948
11
345.551596
21
239.729897
0
LINE
8
0
10
345.551596
20
239.729897
11
344.500000
21
241.994704
0
LINE
8
0
10
344.500000
20
241.994704
11
343.190066
21
244.038130
0
LINE
8
0
10
343.190066
20
244.038130
11
340.354247
21
246.999289
0
LINE
8
0
10
340.354247
20
246.999289
11
336.491088
21
248.805167
0
LINE
8
0
10
336.491088
20
248.805167
11
330.713302
21
249.870535
0
LINE
8
0
10
330.713302
20
249.870535
11
326.829147
21
250.255145
0
LINE
8
0
10
326.829147
20
250.255145
11
322.725268
21
250.555685
0
LINE
8
0
10
322.725268
20
250.555685
11
317.727261
21
250.764514
0
LINE
8
0
10
317.727261
20
250.764514
11
315.720844
21
250.723775
0
LINE
8
0
10
315.720844
20
250.723775
11
315.257694
21
250.644627
0
LINE
8
0
10
315.257694
20
250.644627
11
314.926352
21
250.217882
0
LINE
8
0
10
314.926352
20
250.217882
11
314.435312
21
247.353709
0
LINE
8
0
10
314.435312
20
247.353709
11
314.199589
21
243.073317
0
LINE
8
0
10
314.199589
20
243.073317
11
314.097167
21
239.026781
0
LINE
8
0
10
314.097167
20
239.026781
11
314.033301
21
233.915399
0
LINE
8
0
10
314.033301
20
233.915399
11
314.003514
21
227.644464
0
LINE
8
0
10
314.003514
20
227.644464
11
314.000000
21
224.044566
0
LINE
8
0
10
314.000000
20
224.044566
11
314.000000
21
197.927129
0
LINE
8
0
10
314.000000
20
197.927129
11
325.430446
21
198.263182
0
LINE
8
0
10
325.430446
20
198.263182
11
328.739713
21
198.376709
0
LINE
8
0
10
328.739713
20
198.376709
11
333.584748
21
198.688517
0
LINE
8
0
10
333.584748
20
198.688517
11
337.809862
21
199.606397
0
LINE
8
0
10
337.809862
20
199.606397
11
339.680446
21
200.703765
0
LINE
8
0
10
106.639677
20
218.559408
11
108.476545
21
220.470772
0
LINE
8
0
10
108.476545
20
220.470772
11
109.965410
21
223.015726
0
LINE
8
0
10
109.965410
20
223.015726
11
110.442628
21
224.748811
0
LINE
8
0
10
110.442628
20
224.748811
11
110.155905
21
228.295574
0
LINE
8
0
10
110.155905
20
228.295574
11
108.425775
21
231.551791
0
LINE
8
0
10
108.425775
20
231.551791
11
105.506003
21
234.039858
0
LINE
8
0
10
105.506003
20
234.039858
11
103.679304
21
234.846583
0
LINE
8
0
10
103.679304
20
234.846583
11
101.523532
21
235.341684
0
LINE
8
0
10
101.523532
20
235.341684
11
97.700657
21
235.003208
0
LINE
8
0
10
97.700657
20
235.003208
11
94.715405
21
233.016958
0
LINE
8
0
10
94.715405
20
233.016958
11
92.791048
21
229.531490
0
LINE
8
0
10
92.791048
20
229.531490
11
92.296478
21
227.272974
0
LINE
8
0
10
92.296478
20
227.272974
11
92.241952
21
225.290777
0
LINE
8
0
10
92.241952
20
225.290777
11
93.305305
21
221.689076
0
LINE
8
0
10
93.305305
20
221.689076
11
95.655246
21
218.899351
0
LINE
8
0
10
95.655246
20
218.899351
11
98.959833
21
217.315667
0
LINE
8
0
10
98.959833
20
217.315667
11
100.866387
21
217.099235
0
LINE
8
0
10
100.866387
20
217.099235
11
104.083839
21
217.528160
0
LINE
8
0
10
104.083839
20
217.528160
11
106.639677
21
218.559408
0
LINE
8
0
10
375.411106
20
220.175960
11
376.522835
21
221.688188
0
LINE
8
0
10
376.522835
20
221.688188
11
377.776063
21
224.703027
0
LINE
8
0
10
377.776063
20
224.703027
11
377.735728
21
227.699259
0
LINE
8
0
10
377.735728
20
227.699259
11
376.401924
21
230.669946
0
LINE
8
0
10
376.401924
20
230.669946
11
375.250000
21
232.143542
0
LINE
8
0
10
375.250000
20
232.143542
11
373.708347
21
233.669154
0
LINE
8
0
10
373.708347
20
233.669154
11
370.520615
21
235.114848
0
LINE
8
0
10
370.520615
20
235.114848
11
368.343168
21
235.275916
0
LINE
8
0
10
368.343168
20
235.275916
11
366.619183
21
235.271234
0
LINE
8
0
10
366.619183
20
235.271234
11
364.131756
21
234.960467
0
LINE
8
0
10
364.131756
20
234.960467
11
362.485058
21
233.987981
0
LINE
8
0
10
362.485058
20
233.987981
11
361.151096
21
232.041962
0
LINE
8
0
10
361.151096
20
232.041962
11
360.436393
21
230.606436
0
LINE
8
0
10
360.436393
20
230.606436
11
359.574050
21
228.080476
0
LINE
8
0
10
359.574050
20
228.080476
11
359.760647
21
223.354755
0
LINE
8
0
10
359.760647
20
223.354755
11
362.162717
21
219.586247
0
LINE
8
0
10
362.162717
20
219.586247
11
366.380777
21
217.401683
0
LINE
8
0
10
366.380777
20
217.401683
11
369.045965
21
217.099235
0
LINE
8
0
10
369.045965
20
217.099235
11
371.013379
21
217.237493
0
LINE
8
0
10
371.013379
20
217.237493
11
373.972365
21
218.667781
0
LINE
8
0
10
373.972365
20
218.667781
11
375.411106
21
220.175960
0
LINE
8
0
10
421.294611
20
271.291994
11
422.373943
21
272.848041
0
LINE
8
0
10
422.373943
20
272.848041
11
422.514909
21
275.058186
0
LINE
8
0
10
422.514909
20
275.058186
11
421.629462
21
276.541994
0
LINE
8
0
10
421.629462
20
276.541994
11
419.953894
21
279.099235
0
LINE
8
0
10
419.953894
20
279.099235
11
234.837190
21
279.099235
0
LINE
8
0
10
234.837190
20
279.099235
11
218.897690
21
279.098913
0
LINE
8
0
10
218.897690
20
279.098913
11
189.805847
21
279.095536
0
LINE
8
0
10
189.805847
20
279.095536
11
164.239458
21
279.086724
0
LINE
8
0
10
164.239458
20
279.086724
11
141.969618
21
279.070327
0
LINE
8
0
10
141.969618
20
279.070327
11
122.767420
21
279.044197
0
LINE
8
0
10
122.767420
20
279.044197
11
106.403957
21
279.006186
0
LINE
8
0
10
106.403957
20
279.006186
11
92.650324
21
278.954145
0
LINE
8
0
10
92.650324
20
278.954145
11
81.277615
21
278.885925
0
LINE
8
0
10
81.277615
20
278.885925
11
72.056922
21
278.799379
0
LINE
8
0
10
72.056922
20
278.799379
11
64.759340
21
278.692356
0
LINE
8
0
10
64.759340
20
278.692356
11
59.155963
21
278.562710
0
LINE
8
0
10
59.155963
20
278.562710
11
55.017884
21
278.408291
0
LINE
8
0
10
55.017884
20
278.408291
11
51.057467
21
278.125513
0
LINE
8
0
10
51.057467
20
278.125513
11
48.768997
21
277.641719
0
LINE
8
0
10
48.768997
20
277.641719
11
48.392046
21
277.349235
0
LINE
8
0
10
48.392046
20
277.349235
11
47.387216
21
275.724270
0
LINE
8
0
10
47.387216
20
275.724270
11
47.697916
21
272.712142
0
LINE
8
0
10
47.697916
20
272.712142
11
49.074669
21
270.731437
0
LINE
8
0
10
49.074669
20
270.731437
11
51.149339
21
268.093922
0
LINE
8
0
10
51.149339
20
268.093922
11
235.216765
21
268.346578
0
LINE
8
0
10
235.216765
20
268.346578
11
419.284192
21
268.599235
0
LINE
8
0
10
419.284192
20
268.599235
11
421.294611
21
271.291994
0
LINE
8
0
10
100.856474
20
297.548678
11
103.765124
21
298.436710
0
LINE
8
0
10
103.765124
20
298.436710
11
109.016038
21
300.757910
0
LINE
8
0
10
109.016038
20
300.757910
11
113.534646
21
303.840451
0
LINE
8
0
10
113.534646
20
303.840451
11
117.348394
21
307.725722
0
LINE
8
0
10
117.348394
20
307.725722
11
120.484732
21
312.455115
0
LINE
8
0
10
120.484732
20
312.455115
11
122.971109
21
318.070019
0
LINE
8
0
10
122.971109
20
318.070019
11
124.834972
21
324.611826
0
LINE
8
0
10
124.834972
20
324.611826
11
126.103770
21
332.121926
0
LINE
8
0
10
126.103770
20
332.121926
11
126.523598
21
336.253020
0
LINE
8
0
10
126.523598
20
336.253020
11
127.152608
21
343.906806
0
LINE
8
0
10
127.152608
20
343.906806
11
124.326304
21
344.463983
0
LINE
8
0
10
124.326304
20
344.463983
11
113.224685
21
344.708785
0
LINE
8
0
10
113.224685
20
344.708785
11
101.750000
21
344.234678
0
LINE
8
0
10
101.750000
20
344.234678
11
101.599341
21
344.040349
0
LINE
8
0
10
101.599341
20
344.040349
11
101.331421
21
342.755751
0
LINE
8
0
10
101.331421
20
342.755751
11
101.059180
21
339.101095
0
LINE
8
0
10
101.059180
20
339.101095
11
101.000000
21
335.911114
0
LINE
8
0
10
101.000000
20
335.911114
11
100.917639
21
332.855502
0
LINE
8
0
10
100.917639
20
332.855502
11
100.212082
21
327.856279
0
LINE
8
0
10
100.212082
20
327.856279
11
98.681696
21
324.084081
0
LINE
8
0
10
98.681696
20
324.084081
11
96.202024
21
321.232139
0
LINE
8
0
10
96.202024
20
321.232139
11
94.567314
21
320.055399
0
LINE
8
0
10
94.567314
20
320.055399
11
93.015678
21
319.360243
0
LINE
8
0
10
93.015678
20
319.360243
11
88.546490
21
318.485510
0
LINE
8
0
10
88.546490
20
318.485510
11
83.358456
21
318.331039
0
LINE
8
0
10
83.358456
20
318.331039
11
78.774432
21
318.936217
0
LINE
8
0
10
78.774432
20
318.936217
11
77.122316
21
319.535983
0
LINE
8
0
10
77.122316
20
319.535983
11
75.027082
21
320.744642
0
LINE
8
0
10
75.027082
20
320.744642
11
72.787838
21
323.119265
0
LINE
8
0
10
72.787838
20
323.119265
11
71.793139
21
325.652901
0
LINE
8
0
10
71.793139
20
325.652901
11
71.113526
21
329.407887
0
LINE
8
0
10
71.113526
20
329.407887
11
70.677496
21
334.779285
0
LINE
8
0
10
70.677496
20
334.779285
11
70.413547
21
342.162157
0
LINE
8
0
10
70.413547
20
342.162157
11
70.250177
21
351.951565
0
LINE
8
0
10
70.250177
20
351.951565
11
70.183865
21
357.872178
0
LINE
8
0
10
70.183865
20
357.872178
11
70.129140
21
363.909718
0
LINE
8
0
10
70.129140
20
363.909718
11
70.103339
21
374.137510
0
LINE
8
0
10
70.103339
20
374.137510
11
70.218293
21
382.170898
0
LINE
8
0
10
70.218293
20
382.170898
11
70.509069
21
388.332257
0
LINE
8
0
10
70.509069
20
388.332257
11
71.010737
21
392.943960
0
LINE
8
0
10
71.010737
20
392.943960
11
71.758366
21
396.328382
0
LINE
8
0
10
71.758366
20
396.328382
11
73.417695
21
399.809057
0
LINE
8
0
10
73.417695
20
399.809057
11
74.933647
21
401.535664
0
LINE
8
0
10
74.933647
20
401.535664
11
76.592419
21
402.890168
0
LINE
8
0
10
76.592419
20
402.890168
11
80.664603
21
404.416209
0
LINE
8
0
10
80.664603
20
404.416209
11
83.646889
21
404.800932
0
LINE
8
0
10
83.646889
20
404.800932
11
87.590324
21
404.928431
0
LINE
8
0
10
87.590324
20
404.928431
11
93.857290
21
403.600919
0
LINE
8
0
10
93.857290
20
403.600919
11
98.096489
21
400.052826
0
LINE
8
0
10
98.096489
20
400.052826
11
100.466447
21
394.151471
0
LINE
8
0
10
100.466447
20
394.151471
11
101.000000
21
390.276857
0
LINE
8
0
10
101.000000
20
390.276857
11
101.500000
21
383.855393
0
LINE
8
0
10
101.500000
20
383.855393
11
113.971324
21
384.031971
0
LINE
8
0
10
113.971324
20
384.031971
11
118.824113
21
384.115946
0
LINE
8
0
10
118.824113
20
384.115946
11
124.363515
21
384.264606
0
LINE
8
0
10
124.363515
20
384.264606
11
126.293511
21
384.361047
0
LINE
8
0
10
126.293511
20
384.361047
11
126.574549
21
384.403892
0
LINE
8
0
10
126.574549
20
384.403892
11
126.673563
21
384.768550
0
LINE
8
0
10
126.673563
20
384.768550
11
126.662037
21
386.356530
0
LINE
8
0
10
126.662037
20
386.356530
11
126.214978
21
390.328889
0
LINE
8
0
10
126.214978
20
390.328889
11
125.080174
21
397.036528
0
LINE
8
0
10
125.080174
20
397.036528
11
123.697759
21
403.181275
0
LINE
8
0
10
123.697759
20
403.181275
11
123.039179
21
405.300866
0
LINE
8
0
10
123.039179
20
405.300866
11
121.282691
21
409.081908
0
LINE
8
0
10
121.282691
20
409.081908
11
116.176766
21
416.005281
0
LINE
8
0
10
116.176766
20
416.005281
11
109.480046
21
421.629301
0
LINE
8
0
10
109.480046
20
421.629301
11
101.832294
21
425.416684
0
LINE
8
0
10
101.832294
20
425.416684
11
97.851707
21
426.453736
0
LINE
8
0
10
97.851707
20
426.453736
11
91.126215
21
427.369638
0
LINE
8
0
10
91.126215
20
427.369638
11
78.710190
21
427.296496
0
LINE
8
0
10
78.710190
20
427.296496
11
67.894483
21
424.735604
0
LINE
8
0
10
67.894483
20
424.735604
11
58.943542
21
419.749577
0
LINE
8
0
10
58.943542
20
419.749577
11
55.250000
21
416.366705
0
LINE
8
0
10
55.250000
20
416.366705
11
53.599805
21
414.500761
0
LINE
8
0
10
53.599805
20
414.500761
11
51.335352
21
411.453093
0
LINE
8
0
10
51.335352
20
411.453093
11
51.000000
21
410.646742
0
LINE
8
0
10
51.000000
20
410.646742
11
50.650474
21
409.486788
0
LINE
8
0
10
50.650474
20
409.486788
11
49.810123
21
408.309357
0
LINE
8
0
10
49.810123
20
408.309357
11
48.886823
21
407.098846
0
LINE
8
0
10
48.886823
20
407.098846
11
48.337866
21
405.859357
0
LINE
8
0
10
48.337866
20
405.859357
11
48.109575
21
404.857185
0
LINE
8
0
10
48.109575
20
404.857185
11
47.157949
21
400.722494
0
LINE
8
0
10
47.157949
20
400.722494
11
46.551823
21
398.099235
0
LINE
8
0
10
46.551823
20
398.099235
11
46.143017
21
395.995000
0
LINE
8
0
10
46.143017
20
395.995000
11
45.573365
21
390.349961
0
LINE
8
0
10
45.573365
20
390.349961
11
45.339725
21
384.120215
0
LINE
8
0
10
45.339725
20
384.120215
11
45.265030
21
378.664701
0
LINE
8
0
10
45.265030
20
378.664701
11
45.248264
21
371.948354
0
LINE
8
0
10
45.248264
20
371.948354
11
45.283493
21
363.783500
0
LINE
8
0
10
45.283493
20
363.783500
11
45.318752
21
359.099235
0
LINE
8
0
10
45.318752
20
359.099235
11
45.364994
21
353.830790
0
LINE
8
0
10
45.364994
20
353.830790
11
45.464220
21
344.982106
0
LINE
8
0
10
45.464220
20
344.982106
11
45.589290
21
338.104459
0
LINE
8
0
10
45.589290
20
338.104459
11
45.760426
21
332.861970
0
LINE
8
0
10
45.760426
20
332.861970
11
46.147747
21
327.329417
0
LINE
8
0
10
46.147747
20
327.329417
11
47.014166
21
322.540843
0
LINE
8
0
10
47.014166
20
322.540843
11
47.642877
21
320.500038
0
LINE
8
0
10
47.642877
20
320.500038
11
49.253614
21
316.338673
0
LINE
8
0
10
49.253614
20
316.338673
11
53.347771
21
309.237773
0
LINE
8
0
10
53.347771
20
309.237773
11
58.694936
21
303.672905
0
LINE
8
0
10
58.694936
20
303.672905
11
65.402430
21
299.532379
0
LINE
8
0
10
65.402430
20
299.532379
11
69.299837
21
297.961343
0
LINE
8
0
10
69.299837
20
297.961343
11
72.211538
21
297.211025
0
LINE
8
0
10
72.211538
20
297.211025
11
80.104200
21
296.293823
0
LINE
8
0
10
80.104200
20
296.293823
11
89.177295
21
296.175175
0
LINE
8
0
10
89.177295
20
296.175175
11
97.536526
21
296.879852
0
LINE
8
0
10
97.536526
20
296.879852
11
100.856474
21
297.548678
0
LINE
8
0
10
285.088599
20
299.730076
11
287.985548
21
301.222635
0
LINE
8
0
10
287.985548
20
301.222635
11
293.038033
21
304.617316
0
LINE
8
0
10
293.038033
20
304.617316
11
297.178516
21
308.632312
0
LINE
8
0
10
297.178516
20
308.632312
11
300.498859
21
313.356700
0
LINE
8
0
10
300.498859
20
313.356700
11
301.880185
21
316.012753
0
LINE
8
0
10
301.880185
20
316.012753
11
303.262115
21
319.300854
0
LINE
8
0
10
303.262115
20
319.300854
11
304.278939
21
324.245125
0
LINE
8
0
10
304.278939
20
324.245125
11
304.481987
21
328.956820
0
LINE
8
0
10
304.481987
20
328.956820
11
304.500000
21
332.099235
0
LINE
8
0
10
304.500000
20
332.099235
11
304.483523
21
335.317399
0
LINE
8
0
10
304.483523
20
335.317399
11
304.279517
21
340.054349
0
LINE
8
0
10
304.279517
20
340.054349
11
303.184950
21
344.975557
0
LINE
8
0
10
303.184950
20
344.975557
11
301.648809
21
348.405733
0
LINE
8
0
10
301.648809
20
348.405733
11
298.416443
21
353.770997
0
LINE
8
0
10
298.416443
20
353.770997
11
294.648809
21
358.516656
0
LINE
8
0
10
294.648809
20
358.516656
11
292.626824
21
360.435109
0
LINE
8
0
10
292.626824
20
360.435109
11
287.113359
21
364.816905
0
LINE
8
0
10
287.113359
20
364.816905
11
276.533039
21
371.819673
0
LINE
8
0
10
276.533039
20
371.819673
11
269.000000
21
376.049894
0
LINE
8
0
10
269.000000
20
376.049894
11
264.349185
21
378.561066
0
LINE
8
0
10
264.349185
20
378.561066
11
257.369926
21
383.051734
0
LINE
8
0
10
257.369926
20
383.051734
11
253.134456
21
387.177035
0
LINE
8
0
10
253.134456
20
387.177035
11
251.219526
21
391.349207
0
LINE
8
0
10
251.219526
20
391.349207
11
251.000000
21
393.581693
0
LINE
8
0
10
251.000000
20
393.581693
11
251.426908
21
396.677699
0
LINE
8
0
10
251.426908
20
396.677699
11
254.278867
21
402.465313
0
LINE
8
0
10
254.278867
20
402.465313
11
256.328385
21
404.394831
0
LINE
8
0
10
256.328385
20
404.394831
11
257.826136
21
405.117090
0
LINE
8
0
10
257.826136
20
405.117090
11
261.879867
21
405.966797
0
LINE
8
0
10
261.879867
20
405.966797
11
266.426409
21
406.013909
0
LINE
8
0
10
266.426409
20
406.013909
11
270.363969
21
405.247008
0
LINE
8
0
10
270.363969
20
405.247008
11
271.760070
21
404.554735
0
LINE
8
0
10
271.760070
20
404.554735
11
272.878552
21
403.595574
0
LINE
8
0
10
272.878552
20
403.595574
11
275.537270
21
400.541665
0
LINE
8
0
10
275.537270
20
400.541665
11
278.094855
21
396.914557
0
LINE
8
0
10
278.094855
20
396.914557
11
279.755144
21
393.843353
0
LINE
8
0
10
279.755144
20
393.843353
11
280.000000
21
392.869059
0
LINE
8
0
10
280.000000
20
392.869059
11
280.110930
21
391.750060
0
LINE
8
0
10
280.110930
20
391.750060
11
281.224456
21
390.446814
0
LINE
8
0
10
281.224456
20
390.446814
11
284.029294
21
390.377488
0
LINE
8
0
10
284.029294
20
390.377488
11
289.128350
21
391.527180
0
LINE
8
0
10
289.128350
20
391.527180
11
292.726618
21
392.554501
0
LINE
8
0
10
292.726618
20
392.554501
11
296.889618
21
393.870547
0
LINE
8
0
10
296.889618
20
393.870547
11
301.721429
21
395.695246
0
LINE
8
0
10
301.721429
20
395.695246
11
303.472361
21
396.603628
0
LINE
8
0
10
303.472361
20
396.603628
11
303.770848
21
396.911780
0
LINE
8
0
10
303.770848
20
396.911780
11
303.738223
21
398.185295
0
LINE
8
0
10
303.738223
20
398.185295
11
302.072778
21
402.654102
0
LINE
8
0
10
302.072778
20
402.654102
11
298.963660
21
408.408390
0
LINE
8
0
10
298.963660
20
408.408390
11
295.238775
21
413.915891
0
LINE
8
0
10
295.238775
20
413.915891
11
293.404140
21
416.098263
0
LINE
8
0
10
293.404140
20
416.098263
11
290.977582
21
418.424838
0
LINE
8
0
10
290.977582
20
418.424838
11
285.162486
21
422.661714
0
LINE
8
0
10
285.162486
20
422.661714
11
282.089120
21
424.342382
0
LINE
8
0
10
282.089120
20
424.342382
11
279.946647
21
425.359058
0
LINE
8
0
10
279.946647
20
425.359058
11
276.465139
21
426.694350
0
LINE
8
0
10
276.465139
20
426.694350
11
272.776582
21
427.313448
0
LINE
8
0
10
272.776582
20
427.313448
11
267.347020
21
427.473816
0
LINE
8
0
10
267.347020
20
427.473816
11
263.500000
21
427.462434
0
LINE
8
0
10
263.500000
20
427.462434
11
260.088036
21
427.423309
0
LINE
8
0
10
260.088036
20
427.423309
11
254.869602
21
427.206724
0
LINE
8
0
10
254.869602
20
427.206724
11
249.628239
21
426.350009
0
LINE
8
0
10
249.628239
20
426.350009
11
246.747953
21
425.279645
0
LINE
8
0
10
246.747953
20
425.279645
11
241.723287
21
422.768935
0
LINE
8
0
10
241.723287
20
422.768935
11
234.362723
21
417.033458
0
LINE
8
0
10
234.362723
20
417.033458
11
231.554175
21
413.440395
0
LINE
8
0
10
231.554175
20
413.440395
11
229.988900
21
410.968859
0
LINE
8
0
10
229.988900
20
410.968859
11
227.684424
21
406.271071
0
LINE
8
0
10
227.684424
20
406.271071
11
226.329675
21
401.349158
0
LINE
8
0
10
226.329675
20
401.349158
11
225.742601
21
395.541717
0
LINE
8
0
10
225.742601
20
395.541717
11
225.680051
21
392.099235
0
LINE
8
0
10
225.680051
20
392.099235
11
225.703881
21
389.636330
0
LINE
8
0
10
225.703881
20
389.636330
11
225.928974
21
385.785407
0
LINE
8
0
10
225.928974
20
385.785407
11
226.949907
21
381.440898
0
LINE
8
0
10
226.949907
20
381.440898
11
228.272498
21
378.522762
0
LINE
8
0
10
228.272498
20
378.522762
11
229.935742
21
375.720780
0
LINE
8
0
10
229.935742
20
375.720780
11
234.728132
21
370.071724
0
LINE
8
0
10
234.728132
20
370.071724
11
241.574123
21
364.278716
0
LINE
8
0
10
241.574123
20
364.278716
11
250.592601
21
358.241157
0
LINE
8
0
10
250.592601
20
358.241157
11
255.953674
21
355.099235
0
LINE
8
0
10
255.953674
20
355.099235
11
258.936711
21
353.399900
0
LINE
8
0
10
258.936711
20
353.399900
11
264.114534
21
350.337359
0
LINE
8
0
10
264.114534
20
350.337359
11
270.108748
21
346.415772
0
LINE
8
0
10
270.108748
20
346.415772
11
275.347040
21
341.971144
0
LINE
8
0
10
275.347040
20
341.971144
11
278.212745
21
337.765256
0
LINE
8
0
10
278.212745
20
337.765256
11
279.020025
21
335.527713
0
LINE
8
0
10
279.020025
20
335.527713
11
279.506856
21
333.150893
0
LINE
8
0
10
279.506856
20
333.150893
11
279.424904
21
328.677331
0
LINE
8
0
10
279.424904
20
328.677331
11
278.108096
21
324.711689
0
LINE
8
0
10
278.108096
20
324.711689
11
275.763587
21
321.415347
0
LINE
8
0
10
275.763587
20
321.415347
11
272.598533
21
318.949683
0
LINE
8
0
10
272.598533
20
318.949683
11
268.820088
21
317.476078
0
LINE
8
0
10
268.820088
20
317.476078
11
264.635409
21
317.155910
0
LINE
8
0
10
264.635409
20
317.155910
11
260.251649
21
318.150561
0
LINE
8
0
10
260.251649
20
318.150561
11
258.049850
21
319.191373
0
LINE
8
0
10
258.049850
20
319.191373
11
256.474310
21
320.244756
0
LINE
8
0
10
256.474310
20
320.244756
11
253.407481
21
323.219818
0
LINE
8
0
10
253.407481
20
323.219818
11
249.565360
21
329.087308
0
LINE
8
0
10
249.565360
20
329.087308
11
247.935194
21
333.339904
0
LINE
8
0
10
247.935194
20
333.339904
11
247.478885
21
334.722479
0
LINE
8
0
10
247.478885
20
334.722479
11
246.167683
21
336.531123
0
LINE
8
0
10
246.167683
20
336.531123
11
243.958665
21
337.170465
0
LINE
8
0
10
243.958665
20
337.170465
11
240.412181
21
336.767747
0
LINE
8
0
10
240.412181
20
336.767747
11
238.000000
21
336.215380
0
LINE
8
0
10
238.000000
20
336.215380
11
233.825373
21
335.219329
0
LINE
8
0
10
233.825373
20
335.219329
11
228.703398
21
334.050062
0
LINE
8
0
10
228.703398
20
334.050062
11
226.409311
21
333.477979
0
LINE
8
0
10
226.409311
20
333.477979
11
223.027912
21
332.315340
0
LINE
8
0
10
223.027912
20
332.315340
11
222.357079
21
331.867983
0
LINE
8
0
10
222.357079
20
331.867983
11
222.218071
21
331.388619
0
LINE
8
0
10
222.218071
20
331.388619
11
222.463958
21
329.642786
0
LINE
8
0
10
222.463958
20
329.642786
11
223.460870
21
326.692118
0
LINE
8
0
10
223.460870
20
326.692118
11
225.271795
21
322.350185
0
LINE
8
0
10
225.271795
20
322.350185
11
226.502196
21
319.599235
0
LINE
8
0
10
226.502196
20
319.599235
11
228.348847
21
316.003396
0
LINE
8
0
10
228.348847
20
316.003396
11
232.971864
21
309.506349
0
LINE
8
0
10
232.971864
20
309.506349
11
238.698394
21
304.064806
0
LINE
8
0
10
238.698394
20
304.064806
11
245.365111
21
299.833966
0
LINE
8
0
10
245.365111
20
299.833966
11
249.000000
21
298.221059
0
LINE
8
0
10
249.000000
20
298.221059
11
252.273961
21
297.136709
0
LINE
8
0
10
252.273961
20
297.136709
11
257.702892
21
296.375106
0
LINE
8
0
10
257.702892
20
296.375106
11
263.002654
21
296.301937
0
LINE
8
0
10
263.002654
20
296.301937
11
266.500000
21
296.359195
0
LINE
8
0
10
266.500000
20
296.359195
11
270.228590
21
296.454532
0
LINE
8
0
10
270.228590
20
296.454532
11
275.644652
21
296.772904
0
LINE
8
0
10
275.644652
20
296.772904
11
281.176407
21
298.024958
0
LINE
8
0
10
281.176407
20
298.024958
11
285.088599
21
299.730076
0
LINE
8
0
10
164.000000
20
323.099235
11
164.000000
21
349.099235
0
LINE
8
0
10
164.000000
20
349.099235
11
175.250000
21
349.111103
0
LINE
8
0
10
175.250000
20
349.111103
11
179.562631
21
349.177162
0
LINE
8
0
10
179.562631
20
349.177162
11
186.870773
21
349.728653
0
LINE
8
0
10
186.870773
20
349.728653
11
195.839424
21
351.864228
0
LINE
8
0
10
195.839424
20
351.864228
11
201.500000
21
354.362320
0
LINE
8
0
10
201.500000
20
354.362320
11
206.206815
21
357.325987
0
LINE
8
0
10
206.206815
20
357.325987
11
213.631198
21
365.347971
0
LINE
8
0
10
213.631198
20
365.347971
11
218.169274
21
375.632562
0
LINE
8
0
10
218.169274
20
375.632562
11
219.540269
21
387.543447
0
LINE
8
0
10
219.540269
20
387.543447
11
218.950371
21
393.909901
0
LINE
8
0
10
218.950371
20
393.909901
11
217.726956
21
399.609522
0
LINE
8
0
10
217.726956
20
399.609522
11
213.602338
21
409.078508
0
LINE
8
0
10
213.602338
20
409.078508
11
206.948325
21
416.290687
0
LINE
8
0
10
206.948325
20
416.290687
11
197.414105
21
421.626297
0
LINE
8
0
10
197.414105
20
421.626297
11
191.457289
21
423.709213
0
LINE
8
0
10
191.457289
20
423.709213
11
189.576496
21
424.212057
0
LINE
8
0
10
189.576496
20
424.212057
11
185.155153
21
424.930954
0
LINE
8
0
10
185.155153
20
424.930954
11
178.746532
21
425.337770
0
LINE
8
0
10
178.746532
20
425.337770
11
171.836365
21
425.488835
0
LINE
8
0
10
171.836365
20
425.488835
11
165.916312
21
425.535963
0
LINE
8
0
10
165.916312
20
425.535963
11
162.500000
21
425.547408
0
LINE
8
0
10
162.500000
20
425.547408
11
139.500000
21
425.599235
0
LINE
8
0
10
139.500000
20
425.599235
11
139.242652
21
361.349235
0
LINE
8
0
10
139.242652
20
361.349235
11
138.985304
21
297.099235
0
LINE
8
0
10
138.985304
20
297.099235
11
151.492652
21
297.099235
0
LINE
8
0
10
151.492652
20
297.099235
11
164.000000
21
297.099235
0
LINE
8
0
10
164.000000
20
297.099235
11
164.000000
21
323.099235
0
LINE
8
0
10
340.000000
20
361.599235
11
340.000000
21
426.099235
0
LINE
8
0
10
340.000000
20
426.099235
11
327.606989
21
426.099235
0
LINE
8
0
10
327.606989
20
426.099235
11
324.089532
21
426.085598
0
LINE
8
0
10
324.089532
20
426.085598
11
319.066952
21
425.948018
0
LINE
8
0
10
319.066952
20
425.948018
11
316.207180
21
425.600052
0
LINE
8
0
10
316.207180
20
425.600052
11
314.885851
21
424.965731
0
LINE
8
0
10
314.885851
20
424.965731
11
314.606989
21
424.517447
0
LINE
8
0
10
314.606989
20
424.517447
11
314.534965
21
423.980506
0
LINE
8
0
10
314.534965
20
423.980506
11
314.404857
21
420.978885
0
LINE
8
0
10
314.404857
20
420.978885
11
314.293336
21
415.699029
0
LINE
8
0
10
314.293336
20
415.699029
11
314.200402
21
408.491436
0
LINE
8
0
10
314.200402
20
408.491436
11
314.126055
21
399.706603
0
LINE
8
0
10
314.126055
20
399.706603
11
314.070295
21
389.695028
0
LINE
8
0
10
314.070295
20
389.695028
11
314.021504
21
373.144237
0
LINE
8
0
10
314.021504
20
373.144237
11
314.021504
21
350.054232
0
LINE
8
0
10
314.021504
20
350.054232
11
314.070295
21
333.503442
0
LINE
8
0
10
314.070295
20
333.503442
11
314.126055
21
323.491866
0
LINE
8
0
10
314.126055
20
323.491866
11
314.200402
21
314.707033
0
LINE
8
0
10
314.200402
20
314.707033
11
314.293336
21
307.499440
0
LINE
8
0
10
314.293336
20
307.499440
11
314.404857
21
302.219584
0
LINE
8
0
10
314.404857
20
302.219584
11
314.534965
21
299.217964
0
LINE
8
0
10
314.534965
20
299.217964
11
314.606989
21
298.681022
0
LINE
8
0
10
314.606989
20
298.681022
11
314.885851
21
298.232738
0
LINE
8
0
10
314.885851
20
298.232738
11
316.207180
21
297.598417
0
LINE
8
0
10
316.207180
20
297.598417
11
319.066952
21
297.250451
0
LINE
8
0
10
319.066952
20
297.250451
11
324.089532
21
297.112871
0
LINE
8
0
10
324.089532
20
297.112871
11
327.606989
21
297.099235
0
LINE
8
0
10
327.606989
20
297.099235
11
340.000000
21
297.099235
0
LINE
8
0
10
340.000000
20
297.099235
11
340.000000
21
361.599235
0
LINE
8
0
10
384.000000
20
324.573188
11
384.000000
21
352.047142
0
LINE
8
0
10
384.000000
20
352.047142
11
399.250000
21
352.323188
0
LINE
8
0
10
399.250000
20
352.323188
11
414.500000
21
352.599235
0
LINE
8
0
10
414.500000
20
352.599235
11
414.500000
21
363.599235
0
LINE
8
0
10
414.500000
20
363.599235
11
414.500000
21
374.599235
0
LINE
8
0
10
414.500000
20
374.599235
11
399.250000
21
374.875281
0
LINE
8
0
10
399.250000
20
374.875281
11
384.000000
21
375.151327
0
LINE
8
0
10
384.000000
20
375.151327
11
384.000000
21
389.125281
0
LINE
8
0
10
384.000000
20
389.125281
11
384.000000
21
403.099235
0
LINE
8
0
10
384.000000
20
403.099235
11
403.532751
21
403.099235
0
LINE
8
0
10
403.532751
20
403.099235
11
423.065502
21
403.099235
0
LINE
8
0
10
423.065502
20
403.099235
11
422.782751
21
414.349235
0
LINE
8
0
10
422.782751
20
414.349235
11
422.500000
21
425.599235
0
LINE
8
0
10
422.500000
20
425.599235
11
391.067980
21
425.863736
0
LINE
8
0
10
391.067980
20
425.863736
11
386.678563
21
425.897274
0
LINE
8
0
10
386.678563
20
425.897274
11
379.056205
21
425.932343
0
LINE
8
0
10
379.056205
20
425.932343
11
372.869875
21
425.921450
0
LINE
8
0
10
372.869875
20
425.921450
11
367.992451
21
425.860652
0
LINE
8
0
10
367.992451
20
425.860652
11
362.852435
21
425.667254
0
LINE
8
0
10
362.852435
20
425.667254
11
359.393777
21
425.197913
0
LINE
8
0
10
359.393777
20
425.197913
11
358.833292
21
424.863736
0
LINE
8
0
10
358.833292
20
424.863736
11
358.748740
21
424.380467
0
LINE
8
0
10
358.748740
20
424.380467
11
358.592338
21
421.465451
0
LINE
8
0
10
358.592338
20
421.465451
11
358.453399
21
416.246446
0
LINE
8
0
10
358.453399
20
416.246446
11
358.332558
21
409.076226
0
LINE
8
0
10
358.332558
20
409.076226
11
358.230447
21
400.307569
0
LINE
8
0
10
358.230447
20
400.307569
11
358.147697
21
390.293247
0
LINE
8
0
10
358.147697
20
390.293247
11
358.061262
21
373.707843
0
LINE
8
0
10
358.061262
20
373.707843
11
358.019687
21
350.526721
0
LINE
8
0
10
358.019687
20
350.526721
11
358.046529
21
333.883833
0
LINE
8
0
10
358.046529
20
333.883833
11
358.093240
21
323.803816
0
LINE
8
0
10
358.093240
20
323.803816
11
358.163742
21
314.947564
0
LINE
8
0
10
358.163742
20
314.947564
11
358.258668
21
307.667851
0
LINE
8
0
10
358.258668
20
307.667851
11
358.378650
21
302.317455
0
LINE
8
0
10
358.378650
20
302.317455
11
358.524322
21
299.249149
0
LINE
8
0
10
358.524322
20
299.249149
11
358.606989
21
298.681022
0
LINE
8
0
10
358.606989
20
298.681022
11
358.885851
21
298.232738
0
LINE
8
0
10
358.885851
20
298.232738
11
360.207180
21
297.598417
0
LINE
8
0
10
360.207180
20
297.598417
11
363.066952
21
297.250451
0
LINE
8
0
10
363.066952
20
297.250451
11
368.089532
21
297.112871
0
LINE
8
0
10
368.089532
20
297.112871
11
371.606989
21
297.099235
0
LINE
8
0
10
371.606989
20
297.099235
11
384.000000
21
297.099235
0
LINE
8
0
10
384.000000
20
297.099235
11
384.000000
21
324.573188
0
LINE
8
0
10
124.448047
20
198.984521
11
124.358044
21
199.591581
0
LINE
8
0
10
124.358044
20
199.591581
11
124.197990
21
203.576375
0
LINE
8
0
10
124.197990
20
203.576375
11
124.076789
21
210.550440
0
LINE
8
0
10
124.076789
20
210.550440
11
124.009145
21
219.667824
0
LINE
8
0
10
124.009145
20
219.667824
11
124.000000
21
224.765901
0
LINE
8
0
10
124.000000
20
224.765901
11
124.000000
21
250.099235
0
LINE
8
0
10
124.000000
20
250.099235
11
136.276426
21
250.099235
0
LINE
8
0
10
136.276426
20
250.099235
11
148.552852
21
250.099235
0
LINE
8
0
10
148.552852
20
250.099235
11
148.178190
21
246.170536
0
LINE
8
0
10
148.178190
20
246.170536
11
147.880206
21
243.998441
0
LINE
8
0
10
147.880206
20
243.998441
11
146.166982
21
242.087022
0
LINE
8
0
10
146.166982
20
242.087022
11
144.151764
21
241.678313
0
LINE
8
0
10
144.151764
20
241.678313
11
140.613880
21
241.322861
0
LINE
8
0
10
140.613880
20
241.322861
11
137.235914
21
241.259593
0
LINE
8
0
10
137.235914
20
241.259593
11
135.904562
21
241.306300
0
LINE
8
0
10
135.904562
20
241.306300
11
134.143469
21
241.119079
0
LINE
8
0
10
134.143469
20
241.119079
11
133.231694
21
240.203299
0
LINE
8
0
10
133.231694
20
240.203299
11
132.745848
21
238.133710
0
LINE
8
0
10
132.745848
20
238.133710
11
132.530337
21
236.533346
0
LINE
8
0
10
132.530337
20
236.533346
11
132.301167
21
234.369954
0
LINE
8
0
10
132.301167
20
234.369954
11
132.434595
21
231.358762
0
LINE
8
0
10
132.434595
20
231.358762
11
133.609256
21
229.758003
0
LINE
8
0
10
133.609256
20
229.758003
11
136.127797
21
229.155246
0
LINE
8
0
10
136.127797
20
229.155246
11
137.985600
21
229.099235
0
LINE
8
0
10
137.985600
20
229.099235
11
140.239254
21
229.062706
0
LINE
8
0
10
140.239254
20
229.062706
11
143.443782
21
228.700162
0
LINE
8
0
10
143.443782
20
228.700162
11
145.217619
21
227.795374
0
LINE
8
0
10
145.217619
20
227.795374
11
145.928386
21
226.160828
0
LINE
8
0
10
145.928386
20
226.160828
11
146.000000
21
225.011298
0
LINE
8
0
10
146.000000
20
225.011298
11
145.939205
21
223.956119
0
LINE
8
0
10
145.939205
20
223.956119
11
145.267658
21
222.456567
0
LINE
8
0
10
145.267658
20
222.456567
11
143.451304
21
221.570716
0
LINE
8
0
10
143.451304
20
221.570716
11
139.996310
21
221.057720
0
LINE
8
0
10
139.996310
20
221.057720
11
137.500000
21
220.865777
0
LINE
8
0
10
137.500000
20
220.865777
11
133.500000
21
220.599235
0
LINE
8
0
10
133.500000
20
220.599235
11
133.217202
21
209.951142
0
LINE
8
0
10
133.217202
20
209.951142
11
132.934404
21
199.303050
0
LINE
8
0
10
132.934404
20
199.303050
11
128.915249
21
198.919762
0
LINE
8
0
10
128.915249
20
198.919762
11
127.319333
21
198.806292
0
LINE
8
0
10
127.319333
20
198.806292
11
124.939152
21
198.840796
0
LINE
8
0
10
124.939152
20
198.840796
11
124.448047
21
198.984521
0
LINE
8
0
10
162.939645
20
200.282133
11
161.118339
21
201.523111
0
LINE
8
0
10
161.118339
20
201.523111
11
158.663232
21
204.750893
0
LINE
8
0
10
158.663232
20
204.750893
11
157.654033
21
208.826583
0
LINE
8
0
10
157.654033
20
208.826583
11
157.278945
21
212.808998
0
LINE
8
0
10
157.278945
20
212.808998
11
157.080712
21
218.100609
0
LINE
8
0
10
157.080712
20
218.100609
11
157.006778
21
224.955956
0
LINE
8
0
10
157.006778
20
224.955956
11
157.000000
21
229.049575
0
LINE
8
0
10
157.000000
20
229.049575
11
157.000000
21
250.099235
0
LINE
8
0
10
157.000000
20
250.099235
11
161.500000
21
250.099235
0
LINE
8
0
10
161.500000
20
250.099235
11
166.000000
21
250.099235
0
LINE
8
0
10
166.000000
20
250.099235
11
166.125000
21
230.599235
0
LINE
8
0
10
166.125000
20
230.599235
11
166.149668
21
226.503762
0
LINE
8
0
10
166.149668
20
226.503762
11
166.191193
21
219.930531
0
LINE
8
0
10
166.191193
20
219.930531
11
166.250941
21
215.228844
0
LINE
8
0
10
166.250941
20
215.228844
11
166.363280
21
212.056217
0
LINE
8
0
10
166.363280
20
212.056217
11
166.705579
21
209.415077
0
LINE
8
0
10
166.705579
20
209.415077
11
167.666820
21
208.048737
0
LINE
8
0
10
167.666820
20
208.048737
11
168.441130
21
207.518623
0
LINE
8
0
10
168.441130
20
207.518623
11
170.933652
21
206.388425
0
LINE
8
0
10
170.933652
20
206.388425
11
175.165801
21
206.348650
0
LINE
8
0
10
175.165801
20
206.348650
11
177.638031
21
207.380199
0
LINE
8
0
10
177.638031
20
207.380199
11
178.595012
21
208.201664
0
LINE
8
0
10
178.595012
20
208.201664
11
179.171013
21
208.955728
0
LINE
8
0
10
179.171013
20
208.955728
11
179.975632
21
211.272076
0
LINE
8
0
10
179.975632
20
211.272076
11
180.438148
21
215.869495
0
LINE
8
0
10
180.438148
20
215.869495
11
180.647927
21
221.683246
0
LINE
8
0
10
180.647927
20
221.683246
11
180.756541
21
227.024065
0
LINE
8
0
10
180.756541
20
227.024065
11
180.808286
21
230.201664
0
LINE
8
0
10
180.808286
20
230.201664
11
181.116573
21
250.099235
0
LINE
8
0
10
181.116573
20
250.099235
11
185.682530
21
250.099235
0
LINE
8
0
10
185.682530
20
250.099235
11
190.248487
21
250.099235
0
LINE
8
0
10
190.248487
20
250.099235
11
189.771814
21
229.349235
0
LINE
8
0
10
189.771814
20
229.349235
11
189.667946
21
225.151095
0
LINE
8
0
10
189.667946
20
225.151095
11
189.437642
21
217.517454
0
LINE
8
0
10
189.437642
20
217.517454
11
189.201152
21
211.508107
0
LINE
8
0
10
189.201152
20
211.508107
11
188.987163
21
207.851985
0
LINE
8
0
10
188.987163
20
207.851985
11
188.897570
21
207.134174
0
LINE
8
0
10
188.897570
20
207.134174
11
188.480973
21
206.311072
0
LINE
8
0
10
188.480973
20
206.311072
11
186.498450
21
203.813672
0
LINE
8
0
10
186.498450
20
203.813672
11
185.176707
21
202.446973
0
LINE
8
0
10
185.176707
20
202.446973
11
183.327980
21
200.864583
0
LINE
8
0
10
183.327980
20
200.864583
11
179.330657
21
199.062723
0
LINE
8
0
10
179.330657
20
199.062723
11
176.676707
21
198.615456
0
LINE
8
0
10
176.676707
20
198.615456
11
174.236322
21
198.367975
0
LINE
8
0
10
174.236322
20
198.367975
11
170.182023
21
198.238652
0
LINE
8
0
10
170.182023
20
198.238652
11
165.547132
21
199.033946
0
LINE
8
0
10
165.547132
20
199.033946
11
162.939645
21
200.282133
0
LINE
8
0
10
199.714060
20
198.718508
11
199.570620
21
199.380071
0
LINE
8
0
10
199.570620
20
199.380071
11
199.315539
21
203.467782
0
LINE
8
0
10
199.315539
20
203.467782
11
199.122380
21
210.527942
0
LINE
8
0
10
199.122380
20
210.527942
11
199.014574
21
219.704157
0
LINE
8
0
10
199.014574
20
219.704157
11
199.000000
21
224.818161
0
LINE
8
0
10
199.000000
20
224.818161
11
199.000000
21
250.203754
0
LINE
8
0
10
199.000000
20
250.203754
11
204.240634
21
249.901494
0
LINE
8
0
10
204.240634
20
249.901494
11
205.709378
21
249.798654
0
LINE
8
0
10
205.709378
20
249.798654
11
207.834114
21
249.498205
0
LINE
8
0
10
207.834114
20
249.498205
11
209.455865
21
248.619350
0
LINE
8
0
10
209.455865
20
248.619350
11
209.856316
21
247.599235
0
LINE
8
0
10
209.856316
20
247.599235
11
210.400492
21
246.010453
0
LINE
8
0
10
210.400492
20
246.010453
11
211.182166
21
244.999128
0
LINE
8
0
10
211.182166
20
244.999128
11
211.924781
21
244.164084
0
LINE
8
0
10
211.924781
20
244.164084
11
212.375049
21
242.999128
0
LINE
8
0
10
212.375049
20
242.999128
11
212.657953
21
242.070509
0
LINE
8
0
10
212.657953
20
242.070509
11
214.123436
21
238.457651
0
LINE
8
0
10
214.123436
20
238.457651
11
217.447834
21
231.158116
0
LINE
8
0
10
217.447834
20
231.158116
11
219.541425
21
226.989551
0
LINE
8
0
10
219.541425
20
226.989551
11
220.036774
21
225.925734
0
LINE
8
0
10
220.036774
20
225.925734
11
220.444673
21
224.194094
0
LINE
8
0
10
220.444673
20
224.194094
11
220.306983
21
223.739551
0
LINE
8
0
10
220.306983
20
223.739551
11
220.197468
21
223.287327
0
LINE
8
0
10
220.197468
20
223.287327
11
220.833333
21
223.099235
0
LINE
8
0
10
220.833333
20
223.099235
11
221.583854
21
222.768766
0
LINE
8
0
10
221.583854
20
222.768766
11
221.750000
21
221.974235
0
LINE
8
0
10
221.750000
20
221.974235
11
221.940625
21
221.045068
0
LINE
8
0
10
221.940625
20
221.045068
11
222.750000
21
220.390901
0
LINE
8
0
10
222.750000
20
220.390901
11
223.080774
21
220.440125
0
LINE
8
0
10
223.080774
20
220.440125
11
223.569584
21
221.792535
0
LINE
8
0
10
223.569584
20
221.792535
11
223.858938
21
225.177975
0
LINE
8
0
10
223.858938
20
225.177975
11
223.985870
21
231.029741
0
LINE
8
0
10
223.985870
20
231.029741
11
224.000000
21
235.015901
0
LINE
8
0
10
224.000000
20
235.015901
11
224.000000
21
250.099235
0
LINE
8
0
10
224.000000
20
250.099235
11
228.000000
21
250.099235
0
LINE
8
0
10
228.000000
20
250.099235
11
232.000000
21
250.099235
0
LINE
8
0
10
232.000000
20
250.099235
11
232.000000
21
224.668785
0
LINE
8
0
10
232.000000
20
224.668785
11
232.000000
21
199.238336
0
LINE
8
0
10
232.000000
20
199.238336
11
229.750000
21
198.911149
0
LINE
8
0
10
229.750000
20
198.911149
11
227.569325
21
198.645155
0
LINE
8
0
10
227.569325
20
198.645155
11
224.334251
21
199.188517
0
LINE
8
0
10
224.334251
20
199.188517
11
222.276107
21
201.241123
0
LINE
8
0
10
222.276107
20
201.241123
11
220.785358
21
203.728212
0
LINE
8
0
10
220.785358
20
203.728212
11
219.016775
21
207.318888
0
LINE
8
0
10
219.016775
20
207.318888
11
216.813576
21
212.191983
0
LINE
8
0
10
216.813576
20
212.191983
11
215.500000
21
215.165323
0
LINE
8
0
10
215.500000
20
215.165323
11
214.079046
21
218.356772
0
LINE
8
0
10
214.079046
20
218.356772
11
211.468967
21
224.034992
0
LINE
8
0
10
211.468967
20
224.034992
11
209.379232
21
228.338616
0
LINE
8
0
10
209.379232
20
228.338616
11
208.063326
21
230.745617
0
LINE
8
0
10
208.063326
20
230.745617
11
207.774771
21
231.074749
0
LINE
8
0
10
207.774771
20
231.074749
11
207.623480
21
230.748003
0
LINE
8
0
10
207.623480
20
230.748003
11
207.322925
21
228.303381
0
LINE
8
0
10
207.322925
20
228.303381
11
207.052417
21
223.914252
0
LINE
8
0
10
207.052417
20
223.914252
11
206.844769
21
218.113017
0
LINE
8
0
10
206.844769
20
218.113017
11
206.774771
21
214.849235
0
LINE
8
0
10
206.774771
20
214.849235
11
206.500000
21
198.599235
0
LINE
8
0
10
206.500000
20
198.599235
11
203.464060
21
198.301841
0
LINE
8
0
10
203.464060
20
198.301841
11
202.228918
21
198.242713
0
LINE
8
0
10
202.228918
20
198.242713
11
200.230871
21
198.464718
0
LINE
8
0
10
200.230871
20
198.464718
11
199.714060
21
198.718508
0
LINE
8
0
10
249.250000
20
198.889677
11
241.000000
21
199.180119
0
LINE
8
0
10
241.000000
20
199.180119
11
241.000000
21
224.770758
0
LINE
8
0
10
241.000000
20
224.770758
11
241.000000
21
250.361397
0
LINE
8
0
10
241.000000
20
250.361397
11
251.250000
21
249.902801
0
LINE
8
0
10
251.250000
20
249.902801
11
254.937687
21
249.694307
0
LINE
8
0
10
254.937687
20
249.694307
11
260.540617
21
249.017640
0
LINE
8
0
10
260.540617
20
249.017640
11
264.419623
21
247.792866
0
LINE
8
0
10
264.419623
20
247.792866
11
267.341906
21
245.777747
0
LINE
8
0
10
267.341906
20
245.777747
11
268.684027
21
244.398108
0
LINE
8
0
10
268.684027
20
244.398108
11
269.763932
21
242.869015
0
LINE
8
0
10
269.763932
20
242.869015
11
271.452340
21
238.634411
0
LINE
8
0
10
271.452340
20
238.634411
11
272.825870
21
230.221964
0
LINE
8
0
10
272.825870
20
230.221964
11
272.548004
21
217.624450
0
LINE
8
0
10
272.548004
20
217.624450
11
270.802993
21
209.195144
0
LINE
8
0
10
270.802993
20
209.195144
11
268.927354
21
204.941271
0
LINE
8
0
10
268.927354
20
204.941271
11
267.779729
21
203.400135
0
LINE
8
0
10
267.779729
20
203.400135
11
266.478811
21
202.235170
0
LINE
8
0
10
266.478811
20
202.235170
11
263.008330
21
200.420910
0
LINE
8
0
10
263.008330
20
200.420910
11
258.377508
21
199.293688
0
LINE
8
0
10
258.377508
20
199.293688
11
252.583769
21
198.852875
0
LINE
8
0
10
252.583769
20
198.852875
11
249.250000
21
198.889677
0
LINE
8
0
10
315.416005
20
199.015901
11
315.332439
21
199.619387
0
LINE
8
0
10
315.332439
20
199.619387
11
315.183830
21
203.613156
0
LINE
8
0
10
315.183830
20
203.613156
11
315.071298
21
210.614898
0
LINE
8
0
10
315.071298
20
210.614898
11
315.008491
21
219.775305
0
LINE
8
0
10
315.008491
20
219.775305
11
315.000000
21
224.899598
0
LINE
8
0
10
315.000000
20
224.899598
11
315.000000
21
250.366628
0
LINE
8
0
10
315.000000
20
250.366628
11
324.753163
21
249.896981
0
LINE
8
0
10
324.753163
20
249.896981
11
327.885276
21
249.704248
0
LINE
8
0
10
327.885276
20
249.704248
11
333.211710
21
249.062509
0
LINE
8
0
10
333.211710
20
249.062509
11
337.397691
21
247.962745
0
LINE
8
0
10
337.397691
20
247.962745
11
340.575145
21
246.265362
0
LINE
8
0
10
340.575145
20
246.265362
11
342.875998
21
243.830765
0
LINE
8
0
10
342.875998
20
243.830765
11
344.432173
21
240.519361
0
LINE
8
0
10
344.432173
20
240.519361
11
345.375598
21
236.191555
0
LINE
8
0
10
345.375598
20
236.191555
11
345.838196
21
230.707755
0
LINE
8
0
10
345.838196
20
230.707755
11
345.930412
21
227.488734
0
LINE
8
0
10
345.930412
20
227.488734
11
345.925000
21
223.594922
0
LINE
8
0
10
345.925000
20
223.594922
11
345.525195
21
216.459329
0
LINE
8
0
10
345.525195
20
216.459329
11
344.661069
21
210.563708
0
LINE
8
0
10
344.661069
20
210.563708
11
343.397804
21
206.352774
0
LINE
8
0
10
343.397804
20
206.352774
11
342.636863
21
205.018038
0
LINE
8
0
10
342.636863
20
205.018038
11
340.867450
21
203.285578
0
LINE
8
0
10
340.867450
20
203.285578
11
338.209774
21
201.215781
0
LINE
8
0
10
338.209774
20
201.215781
11
336.164930
21
200.011395
0
LINE
8
0
10
336.164930
20
200.011395
11
332.297075
21
199.066043
0
LINE
8
0
10
332.297075
20
199.066043
11
328.167477
21
198.814705
0
LINE
8
0
10
328.167477
20
198.814705
11
325.375779
21
198.752497
0
LINE
8
0
10
325.375779
20
198.752497
11
321.637287
21
198.725865
0
LINE
8
0
10
321.637287
20
198.725865
11
317.283855
21
198.809624
0
LINE
8
0
10
317.283855
20
198.809624
11
315.694362
21
198.935330
0
LINE
8
0
10
315.694362
20
198.935330
11
315.416005
21
199.015901
0
LINE
8
0
10
280.000000
20
224.599235
11
280.000000
21
250.099235
0
LINE
8
0
10
280.000000
20
250.099235
11
292.833333
21
250.099235
0
LINE
8
0
10
292.833333
20
250.099235
11
297.856357
21
250.059154
0
LINE
8
0
10
297.856357
20
250.059154
11
303.691666
21
249.874772
0
LINE
8
0
10
303.691666
20
249.874772
11
305.810654
21
249.693317
0
LINE
8
0
10
305.810654
20
249.693317
11
306.174622
21
249.591279
0
LINE
8
0
10
306.174622
20
249.591279
11
306.323645
21
249.098779
0
LINE
8
0
10
306.323645
20
249.098779
11
306.268775
21
246.834326
0
LINE
8
0
10
306.268775
20
246.834326
11
306.071641
21
245.341279
0
LINE
8
0
10
306.071641
20
245.341279
11
305.460705
21
241.599235
0
LINE
8
0
10
305.460705
20
241.599235
11
298.273385
21
241.472736
0
LINE
8
0
10
298.273385
20
241.472736
11
295.378801
21
241.383756
0
LINE
8
0
10
295.378801
20
241.383756
11
290.847842
21
241.047179
0
LINE
8
0
10
290.847842
20
241.047179
11
289.769533
21
240.841038
0
LINE
8
0
10
289.769533
20
240.841038
11
289.383462
21
240.419113
0
LINE
8
0
10
289.383462
20
240.419113
11
288.806967
21
238.283919
0
LINE
8
0
10
288.806967
20
238.283919
11
288.548031
21
233.278669
0
LINE
8
0
10
288.548031
20
233.278669
11
288.870035
21
229.849235
0
LINE
8
0
10
288.870035
20
229.849235
11
289.433389
21
229.558024
0
LINE
8
0
10
289.433389
20
229.558024
11
292.965917
21
229.158414
0
LINE
8
0
10
292.965917
20
229.158414
11
295.500000
21
229.099235
0
LINE
8
0
10
295.500000
20
229.099235
11
302.000000
21
229.099235
0
LINE
8
0
10
302.000000
20
229.099235
11
302.000000
21
225.146952
0
LINE
8
0
10
302.000000
20
225.146952
11
302.000000
21
221.194669
0
LINE
8
0
10
302.000000
20
221.194669
11
295.750000
21
220.896952
0
LINE
8
0
10
295.750000
20
220.896952
11
289.500000
21
220.599235
0
LINE
8
0
10
289.500000
20
220.599235
11
288.994819
21
216.099235
0
LINE
8
0
10
288.994819
20
216.099235
11
288.691411
21
213.190114
0
LINE
8
0
10
288.691411
20
213.190114
11
288.789419
21
209.402723
0
LINE
8
0
10
288.789419
20
209.402723
11
290.499289
21
207.623946
0
LINE
8
0
10
290.499289
20
207.623946
11
294.627544
21
207.014761
0
LINE
8
0
10
294.627544
20
207.014761
11
297.850604
21
206.886571
0
LINE
8
0
10
297.850604
20
206.886571
11
306.482328
21
206.599235
0
LINE
8
0
10
306.482328
20
206.599235
11
306.491164
21
202.849443
0
LINE
8
0
10
306.491164
20
202.849443
11
306.500000
21
199.099652
0
LINE
8
0
10
306.500000
20
199.099652
11
293.250000
21
199.099443
0
LINE
8
0
10
293.250000
20
199.099443
11
280.000000
21
199.099235
0
LINE
8
0
10
280.000000
20
199.099235
11
280.000000
21
224.599235
0
LINE
8
0
10
97.114910
20
218.686967
11
95.111047
21
219.968751
0
LINE
8
0
10
95.111047
20
219.968751
11
93.208199
21
223.525230
0
LINE
8
0
10
93.208199
20
223.525230
11
93.015313
21
226.349235
0
LINE
8
0
10
93.015313
20
226.349235
11
93.137928
21
227.961982
0
LINE
8
0
10
93.137928
20
227.961982
11
94.078031
21
230.719315
0
LINE
8
0
10
94.078031
20
230.719315
11
96.814565
21
233.587199
0
LINE
8
0
10
96.814565
20
233.587199
11
101.788935
21
234.770317
0
LINE
8
0
10
101.788935
20
234.770317
11
105.555415
21
233.449129
0
LINE
8
0
10
105.555415
20
233.449129
11
107.672598
21
231.418950
0
LINE
8
0
10
107.672598
20
231.418950
11
108.530888
21
230.039504
0
LINE
8
0
10
108.530888
20
230.039504
11
109.254476
21
228.168196
0
LINE
8
0
10
109.254476
20
228.168196
11
109.306494
21
224.550336
0
LINE
8
0
10
109.306494
20
224.550336
11
107.648131
21
221.384812
0
LINE
8
0
10
107.648131
20
221.384812
11
104.459179
21
219.014818
0
LINE
8
0
10
104.459179
20
219.014818
11
102.346918
21
218.235393
0
LINE
8
0
10
102.346918
20
218.235393
11
99.622299
21
217.988172
0
LINE
8
0
10
99.622299
20
217.988172
11
97.114910
21
218.686967
0
LINE
8
0
10
363.105755
20
220.000444
11
361.875900
21
221.323765
0
LINE
8
0
10
361.875900
20
221.323765
11
360.347531
21
224.115044
0
LINE
8
0
10
360.347531
20
224.115044
11
360.068486
21
227.020692
0
LINE
8
0
10
360.068486
20
227.020692
11
361.047810
21
229.946534
0
LINE
8
0
10
361.047810
20
229.946534
11
362.012186
21
231.387597
0
LINE
8
0
10
362.012186
20
231.387597
11
363.074505
21
232.535407
0
LINE
8
0
10
363.074505
20
232.535407
11
365.473442
21
234.093092
0
LINE
8
0
10
365.473442
20
234.093092
11
369.369537
21
234.739513
0
LINE
8
0
10
369.369537
20
234.739513
11
374.033471
21
232.879800
0
LINE
8
0
10
374.033471
20
232.879800
11
376.227819
21
229.804853
0
LINE
8
0
10
376.227819
20
229.804853
11
376.681902
21
227.109545
0
LINE
8
0
10
376.681902
20
227.109545
11
376.528688
21
225.599235
0
LINE
8
0
10
376.528688
20
225.599235
11
376.240899
21
223.845751
0
LINE
8
0
10
376.240899
20
223.845751
11
376.076511
21
222.438441
0
LINE
8
0
10
376.076511
20
222.438441
11
375.726986
21
221.923114
0
LINE
8
0
10
375.726986
20
221.923114
11
373.548746
21
220.311468
0
LINE
8
0
10
373.548746
20
220.311468
11
370.443323
21
218.526024
0
LINE
8
0
10
370.443323
20
218.526024
11
367.664802
21
217.287810
0
LINE
8
0
10
367.664802
20
217.287810
11
366.790031
21
217.099235
0
LINE
8
0
10
366.790031
20
217.099235
11
366.320339
21
217.328158
0
LINE
8
0
10
366.320339
20
217.328158
11
364.357311
21
218.873959
0
LINE
8
0
10
364.357311
20
218.873959
11
363.105755
21
220.000444
0
LINE
8
0
10
49.250000
20
270.595065
11
48.287765
21
272.251947
0
LINE
8
0
10
48.287765
20
272.251947
11
48.591755
21
275.849557
0
LINE
8
0
10
48.591755
20
275.849557
11
49.828741
21
277.444247
0
LINE
8
0
10
49.828741
20
277.444247
11
50.327756
21
277.714530
0
LINE
8
0
10
50.327756
20
277.714530
11
53.047372
21
278.164133
0
LINE
8
0
10
53.047372
20
278.164133
11
57.415271
21
278.429082
0
LINE
8
0
10
57.415271
20
278.429082
11
61.827199
21
278.574801
0
LINE
8
0
10
61.827199
20
278.574801
11
67.682619
21
278.697964
0
LINE
8
0
10
67.682619
20
278.697964
11
75.190243
21
278.800433
0
LINE
8
0
10
75.190243
20
278.800433
11
84.558782
21
278.884072
0
LINE
8
0
10
84.558782
20
278.884072
11
95.996947
21
278.950744
0
LINE
8
0
10
95.996947
20
278.950744
11
109.713451
21
279.002313
0
LINE
8
0
10
109.713451
20
279.002313
11
125.917003
21
279.040642
0
LINE
8
0
10
125.917003
20
279.040642
11
144.816316
21
279.067594
0
LINE
8
0
10
144.816316
20
279.067594
11
166.620101
21
279.085032
0
LINE
8
0
10
166.620101
20
279.085032
11
191.537069
21
279.094820
0
LINE
8
0
10
191.537069
20
279.094820
11
219.775932
21
279.098822
0
LINE
8
0
10
219.775932
20
279.098822
11
235.206296
21
279.099235
0
LINE
8
0
10
235.206296
20
279.099235
11
250.647313
21
279.098825
0
LINE
8
0
10
250.647313
20
279.098825
11
278.902558
21
279.094850
0
LINE
8
0
10
278.902558
20
279.094850
11
303.829365
21
279.085112
0
LINE
8
0
10
303.829365
20
279.085112
11
325.636476
21
279.067744
0
LINE
8
0
10
325.636476
20
279.067744
11
344.532630
21
279.040878
0
LINE
8
0
10
344.532630
20
279.040878
11
360.726565
21
279.002650
0
LINE
8
0
10
360.726565
20
279.002650
11
374.427021
21
278.951191
0
LINE
8
0
10
374.427021
20
278.951191
11
385.842739
21
278.884635
0
LINE
8
0
10
385.842739
20
278.884635
11
395.182457
21
278.801117
0
LINE
8
0
10
395.182457
20
278.801117
11
402.654915
21
278.698768
0
LINE
8
0
10
402.654915
20
278.698768
11
408.468852
21
278.575723
0
LINE
8
0
10
408.468852
20
278.575723
11
412.833008
21
278.430115
0
LINE
8
0
10
412.833008
20
278.430115
11
417.117520
21
278.165313
0
LINE
8
0
10
417.117520
20
278.165313
11
419.704204
21
277.715852
0
LINE
8
0
10
419.704204
20
277.715852
11
420.127497
21
277.445611
0
LINE
8
0
10
420.127497
20
277.445611
11
421.006399
21
275.710405
0
LINE
8
0
10
421.006399
20
275.710405
11
420.524662
21
271.874633
0
LINE
8
0
10
420.524662
20
271.874633
11
419.236258
21
270.349235
0
LINE
8
0
10
419.236258
20
270.349235
11
418.542424
21
270.172162
0
LINE
8
0
10
418.542424
20
270.172162
11
415.641753
21
269.937513
0
LINE
8
0
10
415.641753
20
269.937513
11
412.319381
21
269.800747
0
LINE
8
0
10
412.319381
20
269.800747
11
407.767220
21
269.678937
0
LINE
8
0
10
407.767220
20
269.678937
11
401.883341
21
269.571415
0
LINE
8
0
10
401.883341
20
269.571415
11
394.565817
21
269.477515
0
LINE
8
0
10
394.565817
20
269.477515
11
385.712719
21
269.396568
0
LINE
8
0
10
385.712719
20
269.396568
11
375.222119
21
269.327908
0
LINE
8
0
10
375.222119
20
269.327908
11
362.992088
21
269.270869
0
LINE
8
0
10
362.992088
20
269.270869
11
348.920700
21
269.224782
0
LINE
8
0
10
348.920700
20
269.224782
11
332.906025
21
269.188980
0
LINE
8
0
10
332.906025
20
269.188980
11
314.846136
21
269.162797
0
LINE
8
0
10
314.846136
20
269.162797
11
294.639104
21
269.145566
0
LINE
8
0
10
294.639104
20
269.145566
11
272.183001
21
269.136619
0
LINE
8
0
10
272.183001
20
269.136619
11
247.375899
21
269.135289
0
LINE
8
0
10
247.375899
20
269.135289
11
234.058870
21
269.137272
0
LINE
8
0
10
234.058870
20
269.137272
11
219.695235
21
269.140869
0
LINE
8
0
10
219.695235
20
269.140869
11
193.189855
21
269.151769
0
LINE
8
0
10
193.189855
20
269.151769
11
169.518347
21
269.168627
0
LINE
8
0
10
169.518347
20
269.168627
11
148.526331
21
269.192659
0
LINE
8
0
10
148.526331
20
269.192659
11
130.059425
21
269.225084
0
LINE
8
0
10
130.059425
20
269.225084
11
113.963251
21
269.267120
0
LINE
8
0
10
113.963251
20
269.267120
11
100.083427
21
269.319983
0
LINE
8
0
10
100.083427
20
269.319983
11
88.265573
21
269.384893
0
LINE
8
0
10
88.265573
20
269.384893
11
78.355309
21
269.463066
0
LINE
8
0
10
78.355309
20
269.463066
11
70.198255
21
269.555721
0
LINE
8
0
10
70.198255
20
269.555721
11
63.640030
21
269.664075
0
LINE
8
0
10
63.640030
20
269.664075
11
58.526255
21
269.789346
0
LINE
8
0
10
58.526255
20
269.789346
11
54.702548
21
269.932752
0
LINE
8
0
10
54.702548
20
269.932752
11
52.014529
21
270.095510
0
LINE
8
0
10
52.014529
20
270.095510
11
49.774211
21
270.378598
0
LINE
8
0
10
49.774211
20
270.378598
11
49.250000
21
270.595065
0
LINE
8
0
10
76.000000
20
296.898270
11
73.793750
21
297.286065
0
LINE
8
0
10
73.793750
20
297.286065
11
72.000000
21
297.798502
0
LINE
8
0
10
72.000000
20
297.798502
11
70.410924
21
298.326385
0
LINE
8
0
10
70.410924
20
298.326385
11
68.696762
21
298.751317
0
LINE
8
0
10
68.696762
20
298.751317
11
66.229525
21
299.476108
0
LINE
8
0
10
66.229525
20
299.476108
11
61.180492
21
302.277720
0
LINE
8
0
10
61.180492
20
302.277720
11
56.405348
21
306.504404
0
LINE
8
0
10
56.405348
20
306.504404
11
52.416057
21
311.703000
0
LINE
8
0
10
52.416057
20
311.703000
11
50.876095
21
314.525152
0
LINE
8
0
10
50.876095
20
314.525152
11
49.315931
21
318.032810
0
LINE
8
0
10
49.315931
20
318.032810
11
47.242031
21
325.176235
0
LINE
8
0
10
47.242031
20
325.176235
11
46.437295
21
332.423468
0
LINE
8
0
10
46.437295
20
332.423468
11
46.179734
21
339.001258
0
LINE
8
0
10
46.179734
20
339.001258
11
46.096449
21
347.502775
0
LINE
8
0
10
46.096449
20
347.502775
11
46.145550
21
358.379467
0
LINE
8
0
10
46.145550
20
358.379467
11
46.206656
21
364.849580
0
LINE
8
0
10
46.206656
20
364.849580
11
46.267373
21
370.585066
0
LINE
8
0
10
46.267373
20
370.585066
11
46.386039
21
380.082247
0
LINE
8
0
10
46.386039
20
380.082247
11
46.524015
21
387.290220
0
LINE
8
0
10
46.524015
20
387.290220
11
46.708905
21
392.619995
0
LINE
8
0
10
46.708905
20
392.619995
11
47.134583
21
397.992126
0
LINE
8
0
10
47.134583
20
397.992126
11
48.123978
21
402.417387
0
LINE
8
0
10
48.123978
20
402.417387
11
48.861564
21
404.381545
0
LINE
8
0
10
48.861564
20
404.381545
11
50.919704
21
408.824598
0
LINE
8
0
10
50.919704
20
408.824598
11
56.175804
21
416.137026
0
LINE
8
0
10
56.175804
20
416.137026
11
63.116764
21
421.478268
0
LINE
8
0
10
63.116764
20
421.478268
11
71.940707
21
425.000784
0
LINE
8
0
10
71.940707
20
425.000784
11
77.120710
21
426.127664
0
LINE
8
0
10
77.120710
20
426.127664
11
82.362857
21
426.716627
0
LINE
8
0
10
82.362857
20
426.716627
11
93.059920
21
426.294193
0
LINE
8
0
10
93.059920
20
426.294193
11
103.105857
21
423.955564
0
LINE
8
0
10
103.105857
20
423.955564
11
111.378885
21
419.961883
0
LINE
8
0
10
111.378885
20
419.961883
11
114.500000
21
417.426006
0
LINE
8
0
10
114.500000
20
417.426006
11
117.325303
21
414.426118
0
LINE
8
0
10
117.325303
20
414.426118
11
120.867676
21
409.330727
0
LINE
8
0
10
120.867676
20
409.330727
11
121.679286
21
407.099235
0
LINE
8
0
10
121.679286
20
407.099235
11
122.383177
21
404.974366
0
LINE
8
0
10
122.383177
20
404.974366
11
123.237887
21
403.376279
0
LINE
8
0
10
123.237887
20
403.376279
11
123.611019
21
402.603396
0
LINE
8
0
10
123.611019
20
402.603396
11
124.120679
21
399.939333
0
LINE
8
0
10
124.120679
20
399.939333
11
124.194435
21
398.376279
0
LINE
8
0
10
124.194435
20
398.376279
11
124.256679
21
396.830817
0
LINE
8
0
10
124.256679
20
396.830817
11
124.688609
21
394.285548
0
LINE
8
0
10
124.688609
20
394.285548
11
125.005095
21
393.599235
0
LINE
8
0
10
125.005095
20
393.599235
11
125.313431
21
392.915055
0
LINE
8
0
10
125.313431
20
392.915055
11
125.690330
21
390.384195
0
LINE
8
0
10
125.690330
20
390.384195
11
125.712471
21
388.849235
0
LINE
8
0
10
125.712471
20
388.849235
11
125.603624
21
385.099235
0
LINE
8
0
10
125.603624
20
385.099235
11
113.801812
21
385.099235
0
LINE
8
0
10
113.801812
20
385.099235
11
102.000000
21
385.099235
0
LINE
8
0
10
102.000000
20
385.099235
11
102.000000
21
389.078998
0
LINE
8
0
10
102.000000
20
389.078998
11
101.797511
21
391.971015
0
LINE
8
0
10
101.797511
20
391.971015
11
100.296502
21
397.305424
0
LINE
8
0
10
100.296502
20
397.305424
11
97.598336
21
401.618021
0
LINE
8
0
10
97.598336
20
401.618021
11
94.020080
21
404.402026
0
LINE
8
0
10
94.020080
20
404.402026
11
92.000000
21
405.062438
0
LINE
8
0
10
92.000000
20
405.062438
11
87.037008
21
405.520324
0
LINE
8
0
10
87.037008
20
405.520324
11
79.489452
21
404.899780
0
LINE
8
0
10
79.489452
20
404.899780
11
75.640686
21
403.760371
0
LINE
8
0
10
75.640686
20
403.760371
11
74.393037
21
403.010463
0
LINE
8
0
10
74.393037
20
403.010463
11
73.077219
21
401.644118
0
LINE
8
0
10
73.077219
20
401.644118
11
71.024699
21
397.922602
0
LINE
8
0
10
71.024699
20
397.922602
11
70.407626
21
395.784337
0
LINE
8
0
10
70.407626
20
395.784337
11
70.001986
21
362.016904
0
LINE
8
0
10
70.001986
20
362.016904
11
70.324161
21
327.854811
0
LINE
8
0
10
70.324161
20
327.854811
11
71.339753
21
325.302704
0
LINE
8
0
10
71.339753
20
325.302704
11
75.884199
21
320.148471
0
LINE
8
0
10
75.884199
20
320.148471
11
78.565789
21
318.507299
0
LINE
8
0
10
78.565789
20
318.507299
11
81.390394
21
317.600741
0
LINE
8
0
10
81.390394
20
317.600741
11
87.257696
21
317.178306
0
LINE
8
0
10
87.257696
20
317.178306
11
92.869011
21
318.482982
0
LINE
8
0
10
92.869011
20
318.482982
11
97.568206
21
321.362215
0
LINE
8
0
10
97.568206
20
321.362215
11
99.370718
21
323.344617
0
LINE
8
0
10
99.370718
20
323.344617
11
100.363597
21
325.096817
0
LINE
8
0
10
100.363597
20
325.096817
11
101.305671
21
328.871517
0
LINE
8
0
10
101.305671
20
328.871517
11
101.677328
21
332.673711
0
LINE
8
0
10
101.677328
20
332.673711
11
101.814122
21
335.094617
0
LINE
8
0
10
101.814122
20
335.094617
11
102.244639
21
344.099235
0
LINE
8
0
10
102.244639
20
344.099235
11
114.009502
21
344.099235
0
LINE
8
0
10
114.009502
20
344.099235
11
125.774365
21
344.099235
0
LINE
8
0
10
125.774365
20
344.099235
11
125.738030
21
337.066070
0
LINE
8
0
10
125.738030
20
337.066070
11
125.656785
21
334.293732
0
LINE
8
0
10
125.656785
20
334.293732
11
125.184083
21
330.266193
0
LINE
8
0
10
125.184083
20
330.266193
11
124.850848
21
329.507053
0
LINE
8
0
10
124.850848
20
329.507053
11
124.245514
21
328.345194
0
LINE
8
0
10
124.245514
20
328.345194
11
123.984944
21
326.290218
0
LINE
8
0
10
123.984944
20
326.290218
11
123.626312
21
322.917801
0
LINE
8
0
10
123.626312
20
322.917801
11
121.103835
21
315.805650
0
LINE
8
0
10
121.103835
20
315.805650
11
116.702107
21
309.017535
0
LINE
8
0
10
116.702107
20
309.017535
11
111.054369
21
303.530007
0
LINE
8
0
10
111.054369
20
303.530007
11
107.961134
21
301.579136
0
LINE
8
0
10
107.961134
20
301.579136
11
104.856523
21
300.208825
0
LINE
8
0
10
104.856523
20
300.208825
11
97.305434
21
298.056502
0
LINE
8
0
10
97.305434
20
298.056502
11
88.736596
21
296.801553
0
LINE
8
0
10
88.736596
20
296.801553
11
80.075696
21
296.579550
0
LINE
8
0
10
80.075696
20
296.579550
11
76.000000
21
296.898270
0
LINE
8
0
10
140.412785
20
299.015901
11
140.370736
21
299.384325
0
LINE
8
0
10
140.370736
20
299.384325
11
140.290386
21
301.976616
0
LINE
8
0
10
140.290386
20
301.976616
11
140.216445
21
306.826646
0
LINE
8
0
10
140.216445
20
306.826646
11
140.150607
21
313.674992
0
LINE
8
0
10
140.150607
20
313.674992
11
140.094565
21
322.262230
0
LINE
8
0
10
140.094565
20
322.262230
11
140.050011
21
332.328935
0
LINE
8
0
10
140.050011
20
332.328935
11
140.008425
21
349.635506
0
LINE
8
0
10
140.008425
20
349.635506
11
140.000000
21
362.265901
0
LINE
8
0
10
140.000000
20
362.265901
11
140.000000
21
425.099235
0
LINE
8
0
10
140.000000
20
425.099235
11
160.250000
21
425.091680
0
LINE
8
0
10
160.250000
20
425.091680
11
164.427088
21
425.078579
0
LINE
8
0
10
164.427088
20
425.078579
11
171.778570
21
424.974534
0
LINE
8
0
10
171.778570
20
424.974534
11
180.660335
21
424.578933
0
LINE
8
0
10
180.660335
20
424.578933
11
189.509421
21
423.478549
0
LINE
8
0
10
189.509421
20
423.478549
11
196.350637
21
421.547694
0
LINE
8
0
10
196.350637
20
421.547694
11
199.500000
21
420.210940
0
LINE
8
0
10
199.500000
20
420.210940
11
202.452417
21
418.665623
0
LINE
8
0
10
202.452417
20
418.665623
11
207.822443
21
414.905347
0
LINE
8
0
10
207.822443
20
414.905347
11
212.121838
21
410.609476
0
LINE
8
0
10
212.121838
20
410.609476
11
214.921539
21
406.206721
0
LINE
8
0
10
214.921539
20
406.206721
11
215.624922
21
404.099235
0
LINE
8
0
10
215.624922
20
404.099235
11
216.174505
21
401.892985
0
LINE
8
0
10
216.174505
20
401.892985
11
216.734564
21
400.099235
0
LINE
8
0
10
216.734564
20
400.099235
11
217.409381
21
398.008456
0
LINE
8
0
10
217.409381
20
398.008456
11
217.936173
21
394.200530
0
LINE
8
0
10
217.936173
20
394.200530
11
218.078479
21
390.161467
0
LINE
8
0
10
218.078479
20
390.161467
11
218.116469
21
387.421132
0
LINE
8
0
10
218.116469
20
387.421132
11
217.879579
21
382.011777
0
LINE
8
0
10
217.879579
20
382.011777
11
215.709617
21
372.188755
0
LINE
8
0
10
215.709617
20
372.188755
11
211.446462
21
364.016122
0
LINE
8
0
10
211.446462
20
364.016122
11
205.292180
21
357.881239
0
LINE
8
0
10
205.292180
20
357.881239
11
201.569010
21
355.699006
0
LINE
8
0
10
201.569010
20
355.699006
11
200.167960
21
354.978982
0
LINE
8
0
10
200.167960
20
354.978982
11
197.985757
21
353.570842
0
LINE
8
0
10
197.985757
20
353.570842
11
197.473380
21
353.056163
0
LINE
8
0
10
197.473380
20
353.056163
11
196.792652
21
352.511060
0
LINE
8
0
10
196.792652
20
352.511060
11
196.014818
21
352.590077
0
LINE
8
0
10
196.014818
20
352.590077
11
195.462335
21
352.704182
0
LINE
8
0
10
195.462335
20
352.704182
11
193.501105
21
352.381134
0
LINE
8
0
10
193.501105
20
352.381134
11
192.333916
21
351.983768
0
LINE
8
0
10
192.333916
20
351.983768
11
189.602568
21
351.084550
0
LINE
8
0
10
189.602568
20
351.084550
11
184.370459
21
350.236532
0
LINE
8
0
10
184.370459
20
350.236532
11
179.262209
21
349.886774
0
LINE
8
0
10
179.262209
20
349.886774
11
176.000000
21
349.746155
0
LINE
8
0
10
176.000000
20
349.746155
11
172.910352
21
349.621268
0
LINE
8
0
10
172.910352
20
349.621268
11
167.715430
21
349.373038
0
LINE
8
0
10
167.715430
20
349.373038
11
166.250000
21
349.280270
0
LINE
8
0
10
166.250000
20
349.280270
11
164.000000
21
349.099235
0
LINE
8
0
10
164.000000
20
349.099235
11
164.000000
21
324.159775
0
LINE
8
0
10
164.000000
20
324.159775
11
164.000000
21
299.220315
0
LINE
8
0
10
164.000000
20
299.220315
11
152.412785
21
298.909775
0
LINE
8
0
10
152.412785
20
298.909775
11
147.881116
21
298.822076
0
LINE
8
0
10
147.881116
20
298.822076
11
142.629058
21
298.836580
0
LINE
8
0
10
142.629058
20
298.836580
11
140.732202
21
298.938540
0
LINE
8
0
10
140.732202
20
298.938540
11
140.412785
21
299.015901
0
LINE
8
0
10
251.677665
20
207.754902
11
251.541537
21
208.224397
0
LINE
8
0
10
251.541537
20
208.224397
11
251.299457
21
210.932428
0
LINE
8
0
10
251.299457
20
210.932428
11
251.116143
21
215.534036
0
LINE
8
0
10
251.116143
20
215.534036
11
251.013831
21
221.471048
0
LINE
8
0
10
251.013831
20
221.471048
11
251.000000
21
224.765901
0
LINE
8
0
10
251.000000
20
224.765901
11
251.000000
21
241.099235
0
LINE
8
0
10
251.000000
20
241.099235
11
253.434900
21
241.099235
0
LINE
8
0
10
253.434900
20
241.099235
11
255.983613
21
240.908881
0
LINE
8
0
10
255.983613
20
240.908881
11
259.730037
21
239.178478
0
LINE
8
0
10
259.730037
20
239.178478
11
261.929292
21
235.187213
0
LINE
8
0
10
261.929292
20
235.187213
11
262.886379
21
228.381561
0
LINE
8
0
10
262.886379
20
228.381561
11
262.994423
21
223.750364
0
LINE
8
0
10
262.994423
20
223.750364
11
262.908437
21
220.605090
0
LINE
8
0
10
262.908437
20
220.605090
11
262.218251
21
215.326622
0
LINE
8
0
10
262.218251
20
215.326622
11
260.863346
21
211.472222
0
LINE
8
0
10
260.863346
20
211.472222
11
258.875202
21
209.131444
0
LINE
8
0
10
258.875202
20
209.131444
11
257.653503
21
208.556648
0
LINE
8
0
10
257.653503
20
208.556648
11
255.670718
21
207.994725
0
LINE
8
0
10
255.670718
20
207.994725
11
253.927665
21
207.508889
0
LINE
8
0
10
253.927665
20
207.508889
11
252.618140
21
207.403099
0
LINE
8
0
10
252.618140
20
207.403099
11
251.677665
21
207.754902
0
LINE
8
0
10
325.000000
20
224.599235
11
325.000000
21
241.099235
0
LINE
8
0
10
325.000000
20
241.099235
11
328.045455
21
241.099235
0
LINE
8
0
10
328.045455
20
241.099235
11
329.504994
21
240.928557
0
LINE
8
0
10
329.504994
20
240.928557
11
332.349634
21
239.635661
0
LINE
8
0
10
332.349634
20
239.635661
11
333.628348
21
238.561795
0
LINE
8
0
10
333.628348
20
238.561795
11
335.064490
21
236.892193
0
LINE
8
0
10
335.064490
20
236.892193
11
335.932013
21
233.109429
0
LINE
8
0
10
335.932013
20
233.109429
11
335.933242
21
227.877737
0
LINE
8
0
10
335.933242
20
227.877737
11
335.832894
21
223.971266
0
LINE
8
0
10
335.832894
20
223.971266
11
335.718319
21
220.211703
0
LINE
8
0
10
335.718319
20
220.211703
11
335.425435
21
215.075637
0
LINE
8
0
10
335.425435
20
215.075637
11
334.446771
21
211.359490
0
LINE
8
0
10
334.446771
20
211.359490
11
333.139216
21
210.008705
0
LINE
8
0
10
333.139216
20
210.008705
11
330.623205
21
208.660141
0
LINE
8
0
10
330.623205
20
208.660141
11
327.889216
21
208.099235
0
LINE
8
0
10
327.889216
20
208.099235
11
325.000000
21
208.099235
0
LINE
8
0
10
325.000000
20
208.099235
11
325.000000
21
224.599235
0
LINE
8
0
10
164.646844
20
369.785724
11
164.516906
21
370.272166
0
LINE
8
0
10
164.516906
20
370.272166
11
164.285837
21
373.140348
0
LINE
8
0
10
164.285837
20
373.140348
11
164.110860
21
378.040293
0
LINE
8
0
10
164.110860
20
378.040293
11
164.013202
21
384.377638
0
LINE
8
0
10
164.013202
20
384.377638
11
164.000000
21
387.899598
0
LINE
8
0
10
164.000000
20
387.899598
11
164.000000
21
405.366628
0
LINE
8
0
10
164.000000
20
405.366628
11
173.750000
21
404.893052
0
LINE
8
0
10
173.750000
20
404.893052
11
178.650349
21
404.531702
0
LINE
8
0
10
178.650349
20
404.531702
11
185.926270
21
403.014718
0
LINE
8
0
10
185.926270
20
403.014718
11
190.480030
21
400.014219
0
LINE
8
0
10
190.480030
20
400.014219
11
193.084677
21
395.020839
0
LINE
8
0
10
193.084677
20
395.020839
11
193.897659
21
391.617642
0
LINE
8
0
10
193.897659
20
391.617642
11
194.230409
21
389.157613
0
LINE
8
0
10
194.230409
20
389.157613
11
194.056511
21
384.386114
0
LINE
8
0
10
194.056511
20
384.386114
11
193.544351
21
381.923421
0
LINE
8
0
10
193.544351
20
381.923421
11
192.543778
21
378.816987
0
LINE
8
0
10
192.543778
20
378.816987
11
189.611455
21
374.130635
0
LINE
8
0
10
189.611455
20
374.130635
11
185.015856
21
371.211795
0
LINE
8
0
10
185.015856
20
371.211795
11
178.250937
21
369.739058
0
LINE
8
0
10
178.250937
20
369.739058
11
173.896844
21
369.444538
0
LINE
8
0
10
173.896844
20
369.444538
11
170.505359
21
369.376897
0
LINE
8
0
10
170.505359
20
369.376897
11
166.482317
21
369.477103
0
LINE
8
0
10
166.482317
20
369.477103
11
164.952373
21
369.662026
0
LINE
8
0
10
164.952373
20
369.662026
11
164.646844
21
369.785724
0
LINE
8
0
10
260.927420
20
209.734093
11
262.023725
21
211.505890
0
LINE
8
0
10
262.023725
20
211.505890
11
262.827013
21
215.637022
0
LINE
8
0
10
262.827013
20
215.637022
11
262.986045
21
220.657732
0
LINE
8
0
10
262.986045
20
220.657732
11
263.000000
21
224.178330
0
LINE
8
0
10
263.000000
20
224.178330
11
262.988019
21
227.810936
0
LINE
8
0
10
262.988019
20
227.810936
11
262.832576
21
232.864151
0
LINE
8
0
10
262.832576
20
232.864151
11
261.972747
21
236.809315
0
LINE
8
0
10
261.972747
20
236.809315
11
260.750000
21
238.490470
0
LINE
8
0
10
260.750000
20
238.490470
11
259.564899
21
239.564408
0
LINE
8
0
10
259.564899
20
239.564408
11
256.626123
21
240.998410
0
LINE
8
0
10
256.626123
20
240.998410
11
255.000000
21
241.296234
0
LINE
8
0
10
255.000000
20
241.296234
11
251.500000
21
241.599235
0
LINE
8
0
10
251.500000
20
241.599235
11
251.226386
21
224.349235
0
LINE
8
0
10
251.226386
20
224.349235
11
250.952772
21
207.099235
0
LINE
8
0
10
250.952772
20
207.099235
11
254.903806
21
207.099235
0
LINE
8
0
10
254.903806
20
207.099235
11
256.916226
21
207.222343
0
LINE
8
0
10
256.916226
20
207.222343
11
259.737965
21
208.456632
0
LINE
8
0
10
259.737965
20
208.456632
11
260.927420
21
209.734093
0
LINE
8
0
10
335.248446
20
211.099235
11
336.061577
21
213.212115
0
LINE
8
0
10
336.061577
20
213.212115
11
336.781644
21
217.461408
0
LINE
8
0
10
336.781644
20
217.461408
11
336.975410
21
221.351294
0
LINE
8
0
10
336.975410
20
221.351294
11
336.998446
21
223.700011
0
LINE
8
0
10
336.998446
20
223.700011
11
336.904656
21
228.459871
0
LINE
8
0
10
336.904656
20
228.459871
11
336.013161
21
235.346414
0
LINE
8
0
10
336.013161
20
235.346414
11
333.881326
21
239.278719
0
LINE
8
0
10
333.881326
20
239.278719
11
330.147005
21
240.924788
0
LINE
8
0
10
330.147005
20
240.924788
11
327.565741
21
241.099235
0
LINE
8
0
10
327.565741
20
241.099235
11
324.000000
21
241.099235
0
LINE
8
0
10
324.000000
20
241.099235
11
324.000000
21
224.044443
0
LINE
8
0
10
324.000000
20
224.044443
11
324.000000
21
206.989652
0
LINE
8
0
10
324.000000
20
206.989652
11
328.750000
21
207.294443
0
LINE
8
0
10
328.750000
20
207.294443
11
331.359017
21
207.559339
0
LINE
8
0
10
331.359017
20
207.559339
11
334.169921
21
209.205102
0
LINE
8
0
10
334.169921
20
209.205102
11
335.248446
21
211.099235
0
LINE
8
0
10
187.113756
20
371.283325
11
188.938352
21
372.525551
0
LINE
8
0
10
188.938352
20
372.525551
11
191.874334
21
375.796422
0
LINE
8
0
10
191.874334
20
375.796422
11
193.856083
21
379.862435
0
LINE
8
0
10
193.856083
20
379.862435
11
194.879660
21
384.419491
0
LINE
8
0
10
194.879660
20
384.419491
11
194.941126
21
389.163490
0
LINE
8
0
10
194.941126
20
389.163490
11
194.036539
21
393.790334
0
LINE
8
0
10
194.036539
20
393.790334
11
192.161960
21
397.995922
0
LINE
8
0
10
192.161960
20
397.995922
11
189.313448
21
401.476156
0
LINE
8
0
10
189.313448
20
401.476156
11
187.522737
21
402.849235
0
LINE
8
0
10
187.522737
20
402.849235
11
185.354688
21
404.023829
0
LINE
8
0
10
185.354688
20
404.023829
11
181.304987
21
404.901715
0
LINE
8
0
10
181.304987
20
404.901715
11
176.963104
21
405.082572
0
LINE
8
0
10
176.963104
20
405.082572
11
174.014024
21
405.099235
0
LINE
8
0
10
174.014024
20
405.099235
11
164.000000
21
405.099235
0
LINE
8
0
10
164.000000
20
405.099235
11
164.000000
21
387.099235
0
LINE
8
0
10
164.000000
20
387.099235
11
164.000000
21
369.099235
0
LINE
8
0
10
164.000000
20
369.099235
11
173.613845
21
369.099235
0
LINE
8
0
10
173.613845
20
369.099235
11
176.366579
21
369.118248
0
LINE
8
0
10
176.366579
20
369.118248
11
180.558641
21
369.309219
0
LINE
8
0
10
180.558641
20
369.309219
11
184.764237
21
370.172341
0
LINE
8
0
10
184.764237
20
370.172341
11
187.113756
21
371.283325
0
ENDSEC
0
EOF
