999
"DXF R12 Output" (www.mydxf.blogspot.com)
 0 
SECTION
 2 
HEADER
 9 
$ACADVER
 1 
AC1009
 9 
$EXTMIN
 10 
 0 
 20 
 0 
 9 
$EXTMAX
 10 
 8.5 
 20 
 11 
 0 
ENDSEC
 0 
SECTION
 2 
ENTITIES
0
POLYLINE
8
Layer 1
62
7
70
0
10
0.000000
20
0.000000
66
1
0
VERTEX
8
Layer 1
10
7.682961
20
4.631549
70
0
0
VERTEX
8
Layer 1
10
7.574218
20
4.863324
70
0
0
VERTEX
8
Layer 1
10
7.425522
20
5.172092
70
0
0
VERTEX
8
Layer 1
10
7.205356
20
5.438428
70
0
0
VERTEX
8
Layer 1
10
6.907998
20
5.552563
70
0
0
VERTEX
8
Layer 1
10
7.513231
20
6.969339
70
0
0
VERTEX
8
Layer 1
10
7.751753
20
8.641305
70
0
0
VERTEX
8
Layer 1
10
7.751753
20
12.413200
70
0
0
VERTEX
8
Layer 1
10
7.708890
20
12.456062
70
0
0
VERTEX
8
Layer 1
10
3.982239
20
12.456062
70
0
0
VERTEX
8
Layer 1
10
3.979328
20
12.456062
70
0
0
VERTEX
8
Layer 1
10
0.250031
20
12.456062
70
0
0
VERTEX
8
Layer 1
10
0.207168
20
12.413200
70
0
0
VERTEX
8
Layer 1
10
0.207168
20
8.641040
70
0
0
VERTEX
8
Layer 1
10
0.445591
20
6.967983
70
0
0
VERTEX
8
Layer 1
10
1.050924
20
5.552298
70
0
0
VERTEX
8
Layer 1
10
0.754988
20
5.438263
70
0
0
VERTEX
8
Layer 1
10
0.536045
20
5.171828
70
0
0
VERTEX
8
Layer 1
10
0.387350
20
4.863060
70
0
0
VERTEX
8
Layer 1
10
0.278606
20
4.634195
70
0
0
VERTEX
8
Layer 1
10
0.192352
20
4.190291
70
0
0
VERTEX
8
Layer 1
10
0.481541
20
3.518978
70
0
0
VERTEX
8
Layer 1
10
1.211195
20
2.901970
70
0
0
VERTEX
8
Layer 1
10
2.311926
20
2.349256
70
0
0
VERTEX
8
Layer 1
10
2.349232
20
2.334969
70
0
0
VERTEX
8
Layer 1
10
2.552168
20
2.254800
70
0
0
VERTEX
8
Layer 1
10
2.317747
20
2.051865
70
0
0
VERTEX
8
Layer 1
10
2.251866
20
1.997626
70
0
0
VERTEX
8
Layer 1
10
2.206093
20
1.957674
70
0
0
VERTEX
8
Layer 1
10
2.200272
20
1.954763
70
0
0
VERTEX
8
Layer 1
10
2.185985
20
1.937565
70
0
0
VERTEX
8
Layer 1
10
2.077241
20
1.625887
70
0
0
VERTEX
8
Layer 1
10
2.077241
20
0.902252
70
0
0
VERTEX
8
Layer 1
10
2.332828
20
0.589118
70
0
0
VERTEX
8
Layer 1
10
2.878134
20
0.499028
70
0
0
VERTEX
8
Layer 1
10
5.080258
20
0.499028
70
0
0
VERTEX
8
Layer 1
10
5.625465
20
0.589118
70
0
0
VERTEX
8
Layer 1
10
5.881151
20
0.902252
70
0
0
VERTEX
8
Layer 1
10
5.881151
20
1.625887
70
0
0
VERTEX
8
Layer 1
10
5.772407
20
1.937565
70
0
0
VERTEX
8
Layer 1
10
5.758120
20
1.954763
70
0
0
VERTEX
8
Layer 1
10
5.752299
20
1.957674
70
0
0
VERTEX
8
Layer 1
10
5.706526
20
1.997626
70
0
0
VERTEX
8
Layer 1
10
5.640645
20
2.051865
70
0
0
VERTEX
8
Layer 1
10
5.403314
20
2.254800
70
0
0
VERTEX
8
Layer 1
10
5.606249
20
2.337615
70
0
0
VERTEX
8
Layer 1
10
5.643555
20
2.351902
70
0
0
VERTEX
8
Layer 1
10
6.745279
20
2.906700
70
0
0
VERTEX
8
Layer 1
10
7.473941
20
3.521624
70
0
0
VERTEX
8
Layer 1
10
7.768256
20
4.189200
70
0
0
VERTEX
8
Layer 1
10
7.682961
20
4.631549
70
0
0
VERTEX
8
Layer 1
10
7.682961
20
4.631549
70
0
0
SEQEND
8
Layer 1
0
POLYLINE
8
Layer 1
62
7
70
0
10
0.000000
20
0.000000
66
1
0
VERTEX
8
Layer 1
10
0.292893
20
9.476064
70
0
0
VERTEX
8
Layer 1
10
7.668674
20
9.476064
70
0
0
VERTEX
8
Layer 1
10
7.668674
20
8.643951
70
0
0
VERTEX
8
Layer 1
10
7.519653
20
7.322870
70
0
0
VERTEX
8
Layer 1
10
7.124807
20
6.157255
70
0
0
VERTEX
8
Layer 1
10
6.562454
20
5.151364
70
0
0
VERTEX
8
Layer 1
10
5.910917
20
4.309453
70
0
0
VERTEX
8
Layer 1
10
4.653568
20
3.134601
70
0
0
VERTEX
8
Layer 1
10
3.979328
20
2.666756
70
0
0
VERTEX
8
Layer 1
10
3.306316
20
3.134601
70
0
0
VERTEX
8
Layer 1
10
2.048832
20
4.309453
70
0
0
VERTEX
8
Layer 1
10
1.396970
20
5.151364
70
0
0
VERTEX
8
Layer 1
10
0.834259
20
6.157255
70
0
0
VERTEX
8
Layer 1
10
0.439123
20
7.322870
70
0
0
VERTEX
8
Layer 1
10
0.289983
20
8.643951
70
0
0
VERTEX
8
Layer 1
10
0.289983
20
9.476064
70
0
0
VERTEX
8
Layer 1
10
0.292893
20
9.476064
70
0
0
VERTEX
8
Layer 1
10
0.292893
20
9.476064
70
0
0
SEQEND
8
Layer 1
0
POLYLINE
8
Layer 1
62
7
70
0
10
0.000000
20
0.000000
66
1
0
VERTEX
8
Layer 1
10
7.202478
20
5.266284
70
0
0
VERTEX
8
Layer 1
10
7.208299
20
4.677058
70
0
0
VERTEX
8
Layer 1
10
7.151149
20
4.565404
70
0
0
VERTEX
8
Layer 1
10
6.885243
20
4.951430
70
0
0
VERTEX
8
Layer 1
10
6.842381
20
4.968628
70
0
0
VERTEX
8
Layer 1
10
6.807985
20
4.937143
70
0
0
VERTEX
8
Layer 1
10
6.645002
20
4.777070
70
0
0
VERTEX
8
Layer 1
10
6.396294
20
4.765693
70
0
0
VERTEX
8
Layer 1
10
6.865400
20
5.466309
70
0
0
VERTEX
8
Layer 1
10
6.908262
20
5.463398
70
0
0
VERTEX
8
Layer 1
10
6.911173
20
5.463398
70
0
0
VERTEX
8
Layer 1
10
7.202478
20
5.266284
70
0
0
VERTEX
8
Layer 1
10
7.202478
20
5.266284
70
0
0
SEQEND
8
Layer 1
0
POLYLINE
8
Layer 1
62
7
70
0
10
0.000000
20
0.000000
66
1
0
VERTEX
8
Layer 1
10
4.837371
20
1.557095
70
0
0
VERTEX
8
Layer 1
10
4.883144
20
1.508412
70
0
0
VERTEX
8
Layer 1
10
3.078423
20
1.508412
70
0
0
VERTEX
8
Layer 1
10
3.124196
20
1.557095
70
0
0
VERTEX
8
Layer 1
10
3.318665
20
1.966140
70
0
0
VERTEX
8
Layer 1
10
3.318665
20
2.481019
70
0
0
VERTEX
8
Layer 1
10
3.243420
20
2.804798
70
0
0
VERTEX
8
Layer 1
10
3.040555
20
3.046201
70
0
0
VERTEX
8
Layer 1
10
2.389184
20
3.407588
70
0
0
VERTEX
8
Layer 1
10
1.854462
20
3.670584
70
0
0
VERTEX
8
Layer 1
10
1.250948
20
4.088096
70
0
0
VERTEX
8
Layer 1
10
1.645706
20
4.660124
70
0
0
VERTEX
8
Layer 1
10
2.446343
20
3.766876
70
0
0
VERTEX
8
Layer 1
10
3.186108
20
3.116812
70
0
0
VERTEX
8
Layer 1
10
3.956574
20
2.575210
70
0
0
VERTEX
8
Layer 1
10
3.999437
20
2.575210
70
0
0
VERTEX
8
Layer 1
10
4.769803
20
3.115720
70
0
0
VERTEX
8
Layer 1
10
5.509631
20
3.766466
70
0
0
VERTEX
8
Layer 1
10
6.310305
20
4.660124
70
0
0
VERTEX
8
Layer 1
10
6.705062
20
4.088096
70
0
0
VERTEX
8
Layer 1
10
6.101549
20
3.670584
70
0
0
VERTEX
8
Layer 1
10
5.566826
20
3.407588
70
0
0
VERTEX
8
Layer 1
10
4.914365
20
3.046102
70
0
0
VERTEX
8
Layer 1
10
4.712182
20
2.804686
70
0
0
VERTEX
8
Layer 1
10
4.637346
20
2.481019
70
0
0
VERTEX
8
Layer 1
10
4.637346
20
1.966140
70
0
0
VERTEX
8
Layer 1
10
4.837371
20
1.557095
70
0
0
VERTEX
8
Layer 1
10
4.837371
20
1.557095
70
0
0
SEQEND
8
Layer 1
0
POLYLINE
8
Layer 1
62
7
70
0
10
0.000000
20
0.000000
66
1
0
VERTEX
8
Layer 1
10
1.187978
20
4.145246
70
0
0
VERTEX
8
Layer 1
10
0.864922
20
4.488410
70
0
0
VERTEX
8
Layer 1
10
1.113630
20
4.848772
70
0
0
VERTEX
8
Layer 1
10
1.287990
20
4.700076
70
0
0
VERTEX
8
Layer 1
10
1.553896
20
4.674412
70
0
0
VERTEX
8
Layer 1
10
1.187978
20
4.145246
70
0
0
VERTEX
8
Layer 1
10
1.187978
20
4.145246
70
0
0
SEQEND
8
Layer 1
0
POLYLINE
8
Layer 1
62
7
70
0
10
0.000000
20
0.000000
66
1
0
VERTEX
8
Layer 1
10
6.410317
20
4.671501
70
0
0
VERTEX
8
Layer 1
10
6.676223
20
4.697166
70
0
0
VERTEX
8
Layer 1
10
6.847937
20
4.845862
70
0
0
VERTEX
8
Layer 1
10
7.096645
20
4.485500
70
0
0
VERTEX
8
Layer 1
10
6.773589
20
4.142335
70
0
0
VERTEX
8
Layer 1
10
6.410317
20
4.671501
70
0
0
VERTEX
8
Layer 1
10
6.410317
20
4.671501
70
0
0
SEQEND
8
Layer 1
0
POLYLINE
8
Layer 1
62
7
70
0
10
0.000000
20
0.000000
66
1
0
VERTEX
8
Layer 1
10
0.292893
20
12.370338
70
0
0
VERTEX
8
Layer 1
10
7.668674
20
12.370338
70
0
0
VERTEX
8
Layer 1
10
7.668674
20
9.562054
70
0
0
VERTEX
8
Layer 1
10
0.292893
20
9.562054
70
0
0
VERTEX
8
Layer 1
10
0.292893
20
12.370338
70
0
0
VERTEX
8
Layer 1
10
0.292893
20
12.370338
70
0
0
SEQEND
8
Layer 1
0
POLYLINE
8
Layer 1
62
7
70
0
10
0.000000
20
0.000000
66
1
0
VERTEX
8
Layer 1
10
0.761999
20
5.266284
70
0
0
VERTEX
8
Layer 1
10
1.056480
20
5.463663
70
0
0
VERTEX
8
Layer 1
10
1.059390
20
5.463663
70
0
0
VERTEX
8
Layer 1
10
1.099342
20
5.466573
70
0
0
VERTEX
8
Layer 1
10
1.568448
20
4.765958
70
0
0
VERTEX
8
Layer 1
10
1.322386
20
4.777335
70
0
0
VERTEX
8
Layer 1
10
1.159403
20
4.937407
70
0
0
VERTEX
8
Layer 1
10
1.125007
20
4.968893
70
0
0
VERTEX
8
Layer 1
10
1.082144
20
4.951695
70
0
0
VERTEX
8
Layer 1
10
0.816239
20
4.565668
70
0
0
VERTEX
8
Layer 1
10
0.756178
20
4.677322
70
0
0
VERTEX
8
Layer 1
10
0.761999
20
5.266284
70
0
0
VERTEX
8
Layer 1
10
0.761999
20
5.266284
70
0
0
SEQEND
8
Layer 1
0
POLYLINE
8
Layer 1
62
7
70
0
10
0.000000
20
0.000000
66
1
0
VERTEX
8
Layer 1
10
2.383364
20
2.412227
70
0
0
VERTEX
8
Layer 1
10
2.346057
20
2.426515
70
0
0
VERTEX
8
Layer 1
10
1.263979
20
2.969571
70
0
0
VERTEX
8
Layer 1
10
0.552978
20
3.570572
70
0
0
VERTEX
8
Layer 1
10
0.284460
20
4.165090
70
0
0
VERTEX
8
Layer 1
10
0.361420
20
4.594508
70
0
0
VERTEX
8
Layer 1
10
0.470164
20
4.826283
70
0
0
VERTEX
8
Layer 1
10
0.615949
20
5.132405
70
0
0
VERTEX
8
Layer 1
10
0.621770
20
5.138226
70
0
0
VERTEX
8
Layer 1
10
0.678920
20
4.643456
70
0
0
VERTEX
8
Layer 1
10
1.151862
20
4.061803
70
0
0
VERTEX
8
Layer 1
10
1.820066
20
3.593855
70
0
0
VERTEX
8
Layer 1
10
2.360610
20
3.327949
70
0
0
VERTEX
8
Layer 1
10
2.985455
20
2.986207
70
0
0
VERTEX
8
Layer 1
10
3.172950
20
2.768988
70
0
0
VERTEX
8
Layer 1
10
3.241406
20
2.481548
70
0
0
VERTEX
8
Layer 1
10
3.241406
20
1.966669
70
0
0
VERTEX
8
Layer 1
10
3.227119
20
1.840728
70
0
0
VERTEX
8
Layer 1
10
3.149861
20
1.992334
70
0
0
VERTEX
8
Layer 1
10
2.383364
20
2.412227
70
0
0
VERTEX
8
Layer 1
10
2.383364
20
2.412227
70
0
0
SEQEND
8
Layer 1
0
POLYLINE
8
Layer 1
62
7
70
0
10
0.000000
20
0.000000
66
1
0
VERTEX
8
Layer 1
10
2.237578
20
1.854486
70
0
0
VERTEX
8
Layer 1
10
2.246045
20
1.862953
70
0
0
VERTEX
8
Layer 1
10
2.248956
20
1.868774
70
0
0
VERTEX
8
Layer 1
10
2.309016
20
1.925924
70
0
0
VERTEX
8
Layer 1
10
2.374897
20
1.980163
70
0
0
VERTEX
8
Layer 1
10
2.640803
20
2.214584
70
0
0
VERTEX
8
Layer 1
10
3.081334
20
1.934390
70
0
0
VERTEX
8
Layer 1
10
3.109909
20
1.659753
70
0
0
VERTEX
8
Layer 1
10
3.109909
20
1.659753
70
0
0
VERTEX
8
Layer 1
10
3.069957
20
1.622447
70
0
0
VERTEX
8
Layer 1
10
2.961213
20
1.510793
70
0
0
VERTEX
8
Layer 1
10
2.883955
20
1.510793
70
0
0
VERTEX
8
Layer 1
10
2.443192
20
1.585505
70
0
0
VERTEX
8
Layer 1
10
2.232022
20
1.756855
70
0
0
VERTEX
8
Layer 1
10
2.237578
20
1.854486
70
0
0
VERTEX
8
Layer 1
10
2.237578
20
1.854486
70
0
0
SEQEND
8
Layer 1
0
POLYLINE
8
Layer 1
62
7
70
0
10
0.000000
20
0.000000
66
1
0
VERTEX
8
Layer 1
10
5.792516
20
1.685682
70
0
0
VERTEX
8
Layer 1
10
5.795426
20
1.622712
70
0
0
VERTEX
8
Layer 1
10
5.795426
20
0.899077
70
0
0
VERTEX
8
Layer 1
10
5.562758
20
0.654867
70
0
0
VERTEX
8
Layer 1
10
5.083433
20
0.584488
70
0
0
VERTEX
8
Layer 1
10
2.881309
20
0.584488
70
0
0
VERTEX
8
Layer 1
10
2.401984
20
0.654867
70
0
0
VERTEX
8
Layer 1
10
2.169316
20
0.899077
70
0
0
VERTEX
8
Layer 1
10
2.169316
20
1.622712
70
0
0
VERTEX
8
Layer 1
10
2.172226
20
1.685682
70
0
0
VERTEX
8
Layer 1
10
2.416370
20
1.502690
70
0
0
VERTEX
8
Layer 1
10
2.881573
20
1.422687
70
0
0
VERTEX
8
Layer 1
10
5.083698
20
1.422687
70
0
0
VERTEX
8
Layer 1
10
5.083698
20
1.422687
70
0
0
VERTEX
8
Layer 1
10
5.548438
20
1.500606
70
0
0
VERTEX
8
Layer 1
10
5.792516
20
1.685682
70
0
0
VERTEX
8
Layer 1
10
5.792516
20
1.685682
70
0
0
SEQEND
8
Layer 1
0
POLYLINE
8
Layer 1
62
7
70
0
10
0.000000
20
0.000000
66
1
0
VERTEX
8
Layer 1
10
5.592226
20
1.977517
70
0
0
VERTEX
8
Layer 1
10
5.655197
20
1.925924
70
0
0
VERTEX
8
Layer 1
10
5.715257
20
1.868774
70
0
0
VERTEX
8
Layer 1
10
5.718168
20
1.865863
70
0
0
VERTEX
8
Layer 1
10
5.723989
20
1.857397
70
0
0
VERTEX
8
Layer 1
10
5.732455
20
1.757384
70
0
0
VERTEX
8
Layer 1
10
5.522178
20
1.586133
70
0
0
VERTEX
8
Layer 1
10
5.080523
20
1.511322
70
0
0
VERTEX
8
Layer 1
10
5.080523
20
1.511322
70
0
0
VERTEX
8
Layer 1
10
5.080523
20
1.511322
70
0
0
VERTEX
8
Layer 1
10
5.003265
20
1.511322
70
0
0
VERTEX
8
Layer 1
10
4.894521
20
1.622976
70
0
0
VERTEX
8
Layer 1
10
4.854569
20
1.660282
70
0
0
VERTEX
8
Layer 1
10
4.854569
20
1.660282
70
0
0
VERTEX
8
Layer 1
10
4.883144
20
1.934919
70
0
0
VERTEX
8
Layer 1
10
5.323675
20
2.215113
70
0
0
VERTEX
8
Layer 1
10
5.592226
20
1.977517
70
0
0
VERTEX
8
Layer 1
10
5.592226
20
1.977517
70
0
0
SEQEND
8
Layer 1
0
POLYLINE
8
Layer 1
62
7
70
0
10
0.000000
20
0.000000
66
1
0
VERTEX
8
Layer 1
10
7.414145
20
3.570307
70
0
0
VERTEX
8
Layer 1
10
6.702053
20
2.969406
70
0
0
VERTEX
8
Layer 1
10
5.621066
20
2.426250
70
0
0
VERTEX
8
Layer 1
10
5.583760
20
2.411963
70
0
0
VERTEX
8
Layer 1
10
4.823084
20
1.991540
70
0
0
VERTEX
8
Layer 1
10
4.745825
20
1.839934
70
0
0
VERTEX
8
Layer 1
10
4.731538
20
1.965876
70
0
0
VERTEX
8
Layer 1
10
4.731538
20
2.480754
70
0
0
VERTEX
8
Layer 1
10
4.799949
20
2.769832
70
0
0
VERTEX
8
Layer 1
10
4.987125
20
2.987596
70
0
0
VERTEX
8
Layer 1
10
5.609424
20
3.327155
70
0
0
VERTEX
8
Layer 1
10
6.149967
20
3.593061
70
0
0
VERTEX
8
Layer 1
10
6.816716
20
4.062101
70
0
0
VERTEX
8
Layer 1
10
7.288203
20
4.642662
70
0
0
VERTEX
8
Layer 1
10
7.345353
20
5.137432
70
0
0
VERTEX
8
Layer 1
10
7.348264
20
5.131611
70
0
0
VERTEX
8
Layer 1
10
7.494049
20
4.825489
70
0
0
VERTEX
8
Layer 1
10
7.602793
20
4.593714
70
0
0
VERTEX
8
Layer 1
10
7.681109
20
4.164858
70
0
0
VERTEX
8
Layer 1
10
7.414145
20
3.570307
70
0
0
VERTEX
8
Layer 1
10
7.414145
20
3.570307
70
0
0
SEQEND
8
Layer 1
0
POLYLINE
8
Layer 1
62
7
70
0
10
0.000000
20
0.000000
66
1
0
VERTEX
8
Layer 1
10
1.576915
20
3.495959
70
0
0
VERTEX
8
Layer 1
10
1.602579
20
3.544642
70
0
0
VERTEX
8
Layer 1
10
1.425309
20
3.664763
70
0
0
VERTEX
8
Layer 1
10
1.399644
20
3.613169
70
0
0
VERTEX
8
Layer 1
10
1.442507
20
3.581684
70
0
0
VERTEX
8
Layer 1
10
1.259415
20
3.198568
70
0
0
VERTEX
8
Layer 1
10
1.213642
20
3.224232
70
0
0
VERTEX
8
Layer 1
10
1.187978
20
3.175549
70
0
0
VERTEX
8
Layer 1
10
1.488279
20
2.989547
70
0
0
VERTEX
8
Layer 1
10
1.574004
20
3.101201
70
0
0
VERTEX
8
Layer 1
10
1.576915
20
3.107022
70
0
0
VERTEX
8
Layer 1
10
1.534052
20
3.149885
70
0
0
VERTEX
8
Layer 1
10
1.456794
20
3.078447
70
0
0
VERTEX
8
Layer 1
10
1.339584
20
3.149885
70
0
0
VERTEX
8
Layer 1
10
1.519765
20
3.530355
70
0
0
VERTEX
8
Layer 1
10
1.576915
20
3.495959
70
0
0
VERTEX
8
Layer 1
10
1.576915
20
3.495959
70
0
0
VERTEX
8
Layer 1
10
1.576915
20
3.495959
70
0
0
SEQEND
8
Layer 1
0
POLYLINE
8
Layer 1
62
7
70
0
10
0.000000
20
0.000000
66
1
0
VERTEX
8
Layer 1
10
1.108074
20
3.461828
70
0
0
VERTEX
8
Layer 1
10
1.179511
20
3.593326
70
0
0
VERTEX
8
Layer 1
10
1.142205
20
3.624811
70
0
0
VERTEX
8
Layer 1
10
1.116540
20
3.590415
70
0
0
VERTEX
8
Layer 1
10
1.036372
20
3.647565
70
0
0
VERTEX
8
Layer 1
10
1.119186
20
3.810548
70
0
0
VERTEX
8
Layer 1
10
1.219198
20
3.721913
70
0
0
VERTEX
8
Layer 1
10
1.199090
20
3.636188
70
0
0
VERTEX
8
Layer 1
10
1.241953
20
3.604703
70
0
0
VERTEX
8
Layer 1
10
1.304923
20
3.739111
70
0
0
VERTEX
8
Layer 1
10
1.036107
20
3.953688
70
0
0
VERTEX
8
Layer 1
10
1.010442
20
3.907915
70
0
0
VERTEX
8
Layer 1
10
1.050395
20
3.870609
70
0
0
VERTEX
8
Layer 1
10
0.858836
20
3.498870
70
0
0
VERTEX
8
Layer 1
10
0.819149
20
3.527445
70
0
0
VERTEX
8
Layer 1
10
0.793484
20
3.481672
70
0
0
VERTEX
8
Layer 1
10
1.065211
20
3.255718
70
0
0
VERTEX
8
Layer 1
10
1.145380
20
3.370018
70
0
0
VERTEX
8
Layer 1
10
1.148290
20
3.375838
70
0
0
VERTEX
8
Layer 1
10
1.105428
20
3.418701
70
0
0
VERTEX
8
Layer 1
10
1.045367
20
3.350174
70
0
0
VERTEX
8
Layer 1
10
0.936624
20
3.438809
70
0
0
VERTEX
8
Layer 1
10
1.016792
20
3.601792
70
0
0
VERTEX
8
Layer 1
10
1.091140
20
3.535911
70
0
0
VERTEX
8
Layer 1
10
1.071032
20
3.490138
70
0
0
VERTEX
8
Layer 1
10
1.108074
20
3.461828
70
0
0
VERTEX
8
Layer 1
10
1.108074
20
3.461828
70
0
0
VERTEX
8
Layer 1
10
1.108074
20
3.461828
70
0
0
SEQEND
8
Layer 1
0
POLYLINE
8
Layer 1
62
7
70
0
10
0.000000
20
0.000000
66
1
0
VERTEX
8
Layer 1
10
2.697953
20
2.986901
70
0
0
VERTEX
8
Layer 1
10
2.292083
20
3.181370
70
0
0
VERTEX
8
Layer 1
10
2.223291
20
3.049872
70
0
0
VERTEX
8
Layer 1
10
2.277530
20
3.018387
70
0
0
VERTEX
8
Layer 1
10
2.331770
20
3.092735
70
0
0
VERTEX
8
Layer 1
10
2.429137
20
3.061249
70
0
0
VERTEX
8
Layer 1
10
2.251866
20
2.666491
70
0
0
VERTEX
8
Layer 1
10
2.191806
20
2.689246
70
0
0
VERTEX
8
Layer 1
10
2.169051
20
2.643473
70
0
0
VERTEX
8
Layer 1
10
2.380718
20
2.549017
70
0
0
VERTEX
8
Layer 1
10
2.403472
20
2.597700
70
0
0
VERTEX
8
Layer 1
10
2.343412
20
2.626275
70
0
0
VERTEX
8
Layer 1
10
2.523593
20
3.021033
70
0
0
VERTEX
8
Layer 1
10
2.606407
20
2.963883
70
0
0
VERTEX
8
Layer 1
10
2.577832
20
2.883714
70
0
0
VERTEX
8
Layer 1
10
2.637893
20
2.855139
70
0
0
VERTEX
8
Layer 1
10
2.697953
20
2.986901
70
0
0
VERTEX
8
Layer 1
10
2.697953
20
2.986901
70
0
0
VERTEX
8
Layer 1
10
2.697953
20
2.986901
70
0
0
SEQEND
8
Layer 1
0
POLYLINE
8
Layer 1
62
7
70
0
10
0.000000
20
0.000000
66
1
0
VERTEX
8
Layer 1
10
2.229112
20
3.210210
70
0
0
VERTEX
8
Layer 1
10
2.057397
20
3.295934
70
0
0
VERTEX
8
Layer 1
10
2.034643
20
3.250162
70
0
0
VERTEX
8
Layer 1
10
2.094704
20
3.218676
70
0
0
VERTEX
8
Layer 1
10
1.978122
20
2.968447
70
0
0
VERTEX
8
Layer 1
10
1.805779
20
2.881333
70
0
0
VERTEX
8
Layer 1
10
1.799958
20
3.130041
70
0
0
VERTEX
8
Layer 1
10
1.894414
20
3.321599
70
0
0
VERTEX
8
Layer 1
10
1.954475
20
3.293024
70
0
0
VERTEX
8
Layer 1
10
1.977229
20
3.338797
70
0
0
VERTEX
8
Layer 1
10
1.788581
20
3.438809
70
0
0
VERTEX
8
Layer 1
10
1.765827
20
3.393036
70
0
0
VERTEX
8
Layer 1
10
1.805779
20
3.370282
70
0
0
VERTEX
8
Layer 1
10
1.748629
20
3.241695
70
0
0
VERTEX
8
Layer 1
10
1.680102
20
2.909908
70
0
0
VERTEX
8
Layer 1
10
1.743073
20
2.849847
70
0
0
VERTEX
8
Layer 1
10
1.860283
20
2.806985
70
0
0
VERTEX
8
Layer 1
10
2.041919
20
2.922839
70
0
0
VERTEX
8
Layer 1
10
2.171962
20
3.184545
70
0
0
VERTEX
8
Layer 1
10
2.214824
20
3.164437
70
0
0
VERTEX
8
Layer 1
10
2.229112
20
3.210210
70
0
0
VERTEX
8
Layer 1
10
2.229112
20
3.210210
70
0
0
VERTEX
8
Layer 1
10
2.229112
20
3.210210
70
0
0
SEQEND
8
Layer 1
0
POLYLINE
8
Layer 1
62
7
70
0
10
0.000000
20
0.000000
66
1
0
VERTEX
8
Layer 1
10
0.927893
20
3.979352
70
0
0
VERTEX
8
Layer 1
10
0.962288
20
3.950777
70
0
0
VERTEX
8
Layer 1
10
0.985043
20
4.002371
70
0
0
VERTEX
8
Layer 1
10
0.850634
20
4.130958
70
0
0
VERTEX
8
Layer 1
10
0.824970
20
4.082275
70
0
0
VERTEX
8
Layer 1
10
0.873653
20
4.036502
70
0
0
VERTEX
8
Layer 1
10
0.653520
20
3.796261
70
0
0
VERTEX
8
Layer 1
10
0.653520
20
3.793350
70
0
0
VERTEX
8
Layer 1
10
0.716491
20
4.205306
70
0
0
VERTEX
8
Layer 1
10
0.762264
20
4.156623
70
0
0
VERTEX
8
Layer 1
10
0.790839
20
4.202396
70
0
0
VERTEX
8
Layer 1
10
0.656430
20
4.385487
70
0
0
VERTEX
8
Layer 1
10
0.622035
20
4.342625
70
0
0
VERTEX
8
Layer 1
10
0.647699
20
4.299762
70
0
0
VERTEX
8
Layer 1
10
0.559064
20
3.739111
70
0
0
VERTEX
8
Layer 1
10
0.604837
20
3.679051
70
0
0
VERTEX
8
Layer 1
10
0.927893
20
3.979352
70
0
0
VERTEX
8
Layer 1
10
0.927893
20
3.979352
70
0
0
VERTEX
8
Layer 1
10
0.927893
20
3.979352
70
0
0
SEQEND
8
Layer 1
0
POLYLINE
8
Layer 1
62
7
70
0
10
0.000000
20
0.000000
66
1
0
VERTEX
8
Layer 1
10
5.721078
20
2.935572
70
0
0
VERTEX
8
Layer 1
10
5.721078
20
2.935572
70
0
0
VERTEX
8
Layer 1
10
5.741187
20
3.167347
70
0
0
VERTEX
8
Layer 1
10
5.744097
20
3.170258
70
0
0
VERTEX
8
Layer 1
10
5.829822
20
2.987166
70
0
0
VERTEX
8
Layer 1
10
5.721078
20
2.935572
70
0
0
VERTEX
8
Layer 1
10
5.721078
20
2.935572
70
0
0
VERTEX
8
Layer 1
10
5.721078
20
2.935572
70
0
0
SEQEND
8
Layer 1
0
POLYLINE
8
Layer 1
62
7
70
0
10
0.000000
20
0.000000
66
1
0
VERTEX
8
Layer 1
10
6.144146
20
2.989812
70
0
0
VERTEX
8
Layer 1
10
6.155523
20
2.906997
70
0
0
VERTEX
8
Layer 1
10
6.006828
20
2.826829
70
0
0
VERTEX
8
Layer 1
10
5.938301
20
2.981345
70
0
0
VERTEX
8
Layer 1
10
6.061332
20
3.038495
70
0
0
VERTEX
8
Layer 1
10
6.084086
20
2.998543
70
0
0
VERTEX
8
Layer 1
10
6.132769
20
3.024208
70
0
0
VERTEX
8
Layer 1
10
6.066888
20
3.169993
70
0
0
VERTEX
8
Layer 1
10
6.018205
20
3.147239
70
0
0
VERTEX
8
Layer 1
10
6.029582
20
3.101466
70
0
0
VERTEX
8
Layer 1
10
5.909461
20
3.030029
70
0
0
VERTEX
8
Layer 1
10
5.823736
20
3.216030
70
0
0
VERTEX
8
Layer 1
10
5.966611
20
3.284557
70
0
0
VERTEX
8
Layer 1
10
6.018205
20
3.218676
70
0
0
VERTEX
8
Layer 1
10
6.066888
20
3.247251
70
0
0
VERTEX
8
Layer 1
10
6.006828
20
3.367372
70
0
0
VERTEX
8
Layer 1
10
5.686418
20
3.207299
70
0
0
VERTEX
8
Layer 1
10
5.637735
20
2.658289
70
0
0
VERTEX
8
Layer 1
10
5.594872
20
2.632625
70
0
0
VERTEX
8
Layer 1
10
5.614980
20
2.583942
70
0
0
VERTEX
8
Layer 1
10
5.783784
20
2.658289
70
0
0
VERTEX
8
Layer 1
10
5.763676
20
2.706973
70
0
0
VERTEX
8
Layer 1
10
5.706526
20
2.684219
70
0
0
VERTEX
8
Layer 1
10
5.712347
20
2.878687
70
0
0
VERTEX
8
Layer 1
10
5.849666
20
2.944568
70
0
0
VERTEX
8
Layer 1
10
5.921103
20
2.784495
70
0
0
VERTEX
8
Layer 1
10
5.869509
20
2.758831
70
0
0
VERTEX
8
Layer 1
10
5.892263
20
2.713058
70
0
0
VERTEX
8
Layer 1
10
6.235428
20
2.881862
70
0
0
VERTEX
8
Layer 1
10
6.198121
20
3.010449
70
0
0
VERTEX
8
Layer 1
10
6.144146
20
2.989812
70
0
0
VERTEX
8
Layer 1
10
6.144146
20
2.989812
70
0
0
VERTEX
8
Layer 1
10
6.144146
20
2.989812
70
0
0
SEQEND
8
Layer 1
0
POLYLINE
8
Layer 1
62
7
70
0
10
0.000000
20
0.000000
66
1
0
VERTEX
8
Layer 1
10
6.538904
20
3.616080
70
0
0
VERTEX
8
Layer 1
10
6.576210
20
3.644655
70
0
0
VERTEX
8
Layer 1
10
6.553456
20
3.690428
70
0
0
VERTEX
8
Layer 1
10
6.393384
20
3.584594
70
0
0
VERTEX
8
Layer 1
10
6.416138
20
3.538822
70
0
0
VERTEX
8
Layer 1
10
6.470377
20
3.573217
70
0
0
VERTEX
8
Layer 1
10
6.510329
20
3.224232
70
0
0
VERTEX
8
Layer 1
10
6.516150
20
3.164172
70
0
0
VERTEX
8
Layer 1
10
6.516150
20
3.161262
70
0
0
VERTEX
8
Layer 1
10
6.450269
20
3.224232
70
0
0
VERTEX
8
Layer 1
10
6.318771
20
3.375838
70
0
0
VERTEX
8
Layer 1
10
6.258711
20
3.444365
70
0
0
VERTEX
8
Layer 1
10
6.318771
20
3.481672
70
0
0
VERTEX
8
Layer 1
10
6.301573
20
3.530355
70
0
0
VERTEX
8
Layer 1
10
6.101284
20
3.416055
70
0
0
VERTEX
8
Layer 1
10
6.121392
20
3.367372
70
0
0
VERTEX
8
Layer 1
10
6.164255
20
3.387480
70
0
0
VERTEX
8
Layer 1
10
6.247069
20
3.298845
70
0
0
VERTEX
8
Layer 1
10
6.433071
20
3.107287
70
0
0
VERTEX
8
Layer 1
10
6.513240
20
3.027118
70
0
0
VERTEX
8
Layer 1
10
6.579121
20
3.067070
70
0
0
VERTEX
8
Layer 1
10
6.553456
20
3.450186
70
0
0
VERTEX
8
Layer 1
10
6.538904
20
3.616080
70
0
0
VERTEX
8
Layer 1
10
6.538904
20
3.616080
70
0
0
VERTEX
8
Layer 1
10
6.538904
20
3.616080
70
0
0
SEQEND
8
Layer 1
0
POLYLINE
8
Layer 1
62
7
70
0
10
0.000000
20
0.000000
66
1
0
VERTEX
8
Layer 1
10
5.040306
20
0.999354
70
0
0
VERTEX
8
Layer 1
10
5.040306
20
1.211020
70
0
0
VERTEX
8
Layer 1
10
5.126031
20
1.205200
70
0
0
VERTEX
8
Layer 1
10
5.168893
20
1.039306
70
0
0
VERTEX
8
Layer 1
10
5.040306
20
0.999354
70
0
0
VERTEX
8
Layer 1
10
5.040306
20
0.999354
70
0
0
VERTEX
8
Layer 1
10
5.040306
20
0.999354
70
0
0
SEQEND
8
Layer 1
0
POLYLINE
8
Layer 1
62
7
70
0
10
0.000000
20
0.000000
66
1
0
VERTEX
8
Layer 1
10
5.280548
20
0.830550
70
0
0
VERTEX
8
Layer 1
10
5.183181
20
0.970779
70
0
0
VERTEX
8
Layer 1
10
5.183181
20
0.976600
70
0
0
VERTEX
8
Layer 1
10
5.281870
20
1.078101
70
0
0
VERTEX
8
Layer 1
10
5.243241
20
1.213931
70
0
0
VERTEX
8
Layer 1
10
4.897167
20
1.256793
70
0
0
VERTEX
8
Layer 1
10
4.894256
20
1.208110
70
0
0
VERTEX
8
Layer 1
10
4.894256
20
1.208110
70
0
0
VERTEX
8
Layer 1
10
4.945850
20
1.205200
70
0
0
VERTEX
8
Layer 1
10
4.945850
20
0.784777
70
0
0
VERTEX
8
Layer 1
10
4.894256
20
0.781867
70
0
0
VERTEX
8
Layer 1
10
4.894256
20
0.733183
70
0
0
VERTEX
8
Layer 1
10
4.894256
20
0.730273
70
0
0
VERTEX
8
Layer 1
10
5.094546
20
0.730273
70
0
0
VERTEX
8
Layer 1
10
5.094546
20
0.781867
70
0
0
VERTEX
8
Layer 1
10
5.037396
20
0.784777
70
0
0
VERTEX
8
Layer 1
10
5.037396
20
0.944850
70
0
0
VERTEX
8
Layer 1
10
5.103277
20
0.941939
70
0
0
VERTEX
8
Layer 1
10
5.223398
20
0.733183
70
0
0
VERTEX
8
Layer 1
10
5.354895
20
0.730273
70
0
0
VERTEX
8
Layer 1
10
5.354895
20
0.781867
70
0
0
VERTEX
8
Layer 1
10
5.306212
20
0.784777
70
0
0
VERTEX
8
Layer 1
10
5.280548
20
0.830550
70
0
0
VERTEX
8
Layer 1
10
5.280548
20
0.830550
70
0
0
VERTEX
8
Layer 1
10
5.280548
20
0.830550
70
0
0
SEQEND
8
Layer 1
0
POLYLINE
8
Layer 1
62
7
70
0
10
0.000000
20
0.000000
66
1
0
VERTEX
8
Layer 1
10
4.059497
20
0.853569
70
0
0
VERTEX
8
Layer 1
10
3.962130
20
0.782131
70
0
0
VERTEX
8
Layer 1
10
3.893603
20
0.793508
70
0
0
VERTEX
8
Layer 1
10
3.887783
20
0.836371
70
0
0
VERTEX
8
Layer 1
10
3.890693
20
0.976600
70
0
0
VERTEX
8
Layer 1
10
4.059497
20
0.853569
70
0
0
VERTEX
8
Layer 1
10
4.059497
20
0.853569
70
0
0
VERTEX
8
Layer 1
10
4.059497
20
0.853569
70
0
0
SEQEND
8
Layer 1
0
POLYLINE
8
Layer 1
62
7
70
0
10
0.000000
20
0.000000
66
1
0
VERTEX
8
Layer 1
10
3.893603
20
1.211020
70
0
0
VERTEX
8
Layer 1
10
4.022191
20
1.173714
70
0
0
VERTEX
8
Layer 1
10
4.036478
20
1.113654
70
0
0
VERTEX
8
Layer 1
10
3.893603
20
1.030839
70
0
0
VERTEX
8
Layer 1
10
3.893603
20
1.211020
70
0
0
VERTEX
8
Layer 1
10
3.893603
20
1.211020
70
0
0
VERTEX
8
Layer 1
10
3.893603
20
1.211020
70
0
0
SEQEND
8
Layer 1
0
POLYLINE
8
Layer 1
62
7
70
0
10
0.000000
20
0.000000
66
1
0
VERTEX
8
Layer 1
10
4.036478
20
1.013641
70
0
0
VERTEX
8
Layer 1
10
4.033568
20
1.013641
70
0
0
VERTEX
8
Layer 1
10
4.033568
20
1.019462
70
0
0
VERTEX
8
Layer 1
10
4.124783
20
1.119541
70
0
0
VERTEX
8
Layer 1
10
4.067964
20
1.236685
70
0
0
VERTEX
8
Layer 1
10
3.741997
20
1.259439
70
0
0
VERTEX
8
Layer 1
10
3.741997
20
1.207845
70
0
0
VERTEX
8
Layer 1
10
3.796237
20
1.204935
70
0
0
VERTEX
8
Layer 1
10
3.796237
20
0.781602
70
0
0
VERTEX
8
Layer 1
10
3.741997
20
0.778692
70
0
0
VERTEX
8
Layer 1
10
3.739087
20
0.730008
70
0
0
VERTEX
8
Layer 1
10
4.085162
20
0.761494
70
0
0
VERTEX
8
Layer 1
10
4.139401
20
0.950142
70
0
0
VERTEX
8
Layer 1
10
4.036478
20
1.013641
70
0
0
VERTEX
8
Layer 1
10
4.036478
20
1.013641
70
0
0
VERTEX
8
Layer 1
10
4.036478
20
1.013641
70
0
0
SEQEND
8
Layer 1
0
POLYLINE
8
Layer 1
62
7
70
0
10
0.000000
20
0.000000
66
1
0
VERTEX
8
Layer 1
10
3.350150
20
0.999354
70
0
0
VERTEX
8
Layer 1
10
3.353060
20
1.211020
70
0
0
VERTEX
8
Layer 1
10
3.438785
20
1.205200
70
0
0
VERTEX
8
Layer 1
10
3.481648
20
1.039306
70
0
0
VERTEX
8
Layer 1
10
3.350150
20
0.999354
70
0
0
VERTEX
8
Layer 1
10
3.350150
20
0.999354
70
0
0
VERTEX
8
Layer 1
10
3.350150
20
0.999354
70
0
0
SEQEND
8
Layer 1
0
POLYLINE
8
Layer 1
62
7
70
0
10
0.000000
20
0.000000
66
1
0
VERTEX
8
Layer 1
10
3.590391
20
0.830550
70
0
0
VERTEX
8
Layer 1
10
3.493025
20
0.970779
70
0
0
VERTEX
8
Layer 1
10
3.490114
20
0.976600
70
0
0
VERTEX
8
Layer 1
10
3.588804
20
1.078101
70
0
0
VERTEX
8
Layer 1
10
3.550175
20
1.213931
70
0
0
VERTEX
8
Layer 1
10
3.204100
20
1.256793
70
0
0
VERTEX
8
Layer 1
10
3.201190
20
1.208110
70
0
0
VERTEX
8
Layer 1
10
3.201190
20
1.208110
70
0
0
VERTEX
8
Layer 1
10
3.252783
20
1.205200
70
0
0
VERTEX
8
Layer 1
10
3.252783
20
0.784777
70
0
0
VERTEX
8
Layer 1
10
3.201190
20
0.781867
70
0
0
VERTEX
8
Layer 1
10
3.198279
20
0.733183
70
0
0
VERTEX
8
Layer 1
10
3.198279
20
0.730273
70
0
0
VERTEX
8
Layer 1
10
3.398569
20
0.730273
70
0
0
VERTEX
8
Layer 1
10
3.398569
20
0.781867
70
0
0
VERTEX
8
Layer 1
10
3.338508
20
0.784777
70
0
0
VERTEX
8
Layer 1
10
3.338508
20
0.944850
70
0
0
VERTEX
8
Layer 1
10
3.404389
20
0.941939
70
0
0
VERTEX
8
Layer 1
10
3.524510
20
0.733183
70
0
0
VERTEX
8
Layer 1
10
3.656008
20
0.730273
70
0
0
VERTEX
8
Layer 1
10
3.656008
20
0.781867
70
0
0
VERTEX
8
Layer 1
10
3.607325
20
0.784777
70
0
0
VERTEX
8
Layer 1
10
3.590391
20
0.830550
70
0
0
VERTEX
8
Layer 1
10
3.590391
20
0.830550
70
0
0
VERTEX
8
Layer 1
10
3.590391
20
0.830550
70
0
0
SEQEND
8
Layer 1
0
POLYLINE
8
Layer 1
62
7
70
0
10
0.000000
20
0.000000
66
1
0
VERTEX
8
Layer 1
10
2.775211
20
0.933737
70
0
0
VERTEX
8
Layer 1
10
2.846648
20
1.150960
70
0
0
VERTEX
8
Layer 1
10
2.852469
20
1.150960
70
0
0
VERTEX
8
Layer 1
10
2.923907
20
0.936383
70
0
0
VERTEX
8
Layer 1
10
2.775211
20
0.936383
70
0
0
VERTEX
8
Layer 1
10
2.775211
20
0.933737
70
0
0
VERTEX
8
Layer 1
10
2.775211
20
0.933737
70
0
0
SEQEND
8
Layer 1
0
POLYLINE
8
Layer 1
62
7
70
0
10
0.000000
20
0.000000
66
1
0
VERTEX
8
Layer 1
10
2.904063
20
1.265260
70
0
0
VERTEX
8
Layer 1
10
2.829715
20
1.262349
70
0
0
VERTEX
8
Layer 1
10
2.649534
20
0.787688
70
0
0
VERTEX
8
Layer 1
10
2.603761
20
0.781867
70
0
0
VERTEX
8
Layer 1
10
2.603761
20
0.730273
70
0
0
VERTEX
8
Layer 1
10
2.789763
20
0.730273
70
0
0
VERTEX
8
Layer 1
10
2.789763
20
0.781867
70
0
0
VERTEX
8
Layer 1
10
2.729703
20
0.781867
70
0
0
VERTEX
8
Layer 1
10
2.758278
20
0.876323
70
0
0
VERTEX
8
Layer 1
10
2.938459
20
0.879233
70
0
0
VERTEX
8
Layer 1
10
2.972855
20
0.781867
70
0
0
VERTEX
8
Layer 1
10
2.918615
20
0.778956
70
0
0
VERTEX
8
Layer 1
10
2.918615
20
0.727363
70
0
0
VERTEX
8
Layer 1
10
3.121550
20
0.727363
70
0
0
VERTEX
8
Layer 1
10
3.121550
20
0.778956
70
0
0
VERTEX
8
Layer 1
10
3.075777
20
0.778956
70
0
0
VERTEX
8
Layer 1
10
2.904063
20
1.265260
70
0
0
VERTEX
8
Layer 1
10
2.904063
20
1.265260
70
0
0
VERTEX
8
Layer 1
10
2.904063
20
1.265260
70
0
0
SEQEND
8
Layer 1
0
POLYLINE
8
Layer 1
62
7
70
0
10
0.000000
20
0.000000
66
1
0
VERTEX
8
Layer 1
10
7.022297
20
3.438809
70
0
0
VERTEX
8
Layer 1
10
6.862059
20
3.445986
70
0
0
VERTEX
8
Layer 1
10
6.761948
20
3.624811
70
0
0
VERTEX
8
Layer 1
10
6.784702
20
3.802082
70
0
0
VERTEX
8
Layer 1
10
6.816187
20
3.833567
70
0
0
VERTEX
8
Layer 1
10
6.890535
20
3.859232
70
0
0
VERTEX
8
Layer 1
10
7.056131
20
3.687716
70
0
0
VERTEX
8
Layer 1
10
7.022297
20
3.438809
70
0
0
VERTEX
8
Layer 1
10
7.022297
20
3.438809
70
0
0
VERTEX
8
Layer 1
10
7.022297
20
3.438809
70
0
0
SEQEND
8
Layer 1
0
POLYLINE
8
Layer 1
62
7
70
0
10
0.000000
20
0.000000
66
1
0
VERTEX
8
Layer 1
10
7.068070
20
3.870609
70
0
0
VERTEX
8
Layer 1
10
6.796344
20
3.879075
70
0
0
VERTEX
8
Layer 1
10
6.744750
20
3.833303
70
0
0
VERTEX
8
Layer 1
10
6.670402
20
3.647301
70
0
0
VERTEX
8
Layer 1
10
6.678869
20
3.561576
70
0
0
VERTEX
8
Layer 1
10
6.727552
20
3.447276
70
0
0
VERTEX
8
Layer 1
10
7.002189
20
3.361551
70
0
0
VERTEX
8
Layer 1
10
7.160542
20
3.593656
70
0
0
VERTEX
8
Layer 1
10
7.068070
20
3.870609
70
0
0
VERTEX
8
Layer 1
10
7.068070
20
3.870609
70
0
0
VERTEX
8
Layer 1
10
7.068070
20
3.870609
70
0
0
SEQEND
8
Layer 1
0
POLYLINE
8
Layer 1
62
7
70
0
10
0.000000
20
0.000000
66
1
0
VERTEX
8
Layer 1
10
4.545536
20
0.776311
70
0
0
VERTEX
8
Layer 1
10
4.400379
20
0.861473
70
0
0
VERTEX
8
Layer 1
10
4.379642
20
1.062325
70
0
0
VERTEX
8
Layer 1
10
4.474099
20
1.202554
70
0
0
VERTEX
8
Layer 1
10
4.516961
20
1.213931
70
0
0
VERTEX
8
Layer 1
10
4.597130
20
1.199643
70
0
0
VERTEX
8
Layer 1
10
4.679680
20
0.970812
70
0
0
VERTEX
8
Layer 1
10
4.545536
20
0.776311
70
0
0
VERTEX
8
Layer 1
10
4.545536
20
0.776311
70
0
0
VERTEX
8
Layer 1
10
4.545536
20
0.776311
70
0
0
SEQEND
8
Layer 1
0
POLYLINE
8
Layer 1
62
7
70
0
10
0.000000
20
0.000000
66
1
0
VERTEX
8
Layer 1
10
4.516961
20
1.268170
70
0
0
VERTEX
8
Layer 1
10
4.448434
20
1.253883
70
0
0
VERTEX
8
Layer 1
10
4.302649
20
1.130852
70
0
0
VERTEX
8
Layer 1
10
4.274074
20
1.050683
70
0
0
VERTEX
8
Layer 1
10
4.274074
20
0.933473
70
0
0
VERTEX
8
Layer 1
10
4.491296
20
0.721806
70
0
0
VERTEX
8
Layer 1
10
4.734415
20
0.835776
70
0
0
VERTEX
8
Layer 1
10
4.763023
20
1.119210
70
0
0
VERTEX
8
Layer 1
10
4.516961
20
1.268170
70
0
0
VERTEX
8
Layer 1
10
4.516961
20
1.268170
70
0
0
VERTEX
8
Layer 1
10
4.516961
20
1.268170
70
0
0
SEQEND
8
Layer 1
0
POLYLINE
8
Layer 1
62
7
70
0
10
0.000000
20
0.000000
66
1
0
VERTEX
8
Layer 1
10
0.255852
20
9.518927
70
0
0
VERTEX
8
Layer 1
10
7.691428
20
9.510460
70
0
0
VERTEX
8
Layer 1
10
7.691428
20
8.678346
70
0
0
VERTEX
8
Layer 1
10
7.540805
20
7.353946
70
0
0
VERTEX
8
Layer 1
10
7.141736
20
6.179579
70
0
0
VERTEX
8
Layer 1
10
6.573418
20
5.161314
70
0
0
VERTEX
8
Layer 1
10
5.915051
20
4.305219
70
0
0
VERTEX
8
Layer 1
10
4.644957
20
3.103810
70
0
0
VERTEX
8
Layer 1
10
3.965041
20
2.623894
70
0
0
VERTEX
8
Layer 1
10
3.287564
20
3.094843
70
0
0
VERTEX
8
Layer 1
10
2.020257
20
4.276545
70
0
0
VERTEX
8
Layer 1
10
1.363149
20
5.122131
70
0
0
VERTEX
8
Layer 1
10
0.795862
20
6.131247
70
0
0
VERTEX
8
Layer 1
10
0.397488
20
7.299175
70
0
0
VERTEX
8
Layer 1
10
0.247121
20
8.621196
70
0
0
VERTEX
8
Layer 1
10
0.255852
20
9.518927
70
0
0
VERTEX
8
Layer 1
10
0.255852
20
9.518927
70
0
0
SEQEND
8
Layer 1
0
POLYLINE
8
Layer 1
62
7
70
0
10
0.000000
20
0.000000
66
1
0
VERTEX
8
Layer 1
10
5.377649
20
6.341549
70
0
0
VERTEX
8
Layer 1
10
4.832427
20
6.753720
70
0
0
VERTEX
8
Layer 1
10
4.295836
20
6.857023
70
0
0
VERTEX
8
Layer 1
10
3.716068
20
6.750595
70
0
0
VERTEX
8
Layer 1
10
3.272892
20
6.578880
70
0
0
VERTEX
8
Layer 1
10
3.184256
20
6.536018
70
0
0
VERTEX
8
Layer 1
10
3.064136
20
6.521730
70
0
0
VERTEX
8
Layer 1
10
2.858290
20
6.496066
70
0
0
VERTEX
8
Layer 1
10
2.434957
20
6.298687
70
0
0
VERTEX
8
Layer 1
10
2.309016
20
6.230160
70
0
0
VERTEX
8
Layer 1
10
2.043110
20
6.001296
70
0
0
VERTEX
8
Layer 1
10
1.962941
20
5.903929
70
0
0
VERTEX
8
Layer 1
10
1.960031
20
5.881175
70
0
0
VERTEX
8
Layer 1
10
1.999983
20
5.786719
70
0
0
VERTEX
8
Layer 1
10
2.148679
20
5.689352
70
0
0
VERTEX
8
Layer 1
10
2.188631
20
5.697819
70
0
0
VERTEX
8
Layer 1
10
2.317218
20
5.629292
70
0
0
VERTEX
8
Layer 1
10
2.317218
20
5.615004
70
0
0
VERTEX
8
Layer 1
10
2.248691
20
5.557854
70
0
0
VERTEX
8
Layer 1
10
2.225937
20
5.529280
70
0
0
VERTEX
8
Layer 1
10
2.460622
20
5.472394
70
0
0
VERTEX
8
Layer 1
10
2.477820
20
5.475305
70
0
0
VERTEX
8
Layer 1
10
2.537880
20
5.483771
70
0
0
VERTEX
8
Layer 1
10
2.838182
20
5.486682
70
0
0
VERTEX
8
Layer 1
10
2.983967
20
5.420801
70
0
0
VERTEX
8
Layer 1
10
2.955392
20
5.363651
70
0
0
VERTEX
8
Layer 1
10
2.895332
20
5.352274
70
0
0
VERTEX
8
Layer 1
10
2.606407
20
5.209399
70
0
0
VERTEX
8
Layer 1
10
2.603497
20
4.966247
70
0
0
VERTEX
8
Layer 1
10
2.643449
20
4.923384
70
0
0
VERTEX
8
Layer 1
10
2.760659
20
4.977624
70
0
0
VERTEX
8
Layer 1
10
2.843474
20
5.074991
70
0
0
VERTEX
8
Layer 1
10
2.877869
20
5.126584
70
0
0
VERTEX
8
Layer 1
10
2.900623
20
5.118118
70
0
0
VERTEX
8
Layer 1
10
3.186638
20
5.089543
70
0
0
VERTEX
8
Layer 1
10
3.106469
20
4.943757
70
0
0
VERTEX
8
Layer 1
10
2.972061
20
4.923649
70
0
0
VERTEX
8
Layer 1
10
2.872048
20
4.906451
70
0
0
VERTEX
8
Layer 1
10
2.763305
20
4.766222
70
0
0
VERTEX
8
Layer 1
10
2.763305
20
4.734737
70
0
0
VERTEX
8
Layer 1
10
2.771772
20
4.717539
70
0
0
VERTEX
8
Layer 1
10
2.797436
20
4.703251
70
0
0
VERTEX
8
Layer 1
10
3.077629
20
4.703251
70
0
0
VERTEX
8
Layer 1
10
3.114936
20
4.703251
70
0
0
VERTEX
8
Layer 1
10
3.349356
20
4.760401
70
0
0
VERTEX
8
Layer 1
10
3.392219
20
4.794797
70
0
0
VERTEX
8
Layer 1
10
3.535093
20
4.909097
70
0
0
VERTEX
8
Layer 1
10
3.672412
20
5.029218
70
0
0
VERTEX
8
Layer 1
10
3.738293
20
5.080811
70
0
0
VERTEX
8
Layer 1
10
3.769779
20
5.140872
70
0
0
VERTEX
8
Layer 1
10
4.015841
20
5.006464
70
0
0
VERTEX
8
Layer 1
10
3.841481
20
4.969157
70
0
0
VERTEX
8
Layer 1
10
3.644102
20
4.806174
70
0
0
VERTEX
8
Layer 1
10
3.635635
20
4.786066
70
0
0
VERTEX
8
Layer 1
10
3.632725
20
4.768868
70
0
0
VERTEX
8
Layer 1
10
3.812906
20
4.657214
70
0
0
VERTEX
8
Layer 1
10
3.938847
20
4.674412
70
0
0
VERTEX
8
Layer 1
10
4.019016
20
4.691610
70
0
0
VERTEX
8
Layer 1
10
4.625440
20
4.702987
70
0
0
VERTEX
8
Layer 1
10
4.496853
20
4.582866
70
0
0
VERTEX
8
Layer 1
10
3.976418
20
4.214037
70
0
0
VERTEX
8
Layer 1
10
3.590391
20
3.619255
70
0
0
VERTEX
8
Layer 1
10
3.570283
20
3.547817
70
0
0
VERTEX
8
Layer 1
10
3.707602
20
3.441984
70
0
0
VERTEX
8
Layer 1
10
4.250923
20
3.565644
70
0
0
VERTEX
8
Layer 1
10
4.622794
20
3.899448
70
0
0
VERTEX
8
Layer 1
10
4.677034
20
3.956598
70
0
0
VERTEX
8
Layer 1
10
5.008821
20
4.428350
70
0
0
VERTEX
8
Layer 1
10
5.083169
20
4.542650
70
0
0
VERTEX
8
Layer 1
10
5.402785
20
4.914455
70
0
0
VERTEX
8
Layer 1
10
5.606514
20
5.492238
70
0
0
VERTEX
8
Layer 1
10
5.581180
20
5.948048
70
0
0
VERTEX
8
Layer 1
10
5.377649
20
6.341549
70
0
0
VERTEX
8
Layer 1
10
5.377649
20
6.341549
70
0
0
SEQEND
8
Layer 1
0
POLYLINE
8
Layer 1
62
7
70
0
10
0.000000
20
0.000000
66
1
0
VERTEX
8
Layer 1
10
7.093735
20
8.955629
70
0
0
VERTEX
8
Layer 1
10
6.930752
20
8.955629
70
0
0
VERTEX
8
Layer 1
10
6.767769
20
9.058552
70
0
0
VERTEX
8
Layer 1
10
6.767769
20
9.058552
70
0
0
VERTEX
8
Layer 1
10
6.742104
20
9.067019
70
0
0
VERTEX
8
Layer 1
10
6.530438
20
9.067019
70
0
0
VERTEX
8
Layer 1
10
6.407407
20
9.127079
70
0
0
VERTEX
8
Layer 1
10
6.058422
20
9.250110
70
0
0
VERTEX
8
Layer 1
10
5.712347
20
9.109881
70
0
0
VERTEX
8
Layer 1
10
5.366272
20
9.250110
70
0
0
VERTEX
8
Layer 1
10
5.017287
20
9.127079
70
0
0
VERTEX
8
Layer 1
10
4.894256
20
9.067019
70
0
0
VERTEX
8
Layer 1
10
4.682590
20
9.067019
70
0
0
VERTEX
8
Layer 1
10
4.654015
20
9.055642
70
0
0
VERTEX
8
Layer 1
10
4.493942
20
8.952719
70
0
0
VERTEX
8
Layer 1
10
4.330959
20
8.952719
70
0
0
VERTEX
8
Layer 1
10
4.288097
20
8.909857
70
0
0
VERTEX
8
Layer 1
10
4.288097
20
7.459942
70
0
0
VERTEX
8
Layer 1
10
4.330959
20
7.417079
70
0
0
VERTEX
8
Layer 1
10
5.460729
20
7.417079
70
0
0
VERTEX
8
Layer 1
10
5.637999
20
7.331354
70
0
0
VERTEX
8
Layer 1
10
5.795161
20
7.331354
70
0
0
VERTEX
8
Layer 1
10
5.966876
20
7.417079
70
0
0
VERTEX
8
Layer 1
10
7.096645
20
7.417079
70
0
0
VERTEX
8
Layer 1
10
7.139508
20
7.459942
70
0
0
VERTEX
8
Layer 1
10
7.139508
20
8.909857
70
0
0
VERTEX
8
Layer 1
10
7.093735
20
8.955629
70
0
0
VERTEX
8
Layer 1
10
7.093735
20
8.955629
70
0
0
SEQEND
8
Layer 1
0
POLYLINE
8
Layer 1
62
7
70
0
10
0.000000
20
0.000000
66
1
0
VERTEX
8
Layer 1
10
3.570283
20
8.958540
70
0
0
VERTEX
8
Layer 1
10
3.407300
20
8.958540
70
0
0
VERTEX
8
Layer 1
10
3.247227
20
9.061463
70
0
0
VERTEX
8
Layer 1
10
3.218652
20
9.072840
70
0
0
VERTEX
8
Layer 1
10
3.009896
20
9.072840
70
0
0
VERTEX
8
Layer 1
10
2.886865
20
9.132900
70
0
0
VERTEX
8
Layer 1
10
2.537880
20
9.255931
70
0
0
VERTEX
8
Layer 1
10
2.191806
20
9.115702
70
0
0
VERTEX
8
Layer 1
10
1.845731
20
9.255931
70
0
0
VERTEX
8
Layer 1
10
1.499656
20
9.132900
70
0
0
VERTEX
8
Layer 1
10
1.376625
20
9.072840
70
0
0
VERTEX
8
Layer 1
10
1.164959
20
9.072840
70
0
0
VERTEX
8
Layer 1
10
1.136384
20
9.061463
70
0
0
VERTEX
8
Layer 1
10
0.979222
20
8.958540
70
0
0
VERTEX
8
Layer 1
10
0.813328
20
8.958540
70
0
0
VERTEX
8
Layer 1
10
0.770466
20
8.915677
70
0
0
VERTEX
8
Layer 1
10
0.770466
20
7.465763
70
0
0
VERTEX
8
Layer 1
10
0.813328
20
7.422900
70
0
0
VERTEX
8
Layer 1
10
1.940187
20
7.422900
70
0
0
VERTEX
8
Layer 1
10
2.114547
20
7.337175
70
0
0
VERTEX
8
Layer 1
10
2.269064
20
7.337175
70
0
0
VERTEX
8
Layer 1
10
2.440778
20
7.422900
70
0
0
VERTEX
8
Layer 1
10
3.567637
20
7.422900
70
0
0
VERTEX
8
Layer 1
10
3.610500
20
7.465763
70
0
0
VERTEX
8
Layer 1
10
3.610500
20
8.915677
70
0
0
VERTEX
8
Layer 1
10
3.570283
20
8.958540
70
0
0
VERTEX
8
Layer 1
10
3.570283
20
8.958540
70
0
0
SEQEND
8
Layer 1
0
POLYLINE
8
Layer 1
62
7
70
0
10
0.000000
20
0.000000
66
1
0
VERTEX
8
Layer 1
10
5.397758
20
6.355837
70
0
0
VERTEX
8
Layer 1
10
4.843316
20
6.773713
70
0
0
VERTEX
8
Layer 1
10
4.297754
20
6.878454
70
0
0
VERTEX
8
Layer 1
10
3.710512
20
6.770438
70
0
0
VERTEX
8
Layer 1
10
3.261515
20
6.596078
70
0
0
VERTEX
8
Layer 1
10
3.169969
20
6.553216
70
0
0
VERTEX
8
Layer 1
10
3.049848
20
6.538928
70
0
0
VERTEX
8
Layer 1
10
2.841092
20
6.513264
70
0
0
VERTEX
8
Layer 1
10
2.412203
20
6.315885
70
0
0
VERTEX
8
Layer 1
10
2.286262
20
6.247358
70
0
0
VERTEX
8
Layer 1
10
2.017445
20
6.015583
70
0
0
VERTEX
8
Layer 1
10
1.934631
20
5.918217
70
0
0
VERTEX
8
Layer 1
10
1.931720
20
5.895462
70
0
0
VERTEX
8
Layer 1
10
1.971673
20
5.801006
70
0
0
VERTEX
8
Layer 1
10
2.131745
20
5.669509
70
0
0
VERTEX
8
Layer 1
10
2.171697
20
5.677975
70
0
0
VERTEX
8
Layer 1
10
2.285997
20
5.632202
70
0
0
VERTEX
8
Layer 1
10
2.285997
20
5.617915
70
0
0
VERTEX
8
Layer 1
10
2.211649
20
5.566321
70
0
0
VERTEX
8
Layer 1
10
2.191541
20
5.529015
70
0
0
VERTEX
8
Layer 1
10
2.431782
20
5.448846
70
0
0
VERTEX
8
Layer 1
10
2.448980
20
5.451757
70
0
0
VERTEX
8
Layer 1
10
2.509041
20
5.460223
70
0
0
VERTEX
8
Layer 1
10
2.812253
20
5.485888
70
0
0
VERTEX
8
Layer 1
10
2.960948
20
5.420007
70
0
0
VERTEX
8
Layer 1
10
2.918086
20
5.382701
70
0
0
VERTEX
8
Layer 1
10
2.858026
20
5.371323
70
0
0
VERTEX
8
Layer 1
10
2.574922
20
5.208340
70
0
0
VERTEX
8
Layer 1
10
2.572011
20
4.962278
70
0
0
VERTEX
8
Layer 1
10
2.614874
20
4.905128
70
0
0
VERTEX
8
Layer 1
10
2.740815
20
4.947991
70
0
0
VERTEX
8
Layer 1
10
2.846648
20
5.053824
70
0
0
VERTEX
8
Layer 1
10
2.881044
20
5.105418
70
0
0
VERTEX
8
Layer 1
10
2.901153
20
5.096951
70
0
0
VERTEX
8
Layer 1
10
3.158592
20
5.062555
70
0
0
VERTEX
8
Layer 1
10
3.087154
20
4.965189
70
0
0
VERTEX
8
Layer 1
10
2.949836
20
4.945080
70
0
0
VERTEX
8
Layer 1
10
2.849823
20
4.927882
70
0
0
VERTEX
8
Layer 1
10
2.726792
20
4.756168
70
0
0
VERTEX
8
Layer 1
10
2.726792
20
4.724683
70
0
0
VERTEX
8
Layer 1
10
2.735259
20
4.707485
70
0
0
VERTEX
8
Layer 1
10
2.760924
20
4.693197
70
0
0
VERTEX
8
Layer 1
10
3.046938
20
4.693197
70
0
0
VERTEX
8
Layer 1
10
3.084244
20
4.693197
70
0
0
VERTEX
8
Layer 1
10
3.330306
20
4.736060
70
0
0
VERTEX
8
Layer 1
10
3.373169
20
4.770455
70
0
0
VERTEX
8
Layer 1
10
3.524775
20
4.893487
70
0
0
VERTEX
8
Layer 1
10
3.676381
20
5.016518
70
0
0
VERTEX
8
Layer 1
10
3.742262
20
5.068111
70
0
0
VERTEX
8
Layer 1
10
3.770837
20
5.122351
70
0
0
VERTEX
8
Layer 1
10
3.953928
20
5.024984
70
0
0
VERTEX
8
Layer 1
10
3.811054
20
4.990589
70
0
0
VERTEX
8
Layer 1
10
3.616585
20
4.801941
70
0
0
VERTEX
8
Layer 1
10
3.616585
20
4.784743
70
0
0
VERTEX
8
Layer 1
10
3.616585
20
4.759078
70
0
0
VERTEX
8
Layer 1
10
3.799676
20
4.647424
70
0
0
VERTEX
8
Layer 1
10
3.928264
20
4.664622
70
0
0
VERTEX
8
Layer 1
10
4.008432
20
4.681820
70
0
0
VERTEX
8
Layer 1
10
4.577550
20
4.681820
70
0
0
VERTEX
8
Layer 1
10
4.448963
20
4.590274
70
0
0
VERTEX
8
Layer 1
10
3.928528
20
4.207158
70
0
0
VERTEX
8
Layer 1
10
3.542502
20
3.580890
70
0
0
VERTEX
8
Layer 1
10
3.550968
20
3.517920
70
0
0
VERTEX
8
Layer 1
10
3.691197
20
3.409176
70
0
0
VERTEX
8
Layer 1
10
4.247847
20
3.540343
70
0
0
VERTEX
8
Layer 1
10
4.626498
20
3.883838
70
0
0
VERTEX
8
Layer 1
10
4.680738
20
3.943898
70
0
0
VERTEX
8
Layer 1
10
5.018081
20
4.421471
70
0
0
VERTEX
8
Layer 1
10
5.092429
20
4.538681
70
0
0
VERTEX
8
Layer 1
10
5.417370
20
4.915083
70
0
0
VERTEX
8
Layer 1
10
5.624241
20
5.499646
70
0
0
VERTEX
8
Layer 1
10
5.603074
20
5.959293
70
0
0
VERTEX
8
Layer 1
10
5.397758
20
6.355837
70
0
0
VERTEX
8
Layer 1
10
5.397758
20
6.355837
70
0
0
SEQEND
8
Layer 1
0
POLYLINE
8
Layer 1
62
7
70
0
10
0.000000
20
0.000000
66
1
0
VERTEX
8
Layer 1
10
3.149861
20
5.123409
70
0
0
VERTEX
8
Layer 1
10
2.929728
20
5.149074
70
0
0
VERTEX
8
Layer 1
10
2.883955
20
5.163361
70
0
0
VERTEX
8
Layer 1
10
2.789499
20
5.060438
70
0
0
VERTEX
8
Layer 1
10
2.746636
20
5.020486
70
0
0
VERTEX
8
Layer 1
10
2.729438
20
5.072080
70
0
0
VERTEX
8
Layer 1
10
2.720972
20
5.166536
70
0
0
VERTEX
8
Layer 1
10
2.683665
20
4.980534
70
0
0
VERTEX
8
Layer 1
10
2.640803
20
4.963336
70
0
0
VERTEX
8
Layer 1
10
2.612228
20
5.074991
70
0
0
VERTEX
8
Layer 1
10
2.634982
20
5.180824
70
0
0
VERTEX
8
Layer 1
10
2.869403
20
5.306765
70
0
0
VERTEX
8
Layer 1
10
2.940840
20
5.323963
70
0
0
VERTEX
8
Layer 1
10
3.015188
20
5.384023
70
0
0
VERTEX
8
Layer 1
10
3.089536
20
5.318142
70
0
0
VERTEX
8
Layer 1
10
3.158063
20
5.129495
70
0
0
VERTEX
8
Layer 1
10
3.149861
20
5.123409
70
0
0
VERTEX
8
Layer 1
10
3.149861
20
5.123409
70
0
0
SEQEND
8
Layer 1
0
POLYLINE
8
Layer 1
62
7
70
0
10
0.000000
20
0.000000
66
1
0
VERTEX
8
Layer 1
10
4.004993
20
4.740028
70
0
0
VERTEX
8
Layer 1
10
3.916358
20
4.719920
70
0
0
VERTEX
8
Layer 1
10
3.816345
20
4.702722
70
0
0
VERTEX
8
Layer 1
10
3.804968
20
4.705633
70
0
0
VERTEX
8
Layer 1
10
3.879316
20
4.791358
70
0
0
VERTEX
8
Layer 1
10
4.010814
20
4.871526
70
0
0
VERTEX
8
Layer 1
10
3.853651
20
4.857239
70
0
0
VERTEX
8
Layer 1
10
3.730620
20
4.745585
70
0
0
VERTEX
8
Layer 1
10
3.681937
20
4.779980
70
0
0
VERTEX
8
Layer 1
10
3.842010
20
4.934497
70
0
0
VERTEX
8
Layer 1
10
3.970597
20
4.963072
70
0
0
VERTEX
8
Layer 1
10
4.316672
20
4.911478
70
0
0
VERTEX
8
Layer 1
10
4.319582
20
4.914389
70
0
0
VERTEX
8
Layer 1
10
4.351067
20
4.894280
70
0
0
VERTEX
8
Layer 1
10
4.662746
20
4.811466
70
0
0
VERTEX
8
Layer 1
10
4.634171
20
4.742939
70
0
0
VERTEX
8
Layer 1
10
4.004993
20
4.740028
70
0
0
VERTEX
8
Layer 1
10
4.004993
20
4.740028
70
0
0
SEQEND
8
Layer 1
0
POLYLINE
8
Layer 1
62
7
70
0
10
0.000000
20
0.000000
66
1
0
VERTEX
8
Layer 1
10
5.569472
20
5.506525
70
0
0
VERTEX
8
Layer 1
10
5.373251
20
4.951662
70
0
0
VERTEX
8
Layer 1
10
5.063325
20
4.585512
70
0
0
VERTEX
8
Layer 1
10
4.971779
20
4.451104
70
0
0
VERTEX
8
Layer 1
10
4.642902
20
3.981998
70
0
0
VERTEX
8
Layer 1
10
4.585753
20
3.921938
70
0
0
VERTEX
8
Layer 1
10
4.219735
20
3.589456
70
0
0
VERTEX
8
Layer 1
10
3.699135
20
3.467120
70
0
0
VERTEX
8
Layer 1
10
3.610500
20
3.533001
70
0
0
VERTEX
8
Layer 1
10
3.678696
20
3.811541
70
0
0
VERTEX
8
Layer 1
10
3.967951
20
4.156358
70
0
0
VERTEX
8
Layer 1
10
4.485476
20
4.536829
70
0
0
VERTEX
8
Layer 1
10
4.639992
20
4.648483
70
0
0
VERTEX
8
Layer 1
10
4.671477
20
4.685789
70
0
0
VERTEX
8
Layer 1
10
4.677298
20
4.697166
70
0
0
VERTEX
8
Layer 1
10
4.725982
20
4.831574
70
0
0
VERTEX
8
Layer 1
10
4.720161
20
4.854328
70
0
0
VERTEX
8
Layer 1
10
4.697407
20
4.865705
70
0
0
VERTEX
8
Layer 1
10
4.374351
20
4.945874
70
0
0
VERTEX
8
Layer 1
10
4.145486
20
5.228978
70
0
0
VERTEX
8
Layer 1
10
4.149124
20
5.476363
70
0
0
VERTEX
8
Layer 1
10
4.276984
20
5.672154
70
0
0
VERTEX
8
Layer 1
10
4.405572
20
5.963989
70
0
0
VERTEX
8
Layer 1
10
4.371176
20
5.989654
70
0
0
VERTEX
8
Layer 1
10
4.345511
20
5.958169
70
0
0
VERTEX
8
Layer 1
10
4.345511
20
5.955258
70
0
0
VERTEX
8
Layer 1
10
4.348422
20
5.932504
70
0
0
VERTEX
8
Layer 1
10
4.228301
20
5.709461
70
0
0
VERTEX
8
Layer 1
10
4.062407
20
5.349099
70
0
0
VERTEX
8
Layer 1
10
4.088072
20
5.208870
70
0
0
VERTEX
8
Layer 1
10
4.208193
20
5.000114
70
0
0
VERTEX
8
Layer 1
10
3.804968
20
5.171828
70
0
0
VERTEX
8
Layer 1
10
3.787770
20
5.174738
70
0
0
VERTEX
8
Layer 1
10
3.779304
20
5.552298
70
0
0
VERTEX
8
Layer 1
10
3.744908
20
5.577963
70
0
0
VERTEX
8
Layer 1
10
3.719243
20
5.543567
70
0
0
VERTEX
8
Layer 1
10
3.704956
20
5.111768
70
0
0
VERTEX
8
Layer 1
10
3.644895
20
5.063084
70
0
0
VERTEX
8
Layer 1
10
3.490379
20
4.937143
70
0
0
VERTEX
8
Layer 1
10
3.341683
20
4.814112
70
0
0
VERTEX
8
Layer 1
10
3.295910
20
4.776805
70
0
0
VERTEX
8
Layer 1
10
3.092975
20
4.748231
70
0
0
VERTEX
8
Layer 1
10
3.053023
20
4.748231
70
0
0
VERTEX
8
Layer 1
10
2.953011
20
4.748231
70
0
0
VERTEX
8
Layer 1
10
2.964388
20
4.822578
70
0
0
VERTEX
8
Layer 1
10
2.861465
20
4.748231
70
0
0
VERTEX
8
Layer 1
10
2.801405
20
4.748231
70
0
0
VERTEX
8
Layer 1
10
2.890040
20
4.874172
70
0
0
VERTEX
8
Layer 1
10
2.953011
20
4.879993
70
0
0
VERTEX
8
Layer 1
10
3.118904
20
4.905657
70
0
0
VERTEX
8
Layer 1
10
3.224738
20
5.060174
70
0
0
VERTEX
8
Layer 1
10
3.136102
20
5.343278
70
0
0
VERTEX
8
Layer 1
10
2.824424
20
5.534836
70
0
0
VERTEX
8
Layer 1
10
2.498457
20
5.509171
70
0
0
VERTEX
8
Layer 1
10
2.449774
20
5.500705
70
0
0
VERTEX
8
Layer 1
10
2.423580
20
5.498059
70
0
0
VERTEX
8
Layer 1
10
2.269064
20
5.518167
70
0
0
VERTEX
8
Layer 1
10
2.337591
20
5.581138
70
0
0
VERTEX
8
Layer 1
10
2.340501
20
5.641198
70
0
0
VERTEX
8
Layer 1
10
2.151854
20
5.721367
70
0
0
VERTEX
8
Layer 1
10
2.129099
20
5.715546
70
0
0
VERTEX
8
Layer 1
10
2.026177
20
5.801271
70
0
0
VERTEX
8
Layer 1
10
2.083327
20
5.832756
70
0
0
VERTEX
8
Layer 1
10
2.094704
20
5.872708
70
0
0
VERTEX
8
Layer 1
10
2.054752
20
5.884085
70
0
0
VERTEX
8
Layer 1
10
1.994427
20
5.852600
70
0
0
VERTEX
8
Layer 1
10
1.988606
20
5.892552
70
0
0
VERTEX
8
Layer 1
10
2.048666
20
5.955523
70
0
0
VERTEX
8
Layer 1
10
2.065864
20
5.972721
70
0
0
VERTEX
8
Layer 1
10
2.311926
20
6.181477
70
0
0
VERTEX
8
Layer 1
10
2.437868
20
6.250004
70
0
0
VERTEX
8
Layer 1
10
2.849823
20
6.441562
70
0
0
VERTEX
8
Layer 1
10
3.184521
20
6.481514
70
0
0
VERTEX
8
Layer 1
10
3.287444
20
6.530197
70
0
0
VERTEX
8
Layer 1
10
3.725064
20
6.701911
70
0
0
VERTEX
8
Layer 1
10
4.293851
20
6.805628
70
0
0
VERTEX
8
Layer 1
10
4.817833
20
6.705186
70
0
0
VERTEX
8
Layer 1
10
5.349604
20
6.304508
70
0
0
VERTEX
8
Layer 1
10
5.545164
20
5.940938
70
0
0
VERTEX
8
Layer 1
10
5.569472
20
5.506525
70
0
0
VERTEX
8
Layer 1
10
5.569472
20
5.506525
70
0
0
SEQEND
8
Layer 1
0
POLYLINE
8
Layer 1
62
7
70
0
10
0.000000
20
0.000000
66
1
0
VERTEX
8
Layer 1
10
2.806696
20
6.335993
70
0
0
VERTEX
8
Layer 1
10
2.712240
20
6.341814
70
0
0
VERTEX
8
Layer 1
10
2.666467
20
6.238891
70
0
0
VERTEX
8
Layer 1
10
2.729438
20
6.261645
70
0
0
VERTEX
8
Layer 1
10
2.766744
20
6.261645
70
0
0
VERTEX
8
Layer 1
10
2.786853
20
6.235981
70
0
0
VERTEX
8
Layer 1
10
2.818338
20
6.193118
70
0
0
VERTEX
8
Layer 1
10
2.806696
20
6.335993
70
0
0
VERTEX
8
Layer 1
10
2.806696
20
6.335993
70
0
0
SEQEND
8
Layer 1
0
POLYLINE
8
Layer 1
62
7
70
0
10
0.000000
20
0.000000
66
1
0
VERTEX
8
Layer 1
10
2.289172
20
5.938325
70
0
0
VERTEX
8
Layer 1
10
2.395005
20
5.758144
70
0
0
VERTEX
8
Layer 1
10
2.369341
20
5.901019
70
0
0
VERTEX
8
Layer 1
10
2.578097
20
6.064002
70
0
0
VERTEX
8
Layer 1
10
2.289172
20
5.938325
70
0
0
VERTEX
8
Layer 1
10
2.289172
20
5.938325
70
0
0
SEQEND
8
Layer 1
0
POLYLINE
8
Layer 1
62
7
70
0
10
0.000000
20
0.000000
66
1
0
VERTEX
8
Layer 1
10
4.514051
20
4.325427
70
0
0
VERTEX
8
Layer 1
10
4.342336
20
4.299762
70
0
0
VERTEX
8
Layer 1
10
4.514051
20
4.245523
70
0
0
VERTEX
8
Layer 1
10
4.677034
20
4.291296
70
0
0
VERTEX
8
Layer 1
10
4.514051
20
4.325427
70
0
0
VERTEX
8
Layer 1
10
4.514051
20
4.325427
70
0
0
SEQEND
8
Layer 1
0
POLYLINE
8
Layer 1
62
7
70
0
10
0.000000
20
0.000000
66
1
0
VERTEX
8
Layer 1
10
4.302384
20
4.130958
70
0
0
VERTEX
8
Layer 1
10
4.093628
20
4.105294
70
0
0
VERTEX
8
Layer 1
10
4.302384
20
4.051054
70
0
0
VERTEX
8
Layer 1
10
4.496853
20
4.096827
70
0
0
VERTEX
8
Layer 1
10
4.302384
20
4.130958
70
0
0
VERTEX
8
Layer 1
10
4.302384
20
4.130958
70
0
0
SEQEND
8
Layer 1
0
POLYLINE
8
Layer 1
62
7
70
0
10
0.000000
20
0.000000
66
1
0
VERTEX
8
Layer 1
10
4.119557
20
3.930669
70
0
0
VERTEX
8
Layer 1
10
3.925089
20
3.905004
70
0
0
VERTEX
8
Layer 1
10
4.119557
20
3.853411
70
0
0
VERTEX
8
Layer 1
10
4.302649
20
3.899184
70
0
0
VERTEX
8
Layer 1
10
4.119557
20
3.930669
70
0
0
VERTEX
8
Layer 1
10
4.119557
20
3.930669
70
0
0
SEQEND
8
Layer 1
0
POLYLINE
8
Layer 1
62
7
70
0
10
0.000000
20
0.000000
66
1
0
VERTEX
8
Layer 1
10
3.950753
20
3.721913
70
0
0
VERTEX
8
Layer 1
10
3.804968
20
3.701805
70
0
0
VERTEX
8
Layer 1
10
3.950753
20
3.656032
70
0
0
VERTEX
8
Layer 1
10
4.085162
20
3.693338
70
0
0
VERTEX
8
Layer 1
10
3.950753
20
3.721913
70
0
0
VERTEX
8
Layer 1
10
3.950753
20
3.721913
70
0
0
SEQEND
8
Layer 1
0
POLYLINE
8
Layer 1
62
7
70
0
10
0.000000
20
0.000000
66
1
0
VERTEX
8
Layer 1
10
2.343412
20
6.047068
70
0
0
VERTEX
8
Layer 1
10
2.366166
20
6.055535
70
0
0
VERTEX
8
Layer 1
10
2.394741
20
6.109775
70
0
0
VERTEX
8
Layer 1
10
2.340501
20
6.138350
70
0
0
VERTEX
8
Layer 1
10
2.317747
20
6.130148
70
0
0
VERTEX
8
Layer 1
10
2.289172
20
6.075908
70
0
0
VERTEX
8
Layer 1
10
2.343412
20
6.047068
70
0
0
VERTEX
8
Layer 1
10
2.343412
20
6.047068
70
0
0
SEQEND
8
Layer 1
0
POLYLINE
8
Layer 1
62
7
70
0
10
0.000000
20
0.000000
66
1
0
VERTEX
8
Layer 1
10
3.687493
20
6.510353
70
0
0
VERTEX
8
Layer 1
10
3.653097
20
6.521730
70
0
0
VERTEX
8
Layer 1
10
3.413121
20
6.441826
70
0
0
VERTEX
8
Layer 1
10
3.395923
20
6.378856
70
0
0
VERTEX
8
Layer 1
10
3.455983
20
6.350281
70
0
0
VERTEX
8
Layer 1
10
3.681937
20
6.473312
70
0
0
VERTEX
8
Layer 1
10
3.687493
20
6.510353
70
0
0
VERTEX
8
Layer 1
10
3.687493
20
6.510353
70
0
0
SEQEND
8
Layer 1
0
POLYLINE
8
Layer 1
62
7
70
0
10
0.000000
20
0.000000
66
1
0
VERTEX
8
Layer 1
10
3.710512
20
6.258735
70
0
0
VERTEX
8
Layer 1
10
3.724799
20
6.293131
70
0
0
VERTEX
8
Layer 1
10
3.690404
20
6.310329
70
0
0
VERTEX
8
Layer 1
10
3.504402
20
6.281754
70
0
0
VERTEX
8
Layer 1
10
3.475827
20
6.221693
70
0
0
VERTEX
8
Layer 1
10
3.530066
20
6.181741
70
0
0
VERTEX
8
Layer 1
10
3.710512
20
6.258735
70
0
0
VERTEX
8
Layer 1
10
3.710512
20
6.258735
70
0
0
SEQEND
8
Layer 1
0
POLYLINE
8
Layer 1
62
7
70
0
10
0.000000
20
0.000000
66
1
0
VERTEX
8
Layer 1
10
3.699135
20
6.087020
70
0
0
VERTEX
8
Layer 1
10
3.553350
20
6.092841
70
0
0
VERTEX
8
Layer 1
10
3.518954
20
6.044158
70
0
0
VERTEX
8
Layer 1
10
3.561816
20
6.001296
70
0
0
VERTEX
8
Layer 1
10
3.710512
20
6.032781
70
0
0
VERTEX
8
Layer 1
10
3.730620
20
6.067177
70
0
0
VERTEX
8
Layer 1
10
3.699135
20
6.087020
70
0
0
VERTEX
8
Layer 1
10
3.699135
20
6.087020
70
0
0
SEQEND
8
Layer 1
0
POLYLINE
8
Layer 1
62
7
70
0
10
0.000000
20
0.000000
66
1
0
VERTEX
8
Layer 1
10
3.670295
20
5.875619
70
0
0
VERTEX
8
Layer 1
10
3.561552
20
5.901283
70
0
0
VERTEX
8
Layer 1
10
3.524246
20
5.861331
70
0
0
VERTEX
8
Layer 1
10
3.558641
20
5.818469
70
0
0
VERTEX
8
Layer 1
10
3.672941
20
5.826935
70
0
0
VERTEX
8
Layer 1
10
3.695695
20
5.852600
70
0
0
VERTEX
8
Layer 1
10
3.670295
20
5.875619
70
0
0
VERTEX
8
Layer 1
10
3.670295
20
5.875619
70
0
0
SEQEND
8
Layer 1
0
POLYLINE
8
Layer 1
62
7
70
0
10
0.000000
20
0.000000
66
1
0
VERTEX
8
Layer 1
10
4.665657
20
6.636295
70
0
0
VERTEX
8
Layer 1
10
4.614063
20
6.604809
70
0
0
VERTEX
8
Layer 1
10
4.645548
20
6.553216
70
0
0
VERTEX
8
Layer 1
10
4.868592
20
6.473047
70
0
0
VERTEX
8
Layer 1
10
4.917275
20
6.487335
70
0
0
VERTEX
8
Layer 1
10
4.902988
20
6.536018
70
0
0
VERTEX
8
Layer 1
10
4.665657
20
6.636295
70
0
0
VERTEX
8
Layer 1
10
4.665657
20
6.636295
70
0
0
SEQEND
8
Layer 1
0
POLYLINE
8
Layer 1
62
7
70
0
10
0.000000
20
0.000000
66
1
0
VERTEX
8
Layer 1
10
4.714340
20
6.433095
70
0
0
VERTEX
8
Layer 1
10
4.665657
20
6.404520
70
0
0
VERTEX
8
Layer 1
10
4.694232
20
6.355837
70
0
0
VERTEX
8
Layer 1
10
4.863036
20
6.298687
70
0
0
VERTEX
8
Layer 1
10
4.905898
20
6.312974
70
0
0
VERTEX
8
Layer 1
10
4.891611
20
6.355837
70
0
0
VERTEX
8
Layer 1
10
4.714340
20
6.433095
70
0
0
VERTEX
8
Layer 1
10
4.714340
20
6.433095
70
0
0
SEQEND
8
Layer 1
0
POLYLINE
8
Layer 1
62
7
70
0
10
0.000000
20
0.000000
66
1
0
VERTEX
8
Layer 1
10
4.725717
20
6.241537
70
0
0
VERTEX
8
Layer 1
10
4.685765
20
6.218783
70
0
0
VERTEX
8
Layer 1
10
4.708519
20
6.178831
70
0
0
VERTEX
8
Layer 1
10
4.825729
20
6.141525
70
0
0
VERTEX
8
Layer 1
10
4.865681
20
6.152902
70
0
0
VERTEX
8
Layer 1
10
4.854304
20
6.190208
70
0
0
VERTEX
8
Layer 1
10
4.725717
20
6.241537
70
0
0
VERTEX
8
Layer 1
10
4.725717
20
6.241537
70
0
0
SEQEND
8
Layer 1
0
POLYLINE
8
Layer 1
62
7
70
0
10
0.000000
20
0.000000
66
1
0
VERTEX
8
Layer 1
10
4.714340
20
6.072733
70
0
0
VERTEX
8
Layer 1
10
4.679944
20
6.052625
70
0
0
VERTEX
8
Layer 1
10
4.700052
20
6.018229
70
0
0
VERTEX
8
Layer 1
10
4.777311
20
5.998121
70
0
0
VERTEX
8
Layer 1
10
4.811706
20
6.009498
70
0
0
VERTEX
8
Layer 1
10
4.800329
20
6.043893
70
0
0
VERTEX
8
Layer 1
10
4.714340
20
6.072733
70
0
0
VERTEX
8
Layer 1
10
4.714340
20
6.072733
70
0
0
SEQEND
8
Layer 1
0
POLYLINE
8
Layer 1
62
7
70
0
10
0.000000
20
0.000000
66
1
0
VERTEX
8
Layer 1
10
5.291925
20
6.187297
70
0
0
VERTEX
8
Layer 1
10
5.154606
20
6.304508
70
0
0
VERTEX
8
Layer 1
10
5.094546
20
6.290220
70
0
0
VERTEX
8
Layer 1
10
5.111744
20
6.230160
70
0
0
VERTEX
8
Layer 1
10
5.243241
20
6.138614
70
0
0
VERTEX
8
Layer 1
10
5.294835
20
6.138614
70
0
0
VERTEX
8
Layer 1
10
5.291925
20
6.187297
70
0
0
VERTEX
8
Layer 1
10
5.291925
20
6.187297
70
0
0
SEQEND
8
Layer 1
0
POLYLINE
8
Layer 1
62
7
70
0
10
0.000000
20
0.000000
66
1
0
VERTEX
8
Layer 1
10
5.117564
20
6.101308
70
0
0
VERTEX
8
Layer 1
10
5.065971
20
6.084110
70
0
0
VERTEX
8
Layer 1
10
5.083169
20
6.029871
70
0
0
VERTEX
8
Layer 1
10
5.174714
20
5.972721
70
0
0
VERTEX
8
Layer 1
10
5.220487
20
5.975631
70
0
0
VERTEX
8
Layer 1
10
5.217577
20
6.021404
70
0
0
VERTEX
8
Layer 1
10
5.117564
20
6.101308
70
0
0
VERTEX
8
Layer 1
10
5.117564
20
6.101308
70
0
0
SEQEND
8
Layer 1
0
POLYLINE
8
Layer 1
62
7
70
0
10
0.000000
20
0.000000
66
1
0
VERTEX
8
Layer 1
10
5.060414
20
5.938325
70
0
0
VERTEX
8
Layer 1
10
5.017552
20
5.926948
70
0
0
VERTEX
8
Layer 1
10
5.028929
20
5.884085
70
0
0
VERTEX
8
Layer 1
10
5.086079
20
5.844133
70
0
0
VERTEX
8
Layer 1
10
5.126031
20
5.844133
70
0
0
VERTEX
8
Layer 1
10
5.126031
20
5.884085
70
0
0
VERTEX
8
Layer 1
10
5.060414
20
5.938325
70
0
0
VERTEX
8
Layer 1
10
5.060414
20
5.938325
70
0
0
SEQEND
8
Layer 1
0
POLYLINE
8
Layer 1
62
7
70
0
10
0.000000
20
0.000000
66
1
0
VERTEX
8
Layer 1
10
4.997444
20
5.803917
70
0
0
VERTEX
8
Layer 1
10
4.957492
20
5.798096
70
0
0
VERTEX
8
Layer 1
10
4.963312
20
5.758144
70
0
0
VERTEX
8
Layer 1
10
4.994798
20
5.735390
70
0
0
VERTEX
8
Layer 1
10
5.032104
20
5.732479
70
0
0
VERTEX
8
Layer 1
10
5.035014
20
5.769785
70
0
0
VERTEX
8
Layer 1
10
4.997444
20
5.803917
70
0
0
VERTEX
8
Layer 1
10
4.997444
20
5.803917
70
0
0
SEQEND
8
Layer 1
0
POLYLINE
8
Layer 1
62
7
70
0
10
0.000000
20
0.000000
66
1
0
VERTEX
8
Layer 1
10
5.403579
20
5.769785
70
0
0
VERTEX
8
Layer 1
10
5.443531
20
5.758408
70
0
0
VERTEX
8
Layer 1
10
5.451997
20
5.798360
70
0
0
VERTEX
8
Layer 1
10
5.414691
20
5.855510
70
0
0
VERTEX
8
Layer 1
10
5.368918
20
5.855510
70
0
0
VERTEX
8
Layer 1
10
5.368918
20
5.809738
70
0
0
VERTEX
8
Layer 1
10
5.403579
20
5.769785
70
0
0
VERTEX
8
Layer 1
10
5.403579
20
5.769785
70
0
0
SEQEND
8
Layer 1
0
POLYLINE
8
Layer 1
62
7
70
0
10
0.000000
20
0.000000
66
1
0
VERTEX
8
Layer 1
10
5.320500
20
5.738300
70
0
0
VERTEX
8
Layer 1
10
5.280548
20
5.738300
70
0
0
VERTEX
8
Layer 1
10
5.280548
20
5.698348
70
0
0
VERTEX
8
Layer 1
10
5.300656
20
5.681150
70
0
0
VERTEX
8
Layer 1
10
5.335052
20
5.672684
70
0
0
VERTEX
8
Layer 1
10
5.343518
20
5.707079
70
0
0
VERTEX
8
Layer 1
10
5.320500
20
5.738300
70
0
0
VERTEX
8
Layer 1
10
5.320500
20
5.738300
70
0
0
SEQEND
8
Layer 1
0
POLYLINE
8
Layer 1
62
7
70
0
10
0.000000
20
0.000000
66
1
0
VERTEX
8
Layer 1
10
7.133687
20
8.984204
70
0
0
VERTEX
8
Layer 1
10
6.964883
20
8.984204
70
0
0
VERTEX
8
Layer 1
10
6.798989
20
9.092948
70
0
0
VERTEX
8
Layer 1
10
6.798989
20
9.092948
70
0
0
VERTEX
8
Layer 1
10
6.770414
20
9.104325
70
0
0
VERTEX
8
Layer 1
10
6.553192
20
9.104325
70
0
0
VERTEX
8
Layer 1
10
6.427250
20
9.164385
70
0
0
VERTEX
8
Layer 1
10
6.069799
20
9.292973
70
0
0
VERTEX
8
Layer 1
10
5.712347
20
9.147187
70
0
0
VERTEX
8
Layer 1
10
5.357806
20
9.292973
70
0
0
VERTEX
8
Layer 1
10
5.000354
20
9.164385
70
0
0
VERTEX
8
Layer 1
10
4.874413
20
9.104325
70
0
0
VERTEX
8
Layer 1
10
4.657190
20
9.104325
70
0
0
VERTEX
8
Layer 1
10
4.628615
20
9.092948
70
0
0
VERTEX
8
Layer 1
10
4.462721
20
8.987115
70
0
0
VERTEX
8
Layer 1
10
4.293918
20
8.987115
70
0
0
VERTEX
8
Layer 1
10
4.251055
20
8.944252
70
0
0
VERTEX
8
Layer 1
10
4.251055
20
7.439833
70
0
0
VERTEX
8
Layer 1
10
4.293918
20
7.396971
70
0
0
VERTEX
8
Layer 1
10
5.452262
20
7.396971
70
0
0
VERTEX
8
Layer 1
10
5.632443
20
7.308336
70
0
0
VERTEX
8
Layer 1
10
5.792516
20
7.308336
70
0
0
VERTEX
8
Layer 1
10
5.966876
20
7.396971
70
0
0
VERTEX
8
Layer 1
10
7.125220
20
7.396971
70
0
0
VERTEX
8
Layer 1
10
7.168083
20
7.439833
70
0
0
VERTEX
8
Layer 1
10
7.168083
20
8.944252
70
0
0
VERTEX
8
Layer 1
10
7.133687
20
8.984204
70
0
0
VERTEX
8
Layer 1
10
7.133687
20
8.984204
70
0
0
SEQEND
8
Layer 1
0
POLYLINE
8
Layer 1
62
7
70
0
10
0.000000
20
0.000000
66
1
0
VERTEX
8
Layer 1
10
5.761030
20
9.058552
70
0
0
VERTEX
8
Layer 1
10
5.817155
20
9.129262
70
0
0
VERTEX
8
Layer 1
10
6.072709
20
9.204337
70
0
0
VERTEX
8
Layer 1
10
6.378832
20
9.092683
70
0
0
VERTEX
8
Layer 1
10
6.556102
20
9.015425
70
0
0
VERTEX
8
Layer 1
10
6.727817
20
9.015425
70
0
0
VERTEX
8
Layer 1
10
6.727817
20
7.791464
70
0
0
VERTEX
8
Layer 1
10
6.550546
20
7.791464
70
0
0
VERTEX
8
Layer 1
10
6.356077
20
7.848614
70
0
0
VERTEX
8
Layer 1
10
6.041488
20
7.931429
70
0
0
VERTEX
8
Layer 1
10
5.758384
20
7.808397
70
0
0
VERTEX
8
Layer 1
10
5.761030
20
9.058552
70
0
0
VERTEX
8
Layer 1
10
5.761030
20
9.058552
70
0
0
SEQEND
8
Layer 1
0
POLYLINE
8
Layer 1
62
7
70
0
10
0.000000
20
0.000000
66
1
0
VERTEX
8
Layer 1
10
4.705609
20
9.015690
70
0
0
VERTEX
8
Layer 1
10
4.877323
20
9.015690
70
0
0
VERTEX
8
Layer 1
10
5.054594
20
9.092948
70
0
0
VERTEX
8
Layer 1
10
5.360716
20
9.204602
70
0
0
VERTEX
8
Layer 1
10
5.616270
20
9.128071
70
0
0
VERTEX
8
Layer 1
10
5.672395
20
9.047175
70
0
0
VERTEX
8
Layer 1
10
5.672395
20
7.808927
70
0
0
VERTEX
8
Layer 1
10
5.386381
20
7.931958
70
0
0
VERTEX
8
Layer 1
10
5.074702
20
7.849143
70
0
0
VERTEX
8
Layer 1
10
4.880233
20
7.791993
70
0
0
VERTEX
8
Layer 1
10
4.702963
20
7.791993
70
0
0
VERTEX
8
Layer 1
10
4.705609
20
9.015690
70
0
0
VERTEX
8
Layer 1
10
4.705609
20
9.015690
70
0
0
SEQEND
8
Layer 1
0
POLYLINE
8
Layer 1
62
7
70
0
10
0.000000
20
0.000000
66
1
0
VERTEX
8
Layer 1
10
4.519871
20
8.912767
70
0
0
VERTEX
8
Layer 1
10
4.617238
20
8.975738
70
0
0
VERTEX
8
Layer 1
10
4.617238
20
7.745956
70
0
0
VERTEX
8
Layer 1
10
4.660100
20
7.703093
70
0
0
VERTEX
8
Layer 1
10
4.880233
20
7.703093
70
0
0
VERTEX
8
Layer 1
10
5.109098
20
7.768975
70
0
0
VERTEX
8
Layer 1
10
5.386381
20
7.846233
70
0
0
VERTEX
8
Layer 1
10
5.637999
20
7.720291
70
0
0
VERTEX
8
Layer 1
10
5.669485
20
7.706004
70
0
0
VERTEX
8
Layer 1
10
5.712347
20
7.706004
70
0
0
VERTEX
8
Layer 1
10
5.712347
20
7.706004
70
0
0
VERTEX
8
Layer 1
10
5.712347
20
7.706004
70
0
0
VERTEX
8
Layer 1
10
5.755209
20
7.706004
70
0
0
VERTEX
8
Layer 1
10
5.786695
20
7.720291
70
0
0
VERTEX
8
Layer 1
10
6.038313
20
7.846233
70
0
0
VERTEX
8
Layer 1
10
6.315596
20
7.768975
70
0
0
VERTEX
8
Layer 1
10
6.544461
20
7.703093
70
0
0
VERTEX
8
Layer 1
10
6.764594
20
7.703093
70
0
0
VERTEX
8
Layer 1
10
6.807456
20
7.745956
70
0
0
VERTEX
8
Layer 1
10
6.807456
20
8.975738
70
0
0
VERTEX
8
Layer 1
10
6.904823
20
8.912767
70
0
0
VERTEX
8
Layer 1
10
6.904823
20
7.662877
70
0
0
VERTEX
8
Layer 1
10
5.926659
20
7.662877
70
0
0
VERTEX
8
Layer 1
10
5.895174
20
7.648589
70
0
0
VERTEX
8
Layer 1
10
5.735101
20
7.568421
70
0
0
VERTEX
8
Layer 1
10
5.692239
20
7.568421
70
0
0
VERTEX
8
Layer 1
10
5.526345
20
7.648589
70
0
0
VERTEX
8
Layer 1
10
5.494860
20
7.662877
70
0
0
VERTEX
8
Layer 1
10
4.513786
20
7.662877
70
0
0
VERTEX
8
Layer 1
10
4.519871
20
8.912767
70
0
0
VERTEX
8
Layer 1
10
4.519871
20
8.912767
70
0
0
SEQEND
8
Layer 1
0
POLYLINE
8
Layer 1
62
7
70
0
10
0.000000
20
0.000000
66
1
0
VERTEX
8
Layer 1
10
7.087914
20
7.479785
70
0
0
VERTEX
8
Layer 1
10
5.955499
20
7.479785
70
0
0
VERTEX
8
Layer 1
10
5.921103
20
7.462588
70
0
0
VERTEX
8
Layer 1
10
5.780874
20
7.388240
70
0
0
VERTEX
8
Layer 1
10
5.652287
20
7.388240
70
0
0
VERTEX
8
Layer 1
10
5.506501
20
7.462588
70
0
0
VERTEX
8
Layer 1
10
5.472106
20
7.476875
70
0
0
VERTEX
8
Layer 1
10
4.339690
20
7.476875
70
0
0
VERTEX
8
Layer 1
10
4.339690
20
8.892394
70
0
0
VERTEX
8
Layer 1
10
4.428326
20
8.892394
70
0
0
VERTEX
8
Layer 1
10
4.428326
20
7.616839
70
0
0
VERTEX
8
Layer 1
10
4.471188
20
7.573977
70
0
0
VERTEX
8
Layer 1
10
5.477926
20
7.573977
70
0
0
VERTEX
8
Layer 1
10
5.683772
20
7.479521
70
0
0
VERTEX
8
Layer 1
10
5.746743
20
7.479521
70
0
0
VERTEX
8
Layer 1
10
5.947032
20
7.571067
70
0
0
VERTEX
8
Layer 1
10
6.953770
20
7.571067
70
0
0
VERTEX
8
Layer 1
10
6.996633
20
7.613929
70
0
0
VERTEX
8
Layer 1
10
6.996633
20
8.895040
70
0
0
VERTEX
8
Layer 1
10
7.085268
20
8.895040
70
0
0
VERTEX
8
Layer 1
10
7.087914
20
7.479785
70
0
0
VERTEX
8
Layer 1
10
7.087914
20
7.479785
70
0
0
SEQEND
8
Layer 1
0
POLYLINE
8
Layer 1
62
7
70
0
10
0.000000
20
0.000000
66
1
0
VERTEX
8
Layer 1
10
4.894521
20
8.795557
70
0
0
VERTEX
8
Layer 1
10
5.088989
20
8.847150
70
0
0
VERTEX
8
Layer 1
10
5.160427
20
8.881546
70
0
0
VERTEX
8
Layer 1
10
5.294835
20
8.935786
70
0
0
VERTEX
8
Layer 1
10
5.483483
20
8.941606
70
0
0
VERTEX
8
Layer 1
10
5.469195
20
8.964361
70
0
0
VERTEX
8
Layer 1
10
5.491949
20
8.978648
70
0
0
VERTEX
8
Layer 1
10
5.286104
20
8.972827
70
0
0
VERTEX
8
Layer 1
10
5.143229
20
8.915677
70
0
0
VERTEX
8
Layer 1
10
5.074702
20
8.881282
70
0
0
VERTEX
8
Layer 1
10
4.891611
20
8.835509
70
0
0
VERTEX
8
Layer 1
10
4.874413
20
8.815400
70
0
0
VERTEX
8
Layer 1
10
4.894521
20
8.795557
70
0
0
VERTEX
8
Layer 1
10
4.894521
20
8.795557
70
0
0
SEQEND
8
Layer 1
0
POLYLINE
8
Layer 1
62
7
70
0
10
0.000000
20
0.000000
66
1
0
VERTEX
8
Layer 1
10
4.894521
20
8.535207
70
0
0
VERTEX
8
Layer 1
10
5.088989
20
8.583890
70
0
0
VERTEX
8
Layer 1
10
5.160427
20
8.618286
70
0
0
VERTEX
8
Layer 1
10
5.294835
20
8.672526
70
0
0
VERTEX
8
Layer 1
10
5.483483
20
8.678346
70
0
0
VERTEX
8
Layer 1
10
5.506237
20
8.692634
70
0
0
VERTEX
8
Layer 1
10
5.491949
20
8.715388
70
0
0
VERTEX
8
Layer 1
10
5.286104
20
8.709567
70
0
0
VERTEX
8
Layer 1
10
5.143229
20
8.652417
70
0
0
VERTEX
8
Layer 1
10
5.071792
20
8.618021
70
0
0
VERTEX
8
Layer 1
10
4.888700
20
8.572249
70
0
0
VERTEX
8
Layer 1
10
4.871502
20
8.552140
70
0
0
VERTEX
8
Layer 1
10
4.894521
20
8.535207
70
0
0
VERTEX
8
Layer 1
10
4.894521
20
8.535207
70
0
0
SEQEND
8
Layer 1
0
POLYLINE
8
Layer 1
62
7
70
0
10
0.000000
20
0.000000
66
1
0
VERTEX
8
Layer 1
10
4.894521
20
8.277768
70
0
0
VERTEX
8
Layer 1
10
5.088989
20
8.326451
70
0
0
VERTEX
8
Layer 1
10
5.160427
20
8.360847
70
0
0
VERTEX
8
Layer 1
10
5.294835
20
8.415086
70
0
0
VERTEX
8
Layer 1
10
5.483483
20
8.420907
70
0
0
VERTEX
8
Layer 1
10
5.506237
20
8.435195
70
0
0
VERTEX
8
Layer 1
10
5.491949
20
8.457949
70
0
0
VERTEX
8
Layer 1
10
5.286104
20
8.452128
70
0
0
VERTEX
8
Layer 1
10
5.143229
20
8.394978
70
0
0
VERTEX
8
Layer 1
10
5.074702
20
8.360847
70
0
0
VERTEX
8
Layer 1
10
4.891611
20
8.315074
70
0
0
VERTEX
8
Layer 1
10
4.874413
20
8.294966
70
0
0
VERTEX
8
Layer 1
10
4.894521
20
8.277768
70
0
0
VERTEX
8
Layer 1
10
4.894521
20
8.277768
70
0
0
SEQEND
8
Layer 1
0
POLYLINE
8
Layer 1
62
7
70
0
10
0.000000
20
0.000000
66
1
0
VERTEX
8
Layer 1
10
5.088989
20
8.069012
70
0
0
VERTEX
8
Layer 1
10
5.160427
20
8.103408
70
0
0
VERTEX
8
Layer 1
10
5.294835
20
8.157647
70
0
0
VERTEX
8
Layer 1
10
5.483483
20
8.163468
70
0
0
VERTEX
8
Layer 1
10
5.469195
20
8.186222
70
0
0
VERTEX
8
Layer 1
10
5.491949
20
8.200510
70
0
0
VERTEX
8
Layer 1
10
5.286104
20
8.194689
70
0
0
VERTEX
8
Layer 1
10
5.143229
20
8.137539
70
0
0
VERTEX
8
Layer 1
10
5.071792
20
8.103143
70
0
0
VERTEX
8
Layer 1
10
4.888700
20
8.057370
70
0
0
VERTEX
8
Layer 1
10
4.871502
20
8.037262
70
0
0
VERTEX
8
Layer 1
10
4.891611
20
8.017153
70
0
0
VERTEX
8
Layer 1
10
5.088989
20
8.069012
70
0
0
VERTEX
8
Layer 1
10
5.088989
20
8.069012
70
0
0
SEQEND
8
Layer 1
0
POLYLINE
8
Layer 1
62
7
70
0
10
0.000000
20
0.000000
66
1
0
VERTEX
8
Layer 1
10
5.938301
20
8.938431
70
0
0
VERTEX
8
Layer 1
10
6.126949
20
8.932611
70
0
0
VERTEX
8
Layer 1
10
6.261357
20
8.878371
70
0
0
VERTEX
8
Layer 1
10
6.332794
20
8.843975
70
0
0
VERTEX
8
Layer 1
10
6.530173
20
8.792382
70
0
0
VERTEX
8
Layer 1
10
6.550281
20
8.812490
70
0
0
VERTEX
8
Layer 1
10
6.530173
20
8.832598
70
0
0
VERTEX
8
Layer 1
10
6.349992
20
8.878371
70
0
0
VERTEX
8
Layer 1
10
6.278555
20
8.912767
70
0
0
VERTEX
8
Layer 1
10
6.135680
20
8.969917
70
0
0
VERTEX
8
Layer 1
10
5.929834
20
8.975738
70
0
0
VERTEX
8
Layer 1
10
5.915547
20
8.952984
70
0
0
VERTEX
8
Layer 1
10
5.938301
20
8.938431
70
0
0
VERTEX
8
Layer 1
10
5.938301
20
8.938431
70
0
0
SEQEND
8
Layer 1
0
POLYLINE
8
Layer 1
62
7
70
0
10
0.000000
20
0.000000
66
1
0
VERTEX
8
Layer 1
10
5.938301
20
8.678082
70
0
0
VERTEX
8
Layer 1
10
6.126949
20
8.672261
70
0
0
VERTEX
8
Layer 1
10
6.261357
20
8.618021
70
0
0
VERTEX
8
Layer 1
10
6.332794
20
8.583626
70
0
0
VERTEX
8
Layer 1
10
6.527263
20
8.534942
70
0
0
VERTEX
8
Layer 1
10
6.547371
20
8.552140
70
0
0
VERTEX
8
Layer 1
10
6.530173
20
8.572249
70
0
0
VERTEX
8
Layer 1
10
6.347082
20
8.618021
70
0
0
VERTEX
8
Layer 1
10
6.275644
20
8.652417
70
0
0
VERTEX
8
Layer 1
10
6.132769
20
8.709567
70
0
0
VERTEX
8
Layer 1
10
5.926924
20
8.715388
70
0
0
VERTEX
8
Layer 1
10
5.912636
20
8.692634
70
0
0
VERTEX
8
Layer 1
10
5.938301
20
8.678082
70
0
0
VERTEX
8
Layer 1
10
5.938301
20
8.678082
70
0
0
SEQEND
8
Layer 1
0
POLYLINE
8
Layer 1
62
7
70
0
10
0.000000
20
0.000000
66
1
0
VERTEX
8
Layer 1
10
5.938301
20
8.420907
70
0
0
VERTEX
8
Layer 1
10
6.126949
20
8.415086
70
0
0
VERTEX
8
Layer 1
10
6.261357
20
8.360847
70
0
0
VERTEX
8
Layer 1
10
6.332794
20
8.326451
70
0
0
VERTEX
8
Layer 1
10
6.530173
20
8.277768
70
0
0
VERTEX
8
Layer 1
10
6.550281
20
8.294966
70
0
0
VERTEX
8
Layer 1
10
6.530173
20
8.315074
70
0
0
VERTEX
8
Layer 1
10
6.349992
20
8.360847
70
0
0
VERTEX
8
Layer 1
10
6.278555
20
8.395243
70
0
0
VERTEX
8
Layer 1
10
6.135680
20
8.452393
70
0
0
VERTEX
8
Layer 1
10
5.929834
20
8.458213
70
0
0
VERTEX
8
Layer 1
10
5.912636
20
8.435459
70
0
0
VERTEX
8
Layer 1
10
5.938301
20
8.420907
70
0
0
VERTEX
8
Layer 1
10
5.938301
20
8.420907
70
0
0
SEQEND
8
Layer 1
0
POLYLINE
8
Layer 1
62
7
70
0
10
0.000000
20
0.000000
66
1
0
VERTEX
8
Layer 1
10
6.261357
20
8.100497
70
0
0
VERTEX
8
Layer 1
10
6.332794
20
8.066101
70
0
0
VERTEX
8
Layer 1
10
6.530173
20
8.017418
70
0
0
VERTEX
8
Layer 1
10
6.550281
20
8.037526
70
0
0
VERTEX
8
Layer 1
10
6.530173
20
8.057635
70
0
0
VERTEX
8
Layer 1
10
6.349992
20
8.103408
70
0
0
VERTEX
8
Layer 1
10
6.278555
20
8.137803
70
0
0
VERTEX
8
Layer 1
10
6.135680
20
8.194953
70
0
0
VERTEX
8
Layer 1
10
5.929834
20
8.200774
70
0
0
VERTEX
8
Layer 1
10
5.912636
20
8.178020
70
0
0
VERTEX
8
Layer 1
10
5.935390
20
8.163732
70
0
0
VERTEX
8
Layer 1
10
6.124038
20
8.157912
70
0
0
VERTEX
8
Layer 1
10
6.261357
20
8.100497
70
0
0
VERTEX
8
Layer 1
10
6.261357
20
8.100497
70
0
0
SEQEND
8
Layer 1
0
POLYLINE
8
Layer 1
62
7
70
0
10
0.000000
20
0.000000
66
1
0
VERTEX
8
Layer 1
10
1.382446
20
8.795557
70
0
0
VERTEX
8
Layer 1
10
1.576915
20
8.847150
70
0
0
VERTEX
8
Layer 1
10
1.648352
20
8.881546
70
0
0
VERTEX
8
Layer 1
10
1.785671
20
8.933140
70
0
0
VERTEX
8
Layer 1
10
1.974318
20
8.938961
70
0
0
VERTEX
8
Layer 1
10
1.960031
20
8.961715
70
0
0
VERTEX
8
Layer 1
10
1.982785
20
8.976002
70
0
0
VERTEX
8
Layer 1
10
1.776939
20
8.970181
70
0
0
VERTEX
8
Layer 1
10
1.634065
20
8.913032
70
0
0
VERTEX
8
Layer 1
10
1.562627
20
8.878636
70
0
0
VERTEX
8
Layer 1
10
1.382446
20
8.832863
70
0
0
VERTEX
8
Layer 1
10
1.362338
20
8.812755
70
0
0
VERTEX
8
Layer 1
10
1.382446
20
8.795557
70
0
0
VERTEX
8
Layer 1
10
1.382446
20
8.795557
70
0
0
SEQEND
8
Layer 1
0
POLYLINE
8
Layer 1
62
7
70
0
10
0.000000
20
0.000000
66
1
0
VERTEX
8
Layer 1
10
1.382446
20
8.535207
70
0
0
VERTEX
8
Layer 1
10
1.576915
20
8.583890
70
0
0
VERTEX
8
Layer 1
10
1.648352
20
8.618286
70
0
0
VERTEX
8
Layer 1
10
1.785671
20
8.672526
70
0
0
VERTEX
8
Layer 1
10
1.974318
20
8.678346
70
0
0
VERTEX
8
Layer 1
10
1.997072
20
8.692634
70
0
0
VERTEX
8
Layer 1
10
1.982785
20
8.715388
70
0
0
VERTEX
8
Layer 1
10
1.776939
20
8.709567
70
0
0
VERTEX
8
Layer 1
10
1.634065
20
8.652417
70
0
0
VERTEX
8
Layer 1
10
1.562627
20
8.618021
70
0
0
VERTEX
8
Layer 1
10
1.382446
20
8.572249
70
0
0
VERTEX
8
Layer 1
10
1.362338
20
8.552140
70
0
0
VERTEX
8
Layer 1
10
1.382446
20
8.535207
70
0
0
VERTEX
8
Layer 1
10
1.382446
20
8.535207
70
0
0
SEQEND
8
Layer 1
0
POLYLINE
8
Layer 1
62
7
70
0
10
0.000000
20
0.000000
66
1
0
VERTEX
8
Layer 1
10
1.382446
20
8.277768
70
0
0
VERTEX
8
Layer 1
10
1.576915
20
8.326451
70
0
0
VERTEX
8
Layer 1
10
1.648352
20
8.360847
70
0
0
VERTEX
8
Layer 1
10
1.785671
20
8.415086
70
0
0
VERTEX
8
Layer 1
10
1.974318
20
8.420907
70
0
0
VERTEX
8
Layer 1
10
1.997072
20
8.435195
70
0
0
VERTEX
8
Layer 1
10
1.982785
20
8.457949
70
0
0
VERTEX
8
Layer 1
10
1.776939
20
8.452128
70
0
0
VERTEX
8
Layer 1
10
1.634065
20
8.394978
70
0
0
VERTEX
8
Layer 1
10
1.562627
20
8.360582
70
0
0
VERTEX
8
Layer 1
10
1.382446
20
8.314809
70
0
0
VERTEX
8
Layer 1
10
1.362338
20
8.294701
70
0
0
VERTEX
8
Layer 1
10
1.382446
20
8.277768
70
0
0
VERTEX
8
Layer 1
10
1.382446
20
8.277768
70
0
0
SEQEND
8
Layer 1
0
POLYLINE
8
Layer 1
62
7
70
0
10
0.000000
20
0.000000
66
1
0
VERTEX
8
Layer 1
10
1.382446
20
8.017683
70
0
0
VERTEX
8
Layer 1
10
1.576915
20
8.066366
70
0
0
VERTEX
8
Layer 1
10
1.648352
20
8.100762
70
0
0
VERTEX
8
Layer 1
10
1.785671
20
8.157912
70
0
0
VERTEX
8
Layer 1
10
1.974318
20
8.163732
70
0
0
VERTEX
8
Layer 1
10
1.960031
20
8.186487
70
0
0
VERTEX
8
Layer 1
10
1.982785
20
8.200774
70
0
0
VERTEX
8
Layer 1
10
1.776939
20
8.194953
70
0
0
VERTEX
8
Layer 1
10
1.634065
20
8.137803
70
0
0
VERTEX
8
Layer 1
10
1.562627
20
8.103408
70
0
0
VERTEX
8
Layer 1
10
1.382446
20
8.057635
70
0
0
VERTEX
8
Layer 1
10
1.362338
20
8.037526
70
0
0
VERTEX
8
Layer 1
10
1.382446
20
8.017683
70
0
0
VERTEX
8
Layer 1
10
1.382446
20
8.017683
70
0
0
SEQEND
8
Layer 1
0
POLYLINE
8
Layer 1
62
7
70
0
10
0.000000
20
0.000000
66
1
0
VERTEX
8
Layer 1
10
2.440778
20
8.961450
70
0
0
VERTEX
8
Layer 1
10
2.426491
20
8.938696
70
0
0
VERTEX
8
Layer 1
10
2.615138
20
8.932875
70
0
0
VERTEX
8
Layer 1
10
2.749547
20
8.878636
70
0
0
VERTEX
8
Layer 1
10
2.820984
20
8.844240
70
0
0
VERTEX
8
Layer 1
10
3.018363
20
8.792646
70
0
0
VERTEX
8
Layer 1
10
3.038471
20
8.812755
70
0
0
VERTEX
8
Layer 1
10
3.021273
20
8.832863
70
0
0
VERTEX
8
Layer 1
10
2.838182
20
8.878636
70
0
0
VERTEX
8
Layer 1
10
2.769655
20
8.913032
70
0
0
VERTEX
8
Layer 1
10
2.626780
20
8.970181
70
0
0
VERTEX
8
Layer 1
10
2.420934
20
8.976002
70
0
0
VERTEX
8
Layer 1
10
2.440778
20
8.961450
70
0
0
VERTEX
8
Layer 1
10
2.440778
20
8.961450
70
0
0
SEQEND
8
Layer 1
0
POLYLINE
8
Layer 1
62
7
70
0
10
0.000000
20
0.000000
66
1
0
VERTEX
8
Layer 1
10
2.426491
20
8.678082
70
0
0
VERTEX
8
Layer 1
10
2.615138
20
8.672261
70
0
0
VERTEX
8
Layer 1
10
2.749547
20
8.618021
70
0
0
VERTEX
8
Layer 1
10
2.820984
20
8.583626
70
0
0
VERTEX
8
Layer 1
10
3.018363
20
8.534942
70
0
0
VERTEX
8
Layer 1
10
3.038471
20
8.552140
70
0
0
VERTEX
8
Layer 1
10
3.021273
20
8.572249
70
0
0
VERTEX
8
Layer 1
10
2.838182
20
8.618021
70
0
0
VERTEX
8
Layer 1
10
2.766744
20
8.652417
70
0
0
VERTEX
8
Layer 1
10
2.623870
20
8.709567
70
0
0
VERTEX
8
Layer 1
10
2.418024
20
8.715388
70
0
0
VERTEX
8
Layer 1
10
2.403737
20
8.692634
70
0
0
VERTEX
8
Layer 1
10
2.426491
20
8.678082
70
0
0
VERTEX
8
Layer 1
10
2.426491
20
8.678082
70
0
0
SEQEND
8
Layer 1
0
POLYLINE
8
Layer 1
62
7
70
0
10
0.000000
20
0.000000
66
1
0
VERTEX
8
Layer 1
10
2.615138
20
8.415086
70
0
0
VERTEX
8
Layer 1
10
2.749547
20
8.360847
70
0
0
VERTEX
8
Layer 1
10
2.820984
20
8.326451
70
0
0
VERTEX
8
Layer 1
10
3.018363
20
8.277768
70
0
0
VERTEX
8
Layer 1
10
3.038471
20
8.294966
70
0
0
VERTEX
8
Layer 1
10
3.021273
20
8.315074
70
0
0
VERTEX
8
Layer 1
10
2.838182
20
8.360847
70
0
0
VERTEX
8
Layer 1
10
2.769655
20
8.395243
70
0
0
VERTEX
8
Layer 1
10
2.626780
20
8.452393
70
0
0
VERTEX
8
Layer 1
10
2.420934
20
8.458213
70
0
0
VERTEX
8
Layer 1
10
2.406647
20
8.435459
70
0
0
VERTEX
8
Layer 1
10
2.429401
20
8.421172
70
0
0
VERTEX
8
Layer 1
10
2.615138
20
8.415086
70
0
0
VERTEX
8
Layer 1
10
2.615138
20
8.415086
70
0
0
SEQEND
8
Layer 1
0
POLYLINE
8
Layer 1
62
7
70
0
10
0.000000
20
0.000000
66
1
0
VERTEX
8
Layer 1
10
2.749547
20
8.100497
70
0
0
VERTEX
8
Layer 1
10
2.820984
20
8.066101
70
0
0
VERTEX
8
Layer 1
10
3.018363
20
8.017418
70
0
0
VERTEX
8
Layer 1
10
3.038471
20
8.037526
70
0
0
VERTEX
8
Layer 1
10
3.021273
20
8.057635
70
0
0
VERTEX
8
Layer 1
10
2.838182
20
8.103408
70
0
0
VERTEX
8
Layer 1
10
2.766744
20
8.137803
70
0
0
VERTEX
8
Layer 1
10
2.623870
20
8.194953
70
0
0
VERTEX
8
Layer 1
10
2.418024
20
8.200774
70
0
0
VERTEX
8
Layer 1
10
2.440778
20
8.186487
70
0
0
VERTEX
8
Layer 1
10
2.426491
20
8.163732
70
0
0
VERTEX
8
Layer 1
10
2.615138
20
8.157912
70
0
0
VERTEX
8
Layer 1
10
2.749547
20
8.100497
70
0
0
VERTEX
8
Layer 1
10
2.749547
20
8.100497
70
0
0
SEQEND
8
Layer 1
0
POLYLINE
8
Layer 1
62
7
70
0
10
0.000000
20
0.000000
66
1
0
VERTEX
8
Layer 1
10
3.613145
20
8.981294
70
0
0
VERTEX
8
Layer 1
10
3.444341
20
8.981294
70
0
0
VERTEX
8
Layer 1
10
3.281358
20
9.087127
70
0
0
VERTEX
8
Layer 1
10
3.252783
20
9.098504
70
0
0
VERTEX
8
Layer 1
10
3.035561
20
9.098504
70
0
0
VERTEX
8
Layer 1
10
2.909619
20
9.158565
70
0
0
VERTEX
8
Layer 1
10
2.552168
20
9.287152
70
0
0
VERTEX
8
Layer 1
10
2.197626
20
9.144277
70
0
0
VERTEX
8
Layer 1
10
1.843085
20
9.287152
70
0
0
VERTEX
8
Layer 1
10
1.485634
20
9.158565
70
0
0
VERTEX
8
Layer 1
10
1.359692
20
9.098504
70
0
0
VERTEX
8
Layer 1
10
1.142205
20
9.098504
70
0
0
VERTEX
8
Layer 1
10
1.110719
20
9.087127
70
0
0
VERTEX
8
Layer 1
10
0.947736
20
8.981294
70
0
0
VERTEX
8
Layer 1
10
0.779197
20
8.981294
70
0
0
VERTEX
8
Layer 1
10
0.736334
20
8.938431
70
0
0
VERTEX
8
Layer 1
10
0.736334
20
7.434013
70
0
0
VERTEX
8
Layer 1
10
0.779197
20
7.391150
70
0
0
VERTEX
8
Layer 1
10
1.937541
20
7.391150
70
0
0
VERTEX
8
Layer 1
10
2.117722
20
7.302515
70
0
0
VERTEX
8
Layer 1
10
2.277795
20
7.302515
70
0
0
VERTEX
8
Layer 1
10
2.452155
20
7.391150
70
0
0
VERTEX
8
Layer 1
10
3.610500
20
7.391150
70
0
0
VERTEX
8
Layer 1
10
3.653362
20
7.434013
70
0
0
VERTEX
8
Layer 1
10
3.653362
20
8.938431
70
0
0
VERTEX
8
Layer 1
10
3.613145
20
8.981294
70
0
0
VERTEX
8
Layer 1
10
3.613145
20
8.981294
70
0
0
SEQEND
8
Layer 1
0
POLYLINE
8
Layer 1
62
7
70
0
10
0.000000
20
0.000000
66
1
0
VERTEX
8
Layer 1
10
2.243399
20
9.055642
70
0
0
VERTEX
8
Layer 1
10
2.299524
20
9.126352
70
0
0
VERTEX
8
Layer 1
10
2.555078
20
9.201427
70
0
0
VERTEX
8
Layer 1
10
2.861201
20
9.089773
70
0
0
VERTEX
8
Layer 1
10
3.038471
20
9.012515
70
0
0
VERTEX
8
Layer 1
10
3.210186
20
9.012515
70
0
0
VERTEX
8
Layer 1
10
3.210186
20
7.788554
70
0
0
VERTEX
8
Layer 1
10
3.032915
20
7.788554
70
0
0
VERTEX
8
Layer 1
10
2.838446
20
7.848614
70
0
0
VERTEX
8
Layer 1
10
2.526768
20
7.931429
70
0
0
VERTEX
8
Layer 1
10
2.243664
20
7.808397
70
0
0
VERTEX
8
Layer 1
10
2.243399
20
9.055642
70
0
0
VERTEX
8
Layer 1
10
2.243399
20
9.055642
70
0
0
SEQEND
8
Layer 1
0
POLYLINE
8
Layer 1
62
7
70
0
10
0.000000
20
0.000000
66
1
0
VERTEX
8
Layer 1
10
1.185067
20
9.012779
70
0
0
VERTEX
8
Layer 1
10
1.359427
20
9.012779
70
0
0
VERTEX
8
Layer 1
10
1.536698
20
9.090038
70
0
0
VERTEX
8
Layer 1
10
1.842821
20
9.201692
70
0
0
VERTEX
8
Layer 1
10
2.097283
20
9.125161
70
0
0
VERTEX
8
Layer 1
10
2.154499
20
9.044265
70
0
0
VERTEX
8
Layer 1
10
2.151589
20
7.808662
70
0
0
VERTEX
8
Layer 1
10
1.868485
20
7.931693
70
0
0
VERTEX
8
Layer 1
10
1.553896
20
7.848879
70
0
0
VERTEX
8
Layer 1
10
1.359427
20
7.788818
70
0
0
VERTEX
8
Layer 1
10
1.182157
20
7.788818
70
0
0
VERTEX
8
Layer 1
10
1.185067
20
9.012779
70
0
0
VERTEX
8
Layer 1
10
1.185067
20
9.012779
70
0
0
SEQEND
8
Layer 1
0
POLYLINE
8
Layer 1
62
7
70
0
10
0.000000
20
0.000000
66
1
0
VERTEX
8
Layer 1
10
1.002240
20
8.909857
70
0
0
VERTEX
8
Layer 1
10
1.099607
20
8.972827
70
0
0
VERTEX
8
Layer 1
10
1.099607
20
7.743045
70
0
0
VERTEX
8
Layer 1
10
1.142469
20
7.700183
70
0
0
VERTEX
8
Layer 1
10
1.362602
20
7.700183
70
0
0
VERTEX
8
Layer 1
10
1.591467
20
7.766064
70
0
0
VERTEX
8
Layer 1
10
1.868750
20
7.843322
70
0
0
VERTEX
8
Layer 1
10
2.120368
20
7.717381
70
0
0
VERTEX
8
Layer 1
10
2.151854
20
7.703093
70
0
0
VERTEX
8
Layer 1
10
2.194716
20
7.703093
70
0
0
VERTEX
8
Layer 1
10
2.194716
20
7.703093
70
0
0
VERTEX
8
Layer 1
10
2.194716
20
7.703093
70
0
0
VERTEX
8
Layer 1
10
2.237578
20
7.703093
70
0
0
VERTEX
8
Layer 1
10
2.271974
20
7.717381
70
0
0
VERTEX
8
Layer 1
10
2.523593
20
7.843322
70
0
0
VERTEX
8
Layer 1
10
2.800876
20
7.766064
70
0
0
VERTEX
8
Layer 1
10
3.029740
20
7.700183
70
0
0
VERTEX
8
Layer 1
10
3.249873
20
7.700183
70
0
0
VERTEX
8
Layer 1
10
3.292735
20
7.743045
70
0
0
VERTEX
8
Layer 1
10
3.292735
20
8.972827
70
0
0
VERTEX
8
Layer 1
10
3.390102
20
8.909857
70
0
0
VERTEX
8
Layer 1
10
3.390102
20
7.659966
70
0
0
VERTEX
8
Layer 1
10
2.411939
20
7.659966
70
0
0
VERTEX
8
Layer 1
10
2.380453
20
7.645679
70
0
0
VERTEX
8
Layer 1
10
2.220381
20
7.565510
70
0
0
VERTEX
8
Layer 1
10
2.177518
20
7.565510
70
0
0
VERTEX
8
Layer 1
10
2.011625
20
7.645679
70
0
0
VERTEX
8
Layer 1
10
1.980139
20
7.659966
70
0
0
VERTEX
8
Layer 1
10
1.001976
20
7.659966
70
0
0
VERTEX
8
Layer 1
10
1.002240
20
8.909857
70
0
0
VERTEX
8
Layer 1
10
1.002240
20
8.909857
70
0
0
SEQEND
8
Layer 1
0
POLYLINE
8
Layer 1
62
7
70
0
10
0.000000
20
0.000000
66
1
0
VERTEX
8
Layer 1
10
3.570283
20
7.477140
70
0
0
VERTEX
8
Layer 1
10
2.437868
20
7.477140
70
0
0
VERTEX
8
Layer 1
10
2.403472
20
7.462852
70
0
0
VERTEX
8
Layer 1
10
2.263243
20
7.388504
70
0
0
VERTEX
8
Layer 1
10
2.134656
20
7.388504
70
0
0
VERTEX
8
Layer 1
10
1.988870
20
7.462852
70
0
0
VERTEX
8
Layer 1
10
1.954475
20
7.477140
70
0
0
VERTEX
8
Layer 1
10
0.822059
20
7.477140
70
0
0
VERTEX
8
Layer 1
10
0.822059
20
8.892659
70
0
0
VERTEX
8
Layer 1
10
0.910695
20
8.892659
70
0
0
VERTEX
8
Layer 1
10
0.910695
20
7.617104
70
0
0
VERTEX
8
Layer 1
10
0.953557
20
7.574242
70
0
0
VERTEX
8
Layer 1
10
1.960295
20
7.574242
70
0
0
VERTEX
8
Layer 1
10
2.166141
20
7.479785
70
0
0
VERTEX
8
Layer 1
10
2.226201
20
7.479785
70
0
0
VERTEX
8
Layer 1
10
2.426491
20
7.571331
70
0
0
VERTEX
8
Layer 1
10
3.433229
20
7.571331
70
0
0
VERTEX
8
Layer 1
10
3.476091
20
7.614194
70
0
0
VERTEX
8
Layer 1
10
3.476091
20
8.889748
70
0
0
VERTEX
8
Layer 1
10
3.564727
20
8.889748
70
0
0
VERTEX
8
Layer 1
10
3.570283
20
7.477140
70
0
0
VERTEX
8
Layer 1
10
3.570283
20
7.477140
70
0
0
SEQEND
8
Layer 1
0
POLYLINE
8
Layer 1
62
7
70
0
10
0.000000
20
0.000000
66
1
0
VERTEX
8
Layer 1
10
3.956310
20
10.385436
70
0
0
VERTEX
8
Layer 1
10
3.177675
20
10.288565
70
0
0
VERTEX
8
Layer 1
10
2.815163
20
10.004966
70
0
0
VERTEX
8
Layer 1
10
3.126842
20
9.739060
70
0
0
VERTEX
8
Layer 1
10
3.207011
20
9.727683
70
0
0
VERTEX
8
Layer 1
10
3.138484
20
9.762078
70
0
0
VERTEX
8
Layer 1
10
2.904063
20
10.005230
70
0
0
VERTEX
8
Layer 1
10
3.205456
20
10.202642
70
0
0
VERTEX
8
Layer 1
10
3.959485
20
10.297065
70
0
0
VERTEX
8
Layer 1
10
4.713513
20
10.202642
70
0
0
VERTEX
8
Layer 1
10
5.014906
20
10.005230
70
0
0
VERTEX
8
Layer 1
10
4.788952
20
9.762078
70
0
0
VERTEX
8
Layer 1
10
4.723071
20
9.730593
70
0
0
VERTEX
8
Layer 1
10
4.794509
20
9.741970
70
0
0
VERTEX
8
Layer 1
10
5.103277
20
10.004966
70
0
0
VERTEX
8
Layer 1
10
4.734680
20
10.287474
70
0
0
VERTEX
8
Layer 1
10
3.956310
20
10.385436
70
0
0
VERTEX
8
Layer 1
10
3.956310
20
10.385436
70
0
0
SEQEND
8
Layer 1
0
POLYLINE
8
Layer 1
62
7
70
0
10
0.000000
20
0.000000
66
1
0
VERTEX
8
Layer 1
10
5.266260
20
10.808769
70
0
0
VERTEX
8
Layer 1
10
5.091900
20
10.497090
70
0
0
VERTEX
8
Layer 1
10
5.088989
20
10.491269
70
0
0
VERTEX
8
Layer 1
10
5.083169
20
10.494180
70
0
0
VERTEX
8
Layer 1
10
4.902988
20
10.576994
70
0
0
VERTEX
8
Layer 1
10
3.962130
20
10.719869
70
0
0
VERTEX
8
Layer 1
10
3.959220
20
10.719869
70
0
0
VERTEX
8
Layer 1
10
3.018363
20
10.576994
70
0
0
VERTEX
8
Layer 1
10
2.838182
20
10.494180
70
0
0
VERTEX
8
Layer 1
10
2.832361
20
10.491269
70
0
0
VERTEX
8
Layer 1
10
2.829451
20
10.497090
70
0
0
VERTEX
8
Layer 1
10
2.655090
20
10.808769
70
0
0
VERTEX
8
Layer 1
10
2.629426
20
10.791571
70
0
0
VERTEX
8
Layer 1
10
2.749547
20
10.437030
70
0
0
VERTEX
8
Layer 1
10
2.781032
20
10.382790
70
0
0
VERTEX
8
Layer 1
10
2.823894
20
10.385700
70
0
0
VERTEX
8
Layer 1
10
3.046938
20
10.497355
70
0
0
VERTEX
8
Layer 1
10
3.956310
20
10.631763
70
0
0
VERTEX
8
Layer 1
10
3.959220
20
10.631763
70
0
0
VERTEX
8
Layer 1
10
4.871502
20
10.497355
70
0
0
VERTEX
8
Layer 1
10
5.094546
20
10.385700
70
0
0
VERTEX
8
Layer 1
10
5.134498
20
10.382790
70
0
0
VERTEX
8
Layer 1
10
5.165983
20
10.437030
70
0
0
VERTEX
8
Layer 1
10
5.286104
20
10.791571
70
0
0
VERTEX
8
Layer 1
10
5.266260
20
10.808769
70
0
0
VERTEX
8
Layer 1
10
5.266260
20
10.808769
70
0
0
SEQEND
8
Layer 1
0
POLYLINE
8
Layer 1
62
7
70
0
10
0.000000
20
0.000000
66
1
0
VERTEX
8
Layer 1
10
4.039389
20
10.511377
70
0
0
VERTEX
8
Layer 1
10
3.962130
20
10.588636
70
0
0
VERTEX
8
Layer 1
10
3.884872
20
10.511377
70
0
0
VERTEX
8
Layer 1
10
3.962130
20
10.434119
70
0
0
VERTEX
8
Layer 1
10
4.039389
20
10.511377
70
0
0
VERTEX
8
Layer 1
10
4.039389
20
10.511377
70
0
0
SEQEND
8
Layer 1
0
POLYLINE
8
Layer 1
62
7
70
0
10
0.000000
20
0.000000
66
1
0
VERTEX
8
Layer 1
10
3.490379
20
10.465605
70
0
0
VERTEX
8
Layer 1
10
3.413121
20
10.542863
70
0
0
VERTEX
8
Layer 1
10
3.335862
20
10.465605
70
0
0
VERTEX
8
Layer 1
10
3.413121
20
10.388346
70
0
0
VERTEX
8
Layer 1
10
3.490379
20
10.465605
70
0
0
VERTEX
8
Layer 1
10
3.490379
20
10.465605
70
0
0
SEQEND
8
Layer 1
0
POLYLINE
8
Layer 1
62
7
70
0
10
0.000000
20
0.000000
66
1
0
VERTEX
8
Layer 1
10
2.929728
20
10.228274
70
0
0
VERTEX
8
Layer 1
10
2.961213
20
10.334107
70
0
0
VERTEX
8
Layer 1
10
2.855380
20
10.365592
70
0
0
VERTEX
8
Layer 1
10
2.823894
20
10.259759
70
0
0
VERTEX
8
Layer 1
10
2.929728
20
10.228274
70
0
0
VERTEX
8
Layer 1
10
2.929728
20
10.228274
70
0
0
SEQEND
8
Layer 1
0
POLYLINE
8
Layer 1
62
7
70
0
10
0.000000
20
0.000000
66
1
0
VERTEX
8
Layer 1
10
3.187167
20
10.402634
70
0
0
VERTEX
8
Layer 1
10
3.147215
20
10.442586
70
0
0
VERTEX
8
Layer 1
10
3.107263
20
10.402634
70
0
0
VERTEX
8
Layer 1
10
3.147215
20
10.362682
70
0
0
VERTEX
8
Layer 1
10
3.187167
20
10.402634
70
0
0
VERTEX
8
Layer 1
10
3.187167
20
10.402634
70
0
0
SEQEND
8
Layer 1
0
POLYLINE
8
Layer 1
62
7
70
0
10
0.000000
20
0.000000
66
1
0
VERTEX
8
Layer 1
10
3.727710
20
10.497090
70
0
0
VERTEX
8
Layer 1
10
3.687758
20
10.537042
70
0
0
VERTEX
8
Layer 1
10
3.647806
20
10.497090
70
0
0
VERTEX
8
Layer 1
10
3.687758
20
10.457138
70
0
0
VERTEX
8
Layer 1
10
3.727710
20
10.497090
70
0
0
VERTEX
8
Layer 1
10
3.727710
20
10.497090
70
0
0
SEQEND
8
Layer 1
0
POLYLINE
8
Layer 1
62
7
70
0
10
0.000000
20
0.000000
66
1
0
VERTEX
8
Layer 1
10
4.588398
20
10.465605
70
0
0
VERTEX
8
Layer 1
10
4.511140
20
10.542863
70
0
0
VERTEX
8
Layer 1
10
4.433882
20
10.465605
70
0
0
VERTEX
8
Layer 1
10
4.511140
20
10.388346
70
0
0
VERTEX
8
Layer 1
10
4.588398
20
10.465605
70
0
0
VERTEX
8
Layer 1
10
4.588398
20
10.465605
70
0
0
SEQEND
8
Layer 1
0
POLYLINE
8
Layer 1
62
7
70
0
10
0.000000
20
0.000000
66
1
0
VERTEX
8
Layer 1
10
5.065971
20
10.362682
70
0
0
VERTEX
8
Layer 1
10
4.960138
20
10.331196
70
0
0
VERTEX
8
Layer 1
10
4.988712
20
10.225363
70
0
0
VERTEX
8
Layer 1
10
5.094546
20
10.256849
70
0
0
VERTEX
8
Layer 1
10
5.065971
20
10.362682
70
0
0
VERTEX
8
Layer 1
10
5.065971
20
10.362682
70
0
0
SEQEND
8
Layer 1
0
POLYLINE
8
Layer 1
62
7
70
0
10
0.000000
20
0.000000
66
1
0
VERTEX
8
Layer 1
10
4.817263
20
10.402634
70
0
0
VERTEX
8
Layer 1
10
4.777311
20
10.442586
70
0
0
VERTEX
8
Layer 1
10
4.737359
20
10.402634
70
0
0
VERTEX
8
Layer 1
10
4.777311
20
10.362682
70
0
0
VERTEX
8
Layer 1
10
4.817263
20
10.402634
70
0
0
VERTEX
8
Layer 1
10
4.817263
20
10.402634
70
0
0
SEQEND
8
Layer 1
0
POLYLINE
8
Layer 1
62
7
70
0
10
0.000000
20
0.000000
66
1
0
VERTEX
8
Layer 1
10
4.276720
20
10.497090
70
0
0
VERTEX
8
Layer 1
10
4.236768
20
10.537042
70
0
0
VERTEX
8
Layer 1
10
4.196816
20
10.497090
70
0
0
VERTEX
8
Layer 1
10
4.236768
20
10.457138
70
0
0
VERTEX
8
Layer 1
10
4.276720
20
10.497090
70
0
0
VERTEX
8
Layer 1
10
4.276720
20
10.497090
70
0
0
SEQEND
8
Layer 1
0
POLYLINE
8
Layer 1
62
7
70
0
10
0.000000
20
0.000000
66
1
0
VERTEX
8
Layer 1
10
3.959220
20
11.458055
70
0
0
VERTEX
8
Layer 1
10
3.879051
20
11.380797
70
0
0
VERTEX
8
Layer 1
10
3.959220
20
11.300629
70
0
0
VERTEX
8
Layer 1
10
4.036478
20
11.380797
70
0
0
VERTEX
8
Layer 1
10
3.959220
20
11.458055
70
0
0
VERTEX
8
Layer 1
10
3.959220
20
11.458055
70
0
0
SEQEND
8
Layer 1
0
POLYLINE
8
Layer 1
62
7
70
0
10
0.000000
20
0.000000
66
1
0
VERTEX
8
Layer 1
10
3.959220
20
11.681099
70
0
0
VERTEX
8
Layer 1
10
3.879051
20
11.603841
70
0
0
VERTEX
8
Layer 1
10
3.959220
20
11.523672
70
0
0
VERTEX
8
Layer 1
10
4.036478
20
11.603841
70
0
0
VERTEX
8
Layer 1
10
3.959220
20
11.681099
70
0
0
VERTEX
8
Layer 1
10
3.959220
20
11.681099
70
0
0
SEQEND
8
Layer 1
0
POLYLINE
8
Layer 1
62
7
70
0
10
0.000000
20
0.000000
66
1
0
VERTEX
8
Layer 1
10
3.959220
20
11.901232
70
0
0
VERTEX
8
Layer 1
10
3.879051
20
11.821063
70
0
0
VERTEX
8
Layer 1
10
3.959220
20
11.740895
70
0
0
VERTEX
8
Layer 1
10
4.036478
20
11.821063
70
0
0
VERTEX
8
Layer 1
10
3.959220
20
11.901232
70
0
0
VERTEX
8
Layer 1
10
3.959220
20
11.901232
70
0
0
SEQEND
8
Layer 1
0
POLYLINE
8
Layer 1
62
7
70
0
10
0.000000
20
0.000000
66
1
0
VERTEX
8
Layer 1
10
3.579014
20
11.723961
70
0
0
VERTEX
8
Layer 1
10
3.656272
20
11.801220
70
0
0
VERTEX
8
Layer 1
10
3.579014
20
11.881388
70
0
0
VERTEX
8
Layer 1
10
3.498846
20
11.801220
70
0
0
VERTEX
8
Layer 1
10
3.579014
20
11.723961
70
0
0
VERTEX
8
Layer 1
10
3.579014
20
11.723961
70
0
0
SEQEND
8
Layer 1
0
POLYLINE
8
Layer 1
62
7
70
0
10
0.000000
20
0.000000
66
1
0
VERTEX
8
Layer 1
10
3.318665
20
11.807040
70
0
0
VERTEX
8
Layer 1
10
3.398833
20
11.887209
70
0
0
VERTEX
8
Layer 1
10
3.318665
20
11.967378
70
0
0
VERTEX
8
Layer 1
10
3.238496
20
11.887209
70
0
0
VERTEX
8
Layer 1
10
3.318665
20
11.807040
70
0
0
VERTEX
8
Layer 1
10
3.318665
20
11.807040
70
0
0
SEQEND
8
Layer 1
0
POLYLINE
8
Layer 1
62
7
70
0
10
0.000000
20
0.000000
66
1
0
VERTEX
8
Layer 1
10
3.052759
20
11.867101
70
0
0
VERTEX
8
Layer 1
10
3.130017
20
11.947269
70
0
0
VERTEX
8
Layer 1
10
3.052759
20
12.027438
70
0
0
VERTEX
8
Layer 1
10
2.972590
20
11.947269
70
0
0
VERTEX
8
Layer 1
10
3.052759
20
11.867101
70
0
0
VERTEX
8
Layer 1
10
3.052759
20
11.867101
70
0
0
SEQEND
8
Layer 1
0
POLYLINE
8
Layer 1
62
7
70
0
10
0.000000
20
0.000000
66
1
0
VERTEX
8
Layer 1
10
2.781032
20
11.829795
70
0
0
VERTEX
8
Layer 1
10
2.861201
20
11.909963
70
0
0
VERTEX
8
Layer 1
10
2.781032
20
11.990132
70
0
0
VERTEX
8
Layer 1
10
2.703774
20
11.909963
70
0
0
VERTEX
8
Layer 1
10
2.781032
20
11.829795
70
0
0
VERTEX
8
Layer 1
10
2.781032
20
11.829795
70
0
0
SEQEND
8
Layer 1
0
POLYLINE
8
Layer 1
62
7
70
0
10
0.000000
20
0.000000
66
1
0
VERTEX
8
Layer 1
10
2.546611
20
11.681099
70
0
0
VERTEX
8
Layer 1
10
2.626780
20
11.761268
70
0
0
VERTEX
8
Layer 1
10
2.546611
20
11.841436
70
0
0
VERTEX
8
Layer 1
10
2.469353
20
11.761268
70
0
0
VERTEX
8
Layer 1
10
2.546611
20
11.681099
70
0
0
VERTEX
8
Layer 1
10
2.546611
20
11.681099
70
0
0
SEQEND
8
Layer 1
0
POLYLINE
8
Layer 1
62
7
70
0
10
0.000000
20
0.000000
66
1
0
VERTEX
8
Layer 1
10
2.412203
20
11.443768
70
0
0
VERTEX
8
Layer 1
10
2.492372
20
11.523937
70
0
0
VERTEX
8
Layer 1
10
2.412203
20
11.601195
70
0
0
VERTEX
8
Layer 1
10
2.332035
20
11.523937
70
0
0
VERTEX
8
Layer 1
10
2.412203
20
11.443768
70
0
0
VERTEX
8
Layer 1
10
2.412203
20
11.443768
70
0
0
SEQEND
8
Layer 1
0
POLYLINE
8
Layer 1
62
7
70
0
10
0.000000
20
0.000000
66
1
0
VERTEX
8
Layer 1
10
2.492107
20
11.243479
70
0
0
VERTEX
8
Layer 1
10
2.411939
20
11.323647
70
0
0
VERTEX
8
Layer 1
10
2.334680
20
11.243479
70
0
0
VERTEX
8
Layer 1
10
2.411939
20
11.163310
70
0
0
VERTEX
8
Layer 1
10
2.492107
20
11.243479
70
0
0
VERTEX
8
Layer 1
10
2.492107
20
11.243479
70
0
0
SEQEND
8
Layer 1
0
POLYLINE
8
Layer 1
62
7
70
0
10
0.000000
20
0.000000
66
1
0
VERTEX
8
Layer 1
10
2.512216
20
11.066208
70
0
0
VERTEX
8
Layer 1
10
2.432047
20
10.988950
70
0
0
VERTEX
8
Layer 1
10
2.512216
20
10.908781
70
0
0
VERTEX
8
Layer 1
10
2.592384
20
10.988950
70
0
0
VERTEX
8
Layer 1
10
2.512216
20
11.066208
70
0
0
VERTEX
8
Layer 1
10
2.512216
20
11.066208
70
0
0
SEQEND
8
Layer 1
0
POLYLINE
8
Layer 1
62
7
70
0
10
0.000000
20
0.000000
66
1
0
VERTEX
8
Layer 1
10
4.868592
20
9.933793
70
0
0
VERTEX
8
Layer 1
10
4.530422
20
10.127203
70
0
0
VERTEX
8
Layer 1
10
3.956310
20
10.176945
70
0
0
VERTEX
8
Layer 1
10
3.380742
20
10.127203
70
0
0
VERTEX
8
Layer 1
10
3.041117
20
9.933793
70
0
0
VERTEX
8
Layer 1
10
3.379651
20
9.740383
70
0
0
VERTEX
8
Layer 1
10
3.956310
20
9.690641
70
0
0
VERTEX
8
Layer 1
10
4.530422
20
9.740283
70
0
0
VERTEX
8
Layer 1
10
4.868592
20
9.933793
70
0
0
VERTEX
8
Layer 1
10
4.868592
20
9.933793
70
0
0
SEQEND
8
Layer 1
0
POLYLINE
8
Layer 1
62
7
70
0
10
0.000000
20
0.000000
66
1
0
VERTEX
8
Layer 1
10
3.956310
20
9.779276
70
0
0
VERTEX
8
Layer 1
10
3.338144
20
9.839370
70
0
0
VERTEX
8
Layer 1
10
3.129752
20
9.933793
70
0
0
VERTEX
8
Layer 1
10
3.338144
20
10.028216
70
0
0
VERTEX
8
Layer 1
10
3.956310
20
10.088309
70
0
0
VERTEX
8
Layer 1
10
4.574475
20
10.028216
70
0
0
VERTEX
8
Layer 1
10
4.782867
20
9.933793
70
0
0
VERTEX
8
Layer 1
10
3.956310
20
9.779276
70
0
0
VERTEX
8
Layer 1
10
3.956310
20
9.779276
70
0
0
SEQEND
8
Layer 1
0
POLYLINE
8
Layer 1
62
7
70
0
10
0.000000
20
0.000000
66
1
0
VERTEX
8
Layer 1
10
3.836189
20
12.067125
70
0
0
VERTEX
8
Layer 1
10
3.919003
20
12.067125
70
0
0
VERTEX
8
Layer 1
10
3.919003
20
11.981401
70
0
0
VERTEX
8
Layer 1
10
3.961866
20
11.938538
70
0
0
VERTEX
8
Layer 1
10
4.004728
20
11.981401
70
0
0
VERTEX
8
Layer 1
10
4.004728
20
12.067125
70
0
0
VERTEX
8
Layer 1
10
4.087543
20
12.067125
70
0
0
VERTEX
8
Layer 1
10
4.130405
20
12.109988
70
0
0
VERTEX
8
Layer 1
10
4.087543
20
12.152850
70
0
0
VERTEX
8
Layer 1
10
4.004728
20
12.152850
70
0
0
VERTEX
8
Layer 1
10
4.004728
20
12.233019
70
0
0
VERTEX
8
Layer 1
10
3.961866
20
12.275881
70
0
0
VERTEX
8
Layer 1
10
3.919003
20
12.233019
70
0
0
VERTEX
8
Layer 1
10
3.919003
20
12.152850
70
0
0
VERTEX
8
Layer 1
10
3.836189
20
12.152850
70
0
0
VERTEX
8
Layer 1
10
3.793326
20
12.109988
70
0
0
VERTEX
8
Layer 1
10
3.836189
20
12.067125
70
0
0
VERTEX
8
Layer 1
10
3.836189
20
12.067125
70
0
0
SEQEND
8
Layer 1
0
POLYLINE
8
Layer 1
62
7
70
0
10
0.000000
20
0.000000
66
1
0
VERTEX
8
Layer 1
10
2.803786
20
10.777283
70
0
0
VERTEX
8
Layer 1
10
2.803786
20
10.777283
70
0
0
VERTEX
8
Layer 1
10
2.806696
20
10.771463
70
0
0
VERTEX
8
Layer 1
10
2.806696
20
10.774373
70
0
0
VERTEX
8
Layer 1
10
3.069692
20
10.674361
70
0
0
VERTEX
8
Layer 1
10
3.238496
20
10.783104
70
0
0
VERTEX
8
Layer 1
10
3.230029
20
10.925979
70
0
0
VERTEX
8
Layer 1
10
3.172879
20
10.948733
70
0
0
VERTEX
8
Layer 1
10
3.167059
20
10.902960
70
0
0
VERTEX
8
Layer 1
10
3.141394
20
10.817235
70
0
0
VERTEX
8
Layer 1
10
3.087154
20
10.825702
70
0
0
VERTEX
8
Layer 1
10
3.090065
20
10.897139
70
0
0
VERTEX
8
Layer 1
10
3.033940
20
10.966460
70
0
0
VERTEX
8
Layer 1
10
3.087154
20
11.057212
70
0
0
VERTEX
8
Layer 1
10
3.255958
20
10.959846
70
0
0
VERTEX
8
Layer 1
10
3.270246
20
10.965666
70
0
0
VERTEX
8
Layer 1
10
3.158592
20
11.177333
70
0
0
VERTEX
8
Layer 1
10
3.221563
20
11.331849
70
0
0
VERTEX
8
Layer 1
10
3.261515
20
11.337670
70
0
0
VERTEX
8
Layer 1
10
3.375814
20
11.220460
70
0
0
VERTEX
8
Layer 1
10
3.355706
20
10.983129
70
0
0
VERTEX
8
Layer 1
10
3.372904
20
10.983129
70
0
0
VERTEX
8
Layer 1
10
3.490114
20
11.137645
70
0
0
VERTEX
8
Layer 1
10
3.574913
20
11.074013
70
0
0
VERTEX
8
Layer 1
10
3.550175
20
10.988950
70
0
0
VERTEX
8
Layer 1
10
3.581660
20
10.928889
70
0
0
VERTEX
8
Layer 1
10
3.532977
20
10.897404
70
0
0
VERTEX
8
Layer 1
10
3.475827
20
10.965931
70
0
0
VERTEX
8
Layer 1
10
3.453073
20
11.005883
70
0
0
VERTEX
8
Layer 1
10
3.410210
20
10.963021
70
0
0
VERTEX
8
Layer 1
10
3.458894
20
10.828612
70
0
0
VERTEX
8
Layer 1
10
3.673470
20
10.788660
70
0
0
VERTEX
8
Layer 1
10
3.862118
20
10.914602
70
0
0
VERTEX
8
Layer 1
10
3.744908
20
10.868829
70
0
0
VERTEX
8
Layer 1
10
3.736441
20
10.868829
70
0
0
VERTEX
8
Layer 1
10
3.710777
20
10.897404
70
0
0
VERTEX
8
Layer 1
10
3.710777
20
11.069118
70
0
0
VERTEX
8
Layer 1
10
3.736441
20
11.094783
70
0
0
VERTEX
8
Layer 1
10
3.747818
20
11.091873
70
0
0
VERTEX
8
Layer 1
10
3.867939
20
11.043189
70
0
0
VERTEX
8
Layer 1
10
3.833543
20
11.140556
70
0
0
VERTEX
8
Layer 1
10
3.830633
20
11.151933
70
0
0
VERTEX
8
Layer 1
10
3.859208
20
11.180508
70
0
0
VERTEX
8
Layer 1
10
3.962130
20
11.180508
70
0
0
VERTEX
8
Layer 1
10
4.065053
20
11.180508
70
0
0
VERTEX
8
Layer 1
10
4.093628
20
11.151933
70
0
0
VERTEX
8
Layer 1
10
4.090718
20
11.140556
70
0
0
VERTEX
8
Layer 1
10
4.056322
20
11.043189
70
0
0
VERTEX
8
Layer 1
10
4.179353
20
11.091873
70
0
0
VERTEX
8
Layer 1
10
4.190730
20
11.094783
70
0
0
VERTEX
8
Layer 1
10
4.219305
20
11.069118
70
0
0
VERTEX
8
Layer 1
10
4.219305
20
10.897404
70
0
0
VERTEX
8
Layer 1
10
4.190730
20
10.868829
70
0
0
VERTEX
8
Layer 1
10
4.182263
20
10.868829
70
0
0
VERTEX
8
Layer 1
10
4.062143
20
10.914602
70
0
0
VERTEX
8
Layer 1
10
4.250790
20
10.788660
70
0
0
VERTEX
8
Layer 1
10
4.465367
20
10.828612
70
0
0
VERTEX
8
Layer 1
10
4.514051
20
10.963021
70
0
0
VERTEX
8
Layer 1
10
4.471188
20
11.005883
70
0
0
VERTEX
8
Layer 1
10
4.448434
20
10.965931
70
0
0
VERTEX
8
Layer 1
10
4.391284
20
10.897404
70
0
0
VERTEX
8
Layer 1
10
4.345511
20
10.928889
70
0
0
VERTEX
8
Layer 1
10
4.376997
20
10.988950
70
0
0
VERTEX
8
Layer 1
10
4.352258
20
11.074013
70
0
0
VERTEX
8
Layer 1
10
4.437057
20
11.137645
70
0
0
VERTEX
8
Layer 1
10
4.554267
20
10.983129
70
0
0
VERTEX
8
Layer 1
10
4.571465
20
10.983129
70
0
0
VERTEX
8
Layer 1
10
4.551357
20
11.220460
70
0
0
VERTEX
8
Layer 1
10
4.665657
20
11.337670
70
0
0
VERTEX
8
Layer 1
10
4.705609
20
11.331849
70
0
0
VERTEX
8
Layer 1
10
4.768579
20
11.177333
70
0
0
VERTEX
8
Layer 1
10
4.656925
20
10.965666
70
0
0
VERTEX
8
Layer 1
10
4.671213
20
10.959846
70
0
0
VERTEX
8
Layer 1
10
4.840017
20
11.057212
70
0
0
VERTEX
8
Layer 1
10
4.894322
20
10.965369
70
0
0
VERTEX
8
Layer 1
10
4.837106
20
10.897139
70
0
0
VERTEX
8
Layer 1
10
4.840017
20
10.825702
70
0
0
VERTEX
8
Layer 1
10
4.785777
20
10.817235
70
0
0
VERTEX
8
Layer 1
10
4.760113
20
10.902960
70
0
0
VERTEX
8
Layer 1
10
4.754292
20
10.948733
70
0
0
VERTEX
8
Layer 1
10
4.697142
20
10.925979
70
0
0
VERTEX
8
Layer 1
10
4.688675
20
10.783104
70
0
0
VERTEX
8
Layer 1
10
4.857479
20
10.674361
70
0
0
VERTEX
8
Layer 1
10
5.120475
20
10.774373
70
0
0
VERTEX
8
Layer 1
10
5.120475
20
10.771463
70
0
0
VERTEX
8
Layer 1
10
5.123385
20
10.777283
70
0
0
VERTEX
8
Layer 1
10
5.123385
20
10.780194
70
0
0
VERTEX
8
Layer 1
10
5.400668
20
11.397995
70
0
0
VERTEX
8
Layer 1
10
5.261597
20
11.695750
70
0
0
VERTEX
8
Layer 1
10
4.914365
20
11.815507
70
0
0
VERTEX
8
Layer 1
10
4.565380
20
11.732693
70
0
0
VERTEX
8
Layer 1
10
4.207928
20
11.661255
70
0
0
VERTEX
8
Layer 1
10
4.207928
20
11.907317
70
0
0
VERTEX
8
Layer 1
10
4.165066
20
11.950180
70
0
0
VERTEX
8
Layer 1
10
4.122203
20
11.907317
70
0
0
VERTEX
8
Layer 1
10
4.122203
20
11.263851
70
0
0
VERTEX
8
Layer 1
10
3.813435
20
11.263851
70
0
0
VERTEX
8
Layer 1
10
3.813435
20
11.907317
70
0
0
VERTEX
8
Layer 1
10
3.770572
20
11.950180
70
0
0
VERTEX
8
Layer 1
10
3.727710
20
11.907317
70
0
0
VERTEX
8
Layer 1
10
3.727710
20
11.661255
70
0
0
VERTEX
8
Layer 1
10
3.373169
20
11.732693
70
0
0
VERTEX
8
Layer 1
10
3.015717
20
11.812861
70
0
0
VERTEX
8
Layer 1
10
2.667261
20
11.693104
70
0
0
VERTEX
8
Layer 1
10
2.526768
20
11.395349
70
0
0
VERTEX
8
Layer 1
10
2.803786
20
10.777283
70
0
0
VERTEX
8
Layer 1
10
2.803786
20
10.777283
70
0
0
SEQEND
8
Layer 1
0
POLYLINE
8
Layer 1
62
7
70
0
10
0.000000
20
0.000000
66
1
0
VERTEX
8
Layer 1
10
4.591309
20
11.649613
70
0
0
VERTEX
8
Layer 1
10
4.908808
20
11.726872
70
0
0
VERTEX
8
Layer 1
10
5.194790
20
11.631820
70
0
0
VERTEX
8
Layer 1
10
5.309122
20
11.395085
70
0
0
VERTEX
8
Layer 1
10
5.266260
20
11.203527
70
0
0
VERTEX
8
Layer 1
10
5.206200
20
11.335024
70
0
0
VERTEX
8
Layer 1
10
4.854304
20
11.475253
70
0
0
VERTEX
8
Layer 1
10
4.493942
20
11.606751
70
0
0
VERTEX
8
Layer 1
10
4.456636
20
11.603841
70
0
0
VERTEX
8
Layer 1
10
4.591309
20
11.649613
70
0
0
VERTEX
8
Layer 1
10
4.591309
20
11.649613
70
0
0
SEQEND
8
Layer 1
0
POLYLINE
8
Layer 1
62
7
70
0
10
0.000000
20
0.000000
66
1
0
VERTEX
8
Layer 1
10
4.205282
20
11.569445
70
0
0
VERTEX
8
Layer 1
10
4.285451
20
11.569445
70
0
0
VERTEX
8
Layer 1
10
4.205282
20
11.523672
70
0
0
VERTEX
8
Layer 1
10
4.205282
20
11.569445
70
0
0
VERTEX
8
Layer 1
10
4.205282
20
11.569445
70
0
0
SEQEND
8
Layer 1
0
POLYLINE
8
Layer 1
62
7
70
0
10
0.000000
20
0.000000
66
1
0
VERTEX
8
Layer 1
10
4.208193
20
11.409372
70
0
0
VERTEX
8
Layer 1
10
4.494207
20
11.521026
70
0
0
VERTEX
8
Layer 1
10
4.805886
20
11.403816
70
0
0
VERTEX
8
Layer 1
10
4.843192
20
11.386618
70
0
0
VERTEX
8
Layer 1
10
5.140583
20
11.280785
70
0
0
VERTEX
8
Layer 1
10
5.186356
20
11.032077
70
0
0
VERTEX
8
Layer 1
10
5.186356
20
11.029166
70
0
0
VERTEX
8
Layer 1
10
5.143494
20
10.963285
70
0
0
VERTEX
8
Layer 1
10
4.954846
20
11.277874
70
0
0
VERTEX
8
Layer 1
10
4.914894
20
11.277874
70
0
0
VERTEX
8
Layer 1
10
4.993905
20
11.154546
70
0
0
VERTEX
8
Layer 1
10
5.049302
20
10.917512
70
0
0
VERTEX
8
Layer 1
10
4.911983
20
10.754529
70
0
0
VERTEX
8
Layer 1
10
4.894785
20
10.754529
70
0
0
VERTEX
8
Layer 1
10
4.929181
20
10.828877
70
0
0
VERTEX
8
Layer 1
10
4.926271
20
10.854542
70
0
0
VERTEX
8
Layer 1
10
4.923360
20
10.860362
70
0
0
VERTEX
8
Layer 1
10
4.983421
20
10.991860
70
0
0
VERTEX
8
Layer 1
10
4.983421
20
11.009058
70
0
0
VERTEX
8
Layer 1
10
4.874677
20
11.140556
70
0
0
VERTEX
8
Layer 1
10
4.846102
20
11.149022
70
0
0
VERTEX
8
Layer 1
10
4.851923
20
11.166220
70
0
0
VERTEX
8
Layer 1
10
4.854833
20
11.206172
70
0
0
VERTEX
8
Layer 1
10
4.737623
20
11.420749
70
0
0
VERTEX
8
Layer 1
10
4.666186
20
11.435037
70
0
0
VERTEX
8
Layer 1
10
4.463251
20
11.243479
70
0
0
VERTEX
8
Layer 1
10
4.460340
20
11.226281
70
0
0
VERTEX
8
Layer 1
10
4.428855
20
11.229191
70
0
0
VERTEX
8
Layer 1
10
4.302913
20
11.180508
70
0
0
VERTEX
8
Layer 1
10
4.242853
20
11.209083
70
0
0
VERTEX
8
Layer 1
10
4.348686
20
11.317826
70
0
0
VERTEX
8
Layer 1
10
4.474628
20
11.400641
70
0
0
VERTEX
8
Layer 1
10
4.420388
20
11.417839
70
0
0
VERTEX
8
Layer 1
10
4.331753
20
11.395085
70
0
0
VERTEX
8
Layer 1
10
4.203166
20
11.300629
70
0
0
VERTEX
8
Layer 1
10
4.203166
20
11.412283
70
0
0
VERTEX
8
Layer 1
10
4.208193
20
11.409372
70
0
0
VERTEX
8
Layer 1
10
4.208193
20
11.409372
70
0
0
SEQEND
8
Layer 1
0
POLYLINE
8
Layer 1
62
7
70
0
10
0.000000
20
0.000000
66
1
0
VERTEX
8
Layer 1
10
3.621877
20
11.174952
70
0
0
VERTEX
8
Layer 1
10
3.495935
20
11.223635
70
0
0
VERTEX
8
Layer 1
10
3.467360
20
11.220724
70
0
0
VERTEX
8
Layer 1
10
3.464450
20
11.237922
70
0
0
VERTEX
8
Layer 1
10
3.261515
20
11.429480
70
0
0
VERTEX
8
Layer 1
10
3.190077
20
11.415193
70
0
0
VERTEX
8
Layer 1
10
3.072867
20
11.200616
70
0
0
VERTEX
8
Layer 1
10
3.075777
20
11.160664
70
0
0
VERTEX
8
Layer 1
10
3.081598
20
11.143466
70
0
0
VERTEX
8
Layer 1
10
3.053023
20
11.135000
70
0
0
VERTEX
8
Layer 1
10
2.944280
20
11.003502
70
0
0
VERTEX
8
Layer 1
10
2.944280
20
10.986304
70
0
0
VERTEX
8
Layer 1
10
3.004340
20
10.854806
70
0
0
VERTEX
8
Layer 1
10
3.001430
20
10.848985
70
0
0
VERTEX
8
Layer 1
10
2.998519
20
10.823321
70
0
0
VERTEX
8
Layer 1
10
3.035825
20
10.748973
70
0
0
VERTEX
8
Layer 1
10
3.018627
20
10.748973
70
0
0
VERTEX
8
Layer 1
10
2.881309
20
10.911956
70
0
0
VERTEX
8
Layer 1
10
2.935714
20
11.150081
70
0
0
VERTEX
8
Layer 1
10
3.015717
20
11.272318
70
0
0
VERTEX
8
Layer 1
10
2.975765
20
11.272318
70
0
0
VERTEX
8
Layer 1
10
2.787117
20
10.957729
70
0
0
VERTEX
8
Layer 1
10
2.744255
20
11.023610
70
0
0
VERTEX
8
Layer 1
10
2.744255
20
11.026521
70
0
0
VERTEX
8
Layer 1
10
2.787117
20
11.275229
70
0
0
VERTEX
8
Layer 1
10
3.084509
20
11.381062
70
0
0
VERTEX
8
Layer 1
10
3.121815
20
11.398260
70
0
0
VERTEX
8
Layer 1
10
3.433494
20
11.515470
70
0
0
VERTEX
8
Layer 1
10
3.719508
20
11.403816
70
0
0
VERTEX
8
Layer 1
10
3.722418
20
11.400905
70
0
0
VERTEX
8
Layer 1
10
3.722418
20
11.289251
70
0
0
VERTEX
8
Layer 1
10
3.593831
20
11.383708
70
0
0
VERTEX
8
Layer 1
10
3.505196
20
11.406462
70
0
0
VERTEX
8
Layer 1
10
3.450956
20
11.389264
70
0
0
VERTEX
8
Layer 1
10
3.576898
20
11.306449
70
0
0
VERTEX
8
Layer 1
10
3.682731
20
11.197706
70
0
0
VERTEX
8
Layer 1
10
3.621877
20
11.174952
70
0
0
VERTEX
8
Layer 1
10
3.621877
20
11.174952
70
0
0
SEQEND
8
Layer 1
0
POLYLINE
8
Layer 1
62
7
70
0
10
0.000000
20
0.000000
66
1
0
VERTEX
8
Layer 1
10
3.718979
20
11.569445
70
0
0
VERTEX
8
Layer 1
10
3.718979
20
11.523672
70
0
0
VERTEX
8
Layer 1
10
3.638810
20
11.569445
70
0
0
VERTEX
8
Layer 1
10
3.718979
20
11.569445
70
0
0
VERTEX
8
Layer 1
10
3.718979
20
11.569445
70
0
0
SEQEND
8
Layer 1
0
POLYLINE
8
Layer 1
62
7
70
0
10
0.000000
20
0.000000
66
1
0
VERTEX
8
Layer 1
10
3.015452
20
11.726872
70
0
0
VERTEX
8
Layer 1
10
3.332952
20
11.649613
70
0
0
VERTEX
8
Layer 1
10
3.464450
20
11.603841
70
0
0
VERTEX
8
Layer 1
10
3.427144
20
11.606751
70
0
0
VERTEX
8
Layer 1
10
3.066782
20
11.475253
70
0
0
VERTEX
8
Layer 1
10
2.714886
20
11.335024
70
0
0
VERTEX
8
Layer 1
10
2.654826
20
11.203527
70
0
0
VERTEX
8
Layer 1
10
2.611963
20
11.395085
70
0
0
VERTEX
8
Layer 1
10
2.729174
20
11.631721
70
0
0
VERTEX
8
Layer 1
10
3.015452
20
11.726872
70
0
0
VERTEX
8
Layer 1
10
3.015452
20
11.726872
70
0
0
SEQEND
8
Layer 1
0
POLYLINE
8
Layer 1
62
7
70
0
10
0.000000
20
0.000000
66
1
0
VERTEX
8
Layer 1
10
4.345247
20
11.723961
70
0
0
VERTEX
8
Layer 1
10
4.422505
20
11.801220
70
0
0
VERTEX
8
Layer 1
10
4.345247
20
11.881388
70
0
0
VERTEX
8
Layer 1
10
4.265078
20
11.801220
70
0
0
VERTEX
8
Layer 1
10
4.345247
20
11.723961
70
0
0
VERTEX
8
Layer 1
10
4.345247
20
11.723961
70
0
0
SEQEND
8
Layer 1
0
POLYLINE
8
Layer 1
62
7
70
0
10
0.000000
20
0.000000
66
1
0
VERTEX
8
Layer 1
10
4.605596
20
11.807040
70
0
0
VERTEX
8
Layer 1
10
4.685765
20
11.887209
70
0
0
VERTEX
8
Layer 1
10
4.605596
20
11.967378
70
0
0
VERTEX
8
Layer 1
10
4.525428
20
11.887209
70
0
0
VERTEX
8
Layer 1
10
4.605596
20
11.807040
70
0
0
VERTEX
8
Layer 1
10
4.605596
20
11.807040
70
0
0
SEQEND
8
Layer 1
0
POLYLINE
8
Layer 1
62
7
70
0
10
0.000000
20
0.000000
66
1
0
VERTEX
8
Layer 1
10
4.871502
20
11.867101
70
0
0
VERTEX
8
Layer 1
10
4.948760
20
11.947269
70
0
0
VERTEX
8
Layer 1
10
4.871502
20
12.027438
70
0
0
VERTEX
8
Layer 1
10
4.791334
20
11.947269
70
0
0
VERTEX
8
Layer 1
10
4.871502
20
11.867101
70
0
0
VERTEX
8
Layer 1
10
4.871502
20
11.867101
70
0
0
SEQEND
8
Layer 1
0
POLYLINE
8
Layer 1
62
7
70
0
10
0.000000
20
0.000000
66
1
0
VERTEX
8
Layer 1
10
5.143229
20
11.829795
70
0
0
VERTEX
8
Layer 1
10
5.220487
20
11.909963
70
0
0
VERTEX
8
Layer 1
10
5.143229
20
11.990132
70
0
0
VERTEX
8
Layer 1
10
5.063060
20
11.909963
70
0
0
VERTEX
8
Layer 1
10
5.143229
20
11.829795
70
0
0
VERTEX
8
Layer 1
10
5.143229
20
11.829795
70
0
0
SEQEND
8
Layer 1
0
POLYLINE
8
Layer 1
62
7
70
0
10
0.000000
20
0.000000
66
1
0
VERTEX
8
Layer 1
10
5.377649
20
11.681099
70
0
0
VERTEX
8
Layer 1
10
5.457818
20
11.761268
70
0
0
VERTEX
8
Layer 1
10
5.377649
20
11.841436
70
0
0
VERTEX
8
Layer 1
10
5.300391
20
11.761268
70
0
0
VERTEX
8
Layer 1
10
5.377649
20
11.681099
70
0
0
VERTEX
8
Layer 1
10
5.377649
20
11.681099
70
0
0
SEQEND
8
Layer 1
0
POLYLINE
8
Layer 1
62
7
70
0
10
0.000000
20
0.000000
66
1
0
VERTEX
8
Layer 1
10
5.514968
20
11.443768
70
0
0
VERTEX
8
Layer 1
10
5.595137
20
11.523937
70
0
0
VERTEX
8
Layer 1
10
5.514968
20
11.601195
70
0
0
VERTEX
8
Layer 1
10
5.434799
20
11.523937
70
0
0
VERTEX
8
Layer 1
10
5.514968
20
11.443768
70
0
0
VERTEX
8
Layer 1
10
5.514968
20
11.443768
70
0
0
SEQEND
8
Layer 1
0
POLYLINE
8
Layer 1
62
7
70
0
10
0.000000
20
0.000000
66
1
0
VERTEX
8
Layer 1
10
5.512322
20
11.323647
70
0
0
VERTEX
8
Layer 1
10
5.432154
20
11.243479
70
0
0
VERTEX
8
Layer 1
10
5.512322
20
11.163310
70
0
0
VERTEX
8
Layer 1
10
5.592491
20
11.243479
70
0
0
VERTEX
8
Layer 1
10
5.512322
20
11.323647
70
0
0
VERTEX
8
Layer 1
10
5.512322
20
11.323647
70
0
0
SEQEND
8
Layer 1
0
POLYLINE
8
Layer 1
62
7
70
0
10
0.000000
20
0.000000
66
1
0
VERTEX
8
Layer 1
10
5.412045
20
11.066208
70
0
0
VERTEX
8
Layer 1
10
5.331877
20
10.988950
70
0
0
VERTEX
8
Layer 1
10
5.412045
20
10.908781
70
0
0
VERTEX
8
Layer 1
10
5.492214
20
10.988950
70
0
0
VERTEX
8
Layer 1
10
5.412045
20
11.066208
70
0
0
VERTEX
8
Layer 1
10
5.412045
20
11.066208
70
0
0
SEQEND
8
Layer 1
0
POLYLINE
8
Layer 1
62
7
70
0
10
0.000000
20
0.000000
66
1
0
VERTEX
8
Layer 1
10
3.962130
20
11.172041
70
0
0
VERTEX
8
Layer 1
10
3.962130
20
11.172041
70
0
0
VERTEX
8
Layer 1
10
3.962130
20
11.172041
70
0
0
VERTEX
8
Layer 1
10
3.962130
20
11.172041
70
0
0
SEQEND
8
Layer 1
0
POLYLINE
8
Layer 1
62
7
70
0
10
0.000000
20
0.000000
66
1
0
VERTEX
8
Layer 1
10
6.515886
20
15.701967
70
0
0
VERTEX
8
Layer 1
10
6.527263
20
15.747740
70
0
0
VERTEX
8
Layer 1
10
6.481490
20
15.850662
70
0
0
VERTEX
8
Layer 1
10
6.319565
20
15.881817
70
0
0
VERTEX
8
Layer 1
10
6.172721
20
15.807800
70
0
0
VERTEX
8
Layer 1
10
6.132769
20
15.876327
70
0
0
VERTEX
8
Layer 1
10
6.138590
20
15.919189
70
0
0
VERTEX
8
Layer 1
10
6.044134
20
16.013645
70
0
0
VERTEX
8
Layer 1
10
6.038313
20
16.016556
70
0
0
VERTEX
8
Layer 1
10
6.238603
20
16.108102
70
0
0
VERTEX
8
Layer 1
10
6.244423
20
16.162341
70
0
0
VERTEX
8
Layer 1
10
6.312950
20
16.153874
70
0
0
VERTEX
8
Layer 1
10
6.613252
20
16.205468
70
0
0
VERTEX
8
Layer 1
10
6.624629
20
16.248331
70
0
0
VERTEX
8
Layer 1
10
6.587323
20
16.342787
70
0
0
VERTEX
8
Layer 1
10
6.578856
20
16.357074
70
0
0
VERTEX
8
Layer 1
10
6.736019
20
16.551543
70
0
0
VERTEX
8
Layer 1
10
6.713264
20
16.645999
70
0
0
VERTEX
8
Layer 1
10
6.478844
20
16.708970
70
0
0
VERTEX
8
Layer 1
10
6.456090
20
16.703149
70
0
0
VERTEX
8
Layer 1
10
6.456090
20
16.708970
70
0
0
VERTEX
8
Layer 1
10
6.459000
20
16.746276
70
0
0
VERTEX
8
Layer 1
10
6.430425
20
16.829090
70
0
0
VERTEX
8
Layer 1
10
6.367454
20
16.869042
70
0
0
VERTEX
8
Layer 1
10
6.413227
20
16.986253
70
0
0
VERTEX
8
Layer 1
10
6.396029
20
17.060600
70
0
0
VERTEX
8
Layer 1
10
6.321682
20
17.137859
70
0
0
VERTEX
8
Layer 1
10
6.092817
20
17.100552
70
0
0
VERTEX
8
Layer 1
10
6.078530
20
17.132038
70
0
0
VERTEX
8
Layer 1
10
6.086996
20
17.180721
70
0
0
VERTEX
8
Layer 1
10
6.066888
20
17.272267
70
0
0
VERTEX
8
Layer 1
10
6.181188
20
17.415142
70
0
0
VERTEX
8
Layer 1
10
6.184098
20
17.440806
70
0
0
VERTEX
8
Layer 1
10
6.152613
20
17.523621
70
0
0
VERTEX
8
Layer 1
10
5.889618
20
17.560927
70
0
0
VERTEX
8
Layer 1
10
5.881151
20
17.558016
70
0
0
VERTEX
8
Layer 1
10
5.772407
20
17.649562
70
0
0
VERTEX
8
Layer 1
10
5.563651
20
17.549550
70
0
0
VERTEX
8
Layer 1
10
5.537987
20
17.529441
70
0
0
VERTEX
8
Layer 1
10
5.529520
20
17.537908
70
0
0
VERTEX
8
Layer 1
10
5.443795
20
17.592148
70
0
0
VERTEX
8
Layer 1
10
5.263614
20
17.449273
70
0
0
VERTEX
8
Layer 1
10
5.260704
20
17.449273
70
0
0
VERTEX
8
Layer 1
10
5.214931
20
17.497956
70
0
0
VERTEX
8
Layer 1
10
5.226308
20
17.509333
70
0
0
VERTEX
8
Layer 1
10
5.335052
20
17.678137
70
0
0
VERTEX
8
Layer 1
10
5.335052
20
17.683958
70
0
0
VERTEX
8
Layer 1
10
5.283458
20
17.792702
70
0
0
VERTEX
8
Layer 1
10
5.143229
20
17.858583
70
0
0
VERTEX
8
Layer 1
10
4.940294
20
17.735552
70
0
0
VERTEX
8
Layer 1
10
4.934473
20
17.729731
70
0
0
VERTEX
8
Layer 1
10
4.914365
20
17.775504
70
0
0
VERTEX
8
Layer 1
10
4.920185
20
17.824187
70
0
0
VERTEX
8
Layer 1
10
4.908808
20
17.881337
70
0
0
VERTEX
8
Layer 1
10
4.886054
20
17.912822
70
0
0
VERTEX
8
Layer 1
10
5.000354
20
18.087182
70
0
0
VERTEX
8
Layer 1
10
4.986067
20
18.144332
70
0
0
VERTEX
8
Layer 1
10
4.848748
20
18.244345
70
0
0
VERTEX
8
Layer 1
10
4.848748
20
18.247255
70
0
0
VERTEX
8
Layer 1
10
4.851658
20
18.313136
70
0
0
VERTEX
8
Layer 1
10
4.740004
20
18.481940
70
0
0
VERTEX
8
Layer 1
10
4.511140
20
18.355999
70
0
0
VERTEX
8
Layer 1
10
4.499763
20
18.341711
70
0
0
VERTEX
8
Layer 1
10
4.368265
20
18.396215
70
0
0
VERTEX
8
Layer 1
10
4.236768
20
18.479030
70
0
0
VERTEX
8
Layer 1
10
4.059497
20
18.276095
70
0
0
VERTEX
8
Layer 1
10
4.042299
20
18.233232
70
0
0
VERTEX
8
Layer 1
10
4.028012
20
18.236143
70
0
0
VERTEX
8
Layer 1
10
3.904980
20
18.227676
70
0
0
VERTEX
8
Layer 1
10
3.844920
20
18.121843
70
0
0
VERTEX
8
Layer 1
10
3.916358
20
17.918908
70
0
0
VERTEX
8
Layer 1
10
3.927735
20
17.893243
70
0
0
VERTEX
8
Layer 1
10
3.813435
20
17.833183
70
0
0
VERTEX
8
Layer 1
10
3.790681
20
17.778943
70
0
0
VERTEX
8
Layer 1
10
3.770572
20
17.799052
70
0
0
VERTEX
8
Layer 1
10
3.764752
20
18.170791
70
0
0
VERTEX
8
Layer 1
10
3.701781
20
18.202276
70
0
0
VERTEX
8
Layer 1
10
3.676116
20
18.193809
70
0
0
VERTEX
8
Layer 1
10
3.567373
20
18.428230
70
0
0
VERTEX
8
Layer 1
10
3.438785
20
18.408122
70
0
0
VERTEX
8
Layer 1
10
3.325180
20
18.522818
70
0
0
VERTEX
8
Layer 1
10
3.164148
20
18.545440
70
0
0
VERTEX
8
Layer 1
10
3.092711
20
18.425320
70
0
0
VERTEX
8
Layer 1
10
3.135573
20
18.250959
70
0
0
VERTEX
8
Layer 1
10
3.138484
20
18.242493
70
0
0
VERTEX
8
Layer 1
10
3.015452
20
18.148037
70
0
0
VERTEX
8
Layer 1
10
3.009632
20
18.113641
70
0
0
VERTEX
8
Layer 1
10
3.009632
20
18.105174
70
0
0
VERTEX
8
Layer 1
10
2.758013
20
18.116551
70
0
0
VERTEX
8
Layer 1
10
2.692132
20
17.987964
70
0
0
VERTEX
8
Layer 1
10
2.760659
20
17.785029
70
0
0
VERTEX
8
Layer 1
10
2.660647
20
17.664908
70
0
0
VERTEX
8
Layer 1
10
2.660647
20
17.642154
70
0
0
VERTEX
8
Layer 1
10
2.746801
20
17.497361
70
0
0
VERTEX
8
Layer 1
10
2.895067
20
17.436308
70
0
0
VERTEX
8
Layer 1
10
2.909355
20
17.430487
70
0
0
VERTEX
8
Layer 1
10
2.906444
20
17.427577
70
0
0
VERTEX
8
Layer 1
10
2.837917
20
17.390271
70
0
0
VERTEX
8
Layer 1
10
2.809342
20
17.410379
70
0
0
VERTEX
8
Layer 1
10
2.661242
20
17.478840
70
0
0
VERTEX
8
Layer 1
10
2.472264
20
17.415142
70
0
0
VERTEX
8
Layer 1
10
2.432047
20
17.323596
70
0
0
VERTEX
8
Layer 1
10
2.514861
20
17.160613
70
0
0
VERTEX
8
Layer 1
10
2.540526
20
17.126217
70
0
0
VERTEX
8
Layer 1
10
2.526238
20
17.100552
70
0
0
VERTEX
8
Layer 1
10
2.497928
20
17.011917
70
0
0
VERTEX
8
Layer 1
10
2.500839
20
16.989163
70
0
0
VERTEX
8
Layer 1
10
2.480730
20
16.974876
70
0
0
VERTEX
8
Layer 1
10
2.477820
20
17.017738
70
0
0
VERTEX
8
Layer 1
10
2.377807
20
17.234961
70
0
0
VERTEX
8
Layer 1
10
2.266153
20
17.192098
70
0
0
VERTEX
8
Layer 1
10
2.263243
20
17.197919
70
0
0
VERTEX
8
Layer 1
10
2.117458
20
17.429429
70
0
0
VERTEX
8
Layer 1
10
2.006068
20
17.332327
70
0
0
VERTEX
8
Layer 1
10
1.997602
20
17.320950
70
0
0
VERTEX
8
Layer 1
10
1.988870
20
17.329417
70
0
0
VERTEX
8
Layer 1
10
1.805779
20
17.412231
70
0
0
VERTEX
8
Layer 1
10
1.711323
20
17.249248
70
0
0
VERTEX
8
Layer 1
10
1.725610
20
17.137594
70
0
0
VERTEX
8
Layer 1
10
1.728521
20
17.114840
70
0
0
VERTEX
8
Layer 1
10
1.717144
20
17.109019
70
0
0
VERTEX
8
Layer 1
10
1.617131
20
17.020384
70
0
0
VERTEX
8
Layer 1
10
1.608400
20
16.980432
70
0
0
VERTEX
8
Layer 1
10
1.799958
20
16.783053
70
0
0
VERTEX
8
Layer 1
10
1.745719
20
16.737280
70
0
0
VERTEX
8
Layer 1
10
1.585646
20
16.754478
70
0
0
VERTEX
8
Layer 1
10
1.511298
20
16.631447
70
0
0
VERTEX
8
Layer 1
10
1.511298
20
16.614249
70
0
0
VERTEX
8
Layer 1
10
1.313919
20
16.531434
70
0
0
VERTEX
8
Layer 1
10
1.291165
20
16.439889
70
0
0
VERTEX
8
Layer 1
10
1.308363
20
16.365541
70
0
0
VERTEX
8
Layer 1
10
1.485634
20
16.242510
70
0
0
VERTEX
8
Layer 1
10
1.457059
20
16.182449
70
0
0
VERTEX
8
Layer 1
10
1.488544
20
16.087993
70
0
0
VERTEX
8
Layer 1
10
1.691479
20
16.079527
70
0
0
VERTEX
8
Layer 1
10
1.805779
20
16.090904
70
0
0
VERTEX
8
Layer 1
10
1.762917
20
16.027933
70
0
0
VERTEX
8
Layer 1
10
1.717144
20
16.030843
70
0
0
VERTEX
8
Layer 1
10
1.622688
20
15.948029
70
0
0
VERTEX
8
Layer 1
10
1.393823
20
16.045395
70
0
0
VERTEX
8
Layer 1
10
1.305188
20
15.931096
70
0
0
VERTEX
8
Layer 1
10
1.311009
20
15.876856
70
0
0
VERTEX
8
Layer 1
10
1.311009
20
15.873946
70
0
0
VERTEX
8
Layer 1
10
1.299632
20
15.876856
70
0
0
VERTEX
8
Layer 1
10
1.119451
20
15.868389
70
0
0
VERTEX
8
Layer 1
10
1.062301
20
15.771023
70
0
0
VERTEX
8
Layer 1
10
1.059390
20
15.736627
70
0
0
VERTEX
8
Layer 1
10
1.253859
20
15.559356
70
0
0
VERTEX
8
Layer 1
10
1.219463
20
15.470721
70
0
0
VERTEX
8
Layer 1
10
1.259415
20
15.387907
70
0
0
VERTEX
8
Layer 1
10
1.519765
20
15.396373
70
0
0
VERTEX
8
Layer 1
10
1.525586
20
15.399284
70
0
0
VERTEX
8
Layer 1
10
1.534052
20
15.350600
70
0
0
VERTEX
8
Layer 1
10
1.536963
20
15.322026
70
0
0
VERTEX
8
Layer 1
10
1.516854
20
15.316205
70
0
0
VERTEX
8
Layer 1
10
1.388267
20
15.236036
70
0
0
VERTEX
8
Layer 1
10
1.376890
20
15.181797
70
0
0
VERTEX
8
Layer 1
10
1.385357
20
15.127557
70
0
0
VERTEX
8
Layer 1
10
1.605490
20
15.018813
70
0
0
VERTEX
8
Layer 1
10
1.622688
20
15.018813
70
0
0
VERTEX
8
Layer 1
10
1.625598
20
15.010347
70
0
0
VERTEX
8
Layer 1
10
1.677192
20
14.890226
70
0
0
VERTEX
8
Layer 1
10
1.850560
20
14.871540
70
0
0
VERTEX
8
Layer 1
10
1.991781
20
14.964574
70
0
0
VERTEX
8
Layer 1
10
1.991781
20
14.964574
70
0
0
VERTEX
8
Layer 1
10
2.026177
20
14.938909
70
0
0
VERTEX
8
Layer 1
10
2.060572
20
14.878849
70
0
0
VERTEX
8
Layer 1
10
2.060572
20
14.878849
70
0
0
VERTEX
8
Layer 1
10
2.049195
20
14.867472
70
0
0
VERTEX
8
Layer 1
10
1.934895
20
14.673003
70
0
0
VERTEX
8
Layer 1
10
1.966381
20
14.578547
70
0
0
VERTEX
8
Layer 1
10
2.232287
20
14.601301
70
0
0
VERTEX
8
Layer 1
10
2.295258
20
14.629876
70
0
0
VERTEX
8
Layer 1
10
2.295258
20
14.629876
70
0
0
VERTEX
8
Layer 1
10
2.298168
20
14.618499
70
0
0
VERTEX
8
Layer 1
10
2.446864
20
14.526954
70
0
0
VERTEX
8
Layer 1
10
2.652709
20
14.738620
70
0
0
VERTEX
8
Layer 1
10
2.678374
20
14.795770
70
0
0
VERTEX
8
Layer 1
10
2.729967
20
14.738620
70
0
0
VERTEX
8
Layer 1
10
2.790028
20
14.749997
70
0
0
VERTEX
8
Layer 1
10
2.947190
20
15.053209
70
0
0
VERTEX
8
Layer 1
10
3.296175
20
14.672739
70
0
0
VERTEX
8
Layer 1
10
3.467889
20
14.383814
70
0
0
VERTEX
8
Layer 1
10
3.599387
20
14.163681
70
0
0
VERTEX
8
Layer 1
10
3.287708
20
13.663090
70
0
0
VERTEX
8
Layer 1
10
3.219181
20
13.628694
70
0
0
VERTEX
8
Layer 1
10
2.724411
20
13.342680
70
0
0
VERTEX
8
Layer 1
10
2.687105
20
13.345591
70
0
0
VERTEX
8
Layer 1
10
2.512745
20
13.299818
70
0
0
VERTEX
8
Layer 1
10
2.324097
20
13.348501
70
0
0
VERTEX
8
Layer 1
10
2.040993
20
13.199805
70
0
0
VERTEX
8
Layer 1
10
2.049460
20
12.891037
70
0
0
VERTEX
8
Layer 1
10
2.329653
20
12.756629
70
0
0
VERTEX
8
Layer 1
10
2.495547
20
12.799491
70
0
0
VERTEX
8
Layer 1
10
2.664351
20
12.759539
70
0
0
VERTEX
8
Layer 1
10
2.844532
20
12.802402
70
0
0
VERTEX
8
Layer 1
10
3.001694
20
12.756629
70
0
0
VERTEX
8
Layer 1
10
3.156211
20
12.799491
70
0
0
VERTEX
8
Layer 1
10
3.313373
20
12.762185
70
0
0
VERTEX
8
Layer 1
10
3.479266
20
12.802137
70
0
0
VERTEX
8
Layer 1
10
3.639339
20
12.756364
70
0
0
VERTEX
8
Layer 1
10
3.793856
20
12.799227
70
0
0
VERTEX
8
Layer 1
10
3.948372
20
12.761920
70
0
0
VERTEX
8
Layer 1
10
4.114266
20
12.801872
70
0
0
VERTEX
8
Layer 1
10
4.271428
20
12.759010
70
0
0
VERTEX
8
Layer 1
10
4.425944
20
12.801872
70
0
0
VERTEX
8
Layer 1
10
4.583107
20
12.764566
70
0
0
VERTEX
8
Layer 1
10
4.749000
20
12.804518
70
0
0
VERTEX
8
Layer 1
10
4.906163
20
12.758745
70
0
0
VERTEX
8
Layer 1
10
5.057769
20
12.801608
70
0
0
VERTEX
8
Layer 1
10
5.214931
20
12.764302
70
0
0
VERTEX
8
Layer 1
10
5.392202
20
12.810075
70
0
0
VERTEX
8
Layer 1
10
5.583760
20
12.758481
70
0
0
VERTEX
8
Layer 1
10
5.869774
20
12.912997
70
0
0
VERTEX
8
Layer 1
10
5.858397
20
13.216209
70
0
0
VERTEX
8
Layer 1
10
5.581114
20
13.350618
70
0
0
VERTEX
8
Layer 1
10
5.415220
20
13.307755
70
0
0
VERTEX
8
Layer 1
10
5.292189
20
13.345061
70
0
0
VERTEX
8
Layer 1
10
4.897431
20
13.591124
70
0
0
VERTEX
8
Layer 1
10
4.860125
20
13.605411
70
0
0
VERTEX
8
Layer 1
10
4.459811
20
13.931377
70
0
0
VERTEX
8
Layer 1
10
4.451344
20
13.942754
70
0
0
VERTEX
8
Layer 1
10
4.387745
20
14.304109
70
0
0
VERTEX
8
Layer 1
10
4.508494
20
14.834928
70
0
0
VERTEX
8
Layer 1
10
4.845838
20
15.120942
70
0
0
VERTEX
8
Layer 1
10
4.928652
20
14.872234
70
0
0
VERTEX
8
Layer 1
10
5.000090
20
14.834928
70
0
0
VERTEX
8
Layer 1
10
5.040042
20
14.855037
70
0
0
VERTEX
8
Layer 1
10
5.051419
20
14.829372
70
0
0
VERTEX
8
Layer 1
10
5.225779
20
14.614795
70
0
0
VERTEX
8
Layer 1
10
5.351720
20
14.663478
70
0
0
VERTEX
8
Layer 1
10
5.520524
20
14.566112
70
0
0
VERTEX
8
Layer 1
10
5.640645
20
14.631993
70
0
0
VERTEX
8
Layer 1
10
5.855222
20
14.677766
70
0
0
VERTEX
8
Layer 1
10
5.877976
20
14.749203
70
0
0
VERTEX
8
Layer 1
10
5.803628
20
14.866414
70
0
0
VERTEX
8
Layer 1
10
5.797807
20
14.869324
70
0
0
VERTEX
8
Layer 1
10
5.837759
20
14.943672
70
0
0
VERTEX
8
Layer 1
10
5.917928
20
14.963780
70
0
0
VERTEX
8
Layer 1
10
5.966611
20
15.052415
70
0
0
VERTEX
8
Layer 1
10
5.972432
20
15.052415
70
0
0
VERTEX
8
Layer 1
10
6.138326
20
15.120942
70
0
0
VERTEX
8
Layer 1
10
6.152613
20
15.175182
70
0
0
VERTEX
8
Layer 1
10
6.218494
20
15.249530
70
0
0
VERTEX
8
Layer 1
10
6.218494
20
15.249530
70
0
0
VERTEX
8
Layer 1
10
6.412963
20
15.215134
70
0
0
VERTEX
8
Layer 1
10
6.487311
20
15.358009
70
0
0
VERTEX
8
Layer 1
10
6.487311
20
15.358009
70
0
0
VERTEX
8
Layer 1
10
6.678869
20
15.375207
70
0
0
VERTEX
8
Layer 1
10
6.741839
20
15.486861
70
0
0
VERTEX
8
Layer 1
10
6.744750
20
15.518346
70
0
0
VERTEX
8
Layer 1
10
6.660381
20
15.660857
70
0
0
VERTEX
8
Layer 1
10
6.515886
20
15.701967
70
0
0
VERTEX
8
Layer 1
10
6.515886
20
15.701967
70
0
0
SEQEND
8
Layer 1
0
POLYLINE
8
Layer 1
62
7
70
0
10
0.000000
20
0.000000
66
1
0
VERTEX
8
Layer 1
10
6.110015
20
15.848017
70
0
0
VERTEX
8
Layer 1
10
6.075619
20
15.816531
70
0
0
VERTEX
8
Layer 1
10
6.110015
20
15.848017
70
0
0
VERTEX
8
Layer 1
10
6.110015
20
15.848017
70
0
0
SEQEND
8
Layer 1
0
POLYLINE
8
Layer 1
62
7
70
0
10
0.000000
20
0.000000
66
1
0
VERTEX
8
Layer 1
10
6.047044
20
15.908077
70
0
0
VERTEX
8
Layer 1
10
6.018470
20
15.885323
70
0
0
VERTEX
8
Layer 1
10
5.978517
20
15.850927
70
0
0
VERTEX
8
Layer 1
10
5.967140
20
15.816531
70
0
0
VERTEX
8
Layer 1
10
5.718432
20
15.619152
70
0
0
VERTEX
8
Layer 1
10
5.707055
20
15.639261
70
0
0
VERTEX
8
Layer 1
10
5.638528
20
15.805154
70
0
0
VERTEX
8
Layer 1
10
5.649905
20
16.025287
70
0
0
VERTEX
8
Layer 1
10
5.961584
20
15.965227
70
0
0
VERTEX
8
Layer 1
10
6.007357
20
15.933741
70
0
0
VERTEX
8
Layer 1
10
6.047044
20
15.908077
70
0
0
VERTEX
8
Layer 1
10
6.047044
20
15.908077
70
0
0
SEQEND
8
Layer 1
0
POLYLINE
8
Layer 1
62
7
70
0
10
0.000000
20
0.000000
66
1
0
VERTEX
8
Layer 1
10
5.123121
20
15.902256
70
0
0
VERTEX
8
Layer 1
10
5.148785
20
15.839285
70
0
0
VERTEX
8
Layer 1
10
5.160162
20
15.822087
70
0
0
VERTEX
8
Layer 1
10
4.951406
20
15.819177
70
0
0
VERTEX
8
Layer 1
10
4.874148
20
15.824998
70
0
0
VERTEX
8
Layer 1
10
4.831286
20
15.753560
70
0
0
VERTEX
8
Layer 1
10
4.825465
20
15.730806
70
0
0
VERTEX
8
Layer 1
10
4.591044
20
15.787956
70
0
0
VERTEX
8
Layer 1
10
4.696877
20
15.896700
70
0
0
VERTEX
8
Layer 1
10
4.699788
20
15.899610
70
0
0
VERTEX
8
Layer 1
10
4.845573
20
15.962581
70
0
0
VERTEX
8
Layer 1
10
5.082904
20
16.085612
70
0
0
VERTEX
8
Layer 1
10
4.819909
20
16.045660
70
0
0
VERTEX
8
Layer 1
10
4.548182
20
15.945648
70
0
0
VERTEX
8
Layer 1
10
4.682590
20
16.174512
70
0
0
VERTEX
8
Layer 1
10
4.736829
20
16.137206
70
0
0
VERTEX
8
Layer 1
10
4.816998
20
16.194356
70
0
0
VERTEX
8
Layer 1
10
4.971515
20
16.303099
70
0
0
VERTEX
8
Layer 1
10
4.982892
20
16.288812
70
0
0
VERTEX
8
Layer 1
10
5.025754
20
16.245949
70
0
0
VERTEX
8
Layer 1
10
5.120210
20
16.274524
70
0
0
VERTEX
8
Layer 1
10
5.203025
20
16.311831
70
0
0
VERTEX
8
Layer 1
10
5.234510
20
16.280345
70
0
0
VERTEX
8
Layer 1
10
5.271816
20
16.234572
70
0
0
VERTEX
8
Layer 1
10
5.360452
20
16.237483
70
0
0
VERTEX
8
Layer 1
10
5.489039
20
16.237483
70
0
0
VERTEX
8
Layer 1
10
5.420512
20
16.123183
70
0
0
VERTEX
8
Layer 1
10
5.354631
20
16.054656
70
0
0
VERTEX
8
Layer 1
10
5.368918
20
15.997506
70
0
0
VERTEX
8
Layer 1
10
5.377385
20
15.963110
70
0
0
VERTEX
8
Layer 1
10
5.337433
20
15.931625
70
0
0
VERTEX
8
Layer 1
10
5.314679
20
15.928714
70
0
0
VERTEX
8
Layer 1
10
5.223133
20
15.934535
70
0
0
VERTEX
8
Layer 1
10
5.143229
20
15.927921
70
0
0
VERTEX
8
Layer 1
10
5.117564
20
15.922100
70
0
0
VERTEX
8
Layer 1
10
5.123121
20
15.902256
70
0
0
VERTEX
8
Layer 1
10
5.123121
20
15.902256
70
0
0
SEQEND
8
Layer 1
0
POLYLINE
8
Layer 1
62
7
70
0
10
0.000000
20
0.000000
66
1
0
VERTEX
8
Layer 1
10
4.537069
20
15.344515
70
0
0
VERTEX
8
Layer 1
10
4.428326
20
15.215928
70
0
0
VERTEX
8
Layer 1
10
4.431236
20
15.253234
70
0
0
VERTEX
8
Layer 1
10
4.474099
20
15.550625
70
0
0
VERTEX
8
Layer 1
10
4.551357
20
15.716519
70
0
0
VERTEX
8
Layer 1
10
4.660100
20
15.673656
70
0
0
VERTEX
8
Layer 1
10
4.622794
20
15.627883
70
0
0
VERTEX
8
Layer 1
10
4.545536
20
15.570734
70
0
0
VERTEX
8
Layer 1
10
4.537069
20
15.344515
70
0
0
VERTEX
8
Layer 1
10
4.537069
20
15.344515
70
0
0
SEQEND
8
Layer 1
0
POLYLINE
8
Layer 1
62
7
70
0
10
0.000000
20
0.000000
66
1
0
VERTEX
8
Layer 1
10
4.348157
20
16.099635
70
0
0
VERTEX
8
Layer 1
10
4.379642
20
16.231133
70
0
0
VERTEX
8
Layer 1
10
4.519871
20
16.588584
70
0
0
VERTEX
8
Layer 1
10
4.311115
20
16.256797
70
0
0
VERTEX
8
Layer 1
10
4.288361
20
16.182449
70
0
0
VERTEX
8
Layer 1
10
4.225391
20
16.391205
70
0
0
VERTEX
8
Layer 1
10
4.245499
20
16.457087
70
0
0
VERTEX
8
Layer 1
10
4.279895
20
16.471374
70
0
0
VERTEX
8
Layer 1
10
4.314290
20
16.479841
70
0
0
VERTEX
8
Layer 1
10
4.339955
20
16.517147
70
0
0
VERTEX
8
Layer 1
10
4.325667
20
16.571386
70
0
0
VERTEX
8
Layer 1
10
4.279895
20
16.740190
70
0
0
VERTEX
8
Layer 1
10
4.288361
20
16.788874
70
0
0
VERTEX
8
Layer 1
10
4.345511
20
16.834647
70
0
0
VERTEX
8
Layer 1
10
4.362709
20
16.826180
70
0
0
VERTEX
8
Layer 1
10
4.437057
20
16.823269
70
0
0
VERTEX
8
Layer 1
10
4.454255
20
16.877509
70
0
0
VERTEX
8
Layer 1
10
4.531513
20
17.046313
70
0
0
VERTEX
8
Layer 1
10
4.554267
20
17.037846
70
0
0
VERTEX
8
Layer 1
10
4.611417
20
17.032025
70
0
0
VERTEX
8
Layer 1
10
4.634171
20
17.049223
70
0
0
VERTEX
8
Layer 1
10
4.751382
20
17.120661
70
0
0
VERTEX
8
Layer 1
10
4.771490
20
17.034936
70
0
0
VERTEX
8
Layer 1
10
4.805886
20
16.943390
70
0
0
VERTEX
8
Layer 1
10
4.868856
20
16.929103
70
0
0
VERTEX
8
Layer 1
10
4.900342
20
16.926192
70
0
0
VERTEX
8
Layer 1
10
4.802975
20
16.731724
70
0
0
VERTEX
8
Layer 1
10
4.771490
20
16.671663
70
0
0
VERTEX
8
Layer 1
10
4.808796
20
16.631711
70
0
0
VERTEX
8
Layer 1
10
4.834461
20
16.614513
70
0
0
VERTEX
8
Layer 1
10
4.691586
20
16.491482
70
0
0
VERTEX
8
Layer 1
10
4.628615
20
16.437243
70
0
0
VERTEX
8
Layer 1
10
4.611417
20
16.417135
70
0
0
VERTEX
8
Layer 1
10
4.634171
20
16.399937
70
0
0
VERTEX
8
Layer 1
10
4.685765
20
16.374272
70
0
0
VERTEX
8
Layer 1
10
4.702963
20
16.371362
70
0
0
VERTEX
8
Layer 1
10
4.348157
20
16.099635
70
0
0
VERTEX
8
Layer 1
10
4.348157
20
16.099635
70
0
0
SEQEND
8
Layer 1
0
POLYLINE
8
Layer 1
62
7
70
0
10
0.000000
20
0.000000
66
1
0
VERTEX
8
Layer 1
10
4.499763
20
16.071060
70
0
0
VERTEX
8
Layer 1
10
4.445524
20
15.902256
70
0
0
VERTEX
8
Layer 1
10
4.391284
20
15.876591
70
0
0
VERTEX
8
Layer 1
10
4.365620
20
15.865214
70
0
0
VERTEX
8
Layer 1
10
4.365620
20
15.873681
70
0
0
VERTEX
8
Layer 1
10
4.348422
20
16.008089
70
0
0
VERTEX
8
Layer 1
10
4.499763
20
16.071060
70
0
0
VERTEX
8
Layer 1
10
4.499763
20
16.071060
70
0
0
SEQEND
8
Layer 1
0
POLYLINE
8
Layer 1
62
7
70
0
10
0.000000
20
0.000000
66
1
0
VERTEX
8
Layer 1
10
4.256611
20
16.113922
70
0
0
VERTEX
8
Layer 1
10
4.265078
20
16.122389
70
0
0
VERTEX
8
Layer 1
10
4.270899
20
16.125300
70
0
0
VERTEX
8
Layer 1
10
4.265078
20
16.105191
70
0
0
VERTEX
8
Layer 1
10
4.256611
20
16.113922
70
0
0
VERTEX
8
Layer 1
10
4.256611
20
16.113922
70
0
0
SEQEND
8
Layer 1
0
POLYLINE
8
Layer 1
62
7
70
0
10
0.000000
20
0.000000
66
1
0
VERTEX
8
Layer 1
10
4.305295
20
15.990891
70
0
0
VERTEX
8
Layer 1
10
4.305295
20
15.990891
70
0
0
VERTEX
8
Layer 1
10
4.302384
20
15.982425
70
0
0
VERTEX
8
Layer 1
10
4.305295
20
15.990891
70
0
0
VERTEX
8
Layer 1
10
4.305295
20
15.990891
70
0
0
SEQEND
8
Layer 1
0
POLYLINE
8
Layer 1
62
7
70
0
10
0.000000
20
0.000000
66
1
0
VERTEX
8
Layer 1
10
4.216659
20
16.128210
70
0
0
VERTEX
8
Layer 1
10
4.156599
20
16.122389
70
0
0
VERTEX
8
Layer 1
10
4.156599
20
16.122389
70
0
0
VERTEX
8
Layer 1
10
4.056587
20
16.371097
70
0
0
VERTEX
8
Layer 1
10
3.890693
20
16.345433
70
0
0
VERTEX
8
Layer 1
10
3.696225
20
16.548368
70
0
0
VERTEX
8
Layer 1
10
3.681937
20
16.559745
70
0
0
VERTEX
8
Layer 1
10
3.618966
20
16.679865
70
0
0
VERTEX
8
Layer 1
10
3.679027
20
16.728549
70
0
0
VERTEX
8
Layer 1
10
3.716333
20
16.831472
70
0
0
VERTEX
8
Layer 1
10
3.770572
20
17.017473
70
0
0
VERTEX
8
Layer 1
10
3.959220
20
16.885976
70
0
0
VERTEX
8
Layer 1
10
4.022191
20
16.823005
70
0
0
VERTEX
8
Layer 1
10
4.107916
20
16.865867
70
0
0
VERTEX
8
Layer 1
10
4.147868
20
16.894442
70
0
0
VERTEX
8
Layer 1
10
4.202107
20
16.811628
70
0
0
VERTEX
8
Layer 1
10
4.187820
20
16.734370
70
0
0
VERTEX
8
Layer 1
10
4.233593
20
16.545722
70
0
0
VERTEX
8
Layer 1
10
4.176443
20
16.508416
70
0
0
VERTEX
8
Layer 1
10
4.133580
20
16.385385
70
0
0
VERTEX
8
Layer 1
10
4.216659
20
16.128210
70
0
0
VERTEX
8
Layer 1
10
4.216659
20
16.128210
70
0
0
SEQEND
8
Layer 1
0
POLYLINE
8
Layer 1
62
7
70
0
10
0.000000
20
0.000000
66
1
0
VERTEX
8
Layer 1
10
4.105005
20
15.590577
70
0
0
VERTEX
8
Layer 1
10
4.125114
20
15.396109
70
0
0
VERTEX
8
Layer 1
10
4.122203
20
15.338959
70
0
0
VERTEX
8
Layer 1
10
4.065053
20
15.078609
70
0
0
VERTEX
8
Layer 1
10
3.924824
20
15.313030
70
0
0
VERTEX
8
Layer 1
10
3.836189
20
15.610421
70
0
0
VERTEX
8
Layer 1
10
3.839099
20
15.607511
70
0
0
VERTEX
8
Layer 1
10
4.082251
20
15.584756
70
0
0
VERTEX
8
Layer 1
10
4.105005
20
15.590577
70
0
0
VERTEX
8
Layer 1
10
4.105005
20
15.590577
70
0
0
SEQEND
8
Layer 1
0
POLYLINE
8
Layer 1
62
7
70
0
10
0.000000
20
0.000000
66
1
0
VERTEX
8
Layer 1
10
4.156599
20
15.782135
70
0
0
VERTEX
8
Layer 1
10
4.099449
20
15.842196
70
0
0
VERTEX
8
Layer 1
10
3.990705
20
15.948029
70
0
0
VERTEX
8
Layer 1
10
3.744643
20
16.073970
70
0
0
VERTEX
8
Layer 1
10
3.936201
20
15.893789
70
0
0
VERTEX
8
Layer 1
10
4.056322
20
15.730806
70
0
0
VERTEX
8
Layer 1
10
4.062143
20
15.716519
70
0
0
VERTEX
8
Layer 1
10
4.079341
20
15.673656
70
0
0
VERTEX
8
Layer 1
10
4.067964
20
15.670746
70
0
0
VERTEX
8
Layer 1
10
3.870585
20
15.687944
70
0
0
VERTEX
8
Layer 1
10
3.836189
20
15.708052
70
0
0
VERTEX
8
Layer 1
10
3.842010
20
15.771023
70
0
0
VERTEX
8
Layer 1
10
3.836189
20
15.796687
70
0
0
VERTEX
8
Layer 1
10
3.810524
20
15.796687
70
0
0
VERTEX
8
Layer 1
10
3.730356
20
15.779490
70
0
0
VERTEX
8
Layer 1
10
3.575839
20
15.748004
70
0
0
VERTEX
8
Layer 1
10
3.544354
20
15.787956
70
0
0
VERTEX
8
Layer 1
10
3.561552
20
15.893789
70
0
0
VERTEX
8
Layer 1
10
3.590127
20
15.956760
70
0
0
VERTEX
8
Layer 1
10
3.501491
20
16.011000
70
0
0
VERTEX
8
Layer 1
10
3.369994
20
16.079527
70
0
0
VERTEX
8
Layer 1
10
3.427144
20
16.156785
70
0
0
VERTEX
8
Layer 1
10
3.444341
20
16.185360
70
0
0
VERTEX
8
Layer 1
10
3.435875
20
16.219756
70
0
0
VERTEX
8
Layer 1
10
3.430054
20
16.371362
70
0
0
VERTEX
8
Layer 1
10
3.541708
20
16.368451
70
0
0
VERTEX
8
Layer 1
10
3.590391
20
16.354164
70
0
0
VERTEX
8
Layer 1
10
3.618966
20
16.394116
70
0
0
VERTEX
8
Layer 1
10
3.661829
20
16.465553
70
0
0
VERTEX
8
Layer 1
10
3.821901
20
16.276906
70
0
0
VERTEX
8
Layer 1
10
3.853387
20
16.245420
70
0
0
VERTEX
8
Layer 1
10
3.930645
20
16.271085
70
0
0
VERTEX
8
Layer 1
10
3.996526
20
16.302570
70
0
0
VERTEX
8
Layer 1
10
4.073784
20
16.090904
70
0
0
VERTEX
8
Layer 1
10
4.093893
20
16.045131
70
0
0
VERTEX
8
Layer 1
10
4.174061
20
16.036664
70
0
0
VERTEX
8
Layer 1
10
4.211368
20
16.039575
70
0
0
VERTEX
8
Layer 1
10
4.156599
20
15.782135
70
0
0
VERTEX
8
Layer 1
10
4.156599
20
15.782135
70
0
0
SEQEND
8
Layer 1
0
POLYLINE
8
Layer 1
62
7
70
0
10
0.000000
20
0.000000
66
1
0
VERTEX
8
Layer 1
10
3.458894
20
15.776315
70
0
0
VERTEX
8
Layer 1
10
3.458894
20
15.773404
70
0
0
VERTEX
8
Layer 1
10
3.458894
20
15.744829
70
0
0
VERTEX
8
Layer 1
10
3.335862
20
15.601954
70
0
0
VERTEX
8
Layer 1
10
3.281623
20
15.636350
70
0
0
VERTEX
8
Layer 1
10
3.230029
20
15.859394
70
0
0
VERTEX
8
Layer 1
10
3.164148
20
16.122389
70
0
0
VERTEX
8
Layer 1
10
3.149861
20
15.859394
70
0
0
VERTEX
8
Layer 1
10
3.169969
20
15.739273
70
0
0
VERTEX
8
Layer 1
10
3.149861
20
15.756471
70
0
0
VERTEX
8
Layer 1
10
3.083979
20
15.764937
70
0
0
VERTEX
8
Layer 1
10
3.072602
20
15.756471
70
0
0
VERTEX
8
Layer 1
10
2.975236
20
15.965227
70
0
0
VERTEX
8
Layer 1
10
2.972325
20
15.982425
70
0
0
VERTEX
8
Layer 1
10
2.969415
20
16.034018
70
0
0
VERTEX
8
Layer 1
10
3.026565
20
16.102545
70
0
0
VERTEX
8
Layer 1
10
2.989259
20
16.176893
70
0
0
VERTEX
8
Layer 1
10
2.926288
20
16.297014
70
0
0
VERTEX
8
Layer 1
10
2.951953
20
16.314212
70
0
0
VERTEX
8
Layer 1
10
2.989259
20
16.334320
70
0
0
VERTEX
8
Layer 1
10
3.006457
20
16.414489
70
0
0
VERTEX
8
Layer 1
10
3.077894
20
16.603136
70
0
0
VERTEX
8
Layer 1
10
3.098002
20
16.603136
70
0
0
VERTEX
8
Layer 1
10
3.192458
20
16.460262
70
0
0
VERTEX
8
Layer 1
10
3.206746
20
16.440153
70
0
0
VERTEX
8
Layer 1
10
3.278183
20
16.440153
70
0
0
VERTEX
8
Layer 1
10
3.378196
20
16.437243
70
0
0
VERTEX
8
Layer 1
10
3.321046
20
16.320033
70
0
0
VERTEX
8
Layer 1
10
3.352531
20
16.208379
70
0
0
VERTEX
8
Layer 1
10
3.286650
20
16.085347
70
0
0
VERTEX
8
Layer 1
10
3.481119
20
15.930831
70
0
0
VERTEX
8
Layer 1
10
3.449633
20
15.842196
70
0
0
VERTEX
8
Layer 1
10
3.458894
20
15.776315
70
0
0
VERTEX
8
Layer 1
10
3.458894
20
15.776315
70
0
0
SEQEND
8
Layer 1
0
POLYLINE
8
Layer 1
62
7
70
0
10
0.000000
20
0.000000
66
1
0
VERTEX
8
Layer 1
10
3.410210
20
15.467546
70
0
0
VERTEX
8
Layer 1
10
3.418677
20
15.464636
70
0
0
VERTEX
8
Layer 1
10
3.593831
20
15.373851
70
0
0
VERTEX
8
Layer 1
10
3.747554
20
15.047124
70
0
0
VERTEX
8
Layer 1
10
3.781949
20
14.732535
70
0
0
VERTEX
8
Layer 1
10
3.773483
20
14.646810
70
0
0
VERTEX
8
Layer 1
10
3.575806
20
14.847033
70
0
0
VERTEX
8
Layer 1
10
3.444606
20
15.201640
70
0
0
VERTEX
8
Layer 1
10
3.444606
20
15.244503
70
0
0
VERTEX
8
Layer 1
10
3.410210
20
15.467546
70
0
0
VERTEX
8
Layer 1
10
3.410210
20
15.467546
70
0
0
SEQEND
8
Layer 1
0
POLYLINE
8
Layer 1
62
7
70
0
10
0.000000
20
0.000000
66
1
0
VERTEX
8
Layer 1
10
2.878134
20
15.990891
70
0
0
VERTEX
8
Layer 1
10
2.835271
20
15.948029
70
0
0
VERTEX
8
Layer 1
10
2.683665
20
16.085347
70
0
0
VERTEX
8
Layer 1
10
2.589209
20
16.016820
70
0
0
VERTEX
8
Layer 1
10
2.403207
20
16.073970
70
0
0
VERTEX
8
Layer 1
10
2.363255
20
16.056773
70
0
0
VERTEX
8
Layer 1
10
2.194451
20
16.073970
70
0
0
VERTEX
8
Layer 1
10
2.188631
20
16.105456
70
0
0
VERTEX
8
Layer 1
10
2.142858
20
16.157049
70
0
0
VERTEX
8
Layer 1
10
2.074331
20
16.262883
70
0
0
VERTEX
8
Layer 1
10
2.154499
20
16.322943
70
0
0
VERTEX
8
Layer 1
10
2.154499
20
16.322943
70
0
0
VERTEX
8
Layer 1
10
2.188895
20
16.331410
70
0
0
VERTEX
8
Layer 1
10
2.263243
20
16.365805
70
0
0
VERTEX
8
Layer 1
10
2.277530
20
16.405757
70
0
0
VERTEX
8
Layer 1
10
2.303195
20
16.451530
70
0
0
VERTEX
8
Layer 1
10
2.426226
20
16.317122
70
0
0
VERTEX
8
Layer 1
10
2.529149
20
16.179804
70
0
0
VERTEX
8
Layer 1
10
2.858026
20
16.202558
70
0
0
VERTEX
8
Layer 1
10
2.926553
20
16.116833
70
0
0
VERTEX
8
Layer 1
10
2.929463
20
16.116833
70
0
0
VERTEX
8
Layer 1
10
2.897978
20
16.088258
70
0
0
VERTEX
8
Layer 1
10
2.880780
20
16.016820
70
0
0
VERTEX
8
Layer 1
10
2.878134
20
15.990891
70
0
0
VERTEX
8
Layer 1
10
2.878134
20
15.990891
70
0
0
SEQEND
8
Layer 1
0
POLYLINE
8
Layer 1
62
7
70
0
10
0.000000
20
0.000000
66
1
0
VERTEX
8
Layer 1
10
2.011625
20
15.756471
70
0
0
VERTEX
8
Layer 1
10
1.997337
20
15.805154
70
0
0
VERTEX
8
Layer 1
10
1.988870
20
15.822352
70
0
0
VERTEX
8
Layer 1
10
1.983050
20
15.890879
70
0
0
VERTEX
8
Layer 1
10
2.051577
20
15.916544
70
0
0
VERTEX
8
Layer 1
10
2.083062
20
15.919454
70
0
0
VERTEX
8
Layer 1
10
2.111637
20
15.939562
70
0
0
VERTEX
8
Layer 1
10
2.300285
20
15.988246
70
0
0
VERTEX
8
Layer 1
10
2.285997
20
15.925275
70
0
0
VERTEX
8
Layer 1
10
2.340237
20
15.805154
70
0
0
VERTEX
8
Layer 1
10
2.180164
20
15.536338
70
0
0
VERTEX
8
Layer 1
10
2.048666
20
15.656458
70
0
0
VERTEX
8
Layer 1
10
2.011625
20
15.756471
70
0
0
VERTEX
8
Layer 1
10
2.011625
20
15.756471
70
0
0
SEQEND
8
Layer 1
0
POLYLINE
8
Layer 1
62
7
70
0
10
0.000000
20
0.000000
66
1
0
VERTEX
8
Layer 1
10
2.534970
20
16.411314
70
0
0
VERTEX
8
Layer 1
10
2.486286
20
16.376918
70
0
0
VERTEX
8
Layer 1
10
2.483376
20
16.379828
70
0
0
VERTEX
8
Layer 1
10
2.346322
20
16.637268
70
0
0
VERTEX
8
Layer 1
10
2.346322
20
16.640178
70
0
0
VERTEX
8
Layer 1
10
2.334945
20
16.694418
70
0
0
VERTEX
8
Layer 1
10
2.329124
20
16.708705
70
0
0
VERTEX
8
Layer 1
10
2.349232
20
16.705795
70
0
0
VERTEX
8
Layer 1
10
2.389184
20
16.708705
70
0
0
VERTEX
8
Layer 1
10
2.426491
20
16.717172
70
0
0
VERTEX
8
Layer 1
10
2.698217
20
16.705795
70
0
0
VERTEX
8
Layer 1
10
2.534970
20
16.411314
70
0
0
VERTEX
8
Layer 1
10
2.534970
20
16.411314
70
0
0
SEQEND
8
Layer 1
0
POLYLINE
8
Layer 1
62
7
70
0
10
0.000000
20
0.000000
66
1
0
VERTEX
8
Layer 1
10
3.261515
20
16.511326
70
0
0
VERTEX
8
Layer 1
10
3.261515
20
16.511326
70
0
0
VERTEX
8
Layer 1
10
3.272892
20
16.482751
70
0
0
VERTEX
8
Layer 1
10
3.261515
20
16.511326
70
0
0
VERTEX
8
Layer 1
10
3.261515
20
16.511326
70
0
0
SEQEND
8
Layer 1
0
POLYLINE
8
Layer 1
62
7
70
0
10
0.000000
20
0.000000
66
1
0
VERTEX
8
Layer 1
10
3.155681
20
17.277823
70
0
0
VERTEX
8
Layer 1
10
3.152771
20
17.340794
70
0
0
VERTEX
8
Layer 1
10
3.218652
20
17.306398
70
0
0
VERTEX
8
Layer 1
10
3.230029
20
17.295021
70
0
0
VERTEX
8
Layer 1
10
3.278713
20
17.283644
70
0
0
VERTEX
8
Layer 1
10
3.501756
20
17.129127
70
0
0
VERTEX
8
Layer 1
10
3.301467
20
17.043403
70
0
0
VERTEX
8
Layer 1
10
3.155681
20
16.948946
70
0
0
VERTEX
8
Layer 1
10
3.144304
20
17.195009
70
0
0
VERTEX
8
Layer 1
10
3.158592
20
17.226494
70
0
0
VERTEX
8
Layer 1
10
3.155681
20
17.277823
70
0
0
VERTEX
8
Layer 1
10
3.155681
20
17.277823
70
0
0
SEQEND
8
Layer 1
0
POLYLINE
8
Layer 1
62
7
70
0
10
0.000000
20
0.000000
66
1
0
VERTEX
8
Layer 1
10
3.164148
20
16.811628
70
0
0
VERTEX
8
Layer 1
10
3.161238
20
16.814538
70
0
0
VERTEX
8
Layer 1
10
3.164148
20
16.811628
70
0
0
VERTEX
8
Layer 1
10
3.164148
20
16.811628
70
0
0
SEQEND
8
Layer 1
0
POLYLINE
8
Layer 1
62
7
70
0
10
0.000000
20
0.000000
66
1
0
VERTEX
8
Layer 1
10
4.356888
20
17.392388
70
0
0
VERTEX
8
Layer 1
10
4.385463
20
17.406675
70
0
0
VERTEX
8
Layer 1
10
4.451344
20
17.429429
70
0
0
VERTEX
8
Layer 1
10
4.485740
20
17.383656
70
0
0
VERTEX
8
Layer 1
10
4.494207
20
17.360902
70
0
0
VERTEX
8
Layer 1
10
4.531513
20
17.129127
70
0
0
VERTEX
8
Layer 1
10
4.525692
20
17.134948
70
0
0
VERTEX
8
Layer 1
10
4.162420
20
17.220673
70
0
0
VERTEX
8
Layer 1
10
4.356888
20
17.392388
70
0
0
VERTEX
8
Layer 1
10
4.356888
20
17.392388
70
0
0
SEQEND
8
Layer 1
0
POLYLINE
8
Layer 1
62
7
70
0
10
0.000000
20
0.000000
66
1
0
VERTEX
8
Layer 1
10
4.110826
20
17.315129
70
0
0
VERTEX
8
Layer 1
10
4.110826
20
17.315129
70
0
0
VERTEX
8
Layer 1
10
4.102359
20
17.323596
70
0
0
VERTEX
8
Layer 1
10
4.110826
20
17.315129
70
0
0
VERTEX
8
Layer 1
10
4.110826
20
17.315129
70
0
0
SEQEND
8
Layer 1
0
POLYLINE
8
Layer 1
62
7
70
0
10
0.000000
20
0.000000
66
1
0
VERTEX
8
Layer 1
10
4.971779
20
16.943390
70
0
0
VERTEX
8
Layer 1
10
5.074702
20
17.057690
70
0
0
VERTEX
8
Layer 1
10
5.080523
20
17.097642
70
0
0
VERTEX
8
Layer 1
10
5.060414
20
17.166169
70
0
0
VERTEX
8
Layer 1
10
5.120475
20
17.197919
70
0
0
VERTEX
8
Layer 1
10
5.180535
20
17.112194
70
0
0
VERTEX
8
Layer 1
10
5.226308
20
17.069332
70
0
0
VERTEX
8
Layer 1
10
5.332141
20
17.100817
70
0
0
VERTEX
8
Layer 1
10
5.489304
20
17.129392
70
0
0
VERTEX
8
Layer 1
10
5.529256
20
17.060865
70
0
0
VERTEX
8
Layer 1
10
5.406224
20
16.915080
70
0
0
VERTEX
8
Layer 1
10
5.168893
20
16.866397
70
0
0
VERTEX
8
Layer 1
10
4.945850
20
16.737809
70
0
0
VERTEX
8
Layer 1
10
4.911454
20
16.634886
70
0
0
VERTEX
8
Layer 1
10
4.871502
20
16.674838
70
0
0
VERTEX
8
Layer 1
10
4.985802
20
16.869307
70
0
0
VERTEX
8
Layer 1
10
4.971779
20
16.943390
70
0
0
VERTEX
8
Layer 1
10
4.971779
20
16.943390
70
0
0
SEQEND
8
Layer 1
0
POLYLINE
8
Layer 1
62
7
70
0
10
0.000000
20
0.000000
66
1
0
VERTEX
8
Layer 1
10
5.546453
20
16.803161
70
0
0
VERTEX
8
Layer 1
10
5.535076
20
16.763209
70
0
0
VERTEX
8
Layer 1
10
5.535076
20
16.737545
70
0
0
VERTEX
8
Layer 1
10
5.537987
20
16.694682
70
0
0
VERTEX
8
Layer 1
10
5.437974
20
16.480105
70
0
0
VERTEX
8
Layer 1
10
5.246416
20
16.614513
70
0
0
VERTEX
8
Layer 1
10
5.214931
20
16.685951
70
0
0
VERTEX
8
Layer 1
10
5.203554
20
16.783317
70
0
0
VERTEX
8
Layer 1
10
5.458083
20
16.814803
70
0
0
VERTEX
8
Layer 1
10
5.472370
20
16.811892
70
0
0
VERTEX
8
Layer 1
10
5.532431
20
16.823269
70
0
0
VERTEX
8
Layer 1
10
5.563916
20
16.831736
70
0
0
VERTEX
8
Layer 1
10
5.546453
20
16.803161
70
0
0
VERTEX
8
Layer 1
10
5.546453
20
16.803161
70
0
0
SEQEND
8
Layer 1
0
POLYLINE
8
Layer 1
62
7
70
0
10
0.000000
20
0.000000
66
1
0
VERTEX
8
Layer 1
10
5.114654
20
16.817449
70
0
0
VERTEX
8
Layer 1
10
5.114654
20
16.828826
70
0
0
VERTEX
8
Layer 1
10
5.114654
20
16.817449
70
0
0
VERTEX
8
Layer 1
10
5.114654
20
16.817449
70
0
0
VERTEX
8
Layer 1
10
5.114654
20
16.817449
70
0
0
SEQEND
8
Layer 1
0
POLYLINE
8
Layer 1
62
7
70
0
10
0.000000
20
0.000000
66
1
0
VERTEX
8
Layer 1
10
5.020198
20
16.691507
70
0
0
VERTEX
8
Layer 1
10
5.020198
20
16.691507
70
0
0
VERTEX
8
Layer 1
10
5.083169
20
16.754478
70
0
0
VERTEX
8
Layer 1
10
5.020198
20
16.691507
70
0
0
VERTEX
8
Layer 1
10
5.020198
20
16.691507
70
0
0
SEQEND
8
Layer 1
0
POLYLINE
8
Layer 1
62
7
70
0
10
0.000000
20
0.000000
66
1
0
VERTEX
8
Layer 1
10
5.046127
20
16.419780
70
0
0
VERTEX
8
Layer 1
10
5.031839
20
16.436978
70
0
0
VERTEX
8
Layer 1
10
4.997444
20
16.539901
70
0
0
VERTEX
8
Layer 1
10
5.046127
20
16.419780
70
0
0
VERTEX
8
Layer 1
10
5.046127
20
16.419780
70
0
0
SEQEND
8
Layer 1
0
POLYLINE
8
Layer 1
62
7
70
0
10
0.000000
20
0.000000
66
1
0
VERTEX
8
Layer 1
10
4.782867
20
16.379828
70
0
0
VERTEX
8
Layer 1
10
4.751382
20
16.425601
70
0
0
VERTEX
8
Layer 1
10
4.905898
20
16.560009
70
0
0
VERTEX
8
Layer 1
10
4.954581
20
16.394116
70
0
0
VERTEX
8
Layer 1
10
4.754292
20
16.262618
70
0
0
VERTEX
8
Layer 1
10
4.745825
20
16.256797
70
0
0
VERTEX
8
Layer 1
10
4.754292
20
16.265264
70
0
0
VERTEX
8
Layer 1
10
4.782867
20
16.353899
70
0
0
VERTEX
8
Layer 1
10
4.782867
20
16.379828
70
0
0
VERTEX
8
Layer 1
10
4.782867
20
16.379828
70
0
0
SEQEND
8
Layer 1
0
POLYLINE
8
Layer 1
62
7
70
0
10
0.000000
20
0.000000
66
1
0
VERTEX
8
Layer 1
10
5.440620
20
16.059683
70
0
0
VERTEX
8
Layer 1
10
5.446441
20
16.045395
70
0
0
VERTEX
8
Layer 1
10
5.446441
20
16.045395
70
0
0
VERTEX
8
Layer 1
10
5.440620
20
16.059683
70
0
0
VERTEX
8
Layer 1
10
5.440620
20
16.059683
70
0
0
SEQEND
8
Layer 1
0
POLYLINE
8
Layer 1
62
7
70
0
10
0.000000
20
0.000000
66
1
0
VERTEX
8
Layer 1
10
5.449351
20
16.039575
70
0
0
VERTEX
8
Layer 1
10
5.446441
20
16.045395
70
0
0
VERTEX
8
Layer 1
10
5.457818
20
16.051216
70
0
0
VERTEX
8
Layer 1
10
5.457818
20
16.051216
70
0
0
VERTEX
8
Layer 1
10
5.449351
20
16.031108
70
0
0
VERTEX
8
Layer 1
10
5.449351
20
16.039575
70
0
0
VERTEX
8
Layer 1
10
5.449351
20
16.039575
70
0
0
SEQEND
8
Layer 1
0
POLYLINE
8
Layer 1
62
7
70
0
10
0.000000
20
0.000000
66
1
0
VERTEX
8
Layer 1
10
6.364544
20
16.717436
70
0
0
VERTEX
8
Layer 1
10
6.370365
20
16.645999
70
0
0
VERTEX
8
Layer 1
10
6.498952
20
16.620334
70
0
0
VERTEX
8
Layer 1
10
6.630450
20
16.606047
70
0
0
VERTEX
8
Layer 1
10
6.535994
20
16.431687
70
0
0
VERTEX
8
Layer 1
10
6.484400
20
16.391735
70
0
0
VERTEX
8
Layer 1
10
6.510065
20
16.294368
70
0
0
VERTEX
8
Layer 1
10
6.532819
20
16.245685
70
0
0
VERTEX
8
Layer 1
10
6.329884
20
16.239864
70
0
0
VERTEX
8
Layer 1
10
6.187009
20
16.239864
70
0
0
VERTEX
8
Layer 1
10
6.155523
20
16.154139
70
0
0
VERTEX
8
Layer 1
10
6.155523
20
16.131385
70
0
0
VERTEX
8
Layer 1
10
6.024026
20
16.105720
70
0
0
VERTEX
8
Layer 1
10
5.941211
20
16.085612
70
0
0
VERTEX
8
Layer 1
10
5.658107
20
16.111277
70
0
0
VERTEX
8
Layer 1
10
5.646730
20
16.128475
70
0
0
VERTEX
8
Layer 1
10
5.575293
20
16.157049
70
0
0
VERTEX
8
Layer 1
10
5.583760
20
16.202822
70
0
0
VERTEX
8
Layer 1
10
5.580849
20
16.225576
70
0
0
VERTEX
8
Layer 1
10
5.809581
20
16.233779
70
0
0
VERTEX
8
Layer 1
10
5.995451
20
16.351518
70
0
0
VERTEX
8
Layer 1
10
6.003917
20
16.391470
70
0
0
VERTEX
8
Layer 1
10
5.978253
20
16.471639
70
0
0
VERTEX
8
Layer 1
10
6.178774
20
16.489895
70
0
0
VERTEX
8
Layer 1
10
6.295752
20
16.600226
70
0
0
VERTEX
8
Layer 1
10
6.295752
20
16.617424
70
0
0
VERTEX
8
Layer 1
10
6.218494
20
16.748922
70
0
0
VERTEX
8
Layer 1
10
6.249980
20
16.771676
70
0
0
VERTEX
8
Layer 1
10
6.284375
20
16.794430
70
0
0
VERTEX
8
Layer 1
10
6.361634
20
16.771676
70
0
0
VERTEX
8
Layer 1
10
6.364544
20
16.717436
70
0
0
VERTEX
8
Layer 1
10
6.364544
20
16.717436
70
0
0
SEQEND
8
Layer 1
0
POLYLINE
8
Layer 1
62
7
70
0
10
0.000000
20
0.000000
66
1
0
VERTEX
8
Layer 1
10
6.115571
20
17.014828
70
0
0
VERTEX
8
Layer 1
10
6.287286
20
17.054780
70
0
0
VERTEX
8
Layer 1
10
6.312950
20
17.026205
70
0
0
VERTEX
8
Layer 1
10
6.249980
20
16.883330
70
0
0
VERTEX
8
Layer 1
10
6.232782
20
16.869042
70
0
0
VERTEX
8
Layer 1
10
6.198386
20
16.846288
70
0
0
VERTEX
8
Layer 1
10
6.101019
20
16.751832
70
0
0
VERTEX
8
Layer 1
10
6.103930
20
16.717436
70
0
0
VERTEX
8
Layer 1
10
6.146792
20
16.685951
70
0
0
VERTEX
8
Layer 1
10
6.206853
20
16.608693
70
0
0
VERTEX
8
Layer 1
10
5.952324
20
16.560009
70
0
0
VERTEX
8
Layer 1
10
5.860778
20
16.531434
70
0
0
VERTEX
8
Layer 1
10
5.880886
20
16.462907
70
0
0
VERTEX
8
Layer 1
10
5.915282
20
16.385649
70
0
0
VERTEX
8
Layer 1
10
5.572118
20
16.311301
70
0
0
VERTEX
8
Layer 1
10
5.540633
20
16.311301
70
0
0
VERTEX
8
Layer 1
10
5.480572
20
16.336966
70
0
0
VERTEX
8
Layer 1
10
5.497770
20
16.419780
70
0
0
VERTEX
8
Layer 1
10
5.575028
20
16.511326
70
0
0
VERTEX
8
Layer 1
10
5.575028
20
16.511326
70
0
0
VERTEX
8
Layer 1
10
5.640910
20
16.554189
70
0
0
VERTEX
8
Layer 1
10
5.878241
20
16.794430
70
0
0
VERTEX
8
Layer 1
10
5.620801
20
16.645734
70
0
0
VERTEX
8
Layer 1
10
5.623712
20
16.748657
70
0
0
VERTEX
8
Layer 1
10
5.629532
20
16.774322
70
0
0
VERTEX
8
Layer 1
10
5.621066
20
16.902909
70
0
0
VERTEX
8
Layer 1
10
5.506766
20
16.914286
70
0
0
VERTEX
8
Layer 1
10
5.589580
20
16.994455
70
0
0
VERTEX
8
Layer 1
10
5.669749
20
16.965880
70
0
0
VERTEX
8
Layer 1
10
5.726899
20
16.934394
70
0
0
VERTEX
8
Layer 1
10
5.829822
20
17.000275
70
0
0
VERTEX
8
Layer 1
10
5.986984
20
17.103198
70
0
0
VERTEX
8
Layer 1
10
6.018470
20
17.057425
70
0
0
VERTEX
8
Layer 1
10
6.067153
20
17.003186
70
0
0
VERTEX
8
Layer 1
10
6.115571
20
17.014828
70
0
0
VERTEX
8
Layer 1
10
6.115571
20
17.014828
70
0
0
SEQEND
8
Layer 1
0
POLYLINE
8
Layer 1
62
7
70
0
10
0.000000
20
0.000000
66
1
0
VERTEX
8
Layer 1
10
5.875330
20
17.552460
70
0
0
VERTEX
8
Layer 1
10
5.866863
20
17.549550
70
0
0
VERTEX
8
Layer 1
10
5.875330
20
17.552460
70
0
0
VERTEX
8
Layer 1
10
5.875330
20
17.552460
70
0
0
SEQEND
8
Layer 1
0
POLYLINE
8
Layer 1
62
7
70
0
10
0.000000
20
0.000000
66
1
0
VERTEX
8
Layer 1
10
5.532166
20
17.523885
70
0
0
VERTEX
8
Layer 1
10
5.526345
20
17.518064
70
0
0
VERTEX
8
Layer 1
10
5.532166
20
17.523885
70
0
0
VERTEX
8
Layer 1
10
5.532166
20
17.523885
70
0
0
SEQEND
8
Layer 1
0
POLYLINE
8
Layer 1
62
7
70
0
10
0.000000
20
0.000000
66
1
0
VERTEX
8
Layer 1
10
5.274727
20
17.366458
70
0
0
VERTEX
8
Layer 1
10
5.297481
20
17.369369
70
0
0
VERTEX
8
Layer 1
10
5.334787
20
17.406675
70
0
0
VERTEX
8
Layer 1
10
5.429243
20
17.504042
70
0
0
VERTEX
8
Layer 1
10
5.463639
20
17.472556
70
0
0
VERTEX
8
Layer 1
10
5.532166
20
17.429694
70
0
0
VERTEX
8
Layer 1
10
5.617891
20
17.478377
70
0
0
VERTEX
8
Layer 1
10
5.749389
20
17.558546
70
0
0
VERTEX
8
Layer 1
10
5.803628
20
17.509862
70
0
0
VERTEX
8
Layer 1
10
5.846491
20
17.464089
70
0
0
VERTEX
8
Layer 1
10
5.915018
20
17.472556
70
0
0
VERTEX
8
Layer 1
10
6.080911
20
17.461179
70
0
0
VERTEX
8
Layer 1
10
6.092288
20
17.426783
70
0
0
VERTEX
8
Layer 1
10
5.986455
20
17.323861
70
0
0
VERTEX
8
Layer 1
10
5.966347
20
17.298196
70
0
0
VERTEX
8
Layer 1
10
5.969257
20
17.263800
70
0
0
VERTEX
8
Layer 1
10
5.994922
20
17.183632
70
0
0
VERTEX
8
Layer 1
10
5.757591
20
17.052134
70
0
0
VERTEX
8
Layer 1
10
5.731926
20
17.023559
70
0
0
VERTEX
8
Layer 1
10
5.717639
20
17.032025
70
0
0
VERTEX
8
Layer 1
10
5.614716
20
17.080709
70
0
0
VERTEX
8
Layer 1
10
5.563122
20
17.178075
70
0
0
VERTEX
8
Layer 1
10
5.626093
20
17.220938
70
0
0
VERTEX
8
Layer 1
10
5.771878
20
17.338148
70
0
0
VERTEX
8
Layer 1
10
5.580320
20
17.283908
70
0
0
VERTEX
8
Layer 1
10
5.488774
20
17.226759
70
0
0
VERTEX
8
Layer 1
10
5.285839
20
17.178075
70
0
0
VERTEX
8
Layer 1
10
5.251443
20
17.160877
70
0
0
VERTEX
8
Layer 1
10
5.194293
20
17.246602
70
0
0
VERTEX
8
Layer 1
10
5.274727
20
17.366458
70
0
0
VERTEX
8
Layer 1
10
5.274727
20
17.366458
70
0
0
SEQEND
8
Layer 1
0
POLYLINE
8
Layer 1
62
7
70
0
10
0.000000
20
0.000000
66
1
0
VERTEX
8
Layer 1
10
5.197733
20
17.481023
70
0
0
VERTEX
8
Layer 1
10
5.206200
20
17.489489
70
0
0
VERTEX
8
Layer 1
10
5.206200
20
17.486579
70
0
0
VERTEX
8
Layer 1
10
5.197733
20
17.481023
70
0
0
VERTEX
8
Layer 1
10
5.197733
20
17.481023
70
0
0
SEQEND
8
Layer 1
0
POLYLINE
8
Layer 1
62
7
70
0
10
0.000000
20
0.000000
66
1
0
VERTEX
8
Layer 1
10
4.923096
20
17.615431
70
0
0
VERTEX
8
Layer 1
10
5.003265
20
17.669670
70
0
0
VERTEX
8
Layer 1
10
5.143494
20
17.767037
70
0
0
VERTEX
8
Layer 1
10
5.220752
20
17.727085
70
0
0
VERTEX
8
Layer 1
10
5.246416
20
17.678402
70
0
0
VERTEX
8
Layer 1
10
5.169158
20
17.572569
70
0
0
VERTEX
8
Layer 1
10
5.117564
20
17.498221
70
0
0
VERTEX
8
Layer 1
10
5.160427
20
17.432340
70
0
0
VERTEX
8
Layer 1
10
5.191912
20
17.378100
70
0
0
VERTEX
8
Layer 1
10
5.111744
20
17.292375
70
0
0
VERTEX
8
Layer 1
10
5.097456
20
17.283908
70
0
0
VERTEX
8
Layer 1
10
4.994533
20
17.232315
70
0
0
VERTEX
8
Layer 1
10
4.960138
20
17.197919
70
0
0
VERTEX
8
Layer 1
10
4.977335
20
17.143679
70
0
0
VERTEX
8
Layer 1
10
4.991623
20
17.092086
70
0
0
VERTEX
8
Layer 1
10
4.905898
20
17.011917
70
0
0
VERTEX
8
Layer 1
10
4.868592
20
17.017738
70
0
0
VERTEX
8
Layer 1
10
4.857215
20
17.020648
70
0
0
VERTEX
8
Layer 1
10
4.854304
20
17.043403
70
0
0
VERTEX
8
Layer 1
10
4.788423
20
17.200565
70
0
0
VERTEX
8
Layer 1
10
4.708254
20
17.203475
70
0
0
VERTEX
8
Layer 1
10
4.768315
20
17.277823
70
0
0
VERTEX
8
Layer 1
10
4.896902
20
17.446627
70
0
0
VERTEX
8
Layer 1
10
4.702434
20
17.329417
70
0
0
VERTEX
8
Layer 1
10
4.619619
20
17.234961
70
0
0
VERTEX
8
Layer 1
10
4.573846
20
17.403765
70
0
0
VERTEX
8
Layer 1
10
4.568025
20
17.418052
70
0
0
VERTEX
8
Layer 1
10
4.536540
20
17.483933
70
0
0
VERTEX
8
Layer 1
10
4.610888
20
17.501131
70
0
0
VERTEX
8
Layer 1
10
4.636552
20
17.495310
70
0
0
VERTEX
8
Layer 1
10
4.699523
20
17.569658
70
0
0
VERTEX
8
Layer 1
10
4.808267
20
17.738462
70
0
0
VERTEX
8
Layer 1
10
4.831021
20
17.741372
70
0
0
VERTEX
8
Layer 1
10
4.853775
20
17.695600
70
0
0
VERTEX
8
Layer 1
10
4.923096
20
17.615431
70
0
0
VERTEX
8
Layer 1
10
4.923096
20
17.615431
70
0
0
SEQEND
8
Layer 1
0
POLYLINE
8
Layer 1
62
7
70
0
10
0.000000
20
0.000000
66
1
0
VERTEX
8
Layer 1
10
4.442613
20
18.273184
70
0
0
VERTEX
8
Layer 1
10
4.494207
20
18.238789
70
0
0
VERTEX
8
Layer 1
10
4.582842
20
18.298849
70
0
0
VERTEX
8
Layer 1
10
4.720161
20
18.390395
70
0
0
VERTEX
8
Layer 1
10
4.763023
20
18.250166
70
0
0
VERTEX
8
Layer 1
10
4.777311
20
18.169997
70
0
0
VERTEX
8
Layer 1
10
4.823084
20
18.152799
70
0
0
VERTEX
8
Layer 1
10
4.911719
20
18.089828
70
0
0
VERTEX
8
Layer 1
10
4.788688
20
17.932666
70
0
0
VERTEX
8
Layer 1
10
4.768579
20
17.883983
70
0
0
VERTEX
8
Layer 1
10
4.808531
20
17.852497
70
0
0
VERTEX
8
Layer 1
10
4.825729
20
17.844031
70
0
0
VERTEX
8
Layer 1
10
4.831550
20
17.806724
70
0
0
VERTEX
8
Layer 1
10
4.777311
20
17.806724
70
0
0
VERTEX
8
Layer 1
10
4.617238
20
17.586591
70
0
0
VERTEX
8
Layer 1
10
4.611417
20
17.575214
70
0
0
VERTEX
8
Layer 1
10
4.516961
20
17.566748
70
0
0
VERTEX
8
Layer 1
10
4.559823
20
17.715443
70
0
0
VERTEX
8
Layer 1
10
4.554003
20
17.752750
70
0
0
VERTEX
8
Layer 1
10
4.468278
20
17.818631
70
0
0
VERTEX
8
Layer 1
10
4.551092
20
18.021566
70
0
0
VERTEX
8
Layer 1
10
4.505319
20
18.161795
70
0
0
VERTEX
8
Layer 1
10
4.402397
20
18.196191
70
0
0
VERTEX
8
Layer 1
10
4.408217
20
18.233497
70
0
0
VERTEX
8
Layer 1
10
4.402397
20
18.302024
70
0
0
VERTEX
8
Layer 1
10
4.442613
20
18.273184
70
0
0
VERTEX
8
Layer 1
10
4.442613
20
18.273184
70
0
0
SEQEND
8
Layer 1
0
POLYLINE
8
Layer 1
62
7
70
0
10
0.000000
20
0.000000
66
1
0
VERTEX
8
Layer 1
10
4.396840
20
18.150153
70
0
0
VERTEX
8
Layer 1
10
4.396840
20
18.147243
70
0
0
VERTEX
8
Layer 1
10
4.391019
20
18.118668
70
0
0
VERTEX
8
Layer 1
10
4.396840
20
18.150153
70
0
0
VERTEX
8
Layer 1
10
4.396840
20
18.150153
70
0
0
SEQEND
8
Layer 1
0
POLYLINE
8
Layer 1
62
7
70
0
10
0.000000
20
0.000000
66
1
0
VERTEX
8
Layer 1
10
3.890693
20
17.778414
70
0
0
VERTEX
8
Layer 1
10
3.985149
20
17.812810
70
0
0
VERTEX
8
Layer 1
10
4.028012
20
17.838474
70
0
0
VERTEX
8
Layer 1
10
3.999437
20
17.958595
70
0
0
VERTEX
8
Layer 1
10
3.953664
20
18.150153
70
0
0
VERTEX
8
Layer 1
10
4.010814
20
18.147243
70
0
0
VERTEX
8
Layer 1
10
4.096539
20
18.150153
70
0
0
VERTEX
8
Layer 1
10
4.148132
20
18.247520
70
0
0
VERTEX
8
Layer 1
10
4.230947
20
18.390395
70
0
0
VERTEX
8
Layer 1
10
4.299474
20
18.344622
70
0
0
VERTEX
8
Layer 1
10
4.310851
20
18.150153
70
0
0
VERTEX
8
Layer 1
10
4.322228
20
18.095914
70
0
0
VERTEX
8
Layer 1
10
4.390755
20
18.098824
70
0
0
VERTEX
8
Layer 1
10
4.433617
20
18.116022
70
0
0
VERTEX
8
Layer 1
10
4.376467
20
17.841385
70
0
0
VERTEX
8
Layer 1
10
4.353713
20
17.767037
70
0
0
VERTEX
8
Layer 1
10
4.419594
20
17.738462
70
0
0
VERTEX
8
Layer 1
10
4.473834
20
17.724175
70
0
0
VERTEX
8
Layer 1
10
4.385199
20
17.509598
70
0
0
VERTEX
8
Layer 1
10
4.333605
20
17.483933
70
0
0
VERTEX
8
Layer 1
10
4.167711
20
17.383921
70
0
0
VERTEX
8
Layer 1
10
4.227772
20
17.695600
70
0
0
VERTEX
8
Layer 1
10
4.207663
20
17.901445
70
0
0
VERTEX
8
Layer 1
10
4.150514
20
17.672581
70
0
0
VERTEX
8
Layer 1
10
4.081987
20
17.400854
70
0
0
VERTEX
8
Layer 1
10
4.053412
20
17.400854
70
0
0
VERTEX
8
Layer 1
10
4.013460
20
17.403765
70
0
0
VERTEX
8
Layer 1
10
4.013460
20
17.403765
70
0
0
VERTEX
8
Layer 1
10
4.062143
20
17.581035
70
0
0
VERTEX
8
Layer 1
10
3.970597
20
17.749839
70
0
0
VERTEX
8
Layer 1
10
3.873231
20
17.752750
70
0
0
VERTEX
8
Layer 1
10
3.890693
20
17.778414
70
0
0
VERTEX
8
Layer 1
10
3.890693
20
17.778414
70
0
0
SEQEND
8
Layer 1
0
POLYLINE
8
Layer 1
62
7
70
0
10
0.000000
20
0.000000
66
1
0
VERTEX
8
Layer 1
10
3.767662
20
17.666760
70
0
0
VERTEX
8
Layer 1
10
3.821901
20
17.615166
70
0
0
VERTEX
8
Layer 1
10
3.893339
20
17.649562
70
0
0
VERTEX
8
Layer 1
10
3.927735
20
17.678137
70
0
0
VERTEX
8
Layer 1
10
3.942022
20
17.440806
70
0
0
VERTEX
8
Layer 1
10
3.924824
20
17.377835
70
0
0
VERTEX
8
Layer 1
10
4.059232
20
17.311954
70
0
0
VERTEX
8
Layer 1
10
4.110826
20
17.309044
70
0
0
VERTEX
8
Layer 1
10
4.070874
20
17.214588
70
0
0
VERTEX
8
Layer 1
10
3.985149
20
17.162994
70
0
0
VERTEX
8
Layer 1
10
3.947843
20
17.037053
70
0
0
VERTEX
8
Layer 1
10
3.830633
20
17.100023
70
0
0
VERTEX
8
Layer 1
10
3.799147
20
17.217234
70
0
0
VERTEX
8
Layer 1
10
3.718979
20
17.443187
70
0
0
VERTEX
8
Layer 1
10
3.718979
20
17.214323
70
0
0
VERTEX
8
Layer 1
10
3.741733
20
17.097113
70
0
0
VERTEX
8
Layer 1
10
3.678762
20
17.059807
70
0
0
VERTEX
8
Layer 1
10
3.644366
20
17.122777
70
0
0
VERTEX
8
Layer 1
10
3.595683
20
17.148442
70
0
0
VERTEX
8
Layer 1
10
3.552821
20
17.222790
70
0
0
VERTEX
8
Layer 1
10
3.578485
20
17.260096
70
0
0
VERTEX
8
Layer 1
10
3.541179
20
17.331533
70
0
0
VERTEX
8
Layer 1
10
3.449633
20
17.486050
70
0
0
VERTEX
8
Layer 1
10
3.492496
20
17.503248
70
0
0
VERTEX
8
Layer 1
10
3.563933
20
17.517535
70
0
0
VERTEX
8
Layer 1
10
3.578220
20
17.614902
70
0
0
VERTEX
8
Layer 1
10
3.609706
20
17.783706
70
0
0
VERTEX
8
Layer 1
10
3.767662
20
17.666760
70
0
0
VERTEX
8
Layer 1
10
3.767662
20
17.666760
70
0
0
SEQEND
8
Layer 1
0
POLYLINE
8
Layer 1
62
7
70
0
10
0.000000
20
0.000000
66
1
0
VERTEX
8
Layer 1
10
3.490379
20
17.575214
70
0
0
VERTEX
8
Layer 1
10
3.490379
20
17.575214
70
0
0
VERTEX
8
Layer 1
10
3.493289
20
17.563837
70
0
0
VERTEX
8
Layer 1
10
3.490379
20
17.575214
70
0
0
VERTEX
8
Layer 1
10
3.490379
20
17.575214
70
0
0
SEQEND
8
Layer 1
0
POLYLINE
8
Layer 1
62
7
70
0
10
0.000000
20
0.000000
66
1
0
VERTEX
8
Layer 1
10
3.149861
20
18.218680
70
0
0
VERTEX
8
Layer 1
10
3.155681
20
18.204393
70
0
0
VERTEX
8
Layer 1
10
3.149861
20
18.218680
70
0
0
VERTEX
8
Layer 1
10
3.149861
20
18.218680
70
0
0
VERTEX
8
Layer 1
10
3.149861
20
18.218680
70
0
0
SEQEND
8
Layer 1
0
POLYLINE
8
Layer 1
62
7
70
0
10
0.000000
20
0.000000
66
1
0
VERTEX
8
Layer 1
10
3.104088
20
18.121578
70
0
0
VERTEX
8
Layer 1
10
3.164148
20
18.153064
70
0
0
VERTEX
8
Layer 1
10
3.232675
20
18.181639
70
0
0
VERTEX
8
Layer 1
10
3.221298
20
18.279005
70
0
0
VERTEX
8
Layer 1
10
3.204100
20
18.465007
70
0
0
VERTEX
8
Layer 1
10
3.381371
20
18.341976
70
0
0
VERTEX
8
Layer 1
10
3.427144
20
18.299113
70
0
0
VERTEX
8
Layer 1
10
3.493025
20
18.330599
70
0
0
VERTEX
8
Layer 1
10
3.544618
20
18.341976
70
0
0
VERTEX
8
Layer 1
10
3.587481
20
18.118932
70
0
0
VERTEX
8
Layer 1
10
3.613145
20
18.073160
70
0
0
VERTEX
8
Layer 1
10
3.661829
20
18.084537
70
0
0
VERTEX
8
Layer 1
10
3.701781
20
18.113112
70
0
0
VERTEX
8
Layer 1
10
3.693314
20
17.855672
70
0
0
VERTEX
8
Layer 1
10
3.581660
20
17.869960
70
0
0
VERTEX
8
Layer 1
10
3.518689
20
17.830008
70
0
0
VERTEX
8
Layer 1
10
3.401479
20
17.838474
70
0
0
VERTEX
8
Layer 1
10
3.372805
20
18.007907
70
0
0
VERTEX
8
Layer 1
10
3.249873
20
18.121578
70
0
0
VERTEX
8
Layer 1
10
3.126842
20
18.044320
70
0
0
VERTEX
8
Layer 1
10
3.104088
20
18.121578
70
0
0
VERTEX
8
Layer 1
10
3.104088
20
18.121578
70
0
0
SEQEND
8
Layer 1
0
POLYLINE
8
Layer 1
62
7
70
0
10
0.000000
20
0.000000
66
1
0
VERTEX
8
Layer 1
10
2.752457
20
17.649562
70
0
0
VERTEX
8
Layer 1
10
2.815428
20
17.706712
70
0
0
VERTEX
8
Layer 1
10
2.867021
20
17.749575
70
0
0
VERTEX
8
Layer 1
10
2.846913
20
17.818102
70
0
0
VERTEX
8
Layer 1
10
2.815428
20
18.041145
70
0
0
VERTEX
8
Layer 1
10
3.044292
20
17.958331
70
0
0
VERTEX
8
Layer 1
10
3.121550
20
17.906737
70
0
0
VERTEX
8
Layer 1
10
3.192988
20
17.972618
70
0
0
VERTEX
8
Layer 1
10
3.247227
20
18.035589
70
0
0
VERTEX
8
Layer 1
10
3.324485
20
17.809635
70
0
0
VERTEX
8
Layer 1
10
3.355971
20
17.732377
70
0
0
VERTEX
8
Layer 1
10
3.413121
20
17.743754
70
0
0
VERTEX
8
Layer 1
10
3.493289
20
17.749575
70
0
0
VERTEX
8
Layer 1
10
3.487469
20
17.692425
70
0
0
VERTEX
8
Layer 1
10
3.493289
20
17.609610
70
0
0
VERTEX
8
Layer 1
10
3.493289
20
17.592412
70
0
0
VERTEX
8
Layer 1
10
3.373169
20
17.523885
70
0
0
VERTEX
8
Layer 1
10
3.364702
20
17.481023
70
0
0
VERTEX
8
Layer 1
10
3.427673
20
17.340794
70
0
0
VERTEX
8
Layer 1
10
3.344858
20
17.366458
70
0
0
VERTEX
8
Layer 1
10
3.270510
20
17.532352
70
0
0
VERTEX
8
Layer 1
10
3.101707
20
17.678137
70
0
0
VERTEX
8
Layer 1
10
3.181875
20
17.506423
70
0
0
VERTEX
8
Layer 1
10
3.233469
20
17.406410
70
0
0
VERTEX
8
Layer 1
10
3.119169
20
17.420698
70
0
0
VERTEX
8
Layer 1
10
3.070486
20
17.274913
70
0
0
VERTEX
8
Layer 1
10
2.944544
20
17.314865
70
0
0
VERTEX
8
Layer 1
10
2.976030
20
17.354817
70
0
0
VERTEX
8
Layer 1
10
3.027623
20
17.437631
70
0
0
VERTEX
8
Layer 1
10
2.924700
20
17.517800
70
0
0
VERTEX
8
Layer 1
10
2.752457
20
17.649562
70
0
0
VERTEX
8
Layer 1
10
2.752457
20
17.649562
70
0
0
SEQEND
8
Layer 1
0
POLYLINE
8
Layer 1
62
7
70
0
10
0.000000
20
0.000000
66
1
0
VERTEX
8
Layer 1
10
2.537880
20
17.352171
70
0
0
VERTEX
8
Layer 1
10
2.763834
20
17.332063
70
0
0
VERTEX
8
Layer 1
10
2.838182
20
17.297667
70
0
0
VERTEX
8
Layer 1
10
2.855380
20
17.300577
70
0
0
VERTEX
8
Layer 1
10
3.046938
20
17.188923
70
0
0
VERTEX
8
Layer 1
10
3.089800
20
16.891532
70
0
0
VERTEX
8
Layer 1
10
3.089800
20
16.891532
70
0
0
VERTEX
8
Layer 1
10
3.089800
20
16.891532
70
0
0
VERTEX
8
Layer 1
10
3.069692
20
16.811363
70
0
0
VERTEX
8
Layer 1
10
3.226854
20
16.654201
70
0
0
VERTEX
8
Layer 1
10
3.498581
20
16.637003
70
0
0
VERTEX
8
Layer 1
10
3.515779
20
16.634093
70
0
0
VERTEX
8
Layer 1
10
3.524246
20
16.645470
70
0
0
VERTEX
8
Layer 1
10
3.532712
20
16.648380
70
0
0
VERTEX
8
Layer 1
10
3.592773
20
16.522439
70
0
0
VERTEX
8
Layer 1
10
3.549910
20
16.462378
70
0
0
VERTEX
8
Layer 1
10
3.452544
20
16.470845
70
0
0
VERTEX
8
Layer 1
10
3.255165
20
16.516618
70
0
0
VERTEX
8
Layer 1
10
3.126577
20
16.673780
70
0
0
VERTEX
8
Layer 1
10
3.037942
20
16.673780
70
0
0
VERTEX
8
Layer 1
10
3.001165
20
16.654466
70
0
0
VERTEX
8
Layer 1
10
2.844003
20
16.800251
70
0
0
VERTEX
8
Layer 1
10
2.826805
20
16.803161
70
0
0
VERTEX
8
Layer 1
10
2.826805
20
16.880419
70
0
0
VERTEX
8
Layer 1
10
2.709595
20
16.937569
70
0
0
VERTEX
8
Layer 1
10
2.586563
20
17.009007
70
0
0
VERTEX
8
Layer 1
10
2.603761
20
17.057690
70
0
0
VERTEX
8
Layer 1
10
2.626515
20
17.137859
70
0
0
VERTEX
8
Layer 1
10
2.580743
20
17.217763
70
0
0
VERTEX
8
Layer 1
10
2.537880
20
17.352171
70
0
0
VERTEX
8
Layer 1
10
2.537880
20
17.352171
70
0
0
SEQEND
8
Layer 1
0
POLYLINE
8
Layer 1
62
7
70
0
10
0.000000
20
0.000000
66
1
0
VERTEX
8
Layer 1
10
2.489197
20
16.957678
70
0
0
VERTEX
8
Layer 1
10
2.489197
20
16.966144
70
0
0
VERTEX
8
Layer 1
10
2.489197
20
16.957678
70
0
0
VERTEX
8
Layer 1
10
2.489197
20
16.957678
70
0
0
SEQEND
8
Layer 1
0
POLYLINE
8
Layer 1
62
7
70
0
10
0.000000
20
0.000000
66
1
0
VERTEX
8
Layer 1
10
1.705767
20
16.988898
70
0
0
VERTEX
8
Layer 1
10
1.762917
20
17.028850
70
0
0
VERTEX
8
Layer 1
10
1.811600
20
17.060336
70
0
0
VERTEX
8
Layer 1
10
1.817421
20
17.151882
70
0
0
VERTEX
8
Layer 1
10
1.845731
20
17.329417
70
0
0
VERTEX
8
Layer 1
10
1.928810
20
17.272267
70
0
0
VERTEX
8
Layer 1
10
1.994691
20
17.218027
70
0
0
VERTEX
8
Layer 1
10
2.089147
20
17.292375
70
0
0
VERTEX
8
Layer 1
10
2.123543
20
17.343969
70
0
0
VERTEX
8
Layer 1
10
2.180693
20
17.183896
70
0
0
VERTEX
8
Layer 1
10
2.229376
20
17.078063
70
0
0
VERTEX
8
Layer 1
10
2.323832
20
17.120925
70
0
0
VERTEX
8
Layer 1
10
2.352143
20
17.146325
70
0
0
VERTEX
8
Layer 1
10
2.392095
20
17.009007
70
0
0
VERTEX
8
Layer 1
10
2.426491
20
16.894707
70
0
0
VERTEX
8
Layer 1
10
2.540791
20
16.903174
70
0
0
VERTEX
8
Layer 1
10
2.706684
20
16.848934
70
0
0
VERTEX
8
Layer 1
10
2.746636
20
16.843113
70
0
0
VERTEX
8
Layer 1
10
2.746636
20
16.840203
70
0
0
VERTEX
8
Layer 1
10
2.732349
20
16.783053
70
0
0
VERTEX
8
Layer 1
10
2.403472
20
16.797340
70
0
0
VERTEX
8
Layer 1
10
2.377807
20
16.791784
70
0
0
VERTEX
8
Layer 1
10
2.346322
20
16.791784
70
0
0
VERTEX
8
Layer 1
10
2.257687
20
16.757388
70
0
0
VERTEX
8
Layer 1
10
2.251866
20
16.748922
70
0
0
VERTEX
8
Layer 1
10
2.108991
20
16.883330
70
0
0
VERTEX
8
Layer 1
10
1.980404
20
17.066421
70
0
0
VERTEX
8
Layer 1
10
2.031997
20
16.854755
70
0
0
VERTEX
8
Layer 1
10
2.255041
20
16.643088
70
0
0
VERTEX
8
Layer 1
10
2.255041
20
16.637268
70
0
0
VERTEX
8
Layer 1
10
2.269328
20
16.522968
70
0
0
VERTEX
8
Layer 1
10
2.192070
20
16.420045
70
0
0
VERTEX
8
Layer 1
10
2.189160
20
16.414224
70
0
0
VERTEX
8
Layer 1
10
2.169051
20
16.411314
70
0
0
VERTEX
8
Layer 1
10
2.163231
20
16.411314
70
0
0
VERTEX
8
Layer 1
10
2.137566
20
16.488572
70
0
0
VERTEX
8
Layer 1
10
2.091793
20
16.591495
70
0
0
VERTEX
8
Layer 1
10
1.957385
20
16.583028
70
0
0
VERTEX
8
Layer 1
10
1.908702
20
16.568741
70
0
0
VERTEX
8
Layer 1
10
1.883037
20
16.597316
70
0
0
VERTEX
8
Layer 1
10
1.888858
20
16.605782
70
0
0
VERTEX
8
Layer 1
10
1.828533
20
16.683040
70
0
0
VERTEX
8
Layer 1
10
1.825887
20
16.685951
70
0
0
VERTEX
8
Layer 1
10
1.905791
20
16.734370
70
0
0
VERTEX
8
Layer 1
10
1.954475
20
16.768765
70
0
0
VERTEX
8
Layer 1
10
1.900235
20
16.834647
70
0
0
VERTEX
8
Layer 1
10
1.705767
20
16.988898
70
0
0
VERTEX
8
Layer 1
10
1.705767
20
16.988898
70
0
0
SEQEND
8
Layer 1
0
POLYLINE
8
Layer 1
62
7
70
0
10
0.000000
20
0.000000
66
1
0
VERTEX
8
Layer 1
10
1.665550
20
16.159695
70
0
0
VERTEX
8
Layer 1
10
1.559717
20
16.142497
70
0
0
VERTEX
8
Layer 1
10
1.548340
20
16.171072
70
0
0
VERTEX
8
Layer 1
10
1.594113
20
16.234043
70
0
0
VERTEX
8
Layer 1
10
1.611310
20
16.279816
70
0
0
VERTEX
8
Layer 1
10
1.574004
20
16.314212
70
0
0
VERTEX
8
Layer 1
10
1.391177
20
16.408403
70
0
0
VERTEX
8
Layer 1
10
1.396734
20
16.494393
70
0
0
VERTEX
8
Layer 1
10
1.516854
20
16.525878
70
0
0
VERTEX
8
Layer 1
10
1.579825
20
16.525878
70
0
0
VERTEX
8
Layer 1
10
1.602844
20
16.602872
70
0
0
VERTEX
8
Layer 1
10
1.617131
20
16.674309
70
0
0
VERTEX
8
Layer 1
10
1.765827
20
16.622716
70
0
0
VERTEX
8
Layer 1
10
1.831708
20
16.536991
70
0
0
VERTEX
8
Layer 1
10
1.857373
20
16.502595
70
0
0
VERTEX
8
Layer 1
10
1.985960
20
16.508416
70
0
0
VERTEX
8
Layer 1
10
2.040200
20
16.525614
70
0
0
VERTEX
8
Layer 1
10
2.040200
20
16.522703
70
0
0
VERTEX
8
Layer 1
10
2.048666
20
16.476930
70
0
0
VERTEX
8
Layer 1
10
2.074331
20
16.394116
70
0
0
VERTEX
8
Layer 1
10
1.979875
20
16.285372
70
0
0
VERTEX
8
Layer 1
10
1.974054
20
16.245420
70
0
0
VERTEX
8
Layer 1
10
2.088354
20
16.085347
70
0
0
VERTEX
8
Layer 1
10
2.096820
20
16.079527
70
0
0
VERTEX
8
Layer 1
10
2.099731
20
16.053862
70
0
0
VERTEX
8
Layer 1
10
2.096820
20
16.039575
70
0
0
VERTEX
8
Layer 1
10
2.051047
20
16.008089
70
0
0
VERTEX
8
Layer 1
10
1.899441
20
15.939562
70
0
0
VERTEX
8
Layer 1
10
1.899441
20
15.936652
70
0
0
VERTEX
8
Layer 1
10
1.839381
20
15.990891
70
0
0
VERTEX
8
Layer 1
10
1.870866
20
16.148054
70
0
0
VERTEX
8
Layer 1
10
1.665550
20
16.159695
70
0
0
VERTEX
8
Layer 1
10
1.665550
20
16.159695
70
0
0
SEQEND
8
Layer 1
0
POLYLINE
8
Layer 1
62
7
70
0
10
0.000000
20
0.000000
66
1
0
VERTEX
8
Layer 1
10
1.542783
20
15.493211
70
0
0
VERTEX
8
Layer 1
10
1.479813
20
15.464636
70
0
0
VERTEX
8
Layer 1
10
1.325296
20
15.447438
70
0
0
VERTEX
8
Layer 1
10
1.342494
20
15.515965
70
0
0
VERTEX
8
Layer 1
10
1.359692
20
15.604600
70
0
0
VERTEX
8
Layer 1
10
1.296721
20
15.636086
70
0
0
VERTEX
8
Layer 1
10
1.159403
20
15.750385
70
0
0
VERTEX
8
Layer 1
10
1.179511
20
15.790337
70
0
0
VERTEX
8
Layer 1
10
1.291165
20
15.787427
70
0
0
VERTEX
8
Layer 1
10
1.379800
20
15.784517
70
0
0
VERTEX
8
Layer 1
10
1.405465
20
15.887439
70
0
0
VERTEX
8
Layer 1
10
1.419752
20
15.955966
70
0
0
VERTEX
8
Layer 1
10
1.574269
20
15.875798
70
0
0
VERTEX
8
Layer 1
10
1.657083
20
15.835846
70
0
0
VERTEX
8
Layer 1
10
1.705767
20
15.898816
70
0
0
VERTEX
8
Layer 1
10
1.737252
20
15.944589
70
0
0
VERTEX
8
Layer 1
10
1.897325
20
15.804360
70
0
0
VERTEX
8
Layer 1
10
1.903146
20
15.801450
70
0
0
VERTEX
8
Layer 1
10
1.911612
20
15.784252
70
0
0
VERTEX
8
Layer 1
10
1.925900
20
15.738479
70
0
0
VERTEX
8
Layer 1
10
1.951564
20
15.667042
70
0
0
VERTEX
8
Layer 1
10
1.831444
20
15.698527
70
0
0
VERTEX
8
Layer 1
10
1.471081
20
15.661221
70
0
0
VERTEX
8
Layer 1
10
1.785671
20
15.618358
70
0
0
VERTEX
8
Layer 1
10
1.839910
20
15.609892
70
0
0
VERTEX
8
Layer 1
10
1.799958
20
15.504059
70
0
0
VERTEX
8
Layer 1
10
1.799958
20
15.466752
70
0
0
VERTEX
8
Layer 1
10
1.799958
20
15.443998
70
0
0
VERTEX
8
Layer 1
10
1.791491
20
15.449819
70
0
0
VERTEX
8
Layer 1
10
1.579825
20
15.492682
70
0
0
VERTEX
8
Layer 1
10
1.542783
20
15.493211
70
0
0
VERTEX
8
Layer 1
10
1.542783
20
15.493211
70
0
0
SEQEND
8
Layer 1
0
POLYLINE
8
Layer 1
62
7
70
0
10
0.000000
20
0.000000
66
1
0
VERTEX
8
Layer 1
10
1.639885
20
15.015638
70
0
0
VERTEX
8
Layer 1
10
1.648352
20
15.015638
70
0
0
VERTEX
8
Layer 1
10
1.639885
20
15.015638
70
0
0
VERTEX
8
Layer 1
10
1.639885
20
15.015638
70
0
0
SEQEND
8
Layer 1
0
POLYLINE
8
Layer 1
62
7
70
0
10
0.000000
20
0.000000
66
1
0
VERTEX
8
Layer 1
10
2.068774
20
15.072788
70
0
0
VERTEX
8
Layer 1
10
2.048666
20
15.032836
70
0
0
VERTEX
8
Layer 1
10
2.037554
20
15.041568
70
0
0
VERTEX
8
Layer 1
10
2.006068
20
15.058765
70
0
0
VERTEX
8
Layer 1
10
1.946008
20
15.030190
70
0
0
VERTEX
8
Layer 1
10
1.745719
20
14.952932
70
0
0
VERTEX
8
Layer 1
10
1.722964
20
15.015903
70
0
0
VERTEX
8
Layer 1
10
1.697300
20
15.087340
70
0
0
VERTEX
8
Layer 1
10
1.611310
20
15.104274
70
0
0
VERTEX
8
Layer 1
10
1.476902
20
15.152957
70
0
0
VERTEX
8
Layer 1
10
1.473992
20
15.190263
70
0
0
VERTEX
8
Layer 1
10
1.548340
20
15.227569
70
0
0
VERTEX
8
Layer 1
10
1.622688
20
15.267521
70
0
0
VERTEX
8
Layer 1
10
1.625598
20
15.364888
70
0
0
VERTEX
8
Layer 1
10
1.619777
20
15.413571
70
0
0
VERTEX
8
Layer 1
10
1.742808
20
15.370709
70
0
0
VERTEX
8
Layer 1
10
1.860018
20
15.345044
70
0
0
VERTEX
8
Layer 1
10
1.891504
20
15.465165
70
0
0
VERTEX
8
Layer 1
10
1.894414
20
15.533692
70
0
0
VERTEX
8
Layer 1
10
2.031733
20
15.530782
70
0
0
VERTEX
8
Layer 1
10
2.037554
20
15.527871
70
0
0
VERTEX
8
Layer 1
10
2.140476
20
15.453523
70
0
0
VERTEX
8
Layer 1
10
2.189160
20
15.301917
70
0
0
VERTEX
8
Layer 1
10
2.266418
20
15.256144
70
0
0
VERTEX
8
Layer 1
10
2.223556
20
15.196084
70
0
0
VERTEX
8
Layer 1
10
2.223556
20
15.187617
70
0
0
VERTEX
8
Layer 1
10
2.234933
20
15.150311
70
0
0
VERTEX
8
Layer 1
10
2.068774
20
15.072788
70
0
0
VERTEX
8
Layer 1
10
2.068774
20
15.072788
70
0
0
SEQEND
8
Layer 1
0
POLYLINE
8
Layer 1
62
7
70
0
10
0.000000
20
0.000000
66
1
0
VERTEX
8
Layer 1
10
2.766744
20
14.832547
70
0
0
VERTEX
8
Layer 1
10
2.763834
20
14.838368
70
0
0
VERTEX
8
Layer 1
10
2.709595
20
14.898428
70
0
0
VERTEX
8
Layer 1
10
2.655355
20
14.884141
70
0
0
VERTEX
8
Layer 1
10
2.583918
20
14.764020
70
0
0
VERTEX
8
Layer 1
10
2.443689
20
14.606858
70
0
0
VERTEX
8
Layer 1
10
2.397916
20
14.635433
70
0
0
VERTEX
8
Layer 1
10
2.309280
20
14.715601
70
0
0
VERTEX
8
Layer 1
10
2.209268
20
14.678295
70
0
0
VERTEX
8
Layer 1
10
2.052106
20
14.626701
70
0
0
VERTEX
8
Layer 1
10
2.123543
20
14.801062
70
0
0
VERTEX
8
Layer 1
10
2.163495
20
14.843924
70
0
0
VERTEX
8
Layer 1
10
2.143387
20
14.932559
70
0
0
VERTEX
8
Layer 1
10
2.143387
20
15.024105
70
0
0
VERTEX
8
Layer 1
10
2.280705
20
15.064057
70
0
0
VERTEX
8
Layer 1
10
2.357964
20
15.078345
70
0
0
VERTEX
8
Layer 1
10
2.369341
20
15.109830
70
0
0
VERTEX
8
Layer 1
10
2.334945
20
15.166980
70
0
0
VERTEX
8
Layer 1
10
2.312191
20
15.189734
70
0
0
VERTEX
8
Layer 1
10
2.329389
20
15.198201
70
0
0
VERTEX
8
Layer 1
10
2.538145
20
15.158249
70
0
0
VERTEX
8
Layer 1
10
2.592384
20
15.146872
70
0
0
VERTEX
8
Layer 1
10
2.618049
20
15.175447
70
0
0
VERTEX
8
Layer 1
10
2.600851
20
15.241328
70
0
0
VERTEX
8
Layer 1
10
2.578097
20
15.292921
70
0
0
VERTEX
8
Layer 1
10
2.632336
20
15.307209
70
0
0
VERTEX
8
Layer 1
10
2.686576
20
15.304298
70
0
0
VERTEX
8
Layer 1
10
2.663822
20
15.241328
70
0
0
VERTEX
8
Layer 1
10
2.672288
20
15.209842
70
0
0
VERTEX
8
Layer 1
10
2.738169
20
15.149782
70
0
0
VERTEX
8
Layer 1
10
2.492107
20
15.015374
70
0
0
VERTEX
8
Layer 1
10
2.354789
20
14.872499
70
0
0
VERTEX
8
Layer 1
10
2.743726
20
15.052680
70
0
0
VERTEX
8
Layer 1
10
2.886601
20
15.092632
70
0
0
VERTEX
8
Layer 1
10
2.880780
20
15.081255
70
0
0
VERTEX
8
Layer 1
10
2.766744
20
14.832547
70
0
0
VERTEX
8
Layer 1
10
2.766744
20
14.832547
70
0
0
SEQEND
8
Layer 1
0
POLYLINE
8
Layer 1
62
7
70
0
10
0.000000
20
0.000000
66
1
0
VERTEX
8
Layer 1
10
2.749547
20
15.250324
70
0
0
VERTEX
8
Layer 1
10
2.772301
20
15.278899
70
0
0
VERTEX
8
Layer 1
10
2.797965
20
15.350336
70
0
0
VERTEX
8
Layer 1
10
2.712240
20
15.393198
70
0
0
VERTEX
8
Layer 1
10
2.649270
20
15.396109
70
0
0
VERTEX
8
Layer 1
10
2.649270
20
15.396109
70
0
0
VERTEX
8
Layer 1
10
2.640803
20
15.396109
70
0
0
VERTEX
8
Layer 1
10
2.500574
20
15.478923
70
0
0
VERTEX
8
Layer 1
10
2.529149
20
15.499032
70
0
0
VERTEX
8
Layer 1
10
2.557724
20
15.593488
70
0
0
VERTEX
8
Layer 1
10
2.491843
20
15.619152
70
0
0
VERTEX
8
Layer 1
10
2.386009
20
15.682123
70
0
0
VERTEX
8
Layer 1
10
2.417495
20
15.707788
70
0
0
VERTEX
8
Layer 1
10
2.471734
20
15.773669
70
0
0
VERTEX
8
Layer 1
10
2.428872
20
15.836639
70
0
0
VERTEX
8
Layer 1
10
2.383364
20
15.962316
70
0
0
VERTEX
8
Layer 1
10
2.414849
20
15.987981
70
0
0
VERTEX
8
Layer 1
10
2.552168
20
15.930831
70
0
0
VERTEX
8
Layer 1
10
2.577832
20
15.916544
70
0
0
VERTEX
8
Layer 1
10
2.655090
20
15.968137
70
0
0
VERTEX
8
Layer 1
10
2.669378
20
15.993802
70
0
0
VERTEX
8
Layer 1
10
2.781032
20
15.842196
70
0
0
VERTEX
8
Layer 1
10
2.820984
20
15.802244
70
0
0
VERTEX
8
Layer 1
10
2.866757
20
15.833729
70
0
0
VERTEX
8
Layer 1
10
2.906709
20
15.910987
70
0
0
VERTEX
8
Layer 1
10
2.986877
20
15.662279
70
0
0
VERTEX
8
Layer 1
10
3.018363
20
15.616506
70
0
0
VERTEX
8
Layer 1
10
3.069957
20
15.636615
70
0
0
VERTEX
8
Layer 1
10
3.104352
20
15.673921
70
0
0
VERTEX
8
Layer 1
10
3.167323
20
15.419392
70
0
0
VERTEX
8
Layer 1
10
3.164413
20
15.396638
70
0
0
VERTEX
8
Layer 1
10
3.007250
20
15.462519
70
0
0
VERTEX
8
Layer 1
10
3.001430
20
15.462519
70
0
0
VERTEX
8
Layer 1
10
2.990052
20
15.468340
70
0
0
VERTEX
8
Layer 1
10
2.829980
20
15.579994
70
0
0
VERTEX
8
Layer 1
10
2.669907
20
15.651431
70
0
0
VERTEX
8
Layer 1
10
2.781561
20
15.505646
70
0
0
VERTEX
8
Layer 1
10
2.941634
20
15.393992
70
0
0
VERTEX
8
Layer 1
10
2.953011
20
15.385525
70
0
0
VERTEX
8
Layer 1
10
3.050377
20
15.254028
70
0
0
VERTEX
8
Layer 1
10
2.749547
20
15.250324
70
0
0
VERTEX
8
Layer 1
10
2.749547
20
15.250324
70
0
0
SEQEND
8
Layer 1
0
POLYLINE
8
Layer 1
62
7
70
0
10
0.000000
20
0.000000
66
1
0
VERTEX
8
Layer 1
10
2.606672
20
13.236847
70
0
0
VERTEX
8
Layer 1
10
2.609582
20
13.231026
70
0
0
VERTEX
8
Layer 1
10
2.606672
20
13.236847
70
0
0
VERTEX
8
Layer 1
10
2.606672
20
13.236847
70
0
0
VERTEX
8
Layer 1
10
2.606672
20
13.236847
70
0
0
SEQEND
8
Layer 1
0
POLYLINE
8
Layer 1
62
7
70
0
10
0.000000
20
0.000000
66
1
0
VERTEX
8
Layer 1
10
2.672288
20
12.842089
70
0
0
VERTEX
8
Layer 1
10
2.526503
20
12.882041
70
0
0
VERTEX
8
Layer 1
10
2.466443
20
12.876220
70
0
0
VERTEX
8
Layer 1
10
2.337855
20
12.838914
70
0
0
VERTEX
8
Layer 1
10
2.129099
20
12.936281
70
0
0
VERTEX
8
Layer 1
10
2.126189
20
13.153503
70
0
0
VERTEX
8
Layer 1
10
2.332035
20
13.256426
70
0
0
VERTEX
8
Layer 1
10
2.560899
20
13.156414
70
0
0
VERTEX
8
Layer 1
10
2.746901
20
12.887597
70
0
0
VERTEX
8
Layer 1
10
2.778386
20
12.859022
70
0
0
VERTEX
8
Layer 1
10
2.672288
20
12.842089
70
0
0
VERTEX
8
Layer 1
10
2.672288
20
12.842089
70
0
0
SEQEND
8
Layer 1
0
POLYLINE
8
Layer 1
62
7
70
0
10
0.000000
20
0.000000
66
1
0
VERTEX
8
Layer 1
10
3.953664
20
12.842089
70
0
0
VERTEX
8
Layer 1
10
3.822166
20
12.879395
70
0
0
VERTEX
8
Layer 1
10
3.762106
20
12.873574
70
0
0
VERTEX
8
Layer 1
10
3.647806
20
12.836268
70
0
0
VERTEX
8
Layer 1
10
3.456248
20
12.936281
70
0
0
VERTEX
8
Layer 1
10
3.270246
20
13.208007
70
0
0
VERTEX
8
Layer 1
10
3.241671
20
13.236582
70
0
0
VERTEX
8
Layer 1
10
3.330306
20
13.250870
70
0
0
VERTEX
8
Layer 1
10
3.461804
20
13.213564
70
0
0
VERTEX
8
Layer 1
10
3.521864
20
13.219384
70
0
0
VERTEX
8
Layer 1
10
3.636164
20
13.256691
70
0
0
VERTEX
8
Layer 1
10
3.827722
20
13.156678
70
0
0
VERTEX
8
Layer 1
10
4.013724
20
12.887862
70
0
0
VERTEX
8
Layer 1
10
4.042299
20
12.856377
70
0
0
VERTEX
8
Layer 1
10
3.953664
20
12.842089
70
0
0
VERTEX
8
Layer 1
10
3.953664
20
12.842089
70
0
0
SEQEND
8
Layer 1
0
POLYLINE
8
Layer 1
62
7
70
0
10
0.000000
20
0.000000
66
1
0
VERTEX
8
Layer 1
10
3.561816
20
13.334213
70
0
0
VERTEX
8
Layer 1
10
3.487469
20
13.299818
70
0
0
VERTEX
8
Layer 1
10
3.332952
20
13.337124
70
0
0
VERTEX
8
Layer 1
10
3.321575
20
13.337124
70
0
0
VERTEX
8
Layer 1
10
3.564727
20
13.374430
70
0
0
VERTEX
8
Layer 1
10
3.561816
20
13.334213
70
0
0
VERTEX
8
Layer 1
10
3.561816
20
13.334213
70
0
0
SEQEND
8
Layer 1
0
POLYLINE
8
Layer 1
62
7
70
0
10
0.000000
20
0.000000
66
1
0
VERTEX
8
Layer 1
10
3.879316
20
13.239757
70
0
0
VERTEX
8
Layer 1
10
3.887783
20
13.225470
70
0
0
VERTEX
8
Layer 1
10
3.876406
20
13.236847
70
0
0
VERTEX
8
Layer 1
10
3.879316
20
13.239757
70
0
0
VERTEX
8
Layer 1
10
3.879316
20
13.239757
70
0
0
SEQEND
8
Layer 1
0
POLYLINE
8
Layer 1
62
7
70
0
10
0.000000
20
0.000000
66
1
0
VERTEX
8
Layer 1
10
4.119557
20
13.299818
70
0
0
VERTEX
8
Layer 1
10
3.962395
20
13.337124
70
0
0
VERTEX
8
Layer 1
10
3.910801
20
13.334213
70
0
0
VERTEX
8
Layer 1
10
4.036743
20
13.434226
70
0
0
VERTEX
8
Layer 1
10
4.096803
20
13.411472
70
0
0
VERTEX
8
Layer 1
10
4.136755
20
13.308549
70
0
0
VERTEX
8
Layer 1
10
4.119557
20
13.299818
70
0
0
VERTEX
8
Layer 1
10
4.119557
20
13.299818
70
0
0
SEQEND
8
Layer 1
0
POLYLINE
8
Layer 1
62
7
70
0
10
0.000000
20
0.000000
66
1
0
VERTEX
8
Layer 1
10
5.220487
20
12.842089
70
0
0
VERTEX
8
Layer 1
10
5.088989
20
12.879395
70
0
0
VERTEX
8
Layer 1
10
5.026019
20
12.873574
70
0
0
VERTEX
8
Layer 1
10
4.911719
20
12.836268
70
0
0
VERTEX
8
Layer 1
10
4.720161
20
12.936281
70
0
0
VERTEX
8
Layer 1
10
4.534159
20
13.208007
70
0
0
VERTEX
8
Layer 1
10
4.508494
20
13.236582
70
0
0
VERTEX
8
Layer 1
10
4.605861
20
13.250870
70
0
0
VERTEX
8
Layer 1
10
4.737359
20
13.213564
70
0
0
VERTEX
8
Layer 1
10
4.800329
20
13.219384
70
0
0
VERTEX
8
Layer 1
10
4.914629
20
13.256691
70
0
0
VERTEX
8
Layer 1
10
5.106187
20
13.156678
70
0
0
VERTEX
8
Layer 1
10
5.292189
20
12.884952
70
0
0
VERTEX
8
Layer 1
10
5.317854
20
12.856377
70
0
0
VERTEX
8
Layer 1
10
5.220487
20
12.842089
70
0
0
VERTEX
8
Layer 1
10
5.220487
20
12.842089
70
0
0
SEQEND
8
Layer 1
0
POLYLINE
8
Layer 1
62
7
70
0
10
0.000000
20
0.000000
66
1
0
VERTEX
8
Layer 1
10
4.445524
20
14.875674
70
0
0
VERTEX
8
Layer 1
10
4.309329
20
14.288267
70
0
0
VERTEX
8
Layer 1
10
4.385463
20
13.891954
70
0
0
VERTEX
8
Layer 1
10
4.393930
20
13.880577
70
0
0
VERTEX
8
Layer 1
10
4.837106
20
13.517305
70
0
0
VERTEX
8
Layer 1
10
4.874413
20
13.503017
70
0
0
VERTEX
8
Layer 1
10
5.197468
20
13.337124
70
0
0
VERTEX
8
Layer 1
10
5.074437
20
13.299818
70
0
0
VERTEX
8
Layer 1
10
4.917275
20
13.345591
70
0
0
VERTEX
8
Layer 1
10
4.834461
20
13.334213
70
0
0
VERTEX
8
Layer 1
10
4.811706
20
13.385807
70
0
0
VERTEX
8
Layer 1
10
4.588663
20
13.557522
70
0
0
VERTEX
8
Layer 1
10
4.291272
20
13.834804
70
0
0
VERTEX
8
Layer 1
10
4.231211
20
14.180879
70
0
0
VERTEX
8
Layer 1
10
4.176972
20
14.535420
70
0
0
VERTEX
8
Layer 1
10
4.142576
20
14.175058
70
0
0
VERTEX
8
Layer 1
10
4.208457
20
13.803319
70
0
0
VERTEX
8
Layer 1
10
4.368232
20
13.577134
70
0
0
VERTEX
8
Layer 1
10
4.551621
20
13.477353
70
0
0
VERTEX
8
Layer 1
10
4.737623
20
13.325747
70
0
0
VERTEX
8
Layer 1
10
4.740534
20
13.311459
70
0
0
VERTEX
8
Layer 1
10
4.606125
20
13.340034
70
0
0
VERTEX
8
Layer 1
10
4.437321
20
13.297172
70
0
0
VERTEX
8
Layer 1
10
4.274338
20
13.342945
70
0
0
VERTEX
8
Layer 1
10
4.220099
20
13.340034
70
0
0
VERTEX
8
Layer 1
10
4.160039
20
13.474442
70
0
0
VERTEX
8
Layer 1
10
4.037007
20
13.523126
70
0
0
VERTEX
8
Layer 1
10
3.808143
20
13.311459
70
0
0
VERTEX
8
Layer 1
10
3.808143
20
13.302993
70
0
0
VERTEX
8
Layer 1
10
3.802322
20
13.300082
70
0
0
VERTEX
8
Layer 1
10
3.653627
20
13.342945
70
0
0
VERTEX
8
Layer 1
10
3.653627
20
13.400095
70
0
0
VERTEX
8
Layer 1
10
3.656537
20
13.403005
70
0
0
VERTEX
8
Layer 1
10
3.656537
20
13.420203
70
0
0
VERTEX
8
Layer 1
10
3.685112
20
13.517569
70
0
0
VERTEX
8
Layer 1
10
3.736706
20
13.609115
70
0
0
VERTEX
8
Layer 1
10
3.822431
20
13.952279
70
0
0
VERTEX
8
Layer 1
10
3.662358
20
13.654888
70
0
0
VERTEX
8
Layer 1
10
3.608118
20
13.557522
70
0
0
VERTEX
8
Layer 1
10
3.576633
20
13.463065
70
0
0
VERTEX
8
Layer 1
10
3.375385
20
13.454136
70
0
0
VERTEX
8
Layer 1
10
3.176319
20
13.305903
70
0
0
VERTEX
8
Layer 1
10
3.173409
20
13.300082
70
0
0
VERTEX
8
Layer 1
10
3.170498
20
13.300082
70
0
0
VERTEX
8
Layer 1
10
3.013336
20
13.342945
70
0
0
VERTEX
8
Layer 1
10
2.858819
20
13.300082
70
0
0
VERTEX
8
Layer 1
10
2.844532
20
13.305903
70
0
0
VERTEX
8
Layer 1
10
3.273421
20
13.543234
70
0
0
VERTEX
8
Layer 1
10
3.341948
20
13.577630
70
0
0
VERTEX
8
Layer 1
10
3.581065
20
13.801037
70
0
0
VERTEX
8
Layer 1
10
3.702310
20
14.155215
70
0
0
VERTEX
8
Layer 1
10
3.556525
20
14.424031
70
0
0
VERTEX
8
Layer 1
10
3.393542
20
14.698668
70
0
0
VERTEX
8
Layer 1
10
3.250171
20
14.918173
70
0
0
VERTEX
8
Layer 1
10
2.967298
20
15.141845
70
0
0
VERTEX
8
Layer 1
10
3.101707
20
15.179151
70
0
0
VERTEX
8
Layer 1
10
3.153300
20
15.233390
70
0
0
VERTEX
8
Layer 1
10
3.156211
20
15.250588
70
0
0
VERTEX
8
Layer 1
10
3.133456
20
15.319115
70
0
0
VERTEX
8
Layer 1
10
3.216271
20
15.322026
70
0
0
VERTEX
8
Layer 1
10
3.264954
20
15.424948
70
0
0
VERTEX
8
Layer 1
10
3.250667
20
15.556446
70
0
0
VERTEX
8
Layer 1
10
3.253577
20
15.556446
70
0
0
VERTEX
8
Layer 1
10
3.365231
20
15.216192
70
0
0
VERTEX
8
Layer 1
10
3.561552
20
14.735313
70
0
0
VERTEX
8
Layer 1
10
3.785654
20
14.544152
70
0
0
VERTEX
8
Layer 1
10
3.834337
20
14.558439
70
0
0
VERTEX
8
Layer 1
10
3.874289
20
14.732799
70
0
0
VERTEX
8
Layer 1
10
3.839893
20
15.064586
70
0
0
VERTEX
8
Layer 1
10
3.652965
20
15.446049
70
0
0
VERTEX
8
Layer 1
10
3.450956
20
15.550890
70
0
0
VERTEX
8
Layer 1
10
3.428202
20
15.556711
70
0
0
VERTEX
8
Layer 1
10
3.531125
20
15.679742
70
0
0
VERTEX
8
Layer 1
10
3.545412
20
15.668365
70
0
0
VERTEX
8
Layer 1
10
3.751258
20
15.694029
70
0
0
VERTEX
8
Layer 1
10
3.751258
20
15.685563
70
0
0
VERTEX
8
Layer 1
10
3.854181
20
15.268051
70
0
0
VERTEX
8
Layer 1
10
3.977212
20
15.059295
70
0
0
VERTEX
8
Layer 1
10
4.040182
20
14.953461
70
0
0
VERTEX
8
Layer 1
10
4.088866
20
14.936264
70
0
0
VERTEX
8
Layer 1
10
4.211897
20
15.333667
70
0
0
VERTEX
8
Layer 1
10
4.214807
20
15.393728
70
0
0
VERTEX
8
Layer 1
10
4.157657
20
15.711227
70
0
0
VERTEX
8
Layer 1
10
4.160568
20
15.711227
70
0
0
VERTEX
8
Layer 1
10
4.180676
20
15.696940
70
0
0
VERTEX
8
Layer 1
10
4.234915
20
15.728425
70
0
0
VERTEX
8
Layer 1
10
4.277778
20
15.905696
70
0
0
VERTEX
8
Layer 1
10
4.280688
20
15.868389
70
0
0
VERTEX
8
Layer 1
10
4.297886
20
15.776844
70
0
0
VERTEX
8
Layer 1
10
4.432294
20
15.799598
70
0
0
VERTEX
8
Layer 1
10
4.529661
20
15.845371
70
0
0
VERTEX
8
Layer 1
10
4.392342
20
15.587931
70
0
0
VERTEX
8
Layer 1
10
4.343659
20
15.261965
70
0
0
VERTEX
8
Layer 1
10
4.320905
20
15.075963
70
0
0
VERTEX
8
Layer 1
10
4.317995
20
15.058765
70
0
0
VERTEX
8
Layer 1
10
4.340749
20
15.021459
70
0
0
VERTEX
8
Layer 1
10
4.397899
20
15.032836
70
0
0
VERTEX
8
Layer 1
10
4.655338
20
15.338959
70
0
0
VERTEX
8
Layer 1
10
4.612475
20
15.227305
70
0
0
VERTEX
8
Layer 1
10
4.612475
20
15.218838
70
0
0
VERTEX
8
Layer 1
10
4.629673
20
15.184442
70
0
0
VERTEX
8
Layer 1
10
4.675446
20
15.181532
70
0
0
VERTEX
8
Layer 1
10
4.844250
20
15.207197
70
0
0
VERTEX
8
Layer 1
10
4.844250
20
15.207197
70
0
0
VERTEX
8
Layer 1
10
4.844250
20
15.204286
70
0
0
VERTEX
8
Layer 1
10
4.445524
20
14.875674
70
0
0
VERTEX
8
Layer 1
10
4.445524
20
14.875674
70
0
0
SEQEND
8
Layer 1
0
POLYLINE
8
Layer 1
62
7
70
0
10
0.000000
20
0.000000
66
1
0
VERTEX
8
Layer 1
10
4.722807
20
15.284455
70
0
0
VERTEX
8
Layer 1
10
4.797154
20
15.441617
70
0
0
VERTEX
8
Layer 1
10
4.888700
20
15.507498
70
0
0
VERTEX
8
Layer 1
10
5.003000
20
15.613331
70
0
0
VERTEX
8
Layer 1
10
4.851394
20
15.587667
70
0
0
VERTEX
8
Layer 1
10
4.722807
20
15.516229
70
0
0
VERTEX
8
Layer 1
10
4.596865
20
15.413307
70
0
0
VERTEX
8
Layer 1
10
4.605332
20
15.519140
70
0
0
VERTEX
8
Layer 1
10
4.651105
20
15.550625
70
0
0
VERTEX
8
Layer 1
10
4.736829
20
15.656458
70
0
0
VERTEX
8
Layer 1
10
4.865417
20
15.656458
70
0
0
VERTEX
8
Layer 1
10
4.914100
20
15.739273
70
0
0
VERTEX
8
Layer 1
10
4.925477
20
15.736363
70
0
0
VERTEX
8
Layer 1
10
5.214402
20
15.767848
70
0
0
VERTEX
8
Layer 1
10
5.242977
20
15.824998
70
0
0
VERTEX
8
Layer 1
10
5.228689
20
15.853573
70
0
0
VERTEX
8
Layer 1
10
5.308858
20
15.847752
70
0
0
VERTEX
8
Layer 1
10
5.311768
20
15.827644
70
0
0
VERTEX
8
Layer 1
10
5.311768
20
15.821823
70
0
0
VERTEX
8
Layer 1
10
5.265995
20
15.770229
70
0
0
VERTEX
8
Layer 1
10
5.217312
20
15.718635
70
0
0
VERTEX
8
Layer 1
10
5.214402
20
15.695881
70
0
0
VERTEX
8
Layer 1
10
5.240066
20
15.641642
70
0
0
VERTEX
8
Layer 1
10
5.260175
20
15.598779
70
0
0
VERTEX
8
Layer 1
10
5.260175
20
15.590313
70
0
0
VERTEX
8
Layer 1
10
5.105658
20
15.513054
70
0
0
VERTEX
8
Layer 1
10
5.014112
20
15.484479
70
0
0
VERTEX
8
Layer 1
10
4.999825
20
15.447173
70
0
0
VERTEX
8
Layer 1
10
5.031310
20
15.387113
70
0
0
VERTEX
8
Layer 1
10
5.051419
20
15.361448
70
0
0
VERTEX
8
Layer 1
10
5.037131
20
15.347161
70
0
0
VERTEX
8
Layer 1
10
4.914100
20
15.312765
70
0
0
VERTEX
8
Layer 1
10
4.854040
20
15.295567
70
0
0
VERTEX
8
Layer 1
10
4.722807
20
15.284455
70
0
0
VERTEX
8
Layer 1
10
4.722807
20
15.284455
70
0
0
SEQEND
8
Layer 1
0
POLYLINE
8
Layer 1
62
7
70
0
10
0.000000
20
0.000000
66
1
0
VERTEX
8
Layer 1
10
5.795426
20
14.724068
70
0
0
VERTEX
8
Layer 1
10
5.683772
20
14.712691
70
0
0
VERTEX
8
Layer 1
10
5.643820
20
14.721158
70
0
0
VERTEX
8
Layer 1
10
5.583760
20
14.683851
70
0
0
VERTEX
8
Layer 1
10
5.526610
20
14.649456
70
0
0
VERTEX
8
Layer 1
10
5.420777
20
14.720893
70
0
0
VERTEX
8
Layer 1
10
5.363627
20
14.763755
70
0
0
VERTEX
8
Layer 1
10
5.303566
20
14.723803
70
0
0
VERTEX
8
Layer 1
10
5.249327
20
14.695228
70
0
0
VERTEX
8
Layer 1
10
5.143494
20
14.855301
70
0
0
VERTEX
8
Layer 1
10
5.083433
20
14.943936
70
0
0
VERTEX
8
Layer 1
10
5.011996
20
14.918272
70
0
0
VERTEX
8
Layer 1
10
4.940558
20
15.175711
70
0
0
VERTEX
8
Layer 1
10
5.163602
20
15.066968
70
0
0
VERTEX
8
Layer 1
10
5.326585
20
14.978332
70
0
0
VERTEX
8
Layer 1
10
5.214931
20
15.138405
70
0
0
VERTEX
8
Layer 1
10
5.043217
20
15.244238
70
0
0
VERTEX
8
Layer 1
10
5.335052
20
15.281544
70
0
0
VERTEX
8
Layer 1
10
5.329231
20
15.264346
70
0
0
VERTEX
8
Layer 1
10
5.323410
20
15.218838
70
0
0
VERTEX
8
Layer 1
10
5.460729
20
15.158778
70
0
0
VERTEX
8
Layer 1
10
5.606514
20
15.130203
70
0
0
VERTEX
8
Layer 1
10
5.606514
20
15.127292
70
0
0
VERTEX
8
Layer 1
10
5.592226
20
15.095807
70
0
0
VERTEX
8
Layer 1
10
5.575028
20
15.044213
70
0
0
VERTEX
8
Layer 1
10
5.580849
20
15.021459
70
0
0
VERTEX
8
Layer 1
10
5.675305
20
14.969866
70
0
0
VERTEX
8
Layer 1
10
5.763941
20
14.935470
70
0
0
VERTEX
8
Layer 1
10
5.749653
20
14.921182
70
0
0
VERTEX
8
Layer 1
10
5.715257
20
14.858212
70
0
0
VERTEX
8
Layer 1
10
5.715257
20
14.843924
70
0
0
VERTEX
8
Layer 1
10
5.761030
20
14.786774
70
0
0
VERTEX
8
Layer 1
10
5.800982
20
14.738091
70
0
0
VERTEX
8
Layer 1
10
5.795426
20
14.724068
70
0
0
VERTEX
8
Layer 1
10
5.795426
20
14.724068
70
0
0
SEQEND
8
Layer 1
0
POLYLINE
8
Layer 1
62
7
70
0
10
0.000000
20
0.000000
66
1
0
VERTEX
8
Layer 1
10
5.649376
20
15.075699
70
0
0
VERTEX
8
Layer 1
10
5.660753
20
15.072788
70
0
0
VERTEX
8
Layer 1
10
5.660753
20
15.072788
70
0
0
VERTEX
8
Layer 1
10
5.649376
20
15.075699
70
0
0
VERTEX
8
Layer 1
10
5.649376
20
15.075699
70
0
0
SEQEND
8
Layer 1
0
POLYLINE
8
Layer 1
62
7
70
0
10
0.000000
20
0.000000
66
1
0
VERTEX
8
Layer 1
10
6.072709
20
15.152957
70
0
0
VERTEX
8
Layer 1
10
5.998361
20
15.138670
70
0
0
VERTEX
8
Layer 1
10
5.921103
20
15.127292
70
0
0
VERTEX
8
Layer 1
10
5.895438
20
15.064322
70
0
0
VERTEX
8
Layer 1
10
5.886972
20
15.035747
70
0
0
VERTEX
8
Layer 1
10
5.804157
20
15.032836
70
0
0
VERTEX
8
Layer 1
10
5.769761
20
15.038657
70
0
0
VERTEX
8
Layer 1
10
5.701234
20
15.061411
70
0
0
VERTEX
8
Layer 1
10
5.675570
20
15.069878
70
0
0
VERTEX
8
Layer 1
10
5.695678
20
15.135759
70
0
0
VERTEX
8
Layer 1
10
5.675570
20
15.189999
70
0
0
VERTEX
8
Layer 1
10
5.472635
20
15.250059
70
0
0
VERTEX
8
Layer 1
10
5.415485
20
15.258526
70
0
0
VERTEX
8
Layer 1
10
5.418395
20
15.287101
70
0
0
VERTEX
8
Layer 1
10
5.386910
20
15.352982
70
0
0
VERTEX
8
Layer 1
10
5.138202
20
15.367269
70
0
0
VERTEX
8
Layer 1
10
5.112537
20
15.421509
70
0
0
VERTEX
8
Layer 1
10
5.123914
20
15.421509
70
0
0
VERTEX
8
Layer 1
10
5.304095
20
15.478659
70
0
0
VERTEX
8
Layer 1
10
5.684566
20
15.444263
70
0
0
VERTEX
8
Layer 1
10
5.701764
20
15.455640
70
0
0
VERTEX
8
Layer 1
10
5.756003
20
15.409867
70
0
0
VERTEX
8
Layer 1
10
5.856016
20
15.415688
70
0
0
VERTEX
8
Layer 1
10
5.961849
20
15.424155
70
0
0
VERTEX
8
Layer 1
10
5.981957
20
15.358273
70
0
0
VERTEX
8
Layer 1
10
5.970580
20
15.281015
70
0
0
VERTEX
8
Layer 1
10
6.024819
20
15.235242
70
0
0
VERTEX
8
Layer 1
10
6.072709
20
15.152957
70
0
0
VERTEX
8
Layer 1
10
6.072709
20
15.152957
70
0
0
SEQEND
8
Layer 1
0
POLYLINE
8
Layer 1
62
7
70
0
10
0.000000
20
0.000000
66
1
0
VERTEX
8
Layer 1
10
6.198651
20
15.258790
70
0
0
VERTEX
8
Layer 1
10
6.218759
20
15.250324
70
0
0
VERTEX
8
Layer 1
10
6.198651
20
15.258790
70
0
0
VERTEX
8
Layer 1
10
6.198651
20
15.258790
70
0
0
SEQEND
8
Layer 1
0
POLYLINE
8
Layer 1
62
7
70
0
10
0.000000
20
0.000000
66
1
0
VERTEX
8
Layer 1
10
6.501598
20
15.367534
70
0
0
VERTEX
8
Layer 1
10
6.501598
20
15.367534
70
0
0
VERTEX
8
Layer 1
10
6.501598
20
15.378911
70
0
0
VERTEX
8
Layer 1
10
6.501598
20
15.373090
70
0
0
VERTEX
8
Layer 1
10
6.501598
20
15.367534
70
0
0
VERTEX
8
Layer 1
10
6.501598
20
15.367534
70
0
0
SEQEND
8
Layer 1
0
POLYLINE
8
Layer 1
62
7
70
0
10
0.000000
20
0.000000
66
1
0
VERTEX
8
Layer 1
10
6.667492
20
15.493211
70
0
0
VERTEX
8
Layer 1
10
6.641827
20
15.438971
70
0
0
VERTEX
8
Layer 1
10
6.518796
20
15.436061
70
0
0
VERTEX
8
Layer 1
10
6.444448
20
15.433150
70
0
0
VERTEX
8
Layer 1
10
6.415873
20
15.358803
70
0
0
VERTEX
8
Layer 1
10
6.390209
20
15.287365
70
0
0
VERTEX
8
Layer 1
10
6.267178
20
15.321761
70
0
0
VERTEX
8
Layer 1
10
6.169811
20
15.327582
70
0
0
VERTEX
8
Layer 1
10
6.152613
20
15.287630
70
0
0
VERTEX
8
Layer 1
10
6.141236
20
15.253234
70
0
0
VERTEX
8
Layer 1
10
6.055511
20
15.310384
70
0
0
VERTEX
8
Layer 1
10
6.058422
20
15.316205
70
0
0
VERTEX
8
Layer 1
10
6.075619
20
15.384732
70
0
0
VERTEX
8
Layer 1
10
6.015559
20
15.490565
70
0
0
VERTEX
8
Layer 1
10
5.835378
20
15.499032
70
0
0
VERTEX
8
Layer 1
10
5.781139
20
15.490565
70
0
0
VERTEX
8
Layer 1
10
5.752564
20
15.536338
70
0
0
VERTEX
8
Layer 1
10
5.815534
20
15.553536
70
0
0
VERTEX
8
Layer 1
10
5.869774
20
15.559356
70
0
0
VERTEX
8
Layer 1
10
6.252890
20
15.550890
70
0
0
VERTEX
8
Layer 1
10
5.952588
20
15.628148
70
0
0
VERTEX
8
Layer 1
10
6.049955
20
15.785310
70
0
0
VERTEX
8
Layer 1
10
6.055776
20
15.799598
70
0
0
VERTEX
8
Layer 1
10
6.070063
20
15.808065
70
0
0
VERTEX
8
Layer 1
10
6.095728
20
15.759381
70
0
0
VERTEX
8
Layer 1
10
6.133034
20
15.702231
70
0
0
VERTEX
8
Layer 1
10
6.215848
20
15.727896
70
0
0
VERTEX
8
Layer 1
10
6.418784
20
15.787956
70
0
0
VERTEX
8
Layer 1
10
6.433071
20
15.707788
70
0
0
VERTEX
8
Layer 1
10
6.453179
20
15.624973
70
0
0
VERTEX
8
Layer 1
10
6.496042
20
15.613596
70
0
0
VERTEX
8
Layer 1
10
6.667492
20
15.493211
70
0
0
VERTEX
8
Layer 1
10
6.667492
20
15.493211
70
0
0
SEQEND
8
Layer 1
0
POLYLINE
8
Layer 1
62
7
70
0
10
0.000000
20
0.000000
66
1
0
VERTEX
8
Layer 1
10
77.541340
20
5.283482
70
0
0
VERTEX
8
Layer 1
10
77.663929
20
4.650169
70
0
0
VERTEX
8
Layer 1
10
78.000755
20
4.138102
70
0
0
VERTEX
8
Layer 1
10
78.505410
20
3.795500
70
0
0
VERTEX
8
Layer 1
10
79.131484
20
3.670584
70
0
0
VERTEX
8
Layer 1
10
79.779571
20
3.799556
70
0
0
VERTEX
8
Layer 1
10
80.315889
20
4.148917
70
0
0
VERTEX
8
Layer 1
10
80.681155
20
4.662336
70
0
0
VERTEX
8
Layer 1
10
80.816084
20
5.283482
70
0
0
VERTEX
8
Layer 1
10
80.704417
20
5.858743
70
0
0
VERTEX
8
Layer 1
10
80.381738
20
6.365891
70
0
0
VERTEX
8
Layer 1
10
79.866524
20
6.727187
70
0
0
VERTEX
8
Layer 1
10
79.177256
20
6.864895
70
0
0
VERTEX
8
Layer 1
10
78.553630
20
6.736452
70
0
0
VERTEX
8
Layer 1
10
78.032174
20
6.390596
70
0
0
VERTEX
8
Layer 1
10
77.674280
20
5.886537
70
0
0
VERTEX
8
Layer 1
10
77.541340
20
5.283482
70
0
0
VERTEX
8
Layer 1
10
77.541340
20
5.283482
70
0
0
SEQEND
8
Layer 1
0
POLYLINE
8
Layer 1
62
7
70
0
10
0.000000
20
0.000000
66
1
0
VERTEX
8
Layer 1
10
78.090350
20
5.532190
70
0
0
VERTEX
8
Layer 1
10
78.328739
20
6.275800
70
0
0
VERTEX
8
Layer 1
10
78.622335
20
6.522417
70
0
0
VERTEX
8
Layer 1
10
79.028296
20
6.616186
70
0
0
VERTEX
8
Layer 1
10
79.547028
20
6.474072
70
0
0
VERTEX
8
Layer 1
10
79.935485
20
6.101374
70
0
0
VERTEX
8
Layer 1
10
80.179183
20
5.578558
70
0
0
VERTEX
8
Layer 1
10
80.263634
20
4.986091
70
0
0
VERTEX
8
Layer 1
10
80.015224
20
4.258157
70
0
0
VERTEX
8
Layer 1
10
79.724393
20
4.011119
70
0
0
VERTEX
8
Layer 1
10
79.339975
20
3.916382
70
0
0
VERTEX
8
Layer 1
10
78.814211
20
4.058682
70
0
0
VERTEX
8
Layer 1
10
78.421376
20
4.428317
70
0
0
VERTEX
8
Layer 1
10
78.175434
20
4.945936
70
0
0
VERTEX
8
Layer 1
10
78.090350
20
5.532190
70
0
0
VERTEX
8
Layer 1
10
78.090350
20
5.532190
70
0
0
SEQEND
8
Layer 1
0
POLYLINE
8
Layer 1
62
7
70
0
10
0.000000
20
0.000000
66
1
0
VERTEX
8
Layer 1
10
77.063767
20
6.887913
70
0
0
VERTEX
8
Layer 1
10
76.966666
20
6.887913
70
0
0
VERTEX
8
Layer 1
10
76.960845
20
6.876536
70
0
0
VERTEX
8
Layer 1
10
76.752089
20
6.810655
70
0
0
VERTEX
8
Layer 1
10
76.128731
20
6.802188
70
0
0
VERTEX
8
Layer 1
10
75.253491
20
6.802188
70
0
0
VERTEX
8
Layer 1
10
74.572719
20
6.810655
70
0
0
VERTEX
8
Layer 1
10
74.363963
20
6.876536
70
0
0
VERTEX
8
Layer 1
10
74.355496
20
6.887913
70
0
0
VERTEX
8
Layer 1
10
74.241196
20
6.887913
70
0
0
VERTEX
8
Layer 1
10
74.235375
20
6.870715
70
0
0
VERTEX
8
Layer 1
10
74.000955
20
6.255824
70
0
0
VERTEX
8
Layer 1
10
73.995134
20
6.235716
70
0
0
VERTEX
8
Layer 1
10
74.140919
20
6.149991
70
0
0
VERTEX
8
Layer 1
10
74.152296
20
6.178566
70
0
0
VERTEX
8
Layer 1
10
74.357216
20
6.462795
70
0
0
VERTEX
8
Layer 1
10
74.898685
20
6.556126
70
0
0
VERTEX
8
Layer 1
10
75.316197
20
6.536018
70
0
0
VERTEX
8
Layer 1
10
75.356149
20
5.412069
70
0
0
VERTEX
8
Layer 1
10
75.316197
20
4.073544
70
0
0
VERTEX
8
Layer 1
10
75.018805
20
3.916382
70
0
0
VERTEX
8
Layer 1
10
74.827247
20
3.893627
70
0
0
VERTEX
8
Layer 1
10
74.749989
20
3.885161
70
0
0
VERTEX
8
Layer 1
10
74.784385
20
3.713446
70
0
0
VERTEX
8
Layer 1
10
75.041824
20
3.730644
70
0
0
VERTEX
8
Layer 1
10
75.113262
20
3.733555
70
0
0
VERTEX
8
Layer 1
10
75.613853
20
3.744932
70
0
0
VERTEX
8
Layer 1
10
75.694021
20
3.744932
70
0
0
VERTEX
8
Layer 1
10
75.971304
20
3.742021
70
0
0
VERTEX
8
Layer 1
10
76.182971
20
3.733555
70
0
0
VERTEX
8
Layer 1
10
76.406014
20
3.725088
70
0
0
VERTEX
8
Layer 1
10
76.408925
20
3.747842
70
0
0
VERTEX
8
Layer 1
10
76.426122
20
3.902359
70
0
0
VERTEX
8
Layer 1
10
76.285893
20
3.916646
70
0
0
VERTEX
8
Layer 1
10
76.251498
20
3.919557
70
0
0
VERTEX
8
Layer 1
10
75.985592
20
4.002371
70
0
0
VERTEX
8
Layer 1
10
75.891136
20
5.129230
70
0
0
VERTEX
8
Layer 1
10
75.905423
20
5.764229
70
0
0
VERTEX
8
Layer 1
10
75.922621
20
6.487864
70
0
0
VERTEX
8
Layer 1
10
76.208635
20
6.553745
70
0
0
VERTEX
8
Layer 1
10
76.220012
20
6.550834
70
0
0
VERTEX
8
Layer 1
10
76.388816
20
6.553745
70
0
0
VERTEX
8
Layer 1
10
76.426122
20
6.553745
70
0
0
VERTEX
8
Layer 1
10
76.895823
20
6.472220
70
0
0
VERTEX
8
Layer 1
10
77.052390
20
6.219047
70
0
0
VERTEX
8
Layer 1
10
77.080965
20
6.147610
70
0
0
VERTEX
8
Layer 1
10
77.223840
20
6.233335
70
0
0
VERTEX
8
Layer 1
10
77.186534
20
6.396318
70
0
0
VERTEX
8
Layer 1
10
77.086522
20
6.865424
70
0
0
VERTEX
8
Layer 1
10
77.078055
20
6.882622
70
0
0
VERTEX
8
Layer 1
10
77.063767
20
6.882622
70
0
0
VERTEX
8
Layer 1
10
77.063767
20
6.887913
70
0
0
VERTEX
8
Layer 1
10
77.063767
20
6.887913
70
0
0
SEQEND
8
Layer 1
0
POLYLINE
8
Layer 1
62
7
70
0
10
0.000000
20
0.000000
66
1
0
VERTEX
8
Layer 1
10
72.510823
20
6.845051
70
0
0
VERTEX
8
Layer 1
10
72.833879
20
6.822297
70
0
0
VERTEX
8
Layer 1
10
73.480255
20
6.813830
70
0
0
VERTEX
8
Layer 1
10
73.505920
20
6.813830
70
0
0
VERTEX
8
Layer 1
10
73.505920
20
6.647936
70
0
0
VERTEX
8
Layer 1
10
73.480255
20
6.647936
70
0
0
VERTEX
8
Layer 1
10
73.238162
20
6.604644
70
0
0
VERTEX
8
Layer 1
10
73.105606
20
6.404785
70
0
0
VERTEX
8
Layer 1
10
73.065654
20
4.900366
70
0
0
VERTEX
8
Layer 1
10
73.082852
20
3.730644
70
0
0
VERTEX
8
Layer 1
10
73.082852
20
3.702069
70
0
0
VERTEX
8
Layer 1
10
72.882562
20
3.699159
70
0
0
VERTEX
8
Layer 1
10
72.876742
20
3.710536
70
0
0
VERTEX
8
Layer 1
10
70.651863
20
6.026960
70
0
0
VERTEX
8
Layer 1
10
70.646042
20
5.846779
70
0
0
VERTEX
8
Layer 1
10
70.628844
20
4.571224
70
0
0
VERTEX
8
Layer 1
10
70.697041
20
4.087534
70
0
0
VERTEX
8
Layer 1
10
71.209339
20
3.902094
70
0
0
VERTEX
8
Layer 1
10
71.229448
20
3.899184
70
0
0
VERTEX
8
Layer 1
10
71.229448
20
3.750488
70
0
0
VERTEX
8
Layer 1
10
71.226537
20
3.721913
70
0
0
VERTEX
8
Layer 1
10
70.986296
20
3.739111
70
0
0
VERTEX
8
Layer 1
10
70.640221
20
3.753398
70
0
0
VERTEX
8
Layer 1
10
69.922408
20
3.721913
70
0
0
VERTEX
8
Layer 1
10
69.922408
20
3.862142
70
0
0
VERTEX
8
Layer 1
10
69.922408
20
3.882250
70
0
0
VERTEX
8
Layer 1
10
70.122697
20
3.925113
70
0
0
VERTEX
8
Layer 1
10
70.256080
20
3.973002
70
0
0
VERTEX
8
Layer 1
10
70.322986
20
4.136779
70
0
0
VERTEX
8
Layer 1
10
70.368759
20
5.114943
70
0
0
VERTEX
8
Layer 1
10
70.377226
20
5.649665
70
0
0
VERTEX
8
Layer 1
10
70.304631
20
6.448375
70
0
0
VERTEX
8
Layer 1
10
69.899654
20
6.650582
70
0
0
VERTEX
8
Layer 1
10
69.879545
20
6.653493
70
0
0
VERTEX
8
Layer 1
10
69.879545
20
6.802188
70
0
0
VERTEX
8
Layer 1
10
69.876635
20
6.830763
70
0
0
VERTEX
8
Layer 1
10
70.094122
20
6.813565
70
0
0
VERTEX
8
Layer 1
10
70.322986
20
6.807745
70
0
0
VERTEX
8
Layer 1
10
70.666151
20
6.813565
70
0
0
VERTEX
8
Layer 1
10
70.674617
20
6.805099
70
0
0
VERTEX
8
Layer 1
10
72.810860
20
4.574399
70
0
0
VERTEX
8
Layer 1
10
72.805040
20
5.400957
70
0
0
VERTEX
8
Layer 1
10
72.762872
20
6.488459
70
0
0
VERTEX
8
Layer 1
10
72.616884
20
6.638089
70
0
0
VERTEX
8
Layer 1
10
72.287515
20
6.679422
70
0
0
VERTEX
8
Layer 1
10
72.258940
20
6.679422
70
0
0
VERTEX
8
Layer 1
10
72.290426
20
6.833938
70
0
0
VERTEX
8
Layer 1
10
72.510823
20
6.845051
70
0
0
VERTEX
8
Layer 1
10
72.510823
20
6.845051
70
0
0
SEQEND
8
Layer 1
0
POLYLINE
8
Layer 1
62
7
70
0
10
0.000000
20
0.000000
66
1
0
VERTEX
8
Layer 1
10
67.706261
20
6.864895
70
0
0
VERTEX
8
Layer 1
10
68.394962
20
6.727187
70
0
0
VERTEX
8
Layer 1
10
68.909187
20
6.365891
70
0
0
VERTEX
8
Layer 1
10
69.230928
20
5.858743
70
0
0
VERTEX
8
Layer 1
10
69.342177
20
5.283482
70
0
0
VERTEX
8
Layer 1
10
69.207285
20
4.663452
70
0
0
VERTEX
8
Layer 1
10
68.842082
20
4.149909
70
0
0
VERTEX
8
Layer 1
10
68.305777
20
3.799928
70
0
0
VERTEX
8
Layer 1
10
67.657577
20
3.670584
70
0
0
VERTEX
8
Layer 1
10
67.033186
20
3.795537
70
0
0
VERTEX
8
Layer 1
10
66.529395
20
4.138201
70
0
0
VERTEX
8
Layer 1
10
66.192887
20
4.650281
70
0
0
VERTEX
8
Layer 1
10
66.070344
20
5.283482
70
0
0
VERTEX
8
Layer 1
10
66.203284
20
5.886537
70
0
0
VERTEX
8
Layer 1
10
66.561178
20
6.390596
70
0
0
VERTEX
8
Layer 1
10
67.082634
20
6.736452
70
0
0
VERTEX
8
Layer 1
10
67.706261
20
6.864895
70
0
0
VERTEX
8
Layer 1
10
67.706261
20
6.864895
70
0
0
SEQEND
8
Layer 1
0
POLYLINE
8
Layer 1
62
7
70
0
10
0.000000
20
0.000000
66
1
0
VERTEX
8
Layer 1
10
67.872154
20
3.919292
70
0
0
VERTEX
8
Layer 1
10
68.256573
20
4.014029
70
0
0
VERTEX
8
Layer 1
10
68.547403
20
4.261067
70
0
0
VERTEX
8
Layer 1
10
68.795813
20
4.989001
70
0
0
VERTEX
8
Layer 1
10
68.711358
20
5.581580
70
0
0
VERTEX
8
Layer 1
10
68.467631
20
6.104384
70
0
0
VERTEX
8
Layer 1
10
68.079095
20
6.477020
70
0
0
VERTEX
8
Layer 1
10
67.560211
20
6.619097
70
0
0
VERTEX
8
Layer 1
10
67.152567
20
6.525327
70
0
0
VERTEX
8
Layer 1
10
66.858107
20
6.278711
70
0
0
VERTEX
8
Layer 1
10
66.619354
20
5.535100
70
0
0
VERTEX
8
Layer 1
10
66.704487
20
4.947209
70
0
0
VERTEX
8
Layer 1
10
66.950777
20
4.429044
70
0
0
VERTEX
8
Layer 1
10
67.344555
20
4.059955
70
0
0
VERTEX
8
Layer 1
10
67.872154
20
3.919292
70
0
0
VERTEX
8
Layer 1
10
67.872154
20
3.919292
70
0
0
SEQEND
8
Layer 1
0
POLYLINE
8
Layer 1
62
7
70
0
10
0.000000
20
0.000000
66
1
0
VERTEX
8
Layer 1
10
64.045490
20
6.842140
70
0
0
VERTEX
8
Layer 1
10
64.843340
20
6.607257
70
0
0
VERTEX
8
Layer 1
10
65.070989
20
6.341409
70
0
0
VERTEX
8
Layer 1
10
65.152241
20
6.001296
70
0
0
VERTEX
8
Layer 1
10
64.934125
20
5.501895
70
0
0
VERTEX
8
Layer 1
10
64.463002
20
5.231888
70
0
0
VERTEX
8
Layer 1
10
65.449632
20
3.993640
70
0
0
VERTEX
8
Layer 1
10
65.901540
20
3.781973
70
0
0
VERTEX
8
Layer 1
10
65.924294
20
3.779063
70
0
0
VERTEX
8
Layer 1
10
65.912917
20
3.616080
70
0
0
VERTEX
8
Layer 1
10
65.890163
20
3.616080
70
0
0
VERTEX
8
Layer 1
10
65.264193
20
3.731504
70
0
0
VERTEX
8
Layer 1
10
64.932108
20
3.930669
70
0
0
VERTEX
8
Layer 1
10
64.275148
20
4.623480
70
0
0
VERTEX
8
Layer 1
10
63.905526
20
5.157540
70
0
0
VERTEX
8
Layer 1
10
63.533787
20
5.171828
70
0
0
VERTEX
8
Layer 1
10
63.533787
20
4.759872
70
0
0
VERTEX
8
Layer 1
10
63.533787
20
4.619643
70
0
0
VERTEX
8
Layer 1
10
63.585380
20
4.016129
70
0
0
VERTEX
8
Layer 1
10
63.999982
20
3.847325
70
0
0
VERTEX
8
Layer 1
10
64.017180
20
3.841505
70
0
0
VERTEX
8
Layer 1
10
64.028557
20
3.678521
70
0
0
VERTEX
8
Layer 1
10
63.997071
20
3.684342
70
0
0
VERTEX
8
Layer 1
10
63.316299
20
3.735936
70
0
0
VERTEX
8
Layer 1
10
62.627061
20
3.698630
70
0
0
VERTEX
8
Layer 1
10
62.606952
20
3.695719
70
0
0
VERTEX
8
Layer 1
10
62.569646
20
3.835948
70
0
0
VERTEX
8
Layer 1
10
62.598221
20
3.841769
70
0
0
VERTEX
8
Layer 1
10
62.975781
20
4.024861
70
0
0
VERTEX
8
Layer 1
10
63.021554
20
4.894280
70
0
0
VERTEX
8
Layer 1
10
63.021554
20
4.962807
70
0
0
VERTEX
8
Layer 1
10
63.021554
20
5.691998
70
0
0
VERTEX
8
Layer 1
10
62.956070
20
6.504532
70
0
0
VERTEX
8
Layer 1
10
62.609598
20
6.641586
70
0
0
VERTEX
8
Layer 1
10
62.583934
20
6.641586
70
0
0
VERTEX
8
Layer 1
10
62.595311
20
6.821767
70
0
0
VERTEX
8
Layer 1
10
62.641084
20
6.818857
70
0
0
VERTEX
8
Layer 1
10
62.915721
20
6.804570
70
0
0
VERTEX
8
Layer 1
10
63.201735
20
6.798749
70
0
0
VERTEX
8
Layer 1
10
63.625068
20
6.830234
70
0
0
VERTEX
8
Layer 1
10
63.625068
20
6.830234
70
0
0
VERTEX
8
Layer 1
10
63.625068
20
6.830234
70
0
0
VERTEX
8
Layer 1
10
64.045490
20
6.842140
70
0
0
VERTEX
8
Layer 1
10
64.045490
20
6.842140
70
0
0
SEQEND
8
Layer 1
0
POLYLINE
8
Layer 1
62
7
70
0
10
0.000000
20
0.000000
66
1
0
VERTEX
8
Layer 1
10
63.542253
20
5.395136
70
0
0
VERTEX
8
Layer 1
10
63.848376
20
5.383759
70
0
0
VERTEX
8
Layer 1
10
64.324096
20
5.483837
70
0
0
VERTEX
8
Layer 1
10
64.514678
20
5.658793
70
0
0
VERTEX
8
Layer 1
10
64.591854
20
5.961344
70
0
0
VERTEX
8
Layer 1
10
64.426688
20
6.391390
70
0
0
VERTEX
8
Layer 1
10
64.198502
20
6.556172
70
0
0
VERTEX
8
Layer 1
10
63.853932
20
6.622007
70
0
0
VERTEX
8
Layer 1
10
63.590110
20
6.553050
70
0
0
VERTEX
8
Layer 1
10
63.545164
20
6.095752
70
0
0
VERTEX
8
Layer 1
10
63.542253
20
5.395136
70
0
0
VERTEX
8
Layer 1
10
63.542253
20
5.395136
70
0
0
SEQEND
8
Layer 1
0
POLYLINE
8
Layer 1
62
7
70
0
10
0.000000
20
0.000000
66
1
0
VERTEX
8
Layer 1
10
60.361966
20
6.864895
70
0
0
VERTEX
8
Layer 1
10
61.049551
20
6.727187
70
0
0
VERTEX
8
Layer 1
10
61.563900
20
6.365891
70
0
0
VERTEX
8
Layer 1
10
61.886261
20
5.858743
70
0
0
VERTEX
8
Layer 1
10
61.997882
20
5.283482
70
0
0
VERTEX
8
Layer 1
10
61.863036
20
4.663452
70
0
0
VERTEX
8
Layer 1
10
61.498151
20
4.149909
70
0
0
VERTEX
8
Layer 1
10
60.962710
20
3.799928
70
0
0
VERTEX
8
Layer 1
10
60.316193
20
3.670584
70
0
0
VERTEX
8
Layer 1
10
59.691347
20
3.795537
70
0
0
VERTEX
8
Layer 1
10
59.186556
20
4.138201
70
0
0
VERTEX
8
Layer 1
10
58.849047
20
4.650281
70
0
0
VERTEX
8
Layer 1
10
58.726049
20
5.283482
70
0
0
VERTEX
8
Layer 1
10
58.857762
20
5.886537
70
0
0
VERTEX
8
Layer 1
10
59.215792
20
6.390596
70
0
0
VERTEX
8
Layer 1
10
59.737930
20
6.736452
70
0
0
VERTEX
8
Layer 1
10
60.361966
20
6.864895
70
0
0
VERTEX
8
Layer 1
10
60.361966
20
6.864895
70
0
0
SEQEND
8
Layer 1
0
POLYLINE
8
Layer 1
62
7
70
0
10
0.000000
20
0.000000
66
1
0
VERTEX
8
Layer 1
10
60.524949
20
3.919292
70
0
0
VERTEX
8
Layer 1
10
60.909367
20
4.014029
70
0
0
VERTEX
8
Layer 1
10
61.200198
20
4.261067
70
0
0
VERTEX
8
Layer 1
10
61.448608
20
4.989001
70
0
0
VERTEX
8
Layer 1
10
61.364198
20
5.581580
70
0
0
VERTEX
8
Layer 1
10
61.120790
20
6.104384
70
0
0
VERTEX
8
Layer 1
10
60.733118
20
6.477020
70
0
0
VERTEX
8
Layer 1
10
60.215916
20
6.619097
70
0
0
VERTEX
8
Layer 1
10
59.808727
20
6.525327
70
0
0
VERTEX
8
Layer 1
10
59.515267
20
6.278711
70
0
0
VERTEX
8
Layer 1
10
59.277969
20
5.535100
70
0
0
VERTEX
8
Layer 1
10
59.361486
20
4.947209
70
0
0
VERTEX
8
Layer 1
10
59.606581
20
4.429044
70
0
0
VERTEX
8
Layer 1
10
59.999115
20
4.059955
70
0
0
VERTEX
8
Layer 1
10
60.524949
20
3.919292
70
0
0
VERTEX
8
Layer 1
10
60.524949
20
3.919292
70
0
0
SEQEND
8
Layer 1
0
POLYLINE
8
Layer 1
62
7
70
0
10
0.000000
20
0.000000
66
1
0
VERTEX
8
Layer 1
10
58.248477
20
6.887913
70
0
0
VERTEX
8
Layer 1
10
58.151110
20
6.887913
70
0
0
VERTEX
8
Layer 1
10
58.142643
20
6.876536
70
0
0
VERTEX
8
Layer 1
10
57.936798
20
6.810655
70
0
0
VERTEX
8
Layer 1
10
57.313440
20
6.802188
70
0
0
VERTEX
8
Layer 1
10
56.438200
20
6.802188
70
0
0
VERTEX
8
Layer 1
10
55.754782
20
6.810655
70
0
0
VERTEX
8
Layer 1
10
55.548936
20
6.876536
70
0
0
VERTEX
8
Layer 1
10
55.540470
20
6.887913
70
0
0
VERTEX
8
Layer 1
10
55.426170
20
6.887913
70
0
0
VERTEX
8
Layer 1
10
55.420349
20
6.870715
70
0
0
VERTEX
8
Layer 1
10
55.185928
20
6.255824
70
0
0
VERTEX
8
Layer 1
10
55.180108
20
6.235716
70
0
0
VERTEX
8
Layer 1
10
55.322982
20
6.149991
70
0
0
VERTEX
8
Layer 1
10
55.334359
20
6.178566
70
0
0
VERTEX
8
Layer 1
10
55.540271
20
6.462795
70
0
0
VERTEX
8
Layer 1
10
56.080748
20
6.556126
70
0
0
VERTEX
8
Layer 1
10
56.501170
20
6.536018
70
0
0
VERTEX
8
Layer 1
10
56.538477
20
5.412069
70
0
0
VERTEX
8
Layer 1
10
56.498525
20
4.073544
70
0
0
VERTEX
8
Layer 1
10
56.201133
20
3.916382
70
0
0
VERTEX
8
Layer 1
10
56.009575
20
3.893627
70
0
0
VERTEX
8
Layer 1
10
55.935227
20
3.885161
70
0
0
VERTEX
8
Layer 1
10
55.969623
20
3.713446
70
0
0
VERTEX
8
Layer 1
10
56.227062
20
3.730644
70
0
0
VERTEX
8
Layer 1
10
56.298500
20
3.733555
70
0
0
VERTEX
8
Layer 1
10
56.799091
20
3.744932
70
0
0
VERTEX
8
Layer 1
10
56.879260
20
3.744932
70
0
0
VERTEX
8
Layer 1
10
57.156543
20
3.742021
70
0
0
VERTEX
8
Layer 1
10
57.368209
20
3.733555
70
0
0
VERTEX
8
Layer 1
10
57.591252
20
3.725088
70
0
0
VERTEX
8
Layer 1
10
57.594163
20
3.747842
70
0
0
VERTEX
8
Layer 1
10
57.614271
20
3.902359
70
0
0
VERTEX
8
Layer 1
10
57.474042
20
3.916646
70
0
0
VERTEX
8
Layer 1
10
57.439646
20
3.919557
70
0
0
VERTEX
8
Layer 1
10
57.173740
20
4.002371
70
0
0
VERTEX
8
Layer 1
10
57.082195
20
5.129230
70
0
0
VERTEX
8
Layer 1
10
57.096482
20
5.764229
70
0
0
VERTEX
8
Layer 1
10
57.113680
20
6.487864
70
0
0
VERTEX
8
Layer 1
10
57.399694
20
6.553745
70
0
0
VERTEX
8
Layer 1
10
57.408161
20
6.550834
70
0
0
VERTEX
8
Layer 1
10
57.576965
20
6.553745
70
0
0
VERTEX
8
Layer 1
10
57.614271
20
6.553745
70
0
0
VERTEX
8
Layer 1
10
58.085064
20
6.472220
70
0
0
VERTEX
8
Layer 1
10
58.240539
20
6.219047
70
0
0
VERTEX
8
Layer 1
10
58.269114
20
6.147610
70
0
0
VERTEX
8
Layer 1
10
58.411989
20
6.233335
70
0
0
VERTEX
8
Layer 1
10
58.377593
20
6.396318
70
0
0
VERTEX
8
Layer 1
10
58.277581
20
6.865424
70
0
0
VERTEX
8
Layer 1
10
58.269114
20
6.882622
70
0
0
VERTEX
8
Layer 1
10
58.249006
20
6.882622
70
0
0
VERTEX
8
Layer 1
10
58.249006
20
6.887913
70
0
0
VERTEX
8
Layer 1
10
58.248477
20
6.887913
70
0
0
SEQEND
8
Layer 1
0
POLYLINE
8
Layer 1
62
7
70
0
10
0.000000
20
0.000000
66
1
0
VERTEX
8
Layer 1
10
52.480038
20
6.842140
70
0
0
VERTEX
8
Layer 1
10
51.424616
20
6.796368
70
0
0
VERTEX
8
Layer 1
10
50.895450
20
6.802188
70
0
0
VERTEX
8
Layer 1
10
50.349087
20
6.816476
70
0
0
VERTEX
8
Layer 1
10
50.168906
20
6.805099
70
0
0
VERTEX
8
Layer 1
10
50.028677
20
6.790811
70
0
0
VERTEX
8
Layer 1
10
50.028677
20
6.768057
70
0
0
VERTEX
8
Layer 1
10
50.028677
20
6.665134
70
0
0
VERTEX
8
Layer 1
10
50.054341
20
6.662224
70
0
0
VERTEX
8
Layer 1
10
50.377397
20
6.559301
70
0
0
VERTEX
8
Layer 1
10
50.466032
20
5.229507
70
0
0
VERTEX
8
Layer 1
10
50.403061
20
4.053965
70
0
0
VERTEX
8
Layer 1
10
50.082651
20
3.870873
70
0
0
VERTEX
8
Layer 1
10
50.062543
20
3.867963
70
0
0
VERTEX
8
Layer 1
10
50.054077
20
3.704980
70
0
0
VERTEX
8
Layer 1
10
50.082651
20
3.707890
70
0
0
VERTEX
8
Layer 1
10
50.811842
20
3.736465
70
0
0
VERTEX
8
Layer 1
10
51.083569
20
3.730644
70
0
0
VERTEX
8
Layer 1
10
51.584160
20
3.707890
70
0
0
VERTEX
8
Layer 1
10
51.584160
20
3.733555
70
0
0
VERTEX
8
Layer 1
10
51.584160
20
3.885161
70
0
0
VERTEX
8
Layer 1
10
51.549764
20
3.888071
70
0
0
VERTEX
8
Layer 1
10
51.034886
20
4.028300
70
0
0
VERTEX
8
Layer 1
10
50.980646
20
4.454543
70
0
0
VERTEX
8
Layer 1
10
50.983557
20
4.626258
70
0
0
VERTEX
8
Layer 1
10
51.000754
20
5.192465
70
0
0
VERTEX
8
Layer 1
10
51.255283
20
5.206753
70
0
0
VERTEX
8
Layer 1
10
51.976007
20
5.103830
70
0
0
VERTEX
8
Layer 1
10
52.084751
20
4.852212
70
0
0
VERTEX
8
Layer 1
10
52.087661
20
4.829457
70
0
0
VERTEX
8
Layer 1
10
52.242178
20
4.829457
70
0
0
VERTEX
8
Layer 1
10
52.242178
20
4.852212
70
0
0
VERTEX
8
Layer 1
10
52.259376
20
5.724542
70
0
0
VERTEX
8
Layer 1
10
52.256465
20
5.750206
70
0
0
VERTEX
8
Layer 1
10
52.093482
20
5.750206
70
0
0
VERTEX
8
Layer 1
10
52.090572
20
5.727452
70
0
0
VERTEX
8
Layer 1
10
51.973031
20
5.483970
70
0
0
VERTEX
8
Layer 1
10
51.432819
20
5.409953
70
0
0
VERTEX
8
Layer 1
10
51.020863
20
5.435617
70
0
0
VERTEX
8
Layer 1
10
51.006575
20
5.438528
70
0
0
VERTEX
8
Layer 1
10
50.998109
20
5.615798
70
0
0
VERTEX
8
Layer 1
10
51.001019
20
5.833021
70
0
0
VERTEX
8
Layer 1
10
51.009486
20
6.570943
70
0
0
VERTEX
8
Layer 1
10
51.381225
20
6.599518
70
0
0
VERTEX
8
Layer 1
10
52.136345
20
6.445001
70
0
0
VERTEX
8
Layer 1
10
52.296417
20
6.141789
70
0
0
VERTEX
8
Layer 1
10
52.302238
20
6.121681
70
0
0
VERTEX
8
Layer 1
10
52.473953
20
6.133058
70
0
0
VERTEX
8
Layer 1
10
52.471042
20
6.158722
70
0
0
VERTEX
8
Layer 1
10
52.488240
20
6.524905
70
0
0
VERTEX
8
Layer 1
10
52.505438
20
6.850872
70
0
0
VERTEX
8
Layer 1
10
52.480038
20
6.842140
70
0
0
VERTEX
8
Layer 1
10
52.480038
20
6.842140
70
0
0
SEQEND
8
Layer 1
0
POLYLINE
8
Layer 1
62
7
70
0
10
0.000000
20
0.000000
66
1
0
VERTEX
8
Layer 1
10
47.758554
20
6.864895
70
0
0
VERTEX
8
Layer 1
10
48.446139
20
6.727187
70
0
0
VERTEX
8
Layer 1
10
48.960489
20
6.365891
70
0
0
VERTEX
8
Layer 1
10
49.282850
20
5.858743
70
0
0
VERTEX
8
Layer 1
10
49.394471
20
5.283482
70
0
0
VERTEX
8
Layer 1
10
49.259579
20
4.663452
70
0
0
VERTEX
8
Layer 1
10
48.894376
20
4.149909
70
0
0
VERTEX
8
Layer 1
10
48.358071
20
3.799928
70
0
0
VERTEX
8
Layer 1
10
47.709871
20
3.670584
70
0
0
VERTEX
8
Layer 1
10
47.086142
20
3.795537
70
0
0
VERTEX
8
Layer 1
10
46.581226
20
4.138201
70
0
0
VERTEX
8
Layer 1
10
46.243097
20
4.650281
70
0
0
VERTEX
8
Layer 1
10
46.119727
20
5.283482
70
0
0
VERTEX
8
Layer 1
10
46.254350
20
5.886537
70
0
0
VERTEX
8
Layer 1
10
46.613108
20
6.390596
70
0
0
VERTEX
8
Layer 1
10
47.134883
20
6.736452
70
0
0
VERTEX
8
Layer 1
10
47.758554
20
6.864895
70
0
0
VERTEX
8
Layer 1
10
47.758554
20
6.864895
70
0
0
SEQEND
8
Layer 1
0
POLYLINE
8
Layer 1
62
7
70
0
10
0.000000
20
0.000000
66
1
0
VERTEX
8
Layer 1
10
47.921538
20
3.919292
70
0
0
VERTEX
8
Layer 1
10
48.305956
20
4.014029
70
0
0
VERTEX
8
Layer 1
10
48.596786
20
4.261067
70
0
0
VERTEX
8
Layer 1
10
48.845197
20
4.989001
70
0
0
VERTEX
8
Layer 1
10
48.761196
20
5.581580
70
0
0
VERTEX
8
Layer 1
10
48.518470
20
6.104384
70
0
0
VERTEX
8
Layer 1
10
48.130934
20
6.477020
70
0
0
VERTEX
8
Layer 1
10
47.612505
20
6.619097
70
0
0
VERTEX
8
Layer 1
10
47.204861
20
6.525327
70
0
0
VERTEX
8
Layer 1
10
46.910401
20
6.278711
70
0
0
VERTEX
8
Layer 1
10
46.671647
20
5.535100
70
0
0
VERTEX
8
Layer 1
10
46.755508
20
4.947209
70
0
0
VERTEX
8
Layer 1
10
47.001616
20
4.429044
70
0
0
VERTEX
8
Layer 1
10
47.395212
20
4.059955
70
0
0
VERTEX
8
Layer 1
10
47.921538
20
3.919292
70
0
0
VERTEX
8
Layer 1
10
47.921538
20
3.919292
70
0
0
SEQEND
8
Layer 1
0
POLYLINE
8
Layer 1
62
7
70
0
10
0.000000
20
0.000000
66
1
0
VERTEX
8
Layer 1
10
42.113147
20
6.802188
70
0
0
VERTEX
8
Layer 1
10
42.113147
20
6.650582
70
0
0
VERTEX
8
Layer 1
10
42.150453
20
6.647672
70
0
0
VERTEX
8
Layer 1
10
42.392811
20
6.620519
70
0
0
VERTEX
8
Layer 1
10
42.519282
20
6.507443
70
0
0
VERTEX
8
Layer 1
10
41.864439
20
5.446465
70
0
0
VERTEX
8
Layer 1
10
41.052169
20
6.550305
70
0
0
VERTEX
8
Layer 1
10
41.406710
20
6.630474
70
0
0
VERTEX
8
Layer 1
10
41.432375
20
6.630474
70
0
0
VERTEX
8
Layer 1
10
41.432375
20
6.810655
70
0
0
VERTEX
8
Layer 1
10
41.134984
20
6.804834
70
0
0
VERTEX
8
Layer 1
10
40.565866
20
6.796368
70
0
0
VERTEX
8
Layer 1
10
39.948064
20
6.804834
70
0
0
VERTEX
8
Layer 1
10
39.948064
20
6.779170
70
0
0
VERTEX
8
Layer 1
10
39.948064
20
6.638941
70
0
0
VERTEX
8
Layer 1
10
39.973729
20
6.638941
70
0
0
VERTEX
8
Layer 1
10
40.294139
20
6.567503
70
0
0
VERTEX
8
Layer 1
10
41.172025
20
5.555209
70
0
0
VERTEX
8
Layer 1
10
41.463860
20
5.180559
70
0
0
VERTEX
8
Layer 1
10
41.495346
20
4.419883
70
0
0
VERTEX
8
Layer 1
10
41.441007
20
3.966586
70
0
0
VERTEX
8
Layer 1
10
41.060636
20
3.847855
70
0
0
VERTEX
8
Layer 1
10
41.034971
20
3.847855
70
0
0
VERTEX
8
Layer 1
10
41.023594
20
3.693338
70
0
0
VERTEX
8
Layer 1
10
41.049259
20
3.690428
70
0
0
VERTEX
8
Layer 1
10
41.506723
20
3.716092
70
0
0
VERTEX
8
Layer 1
10
41.838510
20
3.736201
70
0
0
VERTEX
8
Layer 1
10
42.090128
20
3.724823
70
0
0
VERTEX
8
Layer 1
10
42.138811
20
3.721913
70
0
0
VERTEX
8
Layer 1
10
42.479065
20
3.704715
70
0
0
VERTEX
8
Layer 1
10
42.476155
20
3.730644
70
0
0
VERTEX
8
Layer 1
10
42.476155
20
3.859232
70
0
0
VERTEX
8
Layer 1
10
42.453401
20
3.862142
70
0
0
VERTEX
8
Layer 1
10
42.078024
20
3.932257
70
0
0
VERTEX
8
Layer 1
10
42.015780
20
4.036502
70
0
0
VERTEX
8
Layer 1
10
42.015780
20
4.067988
70
0
0
VERTEX
8
Layer 1
10
42.001493
20
4.700076
70
0
0
VERTEX
8
Layer 1
10
42.009960
20
5.249086
70
0
0
VERTEX
8
Layer 1
10
42.621940
20
6.172745
70
0
0
VERTEX
8
Layer 1
10
42.818856
20
6.512635
70
0
0
VERTEX
8
Layer 1
10
43.185237
20
6.636030
70
0
0
VERTEX
8
Layer 1
10
43.207991
20
6.636030
70
0
0
VERTEX
8
Layer 1
10
43.207991
20
6.813301
70
0
0
VERTEX
8
Layer 1
10
43.185237
20
6.816211
70
0
0
VERTEX
8
Layer 1
10
42.968015
20
6.804834
70
0
0
VERTEX
8
Layer 1
10
42.767725
20
6.796368
70
0
0
VERTEX
8
Layer 1
10
42.530394
20
6.807745
70
0
0
VERTEX
8
Layer 1
10
42.364501
20
6.816211
70
0
0
VERTEX
8
Layer 1
10
42.132726
20
6.824678
70
0
0
VERTEX
8
Layer 1
10
42.104151
20
6.824678
70
0
0
VERTEX
8
Layer 1
10
42.104151
20
6.801924
70
0
0
VERTEX
8
Layer 1
10
42.113147
20
6.801924
70
0
0
VERTEX
8
Layer 1
10
42.113147
20
6.802188
70
0
0
SEQEND
8
Layer 1
0
POLYLINE
8
Layer 1
62
7
70
0
10
0.000000
20
0.000000
66
1
0
VERTEX
8
Layer 1
10
39.358838
20
6.887913
70
0
0
VERTEX
8
Layer 1
10
39.258826
20
6.887913
70
0
0
VERTEX
8
Layer 1
10
39.253005
20
6.876536
70
0
0
VERTEX
8
Layer 1
10
39.047159
20
6.810655
70
0
0
VERTEX
8
Layer 1
10
38.420891
20
6.802188
70
0
0
VERTEX
8
Layer 1
10
37.545651
20
6.802188
70
0
0
VERTEX
8
Layer 1
10
36.862233
20
6.810655
70
0
0
VERTEX
8
Layer 1
10
36.656387
20
6.876536
70
0
0
VERTEX
8
Layer 1
10
36.647920
20
6.887913
70
0
0
VERTEX
8
Layer 1
10
36.533621
20
6.887913
70
0
0
VERTEX
8
Layer 1
10
36.527800
20
6.870715
70
0
0
VERTEX
8
Layer 1
10
36.293379
20
6.255824
70
0
0
VERTEX
8
Layer 1
10
36.287558
20
6.235716
70
0
0
VERTEX
8
Layer 1
10
36.433344
20
6.149991
70
0
0
VERTEX
8
Layer 1
10
36.444721
20
6.178566
70
0
0
VERTEX
8
Layer 1
10
36.650632
20
6.462795
70
0
0
VERTEX
8
Layer 1
10
37.191109
20
6.556126
70
0
0
VERTEX
8
Layer 1
10
37.608621
20
6.536018
70
0
0
VERTEX
8
Layer 1
10
37.645928
20
5.412069
70
0
0
VERTEX
8
Layer 1
10
37.608621
20
4.073544
70
0
0
VERTEX
8
Layer 1
10
37.308320
20
3.916382
70
0
0
VERTEX
8
Layer 1
10
37.116762
20
3.893627
70
0
0
VERTEX
8
Layer 1
10
37.042414
20
3.885161
70
0
0
VERTEX
8
Layer 1
10
37.073899
20
3.713446
70
0
0
VERTEX
8
Layer 1
10
37.331338
20
3.730644
70
0
0
VERTEX
8
Layer 1
10
37.402776
20
3.733555
70
0
0
VERTEX
8
Layer 1
10
37.903367
20
3.744932
70
0
0
VERTEX
8
Layer 1
10
37.983535
20
3.744932
70
0
0
VERTEX
8
Layer 1
10
38.260818
20
3.742021
70
0
0
VERTEX
8
Layer 1
10
38.472485
20
3.733555
70
0
0
VERTEX
8
Layer 1
10
38.695528
20
3.725088
70
0
0
VERTEX
8
Layer 1
10
38.698439
20
3.747842
70
0
0
VERTEX
8
Layer 1
10
38.718547
20
3.902359
70
0
0
VERTEX
8
Layer 1
10
38.578318
20
3.916646
70
0
0
VERTEX
8
Layer 1
10
38.546833
20
3.919557
70
0
0
VERTEX
8
Layer 1
10
38.280927
20
4.002371
70
0
0
VERTEX
8
Layer 1
10
38.189381
20
5.129230
70
0
0
VERTEX
8
Layer 1
10
38.203669
20
5.764229
70
0
0
VERTEX
8
Layer 1
10
38.220866
20
6.487864
70
0
0
VERTEX
8
Layer 1
10
38.503970
20
6.553745
70
0
0
VERTEX
8
Layer 1
10
38.515347
20
6.550834
70
0
0
VERTEX
8
Layer 1
10
38.684151
20
6.553745
70
0
0
VERTEX
8
Layer 1
10
38.718547
20
6.553745
70
0
0
VERTEX
8
Layer 1
10
39.189703
20
6.472220
70
0
0
VERTEX
8
Layer 1
10
39.347725
20
6.219047
70
0
0
VERTEX
8
Layer 1
10
39.373390
20
6.147610
70
0
0
VERTEX
8
Layer 1
10
39.516265
20
6.233335
70
0
0
VERTEX
8
Layer 1
10
39.481869
20
6.396318
70
0
0
VERTEX
8
Layer 1
10
39.381857
20
6.865424
70
0
0
VERTEX
8
Layer 1
10
39.376036
20
6.882622
70
0
0
VERTEX
8
Layer 1
10
39.358838
20
6.882622
70
0
0
VERTEX
8
Layer 1
10
39.358838
20
6.887913
70
0
0
VERTEX
8
Layer 1
10
39.358838
20
6.887913
70
0
0
SEQEND
8
Layer 1
0
POLYLINE
8
Layer 1
62
7
70
0
10
0.000000
20
0.000000
66
1
0
VERTEX
8
Layer 1
10
34.162428
20
6.793457
70
0
0
VERTEX
8
Layer 1
10
34.162428
20
6.638941
70
0
0
VERTEX
8
Layer 1
10
34.188092
20
6.638941
70
0
0
VERTEX
8
Layer 1
10
34.580568
20
6.574548
70
0
0
VERTEX
8
Layer 1
10
34.694240
20
6.458760
70
0
0
VERTEX
8
Layer 1
10
34.762767
20
5.123145
70
0
0
VERTEX
8
Layer 1
10
34.762767
20
5.068905
70
0
0
VERTEX
8
Layer 1
10
34.679952
20
4.039413
70
0
0
VERTEX
8
Layer 1
10
34.148140
20
3.879340
70
0
0
VERTEX
8
Layer 1
10
34.125386
20
3.876430
70
0
0
VERTEX
8
Layer 1
10
34.125386
20
3.719003
70
0
0
VERTEX
8
Layer 1
10
34.617246
20
3.736201
70
0
0
VERTEX
8
Layer 1
10
35.069154
20
3.736201
70
0
0
VERTEX
8
Layer 1
10
35.821363
20
3.713446
70
0
0
VERTEX
8
Layer 1
10
35.818453
20
3.742021
70
0
0
VERTEX
8
Layer 1
10
35.809986
20
3.887807
70
0
0
VERTEX
8
Layer 1
10
35.787232
20
3.887807
70
0
0
VERTEX
8
Layer 1
10
35.441554
20
3.906790
70
0
0
VERTEX
8
Layer 1
10
35.312570
20
4.022215
70
0
0
VERTEX
8
Layer 1
10
35.281085
20
4.891635
70
0
0
VERTEX
8
Layer 1
10
35.355433
20
6.524641
70
0
0
VERTEX
8
Layer 1
10
35.583073
20
6.632591
70
0
0
VERTEX
8
Layer 1
10
35.812897
20
6.633384
70
0
0
VERTEX
8
Layer 1
10
35.841472
20
6.630474
70
0
0
VERTEX
8
Layer 1
10
35.841472
20
6.813565
70
0
0
VERTEX
8
Layer 1
10
35.472643
20
6.813565
70
0
0
VERTEX
8
Layer 1
10
34.952208
20
6.799278
70
0
0
VERTEX
8
Layer 1
10
34.609044
20
6.807745
70
0
0
VERTEX
8
Layer 1
10
34.463259
20
6.813565
70
0
0
VERTEX
8
Layer 1
10
34.191532
20
6.822032
70
0
0
VERTEX
8
Layer 1
10
34.165867
20
6.822032
70
0
0
VERTEX
8
Layer 1
10
34.165867
20
6.793457
70
0
0
VERTEX
8
Layer 1
10
34.162428
20
6.793457
70
0
0
VERTEX
8
Layer 1
10
34.162428
20
6.793457
70
0
0
SEQEND
8
Layer 1
0
POLYLINE
8
Layer 1
62
7
70
0
10
0.000000
20
0.000000
66
1
0
VERTEX
8
Layer 1
10
31.405738
20
5.969810
70
0
0
VERTEX
8
Layer 1
10
31.481487
20
5.634861
70
0
0
VERTEX
8
Layer 1
10
31.672801
20
5.400990
70
0
0
VERTEX
8
Layer 1
10
32.186522
20
5.126055
70
0
0
VERTEX
8
Layer 1
10
32.215097
20
5.114678
70
0
0
VERTEX
8
Layer 1
10
32.839248
20
4.814707
70
0
0
VERTEX
8
Layer 1
10
33.038744
20
4.396864
70
0
0
VERTEX
8
Layer 1
10
32.905725
20
4.073709
70
0
0
VERTEX
8
Layer 1
10
32.489734
20
3.922202
70
0
0
VERTEX
8
Layer 1
10
32.057174
20
4.007332
70
0
0
VERTEX
8
Layer 1
10
31.766100
20
4.182552
70
0
0
VERTEX
8
Layer 1
10
31.525858
20
4.620172
70
0
0
VERTEX
8
Layer 1
10
31.520037
20
4.640281
70
0
0
VERTEX
8
Layer 1
10
31.334036
20
4.640281
70
0
0
VERTEX
8
Layer 1
10
31.342502
20
4.608795
70
0
0
VERTEX
8
Layer 1
10
31.474000
20
3.733555
70
0
0
VERTEX
8
Layer 1
10
31.474000
20
3.707890
70
0
0
VERTEX
8
Layer 1
10
31.625606
20
3.696513
70
0
0
VERTEX
8
Layer 1
10
31.634073
20
3.713711
70
0
0
VERTEX
8
Layer 1
10
31.702600
20
3.788059
70
0
0
VERTEX
8
Layer 1
10
31.894158
20
3.748107
70
0
0
VERTEX
8
Layer 1
10
31.914266
20
3.742286
70
0
0
VERTEX
8
Layer 1
10
31.960039
20
3.727998
70
0
0
VERTEX
8
Layer 1
10
32.343155
20
3.670849
70
0
0
VERTEX
8
Layer 1
10
32.846834
20
3.749033
70
0
0
VERTEX
8
Layer 1
10
33.213269
20
3.953225
70
0
0
VERTEX
8
Layer 1
10
33.437078
20
4.237883
70
0
0
VERTEX
8
Layer 1
10
33.512877
20
4.557466
70
0
0
VERTEX
8
Layer 1
10
33.412368
20
4.947139
70
0
0
VERTEX
8
Layer 1
10
33.161444
20
5.224943
70
0
0
VERTEX
8
Layer 1
10
32.511959
20
5.555473
70
0
0
VERTEX
8
Layer 1
10
32.038587
20
5.785594
70
0
0
VERTEX
8
Layer 1
10
31.848385
20
6.135968
70
0
0
VERTEX
8
Layer 1
10
32.007862
20
6.500200
70
0
0
VERTEX
8
Layer 1
10
32.428880
20
6.639205
70
0
0
VERTEX
8
Layer 1
10
32.819934
20
6.545840
70
0
0
VERTEX
8
Layer 1
10
33.018106
20
6.407431
70
0
0
VERTEX
8
Layer 1
10
33.204108
20
6.024314
70
0
0
VERTEX
8
Layer 1
10
33.207019
20
6.004206
70
0
0
VERTEX
8
Layer 1
10
33.229773
20
5.998385
70
0
0
VERTEX
8
Layer 1
10
33.367091
20
5.998385
70
0
0
VERTEX
8
Layer 1
10
33.324229
20
6.401610
70
0
0
VERTEX
8
Layer 1
10
33.370002
20
6.764882
70
0
0
VERTEX
8
Layer 1
10
33.375823
20
6.793457
70
0
0
VERTEX
8
Layer 1
10
33.235594
20
6.813565
70
0
0
VERTEX
8
Layer 1
10
33.135581
20
6.745038
70
0
0
VERTEX
8
Layer 1
10
32.509313
20
6.842405
70
0
0
VERTEX
8
Layer 1
10
31.715233
20
6.603354
70
0
0
VERTEX
8
Layer 1
10
31.487312
20
6.325749
70
0
0
VERTEX
8
Layer 1
10
31.405738
20
5.969810
70
0
0
VERTEX
8
Layer 1
10
31.405738
20
5.969810
70
0
0
SEQEND
8
Layer 1
0
POLYLINE
8
Layer 1
62
7
70
0
10
0.000000
20
0.000000
66
1
0
VERTEX
8
Layer 1
10
29.206259
20
6.842140
70
0
0
VERTEX
8
Layer 1
10
30.004109
20
6.607257
70
0
0
VERTEX
8
Layer 1
10
30.231758
20
6.341409
70
0
0
VERTEX
8
Layer 1
10
30.313010
20
6.001296
70
0
0
VERTEX
8
Layer 1
10
30.094530
20
5.501895
70
0
0
VERTEX
8
Layer 1
10
29.620861
20
5.231888
70
0
0
VERTEX
8
Layer 1
10
30.607491
20
3.993640
70
0
0
VERTEX
8
Layer 1
10
31.059398
20
3.781973
70
0
0
VERTEX
8
Layer 1
10
31.085063
20
3.779063
70
0
0
VERTEX
8
Layer 1
10
31.073686
20
3.616080
70
0
0
VERTEX
8
Layer 1
10
31.050932
20
3.616080
70
0
0
VERTEX
8
Layer 1
10
30.424961
20
3.731504
70
0
0
VERTEX
8
Layer 1
10
30.092877
20
3.930669
70
0
0
VERTEX
8
Layer 1
10
29.434826
20
4.623480
70
0
0
VERTEX
8
Layer 1
10
29.066295
20
5.157540
70
0
0
VERTEX
8
Layer 1
10
28.694556
20
5.171828
70
0
0
VERTEX
8
Layer 1
10
28.694556
20
4.759872
70
0
0
VERTEX
8
Layer 1
10
28.694556
20
4.619643
70
0
0
VERTEX
8
Layer 1
10
28.746149
20
4.016129
70
0
0
VERTEX
8
Layer 1
10
29.160751
20
3.847325
70
0
0
VERTEX
8
Layer 1
10
29.177949
20
3.841505
70
0
0
VERTEX
8
Layer 1
10
29.189326
20
3.678521
70
0
0
VERTEX
8
Layer 1
10
29.157840
20
3.684342
70
0
0
VERTEX
8
Layer 1
10
28.477068
20
3.735936
70
0
0
VERTEX
8
Layer 1
10
27.787830
20
3.698630
70
0
0
VERTEX
8
Layer 1
10
27.765075
20
3.695719
70
0
0
VERTEX
8
Layer 1
10
27.730680
20
3.835948
70
0
0
VERTEX
8
Layer 1
10
27.759255
20
3.841769
70
0
0
VERTEX
8
Layer 1
10
28.136815
20
4.024861
70
0
0
VERTEX
8
Layer 1
10
28.182587
20
4.894280
70
0
0
VERTEX
8
Layer 1
10
28.182587
20
4.962807
70
0
0
VERTEX
8
Layer 1
10
28.182587
20
5.691998
70
0
0
VERTEX
8
Layer 1
10
28.116111
20
6.504532
70
0
0
VERTEX
8
Layer 1
10
27.770632
20
6.641586
70
0
0
VERTEX
8
Layer 1
10
27.744967
20
6.641586
70
0
0
VERTEX
8
Layer 1
10
27.756344
20
6.821767
70
0
0
VERTEX
8
Layer 1
10
27.802117
20
6.818857
70
0
0
VERTEX
8
Layer 1
10
28.076754
20
6.804570
70
0
0
VERTEX
8
Layer 1
10
28.362768
20
6.798749
70
0
0
VERTEX
8
Layer 1
10
28.789012
20
6.830234
70
0
0
VERTEX
8
Layer 1
10
28.789012
20
6.830234
70
0
0
VERTEX
8
Layer 1
10
28.789012
20
6.830234
70
0
0
VERTEX
8
Layer 1
10
29.206259
20
6.842140
70
0
0
VERTEX
8
Layer 1
10
29.206259
20
6.842140
70
0
0
SEQEND
8
Layer 1
0
POLYLINE
8
Layer 1
62
7
70
0
10
0.000000
20
0.000000
66
1
0
VERTEX
8
Layer 1
10
28.700112
20
5.395136
70
0
0
VERTEX
8
Layer 1
10
29.008880
20
5.383759
70
0
0
VERTEX
8
Layer 1
10
29.486056
20
5.483837
70
0
0
VERTEX
8
Layer 1
10
29.677638
20
5.658793
70
0
0
VERTEX
8
Layer 1
10
29.755269
20
5.961344
70
0
0
VERTEX
8
Layer 1
10
29.589011
20
6.391390
70
0
0
VERTEX
8
Layer 1
10
29.360689
20
6.556172
70
0
0
VERTEX
8
Layer 1
10
29.017347
20
6.622007
70
0
0
VERTEX
8
Layer 1
10
28.753524
20
6.553050
70
0
0
VERTEX
8
Layer 1
10
28.708578
20
6.095752
70
0
0
VERTEX
8
Layer 1
10
28.700112
20
5.395136
70
0
0
VERTEX
8
Layer 1
10
28.700112
20
5.395136
70
0
0
SEQEND
8
Layer 1
0
POLYLINE
8
Layer 1
62
7
70
0
10
0.000000
20
0.000000
66
1
0
VERTEX
8
Layer 1
10
26.792733
20
6.827853
70
0
0
VERTEX
8
Layer 1
10
25.408435
20
6.796368
70
0
0
VERTEX
8
Layer 1
10
24.333169
20
6.819122
70
0
0
VERTEX
8
Layer 1
10
24.307505
20
6.819122
70
0
0
VERTEX
8
Layer 1
10
24.307505
20
6.664605
70
0
0
VERTEX
8
Layer 1
10
24.327613
20
6.661695
70
0
0
VERTEX
8
Layer 1
10
24.627915
20
6.550041
70
0
0
VERTEX
8
Layer 1
10
24.690886
20
5.266019
70
0
0
VERTEX
8
Layer 1
10
24.622359
20
4.024861
70
0
0
VERTEX
8
Layer 1
10
24.261997
20
3.864788
70
0
0
VERTEX
8
Layer 1
10
24.235803
20
3.862142
70
0
0
VERTEX
8
Layer 1
10
24.258557
20
3.690428
70
0
0
VERTEX
8
Layer 1
10
24.284221
20
3.693338
70
0
0
VERTEX
8
Layer 1
10
25.511093
20
3.739111
70
0
0
VERTEX
8
Layer 1
10
26.755162
20
3.724823
70
0
0
VERTEX
8
Layer 1
10
26.766539
20
3.744932
70
0
0
VERTEX
8
Layer 1
10
26.998314
20
4.497141
70
0
0
VERTEX
8
Layer 1
10
27.004135
20
4.525716
70
0
0
VERTEX
8
Layer 1
10
26.855439
20
4.537093
70
0
0
VERTEX
8
Layer 1
10
26.849618
20
4.519895
70
0
0
VERTEX
8
Layer 1
10
26.557915
20
4.126262
70
0
0
VERTEX
8
Layer 1
10
25.777263
20
3.944957
70
0
0
VERTEX
8
Layer 1
10
25.248097
20
4.036502
70
0
0
VERTEX
8
Layer 1
10
25.210791
20
4.631285
70
0
0
VERTEX
8
Layer 1
10
25.202324
20
5.197492
70
0
0
VERTEX
8
Layer 1
10
25.668520
20
5.223157
70
0
0
VERTEX
8
Layer 1
10
26.233735
20
5.153803
70
0
0
VERTEX
8
Layer 1
10
26.406442
20
4.805645
70
0
0
VERTEX
8
Layer 1
10
26.412263
20
4.785537
70
0
0
VERTEX
8
Layer 1
10
26.558048
20
4.785537
70
0
0
VERTEX
8
Layer 1
10
26.558048
20
4.805645
70
0
0
VERTEX
8
Layer 1
10
26.575246
20
5.732215
70
0
0
VERTEX
8
Layer 1
10
26.578156
20
5.757879
70
0
0
VERTEX
8
Layer 1
10
26.412263
20
5.757879
70
0
0
VERTEX
8
Layer 1
10
26.406442
20
5.737771
70
0
0
VERTEX
8
Layer 1
10
26.209063
20
5.454667
70
0
0
VERTEX
8
Layer 1
10
25.225343
20
5.423182
70
0
0
VERTEX
8
Layer 1
10
25.211056
20
5.829317
70
0
0
VERTEX
8
Layer 1
10
25.262649
20
6.547130
70
0
0
VERTEX
8
Layer 1
10
25.863253
20
6.604280
70
0
0
VERTEX
8
Layer 1
10
26.500898
20
6.464051
70
0
0
VERTEX
8
Layer 1
10
26.569425
20
6.138085
70
0
0
VERTEX
8
Layer 1
10
26.569425
20
6.115331
70
0
0
VERTEX
8
Layer 1
10
26.743785
20
6.092577
70
0
0
VERTEX
8
Layer 1
10
26.743785
20
6.121152
70
0
0
VERTEX
8
Layer 1
10
26.781091
20
6.367214
70
0
0
VERTEX
8
Layer 1
10
26.798289
20
6.481514
70
0
0
VERTEX
8
Layer 1
10
26.821043
20
6.796103
70
0
0
VERTEX
8
Layer 1
10
26.821043
20
6.821767
70
0
0
VERTEX
8
Layer 1
10
26.792733
20
6.827853
70
0
0
VERTEX
8
Layer 1
10
26.792733
20
6.827853
70
0
0
SEQEND
8
Layer 1
0
POLYLINE
8
Layer 1
62
7
70
0
10
0.000000
20
0.000000
66
1
0
VERTEX
8
Layer 1
10
20.051952
20
6.793457
70
0
0
VERTEX
8
Layer 1
10
20.060418
20
6.659049
70
0
0
VERTEX
8
Layer 1
10
20.080527
20
6.656139
70
0
0
VERTEX
8
Layer 1
10
20.496617
20
6.523847
70
0
0
VERTEX
8
Layer 1
10
20.852580
20
5.915306
70
0
0
VERTEX
8
Layer 1
10
21.553196
20
4.502433
70
0
0
VERTEX
8
Layer 1
10
21.559017
20
4.488145
70
0
0
VERTEX
8
Layer 1
10
21.916468
20
3.658678
70
0
0
VERTEX
8
Layer 1
10
21.922289
20
3.638569
70
0
0
VERTEX
8
Layer 1
10
22.076806
20
3.638569
70
0
0
VERTEX
8
Layer 1
10
22.082626
20
3.655767
70
0
0
VERTEX
8
Layer 1
10
22.508870
20
4.656685
70
0
0
VERTEX
8
Layer 1
10
23.263989
20
6.120887
70
0
0
VERTEX
8
Layer 1
10
23.497385
20
6.475164
70
0
0
VERTEX
8
Layer 1
10
23.853216
20
6.621478
70
0
0
VERTEX
8
Layer 1
10
23.873324
20
6.624389
70
0
0
VERTEX
8
Layer 1
10
23.873324
20
6.793193
70
0
0
VERTEX
8
Layer 1
10
23.846866
20
6.793193
70
0
0
VERTEX
8
Layer 1
10
23.271927
20
6.793193
70
0
0
VERTEX
8
Layer 1
10
22.680055
20
6.807480
70
0
0
VERTEX
8
Layer 1
10
22.677144
20
6.784726
70
0
0
VERTEX
8
Layer 1
10
22.668678
20
6.624653
70
0
0
VERTEX
8
Layer 1
10
22.694342
20
6.627564
70
0
0
VERTEX
8
Layer 1
10
22.933922
20
6.596773
70
0
0
VERTEX
8
Layer 1
10
23.057615
20
6.441562
70
0
0
VERTEX
8
Layer 1
10
22.945961
20
6.101308
70
0
0
VERTEX
8
Layer 1
10
22.934584
20
6.075643
70
0
0
VERTEX
8
Layer 1
10
22.580042
20
5.340632
70
0
0
VERTEX
8
Layer 1
10
22.236878
20
4.640016
70
0
0
VERTEX
8
Layer 1
10
22.156710
20
4.465656
70
0
0
VERTEX
8
Layer 1
10
21.195744
20
6.541839
70
0
0
VERTEX
8
Layer 1
10
21.458740
20
6.613276
70
0
0
VERTEX
8
Layer 1
10
21.538908
20
6.624653
70
0
0
VERTEX
8
Layer 1
10
21.538908
20
6.793457
70
0
0
VERTEX
8
Layer 1
10
21.061336
20
6.790547
70
0
0
VERTEX
8
Layer 1
10
20.803897
20
6.793457
70
0
0
VERTEX
8
Layer 1
10
20.074706
20
6.816211
70
0
0
VERTEX
8
Layer 1
10
20.043221
20
6.819122
70
0
0
VERTEX
8
Layer 1
10
20.051952
20
6.793457
70
0
0
VERTEX
8
Layer 1
10
20.051952
20
6.793457
70
0
0
SEQEND
8
Layer 1
0
POLYLINE
8
Layer 1
62
7
70
0
10
0.000000
20
0.000000
66
1
0
VERTEX
8
Layer 1
10
17.949840
20
6.793457
70
0
0
VERTEX
8
Layer 1
10
17.949840
20
6.638941
70
0
0
VERTEX
8
Layer 1
10
17.975504
20
6.638941
70
0
0
VERTEX
8
Layer 1
10
18.369072
20
6.574548
70
0
0
VERTEX
8
Layer 1
10
18.481652
20
6.458760
70
0
0
VERTEX
8
Layer 1
10
18.550179
20
5.123145
70
0
0
VERTEX
8
Layer 1
10
18.550179
20
5.068905
70
0
0
VERTEX
8
Layer 1
10
18.467364
20
4.039413
70
0
0
VERTEX
8
Layer 1
10
17.935552
20
3.879340
70
0
0
VERTEX
8
Layer 1
10
17.912798
20
3.876430
70
0
0
VERTEX
8
Layer 1
10
17.912798
20
3.719003
70
0
0
VERTEX
8
Layer 1
10
18.404658
20
3.736201
70
0
0
VERTEX
8
Layer 1
10
18.856566
20
3.736201
70
0
0
VERTEX
8
Layer 1
10
19.608775
20
3.713446
70
0
0
VERTEX
8
Layer 1
10
19.605600
20
3.742021
70
0
0
VERTEX
8
Layer 1
10
19.594223
20
3.887807
70
0
0
VERTEX
8
Layer 1
10
19.571469
20
3.887807
70
0
0
VERTEX
8
Layer 1
10
19.226155
20
3.906790
70
0
0
VERTEX
8
Layer 1
10
19.099718
20
4.022215
70
0
0
VERTEX
8
Layer 1
10
19.071143
20
4.891635
70
0
0
VERTEX
8
Layer 1
10
19.145490
20
6.524641
70
0
0
VERTEX
8
Layer 1
10
19.372040
20
6.632591
70
0
0
VERTEX
8
Layer 1
10
19.602954
20
6.633384
70
0
0
VERTEX
8
Layer 1
10
19.631529
20
6.630474
70
0
0
VERTEX
8
Layer 1
10
19.631529
20
6.813565
70
0
0
VERTEX
8
Layer 1
10
19.262701
20
6.813565
70
0
0
VERTEX
8
Layer 1
10
18.742266
20
6.799278
70
0
0
VERTEX
8
Layer 1
10
18.399102
20
6.807745
70
0
0
VERTEX
8
Layer 1
10
18.253317
20
6.813565
70
0
0
VERTEX
8
Layer 1
10
17.981590
20
6.822032
70
0
0
VERTEX
8
Layer 1
10
17.953015
20
6.822032
70
0
0
VERTEX
8
Layer 1
10
17.953015
20
6.793457
70
0
0
VERTEX
8
Layer 1
10
17.949840
20
6.793457
70
0
0
VERTEX
8
Layer 1
10
17.949840
20
6.793457
70
0
0
SEQEND
8
Layer 1
0
POLYLINE
8
Layer 1
62
7
70
0
10
0.000000
20
0.000000
66
1
0
VERTEX
8
Layer 1
10
16.391181
20
6.845051
70
0
0
VERTEX
8
Layer 1
10
16.717148
20
6.822297
70
0
0
VERTEX
8
Layer 1
10
17.363524
20
6.813830
70
0
0
VERTEX
8
Layer 1
10
17.389189
20
6.813830
70
0
0
VERTEX
8
Layer 1
10
17.389189
20
6.647936
70
0
0
VERTEX
8
Layer 1
10
17.363524
20
6.647936
70
0
0
VERTEX
8
Layer 1
10
17.121431
20
6.604644
70
0
0
VERTEX
8
Layer 1
10
16.988874
20
6.404785
70
0
0
VERTEX
8
Layer 1
10
16.948922
20
4.900366
70
0
0
VERTEX
8
Layer 1
10
16.963210
20
3.730644
70
0
0
VERTEX
8
Layer 1
10
16.966120
20
3.702069
70
0
0
VERTEX
8
Layer 1
10
16.765831
20
3.699159
70
0
0
VERTEX
8
Layer 1
10
16.757364
20
3.710536
70
0
0
VERTEX
8
Layer 1
10
14.535132
20
6.026960
70
0
0
VERTEX
8
Layer 1
10
14.529311
20
5.846779
70
0
0
VERTEX
8
Layer 1
10
14.515023
20
4.571224
70
0
0
VERTEX
8
Layer 1
10
14.580871
20
4.087534
70
0
0
VERTEX
8
Layer 1
10
15.092608
20
3.902094
70
0
0
VERTEX
8
Layer 1
10
15.115362
20
3.899184
70
0
0
VERTEX
8
Layer 1
10
15.115362
20
3.750488
70
0
0
VERTEX
8
Layer 1
10
15.112452
20
3.721913
70
0
0
VERTEX
8
Layer 1
10
14.872210
20
3.739111
70
0
0
VERTEX
8
Layer 1
10
14.529046
20
3.753398
70
0
0
VERTEX
8
Layer 1
10
13.808322
20
3.721913
70
0
0
VERTEX
8
Layer 1
10
13.808322
20
3.862142
70
0
0
VERTEX
8
Layer 1
10
13.811233
20
3.882250
70
0
0
VERTEX
8
Layer 1
10
14.011522
20
3.925113
70
0
0
VERTEX
8
Layer 1
10
14.144905
20
3.973002
70
0
0
VERTEX
8
Layer 1
10
14.211811
20
4.136779
70
0
0
VERTEX
8
Layer 1
10
14.257584
20
5.114943
70
0
0
VERTEX
8
Layer 1
10
14.263405
20
5.649665
70
0
0
VERTEX
8
Layer 1
10
14.192265
20
6.448375
70
0
0
VERTEX
8
Layer 1
10
13.788743
20
6.650582
70
0
0
VERTEX
8
Layer 1
10
13.768635
20
6.653493
70
0
0
VERTEX
8
Layer 1
10
13.771545
20
6.802188
70
0
0
VERTEX
8
Layer 1
10
13.765724
20
6.830763
70
0
0
VERTEX
8
Layer 1
10
13.985857
20
6.813565
70
0
0
VERTEX
8
Layer 1
10
14.214722
20
6.807745
70
0
0
VERTEX
8
Layer 1
10
14.557886
20
6.813565
70
0
0
VERTEX
8
Layer 1
10
14.566352
20
6.805099
70
0
0
VERTEX
8
Layer 1
10
16.702596
20
4.574399
70
0
0
VERTEX
8
Layer 1
10
16.696775
20
5.400957
70
0
0
VERTEX
8
Layer 1
10
16.655698
20
6.488459
70
0
0
VERTEX
8
Layer 1
10
16.509028
20
6.638089
70
0
0
VERTEX
8
Layer 1
10
16.179250
20
6.679422
70
0
0
VERTEX
8
Layer 1
10
16.150675
20
6.679422
70
0
0
VERTEX
8
Layer 1
10
16.182161
20
6.833938
70
0
0
VERTEX
8
Layer 1
10
16.391181
20
6.845051
70
0
0
VERTEX
8
Layer 1
10
16.391181
20
6.845051
70
0
0
SEQEND
8
Layer 1
0
POLYLINE
8
Layer 1
62
7
70
0
10
0.000000
20
0.000000
66
1
0
VERTEX
8
Layer 1
10
11.111957
20
6.819386
70
0
0
VERTEX
8
Layer 1
10
11.137621
20
6.819386
70
0
0
VERTEX
8
Layer 1
10
11.137621
20
6.642116
70
0
0
VERTEX
8
Layer 1
10
11.111957
20
6.639205
70
0
0
VERTEX
8
Layer 1
10
10.827935
20
6.597256
70
0
0
VERTEX
8
Layer 1
10
10.671558
20
6.466532
70
0
0
VERTEX
8
Layer 1
10
10.591522
20
5.523723
70
0
0
VERTEX
8
Layer 1
10
10.591522
20
4.948784
70
0
0
VERTEX
8
Layer 1
10
10.700927
20
4.312396
70
0
0
VERTEX
8
Layer 1
10
10.960764
20
4.038181
70
0
0
VERTEX
8
Layer 1
10
11.466763
20
3.924848
70
0
0
VERTEX
8
Layer 1
10
12.034711
20
4.037829
70
0
0
VERTEX
8
Layer 1
10
12.344418
20
4.363163
70
0
0
VERTEX
8
Layer 1
10
12.473398
20
4.880435
70
0
0
VERTEX
8
Layer 1
10
12.499166
20
5.569232
70
0
0
VERTEX
8
Layer 1
10
12.499166
20
5.840958
70
0
0
VERTEX
8
Layer 1
10
12.376134
20
6.555862
70
0
0
VERTEX
8
Layer 1
10
11.998574
20
6.633120
70
0
0
VERTEX
8
Layer 1
10
11.972910
20
6.633120
70
0
0
VERTEX
8
Layer 1
10
11.972910
20
6.787636
70
0
0
VERTEX
8
Layer 1
10
11.972910
20
6.813301
70
0
0
VERTEX
8
Layer 1
10
12.158912
20
6.807480
70
0
0
VERTEX
8
Layer 1
10
12.576424
20
6.799013
70
0
0
VERTEX
8
Layer 1
10
13.119877
20
6.810390
70
0
0
VERTEX
8
Layer 1
10
13.188404
20
6.813301
70
0
0
VERTEX
8
Layer 1
10
13.177027
20
6.641586
70
0
0
VERTEX
8
Layer 1
10
13.154273
20
6.641586
70
0
0
VERTEX
8
Layer 1
10
12.836443
20
6.551430
70
0
0
VERTEX
8
Layer 1
10
12.782534
20
6.315620
70
0
0
VERTEX
8
Layer 1
10
12.782534
20
6.295512
70
0
0
VERTEX
8
Layer 1
10
12.774067
20
5.849425
70
0
0
VERTEX
8
Layer 1
10
12.728799
20
4.885520
70
0
0
VERTEX
8
Layer 1
10
12.551024
20
4.203619
70
0
0
VERTEX
8
Layer 1
10
12.126591
20
3.798390
70
0
0
VERTEX
8
Layer 1
10
11.341350
20
3.664499
70
0
0
VERTEX
8
Layer 1
10
10.782282
20
3.732571
70
0
0
VERTEX
8
Layer 1
10
10.377574
20
3.934439
70
0
0
VERTEX
8
Layer 1
10
10.131565
20
4.266582
70
0
0
VERTEX
8
Layer 1
10
10.048598
20
4.725476
70
0
0
VERTEX
8
Layer 1
10
10.085904
20
5.729304
70
0
0
VERTEX
8
Layer 1
10
9.980071
20
6.590257
70
0
0
VERTEX
8
Layer 1
10
9.662571
20
6.624653
70
0
0
VERTEX
8
Layer 1
10
9.636113
20
6.624653
70
0
0
VERTEX
8
Layer 1
10
9.624736
20
6.793457
70
0
0
VERTEX
8
Layer 1
10
9.650400
20
6.796368
70
0
0
VERTEX
8
Layer 1
10
10.353927
20
6.810655
70
0
0
VERTEX
8
Layer 1
10
10.534108
20
6.813565
70
0
0
VERTEX
8
Layer 1
10
11.111957
20
6.819386
70
0
0
VERTEX
8
Layer 1
10
11.111957
20
6.819386
70
0
0
SEQEND
8
Layer 1
0
POLYLINE
8
Layer 1
62
7
70
0
10
0.000000
20
0.000000
66
1
0
VERTEX
8
Layer 1
10
9.390315
20
17.458004
70
0
0
VERTEX
8
Layer 1
10
9.581873
20
18.001458
70
0
0
VERTEX
8
Layer 1
10
9.764965
20
17.909912
70
0
0
VERTEX
8
Layer 1
10
10.431449
20
17.892714
70
0
0
VERTEX
8
Layer 1
10
11.589794
20
17.892714
70
0
0
VERTEX
8
Layer 1
10
12.136158
20
17.901181
70
0
0
VERTEX
8
Layer 1
10
12.333537
20
17.967062
70
0
0
VERTEX
8
Layer 1
10
12.393597
20
17.912822
70
0
0
VERTEX
8
Layer 1
10
12.267655
20
17.443717
70
0
0
VERTEX
8
Layer 1
10
12.167643
20
17.429429
70
0
0
VERTEX
8
Layer 1
10
12.184841
20
17.635275
70
0
0
VERTEX
8
Layer 1
10
11.455650
20
17.758306
70
0
0
VERTEX
8
Layer 1
10
11.103755
20
17.666760
70
0
0
VERTEX
8
Layer 1
10
11.075180
20
16.960323
70
0
0
VERTEX
8
Layer 1
10
11.066713
20
15.867860
70
0
0
VERTEX
8
Layer 1
10
11.112486
20
15.171544
70
0
0
VERTEX
8
Layer 1
10
11.432896
20
15.032836
70
0
0
VERTEX
8
Layer 1
10
11.535819
20
15.004261
70
0
0
VERTEX
8
Layer 1
10
11.529998
20
14.950022
70
0
0
VERTEX
8
Layer 1
10
11.438452
20
14.944201
70
0
0
VERTEX
8
Layer 1
10
11.192390
20
14.958488
70
0
0
VERTEX
8
Layer 1
10
10.943682
20
14.972776
70
0
0
VERTEX
8
Layer 1
10
10.454733
20
14.929914
70
0
0
VERTEX
8
Layer 1
10
10.294660
20
14.907159
70
0
0
VERTEX
8
Layer 1
10
10.217402
20
14.981507
70
0
0
VERTEX
8
Layer 1
10
10.357631
20
15.018813
70
0
0
VERTEX
8
Layer 1
10
10.647448
20
15.119950
70
0
0
VERTEX
8
Layer 1
10
10.694974
20
15.296096
70
0
0
VERTEX
8
Layer 1
10
10.712172
20
15.556446
70
0
0
VERTEX
8
Layer 1
10
10.726459
20
16.525878
70
0
0
VERTEX
8
Layer 1
10
10.672220
20
17.738462
70
0
0
VERTEX
8
Layer 1
10
10.240420
20
17.755660
70
0
0
VERTEX
8
Layer 1
10
9.639519
20
17.682007
70
0
0
VERTEX
8
Layer 1
10
9.456726
20
17.441071
70
0
0
VERTEX
8
Layer 1
10
9.390315
20
17.458004
70
0
0
VERTEX
8
Layer 1
10
9.390315
20
17.458004
70
0
0
SEQEND
8
Layer 1
0
POLYLINE
8
Layer 1
62
7
70
0
10
0.000000
20
0.000000
66
1
0
VERTEX
8
Layer 1
10
13.179673
20
15.610686
70
0
0
VERTEX
8
Layer 1
10
13.173852
20
15.419127
70
0
0
VERTEX
8
Layer 1
10
13.202427
20
15.133113
70
0
0
VERTEX
8
Layer 1
10
13.488441
20
15.047388
70
0
0
VERTEX
8
Layer 1
10
13.488441
20
14.970130
70
0
0
VERTEX
8
Layer 1
10
13.168031
20
14.978597
70
0
0
VERTEX
8
Layer 1
10
12.621667
20
14.955843
70
0
0
VERTEX
8
Layer 1
10
12.627488
20
15.027280
70
0
0
VERTEX
8
Layer 1
10
12.862306
20
15.126598
70
0
0
VERTEX
8
Layer 1
10
12.910592
20
15.496386
70
0
0
VERTEX
8
Layer 1
10
12.927790
20
16.111277
70
0
0
VERTEX
8
Layer 1
10
12.936257
20
16.754742
70
0
0
VERTEX
8
Layer 1
10
12.939167
20
17.192363
70
0
0
VERTEX
8
Layer 1
10
12.919852
20
17.613546
70
0
0
VERTEX
8
Layer 1
10
12.784651
20
17.798787
70
0
0
VERTEX
8
Layer 1
10
12.638865
20
17.761481
70
0
0
VERTEX
8
Layer 1
10
12.638865
20
17.846941
70
0
0
VERTEX
8
Layer 1
10
12.704746
20
17.878426
70
0
0
VERTEX
8
Layer 1
10
13.150833
20
18.093003
70
0
0
VERTEX
8
Layer 1
10
13.225181
20
18.135866
70
0
0
VERTEX
8
Layer 1
10
13.299529
20
18.098560
70
0
0
VERTEX
8
Layer 1
10
13.207983
20
16.940215
70
0
0
VERTEX
8
Layer 1
10
13.193696
20
16.476930
70
0
0
VERTEX
8
Layer 1
10
13.960193
20
16.699974
70
0
0
VERTEX
8
Layer 1
10
14.231395
20
16.614431
70
0
0
VERTEX
8
Layer 1
10
14.370660
20
16.391073
70
0
0
VERTEX
8
Layer 1
10
14.429298
20
15.730542
70
0
0
VERTEX
8
Layer 1
10
14.415011
20
15.195819
70
0
0
VERTEX
8
Layer 1
10
14.466142
20
15.071333
70
0
0
VERTEX
8
Layer 1
10
14.729600
20
15.041303
70
0
0
VERTEX
8
Layer 1
10
14.723779
20
14.972776
70
0
0
VERTEX
8
Layer 1
10
14.268961
20
14.972776
70
0
0
VERTEX
8
Layer 1
10
13.925797
20
14.950022
70
0
0
VERTEX
8
Layer 1
10
13.919976
20
15.001616
70
0
0
VERTEX
8
Layer 1
10
13.974216
20
15.018813
70
0
0
VERTEX
8
Layer 1
10
14.113982
20
15.161523
70
0
0
VERTEX
8
Layer 1
10
14.148576
20
15.679477
70
0
0
VERTEX
8
Layer 1
10
14.085638
20
16.293607
70
0
0
VERTEX
8
Layer 1
10
13.962727
20
16.459670
70
0
0
VERTEX
8
Layer 1
10
13.739531
20
16.517412
70
0
0
VERTEX
8
Layer 1
10
13.201898
20
16.377183
70
0
0
VERTEX
8
Layer 1
10
13.193431
20
16.162606
70
0
0
VERTEX
8
Layer 1
10
13.179673
20
15.610686
70
0
0
VERTEX
8
Layer 1
10
13.179673
20
15.610686
70
0
0
SEQEND
8
Layer 1
0
POLYLINE
8
Layer 1
62
7
70
0
10
0.000000
20
0.000000
66
1
0
VERTEX
8
Layer 1
10
15.275964
20
15.913633
70
0
0
VERTEX
8
Layer 1
10
15.438947
20
15.338694
70
0
0
VERTEX
8
Layer 1
10
15.694171
20
15.138438
70
0
0
VERTEX
8
Layer 1
10
15.867836
20
15.109830
70
0
0
VERTEX
8
Layer 1
10
16.345409
20
15.287101
70
0
0
VERTEX
8
Layer 1
10
16.388271
20
15.232861
70
0
0
VERTEX
8
Layer 1
10
16.100537
20
15.054433
70
0
0
VERTEX
8
Layer 1
10
15.681834
20
14.946847
70
0
0
VERTEX
8
Layer 1
10
15.375782
20
15.019897
70
0
0
VERTEX
8
Layer 1
10
15.159845
20
15.209578
70
0
0
VERTEX
8
Layer 1
10
14.989685
20
15.762027
70
0
0
VERTEX
8
Layer 1
10
15.084906
20
16.220578
70
0
0
VERTEX
8
Layer 1
10
15.303183
20
16.515593
70
0
0
VERTEX
8
Layer 1
10
15.704589
20
16.720082
70
0
0
VERTEX
8
Layer 1
10
16.014581
20
16.645370
70
0
0
VERTEX
8
Layer 1
10
16.313659
20
16.302570
70
0
0
VERTEX
8
Layer 1
10
16.416581
20
16.248331
70
0
0
VERTEX
8
Layer 1
10
16.422402
20
16.162606
70
0
0
VERTEX
8
Layer 1
10
15.275964
20
15.913633
70
0
0
VERTEX
8
Layer 1
10
15.275964
20
15.913633
70
0
0
SEQEND
8
Layer 1
0
POLYLINE
8
Layer 1
62
7
70
0
10
0.000000
20
0.000000
66
1
0
VERTEX
8
Layer 1
10
15.581822
20
16.068150
70
0
0
VERTEX
8
Layer 1
10
15.882124
20
16.136677
70
0
0
VERTEX
8
Layer 1
10
16.065215
20
16.211024
70
0
0
VERTEX
8
Layer 1
10
15.954057
20
16.410553
70
0
0
VERTEX
8
Layer 1
10
15.613307
20
16.571386
70
0
0
VERTEX
8
Layer 1
10
15.353057
20
16.352576
70
0
0
VERTEX
8
Layer 1
10
15.281520
20
15.996448
70
0
0
VERTEX
8
Layer 1
10
15.581822
20
16.068150
70
0
0
VERTEX
8
Layer 1
10
15.581822
20
16.068150
70
0
0
SEQEND
8
Layer 1
0
POLYLINE
8
Layer 1
62
7
70
0
10
0.000000
20
0.000000
66
1
0
VERTEX
8
Layer 1
10
19.865950
20
15.999623
70
0
0
VERTEX
8
Layer 1
10
19.788692
20
15.999623
70
0
0
VERTEX
8
Layer 1
10
19.639665
20
16.363590
70
0
0
VERTEX
8
Layer 1
10
18.939380
20
16.422955
70
0
0
VERTEX
8
Layer 1
10
18.524779
20
16.400201
70
0
0
VERTEX
8
Layer 1
10
18.516312
20
16.077145
70
0
0
VERTEX
8
Layer 1
10
18.556264
20
15.156132
70
0
0
VERTEX
8
Layer 1
10
19.153957
20
15.087605
70
0
0
VERTEX
8
Layer 1
10
19.904050
20
15.212356
70
0
0
VERTEX
8
Layer 1
10
20.220756
20
15.648256
70
0
0
VERTEX
8
Layer 1
10
20.289283
20
15.648256
70
0
0
VERTEX
8
Layer 1
10
20.097725
20
14.956107
70
0
0
VERTEX
8
Layer 1
10
19.522786
20
14.970395
70
0
0
VERTEX
8
Layer 1
10
19.076699
20
14.978861
70
0
0
VERTEX
8
Layer 1
10
17.841096
20
14.947376
70
0
0
VERTEX
8
Layer 1
10
17.846917
20
15.024634
70
0
0
VERTEX
8
Layer 1
10
18.089970
20
15.099313
70
0
0
VERTEX
8
Layer 1
10
18.153040
20
15.279163
70
0
0
VERTEX
8
Layer 1
10
18.204633
20
16.460262
70
0
0
VERTEX
8
Layer 1
10
18.190081
20
17.189188
70
0
0
VERTEX
8
Layer 1
10
18.134320
20
17.746499
70
0
0
VERTEX
8
Layer 1
10
17.881313
20
17.872606
70
0
0
VERTEX
8
Layer 1
10
17.887134
20
17.932666
70
0
0
VERTEX
8
Layer 1
10
19.354246
20
17.932666
70
0
0
VERTEX
8
Layer 1
10
20.100635
20
17.949864
70
0
0
VERTEX
8
Layer 1
10
19.986335
20
17.352171
70
0
0
VERTEX
8
Layer 1
10
19.926275
20
17.369369
70
0
0
VERTEX
8
Layer 1
10
19.943473
20
17.560927
70
0
0
VERTEX
8
Layer 1
10
19.684644
20
17.786550
70
0
0
VERTEX
8
Layer 1
10
19.262701
20
17.821277
70
0
0
VERTEX
8
Layer 1
10
18.559175
20
17.775504
70
0
0
VERTEX
8
Layer 1
10
18.519223
20
17.137859
70
0
0
VERTEX
8
Layer 1
10
18.525043
20
16.540166
70
0
0
VERTEX
8
Layer 1
10
18.862387
20
16.534345
70
0
0
VERTEX
8
Layer 1
10
19.528871
20
16.551543
70
0
0
VERTEX
8
Layer 1
10
19.698667
20
16.603037
70
0
0
VERTEX
8
Layer 1
10
19.806154
20
16.860311
70
0
0
VERTEX
8
Layer 1
10
19.866215
20
16.860311
70
0
0
VERTEX
8
Layer 1
10
19.865950
20
15.999623
70
0
0
VERTEX
8
Layer 1
10
19.865950
20
15.999623
70
0
0
SEQEND
8
Layer 1
0
POLYLINE
8
Layer 1
62
7
70
0
10
0.000000
20
0.000000
66
1
0
VERTEX
8
Layer 1
10
21.619077
20
16.725903
70
0
0
VERTEX
8
Layer 1
10
22.059608
20
16.651555
70
0
0
VERTEX
8
Layer 1
10
22.073895
20
17.243427
70
0
0
VERTEX
8
Layer 1
10
22.048925
20
17.675987
70
0
0
VERTEX
8
Layer 1
10
21.942397
20
17.778150
70
0
0
VERTEX
8
Layer 1
10
21.768037
20
17.755395
70
0
0
VERTEX
8
Layer 1
10
21.765127
20
17.823922
70
0
0
VERTEX
8
Layer 1
10
22.371551
20
18.130045
70
0
0
VERTEX
8
Layer 1
10
22.425790
20
18.107291
70
0
0
VERTEX
8
Layer 1
10
22.317047
20
15.702231
70
0
0
VERTEX
8
Layer 1
10
22.402772
20
15.044478
70
0
0
VERTEX
8
Layer 1
10
22.680055
20
15.118826
70
0
0
VERTEX
8
Layer 1
10
22.680055
20
15.033101
70
0
0
VERTEX
8
Layer 1
10
22.096649
20
14.847099
70
0
0
VERTEX
8
Layer 1
10
22.028122
20
15.215928
70
0
0
VERTEX
8
Layer 1
10
21.324596
20
14.969866
70
0
0
VERTEX
8
Layer 1
10
20.852679
20
15.161093
70
0
0
VERTEX
8
Layer 1
10
20.621070
20
15.710698
70
0
0
VERTEX
8
Layer 1
10
20.767744
20
16.239682
70
0
0
VERTEX
8
Layer 1
10
21.097551
20
16.547508
70
0
0
VERTEX
8
Layer 1
10
21.619077
20
16.725903
70
0
0
VERTEX
8
Layer 1
10
21.619077
20
16.725903
70
0
0
SEQEND
8
Layer 1
0
POLYLINE
8
Layer 1
62
7
70
0
10
0.000000
20
0.000000
66
1
0
VERTEX
8
Layer 1
10
22.039499
20
16.342787
70
0
0
VERTEX
8
Layer 1
10
21.759901
20
16.506927
70
0
0
VERTEX
8
Layer 1
10
21.441806
20
16.557364
70
0
0
VERTEX
8
Layer 1
10
21.046817
20
16.391172
70
0
0
VERTEX
8
Layer 1
10
20.872688
20
15.973958
70
0
0
VERTEX
8
Layer 1
10
21.073904
20
15.372660
70
0
0
VERTEX
8
Layer 1
10
21.556106
20
15.161688
70
0
0
VERTEX
8
Layer 1
10
22.019391
20
15.324671
70
0
0
VERTEX
8
Layer 1
10
22.039499
20
16.342787
70
0
0
VERTEX
8
Layer 1
10
22.039499
20
16.342787
70
0
0
SEQEND
8
Layer 1
0
POLYLINE
8
Layer 1
62
7
70
0
10
0.000000
20
0.000000
66
1
0
VERTEX
8
Layer 1
10
24.799365
20
15.384732
70
0
0
VERTEX
8
Layer 1
10
24.584788
20
14.884141
70
0
0
VERTEX
8
Layer 1
10
24.516261
20
14.884141
70
0
0
VERTEX
8
Layer 1
10
24.450380
20
15.147136
70
0
0
VERTEX
8
Layer 1
10
24.264378
20
15.779225
70
0
0
VERTEX
8
Layer 1
10
24.141347
20
16.145408
70
0
0
VERTEX
8
Layer 1
10
23.534922
20
14.884141
70
0
0
VERTEX
8
Layer 1
10
23.460575
20
14.884141
70
0
0
VERTEX
8
Layer 1
10
23.151806
20
16.036664
70
0
0
VERTEX
8
Layer 1
10
22.973742
20
16.456690
70
0
0
VERTEX
8
Layer 1
10
22.782978
20
16.583028
70
0
0
VERTEX
8
Layer 1
10
22.782978
20
16.648645
70
0
0
VERTEX
8
Layer 1
10
22.957338
20
16.648645
70
0
0
VERTEX
8
Layer 1
10
23.563762
20
16.671399
70
0
0
VERTEX
8
Layer 1
10
23.549474
20
16.579853
70
0
0
VERTEX
8
Layer 1
10
23.349185
20
16.465553
70
0
0
VERTEX
8
Layer 1
10
23.649487
20
15.410132
70
0
0
VERTEX
8
Layer 1
10
24.078376
20
16.325324
70
0
0
VERTEX
8
Layer 1
10
23.958983
20
16.516915
70
0
0
VERTEX
8
Layer 1
10
23.792362
20
16.571386
70
0
0
VERTEX
8
Layer 1
10
23.800828
20
16.645734
70
0
0
VERTEX
8
Layer 1
10
24.601721
20
16.662932
70
0
0
VERTEX
8
Layer 1
10
24.595900
20
16.588584
70
0
0
VERTEX
8
Layer 1
10
24.367036
20
16.471374
70
0
0
VERTEX
8
Layer 1
10
24.432917
20
16.199647
70
0
0
VERTEX
8
Layer 1
10
24.670248
20
15.384467
70
0
0
VERTEX
8
Layer 1
10
25.130623
20
16.445445
70
0
0
VERTEX
8
Layer 1
10
25.069868
20
16.576281
70
0
0
VERTEX
8
Layer 1
10
24.944621
20
16.599961
70
0
0
VERTEX
8
Layer 1
10
24.950441
20
16.665843
70
0
0
VERTEX
8
Layer 1
10
25.236456
20
16.657376
70
0
0
VERTEX
8
Layer 1
10
25.551045
20
16.665843
70
0
0
VERTEX
8
Layer 1
10
25.542843
20
16.605782
70
0
0
VERTEX
8
Layer 1
10
25.102312
20
15.968137
70
0
0
VERTEX
8
Layer 1
10
24.799365
20
15.384732
70
0
0
VERTEX
8
Layer 1
10
24.799365
20
15.384732
70
0
0
SEQEND
8
Layer 1
0
POLYLINE
8
Layer 1
62
7
70
0
10
0.000000
20
0.000000
66
1
0
VERTEX
8
Layer 1
10
25.751599
20
16.202558
70
0
0
VERTEX
8
Layer 1
10
25.734401
20
16.311301
70
0
0
VERTEX
8
Layer 1
10
26.048990
20
16.629198
70
0
0
VERTEX
8
Layer 1
10
26.449304
20
16.751832
70
0
0
VERTEX
8
Layer 1
10
26.749606
20
16.588849
70
0
0
VERTEX
8
Layer 1
10
26.889835
20
16.111277
70
0
0
VERTEX
8
Layer 1
10
26.881368
20
15.805154
70
0
0
VERTEX
8
Layer 1
10
26.872902
20
15.630794
70
0
0
VERTEX
8
Layer 1
10
26.864435
20
15.433415
70
0
0
VERTEX
8
Layer 1
10
26.880178
20
15.267224
70
0
0
VERTEX
8
Layer 1
10
26.990376
20
15.124647
70
0
0
VERTEX
8
Layer 1
10
27.227707
20
15.190528
70
0
0
VERTEX
8
Layer 1
10
27.227707
20
15.096072
70
0
0
VERTEX
8
Layer 1
10
26.890364
20
14.958753
70
0
0
VERTEX
8
Layer 1
10
26.776064
20
14.927268
70
0
0
VERTEX
8
Layer 1
10
26.590062
20
15.161688
70
0
0
VERTEX
8
Layer 1
10
25.938130
20
14.927268
70
0
0
VERTEX
8
Layer 1
10
25.690414
20
15.060915
70
0
0
VERTEX
8
Layer 1
10
25.655026
20
15.250324
70
0
0
VERTEX
8
Layer 1
10
25.815099
20
15.602219
70
0
0
VERTEX
8
Layer 1
10
26.584506
20
15.802508
70
0
0
VERTEX
8
Layer 1
10
26.592973
20
16.085612
70
0
0
VERTEX
8
Layer 1
10
26.501427
20
16.445974
70
0
0
VERTEX
8
Layer 1
10
26.218323
20
16.583293
70
0
0
VERTEX
8
Layer 1
10
26.003746
20
16.428776
70
0
0
VERTEX
8
Layer 1
10
26.026501
20
16.328764
70
0
0
VERTEX
8
Layer 1
10
25.751599
20
16.202558
70
0
0
VERTEX
8
Layer 1
10
25.751599
20
16.202558
70
0
0
SEQEND
8
Layer 1
0
POLYLINE
8
Layer 1
62
7
70
0
10
0.000000
20
0.000000
66
1
0
VERTEX
8
Layer 1
10
26.129159
20
15.078609
70
0
0
VERTEX
8
Layer 1
10
26.575246
20
15.241592
70
0
0
VERTEX
8
Layer 1
10
26.589533
20
15.673392
70
0
0
VERTEX
8
Layer 1
10
26.098401
20
15.596200
70
0
0
VERTEX
8
Layer 1
10
25.920403
20
15.364623
70
0
0
VERTEX
8
Layer 1
10
25.971103
20
15.177662
70
0
0
VERTEX
8
Layer 1
10
26.129159
20
15.078609
70
0
0
VERTEX
8
Layer 1
10
26.129159
20
15.078609
70
0
0
SEQEND
8
Layer 1
0
POLYLINE
8
Layer 1
62
7
70
0
10
0.000000
20
0.000000
66
1
0
VERTEX
8
Layer 1
10
27.953723
20
16.811628
70
0
0
VERTEX
8
Layer 1
10
27.962190
20
16.422691
70
0
0
VERTEX
8
Layer 1
10
28.239473
20
16.582764
70
0
0
VERTEX
8
Layer 1
10
28.531308
20
16.760034
70
0
0
VERTEX
8
Layer 1
10
28.582901
20
16.728549
70
0
0
VERTEX
8
Layer 1
10
28.728687
20
16.536991
70
0
0
VERTEX
8
Layer 1
10
28.479979
20
16.322414
70
0
0
VERTEX
8
Layer 1
10
28.339750
20
16.482487
70
0
0
VERTEX
8
Layer 1
10
28.033627
20
16.342258
70
0
0
VERTEX
8
Layer 1
10
27.956369
20
16.093550
70
0
0
VERTEX
8
Layer 1
10
27.942081
20
15.684504
70
0
0
VERTEX
8
Layer 1
10
27.987854
20
15.132584
70
0
0
VERTEX
8
Layer 1
10
28.119352
20
15.080990
70
0
0
VERTEX
8
Layer 1
10
28.179412
20
15.080990
70
0
0
VERTEX
8
Layer 1
10
28.451139
20
15.086811
70
0
0
VERTEX
8
Layer 1
10
28.445318
20
14.986799
70
0
0
VERTEX
8
Layer 1
10
27.384340
20
14.958224
70
0
0
VERTEX
8
Layer 1
10
27.390161
20
15.026751
70
0
0
VERTEX
8
Layer 1
10
27.621076
20
15.178357
70
0
0
VERTEX
8
Layer 1
10
27.676176
20
15.956231
70
0
0
VERTEX
8
Layer 1
10
27.648659
20
16.312922
70
0
0
VERTEX
8
Layer 1
10
27.498905
20
16.416605
70
0
0
VERTEX
8
Layer 1
10
27.353120
20
16.399408
70
0
0
VERTEX
8
Layer 1
10
27.361586
20
16.473755
70
0
0
VERTEX
8
Layer 1
10
27.953723
20
16.811628
70
0
0
VERTEX
8
Layer 1
10
27.953723
20
16.811628
70
0
0
SEQEND
8
Layer 1
0
POLYLINE
8
Layer 1
62
7
70
0
10
0.000000
20
0.000000
66
1
0
VERTEX
8
Layer 1
10
29.829881
20
16.725903
70
0
0
VERTEX
8
Layer 1
10
30.270412
20
16.651555
70
0
0
VERTEX
8
Layer 1
10
30.284699
20
17.243427
70
0
0
VERTEX
8
Layer 1
10
30.259729
20
17.675987
70
0
0
VERTEX
8
Layer 1
10
30.153202
20
17.778150
70
0
0
VERTEX
8
Layer 1
10
29.978841
20
17.755395
70
0
0
VERTEX
8
Layer 1
10
29.973021
20
17.823922
70
0
0
VERTEX
8
Layer 1
10
30.579445
20
18.130045
70
0
0
VERTEX
8
Layer 1
10
30.633684
20
18.107291
70
0
0
VERTEX
8
Layer 1
10
30.524941
20
15.702231
70
0
0
VERTEX
8
Layer 1
10
30.610666
20
15.044478
70
0
0
VERTEX
8
Layer 1
10
30.887949
20
15.118826
70
0
0
VERTEX
8
Layer 1
10
30.887949
20
15.033101
70
0
0
VERTEX
8
Layer 1
10
30.304543
20
14.847099
70
0
0
VERTEX
8
Layer 1
10
30.236016
20
15.215928
70
0
0
VERTEX
8
Layer 1
10
29.532490
20
14.969866
70
0
0
VERTEX
8
Layer 1
10
29.060573
20
15.161093
70
0
0
VERTEX
8
Layer 1
10
28.828964
20
15.710698
70
0
0
VERTEX
8
Layer 1
10
28.978809
20
16.239682
70
0
0
VERTEX
8
Layer 1
10
29.309976
20
16.547508
70
0
0
VERTEX
8
Layer 1
10
29.829881
20
16.725903
70
0
0
VERTEX
8
Layer 1
10
29.829881
20
16.725903
70
0
0
SEQEND
8
Layer 1
0
POLYLINE
8
Layer 1
62
7
70
0
10
0.000000
20
0.000000
66
1
0
VERTEX
8
Layer 1
10
30.252949
20
16.342787
70
0
0
VERTEX
8
Layer 1
10
29.973351
20
16.506927
70
0
0
VERTEX
8
Layer 1
10
29.655256
20
16.557364
70
0
0
VERTEX
8
Layer 1
10
29.260267
20
16.391172
70
0
0
VERTEX
8
Layer 1
10
29.086138
20
15.973958
70
0
0
VERTEX
8
Layer 1
10
29.287354
20
15.372660
70
0
0
VERTEX
8
Layer 1
10
29.769556
20
15.161688
70
0
0
VERTEX
8
Layer 1
10
30.232841
20
15.324671
70
0
0
VERTEX
8
Layer 1
10
30.252949
20
16.342787
70
0
0
VERTEX
8
Layer 1
10
30.252949
20
16.342787
70
0
0
SEQEND
8
Layer 1
0
POLYLINE
8
Layer 1
62
7
70
0
10
0.000000
20
0.000000
66
1
0
VERTEX
8
Layer 1
10
34.065326
20
17.263536
70
0
0
VERTEX
8
Layer 1
10
33.960919
20
17.572912
70
0
0
VERTEX
8
Layer 1
10
33.749579
20
17.754370
70
0
0
VERTEX
8
Layer 1
10
33.281631
20
17.861229
70
0
0
VERTEX
8
Layer 1
10
32.930852
20
17.784268
70
0
0
VERTEX
8
Layer 1
10
32.744726
20
17.608089
70
0
0
VERTEX
8
Layer 1
10
32.658273
20
17.286290
70
0
0
VERTEX
8
Layer 1
10
32.869543
20
16.857698
70
0
0
VERTEX
8
Layer 1
10
33.361800
20
16.619805
70
0
0
VERTEX
8
Layer 1
10
33.940972
20
16.327408
70
0
0
VERTEX
8
Layer 1
10
34.158922
20
16.075355
70
0
0
VERTEX
8
Layer 1
10
34.245507
20
15.713344
70
0
0
VERTEX
8
Layer 1
10
33.993822
20
15.165657
70
0
0
VERTEX
8
Layer 1
10
33.227391
20
14.935470
70
0
0
VERTEX
8
Layer 1
10
32.558261
20
15.029926
70
0
0
VERTEX
8
Layer 1
10
32.483913
20
15.044213
70
0
0
VERTEX
8
Layer 1
10
32.438140
20
14.966955
70
0
0
VERTEX
8
Layer 1
10
32.343684
20
14.972776
70
0
0
VERTEX
8
Layer 1
10
32.217743
20
15.739273
70
0
0
VERTEX
8
Layer 1
10
32.292091
20
15.756471
70
0
0
VERTEX
8
Layer 1
10
32.592392
20
15.267521
70
0
0
VERTEX
8
Layer 1
10
33.358889
20
15.067232
70
0
0
VERTEX
8
Layer 1
10
33.687468
20
15.132286
70
0
0
VERTEX
8
Layer 1
10
33.866876
20
15.286791
70
0
0
VERTEX
8
Layer 1
10
33.945205
20
15.587667
70
0
0
VERTEX
8
Layer 1
10
33.728181
20
16.069241
70
0
0
VERTEX
8
Layer 1
10
33.204373
20
16.325589
70
0
0
VERTEX
8
Layer 1
10
32.615179
20
16.631612
70
0
0
VERTEX
8
Layer 1
10
32.377815
20
17.152146
70
0
0
VERTEX
8
Layer 1
10
32.620570
20
17.717295
70
0
0
VERTEX
8
Layer 1
10
32.926767
20
17.893309
70
0
0
VERTEX
8
Layer 1
10
33.358625
20
17.958595
70
0
0
VERTEX
8
Layer 1
10
33.833287
20
17.907001
70
0
0
VERTEX
8
Layer 1
10
33.950497
20
17.889804
70
0
0
VERTEX
8
Layer 1
10
34.105013
20
17.944043
70
0
0
VERTEX
8
Layer 1
10
34.150786
20
17.935576
70
0
0
VERTEX
8
Layer 1
10
34.119301
20
17.575214
70
0
0
VERTEX
8
Layer 1
10
34.142055
20
17.274913
70
0
0
VERTEX
8
Layer 1
10
34.065326
20
17.263536
70
0
0
VERTEX
8
Layer 1
10
34.065326
20
17.263536
70
0
0
SEQEND
8
Layer 1
0
POLYLINE
8
Layer 1
62
7
70
0
10
0.000000
20
0.000000
66
1
0
VERTEX
8
Layer 1
10
34.694504
20
15.247413
70
0
0
VERTEX
8
Layer 1
10
34.868864
20
15.433415
70
0
0
VERTEX
8
Layer 1
10
34.928925
20
15.470721
70
0
0
VERTEX
8
Layer 1
10
35.006183
20
15.379175
70
0
0
VERTEX
8
Layer 1
10
35.157789
20
15.227569
70
0
0
VERTEX
8
Layer 1
10
35.212029
20
15.161688
70
0
0
VERTEX
8
Layer 1
10
35.174722
20
15.107449
70
0
0
VERTEX
8
Layer 1
10
34.991631
20
14.930178
70
0
0
VERTEX
8
Layer 1
10
34.925750
20
14.878584
70
0
0
VERTEX
8
Layer 1
10
34.857223
20
14.924357
70
0
0
VERTEX
8
Layer 1
10
34.682863
20
15.107449
70
0
0
VERTEX
8
Layer 1
10
34.631269
20
15.173330
70
0
0
VERTEX
8
Layer 1
10
34.694504
20
15.247413
70
0
0
VERTEX
8
Layer 1
10
34.694504
20
15.247413
70
0
0
SEQEND
8
Layer 1
0
POLYLINE
8
Layer 1
62
7
70
0
10
0.000000
20
0.000000
66
1
0
VERTEX
8
Layer 1
10
37.751761
20
16.374272
70
0
0
VERTEX
8
Layer 1
10
37.251170
20
16.402847
70
0
0
VERTEX
8
Layer 1
10
37.245349
20
15.856483
70
0
0
VERTEX
8
Layer 1
10
37.299588
20
15.164334
70
0
0
VERTEX
8
Layer 1
10
37.562584
20
15.018549
70
0
0
VERTEX
8
Layer 1
10
37.614178
20
14.987063
70
0
0
VERTEX
8
Layer 1
10
37.582692
20
14.941291
70
0
0
VERTEX
8
Layer 1
10
37.391134
20
14.958488
70
0
0
VERTEX
8
Layer 1
10
37.153803
20
14.975686
70
0
0
VERTEX
8
Layer 1
10
36.845035
20
14.961399
70
0
0
VERTEX
8
Layer 1
10
36.659033
20
14.947111
70
0
0
VERTEX
8
Layer 1
10
36.613260
20
14.978597
70
0
0
VERTEX
8
Layer 1
10
36.707716
20
15.038657
70
0
0
VERTEX
8
Layer 1
10
36.893950
20
15.199193
70
0
0
VERTEX
8
Layer 1
10
36.945047
20
15.868125
70
0
0
VERTEX
8
Layer 1
10
36.945047
20
16.880419
70
0
0
VERTEX
8
Layer 1
10
36.900763
20
17.681478
70
0
0
VERTEX
8
Layer 1
10
36.616171
20
17.832654
70
0
0
VERTEX
8
Layer 1
10
36.624637
20
17.907001
70
0
0
VERTEX
8
Layer 1
10
36.933406
20
17.901181
70
0
0
VERTEX
8
Layer 1
10
37.768430
20
17.955420
70
0
0
VERTEX
8
Layer 1
10
38.208683
20
17.886881
70
0
0
VERTEX
8
Layer 1
10
38.527419
20
17.707340
70
0
0
VERTEX
8
Layer 1
10
38.786545
20
17.171725
70
0
0
VERTEX
8
Layer 1
10
38.635005
20
16.743068
70
0
0
VERTEX
8
Layer 1
10
38.148900
20
16.411049
70
0
0
VERTEX
8
Layer 1
10
38.251823
20
16.256533
70
0
0
VERTEX
8
Layer 1
10
38.904913
20
15.354272
70
0
0
VERTEX
8
Layer 1
10
39.239110
20
15.047641
70
0
0
VERTEX
8
Layer 1
10
39.581617
20
14.915361
70
0
0
VERTEX
8
Layer 1
10
39.621569
20
14.869589
70
0
0
VERTEX
8
Layer 1
10
39.504359
20
14.829637
70
0
0
VERTEX
8
Layer 1
10
39.062013
20
14.931919
70
0
0
VERTEX
8
Layer 1
10
38.672477
20
15.199623
70
0
0
VERTEX
8
Layer 1
10
38.014227
20
15.996448
70
0
0
VERTEX
8
Layer 1
10
37.751761
20
16.374272
70
0
0
VERTEX
8
Layer 1
10
37.751761
20
16.374272
70
0
0
SEQEND
8
Layer 1
0
POLYLINE
8
Layer 1
62
7
70
0
10
0.000000
20
0.000000
66
1
0
VERTEX
8
Layer 1
10
37.691700
20
17.861229
70
0
0
VERTEX
8
Layer 1
10
37.317051
20
17.752485
70
0
0
VERTEX
8
Layer 1
10
37.265457
20
16.531434
70
0
0
VERTEX
8
Layer 1
10
37.634286
20
16.494128
70
0
0
VERTEX
8
Layer 1
10
38.092676
20
16.572048
70
0
0
VERTEX
8
Layer 1
10
38.331768
20
16.757107
70
0
0
VERTEX
8
Layer 1
10
38.435179
20
17.117486
70
0
0
VERTEX
8
Layer 1
10
38.261778
20
17.591354
70
0
0
VERTEX
8
Layer 1
10
38.030999
20
17.783268
70
0
0
VERTEX
8
Layer 1
10
37.691700
20
17.861229
70
0
0
VERTEX
8
Layer 1
10
37.691700
20
17.861229
70
0
0
SEQEND
8
Layer 1
0
POLYLINE
8
Layer 1
62
7
70
0
10
0.000000
20
0.000000
66
1
0
VERTEX
8
Layer 1
10
40.511626
20
16.725903
70
0
0
VERTEX
8
Layer 1
10
41.134024
20
16.477096
70
0
0
VERTEX
8
Layer 1
10
41.398244
20
15.859394
70
0
0
VERTEX
8
Layer 1
10
41.152248
20
15.227338
70
0
0
VERTEX
8
Layer 1
10
40.864919
20
15.023688
70
0
0
VERTEX
8
Layer 1
10
40.485961
20
14.947111
70
0
0
VERTEX
8
Layer 1
10
39.880992
20
15.141216
70
0
0
VERTEX
8
Layer 1
10
39.645307
20
15.414022
70
0
0
VERTEX
8
Layer 1
10
39.550661
20
15.830819
70
0
0
VERTEX
8
Layer 1
10
39.628704
20
16.199945
70
0
0
VERTEX
8
Layer 1
10
39.836873
20
16.482156
70
0
0
VERTEX
8
Layer 1
10
40.511626
20
16.725903
70
0
0
VERTEX
8
Layer 1
10
40.511626
20
16.725903
70
0
0
SEQEND
8
Layer 1
0
POLYLINE
8
Layer 1
62
7
70
0
10
0.000000
20
0.000000
66
1
0
VERTEX
8
Layer 1
10
40.511626
20
15.055855
70
0
0
VERTEX
8
Layer 1
10
40.918389
20
15.248141
70
0
0
VERTEX
8
Layer 1
10
41.089211
20
15.762292
70
0
0
VERTEX
8
Layer 1
10
40.893618
20
16.344970
70
0
0
VERTEX
8
Layer 1
10
40.399972
20
16.614513
70
0
0
VERTEX
8
Layer 1
10
40.010274
20
16.428313
70
0
0
VERTEX
8
Layer 1
10
39.856519
20
15.956760
70
0
0
VERTEX
8
Layer 1
10
40.039213
20
15.349641
70
0
0
VERTEX
8
Layer 1
10
40.247117
20
15.137872
70
0
0
VERTEX
8
Layer 1
10
40.511626
20
15.055855
70
0
0
VERTEX
8
Layer 1
10
40.511626
20
15.055855
70
0
0
SEQEND
8
Layer 1
0
POLYLINE
8
Layer 1
62
7
70
0
10
0.000000
20
0.000000
66
1
0
VERTEX
8
Layer 1
10
42.602096
20
16.760299
70
0
0
VERTEX
8
Layer 1
10
43.025429
20
16.622980
70
0
0
VERTEX
8
Layer 1
10
43.371504
20
16.654466
70
0
0
VERTEX
8
Layer 1
10
43.534487
20
16.645999
70
0
0
VERTEX
8
Layer 1
10
43.474426
20
16.397291
70
0
0
VERTEX
8
Layer 1
10
43.145550
20
16.463172
70
0
0
VERTEX
8
Layer 1
10
43.271491
20
16.045660
70
0
0
VERTEX
8
Layer 1
10
43.056617
20
15.541299
70
0
0
VERTEX
8
Layer 1
10
42.590719
20
15.261965
70
0
0
VERTEX
8
Layer 1
10
42.184584
20
15.001616
70
0
0
VERTEX
8
Layer 1
10
42.309302
20
14.882189
70
0
0
VERTEX
8
Layer 1
10
42.521928
20
14.861387
70
0
0
VERTEX
8
Layer 1
10
43.222279
20
14.805626
70
0
0
VERTEX
8
Layer 1
10
43.415193
20
14.673194
70
0
0
VERTEX
8
Layer 1
10
43.482893
20
14.415300
70
0
0
VERTEX
8
Layer 1
10
43.377225
20
14.101091
70
0
0
VERTEX
8
Layer 1
10
43.105069
20
13.864372
70
0
0
VERTEX
8
Layer 1
10
42.330370
20
13.663090
70
0
0
VERTEX
8
Layer 1
10
41.821576
20
13.843569
70
0
0
VERTEX
8
Layer 1
10
41.709658
20
14.137752
70
0
0
VERTEX
8
Layer 1
10
41.862653
20
14.481313
70
0
0
VERTEX
8
Layer 1
10
42.127170
20
14.672474
70
0
0
VERTEX
8
Layer 1
10
41.976986
20
14.784029
70
0
0
VERTEX
8
Layer 1
10
41.886928
20
15.024370
70
0
0
VERTEX
8
Layer 1
10
42.247291
20
15.201640
70
0
0
VERTEX
8
Layer 1
10
42.398897
20
15.255880
70
0
0
VERTEX
8
Layer 1
10
42.398897
20
15.273078
70
0
0
VERTEX
8
Layer 1
10
42.028150
20
15.434242
70
0
0
VERTEX
8
Layer 1
10
41.856344
20
15.636999
70
0
0
VERTEX
8
Layer 1
10
41.784006
20
15.962316
70
0
0
VERTEX
8
Layer 1
10
42.048291
20
16.535039
70
0
0
VERTEX
8
Layer 1
10
42.602096
20
16.760299
70
0
0
VERTEX
8
Layer 1
10
42.602096
20
16.760299
70
0
0
SEQEND
8
Layer 1
0
POLYLINE
8
Layer 1
62
7
70
0
10
0.000000
20
0.000000
66
1
0
VERTEX
8
Layer 1
10
42.524838
20
13.848827
70
0
0
VERTEX
8
Layer 1
10
43.027083
20
13.951453
70
0
0
VERTEX
8
Layer 1
10
43.233036
20
14.091380
70
0
0
VERTEX
8
Layer 1
10
43.317000
20
14.300735
70
0
0
VERTEX
8
Layer 1
10
43.252640
20
14.484753
70
0
0
VERTEX
8
Layer 1
10
43.025165
20
14.598126
70
0
0
VERTEX
8
Layer 1
10
42.550503
20
14.598126
70
0
0
VERTEX
8
Layer 1
10
42.258668
20
14.626701
70
0
0
VERTEX
8
Layer 1
10
42.013135
20
14.490408
70
0
0
VERTEX
8
Layer 1
10
41.889839
20
14.249141
70
0
0
VERTEX
8
Layer 1
10
42.057221
20
13.977150
70
0
0
VERTEX
8
Layer 1
10
42.524838
20
13.848827
70
0
0
VERTEX
8
Layer 1
10
42.524838
20
13.848827
70
0
0
SEQEND
8
Layer 1
0
POLYLINE
8
Layer 1
62
7
70
0
10
0.000000
20
0.000000
66
1
0
VERTEX
8
Layer 1
10
42.650780
20
15.393198
70
0
0
VERTEX
8
Layer 1
10
42.881397
20
15.553304
70
0
0
VERTEX
8
Layer 1
10
43.002675
20
15.927921
70
0
0
VERTEX
8
Layer 1
10
42.858279
20
16.402682
70
0
0
VERTEX
8
Layer 1
10
42.465042
20
16.620070
70
0
0
VERTEX
8
Layer 1
10
42.152504
20
16.479609
70
0
0
VERTEX
8
Layer 1
10
42.024512
20
16.113922
70
0
0
VERTEX
8
Layer 1
10
42.095391
20
15.811107
70
0
0
VERTEX
8
Layer 1
10
42.267895
20
15.602351
70
0
0
VERTEX
8
Layer 1
10
42.650780
20
15.393198
70
0
0
VERTEX
8
Layer 1
10
42.650780
20
15.393198
70
0
0
SEQEND
8
Layer 1
0
POLYLINE
8
Layer 1
62
7
70
0
10
0.000000
20
0.000000
66
1
0
VERTEX
8
Layer 1
10
44.031903
20
15.913633
70
0
0
VERTEX
8
Layer 1
10
44.194886
20
15.338694
70
0
0
VERTEX
8
Layer 1
10
44.450109
20
15.138438
70
0
0
VERTEX
8
Layer 1
10
44.623775
20
15.109830
70
0
0
VERTEX
8
Layer 1
10
45.101347
20
15.287101
70
0
0
VERTEX
8
Layer 1
10
45.141299
20
15.232861
70
0
0
VERTEX
8
Layer 1
10
44.853565
20
15.054433
70
0
0
VERTEX
8
Layer 1
10
44.434863
20
14.946847
70
0
0
VERTEX
8
Layer 1
10
44.128811
20
15.019897
70
0
0
VERTEX
8
Layer 1
10
43.912874
20
15.209578
70
0
0
VERTEX
8
Layer 1
10
43.742714
20
15.762027
70
0
0
VERTEX
8
Layer 1
10
43.837935
20
16.220578
70
0
0
VERTEX
8
Layer 1
10
44.056211
20
16.515593
70
0
0
VERTEX
8
Layer 1
10
44.457617
20
16.720082
70
0
0
VERTEX
8
Layer 1
10
44.767609
20
16.645370
70
0
0
VERTEX
8
Layer 1
10
45.066687
20
16.302570
70
0
0
VERTEX
8
Layer 1
10
45.169610
20
16.248331
70
0
0
VERTEX
8
Layer 1
10
45.175431
20
16.162606
70
0
0
VERTEX
8
Layer 1
10
44.031903
20
15.913633
70
0
0
VERTEX
8
Layer 1
10
44.031903
20
15.913633
70
0
0
SEQEND
8
Layer 1
0
POLYLINE
8
Layer 1
62
7
70
0
10
0.000000
20
0.000000
66
1
0
VERTEX
8
Layer 1
10
44.338025
20
16.068150
70
0
0
VERTEX
8
Layer 1
10
44.638327
20
16.136677
70
0
0
VERTEX
8
Layer 1
10
44.821419
20
16.211024
70
0
0
VERTEX
8
Layer 1
10
44.710261
20
16.410553
70
0
0
VERTEX
8
Layer 1
10
44.369511
20
16.571386
70
0
0
VERTEX
8
Layer 1
10
44.109260
20
16.352576
70
0
0
VERTEX
8
Layer 1
10
44.037724
20
15.996448
70
0
0
VERTEX
8
Layer 1
10
44.338025
20
16.068150
70
0
0
VERTEX
8
Layer 1
10
44.338025
20
16.068150
70
0
0
SEQEND
8
Layer 1
0
POLYLINE
8
Layer 1
62
7
70
0
10
0.000000
20
0.000000
66
1
0
VERTEX
8
Layer 1
10
45.999607
20
16.811628
70
0
0
VERTEX
8
Layer 1
10
46.008073
20
16.422691
70
0
0
VERTEX
8
Layer 1
10
46.285356
20
16.582764
70
0
0
VERTEX
8
Layer 1
10
46.577191
20
16.760034
70
0
0
VERTEX
8
Layer 1
10
46.628785
20
16.728549
70
0
0
VERTEX
8
Layer 1
10
46.774570
20
16.536991
70
0
0
VERTEX
8
Layer 1
10
46.525862
20
16.322414
70
0
0
VERTEX
8
Layer 1
10
46.385633
20
16.482487
70
0
0
VERTEX
8
Layer 1
10
46.079511
20
16.342258
70
0
0
VERTEX
8
Layer 1
10
46.002252
20
16.093550
70
0
0
VERTEX
8
Layer 1
10
45.987965
20
15.684504
70
0
0
VERTEX
8
Layer 1
10
46.033738
20
15.132584
70
0
0
VERTEX
8
Layer 1
10
46.165236
20
15.080990
70
0
0
VERTEX
8
Layer 1
10
46.225296
20
15.080990
70
0
0
VERTEX
8
Layer 1
10
46.497023
20
15.086811
70
0
0
VERTEX
8
Layer 1
10
46.491202
20
14.986799
70
0
0
VERTEX
8
Layer 1
10
45.430224
20
14.958224
70
0
0
VERTEX
8
Layer 1
10
45.436045
20
15.026751
70
0
0
VERTEX
8
Layer 1
10
45.666960
20
15.178357
70
0
0
VERTEX
8
Layer 1
10
45.722059
20
15.956231
70
0
0
VERTEX
8
Layer 1
10
45.694542
20
16.312922
70
0
0
VERTEX
8
Layer 1
10
45.544788
20
16.416605
70
0
0
VERTEX
8
Layer 1
10
45.399003
20
16.399408
70
0
0
VERTEX
8
Layer 1
10
45.407470
20
16.473755
70
0
0
VERTEX
8
Layer 1
10
45.999607
20
16.811628
70
0
0
VERTEX
8
Layer 1
10
45.999607
20
16.811628
70
0
0
SEQEND
8
Layer 1
0
POLYLINE
8
Layer 1
62
7
70
0
10
0.000000
20
0.000000
66
1
0
VERTEX
8
Layer 1
10
47.037830
20
15.484744
70
0
0
VERTEX
8
Layer 1
10
47.186592
20
15.258889
70
0
0
VERTEX
8
Layer 1
10
47.584194
20
15.084430
70
0
0
VERTEX
8
Layer 1
10
47.770428
20
15.117371
70
0
0
VERTEX
8
Layer 1
10
47.907250
20
15.330492
70
0
0
VERTEX
8
Layer 1
10
47.760671
20
15.617862
70
0
0
VERTEX
8
Layer 1
10
47.541067
20
15.759381
70
0
0
VERTEX
8
Layer 1
10
47.366707
20
15.836639
70
0
0
VERTEX
8
Layer 1
10
47.149683
20
15.976703
70
0
0
VERTEX
8
Layer 1
10
47.037830
20
16.219756
70
0
0
VERTEX
8
Layer 1
10
47.199061
20
16.541422
70
0
0
VERTEX
8
Layer 1
10
47.658542
20
16.708705
70
0
0
VERTEX
8
Layer 1
10
48.024725
20
16.677220
70
0
0
VERTEX
8
Layer 1
10
48.099073
20
16.288283
70
0
0
VERTEX
8
Layer 1
10
48.021815
20
16.288283
70
0
0
VERTEX
8
Layer 1
10
47.840244
20
16.509838
70
0
0
VERTEX
8
Layer 1
10
47.581284
20
16.611338
70
0
0
VERTEX
8
Layer 1
10
47.384302
20
16.536958
70
0
0
VERTEX
8
Layer 1
10
47.309557
20
16.342522
70
0
0
VERTEX
8
Layer 1
10
47.572553
20
16.059418
70
0
0
VERTEX
8
Layer 1
10
47.712782
20
15.993537
70
0
0
VERTEX
8
Layer 1
10
48.000912
20
15.815175
70
0
0
VERTEX
8
Layer 1
10
48.173156
20
15.450084
70
0
0
VERTEX
8
Layer 1
10
48.041658
20
15.149782
70
0
0
VERTEX
8
Layer 1
10
47.472540
20
14.958224
70
0
0
VERTEX
8
Layer 1
10
46.994968
20
15.052680
70
0
0
VERTEX
8
Layer 1
10
47.012166
20
15.184178
70
0
0
VERTEX
8
Layer 1
10
46.957926
20
15.490300
70
0
0
VERTEX
8
Layer 1
10
47.037830
20
15.484744
70
0
0
VERTEX
8
Layer 1
10
47.037830
20
15.484744
70
0
0
SEQEND
8
Layer 1
0
POLYLINE
8
Layer 1
62
7
70
0
10
0.000000
20
0.000000
66
1
0
VERTEX
8
Layer 1
10
51.702164
20
17.263536
70
0
0
VERTEX
8
Layer 1
10
51.597757
20
17.572912
70
0
0
VERTEX
8
Layer 1
10
51.386417
20
17.754370
70
0
0
VERTEX
8
Layer 1
10
50.918469
20
17.861229
70
0
0
VERTEX
8
Layer 1
10
50.567690
20
17.784268
70
0
0
VERTEX
8
Layer 1
10
50.381564
20
17.608089
70
0
0
VERTEX
8
Layer 1
10
50.295112
20
17.286290
70
0
0
VERTEX
8
Layer 1
10
50.506381
20
16.857698
70
0
0
VERTEX
8
Layer 1
10
50.998638
20
16.619805
70
0
0
VERTEX
8
Layer 1
10
51.577810
20
16.327408
70
0
0
VERTEX
8
Layer 1
10
51.795760
20
16.075355
70
0
0
VERTEX
8
Layer 1
10
51.882345
20
15.713344
70
0
0
VERTEX
8
Layer 1
10
51.630660
20
15.165657
70
0
0
VERTEX
8
Layer 1
10
50.864230
20
14.935470
70
0
0
VERTEX
8
Layer 1
10
50.195099
20
15.029926
70
0
0
VERTEX
8
Layer 1
10
50.120751
20
15.044213
70
0
0
VERTEX
8
Layer 1
10
50.074979
20
14.966955
70
0
0
VERTEX
8
Layer 1
10
49.980522
20
14.972776
70
0
0
VERTEX
8
Layer 1
10
49.854581
20
15.739273
70
0
0
VERTEX
8
Layer 1
10
49.928929
20
15.756471
70
0
0
VERTEX
8
Layer 1
10
50.229230
20
15.267521
70
0
0
VERTEX
8
Layer 1
10
50.995727
20
15.067232
70
0
0
VERTEX
8
Layer 1
10
51.324306
20
15.132286
70
0
0
VERTEX
8
Layer 1
10
51.503714
20
15.286791
70
0
0
VERTEX
8
Layer 1
10
51.582043
20
15.587667
70
0
0
VERTEX
8
Layer 1
10
51.365019
20
16.069241
70
0
0
VERTEX
8
Layer 1
10
50.841211
20
16.325589
70
0
0
VERTEX
8
Layer 1
10
50.252018
20
16.631612
70
0
0
VERTEX
8
Layer 1
10
50.014654
20
17.152146
70
0
0
VERTEX
8
Layer 1
10
50.257442
20
17.717295
70
0
0
VERTEX
8
Layer 1
10
50.563717
20
17.893309
70
0
0
VERTEX
8
Layer 1
10
50.995727
20
17.958595
70
0
0
VERTEX
8
Layer 1
10
51.470389
20
17.907001
70
0
0
VERTEX
8
Layer 1
10
51.587600
20
17.889804
70
0
0
VERTEX
8
Layer 1
10
51.742116
20
17.944043
70
0
0
VERTEX
8
Layer 1
10
51.787889
20
17.935576
70
0
0
VERTEX
8
Layer 1
10
51.756404
20
17.575214
70
0
0
VERTEX
8
Layer 1
10
51.779158
20
17.274913
70
0
0
VERTEX
8
Layer 1
10
51.702164
20
17.263536
70
0
0
VERTEX
8
Layer 1
10
51.702164
20
17.263536
70
0
0
SEQEND
8
Layer 1
0
POLYLINE
8
Layer 1
62
7
70
0
10
0.000000
20
0.000000
66
1
0
VERTEX
8
Layer 1
10
52.703082
20
16.811628
70
0
0
VERTEX
8
Layer 1
10
52.711548
20
16.422691
70
0
0
VERTEX
8
Layer 1
10
52.988831
20
16.582764
70
0
0
VERTEX
8
Layer 1
10
53.280666
20
16.760034
70
0
0
VERTEX
8
Layer 1
10
53.332260
20
16.728549
70
0
0
VERTEX
8
Layer 1
10
53.478045
20
16.536991
70
0
0
VERTEX
8
Layer 1
10
53.229337
20
16.322414
70
0
0
VERTEX
8
Layer 1
10
53.089108
20
16.482487
70
0
0
VERTEX
8
Layer 1
10
52.782986
20
16.342258
70
0
0
VERTEX
8
Layer 1
10
52.705727
20
16.093550
70
0
0
VERTEX
8
Layer 1
10
52.691440
20
15.684504
70
0
0
VERTEX
8
Layer 1
10
52.737213
20
15.132584
70
0
0
VERTEX
8
Layer 1
10
52.868710
20
15.080990
70
0
0
VERTEX
8
Layer 1
10
52.928771
20
15.080990
70
0
0
VERTEX
8
Layer 1
10
53.200498
20
15.086811
70
0
0
VERTEX
8
Layer 1
10
53.194677
20
14.986799
70
0
0
VERTEX
8
Layer 1
10
52.133699
20
14.958224
70
0
0
VERTEX
8
Layer 1
10
52.139520
20
15.026751
70
0
0
VERTEX
8
Layer 1
10
52.370435
20
15.178357
70
0
0
VERTEX
8
Layer 1
10
52.425534
20
15.956231
70
0
0
VERTEX
8
Layer 1
10
52.398017
20
16.312922
70
0
0
VERTEX
8
Layer 1
10
52.248263
20
16.416605
70
0
0
VERTEX
8
Layer 1
10
52.102478
20
16.399408
70
0
0
VERTEX
8
Layer 1
10
52.110945
20
16.473755
70
0
0
VERTEX
8
Layer 1
10
52.703082
20
16.811628
70
0
0
VERTEX
8
Layer 1
10
52.703082
20
16.811628
70
0
0
SEQEND
8
Layer 1
0
POLYLINE
8
Layer 1
62
7
70
0
10
0.000000
20
0.000000
66
1
0
VERTEX
8
Layer 1
10
53.646849
20
15.247413
70
0
0
VERTEX
8
Layer 1
10
53.821209
20
15.433415
70
0
0
VERTEX
8
Layer 1
10
53.881270
20
15.470721
70
0
0
VERTEX
8
Layer 1
10
53.958528
20
15.379175
70
0
0
VERTEX
8
Layer 1
10
54.110134
20
15.227569
70
0
0
VERTEX
8
Layer 1
10
54.164373
20
15.161688
70
0
0
VERTEX
8
Layer 1
10
54.127067
20
15.107449
70
0
0
VERTEX
8
Layer 1
10
53.943976
20
14.930178
70
0
0
VERTEX
8
Layer 1
10
53.878095
20
14.878584
70
0
0
VERTEX
8
Layer 1
10
53.809568
20
14.924357
70
0
0
VERTEX
8
Layer 1
10
53.635207
20
15.107449
70
0
0
VERTEX
8
Layer 1
10
53.583614
20
15.173330
70
0
0
VERTEX
8
Layer 1
10
53.646849
20
15.247413
70
0
0
VERTEX
8
Layer 1
10
53.646849
20
15.247413
70
0
0
SEQEND
8
Layer 1
0
POLYLINE
8
Layer 1
62
7
70
0
10
0.000000
20
0.000000
66
1
0
VERTEX
8
Layer 1
10
56.947257
20
14.969866
70
0
0
VERTEX
8
Layer 1
10
56.383960
20
14.978332
70
0
0
VERTEX
8
Layer 1
10
55.577511
20
14.969866
70
0
0
VERTEX
8
Layer 1
10
55.577511
20
15.055590
70
0
0
VERTEX
8
Layer 1
10
55.871992
20
15.164334
70
0
0
VERTEX
8
Layer 1
10
55.926232
20
16.302570
70
0
0
VERTEX
8
Layer 1
10
55.848973
20
17.718089
70
0
0
VERTEX
8
Layer 1
10
55.600265
20
17.795347
70
0
0
VERTEX
8
Layer 1
10
55.594445
20
17.881072
70
0
0
VERTEX
8
Layer 1
10
56.623937
20
17.932666
70
0
0
VERTEX
8
Layer 1
10
56.946993
20
17.949864
70
0
0
VERTEX
8
Layer 1
10
57.596978
20
17.849103
70
0
0
VERTEX
8
Layer 1
10
58.148563
20
17.557719
70
0
0
VERTEX
8
Layer 1
10
58.531229
20
17.092057
70
0
0
VERTEX
8
Layer 1
10
58.674455
20
16.468464
70
0
0
VERTEX
8
Layer 1
10
58.553929
20
15.879576
70
0
0
VERTEX
8
Layer 1
10
58.206739
20
15.403848
70
0
0
VERTEX
8
Layer 1
10
57.661607
20
15.085778
70
0
0
VERTEX
8
Layer 1
10
56.947257
20
14.969866
70
0
0
VERTEX
8
Layer 1
10
56.947257
20
14.969866
70
0
0
SEQEND
8
Layer 1
0
POLYLINE
8
Layer 1
62
7
70
0
10
0.000000
20
0.000000
66
1
0
VERTEX
8
Layer 1
10
56.890107
20
17.846941
70
0
0
VERTEX
8
Layer 1
10
56.292414
20
17.729731
70
0
0
VERTEX
8
Layer 1
10
56.246642
20
15.865214
70
0
0
VERTEX
8
Layer 1
10
56.260929
20
15.204551
70
0
0
VERTEX
8
Layer 1
10
56.927414
20
15.073053
70
0
0
VERTEX
8
Layer 1
10
57.563054
20
15.200594
70
0
0
VERTEX
8
Layer 1
10
57.979892
20
15.529227
70
0
0
VERTEX
8
Layer 1
10
58.207966
20
15.977964
70
0
0
VERTEX
8
Layer 1
10
58.277316
20
16.465818
70
0
0
VERTEX
8
Layer 1
10
58.151759
20
17.067604
70
0
0
VERTEX
8
Layer 1
10
57.824912
20
17.499477
70
0
0
VERTEX
8
Layer 1
10
57.377465
20
17.759802
70
0
0
VERTEX
8
Layer 1
10
56.890107
20
17.846941
70
0
0
VERTEX
8
Layer 1
10
56.890107
20
17.846941
70
0
0
SEQEND
8
Layer 1
0
POLYLINE
8
Layer 1
62
7
70
0
10
0.000000
20
0.000000
66
1
0
VERTEX
8
Layer 1
10
59.283790
20
15.913633
70
0
0
VERTEX
8
Layer 1
10
59.446773
20
15.338694
70
0
0
VERTEX
8
Layer 1
10
59.701996
20
15.138438
70
0
0
VERTEX
8
Layer 1
10
59.875662
20
15.109830
70
0
0
VERTEX
8
Layer 1
10
60.353234
20
15.287101
70
0
0
VERTEX
8
Layer 1
10
60.396097
20
15.232861
70
0
0
VERTEX
8
Layer 1
10
60.108363
20
15.054433
70
0
0
VERTEX
8
Layer 1
10
59.689660
20
14.946847
70
0
0
VERTEX
8
Layer 1
10
59.383608
20
15.019897
70
0
0
VERTEX
8
Layer 1
10
59.167671
20
15.209578
70
0
0
VERTEX
8
Layer 1
10
58.997511
20
15.762027
70
0
0
VERTEX
8
Layer 1
10
59.092732
20
16.220578
70
0
0
VERTEX
8
Layer 1
10
59.311009
20
16.515593
70
0
0
VERTEX
8
Layer 1
10
59.712414
20
16.720082
70
0
0
VERTEX
8
Layer 1
10
60.022406
20
16.645370
70
0
0
VERTEX
8
Layer 1
10
60.321484
20
16.302570
70
0
0
VERTEX
8
Layer 1
10
60.424407
20
16.248331
70
0
0
VERTEX
8
Layer 1
10
60.430228
20
16.162606
70
0
0
VERTEX
8
Layer 1
10
59.283790
20
15.913633
70
0
0
VERTEX
8
Layer 1
10
59.283790
20
15.913633
70
0
0
SEQEND
8
Layer 1
0
POLYLINE
8
Layer 1
62
7
70
0
10
0.000000
20
0.000000
66
1
0
VERTEX
8
Layer 1
10
59.587002
20
16.068150
70
0
0
VERTEX
8
Layer 1
10
59.887304
20
16.136677
70
0
0
VERTEX
8
Layer 1
10
60.070395
20
16.211024
70
0
0
VERTEX
8
Layer 1
10
59.959237
20
16.410553
70
0
0
VERTEX
8
Layer 1
10
59.618487
20
16.571386
70
0
0
VERTEX
8
Layer 1
10
59.358237
20
16.352576
70
0
0
VERTEX
8
Layer 1
10
59.286700
20
15.996448
70
0
0
VERTEX
8
Layer 1
10
59.587002
20
16.068150
70
0
0
VERTEX
8
Layer 1
10
59.587002
20
16.068150
70
0
0
SEQEND
8
Layer 1
0
POLYLINE
8
Layer 1
62
7
70
0
10
0.000000
20
0.000000
66
1
0
VERTEX
8
Layer 1
10
61.308644
20
14.100446
70
0
0
VERTEX
8
Layer 1
10
61.337185
20
13.843073
70
0
0
VERTEX
8
Layer 1
10
61.468716
20
13.791677
70
0
0
VERTEX
8
Layer 1
10
61.683293
20
13.777390
70
0
0
VERTEX
8
Layer 1
10
61.677472
20
13.700132
70
0
0
VERTEX
8
Layer 1
10
61.591747
20
13.700132
70
0
0
VERTEX
8
Layer 1
10
60.771011
20
13.668646
70
0
0
VERTEX
8
Layer 1
10
60.765190
20
13.737173
70
0
0
VERTEX
8
Layer 1
10
60.979767
20
13.851473
70
0
0
VERTEX
8
Layer 1
10
61.039827
20
14.889697
70
0
0
VERTEX
8
Layer 1
10
61.045648
20
15.175711
70
0
0
VERTEX
8
Layer 1
10
61.022894
20
16.288283
70
0
0
VERTEX
8
Layer 1
10
60.862821
20
16.471374
70
0
0
VERTEX
8
Layer 1
10
60.694017
20
16.411314
70
0
0
VERTEX
8
Layer 1
10
60.676819
20
16.477195
70
0
0
VERTEX
8
Layer 1
10
60.959923
20
16.617424
70
0
0
VERTEX
8
Layer 1
10
61.266046
20
16.832001
70
0
0
VERTEX
8
Layer 1
10
61.317639
20
16.508945
70
0
0
VERTEX
8
Layer 1
10
61.515018
20
16.586203
70
0
0
VERTEX
8
Layer 1
10
61.978303
20
16.712145
70
0
0
VERTEX
8
Layer 1
10
62.471585
20
16.474417
70
0
0
VERTEX
8
Layer 1
10
62.707494
20
15.891408
70
0
0
VERTEX
8
Layer 1
10
62.566777
20
15.410438
70
0
0
VERTEX
8
Layer 1
10
62.244540
20
15.130335
70
0
0
VERTEX
8
Layer 1
10
61.654983
20
14.967749
70
0
0
VERTEX
8
Layer 1
10
61.317639
20
15.033630
70
0
0
VERTEX
8
Layer 1
10
61.309173
20
14.521662
70
0
0
VERTEX
8
Layer 1
10
61.308644
20
14.100446
70
0
0
VERTEX
8
Layer 1
10
61.308644
20
14.100446
70
0
0
VERTEX
8
Layer 1
10
61.308644
20
14.100446
70
0
0
SEQEND
8
Layer 1
0
POLYLINE
8
Layer 1
62
7
70
0
10
0.000000
20
0.000000
66
1
0
VERTEX
8
Layer 1
10
61.308644
20
15.247413
70
0
0
VERTEX
8
Layer 1
10
61.517400
20
15.178886
70
0
0
VERTEX
8
Layer 1
10
61.849187
20
15.101628
70
0
0
VERTEX
8
Layer 1
10
62.214510
20
15.222840
70
0
0
VERTEX
8
Layer 1
10
62.378419
20
15.404456
70
0
0
VERTEX
8
Layer 1
10
62.446880
20
15.693500
70
0
0
VERTEX
8
Layer 1
10
62.211665
20
16.306241
70
0
0
VERTEX
8
Layer 1
10
61.766108
20
16.545722
70
0
0
VERTEX
8
Layer 1
10
61.311289
20
16.408403
70
0
0
VERTEX
8
Layer 1
10
61.308644
20
15.247413
70
0
0
VERTEX
8
Layer 1
10
61.308644
20
15.247413
70
0
0
SEQEND
8
Layer 1
0
POLYLINE
8
Layer 1
62
7
70
0
10
0.000000
20
0.000000
66
1
0
VERTEX
8
Layer 1
10
63.107543
20
16.202558
70
0
0
VERTEX
8
Layer 1
10
63.090346
20
16.311301
70
0
0
VERTEX
8
Layer 1
10
63.404935
20
16.629198
70
0
0
VERTEX
8
Layer 1
10
63.805249
20
16.751832
70
0
0
VERTEX
8
Layer 1
10
64.105550
20
16.588849
70
0
0
VERTEX
8
Layer 1
10
64.245779
20
16.111277
70
0
0
VERTEX
8
Layer 1
10
64.237313
20
15.805154
70
0
0
VERTEX
8
Layer 1
10
64.228846
20
15.630794
70
0
0
VERTEX
8
Layer 1
10
64.220380
20
15.433415
70
0
0
VERTEX
8
Layer 1
10
64.236122
20
15.267224
70
0
0
VERTEX
8
Layer 1
10
64.346321
20
15.124647
70
0
0
VERTEX
8
Layer 1
10
64.586562
20
15.190528
70
0
0
VERTEX
8
Layer 1
10
64.586562
20
15.096072
70
0
0
VERTEX
8
Layer 1
10
64.246309
20
14.958753
70
0
0
VERTEX
8
Layer 1
10
64.132009
20
14.927268
70
0
0
VERTEX
8
Layer 1
10
63.946007
20
15.161688
70
0
0
VERTEX
8
Layer 1
10
63.294074
20
14.927268
70
0
0
VERTEX
8
Layer 1
10
63.046359
20
15.060915
70
0
0
VERTEX
8
Layer 1
10
63.010971
20
15.250324
70
0
0
VERTEX
8
Layer 1
10
63.171043
20
15.602219
70
0
0
VERTEX
8
Layer 1
10
63.940451
20
15.802508
70
0
0
VERTEX
8
Layer 1
10
63.948917
20
16.085612
70
0
0
VERTEX
8
Layer 1
10
63.857372
20
16.445974
70
0
0
VERTEX
8
Layer 1
10
63.574268
20
16.583293
70
0
0
VERTEX
8
Layer 1
10
63.359691
20
16.428776
70
0
0
VERTEX
8
Layer 1
10
63.382445
20
16.328764
70
0
0
VERTEX
8
Layer 1
10
63.107543
20
16.202558
70
0
0
VERTEX
8
Layer 1
10
63.107543
20
16.202558
70
0
0
SEQEND
8
Layer 1
0
POLYLINE
8
Layer 1
62
7
70
0
10
0.000000
20
0.000000
66
1
0
VERTEX
8
Layer 1
10
63.490660
20
15.078609
70
0
0
VERTEX
8
Layer 1
10
63.936747
20
15.241592
70
0
0
VERTEX
8
Layer 1
10
63.951034
20
15.673392
70
0
0
VERTEX
8
Layer 1
10
63.459902
20
15.596200
70
0
0
VERTEX
8
Layer 1
10
63.281904
20
15.364623
70
0
0
VERTEX
8
Layer 1
10
63.329429
20
15.177662
70
0
0
VERTEX
8
Layer 1
10
63.490660
20
15.078609
70
0
0
VERTEX
8
Layer 1
10
63.490660
20
15.078609
70
0
0
SEQEND
8
Layer 1
0
POLYLINE
8
Layer 1
62
7
70
0
10
0.000000
20
0.000000
66
1
0
VERTEX
8
Layer 1
10
65.312314
20
16.811628
70
0
0
VERTEX
8
Layer 1
10
65.320780
20
16.422691
70
0
0
VERTEX
8
Layer 1
10
65.598063
20
16.582764
70
0
0
VERTEX
8
Layer 1
10
65.889898
20
16.760034
70
0
0
VERTEX
8
Layer 1
10
65.941492
20
16.728549
70
0
0
VERTEX
8
Layer 1
10
66.087277
20
16.536991
70
0
0
VERTEX
8
Layer 1
10
65.838569
20
16.322414
70
0
0
VERTEX
8
Layer 1
10
65.698340
20
16.482487
70
0
0
VERTEX
8
Layer 1
10
65.392218
20
16.342258
70
0
0
VERTEX
8
Layer 1
10
65.314959
20
16.093550
70
0
0
VERTEX
8
Layer 1
10
65.300672
20
15.684504
70
0
0
VERTEX
8
Layer 1
10
65.346445
20
15.132584
70
0
0
VERTEX
8
Layer 1
10
65.477943
20
15.080990
70
0
0
VERTEX
8
Layer 1
10
65.538003
20
15.080990
70
0
0
VERTEX
8
Layer 1
10
65.809730
20
15.086811
70
0
0
VERTEX
8
Layer 1
10
65.803909
20
14.986799
70
0
0
VERTEX
8
Layer 1
10
64.742931
20
14.958224
70
0
0
VERTEX
8
Layer 1
10
64.748752
20
15.026751
70
0
0
VERTEX
8
Layer 1
10
64.979667
20
15.178357
70
0
0
VERTEX
8
Layer 1
10
65.034766
20
15.956231
70
0
0
VERTEX
8
Layer 1
10
65.007249
20
16.312922
70
0
0
VERTEX
8
Layer 1
10
64.857495
20
16.416605
70
0
0
VERTEX
8
Layer 1
10
64.711710
20
16.399408
70
0
0
VERTEX
8
Layer 1
10
64.720177
20
16.473755
70
0
0
VERTEX
8
Layer 1
10
65.312314
20
16.811628
70
0
0
VERTEX
8
Layer 1
10
65.312314
20
16.811628
70
0
0
SEQEND
8
Layer 1
0
POLYLINE
8
Layer 1
62
7
70
0
10
0.000000
20
0.000000
66
1
0
VERTEX
8
Layer 1
10
66.653749
20
16.520057
70
0
0
VERTEX
8
Layer 1
10
66.407687
20
16.534345
70
0
0
VERTEX
8
Layer 1
10
66.413508
20
16.588584
70
0
0
VERTEX
8
Layer 1
10
66.991093
20
17.132038
70
0
0
VERTEX
8
Layer 1
10
66.968339
20
16.717436
70
0
0
VERTEX
8
Layer 1
10
67.400138
20
16.700238
70
0
0
VERTEX
8
Layer 1
10
67.646200
20
16.706059
70
0
0
VERTEX
8
Layer 1
10
67.640379
20
16.565830
70
0
0
VERTEX
8
Layer 1
10
67.394317
20
16.551543
70
0
0
VERTEX
8
Layer 1
10
67.062530
20
16.565830
70
0
0
VERTEX
8
Layer 1
10
66.964601
20
16.522240
70
0
0
VERTEX
8
Layer 1
10
66.948230
20
16.302835
70
0
0
VERTEX
8
Layer 1
10
66.939764
20
15.590842
70
0
0
VERTEX
8
Layer 1
10
66.972572
20
15.283760
70
0
0
VERTEX
8
Layer 1
10
67.237155
20
15.116180
70
0
0
VERTEX
8
Layer 1
10
67.677686
20
15.247678
70
0
0
VERTEX
8
Layer 1
10
67.686152
20
15.201905
70
0
0
VERTEX
8
Layer 1
10
67.005380
20
14.941555
70
0
0
VERTEX
8
Layer 1
10
66.765172
20
15.030554
70
0
0
VERTEX
8
Layer 1
10
66.645018
20
15.396373
70
0
0
VERTEX
8
Layer 1
10
66.645018
20
15.625238
70
0
0
VERTEX
8
Layer 1
10
66.653749
20
16.520057
70
0
0
VERTEX
8
Layer 1
10
66.653749
20
16.520057
70
0
0
SEQEND
8
Layer 1
0
POLYLINE
8
Layer 1
62
7
70
0
10
0.000000
20
0.000000
66
1
0
VERTEX
8
Layer 1
10
69.290584
20
15.922364
70
0
0
VERTEX
8
Layer 1
10
69.207670
20
16.346292
70
0
0
VERTEX
8
Layer 1
10
68.936042
20
16.499949
70
0
0
VERTEX
8
Layer 1
10
68.406876
20
16.313947
70
0
0
VERTEX
8
Layer 1
10
68.401055
20
15.853573
70
0
0
VERTEX
8
Layer 1
10
68.401055
20
15.619152
70
0
0
VERTEX
8
Layer 1
10
68.409522
20
15.173065
70
0
0
VERTEX
8
Layer 1
10
68.724111
20
15.035747
70
0
0
VERTEX
8
Layer 1
10
68.724111
20
14.958488
70
0
0
VERTEX
8
Layer 1
10
68.323797
20
14.975686
70
0
0
VERTEX
8
Layer 1
10
67.794631
20
14.967220
70
0
0
VERTEX
8
Layer 1
10
67.800452
20
15.035747
70
0
0
VERTEX
8
Layer 1
10
68.051475
20
15.185501
70
0
0
VERTEX
8
Layer 1
10
68.117952
20
15.796423
70
0
0
VERTEX
8
Layer 1
10
68.043240
20
16.345829
70
0
0
VERTEX
8
Layer 1
10
67.794896
20
16.434068
70
0
0
VERTEX
8
Layer 1
10
67.794896
20
16.511326
70
0
0
VERTEX
8
Layer 1
10
68.295487
20
16.720082
70
0
0
VERTEX
8
Layer 1
10
68.341260
20
16.737280
70
0
0
VERTEX
8
Layer 1
10
68.395499
20
16.408403
70
0
0
VERTEX
8
Layer 1
10
69.133421
20
16.700238
70
0
0
VERTEX
8
Layer 1
10
69.353951
20
16.644147
70
0
0
VERTEX
8
Layer 1
10
69.525269
20
16.414224
70
0
0
VERTEX
8
Layer 1
10
70.257370
20
16.643088
70
0
0
VERTEX
8
Layer 1
10
70.526889
20
16.581908
70
0
0
VERTEX
8
Layer 1
10
70.665291
20
16.413199
70
0
0
VERTEX
8
Layer 1
10
70.723565
20
15.842196
70
0
0
VERTEX
8
Layer 1
10
70.723565
20
15.341605
70
0
0
VERTEX
8
Layer 1
10
70.815111
20
15.081255
70
0
0
VERTEX
8
Layer 1
10
71.069640
20
15.029661
70
0
0
VERTEX
8
Layer 1
10
71.038154
20
14.969601
70
0
0
VERTEX
8
Layer 1
10
70.171645
20
14.969601
70
0
0
VERTEX
8
Layer 1
10
70.157357
20
15.029661
70
0
0
VERTEX
8
Layer 1
10
70.395548
20
15.173694
70
0
0
VERTEX
8
Layer 1
10
70.449192
20
15.796158
70
0
0
VERTEX
8
Layer 1
10
70.369123
20
16.276608
70
0
0
VERTEX
8
Layer 1
10
70.031681
20
16.456822
70
0
0
VERTEX
8
Layer 1
10
69.554108
20
16.330881
70
0
0
VERTEX
8
Layer 1
10
69.576862
20
15.195555
70
0
0
VERTEX
8
Layer 1
10
69.627232
20
15.086150
70
0
0
VERTEX
8
Layer 1
10
69.859966
20
15.041038
70
0
0
VERTEX
8
Layer 1
10
69.859966
20
14.972511
70
0
0
VERTEX
8
Layer 1
10
69.571042
20
14.972511
70
0
0
VERTEX
8
Layer 1
10
68.984726
20
14.955313
70
0
0
VERTEX
8
Layer 1
10
68.970438
20
15.023840
70
0
0
VERTEX
8
Layer 1
10
69.239221
20
15.170056
70
0
0
VERTEX
8
Layer 1
10
69.293494
20
15.704613
70
0
0
VERTEX
8
Layer 1
10
69.293494
20
15.921835
70
0
0
VERTEX
8
Layer 1
10
69.290584
20
15.921835
70
0
0
VERTEX
8
Layer 1
10
69.290584
20
15.922364
70
0
0
SEQEND
8
Layer 1
0
POLYLINE
8
Layer 1
62
7
70
0
10
0.000000
20
0.000000
66
1
0
VERTEX
8
Layer 1
10
71.567056
20
15.913633
70
0
0
VERTEX
8
Layer 1
10
71.730039
20
15.338694
70
0
0
VERTEX
8
Layer 1
10
71.985262
20
15.138438
70
0
0
VERTEX
8
Layer 1
10
72.158928
20
15.109830
70
0
0
VERTEX
8
Layer 1
10
72.636500
20
15.287101
70
0
0
VERTEX
8
Layer 1
10
72.676452
20
15.232861
70
0
0
VERTEX
8
Layer 1
10
72.388718
20
15.054433
70
0
0
VERTEX
8
Layer 1
10
71.970016
20
14.946847
70
0
0
VERTEX
8
Layer 1
10
71.663963
20
15.019897
70
0
0
VERTEX
8
Layer 1
10
71.448026
20
15.209578
70
0
0
VERTEX
8
Layer 1
10
71.277866
20
15.762027
70
0
0
VERTEX
8
Layer 1
10
71.373087
20
16.220578
70
0
0
VERTEX
8
Layer 1
10
71.591364
20
16.515593
70
0
0
VERTEX
8
Layer 1
10
71.992770
20
16.720082
70
0
0
VERTEX
8
Layer 1
10
72.302762
20
16.645370
70
0
0
VERTEX
8
Layer 1
10
72.601840
20
16.302570
70
0
0
VERTEX
8
Layer 1
10
72.704763
20
16.248331
70
0
0
VERTEX
8
Layer 1
10
72.710583
20
16.162606
70
0
0
VERTEX
8
Layer 1
10
71.567056
20
15.913633
70
0
0
VERTEX
8
Layer 1
10
71.567056
20
15.913633
70
0
0
SEQEND
8
Layer 1
0
POLYLINE
8
Layer 1
62
7
70
0
10
0.000000
20
0.000000
66
1
0
VERTEX
8
Layer 1
10
71.872914
20
16.068150
70
0
0
VERTEX
8
Layer 1
10
72.173215
20
16.136677
70
0
0
VERTEX
8
Layer 1
10
72.356307
20
16.211024
70
0
0
VERTEX
8
Layer 1
10
72.245149
20
16.410553
70
0
0
VERTEX
8
Layer 1
10
71.904399
20
16.571386
70
0
0
VERTEX
8
Layer 1
10
71.644149
20
16.352576
70
0
0
VERTEX
8
Layer 1
10
71.572612
20
15.996448
70
0
0
VERTEX
8
Layer 1
10
71.872914
20
16.068150
70
0
0
VERTEX
8
Layer 1
10
71.872914
20
16.068150
70
0
0
SEQEND
8
Layer 1
0
POLYLINE
8
Layer 1
62
7
70
0
10
0.000000
20
0.000000
66
1
0
VERTEX
8
Layer 1
10
73.520207
20
15.727896
70
0
0
VERTEX
8
Layer 1
10
73.528674
20
15.213017
70
0
0
VERTEX
8
Layer 1
10
73.574745
20
15.106093
70
0
0
VERTEX
8
Layer 1
10
73.828976
20
15.044213
70
0
0
VERTEX
8
Layer 1
10
73.823155
20
14.975686
70
0
0
VERTEX
8
Layer 1
10
73.648795
20
14.984153
70
0
0
VERTEX
8
Layer 1
10
73.440039
20
14.989974
70
0
0
VERTEX
8
Layer 1
10
72.939448
20
14.989974
70
0
0
VERTEX
8
Layer 1
10
72.933627
20
15.064322
70
0
0
VERTEX
8
Layer 1
10
73.167452
20
15.142936
70
0
0
VERTEX
8
Layer 1
10
73.216731
20
15.255880
70
0
0
VERTEX
8
Layer 1
10
73.248216
20
15.936652
70
0
0
VERTEX
8
Layer 1
10
73.202146
20
16.375330
70
0
0
VERTEX
8
Layer 1
10
72.947914
20
16.459997
70
0
0
VERTEX
8
Layer 1
10
72.942094
20
16.499949
70
0
0
VERTEX
8
Layer 1
10
73.379714
20
16.677220
70
0
0
VERTEX
8
Layer 1
10
73.482637
20
16.722993
70
0
0
VERTEX
8
Layer 1
10
73.534230
20
16.436978
70
0
0
VERTEX
8
Layer 1
10
74.263421
20
16.699974
70
0
0
VERTEX
8
Layer 1
10
74.537835
20
16.638305
70
0
0
VERTEX
8
Layer 1
10
74.678750
20
16.476897
70
0
0
VERTEX
8
Layer 1
10
74.738083
20
15.996448
70
0
0
VERTEX
8
Layer 1
10
74.738083
20
15.452994
70
0
0
VERTEX
8
Layer 1
10
74.766658
20
15.101099
70
0
0
VERTEX
8
Layer 1
10
75.001078
20
15.032572
70
0
0
VERTEX
8
Layer 1
10
75.006899
20
14.964045
70
0
0
VERTEX
8
Layer 1
10
74.606585
20
14.986799
70
0
0
VERTEX
8
Layer 1
10
74.146211
20
14.964045
70
0
0
VERTEX
8
Layer 1
10
74.146211
20
15.029926
70
0
0
VERTEX
8
Layer 1
10
74.406560
20
15.161424
70
0
0
VERTEX
8
Layer 1
10
74.466621
20
15.859129
70
0
0
VERTEX
8
Layer 1
10
74.422303
20
16.294930
70
0
0
VERTEX
8
Layer 1
10
74.112080
20
16.505505
70
0
0
VERTEX
8
Layer 1
10
73.540051
20
16.342522
70
0
0
VERTEX
8
Layer 1
10
73.520207
20
15.727896
70
0
0
VERTEX
8
Layer 1
10
73.520207
20
15.727896
70
0
0
SEQEND
8
Layer 1
0
POLYLINE
8
Layer 1
62
7
70
0
10
0.000000
20
0.000000
66
1
0
VERTEX
8
Layer 1
10
75.442138
20
16.520057
70
0
0
VERTEX
8
Layer 1
10
75.196076
20
16.534345
70
0
0
VERTEX
8
Layer 1
10
75.201897
20
16.588584
70
0
0
VERTEX
8
Layer 1
10
75.779482
20
17.132038
70
0
0
VERTEX
8
Layer 1
10
75.756727
20
16.717436
70
0
0
VERTEX
8
Layer 1
10
76.188527
20
16.700238
70
0
0
VERTEX
8
Layer 1
10
76.434589
20
16.706059
70
0
0
VERTEX
8
Layer 1
10
76.428768
20
16.565830
70
0
0
VERTEX
8
Layer 1
10
76.182706
20
16.551543
70
0
0
VERTEX
8
Layer 1
10
75.850919
20
16.565830
70
0
0
VERTEX
8
Layer 1
10
75.752990
20
16.522240
70
0
0
VERTEX
8
Layer 1
10
75.736619
20
16.302835
70
0
0
VERTEX
8
Layer 1
10
75.728153
20
15.590842
70
0
0
VERTEX
8
Layer 1
10
75.760961
20
15.283760
70
0
0
VERTEX
8
Layer 1
10
76.025544
20
15.116180
70
0
0
VERTEX
8
Layer 1
10
76.466074
20
15.247678
70
0
0
VERTEX
8
Layer 1
10
76.474541
20
15.201905
70
0
0
VERTEX
8
Layer 1
10
75.793769
20
14.941555
70
0
0
VERTEX
8
Layer 1
10
75.553561
20
15.030554
70
0
0
VERTEX
8
Layer 1
10
75.433407
20
15.396373
70
0
0
VERTEX
8
Layer 1
10
75.433407
20
15.625238
70
0
0
VERTEX
8
Layer 1
10
75.442138
20
16.520057
70
0
0
VERTEX
8
Layer 1
10
75.442138
20
16.520057
70
0
0
SEQEND
8
Layer 1
0
POLYLINE
8
Layer 1
62
7
70
0
10
0.000000
20
0.000000
66
1
0
VERTEX
8
Layer 1
10
10.468491
20
11.449324
70
0
0
VERTEX
8
Layer 1
10
11.090889
20
11.200517
70
0
0
VERTEX
8
Layer 1
10
11.355109
20
10.582815
70
0
0
VERTEX
8
Layer 1
10
11.109113
20
9.950759
70
0
0
VERTEX
8
Layer 1
10
10.821784
20
9.747109
70
0
0
VERTEX
8
Layer 1
10
10.442826
20
9.670533
70
0
0
VERTEX
8
Layer 1
10
9.837857
20
9.864637
70
0
0
VERTEX
8
Layer 1
10
9.602172
20
10.137443
70
0
0
VERTEX
8
Layer 1
10
9.507526
20
10.554240
70
0
0
VERTEX
8
Layer 1
10
9.586797
20
10.924594
70
0
0
VERTEX
8
Layer 1
10
9.794830
20
11.206668
70
0
0
VERTEX
8
Layer 1
10
10.468491
20
11.449324
70
0
0
VERTEX
8
Layer 1
10
10.468491
20
11.449324
70
0
0
SEQEND
8
Layer 1
0
POLYLINE
8
Layer 1
62
7
70
0
10
0.000000
20
0.000000
66
1
0
VERTEX
8
Layer 1
10
10.468491
20
9.782187
70
0
0
VERTEX
8
Layer 1
10
10.875254
20
9.974472
70
0
0
VERTEX
8
Layer 1
10
11.046076
20
10.488623
70
0
0
VERTEX
8
Layer 1
10
10.850483
20
11.071301
70
0
0
VERTEX
8
Layer 1
10
10.356837
20
11.340845
70
0
0
VERTEX
8
Layer 1
10
9.967139
20
11.155009
70
0
0
VERTEX
8
Layer 1
10
9.813383
20
10.686002
70
0
0
VERTEX
8
Layer 1
10
9.996078
20
10.076337
70
0
0
VERTEX
8
Layer 1
10
10.203164
20
9.864249
70
0
0
VERTEX
8
Layer 1
10
10.468491
20
9.782187
70
0
0
VERTEX
8
Layer 1
10
10.468491
20
9.782187
70
0
0
SEQEND
8
Layer 1
0
POLYLINE
8
Layer 1
62
7
70
0
10
0.000000
20
0.000000
66
1
0
VERTEX
8
Layer 1
10
11.692452
20
11.417839
70
0
0
VERTEX
8
Layer 1
10
11.998574
20
11.417839
70
0
0
VERTEX
8
Layer 1
10
12.072228
20
12.062396
70
0
0
VERTEX
8
Layer 1
10
12.261570
20
12.430133
70
0
0
VERTEX
8
Layer 1
10
12.669094
20
12.734338
70
0
0
VERTEX
8
Layer 1
10
13.059552
20
12.847645
70
0
0
VERTEX
8
Layer 1
10
13.451400
20
12.687573
70
0
0
VERTEX
8
Layer 1
10
13.305614
20
12.504481
70
0
0
VERTEX
8
Layer 1
10
13.122523
20
12.570362
70
0
0
VERTEX
8
Layer 1
10
12.816401
20
12.638889
70
0
0
VERTEX
8
Layer 1
10
12.589372
20
12.584790
70
0
0
VERTEX
8
Layer 1
10
12.431300
20
12.392629
70
0
0
VERTEX
8
Layer 1
10
12.293055
20
11.414928
70
0
0
VERTEX
8
Layer 1
10
12.916413
20
11.414928
70
0
0
VERTEX
8
Layer 1
10
12.916413
20
11.269143
70
0
0
VERTEX
8
Layer 1
10
12.293055
20
11.269143
70
0
0
VERTEX
8
Layer 1
10
12.284589
20
10.614300
70
0
0
VERTEX
8
Layer 1
10
12.330362
20
9.816318
70
0
0
VERTEX
8
Layer 1
10
12.676436
20
9.784833
70
0
0
VERTEX
8
Layer 1
10
12.676436
20
9.693287
70
0
0
VERTEX
8
Layer 1
10
11.678429
20
9.701753
70
0
0
VERTEX
8
Layer 1
10
11.678429
20
9.781922
70
0
0
VERTEX
8
Layer 1
10
11.946154
20
9.893477
70
0
0
VERTEX
8
Layer 1
10
11.993018
20
10.390992
70
0
0
VERTEX
8
Layer 1
10
11.998839
20
11.157489
70
0
0
VERTEX
8
Layer 1
10
11.981641
20
11.251945
70
0
0
VERTEX
8
Layer 1
10
11.695627
20
11.280520
70
0
0
VERTEX
8
Layer 1
10
11.695627
20
11.420749
70
0
0
VERTEX
8
Layer 1
10
11.692717
20
11.420749
70
0
0
VERTEX
8
Layer 1
10
11.692717
20
11.417839
70
0
0
VERTEX
8
Layer 1
10
11.692452
20
11.417839
70
0
0
SEQEND
8
Layer 1
0
POLYLINE
8
Layer 1
62
7
70
0
10
0.000000
20
0.000000
66
1
0
VERTEX
8
Layer 1
10
16.605758
20
10.725954
70
0
0
VERTEX
8
Layer 1
10
16.528500
20
10.725954
70
0
0
VERTEX
8
Layer 1
10
16.379474
20
11.089921
70
0
0
VERTEX
8
Layer 1
10
15.679189
20
11.149287
70
0
0
VERTEX
8
Layer 1
10
15.264587
20
11.126533
70
0
0
VERTEX
8
Layer 1
10
15.256120
20
10.803477
70
0
0
VERTEX
8
Layer 1
10
15.298983
20
9.882464
70
0
0
VERTEX
8
Layer 1
10
15.896676
20
9.813937
70
0
0
VERTEX
8
Layer 1
10
16.646769
20
9.938688
70
0
0
VERTEX
8
Layer 1
10
16.963474
20
10.374588
70
0
0
VERTEX
8
Layer 1
10
17.032001
20
10.374588
70
0
0
VERTEX
8
Layer 1
10
16.840443
20
9.682439
70
0
0
VERTEX
8
Layer 1
10
16.265505
20
9.696726
70
0
0
VERTEX
8
Layer 1
10
15.819418
20
9.705193
70
0
0
VERTEX
8
Layer 1
10
14.583815
20
9.673708
70
0
0
VERTEX
8
Layer 1
10
14.589636
20
9.750966
70
0
0
VERTEX
8
Layer 1
10
14.832688
20
9.825644
70
0
0
VERTEX
8
Layer 1
10
14.895758
20
10.005495
70
0
0
VERTEX
8
Layer 1
10
14.947352
20
11.186593
70
0
0
VERTEX
8
Layer 1
10
14.933065
20
11.915784
70
0
0
VERTEX
8
Layer 1
10
14.877304
20
12.473095
70
0
0
VERTEX
8
Layer 1
10
14.624296
20
12.599202
70
0
0
VERTEX
8
Layer 1
10
14.630117
20
12.659262
70
0
0
VERTEX
8
Layer 1
10
16.097230
20
12.659262
70
0
0
VERTEX
8
Layer 1
10
16.843618
20
12.676460
70
0
0
VERTEX
8
Layer 1
10
16.729319
20
12.078767
70
0
0
VERTEX
8
Layer 1
10
16.668729
20
12.095700
70
0
0
VERTEX
8
Layer 1
10
16.685927
20
12.287259
70
0
0
VERTEX
8
Layer 1
10
16.427099
20
12.512882
70
0
0
VERTEX
8
Layer 1
10
16.005155
20
12.547608
70
0
0
VERTEX
8
Layer 1
10
15.301629
20
12.501835
70
0
0
VERTEX
8
Layer 1
10
15.261677
20
11.864190
70
0
0
VERTEX
8
Layer 1
10
15.267497
20
11.266497
70
0
0
VERTEX
8
Layer 1
10
15.604841
20
11.260676
70
0
0
VERTEX
8
Layer 1
10
16.271325
20
11.277874
70
0
0
VERTEX
8
Layer 1
10
16.441121
20
11.329369
70
0
0
VERTEX
8
Layer 1
10
16.548608
20
11.586643
70
0
0
VERTEX
8
Layer 1
10
16.608669
20
11.586643
70
0
0
VERTEX
8
Layer 1
10
16.608669
20
10.728600
70
0
0
VERTEX
8
Layer 1
10
16.605758
20
10.728600
70
0
0
VERTEX
8
Layer 1
10
16.605758
20
10.725954
70
0
0
VERTEX
8
Layer 1
10
16.605758
20
10.725954
70
0
0
SEQEND
8
Layer 1
0
POLYLINE
8
Layer 1
62
7
70
0
10
0.000000
20
0.000000
66
1
0
VERTEX
8
Layer 1
10
17.875492
20
10.771727
70
0
0
VERTEX
8
Layer 1
10
17.906977
20
9.893841
70
0
0
VERTEX
8
Layer 1
10
18.253052
20
9.762343
70
0
0
VERTEX
8
Layer 1
10
18.253052
20
9.685085
70
0
0
VERTEX
8
Layer 1
10
17.646628
20
9.707839
70
0
0
VERTEX
8
Layer 1
10
17.217739
20
9.690641
70
0
0
VERTEX
8
Layer 1
10
17.217739
20
9.756522
70
0
0
VERTEX
8
Layer 1
10
17.462908
20
9.860933
70
0
0
VERTEX
8
Layer 1
10
17.549526
20
10.085399
70
0
0
VERTEX
8
Layer 1
10
17.609586
20
11.735603
70
0
0
VERTEX
8
Layer 1
10
17.549526
20
12.424842
70
0
0
VERTEX
8
Layer 1
10
17.395009
20
12.479081
70
0
0
VERTEX
8
Layer 1
10
17.292087
20
12.470615
70
0
0
VERTEX
8
Layer 1
10
17.292087
20
12.539142
70
0
0
VERTEX
8
Layer 1
10
17.906977
20
12.847910
70
0
0
VERTEX
8
Layer 1
10
17.975504
20
12.847910
70
0
0
VERTEX
8
Layer 1
10
17.883959
20
11.866836
70
0
0
VERTEX
8
Layer 1
10
17.875492
20
10.771727
70
0
0
VERTEX
8
Layer 1
10
17.875492
20
10.771727
70
0
0
SEQEND
8
Layer 1
0
POLYLINE
8
Layer 1
62
7
70
0
10
0.000000
20
0.000000
66
1
0
VERTEX
8
Layer 1
10
18.810793
20
10.639965
70
0
0
VERTEX
8
Layer 1
10
18.973776
20
10.065026
70
0
0
VERTEX
8
Layer 1
10
19.228999
20
9.864770
70
0
0
VERTEX
8
Layer 1
10
19.402665
20
9.836162
70
0
0
VERTEX
8
Layer 1
10
19.880237
20
10.013432
70
0
0
VERTEX
8
Layer 1
10
19.920189
20
9.959193
70
0
0
VERTEX
8
Layer 1
10
19.632455
20
9.780765
70
0
0
VERTEX
8
Layer 1
10
19.213753
20
9.673178
70
0
0
VERTEX
8
Layer 1
10
18.907701
20
9.746228
70
0
0
VERTEX
8
Layer 1
10
18.691764
20
9.935909
70
0
0
VERTEX
8
Layer 1
10
18.521604
20
10.488359
70
0
0
VERTEX
8
Layer 1
10
18.616825
20
10.946910
70
0
0
VERTEX
8
Layer 1
10
18.835102
20
11.241924
70
0
0
VERTEX
8
Layer 1
10
19.236507
20
11.446414
70
0
0
VERTEX
8
Layer 1
10
19.546499
20
11.371702
70
0
0
VERTEX
8
Layer 1
10
19.845577
20
11.028902
70
0
0
VERTEX
8
Layer 1
10
19.948500
20
10.974662
70
0
0
VERTEX
8
Layer 1
10
19.954321
20
10.888937
70
0
0
VERTEX
8
Layer 1
10
18.810793
20
10.639965
70
0
0
VERTEX
8
Layer 1
10
18.810793
20
10.639965
70
0
0
SEQEND
8
Layer 1
0
POLYLINE
8
Layer 1
62
7
70
0
10
0.000000
20
0.000000
66
1
0
VERTEX
8
Layer 1
10
19.116651
20
10.794481
70
0
0
VERTEX
8
Layer 1
10
19.416953
20
10.863008
70
0
0
VERTEX
8
Layer 1
10
19.600044
20
10.937356
70
0
0
VERTEX
8
Layer 1
10
19.488886
20
11.136885
70
0
0
VERTEX
8
Layer 1
10
19.148136
20
11.297718
70
0
0
VERTEX
8
Layer 1
10
18.887886
20
11.079272
70
0
0
VERTEX
8
Layer 1
10
18.816349
20
10.725690
70
0
0
VERTEX
8
Layer 1
10
19.116651
20
10.794481
70
0
0
VERTEX
8
Layer 1
10
19.116651
20
10.794481
70
0
0
SEQEND
8
Layer 1
0
POLYLINE
8
Layer 1
62
7
70
0
10
0.000000
20
0.000000
66
1
0
VERTEX
8
Layer 1
10
21.745018
20
9.913684
70
0
0
VERTEX
8
Layer 1
10
21.115840
20
9.659156
70
0
0
VERTEX
8
Layer 1
10
20.736527
20
9.734595
70
0
0
VERTEX
8
Layer 1
10
20.423691
20
9.936439
70
0
0
VERTEX
8
Layer 1
10
20.272085
20
10.465605
70
0
0
VERTEX
8
Layer 1
10
20.367727
20
10.884092
70
0
0
VERTEX
8
Layer 1
10
20.606022
20
11.205246
70
0
0
VERTEX
8
Layer 1
10
21.218763
20
11.483720
70
0
0
VERTEX
8
Layer 1
10
21.753485
20
11.297718
70
0
0
VERTEX
8
Layer 1
10
21.584681
20
11.083141
70
0
0
VERTEX
8
Layer 1
10
21.421698
20
11.160400
70
0
0
VERTEX
8
Layer 1
10
21.007096
20
11.263322
70
0
0
VERTEX
8
Layer 1
10
20.629603
20
11.064191
70
0
0
VERTEX
8
Layer 1
10
20.543812
20
10.656898
70
0
0
VERTEX
8
Layer 1
10
20.621955
20
10.270342
70
0
0
VERTEX
8
Layer 1
10
20.812959
20
10.013763
70
0
0
VERTEX
8
Layer 1
10
21.273002
20
9.827430
70
0
0
VERTEX
8
Layer 1
10
21.713533
20
9.976126
70
0
0
VERTEX
8
Layer 1
10
21.745018
20
9.913684
70
0
0
VERTEX
8
Layer 1
10
21.745018
20
9.913684
70
0
0
SEQEND
8
Layer 1
0
POLYLINE
8
Layer 1
62
7
70
0
10
0.000000
20
0.000000
66
1
0
VERTEX
8
Layer 1
10
22.291118
20
11.246389
70
0
0
VERTEX
8
Layer 1
10
22.045056
20
11.260676
70
0
0
VERTEX
8
Layer 1
10
22.050876
20
11.314916
70
0
0
VERTEX
8
Layer 1
10
22.628461
20
11.858369
70
0
0
VERTEX
8
Layer 1
10
22.605707
20
11.443768
70
0
0
VERTEX
8
Layer 1
10
23.037506
20
11.426570
70
0
0
VERTEX
8
Layer 1
10
23.283569
20
11.432391
70
0
0
VERTEX
8
Layer 1
10
23.277748
20
11.292162
70
0
0
VERTEX
8
Layer 1
10
23.031686
20
11.277874
70
0
0
VERTEX
8
Layer 1
10
22.699898
20
11.292162
70
0
0
VERTEX
8
Layer 1
10
22.601970
20
11.248572
70
0
0
VERTEX
8
Layer 1
10
22.585599
20
11.029166
70
0
0
VERTEX
8
Layer 1
10
22.577132
20
10.317174
70
0
0
VERTEX
8
Layer 1
10
22.609576
20
10.010092
70
0
0
VERTEX
8
Layer 1
10
22.871613
20
9.842512
70
0
0
VERTEX
8
Layer 1
10
23.312144
20
9.974009
70
0
0
VERTEX
8
Layer 1
10
23.320610
20
9.928236
70
0
0
VERTEX
8
Layer 1
10
22.639838
20
9.667887
70
0
0
VERTEX
8
Layer 1
10
22.399630
20
9.756886
70
0
0
VERTEX
8
Layer 1
10
22.279476
20
10.122705
70
0
0
VERTEX
8
Layer 1
10
22.279476
20
10.351569
70
0
0
VERTEX
8
Layer 1
10
22.291118
20
11.246389
70
0
0
VERTEX
8
Layer 1
10
22.291118
20
11.246389
70
0
0
SEQEND
8
Layer 1
0
POLYLINE
8
Layer 1
62
7
70
0
10
0.000000
20
0.000000
66
1
0
VERTEX
8
Layer 1
10
24.112772
20
11.535314
70
0
0
VERTEX
8
Layer 1
10
24.121238
20
11.146377
70
0
0
VERTEX
8
Layer 1
10
24.398521
20
11.306449
70
0
0
VERTEX
8
Layer 1
10
24.690356
20
11.483720
70
0
0
VERTEX
8
Layer 1
10
24.741950
20
11.452235
70
0
0
VERTEX
8
Layer 1
10
24.887735
20
11.260676
70
0
0
VERTEX
8
Layer 1
10
24.639027
20
11.046100
70
0
0
VERTEX
8
Layer 1
10
24.498798
20
11.206172
70
0
0
VERTEX
8
Layer 1
10
24.192676
20
11.065943
70
0
0
VERTEX
8
Layer 1
10
24.115418
20
10.817235
70
0
0
VERTEX
8
Layer 1
10
24.101130
20
10.408190
70
0
0
VERTEX
8
Layer 1
10
24.146903
20
9.856270
70
0
0
VERTEX
8
Layer 1
10
24.278401
20
9.804676
70
0
0
VERTEX
8
Layer 1
10
24.338461
20
9.804676
70
0
0
VERTEX
8
Layer 1
10
24.610188
20
9.810497
70
0
0
VERTEX
8
Layer 1
10
24.604367
20
9.710485
70
0
0
VERTEX
8
Layer 1
10
23.543389
20
9.681910
70
0
0
VERTEX
8
Layer 1
10
23.549210
20
9.750437
70
0
0
VERTEX
8
Layer 1
10
23.780125
20
9.900951
70
0
0
VERTEX
8
Layer 1
10
23.835224
20
10.679917
70
0
0
VERTEX
8
Layer 1
10
23.807708
20
11.036608
70
0
0
VERTEX
8
Layer 1
10
23.657954
20
11.140291
70
0
0
VERTEX
8
Layer 1
10
23.512168
20
11.123093
70
0
0
VERTEX
8
Layer 1
10
23.520635
20
11.197441
70
0
0
VERTEX
8
Layer 1
10
24.112772
20
11.535314
70
0
0
VERTEX
8
Layer 1
10
24.112772
20
11.535314
70
0
0
SEQEND
8
Layer 1
0
POLYLINE
8
Layer 1
62
7
70
0
10
0.000000
20
0.000000
66
1
0
VERTEX
8
Layer 1
10
25.131152
20
9.759168
70
0
0
VERTEX
8
Layer 1
10
25.351285
20
9.827695
70
0
0
VERTEX
8
Layer 1
10
25.394147
20
10.551329
70
0
0
VERTEX
8
Layer 1
10
25.342553
20
11.094783
70
0
0
VERTEX
8
Layer 1
10
25.122420
20
11.146377
70
0
0
VERTEX
8
Layer 1
10
25.165283
20
11.192149
70
0
0
VERTEX
8
Layer 1
10
25.700005
20
11.492451
70
0
0
VERTEX
8
Layer 1
10
25.739957
20
11.483985
70
0
0
VERTEX
8
Layer 1
10
25.665609
20
10.477246
70
0
0
VERTEX
8
Layer 1
10
25.702916
20
9.862355
70
0
0
VERTEX
8
Layer 1
10
25.857432
20
9.793828
70
0
0
VERTEX
8
Layer 1
10
26.017505
20
9.779541
70
0
0
VERTEX
8
Layer 1
10
26.046080
20
9.713660
70
0
0
VERTEX
8
Layer 1
10
25.122420
20
9.690906
70
0
0
VERTEX
8
Layer 1
10
25.131152
20
9.759168
70
0
0
VERTEX
8
Layer 1
10
25.131152
20
9.759168
70
0
0
SEQEND
8
Layer 1
0
POLYLINE
8
Layer 1
62
7
70
0
10
0.000000
20
0.000000
66
1
0
VERTEX
8
Layer 1
10
25.648676
20
12.604758
70
0
0
VERTEX
8
Layer 1
10
25.823036
20
12.427488
70
0
0
VERTEX
8
Layer 1
10
25.648676
20
12.250217
70
0
0
VERTEX
8
Layer 1
10
25.471405
20
12.427488
70
0
0
VERTEX
8
Layer 1
10
25.648676
20
12.604758
70
0
0
VERTEX
8
Layer 1
10
25.648676
20
12.604758
70
0
0
SEQEND
8
Layer 1
0
POLYLINE
8
Layer 1
62
7
70
0
10
0.000000
20
0.000000
66
1
0
VERTEX
8
Layer 1
10
27.770632
20
9.913684
70
0
0
VERTEX
8
Layer 1
10
27.141453
20
9.659156
70
0
0
VERTEX
8
Layer 1
10
26.762141
20
9.734595
70
0
0
VERTEX
8
Layer 1
10
26.449304
20
9.936439
70
0
0
VERTEX
8
Layer 1
10
26.297698
20
10.465605
70
0
0
VERTEX
8
Layer 1
10
26.393341
20
10.884092
70
0
0
VERTEX
8
Layer 1
10
26.631635
20
11.205246
70
0
0
VERTEX
8
Layer 1
10
27.244376
20
11.483720
70
0
0
VERTEX
8
Layer 1
10
27.779098
20
11.297718
70
0
0
VERTEX
8
Layer 1
10
27.610294
20
11.083141
70
0
0
VERTEX
8
Layer 1
10
27.447311
20
11.160400
70
0
0
VERTEX
8
Layer 1
10
27.032710
20
11.263322
70
0
0
VERTEX
8
Layer 1
10
26.655216
20
11.064191
70
0
0
VERTEX
8
Layer 1
10
26.569425
20
10.656898
70
0
0
VERTEX
8
Layer 1
10
26.647568
20
10.270342
70
0
0
VERTEX
8
Layer 1
10
26.838572
20
10.013763
70
0
0
VERTEX
8
Layer 1
10
27.298616
20
9.827430
70
0
0
VERTEX
8
Layer 1
10
27.739146
20
9.976126
70
0
0
VERTEX
8
Layer 1
10
27.770632
20
9.913684
70
0
0
VERTEX
8
Layer 1
10
27.770632
20
9.913684
70
0
0
SEQEND
8
Layer 1
0
POLYLINE
8
Layer 1
62
7
70
0
10
0.000000
20
0.000000
66
1
0
VERTEX
8
Layer 1
10
28.162479
20
10.925979
70
0
0
VERTEX
8
Layer 1
10
28.145281
20
11.034723
70
0
0
VERTEX
8
Layer 1
10
28.459870
20
11.352619
70
0
0
VERTEX
8
Layer 1
10
28.860184
20
11.475253
70
0
0
VERTEX
8
Layer 1
10
29.160486
20
11.312270
70
0
0
VERTEX
8
Layer 1
10
29.300715
20
10.834698
70
0
0
VERTEX
8
Layer 1
10
29.292249
20
10.528575
70
0
0
VERTEX
8
Layer 1
10
29.283782
20
10.354215
70
0
0
VERTEX
8
Layer 1
10
29.275315
20
10.156836
70
0
0
VERTEX
8
Layer 1
10
29.291058
20
9.990645
70
0
0
VERTEX
8
Layer 1
10
29.401257
20
9.848068
70
0
0
VERTEX
8
Layer 1
10
29.638588
20
9.913949
70
0
0
VERTEX
8
Layer 1
10
29.638588
20
9.819493
70
0
0
VERTEX
8
Layer 1
10
29.301244
20
9.682174
70
0
0
VERTEX
8
Layer 1
10
29.186944
20
9.650689
70
0
0
VERTEX
8
Layer 1
10
29.000943
20
9.882464
70
0
0
VERTEX
8
Layer 1
10
28.349010
20
9.650689
70
0
0
VERTEX
8
Layer 1
10
28.101294
20
9.784336
70
0
0
VERTEX
8
Layer 1
10
28.065906
20
9.973745
70
0
0
VERTEX
8
Layer 1
10
28.225979
20
10.325640
70
0
0
VERTEX
8
Layer 1
10
28.995386
20
10.525929
70
0
0
VERTEX
8
Layer 1
10
29.003853
20
10.809033
70
0
0
VERTEX
8
Layer 1
10
28.912307
20
11.169395
70
0
0
VERTEX
8
Layer 1
10
28.629204
20
11.306714
70
0
0
VERTEX
8
Layer 1
10
28.414627
20
11.152197
70
0
0
VERTEX
8
Layer 1
10
28.437381
20
11.052185
70
0
0
VERTEX
8
Layer 1
10
28.162479
20
10.925979
70
0
0
VERTEX
8
Layer 1
10
28.162479
20
10.925979
70
0
0
SEQEND
8
Layer 1
0
POLYLINE
8
Layer 1
62
7
70
0
10
0.000000
20
0.000000
66
1
0
VERTEX
8
Layer 1
10
28.540039
20
9.804941
70
0
0
VERTEX
8
Layer 1
10
28.986126
20
9.967924
70
0
0
VERTEX
8
Layer 1
10
29.000413
20
10.399723
70
0
0
VERTEX
8
Layer 1
10
28.509281
20
10.322531
70
0
0
VERTEX
8
Layer 1
10
28.331283
20
10.090955
70
0
0
VERTEX
8
Layer 1
10
28.380992
20
9.903994
70
0
0
VERTEX
8
Layer 1
10
28.540039
20
9.804941
70
0
0
VERTEX
8
Layer 1
10
28.540039
20
9.804941
70
0
0
SEQEND
8
Layer 1
0
POLYLINE
8
Layer 1
62
7
70
0
10
0.000000
20
0.000000
66
1
0
VERTEX
8
Layer 1
10
30.421753
20
10.771727
70
0
0
VERTEX
8
Layer 1
10
30.453239
20
9.893841
70
0
0
VERTEX
8
Layer 1
10
30.799313
20
9.762343
70
0
0
VERTEX
8
Layer 1
10
30.799313
20
9.685085
70
0
0
VERTEX
8
Layer 1
10
30.192889
20
9.707839
70
0
0
VERTEX
8
Layer 1
10
29.764000
20
9.690641
70
0
0
VERTEX
8
Layer 1
10
29.764000
20
9.756522
70
0
0
VERTEX
8
Layer 1
10
30.009169
20
9.860933
70
0
0
VERTEX
8
Layer 1
10
30.095787
20
10.085399
70
0
0
VERTEX
8
Layer 1
10
30.155847
20
11.735603
70
0
0
VERTEX
8
Layer 1
10
30.095787
20
12.424842
70
0
0
VERTEX
8
Layer 1
10
29.941271
20
12.479081
70
0
0
VERTEX
8
Layer 1
10
29.838348
20
12.470615
70
0
0
VERTEX
8
Layer 1
10
29.838348
20
12.539142
70
0
0
VERTEX
8
Layer 1
10
30.453239
20
12.847910
70
0
0
VERTEX
8
Layer 1
10
30.521766
20
12.847910
70
0
0
VERTEX
8
Layer 1
10
30.430220
20
11.866836
70
0
0
VERTEX
8
Layer 1
10
30.421753
20
10.771727
70
0
0
VERTEX
8
Layer 1
10
30.421753
20
10.771727
70
0
0
SEQEND
8
Layer 1
0
POLYLINE
8
Layer 1
62
7
70
0
10
0.000000
20
0.000000
66
1
0
VERTEX
8
Layer 1
10
35.123393
20
11.678188
70
0
0
VERTEX
8
Layer 1
10
34.914604
20
11.600302
70
0
0
VERTEX
8
Layer 1
10
34.714348
20
11.217814
70
0
0
VERTEX
8
Layer 1
10
34.414046
20
10.565882
70
0
0
VERTEX
8
Layer 1
10
34.345519
20
10.434384
70
0
0
VERTEX
8
Layer 1
10
34.561783
20
10.020741
70
0
0
VERTEX
8
Layer 1
10
34.823092
20
9.836691
70
0
0
VERTEX
8
Layer 1
10
35.017924
20
9.945038
70
0
0
VERTEX
8
Layer 1
10
35.129214
20
10.111328
70
0
0
VERTEX
8
Layer 1
10
35.223670
20
10.225628
70
0
0
VERTEX
8
Layer 1
10
35.269443
20
10.179855
70
0
0
VERTEX
8
Layer 1
10
35.145717
20
9.931015
70
0
0
VERTEX
8
Layer 1
10
34.970187
20
9.759937
70
0
0
VERTEX
8
Layer 1
10
34.700325
20
9.682174
70
0
0
VERTEX
8
Layer 1
10
34.356400
20
9.860569
70
0
0
VERTEX
8
Layer 1
10
34.162692
20
10.165567
70
0
0
VERTEX
8
Layer 1
10
33.734366
20
9.766609
70
0
0
VERTEX
8
Layer 1
10
33.276075
20
9.667887
70
0
0
VERTEX
8
Layer 1
10
32.938442
20
9.741991
70
0
0
VERTEX
8
Layer 1
10
32.711587
20
9.930320
70
0
0
VERTEX
8
Layer 1
10
32.543974
20
10.445761
70
0
0
VERTEX
8
Layer 1
10
32.784976
20
11.034888
70
0
0
VERTEX
8
Layer 1
10
33.150398
20
11.297983
70
0
0
VERTEX
8
Layer 1
10
32.873379
20
11.573546
70
0
0
VERTEX
8
Layer 1
10
32.804323
20
11.821328
70
0
0
VERTEX
8
Layer 1
10
32.904092
20
12.103253
70
0
0
VERTEX
8
Layer 1
10
33.124237
20
12.293972
70
0
0
VERTEX
8
Layer 1
10
33.450700
20
12.436219
70
0
0
VERTEX
8
Layer 1
10
33.759468
20
12.261859
70
0
0
VERTEX
8
Layer 1
10
33.933828
20
11.887209
70
0
0
VERTEX
8
Layer 1
10
33.765024
20
11.566799
70
0
0
VERTEX
8
Layer 1
10
33.579022
20
11.366510
70
0
0
VERTEX
8
Layer 1
10
33.945139
20
11.121605
70
0
0
VERTEX
8
Layer 1
10
34.276728
20
10.582815
70
0
0
VERTEX
8
Layer 1
10
34.416957
20
10.860098
70
0
0
VERTEX
8
Layer 1
10
34.685773
20
11.637972
70
0
0
VERTEX
8
Layer 1
10
34.485484
20
11.789578
70
0
0
VERTEX
8
Layer 1
10
34.516969
20
11.863926
70
0
0
VERTEX
8
Layer 1
10
35.137681
20
11.749626
70
0
0
VERTEX
8
Layer 1
10
35.123393
20
11.678188
70
0
0
VERTEX
8
Layer 1
10
35.123393
20
11.678188
70
0
0
SEQEND
8
Layer 1
0
POLYLINE
8
Layer 1
62
7
70
0
10
0.000000
20
0.000000
66
1
0
VERTEX
8
Layer 1
10
32.821257
20
10.611390
70
0
0
VERTEX
8
Layer 1
10
32.913398
20
10.195399
70
0
0
VERTEX
8
Layer 1
10
33.120831
20
9.977250
70
0
0
VERTEX
8
Layer 1
10
33.467633
20
9.879289
70
0
0
VERTEX
8
Layer 1
10
33.831897
20
9.990083
70
0
0
VERTEX
8
Layer 1
10
34.099722
20
10.285424
70
0
0
VERTEX
8
Layer 1
10
34.082524
20
10.328286
70
0
0
VERTEX
8
Layer 1
10
33.769787
20
10.896709
70
0
0
VERTEX
8
Layer 1
10
33.261787
20
11.229191
70
0
0
VERTEX
8
Layer 1
10
32.919185
20
10.933189
70
0
0
VERTEX
8
Layer 1
10
32.821257
20
10.611390
70
0
0
VERTEX
8
Layer 1
10
32.821257
20
10.611390
70
0
0
SEQEND
8
Layer 1
0
POLYLINE
8
Layer 1
62
7
70
0
10
0.000000
20
0.000000
66
1
0
VERTEX
8
Layer 1
10
33.719251
20
11.801220
70
0
0
VERTEX
8
Layer 1
10
33.581635
20
12.087498
70
0
0
VERTEX
8
Layer 1
10
33.278721
20
12.230109
70
0
0
VERTEX
8
Layer 1
10
33.046351
20
12.111774
70
0
0
VERTEX
8
Layer 1
10
32.946933
20
11.909699
70
0
0
VERTEX
8
Layer 1
10
33.078861
20
11.657386
70
0
0
VERTEX
8
Layer 1
10
33.453081
20
11.435037
70
0
0
VERTEX
8
Layer 1
10
33.719251
20
11.801220
70
0
0
VERTEX
8
Layer 1
10
33.719251
20
11.801220
70
0
0
SEQEND
8
Layer 1
0
POLYLINE
8
Layer 1
62
7
70
0
10
0.000000
20
0.000000
66
1
0
VERTEX
8
Layer 1
10
39.258826
20
9.819228
70
0
0
VERTEX
8
Layer 1
10
38.372208
20
9.664712
70
0
0
VERTEX
8
Layer 1
10
37.805525
20
9.763120
70
0
0
VERTEX
8
Layer 1
10
37.300481
20
10.055104
70
0
0
VERTEX
8
Layer 1
10
36.938065
20
10.535802
70
0
0
VERTEX
8
Layer 1
10
36.799262
20
11.200352
70
0
0
VERTEX
8
Layer 1
10
36.952650
20
11.887569
70
0
0
VERTEX
8
Layer 1
10
37.346519
20
12.356480
70
0
0
VERTEX
8
Layer 1
10
37.881427
20
12.624821
70
0
0
VERTEX
8
Layer 1
10
38.457933
20
12.710327
70
0
0
VERTEX
8
Layer 1
10
39.072824
20
12.596027
70
0
0
VERTEX
8
Layer 1
10
39.278669
20
12.553164
70
0
0
VERTEX
8
Layer 1
10
39.364394
20
12.567452
70
0
0
VERTEX
8
Layer 1
10
39.392969
20
12.550254
70
0
0
VERTEX
8
Layer 1
10
39.361484
20
12.418756
70
0
0
VERTEX
8
Layer 1
10
39.275759
20
11.981136
70
0
0
VERTEX
8
Layer 1
10
39.207232
20
12.081148
70
0
0
VERTEX
8
Layer 1
10
39.169926
20
12.278527
70
0
0
VERTEX
8
Layer 1
10
38.873956
20
12.476865
70
0
0
VERTEX
8
Layer 1
10
38.363477
20
12.587296
70
0
0
VERTEX
8
Layer 1
10
37.905219
20
12.495270
70
0
0
VERTEX
8
Layer 1
10
37.532686
20
12.226537
70
0
0
VERTEX
8
Layer 1
10
37.282391
20
11.792108
70
0
0
VERTEX
8
Layer 1
10
37.190845
20
11.202997
70
0
0
VERTEX
8
Layer 1
10
37.338842
20
10.502059
70
0
0
VERTEX
8
Layer 1
10
37.690609
20
10.061520
70
0
0
VERTEX
8
Layer 1
10
38.107811
20
9.832813
70
0
0
VERTEX
8
Layer 1
10
38.452112
20
9.767370
70
0
0
VERTEX
8
Layer 1
10
39.009125
20
9.937563
70
0
0
VERTEX
8
Layer 1
10
39.295867
20
10.313734
70
0
0
VERTEX
8
Layer 1
10
39.355928
20
10.379615
70
0
0
VERTEX
8
Layer 1
10
39.395880
20
10.336753
70
0
0
VERTEX
8
Layer 1
10
39.355928
20
10.153661
70
0
0
VERTEX
8
Layer 1
10
39.258826
20
9.819228
70
0
0
VERTEX
8
Layer 1
10
39.258826
20
9.819228
70
0
0
SEQEND
8
Layer 1
0
POLYLINE
8
Layer 1
62
7
70
0
10
0.000000
20
0.000000
66
1
0
VERTEX
8
Layer 1
10
40.737315
20
11.449324
70
0
0
VERTEX
8
Layer 1
10
41.359714
20
11.200517
70
0
0
VERTEX
8
Layer 1
10
41.623933
20
10.582815
70
0
0
VERTEX
8
Layer 1
10
41.378036
20
9.950759
70
0
0
VERTEX
8
Layer 1
10
41.090720
20
9.747109
70
0
0
VERTEX
8
Layer 1
10
40.711651
20
9.670533
70
0
0
VERTEX
8
Layer 1
10
40.106682
20
9.864637
70
0
0
VERTEX
8
Layer 1
10
39.870996
20
10.137443
70
0
0
VERTEX
8
Layer 1
10
39.776350
20
10.554240
70
0
0
VERTEX
8
Layer 1
10
39.855361
20
10.924594
70
0
0
VERTEX
8
Layer 1
10
40.062761
20
11.206668
70
0
0
VERTEX
8
Layer 1
10
40.737315
20
11.449324
70
0
0
VERTEX
8
Layer 1
10
40.737315
20
11.449324
70
0
0
SEQEND
8
Layer 1
0
POLYLINE
8
Layer 1
62
7
70
0
10
0.000000
20
0.000000
66
1
0
VERTEX
8
Layer 1
10
40.737315
20
9.782187
70
0
0
VERTEX
8
Layer 1
10
41.144079
20
9.974472
70
0
0
VERTEX
8
Layer 1
10
41.314900
20
10.488623
70
0
0
VERTEX
8
Layer 1
10
41.119307
20
11.071301
70
0
0
VERTEX
8
Layer 1
10
40.625661
20
11.340845
70
0
0
VERTEX
8
Layer 1
10
40.235964
20
11.155009
70
0
0
VERTEX
8
Layer 1
10
40.082208
20
10.686002
70
0
0
VERTEX
8
Layer 1
10
40.265101
20
10.076337
70
0
0
VERTEX
8
Layer 1
10
40.472137
20
9.864249
70
0
0
VERTEX
8
Layer 1
10
40.737315
20
9.782187
70
0
0
VERTEX
8
Layer 1
10
40.737315
20
9.782187
70
0
0
SEQEND
8
Layer 1
0
POLYLINE
8
Layer 1
62
7
70
0
10
0.000000
20
0.000000
66
1
0
VERTEX
8
Layer 1
10
43.408545
20
10.648696
70
0
0
VERTEX
8
Layer 1
10
43.325632
20
11.072624
70
0
0
VERTEX
8
Layer 1
10
43.054004
20
11.226281
70
0
0
VERTEX
8
Layer 1
10
42.524838
20
11.040279
70
0
0
VERTEX
8
Layer 1
10
42.519017
20
10.579904
70
0
0
VERTEX
8
Layer 1
10
42.519017
20
10.348130
70
0
0
VERTEX
8
Layer 1
10
42.527484
20
9.902043
70
0
0
VERTEX
8
Layer 1
10
42.842073
20
9.764724
70
0
0
VERTEX
8
Layer 1
10
42.842073
20
9.687466
70
0
0
VERTEX
8
Layer 1
10
42.441759
20
9.704664
70
0
0
VERTEX
8
Layer 1
10
41.912593
20
9.696197
70
0
0
VERTEX
8
Layer 1
10
41.918414
20
9.764724
70
0
0
VERTEX
8
Layer 1
10
42.170892
20
9.914478
70
0
0
VERTEX
8
Layer 1
10
42.238824
20
10.525400
70
0
0
VERTEX
8
Layer 1
10
42.164112
20
11.074807
70
0
0
VERTEX
8
Layer 1
10
41.915768
20
11.163045
70
0
0
VERTEX
8
Layer 1
10
41.915768
20
11.237393
70
0
0
VERTEX
8
Layer 1
10
42.416359
20
11.446149
70
0
0
VERTEX
8
Layer 1
10
42.462132
20
11.463347
70
0
0
VERTEX
8
Layer 1
10
42.516371
20
11.134470
70
0
0
VERTEX
8
Layer 1
10
43.254293
20
11.426305
70
0
0
VERTEX
8
Layer 1
10
43.473831
20
11.370214
70
0
0
VERTEX
8
Layer 1
10
43.646141
20
11.140291
70
0
0
VERTEX
8
Layer 1
10
44.378242
20
11.369156
70
0
0
VERTEX
8
Layer 1
10
44.646079
20
11.307975
70
0
0
VERTEX
8
Layer 1
10
44.783616
20
11.139266
70
0
0
VERTEX
8
Layer 1
10
44.841527
20
10.568263
70
0
0
VERTEX
8
Layer 1
10
44.841527
20
10.067672
70
0
0
VERTEX
8
Layer 1
10
44.933073
20
9.807322
70
0
0
VERTEX
8
Layer 1
10
45.187601
20
9.755728
70
0
0
VERTEX
8
Layer 1
10
45.156116
20
9.695668
70
0
0
VERTEX
8
Layer 1
10
44.289607
20
9.695668
70
0
0
VERTEX
8
Layer 1
10
44.275319
20
9.755728
70
0
0
VERTEX
8
Layer 1
10
44.513510
20
9.899761
70
0
0
VERTEX
8
Layer 1
10
44.567154
20
10.522225
70
0
0
VERTEX
8
Layer 1
10
44.487085
20
11.002675
70
0
0
VERTEX
8
Layer 1
10
44.149642
20
11.182889
70
0
0
VERTEX
8
Layer 1
10
43.672070
20
11.054302
70
0
0
VERTEX
8
Layer 1
10
43.694824
20
9.918976
70
0
0
VERTEX
8
Layer 1
10
43.745194
20
9.809571
70
0
0
VERTEX
8
Layer 1
10
43.977928
20
9.764460
70
0
0
VERTEX
8
Layer 1
10
43.977928
20
9.695933
70
0
0
VERTEX
8
Layer 1
10
43.691914
20
9.695933
70
0
0
VERTEX
8
Layer 1
10
43.105598
20
9.678735
70
0
0
VERTEX
8
Layer 1
10
43.091310
20
9.747262
70
0
0
VERTEX
8
Layer 1
10
43.360094
20
9.893477
70
0
0
VERTEX
8
Layer 1
10
43.414366
20
10.428034
70
0
0
VERTEX
8
Layer 1
10
43.414366
20
10.645256
70
0
0
VERTEX
8
Layer 1
10
43.408545
20
10.645256
70
0
0
VERTEX
8
Layer 1
10
43.408545
20
10.648696
70
0
0
VERTEX
8
Layer 1
10
43.408545
20
10.648696
70
0
0
SEQEND
8
Layer 1
0
POLYLINE
8
Layer 1
62
7
70
0
10
0.000000
20
0.000000
66
1
0
VERTEX
8
Layer 1
10
45.885307
20
8.824132
70
0
0
VERTEX
8
Layer 1
10
45.913849
20
8.566759
70
0
0
VERTEX
8
Layer 1
10
46.045379
20
8.515363
70
0
0
VERTEX
8
Layer 1
10
46.259956
20
8.501076
70
0
0
VERTEX
8
Layer 1
10
46.254135
20
8.423818
70
0
0
VERTEX
8
Layer 1
10
46.168411
20
8.423818
70
0
0
VERTEX
8
Layer 1
10
45.347674
20
8.392332
70
0
0
VERTEX
8
Layer 1
10
45.341853
20
8.460859
70
0
0
VERTEX
8
Layer 1
10
45.556430
20
8.575159
70
0
0
VERTEX
8
Layer 1
10
45.616490
20
9.613383
70
0
0
VERTEX
8
Layer 1
10
45.622311
20
9.899397
70
0
0
VERTEX
8
Layer 1
10
45.599557
20
11.011968
70
0
0
VERTEX
8
Layer 1
10
45.439484
20
11.195060
70
0
0
VERTEX
8
Layer 1
10
45.270680
20
11.135000
70
0
0
VERTEX
8
Layer 1
10
45.256393
20
11.197970
70
0
0
VERTEX
8
Layer 1
10
45.539497
20
11.338199
70
0
0
VERTEX
8
Layer 1
10
45.845619
20
11.552776
70
0
0
VERTEX
8
Layer 1
10
45.897213
20
11.229720
70
0
0
VERTEX
8
Layer 1
10
46.094592
20
11.306979
70
0
0
VERTEX
8
Layer 1
10
46.557877
20
11.435566
70
0
0
VERTEX
8
Layer 1
10
47.051159
20
11.197838
70
0
0
VERTEX
8
Layer 1
10
47.287068
20
10.614829
70
0
0
VERTEX
8
Layer 1
10
47.146351
20
10.133859
70
0
0
VERTEX
8
Layer 1
10
46.824113
20
9.853756
70
0
0
VERTEX
8
Layer 1
10
46.234556
20
9.691170
70
0
0
VERTEX
8
Layer 1
10
45.897213
20
9.757051
70
0
0
VERTEX
8
Layer 1
10
45.888746
20
9.245083
70
0
0
VERTEX
8
Layer 1
10
45.888746
20
8.821750
70
0
0
VERTEX
8
Layer 1
10
45.885836
20
8.821750
70
0
0
VERTEX
8
Layer 1
10
45.885836
20
8.824132
70
0
0
VERTEX
8
Layer 1
10
45.885307
20
8.824132
70
0
0
SEQEND
8
Layer 1
0
POLYLINE
8
Layer 1
62
7
70
0
10
0.000000
20
0.000000
66
1
0
VERTEX
8
Layer 1
10
45.885307
20
9.973745
70
0
0
VERTEX
8
Layer 1
10
46.094063
20
9.905218
70
0
0
VERTEX
8
Layer 1
10
46.425850
20
9.827960
70
0
0
VERTEX
8
Layer 1
10
46.791173
20
9.949172
70
0
0
VERTEX
8
Layer 1
10
46.955082
20
10.130787
70
0
0
VERTEX
8
Layer 1
10
47.023543
20
10.419832
70
0
0
VERTEX
8
Layer 1
10
46.788329
20
11.032573
70
0
0
VERTEX
8
Layer 1
10
46.342771
20
11.272054
70
0
0
VERTEX
8
Layer 1
10
45.887953
20
11.134735
70
0
0
VERTEX
8
Layer 1
10
45.885307
20
9.973745
70
0
0
VERTEX
8
Layer 1
10
45.885307
20
9.973745
70
0
0
SEQEND
8
Layer 1
0
POLYLINE
8
Layer 1
62
7
70
0
10
0.000000
20
0.000000
66
1
0
VERTEX
8
Layer 1
10
47.512492
20
11.180508
70
0
0
VERTEX
8
Layer 1
10
48.018640
20
11.463612
70
0
0
VERTEX
8
Layer 1
10
48.064412
20
11.480810
70
0
0
VERTEX
8
Layer 1
10
48.095898
20
11.437947
70
0
0
VERTEX
8
Layer 1
10
48.067323
20
11.046100
70
0
0
VERTEX
8
Layer 1
10
48.038748
20
10.468515
70
0
0
VERTEX
8
Layer 1
10
48.087365
20
10.085663
70
0
0
VERTEX
8
Layer 1
10
48.202831
20
9.930800
70
0
0
VERTEX
8
Layer 1
10
48.427685
20
9.867912
70
0
0
VERTEX
8
Layer 1
10
48.971138
20
10.059470
70
0
0
VERTEX
8
Layer 1
10
48.976959
20
10.282513
70
0
0
VERTEX
8
Layer 1
10
48.991247
20
10.751619
70
0
0
VERTEX
8
Layer 1
10
48.946863
20
11.126963
70
0
0
VERTEX
8
Layer 1
10
48.705232
20
11.197706
70
0
0
VERTEX
8
Layer 1
10
48.699412
20
11.283431
70
0
0
VERTEX
8
Layer 1
10
49.308482
20
11.423660
70
0
0
VERTEX
8
Layer 1
10
49.254242
20
10.316909
70
0
0
VERTEX
8
Layer 1
10
49.294194
20
9.847803
70
0
0
VERTEX
8
Layer 1
10
49.554544
20
9.902043
70
0
0
VERTEX
8
Layer 1
10
49.554544
20
9.799120
70
0
0
VERTEX
8
Layer 1
10
49.031199
20
9.630316
70
0
0
VERTEX
8
Layer 1
10
48.971138
20
9.953372
70
0
0
VERTEX
8
Layer 1
10
48.193264
20
9.667358
70
0
0
VERTEX
8
Layer 1
10
47.932683
20
9.772794
70
0
0
VERTEX
8
Layer 1
10
47.764375
20
10.348130
70
0
0
VERTEX
8
Layer 1
10
47.781573
20
10.863008
70
0
0
VERTEX
8
Layer 1
10
47.774429
20
11.056055
70
0
0
VERTEX
8
Layer 1
10
47.681561
20
11.146112
70
0
0
VERTEX
8
Layer 1
10
47.507201
20
11.086052
70
0
0
VERTEX
8
Layer 1
10
47.507201
20
11.180508
70
0
0
VERTEX
8
Layer 1
10
47.512492
20
11.180508
70
0
0
VERTEX
8
Layer 1
10
47.512492
20
11.180508
70
0
0
SEQEND
8
Layer 1
0
POLYLINE
8
Layer 1
62
7
70
0
10
0.000000
20
0.000000
66
1
0
VERTEX
8
Layer 1
10
50.003541
20
11.246389
70
0
0
VERTEX
8
Layer 1
10
49.757479
20
11.260676
70
0
0
VERTEX
8
Layer 1
10
49.763300
20
11.314916
70
0
0
VERTEX
8
Layer 1
10
50.340884
20
11.858369
70
0
0
VERTEX
8
Layer 1
10
50.318130
20
11.443768
70
0
0
VERTEX
8
Layer 1
10
50.749930
20
11.426570
70
0
0
VERTEX
8
Layer 1
10
50.995992
20
11.432391
70
0
0
VERTEX
8
Layer 1
10
50.990171
20
11.292162
70
0
0
VERTEX
8
Layer 1
10
50.744109
20
11.277874
70
0
0
VERTEX
8
Layer 1
10
50.412322
20
11.292162
70
0
0
VERTEX
8
Layer 1
10
50.314393
20
11.248572
70
0
0
VERTEX
8
Layer 1
10
50.298022
20
11.029166
70
0
0
VERTEX
8
Layer 1
10
50.289555
20
10.317174
70
0
0
VERTEX
8
Layer 1
10
50.322000
20
10.010092
70
0
0
VERTEX
8
Layer 1
10
50.584036
20
9.842512
70
0
0
VERTEX
8
Layer 1
10
51.024567
20
9.974009
70
0
0
VERTEX
8
Layer 1
10
51.033034
20
9.928236
70
0
0
VERTEX
8
Layer 1
10
50.352262
20
9.667887
70
0
0
VERTEX
8
Layer 1
10
50.112053
20
9.756886
70
0
0
VERTEX
8
Layer 1
10
49.991900
20
10.122705
70
0
0
VERTEX
8
Layer 1
10
49.991900
20
10.351569
70
0
0
VERTEX
8
Layer 1
10
50.003541
20
11.246389
70
0
0
VERTEX
8
Layer 1
10
50.003541
20
11.246389
70
0
0
SEQEND
8
Layer 1
0
POLYLINE
8
Layer 1
62
7
70
0
10
0.000000
20
0.000000
66
1
0
VERTEX
8
Layer 1
10
51.516427
20
10.639965
70
0
0
VERTEX
8
Layer 1
10
51.679410
20
10.065026
70
0
0
VERTEX
8
Layer 1
10
51.934633
20
9.864770
70
0
0
VERTEX
8
Layer 1
10
52.108299
20
9.836162
70
0
0
VERTEX
8
Layer 1
10
52.585871
20
10.013432
70
0
0
VERTEX
8
Layer 1
10
52.628734
20
9.959193
70
0
0
VERTEX
8
Layer 1
10
52.341000
20
9.780765
70
0
0
VERTEX
8
Layer 1
10
51.922297
20
9.673178
70
0
0
VERTEX
8
Layer 1
10
51.616245
20
9.746228
70
0
0
VERTEX
8
Layer 1
10
51.400308
20
9.935909
70
0
0
VERTEX
8
Layer 1
10
51.230148
20
10.488359
70
0
0
VERTEX
8
Layer 1
10
51.325369
20
10.946910
70
0
0
VERTEX
8
Layer 1
10
51.543646
20
11.241924
70
0
0
VERTEX
8
Layer 1
10
51.945051
20
11.446414
70
0
0
VERTEX
8
Layer 1
10
52.255043
20
11.371702
70
0
0
VERTEX
8
Layer 1
10
52.554121
20
11.028902
70
0
0
VERTEX
8
Layer 1
10
52.657044
20
10.974662
70
0
0
VERTEX
8
Layer 1
10
52.662865
20
10.888937
70
0
0
VERTEX
8
Layer 1
10
51.516427
20
10.639965
70
0
0
VERTEX
8
Layer 1
10
51.516427
20
10.639965
70
0
0
SEQEND
8
Layer 1
0
POLYLINE
8
Layer 1
62
7
70
0
10
0.000000
20
0.000000
66
1
0
VERTEX
8
Layer 1
10
51.822285
20
10.794481
70
0
0
VERTEX
8
Layer 1
10
52.122586
20
10.863008
70
0
0
VERTEX
8
Layer 1
10
52.305678
20
10.937356
70
0
0
VERTEX
8
Layer 1
10
52.194520
20
11.136885
70
0
0
VERTEX
8
Layer 1
10
51.853770
20
11.297718
70
0
0
VERTEX
8
Layer 1
10
51.593520
20
11.079272
70
0
0
VERTEX
8
Layer 1
10
51.521983
20
10.725690
70
0
0
VERTEX
8
Layer 1
10
51.822285
20
10.794481
70
0
0
VERTEX
8
Layer 1
10
51.822285
20
10.794481
70
0
0
SEQEND
8
Layer 1
0
POLYLINE
8
Layer 1
62
7
70
0
10
0.000000
20
0.000000
66
1
0
VERTEX
8
Layer 1
10
53.483866
20
11.535314
70
0
0
VERTEX
8
Layer 1
10
53.492333
20
11.146377
70
0
0
VERTEX
8
Layer 1
10
53.769616
20
11.306449
70
0
0
VERTEX
8
Layer 1
10
54.061451
20
11.483720
70
0
0
VERTEX
8
Layer 1
10
54.113044
20
11.452235
70
0
0
VERTEX
8
Layer 1
10
54.258830
20
11.260676
70
0
0
VERTEX
8
Layer 1
10
54.010122
20
11.046100
70
0
0
VERTEX
8
Layer 1
10
53.869893
20
11.206172
70
0
0
VERTEX
8
Layer 1
10
53.563770
20
11.065943
70
0
0
VERTEX
8
Layer 1
10
53.486512
20
10.817235
70
0
0
VERTEX
8
Layer 1
10
53.472224
20
10.408190
70
0
0
VERTEX
8
Layer 1
10
53.517997
20
9.856270
70
0
0
VERTEX
8
Layer 1
10
53.649495
20
9.804676
70
0
0
VERTEX
8
Layer 1
10
53.709555
20
9.804676
70
0
0
VERTEX
8
Layer 1
10
53.981282
20
9.810497
70
0
0
VERTEX
8
Layer 1
10
53.975461
20
9.710485
70
0
0
VERTEX
8
Layer 1
10
52.914483
20
9.681910
70
0
0
VERTEX
8
Layer 1
10
52.920304
20
9.750437
70
0
0
VERTEX
8
Layer 1
10
53.151219
20
9.900951
70
0
0
VERTEX
8
Layer 1
10
53.206318
20
10.679917
70
0
0
VERTEX
8
Layer 1
10
53.178802
20
11.036608
70
0
0
VERTEX
8
Layer 1
10
53.029048
20
11.140291
70
0
0
VERTEX
8
Layer 1
10
52.883263
20
11.123093
70
0
0
VERTEX
8
Layer 1
10
52.891729
20
11.197441
70
0
0
VERTEX
8
Layer 1
10
53.483866
20
11.535314
70
0
0
VERTEX
8
Layer 1
10
53.483866
20
11.535314
70
0
0
SEQEND
8
Layer 1
0
POLYLINE
8
Layer 1
62
7
70
0
10
0.000000
20
0.000000
66
1
0
VERTEX
8
Layer 1
10
57.810856
20
10.725954
70
0
0
VERTEX
8
Layer 1
10
57.733598
20
10.725954
70
0
0
VERTEX
8
Layer 1
10
57.584572
20
11.089921
70
0
0
VERTEX
8
Layer 1
10
56.884287
20
11.149287
70
0
0
VERTEX
8
Layer 1
10
56.469685
20
11.126533
70
0
0
VERTEX
8
Layer 1
10
56.461218
20
10.803477
70
0
0
VERTEX
8
Layer 1
10
56.501170
20
9.882464
70
0
0
VERTEX
8
Layer 1
10
57.098863
20
9.813937
70
0
0
VERTEX
8
Layer 1
10
57.848956
20
9.938688
70
0
0
VERTEX
8
Layer 1
10
58.165662
20
10.374588
70
0
0
VERTEX
8
Layer 1
10
58.234189
20
10.374588
70
0
0
VERTEX
8
Layer 1
10
58.042631
20
9.682439
70
0
0
VERTEX
8
Layer 1
10
57.467692
20
9.696726
70
0
0
VERTEX
8
Layer 1
10
57.021605
20
9.705193
70
0
0
VERTEX
8
Layer 1
10
55.786003
20
9.673708
70
0
0
VERTEX
8
Layer 1
10
55.791823
20
9.750966
70
0
0
VERTEX
8
Layer 1
10
56.034876
20
9.825644
70
0
0
VERTEX
8
Layer 1
10
56.097946
20
10.005495
70
0
0
VERTEX
8
Layer 1
10
56.149540
20
11.186593
70
0
0
VERTEX
8
Layer 1
10
56.135252
20
11.915784
70
0
0
VERTEX
8
Layer 1
10
56.079491
20
12.473095
70
0
0
VERTEX
8
Layer 1
10
55.826484
20
12.599202
70
0
0
VERTEX
8
Layer 1
10
55.832305
20
12.659262
70
0
0
VERTEX
8
Layer 1
10
57.299417
20
12.659262
70
0
0
VERTEX
8
Layer 1
10
58.045806
20
12.676460
70
0
0
VERTEX
8
Layer 1
10
57.931506
20
12.078767
70
0
0
VERTEX
8
Layer 1
10
57.871446
20
12.095965
70
0
0
VERTEX
8
Layer 1
10
57.888644
20
12.287523
70
0
0
VERTEX
8
Layer 1
10
57.629815
20
12.513146
70
0
0
VERTEX
8
Layer 1
10
57.207872
20
12.547873
70
0
0
VERTEX
8
Layer 1
10
56.504345
20
12.502100
70
0
0
VERTEX
8
Layer 1
10
56.461483
20
11.864455
70
0
0
VERTEX
8
Layer 1
10
56.467304
20
11.266762
70
0
0
VERTEX
8
Layer 1
10
56.804647
20
11.260941
70
0
0
VERTEX
8
Layer 1
10
57.471132
20
11.278139
70
0
0
VERTEX
8
Layer 1
10
57.640928
20
11.329633
70
0
0
VERTEX
8
Layer 1
10
57.748415
20
11.586907
70
0
0
VERTEX
8
Layer 1
10
57.808475
20
11.586907
70
0
0
VERTEX
8
Layer 1
10
57.808475
20
10.728865
70
0
0
VERTEX
8
Layer 1
10
57.811385
20
10.728865
70
0
0
VERTEX
8
Layer 1
10
57.811385
20
10.725954
70
0
0
VERTEX
8
Layer 1
10
57.810856
20
10.725954
70
0
0
SEQEND
8
Layer 1
0
POLYLINE
8
Layer 1
62
7
70
0
10
0.000000
20
0.000000
66
1
0
VERTEX
8
Layer 1
10
59.054926
20
10.451317
70
0
0
VERTEX
8
Layer 1
10
59.063392
20
9.936439
70
0
0
VERTEX
8
Layer 1
10
59.109463
20
9.829514
70
0
0
VERTEX
8
Layer 1
10
59.363694
20
9.767635
70
0
0
VERTEX
8
Layer 1
10
59.357873
20
9.699108
70
0
0
VERTEX
8
Layer 1
10
59.183513
20
9.707574
70
0
0
VERTEX
8
Layer 1
10
58.974757
20
9.713395
70
0
0
VERTEX
8
Layer 1
10
58.474166
20
9.713395
70
0
0
VERTEX
8
Layer 1
10
58.468345
20
9.787743
70
0
0
VERTEX
8
Layer 1
10
58.702170
20
9.866357
70
0
0
VERTEX
8
Layer 1
10
58.751449
20
9.979301
70
0
0
VERTEX
8
Layer 1
10
58.782934
20
10.660073
70
0
0
VERTEX
8
Layer 1
10
58.736864
20
11.098752
70
0
0
VERTEX
8
Layer 1
10
58.482633
20
11.183418
70
0
0
VERTEX
8
Layer 1
10
58.476812
20
11.223370
70
0
0
VERTEX
8
Layer 1
10
58.914432
20
11.400641
70
0
0
VERTEX
8
Layer 1
10
59.017355
20
11.446414
70
0
0
VERTEX
8
Layer 1
10
59.068948
20
11.160400
70
0
0
VERTEX
8
Layer 1
10
59.798139
20
11.423395
70
0
0
VERTEX
8
Layer 1
10
60.072553
20
11.361727
70
0
0
VERTEX
8
Layer 1
10
60.213468
20
11.200318
70
0
0
VERTEX
8
Layer 1
10
60.272801
20
10.719869
70
0
0
VERTEX
8
Layer 1
10
60.272801
20
10.176415
70
0
0
VERTEX
8
Layer 1
10
60.301376
20
9.824520
70
0
0
VERTEX
8
Layer 1
10
60.535797
20
9.755993
70
0
0
VERTEX
8
Layer 1
10
60.541617
20
9.687466
70
0
0
VERTEX
8
Layer 1
10
60.141303
20
9.710220
70
0
0
VERTEX
8
Layer 1
10
59.680929
20
9.687466
70
0
0
VERTEX
8
Layer 1
10
59.680929
20
9.753347
70
0
0
VERTEX
8
Layer 1
10
59.941279
20
9.884845
70
0
0
VERTEX
8
Layer 1
10
60.001339
20
10.582550
70
0
0
VERTEX
8
Layer 1
10
59.957021
20
11.018352
70
0
0
VERTEX
8
Layer 1
10
59.646798
20
11.228927
70
0
0
VERTEX
8
Layer 1
10
59.071859
20
11.065943
70
0
0
VERTEX
8
Layer 1
10
59.054926
20
10.451317
70
0
0
VERTEX
8
Layer 1
10
59.054926
20
10.451317
70
0
0
SEQEND
8
Layer 1
0
POLYLINE
8
Layer 1
62
7
70
0
10
0.000000
20
0.000000
66
1
0
VERTEX
8
Layer 1
10
61.614502
20
11.483720
70
0
0
VERTEX
8
Layer 1
10
62.037834
20
11.346401
70
0
0
VERTEX
8
Layer 1
10
62.383909
20
11.377887
70
0
0
VERTEX
8
Layer 1
10
62.546892
20
11.369420
70
0
0
VERTEX
8
Layer 1
10
62.486832
20
11.120712
70
0
0
VERTEX
8
Layer 1
10
62.157955
20
11.186593
70
0
0
VERTEX
8
Layer 1
10
62.283897
20
10.769081
70
0
0
VERTEX
8
Layer 1
10
62.069022
20
10.264720
70
0
0
VERTEX
8
Layer 1
10
61.603124
20
9.985386
70
0
0
VERTEX
8
Layer 1
10
61.196990
20
9.725037
70
0
0
VERTEX
8
Layer 1
10
61.321707
20
9.605611
70
0
0
VERTEX
8
Layer 1
10
61.534333
20
9.584808
70
0
0
VERTEX
8
Layer 1
10
62.234684
20
9.529047
70
0
0
VERTEX
8
Layer 1
10
62.427598
20
9.396615
70
0
0
VERTEX
8
Layer 1
10
62.495298
20
9.138721
70
0
0
VERTEX
8
Layer 1
10
62.389631
20
8.824512
70
0
0
VERTEX
8
Layer 1
10
62.117474
20
8.587793
70
0
0
VERTEX
8
Layer 1
10
61.342775
20
8.386511
70
0
0
VERTEX
8
Layer 1
10
60.833982
20
8.566990
70
0
0
VERTEX
8
Layer 1
10
60.722063
20
8.861173
70
0
0
VERTEX
8
Layer 1
10
60.875058
20
9.204734
70
0
0
VERTEX
8
Layer 1
10
61.139575
20
9.395895
70
0
0
VERTEX
8
Layer 1
10
60.989755
20
9.508542
70
0
0
VERTEX
8
Layer 1
10
60.902244
20
9.747791
70
0
0
VERTEX
8
Layer 1
10
61.262606
20
9.925061
70
0
0
VERTEX
8
Layer 1
10
61.414212
20
9.979301
70
0
0
VERTEX
8
Layer 1
10
61.414212
20
9.988032
70
0
0
VERTEX
8
Layer 1
10
61.043465
20
10.150288
70
0
0
VERTEX
8
Layer 1
10
60.871660
20
10.352363
70
0
0
VERTEX
8
Layer 1
10
60.799321
20
10.677271
70
0
0
VERTEX
8
Layer 1
10
61.060167
20
11.257402
70
0
0
VERTEX
8
Layer 1
10
61.614502
20
11.483720
70
0
0
VERTEX
8
Layer 1
10
61.614502
20
11.483720
70
0
0
SEQEND
8
Layer 1
0
POLYLINE
8
Layer 1
62
7
70
0
10
0.000000
20
0.000000
66
1
0
VERTEX
8
Layer 1
10
61.531687
20
8.575159
70
0
0
VERTEX
8
Layer 1
10
62.033932
20
8.677784
70
0
0
VERTEX
8
Layer 1
10
62.239885
20
8.817711
70
0
0
VERTEX
8
Layer 1
10
62.323849
20
9.027067
70
0
0
VERTEX
8
Layer 1
10
62.259489
20
9.211084
70
0
0
VERTEX
8
Layer 1
10
62.032014
20
9.324458
70
0
0
VERTEX
8
Layer 1
10
61.557352
20
9.324458
70
0
0
VERTEX
8
Layer 1
10
61.265517
20
9.353033
70
0
0
VERTEX
8
Layer 1
10
61.019984
20
9.216376
70
0
0
VERTEX
8
Layer 1
10
60.896688
20
8.972563
70
0
0
VERTEX
8
Layer 1
10
61.067245
20
8.702126
70
0
0
VERTEX
8
Layer 1
10
61.531687
20
8.575159
70
0
0
VERTEX
8
Layer 1
10
61.531687
20
8.575159
70
0
0
SEQEND
8
Layer 1
0
POLYLINE
8
Layer 1
62
7
70
0
10
0.000000
20
0.000000
66
1
0
VERTEX
8
Layer 1
10
61.660274
20
10.119530
70
0
0
VERTEX
8
Layer 1
10
61.890892
20
10.279636
70
0
0
VERTEX
8
Layer 1
10
62.012170
20
10.654252
70
0
0
VERTEX
8
Layer 1
10
61.867774
20
11.129013
70
0
0
VERTEX
8
Layer 1
10
61.474537
20
11.346401
70
0
0
VERTEX
8
Layer 1
10
61.161998
20
11.205941
70
0
0
VERTEX
8
Layer 1
10
61.034006
20
10.840254
70
0
0
VERTEX
8
Layer 1
10
61.104923
20
10.535839
70
0
0
VERTEX
8
Layer 1
10
61.277489
20
10.326599
70
0
0
VERTEX
8
Layer 1
10
61.660274
20
10.119530
70
0
0
VERTEX
8
Layer 1
10
61.660274
20
10.119530
70
0
0
SEQEND
8
Layer 1
0
POLYLINE
8
Layer 1
62
7
70
0
10
0.000000
20
0.000000
66
1
0
VERTEX
8
Layer 1
10
62.795865
20
9.759168
70
0
0
VERTEX
8
Layer 1
10
63.015998
20
9.827695
70
0
0
VERTEX
8
Layer 1
10
63.055950
20
10.551329
70
0
0
VERTEX
8
Layer 1
10
63.004356
20
11.094783
70
0
0
VERTEX
8
Layer 1
10
62.784223
20
11.146377
70
0
0
VERTEX
8
Layer 1
10
62.824175
20
11.192149
70
0
0
VERTEX
8
Layer 1
10
63.358897
20
11.492451
70
0
0
VERTEX
8
Layer 1
10
63.398849
20
11.483985
70
0
0
VERTEX
8
Layer 1
10
63.324501
20
10.477246
70
0
0
VERTEX
8
Layer 1
10
63.361808
20
9.862355
70
0
0
VERTEX
8
Layer 1
10
63.516324
20
9.793828
70
0
0
VERTEX
8
Layer 1
10
63.676397
20
9.779541
70
0
0
VERTEX
8
Layer 1
10
63.704972
20
9.713660
70
0
0
VERTEX
8
Layer 1
10
62.781313
20
9.690906
70
0
0
VERTEX
8
Layer 1
10
62.795865
20
9.759168
70
0
0
VERTEX
8
Layer 1
10
62.795865
20
9.759168
70
0
0
SEQEND
8
Layer 1
0
POLYLINE
8
Layer 1
62
7
70
0
10
0.000000
20
0.000000
66
1
0
VERTEX
8
Layer 1
10
63.310479
20
12.604758
70
0
0
VERTEX
8
Layer 1
10
63.484839
20
12.427488
70
0
0
VERTEX
8
Layer 1
10
63.310479
20
12.250217
70
0
0
VERTEX
8
Layer 1
10
63.133208
20
12.427488
70
0
0
VERTEX
8
Layer 1
10
63.310479
20
12.604758
70
0
0
VERTEX
8
Layer 1
10
63.310479
20
12.604758
70
0
0
SEQEND
8
Layer 1
0
POLYLINE
8
Layer 1
62
7
70
0
10
0.000000
20
0.000000
66
1
0
VERTEX
8
Layer 1
10
64.474379
20
10.451317
70
0
0
VERTEX
8
Layer 1
10
64.482846
20
9.936439
70
0
0
VERTEX
8
Layer 1
10
64.528916
20
9.829514
70
0
0
VERTEX
8
Layer 1
10
64.783148
20
9.767635
70
0
0
VERTEX
8
Layer 1
10
64.777327
20
9.699108
70
0
0
VERTEX
8
Layer 1
10
64.602967
20
9.707574
70
0
0
VERTEX
8
Layer 1
10
64.394211
20
9.713395
70
0
0
VERTEX
8
Layer 1
10
63.893620
20
9.713395
70
0
0
VERTEX
8
Layer 1
10
63.887799
20
9.787743
70
0
0
VERTEX
8
Layer 1
10
64.121624
20
9.866357
70
0
0
VERTEX
8
Layer 1
10
64.170902
20
9.979301
70
0
0
VERTEX
8
Layer 1
10
64.202388
20
10.660073
70
0
0
VERTEX
8
Layer 1
10
64.156317
20
11.098752
70
0
0
VERTEX
8
Layer 1
10
63.902086
20
11.183418
70
0
0
VERTEX
8
Layer 1
10
63.896265
20
11.223370
70
0
0
VERTEX
8
Layer 1
10
64.333886
20
11.400641
70
0
0
VERTEX
8
Layer 1
10
64.436808
20
11.446414
70
0
0
VERTEX
8
Layer 1
10
64.488402
20
11.160400
70
0
0
VERTEX
8
Layer 1
10
65.217593
20
11.423395
70
0
0
VERTEX
8
Layer 1
10
65.492007
20
11.361727
70
0
0
VERTEX
8
Layer 1
10
65.632922
20
11.200318
70
0
0
VERTEX
8
Layer 1
10
65.692255
20
10.719869
70
0
0
VERTEX
8
Layer 1
10
65.692255
20
10.176415
70
0
0
VERTEX
8
Layer 1
10
65.720830
20
9.824520
70
0
0
VERTEX
8
Layer 1
10
65.955250
20
9.755993
70
0
0
VERTEX
8
Layer 1
10
65.961071
20
9.687466
70
0
0
VERTEX
8
Layer 1
10
65.560757
20
9.710220
70
0
0
VERTEX
8
Layer 1
10
65.100383
20
9.687466
70
0
0
VERTEX
8
Layer 1
10
65.100383
20
9.753347
70
0
0
VERTEX
8
Layer 1
10
65.360732
20
9.884845
70
0
0
VERTEX
8
Layer 1
10
65.420793
20
10.582550
70
0
0
VERTEX
8
Layer 1
10
65.376475
20
11.018352
70
0
0
VERTEX
8
Layer 1
10
65.066251
20
11.228927
70
0
0
VERTEX
8
Layer 1
10
64.491313
20
11.065943
70
0
0
VERTEX
8
Layer 1
10
64.474379
20
10.451317
70
0
0
VERTEX
8
Layer 1
10
64.474379
20
10.451317
70
0
0
SEQEND
8
Layer 1
0
POLYLINE
8
Layer 1
62
7
70
0
10
0.000000
20
0.000000
66
1
0
VERTEX
8
Layer 1
10
66.527808
20
10.639965
70
0
0
VERTEX
8
Layer 1
10
66.690791
20
10.065026
70
0
0
VERTEX
8
Layer 1
10
66.946014
20
9.864770
70
0
0
VERTEX
8
Layer 1
10
67.119680
20
9.836162
70
0
0
VERTEX
8
Layer 1
10
67.597252
20
10.013432
70
0
0
VERTEX
8
Layer 1
10
67.637204
20
9.959193
70
0
0
VERTEX
8
Layer 1
10
67.349470
20
9.780765
70
0
0
VERTEX
8
Layer 1
10
66.930768
20
9.673178
70
0
0
VERTEX
8
Layer 1
10
66.624716
20
9.746228
70
0
0
VERTEX
8
Layer 1
10
66.408779
20
9.935909
70
0
0
VERTEX
8
Layer 1
10
66.238619
20
10.488359
70
0
0
VERTEX
8
Layer 1
10
66.333885
20
10.946910
70
0
0
VERTEX
8
Layer 1
10
66.552480
20
11.241924
70
0
0
VERTEX
8
Layer 1
10
66.956432
20
11.446414
70
0
0
VERTEX
8
Layer 1
10
67.266424
20
11.371702
70
0
0
VERTEX
8
Layer 1
10
67.565502
20
11.028902
70
0
0
VERTEX
8
Layer 1
10
67.668425
20
10.974662
70
0
0
VERTEX
8
Layer 1
10
67.674246
20
10.888937
70
0
0
VERTEX
8
Layer 1
10
66.527808
20
10.639965
70
0
0
VERTEX
8
Layer 1
10
66.527808
20
10.639965
70
0
0
SEQEND
8
Layer 1
0
POLYLINE
8
Layer 1
62
7
70
0
10
0.000000
20
0.000000
66
1
0
VERTEX
8
Layer 1
10
66.833930
20
10.794481
70
0
0
VERTEX
8
Layer 1
10
67.134232
20
10.863008
70
0
0
VERTEX
8
Layer 1
10
67.317324
20
10.937356
70
0
0
VERTEX
8
Layer 1
10
67.206166
20
11.136885
70
0
0
VERTEX
8
Layer 1
10
66.865416
20
11.297718
70
0
0
VERTEX
8
Layer 1
10
66.605165
20
11.079272
70
0
0
VERTEX
8
Layer 1
10
66.533629
20
10.725690
70
0
0
VERTEX
8
Layer 1
10
66.833930
20
10.794481
70
0
0
VERTEX
8
Layer 1
10
66.833930
20
10.794481
70
0
0
SEQEND
8
Layer 1
0
POLYLINE
8
Layer 1
62
7
70
0
10
0.000000
20
0.000000
66
1
0
VERTEX
8
Layer 1
10
68.286756
20
10.639965
70
0
0
VERTEX
8
Layer 1
10
68.449739
20
10.065026
70
0
0
VERTEX
8
Layer 1
10
68.704962
20
9.864770
70
0
0
VERTEX
8
Layer 1
10
68.878628
20
9.836162
70
0
0
VERTEX
8
Layer 1
10
69.356200
20
10.013432
70
0
0
VERTEX
8
Layer 1
10
69.396152
20
9.959193
70
0
0
VERTEX
8
Layer 1
10
69.108418
20
9.780765
70
0
0
VERTEX
8
Layer 1
10
68.689716
20
9.673178
70
0
0
VERTEX
8
Layer 1
10
68.383663
20
9.746228
70
0
0
VERTEX
8
Layer 1
10
68.167726
20
9.935909
70
0
0
VERTEX
8
Layer 1
10
67.997566
20
10.488359
70
0
0
VERTEX
8
Layer 1
10
68.092833
20
10.946910
70
0
0
VERTEX
8
Layer 1
10
68.311428
20
11.241924
70
0
0
VERTEX
8
Layer 1
10
68.715380
20
11.446414
70
0
0
VERTEX
8
Layer 1
10
69.025372
20
11.371702
70
0
0
VERTEX
8
Layer 1
10
69.324450
20
11.028902
70
0
0
VERTEX
8
Layer 1
10
69.427373
20
10.974662
70
0
0
VERTEX
8
Layer 1
10
69.433194
20
10.888937
70
0
0
VERTEX
8
Layer 1
10
68.286756
20
10.639965
70
0
0
VERTEX
8
Layer 1
10
68.286756
20
10.639965
70
0
0
SEQEND
8
Layer 1
0
POLYLINE
8
Layer 1
62
7
70
0
10
0.000000
20
0.000000
66
1
0
VERTEX
8
Layer 1
10
68.592614
20
10.794481
70
0
0
VERTEX
8
Layer 1
10
68.892915
20
10.863008
70
0
0
VERTEX
8
Layer 1
10
69.076007
20
10.937356
70
0
0
VERTEX
8
Layer 1
10
68.964849
20
11.136885
70
0
0
VERTEX
8
Layer 1
10
68.624099
20
11.297718
70
0
0
VERTEX
8
Layer 1
10
68.363849
20
11.079272
70
0
0
VERTEX
8
Layer 1
10
68.292312
20
10.725690
70
0
0
VERTEX
8
Layer 1
10
68.592614
20
10.794481
70
0
0
VERTEX
8
Layer 1
10
68.592614
20
10.794481
70
0
0
SEQEND
8
Layer 1
0
POLYLINE
8
Layer 1
62
7
70
0
10
0.000000
20
0.000000
66
1
0
VERTEX
8
Layer 1
10
70.251549
20
11.535314
70
0
0
VERTEX
8
Layer 1
10
70.260016
20
11.146377
70
0
0
VERTEX
8
Layer 1
10
70.537299
20
11.306449
70
0
0
VERTEX
8
Layer 1
10
70.829134
20
11.483720
70
0
0
VERTEX
8
Layer 1
10
70.880727
20
11.452235
70
0
0
VERTEX
8
Layer 1
10
71.026513
20
11.260676
70
0
0
VERTEX
8
Layer 1
10
70.777805
20
11.046100
70
0
0
VERTEX
8
Layer 1
10
70.637576
20
11.206172
70
0
0
VERTEX
8
Layer 1
10
70.331453
20
11.065943
70
0
0
VERTEX
8
Layer 1
10
70.254195
20
10.817235
70
0
0
VERTEX
8
Layer 1
10
70.239907
20
10.408190
70
0
0
VERTEX
8
Layer 1
10
70.285680
20
9.856270
70
0
0
VERTEX
8
Layer 1
10
70.417178
20
9.804676
70
0
0
VERTEX
8
Layer 1
10
70.477238
20
9.804676
70
0
0
VERTEX
8
Layer 1
10
70.748965
20
9.810497
70
0
0
VERTEX
8
Layer 1
10
70.743144
20
9.710485
70
0
0
VERTEX
8
Layer 1
10
69.682166
20
9.681910
70
0
0
VERTEX
8
Layer 1
10
69.687987
20
9.750437
70
0
0
VERTEX
8
Layer 1
10
69.917910
20
9.900951
70
0
0
VERTEX
8
Layer 1
10
69.974001
20
10.679917
70
0
0
VERTEX
8
Layer 1
10
69.946485
20
11.036608
70
0
0
VERTEX
8
Layer 1
10
69.796731
20
11.140291
70
0
0
VERTEX
8
Layer 1
10
69.650946
20
11.123093
70
0
0
VERTEX
8
Layer 1
10
69.659412
20
11.197441
70
0
0
VERTEX
8
Layer 1
10
70.251549
20
11.535314
70
0
0
VERTEX
8
Layer 1
10
70.251549
20
11.535314
70
0
0
SEQEND
8
Layer 1
0
POLYLINE
8
Layer 1
62
7
70
0
10
0.000000
20
0.000000
66
1
0
VERTEX
8
Layer 1
10
71.243735
20
9.759168
70
0
0
VERTEX
8
Layer 1
10
71.463868
20
9.827695
70
0
0
VERTEX
8
Layer 1
10
71.503820
20
10.551329
70
0
0
VERTEX
8
Layer 1
10
71.452227
20
11.094783
70
0
0
VERTEX
8
Layer 1
10
71.232094
20
11.146377
70
0
0
VERTEX
8
Layer 1
10
71.272046
20
11.192149
70
0
0
VERTEX
8
Layer 1
10
71.806768
20
11.492451
70
0
0
VERTEX
8
Layer 1
10
71.846720
20
11.483985
70
0
0
VERTEX
8
Layer 1
10
71.772372
20
10.477246
70
0
0
VERTEX
8
Layer 1
10
71.809678
20
9.862355
70
0
0
VERTEX
8
Layer 1
10
71.964195
20
9.793828
70
0
0
VERTEX
8
Layer 1
10
72.124267
20
9.779541
70
0
0
VERTEX
8
Layer 1
10
72.152842
20
9.713660
70
0
0
VERTEX
8
Layer 1
10
71.229183
20
9.690906
70
0
0
VERTEX
8
Layer 1
10
71.243735
20
9.759168
70
0
0
VERTEX
8
Layer 1
10
71.243735
20
9.759168
70
0
0
SEQEND
8
Layer 1
0
POLYLINE
8
Layer 1
62
7
70
0
10
0.000000
20
0.000000
66
1
0
VERTEX
8
Layer 1
10
71.758614
20
12.604758
70
0
0
VERTEX
8
Layer 1
10
71.932974
20
12.427488
70
0
0
VERTEX
8
Layer 1
10
71.758614
20
12.250217
70
0
0
VERTEX
8
Layer 1
10
71.581343
20
12.427488
70
0
0
VERTEX
8
Layer 1
10
71.758614
20
12.604758
70
0
0
VERTEX
8
Layer 1
10
71.758614
20
12.604758
70
0
0
SEQEND
8
Layer 1
0
POLYLINE
8
Layer 1
62
7
70
0
10
0.000000
20
0.000000
66
1
0
VERTEX
8
Layer 1
10
72.925425
20
10.451317
70
0
0
VERTEX
8
Layer 1
10
72.933891
20
9.936439
70
0
0
VERTEX
8
Layer 1
10
72.979962
20
9.829514
70
0
0
VERTEX
8
Layer 1
10
73.234193
20
9.767635
70
0
0
VERTEX
8
Layer 1
10
73.228372
20
9.699108
70
0
0
VERTEX
8
Layer 1
10
73.054012
20
9.707574
70
0
0
VERTEX
8
Layer 1
10
72.845256
20
9.713395
70
0
0
VERTEX
8
Layer 1
10
72.344665
20
9.713395
70
0
0
VERTEX
8
Layer 1
10
72.338844
20
9.787743
70
0
0
VERTEX
8
Layer 1
10
72.572670
20
9.866357
70
0
0
VERTEX
8
Layer 1
10
72.621948
20
9.979301
70
0
0
VERTEX
8
Layer 1
10
72.653433
20
10.660073
70
0
0
VERTEX
8
Layer 1
10
72.607363
20
11.098752
70
0
0
VERTEX
8
Layer 1
10
72.353132
20
11.183418
70
0
0
VERTEX
8
Layer 1
10
72.347311
20
11.223370
70
0
0
VERTEX
8
Layer 1
10
72.784931
20
11.400641
70
0
0
VERTEX
8
Layer 1
10
72.887854
20
11.446414
70
0
0
VERTEX
8
Layer 1
10
72.939448
20
11.160400
70
0
0
VERTEX
8
Layer 1
10
73.668638
20
11.423395
70
0
0
VERTEX
8
Layer 1
10
73.943052
20
11.361727
70
0
0
VERTEX
8
Layer 1
10
74.083968
20
11.200318
70
0
0
VERTEX
8
Layer 1
10
74.143300
20
10.719869
70
0
0
VERTEX
8
Layer 1
10
74.143300
20
10.176415
70
0
0
VERTEX
8
Layer 1
10
74.171875
20
9.824520
70
0
0
VERTEX
8
Layer 1
10
74.406296
20
9.755993
70
0
0
VERTEX
8
Layer 1
10
74.412117
20
9.687466
70
0
0
VERTEX
8
Layer 1
10
74.011803
20
9.710220
70
0
0
VERTEX
8
Layer 1
10
73.551428
20
9.687466
70
0
0
VERTEX
8
Layer 1
10
73.551428
20
9.753347
70
0
0
VERTEX
8
Layer 1
10
73.811778
20
9.884845
70
0
0
VERTEX
8
Layer 1
10
73.871838
20
10.582550
70
0
0
VERTEX
8
Layer 1
10
73.827521
20
11.018352
70
0
0
VERTEX
8
Layer 1
10
73.517297
20
11.228927
70
0
0
VERTEX
8
Layer 1
10
72.945269
20
11.065943
70
0
0
VERTEX
8
Layer 1
10
72.925425
20
10.451317
70
0
0
VERTEX
8
Layer 1
10
72.925425
20
10.451317
70
0
0
SEQEND
8
Layer 1
0
POLYLINE
8
Layer 1
62
7
70
0
10
0.000000
20
0.000000
66
1
0
VERTEX
8
Layer 1
10
75.485001
20
11.483720
70
0
0
VERTEX
8
Layer 1
10
75.908334
20
11.346401
70
0
0
VERTEX
8
Layer 1
10
76.254408
20
11.377887
70
0
0
VERTEX
8
Layer 1
10
76.417391
20
11.369420
70
0
0
VERTEX
8
Layer 1
10
76.357331
20
11.120712
70
0
0
VERTEX
8
Layer 1
10
76.028454
20
11.186593
70
0
0
VERTEX
8
Layer 1
10
76.157042
20
10.769081
70
0
0
VERTEX
8
Layer 1
10
75.942167
20
10.264720
70
0
0
VERTEX
8
Layer 1
10
75.476269
20
9.985386
70
0
0
VERTEX
8
Layer 1
10
75.070135
20
9.725037
70
0
0
VERTEX
8
Layer 1
10
75.194852
20
9.605611
70
0
0
VERTEX
8
Layer 1
10
75.407478
20
9.584808
70
0
0
VERTEX
8
Layer 1
10
76.107829
20
9.529047
70
0
0
VERTEX
8
Layer 1
10
76.300743
20
9.396615
70
0
0
VERTEX
8
Layer 1
10
76.368443
20
9.138721
70
0
0
VERTEX
8
Layer 1
10
76.262776
20
8.824512
70
0
0
VERTEX
8
Layer 1
10
75.990619
20
8.587793
70
0
0
VERTEX
8
Layer 1
10
75.215920
20
8.386511
70
0
0
VERTEX
8
Layer 1
10
74.708582
20
8.566990
70
0
0
VERTEX
8
Layer 1
10
74.598119
20
8.861173
70
0
0
VERTEX
8
Layer 1
10
74.751114
20
9.204734
70
0
0
VERTEX
8
Layer 1
10
75.015630
20
9.395895
70
0
0
VERTEX
8
Layer 1
10
74.865810
20
9.508542
70
0
0
VERTEX
8
Layer 1
10
74.778300
20
9.747791
70
0
0
VERTEX
8
Layer 1
10
75.138662
20
9.925061
70
0
0
VERTEX
8
Layer 1
10
75.287357
20
9.979301
70
0
0
VERTEX
8
Layer 1
10
75.287357
20
9.988032
70
0
0
VERTEX
8
Layer 1
10
74.916610
20
10.150288
70
0
0
VERTEX
8
Layer 1
10
74.744805
20
10.352363
70
0
0
VERTEX
8
Layer 1
10
74.672466
20
10.677271
70
0
0
VERTEX
8
Layer 1
10
74.929806
20
11.257402
70
0
0
VERTEX
8
Layer 1
10
75.485001
20
11.483720
70
0
0
VERTEX
8
Layer 1
10
75.485001
20
11.483720
70
0
0
SEQEND
8
Layer 1
0
POLYLINE
8
Layer 1
62
7
70
0
10
0.000000
20
0.000000
66
1
0
VERTEX
8
Layer 1
10
75.402186
20
8.575159
70
0
0
VERTEX
8
Layer 1
10
75.904431
20
8.677784
70
0
0
VERTEX
8
Layer 1
10
76.110384
20
8.817711
70
0
0
VERTEX
8
Layer 1
10
76.194348
20
9.027067
70
0
0
VERTEX
8
Layer 1
10
76.129988
20
9.211084
70
0
0
VERTEX
8
Layer 1
10
75.902513
20
9.324458
70
0
0
VERTEX
8
Layer 1
10
75.427851
20
9.324458
70
0
0
VERTEX
8
Layer 1
10
75.136016
20
9.353033
70
0
0
VERTEX
8
Layer 1
10
74.890483
20
9.216376
70
0
0
VERTEX
8
Layer 1
10
74.767187
20
8.972563
70
0
0
VERTEX
8
Layer 1
10
74.937744
20
8.702126
70
0
0
VERTEX
8
Layer 1
10
75.402186
20
8.575159
70
0
0
VERTEX
8
Layer 1
10
75.402186
20
8.575159
70
0
0
SEQEND
8
Layer 1
0
POLYLINE
8
Layer 1
62
7
70
0
10
0.000000
20
0.000000
66
1
0
VERTEX
8
Layer 1
10
75.530774
20
10.119530
70
0
0
VERTEX
8
Layer 1
10
75.761391
20
10.279636
70
0
0
VERTEX
8
Layer 1
10
75.882669
20
10.654252
70
0
0
VERTEX
8
Layer 1
10
75.738273
20
11.129013
70
0
0
VERTEX
8
Layer 1
10
75.345036
20
11.346401
70
0
0
VERTEX
8
Layer 1
10
75.031175
20
11.205941
70
0
0
VERTEX
8
Layer 1
10
74.901860
20
10.840254
70
0
0
VERTEX
8
Layer 1
10
74.974269
20
10.535839
70
0
0
VERTEX
8
Layer 1
10
75.147558
20
10.326599
70
0
0
VERTEX
8
Layer 1
10
75.530774
20
10.119530
70
0
0
VERTEX
8
Layer 1
10
75.530774
20
10.119530
70
0
0
SEQEND
8
Layer 1
 0 
ENDSEC
 0 
EOF