999
"DXF R12 Output" (www.mydxf.blogspot.com)
 0 
SECTION
 2 
HEADER
 9 
$ACADVER
 1 
AC1009
 9 
$EXTMIN
 10 
 0 
 20 
 0 
 9 
$EXTMAX
 10 
 8.5 
 20 
 11 
 0 
ENDSEC
 0 
SECTION
 2 
ENTITIES
0
POLYLINE
8
Layer 1
62
7
70
0
10
0.000000
20
0.000000
66
1
0
VERTEX
8
Layer 1
10
47.766141
20
141.957867
70
0
0
VERTEX
8
Layer 1
10
47.849926
20
141.274360
70
0
0
VERTEX
8
Layer 1
10
47.272252
20
141.463978
70
0
0
VERTEX
8
Layer 1
10
46.894118
20
141.642021
70
0
0
VERTEX
8
Layer 1
10
46.681349
20
141.618318
70
0
0
VERTEX
8
Layer 1
10
46.566696
20
140.793700
70
0
0
VERTEX
8
Layer 1
10
46.694578
20
139.999949
70
0
0
VERTEX
8
Layer 1
10
46.909001
20
139.900730
70
0
0
VERTEX
8
Layer 1
10
47.272252
20
139.947033
70
0
0
VERTEX
8
Layer 1
10
47.751258
20
140.026959
70
0
0
VERTEX
8
Layer 1
10
47.929301
20
139.872067
70
0
0
VERTEX
8
Layer 1
10
47.448641
20
138.394809
70
0
0
VERTEX
8
Layer 1
10
47.113502
20
137.310017
70
0
0
VERTEX
8
Layer 1
10
47.095863
20
136.489808
70
0
0
VERTEX
8
Layer 1
10
47.120116
20
135.992612
70
0
0
VERTEX
8
Layer 1
10
46.893016
20
135.660780
70
0
0
VERTEX
8
Layer 1
10
46.520394
20
135.567073
70
0
0
VERTEX
8
Layer 1
10
46.108085
20
135.784252
70
0
0
VERTEX
8
Layer 1
10
45.530411
20
136.057655
70
0
0
VERTEX
8
Layer 1
10
44.661695
20
136.172308
70
0
0
VERTEX
8
Layer 1
10
43.863535
20
136.079704
70
0
0
VERTEX
8
Layer 1
10
44.203083
20
135.537308
70
0
0
VERTEX
8
Layer 1
10
44.802806
20
134.690640
70
0
0
VERTEX
8
Layer 1
10
43.144749
20
134.055640
70
0
0
VERTEX
8
Layer 1
10
41.413588
20
133.484787
70
0
0
VERTEX
8
Layer 1
10
39.442234
20
132.604289
70
0
0
VERTEX
8
Layer 1
10
35.379224
20
130.302964
70
0
0
VERTEX
8
Layer 1
10
33.587704
20
129.076440
70
0
0
VERTEX
8
Layer 1
10
32.156266
20
127.928878
70
0
0
VERTEX
8
Layer 1
10
31.234978
20
126.957430
70
0
0
VERTEX
8
Layer 1
10
30.973908
20
126.259246
70
0
0
VERTEX
8
Layer 1
10
33.725577
20
119.662298
70
0
0
VERTEX
8
Layer 1
10
36.900579
20
120.650076
70
0
0
VERTEX
8
Layer 1
10
40.147239
20
121.608089
70
0
0
VERTEX
8
Layer 1
10
43.559264
20
122.281674
70
0
0
VERTEX
8
Layer 1
10
46.852226
20
122.624530
70
0
0
VERTEX
8
Layer 1
10
49.741698
20
122.590355
70
0
0
VERTEX
8
Layer 1
10
52.653770
20
122.227655
70
0
0
VERTEX
8
Layer 1
10
55.813889
20
121.673132
70
0
0
VERTEX
8
Layer 1
10
58.795415
20
121.012776
70
0
0
VERTEX
8
Layer 1
10
61.171705
20
120.332576
70
0
0
VERTEX
8
Layer 1
10
62.737158
20
119.873964
70
0
0
VERTEX
8
Layer 1
10
63.535318
20
119.838687
70
0
0
VERTEX
8
Layer 1
10
65.122819
20
123.225355
70
0
0
VERTEX
8
Layer 1
10
66.101778
20
125.805045
70
0
0
VERTEX
8
Layer 1
10
66.204304
20
126.494615
70
0
0
VERTEX
8
Layer 1
10
66.075319
20
126.929524
70
0
0
VERTEX
8
Layer 1
10
65.003756
20
128.019829
70
0
0
VERTEX
8
Layer 1
10
63.059067
20
129.540082
70
0
0
VERTEX
8
Layer 1
10
60.796879
20
131.086793
70
0
0
VERTEX
8
Layer 1
10
58.772815
20
132.256472
70
0
0
VERTEX
8
Layer 1
10
56.651737
20
133.178105
70
0
0
VERTEX
8
Layer 1
10
54.610034
20
133.914529
70
0
0
VERTEX
8
Layer 1
10
52.744721
20
134.681821
70
0
0
VERTEX
8
Layer 1
10
52.600853
20
134.986092
70
0
0
VERTEX
8
Layer 1
10
52.916700
20
135.290363
70
0
0
VERTEX
8
Layer 1
10
53.204435
20
135.576995
70
0
0
VERTEX
8
Layer 1
10
53.234200
20
135.863627
70
0
0
VERTEX
8
Layer 1
10
53.025841
20
136.084113
70
0
0
VERTEX
8
Layer 1
10
52.599200
20
136.172308
70
0
0
VERTEX
8
Layer 1
10
52.012706
20
136.013558
70
0
0
VERTEX
8
Layer 1
10
51.505588
20
135.643141
70
0
0
VERTEX
8
Layer 1
10
51.024928
20
135.321231
70
0
0
VERTEX
8
Layer 1
10
50.411976
20
135.502030
70
0
0
VERTEX
8
Layer 1
10
49.984233
20
135.854808
70
0
0
VERTEX
8
Layer 1
10
49.953365
20
136.207586
70
0
0
VERTEX
8
Layer 1
10
49.887219
20
136.339878
70
0
0
VERTEX
8
Layer 1
10
49.424198
20
136.101752
70
0
0
VERTEX
8
Layer 1
10
48.743447
20
135.873549
70
0
0
VERTEX
8
Layer 1
10
48.105690
20
135.995919
70
0
0
VERTEX
8
Layer 1
10
47.633298
20
136.409331
70
0
0
VERTEX
8
Layer 1
10
47.448641
20
137.054253
70
0
0
VERTEX
8
Layer 1
10
47.633298
20
137.699175
70
0
0
VERTEX
8
Layer 1
10
48.105690
20
138.112587
70
0
0
VERTEX
8
Layer 1
10
48.743447
20
138.234957
70
0
0
VERTEX
8
Layer 1
10
49.424198
20
138.006754
70
0
0
VERTEX
8
Layer 1
10
50.001872
20
137.733351
70
0
0
VERTEX
8
Layer 1
10
49.918087
20
138.359532
70
0
0
VERTEX
8
Layer 1
10
49.459476
20
139.664810
70
0
0
VERTEX
8
Layer 1
10
49.490344
20
139.982310
70
0
0
VERTEX
8
Layer 1
10
50.023920
20
139.876477
70
0
0
VERTEX
8
Layer 1
10
50.427961
20
139.804819
70
0
0
VERTEX
8
Layer 1
10
50.663331
20
139.885296
70
0
0
VERTEX
8
Layer 1
10
50.800032
20
140.687866
70
0
0
VERTEX
8
Layer 1
10
50.672150
20
141.512485
70
0
0
VERTEX
8
Layer 1
10
50.457727
20
141.615562
70
0
0
VERTEX
8
Layer 1
10
50.094476
20
141.569811
70
0
0
VERTEX
8
Layer 1
10
49.543260
20
141.587450
70
0
0
VERTEX
8
Layer 1
10
49.388920
20
142.134256
70
0
0
VERTEX
8
Layer 1
10
49.194892
20
142.716340
70
0
0
VERTEX
8
Layer 1
10
48.471697
20
142.875090
70
0
0
VERTEX
8
Layer 1
10
47.994344
20
142.845876
70
0
0
VERTEX
8
Layer 1
10
47.748502
20
142.720750
70
0
0
VERTEX
8
Layer 1
10
47.766141
20
141.957867
70
0
0
VERTEX
8
Layer 1
10
47.766141
20
141.957867
70
0
0
SEQEND
8
Layer 1
0
POLYLINE
8
Layer 1
62
7
70
0
10
0.000000
20
0.000000
66
1
0
VERTEX
8
Layer 1
10
48.154197
20
134.937585
70
0
0
VERTEX
8
Layer 1
10
48.709822
20
133.552931
70
0
0
VERTEX
8
Layer 1
10
48.888416
20
133.697350
70
0
0
VERTEX
8
Layer 1
10
49.106698
20
134.337862
70
0
0
VERTEX
8
Layer 1
10
49.428608
20
135.127203
70
0
0
VERTEX
8
Layer 1
10
49.776976
20
135.466752
70
0
0
VERTEX
8
Layer 1
10
50.180466
20
135.260046
70
0
0
VERTEX
8
Layer 1
10
50.332601
20
134.633314
70
0
0
VERTEX
8
Layer 1
10
50.233382
20
133.576634
70
0
0
VERTEX
8
Layer 1
10
49.882809
20
132.080083
70
0
0
VERTEX
8
Layer 1
10
49.252219
20
130.205950
70
0
0
VERTEX
8
Layer 1
10
48.945191
20
129.912152
70
0
0
VERTEX
8
Layer 1
10
48.542253
20
129.892860
70
0
0
VERTEX
8
Layer 1
10
48.166875
20
130.026254
70
0
0
VERTEX
8
Layer 1
10
47.867565
20
130.351471
70
0
0
VERTEX
8
Layer 1
10
47.378085
20
131.762583
70
0
0
VERTEX
8
Layer 1
10
46.963571
20
134.580397
70
0
0
VERTEX
8
Layer 1
10
47.090351
20
135.250124
70
0
0
VERTEX
8
Layer 1
10
47.448641
20
135.466752
70
0
0
VERTEX
8
Layer 1
10
47.894023
20
135.308002
70
0
0
VERTEX
8
Layer 1
10
48.154197
20
134.937585
70
0
0
VERTEX
8
Layer 1
10
48.154197
20
134.937585
70
0
0
SEQEND
8
Layer 1
0
POLYLINE
8
Layer 1
62
7
70
0
10
0.000000
20
0.000000
66
1
0
VERTEX
8
Layer 1
10
45.720029
20
132.750361
70
0
0
VERTEX
8
Layer 1
10
46.147772
20
131.475951
70
0
0
VERTEX
8
Layer 1
10
46.390307
20
130.280915
70
0
0
VERTEX
8
Layer 1
10
46.743085
20
128.411192
70
0
0
VERTEX
8
Layer 1
10
46.861045
20
127.944312
70
0
0
VERTEX
8
Layer 1
10
46.787182
20
127.745324
70
0
0
VERTEX
8
Layer 1
10
45.720029
20
128.058414
70
0
0
VERTEX
8
Layer 1
10
45.204642
20
128.214408
70
0
0
VERTEX
8
Layer 1
10
44.930688
20
128.142199
70
0
0
VERTEX
8
Layer 1
10
44.822099
20
127.745875
70
0
0
VERTEX
8
Layer 1
10
44.802806
20
126.929524
70
0
0
VERTEX
8
Layer 1
10
44.802806
20
125.483135
70
0
0
VERTEX
8
Layer 1
10
46.178640
20
125.694801
70
0
0
VERTEX
8
Layer 1
10
47.325169
20
125.738899
70
0
0
VERTEX
8
Layer 1
10
47.418875
20
125.526129
70
0
0
VERTEX
8
Layer 1
10
47.307530
20
125.095079
70
0
0
VERTEX
8
Layer 1
10
46.972460
20
124.570942
70
0
0
VERTEX
8
Layer 1
10
46.406292
20
124.096827
70
0
0
VERTEX
8
Layer 1
10
44.833674
20
123.379696
70
0
0
VERTEX
8
Layer 1
10
43.095691
20
123.105742
70
0
0
VERTEX
8
Layer 1
10
42.322818
20
123.185599
70
0
0
VERTEX
8
Layer 1
10
41.698360
20
123.437022
70
0
0
VERTEX
8
Layer 1
10
41.353299
20
123.920990
70
0
0
VERTEX
8
Layer 1
10
41.345582
20
124.583551
70
0
0
VERTEX
8
Layer 1
10
41.628906
20
125.193195
70
0
0
VERTEX
8
Layer 1
10
42.156971
20
125.518412
70
0
0
VERTEX
8
Layer 1
10
43.180027
20
125.977024
70
0
0
VERTEX
8
Layer 1
10
43.285103
20
126.182972
70
0
0
VERTEX
8
Layer 1
10
43.246724
20
126.440596
70
0
0
VERTEX
8
Layer 1
10
42.840478
20
127.013309
70
0
0
VERTEX
8
Layer 1
10
42.163034
20
127.500033
70
0
0
VERTEX
8
Layer 1
10
41.416137
20
127.705636
70
0
0
VERTEX
8
Layer 1
10
40.648845
20
127.974629
70
0
0
VERTEX
8
Layer 1
10
40.040303
20
128.799248
70
0
0
VERTEX
8
Layer 1
10
39.525468
20
129.508111
70
0
0
VERTEX
8
Layer 1
10
39.070163
20
129.681193
70
0
0
VERTEX
8
Layer 1
10
38.720693
20
129.325108
70
0
0
VERTEX
8
Layer 1
10
38.523358
20
128.446470
70
0
0
VERTEX
8
Layer 1
10
38.227906
20
127.502789
70
0
0
VERTEX
8
Layer 1
10
37.535579
20
126.929524
70
0
0
VERTEX
8
Layer 1
10
36.874120
20
126.360670
70
0
0
VERTEX
8
Layer 1
10
36.688912
20
125.342023
70
0
0
VERTEX
8
Layer 1
10
36.718126
20
124.573629
70
0
0
VERTEX
8
Layer 1
10
36.869711
20
124.248412
70
0
0
VERTEX
8
Layer 1
10
37.239576
20
124.320070
70
0
0
VERTEX
8
Layer 1
10
37.923635
20
124.742301
70
0
0
VERTEX
8
Layer 1
10
38.603284
20
125.068069
70
0
0
VERTEX
8
Layer 1
10
39.101032
20
125.046572
70
0
0
VERTEX
8
Layer 1
10
39.406956
20
124.687730
70
0
0
VERTEX
8
Layer 1
10
39.511136
20
124.001467
70
0
0
VERTEX
8
Layer 1
10
39.347012
20
123.335323
70
0
0
VERTEX
8
Layer 1
10
38.899287
20
122.753515
70
0
0
VERTEX
8
Layer 1
10
38.234934
20
122.277540
70
0
0
VERTEX
8
Layer 1
10
37.420926
20
121.928896
70
0
0
VERTEX
8
Layer 1
10
36.524236
20
121.729081
70
0
0
VERTEX
8
Layer 1
10
35.611837
20
121.699591
70
0
0
VERTEX
8
Layer 1
10
34.750700
20
121.861924
70
0
0
VERTEX
8
Layer 1
10
34.007799
20
122.237577
70
0
0
VERTEX
8
Layer 1
10
33.658328
20
122.535233
70
0
0
VERTEX
8
Layer 1
10
33.593285
20
122.740286
70
0
0
VERTEX
8
Layer 1
10
34.501688
20
123.190078
70
0
0
VERTEX
8
Layer 1
10
35.106372
20
123.456866
70
0
0
VERTEX
8
Layer 1
10
35.423321
20
123.736884
70
0
0
VERTEX
8
Layer 1
10
35.508759
20
124.122734
70
0
0
VERTEX
8
Layer 1
10
35.418911
20
124.707023
70
0
0
VERTEX
8
Layer 1
10
35.066133
20
125.840322
70
0
0
VERTEX
8
Layer 1
10
34.783911
20
125.862922
70
0
0
VERTEX
8
Layer 1
10
34.290022
20
125.624246
70
0
0
VERTEX
8
Layer 1
10
33.552495
20
125.307297
70
0
0
VERTEX
8
Layer 1
10
33.099396
20
125.337614
70
0
0
VERTEX
8
Layer 1
10
32.871193
20
125.758191
70
0
0
VERTEX
8
Layer 1
10
32.808354
20
126.612024
70
0
0
VERTEX
8
Layer 1
10
32.862924
20
127.437194
70
0
0
VERTEX
8
Layer 1
10
33.139083
20
128.054004
70
0
0
VERTEX
8
Layer 1
10
33.805503
20
128.690658
70
0
0
VERTEX
8
Layer 1
10
35.030855
20
129.575359
70
0
0
VERTEX
8
Layer 1
10
38.452802
20
131.762583
70
0
0
VERTEX
8
Layer 1
10
41.892387
20
133.186924
70
0
0
VERTEX
8
Layer 1
10
44.696973
20
134.055640
70
0
0
VERTEX
8
Layer 1
10
45.182042
20
133.667584
70
0
0
VERTEX
8
Layer 1
10
45.720029
20
132.750361
70
0
0
VERTEX
8
Layer 1
10
45.720029
20
132.750361
70
0
0
SEQEND
8
Layer 1
0
POLYLINE
8
Layer 1
62
7
70
0
10
0.000000
20
0.000000
66
1
0
VERTEX
8
Layer 1
10
56.726702
20
132.750361
70
0
0
VERTEX
8
Layer 1
10
59.304738
20
131.490834
70
0
0
VERTEX
8
Layer 1
10
61.846393
20
129.923728
70
0
0
VERTEX
8
Layer 1
10
63.786121
20
128.429382
70
0
0
VERTEX
8
Layer 1
10
64.353528
20
127.828350
70
0
0
VERTEX
8
Layer 1
10
64.558374
20
127.388136
70
0
0
VERTEX
8
Layer 1
10
64.346707
20
126.012302
70
0
0
VERTEX
8
Layer 1
10
64.206147
20
125.403760
70
0
0
VERTEX
8
Layer 1
10
64.042436
20
125.139176
70
0
0
VERTEX
8
Layer 1
10
63.766277
20
125.178864
70
0
0
VERTEX
8
Layer 1
10
63.288373
20
125.483135
70
0
0
VERTEX
8
Layer 1
10
62.675973
20
125.822683
70
0
0
VERTEX
8
Layer 1
10
62.305005
20
125.844732
70
0
0
VERTEX
8
Layer 1
10
62.072943
20
125.483135
70
0
0
VERTEX
8
Layer 1
10
61.877261
20
124.671745
70
0
0
VERTEX
8
Layer 1
10
61.803950
20
124.117773
70
0
0
VERTEX
8
Layer 1
10
61.872851
20
123.732474
70
0
0
VERTEX
8
Layer 1
10
62.120347
20
123.446393
70
0
0
VERTEX
8
Layer 1
10
62.582817
20
123.190078
70
0
0
VERTEX
8
Layer 1
10
63.400270
20
122.631145
70
0
0
VERTEX
8
Layer 1
10
63.481368
20
122.380204
70
0
0
VERTEX
8
Layer 1
10
63.354519
20
122.158202
70
0
0
VERTEX
8
Layer 1
10
62.508403
20
121.830780
70
0
0
VERTEX
8
Layer 1
10
60.924761
20
121.708410
70
0
0
VERTEX
8
Layer 1
10
59.745710
20
121.893618
70
0
0
VERTEX
8
Layer 1
10
58.768405
20
122.396327
70
0
0
VERTEX
8
Layer 1
10
58.101985
20
123.137161
70
0
0
VERTEX
8
Layer 1
10
57.855592
20
124.036745
70
0
0
VERTEX
8
Layer 1
10
57.959772
20
124.702613
70
0
0
VERTEX
8
Layer 1
10
58.265696
20
125.050982
70
0
0
VERTEX
8
Layer 1
10
58.763444
20
125.068620
70
0
0
VERTEX
8
Layer 1
10
59.443093
20
124.742301
70
0
0
VERTEX
8
Layer 1
10
60.127152
20
124.320070
70
0
0
VERTEX
8
Layer 1
10
60.497017
20
124.248412
70
0
0
VERTEX
8
Layer 1
10
60.648602
20
124.573629
70
0
0
VERTEX
8
Layer 1
10
60.677816
20
125.342023
70
0
0
VERTEX
8
Layer 1
10
60.492608
20
126.360670
70
0
0
VERTEX
8
Layer 1
10
59.831149
20
126.929524
70
0
0
VERTEX
8
Layer 1
10
59.138822
20
127.502789
70
0
0
VERTEX
8
Layer 1
10
58.843370
20
128.446470
70
0
0
VERTEX
8
Layer 1
10
58.639972
20
129.330068
70
0
0
VERTEX
8
Layer 1
10
58.274516
20
129.694422
70
0
0
VERTEX
8
Layer 1
10
57.796612
20
129.522994
70
0
0
VERTEX
8
Layer 1
10
57.255869
20
128.799248
70
0
0
VERTEX
8
Layer 1
10
56.594411
20
128.001088
70
0
0
VERTEX
8
Layer 1
10
55.880035
20
127.705636
70
0
0
VERTEX
8
Layer 1
10
55.134792
20
127.454282
70
0
0
VERTEX
8
Layer 1
10
54.363090
20
126.858969
70
0
0
VERTEX
8
Layer 1
10
53.551700
20
125.977024
70
0
0
VERTEX
8
Layer 1
10
54.715868
20
125.659524
70
0
0
VERTEX
8
Layer 1
10
55.505760
20
125.325487
70
0
0
VERTEX
8
Layer 1
10
55.955001
20
124.839315
70
0
0
VERTEX
8
Layer 1
10
56.040439
20
124.260538
70
0
0
VERTEX
8
Layer 1
10
55.738924
20
123.648689
70
0
0
VERTEX
8
Layer 1
10
55.157116
20
123.280821
70
0
0
VERTEX
8
Layer 1
10
54.325607
20
123.159761
70
0
0
VERTEX
8
Layer 1
10
53.345270
20
123.251194
70
0
0
VERTEX
8
Layer 1
10
52.316977
20
123.520807
70
0
0
VERTEX
8
Layer 1
10
51.341601
20
123.934288
70
0
0
VERTEX
8
Layer 1
10
50.520014
20
124.457322
70
0
0
VERTEX
8
Layer 1
10
49.953089
20
125.055598
70
0
0
VERTEX
8
Layer 1
10
49.741698
20
125.694801
70
0
0
VERTEX
8
Layer 1
10
50.156212
20
125.774176
70
0
0
VERTEX
8
Layer 1
10
51.152810
20
125.694801
70
0
0
VERTEX
8
Layer 1
10
52.563922
20
125.483135
70
0
0
VERTEX
8
Layer 1
10
52.563922
20
126.929524
70
0
0
VERTEX
8
Layer 1
10
52.544629
20
127.760206
70
0
0
VERTEX
8
Layer 1
10
52.436040
20
128.151018
70
0
0
VERTEX
8
Layer 1
10
52.162086
20
128.204486
70
0
0
VERTEX
8
Layer 1
10
51.646699
20
128.023136
70
0
0
VERTEX
8
Layer 1
10
50.623643
20
127.776192
70
0
0
VERTEX
8
Layer 1
10
50.619784
20
128.489465
70
0
0
VERTEX
8
Layer 1
10
50.857358
20
129.910498
70
0
0
VERTEX
8
Layer 1
10
51.646699
20
132.785639
70
0
0
VERTEX
8
Layer 1
10
51.985697
20
133.507180
70
0
0
VERTEX
8
Layer 1
10
52.294929
20
133.874841
70
0
0
VERTEX
8
Layer 1
10
52.703380
20
133.971304
70
0
0
VERTEX
8
Layer 1
10
53.340034
20
133.879251
70
0
0
VERTEX
8
Layer 1
10
56.726702
20
132.750361
70
0
0
VERTEX
8
Layer 1
10
56.726702
20
132.750361
70
0
0
SEQEND
8
Layer 1
0
POLYLINE
8
Layer 1
62
7
70
0
10
0.000000
20
0.000000
66
1
0
VERTEX
8
Layer 1
10
42.192249
20
136.242864
70
0
0
VERTEX
8
Layer 1
10
42.161381
20
135.903315
70
0
0
VERTEX
8
Layer 1
10
42.368638
20
135.643141
70
0
0
VERTEX
8
Layer 1
10
42.722518
20
135.518015
70
0
0
VERTEX
8
Layer 1
10
42.950721
20
135.621092
70
0
0
VERTEX
8
Layer 1
10
42.993716
20
135.876305
70
0
0
VERTEX
8
Layer 1
10
42.791971
20
136.207586
70
0
0
VERTEX
8
Layer 1
10
42.452423
20
136.397204
70
0
0
VERTEX
8
Layer 1
10
42.192249
20
136.242864
70
0
0
VERTEX
8
Layer 1
10
42.192249
20
136.242864
70
0
0
SEQEND
8
Layer 1
0
POLYLINE
8
Layer 1
62
7
70
0
10
0.000000
20
0.000000
66
1
0
VERTEX
8
Layer 1
10
54.186701
20
136.242864
70
0
0
VERTEX
8
Layer 1
10
54.155833
20
135.903315
70
0
0
VERTEX
8
Layer 1
10
54.363090
20
135.643141
70
0
0
VERTEX
8
Layer 1
10
54.716970
20
135.518015
70
0
0
VERTEX
8
Layer 1
10
54.945173
20
135.621092
70
0
0
VERTEX
8
Layer 1
10
54.988168
20
135.876305
70
0
0
VERTEX
8
Layer 1
10
54.786423
20
136.207586
70
0
0
VERTEX
8
Layer 1
10
54.446875
20
136.397204
70
0
0
VERTEX
8
Layer 1
10
54.186701
20
136.242864
70
0
0
VERTEX
8
Layer 1
10
54.186701
20
136.242864
70
0
0
SEQEND
8
Layer 1
0
POLYLINE
8
Layer 1
62
7
70
0
10
0.000000
20
0.000000
66
1
0
VERTEX
8
Layer 1
10
40.287248
20
135.502030
70
0
0
VERTEX
8
Layer 1
10
40.454817
20
135.197759
70
0
0
VERTEX
8
Layer 1
10
40.675303
20
135.078696
70
0
0
VERTEX
8
Layer 1
10
40.896892
20
135.179017
70
0
0
VERTEX
8
Layer 1
10
40.939887
20
135.378557
70
0
0
VERTEX
8
Layer 1
10
40.569470
20
135.784252
70
0
0
VERTEX
8
Layer 1
10
40.296067
20
135.748974
70
0
0
VERTEX
8
Layer 1
10
40.287248
20
135.502030
70
0
0
VERTEX
8
Layer 1
10
40.287248
20
135.502030
70
0
0
SEQEND
8
Layer 1
0
POLYLINE
8
Layer 1
62
7
70
0
10
0.000000
20
0.000000
66
1
0
VERTEX
8
Layer 1
10
56.162258
20
135.502030
70
0
0
VERTEX
8
Layer 1
10
56.321559
20
135.226973
70
0
0
VERTEX
8
Layer 1
10
56.537084
20
135.100745
70
0
0
VERTEX
8
Layer 1
10
56.732766
20
135.139881
70
0
0
VERTEX
8
Layer 1
10
56.832536
20
135.360919
70
0
0
VERTEX
8
Layer 1
10
56.444480
20
135.784252
70
0
0
VERTEX
8
Layer 1
10
56.171077
20
135.748974
70
0
0
VERTEX
8
Layer 1
10
56.162258
20
135.502030
70
0
0
VERTEX
8
Layer 1
10
56.162258
20
135.502030
70
0
0
SEQEND
8
Layer 1
0
POLYLINE
8
Layer 1
62
7
70
0
10
0.000000
20
0.000000
66
1
0
VERTEX
8
Layer 1
10
38.346969
20
134.902307
70
0
0
VERTEX
8
Layer 1
10
38.240584
20
134.650953
70
0
0
VERTEX
8
Layer 1
10
38.316101
20
134.373140
70
0
0
VERTEX
8
Layer 1
10
38.530523
20
134.148244
70
0
0
VERTEX
8
Layer 1
10
38.840858
20
134.055640
70
0
0
VERTEX
8
Layer 1
10
39.065754
20
134.214390
70
0
0
VERTEX
8
Layer 1
10
39.158358
20
134.584807
70
0
0
VERTEX
8
Layer 1
10
39.086149
20
134.912229
70
0
0
VERTEX
8
Layer 1
10
38.898184
20
135.087516
70
0
0
VERTEX
8
Layer 1
10
38.637459
20
135.090823
70
0
0
VERTEX
8
Layer 1
10
38.346969
20
134.902307
70
0
0
VERTEX
8
Layer 1
10
38.346969
20
134.902307
70
0
0
SEQEND
8
Layer 1
0
POLYLINE
8
Layer 1
62
7
70
0
10
0.000000
20
0.000000
66
1
0
VERTEX
8
Layer 1
10
58.102537
20
134.902307
70
0
0
VERTEX
8
Layer 1
10
57.996152
20
134.650953
70
0
0
VERTEX
8
Layer 1
10
58.071669
20
134.373140
70
0
0
VERTEX
8
Layer 1
10
58.286091
20
134.148244
70
0
0
VERTEX
8
Layer 1
10
58.596426
20
134.055640
70
0
0
VERTEX
8
Layer 1
10
58.821322
20
134.214390
70
0
0
VERTEX
8
Layer 1
10
58.913926
20
134.584807
70
0
0
VERTEX
8
Layer 1
10
58.841717
20
134.912229
70
0
0
VERTEX
8
Layer 1
10
58.653752
20
135.087516
70
0
0
VERTEX
8
Layer 1
10
58.393027
20
135.090823
70
0
0
VERTEX
8
Layer 1
10
58.102537
20
134.902307
70
0
0
VERTEX
8
Layer 1
10
58.102537
20
134.902307
70
0
0
SEQEND
8
Layer 1
0
POLYLINE
8
Layer 1
62
7
70
0
10
0.000000
20
0.000000
66
1
0
VERTEX
8
Layer 1
10
36.547801
20
133.738140
70
0
0
VERTEX
8
Layer 1
10
36.481655
20
133.447098
70
0
0
VERTEX
8
Layer 1
10
36.653634
20
133.208973
70
0
0
VERTEX
8
Layer 1
10
36.944676
20
133.142827
70
0
0
VERTEX
8
Layer 1
10
37.182801
20
133.314806
70
0
0
VERTEX
8
Layer 1
10
37.248947
20
133.605848
70
0
0
VERTEX
8
Layer 1
10
37.076968
20
133.843973
70
0
0
VERTEX
8
Layer 1
10
36.785926
20
133.910119
70
0
0
VERTEX
8
Layer 1
10
36.547801
20
133.738140
70
0
0
VERTEX
8
Layer 1
10
36.547801
20
133.738140
70
0
0
SEQEND
8
Layer 1
0
POLYLINE
8
Layer 1
62
7
70
0
10
0.000000
20
0.000000
66
1
0
VERTEX
8
Layer 1
10
60.183927
20
133.738140
70
0
0
VERTEX
8
Layer 1
10
60.117781
20
133.447098
70
0
0
VERTEX
8
Layer 1
10
60.289760
20
133.208973
70
0
0
VERTEX
8
Layer 1
10
60.580802
20
133.142827
70
0
0
VERTEX
8
Layer 1
10
60.818927
20
133.314806
70
0
0
VERTEX
8
Layer 1
10
60.885073
20
133.605848
70
0
0
VERTEX
8
Layer 1
10
60.713094
20
133.843973
70
0
0
VERTEX
8
Layer 1
10
60.422052
20
133.910119
70
0
0
VERTEX
8
Layer 1
10
60.183927
20
133.738140
70
0
0
VERTEX
8
Layer 1
10
60.183927
20
133.738140
70
0
0
SEQEND
8
Layer 1
0
POLYLINE
8
Layer 1
62
7
70
0
10
0.000000
20
0.000000
66
1
0
VERTEX
8
Layer 1
10
34.783911
20
132.679806
70
0
0
VERTEX
8
Layer 1
10
34.717765
20
132.388764
70
0
0
VERTEX
8
Layer 1
10
34.889744
20
132.150639
70
0
0
VERTEX
8
Layer 1
10
35.180786
20
132.084493
70
0
0
VERTEX
8
Layer 1
10
35.418911
20
132.256472
70
0
0
VERTEX
8
Layer 1
10
35.485057
20
132.547514
70
0
0
VERTEX
8
Layer 1
10
35.313078
20
132.785639
70
0
0
VERTEX
8
Layer 1
10
35.022036
20
132.851785
70
0
0
VERTEX
8
Layer 1
10
34.783911
20
132.679806
70
0
0
VERTEX
8
Layer 1
10
34.783911
20
132.679806
70
0
0
SEQEND
8
Layer 1
0
POLYLINE
8
Layer 1
62
7
70
0
10
0.000000
20
0.000000
66
1
0
VERTEX
8
Layer 1
10
61.947817
20
132.679806
70
0
0
VERTEX
8
Layer 1
10
61.881671
20
132.388764
70
0
0
VERTEX
8
Layer 1
10
62.053650
20
132.150639
70
0
0
VERTEX
8
Layer 1
10
62.344692
20
132.084493
70
0
0
VERTEX
8
Layer 1
10
62.582817
20
132.256472
70
0
0
VERTEX
8
Layer 1
10
62.648963
20
132.547514
70
0
0
VERTEX
8
Layer 1
10
62.476984
20
132.785639
70
0
0
VERTEX
8
Layer 1
10
62.185942
20
132.851785
70
0
0
VERTEX
8
Layer 1
10
61.947817
20
132.679806
70
0
0
VERTEX
8
Layer 1
10
61.947817
20
132.679806
70
0
0
SEQEND
8
Layer 1
0
POLYLINE
8
Layer 1
62
7
70
0
10
0.000000
20
0.000000
66
1
0
VERTEX
8
Layer 1
10
32.984743
20
131.233416
70
0
0
VERTEX
8
Layer 1
10
32.997972
20
130.990881
70
0
0
VERTEX
8
Layer 1
10
33.302243
20
130.880638
70
0
0
VERTEX
8
Layer 1
10
33.703528
20
130.990881
70
0
0
VERTEX
8
Layer 1
10
33.866688
20
131.233416
70
0
0
VERTEX
8
Layer 1
10
33.774084
20
131.489180
70
0
0
VERTEX
8
Layer 1
10
33.549188
20
131.586194
70
0
0
VERTEX
8
Layer 1
10
33.227278
20
131.489180
70
0
0
VERTEX
8
Layer 1
10
32.984743
20
131.233416
70
0
0
VERTEX
8
Layer 1
10
32.984743
20
131.233416
70
0
0
SEQEND
8
Layer 1
0
POLYLINE
8
Layer 1
62
7
70
0
10
0.000000
20
0.000000
66
1
0
VERTEX
8
Layer 1
10
63.500040
20
131.233416
70
0
0
VERTEX
8
Layer 1
10
63.610283
20
130.990881
70
0
0
VERTEX
8
Layer 1
10
63.852818
20
130.880638
70
0
0
VERTEX
8
Layer 1
10
64.108582
20
130.990881
70
0
0
VERTEX
8
Layer 1
10
64.205596
20
131.233416
70
0
0
VERTEX
8
Layer 1
10
64.108582
20
131.489180
70
0
0
VERTEX
8
Layer 1
10
63.852818
20
131.586194
70
0
0
VERTEX
8
Layer 1
10
63.610283
20
131.489180
70
0
0
VERTEX
8
Layer 1
10
63.500040
20
131.233416
70
0
0
VERTEX
8
Layer 1
10
63.500040
20
131.233416
70
0
0
SEQEND
8
Layer 1
0
POLYLINE
8
Layer 1
62
7
70
0
10
0.000000
20
0.000000
66
1
0
VERTEX
8
Layer 1
10
31.573631
20
130.139804
70
0
0
VERTEX
8
Layer 1
10
31.448505
20
129.785924
70
0
0
VERTEX
8
Layer 1
10
31.551582
20
129.557720
70
0
0
VERTEX
8
Layer 1
10
31.806795
20
129.514726
70
0
0
VERTEX
8
Layer 1
10
32.138076
20
129.716471
70
0
0
VERTEX
8
Layer 1
10
32.327694
20
130.056019
70
0
0
VERTEX
8
Layer 1
10
32.173354
20
130.316193
70
0
0
VERTEX
8
Layer 1
10
31.833805
20
130.347061
70
0
0
VERTEX
8
Layer 1
10
31.573631
20
130.139804
70
0
0
VERTEX
8
Layer 1
10
31.573631
20
130.139804
70
0
0
SEQEND
8
Layer 1
0
POLYLINE
8
Layer 1
62
7
70
0
10
0.000000
20
0.000000
66
1
0
VERTEX
8
Layer 1
10
65.122819
20
130.280915
70
0
0
VERTEX
8
Layer 1
10
64.934303
20
129.990425
70
0
0
VERTEX
8
Layer 1
10
64.937610
20
129.729700
70
0
0
VERTEX
8
Layer 1
10
65.112897
20
129.541735
70
0
0
VERTEX
8
Layer 1
10
65.440319
20
129.469526
70
0
0
VERTEX
8
Layer 1
10
65.810736
20
129.562130
70
0
0
VERTEX
8
Layer 1
10
65.969486
20
129.787026
70
0
0
VERTEX
8
Layer 1
10
65.876882
20
130.097361
70
0
0
VERTEX
8
Layer 1
10
65.651986
20
130.311783
70
0
0
VERTEX
8
Layer 1
10
65.374173
20
130.387300
70
0
0
VERTEX
8
Layer 1
10
65.122819
20
130.280915
70
0
0
VERTEX
8
Layer 1
10
65.122819
20
130.280915
70
0
0
SEQEND
8
Layer 1
0
POLYLINE
8
Layer 1
62
7
70
0
10
0.000000
20
0.000000
66
1
0
VERTEX
8
Layer 1
10
30.056686
20
128.446470
70
0
0
VERTEX
8
Layer 1
10
30.224255
20
128.142199
70
0
0
VERTEX
8
Layer 1
10
30.444741
20
128.023136
70
0
0
VERTEX
8
Layer 1
10
30.666330
20
128.123457
70
0
0
VERTEX
8
Layer 1
10
30.709325
20
128.322997
70
0
0
VERTEX
8
Layer 1
10
30.338908
20
128.728692
70
0
0
VERTEX
8
Layer 1
10
30.065505
20
128.693414
70
0
0
VERTEX
8
Layer 1
10
30.056686
20
128.446470
70
0
0
VERTEX
8
Layer 1
10
30.056686
20
128.446470
70
0
0
SEQEND
8
Layer 1
0
POLYLINE
8
Layer 1
62
7
70
0
10
0.000000
20
0.000000
66
1
0
VERTEX
8
Layer 1
10
66.498653
20
128.446470
70
0
0
VERTEX
8
Layer 1
10
66.464478
20
128.160940
70
0
0
VERTEX
8
Layer 1
10
66.622125
20
127.934942
70
0
0
VERTEX
8
Layer 1
10
66.885606
20
127.841235
70
0
0
VERTEX
8
Layer 1
10
67.168931
20
127.952581
70
0
0
VERTEX
8
Layer 1
10
67.367369
20
128.477338
70
0
0
VERTEX
8
Layer 1
10
67.273111
20
128.681839
70
0
0
VERTEX
8
Layer 1
10
67.063098
20
128.763970
70
0
0
VERTEX
8
Layer 1
10
66.754417
20
128.671366
70
0
0
VERTEX
8
Layer 1
10
66.498653
20
128.446470
70
0
0
VERTEX
8
Layer 1
10
66.498653
20
128.446470
70
0
0
SEQEND
8
Layer 1
0
POLYLINE
8
Layer 1
62
7
70
0
10
0.000000
20
0.000000
66
1
0
VERTEX
8
Layer 1
10
41.663082
20
121.179243
70
0
0
VERTEX
8
Layer 1
10
37.076968
20
119.909242
70
0
0
VERTEX
8
Layer 1
10
34.325299
20
119.133131
70
0
0
VERTEX
8
Layer 1
10
34.003389
20
119.040526
70
0
0
VERTEX
8
Layer 1
10
33.866688
20
118.815630
70
0
0
VERTEX
8
Layer 1
10
33.976931
20
118.621602
70
0
0
VERTEX
8
Layer 1
10
34.219466
20
118.533408
70
0
0
VERTEX
8
Layer 1
10
34.475230
20
118.277644
70
0
0
VERTEX
8
Layer 1
10
34.572244
20
117.651463
70
0
0
VERTEX
8
Layer 1
10
34.730994
20
116.959136
70
0
0
VERTEX
8
Layer 1
10
35.101411
20
116.557851
70
0
0
VERTEX
8
Layer 1
10
35.418911
20
116.253580
70
0
0
VERTEX
8
Layer 1
10
35.207244
20
115.711184
70
0
0
VERTEX
8
Layer 1
10
34.958095
20
115.035394
70
0
0
VERTEX
8
Layer 1
10
35.066133
20
114.458822
70
0
0
VERTEX
8
Layer 1
10
35.465213
20
114.093917
70
0
0
VERTEX
8
Layer 1
10
36.089189
20
114.053127
70
0
0
VERTEX
8
Layer 1
10
39.511136
20
114.864517
70
0
0
VERTEX
8
Layer 1
10
41.277231
20
115.163827
70
0
0
VERTEX
8
Layer 1
10
43.512961
20
115.373840
70
0
0
VERTEX
8
Layer 1
10
48.798017
20
115.525976
70
0
0
VERTEX
8
Layer 1
10
54.175676
20
115.320923
70
0
0
VERTEX
8
Layer 1
10
56.527162
20
115.084452
70
0
0
VERTEX
8
Layer 1
10
58.455315
20
114.758683
70
0
0
VERTEX
8
Layer 1
10
61.176115
20
114.264794
70
0
0
VERTEX
8
Layer 1
10
61.794028
20
114.302277
70
0
0
VERTEX
8
Layer 1
10
62.124206
20
114.511739
70
0
0
VERTEX
8
Layer 1
10
62.309414
20
115.023267
70
0
0
VERTEX
8
Layer 1
10
62.124206
20
115.640628
70
0
0
VERTEX
8
Layer 1
10
61.943407
20
116.231532
70
0
0
VERTEX
8
Layer 1
10
62.265317
20
116.557851
70
0
0
VERTEX
8
Layer 1
10
62.635734
20
116.937088
70
0
0
VERTEX
8
Layer 1
10
62.794484
20
117.580907
70
0
0
VERTEX
8
Layer 1
10
62.931185
20
118.295283
70
0
0
VERTEX
8
Layer 1
10
63.253095
20
118.850908
70
0
0
VERTEX
8
Layer 1
10
63.429484
20
119.137540
70
0
0
VERTEX
8
Layer 1
10
63.288373
20
119.133131
70
0
0
VERTEX
8
Layer 1
10
62.331463
20
119.243374
70
0
0
VERTEX
8
Layer 1
10
60.501427
20
119.803409
70
0
0
VERTEX
8
Layer 1
10
58.495347
20
120.412364
70
0
0
VERTEX
8
Layer 1
10
56.193677
20
120.911352
70
0
0
VERTEX
8
Layer 1
10
51.095484
20
121.549660
70
0
0
VERTEX
8
Layer 1
10
45.990676
20
121.658801
70
0
0
VERTEX
8
Layer 1
10
43.680738
20
121.496330
70
0
0
VERTEX
8
Layer 1
10
41.663082
20
121.179243
70
0
0
VERTEX
8
Layer 1
10
41.663082
20
121.179243
70
0
0
SEQEND
8
Layer 1
0
POLYLINE
8
Layer 1
62
7
70
0
10
0.000000
20
0.000000
66
1
0
VERTEX
8
Layer 1
10
52.352255
20
119.838687
70
0
0
VERTEX
8
Layer 1
10
52.784408
20
119.380075
70
0
0
VERTEX
8
Layer 1
10
52.422811
20
118.921464
70
0
0
VERTEX
8
Layer 1
10
51.977429
20
118.723026
70
0
0
VERTEX
8
Layer 1
10
51.188088
20
118.603964
70
0
0
VERTEX
8
Layer 1
10
48.365864
20
118.603964
70
0
0
VERTEX
8
Layer 1
10
46.178089
20
118.701529
70
0
0
VERTEX
8
Layer 1
10
44.965966
20
118.881776
70
0
0
VERTEX
8
Layer 1
10
44.501291
20
119.214159
70
0
0
VERTEX
8
Layer 1
10
44.555861
20
119.768131
70
0
0
VERTEX
8
Layer 1
10
44.932824
20
120.002673
70
0
0
VERTEX
8
Layer 1
10
45.759165
20
120.176031
70
0
0
VERTEX
8
Layer 1
10
48.202704
20
120.332576
70
0
0
VERTEX
8
Layer 1
10
50.771920
20
120.224538
70
0
0
VERTEX
8
Layer 1
10
51.755358
20
120.067165
70
0
0
VERTEX
8
Layer 1
10
52.352255
20
119.838687
70
0
0
VERTEX
8
Layer 1
10
52.352255
20
119.838687
70
0
0
SEQEND
8
Layer 1
0
POLYLINE
8
Layer 1
62
7
70
0
10
0.000000
20
0.000000
66
1
0
VERTEX
8
Layer 1
10
42.545027
20
119.556464
70
0
0
VERTEX
8
Layer 1
10
42.634324
20
119.162345
70
0
0
VERTEX
8
Layer 1
10
42.386277
20
118.837679
70
0
0
VERTEX
8
Layer 1
10
41.820729
20
118.599003
70
0
0
VERTEX
8
Layer 1
10
40.957526
20
118.462852
70
0
0
VERTEX
8
Layer 1
10
40.088810
20
118.509706
70
0
0
VERTEX
8
Layer 1
10
39.643428
20
118.784762
70
0
0
VERTEX
8
Layer 1
10
39.687525
20
119.172267
70
0
0
VERTEX
8
Layer 1
10
40.287248
20
119.556464
70
0
0
VERTEX
8
Layer 1
10
41.733637
20
119.900423
70
0
0
VERTEX
8
Layer 1
10
42.231936
20
119.814433
70
0
0
VERTEX
8
Layer 1
10
42.545027
20
119.556464
70
0
0
VERTEX
8
Layer 1
10
42.545027
20
119.556464
70
0
0
SEQEND
8
Layer 1
0
POLYLINE
8
Layer 1
62
7
70
0
10
0.000000
20
0.000000
66
1
0
VERTEX
8
Layer 1
10
57.679203
20
119.203686
70
0
0
VERTEX
8
Layer 1
10
57.861104
20
118.809567
70
0
0
VERTEX
8
Layer 1
10
57.573370
20
118.511359
70
0
0
VERTEX
8
Layer 1
10
56.915218
20
118.365287
70
0
0
VERTEX
8
Layer 1
10
55.985869
20
118.427575
70
0
0
VERTEX
8
Layer 1
10
54.962812
20
118.723026
70
0
0
VERTEX
8
Layer 1
10
54.745633
20
118.968317
70
0
0
VERTEX
8
Layer 1
10
54.680590
20
119.309520
70
0
0
VERTEX
8
Layer 1
10
54.721380
20
119.678834
70
0
0
VERTEX
8
Layer 1
10
54.901076
20
119.856325
70
0
0
VERTEX
8
Layer 1
10
56.021146
20
119.768131
70
0
0
VERTEX
8
Layer 1
10
57.035383
20
119.512367
70
0
0
VERTEX
8
Layer 1
10
57.679203
20
119.203686
70
0
0
VERTEX
8
Layer 1
10
57.679203
20
119.203686
70
0
0
SEQEND
8
Layer 1
0
POLYLINE
8
Layer 1
62
7
70
0
10
0.000000
20
0.000000
66
1
0
VERTEX
8
Layer 1
10
37.253357
20
118.145352
70
0
0
VERTEX
8
Layer 1
10
37.326668
20
117.789267
70
0
0
VERTEX
8
Layer 1
10
37.125475
20
117.466255
70
0
0
VERTEX
8
Layer 1
10
35.912800
20
116.945907
70
0
0
VERTEX
8
Layer 1
10
35.127869
20
116.853303
70
0
0
VERTEX
8
Layer 1
10
34.970222
20
116.990555
70
0
0
VERTEX
8
Layer 1
10
34.925022
20
117.263407
70
0
0
VERTEX
8
Layer 1
10
35.158737
20
117.774935
70
0
0
VERTEX
8
Layer 1
10
35.736411
20
118.180630
70
0
0
VERTEX
8
Layer 1
10
36.785926
20
118.493720
70
0
0
VERTEX
8
Layer 1
10
37.046100
20
118.403872
70
0
0
VERTEX
8
Layer 1
10
37.253357
20
118.145352
70
0
0
VERTEX
8
Layer 1
10
37.253357
20
118.145352
70
0
0
SEQEND
8
Layer 1
0
POLYLINE
8
Layer 1
62
7
70
0
10
0.000000
20
0.000000
66
1
0
VERTEX
8
Layer 1
10
61.524483
20
118.180630
70
0
0
VERTEX
8
Layer 1
10
62.074596
20
117.826198
70
0
0
VERTEX
8
Layer 1
10
62.406428
20
117.356011
70
0
0
VERTEX
8
Layer 1
10
62.447218
20
116.945356
70
0
0
VERTEX
8
Layer 1
10
62.124206
20
116.769518
70
0
0
VERTEX
8
Layer 1
10
61.430777
20
116.892990
70
0
0
VERTEX
8
Layer 1
10
60.730733
20
117.201671
70
0
0
VERTEX
8
Layer 1
10
60.189439
20
117.602956
70
0
0
VERTEX
8
Layer 1
10
59.972260
20
118.004241
70
0
0
VERTEX
8
Layer 1
10
60.041162
20
118.369146
70
0
0
VERTEX
8
Layer 1
10
60.285350
20
118.515769
70
0
0
VERTEX
8
Layer 1
10
61.524483
20
118.180630
70
0
0
VERTEX
8
Layer 1
10
61.524483
20
118.180630
70
0
0
SEQEND
8
Layer 1
0
POLYLINE
8
Layer 1
62
7
70
0
10
0.000000
20
0.000000
66
1
0
VERTEX
8
Layer 1
10
54.680590
20
117.298685
70
0
0
VERTEX
8
Layer 1
10
59.447503
20
116.456428
70
0
0
VERTEX
8
Layer 1
10
60.698211
20
116.023723
70
0
0
VERTEX
8
Layer 1
10
61.383372
20
115.534795
70
0
0
VERTEX
8
Layer 1
10
61.685438
20
115.022716
70
0
0
VERTEX
8
Layer 1
10
61.628939
20
114.875610
70
0
0
VERTEX
8
Layer 1
10
61.418650
20
114.798371
70
0
0
VERTEX
8
Layer 1
10
60.490403
20
114.845224
70
0
0
VERTEX
8
Layer 1
10
58.808093
20
115.146739
70
0
0
VERTEX
8
Layer 1
10
53.859830
20
115.886471
70
0
0
VERTEX
8
Layer 1
10
48.696593
20
116.143337
70
0
0
VERTEX
8
Layer 1
10
43.553200
20
115.910724
70
0
0
VERTEX
8
Layer 1
10
38.664469
20
115.182017
70
0
0
VERTEX
8
Layer 1
10
35.996585
20
114.705767
70
0
0
VERTEX
8
Layer 1
10
35.673022
20
114.824829
70
0
0
VERTEX
8
Layer 1
10
35.630578
20
115.182017
70
0
0
VERTEX
8
Layer 1
10
35.954555
20
115.585025
70
0
0
VERTEX
8
Layer 1
10
36.853174
20
116.011597
70
0
0
VERTEX
8
Layer 1
10
39.934470
20
116.844483
70
0
0
VERTEX
8
Layer 1
10
43.994724
20
117.498776
70
0
0
VERTEX
8
Layer 1
10
48.154197
20
117.792574
70
0
0
VERTEX
8
Layer 1
10
51.232185
20
117.651463
70
0
0
VERTEX
8
Layer 1
10
54.680590
20
117.298685
70
0
0
VERTEX
8
Layer 1
10
54.680590
20
117.298685
70
0
0
SEQEND
8
Layer 1
0
POLYLINE
8
Layer 1
62
7
70
0
10
0.000000
20
0.000000
66
1
0
VERTEX
8
Layer 1
10
10.230562
20
91.828113
70
0
0
VERTEX
8
Layer 1
10
10.340805
20
75.935464
70
0
0
VERTEX
8
Layer 1
10
10.583340
20
67.556987
70
0
0
VERTEX
8
Layer 1
10
11.002755
20
64.511357
70
0
0
VERTEX
8
Layer 1
10
11.572290
20
61.487896
70
0
0
VERTEX
8
Layer 1
10
13.156966
20
55.516784
70
0
0
VERTEX
8
Layer 1
10
15.327860
20
49.662254
70
0
0
VERTEX
8
Layer 1
10
18.075463
20
43.942910
70
0
0
VERTEX
8
Layer 1
10
21.390267
20
38.377354
70
0
0
VERTEX
8
Layer 1
10
25.262763
20
32.984192
70
0
0
VERTEX
8
Layer 1
10
29.683444
20
27.782025
70
0
0
VERTEX
8
Layer 1
10
34.642800
20
22.789459
70
0
0
VERTEX
8
Layer 1
10
37.939069
20
19.895026
70
0
0
VERTEX
8
Layer 1
10
41.751276
20
16.805462
70
0
0
VERTEX
8
Layer 1
10
45.298900
20
14.132617
70
0
0
VERTEX
8
Layer 1
10
47.801419
20
12.488341
70
0
0
VERTEX
8
Layer 1
10
49.000864
20
11.853341
70
0
0
VERTEX
8
Layer 1
10
51.928922
20
13.828898
70
0
0
VERTEX
8
Layer 1
10
55.182799
20
16.153503
70
0
0
VERTEX
8
Layer 1
10
58.312963
20
18.597946
70
0
0
VERTEX
8
Layer 1
10
61.313936
20
21.154734
70
0
0
VERTEX
8
Layer 1
10
64.180240
20
23.816374
70
0
0
VERTEX
8
Layer 1
10
66.906398
20
26.575371
70
0
0
VERTEX
8
Layer 1
10
69.486931
20
29.424235
70
0
0
VERTEX
8
Layer 1
10
71.916362
20
32.355470
70
0
0
VERTEX
8
Layer 1
10
74.189213
20
35.361585
70
0
0
VERTEX
8
Layer 1
10
76.300008
20
38.435086
70
0
0
VERTEX
8
Layer 1
10
78.243267
20
41.568479
70
0
0
VERTEX
8
Layer 1
10
80.013513
20
44.754273
70
0
0
VERTEX
8
Layer 1
10
81.605268
20
47.984974
70
0
0
VERTEX
8
Layer 1
10
83.013056
20
51.253088
70
0
0
VERTEX
8
Layer 1
10
84.231397
20
54.551123
70
0
0
VERTEX
8
Layer 1
10
85.254815
20
57.871586
70
0
0
VERTEX
8
Layer 1
10
86.077832
20
61.206983
70
0
0
VERTEX
8
Layer 1
10
86.804334
20
65.507567
70
0
0
VERTEX
8
Layer 1
10
87.233180
20
70.978934
70
0
0
VERTEX
8
Layer 1
10
87.437130
20
79.334260
70
0
0
VERTEX
8
Layer 1
10
87.488944
20
92.286725
70
0
0
VERTEX
8
Layer 1
10
87.488944
20
112.888960
70
0
0
VERTEX
8
Layer 1
10
48.859753
20
112.888960
70
0
0
VERTEX
8
Layer 1
10
10.230562
20
112.888960
70
0
0
VERTEX
8
Layer 1
10
10.230562
20
91.828113
70
0
0
VERTEX
8
Layer 1
10
10.230562
20
91.828113
70
0
0
SEQEND
8
Layer 1
0
POLYLINE
8
Layer 1
62
7
70
0
10
0.000000
20
0.000000
66
1
0
VERTEX
8
Layer 1
10
76.658659
20
109.749236
70
0
0
VERTEX
8
Layer 1
10
77.659667
20
109.612534
70
0
0
VERTEX
8
Layer 1
10
78.951716
20
109.819791
70
0
0
VERTEX
8
Layer 1
10
80.261405
20
110.027048
70
0
0
VERTEX
8
Layer 1
10
81.280051
20
109.784514
70
0
0
VERTEX
8
Layer 1
10
81.795438
20
109.494023
70
0
0
VERTEX
8
Layer 1
10
82.069392
20
109.048090
70
0
0
VERTEX
8
Layer 1
10
82.197274
20
106.750623
70
0
0
VERTEX
8
Layer 1
10
82.091441
20
104.735378
70
0
0
VERTEX
8
Layer 1
10
81.959149
20
104.195738
70
0
0
VERTEX
8
Layer 1
10
81.773940
20
103.963677
70
0
0
VERTEX
8
Layer 1
10
81.588732
20
103.804926
70
0
0
VERTEX
8
Layer 1
10
81.879774
20
103.752010
70
0
0
VERTEX
8
Layer 1
10
82.417760
20
103.557982
70
0
0
VERTEX
8
Layer 1
10
82.902830
20
103.152287
70
0
0
VERTEX
8
Layer 1
10
83.083078
20
102.877782
70
0
0
VERTEX
8
Layer 1
10
82.916059
20
102.728954
70
0
0
VERTEX
8
Layer 1
10
81.103662
20
102.728954
70
0
0
VERTEX
8
Layer 1
10
79.291265
20
102.693676
70
0
0
VERTEX
8
Layer 1
10
78.767059
20
102.560282
70
0
0
VERTEX
8
Layer 1
10
78.457827
20
102.340898
70
0
0
VERTEX
8
Layer 1
10
77.972757
20
102.058675
70
0
0
VERTEX
8
Layer 1
10
77.328938
20
102.093953
70
0
0
VERTEX
8
Layer 1
10
76.795912
20
102.369561
70
0
0
VERTEX
8
Layer 1
10
76.583694
20
102.684856
70
0
0
VERTEX
8
Layer 1
10
76.708820
20
102.986923
70
0
0
VERTEX
8
Layer 1
10
77.187826
20
103.222843
70
0
0
VERTEX
8
Layer 1
10
78.501924
20
103.760829
70
0
0
VERTEX
8
Layer 1
10
78.815015
20
103.947140
70
0
0
VERTEX
8
Layer 1
10
78.598938
20
103.928399
70
0
0
VERTEX
8
Layer 1
10
78.118278
20
103.928399
70
0
0
VERTEX
8
Layer 1
10
77.928660
20
104.351732
70
0
0
VERTEX
8
Layer 1
10
77.862514
20
104.744198
70
0
0
VERTEX
8
Layer 1
10
77.716993
20
104.316455
70
0
0
VERTEX
8
Layer 1
10
77.417132
20
103.879892
70
0
0
VERTEX
8
Layer 1
10
76.799771
20
103.893121
70
0
0
VERTEX
8
Layer 1
10
76.323520
20
103.972496
70
0
0
VERTEX
8
Layer 1
10
76.482270
20
103.787288
70
0
0
VERTEX
8
Layer 1
10
76.721636
20
103.555157
70
0
0
VERTEX
8
Layer 1
10
76.763390
20
103.339149
70
0
0
VERTEX
8
Layer 1
10
76.323520
20
102.980308
70
0
0
VERTEX
8
Layer 1
10
75.301567
20
102.760373
70
0
0
VERTEX
8
Layer 1
10
73.836435
20
102.728954
70
0
0
VERTEX
8
Layer 1
10
71.790323
20
102.834787
70
0
0
VERTEX
8
Layer 1
10
71.684490
20
105.939233
70
0
0
VERTEX
8
Layer 1
10
71.715358
20
108.439547
70
0
0
VERTEX
8
Layer 1
10
71.868044
20
108.890993
70
0
0
VERTEX
8
Layer 1
10
72.143101
20
109.008402
70
0
0
VERTEX
8
Layer 1
10
72.404377
20
108.898710
70
0
0
VERTEX
8
Layer 1
10
72.566435
20
108.501284
70
0
0
VERTEX
8
Layer 1
10
72.672268
20
106.433123
70
0
0
VERTEX
8
Layer 1
10
72.553205
20
104.422288
70
0
0
VERTEX
8
Layer 1
10
72.248934
20
103.363954
70
0
0
VERTEX
8
Layer 1
10
71.993170
20
103.042044
70
0
0
VERTEX
8
Layer 1
10
72.425323
20
103.328676
70
0
0
VERTEX
8
Layer 1
10
72.712507
20
103.685313
70
0
0
VERTEX
8
Layer 1
10
72.897164
20
104.250309
70
0
0
VERTEX
8
Layer 1
10
73.025046
20
106.468400
70
0
0
VERTEX
8
Layer 1
10
73.157338
20
108.668853
70
0
0
VERTEX
8
Layer 1
10
73.352468
20
109.231644
70
0
0
VERTEX
8
Layer 1
10
73.660046
20
109.572847
70
0
0
VERTEX
8
Layer 1
10
74.257564
20
109.903025
70
0
0
VERTEX
8
Layer 1
10
74.974144
20
110.044687
70
0
0
VERTEX
8
Layer 1
10
75.783329
20
109.994527
70
0
0
VERTEX
8
Layer 1
10
76.658659
20
109.749236
70
0
0
VERTEX
8
Layer 1
10
76.658659
20
109.749236
70
0
0
SEQEND
8
Layer 1
0
POLYLINE
8
Layer 1
62
7
70
0
10
0.000000
20
0.000000
66
1
0
VERTEX
8
Layer 1
10
19.332234
20
109.290624
70
0
0
VERTEX
8
Layer 1
10
19.755568
20
109.052499
70
0
0
VERTEX
8
Layer 1
10
20.178902
20
109.290624
70
0
0
VERTEX
8
Layer 1
10
20.800673
20
109.566783
70
0
0
VERTEX
8
Layer 1
10
21.792861
20
109.700729
70
0
0
VERTEX
8
Layer 1
10
22.877653
20
109.682539
70
0
0
VERTEX
8
Layer 1
10
23.777237
20
109.502291
70
0
0
VERTEX
8
Layer 1
10
24.045128
20
109.268025
70
0
0
VERTEX
8
Layer 1
10
24.227029
20
108.765867
70
0
0
VERTEX
8
Layer 1
10
24.412238
20
106.574234
70
0
0
VERTEX
8
Layer 1
10
24.482793
20
103.893121
70
0
0
VERTEX
8
Layer 1
10
24.588627
20
106.397845
70
0
0
VERTEX
8
Layer 1
10
24.813523
20
108.505693
70
0
0
VERTEX
8
Layer 1
10
25.040072
20
108.779096
70
0
0
VERTEX
8
Layer 1
10
25.435294
20
108.761457
70
0
0
VERTEX
8
Layer 1
10
25.811774
20
108.571839
70
0
0
VERTEX
8
Layer 1
10
26.012968
20
108.117638
70
0
0
VERTEX
8
Layer 1
10
26.035016
20
105.515900
70
0
0
VERTEX
8
Layer 1
10
25.929183
20
102.482009
70
0
0
VERTEX
8
Layer 1
10
23.636126
20
102.376176
70
0
0
VERTEX
8
Layer 1
10
22.339116
20
102.356332
70
0
0
VERTEX
8
Layer 1
10
21.567965
20
102.455551
70
0
0
VERTEX
8
Layer 1
10
21.081242
20
102.753207
70
0
0
VERTEX
8
Layer 1
10
20.637513
20
103.328676
70
0
0
VERTEX
8
Layer 1
10
19.967235
20
104.387010
70
0
0
VERTEX
8
Layer 1
10
18.944179
20
103.328676
70
0
0
VERTEX
8
Layer 1
10
18.346661
20
102.763129
70
0
0
VERTEX
8
Layer 1
10
17.788831
20
102.455551
70
0
0
VERTEX
8
Layer 1
10
17.059021
20
102.346410
70
0
0
VERTEX
8
Layer 1
10
15.945566
20
102.376176
70
0
0
VERTEX
8
Layer 1
10
13.934731
20
102.482009
70
0
0
VERTEX
8
Layer 1
10
13.828898
20
105.515900
70
0
0
VERTEX
8
Layer 1
10
13.859766
20
108.025033
70
0
0
VERTEX
8
Layer 1
10
14.012452
20
108.547035
70
0
0
VERTEX
8
Layer 1
10
14.287509
20
108.761457
70
0
0
VERTEX
8
Layer 1
10
14.563668
20
108.773584
70
0
0
VERTEX
8
Layer 1
10
14.724072
20
108.461596
70
0
0
VERTEX
8
Layer 1
10
14.816676
20
106.362567
70
0
0
VERTEX
8
Layer 1
10
14.922509
20
104.184163
70
0
0
VERTEX
8
Layer 1
10
15.114332
20
103.822565
70
0
0
VERTEX
8
Layer 1
10
15.451676
20
103.752010
70
0
0
VERTEX
8
Layer 1
10
15.764767
20
103.818156
70
0
0
VERTEX
8
Layer 1
10
15.628065
20
103.963677
70
0
0
VERTEX
8
Layer 1
10
15.431213
20
104.230189
70
0
0
VERTEX
8
Layer 1
10
15.290170
20
104.805934
70
0
0
VERTEX
8
Layer 1
10
15.173864
20
106.494859
70
0
0
VERTEX
8
Layer 1
10
15.275839
20
108.249929
70
0
0
VERTEX
8
Layer 1
10
15.592788
20
109.290624
70
0
0
VERTEX
8
Layer 1
10
16.315982
20
109.594895
70
0
0
VERTEX
8
Layer 1
10
17.462511
20
109.713958
70
0
0
VERTEX
8
Layer 1
10
18.609040
20
109.594895
70
0
0
VERTEX
8
Layer 1
10
19.332234
20
109.290624
70
0
0
VERTEX
8
Layer 1
10
19.332234
20
109.290624
70
0
0
SEQEND
8
Layer 1
0
POLYLINE
8
Layer 1
62
7
70
0
10
0.000000
20
0.000000
66
1
0
VERTEX
8
Layer 1
10
67.486431
20
102.093953
70
0
0
VERTEX
8
Layer 1
10
85.725054
20
94.438671
70
0
0
VERTEX
8
Layer 1
10
85.725054
20
89.182278
70
0
0
VERTEX
8
Layer 1
10
85.583943
20
83.961164
70
0
0
VERTEX
8
Layer 1
10
67.380598
20
91.545891
70
0
0
VERTEX
8
Layer 1
10
48.859753
20
99.130618
70
0
0
VERTEX
8
Layer 1
10
43.206486
20
96.899297
70
0
0
VERTEX
8
Layer 1
10
30.303630
20
91.545891
70
0
0
VERTEX
8
Layer 1
10
11.923896
20
83.961164
70
0
0
VERTEX
8
Layer 1
10
11.738688
20
85.482519
70
0
0
VERTEX
8
Layer 1
10
11.712230
20
89.147001
70
0
0
VERTEX
8
Layer 1
10
11.818063
20
94.368115
70
0
0
VERTEX
8
Layer 1
10
29.986130
20
102.023398
70
0
0
VERTEX
8
Layer 1
10
48.683364
20
109.713958
70
0
0
VERTEX
8
Layer 1
10
54.420416
20
107.478227
70
0
0
VERTEX
8
Layer 1
10
67.486431
20
102.093953
70
0
0
VERTEX
8
Layer 1
10
67.486431
20
102.093953
70
0
0
SEQEND
8
Layer 1
0
POLYLINE
8
Layer 1
62
7
70
0
10
0.000000
20
0.000000
66
1
0
VERTEX
8
Layer 1
10
83.890608
20
105.657011
70
0
0
VERTEX
8
Layer 1
10
83.996442
20
102.517287
70
0
0
VERTEX
8
Layer 1
10
83.255608
20
103.187565
70
0
0
VERTEX
8
Layer 1
10
82.892357
20
103.610347
70
0
0
VERTEX
8
Layer 1
10
82.677934
20
104.188573
70
0
0
VERTEX
8
Layer 1
10
82.550052
20
106.433123
70
0
0
VERTEX
8
Layer 1
10
82.655885
20
108.598298
70
0
0
VERTEX
8
Layer 1
10
82.847708
20
108.918554
70
0
0
VERTEX
8
Layer 1
10
83.185052
20
108.937846
70
0
0
VERTEX
8
Layer 1
10
83.488772
20
108.757599
70
0
0
VERTEX
8
Layer 1
10
83.683351
20
108.263158
70
0
0
VERTEX
8
Layer 1
10
83.890608
20
105.657011
70
0
0
VERTEX
8
Layer 1
10
83.890608
20
105.657011
70
0
0
SEQEND
8
Layer 1
0
POLYLINE
8
Layer 1
62
7
70
0
10
0.000000
20
0.000000
66
1
0
VERTEX
8
Layer 1
10
20.637513
20
102.658398
70
0
0
VERTEX
8
Layer 1
10
20.447895
20
102.254908
70
0
0
VERTEX
8
Layer 1
10
19.993693
20
102.023398
70
0
0
VERTEX
8
Layer 1
10
19.446887
20
102.003554
70
0
0
VERTEX
8
Layer 1
10
18.979456
20
102.235064
70
0
0
VERTEX
8
Layer 1
10
18.794248
20
102.609891
70
0
0
VERTEX
8
Layer 1
10
18.873623
20
103.011176
70
0
0
VERTEX
8
Layer 1
10
19.298059
20
103.283477
70
0
0
VERTEX
8
Layer 1
10
19.887860
20
103.284579
70
0
0
VERTEX
8
Layer 1
10
20.411515
20
103.060785
70
0
0
VERTEX
8
Layer 1
10
20.637513
20
102.658398
70
0
0
VERTEX
8
Layer 1
10
20.637513
20
102.658398
70
0
0
SEQEND
8
Layer 1
0
POLYLINE
8
Layer 1
62
7
70
0
10
0.000000
20
0.000000
66
1
0
VERTEX
8
Layer 1
10
50.835310
20
92.498392
70
0
0
VERTEX
8
Layer 1
10
51.942151
20
91.589988
70
0
0
VERTEX
8
Layer 1
10
53.340034
20
90.205335
70
0
0
VERTEX
8
Layer 1
10
54.255052
20
89.277087
70
0
0
VERTEX
8
Layer 1
10
54.945173
20
88.785403
70
0
0
VERTEX
8
Layer 1
10
55.661754
20
88.597990
70
0
0
VERTEX
8
Layer 1
10
56.656147
20
88.582556
70
0
0
VERTEX
8
Layer 1
10
58.211677
20
88.513654
70
0
0
VERTEX
8
Layer 1
10
59.390176
20
88.243007
70
0
0
VERTEX
8
Layer 1
10
60.039508
20
87.833454
70
0
0
VERTEX
8
Layer 1
10
60.118194
20
87.596224
70
0
0
VERTEX
8
Layer 1
10
60.007538
20
87.347833
70
0
0
VERTEX
8
Layer 1
10
59.223709
20
86.855046
70
0
0
VERTEX
8
Layer 1
10
58.076078
20
86.606999
70
0
0
VERTEX
8
Layer 1
10
56.782926
20
86.623535
70
0
0
VERTEX
8
Layer 1
10
55.562535
20
86.924499
70
0
0
VERTEX
8
Layer 1
10
54.483806
20
87.334052
70
0
0
VERTEX
8
Layer 1
10
53.732499
20
87.449256
70
0
0
VERTEX
8
Layer 1
10
53.146557
20
87.266804
70
0
0
VERTEX
8
Layer 1
10
52.563922
20
86.783388
70
0
0
VERTEX
8
Layer 1
10
52.114750
20
86.476292
70
0
0
VERTEX
8
Layer 1
10
51.503934
20
86.244850
70
0
0
VERTEX
8
Layer 1
10
50.090066
20
86.020506
70
0
0
VERTEX
8
Layer 1
10
48.907709
20
86.133505
70
0
0
VERTEX
8
Layer 1
10
48.586281
20
86.323743
70
0
0
VERTEX
8
Layer 1
10
48.542253
20
86.606999
70
0
0
VERTEX
8
Layer 1
10
48.551072
20
87.003874
70
0
0
VERTEX
8
Layer 1
10
48.189475
20
87.136166
70
0
0
VERTEX
8
Layer 1
10
46.319751
20
86.606999
70
0
0
VERTEX
8
Layer 1
10
44.885488
20
86.167129
70
0
0
VERTEX
8
Layer 1
10
43.788569
20
86.104290
70
0
0
VERTEX
8
Layer 1
10
43.430693
20
86.208057
70
0
0
VERTEX
8
Layer 1
10
43.234046
20
86.398639
70
0
0
VERTEX
8
Layer 1
10
43.224262
20
86.673558
70
0
0
VERTEX
8
Layer 1
10
43.426972
20
87.030333
70
0
0
VERTEX
8
Layer 1
10
43.574698
20
87.250819
70
0
0
VERTEX
8
Layer 1
10
43.523986
20
87.391930
70
0
0
VERTEX
8
Layer 1
10
42.721416
20
87.488944
70
0
0
VERTEX
8
Layer 1
10
41.524727
20
87.637221
70
0
0
VERTEX
8
Layer 1
10
40.371032
20
88.013701
70
0
0
VERTEX
8
Layer 1
10
39.501765
20
88.515859
70
0
0
VERTEX
8
Layer 1
10
39.158358
20
89.041167
70
0
0
VERTEX
8
Layer 1
10
39.389869
20
89.595139
70
0
0
VERTEX
8
Layer 1
10
40.031484
20
90.112730
70
0
0
VERTEX
8
Layer 1
10
41.003828
20
90.544332
70
0
0
VERTEX
8
Layer 1
10
42.227527
20
90.840335
70
0
0
VERTEX
8
Layer 1
10
43.713604
20
91.285717
70
0
0
VERTEX
8
Layer 1
10
45.226140
20
92.075058
70
0
0
VERTEX
8
Layer 1
10
46.678042
20
92.781165
70
0
0
VERTEX
8
Layer 1
10
48.189475
20
93.093704
70
0
0
VERTEX
8
Layer 1
10
49.621533
20
93.002754
70
0
0
VERTEX
8
Layer 1
10
50.835310
20
92.498392
70
0
0
VERTEX
8
Layer 1
10
50.835310
20
92.498392
70
0
0
SEQEND
8
Layer 1
0
POLYLINE
8
Layer 1
62
7
70
0
10
0.000000
20
0.000000
66
1
0
VERTEX
8
Layer 1
10
85.725054
20
75.106436
70
0
0
VERTEX
8
Layer 1
10
85.579533
20
69.175356
70
0
0
VERTEX
8
Layer 1
10
85.195887
20
64.699485
70
0
0
VERTEX
8
Layer 1
10
84.192054
20
59.586133
70
0
0
VERTEX
8
Layer 1
10
82.721480
20
54.524045
70
0
0
VERTEX
8
Layer 1
10
80.793672
20
49.531409
70
0
0
VERTEX
8
Layer 1
10
78.418140
20
44.626417
70
0
0
VERTEX
8
Layer 1
10
75.604391
20
39.827258
70
0
0
VERTEX
8
Layer 1
10
72.361934
20
35.152123
70
0
0
VERTEX
8
Layer 1
10
68.700277
20
30.619201
70
0
0
VERTEX
8
Layer 1
10
64.628930
20
26.246683
70
0
0
VERTEX
8
Layer 1
10
60.284799
20
22.211785
70
0
0
VERTEX
8
Layer 1
10
55.408195
20
18.150428
70
0
0
VERTEX
8
Layer 1
10
51.199663
20
15.015114
70
0
0
VERTEX
8
Layer 1
10
49.721096
20
14.092379
70
0
0
VERTEX
8
Layer 1
10
48.859753
20
13.758342
70
0
0
VERTEX
8
Layer 1
10
47.542348
20
14.430274
70
0
0
VERTEX
8
Layer 1
10
45.014473
20
16.117545
70
0
0
VERTEX
8
Layer 1
10
41.983889
20
18.327368
70
0
0
VERTEX
8
Layer 1
10
39.158358
20
20.566957
70
0
0
VERTEX
8
Layer 1
10
35.135449
20
24.154889
70
0
0
VERTEX
8
Layer 1
10
31.343223
20
27.984666
70
0
0
VERTEX
8
Layer 1
10
27.813927
20
32.013708
70
0
0
VERTEX
8
Layer 1
10
24.579807
20
36.199433
70
0
0
VERTEX
8
Layer 1
10
21.673109
20
40.499259
70
0
0
VERTEX
8
Layer 1
10
19.126080
20
44.870606
70
0
0
VERTEX
8
Layer 1
10
16.970964
20
49.270891
70
0
0
VERTEX
8
Layer 1
10
15.240010
20
53.657534
70
0
0
VERTEX
8
Layer 1
10
13.685582
20
59.025272
70
0
0
VERTEX
8
Layer 1
10
12.567716
20
64.955249
70
0
0
VERTEX
8
Layer 1
10
11.886414
20
71.427623
70
0
0
VERTEX
8
Layer 1
10
11.641674
20
78.422549
70
0
0
VERTEX
8
Layer 1
10
11.641674
20
81.844496
70
0
0
VERTEX
8
Layer 1
10
48.683364
20
81.844496
70
0
0
VERTEX
8
Layer 1
10
85.725054
20
81.844496
70
0
0
VERTEX
8
Layer 1
10
85.725054
20
75.106436
70
0
0
VERTEX
8
Layer 1
10
85.725054
20
75.106436
70
0
0
SEQEND
8
Layer 1
0
POLYLINE
8
Layer 1
62
7
70
0
10
0.000000
20
0.000000
66
1
0
VERTEX
8
Layer 1
10
77.716993
20
107.068123
70
0
0
VERTEX
8
Layer 1
10
77.761091
20
106.305241
70
0
0
VERTEX
8
Layer 1
10
77.806290
20
106.259490
70
0
0
VERTEX
8
Layer 1
10
77.858105
20
106.468400
70
0
0
VERTEX
8
Layer 1
10
77.858105
20
107.879512
70
0
0
VERTEX
8
Layer 1
10
77.786447
20
107.995819
70
0
0
VERTEX
8
Layer 1
10
77.734632
20
107.883922
70
0
0
VERTEX
8
Layer 1
10
77.716993
20
107.068123
70
0
0
VERTEX
8
Layer 1
10
77.716993
20
107.068123
70
0
0
SEQEND
8
Layer 1
0
POLYLINE
8
Layer 1
62
7
70
0
10
0.000000
20
0.000000
66
1
0
VERTEX
8
Layer 1
10
19.861401
20
106.715345
70
0
0
VERTEX
8
Layer 1
10
19.905499
20
105.952463
70
0
0
VERTEX
8
Layer 1
10
19.950698
20
105.906712
70
0
0
VERTEX
8
Layer 1
10
20.002513
20
106.115622
70
0
0
VERTEX
8
Layer 1
10
20.002513
20
107.526734
70
0
0
VERTEX
8
Layer 1
10
19.930855
20
107.643041
70
0
0
VERTEX
8
Layer 1
10
19.879040
20
107.531144
70
0
0
VERTEX
8
Layer 1
10
19.861401
20
106.715345
70
0
0
VERTEX
8
Layer 1
10
19.861401
20
106.715345
70
0
0
SEQEND
8
Layer 1
0
POLYLINE
8
Layer 1
62
7
70
0
10
0.000000
20
0.000000
66
1
0
VERTEX
8
Layer 1
10
17.568344
20
103.822565
70
0
0
VERTEX
8
Layer 1
10
17.956400
20
103.760829
70
0
0
VERTEX
8
Layer 1
10
18.238623
20
103.857843
70
0
0
VERTEX
8
Layer 1
10
18.207755
20
103.998954
70
0
0
VERTEX
8
Layer 1
10
17.780011
20
104.034232
70
0
0
VERTEX
8
Layer 1
10
17.422823
20
103.968086
70
0
0
VERTEX
8
Layer 1
10
17.568344
20
103.822565
70
0
0
VERTEX
8
Layer 1
10
17.568344
20
103.822565
70
0
0
SEQEND
8
Layer 1
0
POLYLINE
8
Layer 1
62
7
70
0
10
0.000000
20
0.000000
66
1
0
VERTEX
8
Layer 1
10
21.625291
20
103.822565
70
0
0
VERTEX
8
Layer 1
10
23.389181
20
103.822565
70
0
0
VERTEX
8
Layer 1
10
23.552341
20
103.874380
70
0
0
VERTEX
8
Layer 1
10
23.424459
20
103.919579
70
0
0
VERTEX
8
Layer 1
10
22.401403
20
103.963677
70
0
0
VERTEX
8
Layer 1
10
21.444493
20
103.919579
70
0
0
VERTEX
8
Layer 1
10
21.374488
20
103.874380
70
0
0
VERTEX
8
Layer 1
10
21.625291
20
103.822565
70
0
0
VERTEX
8
Layer 1
10
21.625291
20
103.822565
70
0
0
SEQEND
8
Layer 1
0
POLYLINE
8
Layer 1
62
7
70
0
10
0.000000
20
0.000000
66
1
0
VERTEX
8
Layer 1
10
47.272252
20
103.716732
70
0
0
VERTEX
8
Layer 1
10
47.378085
20
101.458953
70
0
0
VERTEX
8
Layer 1
10
47.540143
20
101.017980
70
0
0
VERTEX
8
Layer 1
10
47.801419
20
100.894508
70
0
0
VERTEX
8
Layer 1
10
48.047812
20
100.980498
70
0
0
VERTEX
8
Layer 1
10
48.211523
20
101.264925
70
0
0
VERTEX
8
Layer 1
10
48.330586
20
102.587842
70
0
0
VERTEX
8
Layer 1
10
48.365864
20
104.245899
70
0
0
VERTEX
8
Layer 1
10
49.318364
20
102.587842
70
0
0
VERTEX
8
Layer 1
10
50.178261
20
101.357529
70
0
0
VERTEX
8
Layer 1
10
50.573482
20
101.015224
70
0
0
VERTEX
8
Layer 1
10
50.905865
20
100.894508
70
0
0
VERTEX
8
Layer 1
10
51.241556
20
100.981600
70
0
0
VERTEX
8
Layer 1
10
51.421803
20
101.353119
70
0
0
VERTEX
8
Layer 1
10
51.435032
20
103.610899
70
0
0
VERTEX
8
Layer 1
10
51.249824
20
105.661421
70
0
0
VERTEX
8
Layer 1
10
51.097688
20
106.225314
70
0
0
VERTEX
8
Layer 1
10
50.905865
20
106.468400
70
0
0
VERTEX
8
Layer 1
10
50.700262
20
106.426508
70
0
0
VERTEX
8
Layer 1
10
50.557497
20
106.186178
70
0
0
VERTEX
8
Layer 1
10
50.447254
20
105.057288
70
0
0
VERTEX
8
Layer 1
10
50.411976
20
103.540343
70
0
0
VERTEX
8
Layer 1
10
49.530031
20
105.057288
70
0
0
VERTEX
8
Layer 1
10
48.683364
20
106.142081
70
0
0
VERTEX
8
Layer 1
10
47.942530
20
106.538956
70
0
0
VERTEX
8
Layer 1
10
47.584791
20
106.455171
70
0
0
VERTEX
8
Layer 1
10
47.382495
20
106.080345
70
0
0
VERTEX
8
Layer 1
10
47.272252
20
103.716732
70
0
0
VERTEX
8
Layer 1
10
47.272252
20
103.716732
70
0
0
SEQEND
8
Layer 1
0
POLYLINE
8
Layer 1
62
7
70
0
10
0.000000
20
0.000000
66
1
0
VERTEX
8
Layer 1
10
44.450028
20
105.339511
70
0
0
VERTEX
8
Layer 1
10
45.049751
20
102.658398
70
0
0
VERTEX
8
Layer 1
10
45.653883
20
100.978293
70
0
0
VERTEX
8
Layer 1
10
45.947681
20
100.639295
70
0
0
VERTEX
8
Layer 1
10
46.284474
20
100.541730
70
0
0
VERTEX
8
Layer 1
10
46.692924
20
100.664100
70
0
0
VERTEX
8
Layer 1
10
46.800411
20
101.176730
70
0
0
VERTEX
8
Layer 1
10
46.072807
20
104.245899
70
0
0
VERTEX
8
Layer 1
10
45.640654
20
105.170839
70
0
0
VERTEX
8
Layer 1
10
45.102667
20
105.745205
70
0
0
VERTEX
8
Layer 1
10
44.644056
20
105.843322
70
0
0
VERTEX
8
Layer 1
10
44.502393
20
105.674512
70
0
0
VERTEX
8
Layer 1
10
44.450028
20
105.339511
70
0
0
VERTEX
8
Layer 1
10
44.450028
20
105.339511
70
0
0
SEQEND
8
Layer 1
0
POLYLINE
8
Layer 1
62
7
70
0
10
0.000000
20
0.000000
66
1
0
VERTEX
8
Layer 1
10
53.375311
20
104.951455
70
0
0
VERTEX
8
Layer 1
10
52.713853
20
104.215031
70
0
0
VERTEX
8
Layer 1
10
52.211144
20
103.187565
70
0
0
VERTEX
8
Layer 1
10
51.981838
20
101.992530
70
0
0
VERTEX
8
Layer 1
10
52.387533
20
101.035619
70
0
0
VERTEX
8
Layer 1
10
52.969617
20
100.360931
70
0
0
VERTEX
8
Layer 1
10
53.551700
20
99.977285
70
0
0
VERTEX
8
Layer 1
10
54.715868
20
99.483396
70
0
0
VERTEX
8
Layer 1
10
55.011871
20
99.409533
70
0
0
VERTEX
8
Layer 1
10
55.284722
20
99.527493
70
0
0
VERTEX
8
Layer 1
10
55.880035
20
100.471174
70
0
0
VERTEX
8
Layer 1
10
56.329827
20
101.626522
70
0
0
VERTEX
8
Layer 1
10
56.217379
20
101.919769
70
0
0
VERTEX
8
Layer 1
10
55.880035
20
102.199787
70
0
0
VERTEX
8
Layer 1
10
55.063134
20
102.593355
70
0
0
VERTEX
8
Layer 1
10
54.424826
20
102.596662
70
0
0
VERTEX
8
Layer 1
10
54.143706
20
102.269240
70
0
0
VERTEX
8
Layer 1
10
54.398368
20
101.670620
70
0
0
VERTEX
8
Layer 1
10
54.618854
20
101.282564
70
0
0
VERTEX
8
Layer 1
10
54.151423
20
101.317842
70
0
0
VERTEX
8
Layer 1
10
53.639895
20
101.626522
70
0
0
VERTEX
8
Layer 1
10
53.551700
20
102.305620
70
0
0
VERTEX
8
Layer 1
10
53.901722
20
103.363954
70
0
0
VERTEX
8
Layer 1
10
54.526250
20
103.972496
70
0
0
VERTEX
8
Layer 1
10
54.866005
20
104.070888
70
0
0
VERTEX
8
Layer 1
10
55.183850
20
104.012184
70
0
0
VERTEX
8
Layer 1
10
55.449605
20
103.781500
70
0
0
VERTEX
8
Layer 1
10
55.633091
20
103.363954
70
0
0
VERTEX
8
Layer 1
10
55.934054
20
102.810534
70
0
0
VERTEX
8
Layer 1
10
56.321008
20
102.667217
70
0
0
VERTEX
8
Layer 1
10
56.655044
20
102.907547
70
0
0
VERTEX
8
Layer 1
10
56.797258
20
103.505065
70
0
0
VERTEX
8
Layer 1
10
56.600474
20
104.200699
70
0
0
VERTEX
8
Layer 1
10
56.096112
20
104.836802
70
0
0
VERTEX
8
Layer 1
10
55.413156
20
105.300926
70
0
0
VERTEX
8
Layer 1
10
54.680590
20
105.480622
70
0
0
VERTEX
8
Layer 1
10
54.067638
20
105.321872
70
0
0
VERTEX
8
Layer 1
10
53.375311
20
104.951455
70
0
0
VERTEX
8
Layer 1
10
53.375311
20
104.951455
70
0
0
SEQEND
8
Layer 1
0
POLYLINE
8
Layer 1
62
7
70
0
10
0.000000
20
0.000000
66
1
0
VERTEX
8
Layer 1
10
40.675303
20
104.069510
70
0
0
VERTEX
8
Layer 1
10
39.193636
20
103.399232
70
0
0
VERTEX
8
Layer 1
10
40.251970
20
100.965064
70
0
0
VERTEX
8
Layer 1
10
41.261797
20
99.024785
70
0
0
VERTEX
8
Layer 1
10
41.626150
20
98.692953
70
0
0
VERTEX
8
Layer 1
10
41.980582
20
98.672007
70
0
0
VERTEX
8
Layer 1
10
42.308004
20
98.793274
70
0
0
VERTEX
8
Layer 1
10
42.456832
20
98.980687
70
0
0
VERTEX
8
Layer 1
10
42.298082
20
99.765618
70
0
0
VERTEX
8
Layer 1
10
42.133820
20
100.521886
70
0
0
VERTEX
8
Layer 1
10
42.280443
20
100.947425
70
0
0
VERTEX
8
Layer 1
10
42.665192
20
100.976088
70
0
0
VERTEX
8
Layer 1
10
43.215305
20
100.541730
70
0
0
VERTEX
8
Layer 1
10
43.786364
20
100.098553
70
0
0
VERTEX
8
Layer 1
10
44.423570
20
99.853813
70
0
0
VERTEX
8
Layer 1
10
44.941712
20
99.847198
70
0
0
VERTEX
8
Layer 1
10
45.155584
20
100.118396
70
0
0
VERTEX
8
Layer 1
10
44.948327
20
100.528501
70
0
0
VERTEX
8
Layer 1
10
44.450028
20
101.070897
70
0
0
VERTEX
8
Layer 1
10
43.934090
20
101.802911
70
0
0
VERTEX
8
Layer 1
10
43.920861
20
102.693676
70
0
0
VERTEX
8
Layer 1
10
43.925271
20
103.571211
70
0
0
VERTEX
8
Layer 1
10
43.321138
20
104.210621
70
0
0
VERTEX
8
Layer 1
10
42.744016
20
104.605292
70
0
0
VERTEX
8
Layer 1
10
42.302492
20
104.722149
70
0
0
VERTEX
8
Layer 1
10
41.708833
20
104.547965
70
0
0
VERTEX
8
Layer 1
10
40.675303
20
104.069510
70
0
0
VERTEX
8
Layer 1
10
40.675303
20
104.069510
70
0
0
SEQEND
8
Layer 1
0
POLYLINE
8
Layer 1
62
7
70
0
10
0.000000
20
0.000000
66
1
0
VERTEX
8
Layer 1
10
42.474471
20
103.046454
70
0
0
VERTEX
8
Layer 1
10
42.456832
20
102.684856
70
0
0
VERTEX
8
Layer 1
10
42.121693
20
102.270342
70
0
0
VERTEX
8
Layer 1
10
41.618985
20
102.010168
70
0
0
VERTEX
8
Layer 1
10
41.275026
20
102.305620
70
0
0
VERTEX
8
Layer 1
10
41.111866
20
102.746592
70
0
0
VERTEX
8
Layer 1
10
41.133915
20
103.081732
70
0
0
VERTEX
8
Layer 1
10
41.412830
20
103.294501
70
0
0
VERTEX
8
Layer 1
10
41.804193
20
103.355135
70
0
0
VERTEX
8
Layer 1
10
42.195556
20
103.270247
70
0
0
VERTEX
8
Layer 1
10
42.474471
20
103.046454
70
0
0
VERTEX
8
Layer 1
10
42.474471
20
103.046454
70
0
0
SEQEND
8
Layer 1
0
POLYLINE
8
Layer 1
62
7
70
0
10
0.000000
20
0.000000
66
1
0
VERTEX
8
Layer 1
10
37.218079
20
102.623120
70
0
0
VERTEX
8
Layer 1
10
35.524745
20
101.882286
70
0
0
VERTEX
8
Layer 1
10
35.670266
20
101.066487
70
0
0
VERTEX
8
Layer 1
10
36.371412
20
99.271729
70
0
0
VERTEX
8
Layer 1
10
37.500301
20
96.731728
70
0
0
VERTEX
8
Layer 1
10
39.193636
20
97.437284
70
0
0
VERTEX
8
Layer 1
10
40.179761
20
97.921802
70
0
0
VERTEX
8
Layer 1
10
40.759088
20
98.376555
70
0
0
VERTEX
8
Layer 1
10
40.934926
20
98.811464
70
0
0
VERTEX
8
Layer 1
10
40.710581
20
99.236451
70
0
0
VERTEX
8
Layer 1
10
40.251970
20
99.240861
70
0
0
VERTEX
8
Layer 1
10
39.475858
20
98.954229
70
0
0
VERTEX
8
Layer 1
10
38.324920
20
98.447111
70
0
0
VERTEX
8
Layer 1
10
38.141365
20
98.562315
70
0
0
VERTEX
8
Layer 1
10
38.100024
20
98.918951
70
0
0
VERTEX
8
Layer 1
10
38.307281
20
99.355514
70
0
0
VERTEX
8
Layer 1
10
38.805580
20
99.659785
70
0
0
VERTEX
8
Layer 1
10
39.225055
20
99.894052
70
0
0
VERTEX
8
Layer 1
10
39.462629
20
100.237459
70
0
0
VERTEX
8
Layer 1
10
39.495151
20
100.627168
70
0
0
VERTEX
8
Layer 1
10
39.299469
20
101.000341
70
0
0
VERTEX
8
Layer 1
10
38.920233
20
101.048848
70
0
0
VERTEX
8
Layer 1
10
38.382246
20
100.859230
70
0
0
VERTEX
8
Layer 1
10
37.756065
20
100.647563
70
0
0
VERTEX
8
Layer 1
10
37.288635
20
100.859230
70
0
0
VERTEX
8
Layer 1
10
37.171226
20
101.060424
70
0
0
VERTEX
8
Layer 1
10
37.248947
20
101.251696
70
0
0
VERTEX
8
Layer 1
10
38.029468
20
101.670620
70
0
0
VERTEX
8
Layer 1
10
38.698093
20
102.025602
70
0
0
VERTEX
8
Layer 1
10
39.092212
20
102.420273
70
0
0
VERTEX
8
Layer 1
10
39.175446
20
102.801714
70
0
0
VERTEX
8
Layer 1
10
38.911413
20
103.117009
70
0
0
VERTEX
8
Layer 1
10
38.289642
20
103.028815
70
0
0
VERTEX
8
Layer 1
10
37.218079
20
102.623120
70
0
0
VERTEX
8
Layer 1
10
37.218079
20
102.623120
70
0
0
SEQEND
8
Layer 1
0
POLYLINE
8
Layer 1
62
7
70
0
10
0.000000
20
0.000000
66
1
0
VERTEX
8
Layer 1
10
59.337260
20
102.446731
70
0
0
VERTEX
8
Layer 1
10
58.768405
20
101.885042
70
0
0
VERTEX
8
Layer 1
10
58.596426
20
101.260515
70
0
0
VERTEX
8
Layer 1
10
58.821322
20
100.576457
70
0
0
VERTEX
8
Layer 1
10
59.443093
20
99.836174
70
0
0
VERTEX
8
Layer 1
10
60.069274
20
99.165896
70
0
0
VERTEX
8
Layer 1
10
60.325038
20
98.707284
70
0
0
VERTEX
8
Layer 1
10
60.154161
20
98.436086
70
0
0
VERTEX
8
Layer 1
10
59.751774
20
98.442701
70
0
0
VERTEX
8
Layer 1
10
59.283240
20
98.687441
70
0
0
VERTEX
8
Layer 1
10
58.913926
20
99.130618
70
0
0
VERTEX
8
Layer 1
10
58.499963
20
99.609624
70
0
0
VERTEX
8
Layer 1
10
58.036391
20
99.814125
70
0
0
VERTEX
8
Layer 1
10
57.658808
20
99.720970
70
0
0
VERTEX
8
Layer 1
10
57.502814
20
99.307007
70
0
0
VERTEX
8
Layer 1
10
57.728812
20
98.646651
70
0
0
VERTEX
8
Layer 1
10
58.305384
20
98.019367
70
0
0
VERTEX
8
Layer 1
10
59.080393
20
97.550834
70
0
0
VERTEX
8
Layer 1
10
59.901704
20
97.366728
70
0
0
VERTEX
8
Layer 1
10
60.570467
20
97.439626
70
0
0
VERTEX
8
Layer 1
10
61.091228
20
97.645643
70
0
0
VERTEX
8
Layer 1
10
61.458200
20
97.965762
70
0
0
VERTEX
8
Layer 1
10
61.665594
20
98.380965
70
0
0
VERTEX
8
Layer 1
10
61.707625
20
98.872236
70
0
0
VERTEX
8
Layer 1
10
61.578502
20
99.420557
70
0
0
VERTEX
8
Layer 1
10
60.783649
20
100.612286
70
0
0
VERTEX
8
Layer 1
10
60.131010
20
101.410446
70
0
0
VERTEX
8
Layer 1
10
60.168493
20
101.559825
70
0
0
VERTEX
8
Layer 1
10
60.430871
20
101.600064
70
0
0
VERTEX
8
Layer 1
10
60.929170
20
101.441314
70
0
0
VERTEX
8
Layer 1
10
61.242261
20
101.070897
70
0
0
VERTEX
8
Layer 1
10
61.516766
20
100.715914
70
0
0
VERTEX
8
Layer 1
10
61.903720
20
100.559369
70
0
0
VERTEX
8
Layer 1
10
62.303902
20
100.614490
70
0
0
VERTEX
8
Layer 1
10
62.618095
20
100.894508
70
0
0
VERTEX
8
Layer 1
10
62.497379
20
101.403831
70
0
0
VERTEX
8
Layer 1
10
61.943407
20
102.111592
70
0
0
VERTEX
8
Layer 1
10
61.224071
20
102.739978
70
0
0
VERTEX
8
Layer 1
10
60.607260
20
103.011176
70
0
0
VERTEX
8
Layer 1
10
60.025177
20
102.848016
70
0
0
VERTEX
8
Layer 1
10
59.337260
20
102.446731
70
0
0
VERTEX
8
Layer 1
10
59.337260
20
102.446731
70
0
0
SEQEND
8
Layer 1
0
POLYLINE
8
Layer 1
62
7
70
0
10
0.000000
20
0.000000
66
1
0
VERTEX
8
Layer 1
10
33.055299
20
100.788675
70
0
0
VERTEX
8
Layer 1
10
31.432520
20
100.012563
70
0
0
VERTEX
8
Layer 1
10
32.349743
20
97.895895
70
0
0
VERTEX
8
Layer 1
10
33.513910
20
95.461727
70
0
0
VERTEX
8
Layer 1
10
34.228837
20
95.444088
70
0
0
VERTEX
8
Layer 1
10
35.423321
20
95.823324
70
0
0
VERTEX
8
Layer 1
10
36.545045
20
96.374540
70
0
0
VERTEX
8
Layer 1
10
37.041690
20
96.872839
70
0
0
VERTEX
8
Layer 1
10
36.951842
20
97.289558
70
0
0
VERTEX
8
Layer 1
10
36.666863
20
97.481381
70
0
0
VERTEX
8
Layer 1
10
36.163604
20
97.448308
70
0
0
VERTEX
8
Layer 1
10
35.418911
20
97.190339
70
0
0
VERTEX
8
Layer 1
10
34.475230
20
96.899297
70
0
0
VERTEX
8
Layer 1
10
34.248129
20
96.972058
70
0
0
VERTEX
8
Layer 1
10
34.113633
20
97.190339
70
0
0
VERTEX
8
Layer 1
10
34.223876
20
97.613673
70
0
0
VERTEX
8
Layer 1
10
34.783911
20
98.037006
70
0
0
VERTEX
8
Layer 1
10
35.379224
20
98.385374
70
0
0
VERTEX
8
Layer 1
10
35.630578
20
98.707284
70
0
0
VERTEX
8
Layer 1
10
35.548447
20
99.070535
70
0
0
VERTEX
8
Layer 1
10
35.317488
20
99.258500
70
0
0
VERTEX
8
Layer 1
10
34.960851
20
99.267871
70
0
0
VERTEX
8
Layer 1
10
34.501688
20
99.095340
70
0
0
VERTEX
8
Layer 1
10
33.879917
20
98.892493
70
0
0
VERTEX
8
Layer 1
10
33.443354
20
99.060062
70
0
0
VERTEX
8
Layer 1
10
33.350750
20
99.257949
70
0
0
VERTEX
8
Layer 1
10
33.443354
20
99.478986
70
0
0
VERTEX
8
Layer 1
10
34.184188
20
99.977285
70
0
0
VERTEX
8
Layer 1
10
34.851710
20
100.386287
70
0
0
VERTEX
8
Layer 1
10
35.211654
20
100.762216
70
0
0
VERTEX
8
Layer 1
10
35.260712
20
101.098458
70
0
0
VERTEX
8
Layer 1
10
34.995578
20
101.388397
70
0
0
VERTEX
8
Layer 1
10
34.303251
20
101.286974
70
0
0
VERTEX
8
Layer 1
10
33.055299
20
100.788675
70
0
0
VERTEX
8
Layer 1
10
33.055299
20
100.788675
70
0
0
SEQEND
8
Layer 1
0
POLYLINE
8
Layer 1
62
7
70
0
10
0.000000
20
0.000000
66
1
0
VERTEX
8
Layer 1
10
62.829762
20
99.977285
70
0
0
VERTEX
8
Layer 1
10
62.329258
20
98.992814
70
0
0
VERTEX
8
Layer 1
10
62.106567
20
97.816520
70
0
0
VERTEX
8
Layer 1
10
62.174918
20
96.732830
70
0
0
VERTEX
8
Layer 1
10
62.547539
20
96.026172
70
0
0
VERTEX
8
Layer 1
10
63.298295
20
95.570867
70
0
0
VERTEX
8
Layer 1
10
64.029207
20
95.426449
70
0
0
VERTEX
8
Layer 1
10
64.760119
20
95.599531
70
0
0
VERTEX
8
Layer 1
10
65.510875
20
96.096727
70
0
0
VERTEX
8
Layer 1
10
66.533931
20
96.978672
70
0
0
VERTEX
8
Layer 1
10
66.392820
20
95.955616
70
0
0
VERTEX
8
Layer 1
10
66.489282
20
95.033983
70
0
0
VERTEX
8
Layer 1
10
66.979313
20
94.244643
70
0
0
VERTEX
8
Layer 1
10
67.767000
20
93.693427
70
0
0
VERTEX
8
Layer 1
10
68.756432
20
93.486170
70
0
0
VERTEX
8
Layer 1
10
69.606958
20
93.642715
70
0
0
VERTEX
8
Layer 1
10
70.216051
20
94.024156
70
0
0
VERTEX
8
Layer 1
10
70.448113
20
94.498202
70
0
0
VERTEX
8
Layer 1
10
70.167544
20
94.932560
70
0
0
VERTEX
8
Layer 1
10
69.435530
20
95.219192
70
0
0
VERTEX
8
Layer 1
10
69.185278
20
95.135958
70
0
0
VERTEX
8
Layer 1
10
68.968099
20
94.897282
70
0
0
VERTEX
8
Layer 1
10
68.641228
20
94.699396
70
0
0
VERTEX
8
Layer 1
10
68.231675
20
94.795858
70
0
0
VERTEX
8
Layer 1
10
67.881653
20
95.110602
70
0
0
VERTEX
8
Layer 1
10
67.733376
20
95.567560
70
0
0
VERTEX
8
Layer 1
10
67.897638
20
96.246107
70
0
0
VERTEX
8
Layer 1
10
68.306640
20
96.947804
70
0
0
VERTEX
8
Layer 1
10
68.834705
20
97.497366
70
0
0
VERTEX
8
Layer 1
10
69.356155
20
97.719506
70
0
0
VERTEX
8
Layer 1
10
69.708933
20
97.516659
70
0
0
VERTEX
8
Layer 1
10
69.850044
20
97.049228
70
0
0
VERTEX
8
Layer 1
10
69.959185
20
96.640226
70
0
0
VERTEX
8
Layer 1
10
70.246919
20
96.290755
70
0
0
VERTEX
8
Layer 1
10
70.653716
20
96.047118
70
0
0
VERTEX
8
Layer 1
10
71.120045
20
95.955616
70
0
0
VERTEX
8
Layer 1
10
71.278795
20
96.285794
70
0
0
VERTEX
8
Layer 1
10
71.252337
20
97.035999
70
0
0
VERTEX
8
Layer 1
10
71.080357
20
97.845734
70
0
0
VERTEX
8
Layer 1
10
70.802545
20
98.354506
70
0
0
VERTEX
8
Layer 1
10
70.043521
20
98.816976
70
0
0
VERTEX
8
Layer 1
10
69.228273
20
98.985097
70
0
0
VERTEX
8
Layer 1
10
68.406410
20
98.855561
70
0
0
VERTEX
8
Layer 1
10
67.627543
20
98.425062
70
0
0
VERTEX
8
Layer 1
10
66.675042
20
97.684228
70
0
0
VERTEX
8
Layer 1
10
66.675042
20
98.918951
70
0
0
VERTEX
8
Layer 1
10
66.511882
20
99.955237
70
0
0
VERTEX
8
Layer 1
10
66.004764
20
100.541730
70
0
0
VERTEX
8
Layer 1
10
65.111794
20
100.860333
70
0
0
VERTEX
8
Layer 1
10
64.258513
20
100.868050
70
0
0
VERTEX
8
Layer 1
10
63.484606
20
100.571496
70
0
0
VERTEX
8
Layer 1
10
62.829762
20
99.977285
70
0
0
VERTEX
8
Layer 1
10
62.829762
20
99.977285
70
0
0
SEQEND
8
Layer 1
0
POLYLINE
8
Layer 1
62
7
70
0
10
0.000000
20
0.000000
66
1
0
VERTEX
8
Layer 1
10
65.475597
20
99.342285
70
0
0
VERTEX
8
Layer 1
10
65.457958
20
98.625704
70
0
0
VERTEX
8
Layer 1
10
65.096360
20
97.737145
70
0
0
VERTEX
8
Layer 1
10
64.562784
20
96.980877
70
0
0
VERTEX
8
Layer 1
10
64.029207
20
96.661172
70
0
0
VERTEX
8
Layer 1
10
63.752979
20
96.729867
70
0
0
VERTEX
8
Layer 1
10
63.559020
20
96.919692
70
0
0
VERTEX
8
Layer 1
10
63.416255
20
97.565166
70
0
0
VERTEX
8
Layer 1
10
63.597605
20
98.402462
70
0
0
VERTEX
8
Layer 1
10
64.099763
20
99.236451
70
0
0
VERTEX
8
Layer 1
10
64.562784
20
99.659785
70
0
0
VERTEX
8
Layer 1
10
64.946430
20
99.818535
70
0
0
VERTEX
8
Layer 1
10
65.250701
20
99.712702
70
0
0
VERTEX
8
Layer 1
10
65.475597
20
99.342285
70
0
0
VERTEX
8
Layer 1
10
65.475597
20
99.342285
70
0
0
SEQEND
8
Layer 1
0
POLYLINE
8
Layer 1
62
7
70
0
10
0.000000
20
0.000000
66
1
0
VERTEX
8
Layer 1
10
30.127241
20
99.342285
70
0
0
VERTEX
8
Layer 1
10
30.096373
20
98.777840
70
0
0
VERTEX
8
Layer 1
10
30.303630
20
98.107562
70
0
0
VERTEX
8
Layer 1
10
30.623335
20
97.438937
70
0
0
VERTEX
8
Layer 1
10
30.612311
20
97.177110
70
0
0
VERTEX
8
Layer 1
10
29.492241
20
97.860617
70
0
0
VERTEX
8
Layer 1
10
28.637305
20
98.368838
70
0
0
VERTEX
8
Layer 1
10
27.891511
20
98.566173
70
0
0
VERTEX
8
Layer 1
10
27.363997
20
98.446008
70
0
0
VERTEX
8
Layer 1
10
27.163906
20
98.001728
70
0
0
VERTEX
8
Layer 1
10
28.063490
20
95.611657
70
0
0
VERTEX
8
Layer 1
10
29.174741
20
93.168670
70
0
0
VERTEX
8
Layer 1
10
29.386407
20
93.173080
70
0
0
VERTEX
8
Layer 1
10
29.703908
20
93.415614
70
0
0
VERTEX
8
Layer 1
10
29.874784
20
93.674686
70
0
0
VERTEX
8
Layer 1
10
29.906755
20
94.006518
70
0
0
VERTEX
8
Layer 1
10
29.527519
20
95.073671
70
0
0
VERTEX
8
Layer 1
10
29.165370
20
95.917582
70
0
0
VERTEX
8
Layer 1
10
29.170331
20
96.242248
70
0
0
VERTEX
8
Layer 1
10
29.592011
20
96.070820
70
0
0
VERTEX
8
Layer 1
10
30.480019
20
95.426449
70
0
0
VERTEX
8
Layer 1
10
31.349837
20
94.867516
70
0
0
VERTEX
8
Layer 1
10
32.093979
20
94.579782
70
0
0
VERTEX
8
Layer 1
10
32.613224
20
94.583089
70
0
0
VERTEX
8
Layer 1
10
32.808354
20
94.897282
70
0
0
VERTEX
8
Layer 1
10
31.754430
20
97.565166
70
0
0
VERTEX
8
Layer 1
10
30.977767
20
99.138886
70
0
0
VERTEX
8
Layer 1
10
30.515297
20
99.836174
70
0
0
VERTEX
8
Layer 1
10
30.127241
20
99.342285
70
0
0
VERTEX
8
Layer 1
10
30.127241
20
99.342285
70
0
0
SEQEND
8
Layer 1
0
POLYLINE
8
Layer 1
62
7
70
0
10
0.000000
20
0.000000
66
1
0
VERTEX
8
Layer 1
10
25.329460
20
97.507839
70
0
0
VERTEX
8
Layer 1
10
25.452381
20
96.767557
70
0
0
VERTEX
8
Layer 1
10
25.968871
20
95.263289
70
0
0
VERTEX
8
Layer 1
10
26.624266
20
93.673032
70
0
0
VERTEX
8
Layer 1
10
27.163906
20
92.674781
70
0
0
VERTEX
8
Layer 1
10
27.503455
20
92.546899
70
0
0
VERTEX
8
Layer 1
10
27.975295
20
92.604225
70
0
0
VERTEX
8
Layer 1
10
28.221138
20
92.808175
70
0
0
VERTEX
8
Layer 1
10
28.248698
20
93.203948
70
0
0
VERTEX
8
Layer 1
10
27.516684
20
95.179504
70
0
0
VERTEX
8
Layer 1
10
26.867352
20
96.535495
70
0
0
VERTEX
8
Layer 1
10
26.290780
20
97.375547
70
0
0
VERTEX
8
Layer 1
10
25.780355
20
97.699662
70
0
0
VERTEX
8
Layer 1
10
25.329460
20
97.507839
70
0
0
VERTEX
8
Layer 1
10
25.329460
20
97.507839
70
0
0
SEQEND
8
Layer 1
0
POLYLINE
8
Layer 1
62
7
70
0
10
0.000000
20
0.000000
66
1
0
VERTEX
8
Layer 1
10
71.261156
20
95.355893
70
0
0
VERTEX
8
Layer 1
10
70.268968
20
92.921725
70
0
0
VERTEX
8
Layer 1
10
70.343382
20
92.508313
70
0
0
VERTEX
8
Layer 1
10
70.731989
20
92.286725
70
0
0
VERTEX
8
Layer 1
10
71.049489
20
92.314837
70
0
0
VERTEX
8
Layer 1
10
71.393448
20
92.643913
70
0
0
VERTEX
8
Layer 1
10
72.319490
20
94.403393
70
0
0
VERTEX
8
Layer 1
10
73.311678
20
96.855200
70
0
0
VERTEX
8
Layer 1
10
73.237264
20
97.280738
70
0
0
VERTEX
8
Layer 1
10
72.848657
20
97.507839
70
0
0
VERTEX
8
Layer 1
10
72.546040
20
97.474215
70
0
0
VERTEX
8
Layer 1
10
72.200427
20
97.133013
70
0
0
VERTEX
8
Layer 1
10
71.261156
20
95.355893
70
0
0
VERTEX
8
Layer 1
10
71.261156
20
95.355893
70
0
0
SEQEND
8
Layer 1
0
POLYLINE
8
Layer 1
62
7
70
0
10
0.000000
20
0.000000
66
1
0
VERTEX
8
Layer 1
10
22.048625
20
95.885060
70
0
0
VERTEX
8
Layer 1
10
21.565760
20
95.457317
70
0
0
VERTEX
8
Layer 1
10
21.307791
20
95.056032
70
0
0
VERTEX
8
Layer 1
10
21.235031
20
94.575372
70
0
0
VERTEX
8
Layer 1
10
21.307791
20
93.909504
70
0
0
VERTEX
8
Layer 1
10
21.637969
20
92.862194
70
0
0
VERTEX
8
Layer 1
10
22.229424
20
91.933947
70
0
0
VERTEX
8
Layer 1
10
22.959784
20
91.270283
70
0
0
VERTEX
8
Layer 1
10
23.706682
20
91.016724
70
0
0
VERTEX
8
Layer 1
10
24.500432
20
91.201932
70
0
0
VERTEX
8
Layer 1
10
25.505849
20
91.651724
70
0
0
VERTEX
8
Layer 1
10
26.705295
20
92.286725
70
0
0
VERTEX
8
Layer 1
10
26.140850
20
93.486170
70
0
0
VERTEX
8
Layer 1
10
25.541127
20
94.826726
70
0
0
VERTEX
8
Layer 1
10
24.553349
20
94.509226
70
0
0
VERTEX
8
Layer 1
10
23.951973
20
94.100775
70
0
0
VERTEX
8
Layer 1
10
23.658175
20
93.649330
70
0
0
VERTEX
8
Layer 1
10
23.714950
20
93.283874
70
0
0
VERTEX
8
Layer 1
10
24.165293
20
93.133392
70
0
0
VERTEX
8
Layer 1
10
24.535710
20
93.036378
70
0
0
VERTEX
8
Layer 1
10
24.694460
20
92.780614
70
0
0
VERTEX
8
Layer 1
10
24.631553
20
92.555856
70
0
0
VERTEX
8
Layer 1
10
24.462398
20
92.431143
70
0
0
VERTEX
8
Layer 1
10
23.922758
20
92.445475
70
0
0
VERTEX
8
Layer 1
10
23.310358
20
92.750848
70
0
0
VERTEX
8
Layer 1
10
22.860014
20
93.274503
70
0
0
VERTEX
8
Layer 1
10
22.630709
20
94.121722
70
0
0
VERTEX
8
Layer 1
10
22.718903
20
94.760581
70
0
0
VERTEX
8
Layer 1
10
23.098140
20
95.115012
70
0
0
VERTEX
8
Layer 1
10
23.741959
20
95.108949
70
0
0
VERTEX
8
Layer 1
10
24.429876
20
95.069261
70
0
0
VERTEX
8
Layer 1
10
25.011960
20
95.214782
70
0
0
VERTEX
8
Layer 1
10
25.194964
20
95.392274
70
0
0
VERTEX
8
Layer 1
10
25.205988
20
95.576380
70
0
0
VERTEX
8
Layer 1
10
24.659182
20
96.096727
70
0
0
VERTEX
8
Layer 1
10
23.953626
20
96.505178
70
0
0
VERTEX
8
Layer 1
10
23.380362
20
96.612665
70
0
0
VERTEX
8
Layer 1
10
22.793869
20
96.409266
70
0
0
VERTEX
8
Layer 1
10
22.048625
20
95.885060
70
0
0
VERTEX
8
Layer 1
10
22.048625
20
95.885060
70
0
0
SEQEND
8
Layer 1
0
POLYLINE
8
Layer 1
62
7
70
0
10
0.000000
20
0.000000
66
1
0
VERTEX
8
Layer 1
10
73.025046
20
94.297559
70
0
0
VERTEX
8
Layer 1
10
72.037268
20
91.898669
70
0
0
VERTEX
8
Layer 1
10
73.898172
20
90.941759
70
0
0
VERTEX
8
Layer 1
10
74.934457
20
90.574098
70
0
0
VERTEX
8
Layer 1
10
75.494492
20
90.487557
70
0
0
VERTEX
8
Layer 1
10
75.805378
20
90.792930
70
0
0
VERTEX
8
Layer 1
10
75.785534
20
91.131377
70
0
0
VERTEX
8
Layer 1
10
75.434961
20
91.509511
70
0
0
VERTEX
8
Layer 1
10
74.753658
20
91.933947
70
0
0
VERTEX
8
Layer 1
10
74.012824
20
92.432246
70
0
0
VERTEX
8
Layer 1
10
73.920220
20
92.653283
70
0
0
VERTEX
8
Layer 1
10
74.012824
20
92.851170
70
0
0
VERTEX
8
Layer 1
10
74.467026
20
93.014329
70
0
0
VERTEX
8
Layer 1
10
75.106436
20
92.780614
70
0
0
VERTEX
8
Layer 1
10
75.745846
20
92.582176
70
0
0
VERTEX
8
Layer 1
10
76.094215
20
92.992281
70
0
0
VERTEX
8
Layer 1
10
76.121775
20
93.359942
70
0
0
VERTEX
8
Layer 1
10
75.944284
20
93.711066
70
0
0
VERTEX
8
Layer 1
10
75.000603
20
94.297559
70
0
0
VERTEX
8
Layer 1
10
74.819804
20
94.491587
70
0
0
VERTEX
8
Layer 1
10
74.824214
20
94.791449
70
0
0
VERTEX
8
Layer 1
10
74.991232
20
94.930355
70
0
0
VERTEX
8
Layer 1
10
75.340152
20
94.923740
70
0
0
VERTEX
8
Layer 1
10
76.623382
20
94.473948
70
0
0
VERTEX
8
Layer 1
10
78.281438
20
93.768392
70
0
0
VERTEX
8
Layer 1
10
77.399493
20
91.792836
70
0
0
VERTEX
8
Layer 1
10
76.804180
20
90.187696
70
0
0
VERTEX
8
Layer 1
10
76.799219
20
89.778694
70
0
0
VERTEX
8
Layer 1
10
76.976160
20
89.535056
70
0
0
VERTEX
8
Layer 1
10
77.454064
20
89.317326
70
0
0
VERTEX
8
Layer 1
10
77.809598
20
89.433633
70
0
0
VERTEX
8
Layer 1
10
78.171746
20
90.006346
70
0
0
VERTEX
8
Layer 1
10
78.669494
20
91.157835
70
0
0
VERTEX
8
Layer 1
10
79.441196
20
92.710058
70
0
0
VERTEX
8
Layer 1
10
79.815471
20
92.963618
70
0
0
VERTEX
8
Layer 1
10
80.292273
20
92.992281
70
0
0
VERTEX
8
Layer 1
10
80.785060
20
92.934403
70
0
0
VERTEX
8
Layer 1
10
81.033107
20
92.714468
70
0
0
VERTEX
8
Layer 1
10
81.033107
20
91.193113
70
0
0
VERTEX
8
Layer 1
10
80.645051
20
88.688389
70
0
0
VERTEX
8
Layer 1
10
80.565676
20
88.062208
70
0
0
VERTEX
8
Layer 1
10
80.962551
20
87.700611
70
0
0
VERTEX
8
Layer 1
10
81.256900
20
87.670845
70
0
0
VERTEX
8
Layer 1
10
81.518176
20
87.806444
70
0
0
VERTEX
8
Layer 1
10
82.020885
20
88.653111
70
0
0
VERTEX
8
Layer 1
10
82.739670
20
89.755543
70
0
0
VERTEX
8
Layer 1
10
83.749497
20
90.699224
70
0
0
VERTEX
8
Layer 1
10
84.649081
20
91.365092
70
0
0
VERTEX
8
Layer 1
10
85.019498
20
91.792836
70
0
0
VERTEX
8
Layer 1
10
84.883899
20
92.127423
70
0
0
VERTEX
8
Layer 1
10
84.543248
20
92.273496
70
0
0
VERTEX
8
Layer 1
10
84.096763
20
92.214516
70
0
0
VERTEX
8
Layer 1
10
83.643664
20
91.933947
70
0
0
VERTEX
8
Layer 1
10
83.124419
20
91.512818
70
0
0
VERTEX
8
Layer 1
10
82.796997
20
91.422419
70
0
0
VERTEX
8
Layer 1
10
82.601866
20
91.675978
70
0
0
VERTEX
8
Layer 1
10
82.479496
20
92.286725
70
0
0
VERTEX
8
Layer 1
10
82.288776
20
92.834082
70
0
0
VERTEX
8
Layer 1
10
81.721024
20
93.358288
70
0
0
VERTEX
8
Layer 1
10
78.528383
20
94.932560
70
0
0
VERTEX
8
Layer 1
10
74.365602
20
96.661172
70
0
0
VERTEX
8
Layer 1
10
73.867303
20
95.968845
70
0
0
VERTEX
8
Layer 1
10
73.025046
20
94.297559
70
0
0
VERTEX
8
Layer 1
10
73.025046
20
94.297559
70
0
0
SEQEND
8
Layer 1
0
POLYLINE
8
Layer 1
62
7
70
0
10
0.000000
20
0.000000
66
1
0
VERTEX
8
Layer 1
10
19.473346
20
94.932560
70
0
0
VERTEX
8
Layer 1
10
19.241284
20
94.736878
70
0
0
VERTEX
8
Layer 1
10
19.177894
20
94.478358
70
0
0
VERTEX
8
Layer 1
10
19.543901
20
93.521448
70
0
0
VERTEX
8
Layer 1
10
19.880694
20
92.773999
70
0
0
VERTEX
8
Layer 1
10
19.830533
20
92.489572
70
0
0
VERTEX
8
Layer 1
10
19.390112
20
92.668166
70
0
0
VERTEX
8
Layer 1
10
18.556123
20
93.309781
70
0
0
VERTEX
8
Layer 1
10
17.603622
20
93.887455
70
0
0
VERTEX
8
Layer 1
10
17.226591
20
93.919977
70
0
0
VERTEX
8
Layer 1
10
16.862788
20
93.803670
70
0
0
VERTEX
8
Layer 1
10
16.550249
20
93.565545
70
0
0
VERTEX
8
Layer 1
10
16.479142
20
93.195128
70
0
0
VERTEX
8
Layer 1
10
17.180289
20
91.263669
70
0
0
VERTEX
8
Layer 1
10
18.309178
20
88.904466
70
0
0
VERTEX
8
Layer 1
10
18.658649
20
88.599643
70
0
0
VERTEX
8
Layer 1
10
19.014734
20
88.688389
70
0
0
VERTEX
8
Layer 1
10
19.161358
20
88.875803
70
0
0
VERTEX
8
Layer 1
10
19.182304
20
89.182278
70
0
0
VERTEX
8
Layer 1
10
18.873623
20
90.205335
70
0
0
VERTEX
8
Layer 1
10
18.491079
20
91.185947
70
0
0
VERTEX
8
Layer 1
10
18.459109
20
91.567940
70
0
0
VERTEX
8
Layer 1
10
18.863701
20
91.400921
70
0
0
VERTEX
8
Layer 1
10
19.790846
20
90.734502
70
0
0
VERTEX
8
Layer 1
10
20.959423
20
90.028946
70
0
0
VERTEX
8
Layer 1
10
21.731125
20
89.852557
70
0
0
VERTEX
8
Layer 1
10
22.077839
20
90.033355
70
0
0
VERTEX
8
Layer 1
10
22.123590
20
90.399362
70
0
0
VERTEX
8
Layer 1
10
21.060847
20
92.851170
70
0
0
VERTEX
8
Layer 1
10
20.081888
20
94.659157
70
0
0
VERTEX
8
Layer 1
10
19.751158
20
94.964530
70
0
0
VERTEX
8
Layer 1
10
19.473346
20
94.932560
70
0
0
VERTEX
8
Layer 1
10
19.473346
20
94.932560
70
0
0
SEQEND
8
Layer 1
0
POLYLINE
8
Layer 1
62
7
70
0
10
0.000000
20
0.000000
66
1
0
VERTEX
8
Layer 1
10
14.111120
20
92.674781
70
0
0
VERTEX
8
Layer 1
10
12.417786
20
91.863391
70
0
0
VERTEX
8
Layer 1
10
13.405564
20
89.323390
70
0
0
VERTEX
8
Layer 1
10
14.534454
20
86.853944
70
0
0
VERTEX
8
Layer 1
10
16.263066
20
87.559500
70
0
0
VERTEX
8
Layer 1
10
17.458101
20
88.203319
70
0
0
VERTEX
8
Layer 1
10
17.885845
20
88.688389
70
0
0
VERTEX
8
Layer 1
10
17.635041
20
88.932027
70
0
0
VERTEX
8
Layer 1
10
17.149421
20
89.023528
70
0
0
VERTEX
8
Layer 1
10
16.511664
20
88.956280
70
0
0
VERTEX
8
Layer 1
10
15.804454
20
88.723667
70
0
0
VERTEX
8
Layer 1
10
15.314975
20
88.653111
70
0
0
VERTEX
8
Layer 1
10
15.169454
20
89.005889
70
0
0
VERTEX
8
Layer 1
10
15.376711
20
89.473320
70
0
0
VERTEX
8
Layer 1
10
15.875010
20
89.782001
70
0
0
VERTEX
8
Layer 1
10
16.373309
20
90.090682
70
0
0
VERTEX
8
Layer 1
10
16.580566
20
90.558113
70
0
0
VERTEX
8
Layer 1
10
16.529303
20
90.811672
70
0
0
VERTEX
8
Layer 1
10
16.355670
20
90.946168
70
0
0
VERTEX
8
Layer 1
10
15.522232
20
90.910891
70
0
0
VERTEX
8
Layer 1
10
14.677770
20
90.844745
70
0
0
VERTEX
8
Layer 1
10
14.296328
20
91.043182
70
0
0
VERTEX
8
Layer 1
10
14.430825
20
91.387141
70
0
0
VERTEX
8
Layer 1
10
15.134176
20
91.757558
70
0
0
VERTEX
8
Layer 1
10
15.782406
20
92.088287
70
0
0
VERTEX
8
Layer 1
10
16.166052
20
92.498392
70
0
0
VERTEX
8
Layer 1
10
16.245427
20
92.908496
70
0
0
VERTEX
8
Layer 1
10
15.980843
20
93.239225
70
0
0
VERTEX
8
Layer 1
10
15.310565
20
93.142211
70
0
0
VERTEX
8
Layer 1
10
14.111120
20
92.674781
70
0
0
VERTEX
8
Layer 1
10
14.111120
20
92.674781
70
0
0
SEQEND
8
Layer 1
0
POLYLINE
8
Layer 1
62
7
70
0
10
0.000000
20
0.000000
66
1
0
VERTEX
8
Layer 1
10
48.224753
20
72.460601
70
0
0
VERTEX
8
Layer 1
10
48.048364
20
72.032858
70
0
0
VERTEX
8
Layer 1
10
47.977808
20
71.366989
70
0
0
VERTEX
8
Layer 1
10
47.935916
20
70.957436
70
0
0
VERTEX
8
Layer 1
10
47.774961
20
70.709940
70
0
0
VERTEX
8
Layer 1
10
46.884196
20
70.555600
70
0
0
VERTEX
8
Layer 1
10
46.249747
20
70.528590
70
0
0
VERTEX
8
Layer 1
10
45.936105
20
70.365982
70
0
0
VERTEX
8
Layer 1
10
45.867203
20
69.945404
70
0
0
VERTEX
8
Layer 1
10
45.966973
20
69.144488
70
0
0
VERTEX
8
Layer 1
10
45.980203
20
67.993550
70
0
0
VERTEX
8
Layer 1
10
45.649473
20
67.345320
70
0
0
VERTEX
8
Layer 1
10
45.292837
20
66.901040
70
0
0
VERTEX
8
Layer 1
10
45.177633
20
66.384000
70
0
0
VERTEX
8
Layer 1
10
45.307168
20
65.827272
70
0
0
VERTEX
8
Layer 1
10
45.684751
20
65.263930
70
0
0
VERTEX
8
Layer 1
10
46.055168
20
64.695075
70
0
0
VERTEX
8
Layer 1
10
45.684751
20
64.205596
70
0
0
VERTEX
8
Layer 1
10
45.274095
20
63.699029
70
0
0
VERTEX
8
Layer 1
10
45.230549
20
63.089936
70
0
0
VERTEX
8
Layer 1
10
45.590493
20
62.236103
70
0
0
VERTEX
8
Layer 1
10
46.390307
20
60.995316
70
0
0
VERTEX
8
Layer 1
10
47.378085
20
59.204968
70
0
0
VERTEX
8
Layer 1
10
47.571011
20
58.395783
70
0
0
VERTEX
8
Layer 1
10
47.625030
20
57.467536
70
0
0
VERTEX
8
Layer 1
10
47.528016
20
56.246042
70
0
0
VERTEX
8
Layer 1
10
47.272252
20
55.738924
70
0
0
VERTEX
8
Layer 1
10
46.898528
20
55.948386
70
0
0
VERTEX
8
Layer 1
10
46.557877
20
56.488577
70
0
0
VERTEX
8
Layer 1
10
46.309830
20
57.227206
70
0
0
VERTEX
8
Layer 1
10
46.213918
20
58.031981
70
0
0
VERTEX
8
Layer 1
10
46.046348
20
58.794863
70
0
0
VERTEX
8
Layer 1
10
45.508362
20
59.160871
70
0
0
VERTEX
8
Layer 1
10
44.970376
20
59.553336
70
0
0
VERTEX
8
Layer 1
10
44.802806
20
60.395594
70
0
0
VERTEX
8
Layer 1
10
44.695870
20
61.417547
70
0
0
VERTEX
8
Layer 1
10
44.397111
20
62.168303
70
0
0
VERTEX
8
Layer 1
10
43.939602
20
62.588329
70
0
0
VERTEX
8
Layer 1
10
43.356416
20
62.618095
70
0
0
VERTEX
8
Layer 1
10
42.849298
20
62.578407
70
0
0
VERTEX
8
Layer 1
10
42.686138
20
62.935595
70
0
0
VERTEX
8
Layer 1
10
42.422106
20
64.092046
70
0
0
VERTEX
8
Layer 1
10
41.790964
20
64.937610
70
0
0
VERTEX
8
Layer 1
10
41.034145
20
65.267237
70
0
0
VERTEX
8
Layer 1
10
40.684054
20
65.174495
70
0
0
VERTEX
8
Layer 1
10
40.393081
20
64.875874
70
0
0
VERTEX
8
Layer 1
10
40.221653
20
64.768387
70
0
0
VERTEX
8
Layer 1
10
39.974157
20
64.809728
70
0
0
VERTEX
8
Layer 1
10
39.264191
20
65.299208
70
0
0
VERTEX
8
Layer 1
10
38.461621
20
65.872472
70
0
0
VERTEX
8
Layer 1
10
38.143019
20
65.894521
70
0
0
VERTEX
8
Layer 1
10
37.817802
20
65.757819
70
0
0
VERTEX
8
Layer 1
10
37.365254
20
65.262828
70
0
0
VERTEX
8
Layer 1
10
37.134294
20
64.602471
70
0
0
VERTEX
8
Layer 1
10
37.148075
20
63.902427
70
0
0
VERTEX
8
Layer 1
10
37.429746
20
63.288373
70
0
0
VERTEX
8
Layer 1
10
37.672281
20
62.790074
70
0
0
VERTEX
8
Layer 1
10
37.465024
20
62.371150
70
0
0
VERTEX
8
Layer 1
10
37.117758
20
61.770877
70
0
0
VERTEX
8
Layer 1
10
37.068148
20
61.061462
70
0
0
VERTEX
8
Layer 1
10
37.296352
20
60.371891
70
0
0
VERTEX
8
Layer 1
10
37.782524
20
59.831149
70
0
0
VERTEX
8
Layer 1
10
38.294052
20
59.275523
70
0
0
VERTEX
8
Layer 1
10
38.276413
20
58.561148
70
0
0
VERTEX
8
Layer 1
10
38.225150
20
57.839056
70
0
0
VERTEX
8
Layer 1
10
38.527767
20
57.282328
70
0
0
VERTEX
8
Layer 1
10
39.154499
20
56.924038
70
0
0
VERTEX
8
Layer 1
10
40.075581
20
56.797258
70
0
0
VERTEX
8
Layer 1
10
40.724362
20
56.766390
70
0
0
VERTEX
8
Layer 1
10
41.085408
20
56.629688
70
0
0
VERTEX
8
Layer 1
10
41.241402
20
56.321008
70
0
0
VERTEX
8
Layer 1
10
41.275026
20
55.774202
70
0
0
VERTEX
8
Layer 1
10
41.385820
20
55.057070
70
0
0
VERTEX
8
Layer 1
10
41.790964
20
54.614444
70
0
0
VERTEX
8
Layer 1
10
42.599597
20
54.390099
70
0
0
VERTEX
8
Layer 1
10
43.920861
20
54.327812
70
0
0
VERTEX
8
Layer 1
10
44.732802
20
54.285920
70
0
0
VERTEX
8
Layer 1
10
45.336383
20
54.124965
70
0
0
VERTEX
8
Layer 1
10
45.840745
20
53.792030
70
0
0
VERTEX
8
Layer 1
10
46.355029
20
53.234200
70
0
0
VERTEX
8
Layer 1
10
46.825767
20
52.596444
70
0
0
VERTEX
8
Layer 1
10
47.104682
20
51.942151
70
0
0
VERTEX
8
Layer 1
10
47.272252
20
49.882809
70
0
0
VERTEX
8
Layer 1
10
47.272252
20
47.589752
70
0
0
VERTEX
8
Layer 1
10
46.319751
20
47.695586
70
0
0
VERTEX
8
Layer 1
10
45.774048
20
47.838350
70
0
0
VERTEX
8
Layer 1
10
45.287876
20
48.229162
70
0
0
VERTEX
8
Layer 1
10
44.097250
20
50.165032
70
0
0
VERTEX
8
Layer 1
10
43.079706
20
52.009399
70
0
0
VERTEX
8
Layer 1
10
42.386277
20
52.960797
70
0
0
VERTEX
8
Layer 1
10
41.825139
20
53.211049
70
0
0
VERTEX
8
Layer 1
10
41.204470
20
52.951978
70
0
0
VERTEX
8
Layer 1
10
40.520963
20
52.669755
70
0
0
VERTEX
8
Layer 1
10
40.075581
20
53.022533
70
0
0
VERTEX
8
Layer 1
10
38.523358
20
55.209757
70
0
0
VERTEX
8
Layer 1
10
37.420926
20
56.559133
70
0
0
VERTEX
8
Layer 1
10
37.084685
20
56.578977
70
0
0
VERTEX
8
Layer 1
10
36.688912
20
56.268091
70
0
0
VERTEX
8
Layer 1
10
36.112892
20
55.940118
70
0
0
VERTEX
8
Layer 1
10
35.573252
20
55.999098
70
0
0
VERTEX
8
Layer 1
10
35.106372
20
56.421880
70
0
0
VERTEX
8
Layer 1
10
34.748633
20
57.185314
70
0
0
VERTEX
8
Layer 1
10
34.387036
20
57.762988
70
0
0
VERTEX
8
Layer 1
10
33.866688
20
58.208370
70
0
0
VERTEX
8
Layer 1
10
33.192000
20
58.345071
70
0
0
VERTEX
8
Layer 1
10
32.490854
20
57.820314
70
0
0
VERTEX
8
Layer 1
10
31.807346
20
57.291147
70
0
0
VERTEX
8
Layer 1
10
31.044464
20
57.502814
70
0
0
VERTEX
8
Layer 1
10
30.259533
20
57.718891
70
0
0
VERTEX
8
Layer 1
10
29.527519
20
57.220592
70
0
0
VERTEX
8
Layer 1
10
29.148833
20
56.787887
70
0
0
VERTEX
8
Layer 1
10
29.011581
20
56.457709
70
0
0
VERTEX
8
Layer 1
10
29.105839
20
56.094458
70
0
0
VERTEX
8
Layer 1
10
29.421685
20
55.562535
70
0
0
VERTEX
8
Layer 1
10
29.853838
20
54.596805
70
0
0
VERTEX
8
Layer 1
10
29.598074
20
53.551700
70
0
0
VERTEX
8
Layer 1
10
29.351130
20
52.528644
70
0
0
VERTEX
8
Layer 1
10
29.528621
20
52.192403
70
0
0
VERTEX
8
Layer 1
10
29.950852
20
51.823088
70
0
0
VERTEX
8
Layer 1
10
30.806339
20
51.342428
70
0
0
VERTEX
8
Layer 1
10
31.714742
20
51.152810
70
0
0
VERTEX
8
Layer 1
10
32.465498
20
51.095484
70
0
0
VERTEX
8
Layer 1
10
32.878910
20
50.905865
70
0
0
VERTEX
8
Layer 1
10
32.974821
20
50.557497
70
0
0
VERTEX
8
Layer 1
10
32.773076
20
50.023920
70
0
0
VERTEX
8
Layer 1
10
32.614326
20
49.313955
70
0
0
VERTEX
8
Layer 1
10
32.984743
20
48.471697
70
0
0
VERTEX
8
Layer 1
10
33.563519
20
47.896779
70
0
0
VERTEX
8
Layer 1
10
34.334119
20
47.655898
70
0
0
VERTEX
8
Layer 1
10
35.276698
20
47.752361
70
0
0
VERTEX
8
Layer 1
10
36.371412
20
48.189475
70
0
0
VERTEX
8
Layer 1
10
37.429746
20
48.718642
70
0
0
VERTEX
8
Layer 1
10
37.182801
20
47.448641
70
0
0
VERTEX
8
Layer 1
10
37.117896
20
46.636907
70
0
0
VERTEX
8
Layer 1
10
37.239025
20
45.975242
70
0
0
VERTEX
8
Layer 1
10
37.543710
20
45.464885
70
0
0
VERTEX
8
Layer 1
10
38.029468
20
45.107077
70
0
0
VERTEX
8
Layer 1
10
38.693821
20
44.903058
70
0
0
VERTEX
8
Layer 1
10
39.534287
20
44.854069
70
0
0
VERTEX
8
Layer 1
10
41.733637
20
45.226140
70
0
0
VERTEX
8
Layer 1
10
42.983794
20
45.437255
70
0
0
VERTEX
8
Layer 1
10
44.088431
20
45.380480
70
0
0
VERTEX
8
Layer 1
10
45.047546
20
45.052507
70
0
0
VERTEX
8
Layer 1
10
45.861140
20
44.450028
70
0
0
VERTEX
8
Layer 1
10
46.224391
20
43.962753
70
0
0
VERTEX
8
Layer 1
10
46.438814
20
43.250583
70
0
0
VERTEX
8
Layer 1
10
46.566696
20
40.251970
70
0
0
VERTEX
8
Layer 1
10
46.438814
20
37.143114
70
0
0
VERTEX
8
Layer 1
10
46.164860
20
36.506460
70
0
0
VERTEX
8
Layer 1
10
45.649473
20
36.018634
70
0
0
VERTEX
8
Layer 1
10
44.635236
20
35.401272
70
0
0
VERTEX
8
Layer 1
10
43.462250
20
34.889744
70
0
0
VERTEX
8
Layer 1
10
40.829093
20
33.905824
70
0
0
VERTEX
8
Layer 1
10
38.854087
20
32.918597
70
0
0
VERTEX
8
Layer 1
10
38.285990
20
32.526063
70
0
0
VERTEX
8
Layer 1
10
38.089551
20
32.255485
70
0
0
VERTEX
8
Layer 1
10
38.333808
20
32.147791
70
0
0
VERTEX
8
Layer 1
10
39.087802
20
32.243909
70
0
0
VERTEX
8
Layer 1
10
44.564681
20
33.103806
70
0
0
VERTEX
8
Layer 1
10
49.565309
20
33.513910
70
0
0
VERTEX
8
Layer 1
10
52.462498
20
33.355160
70
0
0
VERTEX
8
Layer 1
10
55.915313
20
32.984743
70
0
0
VERTEX
8
Layer 1
10
60.047225
20
32.486444
70
0
0
VERTEX
8
Layer 1
10
60.553792
20
32.553141
70
0
0
VERTEX
8
Layer 1
10
60.501427
20
32.808354
70
0
0
VERTEX
8
Layer 1
10
59.904460
20
33.324843
70
0
0
VERTEX
8
Layer 1
10
58.821322
20
33.897556
70
0
0
VERTEX
8
Layer 1
10
57.519902
20
34.410738
70
0
0
VERTEX
8
Layer 1
10
56.268091
20
34.748633
70
0
0
VERTEX
8
Layer 1
10
54.901076
20
35.119050
70
0
0
VERTEX
8
Layer 1
10
53.586978
20
35.701134
70
0
0
VERTEX
8
Layer 1
10
52.888588
20
36.137696
70
0
0
VERTEX
8
Layer 1
10
52.471318
20
36.600718
70
0
0
VERTEX
8
Layer 1
10
52.232641
20
37.248947
70
0
0
VERTEX
8
Layer 1
10
52.070033
20
38.241135
70
0
0
VERTEX
8
Layer 1
10
51.879312
20
40.365520
70
0
0
VERTEX
8
Layer 1
10
51.893644
20
42.033499
70
0
0
VERTEX
8
Layer 1
10
52.119642
20
43.331060
70
0
0
VERTEX
8
Layer 1
10
52.563922
20
44.344195
70
0
0
VERTEX
8
Layer 1
10
53.324600
20
45.371661
70
0
0
VERTEX
8
Layer 1
10
54.124965
20
45.896418
70
0
0
VERTEX
8
Layer 1
10
55.123767
20
45.971383
70
0
0
VERTEX
8
Layer 1
10
56.479758
20
45.649473
70
0
0
VERTEX
8
Layer 1
10
58.164273
20
45.243778
70
0
0
VERTEX
8
Layer 1
10
59.584204
20
45.367251
70
0
0
VERTEX
8
Layer 1
10
60.302438
20
45.583879
70
0
0
VERTEX
8
Layer 1
10
60.673406
20
45.856730
70
0
0
VERTEX
8
Layer 1
10
60.799635
20
46.334634
70
0
0
VERTEX
8
Layer 1
10
60.783649
20
47.166419
70
0
0
VERTEX
8
Layer 1
10
60.713094
20
48.648086
70
0
0
VERTEX
8
Layer 1
10
62.371150
20
48.436419
70
0
0
VERTEX
8
Layer 1
10
63.640049
20
48.428151
70
0
0
VERTEX
8
Layer 1
10
64.452541
20
48.740690
70
0
0
VERTEX
8
Layer 1
10
64.841699
20
49.403803
70
0
0
VERTEX
8
Layer 1
10
64.840596
20
50.447254
70
0
0
VERTEX
8
Layer 1
10
64.792089
20
51.055245
70
0
0
VERTEX
8
Layer 1
10
64.928791
20
51.421803
70
0
0
VERTEX
8
Layer 1
10
65.356534
20
51.662684
70
0
0
VERTEX
8
Layer 1
10
66.181153
20
51.893644
70
0
0
VERTEX
8
Layer 1
10
67.372881
20
52.298236
70
0
0
VERTEX
8
Layer 1
10
68.094973
20
52.775589
70
0
0
VERTEX
8
Layer 1
10
68.354045
20
53.332317
70
0
0
VERTEX
8
Layer 1
10
68.156710
20
53.975034
70
0
0
VERTEX
8
Layer 1
10
67.953862
20
54.711458
70
0
0
VERTEX
8
Layer 1
10
68.333099
20
55.738924
70
0
0
VERTEX
8
Layer 1
10
68.622487
20
56.378334
70
0
0
VERTEX
8
Layer 1
10
68.690286
20
56.806077
70
0
0
VERTEX
8
Layer 1
10
68.526575
20
57.167675
70
0
0
VERTEX
8
Layer 1
10
68.121432
20
57.608647
70
0
0
VERTEX
8
Layer 1
10
67.393827
20
58.151044
70
0
0
VERTEX
8
Layer 1
10
67.094517
20
58.129546
70
0
0
VERTEX
8
Layer 1
10
66.745598
20
57.926148
70
0
0
VERTEX
8
Layer 1
10
65.519694
20
57.229411
70
0
0
VERTEX
8
Layer 1
10
65.168018
20
57.221694
70
0
0
VERTEX
8
Layer 1
10
64.981708
20
57.432258
70
0
0
VERTEX
8
Layer 1
10
64.617905
20
57.844016
70
0
0
VERTEX
8
Layer 1
10
64.029207
20
57.789446
70
0
0
VERTEX
8
Layer 1
10
63.334675
20
57.318157
70
0
0
VERTEX
8
Layer 1
10
62.653373
20
56.479758
70
0
0
VERTEX
8
Layer 1
10
62.160035
20
55.774202
70
0
0
VERTEX
8
Layer 1
10
61.722921
20
55.359688
70
0
0
VERTEX
8
Layer 1
10
61.239505
20
55.170069
70
0
0
VERTEX
8
Layer 1
10
60.607260
20
55.139201
70
0
0
VERTEX
8
Layer 1
10
59.957928
20
55.136997
70
0
0
VERTEX
8
Layer 1
10
59.513649
20
54.962812
70
0
0
VERTEX
8
Layer 1
10
59.148744
20
54.524045
70
0
0
VERTEX
8
Layer 1
10
58.737537
20
53.728089
70
0
0
VERTEX
8
Layer 1
10
58.220497
20
52.827954
70
0
0
VERTEX
8
Layer 1
10
57.749759
20
52.321387
70
0
0
VERTEX
8
Layer 1
10
57.358396
20
52.244768
70
0
0
VERTEX
8
Layer 1
10
57.079480
20
52.634478
70
0
0
VERTEX
8
Layer 1
10
56.937611
20
52.869295
70
0
0
VERTEX
8
Layer 1
10
56.731663
20
52.945363
70
0
0
VERTEX
8
Layer 1
10
56.175487
20
52.660936
70
0
0
VERTEX
8
Layer 1
10
55.506862
20
51.860571
70
0
0
VERTEX
8
Layer 1
10
54.821701
20
50.623643
70
0
0
VERTEX
8
Layer 1
10
54.084726
20
49.306789
70
0
0
VERTEX
8
Layer 1
10
53.344443
20
48.370274
70
0
0
VERTEX
8
Layer 1
10
52.584317
20
47.810790
70
0
0
VERTEX
8
Layer 1
10
51.787810
20
47.625030
70
0
0
VERTEX
8
Layer 1
10
51.458735
20
47.707712
70
0
0
VERTEX
8
Layer 1
10
51.298331
20
48.074822
70
0
0
VERTEX
8
Layer 1
10
51.364477
20
50.376698
70
0
0
VERTEX
8
Layer 1
10
51.664338
20
52.444859
70
0
0
VERTEX
8
Layer 1
10
52.070033
20
53.586978
70
0
0
VERTEX
8
Layer 1
10
52.841735
20
53.979444
70
0
0
VERTEX
8
Layer 1
10
54.010312
20
54.186701
70
0
0
VERTEX
8
Layer 1
10
55.474340
20
54.310724
70
0
0
VERTEX
8
Layer 1
10
56.435661
20
54.543889
70
0
0
VERTEX
8
Layer 1
10
56.986876
20
54.915959
70
0
0
VERTEX
8
Layer 1
10
57.220592
20
55.456702
70
0
0
VERTEX
8
Layer 1
10
57.330284
20
55.829875
70
0
0
VERTEX
8
Layer 1
10
57.568960
20
56.113751
70
0
0
VERTEX
8
Layer 1
10
58.525870
20
56.479758
70
0
0
VERTEX
8
Layer 1
10
59.372537
20
56.745444
70
0
0
VERTEX
8
Layer 1
10
59.928163
20
57.150036
70
0
0
VERTEX
8
Layer 1
10
60.232434
20
57.739837
70
0
0
VERTEX
8
Layer 1
10
60.325038
20
58.561148
70
0
0
VERTEX
8
Layer 1
10
60.381262
20
59.003223
70
0
0
VERTEX
8
Layer 1
10
60.563163
20
59.346079
70
0
0
VERTEX
8
Layer 1
10
61.383372
20
59.866427
70
0
0
VERTEX
8
Layer 1
10
62.072943
20
60.322282
70
0
0
VERTEX
8
Layer 1
10
62.428477
20
60.973268
70
0
0
VERTEX
8
Layer 1
10
62.420209
20
61.697014
70
0
0
VERTEX
8
Layer 1
10
62.018372
20
62.371150
70
0
0
VERTEX
8
Layer 1
10
61.780247
20
62.794484
70
0
0
VERTEX
8
Layer 1
10
62.018372
20
63.217818
70
0
0
VERTEX
8
Layer 1
10
62.343590
20
63.777853
70
0
0
VERTEX
8
Layer 1
10
62.424067
20
64.443721
70
0
0
VERTEX
8
Layer 1
10
62.266419
20
65.043444
70
0
0
VERTEX
8
Layer 1
10
61.877261
20
65.405041
70
0
0
VERTEX
8
Layer 1
10
61.202573
20
65.400631
70
0
0
VERTEX
8
Layer 1
10
60.395594
20
65.052263
70
0
0
VERTEX
8
Layer 1
10
59.667989
20
64.695075
70
0
0
VERTEX
8
Layer 1
10
59.337260
20
64.840596
70
0
0
VERTEX
8
Layer 1
10
59.052281
20
65.153136
70
0
0
VERTEX
8
Layer 1
10
58.565558
20
65.250701
70
0
0
VERTEX
8
Layer 1
10
58.032532
20
65.143214
70
0
0
VERTEX
8
Layer 1
10
57.608647
20
64.840596
70
0
0
VERTEX
8
Layer 1
10
57.282328
20
64.223235
70
0
0
VERTEX
8
Layer 1
10
57.008925
20
63.394207
70
0
0
VERTEX
8
Layer 1
10
56.717883
20
62.644553
70
0
0
VERTEX
8
Layer 1
10
56.532674
20
62.620300
70
0
0
VERTEX
8
Layer 1
10
56.268091
20
62.794484
70
0
0
VERTEX
8
Layer 1
10
55.668368
20
63.088833
70
0
0
VERTEX
8
Layer 1
10
55.148021
20
62.926776
70
0
0
VERTEX
8
Layer 1
10
54.720278
20
62.328156
70
0
0
VERTEX
8
Layer 1
10
54.398368
20
61.312816
70
0
0
VERTEX
8
Layer 1
10
54.049999
20
60.197156
70
0
0
VERTEX
8
Layer 1
10
53.847703
20
59.948558
70
0
0
VERTEX
8
Layer 1
10
53.622256
20
59.901704
70
0
0
VERTEX
8
Layer 1
10
53.104113
20
59.807998
70
0
0
VERTEX
8
Layer 1
10
52.652116
20
59.337260
70
0
0
VERTEX
8
Layer 1
10
52.332411
20
58.601938
70
0
0
VERTEX
8
Layer 1
10
52.211144
20
57.714481
70
0
0
VERTEX
8
Layer 1
10
52.118540
20
56.801668
70
0
0
VERTEX
8
Layer 1
10
51.893644
20
56.126980
70
0
0
VERTEX
8
Layer 1
10
51.499525
20
55.789636
70
0
0
VERTEX
8
Layer 1
10
51.148400
20
55.994688
70
0
0
VERTEX
8
Layer 1
10
50.896495
20
56.662761
70
0
0
VERTEX
8
Layer 1
10
50.800032
20
57.714481
70
0
0
VERTEX
8
Layer 1
10
51.020518
20
59.288753
70
0
0
VERTEX
8
Layer 1
10
51.823088
20
60.783649
70
0
0
VERTEX
8
Layer 1
10
52.673614
20
62.123103
70
0
0
VERTEX
8
Layer 1
10
53.071040
20
63.085526
70
0
0
VERTEX
8
Layer 1
10
53.038519
20
63.770136
70
0
0
VERTEX
8
Layer 1
10
52.599200
20
64.276152
70
0
0
VERTEX
8
Layer 1
10
52.070033
20
64.822958
70
0
0
VERTEX
8
Layer 1
10
52.387533
20
65.475597
70
0
0
VERTEX
8
Layer 1
10
52.764564
20
66.143670
70
0
0
VERTEX
8
Layer 1
10
52.890242
20
66.772056
70
0
0
VERTEX
8
Layer 1
10
52.764564
20
67.281379
70
0
0
VERTEX
8
Layer 1
10
52.387533
20
67.592265
70
0
0
VERTEX
8
Layer 1
10
52.043574
20
68.068515
70
0
0
VERTEX
8
Layer 1
10
51.964199
20
69.073932
70
0
0
VERTEX
8
Layer 1
10
51.889234
20
70.149905
70
0
0
VERTEX
8
Layer 1
10
51.661582
20
70.373699
70
0
0
VERTEX
8
Layer 1
10
51.258643
20
70.485044
70
0
0
VERTEX
8
Layer 1
10
50.645692
20
70.789315
70
0
0
VERTEX
8
Layer 1
10
50.376698
20
71.543378
70
0
0
VERTEX
8
Layer 1
10
50.107705
20
72.310671
70
0
0
VERTEX
8
Layer 1
10
49.388920
20
72.601712
70
0
0
VERTEX
8
Layer 1
10
48.674545
20
72.610532
70
0
0
VERTEX
8
Layer 1
10
48.224753
20
72.460601
70
0
0
VERTEX
8
Layer 1
10
48.224753
20
72.460601
70
0
0
SEQEND
8
Layer 1
0
POLYLINE
8
Layer 1
62
7
70
0
10
0.000000
20
0.000000
66
1
0
VERTEX
8
Layer 1
10
39.511136
20
71.296434
70
0
0
VERTEX
8
Layer 1
10
39.268601
20
70.335114
70
0
0
VERTEX
8
Layer 1
10
39.158358
20
69.003377
70
0
0
VERTEX
8
Layer 1
10
39.321518
20
67.605494
70
0
0
VERTEX
8
Layer 1
10
39.589960
20
67.182712
70
0
0
VERTEX
8
Layer 1
10
40.040303
20
66.816153
70
0
0
VERTEX
8
Layer 1
10
40.851692
20
66.477707
70
0
0
VERTEX
8
Layer 1
10
41.715998
20
66.463375
70
0
0
VERTEX
8
Layer 1
10
42.580305
20
66.766544
70
0
0
VERTEX
8
Layer 1
10
43.391694
20
67.380598
70
0
0
VERTEX
8
Layer 1
10
43.999685
20
68.254275
70
0
0
VERTEX
8
Layer 1
10
44.075201
20
69.131259
70
0
0
VERTEX
8
Layer 1
10
43.614936
20
70.014857
70
0
0
VERTEX
8
Layer 1
10
42.615582
20
70.908378
70
0
0
VERTEX
8
Layer 1
10
41.490551
20
71.623856
70
0
0
VERTEX
8
Layer 1
10
40.626796
20
71.922615
70
0
0
VERTEX
8
Layer 1
10
39.981323
20
71.811269
70
0
0
VERTEX
8
Layer 1
10
39.511136
20
71.296434
70
0
0
VERTEX
8
Layer 1
10
39.511136
20
71.296434
70
0
0
SEQEND
8
Layer 1
0
POLYLINE
8
Layer 1
62
7
70
0
10
0.000000
20
0.000000
66
1
0
VERTEX
8
Layer 1
10
41.768915
20
71.049489
70
0
0
VERTEX
8
Layer 1
10
42.215400
20
70.693404
70
0
0
VERTEX
8
Layer 1
10
42.298082
20
70.185183
70
0
0
VERTEX
8
Layer 1
10
42.036806
20
69.650504
70
0
0
VERTEX
8
Layer 1
10
41.451415
20
69.215044
70
0
0
VERTEX
8
Layer 1
10
40.597582
20
68.891480
70
0
0
VERTEX
8
Layer 1
10
39.991796
20
68.822578
70
0
0
VERTEX
8
Layer 1
10
39.630750
20
69.011645
70
0
0
VERTEX
8
Layer 1
10
39.511136
20
69.461988
70
0
0
VERTEX
8
Layer 1
10
39.655554
20
70.474020
70
0
0
VERTEX
8
Layer 1
10
40.084400
20
71.075948
70
0
0
VERTEX
8
Layer 1
10
40.791059
20
71.267771
70
0
0
VERTEX
8
Layer 1
10
41.768915
20
71.049489
70
0
0
VERTEX
8
Layer 1
10
41.768915
20
71.049489
70
0
0
SEQEND
8
Layer 1
0
POLYLINE
8
Layer 1
62
7
70
0
10
0.000000
20
0.000000
66
1
0
VERTEX
8
Layer 1
10
56.620869
20
71.120045
70
0
0
VERTEX
8
Layer 1
10
55.668368
20
70.617336
70
0
0
VERTEX
8
Layer 1
10
54.927535
20
70.061711
70
0
0
VERTEX
8
Layer 1
10
54.426342
20
69.271819
70
0
0
VERTEX
8
Layer 1
10
54.331119
20
68.432317
70
0
0
VERTEX
8
Layer 1
10
54.571587
20
67.615967
70
0
0
VERTEX
8
Layer 1
10
55.077465
20
66.895528
70
0
0
VERTEX
8
Layer 1
10
55.778474
20
66.343761
70
0
0
VERTEX
8
Layer 1
10
56.604333
20
66.033427
70
0
0
VERTEX
8
Layer 1
10
57.484762
20
66.037286
70
0
0
VERTEX
8
Layer 1
10
58.349481
20
66.428097
70
0
0
VERTEX
8
Layer 1
10
58.634942
20
66.797825
70
0
0
VERTEX
8
Layer 1
10
58.853843
20
67.381700
70
0
0
VERTEX
8
Layer 1
10
59.077086
20
68.897543
70
0
0
VERTEX
8
Layer 1
10
58.989443
20
70.386928
70
0
0
VERTEX
8
Layer 1
10
58.819737
20
70.937730
70
0
0
VERTEX
8
Layer 1
10
58.561148
20
71.261156
70
0
0
VERTEX
8
Layer 1
10
58.153800
20
71.497076
70
0
0
VERTEX
8
Layer 1
10
57.815904
20
71.561017
70
0
0
VERTEX
8
Layer 1
10
56.620869
20
71.120045
70
0
0
VERTEX
8
Layer 1
10
56.620869
20
71.120045
70
0
0
SEQEND
8
Layer 1
0
POLYLINE
8
Layer 1
62
7
70
0
10
0.000000
20
0.000000
66
1
0
VERTEX
8
Layer 1
10
58.490592
20
69.603099
70
0
0
VERTEX
8
Layer 1
10
58.459724
20
68.663828
70
0
0
VERTEX
8
Layer 1
10
58.267350
20
68.486888
70
0
0
VERTEX
8
Layer 1
10
57.926148
20
68.438932
70
0
0
VERTEX
8
Layer 1
10
57.194133
20
68.646189
70
0
0
VERTEX
8
Layer 1
10
56.409202
20
69.144488
70
0
0
VERTEX
8
Layer 1
10
55.756563
20
69.827995
70
0
0
VERTEX
8
Layer 1
10
55.873421
20
70.062262
70
0
0
VERTEX
8
Layer 1
10
56.268091
20
70.379211
70
0
0
VERTEX
8
Layer 1
10
57.071763
20
70.813569
70
0
0
VERTEX
8
Layer 1
10
57.749759
20
70.811364
70
0
0
VERTEX
8
Layer 1
10
58.242545
20
70.399055
70
0
0
VERTEX
8
Layer 1
10
58.490592
20
69.603099
70
0
0
VERTEX
8
Layer 1
10
58.490592
20
69.603099
70
0
0
SEQEND
8
Layer 1
0
POLYLINE
8
Layer 1
62
7
70
0
10
0.000000
20
0.000000
66
1
0
VERTEX
8
Layer 1
10
30.162519
20
64.417263
70
0
0
VERTEX
8
Layer 1
10
29.796512
20
64.100314
70
0
0
VERTEX
8
Layer 1
10
29.642171
20
63.733755
70
0
0
VERTEX
8
Layer 1
10
29.915574
20
62.230039
70
0
0
VERTEX
8
Layer 1
10
30.337806
20
60.914288
70
0
0
VERTEX
8
Layer 1
10
30.779880
20
60.117781
70
0
0
VERTEX
8
Layer 1
10
31.354247
20
59.724764
70
0
0
VERTEX
8
Layer 1
10
32.173354
20
59.619482
70
0
0
VERTEX
8
Layer 1
10
33.094435
20
59.849890
70
0
0
VERTEX
8
Layer 1
10
33.985751
20
60.430871
70
0
0
VERTEX
8
Layer 1
10
34.658785
20
61.197061
70
0
0
VERTEX
8
Layer 1
10
34.925022
20
61.983095
70
0
0
VERTEX
8
Layer 1
10
34.759657
20
62.749284
70
0
0
VERTEX
8
Layer 1
10
34.316480
20
63.455943
70
0
0
VERTEX
8
Layer 1
10
33.674865
20
64.017080
70
0
0
VERTEX
8
Layer 1
10
32.914187
20
64.346707
70
0
0
VERTEX
8
Layer 1
10
31.361964
20
64.770041
70
0
0
VERTEX
8
Layer 1
10
30.788700
20
64.725944
70
0
0
VERTEX
8
Layer 1
10
30.162519
20
64.417263
70
0
0
VERTEX
8
Layer 1
10
30.162519
20
64.417263
70
0
0
SEQEND
8
Layer 1
0
POLYLINE
8
Layer 1
62
7
70
0
10
0.000000
20
0.000000
66
1
0
VERTEX
8
Layer 1
10
32.737798
20
63.782262
70
0
0
VERTEX
8
Layer 1
10
32.900958
20
63.544688
70
0
0
VERTEX
8
Layer 1
10
32.905368
20
63.283963
70
0
0
VERTEX
8
Layer 1
10
32.385020
20
62.547539
70
0
0
VERTEX
8
Layer 1
10
31.574182
20
61.869544
70
0
0
VERTEX
8
Layer 1
10
30.925401
20
61.727331
70
0
0
VERTEX
8
Layer 1
10
30.494902
20
62.101055
70
0
0
VERTEX
8
Layer 1
10
30.338908
20
62.970873
70
0
0
VERTEX
8
Layer 1
10
30.369225
20
63.640049
70
0
0
VERTEX
8
Layer 1
10
30.502068
20
64.011568
70
0
0
VERTEX
8
Layer 1
10
30.800275
20
64.171421
70
0
0
VERTEX
8
Layer 1
10
31.326686
20
64.205596
70
0
0
VERTEX
8
Layer 1
10
32.138076
20
64.086533
70
0
0
VERTEX
8
Layer 1
10
32.737798
20
63.782262
70
0
0
VERTEX
8
Layer 1
10
32.737798
20
63.782262
70
0
0
SEQEND
8
Layer 1
0
POLYLINE
8
Layer 1
62
7
70
0
10
0.000000
20
0.000000
66
1
0
VERTEX
8
Layer 1
10
65.546152
20
63.394207
70
0
0
VERTEX
8
Layer 1
10
64.674129
20
62.827557
70
0
0
VERTEX
8
Layer 1
10
64.152679
20
62.009553
70
0
0
VERTEX
8
Layer 1
10
64.028105
20
61.072486
70
0
0
VERTEX
8
Layer 1
10
64.346707
20
60.148649
70
0
0
VERTEX
8
Layer 1
10
64.932649
20
59.411949
70
0
0
VERTEX
8
Layer 1
10
65.561586
20
58.918336
70
0
0
VERTEX
8
Layer 1
10
66.207060
20
58.662847
70
0
0
VERTEX
8
Layer 1
10
66.842612
20
58.640523
70
0
0
VERTEX
8
Layer 1
10
67.441783
20
58.846402
70
0
0
VERTEX
8
Layer 1
10
67.978116
20
59.275523
70
0
0
VERTEX
8
Layer 1
10
68.425152
20
59.922926
70
0
0
VERTEX
8
Layer 1
10
68.756432
20
60.783649
70
0
0
VERTEX
8
Layer 1
10
69.087713
20
62.204132
70
0
0
VERTEX
8
Layer 1
10
69.051884
20
63.098755
70
0
0
VERTEX
8
Layer 1
10
68.612565
20
63.576659
70
0
0
VERTEX
8
Layer 1
10
67.733376
20
63.746985
70
0
0
VERTEX
8
Layer 1
10
66.586848
20
63.663200
70
0
0
VERTEX
8
Layer 1
10
65.546152
20
63.394207
70
0
0
VERTEX
8
Layer 1
10
65.546152
20
63.394207
70
0
0
SEQEND
8
Layer 1
0
POLYLINE
8
Layer 1
62
7
70
0
10
0.000000
20
0.000000
66
1
0
VERTEX
8
Layer 1
10
68.580043
20
62.935595
70
0
0
VERTEX
8
Layer 1
10
68.653355
20
62.359575
70
0
0
VERTEX
8
Layer 1
10
68.584453
20
61.608268
70
0
0
VERTEX
8
Layer 1
10
68.416332
20
60.956180
70
0
0
VERTEX
8
Layer 1
10
68.191987
20
60.677816
70
0
0
VERTEX
8
Layer 1
10
67.063098
20
61.206983
70
0
0
VERTEX
8
Layer 1
10
66.286435
20
61.708038
70
0
0
VERTEX
8
Layer 1
10
65.876882
20
62.225629
70
0
0
VERTEX
8
Layer 1
10
65.857589
20
62.710148
70
0
0
VERTEX
8
Layer 1
10
66.251708
20
63.111984
70
0
0
VERTEX
8
Layer 1
10
66.967737
20
63.411845
70
0
0
VERTEX
8
Layer 1
10
67.667230
20
63.473582
70
0
0
VERTEX
8
Layer 1
10
68.241046
20
63.310422
70
0
0
VERTEX
8
Layer 1
10
68.580043
20
62.935595
70
0
0
VERTEX
8
Layer 1
10
68.580043
20
62.935595
70
0
0
SEQEND
8
Layer 1
0
POLYLINE
8
Layer 1
62
7
70
0
10
0.000000
20
0.000000
66
1
0
VERTEX
8
Layer 1
10
68.333099
20
50.905865
70
0
0
VERTEX
8
Layer 1
10
67.841965
20
50.146290
70
0
0
VERTEX
8
Layer 1
10
67.552577
20
49.274267
70
0
0
VERTEX
8
Layer 1
10
67.494700
20
48.415473
70
0
0
VERTEX
8
Layer 1
10
67.698098
20
47.695586
70
0
0
VERTEX
8
Layer 1
10
68.087394
20
47.306014
70
0
0
VERTEX
8
Layer 1
10
68.722257
20
47.013181
70
0
0
VERTEX
8
Layer 1
10
70.388030
20
46.734266
70
0
0
VERTEX
8
Layer 1
10
72.014117
20
46.891913
70
0
0
VERTEX
8
Layer 1
10
72.599370
20
47.144783
70
0
0
VERTEX
8
Layer 1
10
72.919213
20
47.519197
70
0
0
VERTEX
8
Layer 1
10
72.937954
20
48.145378
70
0
0
VERTEX
8
Layer 1
10
72.672268
20
49.009684
70
0
0
VERTEX
8
Layer 1
10
72.194915
20
49.940136
70
0
0
VERTEX
8
Layer 1
10
71.578656
20
50.764754
70
0
0
VERTEX
8
Layer 1
10
70.823491
20
51.287858
70
0
0
VERTEX
8
Layer 1
10
69.929419
20
51.483539
70
0
0
VERTEX
8
Layer 1
10
69.048576
20
51.355106
70
0
0
VERTEX
8
Layer 1
10
68.333099
20
50.905865
70
0
0
VERTEX
8
Layer 1
10
68.333099
20
50.905865
70
0
0
SEQEND
8
Layer 1
0
POLYLINE
8
Layer 1
62
7
70
0
10
0.000000
20
0.000000
66
1
0
VERTEX
8
Layer 1
10
71.896156
20
49.671142
70
0
0
VERTEX
8
Layer 1
10
72.200427
20
49.071420
70
0
0
VERTEX
8
Layer 1
10
72.319490
20
48.260030
70
0
0
VERTEX
8
Layer 1
10
72.285315
20
47.733619
70
0
0
VERTEX
8
Layer 1
10
72.125462
20
47.435412
70
0
0
VERTEX
8
Layer 1
10
71.753943
20
47.302569
70
0
0
VERTEX
8
Layer 1
10
71.084767
20
47.272252
70
0
0
VERTEX
8
Layer 1
10
70.292670
20
47.314144
70
0
0
VERTEX
8
Layer 1
10
69.933829
20
47.528016
70
0
0
VERTEX
8
Layer 1
10
69.938790
20
48.046159
70
0
0
VERTEX
8
Layer 1
10
70.238100
20
49.000864
70
0
0
VERTEX
8
Layer 1
10
70.576546
20
49.695947
70
0
0
VERTEX
8
Layer 1
10
70.961295
20
50.037150
70
0
0
VERTEX
8
Layer 1
10
71.398960
20
50.027779
70
0
0
VERTEX
8
Layer 1
10
71.896156
20
49.671142
70
0
0
VERTEX
8
Layer 1
10
71.896156
20
49.671142
70
0
0
SEQEND
8
Layer 1
0
POLYLINE
8
Layer 1
62
7
70
0
10
0.000000
20
0.000000
66
1
0
VERTEX
8
Layer 1
10
25.929183
20
49.494753
70
0
0
VERTEX
8
Layer 1
10
25.274890
20
48.312396
70
0
0
VERTEX
8
Layer 1
10
25.060467
20
47.364856
70
0
0
VERTEX
8
Layer 1
10
25.289222
20
46.662056
70
0
0
VERTEX
8
Layer 1
10
25.964461
20
46.213918
70
0
0
VERTEX
8
Layer 1
10
26.918064
20
46.011622
70
0
0
VERTEX
8
Layer 1
10
28.037032
20
46.024300
70
0
0
VERTEX
8
Layer 1
10
29.089853
20
46.228801
70
0
0
VERTEX
8
Layer 1
10
29.845019
20
46.601974
70
0
0
VERTEX
8
Layer 1
10
30.243548
20
47.281623
70
0
0
VERTEX
8
Layer 1
10
30.334498
20
48.255621
70
0
0
VERTEX
8
Layer 1
10
30.127792
20
49.275921
70
0
0
VERTEX
8
Layer 1
10
29.633352
20
50.094476
70
0
0
VERTEX
8
Layer 1
10
28.712271
20
50.705223
70
0
0
VERTEX
8
Layer 1
10
27.741580
20
50.800032
70
0
0
VERTEX
8
Layer 1
10
26.790733
20
50.392132
70
0
0
VERTEX
8
Layer 1
10
25.929183
20
49.494753
70
0
0
VERTEX
8
Layer 1
10
25.929183
20
49.494753
70
0
0
SEQEND
8
Layer 1
0
POLYLINE
8
Layer 1
62
7
70
0
10
0.000000
20
0.000000
66
1
0
VERTEX
8
Layer 1
10
27.516684
20
48.718642
70
0
0
VERTEX
8
Layer 1
10
27.869462
20
47.307530
70
0
0
VERTEX
8
Layer 1
10
27.823160
20
46.938767
70
0
0
VERTEX
8
Layer 1
10
27.657795
20
46.712217
70
0
0
VERTEX
8
Layer 1
10
26.811128
20
46.566696
70
0
0
VERTEX
8
Layer 1
10
26.005802
20
46.701744
70
0
0
VERTEX
8
Layer 1
10
25.554356
20
47.091453
70
0
0
VERTEX
8
Layer 1
10
25.466713
20
47.712673
70
0
0
VERTEX
8
Layer 1
10
25.752794
20
48.542253
70
0
0
VERTEX
8
Layer 1
10
26.197074
20
49.130400
70
0
0
VERTEX
8
Layer 1
10
26.661197
20
49.358052
70
0
0
VERTEX
8
Layer 1
10
27.112092
20
49.221902
70
0
0
VERTEX
8
Layer 1
10
27.516684
20
48.718642
70
0
0
VERTEX
8
Layer 1
10
27.516684
20
48.718642
70
0
0
SEQEND
8
Layer 1
0
POLYLINE
8
Layer 1
62
7
70
0
10
0.000000
20
0.000000
66
1
0
VERTEX
8
Layer 1
10
315.806866
20
111.583681
70
0
0
VERTEX
8
Layer 1
10
313.939347
20
110.756858
70
0
0
VERTEX
8
Layer 1
10
312.217349
20
109.493472
70
0
0
VERTEX
8
Layer 1
10
310.826081
20
107.952273
70
0
0
VERTEX
8
Layer 1
10
309.950751
20
106.292011
70
0
0
VERTEX
8
Layer 1
10
309.485180
20
104.473827
70
0
0
VERTEX
8
Layer 1
10
309.394574
20
102.759822
70
0
0
VERTEX
8
Layer 1
10
309.693402
20
101.125192
70
0
0
VERTEX
8
Layer 1
10
310.396133
20
99.545132
70
0
0
VERTEX
8
Layer 1
10
311.517237
20
97.994838
70
0
0
VERTEX
8
Layer 1
10
313.071182
20
96.449505
70
0
0
VERTEX
8
Layer 1
10
315.072440
20
94.884328
70
0
0
VERTEX
8
Layer 1
10
317.535478
20
93.274503
70
0
0
VERTEX
8
Layer 1
10
320.991049
20
90.954988
70
0
0
VERTEX
8
Layer 1
10
322.208064
20
89.898583
70
0
0
VERTEX
8
Layer 1
10
323.113780
20
88.873598
70
0
0
VERTEX
8
Layer 1
10
323.730108
20
87.851919
70
0
0
VERTEX
8
Layer 1
10
324.078958
20
86.805437
70
0
0
VERTEX
8
Layer 1
10
324.182243
20
85.706037
70
0
0
VERTEX
8
Layer 1
10
324.061871
20
84.525609
70
0
0
VERTEX
8
Layer 1
10
323.802799
20
83.579998
70
0
0
VERTEX
8
Layer 1
10
323.398207
20
82.755104
70
0
0
VERTEX
8
Layer 1
10
322.851401
20
82.052580
70
0
0
VERTEX
8
Layer 1
10
322.165689
20
81.474079
70
0
0
VERTEX
8
Layer 1
10
321.344378
20
81.021255
70
0
0
VERTEX
8
Layer 1
10
320.390775
20
80.695763
70
0
0
VERTEX
8
Layer 1
10
318.099923
20
80.433384
70
0
0
VERTEX
8
Layer 1
10
316.711479
20
80.521923
70
0
0
VERTEX
8
Layer 1
10
315.452434
20
80.791123
70
0
0
VERTEX
8
Layer 1
10
314.316585
20
81.246358
70
0
0
VERTEX
8
Layer 1
10
313.297732
20
81.893003
70
0
0
VERTEX
8
Layer 1
10
312.389673
20
82.736432
70
0
0
VERTEX
8
Layer 1
10
311.586208
20
83.782019
70
0
0
VERTEX
8
Layer 1
10
310.881134
20
85.035139
70
0
0
VERTEX
8
Layer 1
10
310.268251
20
86.501166
70
0
0
VERTEX
8
Layer 1
10
309.846571
20
87.514851
70
0
0
VERTEX
8
Layer 1
10
309.434813
20
88.048979
70
0
0
VERTEX
8
Layer 1
10
308.963524
20
88.153159
70
0
0
VERTEX
8
Layer 1
10
308.363250
20
87.877000
70
0
0
VERTEX
8
Layer 1
10
308.124022
20
87.608007
70
0
0
VERTEX
8
Layer 1
10
308.036930
20
87.127347
70
0
0
VERTEX
8
Layer 1
10
308.292694
20
84.948942
70
0
0
VERTEX
8
Layer 1
10
308.805325
20
82.040729
70
0
0
VERTEX
8
Layer 1
10
309.298112
20
80.442203
70
0
0
VERTEX
8
Layer 1
10
309.617679
20
79.976977
70
0
0
VERTEX
8
Layer 1
10
310.029023
20
79.650658
70
0
0
VERTEX
8
Layer 1
10
311.256029
20
79.163383
70
0
0
VERTEX
8
Layer 1
10
313.412385
20
78.700362
70
0
0
VERTEX
8
Layer 1
10
316.018532
20
78.422549
70
0
0
VERTEX
8
Layer 1
10
318.578309
20
78.432333
70
0
0
VERTEX
8
Layer 1
10
320.919391
20
78.791864
70
0
0
VERTEX
8
Layer 1
10
323.011598
20
79.480470
70
0
0
VERTEX
8
Layer 1
10
324.824753
20
80.477481
70
0
0
VERTEX
8
Layer 1
10
326.328676
20
81.762227
70
0
0
VERTEX
8
Layer 1
10
327.493188
20
83.314037
70
0
0
VERTEX
8
Layer 1
10
328.288110
20
85.112240
70
0
0
VERTEX
8
Layer 1
10
328.683263
20
87.136166
70
0
0
VERTEX
8
Layer 1
10
328.716060
20
88.649046
70
0
0
VERTEX
8
Layer 1
10
328.509078
20
90.031702
70
0
0
VERTEX
8
Layer 1
10
328.040821
20
91.312658
70
0
0
VERTEX
8
Layer 1
10
327.289789
20
92.520440
70
0
0
VERTEX
8
Layer 1
10
326.234487
20
93.683574
70
0
0
VERTEX
8
Layer 1
10
324.853416
20
94.830585
70
0
0
VERTEX
8
Layer 1
10
323.125080
20
95.989998
70
0
0
VERTEX
8
Layer 1
10
321.027980
20
97.190339
70
0
0
VERTEX
8
Layer 1
10
316.441866
20
99.906730
70
0
0
VERTEX
8
Layer 1
10
315.360932
20
100.953488
70
0
0
VERTEX
8
Layer 1
10
314.461899
20
102.274752
70
0
0
VERTEX
8
Layer 1
10
313.847294
20
103.682005
70
0
0
VERTEX
8
Layer 1
10
313.619642
20
104.986733
70
0
0
VERTEX
8
Layer 1
10
313.862177
20
106.331699
70
0
0
VERTEX
8
Layer 1
10
314.501587
20
107.729582
70
0
0
VERTEX
8
Layer 1
10
315.405581
20
108.955485
70
0
0
VERTEX
8
Layer 1
10
316.441866
20
109.784514
70
0
0
VERTEX
8
Layer 1
10
317.819354
20
110.240369
70
0
0
VERTEX
8
Layer 1
10
319.444889
20
110.388646
70
0
0
VERTEX
8
Layer 1
10
321.129955
20
110.226037
70
0
0
VERTEX
8
Layer 1
10
322.686037
20
109.749236
70
0
0
VERTEX
8
Layer 1
10
323.714054
20
109.167152
70
0
0
VERTEX
8
Layer 1
10
324.401420
20
108.452777
70
0
0
VERTEX
8
Layer 1
10
324.883733
20
107.407672
70
0
0
VERTEX
8
Layer 1
10
325.296594
20
105.833400
70
0
0
VERTEX
8
Layer 1
10
325.741976
20
104.364962
70
0
0
VERTEX
8
Layer 1
10
326.025852
20
104.141719
70
0
0
VERTEX
8
Layer 1
10
326.425483
20
104.140066
70
0
0
VERTEX
8
Layer 1
10
326.838344
20
104.284484
70
0
0
VERTEX
8
Layer 1
10
327.108991
20
104.660413
70
0
0
VERTEX
8
Layer 1
10
327.448540
20
106.715345
70
0
0
VERTEX
8
Layer 1
10
327.907151
20
110.278403
70
0
0
VERTEX
8
Layer 1
10
328.083540
20
111.407292
70
0
0
VERTEX
8
Layer 1
10
325.437705
20
111.795348
70
0
0
VERTEX
8
Layer 1
10
322.717456
20
112.079775
70
0
0
VERTEX
8
Layer 1
10
320.106347
20
112.139307
70
0
0
VERTEX
8
Layer 1
10
317.753208
20
111.973942
70
0
0
VERTEX
8
Layer 1
10
315.806866
20
111.583681
70
0
0
VERTEX
8
Layer 1
10
315.806866
20
111.583681
70
0
0
SEQEND
8
Layer 1
0
POLYLINE
8
Layer 1
62
7
70
0
10
0.000000
20
0.000000
66
1
0
VERTEX
8
Layer 1
10
350.520221
20
111.442570
70
0
0
VERTEX
8
Layer 1
10
349.942547
20
106.710935
70
0
0
VERTEX
8
Layer 1
10
349.781041
20
104.422839
70
0
0
VERTEX
8
Layer 1
10
349.814665
20
103.328676
70
0
0
VERTEX
8
Layer 1
10
350.127755
20
103.103780
70
0
0
VERTEX
8
Layer 1
10
350.626054
20
103.011176
70
0
0
VERTEX
8
Layer 1
10
350.973320
20
103.148980
70
0
0
VERTEX
8
Layer 1
10
351.340430
20
103.584440
70
0
0
VERTEX
8
Layer 1
10
352.213555
20
105.480622
70
0
0
VERTEX
8
Layer 1
10
353.198578
20
107.623748
70
0
0
VERTEX
8
Layer 1
10
353.704938
20
108.310839
70
0
0
VERTEX
8
Layer 1
10
354.299355
20
108.787916
70
0
0
VERTEX
8
Layer 1
10
355.040947
20
109.089706
70
0
0
VERTEX
8
Layer 1
10
355.988831
20
109.250937
70
0
0
VERTEX
8
Layer 1
10
358.739948
20
109.290624
70
0
0
VERTEX
8
Layer 1
10
362.479395
20
109.184791
70
0
0
VERTEX
8
Layer 1
10
362.585228
20
103.011176
70
0
0
VERTEX
8
Layer 1
10
362.479395
20
89.676168
70
0
0
VERTEX
8
Layer 1
10
362.264421
20
84.781924
70
0
0
VERTEX
8
Layer 1
10
362.091201
20
83.270973
70
0
0
VERTEX
8
Layer 1
10
361.817936
20
82.245781
70
0
0
VERTEX
8
Layer 1
10
361.402457
20
81.602581
70
0
0
VERTEX
8
Layer 1
10
360.802597
20
81.237608
70
0
0
VERTEX
8
Layer 1
10
358.881059
20
80.927273
70
0
0
VERTEX
8
Layer 1
10
357.002517
20
80.596544
70
0
0
VERTEX
8
Layer 1
10
356.718089
20
80.317078
70
0
0
VERTEX
8
Layer 1
10
356.658558
20
79.868939
70
0
0
VERTEX
8
Layer 1
10
356.658558
20
79.022272
70
0
0
VERTEX
8
Layer 1
10
364.596063
20
79.022272
70
0
0
VERTEX
8
Layer 1
10
372.533568
20
79.022272
70
0
0
VERTEX
8
Layer 1
10
372.533568
20
79.868939
70
0
0
VERTEX
8
Layer 1
10
372.475139
20
80.316526
70
0
0
VERTEX
8
Layer 1
10
372.224887
20
80.592134
70
0
0
VERTEX
8
Layer 1
10
370.699122
20
80.891995
70
0
0
VERTEX
8
Layer 1
10
369.151309
20
81.249183
70
0
0
VERTEX
8
Layer 1
10
368.159121
20
81.844496
70
0
0
VERTEX
8
Layer 1
10
367.745709
20
82.515325
70
0
0
VERTEX
8
Layer 1
10
367.524120
20
84.274254
70
0
0
VERTEX
8
Layer 1
10
367.418287
20
95.885060
70
0
0
VERTEX
8
Layer 1
10
367.418287
20
109.184791
70
0
0
VERTEX
8
Layer 1
10
370.593289
20
109.290624
70
0
0
VERTEX
8
Layer 1
10
373.341099
20
109.317634
70
0
0
VERTEX
8
Layer 1
10
375.060340
20
109.136284
70
0
0
VERTEX
8
Layer 1
10
376.045363
20
108.670507
70
0
0
VERTEX
8
Layer 1
10
376.590515
20
107.844235
70
0
0
VERTEX
8
Layer 1
10
377.296071
20
104.880899
70
0
0
VERTEX
8
Layer 1
10
377.640030
20
103.324266
70
0
0
VERTEX
8
Layer 1
10
377.921150
20
103.070156
70
0
0
VERTEX
8
Layer 1
10
378.354405
20
103.011176
70
0
0
VERTEX
8
Layer 1
10
378.905069
20
103.073463
70
0
0
VERTEX
8
Layer 1
10
379.240760
20
103.641767
70
0
0
VERTEX
8
Layer 1
10
379.941906
20
108.585068
70
0
0
VERTEX
8
Layer 1
10
380.197670
20
110.948681
70
0
0
VERTEX
8
Layer 1
10
380.188851
20
112.042293
70
0
0
VERTEX
8
Layer 1
10
379.567079
20
112.042293
70
0
0
VERTEX
8
Layer 1
10
378.283849
20
111.830626
70
0
0
VERTEX
8
Layer 1
10
373.419923
20
111.594706
70
0
0
VERTEX
8
Layer 1
10
364.587244
20
111.557223
70
0
0
VERTEX
8
Layer 1
10
355.900085
20
111.691720
70
0
0
VERTEX
8
Layer 1
10
351.472721
20
111.971737
70
0
0
VERTEX
8
Layer 1
10
350.811263
20
112.051112
70
0
0
VERTEX
8
Layer 1
10
350.520221
20
111.442570
70
0
0
VERTEX
8
Layer 1
10
350.520221
20
111.442570
70
0
0
SEQEND
8
Layer 1
0
POLYLINE
8
Layer 1
62
7
70
0
10
0.000000
20
0.000000
66
1
0
VERTEX
8
Layer 1
10
440.019999
20
111.689515
70
0
0
VERTEX
8
Layer 1
10
438.236059
20
111.165369
70
0
0
VERTEX
8
Layer 1
10
436.564980
20
110.497718
70
0
0
VERTEX
8
Layer 1
10
435.011310
20
109.694364
70
0
0
VERTEX
8
Layer 1
10
433.579596
20
108.763111
70
0
0
VERTEX
8
Layer 1
10
432.274386
20
107.711762
70
0
0
VERTEX
8
Layer 1
10
431.100228
20
106.548120
70
0
0
VERTEX
8
Layer 1
10
430.061669
20
105.279988
70
0
0
VERTEX
8
Layer 1
10
429.163256
20
103.915170
70
0
0
VERTEX
8
Layer 1
10
428.409538
20
102.461468
70
0
0
VERTEX
8
Layer 1
10
427.805061
20
100.926685
70
0
0
VERTEX
8
Layer 1
10
427.354373
20
99.318626
70
0
0
VERTEX
8
Layer 1
10
427.062022
20
97.645092
70
0
0
VERTEX
8
Layer 1
10
426.932556
20
95.913887
70
0
0
VERTEX
8
Layer 1
10
426.970521
20
94.132815
70
0
0
VERTEX
8
Layer 1
10
427.180465
20
92.309678
70
0
0
VERTEX
8
Layer 1
10
427.566936
20
90.452279
70
0
0
VERTEX
8
Layer 1
10
428.488017
20
87.732926
70
0
0
VERTEX
8
Layer 1
10
429.756364
20
85.326525
70
0
0
VERTEX
8
Layer 1
10
431.352134
20
83.248373
70
0
0
VERTEX
8
Layer 1
10
433.255481
20
81.513767
70
0
0
VERTEX
8
Layer 1
10
435.446563
20
80.138001
70
0
0
VERTEX
8
Layer 1
10
437.905536
20
79.136374
70
0
0
VERTEX
8
Layer 1
10
440.612556
20
78.524180
70
0
0
VERTEX
8
Layer 1
10
443.547779
20
78.316716
70
0
0
VERTEX
8
Layer 1
10
446.482865
20
78.549674
70
0
0
VERTEX
8
Layer 1
10
449.255066
20
79.227875
70
0
0
VERTEX
8
Layer 1
10
451.823869
20
80.320316
70
0
0
VERTEX
8
Layer 1
10
454.148758
20
81.795989
70
0
0
VERTEX
8
Layer 1
10
456.189221
20
83.623889
70
0
0
VERTEX
8
Layer 1
10
457.904742
20
85.773010
70
0
0
VERTEX
8
Layer 1
10
459.254806
20
88.212346
70
0
0
VERTEX
8
Layer 1
10
460.198901
20
90.910891
70
0
0
VERTEX
8
Layer 1
10
460.523498
20
92.472898
70
0
0
VERTEX
8
Layer 1
10
460.705468
20
94.120068
70
0
0
VERTEX
8
Layer 1
10
460.653103
20
97.534298
70
0
0
VERTEX
8
Layer 1
10
460.064956
20
100.882381
70
0
0
VERTEX
8
Layer 1
10
459.577199
20
102.446869
70
0
0
VERTEX
8
Layer 1
10
458.964178
20
103.893121
70
0
0
VERTEX
8
Layer 1
10
457.889859
20
105.648192
70
0
0
VERTEX
8
Layer 1
10
456.402128
20
107.429720
70
0
0
VERTEX
8
Layer 1
10
454.722574
20
109.012812
70
0
0
VERTEX
8
Layer 1
10
453.072785
20
110.172569
70
0
0
VERTEX
8
Layer 1
10
451.662569
20
110.826656
70
0
0
VERTEX
8
Layer 1
10
450.125435
20
111.357132
70
0
0
VERTEX
8
Layer 1
10
446.797747
20
112.029064
70
0
0
VERTEX
8
Layer 1
10
443.344381
20
112.151985
70
0
0
VERTEX
8
Layer 1
10
441.650151
20
111.996197
70
0
0
VERTEX
8
Layer 1
10
440.019999
20
111.689515
70
0
0
VERTEX
8
Layer 1
10
440.019999
20
111.689515
70
0
0
SEQEND
8
Layer 1
0
POLYLINE
8
Layer 1
62
7
70
0
10
0.000000
20
0.000000
66
1
0
VERTEX
8
Layer 1
10
445.523336
20
109.678680
70
0
0
VERTEX
8
Layer 1
10
446.767533
20
109.335841
70
0
0
VERTEX
8
Layer 1
10
447.944551
20
108.854199
70
0
0
VERTEX
8
Layer 1
10
450.082992
20
107.501378
70
0
0
VERTEX
8
Layer 1
10
451.910547
20
105.673961
70
0
0
VERTEX
8
Layer 1
10
453.399105
20
103.425690
70
0
0
VERTEX
8
Layer 1
10
454.520553
20
100.810310
70
0
0
VERTEX
8
Layer 1
10
455.246780
20
97.881563
70
0
0
VERTEX
8
Layer 1
10
455.549673
20
94.693194
70
0
0
VERTEX
8
Layer 1
10
455.401120
20
91.298946
70
0
0
VERTEX
8
Layer 1
10
455.118760
20
89.508736
70
0
0
VERTEX
8
Layer 1
10
454.696667
20
87.871488
70
0
0
VERTEX
8
Layer 1
10
454.137321
20
86.391336
70
0
0
VERTEX
8
Layer 1
10
453.443202
20
85.072415
70
0
0
VERTEX
8
Layer 1
10
452.616792
20
83.918858
70
0
0
VERTEX
8
Layer 1
10
451.660571
20
82.934801
70
0
0
VERTEX
8
Layer 1
10
450.577019
20
82.124376
70
0
0
VERTEX
8
Layer 1
10
449.368616
20
81.491718
70
0
0
VERTEX
8
Layer 1
10
447.239270
20
80.926722
70
0
0
VERTEX
8
Layer 1
10
444.769273
20
80.808211
70
0
0
VERTEX
8
Layer 1
10
442.279432
20
81.119647
70
0
0
VERTEX
8
Layer 1
10
440.090555
20
81.844496
70
0
0
VERTEX
8
Layer 1
10
438.148278
20
83.055310
70
0
0
VERTEX
8
Layer 1
10
436.438751
20
84.665066
70
0
0
VERTEX
8
Layer 1
10
434.986367
20
86.616301
70
0
0
VERTEX
8
Layer 1
10
433.815516
20
88.851549
70
0
0
VERTEX
8
Layer 1
10
432.950590
20
91.313347
70
0
0
VERTEX
8
Layer 1
10
432.415980
20
93.944230
70
0
0
VERTEX
8
Layer 1
10
432.236077
20
96.686735
70
0
0
VERTEX
8
Layer 1
10
432.435272
20
99.483396
70
0
0
VERTEX
8
Layer 1
10
432.782883
20
101.305646
70
0
0
VERTEX
8
Layer 1
10
433.291310
20
102.981962
70
0
0
VERTEX
8
Layer 1
10
433.952700
20
104.502008
70
0
0
VERTEX
8
Layer 1
10
434.759197
20
105.855449
70
0
0
VERTEX
8
Layer 1
10
435.702948
20
107.031949
70
0
0
VERTEX
8
Layer 1
10
436.776095
20
108.021175
70
0
0
VERTEX
8
Layer 1
10
437.970786
20
108.812789
70
0
0
VERTEX
8
Layer 1
10
439.279166
20
109.396458
70
0
0
VERTEX
8
Layer 1
10
440.815404
20
109.827508
70
0
0
VERTEX
8
Layer 1
10
442.282188
20
110.013819
70
0
0
VERTEX
8
Layer 1
10
443.808504
20
109.962005
70
0
0
VERTEX
8
Layer 1
10
445.523336
20
109.678680
70
0
0
VERTEX
8
Layer 1
10
445.523336
20
109.678680
70
0
0
SEQEND
8
Layer 1
0
POLYLINE
8
Layer 1
62
7
70
0
10
0.000000
20
0.000000
66
1
0
VERTEX
8
Layer 1
10
503.978651
20
111.442570
70
0
0
VERTEX
8
Layer 1
10
503.400977
20
106.710935
70
0
0
VERTEX
8
Layer 1
10
503.239471
20
104.422839
70
0
0
VERTEX
8
Layer 1
10
503.273095
20
103.328676
70
0
0
VERTEX
8
Layer 1
10
503.586185
20
103.103780
70
0
0
VERTEX
8
Layer 1
10
504.084484
20
103.011176
70
0
0
VERTEX
8
Layer 1
10
504.431750
20
103.148980
70
0
0
VERTEX
8
Layer 1
10
504.798860
20
103.584440
70
0
0
VERTEX
8
Layer 1
10
505.671985
20
105.480622
70
0
0
VERTEX
8
Layer 1
10
506.657008
20
107.623748
70
0
0
VERTEX
8
Layer 1
10
507.163368
20
108.310839
70
0
0
VERTEX
8
Layer 1
10
507.757785
20
108.787916
70
0
0
VERTEX
8
Layer 1
10
508.499377
20
109.089706
70
0
0
VERTEX
8
Layer 1
10
509.447261
20
109.250937
70
0
0
VERTEX
8
Layer 1
10
512.198378
20
109.290624
70
0
0
VERTEX
8
Layer 1
10
515.937825
20
109.184791
70
0
0
VERTEX
8
Layer 1
10
516.043658
20
103.011176
70
0
0
VERTEX
8
Layer 1
10
515.937825
20
89.676168
70
0
0
VERTEX
8
Layer 1
10
515.722851
20
84.781924
70
0
0
VERTEX
8
Layer 1
10
515.549631
20
83.270973
70
0
0
VERTEX
8
Layer 1
10
515.276366
20
82.245781
70
0
0
VERTEX
8
Layer 1
10
514.860887
20
81.602581
70
0
0
VERTEX
8
Layer 1
10
514.261027
20
81.237608
70
0
0
VERTEX
8
Layer 1
10
512.339489
20
80.927273
70
0
0
VERTEX
8
Layer 1
10
510.460947
20
80.596544
70
0
0
VERTEX
8
Layer 1
10
510.176519
20
80.317078
70
0
0
VERTEX
8
Layer 1
10
510.116988
20
79.868939
70
0
0
VERTEX
8
Layer 1
10
510.116988
20
79.022272
70
0
0
VERTEX
8
Layer 1
10
518.054493
20
79.022272
70
0
0
VERTEX
8
Layer 1
10
525.991998
20
79.022272
70
0
0
VERTEX
8
Layer 1
10
525.991998
20
79.868939
70
0
0
VERTEX
8
Layer 1
10
525.933569
20
80.316526
70
0
0
VERTEX
8
Layer 1
10
525.683317
20
80.592134
70
0
0
VERTEX
8
Layer 1
10
524.157552
20
80.891995
70
0
0
VERTEX
8
Layer 1
10
522.609739
20
81.249183
70
0
0
VERTEX
8
Layer 1
10
521.617551
20
81.844496
70
0
0
VERTEX
8
Layer 1
10
521.204139
20
82.515325
70
0
0
VERTEX
8
Layer 1
10
520.982550
20
84.274254
70
0
0
VERTEX
8
Layer 1
10
520.876717
20
95.885060
70
0
0
VERTEX
8
Layer 1
10
520.876717
20
109.184791
70
0
0
VERTEX
8
Layer 1
10
524.051719
20
109.290624
70
0
0
VERTEX
8
Layer 1
10
526.799529
20
109.317634
70
0
0
VERTEX
8
Layer 1
10
528.518770
20
109.136284
70
0
0
VERTEX
8
Layer 1
10
529.503793
20
108.670507
70
0
0
VERTEX
8
Layer 1
10
530.048945
20
107.844235
70
0
0
VERTEX
8
Layer 1
10
530.754501
20
104.880899
70
0
0
VERTEX
8
Layer 1
10
531.098460
20
103.324266
70
0
0
VERTEX
8
Layer 1
10
531.379580
20
103.070156
70
0
0
VERTEX
8
Layer 1
10
531.812835
20
103.011176
70
0
0
VERTEX
8
Layer 1
10
532.363499
20
103.073463
70
0
0
VERTEX
8
Layer 1
10
532.699190
20
103.641767
70
0
0
VERTEX
8
Layer 1
10
533.400336
20
108.585068
70
0
0
VERTEX
8
Layer 1
10
533.656100
20
110.948681
70
0
0
VERTEX
8
Layer 1
10
533.647281
20
112.042293
70
0
0
VERTEX
8
Layer 1
10
533.025509
20
112.042293
70
0
0
VERTEX
8
Layer 1
10
531.742279
20
111.830626
70
0
0
VERTEX
8
Layer 1
10
526.878353
20
111.594706
70
0
0
VERTEX
8
Layer 1
10
518.045674
20
111.557223
70
0
0
VERTEX
8
Layer 1
10
509.358515
20
111.691720
70
0
0
VERTEX
8
Layer 1
10
504.931151
20
111.971737
70
0
0
VERTEX
8
Layer 1
10
504.269693
20
112.051112
70
0
0
VERTEX
8
Layer 1
10
503.978651
20
111.442570
70
0
0
VERTEX
8
Layer 1
10
503.978651
20
111.442570
70
0
0
SEQEND
8
Layer 1
0
POLYLINE
8
Layer 1
62
7
70
0
10
0.000000
20
0.000000
66
1
0
VERTEX
8
Layer 1
10
549.381179
20
111.689515
70
0
0
VERTEX
8
Layer 1
10
547.597239
20
111.165369
70
0
0
VERTEX
8
Layer 1
10
545.926160
20
110.497718
70
0
0
VERTEX
8
Layer 1
10
544.372490
20
109.694364
70
0
0
VERTEX
8
Layer 1
10
542.940776
20
108.763111
70
0
0
VERTEX
8
Layer 1
10
541.635566
20
107.711762
70
0
0
VERTEX
8
Layer 1
10
540.461408
20
106.548120
70
0
0
VERTEX
8
Layer 1
10
539.422849
20
105.279988
70
0
0
VERTEX
8
Layer 1
10
538.524436
20
103.915170
70
0
0
VERTEX
8
Layer 1
10
537.770718
20
102.461468
70
0
0
VERTEX
8
Layer 1
10
537.166241
20
100.926685
70
0
0
VERTEX
8
Layer 1
10
536.715553
20
99.318626
70
0
0
VERTEX
8
Layer 1
10
536.423202
20
97.645092
70
0
0
VERTEX
8
Layer 1
10
536.293736
20
95.913887
70
0
0
VERTEX
8
Layer 1
10
536.331701
20
94.132815
70
0
0
VERTEX
8
Layer 1
10
536.541645
20
92.309678
70
0
0
VERTEX
8
Layer 1
10
536.928116
20
90.452279
70
0
0
VERTEX
8
Layer 1
10
537.849197
20
87.732926
70
0
0
VERTEX
8
Layer 1
10
539.117544
20
85.326525
70
0
0
VERTEX
8
Layer 1
10
540.713314
20
83.248373
70
0
0
VERTEX
8
Layer 1
10
542.616661
20
81.513767
70
0
0
VERTEX
8
Layer 1
10
544.807743
20
80.138001
70
0
0
VERTEX
8
Layer 1
10
547.266716
20
79.136374
70
0
0
VERTEX
8
Layer 1
10
549.973736
20
78.524180
70
0
0
VERTEX
8
Layer 1
10
552.908959
20
78.316716
70
0
0
VERTEX
8
Layer 1
10
555.844045
20
78.549674
70
0
0
VERTEX
8
Layer 1
10
558.616246
20
79.227875
70
0
0
VERTEX
8
Layer 1
10
561.185049
20
80.320316
70
0
0
VERTEX
8
Layer 1
10
563.509938
20
81.795989
70
0
0
VERTEX
8
Layer 1
10
565.550401
20
83.623889
70
0
0
VERTEX
8
Layer 1
10
567.265922
20
85.773010
70
0
0
VERTEX
8
Layer 1
10
568.615986
20
88.212346
70
0
0
VERTEX
8
Layer 1
10
569.560081
20
90.910891
70
0
0
VERTEX
8
Layer 1
10
569.884678
20
92.472898
70
0
0
VERTEX
8
Layer 1
10
570.066648
20
94.120068
70
0
0
VERTEX
8
Layer 1
10
570.014283
20
97.534298
70
0
0
VERTEX
8
Layer 1
10
569.426136
20
100.882381
70
0
0
VERTEX
8
Layer 1
10
568.938379
20
102.446869
70
0
0
VERTEX
8
Layer 1
10
568.325358
20
103.893121
70
0
0
VERTEX
8
Layer 1
10
567.251039
20
105.648192
70
0
0
VERTEX
8
Layer 1
10
565.763308
20
107.429720
70
0
0
VERTEX
8
Layer 1
10
564.083754
20
109.012812
70
0
0
VERTEX
8
Layer 1
10
562.433965
20
110.172569
70
0
0
VERTEX
8
Layer 1
10
561.023749
20
110.826656
70
0
0
VERTEX
8
Layer 1
10
559.486615
20
111.357132
70
0
0
VERTEX
8
Layer 1
10
556.158927
20
112.029064
70
0
0
VERTEX
8
Layer 1
10
552.705561
20
112.151985
70
0
0
VERTEX
8
Layer 1
10
551.011331
20
111.996197
70
0
0
VERTEX
8
Layer 1
10
549.381179
20
111.689515
70
0
0
VERTEX
8
Layer 1
10
549.381179
20
111.689515
70
0
0
SEQEND
8
Layer 1
0
POLYLINE
8
Layer 1
62
7
70
0
10
0.000000
20
0.000000
66
1
0
VERTEX
8
Layer 1
10
554.884516
20
109.678680
70
0
0
VERTEX
8
Layer 1
10
556.128713
20
109.335841
70
0
0
VERTEX
8
Layer 1
10
557.305731
20
108.854199
70
0
0
VERTEX
8
Layer 1
10
559.444172
20
107.501378
70
0
0
VERTEX
8
Layer 1
10
561.271727
20
105.673961
70
0
0
VERTEX
8
Layer 1
10
562.760285
20
103.425690
70
0
0
VERTEX
8
Layer 1
10
563.881733
20
100.810310
70
0
0
VERTEX
8
Layer 1
10
564.607960
20
97.881563
70
0
0
VERTEX
8
Layer 1
10
564.910853
20
94.693194
70
0
0
VERTEX
8
Layer 1
10
564.762300
20
91.298946
70
0
0
VERTEX
8
Layer 1
10
564.479940
20
89.508736
70
0
0
VERTEX
8
Layer 1
10
564.057847
20
87.871488
70
0
0
VERTEX
8
Layer 1
10
563.498501
20
86.391336
70
0
0
VERTEX
8
Layer 1
10
562.804382
20
85.072415
70
0
0
VERTEX
8
Layer 1
10
561.977972
20
83.918858
70
0
0
VERTEX
8
Layer 1
10
561.021751
20
82.934801
70
0
0
VERTEX
8
Layer 1
10
559.938199
20
82.124376
70
0
0
VERTEX
8
Layer 1
10
558.729796
20
81.491718
70
0
0
VERTEX
8
Layer 1
10
556.600450
20
80.926722
70
0
0
VERTEX
8
Layer 1
10
554.130453
20
80.808211
70
0
0
VERTEX
8
Layer 1
10
551.640612
20
81.119647
70
0
0
VERTEX
8
Layer 1
10
549.451735
20
81.844496
70
0
0
VERTEX
8
Layer 1
10
547.509458
20
83.055310
70
0
0
VERTEX
8
Layer 1
10
545.799931
20
84.665066
70
0
0
VERTEX
8
Layer 1
10
544.347547
20
86.616301
70
0
0
VERTEX
8
Layer 1
10
543.176696
20
88.851549
70
0
0
VERTEX
8
Layer 1
10
542.311770
20
91.313347
70
0
0
VERTEX
8
Layer 1
10
541.777160
20
93.944230
70
0
0
VERTEX
8
Layer 1
10
541.597257
20
96.686735
70
0
0
VERTEX
8
Layer 1
10
541.796452
20
99.483396
70
0
0
VERTEX
8
Layer 1
10
542.144063
20
101.305646
70
0
0
VERTEX
8
Layer 1
10
542.652490
20
102.981962
70
0
0
VERTEX
8
Layer 1
10
543.313880
20
104.502008
70
0
0
VERTEX
8
Layer 1
10
544.120377
20
105.855449
70
0
0
VERTEX
8
Layer 1
10
545.064128
20
107.031949
70
0
0
VERTEX
8
Layer 1
10
546.137275
20
108.021175
70
0
0
VERTEX
8
Layer 1
10
547.331966
20
108.812789
70
0
0
VERTEX
8
Layer 1
10
548.640346
20
109.396458
70
0
0
VERTEX
8
Layer 1
10
550.176584
20
109.827508
70
0
0
VERTEX
8
Layer 1
10
551.643368
20
110.013819
70
0
0
VERTEX
8
Layer 1
10
553.169684
20
109.962005
70
0
0
VERTEX
8
Layer 1
10
554.884516
20
109.678680
70
0
0
VERTEX
8
Layer 1
10
554.884516
20
109.678680
70
0
0
SEQEND
8
Layer 1
0
POLYLINE
8
Layer 1
62
7
70
0
10
0.000000
20
0.000000
66
1
0
VERTEX
8
Layer 1
10
620.995113
20
111.689515
70
0
0
VERTEX
8
Layer 1
10
619.211173
20
111.165369
70
0
0
VERTEX
8
Layer 1
10
617.540094
20
110.497718
70
0
0
VERTEX
8
Layer 1
10
615.986424
20
109.694364
70
0
0
VERTEX
8
Layer 1
10
614.554710
20
108.763111
70
0
0
VERTEX
8
Layer 1
10
613.249500
20
107.711762
70
0
0
VERTEX
8
Layer 1
10
612.075342
20
106.548120
70
0
0
VERTEX
8
Layer 1
10
611.036783
20
105.279988
70
0
0
VERTEX
8
Layer 1
10
610.138370
20
103.915170
70
0
0
VERTEX
8
Layer 1
10
609.384652
20
102.461468
70
0
0
VERTEX
8
Layer 1
10
608.780175
20
100.926685
70
0
0
VERTEX
8
Layer 1
10
608.329487
20
99.318626
70
0
0
VERTEX
8
Layer 1
10
608.037136
20
97.645092
70
0
0
VERTEX
8
Layer 1
10
607.907670
20
95.913887
70
0
0
VERTEX
8
Layer 1
10
607.945635
20
94.132815
70
0
0
VERTEX
8
Layer 1
10
608.155579
20
92.309678
70
0
0
VERTEX
8
Layer 1
10
608.542050
20
90.452279
70
0
0
VERTEX
8
Layer 1
10
609.463131
20
87.732926
70
0
0
VERTEX
8
Layer 1
10
610.731478
20
85.326525
70
0
0
VERTEX
8
Layer 1
10
612.327248
20
83.248373
70
0
0
VERTEX
8
Layer 1
10
614.230595
20
81.513767
70
0
0
VERTEX
8
Layer 1
10
616.421677
20
80.138001
70
0
0
VERTEX
8
Layer 1
10
618.880650
20
79.136374
70
0
0
VERTEX
8
Layer 1
10
621.587670
20
78.524180
70
0
0
VERTEX
8
Layer 1
10
624.522893
20
78.316716
70
0
0
VERTEX
8
Layer 1
10
627.457979
20
78.549674
70
0
0
VERTEX
8
Layer 1
10
630.230180
20
79.227875
70
0
0
VERTEX
8
Layer 1
10
632.798983
20
80.320316
70
0
0
VERTEX
8
Layer 1
10
635.123872
20
81.795989
70
0
0
VERTEX
8
Layer 1
10
637.164335
20
83.623889
70
0
0
VERTEX
8
Layer 1
10
638.879856
20
85.773010
70
0
0
VERTEX
8
Layer 1
10
640.229920
20
88.212346
70
0
0
VERTEX
8
Layer 1
10
641.174015
20
90.910891
70
0
0
VERTEX
8
Layer 1
10
641.498612
20
92.472898
70
0
0
VERTEX
8
Layer 1
10
641.680582
20
94.120068
70
0
0
VERTEX
8
Layer 1
10
641.628217
20
97.534298
70
0
0
VERTEX
8
Layer 1
10
641.040070
20
100.882381
70
0
0
VERTEX
8
Layer 1
10
640.552313
20
102.446869
70
0
0
VERTEX
8
Layer 1
10
639.939292
20
103.893121
70
0
0
VERTEX
8
Layer 1
10
638.864973
20
105.648192
70
0
0
VERTEX
8
Layer 1
10
637.377242
20
107.429720
70
0
0
VERTEX
8
Layer 1
10
635.697688
20
109.012812
70
0
0
VERTEX
8
Layer 1
10
634.047899
20
110.172569
70
0
0
VERTEX
8
Layer 1
10
632.637683
20
110.826656
70
0
0
VERTEX
8
Layer 1
10
631.100549
20
111.357132
70
0
0
VERTEX
8
Layer 1
10
627.772861
20
112.029064
70
0
0
VERTEX
8
Layer 1
10
624.319495
20
112.151985
70
0
0
VERTEX
8
Layer 1
10
622.625265
20
111.996197
70
0
0
VERTEX
8
Layer 1
10
620.995113
20
111.689515
70
0
0
VERTEX
8
Layer 1
10
620.995113
20
111.689515
70
0
0
SEQEND
8
Layer 1
0
POLYLINE
8
Layer 1
62
7
70
0
10
0.000000
20
0.000000
66
1
0
VERTEX
8
Layer 1
10
626.498450
20
109.678680
70
0
0
VERTEX
8
Layer 1
10
627.742647
20
109.335841
70
0
0
VERTEX
8
Layer 1
10
628.919665
20
108.854199
70
0
0
VERTEX
8
Layer 1
10
631.058106
20
107.501378
70
0
0
VERTEX
8
Layer 1
10
632.885661
20
105.673961
70
0
0
VERTEX
8
Layer 1
10
634.374219
20
103.425690
70
0
0
VERTEX
8
Layer 1
10
635.495667
20
100.810310
70
0
0
VERTEX
8
Layer 1
10
636.221894
20
97.881563
70
0
0
VERTEX
8
Layer 1
10
636.524787
20
94.693194
70
0
0
VERTEX
8
Layer 1
10
636.376234
20
91.298946
70
0
0
VERTEX
8
Layer 1
10
636.093874
20
89.508736
70
0
0
VERTEX
8
Layer 1
10
635.671781
20
87.871488
70
0
0
VERTEX
8
Layer 1
10
635.112435
20
86.391336
70
0
0
VERTEX
8
Layer 1
10
634.418316
20
85.072415
70
0
0
VERTEX
8
Layer 1
10
633.591906
20
83.918858
70
0
0
VERTEX
8
Layer 1
10
632.635685
20
82.934801
70
0
0
VERTEX
8
Layer 1
10
631.552133
20
82.124376
70
0
0
VERTEX
8
Layer 1
10
630.343730
20
81.491718
70
0
0
VERTEX
8
Layer 1
10
628.214384
20
80.926722
70
0
0
VERTEX
8
Layer 1
10
625.744387
20
80.808211
70
0
0
VERTEX
8
Layer 1
10
623.254546
20
81.119647
70
0
0
VERTEX
8
Layer 1
10
621.065669
20
81.844496
70
0
0
VERTEX
8
Layer 1
10
619.123392
20
83.055310
70
0
0
VERTEX
8
Layer 1
10
617.413865
20
84.665066
70
0
0
VERTEX
8
Layer 1
10
615.961481
20
86.616301
70
0
0
VERTEX
8
Layer 1
10
614.790630
20
88.851549
70
0
0
VERTEX
8
Layer 1
10
613.925704
20
91.313347
70
0
0
VERTEX
8
Layer 1
10
613.391094
20
93.944230
70
0
0
VERTEX
8
Layer 1
10
613.211191
20
96.686735
70
0
0
VERTEX
8
Layer 1
10
613.410386
20
99.483396
70
0
0
VERTEX
8
Layer 1
10
613.757997
20
101.305646
70
0
0
VERTEX
8
Layer 1
10
614.266424
20
102.981962
70
0
0
VERTEX
8
Layer 1
10
614.927814
20
104.502008
70
0
0
VERTEX
8
Layer 1
10
615.734311
20
105.855449
70
0
0
VERTEX
8
Layer 1
10
616.678062
20
107.031949
70
0
0
VERTEX
8
Layer 1
10
617.751209
20
108.021175
70
0
0
VERTEX
8
Layer 1
10
618.945900
20
108.812789
70
0
0
VERTEX
8
Layer 1
10
620.254280
20
109.396458
70
0
0
VERTEX
8
Layer 1
10
621.790518
20
109.827508
70
0
0
VERTEX
8
Layer 1
10
623.257302
20
110.013819
70
0
0
VERTEX
8
Layer 1
10
624.783618
20
109.962005
70
0
0
VERTEX
8
Layer 1
10
626.498450
20
109.678680
70
0
0
VERTEX
8
Layer 1
10
626.498450
20
109.678680
70
0
0
SEQEND
8
Layer 1
0
POLYLINE
8
Layer 1
62
7
70
0
10
0.000000
20
0.000000
66
1
0
VERTEX
8
Layer 1
10
685.659321
20
111.442570
70
0
0
VERTEX
8
Layer 1
10
685.081647
20
106.710935
70
0
0
VERTEX
8
Layer 1
10
684.920141
20
104.422839
70
0
0
VERTEX
8
Layer 1
10
684.953765
20
103.328676
70
0
0
VERTEX
8
Layer 1
10
685.266855
20
103.103780
70
0
0
VERTEX
8
Layer 1
10
685.765154
20
103.011176
70
0
0
VERTEX
8
Layer 1
10
686.112420
20
103.148980
70
0
0
VERTEX
8
Layer 1
10
686.479530
20
103.584440
70
0
0
VERTEX
8
Layer 1
10
687.352655
20
105.480622
70
0
0
VERTEX
8
Layer 1
10
688.337678
20
107.623748
70
0
0
VERTEX
8
Layer 1
10
688.844038
20
108.310839
70
0
0
VERTEX
8
Layer 1
10
689.438455
20
108.787916
70
0
0
VERTEX
8
Layer 1
10
690.180047
20
109.089706
70
0
0
VERTEX
8
Layer 1
10
691.127931
20
109.250937
70
0
0
VERTEX
8
Layer 1
10
693.879048
20
109.290624
70
0
0
VERTEX
8
Layer 1
10
697.618495
20
109.184791
70
0
0
VERTEX
8
Layer 1
10
697.724328
20
103.011176
70
0
0
VERTEX
8
Layer 1
10
697.618495
20
89.676168
70
0
0
VERTEX
8
Layer 1
10
697.403521
20
84.781924
70
0
0
VERTEX
8
Layer 1
10
697.230301
20
83.270973
70
0
0
VERTEX
8
Layer 1
10
696.957036
20
82.245781
70
0
0
VERTEX
8
Layer 1
10
696.541557
20
81.602581
70
0
0
VERTEX
8
Layer 1
10
695.941697
20
81.237608
70
0
0
VERTEX
8
Layer 1
10
694.020159
20
80.927273
70
0
0
VERTEX
8
Layer 1
10
692.141617
20
80.596544
70
0
0
VERTEX
8
Layer 1
10
691.857189
20
80.317078
70
0
0
VERTEX
8
Layer 1
10
691.797658
20
79.868939
70
0
0
VERTEX
8
Layer 1
10
691.797658
20
79.022272
70
0
0
VERTEX
8
Layer 1
10
699.735163
20
79.022272
70
0
0
VERTEX
8
Layer 1
10
707.672668
20
79.022272
70
0
0
VERTEX
8
Layer 1
10
707.672668
20
79.868939
70
0
0
VERTEX
8
Layer 1
10
707.614239
20
80.316526
70
0
0
VERTEX
8
Layer 1
10
707.363987
20
80.592134
70
0
0
VERTEX
8
Layer 1
10
705.838222
20
80.891995
70
0
0
VERTEX
8
Layer 1
10
704.290409
20
81.249183
70
0
0
VERTEX
8
Layer 1
10
703.298221
20
81.844496
70
0
0
VERTEX
8
Layer 1
10
702.884809
20
82.515325
70
0
0
VERTEX
8
Layer 1
10
702.663220
20
84.274254
70
0
0
VERTEX
8
Layer 1
10
702.557387
20
95.885060
70
0
0
VERTEX
8
Layer 1
10
702.557387
20
109.184791
70
0
0
VERTEX
8
Layer 1
10
705.732389
20
109.290624
70
0
0
VERTEX
8
Layer 1
10
708.480199
20
109.317634
70
0
0
VERTEX
8
Layer 1
10
710.199440
20
109.136284
70
0
0
VERTEX
8
Layer 1
10
711.184463
20
108.670507
70
0
0
VERTEX
8
Layer 1
10
711.729615
20
107.844235
70
0
0
VERTEX
8
Layer 1
10
712.435171
20
104.880899
70
0
0
VERTEX
8
Layer 1
10
712.779130
20
103.324266
70
0
0
VERTEX
8
Layer 1
10
713.060250
20
103.070156
70
0
0
VERTEX
8
Layer 1
10
713.493505
20
103.011176
70
0
0
VERTEX
8
Layer 1
10
714.044169
20
103.073463
70
0
0
VERTEX
8
Layer 1
10
714.379860
20
103.641767
70
0
0
VERTEX
8
Layer 1
10
715.081006
20
108.585068
70
0
0
VERTEX
8
Layer 1
10
715.336770
20
110.948681
70
0
0
VERTEX
8
Layer 1
10
715.327951
20
112.042293
70
0
0
VERTEX
8
Layer 1
10
714.706179
20
112.042293
70
0
0
VERTEX
8
Layer 1
10
713.422949
20
111.830626
70
0
0
VERTEX
8
Layer 1
10
708.559023
20
111.594706
70
0
0
VERTEX
8
Layer 1
10
699.726344
20
111.557223
70
0
0
VERTEX
8
Layer 1
10
691.039185
20
111.691720
70
0
0
VERTEX
8
Layer 1
10
686.611821
20
111.971737
70
0
0
VERTEX
8
Layer 1
10
685.950363
20
112.051112
70
0
0
VERTEX
8
Layer 1
10
685.659321
20
111.442570
70
0
0
VERTEX
8
Layer 1
10
685.659321
20
111.442570
70
0
0
SEQEND
8
Layer 1
0
POLYLINE
8
Layer 1
62
7
70
0
10
0.000000
20
0.000000
66
1
0
VERTEX
8
Layer 1
10
731.061849
20
111.689515
70
0
0
VERTEX
8
Layer 1
10
729.277909
20
111.165369
70
0
0
VERTEX
8
Layer 1
10
727.606830
20
110.497718
70
0
0
VERTEX
8
Layer 1
10
726.053160
20
109.694364
70
0
0
VERTEX
8
Layer 1
10
724.621446
20
108.763111
70
0
0
VERTEX
8
Layer 1
10
723.316236
20
107.711762
70
0
0
VERTEX
8
Layer 1
10
722.142078
20
106.548120
70
0
0
VERTEX
8
Layer 1
10
721.103519
20
105.279988
70
0
0
VERTEX
8
Layer 1
10
720.205106
20
103.915170
70
0
0
VERTEX
8
Layer 1
10
719.451388
20
102.461468
70
0
0
VERTEX
8
Layer 1
10
718.846911
20
100.926685
70
0
0
VERTEX
8
Layer 1
10
718.396223
20
99.318626
70
0
0
VERTEX
8
Layer 1
10
718.103872
20
97.645092
70
0
0
VERTEX
8
Layer 1
10
717.974406
20
95.913887
70
0
0
VERTEX
8
Layer 1
10
718.012371
20
94.132815
70
0
0
VERTEX
8
Layer 1
10
718.222315
20
92.309678
70
0
0
VERTEX
8
Layer 1
10
718.608786
20
90.452279
70
0
0
VERTEX
8
Layer 1
10
719.529867
20
87.732926
70
0
0
VERTEX
8
Layer 1
10
720.798214
20
85.326525
70
0
0
VERTEX
8
Layer 1
10
722.393984
20
83.248373
70
0
0
VERTEX
8
Layer 1
10
724.297331
20
81.513767
70
0
0
VERTEX
8
Layer 1
10
726.488413
20
80.138001
70
0
0
VERTEX
8
Layer 1
10
728.947386
20
79.136374
70
0
0
VERTEX
8
Layer 1
10
731.654406
20
78.524180
70
0
0
VERTEX
8
Layer 1
10
734.589629
20
78.316716
70
0
0
VERTEX
8
Layer 1
10
737.524715
20
78.549674
70
0
0
VERTEX
8
Layer 1
10
740.296916
20
79.227875
70
0
0
VERTEX
8
Layer 1
10
742.865719
20
80.320316
70
0
0
VERTEX
8
Layer 1
10
745.190608
20
81.795989
70
0
0
VERTEX
8
Layer 1
10
747.231071
20
83.623889
70
0
0
VERTEX
8
Layer 1
10
748.946592
20
85.773010
70
0
0
VERTEX
8
Layer 1
10
750.296656
20
88.212346
70
0
0
VERTEX
8
Layer 1
10
751.240751
20
90.910891
70
0
0
VERTEX
8
Layer 1
10
751.565348
20
92.472898
70
0
0
VERTEX
8
Layer 1
10
751.747318
20
94.120068
70
0
0
VERTEX
8
Layer 1
10
751.694953
20
97.534298
70
0
0
VERTEX
8
Layer 1
10
751.106806
20
100.882381
70
0
0
VERTEX
8
Layer 1
10
750.619049
20
102.446869
70
0
0
VERTEX
8
Layer 1
10
750.006028
20
103.893121
70
0
0
VERTEX
8
Layer 1
10
748.931709
20
105.648192
70
0
0
VERTEX
8
Layer 1
10
747.443978
20
107.429720
70
0
0
VERTEX
8
Layer 1
10
745.764424
20
109.012812
70
0
0
VERTEX
8
Layer 1
10
744.114635
20
110.172569
70
0
0
VERTEX
8
Layer 1
10
742.704419
20
110.826656
70
0
0
VERTEX
8
Layer 1
10
741.167285
20
111.357132
70
0
0
VERTEX
8
Layer 1
10
737.839597
20
112.029064
70
0
0
VERTEX
8
Layer 1
10
734.386231
20
112.151985
70
0
0
VERTEX
8
Layer 1
10
732.692001
20
111.996197
70
0
0
VERTEX
8
Layer 1
10
731.061849
20
111.689515
70
0
0
VERTEX
8
Layer 1
10
731.061849
20
111.689515
70
0
0
SEQEND
8
Layer 1
0
POLYLINE
8
Layer 1
62
7
70
0
10
0.000000
20
0.000000
66
1
0
VERTEX
8
Layer 1
10
736.565186
20
109.678680
70
0
0
VERTEX
8
Layer 1
10
737.809383
20
109.335841
70
0
0
VERTEX
8
Layer 1
10
738.986401
20
108.854199
70
0
0
VERTEX
8
Layer 1
10
741.124842
20
107.501378
70
0
0
VERTEX
8
Layer 1
10
742.952397
20
105.673961
70
0
0
VERTEX
8
Layer 1
10
744.440955
20
103.425690
70
0
0
VERTEX
8
Layer 1
10
745.562403
20
100.810310
70
0
0
VERTEX
8
Layer 1
10
746.288630
20
97.881563
70
0
0
VERTEX
8
Layer 1
10
746.591523
20
94.693194
70
0
0
VERTEX
8
Layer 1
10
746.442970
20
91.298946
70
0
0
VERTEX
8
Layer 1
10
746.160610
20
89.508736
70
0
0
VERTEX
8
Layer 1
10
745.738517
20
87.871488
70
0
0
VERTEX
8
Layer 1
10
745.179171
20
86.391336
70
0
0
VERTEX
8
Layer 1
10
744.485052
20
85.072415
70
0
0
VERTEX
8
Layer 1
10
743.658642
20
83.918858
70
0
0
VERTEX
8
Layer 1
10
742.702421
20
82.934801
70
0
0
VERTEX
8
Layer 1
10
741.618869
20
82.124376
70
0
0
VERTEX
8
Layer 1
10
740.410466
20
81.491718
70
0
0
VERTEX
8
Layer 1
10
738.281120
20
80.926722
70
0
0
VERTEX
8
Layer 1
10
735.811123
20
80.808211
70
0
0
VERTEX
8
Layer 1
10
733.321282
20
81.119647
70
0
0
VERTEX
8
Layer 1
10
731.132405
20
81.844496
70
0
0
VERTEX
8
Layer 1
10
729.190128
20
83.055310
70
0
0
VERTEX
8
Layer 1
10
727.480601
20
84.665066
70
0
0
VERTEX
8
Layer 1
10
726.028217
20
86.616301
70
0
0
VERTEX
8
Layer 1
10
724.857366
20
88.851549
70
0
0
VERTEX
8
Layer 1
10
723.992440
20
91.313347
70
0
0
VERTEX
8
Layer 1
10
723.457830
20
93.944230
70
0
0
VERTEX
8
Layer 1
10
723.277927
20
96.686735
70
0
0
VERTEX
8
Layer 1
10
723.477122
20
99.483396
70
0
0
VERTEX
8
Layer 1
10
723.824733
20
101.305646
70
0
0
VERTEX
8
Layer 1
10
724.333160
20
102.981962
70
0
0
VERTEX
8
Layer 1
10
724.994550
20
104.502008
70
0
0
VERTEX
8
Layer 1
10
725.801047
20
105.855449
70
0
0
VERTEX
8
Layer 1
10
726.744798
20
107.031949
70
0
0
VERTEX
8
Layer 1
10
727.817945
20
108.021175
70
0
0
VERTEX
8
Layer 1
10
729.012636
20
108.812789
70
0
0
VERTEX
8
Layer 1
10
730.321016
20
109.396458
70
0
0
VERTEX
8
Layer 1
10
731.857254
20
109.827508
70
0
0
VERTEX
8
Layer 1
10
733.324038
20
110.013819
70
0
0
VERTEX
8
Layer 1
10
734.850354
20
109.962005
70
0
0
VERTEX
8
Layer 1
10
736.565186
20
109.678680
70
0
0
VERTEX
8
Layer 1
10
736.565186
20
109.678680
70
0
0
SEQEND
8
Layer 1
0
POLYLINE
8
Layer 1
62
7
70
0
10
0.000000
20
0.000000
66
1
0
VERTEX
8
Layer 1
10
154.657875
20
111.336737
70
0
0
VERTEX
8
Layer 1
10
154.540466
20
110.696224
70
0
0
VERTEX
8
Layer 1
10
154.697563
20
110.181389
70
0
0
VERTEX
8
Layer 1
10
155.099399
20
109.838533
70
0
0
VERTEX
8
Layer 1
10
155.716209
20
109.713958
70
0
0
VERTEX
8
Layer 1
10
156.661544
20
109.606471
70
0
0
VERTEX
8
Layer 1
10
157.643259
20
109.303854
70
0
0
VERTEX
8
Layer 1
10
158.578672
20
108.835872
70
0
0
VERTEX
8
Layer 1
10
159.385100
20
108.232290
70
0
0
VERTEX
8
Layer 1
10
159.818356
20
107.671704
70
0
0
VERTEX
8
Layer 1
10
160.046559
20
106.684477
70
0
0
VERTEX
8
Layer 1
10
160.125934
20
100.929786
70
0
0
VERTEX
8
Layer 1
10
159.878990
20
88.476722
70
0
0
VERTEX
8
Layer 1
10
159.644723
20
84.512931
70
0
0
VERTEX
8
Layer 1
10
159.462891
20
83.234869
70
0
0
VERTEX
8
Layer 1
10
159.195482
20
82.325156
70
0
0
VERTEX
8
Layer 1
10
158.810665
20
81.708139
70
0
0
VERTEX
8
Layer 1
10
158.276606
20
81.308163
70
0
0
VERTEX
8
Layer 1
10
156.633432
20
80.856718
70
0
0
VERTEX
8
Layer 1
10
155.336973
20
80.486301
70
0
0
VERTEX
8
Layer 1
10
155.055853
20
80.201873
70
0
0
VERTEX
8
Layer 1
10
154.940098
20
79.798384
70
0
0
VERTEX
8
Layer 1
10
154.834264
20
79.022272
70
0
0
VERTEX
8
Layer 1
10
161.360657
20
79.022272
70
0
0
VERTEX
8
Layer 1
10
166.744931
20
79.114876
70
0
0
VERTEX
8
Layer 1
10
167.685856
20
79.275280
70
0
0
VERTEX
8
Layer 1
10
167.922328
20
79.551439
70
0
0
VERTEX
8
Layer 1
10
167.922328
20
80.362828
70
0
0
VERTEX
8
Layer 1
10
167.472536
20
80.609773
70
0
0
VERTEX
8
Layer 1
10
166.334827
20
80.856718
70
0
0
VERTEX
8
Layer 1
10
164.806306
20
81.198471
70
0
0
VERTEX
8
Layer 1
10
163.763957
20
81.738663
70
0
0
VERTEX
8
Layer 1
10
163.125098
20
82.543437
70
0
0
VERTEX
8
Layer 1
10
162.807047
20
83.678942
70
0
0
VERTEX
8
Layer 1
10
162.687984
20
87.630055
70
0
0
VERTEX
8
Layer 1
10
162.701214
20
94.967838
70
0
0
VERTEX
8
Layer 1
10
162.807047
20
104.739788
70
0
0
VERTEX
8
Layer 1
10
169.686218
20
96.202561
70
0
0
VERTEX
8
Layer 1
10
179.916780
20
83.361441
70
0
0
VERTEX
8
Layer 1
10
183.268171
20
79.057550
70
0
0
VERTEX
8
Layer 1
10
185.208450
20
79.022272
70
0
0
VERTEX
8
Layer 1
10
187.148729
20
79.022272
70
0
0
VERTEX
8
Layer 1
10
187.042896
20
83.326164
70
0
0
VERTEX
8
Layer 1
10
187.219285
20
97.790062
70
0
0
VERTEX
8
Layer 1
10
187.442527
20
104.314801
70
0
0
VERTEX
8
Layer 1
10
187.814597
20
107.707533
70
0
0
VERTEX
8
Layer 1
10
188.140159
20
108.581830
70
0
0
VERTEX
8
Layer 1
10
188.603387
20
109.096045
70
0
0
VERTEX
8
Layer 1
10
189.237767
20
109.391152
70
0
0
VERTEX
8
Layer 1
10
190.076786
20
109.608125
70
0
0
VERTEX
8
Layer 1
10
191.113072
20
110.022639
70
0
0
VERTEX
8
Layer 1
10
191.371592
20
110.322500
70
0
0
VERTEX
8
Layer 1
10
191.487898
20
110.701736
70
0
0
VERTEX
8
Layer 1
10
191.593732
20
111.477848
70
0
0
VERTEX
8
Layer 1
10
185.208450
20
111.477848
70
0
0
VERTEX
8
Layer 1
10
179.634558
20
111.380834
70
0
0
VERTEX
8
Layer 1
10
178.967587
20
111.150426
70
0
0
VERTEX
8
Layer 1
10
178.929002
20
110.701736
70
0
0
VERTEX
8
Layer 1
10
179.056884
20
110.296593
70
0
0
VERTEX
8
Layer 1
10
179.396432
20
110.000590
70
0
0
VERTEX
8
Layer 1
10
181.080947
20
109.537569
70
0
0
VERTEX
8
Layer 1
10
182.203085
20
109.320459
70
0
0
VERTEX
8
Layer 1
10
183.033353
20
109.057460
70
0
0
VERTEX
8
Layer 1
10
183.617228
20
108.577007
70
0
0
VERTEX
8
Layer 1
10
184.000185
20
107.707533
70
0
0
VERTEX
8
Layer 1
10
184.227700
20
106.277473
70
0
0
VERTEX
8
Layer 1
10
184.345246
20
104.115261
70
0
0
VERTEX
8
Layer 1
10
184.432338
20
96.908117
70
0
0
VERTEX
8
Layer 1
10
184.538172
20
85.901443
70
0
0
VERTEX
8
Layer 1
10
183.197615
20
87.488944
70
0
0
VERTEX
8
Layer 1
10
172.671602
20
100.153674
70
0
0
VERTEX
8
Layer 1
10
164.817882
20
109.960903
70
0
0
VERTEX
8
Layer 1
10
163.865381
20
111.442570
70
0
0
VERTEX
8
Layer 1
10
161.007879
20
111.477848
70
0
0
VERTEX
8
Layer 1
10
156.527599
20
111.689515
70
0
0
VERTEX
8
Layer 1
10
155.156174
20
111.764480
70
0
0
VERTEX
8
Layer 1
10
154.835918
20
111.625023
70
0
0
VERTEX
8
Layer 1
10
154.657875
20
111.336737
70
0
0
VERTEX
8
Layer 1
10
154.657875
20
111.336737
70
0
0
SEQEND
8
Layer 1
0
POLYLINE
8
Layer 1
62
7
70
0
10
0.000000
20
0.000000
66
1
0
VERTEX
8
Layer 1
10
244.580987
20
111.230903
70
0
0
VERTEX
8
Layer 1
10
244.520354
20
110.738117
70
0
0
VERTEX
8
Layer 1
10
244.783835
20
110.357778
70
0
0
VERTEX
8
Layer 1
10
245.404504
20
110.070043
70
0
0
VERTEX
8
Layer 1
10
246.415433
20
109.855069
70
0
0
VERTEX
8
Layer 1
10
247.309022
20
109.714371
70
0
0
VERTEX
8
Layer 1
10
247.974822
20
109.463706
70
0
0
VERTEX
8
Layer 1
10
248.446318
20
108.923653
70
0
0
VERTEX
8
Layer 1
10
248.756997
20
107.914790
70
0
0
VERTEX
8
Layer 1
10
248.940345
20
106.257698
70
0
0
VERTEX
8
Layer 1
10
249.029849
20
103.772956
70
0
0
VERTEX
8
Layer 1
10
249.061268
20
95.602838
70
0
0
VERTEX
8
Layer 1
10
248.964254
20
85.645679
70
0
0
VERTEX
8
Layer 1
10
248.823143
20
83.260018
70
0
0
VERTEX
8
Layer 1
10
248.602657
20
82.197274
70
0
0
VERTEX
8
Layer 1
10
248.170504
20
81.592039
70
0
0
VERTEX
8
Layer 1
10
247.473767
20
81.165398
70
0
0
VERTEX
8
Layer 1
10
246.380155
20
80.857820
70
0
0
VERTEX
8
Layer 1
10
244.757376
20
80.609773
70
0
0
VERTEX
8
Layer 1
10
243.368313
20
80.301092
70
0
0
VERTEX
8
Layer 1
10
243.125227
20
80.034304
70
0
0
VERTEX
8
Layer 1
10
243.064042
20
79.621995
70
0
0
VERTEX
8
Layer 1
10
243.064042
20
78.845883
70
0
0
VERTEX
8
Layer 1
10
255.517105
20
78.775327
70
0
0
VERTEX
8
Layer 1
10
264.415930
20
78.784147
70
0
0
VERTEX
8
Layer 1
10
268.393502
20
78.951716
70
0
0
VERTEX
8
Layer 1
10
268.917157
20
79.813818
70
0
0
VERTEX
8
Layer 1
10
269.619406
20
81.562274
70
0
0
VERTEX
8
Layer 1
10
270.308425
20
83.654688
70
0
0
VERTEX
8
Layer 1
10
270.792393
20
85.548665
70
0
0
VERTEX
8
Layer 1
10
270.867358
20
86.637867
70
0
0
VERTEX
8
Layer 1
10
270.757666
20
86.962533
70
0
0
VERTEX
8
Layer 1
10
270.545448
20
87.171444
70
0
0
VERTEX
8
Layer 1
10
270.036125
20
87.406262
70
0
0
VERTEX
8
Layer 1
10
269.619406
20
87.277277
70
0
0
VERTEX
8
Layer 1
10
269.136541
20
86.645584
70
0
0
VERTEX
8
Layer 1
10
268.428780
20
85.372276
70
0
0
VERTEX
8
Layer 1
10
267.277842
20
83.546650
70
0
0
VERTEX
8
Layer 1
10
266.100445
20
82.197274
70
0
0
VERTEX
8
Layer 1
10
264.901000
20
81.138940
70
0
0
VERTEX
8
Layer 1
10
260.067942
20
81.138940
70
0
0
VERTEX
8
Layer 1
10
256.103599
20
81.253593
70
0
0
VERTEX
8
Layer 1
10
255.072274
20
81.406831
70
0
0
VERTEX
8
Layer 1
10
254.494049
20
81.632829
70
0
0
VERTEX
8
Layer 1
10
254.121427
20
82.068841
70
0
0
VERTEX
8
Layer 1
10
253.920785
20
83.004254
70
0
0
VERTEX
8
Layer 1
10
253.823771
20
88.265056
70
0
0
VERTEX
8
Layer 1
10
253.823771
20
94.368115
70
0
0
VERTEX
8
Layer 1
10
256.998773
20
94.473948
70
0
0
VERTEX
8
Layer 1
10
259.688705
20
94.487178
70
0
0
VERTEX
8
Layer 1
10
261.690720
20
94.368115
70
0
0
VERTEX
8
Layer 1
10
262.664718
20
94.137156
70
0
0
VERTEX
8
Layer 1
10
263.291451
20
93.711066
70
0
0
VERTEX
8
Layer 1
10
263.699901
20
92.934403
70
0
0
VERTEX
8
Layer 1
10
264.019055
20
91.651724
70
0
0
VERTEX
8
Layer 1
10
264.380653
20
90.866793
70
0
0
VERTEX
8
Layer 1
10
265.112667
20
90.663946
70
0
0
VERTEX
8
Layer 1
10
265.994612
20
90.663946
70
0
0
VERTEX
8
Layer 1
10
265.994612
20
94.509226
70
0
0
VERTEX
8
Layer 1
10
266.206279
20
99.483396
70
0
0
VERTEX
8
Layer 1
10
266.323688
20
100.099104
70
0
0
VERTEX
8
Layer 1
10
266.272425
20
100.413848
70
0
0
VERTEX
8
Layer 1
10
266.002880
20
100.510311
70
0
0
VERTEX
8
Layer 1
10
265.465445
20
100.471174
70
0
0
VERTEX
8
Layer 1
10
264.964390
20
100.374160
70
0
0
VERTEX
8
Layer 1
10
264.605549
20
100.171313
70
0
0
VERTEX
8
Layer 1
10
264.195444
20
99.342285
70
0
0
VERTEX
8
Layer 1
10
263.704311
20
98.070630
70
0
0
VERTEX
8
Layer 1
10
263.344023
20
97.659906
70
0
0
VERTEX
8
Layer 1
10
262.832839
20
97.371138
70
0
0
VERTEX
8
Layer 1
10
261.134544
20
97.075135
70
0
0
VERTEX
8
Layer 1
10
258.162940
20
97.013950
70
0
0
VERTEX
8
Layer 1
10
253.647382
20
97.013950
70
0
0
VERTEX
8
Layer 1
10
253.647382
20
102.799509
70
0
0
VERTEX
8
Layer 1
10
253.753215
20
107.504686
70
0
0
VERTEX
8
Layer 1
10
253.915273
20
108.539318
70
0
0
VERTEX
8
Layer 1
10
254.176549
20
109.008402
70
0
0
VERTEX
8
Layer 1
10
254.659965
20
109.186445
70
0
0
VERTEX
8
Layer 1
10
255.609710
20
109.295034
70
0
0
VERTEX
8
Layer 1
10
259.080163
20
109.290624
70
0
0
VERTEX
8
Layer 1
10
262.138859
20
109.129669
70
0
0
VERTEX
8
Layer 1
10
263.149995
20
108.960722
70
0
0
VERTEX
8
Layer 1
10
263.891173
20
108.690902
70
0
0
VERTEX
8
Layer 1
10
264.419031
20
108.288790
70
0
0
VERTEX
8
Layer 1
10
264.790206
20
107.722967
70
0
0
VERTEX
8
Layer 1
10
265.289056
20
105.974511
70
0
0
VERTEX
8
Layer 1
10
265.769716
20
104.413469
70
0
0
VERTEX
8
Layer 1
10
266.067924
20
104.138963
70
0
0
VERTEX
8
Layer 1
10
266.488501
20
104.069510
70
0
0
VERTEX
8
Layer 1
10
266.938844
20
104.151090
70
0
0
VERTEX
8
Layer 1
10
267.233745
20
104.563399
70
0
0
VERTEX
8
Layer 1
10
267.687946
20
107.385623
70
0
0
VERTEX
8
Layer 1
10
268.111280
20
111.195626
70
0
0
VERTEX
8
Layer 1
10
267.110341
20
111.405501
70
0
0
VERTEX
8
Layer 1
10
264.469398
20
111.558325
70
0
0
VERTEX
8
Layer 1
10
256.438738
20
111.689515
70
0
0
VERTEX
8
Layer 1
10
248.361775
20
111.582579
70
0
0
VERTEX
8
Layer 1
10
245.662955
20
111.437747
70
0
0
VERTEX
8
Layer 1
10
244.580987
20
111.230903
70
0
0
VERTEX
8
Layer 1
10
244.580987
20
111.230903
70
0
0
SEQEND
8
Layer 1
0
POLYLINE
8
Layer 1
62
7
70
0
10
0.000000
20
0.000000
66
1
0
VERTEX
8
Layer 1
10
465.102515
20
111.513126
70
0
0
VERTEX
8
Layer 1
10
464.961404
20
110.737014
70
0
0
VERTEX
8
Layer 1
10
465.040779
20
110.436050
70
0
0
VERTEX
8
Layer 1
10
465.305363
20
110.207847
70
0
0
VERTEX
8
Layer 1
10
466.548905
20
109.890347
70
0
0
VERTEX
8
Layer 1
10
467.541231
20
109.752199
70
0
0
VERTEX
8
Layer 1
10
468.269800
20
109.545837
70
0
0
VERTEX
8
Layer 1
10
468.775127
20
109.067451
70
0
0
VERTEX
8
Layer 1
10
469.097726
20
108.113228
70
0
0
VERTEX
8
Layer 1
10
469.278111
20
106.479356
70
0
0
VERTEX
8
Layer 1
10
469.356797
20
103.962023
70
0
0
VERTEX
8
Layer 1
10
469.371129
20
95.461727
70
0
0
VERTEX
8
Layer 1
10
469.346324
20
86.914026
70
0
0
VERTEX
8
Layer 1
10
469.257647
20
84.363483
70
0
0
VERTEX
8
Layer 1
10
469.066858
20
82.695573
70
0
0
VERTEX
8
Layer 1
10
468.735508
20
81.710620
70
0
0
VERTEX
8
Layer 1
10
468.225152
20
81.208944
70
0
0
VERTEX
8
Layer 1
10
467.497340
20
80.990870
70
0
0
VERTEX
8
Layer 1
10
466.513627
20
80.856718
70
0
0
VERTEX
8
Layer 1
10
465.120154
20
80.512759
70
0
0
VERTEX
8
Layer 1
10
464.856673
20
80.261405
70
0
0
VERTEX
8
Layer 1
10
464.785015
20
79.904217
70
0
0
VERTEX
8
Layer 1
10
464.938253
20
79.509547
70
0
0
VERTEX
8
Layer 1
10
465.799252
20
79.286856
70
0
0
VERTEX
8
Layer 1
10
472.052242
20
79.092828
70
0
0
VERTEX
8
Layer 1
10
478.137662
20
79.114876
70
0
0
VERTEX
8
Layer 1
10
479.205918
20
79.276382
70
0
0
VERTEX
8
Layer 1
10
479.566413
20
79.586717
70
0
0
VERTEX
8
Layer 1
10
479.668388
20
80.131318
70
0
0
VERTEX
8
Layer 1
10
479.482628
20
80.503940
70
0
0
VERTEX
8
Layer 1
10
478.985983
20
80.717811
70
0
0
VERTEX
8
Layer 1
10
478.155301
20
80.786162
70
0
0
VERTEX
8
Layer 1
10
476.942627
20
80.927273
70
0
0
VERTEX
8
Layer 1
10
475.756411
20
81.280051
70
0
0
VERTEX
8
Layer 1
10
474.892656
20
81.854969
70
0
0
VERTEX
8
Layer 1
10
474.607333
20
82.332391
70
0
0
VERTEX
8
Layer 1
10
474.402625
20
83.021893
70
0
0
VERTEX
8
Layer 1
10
474.183793
20
85.293452
70
0
0
VERTEX
8
Layer 1
10
474.133632
20
89.182278
70
0
0
VERTEX
8
Layer 1
10
474.133632
20
93.909504
70
0
0
VERTEX
8
Layer 1
10
478.931413
20
93.768392
70
0
0
VERTEX
8
Layer 1
10
482.039166
20
93.654842
70
0
0
VERTEX
8
Layer 1
10
483.738013
20
93.309781
70
0
0
VERTEX
8
Layer 1
10
484.230662
20
92.973953
70
0
0
VERTEX
8
Layer 1
10
484.576963
20
92.488470
70
0
0
VERTEX
8
Layer 1
10
485.105028
20
90.946168
70
0
0
VERTEX
8
Layer 1
10
485.546000
20
89.865786
70
0
0
VERTEX
8
Layer 1
10
485.859091
20
89.661285
70
0
0
VERTEX
8
Layer 1
10
486.304473
20
89.605612
70
0
0
VERTEX
8
Layer 1
10
487.151140
20
89.605612
70
0
0
VERTEX
8
Layer 1
10
487.256974
20
94.897282
70
0
0
VERTEX
8
Layer 1
10
487.362807
20
100.188952
70
0
0
VERTEX
8
Layer 1
10
486.445584
20
100.188952
70
0
0
VERTEX
8
Layer 1
10
485.973192
20
100.132177
70
0
0
VERTEX
8
Layer 1
10
485.629785
20
99.919959
70
0
0
VERTEX
8
Layer 1
10
485.105028
20
98.777840
70
0
0
VERTEX
8
Layer 1
10
484.537827
20
97.454371
70
0
0
VERTEX
8
Layer 1
10
484.125862
20
97.019807
70
0
0
VERTEX
8
Layer 1
10
483.557214
20
96.709679
70
0
0
VERTEX
8
Layer 1
10
481.736549
20
96.381706
70
0
0
VERTEX
8
Layer 1
10
478.649190
20
96.308394
70
0
0
VERTEX
8
Layer 1
10
474.133632
20
96.308394
70
0
0
VERTEX
8
Layer 1
10
474.133632
20
102.164509
70
0
0
VERTEX
8
Layer 1
10
474.230646
20
106.538956
70
0
0
VERTEX
8
Layer 1
10
474.486410
20
108.690902
70
0
0
VERTEX
8
Layer 1
10
474.820447
20
109.048641
70
0
0
VERTEX
8
Layer 1
10
475.518286
20
109.250937
70
0
0
VERTEX
8
Layer 1
10
479.354746
20
109.361180
70
0
0
VERTEX
8
Layer 1
10
482.908985
20
109.237708
70
0
0
VERTEX
8
Layer 1
10
484.716972
20
108.902569
70
0
0
VERTEX
8
Layer 1
10
485.307875
20
108.409782
70
0
0
VERTEX
8
Layer 1
10
485.819403
20
107.553193
70
0
0
VERTEX
8
Layer 1
10
486.264785
20
106.312958
70
0
0
VERTEX
8
Layer 1
10
486.657251
20
104.669233
70
0
0
VERTEX
8
Layer 1
10
486.979161
20
103.897531
70
0
0
VERTEX
8
Layer 1
10
487.247603
20
103.771302
70
0
0
VERTEX
8
Layer 1
10
487.645029
20
103.787288
70
0
0
VERTEX
8
Layer 1
10
488.057890
20
103.923989
70
0
0
VERTEX
8
Layer 1
10
488.328537
20
104.272357
70
0
0
VERTEX
8
Layer 1
10
488.668086
20
106.186178
70
0
0
VERTEX
8
Layer 1
10
489.091419
20
110.066736
70
0
0
VERTEX
8
Layer 1
10
489.303086
20
111.654237
70
0
0
VERTEX
8
Layer 1
10
477.273356
20
111.654237
70
0
0
VERTEX
8
Layer 1
10
465.102515
20
111.513126
70
0
0
VERTEX
8
Layer 1
10
465.102515
20
111.513126
70
0
0
SEQEND
8
Layer 1
0
POLYLINE
8
Layer 1
62
7
70
0
10
0.000000
20
0.000000
66
1
0
VERTEX
8
Layer 1
10
645.019295
20
111.336737
70
0
0
VERTEX
8
Layer 1
10
644.901886
20
110.696224
70
0
0
VERTEX
8
Layer 1
10
645.058983
20
110.181389
70
0
0
VERTEX
8
Layer 1
10
645.460819
20
109.838533
70
0
0
VERTEX
8
Layer 1
10
646.077629
20
109.713958
70
0
0
VERTEX
8
Layer 1
10
647.022964
20
109.606471
70
0
0
VERTEX
8
Layer 1
10
648.004679
20
109.303854
70
0
0
VERTEX
8
Layer 1
10
648.940092
20
108.835872
70
0
0
VERTEX
8
Layer 1
10
649.746520
20
108.232290
70
0
0
VERTEX
8
Layer 1
10
650.179776
20
107.671704
70
0
0
VERTEX
8
Layer 1
10
650.407979
20
106.684477
70
0
0
VERTEX
8
Layer 1
10
650.487354
20
100.929786
70
0
0
VERTEX
8
Layer 1
10
650.240410
20
88.476722
70
0
0
VERTEX
8
Layer 1
10
650.006143
20
84.512931
70
0
0
VERTEX
8
Layer 1
10
649.824311
20
83.234869
70
0
0
VERTEX
8
Layer 1
10
649.556902
20
82.325156
70
0
0
VERTEX
8
Layer 1
10
649.172085
20
81.708139
70
0
0
VERTEX
8
Layer 1
10
648.638026
20
81.308163
70
0
0
VERTEX
8
Layer 1
10
646.994852
20
80.856718
70
0
0
VERTEX
8
Layer 1
10
645.698393
20
80.486301
70
0
0
VERTEX
8
Layer 1
10
645.417273
20
80.201873
70
0
0
VERTEX
8
Layer 1
10
645.301518
20
79.798384
70
0
0
VERTEX
8
Layer 1
10
645.195684
20
79.022272
70
0
0
VERTEX
8
Layer 1
10
651.722077
20
79.022272
70
0
0
VERTEX
8
Layer 1
10
657.106351
20
79.114876
70
0
0
VERTEX
8
Layer 1
10
658.047276
20
79.275280
70
0
0
VERTEX
8
Layer 1
10
658.283748
20
79.551439
70
0
0
VERTEX
8
Layer 1
10
658.283748
20
80.362828
70
0
0
VERTEX
8
Layer 1
10
657.833956
20
80.609773
70
0
0
VERTEX
8
Layer 1
10
656.696247
20
80.856718
70
0
0
VERTEX
8
Layer 1
10
655.167726
20
81.198471
70
0
0
VERTEX
8
Layer 1
10
654.125377
20
81.738663
70
0
0
VERTEX
8
Layer 1
10
653.486518
20
82.543437
70
0
0
VERTEX
8
Layer 1
10
653.168467
20
83.678942
70
0
0
VERTEX
8
Layer 1
10
653.049404
20
87.630055
70
0
0
VERTEX
8
Layer 1
10
653.062634
20
94.967838
70
0
0
VERTEX
8
Layer 1
10
653.168467
20
104.739788
70
0
0
VERTEX
8
Layer 1
10
660.047638
20
96.202561
70
0
0
VERTEX
8
Layer 1
10
670.278200
20
83.361441
70
0
0
VERTEX
8
Layer 1
10
673.629591
20
79.057550
70
0
0
VERTEX
8
Layer 1
10
675.569870
20
79.022272
70
0
0
VERTEX
8
Layer 1
10
677.510149
20
79.022272
70
0
0
VERTEX
8
Layer 1
10
677.404316
20
83.326164
70
0
0
VERTEX
8
Layer 1
10
677.580705
20
97.790062
70
0
0
VERTEX
8
Layer 1
10
677.803947
20
104.314801
70
0
0
VERTEX
8
Layer 1
10
678.176017
20
107.707533
70
0
0
VERTEX
8
Layer 1
10
678.501579
20
108.581830
70
0
0
VERTEX
8
Layer 1
10
678.964807
20
109.096045
70
0
0
VERTEX
8
Layer 1
10
679.599187
20
109.391152
70
0
0
VERTEX
8
Layer 1
10
680.438206
20
109.608125
70
0
0
VERTEX
8
Layer 1
10
681.474492
20
110.022639
70
0
0
VERTEX
8
Layer 1
10
681.733012
20
110.322500
70
0
0
VERTEX
8
Layer 1
10
681.849318
20
110.701736
70
0
0
VERTEX
8
Layer 1
10
681.955152
20
111.477848
70
0
0
VERTEX
8
Layer 1
10
675.569870
20
111.477848
70
0
0
VERTEX
8
Layer 1
10
669.995978
20
111.380834
70
0
0
VERTEX
8
Layer 1
10
669.329007
20
111.150426
70
0
0
VERTEX
8
Layer 1
10
669.290422
20
110.701736
70
0
0
VERTEX
8
Layer 1
10
669.418304
20
110.296593
70
0
0
VERTEX
8
Layer 1
10
669.757852
20
110.000590
70
0
0
VERTEX
8
Layer 1
10
671.442367
20
109.537569
70
0
0
VERTEX
8
Layer 1
10
672.564505
20
109.320459
70
0
0
VERTEX
8
Layer 1
10
673.394773
20
109.057460
70
0
0
VERTEX
8
Layer 1
10
673.978648
20
108.577007
70
0
0
VERTEX
8
Layer 1
10
674.361605
20
107.707533
70
0
0
VERTEX
8
Layer 1
10
674.589120
20
106.277473
70
0
0
VERTEX
8
Layer 1
10
674.706666
20
104.115261
70
0
0
VERTEX
8
Layer 1
10
674.793758
20
96.908117
70
0
0
VERTEX
8
Layer 1
10
674.899592
20
85.901443
70
0
0
VERTEX
8
Layer 1
10
673.559035
20
87.488944
70
0
0
VERTEX
8
Layer 1
10
663.033022
20
100.153674
70
0
0
VERTEX
8
Layer 1
10
655.179302
20
109.960903
70
0
0
VERTEX
8
Layer 1
10
654.226801
20
111.442570
70
0
0
VERTEX
8
Layer 1
10
651.369299
20
111.477848
70
0
0
VERTEX
8
Layer 1
10
646.889019
20
111.689515
70
0
0
VERTEX
8
Layer 1
10
645.517594
20
111.764480
70
0
0
VERTEX
8
Layer 1
10
645.197338
20
111.625023
70
0
0
VERTEX
8
Layer 1
10
645.019295
20
111.336737
70
0
0
VERTEX
8
Layer 1
10
645.019295
20
111.336737
70
0
0
SEQEND
8
Layer 1
0
POLYLINE
8
Layer 1
62
7
70
0
10
0.000000
20
0.000000
66
1
0
VERTEX
8
Layer 1
10
117.827852
20
110.631181
70
0
0
VERTEX
8
Layer 1
10
117.880217
20
110.198477
70
0
0
VERTEX
8
Layer 1
10
118.088026
20
109.921215
70
0
0
VERTEX
8
Layer 1
10
119.274242
20
109.608125
70
0
0
VERTEX
8
Layer 1
10
120.145025
20
109.481965
70
0
0
VERTEX
8
Layer 1
10
120.796699
20
109.266922
70
0
0
VERTEX
8
Layer 1
10
121.264819
20
108.811274
70
0
0
VERTEX
8
Layer 1
10
121.584938
20
107.963297
70
0
0
VERTEX
8
Layer 1
10
121.792608
20
106.571271
70
0
0
VERTEX
8
Layer 1
10
121.923384
20
104.483473
70
0
0
VERTEX
8
Layer 1
10
122.096466
20
97.613673
70
0
0
VERTEX
8
Layer 1
10
122.369869
20
89.654119
70
0
0
VERTEX
8
Layer 1
10
122.696188
20
85.795610
70
0
0
VERTEX
8
Layer 1
10
123.331189
20
84.252206
70
0
0
VERTEX
8
Layer 1
10
124.177856
20
82.814635
70
0
0
VERTEX
8
Layer 1
10
125.156815
20
81.588732
70
0
0
VERTEX
8
Layer 1
10
126.188691
20
80.680329
70
0
0
VERTEX
8
Layer 1
10
127.967463
20
79.614829
70
0
0
VERTEX
8
Layer 1
10
129.782616
20
78.956126
70
0
0
VERTEX
8
Layer 1
10
131.988030
20
78.621538
70
0
0
VERTEX
8
Layer 1
10
134.937585
20
78.528383
70
0
0
VERTEX
8
Layer 1
10
138.228893
20
78.654060
70
0
0
VERTEX
8
Layer 1
10
140.762832
20
79.136925
70
0
0
VERTEX
8
Layer 1
10
142.800676
20
80.056353
70
0
0
VERTEX
8
Layer 1
10
144.603702
20
81.491718
70
0
0
VERTEX
8
Layer 1
10
145.682500
20
82.648720
70
0
0
VERTEX
8
Layer 1
10
146.553352
20
83.881789
70
0
0
VERTEX
8
Layer 1
10
147.239822
20
85.286838
70
0
0
VERTEX
8
Layer 1
10
147.765475
20
86.959777
70
0
0
VERTEX
8
Layer 1
10
148.153875
20
88.996519
70
0
0
VERTEX
8
Layer 1
10
148.428587
20
91.492974
70
0
0
VERTEX
8
Layer 1
10
148.731205
20
98.248673
70
0
0
VERTEX
8
Layer 1
10
148.969330
20
104.373781
70
0
0
VERTEX
8
Layer 1
10
149.260372
20
107.667846
70
0
0
VERTEX
8
Layer 1
10
149.500151
20
108.395450
70
0
0
VERTEX
8
Layer 1
10
149.829226
20
108.858471
70
0
0
VERTEX
8
Layer 1
10
150.376583
20
109.175972
70
0
0
VERTEX
8
Layer 1
10
151.271206
20
109.467013
70
0
0
VERTEX
8
Layer 1
10
152.589714
20
110.018229
70
0
0
VERTEX
8
Layer 1
10
152.903356
20
110.325256
70
0
0
VERTEX
8
Layer 1
10
153.035096
20
110.701736
70
0
0
VERTEX
8
Layer 1
10
152.997614
20
111.150426
70
0
0
VERTEX
8
Layer 1
10
152.364818
20
111.380834
70
0
0
VERTEX
8
Layer 1
10
147.143704
20
111.477848
70
0
0
VERTEX
8
Layer 1
10
141.111200
20
111.477848
70
0
0
VERTEX
8
Layer 1
10
141.111200
20
110.595903
70
0
0
VERTEX
8
Layer 1
10
141.278770
20
109.903576
70
0
0
VERTEX
8
Layer 1
10
141.922589
20
109.713958
70
0
0
VERTEX
8
Layer 1
10
144.003980
20
109.361180
70
0
0
VERTEX
8
Layer 1
10
144.673431
20
109.114856
70
0
0
VERTEX
8
Layer 1
10
145.185786
20
108.726731
70
0
0
VERTEX
8
Layer 1
10
145.559234
20
108.088079
70
0
0
VERTEX
8
Layer 1
10
145.811967
20
107.090172
70
0
0
VERTEX
8
Layer 1
10
146.028043
20
103.581684
70
0
0
VERTEX
8
Layer 1
10
145.979536
20
97.331450
70
0
0
VERTEX
8
Layer 1
10
145.701724
20
89.477730
70
0
0
VERTEX
8
Layer 1
10
145.448716
20
87.702264
70
0
0
VERTEX
8
Layer 1
10
145.027036
20
86.360054
70
0
0
VERTEX
8
Layer 1
10
144.430620
20
85.078823
70
0
0
VERTEX
8
Layer 1
10
143.715143
20
84.008017
70
0
0
VERTEX
8
Layer 1
10
142.864066
20
83.139784
70
0
0
VERTEX
8
Layer 1
10
141.860853
20
82.466267
70
0
0
VERTEX
8
Layer 1
10
140.688969
20
81.979613
70
0
0
VERTEX
8
Layer 1
10
139.331876
20
81.671966
70
0
0
VERTEX
8
Layer 1
10
137.773038
20
81.535471
70
0
0
VERTEX
8
Layer 1
10
135.995919
20
81.562274
70
0
0
VERTEX
8
Layer 1
10
133.800978
20
81.820794
70
0
0
VERTEX
8
Layer 1
10
132.009528
20
82.360434
70
0
0
VERTEX
8
Layer 1
10
130.509119
20
83.224189
70
0
0
VERTEX
8
Layer 1
10
129.187304
20
84.455053
70
0
0
VERTEX
8
Layer 1
10
128.509928
20
85.314054
70
0
0
VERTEX
8
Layer 1
10
127.975180
20
86.240441
70
0
0
VERTEX
8
Layer 1
10
127.566936
20
87.337980
70
0
0
VERTEX
8
Layer 1
10
127.269073
20
88.710438
70
0
0
VERTEX
8
Layer 1
10
126.939997
20
92.695176
70
0
0
VERTEX
8
Layer 1
10
126.858969
20
99.024785
70
0
0
VERTEX
8
Layer 1
10
126.873300
20
105.005474
70
0
0
VERTEX
8
Layer 1
10
127.132372
20
108.082360
70
0
0
VERTEX
8
Layer 1
10
127.430166
20
108.856404
70
0
0
VERTEX
8
Layer 1
10
127.880923
20
109.293932
70
0
0
VERTEX
8
Layer 1
10
128.515234
20
109.524753
70
0
0
VERTEX
8
Layer 1
10
129.363693
20
109.678680
70
0
0
VERTEX
8
Layer 1
10
130.444075
20
110.018229
70
0
0
VERTEX
8
Layer 1
10
130.698186
20
110.298798
70
0
0
VERTEX
8
Layer 1
10
130.810082
20
110.701736
70
0
0
VERTEX
8
Layer 1
10
130.915916
20
111.477848
70
0
0
VERTEX
8
Layer 1
10
124.389523
20
111.477848
70
0
0
VERTEX
8
Layer 1
10
117.827852
20
111.477848
70
0
0
VERTEX
8
Layer 1
10
117.827852
20
110.631181
70
0
0
VERTEX
8
Layer 1
10
117.827852
20
110.631181
70
0
0
SEQEND
8
Layer 1
0
POLYLINE
8
Layer 1
62
7
70
0
10
0.000000
20
0.000000
66
1
0
VERTEX
8
Layer 1
10
194.380678
20
110.948681
70
0
0
VERTEX
8
Layer 1
10
194.380678
20
110.172569
70
0
0
VERTEX
8
Layer 1
10
194.834880
20
109.894757
70
0
0
VERTEX
8
Layer 1
10
196.003457
20
109.643402
70
0
0
VERTEX
8
Layer 1
10
196.963881
20
109.506770
70
0
0
VERTEX
8
Layer 1
10
197.674191
20
109.284561
70
0
0
VERTEX
8
Layer 1
10
198.172008
20
108.782059
70
0
0
VERTEX
8
Layer 1
10
198.494951
20
107.804547
70
0
0
VERTEX
8
Layer 1
10
198.680642
20
106.157308
70
0
0
VERTEX
8
Layer 1
10
198.766701
20
103.645625
70
0
0
VERTEX
8
Layer 1
10
198.790403
20
95.250060
70
0
0
VERTEX
8
Layer 1
10
198.765598
20
86.839612
70
0
0
VERTEX
8
Layer 1
10
198.676921
20
84.327309
70
0
0
VERTEX
8
Layer 1
10
198.486132
20
82.682344
70
0
0
VERTEX
8
Layer 1
10
198.154782
20
81.708759
70
0
0
VERTEX
8
Layer 1
10
197.644426
20
81.210598
70
0
0
VERTEX
8
Layer 1
10
196.916614
20
80.991903
70
0
0
VERTEX
8
Layer 1
10
195.932901
20
80.856718
70
0
0
VERTEX
8
Layer 1
10
194.539428
20
80.512759
70
0
0
VERTEX
8
Layer 1
10
194.275947
20
80.261405
70
0
0
VERTEX
8
Layer 1
10
194.204289
20
79.904217
70
0
0
VERTEX
8
Layer 1
10
194.355873
20
79.509547
70
0
0
VERTEX
8
Layer 1
10
195.205297
20
79.286856
70
0
0
VERTEX
8
Layer 1
10
201.365682
20
79.092828
70
0
0
VERTEX
8
Layer 1
10
208.491798
20
79.022272
70
0
0
VERTEX
8
Layer 1
10
208.491798
20
79.904217
70
0
0
VERTEX
8
Layer 1
10
208.450457
20
80.354560
70
0
0
VERTEX
8
Layer 1
10
208.293360
20
80.623002
70
0
0
VERTEX
8
Layer 1
10
207.433464
20
80.786162
70
0
0
VERTEX
8
Layer 1
10
206.189922
20
80.938849
70
0
0
VERTEX
8
Layer 1
10
205.052212
20
81.346197
70
0
0
VERTEX
8
Layer 1
10
204.179087
20
81.932139
70
0
0
VERTEX
8
Layer 1
10
203.729295
20
82.620608
70
0
0
VERTEX
8
Layer 1
10
203.566686
20
87.324131
70
0
0
VERTEX
8
Layer 1
10
203.619052
20
96.224609
70
0
0
VERTEX
8
Layer 1
10
203.823553
20
104.920036
70
0
0
VERTEX
8
Layer 1
10
204.117351
20
109.008402
70
0
0
VERTEX
8
Layer 1
10
204.836136
20
109.352361
70
0
0
VERTEX
8
Layer 1
10
206.057630
20
109.643402
70
0
0
VERTEX
8
Layer 1
10
207.323221
20
110.013819
70
0
0
VERTEX
8
Layer 1
10
207.600482
20
110.298247
70
0
0
VERTEX
8
Layer 1
10
207.715686
20
110.701736
70
0
0
VERTEX
8
Layer 1
10
207.821520
20
111.477848
70
0
0
VERTEX
8
Layer 1
10
201.118738
20
111.477848
70
0
0
VERTEX
8
Layer 1
10
195.593352
20
111.385244
70
0
0
VERTEX
8
Layer 1
10
194.624867
20
111.224840
70
0
0
VERTEX
8
Layer 1
10
194.380678
20
110.948681
70
0
0
VERTEX
8
Layer 1
10
194.380678
20
110.948681
70
0
0
SEQEND
8
Layer 1
0
POLYLINE
8
Layer 1
62
7
70
0
10
0.000000
20
0.000000
66
1
0
VERTEX
8
Layer 1
10
208.491798
20
110.772292
70
0
0
VERTEX
8
Layer 1
10
208.628499
20
110.229896
70
0
0
VERTEX
8
Layer 1
10
208.950409
20
109.925625
70
0
0
VERTEX
8
Layer 1
10
210.855411
20
109.396458
70
0
0
VERTEX
8
Layer 1
10
211.631522
20
109.133528
70
0
0
VERTEX
8
Layer 1
10
212.222425
20
108.774687
70
0
0
VERTEX
8
Layer 1
10
212.720724
20
108.250481
70
0
0
VERTEX
8
Layer 1
10
213.219023
20
107.491457
70
0
0
VERTEX
8
Layer 1
10
214.835739
20
103.819809
70
0
0
VERTEX
8
Layer 1
10
217.553783
20
96.956624
70
0
0
VERTEX
8
Layer 1
10
222.708751
20
83.008663
70
0
0
VERTEX
8
Layer 1
10
224.155141
20
78.669494
70
0
0
VERTEX
8
Layer 1
10
225.813198
20
78.669494
70
0
0
VERTEX
8
Layer 1
10
226.716089
20
78.694850
70
0
0
VERTEX
8
Layer 1
10
227.241949
20
78.819425
70
0
0
VERTEX
8
Layer 1
10
227.529683
20
79.115979
70
0
0
VERTEX
8
Layer 1
10
227.718199
20
79.657272
70
0
0
VERTEX
8
Layer 1
10
231.043132
20
88.273875
70
0
0
VERTEX
8
Layer 1
10
236.749316
20
102.129231
70
0
0
VERTEX
8
Layer 1
10
238.366031
20
105.788200
70
0
0
VERTEX
8
Layer 1
10
239.602408
20
107.985346
70
0
0
VERTEX
8
Layer 1
10
240.169953
20
108.661825
70
0
0
VERTEX
8
Layer 1
10
240.752795
20
109.124157
70
0
0
VERTEX
8
Layer 1
10
242.111541
20
109.608125
70
0
0
VERTEX
8
Layer 1
10
243.315396
20
110.022639
70
0
0
VERTEX
8
Layer 1
10
243.584941
20
110.312578
70
0
0
VERTEX
8
Layer 1
10
243.699042
20
110.701736
70
0
0
VERTEX
8
Layer 1
10
243.666521
20
111.150426
70
0
0
VERTEX
8
Layer 1
10
243.041993
20
111.380834
70
0
0
VERTEX
8
Layer 1
10
237.807650
20
111.477848
70
0
0
VERTEX
8
Layer 1
10
232.873168
20
111.385244
70
0
0
VERTEX
8
Layer 1
10
231.998388
20
111.224840
70
0
0
VERTEX
8
Layer 1
10
231.775146
20
110.948681
70
0
0
VERTEX
8
Layer 1
10
231.775146
20
110.172569
70
0
0
VERTEX
8
Layer 1
10
232.291084
20
109.881528
70
0
0
VERTEX
8
Layer 1
10
233.574314
20
109.537569
70
0
0
VERTEX
8
Layer 1
10
235.045508
20
109.134079
70
0
0
VERTEX
8
Layer 1
10
235.493578
20
108.862881
70
0
0
VERTEX
8
Layer 1
10
235.765947
20
108.505693
70
0
0
VERTEX
8
Layer 1
10
235.874606
20
108.032750
70
0
0
VERTEX
8
Layer 1
10
235.831542
20
107.414286
70
0
0
VERTEX
8
Layer 1
10
235.338204
20
105.621733
70
0
0
VERTEX
8
Layer 1
10
230.937298
20
94.121170
70
0
0
VERTEX
8
Layer 1
10
228.442496
20
88.020316
70
0
0
VERTEX
8
Layer 1
10
227.224310
20
85.372276
70
0
0
VERTEX
8
Layer 1
10
226.922244
20
85.776317
70
0
0
VERTEX
8
Layer 1
10
226.157156
20
87.572729
70
0
0
VERTEX
8
Layer 1
10
221.862084
20
98.848396
70
0
0
VERTEX
8
Layer 1
10
219.388228
20
105.661421
70
0
0
VERTEX
8
Layer 1
10
218.475415
20
108.796735
70
0
0
VERTEX
8
Layer 1
10
219.083957
20
109.233298
70
0
0
VERTEX
8
Layer 1
10
220.274583
20
109.537569
70
0
0
VERTEX
8
Layer 1
10
221.615140
20
109.885937
70
0
0
VERTEX
8
Layer 1
10
221.842240
20
110.177530
70
0
0
VERTEX
8
Layer 1
10
221.897362
20
110.631181
70
0
0
VERTEX
8
Layer 1
10
221.897362
20
111.477848
70
0
0
VERTEX
8
Layer 1
10
215.194580
20
111.477848
70
0
0
VERTEX
8
Layer 1
10
209.409021
20
111.376424
70
0
0
VERTEX
8
Layer 1
10
208.626295
20
111.165309
70
0
0
VERTEX
8
Layer 1
10
208.491798
20
110.772292
70
0
0
VERTEX
8
Layer 1
10
208.491798
20
110.772292
70
0
0
SEQEND
8
Layer 1
0
POLYLINE
8
Layer 1
62
7
70
0
10
0.000000
20
0.000000
66
1
0
VERTEX
8
Layer 1
10
273.755728
20
110.807570
70
0
0
VERTEX
8
Layer 1
10
273.825181
20
110.450933
70
0
0
VERTEX
8
Layer 1
10
274.073228
20
110.203437
70
0
0
VERTEX
8
Layer 1
10
275.343229
20
109.890347
70
0
0
VERTEX
8
Layer 1
10
276.335555
20
109.752199
70
0
0
VERTEX
8
Layer 1
10
277.064124
20
109.545837
70
0
0
VERTEX
8
Layer 1
10
277.569451
20
109.067451
70
0
0
VERTEX
8
Layer 1
10
277.892050
20
108.113228
70
0
0
VERTEX
8
Layer 1
10
278.072435
20
106.479356
70
0
0
VERTEX
8
Layer 1
10
278.151121
20
103.962023
70
0
0
VERTEX
8
Layer 1
10
278.165453
20
95.461727
70
0
0
VERTEX
8
Layer 1
10
278.141751
20
86.919538
70
0
0
VERTEX
8
Layer 1
10
278.055692
20
84.362242
70
0
0
VERTEX
8
Layer 1
10
277.870001
20
82.686753
70
0
0
VERTEX
8
Layer 1
10
277.547058
20
81.697528
70
0
0
VERTEX
8
Layer 1
10
277.049241
20
81.199023
70
0
0
VERTEX
8
Layer 1
10
276.338931
20
80.995693
70
0
0
VERTEX
8
Layer 1
10
275.378507
20
80.891995
70
0
0
VERTEX
8
Layer 1
10
274.037950
20
80.578905
70
0
0
VERTEX
8
Layer 1
10
273.810850
20
80.301643
70
0
0
VERTEX
8
Layer 1
10
273.755728
20
79.868939
70
0
0
VERTEX
8
Layer 1
10
273.755728
20
79.022272
70
0
0
VERTEX
8
Layer 1
10
280.634899
20
79.022272
70
0
0
VERTEX
8
Layer 1
10
287.514070
20
79.022272
70
0
0
VERTEX
8
Layer 1
10
287.514070
20
79.868939
70
0
0
VERTEX
8
Layer 1
10
287.461153
20
80.315975
70
0
0
VERTEX
8
Layer 1
10
287.223028
20
80.587724
70
0
0
VERTEX
8
Layer 1
10
285.714902
20
80.856718
70
0
0
VERTEX
8
Layer 1
10
284.343478
20
81.116891
70
0
0
VERTEX
8
Layer 1
10
283.527679
20
81.456440
70
0
0
VERTEX
8
Layer 1
10
283.335856
20
81.999939
70
0
0
VERTEX
8
Layer 1
10
283.183720
20
83.211511
70
0
0
VERTEX
8
Layer 1
10
282.998512
20
87.665333
70
0
0
VERTEX
8
Layer 1
10
282.892678
20
93.486170
70
0
0
VERTEX
8
Layer 1
10
284.938791
20
93.486170
70
0
0
VERTEX
8
Layer 1
10
286.579208
20
93.353878
70
0
0
VERTEX
8
Layer 1
10
287.584626
20
93.062836
70
0
0
VERTEX
8
Layer 1
10
290.689072
20
88.547278
70
0
0
VERTEX
8
Layer 1
10
294.162833
20
83.333881
70
0
0
VERTEX
8
Layer 1
10
295.522268
20
81.642889
70
0
0
VERTEX
8
Layer 1
10
296.783312
20
80.442203
70
0
0
VERTEX
8
Layer 1
10
298.060892
20
79.641701
70
0
0
VERTEX
8
Layer 1
10
299.469937
20
79.151256
70
0
0
VERTEX
8
Layer 1
10
301.125375
20
78.880747
70
0
0
VERTEX
8
Layer 1
10
303.142135
20
78.740050
70
0
0
VERTEX
8
Layer 1
10
306.564082
20
78.563661
70
0
0
VERTEX
8
Layer 1
10
306.564082
20
79.445606
70
0
0
VERTEX
8
Layer 1
10
306.516677
20
79.919100
70
0
0
VERTEX
8
Layer 1
10
306.317137
20
80.217307
70
0
0
VERTEX
8
Layer 1
10
305.117692
20
80.539217
70
0
0
VERTEX
8
Layer 1
10
303.628859
20
80.968063
70
0
0
VERTEX
8
Layer 1
10
302.123489
20
81.879774
70
0
0
VERTEX
8
Layer 1
10
300.518900
20
83.347110
70
0
0
VERTEX
8
Layer 1
10
298.732410
20
85.442832
70
0
0
VERTEX
8
Layer 1
10
294.556401
20
91.096099
70
0
0
VERTEX
8
Layer 1
10
292.814008
20
93.658149
70
0
0
VERTEX
8
Layer 1
10
292.100184
20
94.897282
70
0
0
VERTEX
8
Layer 1
10
293.334907
20
95.743949
70
0
0
VERTEX
8
Layer 1
10
295.110235
20
96.993004
70
0
0
VERTEX
8
Layer 1
10
296.484553
20
98.539715
70
0
0
VERTEX
8
Layer 1
10
297.443806
20
100.298093
70
0
0
VERTEX
8
Layer 1
10
297.973938
20
102.182148
70
0
0
VERTEX
8
Layer 1
10
298.060892
20
104.105890
70
0
0
VERTEX
8
Layer 1
10
297.690613
20
105.983331
70
0
0
VERTEX
8
Layer 1
10
296.849044
20
107.728479
70
0
0
VERTEX
8
Layer 1
10
295.522131
20
109.255347
70
0
0
VERTEX
8
Layer 1
10
294.697305
20
109.907917
70
0
0
VERTEX
8
Layer 1
10
293.824938
20
110.421168
70
0
0
VERTEX
8
Layer 1
10
292.807876
20
110.811222
70
0
0
VERTEX
8
Layer 1
10
291.548968
20
111.094202
70
0
0
VERTEX
8
Layer 1
10
287.917009
20
111.403434
70
0
0
VERTEX
8
Layer 1
10
282.151844
20
111.477848
70
0
0
VERTEX
8
Layer 1
10
274.924305
20
111.380834
70
0
0
VERTEX
8
Layer 1
10
273.931566
20
111.180192
70
0
0
VERTEX
8
Layer 1
10
273.785149
20
111.018685
70
0
0
VERTEX
8
Layer 1
10
273.755728
20
110.807570
70
0
0
VERTEX
8
Layer 1
10
273.755728
20
110.807570
70
0
0
SEQEND
8
Layer 1
0
POLYLINE
8
Layer 1
62
7
70
0
10
0.000000
20
0.000000
66
1
0
VERTEX
8
Layer 1
10
287.866848
20
109.325902
70
0
0
VERTEX
8
Layer 1
10
289.343003
20
108.847998
70
0
0
VERTEX
8
Layer 1
10
290.600878
20
108.095589
70
0
0
VERTEX
8
Layer 1
10
291.647085
20
107.058752
70
0
0
VERTEX
8
Layer 1
10
292.488240
20
105.727567
70
0
0
VERTEX
8
Layer 1
10
293.020163
20
103.953204
70
0
0
VERTEX
8
Layer 1
10
293.145289
20
101.798502
70
0
0
VERTEX
8
Layer 1
10
292.880154
20
99.729789
70
0
0
VERTEX
8
Layer 1
10
292.606407
20
98.873407
70
0
0
VERTEX
8
Layer 1
10
292.241295
20
98.213395
70
0
0
VERTEX
8
Layer 1
10
291.190678
20
96.988043
70
0
0
VERTEX
8
Layer 1
10
290.054072
20
96.242248
70
0
0
VERTEX
8
Layer 1
10
288.520590
20
95.847027
70
0
0
VERTEX
8
Layer 1
10
286.279347
20
95.673394
70
0
0
VERTEX
8
Layer 1
10
282.927956
20
95.532282
70
0
0
VERTEX
8
Layer 1
10
282.927956
20
102.235064
70
0
0
VERTEX
8
Layer 1
10
283.033789
20
107.923610
70
0
0
VERTEX
8
Layer 1
10
283.225612
20
108.932334
70
0
0
VERTEX
8
Layer 1
10
283.562956
20
109.325902
70
0
0
VERTEX
8
Layer 1
10
284.250322
20
109.603715
70
0
0
VERTEX
8
Layer 1
10
285.172506
20
109.696319
70
0
0
VERTEX
8
Layer 1
10
287.866848
20
109.325902
70
0
0
VERTEX
8
Layer 1
10
287.866848
20
109.325902
70
0
0
SEQEND
8
Layer 1
0
POLYLINE
8
Layer 1
62
7
70
0
10
0.000000
20
0.000000
66
1
0
VERTEX
8
Layer 1
10
333.022432
20
110.948681
70
0
0
VERTEX
8
Layer 1
10
333.022432
20
110.172569
70
0
0
VERTEX
8
Layer 1
10
333.476634
20
109.894757
70
0
0
VERTEX
8
Layer 1
10
334.645211
20
109.643402
70
0
0
VERTEX
8
Layer 1
10
335.605635
20
109.506770
70
0
0
VERTEX
8
Layer 1
10
336.315945
20
109.284561
70
0
0
VERTEX
8
Layer 1
10
336.813762
20
108.782059
70
0
0
VERTEX
8
Layer 1
10
337.136705
20
107.804547
70
0
0
VERTEX
8
Layer 1
10
337.322396
20
106.157308
70
0
0
VERTEX
8
Layer 1
10
337.408455
20
103.645625
70
0
0
VERTEX
8
Layer 1
10
337.432157
20
95.250060
70
0
0
VERTEX
8
Layer 1
10
337.407352
20
86.839612
70
0
0
VERTEX
8
Layer 1
10
337.318675
20
84.327309
70
0
0
VERTEX
8
Layer 1
10
337.127886
20
82.682344
70
0
0
VERTEX
8
Layer 1
10
336.796536
20
81.708759
70
0
0
VERTEX
8
Layer 1
10
336.286180
20
81.210598
70
0
0
VERTEX
8
Layer 1
10
335.558368
20
80.991903
70
0
0
VERTEX
8
Layer 1
10
334.574655
20
80.856718
70
0
0
VERTEX
8
Layer 1
10
333.181182
20
80.512759
70
0
0
VERTEX
8
Layer 1
10
332.917701
20
80.261405
70
0
0
VERTEX
8
Layer 1
10
332.846043
20
79.904217
70
0
0
VERTEX
8
Layer 1
10
332.997627
20
79.509547
70
0
0
VERTEX
8
Layer 1
10
333.847051
20
79.286856
70
0
0
VERTEX
8
Layer 1
10
340.007436
20
79.092828
70
0
0
VERTEX
8
Layer 1
10
347.133552
20
79.022272
70
0
0
VERTEX
8
Layer 1
10
347.133552
20
79.904217
70
0
0
VERTEX
8
Layer 1
10
347.092211
20
80.354560
70
0
0
VERTEX
8
Layer 1
10
346.935114
20
80.623002
70
0
0
VERTEX
8
Layer 1
10
346.075218
20
80.786162
70
0
0
VERTEX
8
Layer 1
10
344.831676
20
80.938849
70
0
0
VERTEX
8
Layer 1
10
343.693966
20
81.346197
70
0
0
VERTEX
8
Layer 1
10
342.820841
20
81.932139
70
0
0
VERTEX
8
Layer 1
10
342.371049
20
82.620608
70
0
0
VERTEX
8
Layer 1
10
342.208440
20
87.324131
70
0
0
VERTEX
8
Layer 1
10
342.260806
20
96.224609
70
0
0
VERTEX
8
Layer 1
10
342.465307
20
104.920036
70
0
0
VERTEX
8
Layer 1
10
342.759105
20
109.008402
70
0
0
VERTEX
8
Layer 1
10
343.477890
20
109.352361
70
0
0
VERTEX
8
Layer 1
10
344.699384
20
109.643402
70
0
0
VERTEX
8
Layer 1
10
345.964975
20
110.013819
70
0
0
VERTEX
8
Layer 1
10
346.242236
20
110.298247
70
0
0
VERTEX
8
Layer 1
10
346.357440
20
110.701736
70
0
0
VERTEX
8
Layer 1
10
346.463274
20
111.477848
70
0
0
VERTEX
8
Layer 1
10
339.760492
20
111.477848
70
0
0
VERTEX
8
Layer 1
10
334.235106
20
111.385244
70
0
0
VERTEX
8
Layer 1
10
333.266621
20
111.224840
70
0
0
VERTEX
8
Layer 1
10
333.022432
20
110.948681
70
0
0
VERTEX
8
Layer 1
10
333.022432
20
110.948681
70
0
0
SEQEND
8
Layer 1
0
POLYLINE
8
Layer 1
62
7
70
0
10
0.000000
20
0.000000
66
1
0
VERTEX
8
Layer 1
10
382.834686
20
110.701736
70
0
0
VERTEX
8
Layer 1
10
382.943275
20
110.284466
70
0
0
VERTEX
8
Layer 1
10
383.200693
20
110.009410
70
0
0
VERTEX
8
Layer 1
10
384.386909
20
109.713958
70
0
0
VERTEX
8
Layer 1
10
385.427466
20
109.501947
70
0
0
VERTEX
8
Layer 1
10
386.348134
20
109.122504
70
0
0
VERTEX
8
Layer 1
10
387.220846
20
108.484265
70
0
0
VERTEX
8
Layer 1
10
388.117536
20
107.495866
70
0
0
VERTEX
8
Layer 1
10
390.270584
20
104.103134
70
0
0
VERTEX
8
Layer 1
10
393.382748
20
98.213395
70
0
0
VERTEX
8
Layer 1
10
396.522472
20
92.110336
70
0
0
VERTEX
8
Layer 1
10
396.522472
20
88.088667
70
0
0
VERTEX
8
Layer 1
10
396.440341
20
84.289137
70
0
0
VERTEX
8
Layer 1
10
396.282486
20
83.063854
70
0
0
VERTEX
8
Layer 1
10
395.997715
20
82.192864
70
0
0
VERTEX
8
Layer 1
10
395.549232
20
81.604648
70
0
0
VERTEX
8
Layer 1
10
394.900244
20
81.227686
70
0
0
VERTEX
8
Layer 1
10
392.853581
20
80.821440
70
0
0
VERTEX
8
Layer 1
10
391.371913
20
80.495120
70
0
0
VERTEX
8
Layer 1
10
391.077564
20
80.216205
70
0
0
VERTEX
8
Layer 1
10
390.948580
20
79.798384
70
0
0
VERTEX
8
Layer 1
10
390.842746
20
79.022272
70
0
0
VERTEX
8
Layer 1
10
398.533307
20
79.092828
70
0
0
VERTEX
8
Layer 1
10
405.156714
20
79.286856
70
0
0
VERTEX
8
Layer 1
10
406.064014
20
79.509547
70
0
0
VERTEX
8
Layer 1
10
406.223867
20
79.904217
70
0
0
VERTEX
8
Layer 1
10
406.149453
20
80.276288
70
0
0
VERTEX
8
Layer 1
10
405.866679
20
80.525988
70
0
0
VERTEX
8
Layer 1
10
404.318866
20
80.856718
70
0
0
VERTEX
8
Layer 1
10
402.841608
20
81.160989
70
0
0
VERTEX
8
Layer 1
10
401.919975
20
81.597551
70
0
0
VERTEX
8
Layer 1
10
401.665865
20
82.094197
70
0
0
VERTEX
8
Layer 1
10
401.474593
20
83.083629
70
0
0
VERTEX
8
Layer 1
10
401.214419
20
87.030333
70
0
0
VERTEX
8
Layer 1
10
401.131737
20
90.474879
70
0
0
VERTEX
8
Layer 1
10
401.252867
20
91.764930
70
0
0
VERTEX
8
Layer 1
10
401.558378
20
92.996691
70
0
0
VERTEX
8
Layer 1
10
402.105322
20
94.342552
70
0
0
VERTEX
8
Layer 1
10
402.950749
20
95.974909
70
0
0
VERTEX
8
Layer 1
10
405.765256
20
100.788675
70
0
0
VERTEX
8
Layer 1
10
408.389593
20
105.014294
70
0
0
VERTEX
8
Layer 1
10
410.329321
20
107.659026
70
0
0
VERTEX
8
Layer 1
10
411.138574
20
108.498114
70
0
0
VERTEX
8
Layer 1
10
411.892017
20
109.073445
70
0
0
VERTEX
8
Layer 1
10
412.628097
20
109.428842
70
0
0
VERTEX
8
Layer 1
10
413.385260
20
109.608125
70
0
0
VERTEX
8
Layer 1
10
414.602344
20
109.921215
70
0
0
VERTEX
8
Layer 1
10
414.814011
20
110.198477
70
0
0
VERTEX
8
Layer 1
10
414.866928
20
110.631181
70
0
0
VERTEX
8
Layer 1
10
414.866928
20
111.477848
70
0
0
VERTEX
8
Layer 1
10
409.010813
20
111.477848
70
0
0
VERTEX
8
Layer 1
10
403.930810
20
111.380834
70
0
0
VERTEX
8
Layer 1
10
403.325575
20
111.150426
70
0
0
VERTEX
8
Layer 1
10
403.295810
20
110.701736
70
0
0
VERTEX
8
Layer 1
10
403.411014
20
110.298247
70
0
0
VERTEX
8
Layer 1
10
403.688275
20
110.013819
70
0
0
VERTEX
8
Layer 1
10
404.953866
20
109.643402
70
0
0
VERTEX
8
Layer 1
10
406.315920
20
109.332517
70
0
0
VERTEX
8
Layer 1
10
406.703218
20
109.117543
70
0
0
VERTEX
8
Layer 1
10
406.907374
20
108.823194
70
0
0
VERTEX
8
Layer 1
10
406.937898
20
108.419704
70
0
0
VERTEX
8
Layer 1
10
406.804297
20
107.877308
70
0
0
VERTEX
8
Layer 1
10
406.082756
20
106.256734
70
0
0
VERTEX
8
Layer 1
10
402.585844
20
99.765618
70
0
0
VERTEX
8
Layer 1
10
400.868807
20
96.830946
70
0
0
VERTEX
8
Layer 1
10
400.014974
20
95.602838
70
0
0
VERTEX
8
Layer 1
10
398.731744
20
97.655565
70
0
0
VERTEX
8
Layer 1
10
396.337264
20
102.208606
70
0
0
VERTEX
8
Layer 1
10
394.061845
20
106.854251
70
0
0
VERTEX
8
Layer 1
10
393.135803
20
109.184791
70
0
0
VERTEX
8
Layer 1
10
393.572366
20
109.568437
70
0
0
VERTEX
8
Layer 1
10
394.405804
20
109.713958
70
0
0
VERTEX
8
Layer 1
10
395.265700
20
109.877118
70
0
0
VERTEX
8
Layer 1
10
395.422797
20
110.145560
70
0
0
VERTEX
8
Layer 1
10
395.464138
20
110.595903
70
0
0
VERTEX
8
Layer 1
10
395.464138
20
111.477848
70
0
0
VERTEX
8
Layer 1
10
389.078856
20
111.477848
70
0
0
VERTEX
8
Layer 1
10
382.728852
20
111.477848
70
0
0
VERTEX
8
Layer 1
10
382.834686
20
110.701736
70
0
0
VERTEX
8
Layer 1
10
382.834686
20
110.701736
70
0
0
SEQEND
8
Layer 1
0
POLYLINE
8
Layer 1
62
7
70
0
10
0.000000
20
0.000000
66
1
0
VERTEX
8
Layer 1
10
574.675362
20
110.807570
70
0
0
VERTEX
8
Layer 1
10
574.744815
20
110.450933
70
0
0
VERTEX
8
Layer 1
10
574.992862
20
110.203437
70
0
0
VERTEX
8
Layer 1
10
576.262863
20
109.890347
70
0
0
VERTEX
8
Layer 1
10
577.255189
20
109.752199
70
0
0
VERTEX
8
Layer 1
10
577.983758
20
109.545837
70
0
0
VERTEX
8
Layer 1
10
578.489085
20
109.067451
70
0
0
VERTEX
8
Layer 1
10
578.811684
20
108.113228
70
0
0
VERTEX
8
Layer 1
10
578.992069
20
106.479356
70
0
0
VERTEX
8
Layer 1
10
579.070755
20
103.962023
70
0
0
VERTEX
8
Layer 1
10
579.085087
20
95.461727
70
0
0
VERTEX
8
Layer 1
10
579.061385
20
86.919538
70
0
0
VERTEX
8
Layer 1
10
578.975326
20
84.362242
70
0
0
VERTEX
8
Layer 1
10
578.789635
20
82.686753
70
0
0
VERTEX
8
Layer 1
10
578.466692
20
81.697528
70
0
0
VERTEX
8
Layer 1
10
577.968875
20
81.199023
70
0
0
VERTEX
8
Layer 1
10
577.258565
20
80.995693
70
0
0
VERTEX
8
Layer 1
10
576.298141
20
80.891995
70
0
0
VERTEX
8
Layer 1
10
574.957584
20
80.578905
70
0
0
VERTEX
8
Layer 1
10
574.730484
20
80.301643
70
0
0
VERTEX
8
Layer 1
10
574.675362
20
79.868939
70
0
0
VERTEX
8
Layer 1
10
574.675362
20
79.022272
70
0
0
VERTEX
8
Layer 1
10
581.554533
20
79.022272
70
0
0
VERTEX
8
Layer 1
10
588.433704
20
79.022272
70
0
0
VERTEX
8
Layer 1
10
588.433704
20
79.868939
70
0
0
VERTEX
8
Layer 1
10
588.380787
20
80.315975
70
0
0
VERTEX
8
Layer 1
10
588.142662
20
80.587724
70
0
0
VERTEX
8
Layer 1
10
586.634536
20
80.856718
70
0
0
VERTEX
8
Layer 1
10
585.263112
20
81.116891
70
0
0
VERTEX
8
Layer 1
10
584.447313
20
81.456440
70
0
0
VERTEX
8
Layer 1
10
584.255490
20
81.999939
70
0
0
VERTEX
8
Layer 1
10
584.103354
20
83.211511
70
0
0
VERTEX
8
Layer 1
10
583.918146
20
87.665333
70
0
0
VERTEX
8
Layer 1
10
583.812312
20
93.486170
70
0
0
VERTEX
8
Layer 1
10
585.858425
20
93.486170
70
0
0
VERTEX
8
Layer 1
10
587.498842
20
93.353878
70
0
0
VERTEX
8
Layer 1
10
588.504260
20
93.062836
70
0
0
VERTEX
8
Layer 1
10
591.608706
20
88.547278
70
0
0
VERTEX
8
Layer 1
10
595.082467
20
83.333881
70
0
0
VERTEX
8
Layer 1
10
596.441902
20
81.642889
70
0
0
VERTEX
8
Layer 1
10
597.702946
20
80.442203
70
0
0
VERTEX
8
Layer 1
10
598.980526
20
79.641701
70
0
0
VERTEX
8
Layer 1
10
600.389571
20
79.151256
70
0
0
VERTEX
8
Layer 1
10
602.045009
20
78.880747
70
0
0
VERTEX
8
Layer 1
10
604.061769
20
78.740050
70
0
0
VERTEX
8
Layer 1
10
607.483716
20
78.563661
70
0
0
VERTEX
8
Layer 1
10
607.483716
20
79.445606
70
0
0
VERTEX
8
Layer 1
10
607.436311
20
79.919100
70
0
0
VERTEX
8
Layer 1
10
607.236771
20
80.217307
70
0
0
VERTEX
8
Layer 1
10
606.037326
20
80.539217
70
0
0
VERTEX
8
Layer 1
10
604.548493
20
80.968063
70
0
0
VERTEX
8
Layer 1
10
603.043123
20
81.879774
70
0
0
VERTEX
8
Layer 1
10
601.438534
20
83.347110
70
0
0
VERTEX
8
Layer 1
10
599.652044
20
85.442832
70
0
0
VERTEX
8
Layer 1
10
595.476035
20
91.096099
70
0
0
VERTEX
8
Layer 1
10
593.733642
20
93.658149
70
0
0
VERTEX
8
Layer 1
10
593.019818
20
94.897282
70
0
0
VERTEX
8
Layer 1
10
594.254541
20
95.743949
70
0
0
VERTEX
8
Layer 1
10
596.029869
20
96.993004
70
0
0
VERTEX
8
Layer 1
10
597.404187
20
98.539715
70
0
0
VERTEX
8
Layer 1
10
598.363440
20
100.298093
70
0
0
VERTEX
8
Layer 1
10
598.893572
20
102.182148
70
0
0
VERTEX
8
Layer 1
10
598.980526
20
104.105890
70
0
0
VERTEX
8
Layer 1
10
598.610247
20
105.983331
70
0
0
VERTEX
8
Layer 1
10
597.768678
20
107.728479
70
0
0
VERTEX
8
Layer 1
10
596.441765
20
109.255347
70
0
0
VERTEX
8
Layer 1
10
595.616939
20
109.907917
70
0
0
VERTEX
8
Layer 1
10
594.744572
20
110.421168
70
0
0
VERTEX
8
Layer 1
10
593.727510
20
110.811222
70
0
0
VERTEX
8
Layer 1
10
592.468602
20
111.094202
70
0
0
VERTEX
8
Layer 1
10
588.836643
20
111.403434
70
0
0
VERTEX
8
Layer 1
10
583.071478
20
111.477848
70
0
0
VERTEX
8
Layer 1
10
575.843939
20
111.380834
70
0
0
VERTEX
8
Layer 1
10
574.851200
20
111.180192
70
0
0
VERTEX
8
Layer 1
10
574.704783
20
111.018685
70
0
0
VERTEX
8
Layer 1
10
574.675362
20
110.807570
70
0
0
VERTEX
8
Layer 1
10
574.675362
20
110.807570
70
0
0
SEQEND
8
Layer 1
0
POLYLINE
8
Layer 1
62
7
70
0
10
0.000000
20
0.000000
66
1
0
VERTEX
8
Layer 1
10
588.786482
20
109.325902
70
0
0
VERTEX
8
Layer 1
10
590.262637
20
108.847998
70
0
0
VERTEX
8
Layer 1
10
591.520511
20
108.095589
70
0
0
VERTEX
8
Layer 1
10
592.566719
20
107.058752
70
0
0
VERTEX
8
Layer 1
10
593.407874
20
105.727567
70
0
0
VERTEX
8
Layer 1
10
593.939797
20
103.953204
70
0
0
VERTEX
8
Layer 1
10
594.064923
20
101.798502
70
0
0
VERTEX
8
Layer 1
10
593.799788
20
99.729789
70
0
0
VERTEX
8
Layer 1
10
593.526041
20
98.873407
70
0
0
VERTEX
8
Layer 1
10
593.160929
20
98.213395
70
0
0
VERTEX
8
Layer 1
10
592.110312
20
96.988043
70
0
0
VERTEX
8
Layer 1
10
590.973706
20
96.242248
70
0
0
VERTEX
8
Layer 1
10
589.440224
20
95.847027
70
0
0
VERTEX
8
Layer 1
10
587.198981
20
95.673394
70
0
0
VERTEX
8
Layer 1
10
583.847590
20
95.532282
70
0
0
VERTEX
8
Layer 1
10
583.847590
20
102.235064
70
0
0
VERTEX
8
Layer 1
10
583.953423
20
107.923610
70
0
0
VERTEX
8
Layer 1
10
584.145246
20
108.932334
70
0
0
VERTEX
8
Layer 1
10
584.482590
20
109.325902
70
0
0
VERTEX
8
Layer 1
10
585.169956
20
109.603715
70
0
0
VERTEX
8
Layer 1
10
586.092140
20
109.696319
70
0
0
VERTEX
8
Layer 1
10
588.786482
20
109.325902
70
0
0
VERTEX
8
Layer 1
10
588.786482
20
109.325902
70
0
0
SEQEND
8
Layer 1
0
POLYLINE
8
Layer 1
62
7
70
0
10
0.000000
20
0.000000
66
1
0
VERTEX
8
Layer 1
10
88.582556
20
59.478371
70
0
0
VERTEX
8
Layer 1
10
87.815264
20
58.890775
70
0
0
VERTEX
8
Layer 1
10
87.259638
20
58.084898
70
0
0
VERTEX
8
Layer 1
10
86.915680
20
57.067354
70
0
0
VERTEX
8
Layer 1
10
86.783388
20
55.844757
70
0
0
VERTEX
8
Layer 1
10
86.809846
20
55.044392
70
0
0
VERTEX
8
Layer 1
10
86.942138
20
54.574757
70
0
0
VERTEX
8
Layer 1
10
87.259638
20
54.316788
70
0
0
VERTEX
8
Layer 1
10
87.841722
20
54.151423
70
0
0
VERTEX
8
Layer 1
10
88.900056
20
53.904478
70
0
0
VERTEX
8
Layer 1
10
87.171444
20
51.928922
70
0
0
VERTEX
8
Layer 1
10
85.356842
20
49.640274
70
0
0
VERTEX
8
Layer 1
10
83.872969
20
47.404544
70
0
0
VERTEX
8
Layer 1
10
82.785972
20
45.340792
70
0
0
VERTEX
8
Layer 1
10
82.161996
20
43.568083
70
0
0
VERTEX
8
Layer 1
10
81.947022
20
42.183981
70
0
0
VERTEX
8
Layer 1
10
82.082621
20
41.279436
70
0
0
VERTEX
8
Layer 1
10
82.628325
20
40.725464
70
0
0
VERTEX
8
Layer 1
10
83.643664
20
40.393081
70
0
0
VERTEX
8
Layer 1
10
84.353630
20
40.102039
70
0
0
VERTEX
8
Layer 1
10
84.560887
20
39.758081
70
0
0
VERTEX
8
Layer 1
10
83.892262
20
38.984174
70
0
0
VERTEX
8
Layer 1
10
82.254600
20
37.482663
70
0
0
VERTEX
8
Layer 1
10
77.011437
20
33.090576
70
0
0
VERTEX
8
Layer 1
10
73.586735
20
29.825175
70
0
0
VERTEX
8
Layer 1
10
69.113620
20
24.853210
70
0
0
VERTEX
8
Layer 1
10
64.356078
20
19.061036
70
0
0
VERTEX
8
Layer 1
10
60.078093
20
13.335008
70
0
0
VERTEX
8
Layer 1
10
58.862525
20
11.786299
70
0
0
VERTEX
8
Layer 1
10
57.550219
20
10.450497
70
0
0
VERTEX
8
Layer 1
10
56.150269
20
9.332149
70
0
0
VERTEX
8
Layer 1
10
54.671771
20
8.435804
70
0
0
VERTEX
8
Layer 1
10
53.123819
20
7.766008
70
0
0
VERTEX
8
Layer 1
10
51.515510
20
7.327309
70
0
0
VERTEX
8
Layer 1
10
49.855937
20
7.124255
70
0
0
VERTEX
8
Layer 1
10
48.154197
20
7.161393
70
0
0
VERTEX
8
Layer 1
10
46.695680
20
7.363069
70
0
0
VERTEX
8
Layer 1
10
45.369456
20
7.690009
70
0
0
VERTEX
8
Layer 1
10
44.145757
20
8.161643
70
0
0
VERTEX
8
Layer 1
10
42.994819
20
8.797401
70
0
0
VERTEX
8
Layer 1
10
41.886875
20
9.616714
70
0
0
VERTEX
8
Layer 1
10
40.792161
20
10.639013
70
0
0
VERTEX
8
Layer 1
10
38.523358
20
13.370286
70
0
0
VERTEX
8
Layer 1
10
33.882122
20
19.270498
70
0
0
VERTEX
8
Layer 1
10
28.910157
20
25.011960
70
0
0
VERTEX
8
Layer 1
10
24.255692
20
29.880297
70
0
0
VERTEX
8
Layer 1
10
22.250094
20
31.763800
70
0
0
VERTEX
8
Layer 1
10
20.566957
20
33.161132
70
0
0
VERTEX
8
Layer 1
10
15.857371
20
36.918218
70
0
0
VERTEX
8
Layer 1
10
14.197110
20
38.389963
70
0
0
VERTEX
8
Layer 1
10
13.476120
20
39.193636
70
0
0
VERTEX
8
Layer 1
10
13.762752
20
39.489087
70
0
0
VERTEX
8
Layer 1
10
14.605009
20
39.863914
70
0
0
VERTEX
8
Layer 1
10
15.309463
20
40.127946
70
0
0
VERTEX
8
Layer 1
10
15.689802
20
40.441588
70
0
0
VERTEX
8
Layer 1
10
15.845244
20
40.960282
70
0
0
VERTEX
8
Layer 1
10
15.875010
20
41.839471
70
0
0
VERTEX
8
Layer 1
10
15.774138
20
42.812297
70
0
0
VERTEX
8
Layer 1
10
15.478135
20
43.893851
70
0
0
VERTEX
8
Layer 1
10
14.340426
20
46.315342
70
0
0
VERTEX
8
Layer 1
10
12.541258
20
48.968342
70
0
0
VERTEX
8
Layer 1
10
10.160006
20
51.717255
70
0
0
VERTEX
8
Layer 1
10
8.748894
20
53.198922
70
0
0
VERTEX
8
Layer 1
10
9.877784
20
53.445867
70
0
0
VERTEX
8
Layer 1
10
10.527667
20
53.616744
70
0
0
VERTEX
8
Layer 1
10
10.843514
20
53.886839
70
0
0
VERTEX
8
Layer 1
10
10.914621
20
54.447977
70
0
0
VERTEX
8
Layer 1
10
10.830285
20
55.491979
70
0
0
VERTEX
8
Layer 1
10
10.716183
20
56.423534
70
0
0
VERTEX
8
Layer 1
10
10.499555
20
57.123578
70
0
0
VERTEX
8
Layer 1
10
10.130792
20
57.704559
70
0
0
VERTEX
8
Layer 1
10
9.560284
20
58.278926
70
0
0
VERTEX
8
Layer 1
10
8.546047
20
58.987789
70
0
0
VERTEX
8
Layer 1
10
7.558269
20
59.213787
70
0
0
VERTEX
8
Layer 1
10
6.504344
20
58.963535
70
0
0
VERTEX
8
Layer 1
10
5.291670
20
58.243648
70
0
0
VERTEX
8
Layer 1
10
3.717398
20
57.291147
70
0
0
VERTEX
8
Layer 1
10
1.905001
20
56.444480
70
0
0
VERTEX
8
Layer 1
10
-0.070556
20
55.633091
70
0
0
VERTEX
8
Layer 1
10
0.141111
20
54.010312
70
0
0
VERTEX
8
Layer 1
10
0.622874
20
52.061765
70
0
0
VERTEX
8
Layer 1
10
1.534584
20
50.090066
70
0
0
VERTEX
8
Layer 1
10
2.869629
20
48.111753
70
0
0
VERTEX
8
Layer 1
10
4.621392
20
46.143362
70
0
0
VERTEX
8
Layer 1
10
6.629470
20
44.070792
70
0
0
VERTEX
8
Layer 1
10
7.174416
20
43.387560
70
0
0
VERTEX
8
Layer 1
10
7.430387
20
42.871346
70
0
0
VERTEX
8
Layer 1
10
7.410198
20
42.470888
70
0
0
VERTEX
8
Layer 1
10
7.126667
20
42.134922
70
0
0
VERTEX
8
Layer 1
10
5.820837
20
41.451415
70
0
0
VERTEX
8
Layer 1
10
3.845280
20
40.604748
70
0
0
VERTEX
8
Layer 1
10
4.409725
20
39.334747
70
0
0
VERTEX
8
Layer 1
10
4.964386
20
38.223290
70
0
0
VERTEX
8
Layer 1
10
5.784457
20
36.951842
70
0
0
VERTEX
8
Layer 1
10
8.078616
20
34.082765
70
0
0
VERTEX
8
Layer 1
10
11.007776
20
31.035093
70
0
0
VERTEX
8
Layer 1
10
14.287509
20
28.116407
70
0
0
VERTEX
8
Layer 1
10
18.032468
20
24.847147
70
0
0
VERTEX
8
Layer 1
10
21.889875
20
21.144631
70
0
0
VERTEX
8
Layer 1
10
25.191656
20
17.673627
70
0
0
VERTEX
8
Layer 1
10
27.269739
20
15.098898
70
0
0
VERTEX
8
Layer 1
10
29.915574
20
11.041951
70
0
0
VERTEX
8
Layer 1
10
31.587411
20
8.858586
70
0
0
VERTEX
8
Layer 1
10
33.712348
20
6.618997
70
0
0
VERTEX
8
Layer 1
10
36.002649
20
4.597690
70
0
0
VERTEX
8
Layer 1
10
38.170580
20
3.069169
70
0
0
VERTEX
8
Layer 1
10
40.739244
20
1.725856
70
0
0
VERTEX
8
Layer 1
10
43.215305
20
0.868716
70
0
0
VERTEX
8
Layer 1
10
45.929491
20
0.415065
70
0
0
VERTEX
8
Layer 1
10
49.212531
20
0.282222
70
0
0
VERTEX
8
Layer 1
10
52.491713
20
0.415065
70
0
0
VERTEX
8
Layer 1
10
55.205347
20
0.868716
70
0
0
VERTEX
8
Layer 1
10
57.700700
20
1.725856
70
0
0
VERTEX
8
Layer 1
10
60.325038
20
3.069169
70
0
0
VERTEX
8
Layer 1
10
62.734953
20
4.804395
70
0
0
VERTEX
8
Layer 1
10
65.369763
20
7.214310
70
0
0
VERTEX
8
Layer 1
10
67.766449
20
9.835892
70
0
0
VERTEX
8
Layer 1
10
69.461988
20
12.206119
70
0
0
VERTEX
8
Layer 1
10
71.931434
20
16.227788
70
0
0
VERTEX
8
Layer 1
10
74.174882
20
18.964574
70
0
0
VERTEX
8
Layer 1
10
77.787549
20
22.776230
70
0
0
VERTEX
8
Layer 1
10
81.744175
20
26.620959
70
0
0
VERTEX
8
Layer 1
10
85.019498
20
29.456963
70
0
0
VERTEX
8
Layer 1
10
88.427113
20
32.294070
70
0
0
VERTEX
8
Layer 1
10
91.060821
20
34.955890
70
0
0
VERTEX
8
Layer 1
10
92.887550
20
37.399429
70
0
0
VERTEX
8
Layer 1
10
93.487961
20
38.525907
70
0
0
VERTEX
8
Layer 1
10
93.874226
20
39.581692
70
0
0
VERTEX
8
Layer 1
10
94.058332
20
40.611914
70
0
0
VERTEX
8
Layer 1
10
93.891865
20
41.288255
70
0
0
VERTEX
8
Layer 1
10
93.249147
20
41.799232
70
0
0
VERTEX
8
Layer 1
10
92.004502
20
42.333360
70
0
0
VERTEX
8
Layer 1
10
90.932939
20
42.822839
70
0
0
VERTEX
8
Layer 1
10
90.417001
20
43.285861
70
0
0
VERTEX
8
Layer 1
10
91.104918
20
44.410340
70
0
0
VERTEX
8
Layer 1
10
92.957003
20
46.566696
70
0
0
VERTEX
8
Layer 1
10
94.932560
20
48.875187
70
0
0
VERTEX
8
Layer 1
10
96.326033
20
51.011699
70
0
0
VERTEX
8
Layer 1
10
97.163881
20
53.015919
70
0
0
VERTEX
8
Layer 1
10
97.472561
20
54.927535
70
0
0
VERTEX
8
Layer 1
10
97.543117
20
56.550313
70
0
0
VERTEX
8
Layer 1
10
95.497005
20
57.361703
70
0
0
VERTEX
8
Layer 1
10
93.675788
20
58.212780
70
0
0
VERTEX
8
Layer 1
10
92.251447
20
59.090315
70
0
0
VERTEX
8
Layer 1
10
91.306112
20
59.666887
70
0
0
VERTEX
8
Layer 1
10
90.403772
20
59.919343
70
0
0
VERTEX
8
Layer 1
10
89.508047
20
59.854300
70
0
0
VERTEX
8
Layer 1
10
88.582556
20
59.478371
70
0
0
VERTEX
8
Layer 1
10
88.582556
20
59.478371
70
0
0
SEQEND
8
Layer 1
0
POLYLINE
8
Layer 1
62
7
70
0
10
0.000000
20
0.000000
66
1
0
VERTEX
8
Layer 1
10
91.016724
20
58.490592
70
0
0
VERTEX
8
Layer 1
10
90.809467
20
57.211772
70
0
0
VERTEX
8
Layer 1
10
90.311168
20
55.774202
70
0
0
VERTEX
8
Layer 1
10
89.908229
20
54.960608
70
0
0
VERTEX
8
Layer 1
10
89.574744
20
54.530659
70
0
0
VERTEX
8
Layer 1
10
89.194956
20
54.404982
70
0
0
VERTEX
8
Layer 1
10
88.653111
20
54.504201
70
0
0
VERTEX
8
Layer 1
10
87.808098
20
54.764926
70
0
0
VERTEX
8
Layer 1
10
87.343423
20
55.134792
70
0
0
VERTEX
8
Layer 1
10
87.189634
20
55.709710
70
0
0
VERTEX
8
Layer 1
10
87.277277
20
56.585591
70
0
0
VERTEX
8
Layer 1
10
87.702264
20
57.625184
70
0
0
VERTEX
8
Layer 1
10
88.481132
20
58.605245
70
0
0
VERTEX
8
Layer 1
10
89.425364
20
59.333952
70
0
0
VERTEX
8
Layer 1
10
90.346446
20
59.619482
70
0
0
VERTEX
8
Layer 1
10
90.674419
20
59.567117
70
0
0
VERTEX
8
Layer 1
10
90.880023
20
59.385767
70
0
0
VERTEX
8
Layer 1
10
91.016724
20
58.490592
70
0
0
VERTEX
8
Layer 1
10
91.016724
20
58.490592
70
0
0
SEQEND
8
Layer 1
0
POLYLINE
8
Layer 1
62
7
70
0
10
0.000000
20
0.000000
66
1
0
VERTEX
8
Layer 1
10
9.278061
20
57.961425
70
0
0
VERTEX
8
Layer 1
10
9.855184
20
57.130192
70
0
0
VERTEX
8
Layer 1
10
10.296708
20
56.021146
70
0
0
VERTEX
8
Layer 1
10
10.493492
20
54.965017
70
0
0
VERTEX
8
Layer 1
10
10.336395
20
54.292534
70
0
0
VERTEX
8
Layer 1
10
9.816048
20
54.027951
70
0
0
VERTEX
8
Layer 1
10
9.031117
20
53.869201
70
0
0
VERTEX
8
Layer 1
10
8.504155
20
53.882430
70
0
0
VERTEX
8
Layer 1
10
8.096255
20
54.054409
70
0
0
VERTEX
8
Layer 1
10
7.373060
20
55.033368
70
0
0
VERTEX
8
Layer 1
10
6.905629
20
56.294549
70
0
0
VERTEX
8
Layer 1
10
6.702782
20
57.608647
70
0
0
VERTEX
8
Layer 1
10
6.723177
20
58.385310
70
0
0
VERTEX
8
Layer 1
10
6.839483
20
58.768405
70
0
0
VERTEX
8
Layer 1
10
7.134384
20
58.853843
70
0
0
VERTEX
8
Layer 1
10
7.690560
20
58.737537
70
0
0
VERTEX
8
Layer 1
10
8.550457
20
58.415627
70
0
0
VERTEX
8
Layer 1
10
9.278061
20
57.961425
70
0
0
VERTEX
8
Layer 1
10
9.278061
20
57.961425
70
0
0
SEQEND
8
Layer 1
0
POLYLINE
8
Layer 1
62
7
70
0
10
0.000000
20
0.000000
66
1
0
VERTEX
8
Layer 1
10
96.696450
20
56.338647
70
0
0
VERTEX
8
Layer 1
10
96.983633
20
56.171628
70
0
0
VERTEX
8
Layer 1
10
97.115374
20
55.875625
70
0
0
VERTEX
8
Layer 1
10
96.978672
20
54.539479
70
0
0
VERTEX
8
Layer 1
10
96.467695
20
52.700072
70
0
0
VERTEX
8
Layer 1
10
95.616067
20
50.857358
70
0
0
VERTEX
8
Layer 1
10
94.493241
20
49.127093
70
0
0
VERTEX
8
Layer 1
10
93.168670
20
47.625030
70
0
0
VERTEX
8
Layer 1
10
91.744329
20
46.134543
70
0
0
VERTEX
8
Layer 1
10
90.663946
20
44.802806
70
0
0
VERTEX
8
Layer 1
10
89.746723
20
43.426972
70
0
0
VERTEX
8
Layer 1
10
89.301341
20
43.607771
70
0
0
VERTEX
8
Layer 1
10
88.406167
20
44.238361
70
0
0
VERTEX
8
Layer 1
10
87.352243
20
44.882181
70
0
0
VERTEX
8
Layer 1
10
86.536443
20
45.155584
70
0
0
VERTEX
8
Layer 1
10
85.817107
20
44.991873
70
0
0
VERTEX
8
Layer 1
10
85.094463
20
44.586729
70
0
0
VERTEX
8
Layer 1
10
84.537184
20
44.069138
70
0
0
VERTEX
8
Layer 1
10
84.313942
20
43.568083
70
0
0
VERTEX
8
Layer 1
10
84.058178
20
42.919853
70
0
0
VERTEX
8
Layer 1
10
83.431997
20
42.086415
70
0
0
VERTEX
8
Layer 1
10
82.585330
20
41.098637
70
0
0
VERTEX
8
Layer 1
10
82.550052
20
42.333360
70
0
0
VERTEX
8
Layer 1
10
82.845504
20
43.823847
70
0
0
VERTEX
8
Layer 1
10
83.537830
20
45.684751
70
0
0
VERTEX
8
Layer 1
10
84.661759
20
47.595264
70
0
0
VERTEX
8
Layer 1
10
86.311547
20
49.935726
70
0
0
VERTEX
8
Layer 1
10
88.126700
20
52.223271
70
0
0
VERTEX
8
Layer 1
10
89.746723
20
53.975034
70
0
0
VERTEX
8
Layer 1
10
90.566932
20
55.117153
70
0
0
VERTEX
8
Layer 1
10
91.228391
20
56.656147
70
0
0
VERTEX
8
Layer 1
10
91.757558
20
58.490592
70
0
0
VERTEX
8
Layer 1
10
93.944781
20
57.502814
70
0
0
VERTEX
8
Layer 1
10
96.696450
20
56.338647
70
0
0
VERTEX
8
Layer 1
10
96.696450
20
56.338647
70
0
0
SEQEND
8
Layer 1
0
POLYLINE
8
Layer 1
62
7
70
0
10
0.000000
20
0.000000
66
1
0
VERTEX
8
Layer 1
10
6.279448
20
56.268091
70
0
0
VERTEX
8
Layer 1
10
6.620100
20
55.394414
70
0
0
VERTEX
8
Layer 1
10
7.205491
20
54.411597
70
0
0
VERTEX
8
Layer 1
10
9.348617
20
51.787810
70
0
0
VERTEX
8
Layer 1
10
11.441032
20
49.389471
70
0
0
VERTEX
8
Layer 1
10
13.070425
20
47.259023
70
0
0
VERTEX
8
Layer 1
10
14.250026
20
45.373314
70
0
0
VERTEX
8
Layer 1
10
14.993065
20
43.709194
70
0
0
VERTEX
8
Layer 1
10
15.479788
20
41.878056
70
0
0
VERTEX
8
Layer 1
10
15.492260
20
41.331663
70
0
0
VERTEX
8
Layer 1
10
15.367892
20
41.045720
70
0
0
VERTEX
8
Layer 1
10
15.119500
20
41.030975
70
0
0
VERTEX
8
Layer 1
10
14.759901
20
41.298177
70
0
0
VERTEX
8
Layer 1
10
13.758342
20
42.721416
70
0
0
VERTEX
8
Layer 1
10
12.885768
20
43.874559
70
0
0
VERTEX
8
Layer 1
10
12.435631
20
44.207218
70
0
0
VERTEX
8
Layer 1
10
11.963584
20
44.379472
70
0
0
VERTEX
8
Layer 1
10
11.460117
20
44.392977
70
0
0
VERTEX
8
Layer 1
10
10.915723
20
44.249386
70
0
0
VERTEX
8
Layer 1
10
9.666117
20
43.497527
70
0
0
VERTEX
8
Layer 1
10
8.360839
20
42.509749
70
0
0
VERTEX
8
Layer 1
10
7.796394
20
43.391694
70
0
0
VERTEX
8
Layer 1
10
6.760108
20
44.666105
70
0
0
VERTEX
8
Layer 1
10
5.009448
20
46.496140
70
0
0
VERTEX
8
Layer 1
10
3.388322
20
48.361454
70
0
0
VERTEX
8
Layer 1
10
2.041703
20
50.385518
70
0
0
VERTEX
8
Layer 1
10
1.085344
20
52.369894
70
0
0
VERTEX
8
Layer 1
10
0.635000
20
54.116145
70
0
0
VERTEX
8
Layer 1
10
0.642166
20
54.713112
70
0
0
VERTEX
8
Layer 1
10
0.930452
20
55.187708
70
0
0
VERTEX
8
Layer 1
10
1.661915
20
55.708607
70
0
0
VERTEX
8
Layer 1
10
2.998613
20
56.444480
70
0
0
VERTEX
8
Layer 1
10
5.644448
20
57.820314
70
0
0
VERTEX
8
Layer 1
10
5.909031
20
57.374932
70
0
0
VERTEX
8
Layer 1
10
6.279448
20
56.268091
70
0
0
VERTEX
8
Layer 1
10
6.279448
20
56.268091
70
0
0
SEQEND
8
Layer 1
0
POLYLINE
8
Layer 1
62
7
70
0
10
0.000000
20
0.000000
66
1
0
VERTEX
8
Layer 1
10
87.065610
20
43.885583
70
0
0
VERTEX
8
Layer 1
10
86.889773
20
43.041672
70
0
0
VERTEX
8
Layer 1
10
86.346825
20
42.002631
70
0
0
VERTEX
8
Layer 1
10
85.651742
20
41.102496
70
0
0
VERTEX
8
Layer 1
10
85.019498
20
40.675303
70
0
0
VERTEX
8
Layer 1
10
84.279767
20
40.664830
70
0
0
VERTEX
8
Layer 1
10
83.917067
20
40.988394
70
0
0
VERTEX
8
Layer 1
10
83.938013
20
41.622843
70
0
0
VERTEX
8
Layer 1
10
84.349220
20
42.545027
70
0
0
VERTEX
8
Layer 1
10
85.279672
20
43.920310
70
0
0
VERTEX
8
Layer 1
10
86.104290
20
44.630827
70
0
0
VERTEX
8
Layer 1
10
86.447973
20
44.723362
70
0
0
VERTEX
8
Layer 1
10
86.730471
20
44.633583
70
0
0
VERTEX
8
Layer 1
10
86.940209
20
44.356115
70
0
0
VERTEX
8
Layer 1
10
87.065610
20
43.885583
70
0
0
VERTEX
8
Layer 1
10
87.065610
20
43.885583
70
0
0
SEQEND
8
Layer 1
0
POLYLINE
8
Layer 1
62
7
70
0
10
0.000000
20
0.000000
66
1
0
VERTEX
8
Layer 1
10
12.382508
20
43.744472
70
0
0
VERTEX
8
Layer 1
10
12.849939
20
43.334368
70
0
0
VERTEX
8
Layer 1
10
13.052786
20
42.897805
70
0
0
VERTEX
8
Layer 1
10
13.277682
20
42.298082
70
0
0
VERTEX
8
Layer 1
10
13.793620
20
41.486693
70
0
0
VERTEX
8
Layer 1
10
14.245617
20
40.864370
70
0
0
VERTEX
8
Layer 1
10
14.366884
20
40.503324
70
0
0
VERTEX
8
Layer 1
10
14.130964
20
40.281184
70
0
0
VERTEX
8
Layer 1
10
13.511397
20
40.075581
70
0
0
VERTEX
8
Layer 1
10
13.098537
20
40.021010
70
0
0
VERTEX
8
Layer 1
10
12.722057
20
40.141727
70
0
0
VERTEX
8
Layer 1
10
11.853341
20
41.028081
70
0
0
VERTEX
8
Layer 1
10
11.284486
20
42.013655
70
0
0
VERTEX
8
Layer 1
10
10.980215
20
43.012458
70
0
0
VERTEX
8
Layer 1
10
10.980215
20
43.786364
70
0
0
VERTEX
8
Layer 1
10
11.106719
20
44.014568
70
0
0
VERTEX
8
Layer 1
10
11.324174
20
44.097250
70
0
0
VERTEX
8
Layer 1
10
12.382508
20
43.744472
70
0
0
VERTEX
8
Layer 1
10
12.382508
20
43.744472
70
0
0
SEQEND
8
Layer 1
0
POLYLINE
8
Layer 1
62
7
70
0
10
0.000000
20
0.000000
66
1
0
VERTEX
8
Layer 1
10
93.486170
20
40.393081
70
0
0
VERTEX
8
Layer 1
10
93.321770
20
39.504866
70
0
0
VERTEX
8
Layer 1
10
92.839043
20
38.440124
70
0
0
VERTEX
8
Layer 1
10
92.053698
20
37.217459
70
0
0
VERTEX
8
Layer 1
10
90.981446
20
35.855474
70
0
0
VERTEX
8
Layer 1
10
88.039057
20
32.787959
70
0
0
VERTEX
8
Layer 1
10
84.137553
20
29.386407
70
0
0
VERTEX
8
Layer 1
10
80.432833
20
26.161796
70
0
0
VERTEX
8
Layer 1
10
76.671889
20
22.480778
70
0
0
VERTEX
8
Layer 1
10
73.407038
20
18.918823
70
0
0
VERTEX
8
Layer 1
10
71.190600
20
16.051399
70
0
0
VERTEX
8
Layer 1
10
68.368376
20
11.641674
70
0
0
VERTEX
8
Layer 1
10
67.291852
20
10.129069
70
0
0
VERTEX
8
Layer 1
10
66.020198
20
8.629281
70
0
0
VERTEX
8
Layer 1
10
63.050248
20
5.798788
70
0
0
VERTEX
8
Layer 1
10
59.776027
20
3.411474
70
0
0
VERTEX
8
Layer 1
10
58.124034
20
2.465656
70
0
0
VERTEX
8
Layer 1
10
56.515036
20
1.728612
70
0
0
VERTEX
8
Layer 1
10
55.281415
20
1.357231
70
0
0
VERTEX
8
Layer 1
10
53.736909
20
1.066051
70
0
0
VERTEX
8
Layer 1
10
50.112115
20
0.740834
70
0
0
VERTEX
8
Layer 1
10
46.434404
20
0.786033
70
0
0
VERTEX
8
Layer 1
10
44.823752
20
0.957875
70
0
0
VERTEX
8
Layer 1
10
43.497527
20
1.234723
70
0
0
VERTEX
8
Layer 1
10
41.684373
20
1.883297
70
0
0
VERTEX
8
Layer 1
10
39.840212
20
2.778678
70
0
0
VERTEX
8
Layer 1
10
38.000185
20
3.893167
70
0
0
VERTEX
8
Layer 1
10
36.199433
20
5.199066
70
0
0
VERTEX
8
Layer 1
10
34.473094
20
6.668676
70
0
0
VERTEX
8
Layer 1
10
32.856310
20
8.274298
70
0
0
VERTEX
8
Layer 1
10
31.384220
20
9.988234
70
0
0
VERTEX
8
Layer 1
10
30.091963
20
11.782785
70
0
0
VERTEX
8
Layer 1
10
27.551962
20
15.698621
70
0
0
VERTEX
8
Layer 1
10
25.740116
20
17.939313
70
0
0
VERTEX
8
Layer 1
10
22.846785
20
21.003520
70
0
0
VERTEX
8
Layer 1
10
19.430902
20
24.325697
70
0
0
VERTEX
8
Layer 1
10
16.051399
20
27.340295
70
0
0
VERTEX
8
Layer 1
10
13.043967
20
29.962428
70
0
0
VERTEX
8
Layer 1
10
10.459868
20
32.442347
70
0
0
VERTEX
8
Layer 1
10
8.272644
20
34.796589
70
0
0
VERTEX
8
Layer 1
10
6.455837
20
37.041690
70
0
0
VERTEX
8
Layer 1
10
5.181978
20
38.854087
70
0
0
VERTEX
8
Layer 1
10
4.890041
20
39.467590
70
0
0
VERTEX
8
Layer 1
10
4.837468
20
39.952108
70
0
0
VERTEX
8
Layer 1
10
5.031290
20
40.357252
70
0
0
VERTEX
8
Layer 1
10
5.478532
20
40.732630
70
0
0
VERTEX
8
Layer 1
10
7.161393
20
41.592526
70
0
0
VERTEX
8
Layer 1
10
9.913062
20
42.933083
70
0
0
VERTEX
8
Layer 1
10
10.212923
20
42.686138
70
0
0
VERTEX
8
Layer 1
10
10.618618
20
41.910026
70
0
0
VERTEX
8
Layer 1
10
11.643328
20
40.366623
70
0
0
VERTEX
8
Layer 1
10
13.577543
20
38.294052
70
0
0
VERTEX
8
Layer 1
10
16.140145
20
35.956898
70
0
0
VERTEX
8
Layer 1
10
19.050012
20
33.619743
70
0
0
VERTEX
8
Layer 1
10
22.872141
20
30.392927
70
0
0
VERTEX
8
Layer 1
10
27.137448
20
26.114391
70
0
0
VERTEX
8
Layer 1
10
31.839317
20
20.790751
70
0
0
VERTEX
8
Layer 1
10
36.971134
20
14.428620
70
0
0
VERTEX
8
Layer 1
10
39.312698
20
11.513792
70
0
0
VERTEX
8
Layer 1
10
40.992804
20
9.630839
70
0
0
VERTEX
8
Layer 1
10
42.419901
20
8.514628
70
0
0
VERTEX
8
Layer 1
10
44.128118
20
7.659692
70
0
0
VERTEX
8
Layer 1
10
46.067846
20
7.075955
70
0
0
VERTEX
8
Layer 1
10
48.189475
20
6.773338
70
0
0
VERTEX
8
Layer 1
10
50.209542
20
6.746190
70
0
0
VERTEX
8
Layer 1
10
52.040267
20
6.946419
70
0
0
VERTEX
8
Layer 1
10
53.727125
20
7.399656
70
0
0
VERTEX
8
Layer 1
10
55.315590
20
8.131533
70
0
0
VERTEX
8
Layer 1
10
56.851139
20
9.167680
70
0
0
VERTEX
8
Layer 1
10
58.379247
20
10.533731
70
0
0
VERTEX
8
Layer 1
10
59.945388
20
12.255315
70
0
0
VERTEX
8
Layer 1
10
61.595039
20
14.358065
70
0
0
VERTEX
8
Layer 1
10
66.704808
20
21.048720
70
0
0
VERTEX
8
Layer 1
10
71.225878
20
26.502447
70
0
0
VERTEX
8
Layer 1
10
75.138407
20
30.699403
70
0
0
VERTEX
8
Layer 1
10
78.422549
20
33.619743
70
0
0
VERTEX
8
Layer 1
10
81.361631
20
35.984458
70
0
0
VERTEX
8
Layer 1
10
83.943525
20
38.329330
70
0
0
VERTEX
8
Layer 1
10
85.943335
20
40.436076
70
0
0
VERTEX
8
Layer 1
10
87.136166
20
42.086415
70
0
0
VERTEX
8
Layer 1
10
87.947555
20
43.638639
70
0
0
VERTEX
8
Layer 1
10
90.734502
20
42.368638
70
0
0
VERTEX
8
Layer 1
10
92.904086
20
41.235338
70
0
0
VERTEX
8
Layer 1
10
93.353878
20
40.805942
70
0
0
VERTEX
8
Layer 1
10
93.486170
20
40.393081
70
0
0
VERTEX
8
Layer 1
10
93.486170
20
40.393081
70
0
0
SEQEND
8
Layer 1
0
POLYLINE
8
Layer 1
62
7
70
0
10
0.000000
20
0.000000
66
1
0
VERTEX
8
Layer 1
10
83.396719
20
35.948078
70
0
0
VERTEX
8
Layer 1
10
83.072604
20
35.527501
70
0
0
VERTEX
8
Layer 1
10
83.052761
20
35.149918
70
0
0
VERTEX
8
Layer 1
10
83.416563
20
34.633429
70
0
0
VERTEX
8
Layer 1
10
84.243386
20
33.796132
70
0
0
VERTEX
8
Layer 1
10
85.081234
20
32.964899
70
0
0
VERTEX
8
Layer 1
10
85.601582
20
32.596687
70
0
0
VERTEX
8
Layer 1
10
85.989638
20
32.625350
70
0
0
VERTEX
8
Layer 1
10
86.430610
20
32.984743
70
0
0
VERTEX
8
Layer 1
10
86.928909
20
33.597695
70
0
0
VERTEX
8
Layer 1
10
87.136166
20
34.184188
70
0
0
VERTEX
8
Layer 1
10
87.086005
20
34.428928
70
0
0
VERTEX
8
Layer 1
10
86.973006
20
34.475230
70
0
0
VERTEX
8
Layer 1
10
86.465888
20
33.972521
70
0
0
VERTEX
8
Layer 1
10
85.888214
20
33.460993
70
0
0
VERTEX
8
Layer 1
10
85.657254
20
33.446662
70
0
0
VERTEX
8
Layer 1
10
85.442832
20
33.584466
70
0
0
VERTEX
8
Layer 1
10
85.204706
20
34.012209
70
0
0
VERTEX
8
Layer 1
10
85.442832
20
34.466411
70
0
0
VERTEX
8
Layer 1
10
85.652845
20
34.885886
70
0
0
VERTEX
8
Layer 1
10
85.588353
20
35.149918
70
0
0
VERTEX
8
Layer 1
10
85.318808
20
35.195669
70
0
0
VERTEX
8
Layer 1
10
84.913665
20
34.960300
70
0
0
VERTEX
8
Layer 1
10
84.428595
20
34.748633
70
0
0
VERTEX
8
Layer 1
10
83.996442
20
35.066133
70
0
0
VERTEX
8
Layer 1
10
83.767136
20
35.529154
70
0
0
VERTEX
8
Layer 1
10
84.172831
20
35.912800
70
0
0
VERTEX
8
Layer 1
10
84.481512
20
36.203842
70
0
0
VERTEX
8
Layer 1
10
84.419775
20
36.441967
70
0
0
VERTEX
8
Layer 1
10
83.961164
20
36.393460
70
0
0
VERTEX
8
Layer 1
10
83.396719
20
35.948078
70
0
0
VERTEX
8
Layer 1
10
83.396719
20
35.948078
70
0
0
SEQEND
8
Layer 1
0
POLYLINE
8
Layer 1
62
7
70
0
10
0.000000
20
0.000000
66
1
0
VERTEX
8
Layer 1
10
80.680329
20
33.302243
70
0
0
VERTEX
8
Layer 1
10
80.825850
20
32.777486
70
0
0
VERTEX
8
Layer 1
10
81.526996
20
31.855853
70
0
0
VERTEX
8
Layer 1
10
82.168611
20
30.978318
70
0
0
VERTEX
8
Layer 1
10
82.400121
20
30.338908
70
0
0
VERTEX
8
Layer 1
10
82.221527
20
29.911165
70
0
0
VERTEX
8
Layer 1
10
81.632829
20
29.668630
70
0
0
VERTEX
8
Layer 1
10
80.918454
20
29.889116
70
0
0
VERTEX
8
Layer 1
10
80.045328
20
30.691686
70
0
0
VERTEX
8
Layer 1
10
79.238349
20
31.436930
70
0
0
VERTEX
8
Layer 1
10
78.669494
20
31.573631
70
0
0
VERTEX
8
Layer 1
10
78.571860
20
31.358657
70
0
0
VERTEX
8
Layer 1
10
78.695401
20
31.011391
70
0
0
VERTEX
8
Layer 1
10
79.405918
20
30.118422
70
0
0
VERTEX
8
Layer 1
10
80.400862
20
29.291598
70
0
0
VERTEX
8
Layer 1
10
81.280051
20
28.927796
70
0
0
VERTEX
8
Layer 1
10
82.060573
20
29.161511
70
0
0
VERTEX
8
Layer 1
10
82.867552
20
29.633352
70
0
0
VERTEX
8
Layer 1
10
83.678942
20
30.338908
70
0
0
VERTEX
8
Layer 1
10
82.373663
20
31.926409
70
0
0
VERTEX
8
Layer 1
10
81.130121
20
33.381618
70
0
0
VERTEX
8
Layer 1
10
80.885381
20
33.464301
70
0
0
VERTEX
8
Layer 1
10
80.680329
20
33.302243
70
0
0
VERTEX
8
Layer 1
10
80.680329
20
33.302243
70
0
0
SEQEND
8
Layer 1
0
POLYLINE
8
Layer 1
62
7
70
0
10
0.000000
20
0.000000
66
1
0
VERTEX
8
Layer 1
10
19.402790
20
28.469185
70
0
0
VERTEX
8
Layer 1
10
19.348220
20
27.601571
70
0
0
VERTEX
8
Layer 1
10
19.177894
20
27.110989
70
0
0
VERTEX
8
Layer 1
10
18.881891
20
26.990824
70
0
0
VERTEX
8
Layer 1
10
18.450289
20
27.234462
70
0
0
VERTEX
8
Layer 1
10
18.040185
20
27.437309
70
0
0
VERTEX
8
Layer 1
10
17.709456
20
27.375573
70
0
0
VERTEX
8
Layer 1
10
17.730953
20
27.024448
70
0
0
VERTEX
8
Layer 1
10
18.172477
20
26.603871
70
0
0
VERTEX
8
Layer 1
10
18.805823
20
26.269283
70
0
0
VERTEX
8
Layer 1
10
19.402790
20
26.176128
70
0
0
VERTEX
8
Layer 1
10
19.812894
20
26.559774
70
0
0
VERTEX
8
Layer 1
10
20.037790
20
27.340295
70
0
0
VERTEX
8
Layer 1
10
20.364110
20
29.051268
70
0
0
VERTEX
8
Layer 1
10
20.613260
20
29.175843
70
0
0
VERTEX
8
Layer 1
10
20.955013
20
28.857240
70
0
0
VERTEX
8
Layer 1
10
21.343069
20
28.478004
70
0
0
VERTEX
8
Layer 1
10
21.625291
20
28.469185
70
0
0
VERTEX
8
Layer 1
10
21.707974
20
28.814797
70
0
0
VERTEX
8
Layer 1
10
21.413625
20
29.196789
70
0
0
VERTEX
8
Layer 1
10
20.881150
20
29.506021
70
0
0
VERTEX
8
Layer 1
10
20.249457
20
29.633352
70
0
0
VERTEX
8
Layer 1
10
19.804626
20
29.590357
70
0
0
VERTEX
8
Layer 1
10
19.548311
20
29.421685
70
0
0
VERTEX
8
Layer 1
10
19.402790
20
28.469185
70
0
0
VERTEX
8
Layer 1
10
19.402790
20
28.469185
70
0
0
SEQEND
8
Layer 1
0
POLYLINE
8
Layer 1
62
7
70
0
10
0.000000
20
0.000000
66
1
0
VERTEX
8
Layer 1
10
76.094215
20
29.386407
70
0
0
VERTEX
8
Layer 1
10
76.195638
20
28.910157
70
0
0
VERTEX
8
Layer 1
10
76.799771
20
28.116407
70
0
0
VERTEX
8
Layer 1
10
77.787549
20
27.093350
70
0
0
VERTEX
8
Layer 1
10
75.988381
20
27.340295
70
0
0
VERTEX
8
Layer 1
10
74.564040
20
27.415260
70
0
0
VERTEX
8
Layer 1
10
73.906991
20
27.199184
70
0
0
VERTEX
8
Layer 1
10
73.880533
20
26.925781
70
0
0
VERTEX
8
Layer 1
10
74.118658
20
26.811128
70
0
0
VERTEX
8
Layer 1
10
74.749248
20
26.423072
70
0
0
VERTEX
8
Layer 1
10
75.670881
20
25.505849
70
0
0
VERTEX
8
Layer 1
10
76.566055
20
24.632724
70
0
0
VERTEX
8
Layer 1
10
76.906155
20
24.434286
70
0
0
VERTEX
8
Layer 1
10
77.117271
20
24.447515
70
0
0
VERTEX
8
Layer 1
10
77.055535
20
24.897307
70
0
0
VERTEX
8
Layer 1
10
76.517548
20
25.611683
70
0
0
VERTEX
8
Layer 1
10
75.670881
20
26.564183
70
0
0
VERTEX
8
Layer 1
10
77.328938
20
26.317239
70
0
0
VERTEX
8
Layer 1
10
78.519563
20
26.229044
70
0
0
VERTEX
8
Layer 1
10
79.128105
20
26.352517
70
0
0
VERTEX
8
Layer 1
10
78.859112
20
27.000746
70
0
0
VERTEX
8
Layer 1
10
77.928660
20
28.151684
70
0
0
VERTEX
8
Layer 1
10
76.574875
20
29.509880
70
0
0
VERTEX
8
Layer 1
10
76.316354
20
29.570513
70
0
0
VERTEX
8
Layer 1
10
76.094215
20
29.386407
70
0
0
VERTEX
8
Layer 1
10
76.094215
20
29.386407
70
0
0
SEQEND
8
Layer 1
0
POLYLINE
8
Layer 1
62
7
70
0
10
0.000000
20
0.000000
66
1
0
VERTEX
8
Layer 1
10
22.119181
20
25.823350
70
0
0
VERTEX
8
Layer 1
10
21.674350
20
25.118345
70
0
0
VERTEX
8
Layer 1
10
21.550326
20
24.363731
70
0
0
VERTEX
8
Layer 1
10
21.737188
20
23.615731
70
0
0
VERTEX
8
Layer 1
10
22.225014
20
22.930570
70
0
0
VERTEX
8
Layer 1
10
23.115778
20
22.277931
70
0
0
VERTEX
8
Layer 1
10
23.445405
20
22.275726
70
0
0
VERTEX
8
Layer 1
10
23.741959
20
22.471959
70
0
0
VERTEX
8
Layer 1
10
23.689043
20
22.732132
70
0
0
VERTEX
8
Layer 1
10
23.212792
20
23.071681
70
0
0
VERTEX
8
Layer 1
10
22.605904
20
23.540214
70
0
0
VERTEX
8
Layer 1
10
22.326438
20
24.121196
70
0
0
VERTEX
8
Layer 1
10
22.384315
20
24.768323
70
0
0
VERTEX
8
Layer 1
10
22.789459
20
25.435294
70
0
0
VERTEX
8
Layer 1
10
23.309255
20
25.909890
70
0
0
VERTEX
8
Layer 1
10
23.772827
20
26.057065
70
0
0
VERTEX
8
Layer 1
10
24.282702
20
25.866896
70
0
0
VERTEX
8
Layer 1
10
24.941405
20
25.329460
70
0
0
VERTEX
8
Layer 1
10
25.571995
20
24.848800
70
0
0
VERTEX
8
Layer 1
10
25.710350
20
24.878015
70
0
0
VERTEX
8
Layer 1
10
25.752794
20
25.082516
70
0
0
VERTEX
8
Layer 1
10
25.640070
20
25.567241
70
0
0
VERTEX
8
Layer 1
10
25.333870
20
25.957295
70
0
0
VERTEX
8
Layer 1
10
24.332863
20
26.418662
70
0
0
VERTEX
8
Layer 1
10
23.133417
20
26.397165
70
0
0
VERTEX
8
Layer 1
10
22.579170
20
26.183638
70
0
0
VERTEX
8
Layer 1
10
22.119181
20
25.823350
70
0
0
VERTEX
8
Layer 1
10
22.119181
20
25.823350
70
0
0
SEQEND
8
Layer 1
0
POLYLINE
8
Layer 1
62
7
70
0
10
0.000000
20
0.000000
66
1
0
VERTEX
8
Layer 1
10
71.331712
20
24.588627
70
0
0
VERTEX
8
Layer 1
10
70.555600
20
23.777237
70
0
0
VERTEX
8
Layer 1
10
72.072545
20
22.295570
70
0
0
VERTEX
8
Layer 1
10
73.589491
20
20.813902
70
0
0
VERTEX
8
Layer 1
10
74.330325
20
21.590014
70
0
0
VERTEX
8
Layer 1
10
74.784526
20
22.304389
70
0
0
VERTEX
8
Layer 1
10
74.894769
20
22.860014
70
0
0
VERTEX
8
Layer 1
10
74.634596
20
23.067271
70
0
0
VERTEX
8
Layer 1
10
74.189213
20
22.613070
70
0
0
VERTEX
8
Layer 1
10
73.718475
20
22.121385
70
0
0
VERTEX
8
Layer 1
10
73.360185
20
22.092722
70
0
0
VERTEX
8
Layer 1
10
73.187103
20
22.474163
70
0
0
VERTEX
8
Layer 1
10
73.271991
20
23.212792
70
0
0
VERTEX
8
Layer 1
10
73.369005
20
23.944807
70
0
0
VERTEX
8
Layer 1
10
72.883935
20
23.671404
70
0
0
VERTEX
8
Layer 1
10
72.304056
20
23.406820
70
0
0
VERTEX
8
Layer 1
10
71.869698
20
23.539112
70
0
0
VERTEX
8
Layer 1
10
71.713153
20
23.949216
70
0
0
VERTEX
8
Layer 1
10
71.966712
20
24.518071
70
0
0
VERTEX
8
Layer 1
10
72.294134
20
25.025189
70
0
0
VERTEX
8
Layer 1
10
72.231296
20
25.214808
70
0
0
VERTEX
8
Layer 1
10
71.877415
20
25.073696
70
0
0
VERTEX
8
Layer 1
10
71.331712
20
24.588627
70
0
0
VERTEX
8
Layer 1
10
71.331712
20
24.588627
70
0
0
SEQEND
8
Layer 1
0
POLYLINE
8
Layer 1
62
7
70
0
10
0.000000
20
0.000000
66
1
0
VERTEX
8
Layer 1
10
26.140850
20
21.907514
70
0
0
VERTEX
8
Layer 1
10
25.113384
20
20.831541
70
0
0
VERTEX
8
Layer 1
10
24.945263
20
20.488685
70
0
0
VERTEX
8
Layer 1
10
25.011960
20
20.284735
70
0
0
VERTEX
8
Layer 1
10
25.696570
20
20.468841
70
0
0
VERTEX
8
Layer 1
10
26.758211
20
21.201958
70
0
0
VERTEX
8
Layer 1
10
27.740478
20
22.120283
70
0
0
VERTEX
8
Layer 1
10
28.186962
20
22.860014
70
0
0
VERTEX
8
Layer 1
10
28.130187
20
23.212241
70
0
0
VERTEX
8
Layer 1
10
27.812136
20
23.190744
70
0
0
VERTEX
8
Layer 1
10
26.140850
20
21.907514
70
0
0
VERTEX
8
Layer 1
10
26.140850
20
21.907514
70
0
0
SEQEND
8
Layer 1
0
POLYLINE
8
Layer 1
62
7
70
0
10
0.000000
20
0.000000
66
1
0
VERTEX
8
Layer 1
10
67.803932
20
20.390568
70
0
0
VERTEX
8
Layer 1
10
67.380598
20
19.614457
70
0
0
VERTEX
8
Layer 1
10
67.817161
20
19.072061
70
0
0
VERTEX
8
Layer 1
10
68.782891
20
18.291539
70
0
0
VERTEX
8
Layer 1
10
69.841225
20
17.590393
70
0
0
VERTEX
8
Layer 1
10
70.555600
20
17.286122
70
0
0
VERTEX
8
Layer 1
10
70.834515
20
17.355024
70
0
0
VERTEX
8
Layer 1
10
70.881920
20
17.546296
70
0
0
VERTEX
8
Layer 1
10
70.308655
20
18.203345
70
0
0
VERTEX
8
Layer 1
10
69.960287
20
18.595810
70
0
0
VERTEX
8
Layer 1
10
70.802545
20
18.697234
70
0
0
VERTEX
8
Layer 1
10
71.658031
20
18.807477
70
0
0
VERTEX
8
Layer 1
10
72.143101
20
19.050012
70
0
0
VERTEX
8
Layer 1
10
72.147511
20
19.194430
70
0
0
VERTEX
8
Layer 1
10
71.966712
20
19.305776
70
0
0
VERTEX
8
Layer 1
10
71.155323
20
19.402790
70
0
0
VERTEX
8
Layer 1
10
70.158725
20
19.557130
70
0
0
VERTEX
8
Layer 1
10
69.895244
20
19.774861
70
0
0
VERTEX
8
Layer 1
10
69.744211
20
20.108346
70
0
0
VERTEX
8
Layer 1
10
69.446003
20
20.574123
70
0
0
VERTEX
8
Layer 1
10
68.946050
20
20.791853
70
0
0
VERTEX
8
Layer 1
10
68.360108
20
20.738385
70
0
0
VERTEX
8
Layer 1
10
67.803932
20
20.390568
70
0
0
VERTEX
8
Layer 1
10
67.803932
20
20.390568
70
0
0
SEQEND
8
Layer 1
0
POLYLINE
8
Layer 1
62
7
70
0
10
0.000000
20
0.000000
66
1
0
VERTEX
8
Layer 1
10
69.320877
20
19.720290
70
0
0
VERTEX
8
Layer 1
10
69.462539
20
19.320108
70
0
0
VERTEX
8
Layer 1
10
69.316467
20
19.138206
70
0
0
VERTEX
8
Layer 1
10
68.978572
20
19.194430
70
0
0
VERTEX
8
Layer 1
10
68.544765
20
19.508623
70
0
0
VERTEX
8
Layer 1
10
68.117022
20
20.020151
70
0
0
VERTEX
8
Layer 1
10
68.509488
20
20.108346
70
0
0
VERTEX
8
Layer 1
10
68.994557
20
19.993693
70
0
0
VERTEX
8
Layer 1
10
69.320877
20
19.720290
70
0
0
VERTEX
8
Layer 1
10
69.320877
20
19.720290
70
0
0
SEQEND
8
Layer 1
0
POLYLINE
8
Layer 1
62
7
70
0
10
0.000000
20
0.000000
66
1
0
VERTEX
8
Layer 1
10
29.633352
20
19.931957
70
0
0
VERTEX
8
Layer 1
10
29.815804
20
19.644774
70
0
0
VERTEX
8
Layer 1
10
29.822970
20
19.380741
70
0
0
VERTEX
8
Layer 1
10
29.245296
20
18.697234
70
0
0
VERTEX
8
Layer 1
10
27.798906
20
17.815289
70
0
0
VERTEX
8
Layer 1
10
27.428489
20
17.528657
70
0
0
VERTEX
8
Layer 1
10
27.375573
20
17.109733
70
0
0
VERTEX
8
Layer 1
10
27.547001
20
16.941061
70
0
0
VERTEX
8
Layer 1
10
27.873872
20
16.977441
70
0
0
VERTEX
8
Layer 1
10
29.139463
20
17.744733
70
0
0
VERTEX
8
Layer 1
10
30.488839
20
18.547303
70
0
0
VERTEX
8
Layer 1
10
30.826183
20
18.558328
70
0
0
VERTEX
8
Layer 1
10
31.044464
20
18.344456
70
0
0
VERTEX
8
Layer 1
10
31.335506
20
18.044595
70
0
0
VERTEX
8
Layer 1
10
31.573631
20
18.062234
70
0
0
VERTEX
8
Layer 1
10
31.514651
20
18.571006
70
0
0
VERTEX
8
Layer 1
10
30.995957
20
19.380741
70
0
0
VERTEX
8
Layer 1
10
30.298669
20
20.130946
70
0
0
VERTEX
8
Layer 1
10
29.703908
20
20.461124
70
0
0
VERTEX
8
Layer 1
10
29.377588
20
20.355291
70
0
0
VERTEX
8
Layer 1
10
29.633352
20
19.931957
70
0
0
VERTEX
8
Layer 1
10
29.633352
20
19.931957
70
0
0
SEQEND
8
Layer 1
0
POLYLINE
8
Layer 1
62
7
70
0
10
0.000000
20
0.000000
66
1
0
VERTEX
8
Layer 1
10
65.016985
20
16.086677
70
0
0
VERTEX
8
Layer 1
10
64.590896
20
15.281351
70
0
0
VERTEX
8
Layer 1
10
64.465770
20
14.724072
70
0
0
VERTEX
8
Layer 1
10
64.625071
20
14.583512
70
0
0
VERTEX
8
Layer 1
10
65.052263
20
15.028343
70
0
0
VERTEX
8
Layer 1
10
65.314642
20
15.268122
70
0
0
VERTEX
8
Layer 1
10
65.643166
20
15.279697
70
0
0
VERTEX
8
Layer 1
10
66.921987
20
14.499176
70
0
0
VERTEX
8
Layer 1
10
68.077335
20
13.815668
70
0
0
VERTEX
8
Layer 1
10
68.449956
20
13.720308
70
0
0
VERTEX
8
Layer 1
10
68.650599
20
13.793620
70
0
0
VERTEX
8
Layer 1
10
68.756432
20
14.252231
70
0
0
VERTEX
8
Layer 1
10
67.274765
20
15.134176
70
0
0
VERTEX
8
Layer 1
10
66.273757
20
15.927927
70
0
0
VERTEX
8
Layer 1
10
66.118865
20
16.265271
70
0
0
VERTEX
8
Layer 1
10
66.145875
20
16.615844
70
0
0
VERTEX
8
Layer 1
10
66.237377
20
17.163201
70
0
0
VERTEX
8
Layer 1
10
66.031222
20
17.237615
70
0
0
VERTEX
8
Layer 1
10
65.600172
20
16.868852
70
0
0
VERTEX
8
Layer 1
10
65.016985
20
16.086677
70
0
0
VERTEX
8
Layer 1
10
65.016985
20
16.086677
70
0
0
SEQEND
8
Layer 1
0
POLYLINE
8
Layer 1
62
7
70
0
10
0.000000
20
0.000000
66
1
0
VERTEX
8
Layer 1
10
31.150297
20
15.063621
70
0
0
VERTEX
8
Layer 1
10
29.937623
20
14.044974
70
0
0
VERTEX
8
Layer 1
10
29.895179
20
13.689440
70
0
0
VERTEX
8
Layer 1
10
30.127241
20
13.264453
70
0
0
VERTEX
8
Layer 1
10
30.651998
20
12.708827
70
0
0
VERTEX
8
Layer 1
10
31.256131
20
12.417786
70
0
0
VERTEX
8
Layer 1
10
31.732381
20
12.408966
70
0
0
VERTEX
8
Layer 1
10
31.256131
20
12.876397
70
0
0
VERTEX
8
Layer 1
10
30.797519
20
13.379106
70
0
0
VERTEX
8
Layer 1
10
30.973908
20
13.828898
70
0
0
VERTEX
8
Layer 1
10
31.401652
20
14.031745
70
0
0
VERTEX
8
Layer 1
10
31.961687
20
13.758342
70
0
0
VERTEX
8
Layer 1
10
32.415888
20
13.462890
70
0
0
VERTEX
8
Layer 1
10
32.420298
20
13.934731
70
0
0
VERTEX
8
Layer 1
10
32.415888
20
14.569731
70
0
0
VERTEX
8
Layer 1
10
32.596687
20
15.098898
70
0
0
VERTEX
8
Layer 1
10
32.914187
20
15.328204
70
0
0
VERTEX
8
Layer 1
10
33.337521
20
14.922509
70
0
0
VERTEX
8
Layer 1
10
33.747625
20
14.543273
70
0
0
VERTEX
8
Layer 1
10
34.078355
20
14.534454
70
0
0
VERTEX
8
Layer 1
10
34.049140
20
14.922509
70
0
0
VERTEX
8
Layer 1
10
33.712348
20
15.495774
70
0
0
VERTEX
8
Layer 1
10
33.249878
20
16.002892
70
0
0
VERTEX
8
Layer 1
10
32.843632
20
16.192510
70
0
0
VERTEX
8
Layer 1
10
31.150297
20
15.063621
70
0
0
VERTEX
8
Layer 1
10
31.150297
20
15.063621
70
0
0
SEQEND
8
Layer 1
0
POLYLINE
8
Layer 1
62
7
70
0
10
0.000000
20
0.000000
66
1
0
VERTEX
8
Layer 1
10
62.441706
20
12.311952
70
0
0
VERTEX
8
Layer 1
10
62.250985
20
11.598128
70
0
0
VERTEX
8
Layer 1
10
62.476984
20
11.046361
70
0
0
VERTEX
8
Layer 1
10
63.046941
20
10.739334
70
0
0
VERTEX
8
Layer 1
10
63.888096
20
10.759729
70
0
0
VERTEX
8
Layer 1
10
64.650427
20
10.796660
70
0
0
VERTEX
8
Layer 1
10
65.091951
20
10.552472
70
0
0
VERTEX
8
Layer 1
10
65.143214
20
10.129690
70
0
0
VERTEX
8
Layer 1
10
64.734763
20
9.630839
70
0
0
VERTEX
8
Layer 1
10
64.276152
20
9.256013
70
0
0
VERTEX
8
Layer 1
10
64.664207
20
9.172228
70
0
0
VERTEX
8
Layer 1
10
65.186760
20
9.366256
70
0
0
VERTEX
8
Layer 1
10
65.590250
20
9.851326
70
0
0
VERTEX
8
Layer 1
10
65.795302
20
10.481916
70
0
0
VERTEX
8
Layer 1
10
65.722541
20
11.112507
70
0
0
VERTEX
8
Layer 1
10
65.572060
20
11.391973
70
0
0
VERTEX
8
Layer 1
10
65.312437
20
11.549070
70
0
0
VERTEX
8
Layer 1
10
64.346707
20
11.535841
70
0
0
VERTEX
8
Layer 1
10
63.543035
20
11.532533
70
0
0
VERTEX
8
Layer 1
10
62.944415
20
11.721049
70
0
0
VERTEX
8
Layer 1
10
62.729441
20
12.002169
70
0
0
VERTEX
8
Layer 1
10
63.076706
20
12.276674
70
0
0
VERTEX
8
Layer 1
10
63.365543
20
12.457473
70
0
0
VERTEX
8
Layer 1
10
63.482401
20
12.717647
70
0
0
VERTEX
8
Layer 1
10
63.414050
20
12.951362
70
0
0
VERTEX
8
Layer 1
10
63.147262
20
13.052786
70
0
0
VERTEX
8
Layer 1
10
62.807713
20
12.841119
70
0
0
VERTEX
8
Layer 1
10
62.441706
20
12.311952
70
0
0
VERTEX
8
Layer 1
10
62.441706
20
12.311952
70
0
0
SEQEND
8
Layer 1
0
POLYLINE
8
Layer 1
62
7
70
0
10
0.000000
20
0.000000
66
1
0
VERTEX
8
Layer 1
10
45.508362
20
5.221114
70
0
0
VERTEX
8
Layer 1
10
45.296695
20
3.104446
70
0
0
VERTEX
8
Layer 1
10
45.190862
20
2.344320
70
0
0
VERTEX
8
Layer 1
10
45.243778
20
1.944689
70
0
0
VERTEX
8
Layer 1
10
45.534820
20
1.789797
70
0
0
VERTEX
8
Layer 1
10
46.143362
20
1.763890
70
0
0
VERTEX
8
Layer 1
10
46.981210
20
1.874133
70
0
0
VERTEX
8
Layer 1
10
47.448641
20
2.116668
70
0
0
VERTEX
8
Layer 1
10
47.472894
20
2.261086
70
0
0
VERTEX
8
Layer 1
10
47.351627
20
2.372432
70
0
0
VERTEX
8
Layer 1
10
46.778363
20
2.469446
70
0
0
VERTEX
8
Layer 1
10
46.108085
20
2.614967
70
0
0
VERTEX
8
Layer 1
10
45.861140
20
2.998613
70
0
0
VERTEX
8
Layer 1
10
46.068397
20
3.369030
70
0
0
VERTEX
8
Layer 1
10
46.566696
20
3.527780
70
0
0
VERTEX
8
Layer 1
10
47.064995
20
3.638023
70
0
0
VERTEX
8
Layer 1
10
47.272252
20
3.880558
70
0
0
VERTEX
8
Layer 1
10
47.113502
20
4.136322
70
0
0
VERTEX
8
Layer 1
10
46.743085
20
4.233336
70
0
0
VERTEX
8
Layer 1
10
46.372668
20
4.392086
70
0
0
VERTEX
8
Layer 1
10
46.213918
20
4.762503
70
0
0
VERTEX
8
Layer 1
10
46.421175
20
5.132920
70
0
0
VERTEX
8
Layer 1
10
46.919474
20
5.291670
70
0
0
VERTEX
8
Layer 1
10
47.417773
20
5.401913
70
0
0
VERTEX
8
Layer 1
10
47.625030
20
5.644448
70
0
0
VERTEX
8
Layer 1
10
47.320759
20
5.900212
70
0
0
VERTEX
8
Layer 1
10
46.566696
20
5.997226
70
0
0
VERTEX
8
Layer 1
10
45.720029
20
5.847295
70
0
0
VERTEX
8
Layer 1
10
45.554664
20
5.610273
70
0
0
VERTEX
8
Layer 1
10
45.508362
20
5.221114
70
0
0
VERTEX
8
Layer 1
10
45.508362
20
5.221114
70
0
0
SEQEND
8
Layer 1
0
POLYLINE
8
Layer 1
62
7
70
0
10
0.000000
20
0.000000
66
1
0
VERTEX
8
Layer 1
10
49.918087
20
5.644448
70
0
0
VERTEX
8
Layer 1
10
49.931316
20
5.401913
70
0
0
VERTEX
8
Layer 1
10
50.235587
20
5.291670
70
0
0
VERTEX
8
Layer 1
10
50.495761
20
5.189695
70
0
0
VERTEX
8
Layer 1
10
50.703018
20
4.872746
70
0
0
VERTEX
8
Layer 1
10
51.011699
20
3.527780
70
0
0
VERTEX
8
Layer 1
10
51.280692
20
2.288647
70
0
0
VERTEX
8
Layer 1
10
51.576144
20
1.763890
70
0
0
VERTEX
8
Layer 1
10
51.761352
20
2.297467
70
0
0
VERTEX
8
Layer 1
10
51.681977
20
3.704169
70
0
0
VERTEX
8
Layer 1
10
51.576144
20
5.282851
70
0
0
VERTEX
8
Layer 1
10
51.711743
20
5.490108
70
0
0
VERTEX
8
Layer 1
10
51.999477
20
5.432781
70
0
0
VERTEX
8
Layer 1
10
52.400762
20
5.401913
70
0
0
VERTEX
8
Layer 1
10
52.563922
20
5.609170
70
0
0
VERTEX
8
Layer 1
10
52.190198
20
5.892495
70
0
0
VERTEX
8
Layer 1
10
51.346838
20
5.997226
70
0
0
VERTEX
8
Layer 1
10
50.450561
20
5.916749
70
0
0
VERTEX
8
Layer 1
10
49.918087
20
5.644448
70
0
0
VERTEX
8
Layer 1
10
49.918087
20
5.644448
70
0
0
SEQEND
8
Layer 1
0
POLYLINE
8
Layer 1
62
7
70
0
10
0.000000
20
0.000000
66
1
0
VERTEX
8
Layer 1
10
186.901784
20
59.407815
70
0
0
VERTEX
8
Layer 1
10
185.311527
20
58.939971
70
0
0
VERTEX
8
Layer 1
10
183.803953
20
58.310896
70
0
0
VERTEX
8
Layer 1
10
182.392289
20
57.531339
70
0
0
VERTEX
8
Layer 1
10
181.089767
20
56.612050
70
0
0
VERTEX
8
Layer 1
10
179.909614
20
55.563775
70
0
0
VERTEX
8
Layer 1
10
178.865061
20
54.397265
70
0
0
VERTEX
8
Layer 1
10
177.969335
20
53.123268
70
0
0
VERTEX
8
Layer 1
10
177.235667
20
51.752533
70
0
0
VERTEX
8
Layer 1
10
176.674530
20
50.454420
70
0
0
VERTEX
8
Layer 1
10
176.371361
20
49.278677
70
0
0
VERTEX
8
Layer 1
10
176.253401
20
47.778819
70
0
0
VERTEX
8
Layer 1
10
176.247889
20
45.508362
70
0
0
VERTEX
8
Layer 1
10
176.397819
20
41.843881
70
0
0
VERTEX
8
Layer 1
10
176.634842
20
40.631757
70
0
0
VERTEX
8
Layer 1
10
177.024000
20
39.475858
70
0
0
VERTEX
8
Layer 1
10
178.003648
20
37.508363
70
0
0
VERTEX
8
Layer 1
10
179.271858
20
35.814133
70
0
0
VERTEX
8
Layer 1
10
180.822841
20
34.395235
70
0
0
VERTEX
8
Layer 1
10
182.650809
20
33.253736
70
0
0
VERTEX
8
Layer 1
10
184.749976
20
32.391704
70
0
0
VERTEX
8
Layer 1
10
187.114554
20
31.811205
70
0
0
VERTEX
8
Layer 1
10
189.738753
20
31.514306
70
0
0
VERTEX
8
Layer 1
10
192.616788
20
31.503075
70
0
0
VERTEX
8
Layer 1
10
196.676491
20
31.888926
70
0
0
VERTEX
8
Layer 1
10
199.720855
20
32.579048
70
0
0
VERTEX
8
Layer 1
10
200.722758
20
32.992736
70
0
0
VERTEX
8
Layer 1
10
201.303395
20
33.427920
70
0
0
VERTEX
8
Layer 1
10
201.406955
20
33.866412
70
0
0
VERTEX
8
Layer 1
10
200.977627
20
34.290022
70
0
0
VERTEX
8
Layer 1
10
200.675560
20
34.569488
70
0
0
VERTEX
8
Layer 1
10
200.492557
20
35.123460
70
0
0
VERTEX
8
Layer 1
10
200.377904
20
37.570857
70
0
0
VERTEX
8
Layer 1
10
200.423104
20
39.716188
70
0
0
VERTEX
8
Layer 1
10
200.633668
20
40.975165
70
0
0
VERTEX
8
Layer 1
10
201.122045
20
41.678516
70
0
0
VERTEX
8
Layer 1
10
202.000683
20
42.156971
70
0
0
VERTEX
8
Layer 1
10
202.851760
20
42.668499
70
0
0
VERTEX
8
Layer 1
10
203.200128
20
43.180027
70
0
0
VERTEX
8
Layer 1
10
203.002793
20
43.476581
70
0
0
VERTEX
8
Layer 1
10
202.203530
20
43.647458
70
0
0
VERTEX
8
Layer 1
10
197.555680
20
43.744472
70
0
0
VERTEX
8
Layer 1
10
192.735851
20
43.647458
70
0
0
VERTEX
8
Layer 1
10
192.044075
20
43.446816
70
0
0
VERTEX
8
Layer 1
10
191.911232
20
43.074194
70
0
0
VERTEX
8
Layer 1
10
191.988402
20
42.737401
70
0
0
VERTEX
8
Layer 1
10
192.264010
20
42.496520
70
0
0
VERTEX
8
Layer 1
10
193.675122
20
42.156971
70
0
0
VERTEX
8
Layer 1
10
195.202540
20
41.834510
70
0
0
VERTEX
8
Layer 1
10
195.699806
20
41.572200
70
0
0
VERTEX
8
Layer 1
10
196.051964
20
41.191241
70
0
0
VERTEX
8
Layer 1
10
196.283405
20
40.653186
70
0
0
VERTEX
8
Layer 1
10
196.418522
20
39.919587
70
0
0
VERTEX
8
Layer 1
10
196.497346
20
37.711968
70
0
0
VERTEX
8
Layer 1
10
196.365054
20
34.991168
70
0
0
VERTEX
8
Layer 1
10
196.140158
20
34.323646
70
0
0
VERTEX
8
Layer 1
10
195.756512
20
33.831410
70
0
0
VERTEX
8
Layer 1
10
195.262623
20
33.435086
70
0
0
VERTEX
8
Layer 1
10
194.609984
20
33.227278
70
0
0
VERTEX
8
Layer 1
10
191.770121
20
33.231688
70
0
0
VERTEX
8
Layer 1
10
190.007884
20
33.334765
70
0
0
VERTEX
8
Layer 1
10
188.758279
20
33.527139
70
0
0
VERTEX
8
Layer 1
10
187.726954
20
33.871649
70
0
0
VERTEX
8
Layer 1
10
186.619562
20
34.431133
70
0
0
VERTEX
8
Layer 1
10
185.011115
20
35.573803
70
0
0
VERTEX
8
Layer 1
10
183.541574
20
37.063739
70
0
0
VERTEX
8
Layer 1
10
182.323387
20
38.771956
70
0
0
VERTEX
8
Layer 1
10
181.469003
20
40.569470
70
0
0
VERTEX
8
Layer 1
10
180.989997
20
42.594085
70
0
0
VERTEX
8
Layer 1
10
180.732579
20
45.045341
70
0
0
VERTEX
8
Layer 1
10
180.719901
20
47.569357
70
0
0
VERTEX
8
Layer 1
10
180.975114
20
49.812254
70
0
0
VERTEX
8
Layer 1
10
181.518750
20
51.915003
70
0
0
VERTEX
8
Layer 1
10
182.281495
20
53.702733
70
0
0
VERTEX
8
Layer 1
10
183.270789
20
55.181232
70
0
0
VERTEX
8
Layer 1
10
184.494075
20
56.356285
70
0
0
VERTEX
8
Layer 1
10
185.958792
20
57.233683
70
0
0
VERTEX
8
Layer 1
10
187.672384
20
57.819212
70
0
0
VERTEX
8
Layer 1
10
189.642291
20
58.118660
70
0
0
VERTEX
8
Layer 1
10
191.875954
20
58.137814
70
0
0
VERTEX
8
Layer 1
10
194.758261
20
57.778973
70
0
0
VERTEX
8
Layer 1
10
195.836645
20
57.445143
70
0
0
VERTEX
8
Layer 1
10
196.704603
20
56.986876
70
0
0
VERTEX
8
Layer 1
10
197.385699
20
56.388049
70
0
0
VERTEX
8
Layer 1
10
197.903497
20
55.632539
70
0
0
VERTEX
8
Layer 1
10
198.281562
20
54.704223
70
0
0
VERTEX
8
Layer 1
10
198.543458
20
53.586978
70
0
0
VERTEX
8
Layer 1
10
198.905056
20
52.334616
70
0
0
VERTEX
8
Layer 1
10
199.168537
20
52.049087
70
0
0
VERTEX
8
Layer 1
10
199.531237
20
51.928922
70
0
0
VERTEX
8
Layer 1
10
199.999219
20
51.921756
70
0
0
VERTEX
8
Layer 1
10
200.285300
20
52.427221
70
0
0
VERTEX
8
Layer 1
10
200.907071
20
57.185314
70
0
0
VERTEX
8
Layer 1
10
201.154016
20
59.125593
70
0
0
VERTEX
8
Layer 1
10
197.979014
20
59.548926
70
0
0
VERTEX
8
Layer 1
10
194.893860
20
59.839417
70
0
0
VERTEX
8
Layer 1
10
191.871544
20
59.914934
70
0
0
VERTEX
8
Layer 1
10
189.133656
20
59.772169
70
0
0
VERTEX
8
Layer 1
10
186.901784
20
59.407815
70
0
0
VERTEX
8
Layer 1
10
186.901784
20
59.407815
70
0
0
SEQEND
8
Layer 1
0
POLYLINE
8
Layer 1
62
7
70
0
10
0.000000
20
0.000000
66
1
0
VERTEX
8
Layer 1
10
387.985244
20
59.407815
70
0
0
VERTEX
8
Layer 1
10
386.394987
20
58.939971
70
0
0
VERTEX
8
Layer 1
10
384.887413
20
58.310896
70
0
0
VERTEX
8
Layer 1
10
383.475749
20
57.531339
70
0
0
VERTEX
8
Layer 1
10
382.173227
20
56.612050
70
0
0
VERTEX
8
Layer 1
10
380.993074
20
55.563775
70
0
0
VERTEX
8
Layer 1
10
379.948521
20
54.397265
70
0
0
VERTEX
8
Layer 1
10
379.052795
20
53.123268
70
0
0
VERTEX
8
Layer 1
10
378.319127
20
51.752533
70
0
0
VERTEX
8
Layer 1
10
377.757990
20
50.454420
70
0
0
VERTEX
8
Layer 1
10
377.454821
20
49.278677
70
0
0
VERTEX
8
Layer 1
10
377.336861
20
47.778819
70
0
0
VERTEX
8
Layer 1
10
377.331349
20
45.508362
70
0
0
VERTEX
8
Layer 1
10
377.481279
20
41.843881
70
0
0
VERTEX
8
Layer 1
10
377.718302
20
40.631757
70
0
0
VERTEX
8
Layer 1
10
378.107460
20
39.475858
70
0
0
VERTEX
8
Layer 1
10
379.087108
20
37.508363
70
0
0
VERTEX
8
Layer 1
10
380.355318
20
35.814133
70
0
0
VERTEX
8
Layer 1
10
381.906301
20
34.395235
70
0
0
VERTEX
8
Layer 1
10
383.734269
20
33.253736
70
0
0
VERTEX
8
Layer 1
10
385.833436
20
32.391704
70
0
0
VERTEX
8
Layer 1
10
388.198014
20
31.811205
70
0
0
VERTEX
8
Layer 1
10
390.822213
20
31.514306
70
0
0
VERTEX
8
Layer 1
10
393.700248
20
31.503075
70
0
0
VERTEX
8
Layer 1
10
397.759951
20
31.888926
70
0
0
VERTEX
8
Layer 1
10
400.804315
20
32.579048
70
0
0
VERTEX
8
Layer 1
10
401.806218
20
32.992736
70
0
0
VERTEX
8
Layer 1
10
402.386855
20
33.427920
70
0
0
VERTEX
8
Layer 1
10
402.490415
20
33.866412
70
0
0
VERTEX
8
Layer 1
10
402.061087
20
34.290022
70
0
0
VERTEX
8
Layer 1
10
401.759020
20
34.569488
70
0
0
VERTEX
8
Layer 1
10
401.576017
20
35.123460
70
0
0
VERTEX
8
Layer 1
10
401.461364
20
37.570857
70
0
0
VERTEX
8
Layer 1
10
401.506564
20
39.716188
70
0
0
VERTEX
8
Layer 1
10
401.717128
20
40.975165
70
0
0
VERTEX
8
Layer 1
10
402.205505
20
41.678516
70
0
0
VERTEX
8
Layer 1
10
403.084143
20
42.156971
70
0
0
VERTEX
8
Layer 1
10
403.935220
20
42.668499
70
0
0
VERTEX
8
Layer 1
10
404.283588
20
43.180027
70
0
0
VERTEX
8
Layer 1
10
404.086253
20
43.476581
70
0
0
VERTEX
8
Layer 1
10
403.286990
20
43.647458
70
0
0
VERTEX
8
Layer 1
10
398.639140
20
43.744472
70
0
0
VERTEX
8
Layer 1
10
393.819311
20
43.647458
70
0
0
VERTEX
8
Layer 1
10
393.127535
20
43.446816
70
0
0
VERTEX
8
Layer 1
10
392.994692
20
43.074194
70
0
0
VERTEX
8
Layer 1
10
393.071862
20
42.737401
70
0
0
VERTEX
8
Layer 1
10
393.347470
20
42.496520
70
0
0
VERTEX
8
Layer 1
10
394.758582
20
42.156971
70
0
0
VERTEX
8
Layer 1
10
396.286000
20
41.834510
70
0
0
VERTEX
8
Layer 1
10
396.783266
20
41.572200
70
0
0
VERTEX
8
Layer 1
10
397.135424
20
41.191241
70
0
0
VERTEX
8
Layer 1
10
397.366865
20
40.653186
70
0
0
VERTEX
8
Layer 1
10
397.501982
20
39.919587
70
0
0
VERTEX
8
Layer 1
10
397.580806
20
37.711968
70
0
0
VERTEX
8
Layer 1
10
397.448514
20
34.991168
70
0
0
VERTEX
8
Layer 1
10
397.223618
20
34.323646
70
0
0
VERTEX
8
Layer 1
10
396.839972
20
33.831410
70
0
0
VERTEX
8
Layer 1
10
396.346083
20
33.435086
70
0
0
VERTEX
8
Layer 1
10
395.693444
20
33.227278
70
0
0
VERTEX
8
Layer 1
10
392.853581
20
33.231688
70
0
0
VERTEX
8
Layer 1
10
391.091344
20
33.334765
70
0
0
VERTEX
8
Layer 1
10
389.841739
20
33.527139
70
0
0
VERTEX
8
Layer 1
10
388.810414
20
33.871649
70
0
0
VERTEX
8
Layer 1
10
387.703022
20
34.431133
70
0
0
VERTEX
8
Layer 1
10
386.094575
20
35.573803
70
0
0
VERTEX
8
Layer 1
10
384.625034
20
37.063739
70
0
0
VERTEX
8
Layer 1
10
383.406847
20
38.771956
70
0
0
VERTEX
8
Layer 1
10
382.552463
20
40.569470
70
0
0
VERTEX
8
Layer 1
10
382.073457
20
42.594085
70
0
0
VERTEX
8
Layer 1
10
381.816039
20
45.045341
70
0
0
VERTEX
8
Layer 1
10
381.803361
20
47.569357
70
0
0
VERTEX
8
Layer 1
10
382.058574
20
49.812254
70
0
0
VERTEX
8
Layer 1
10
382.602210
20
51.915003
70
0
0
VERTEX
8
Layer 1
10
383.364955
20
53.702733
70
0
0
VERTEX
8
Layer 1
10
384.354249
20
55.181232
70
0
0
VERTEX
8
Layer 1
10
385.577535
20
56.356285
70
0
0
VERTEX
8
Layer 1
10
387.042252
20
57.233683
70
0
0
VERTEX
8
Layer 1
10
388.755844
20
57.819212
70
0
0
VERTEX
8
Layer 1
10
390.725751
20
58.118660
70
0
0
VERTEX
8
Layer 1
10
392.959414
20
58.137814
70
0
0
VERTEX
8
Layer 1
10
395.841721
20
57.778973
70
0
0
VERTEX
8
Layer 1
10
396.920105
20
57.445143
70
0
0
VERTEX
8
Layer 1
10
397.788063
20
56.986876
70
0
0
VERTEX
8
Layer 1
10
398.469159
20
56.388049
70
0
0
VERTEX
8
Layer 1
10
398.986957
20
55.632539
70
0
0
VERTEX
8
Layer 1
10
399.365022
20
54.704223
70
0
0
VERTEX
8
Layer 1
10
399.626918
20
53.586978
70
0
0
VERTEX
8
Layer 1
10
399.988516
20
52.334616
70
0
0
VERTEX
8
Layer 1
10
400.251997
20
52.049087
70
0
0
VERTEX
8
Layer 1
10
400.614697
20
51.928922
70
0
0
VERTEX
8
Layer 1
10
401.082679
20
51.921756
70
0
0
VERTEX
8
Layer 1
10
401.368760
20
52.427221
70
0
0
VERTEX
8
Layer 1
10
401.990531
20
57.185314
70
0
0
VERTEX
8
Layer 1
10
402.237476
20
59.125593
70
0
0
VERTEX
8
Layer 1
10
399.062474
20
59.548926
70
0
0
VERTEX
8
Layer 1
10
395.977320
20
59.839417
70
0
0
VERTEX
8
Layer 1
10
392.955004
20
59.914934
70
0
0
VERTEX
8
Layer 1
10
390.217116
20
59.772169
70
0
0
VERTEX
8
Layer 1
10
387.985244
20
59.407815
70
0
0
VERTEX
8
Layer 1
10
387.985244
20
59.407815
70
0
0
SEQEND
8
Layer 1
0
POLYLINE
8
Layer 1
62
7
70
0
10
0.000000
20
0.000000
66
1
0
VERTEX
8
Layer 1
10
422.628044
20
59.654760
70
0
0
VERTEX
8
Layer 1
10
421.332136
20
59.142818
70
0
0
VERTEX
8
Layer 1
10
420.198286
20
58.509334
70
0
0
VERTEX
8
Layer 1
10
419.229800
20
57.758440
70
0
0
VERTEX
8
Layer 1
10
418.429986
20
56.894272
70
0
0
VERTEX
8
Layer 1
10
417.802151
20
55.920963
70
0
0
VERTEX
8
Layer 1
10
417.349603
20
54.842647
70
0
0
VERTEX
8
Layer 1
10
417.075649
20
53.663459
70
0
0
VERTEX
8
Layer 1
10
416.983596
20
52.387533
70
0
0
VERTEX
8
Layer 1
10
417.077440
20
51.233081
70
0
0
VERTEX
8
Layer 1
10
417.370549
20
50.136920
70
0
0
VERTEX
8
Layer 1
10
417.880286
20
49.077965
70
0
0
VERTEX
8
Layer 1
10
418.624014
20
48.035134
70
0
0
VERTEX
8
Layer 1
10
419.619096
20
46.987342
70
0
0
VERTEX
8
Layer 1
10
420.882895
20
45.913505
70
0
0
VERTEX
8
Layer 1
10
424.286101
20
43.603361
70
0
0
VERTEX
8
Layer 1
10
426.521280
20
42.113976
70
0
0
VERTEX
8
Layer 1
10
427.985860
20
40.816415
70
0
0
VERTEX
8
Layer 1
10
428.835283
20
39.545311
70
0
0
VERTEX
8
Layer 1
10
429.224993
20
38.135302
70
0
0
VERTEX
8
Layer 1
10
429.260477
20
37.091024
70
0
0
VERTEX
8
Layer 1
10
429.085535
20
36.137696
70
0
0
VERTEX
8
Layer 1
10
428.714636
20
35.290202
70
0
0
VERTEX
8
Layer 1
10
428.162249
20
34.563425
70
0
0
VERTEX
8
Layer 1
10
427.442844
20
33.972246
70
0
0
VERTEX
8
Layer 1
10
426.570889
20
33.531549
70
0
0
VERTEX
8
Layer 1
10
425.560856
20
33.256217
70
0
0
VERTEX
8
Layer 1
10
424.427212
20
33.161132
70
0
0
VERTEX
8
Layer 1
10
423.243821
20
33.229758
70
0
0
VERTEX
8
Layer 1
10
422.176598
20
33.438945
70
0
0
VERTEX
8
Layer 1
10
421.219344
20
33.793652
70
0
0
VERTEX
8
Layer 1
10
420.365855
20
34.298841
70
0
0
VERTEX
8
Layer 1
10
419.609932
20
34.959473
70
0
0
VERTEX
8
Layer 1
10
418.945372
20
35.780509
70
0
0
VERTEX
8
Layer 1
10
417.865541
20
37.923635
70
0
0
VERTEX
8
Layer 1
10
417.402520
20
38.838653
70
0
0
VERTEX
8
Layer 1
10
416.886582
20
39.396483
70
0
0
VERTEX
8
Layer 1
10
416.357415
20
39.570667
70
0
0
VERTEX
8
Layer 1
10
415.854706
20
39.334747
70
0
0
VERTEX
8
Layer 1
10
415.859667
20
38.404295
70
0
0
VERTEX
8
Layer 1
10
416.106061
20
36.494884
70
0
0
VERTEX
8
Layer 1
10
416.807207
20
33.125854
70
0
0
VERTEX
8
Layer 1
10
417.065658
20
32.818620
70
0
0
VERTEX
8
Layer 1
10
417.571743
20
32.513454
70
0
0
VERTEX
8
Layer 1
10
419.139952
20
31.957277
70
0
0
VERTEX
8
Layer 1
10
421.138108
20
31.553236
70
0
0
VERTEX
8
Layer 1
10
423.192489
20
31.397242
70
0
0
VERTEX
8
Layer 1
10
425.294205
20
31.556681
70
0
0
VERTEX
8
Layer 1
10
427.213607
20
32.017911
70
0
0
VERTEX
8
Layer 1
10
428.920515
20
32.755299
70
0
0
VERTEX
8
Layer 1
10
430.384750
20
33.743216
70
0
0
VERTEX
8
Layer 1
10
431.576134
20
34.956028
70
0
0
VERTEX
8
Layer 1
10
432.464487
20
36.368105
70
0
0
VERTEX
8
Layer 1
10
433.019630
20
37.953814
70
0
0
VERTEX
8
Layer 1
10
433.211384
20
39.687525
70
0
0
VERTEX
8
Layer 1
10
433.105137
20
40.691771
70
0
0
VERTEX
8
Layer 1
10
432.811201
20
41.669145
70
0
0
VERTEX
8
Layer 1
10
432.327096
20
42.622541
70
0
0
VERTEX
8
Layer 1
10
431.650341
20
43.554854
70
0
0
VERTEX
8
Layer 1
10
429.708960
20
45.367802
70
0
0
VERTEX
8
Layer 1
10
426.967213
20
47.131141
70
0
0
VERTEX
8
Layer 1
10
423.755831
20
49.050474
70
0
0
VERTEX
8
Layer 1
10
421.781377
20
50.658921
70
0
0
VERTEX
8
Layer 1
10
421.177382
20
51.435446
70
0
0
VERTEX
8
Layer 1
10
420.785881
20
52.240910
70
0
0
VERTEX
8
Layer 1
10
420.574628
20
53.110866
70
0
0
VERTEX
8
Layer 1
10
420.511376
20
54.080867
70
0
0
VERTEX
8
Layer 1
10
420.639809
20
55.068921
70
0
0
VERTEX
8
Layer 1
10
421.003060
20
55.979254
70
0
0
VERTEX
8
Layer 1
10
421.568056
20
56.787061
70
0
0
VERTEX
8
Layer 1
10
422.301724
20
57.467536
70
0
0
VERTEX
8
Layer 1
10
423.170991
20
57.995876
70
0
0
VERTEX
8
Layer 1
10
424.142785
20
58.347276
70
0
0
VERTEX
8
Layer 1
10
425.184031
20
58.496931
70
0
0
VERTEX
8
Layer 1
10
426.261657
20
58.420037
70
0
0
VERTEX
8
Layer 1
10
427.532761
20
58.002215
70
0
0
VERTEX
8
Layer 1
10
428.545895
20
57.273508
70
0
0
VERTEX
8
Layer 1
10
429.307675
20
56.227301
70
0
0
VERTEX
8
Layer 1
10
429.824715
20
54.856979
70
0
0
VERTEX
8
Layer 1
10
430.298761
20
53.532408
70
0
0
VERTEX
8
Layer 1
10
430.812494
20
52.965207
70
0
0
VERTEX
8
Layer 1
10
431.055304
20
52.974922
70
0
0
VERTEX
8
Layer 1
10
431.273310
20
53.185142
70
0
0
VERTEX
8
Layer 1
10
431.588605
20
54.221979
70
0
0
VERTEX
8
Layer 1
10
431.962329
20
56.991837
70
0
0
VERTEX
8
Layer 1
10
432.064856
20
58.495002
70
0
0
VERTEX
8
Layer 1
10
431.876340
20
59.158115
70
0
0
VERTEX
8
Layer 1
10
431.376938
20
59.407815
70
0
0
VERTEX
8
Layer 1
10
429.593205
20
59.654760
70
0
0
VERTEX
8
Layer 1
10
426.870199
20
59.795871
70
0
0
VERTEX
8
Layer 1
10
424.213340
20
59.804690
70
0
0
VERTEX
8
Layer 1
10
422.628044
20
59.654760
70
0
0
VERTEX
8
Layer 1
10
422.628044
20
59.654760
70
0
0
SEQEND
8
Layer 1
0
POLYLINE
8
Layer 1
62
7
70
0
10
0.000000
20
0.000000
66
1
0
VERTEX
8
Layer 1
10
446.934448
20
59.160871
70
0
0
VERTEX
8
Layer 1
10
444.134273
20
57.935518
70
0
0
VERTEX
8
Layer 1
10
441.836806
20
56.343056
70
0
0
VERTEX
8
Layer 1
10
440.860052
20
55.393656
70
0
0
VERTEX
8
Layer 1
10
439.989131
20
54.333875
70
0
0
VERTEX
8
Layer 1
10
438.538332
20
51.858366
70
0
0
VERTEX
8
Layer 1
10
438.052711
20
50.685379
70
0
0
VERTEX
8
Layer 1
10
437.775449
20
49.538851
70
0
0
VERTEX
8
Layer 1
10
437.621109
20
45.684751
70
0
0
VERTEX
8
Layer 1
10
437.648119
20
43.275388
70
0
0
VERTEX
8
Layer 1
10
437.784269
20
41.729228
70
0
0
VERTEX
8
Layer 1
10
438.112242
20
40.520412
70
0
0
VERTEX
8
Layer 1
10
438.714721
20
39.123080
70
0
0
VERTEX
8
Layer 1
10
439.910859
20
36.994285
70
0
0
VERTEX
8
Layer 1
10
441.272361
20
35.268981
70
0
0
VERTEX
8
Layer 1
10
442.871989
20
33.874405
70
0
0
VERTEX
8
Layer 1
10
444.782502
20
32.737798
70
0
0
VERTEX
8
Layer 1
10
446.177078
20
32.094530
70
0
0
VERTEX
8
Layer 1
10
447.340143
20
31.745610
70
0
0
VERTEX
8
Layer 1
10
448.741333
20
31.601743
70
0
0
VERTEX
8
Layer 1
10
450.850284
20
31.573631
70
0
0
VERTEX
8
Layer 1
10
454.116237
20
31.765454
70
0
0
VERTEX
8
Layer 1
10
455.453417
20
32.015155
70
0
0
VERTEX
8
Layer 1
10
456.657892
20
32.393840
70
0
0
VERTEX
8
Layer 1
10
457.778031
20
32.921353
70
0
0
VERTEX
8
Layer 1
10
458.862203
20
33.617539
70
0
0
VERTEX
8
Layer 1
10
461.116124
20
35.595300
70
0
0
VERTEX
8
Layer 1
10
463.108217
20
37.861899
70
0
0
VERTEX
8
Layer 1
10
463.803713
20
38.948896
70
0
0
VERTEX
8
Layer 1
10
464.326404
20
40.075581
70
0
0
VERTEX
8
Layer 1
10
464.696958
20
41.294870
70
0
0
VERTEX
8
Layer 1
10
464.936048
20
42.659680
70
0
0
VERTEX
8
Layer 1
10
465.102515
20
46.037529
70
0
0
VERTEX
8
Layer 1
10
464.946521
20
49.182214
70
0
0
VERTEX
8
Layer 1
10
464.410188
20
51.668748
70
0
0
VERTEX
8
Layer 1
10
463.390991
20
53.791479
70
0
0
VERTEX
8
Layer 1
10
461.786402
20
55.844757
70
0
0
VERTEX
8
Layer 1
10
459.869274
20
57.599277
70
0
0
VERTEX
8
Layer 1
10
457.747094
20
58.821322
70
0
0
VERTEX
8
Layer 1
10
455.307414
20
59.560502
70
0
0
VERTEX
8
Layer 1
10
452.437785
20
59.866427
70
0
0
VERTEX
8
Layer 1
10
449.421533
20
59.817920
70
0
0
VERTEX
8
Layer 1
10
448.230907
20
59.583653
70
0
0
VERTEX
8
Layer 1
10
446.934448
20
59.160871
70
0
0
VERTEX
8
Layer 1
10
446.934448
20
59.160871
70
0
0
SEQEND
8
Layer 1
0
POLYLINE
8
Layer 1
62
7
70
0
10
0.000000
20
0.000000
66
1
0
VERTEX
8
Layer 1
10
453.178619
20
57.679203
70
0
0
VERTEX
8
Layer 1
10
455.012582
20
56.916252
70
0
0
VERTEX
8
Layer 1
10
456.638599
20
55.789085
70
0
0
VERTEX
8
Layer 1
10
458.037240
20
54.333669
70
0
0
VERTEX
8
Layer 1
10
459.189074
20
52.585971
70
0
0
VERTEX
8
Layer 1
10
460.074671
20
50.581957
70
0
0
VERTEX
8
Layer 1
10
460.674600
20
48.357596
70
0
0
VERTEX
8
Layer 1
10
460.969432
20
45.948852
70
0
0
VERTEX
8
Layer 1
10
460.939735
20
43.391694
70
0
0
VERTEX
8
Layer 1
10
460.441436
20
40.181965
70
0
0
VERTEX
8
Layer 1
10
460.014519
20
38.807165
70
0
0
VERTEX
8
Layer 1
10
459.466887
20
37.584086
70
0
0
VERTEX
8
Layer 1
10
458.796884
20
36.511489
70
0
0
VERTEX
8
Layer 1
10
458.002858
20
35.588134
70
0
0
VERTEX
8
Layer 1
10
457.083155
20
34.812781
70
0
0
VERTEX
8
Layer 1
10
456.036121
20
34.184188
70
0
0
VERTEX
8
Layer 1
10
454.356567
20
33.686440
70
0
0
VERTEX
8
Layer 1
10
452.256986
20
33.562417
70
0
0
VERTEX
8
Layer 1
10
450.097875
20
33.802196
70
0
0
VERTEX
8
Layer 1
10
448.239727
20
34.395855
70
0
0
VERTEX
8
Layer 1
10
446.746966
20
35.333197
70
0
0
VERTEX
8
Layer 1
10
445.405927
20
36.602922
70
0
0
VERTEX
8
Layer 1
10
444.239348
20
38.153768
70
0
0
VERTEX
8
Layer 1
10
443.269967
20
39.934470
70
0
0
VERTEX
8
Layer 1
10
442.520520
20
41.893766
70
0
0
VERTEX
8
Layer 1
10
442.013746
20
43.980392
70
0
0
VERTEX
8
Layer 1
10
441.772383
20
46.143087
70
0
0
VERTEX
8
Layer 1
10
441.819167
20
48.330586
70
0
0
VERTEX
8
Layer 1
10
442.140526
20
50.587263
70
0
0
VERTEX
8
Layer 1
10
442.696702
20
52.493366
70
0
0
VERTEX
8
Layer 1
10
443.510848
20
54.134887
70
0
0
VERTEX
8
Layer 1
10
444.606113
20
55.597813
70
0
0
VERTEX
8
Layer 1
10
445.486680
20
56.439657
70
0
0
VERTEX
8
Layer 1
10
446.411896
20
57.113656
70
0
0
VERTEX
8
Layer 1
10
447.386721
20
57.620636
70
0
0
VERTEX
8
Layer 1
10
448.416116
20
57.961425
70
0
0
VERTEX
8
Layer 1
10
449.505042
20
58.136850
70
0
0
VERTEX
8
Layer 1
10
450.658461
20
58.147736
70
0
0
VERTEX
8
Layer 1
10
453.178619
20
57.679203
70
0
0
VERTEX
8
Layer 1
10
453.178619
20
57.679203
70
0
0
SEQEND
8
Layer 1
0
POLYLINE
8
Layer 1
62
7
70
0
10
0.000000
20
0.000000
66
1
0
VERTEX
8
Layer 1
10
481.295025
20
59.443093
70
0
0
VERTEX
8
Layer 1
10
479.712279
20
58.921505
70
0
0
VERTEX
8
Layer 1
10
478.224203
20
58.260184
70
0
0
VERTEX
8
Layer 1
10
476.839481
20
57.464918
70
0
0
VERTEX
8
Layer 1
10
475.566793
20
56.541494
70
0
0
VERTEX
8
Layer 1
10
474.414821
20
55.495700
70
0
0
VERTEX
8
Layer 1
10
473.392247
20
54.333324
70
0
0
VERTEX
8
Layer 1
10
472.507753
20
53.060154
70
0
0
VERTEX
8
Layer 1
10
471.770019
20
51.681977
70
0
0
VERTEX
8
Layer 1
10
471.228726
20
50.419142
70
0
0
VERTEX
8
Layer 1
10
470.932172
20
49.252219
70
0
0
VERTEX
8
Layer 1
10
470.782241
20
45.473084
70
0
0
VERTEX
8
Layer 1
10
470.808148
20
43.110023
70
0
0
VERTEX
8
Layer 1
10
470.963040
20
41.596936
70
0
0
VERTEX
8
Layer 1
10
471.362671
20
40.328589
70
0
0
VERTEX
8
Layer 1
10
472.122797
20
38.699747
70
0
0
VERTEX
8
Layer 1
10
473.673918
20
36.168013
70
0
0
VERTEX
8
Layer 1
10
474.567301
20
35.145853
70
0
0
VERTEX
8
Layer 1
10
475.562383
20
34.267973
70
0
0
VERTEX
8
Layer 1
10
476.676527
20
33.520731
70
0
0
VERTEX
8
Layer 1
10
477.927098
20
32.890485
70
0
0
VERTEX
8
Layer 1
10
480.906970
20
31.926409
70
0
0
VERTEX
8
Layer 1
10
482.583423
20
31.627581
70
0
0
VERTEX
8
Layer 1
10
484.383487
20
31.467246
70
0
0
VERTEX
8
Layer 1
10
488.028675
20
31.533943
70
0
0
VERTEX
8
Layer 1
10
491.191000
20
32.070276
70
0
0
VERTEX
8
Layer 1
10
492.387482
20
32.496986
70
0
0
VERTEX
8
Layer 1
10
493.218922
20
33.020021
70
0
0
VERTEX
8
Layer 1
10
493.996687
20
34.034258
70
0
0
VERTEX
8
Layer 1
10
494.916666
20
35.604120
70
0
0
VERTEX
8
Layer 1
10
495.684509
20
37.187211
70
0
0
VERTEX
8
Layer 1
10
496.005868
20
38.241135
70
0
0
VERTEX
8
Layer 1
10
495.824518
20
38.841409
70
0
0
VERTEX
8
Layer 1
10
495.348819
20
38.915823
70
0
0
VERTEX
8
Layer 1
10
494.681297
20
38.494143
70
0
0
VERTEX
8
Layer 1
10
493.924478
20
37.606135
70
0
0
VERTEX
8
Layer 1
10
492.752593
20
36.120609
70
0
0
VERTEX
8
Layer 1
10
491.507948
20
34.929432
70
0
0
VERTEX
8
Layer 1
10
490.263304
20
34.088828
70
0
0
VERTEX
8
Layer 1
10
489.091419
20
33.655021
70
0
0
VERTEX
8
Layer 1
10
487.184764
20
33.497374
70
0
0
VERTEX
8
Layer 1
10
485.082979
20
33.637382
70
0
0
VERTEX
8
Layer 1
10
483.053954
20
34.041975
70
0
0
VERTEX
8
Layer 1
10
481.365581
20
34.678077
70
0
0
VERTEX
8
Layer 1
10
479.987749
20
35.492223
70
0
0
VERTEX
8
Layer 1
10
478.789750
20
36.455197
70
0
0
VERTEX
8
Layer 1
10
477.769519
20
37.570306
70
0
0
VERTEX
8
Layer 1
10
476.924988
20
38.840858
70
0
0
VERTEX
8
Layer 1
10
476.254090
20
40.270160
70
0
0
VERTEX
8
Layer 1
10
475.754757
20
41.861519
70
0
0
VERTEX
8
Layer 1
10
475.424924
20
43.618244
70
0
0
VERTEX
8
Layer 1
10
475.262522
20
45.543640
70
0
0
VERTEX
8
Layer 1
10
475.258801
20
47.546964
70
0
0
VERTEX
8
Layer 1
10
475.431194
20
49.399393
70
0
0
VERTEX
8
Layer 1
10
475.777219
20
51.095552
70
0
0
VERTEX
8
Layer 1
10
476.294397
20
52.630068
70
0
0
VERTEX
8
Layer 1
10
476.980247
20
53.997565
70
0
0
VERTEX
8
Layer 1
10
477.832289
20
55.192669
70
0
0
VERTEX
8
Layer 1
10
478.848041
20
56.210007
70
0
0
VERTEX
8
Layer 1
10
480.025025
20
57.044203
70
0
0
VERTEX
8
Layer 1
10
481.042017
20
57.585496
70
0
0
VERTEX
8
Layer 1
10
482.022630
20
57.882050
70
0
0
VERTEX
8
Layer 1
10
483.353816
20
58.006625
70
0
0
VERTEX
8
Layer 1
10
485.422528
20
58.031981
70
0
0
VERTEX
8
Layer 1
10
488.789904
20
57.847324
70
0
0
VERTEX
8
Layer 1
10
489.990934
20
57.572474
70
0
0
VERTEX
8
Layer 1
10
490.930275
20
57.136807
70
0
0
VERTEX
8
Layer 1
10
491.652987
20
56.510970
70
0
0
VERTEX
8
Layer 1
10
492.204134
20
55.665612
70
0
0
VERTEX
8
Layer 1
10
492.628777
20
54.571380
70
0
0
VERTEX
8
Layer 1
10
492.971977
20
53.198922
70
0
0
VERTEX
8
Layer 1
10
493.307116
20
52.453679
70
0
0
VERTEX
8
Layer 1
10
493.853922
20
52.211144
70
0
0
VERTEX
8
Layer 1
10
494.190164
20
52.292724
70
0
0
VERTEX
8
Layer 1
10
494.427186
20
52.599200
70
0
0
VERTEX
8
Layer 1
10
494.735867
20
54.257256
70
0
0
VERTEX
8
Layer 1
10
495.159201
20
57.714481
70
0
0
VERTEX
8
Layer 1
10
495.370868
20
59.160871
70
0
0
VERTEX
8
Layer 1
10
492.231143
20
59.584204
70
0
0
VERTEX
8
Layer 1
10
489.083702
20
59.869734
70
0
0
VERTEX
8
Layer 1
10
486.048709
20
59.936982
70
0
0
VERTEX
8
Layer 1
10
483.370903
20
59.792564
70
0
0
VERTEX
8
Layer 1
10
481.295025
20
59.443093
70
0
0
VERTEX
8
Layer 1
10
481.295025
20
59.443093
70
0
0
SEQEND
8
Layer 1
0
POLYLINE
8
Layer 1
62
7
70
0
10
0.000000
20
0.000000
66
1
0
VERTEX
8
Layer 1
10
537.139783
20
59.584204
70
0
0
VERTEX
8
Layer 1
10
536.827795
20
57.930006
70
0
0
VERTEX
8
Layer 1
10
536.575338
20
55.611042
70
0
0
VERTEX
8
Layer 1
10
536.455173
20
53.497130
70
0
0
VERTEX
8
Layer 1
10
536.540060
20
52.458089
70
0
0
VERTEX
8
Layer 1
10
537.001428
20
52.233193
70
0
0
VERTEX
8
Layer 1
10
537.479332
20
52.458089
70
0
0
VERTEX
8
Layer 1
10
537.963850
20
53.132777
70
0
0
VERTEX
8
Layer 1
10
538.445061
20
54.257256
70
0
0
VERTEX
8
Layer 1
10
539.214007
20
55.988625
70
0
0
VERTEX
8
Layer 1
10
539.641268
20
56.560993
70
0
0
VERTEX
8
Layer 1
10
540.151625
20
56.969237
70
0
0
VERTEX
8
Layer 1
10
540.786005
20
57.236921
70
0
0
VERTEX
8
Layer 1
10
541.585337
20
57.387610
70
0
0
VERTEX
8
Layer 1
10
543.842565
20
57.432258
70
0
0
VERTEX
8
Layer 1
10
546.982289
20
57.326425
70
0
0
VERTEX
8
Layer 1
10
547.088122
20
51.858366
70
0
0
VERTEX
8
Layer 1
10
547.114030
20
45.716722
70
0
0
VERTEX
8
Layer 1
10
546.951421
20
40.243150
70
0
0
VERTEX
8
Layer 1
10
546.636677
20
36.211559
70
0
0
VERTEX
8
Layer 1
10
546.433623
20
34.978352
70
0
0
VERTEX
8
Layer 1
10
546.206177
20
34.395855
70
0
0
VERTEX
8
Layer 1
10
545.359510
20
33.972521
70
0
0
VERTEX
8
Layer 1
10
543.983676
20
33.655021
70
0
0
VERTEX
8
Layer 1
10
542.572564
20
33.346340
70
0
0
VERTEX
8
Layer 1
10
542.296956
20
33.109318
70
0
0
VERTEX
8
Layer 1
10
542.219786
20
32.773076
70
0
0
VERTEX
8
Layer 1
10
542.379087
20
32.400454
70
0
0
VERTEX
8
Layer 1
10
543.203155
20
32.199812
70
0
0
VERTEX
8
Layer 1
10
548.922568
20
32.102798
70
0
0
VERTEX
8
Layer 1
10
554.655211
20
32.199812
70
0
0
VERTEX
8
Layer 1
10
555.471010
20
32.400454
70
0
0
VERTEX
8
Layer 1
10
555.625350
20
32.773076
70
0
0
VERTEX
8
Layer 1
10
555.551487
20
33.094435
70
0
0
VERTEX
8
Layer 1
10
555.299030
20
33.333111
70
0
0
VERTEX
8
Layer 1
10
554.073127
20
33.655021
70
0
0
VERTEX
8
Layer 1
10
553.089207
20
33.801024
70
0
0
VERTEX
8
Layer 1
10
552.359949
20
34.009453
70
0
0
VERTEX
8
Layer 1
10
551.845664
20
34.451872
70
0
0
VERTEX
8
Layer 1
10
551.506667
20
35.299849
70
0
0
VERTEX
8
Layer 1
10
551.303268
20
36.724948
70
0
0
VERTEX
8
Layer 1
10
551.195781
20
38.898735
70
0
0
VERTEX
8
Layer 1
10
551.109792
20
46.178640
70
0
0
VERTEX
8
Layer 1
10
551.003958
20
57.502814
70
0
0
VERTEX
8
Layer 1
10
554.284794
20
57.502814
70
0
0
VERTEX
8
Layer 1
10
556.600450
20
57.415171
70
0
0
VERTEX
8
Layer 1
10
558.072747
20
57.092710
70
0
0
VERTEX
8
Layer 1
10
558.555681
20
56.815517
70
0
0
VERTEX
8
Layer 1
10
558.903429
20
56.446134
70
0
0
VERTEX
8
Layer 1
10
559.294241
20
55.386146
70
0
0
VERTEX
8
Layer 1
10
559.717575
20
53.269478
70
0
0
VERTEX
8
Layer 1
10
560.026256
20
52.462498
70
0
0
VERTEX
8
Layer 1
10
560.273200
20
52.272329
70
0
0
VERTEX
8
Layer 1
10
560.599520
20
52.211144
70
0
0
VERTEX
8
Layer 1
10
561.269798
20
52.316977
70
0
0
VERTEX
8
Layer 1
10
561.763687
20
56.091702
70
0
0
VERTEX
8
Layer 1
10
562.151743
20
59.901704
70
0
0
VERTEX
8
Layer 1
10
560.493686
20
59.619482
70
0
0
VERTEX
8
Layer 1
10
556.345789
20
59.378601
70
0
0
VERTEX
8
Layer 1
10
548.900519
20
59.332850
70
0
0
VERTEX
8
Layer 1
10
541.607385
20
59.465693
70
0
0
VERTEX
8
Layer 1
10
539.095840
20
59.593919
70
0
0
VERTEX
8
Layer 1
10
537.915894
20
59.760593
70
0
0
VERTEX
8
Layer 1
10
537.408776
20
59.857607
70
0
0
VERTEX
8
Layer 1
10
537.139783
20
59.584204
70
0
0
VERTEX
8
Layer 1
10
537.139783
20
59.584204
70
0
0
SEQEND
8
Layer 1
0
POLYLINE
8
Layer 1
62
7
70
0
10
0.000000
20
0.000000
66
1
0
VERTEX
8
Layer 1
10
117.968963
20
59.301982
70
0
0
VERTEX
8
Layer 1
10
117.771077
20
58.899594
70
0
0
VERTEX
8
Layer 1
10
117.946915
20
58.517051
70
0
0
VERTEX
8
Layer 1
10
118.460096
20
58.200653
70
0
0
VERTEX
8
Layer 1
10
119.274242
20
57.996703
70
0
0
VERTEX
8
Layer 1
10
120.089145
20
57.834646
70
0
0
VERTEX
8
Layer 1
10
120.700237
20
57.566755
70
0
0
VERTEX
8
Layer 1
10
121.135215
20
57.044203
70
0
0
VERTEX
8
Layer 1
10
121.421778
20
56.118160
70
0
0
VERTEX
8
Layer 1
10
121.660454
20
52.460293
70
0
0
VERTEX
8
Layer 1
10
121.637854
20
45.402529
70
0
0
VERTEX
8
Layer 1
10
121.470285
20
37.085787
70
0
0
VERTEX
8
Layer 1
10
121.330276
20
35.014319
70
0
0
VERTEX
8
Layer 1
10
121.143965
20
34.219466
70
0
0
VERTEX
8
Layer 1
10
120.288479
20
33.849049
70
0
0
VERTEX
8
Layer 1
10
118.850908
20
33.584466
70
0
0
VERTEX
8
Layer 1
10
117.289866
20
33.240507
70
0
0
VERTEX
8
Layer 1
10
116.965751
20
32.989153
70
0
0
VERTEX
8
Layer 1
10
116.840074
20
32.631965
70
0
0
VERTEX
8
Layer 1
10
116.836008
20
32.398870
70
0
0
VERTEX
8
Layer 1
10
116.979531
20
32.222412
70
0
0
VERTEX
8
Layer 1
10
118.167401
20
32.001374
70
0
0
VERTEX
8
Layer 1
10
127.352858
20
31.820576
70
0
0
VERTEX
8
Layer 1
10
137.971476
20
31.714742
70
0
0
VERTEX
8
Layer 1
10
138.465365
20
32.914187
70
0
0
VERTEX
8
Layer 1
10
139.558977
20
36.336134
70
0
0
VERTEX
8
Layer 1
10
139.982310
20
38.183809
70
0
0
VERTEX
8
Layer 1
10
139.916165
20
38.593362
70
0
0
VERTEX
8
Layer 1
10
139.664810
20
38.840858
70
0
0
VERTEX
8
Layer 1
10
139.213916
20
39.073471
70
0
0
VERTEX
8
Layer 1
10
138.862240
20
38.981969
70
0
0
VERTEX
8
Layer 1
10
137.795087
20
37.218079
70
0
0
VERTEX
8
Layer 1
10
136.709192
20
35.369853
70
0
0
VERTEX
8
Layer 1
10
136.166658
20
34.777916
70
0
0
VERTEX
8
Layer 1
10
135.537308
20
34.364987
70
0
0
VERTEX
8
Layer 1
10
134.755822
20
34.099232
70
0
0
VERTEX
8
Layer 1
10
133.756881
20
33.948819
70
0
0
VERTEX
8
Layer 1
10
130.845360
20
33.866688
70
0
0
VERTEX
8
Layer 1
10
127.414594
20
33.976931
70
0
0
VERTEX
8
Layer 1
10
126.598795
20
34.149462
70
0
0
VERTEX
8
Layer 1
10
126.153413
20
34.431133
70
0
0
VERTEX
8
Layer 1
10
125.871742
20
34.898564
70
0
0
VERTEX
8
Layer 1
10
125.699211
20
35.815786
70
0
0
VERTEX
8
Layer 1
10
125.588968
20
39.899192
70
0
0
VERTEX
8
Layer 1
10
125.588968
20
44.802806
70
0
0
VERTEX
8
Layer 1
10
129.081470
20
44.802806
70
0
0
VERTEX
8
Layer 1
10
131.718486
20
44.736660
70
0
0
VERTEX
8
Layer 1
10
133.138417
20
44.591139
70
0
0
VERTEX
8
Layer 1
10
133.649945
20
44.035514
70
0
0
VERTEX
8
Layer 1
10
134.055640
20
43.003638
70
0
0
VERTEX
8
Layer 1
10
134.505432
20
41.932075
70
0
0
VERTEX
8
Layer 1
10
134.779937
20
41.698911
70
0
0
VERTEX
8
Layer 1
10
135.113974
20
41.627804
70
0
0
VERTEX
8
Layer 1
10
135.492108
20
41.703321
70
0
0
VERTEX
8
Layer 1
10
135.704877
20
42.046728
70
0
0
VERTEX
8
Layer 1
10
135.819530
20
44.238361
70
0
0
VERTEX
8
Layer 1
10
136.031197
20
48.471697
70
0
0
VERTEX
8
Layer 1
10
136.106162
20
49.865170
70
0
0
VERTEX
8
Layer 1
10
135.867486
20
50.059198
70
0
0
VERTEX
8
Layer 1
10
135.360919
20
50.094476
70
0
0
VERTEX
8
Layer 1
10
134.917190
20
50.045418
70
0
0
VERTEX
8
Layer 1
10
134.615675
20
49.860761
70
0
0
VERTEX
8
Layer 1
10
134.267307
20
48.859753
70
0
0
VERTEX
8
Layer 1
10
133.901300
20
47.894023
70
0
0
VERTEX
8
Layer 1
10
133.350084
20
47.272252
70
0
0
VERTEX
8
Layer 1
10
131.846368
20
47.029717
70
0
0
VERTEX
8
Layer 1
10
129.152026
20
46.919474
70
0
0
VERTEX
8
Layer 1
10
125.588968
20
46.919474
70
0
0
VERTEX
8
Layer 1
10
125.588968
20
51.787810
70
0
0
VERTEX
8
Layer 1
10
125.694801
20
55.571354
70
0
0
VERTEX
8
Layer 1
10
125.827093
20
56.599923
70
0
0
VERTEX
8
Layer 1
10
126.012302
20
57.079480
70
0
0
VERTEX
8
Layer 1
10
126.425162
20
57.264689
70
0
0
VERTEX
8
Layer 1
10
127.224976
20
57.396981
70
0
0
VERTEX
8
Layer 1
10
129.892860
20
57.502814
70
0
0
VERTEX
8
Layer 1
10
132.957618
20
57.374932
70
0
0
VERTEX
8
Layer 1
10
133.658214
20
57.130743
70
0
0
VERTEX
8
Layer 1
10
134.196751
20
56.691425
70
0
0
VERTEX
8
Layer 1
10
134.844981
20
55.677188
70
0
0
VERTEX
8
Layer 1
10
135.255085
20
54.398368
70
0
0
VERTEX
8
Layer 1
10
135.576995
20
53.234200
70
0
0
VERTEX
8
Layer 1
10
135.815671
20
52.989460
70
0
0
VERTEX
8
Layer 1
10
136.137030
20
52.916700
70
0
0
VERTEX
8
Layer 1
10
136.544379
20
53.015919
70
0
0
VERTEX
8
Layer 1
10
136.829357
20
53.578159
70
0
0
VERTEX
8
Layer 1
10
137.442309
20
57.679203
70
0
0
VERTEX
8
Layer 1
10
137.653976
20
59.443093
70
0
0
VERTEX
8
Layer 1
10
127.882025
20
59.443093
70
0
0
VERTEX
8
Layer 1
10
117.968963
20
59.301982
70
0
0
VERTEX
8
Layer 1
10
117.968963
20
59.301982
70
0
0
SEQEND
8
Layer 1
0
POLYLINE
8
Layer 1
62
7
70
0
10
0.000000
20
0.000000
66
1
0
VERTEX
8
Layer 1
10
141.816756
20
58.843370
70
0
0
VERTEX
8
Layer 1
10
141.867468
20
58.369325
70
0
0
VERTEX
8
Layer 1
10
142.063701
20
58.067259
70
0
0
VERTEX
8
Layer 1
10
143.157312
20
57.714481
70
0
0
VERTEX
8
Layer 1
10
144.431723
20
57.339654
70
0
0
VERTEX
8
Layer 1
10
145.520925
20
56.726702
70
0
0
VERTEX
8
Layer 1
10
146.508703
20
55.950591
70
0
0
VERTEX
8
Layer 1
10
146.297037
20
45.755307
70
0
0
VERTEX
8
Layer 1
10
146.110726
20
39.062998
70
0
0
VERTEX
8
Layer 1
10
145.759050
20
35.555613
70
0
0
VERTEX
8
Layer 1
10
145.444719
20
34.652101
70
0
0
VERTEX
8
Layer 1
10
144.997270
20
34.131823
70
0
0
VERTEX
8
Layer 1
10
144.386110
20
33.857111
70
0
0
VERTEX
8
Layer 1
10
143.580646
20
33.690299
70
0
0
VERTEX
8
Layer 1
10
142.478215
20
33.363979
70
0
0
VERTEX
8
Layer 1
10
142.241192
20
33.114830
70
0
0
VERTEX
8
Layer 1
10
142.169534
20
32.773076
70
0
0
VERTEX
8
Layer 1
10
142.299621
20
32.400454
70
0
0
VERTEX
8
Layer 1
10
142.972104
20
32.199812
70
0
0
VERTEX
8
Layer 1
10
147.637593
20
32.102798
70
0
0
VERTEX
8
Layer 1
10
152.289853
20
32.199812
70
0
0
VERTEX
8
Layer 1
10
152.970604
20
32.400454
70
0
0
VERTEX
8
Layer 1
10
153.105652
20
32.773076
70
0
0
VERTEX
8
Layer 1
10
153.031789
20
33.094435
70
0
0
VERTEX
8
Layer 1
10
152.779332
20
33.333111
70
0
0
VERTEX
8
Layer 1
10
151.553429
20
33.655021
70
0
0
VERTEX
8
Layer 1
10
149.855133
20
34.015516
70
0
0
VERTEX
8
Layer 1
10
149.341469
20
34.420246
70
0
0
VERTEX
8
Layer 1
10
149.000198
20
35.163147
70
0
0
VERTEX
8
Layer 1
10
148.792872
20
36.385606
70
0
0
VERTEX
8
Layer 1
10
148.681044
20
38.229008
70
0
0
VERTEX
8
Layer 1
10
148.590094
20
44.344195
70
0
0
VERTEX
8
Layer 1
10
148.603323
20
51.130761
70
0
0
VERTEX
8
Layer 1
10
148.684351
20
52.921661
70
0
0
VERTEX
8
Layer 1
10
148.801760
20
53.445867
70
0
0
VERTEX
8
Layer 1
10
164.006492
20
34.148910
70
0
0
VERTEX
8
Layer 1
10
164.892296
20
33.010650
70
0
0
VERTEX
8
Layer 1
10
165.536667
20
32.398250
70
0
0
VERTEX
8
Layer 1
10
166.174423
20
32.149651
70
0
0
VERTEX
8
Layer 1
10
167.040383
20
32.102798
70
0
0
VERTEX
8
Layer 1
10
168.522051
20
32.102798
70
0
0
VERTEX
8
Layer 1
10
168.768995
20
44.026694
70
0
0
VERTEX
8
Layer 1
10
168.971843
20
51.657172
70
0
0
VERTEX
8
Layer 1
10
169.306982
20
55.646320
70
0
0
VERTEX
8
Layer 1
10
169.594441
20
56.667102
70
0
0
VERTEX
8
Layer 1
10
169.999308
20
57.247601
70
0
0
VERTEX
8
Layer 1
10
170.549697
20
57.544500
70
0
0
VERTEX
8
Layer 1
10
171.273719
20
57.714481
70
0
0
VERTEX
8
Layer 1
10
172.221810
20
58.023162
70
0
0
VERTEX
8
Layer 1
10
172.439540
20
58.270106
70
0
0
VERTEX
8
Layer 1
10
172.508442
20
58.596426
70
0
0
VERTEX
8
Layer 1
10
172.376150
20
58.969048
70
0
0
VERTEX
8
Layer 1
10
171.714692
20
59.169690
70
0
0
VERTEX
8
Layer 1
10
167.216772
20
59.266704
70
0
0
VERTEX
8
Layer 1
10
162.718852
20
59.169690
70
0
0
VERTEX
8
Layer 1
10
162.057394
20
58.969048
70
0
0
VERTEX
8
Layer 1
10
161.925102
20
58.596426
70
0
0
VERTEX
8
Layer 1
10
162.000067
20
58.259633
70
0
0
VERTEX
8
Layer 1
10
162.260241
20
58.018752
70
0
0
VERTEX
8
Layer 1
10
163.547881
20
57.679203
70
0
0
VERTEX
8
Layer 1
10
164.536142
20
57.523829
70
0
0
VERTEX
8
Layer 1
10
165.275942
20
57.289494
70
0
0
VERTEX
8
Layer 1
10
165.803248
20
56.847625
70
0
0
VERTEX
8
Layer 1
10
166.154028
20
56.069653
70
0
0
VERTEX
8
Layer 1
10
166.364248
20
54.827007
70
0
0
VERTEX
8
Layer 1
10
166.469875
20
52.991114
70
0
0
VERTEX
8
Layer 1
10
166.511216
20
47.025307
70
0
0
VERTEX
8
Layer 1
10
166.418612
20
39.325928
70
0
0
VERTEX
8
Layer 1
10
166.228442
20
38.452802
70
0
0
VERTEX
8
Layer 1
10
166.075687
20
38.465204
70
0
0
VERTEX
8
Layer 1
10
165.876216
20
38.664469
70
0
0
VERTEX
8
Layer 1
10
158.538433
20
47.660308
70
0
0
VERTEX
8
Layer 1
10
150.600928
20
57.573370
70
0
0
VERTEX
8
Layer 1
10
149.401483
20
59.231426
70
0
0
VERTEX
8
Layer 1
10
146.932037
20
59.266704
70
0
0
VERTEX
8
Layer 1
10
143.157312
20
59.478371
70
0
0
VERTEX
8
Layer 1
10
142.024013
20
59.544517
70
0
0
VERTEX
8
Layer 1
10
141.852585
20
59.314660
70
0
0
VERTEX
8
Layer 1
10
141.816756
20
58.843370
70
0
0
VERTEX
8
Layer 1
10
141.816756
20
58.843370
70
0
0
SEQEND
8
Layer 1
0
POLYLINE
8
Layer 1
62
7
70
0
10
0.000000
20
0.000000
66
1
0
VERTEX
8
Layer 1
10
219.427916
20
58.843370
70
0
0
VERTEX
8
Layer 1
10
219.478628
20
58.369325
70
0
0
VERTEX
8
Layer 1
10
219.674861
20
58.067259
70
0
0
VERTEX
8
Layer 1
10
220.768472
20
57.714481
70
0
0
VERTEX
8
Layer 1
10
222.042883
20
57.339654
70
0
0
VERTEX
8
Layer 1
10
223.132085
20
56.726702
70
0
0
VERTEX
8
Layer 1
10
224.119863
20
55.950591
70
0
0
VERTEX
8
Layer 1
10
223.908197
20
45.755307
70
0
0
VERTEX
8
Layer 1
10
223.721886
20
39.062998
70
0
0
VERTEX
8
Layer 1
10
223.370210
20
35.555613
70
0
0
VERTEX
8
Layer 1
10
223.055879
20
34.652101
70
0
0
VERTEX
8
Layer 1
10
222.608430
20
34.131823
70
0
0
VERTEX
8
Layer 1
10
221.997270
20
33.857111
70
0
0
VERTEX
8
Layer 1
10
221.191806
20
33.690299
70
0
0
VERTEX
8
Layer 1
10
220.089375
20
33.363979
70
0
0
VERTEX
8
Layer 1
10
219.852352
20
33.114830
70
0
0
VERTEX
8
Layer 1
10
219.780694
20
32.773076
70
0
0
VERTEX
8
Layer 1
10
219.910781
20
32.400454
70
0
0
VERTEX
8
Layer 1
10
220.583264
20
32.199812
70
0
0
VERTEX
8
Layer 1
10
225.248753
20
32.102798
70
0
0
VERTEX
8
Layer 1
10
229.901013
20
32.199812
70
0
0
VERTEX
8
Layer 1
10
230.581764
20
32.400454
70
0
0
VERTEX
8
Layer 1
10
230.716812
20
32.773076
70
0
0
VERTEX
8
Layer 1
10
230.642949
20
33.094435
70
0
0
VERTEX
8
Layer 1
10
230.390492
20
33.333111
70
0
0
VERTEX
8
Layer 1
10
229.164589
20
33.655021
70
0
0
VERTEX
8
Layer 1
10
227.466293
20
34.015516
70
0
0
VERTEX
8
Layer 1
10
226.952629
20
34.420246
70
0
0
VERTEX
8
Layer 1
10
226.611358
20
35.163147
70
0
0
VERTEX
8
Layer 1
10
226.404032
20
36.385606
70
0
0
VERTEX
8
Layer 1
10
226.292204
20
38.229008
70
0
0
VERTEX
8
Layer 1
10
226.201254
20
44.344195
70
0
0
VERTEX
8
Layer 1
10
226.214483
20
51.130761
70
0
0
VERTEX
8
Layer 1
10
226.295511
20
52.921661
70
0
0
VERTEX
8
Layer 1
10
226.412920
20
53.445867
70
0
0
VERTEX
8
Layer 1
10
241.617652
20
34.148910
70
0
0
VERTEX
8
Layer 1
10
242.503456
20
33.010650
70
0
0
VERTEX
8
Layer 1
10
243.147827
20
32.398250
70
0
0
VERTEX
8
Layer 1
10
243.785583
20
32.149651
70
0
0
VERTEX
8
Layer 1
10
244.651543
20
32.102798
70
0
0
VERTEX
8
Layer 1
10
246.133211
20
32.102798
70
0
0
VERTEX
8
Layer 1
10
246.380155
20
44.026694
70
0
0
VERTEX
8
Layer 1
10
246.583003
20
51.657172
70
0
0
VERTEX
8
Layer 1
10
246.918142
20
55.646320
70
0
0
VERTEX
8
Layer 1
10
247.205601
20
56.667102
70
0
0
VERTEX
8
Layer 1
10
247.610468
20
57.247601
70
0
0
VERTEX
8
Layer 1
10
248.160857
20
57.544500
70
0
0
VERTEX
8
Layer 1
10
248.884879
20
57.714481
70
0
0
VERTEX
8
Layer 1
10
249.832970
20
58.023162
70
0
0
VERTEX
8
Layer 1
10
250.050700
20
58.270106
70
0
0
VERTEX
8
Layer 1
10
250.119602
20
58.596426
70
0
0
VERTEX
8
Layer 1
10
249.987310
20
58.969048
70
0
0
VERTEX
8
Layer 1
10
249.325851
20
59.169690
70
0
0
VERTEX
8
Layer 1
10
244.827932
20
59.266704
70
0
0
VERTEX
8
Layer 1
10
240.330013
20
59.169690
70
0
0
VERTEX
8
Layer 1
10
239.668554
20
58.969048
70
0
0
VERTEX
8
Layer 1
10
239.536262
20
58.596426
70
0
0
VERTEX
8
Layer 1
10
239.611227
20
58.259633
70
0
0
VERTEX
8
Layer 1
10
239.871401
20
58.018752
70
0
0
VERTEX
8
Layer 1
10
241.159041
20
57.679203
70
0
0
VERTEX
8
Layer 1
10
242.147302
20
57.523829
70
0
0
VERTEX
8
Layer 1
10
242.887102
20
57.289494
70
0
0
VERTEX
8
Layer 1
10
243.414408
20
56.847625
70
0
0
VERTEX
8
Layer 1
10
243.765188
20
56.069653
70
0
0
VERTEX
8
Layer 1
10
243.975408
20
54.827007
70
0
0
VERTEX
8
Layer 1
10
244.081035
20
52.991114
70
0
0
VERTEX
8
Layer 1
10
244.122376
20
47.025307
70
0
0
VERTEX
8
Layer 1
10
244.029772
20
39.325928
70
0
0
VERTEX
8
Layer 1
10
243.839602
20
38.452802
70
0
0
VERTEX
8
Layer 1
10
243.686847
20
38.465204
70
0
0
VERTEX
8
Layer 1
10
243.487376
20
38.664469
70
0
0
VERTEX
8
Layer 1
10
236.149593
20
47.660308
70
0
0
VERTEX
8
Layer 1
10
228.212088
20
57.573370
70
0
0
VERTEX
8
Layer 1
10
227.012643
20
59.231426
70
0
0
VERTEX
8
Layer 1
10
224.543197
20
59.266704
70
0
0
VERTEX
8
Layer 1
10
220.768472
20
59.478371
70
0
0
VERTEX
8
Layer 1
10
219.635173
20
59.544517
70
0
0
VERTEX
8
Layer 1
10
219.463745
20
59.314660
70
0
0
VERTEX
8
Layer 1
10
219.427916
20
58.843370
70
0
0
VERTEX
8
Layer 1
10
219.427916
20
58.843370
70
0
0
SEQEND
8
Layer 1
0
POLYLINE
8
Layer 1
62
7
70
0
10
0.000000
20
0.000000
66
1
0
VERTEX
8
Layer 1
10
252.730159
20
59.301982
70
0
0
VERTEX
8
Layer 1
10
252.532273
20
58.899594
70
0
0
VERTEX
8
Layer 1
10
252.708111
20
58.517051
70
0
0
VERTEX
8
Layer 1
10
253.221292
20
58.200653
70
0
0
VERTEX
8
Layer 1
10
254.035438
20
57.996703
70
0
0
VERTEX
8
Layer 1
10
254.850341
20
57.834646
70
0
0
VERTEX
8
Layer 1
10
255.461433
20
57.566755
70
0
0
VERTEX
8
Layer 1
10
255.896411
20
57.044203
70
0
0
VERTEX
8
Layer 1
10
256.182974
20
56.118160
70
0
0
VERTEX
8
Layer 1
10
256.421650
20
52.460293
70
0
0
VERTEX
8
Layer 1
10
256.399050
20
45.402529
70
0
0
VERTEX
8
Layer 1
10
256.231481
20
37.085787
70
0
0
VERTEX
8
Layer 1
10
256.091472
20
35.014319
70
0
0
VERTEX
8
Layer 1
10
255.905161
20
34.219466
70
0
0
VERTEX
8
Layer 1
10
255.049675
20
33.849049
70
0
0
VERTEX
8
Layer 1
10
253.612104
20
33.584466
70
0
0
VERTEX
8
Layer 1
10
252.051062
20
33.240507
70
0
0
VERTEX
8
Layer 1
10
251.726947
20
32.989153
70
0
0
VERTEX
8
Layer 1
10
251.601270
20
32.631965
70
0
0
VERTEX
8
Layer 1
10
251.597204
20
32.398870
70
0
0
VERTEX
8
Layer 1
10
251.740727
20
32.222412
70
0
0
VERTEX
8
Layer 1
10
252.928597
20
32.001374
70
0
0
VERTEX
8
Layer 1
10
262.114054
20
31.820576
70
0
0
VERTEX
8
Layer 1
10
272.732672
20
31.714742
70
0
0
VERTEX
8
Layer 1
10
273.226561
20
32.914187
70
0
0
VERTEX
8
Layer 1
10
274.320173
20
36.336134
70
0
0
VERTEX
8
Layer 1
10
274.743506
20
38.183809
70
0
0
VERTEX
8
Layer 1
10
274.677361
20
38.593362
70
0
0
VERTEX
8
Layer 1
10
274.426006
20
38.840858
70
0
0
VERTEX
8
Layer 1
10
273.975112
20
39.073471
70
0
0
VERTEX
8
Layer 1
10
273.623436
20
38.981969
70
0
0
VERTEX
8
Layer 1
10
272.556283
20
37.218079
70
0
0
VERTEX
8
Layer 1
10
271.470388
20
35.369853
70
0
0
VERTEX
8
Layer 1
10
270.927854
20
34.777916
70
0
0
VERTEX
8
Layer 1
10
270.298504
20
34.364987
70
0
0
VERTEX
8
Layer 1
10
269.517018
20
34.099232
70
0
0
VERTEX
8
Layer 1
10
268.518077
20
33.948819
70
0
0
VERTEX
8
Layer 1
10
265.606556
20
33.866688
70
0
0
VERTEX
8
Layer 1
10
262.175790
20
33.976931
70
0
0
VERTEX
8
Layer 1
10
261.359991
20
34.149462
70
0
0
VERTEX
8
Layer 1
10
260.914609
20
34.431133
70
0
0
VERTEX
8
Layer 1
10
260.632938
20
34.898564
70
0
0
VERTEX
8
Layer 1
10
260.460407
20
35.815786
70
0
0
VERTEX
8
Layer 1
10
260.350164
20
39.899192
70
0
0
VERTEX
8
Layer 1
10
260.350164
20
44.802806
70
0
0
VERTEX
8
Layer 1
10
263.842666
20
44.802806
70
0
0
VERTEX
8
Layer 1
10
266.479682
20
44.736660
70
0
0
VERTEX
8
Layer 1
10
267.899613
20
44.591139
70
0
0
VERTEX
8
Layer 1
10
268.411141
20
44.035514
70
0
0
VERTEX
8
Layer 1
10
268.816836
20
43.003638
70
0
0
VERTEX
8
Layer 1
10
269.266628
20
41.932075
70
0
0
VERTEX
8
Layer 1
10
269.541133
20
41.698911
70
0
0
VERTEX
8
Layer 1
10
269.875170
20
41.627804
70
0
0
VERTEX
8
Layer 1
10
270.253304
20
41.703321
70
0
0
VERTEX
8
Layer 1
10
270.466073
20
42.046728
70
0
0
VERTEX
8
Layer 1
10
270.580726
20
44.238361
70
0
0
VERTEX
8
Layer 1
10
270.792393
20
48.471697
70
0
0
VERTEX
8
Layer 1
10
270.867358
20
49.865170
70
0
0
VERTEX
8
Layer 1
10
270.628682
20
50.059198
70
0
0
VERTEX
8
Layer 1
10
270.122115
20
50.094476
70
0
0
VERTEX
8
Layer 1
10
269.678386
20
50.045418
70
0
0
VERTEX
8
Layer 1
10
269.376871
20
49.860761
70
0
0
VERTEX
8
Layer 1
10
269.028503
20
48.859753
70
0
0
VERTEX
8
Layer 1
10
268.662496
20
47.894023
70
0
0
VERTEX
8
Layer 1
10
268.111280
20
47.272252
70
0
0
VERTEX
8
Layer 1
10
266.607564
20
47.029717
70
0
0
VERTEX
8
Layer 1
10
263.913222
20
46.919474
70
0
0
VERTEX
8
Layer 1
10
260.350164
20
46.919474
70
0
0
VERTEX
8
Layer 1
10
260.350164
20
51.787810
70
0
0
VERTEX
8
Layer 1
10
260.455997
20
55.571354
70
0
0
VERTEX
8
Layer 1
10
260.588289
20
56.599923
70
0
0
VERTEX
8
Layer 1
10
260.773498
20
57.079480
70
0
0
VERTEX
8
Layer 1
10
261.186358
20
57.264689
70
0
0
VERTEX
8
Layer 1
10
261.986172
20
57.396981
70
0
0
VERTEX
8
Layer 1
10
264.654056
20
57.502814
70
0
0
VERTEX
8
Layer 1
10
267.718814
20
57.374932
70
0
0
VERTEX
8
Layer 1
10
268.419410
20
57.130743
70
0
0
VERTEX
8
Layer 1
10
268.957947
20
56.691425
70
0
0
VERTEX
8
Layer 1
10
269.606177
20
55.677188
70
0
0
VERTEX
8
Layer 1
10
270.016281
20
54.398368
70
0
0
VERTEX
8
Layer 1
10
270.338191
20
53.234200
70
0
0
VERTEX
8
Layer 1
10
270.576867
20
52.989460
70
0
0
VERTEX
8
Layer 1
10
270.898226
20
52.916700
70
0
0
VERTEX
8
Layer 1
10
271.305575
20
53.015919
70
0
0
VERTEX
8
Layer 1
10
271.590553
20
53.578159
70
0
0
VERTEX
8
Layer 1
10
272.203505
20
57.679203
70
0
0
VERTEX
8
Layer 1
10
272.415172
20
59.443093
70
0
0
VERTEX
8
Layer 1
10
262.643221
20
59.443093
70
0
0
VERTEX
8
Layer 1
10
252.730159
20
59.301982
70
0
0
VERTEX
8
Layer 1
10
252.730159
20
59.301982
70
0
0
SEQEND
8
Layer 1
0
POLYLINE
8
Layer 1
62
7
70
0
10
0.000000
20
0.000000
66
1
0
VERTEX
8
Layer 1
10
277.424619
20
59.301982
70
0
0
VERTEX
8
Layer 1
10
277.226733
20
58.899594
70
0
0
VERTEX
8
Layer 1
10
277.402571
20
58.517051
70
0
0
VERTEX
8
Layer 1
10
277.915752
20
58.200653
70
0
0
VERTEX
8
Layer 1
10
278.729898
20
57.996703
70
0
0
VERTEX
8
Layer 1
10
279.544801
20
57.834646
70
0
0
VERTEX
8
Layer 1
10
280.155893
20
57.566755
70
0
0
VERTEX
8
Layer 1
10
280.590871
20
57.044203
70
0
0
VERTEX
8
Layer 1
10
280.877434
20
56.118160
70
0
0
VERTEX
8
Layer 1
10
281.116110
20
52.460293
70
0
0
VERTEX
8
Layer 1
10
281.093510
20
45.402529
70
0
0
VERTEX
8
Layer 1
10
280.925941
20
37.085787
70
0
0
VERTEX
8
Layer 1
10
280.785932
20
35.014319
70
0
0
VERTEX
8
Layer 1
10
280.599621
20
34.219466
70
0
0
VERTEX
8
Layer 1
10
279.744135
20
33.849049
70
0
0
VERTEX
8
Layer 1
10
278.306564
20
33.584466
70
0
0
VERTEX
8
Layer 1
10
276.745522
20
33.240507
70
0
0
VERTEX
8
Layer 1
10
276.421407
20
32.989153
70
0
0
VERTEX
8
Layer 1
10
276.295730
20
32.631965
70
0
0
VERTEX
8
Layer 1
10
276.291664
20
32.398870
70
0
0
VERTEX
8
Layer 1
10
276.435187
20
32.222412
70
0
0
VERTEX
8
Layer 1
10
277.623057
20
32.001374
70
0
0
VERTEX
8
Layer 1
10
286.808514
20
31.820576
70
0
0
VERTEX
8
Layer 1
10
297.427132
20
31.714742
70
0
0
VERTEX
8
Layer 1
10
297.921021
20
32.914187
70
0
0
VERTEX
8
Layer 1
10
299.014633
20
36.336134
70
0
0
VERTEX
8
Layer 1
10
299.437966
20
38.183809
70
0
0
VERTEX
8
Layer 1
10
299.371821
20
38.593362
70
0
0
VERTEX
8
Layer 1
10
299.120466
20
38.840858
70
0
0
VERTEX
8
Layer 1
10
298.669572
20
39.073471
70
0
0
VERTEX
8
Layer 1
10
298.317896
20
38.981969
70
0
0
VERTEX
8
Layer 1
10
297.250743
20
37.218079
70
0
0
VERTEX
8
Layer 1
10
296.164848
20
35.369853
70
0
0
VERTEX
8
Layer 1
10
295.622314
20
34.777916
70
0
0
VERTEX
8
Layer 1
10
294.992964
20
34.364987
70
0
0
VERTEX
8
Layer 1
10
294.211478
20
34.099232
70
0
0
VERTEX
8
Layer 1
10
293.212537
20
33.948819
70
0
0
VERTEX
8
Layer 1
10
290.301016
20
33.866688
70
0
0
VERTEX
8
Layer 1
10
286.870250
20
33.976931
70
0
0
VERTEX
8
Layer 1
10
286.054451
20
34.149462
70
0
0
VERTEX
8
Layer 1
10
285.609069
20
34.431133
70
0
0
VERTEX
8
Layer 1
10
285.327398
20
34.898564
70
0
0
VERTEX
8
Layer 1
10
285.154867
20
35.815786
70
0
0
VERTEX
8
Layer 1
10
285.044624
20
39.899192
70
0
0
VERTEX
8
Layer 1
10
285.044624
20
44.802806
70
0
0
VERTEX
8
Layer 1
10
288.537126
20
44.802806
70
0
0
VERTEX
8
Layer 1
10
291.174142
20
44.736660
70
0
0
VERTEX
8
Layer 1
10
292.594073
20
44.591139
70
0
0
VERTEX
8
Layer 1
10
293.105601
20
44.035514
70
0
0
VERTEX
8
Layer 1
10
293.511296
20
43.003638
70
0
0
VERTEX
8
Layer 1
10
293.961088
20
41.932075
70
0
0
VERTEX
8
Layer 1
10
294.235593
20
41.698911
70
0
0
VERTEX
8
Layer 1
10
294.569630
20
41.627804
70
0
0
VERTEX
8
Layer 1
10
294.947764
20
41.703321
70
0
0
VERTEX
8
Layer 1
10
295.160533
20
42.046728
70
0
0
VERTEX
8
Layer 1
10
295.275186
20
44.238361
70
0
0
VERTEX
8
Layer 1
10
295.486853
20
48.471697
70
0
0
VERTEX
8
Layer 1
10
295.561818
20
49.865170
70
0
0
VERTEX
8
Layer 1
10
295.323142
20
50.059198
70
0
0
VERTEX
8
Layer 1
10
294.816575
20
50.094476
70
0
0
VERTEX
8
Layer 1
10
294.372846
20
50.045418
70
0
0
VERTEX
8
Layer 1
10
294.071331
20
49.860761
70
0
0
VERTEX
8
Layer 1
10
293.722963
20
48.859753
70
0
0
VERTEX
8
Layer 1
10
293.356956
20
47.894023
70
0
0
VERTEX
8
Layer 1
10
292.805740
20
47.272252
70
0
0
VERTEX
8
Layer 1
10
291.302024
20
47.029717
70
0
0
VERTEX
8
Layer 1
10
288.607682
20
46.919474
70
0
0
VERTEX
8
Layer 1
10
285.044624
20
46.919474
70
0
0
VERTEX
8
Layer 1
10
285.044624
20
51.787810
70
0
0
VERTEX
8
Layer 1
10
285.150457
20
55.571354
70
0
0
VERTEX
8
Layer 1
10
285.282749
20
56.599923
70
0
0
VERTEX
8
Layer 1
10
285.467958
20
57.079480
70
0
0
VERTEX
8
Layer 1
10
285.880818
20
57.264689
70
0
0
VERTEX
8
Layer 1
10
286.680632
20
57.396981
70
0
0
VERTEX
8
Layer 1
10
289.348516
20
57.502814
70
0
0
VERTEX
8
Layer 1
10
292.413274
20
57.374932
70
0
0
VERTEX
8
Layer 1
10
293.113870
20
57.130743
70
0
0
VERTEX
8
Layer 1
10
293.652407
20
56.691425
70
0
0
VERTEX
8
Layer 1
10
294.300637
20
55.677188
70
0
0
VERTEX
8
Layer 1
10
294.710741
20
54.398368
70
0
0
VERTEX
8
Layer 1
10
295.032651
20
53.234200
70
0
0
VERTEX
8
Layer 1
10
295.271327
20
52.989460
70
0
0
VERTEX
8
Layer 1
10
295.592686
20
52.916700
70
0
0
VERTEX
8
Layer 1
10
296.000035
20
53.015919
70
0
0
VERTEX
8
Layer 1
10
296.285013
20
53.578159
70
0
0
VERTEX
8
Layer 1
10
296.897965
20
57.679203
70
0
0
VERTEX
8
Layer 1
10
297.109632
20
59.443093
70
0
0
VERTEX
8
Layer 1
10
287.337681
20
59.443093
70
0
0
VERTEX
8
Layer 1
10
277.424619
20
59.301982
70
0
0
VERTEX
8
Layer 1
10
277.424619
20
59.301982
70
0
0
SEQEND
8
Layer 1
0
POLYLINE
8
Layer 1
62
7
70
0
10
0.000000
20
0.000000
66
1
0
VERTEX
8
Layer 1
10
342.900216
20
58.843370
70
0
0
VERTEX
8
Layer 1
10
342.950928
20
58.369325
70
0
0
VERTEX
8
Layer 1
10
343.147161
20
58.067259
70
0
0
VERTEX
8
Layer 1
10
344.240772
20
57.714481
70
0
0
VERTEX
8
Layer 1
10
345.515183
20
57.339654
70
0
0
VERTEX
8
Layer 1
10
346.604385
20
56.726702
70
0
0
VERTEX
8
Layer 1
10
347.592163
20
55.950591
70
0
0
VERTEX
8
Layer 1
10
347.380497
20
45.755307
70
0
0
VERTEX
8
Layer 1
10
347.194186
20
39.062998
70
0
0
VERTEX
8
Layer 1
10
346.842510
20
35.555613
70
0
0
VERTEX
8
Layer 1
10
346.528179
20
34.652101
70
0
0
VERTEX
8
Layer 1
10
346.080730
20
34.131823
70
0
0
VERTEX
8
Layer 1
10
345.469570
20
33.857111
70
0
0
VERTEX
8
Layer 1
10
344.664106
20
33.690299
70
0
0
VERTEX
8
Layer 1
10
343.561675
20
33.363979
70
0
0
VERTEX
8
Layer 1
10
343.324652
20
33.114830
70
0
0
VERTEX
8
Layer 1
10
343.252994
20
32.773076
70
0
0
VERTEX
8
Layer 1
10
343.383081
20
32.400454
70
0
0
VERTEX
8
Layer 1
10
344.055564
20
32.199812
70
0
0
VERTEX
8
Layer 1
10
348.721053
20
32.102798
70
0
0
VERTEX
8
Layer 1
10
353.373313
20
32.199812
70
0
0
VERTEX
8
Layer 1
10
354.054064
20
32.400454
70
0
0
VERTEX
8
Layer 1
10
354.189112
20
32.773076
70
0
0
VERTEX
8
Layer 1
10
354.115249
20
33.094435
70
0
0
VERTEX
8
Layer 1
10
353.862792
20
33.333111
70
0
0
VERTEX
8
Layer 1
10
352.636889
20
33.655021
70
0
0
VERTEX
8
Layer 1
10
350.938593
20
34.015516
70
0
0
VERTEX
8
Layer 1
10
350.424929
20
34.420246
70
0
0
VERTEX
8
Layer 1
10
350.083658
20
35.163147
70
0
0
VERTEX
8
Layer 1
10
349.876332
20
36.385606
70
0
0
VERTEX
8
Layer 1
10
349.764504
20
38.229008
70
0
0
VERTEX
8
Layer 1
10
349.673554
20
44.344195
70
0
0
VERTEX
8
Layer 1
10
349.686783
20
51.130761
70
0
0
VERTEX
8
Layer 1
10
349.767811
20
52.921661
70
0
0
VERTEX
8
Layer 1
10
349.885220
20
53.445867
70
0
0
VERTEX
8
Layer 1
10
365.089952
20
34.148910
70
0
0
VERTEX
8
Layer 1
10
365.975756
20
33.010650
70
0
0
VERTEX
8
Layer 1
10
366.620127
20
32.398250
70
0
0
VERTEX
8
Layer 1
10
367.257883
20
32.149651
70
0
0
VERTEX
8
Layer 1
10
368.123843
20
32.102798
70
0
0
VERTEX
8
Layer 1
10
369.605511
20
32.102798
70
0
0
VERTEX
8
Layer 1
10
369.852455
20
44.026694
70
0
0
VERTEX
8
Layer 1
10
370.055303
20
51.657172
70
0
0
VERTEX
8
Layer 1
10
370.390442
20
55.646320
70
0
0
VERTEX
8
Layer 1
10
370.677901
20
56.667102
70
0
0
VERTEX
8
Layer 1
10
371.082768
20
57.247601
70
0
0
VERTEX
8
Layer 1
10
371.633157
20
57.544500
70
0
0
VERTEX
8
Layer 1
10
372.357179
20
57.714481
70
0
0
VERTEX
8
Layer 1
10
373.305270
20
58.023162
70
0
0
VERTEX
8
Layer 1
10
373.523000
20
58.270106
70
0
0
VERTEX
8
Layer 1
10
373.591902
20
58.596426
70
0
0
VERTEX
8
Layer 1
10
373.459610
20
58.969048
70
0
0
VERTEX
8
Layer 1
10
372.798152
20
59.169690
70
0
0
VERTEX
8
Layer 1
10
368.300232
20
59.266704
70
0
0
VERTEX
8
Layer 1
10
363.802312
20
59.169690
70
0
0
VERTEX
8
Layer 1
10
363.140854
20
58.969048
70
0
0
VERTEX
8
Layer 1
10
363.008562
20
58.596426
70
0
0
VERTEX
8
Layer 1
10
363.083527
20
58.259633
70
0
0
VERTEX
8
Layer 1
10
363.343701
20
58.018752
70
0
0
VERTEX
8
Layer 1
10
364.631341
20
57.679203
70
0
0
VERTEX
8
Layer 1
10
365.619602
20
57.523829
70
0
0
VERTEX
8
Layer 1
10
366.359402
20
57.289494
70
0
0
VERTEX
8
Layer 1
10
366.886708
20
56.847625
70
0
0
VERTEX
8
Layer 1
10
367.237488
20
56.069653
70
0
0
VERTEX
8
Layer 1
10
367.447708
20
54.827007
70
0
0
VERTEX
8
Layer 1
10
367.553335
20
52.991114
70
0
0
VERTEX
8
Layer 1
10
367.594676
20
47.025307
70
0
0
VERTEX
8
Layer 1
10
367.502072
20
39.325928
70
0
0
VERTEX
8
Layer 1
10
367.311902
20
38.452802
70
0
0
VERTEX
8
Layer 1
10
367.159147
20
38.465204
70
0
0
VERTEX
8
Layer 1
10
366.959676
20
38.664469
70
0
0
VERTEX
8
Layer 1
10
359.621893
20
47.660308
70
0
0
VERTEX
8
Layer 1
10
351.684388
20
57.573370
70
0
0
VERTEX
8
Layer 1
10
350.484943
20
59.231426
70
0
0
VERTEX
8
Layer 1
10
348.015497
20
59.266704
70
0
0
VERTEX
8
Layer 1
10
344.240772
20
59.478371
70
0
0
VERTEX
8
Layer 1
10
343.107473
20
59.544517
70
0
0
VERTEX
8
Layer 1
10
342.936045
20
59.314660
70
0
0
VERTEX
8
Layer 1
10
342.900216
20
58.843370
70
0
0
VERTEX
8
Layer 1
10
342.900216
20
58.843370
70
0
0
SEQEND
8
Layer 1
0
POLYLINE
8
Layer 1
62
7
70
0
10
0.000000
20
0.000000
66
1
0
VERTEX
8
Layer 1
10
513.433101
20
59.301982
70
0
0
VERTEX
8
Layer 1
10
513.235215
20
58.899594
70
0
0
VERTEX
8
Layer 1
10
513.411053
20
58.517051
70
0
0
VERTEX
8
Layer 1
10
513.924234
20
58.200653
70
0
0
VERTEX
8
Layer 1
10
514.738380
20
57.996703
70
0
0
VERTEX
8
Layer 1
10
515.553283
20
57.834646
70
0
0
VERTEX
8
Layer 1
10
516.164375
20
57.566755
70
0
0
VERTEX
8
Layer 1
10
516.599353
20
57.044203
70
0
0
VERTEX
8
Layer 1
10
516.885916
20
56.118160
70
0
0
VERTEX
8
Layer 1
10
517.124592
20
52.460293
70
0
0
VERTEX
8
Layer 1
10
517.101992
20
45.402529
70
0
0
VERTEX
8
Layer 1
10
516.934423
20
37.085787
70
0
0
VERTEX
8
Layer 1
10
516.794414
20
35.014319
70
0
0
VERTEX
8
Layer 1
10
516.608103
20
34.219466
70
0
0
VERTEX
8
Layer 1
10
515.752617
20
33.849049
70
0
0
VERTEX
8
Layer 1
10
514.315046
20
33.584466
70
0
0
VERTEX
8
Layer 1
10
512.754004
20
33.240507
70
0
0
VERTEX
8
Layer 1
10
512.429889
20
32.989153
70
0
0
VERTEX
8
Layer 1
10
512.304212
20
32.631965
70
0
0
VERTEX
8
Layer 1
10
512.300146
20
32.398870
70
0
0
VERTEX
8
Layer 1
10
512.443669
20
32.222412
70
0
0
VERTEX
8
Layer 1
10
513.631539
20
32.001374
70
0
0
VERTEX
8
Layer 1
10
522.816996
20
31.820576
70
0
0
VERTEX
8
Layer 1
10
533.435614
20
31.714742
70
0
0
VERTEX
8
Layer 1
10
533.929503
20
32.914187
70
0
0
VERTEX
8
Layer 1
10
535.023115
20
36.336134
70
0
0
VERTEX
8
Layer 1
10
535.446448
20
38.183809
70
0
0
VERTEX
8
Layer 1
10
535.380303
20
38.593362
70
0
0
VERTEX
8
Layer 1
10
535.128948
20
38.840858
70
0
0
VERTEX
8
Layer 1
10
534.678054
20
39.073471
70
0
0
VERTEX
8
Layer 1
10
534.326378
20
38.981969
70
0
0
VERTEX
8
Layer 1
10
533.259225
20
37.218079
70
0
0
VERTEX
8
Layer 1
10
532.173330
20
35.369853
70
0
0
VERTEX
8
Layer 1
10
531.630796
20
34.777916
70
0
0
VERTEX
8
Layer 1
10
531.001446
20
34.364987
70
0
0
VERTEX
8
Layer 1
10
530.219960
20
34.099232
70
0
0
VERTEX
8
Layer 1
10
529.221019
20
33.948819
70
0
0
VERTEX
8
Layer 1
10
526.309498
20
33.866688
70
0
0
VERTEX
8
Layer 1
10
522.878732
20
33.976931
70
0
0
VERTEX
8
Layer 1
10
522.062933
20
34.149462
70
0
0
VERTEX
8
Layer 1
10
521.617551
20
34.431133
70
0
0
VERTEX
8
Layer 1
10
521.335880
20
34.898564
70
0
0
VERTEX
8
Layer 1
10
521.163349
20
35.815786
70
0
0
VERTEX
8
Layer 1
10
521.053106
20
39.899192
70
0
0
VERTEX
8
Layer 1
10
521.053106
20
44.802806
70
0
0
VERTEX
8
Layer 1
10
524.545608
20
44.802806
70
0
0
VERTEX
8
Layer 1
10
527.182624
20
44.736660
70
0
0
VERTEX
8
Layer 1
10
528.602555
20
44.591139
70
0
0
VERTEX
8
Layer 1
10
529.114083
20
44.035514
70
0
0
VERTEX
8
Layer 1
10
529.519778
20
43.003638
70
0
0
VERTEX
8
Layer 1
10
529.969570
20
41.932075
70
0
0
VERTEX
8
Layer 1
10
530.244075
20
41.698911
70
0
0
VERTEX
8
Layer 1
10
530.578112
20
41.627804
70
0
0
VERTEX
8
Layer 1
10
530.956246
20
41.703321
70
0
0
VERTEX
8
Layer 1
10
531.169015
20
42.046728
70
0
0
VERTEX
8
Layer 1
10
531.283668
20
44.238361
70
0
0
VERTEX
8
Layer 1
10
531.495335
20
48.471697
70
0
0
VERTEX
8
Layer 1
10
531.570300
20
49.865170
70
0
0
VERTEX
8
Layer 1
10
531.331624
20
50.059198
70
0
0
VERTEX
8
Layer 1
10
530.825057
20
50.094476
70
0
0
VERTEX
8
Layer 1
10
530.381328
20
50.045418
70
0
0
VERTEX
8
Layer 1
10
530.079813
20
49.860761
70
0
0
VERTEX
8
Layer 1
10
529.731445
20
48.859753
70
0
0
VERTEX
8
Layer 1
10
529.365438
20
47.894023
70
0
0
VERTEX
8
Layer 1
10
528.814222
20
47.272252
70
0
0
VERTEX
8
Layer 1
10
527.310506
20
47.029717
70
0
0
VERTEX
8
Layer 1
10
524.616164
20
46.919474
70
0
0
VERTEX
8
Layer 1
10
521.053106
20
46.919474
70
0
0
VERTEX
8
Layer 1
10
521.053106
20
51.787810
70
0
0
VERTEX
8
Layer 1
10
521.158939
20
55.571354
70
0
0
VERTEX
8
Layer 1
10
521.291231
20
56.599923
70
0
0
VERTEX
8
Layer 1
10
521.476440
20
57.079480
70
0
0
VERTEX
8
Layer 1
10
521.889300
20
57.264689
70
0
0
VERTEX
8
Layer 1
10
522.689114
20
57.396981
70
0
0
VERTEX
8
Layer 1
10
525.356998
20
57.502814
70
0
0
VERTEX
8
Layer 1
10
528.421756
20
57.374932
70
0
0
VERTEX
8
Layer 1
10
529.122352
20
57.130743
70
0
0
VERTEX
8
Layer 1
10
529.660889
20
56.691425
70
0
0
VERTEX
8
Layer 1
10
530.309119
20
55.677188
70
0
0
VERTEX
8
Layer 1
10
530.719223
20
54.398368
70
0
0
VERTEX
8
Layer 1
10
531.041133
20
53.234200
70
0
0
VERTEX
8
Layer 1
10
531.279809
20
52.989460
70
0
0
VERTEX
8
Layer 1
10
531.601168
20
52.916700
70
0
0
VERTEX
8
Layer 1
10
532.008517
20
53.015919
70
0
0
VERTEX
8
Layer 1
10
532.293495
20
53.578159
70
0
0
VERTEX
8
Layer 1
10
532.906447
20
57.679203
70
0
0
VERTEX
8
Layer 1
10
533.118114
20
59.443093
70
0
0
VERTEX
8
Layer 1
10
523.346163
20
59.443093
70
0
0
VERTEX
8
Layer 1
10
513.433101
20
59.301982
70
0
0
VERTEX
8
Layer 1
10
513.433101
20
59.301982
70
0
0
SEQEND
8
Layer 1
0
POLYLINE
8
Layer 1
62
7
70
0
10
0.000000
20
0.000000
66
1
0
VERTEX
8
Layer 1
10
206.022352
20
58.631704
70
0
0
VERTEX
8
Layer 1
10
206.102829
20
58.303730
70
0
0
VERTEX
8
Layer 1
10
206.375130
20
58.045210
70
0
0
VERTEX
8
Layer 1
10
207.680409
20
57.643925
70
0
0
VERTEX
8
Layer 1
10
208.663777
20
57.432810
70
0
0
VERTEX
8
Layer 1
10
209.197354
20
57.145626
70
0
0
VERTEX
8
Layer 1
10
209.466347
20
56.587245
70
0
0
VERTEX
8
Layer 1
10
209.655965
20
55.562535
70
0
0
VERTEX
8
Layer 1
10
209.836764
20
51.562914
70
0
0
VERTEX
8
Layer 1
10
209.832354
20
44.414750
70
0
0
VERTEX
8
Layer 1
10
209.734789
20
38.392719
70
0
0
VERTEX
8
Layer 1
10
209.448708
20
35.264571
70
0
0
VERTEX
8
Layer 1
10
209.163661
20
34.470476
70
0
0
VERTEX
8
Layer 1
10
208.745908
20
34.021580
70
0
0
VERTEX
8
Layer 1
10
208.166925
20
33.791792
70
0
0
VERTEX
8
Layer 1
10
207.398186
20
33.655021
70
0
0
VERTEX
8
Layer 1
10
206.326623
20
33.333111
70
0
0
VERTEX
8
Layer 1
10
206.093459
20
33.094435
70
0
0
VERTEX
8
Layer 1
10
206.022352
20
32.773076
70
0
0
VERTEX
8
Layer 1
10
206.171180
20
32.400454
70
0
0
VERTEX
8
Layer 1
10
206.921936
20
32.199812
70
0
0
VERTEX
8
Layer 1
10
212.054856
20
32.102798
70
0
0
VERTEX
8
Layer 1
10
217.077533
20
32.204222
70
0
0
VERTEX
8
Layer 1
10
217.834352
20
32.385572
70
0
0
VERTEX
8
Layer 1
10
217.946248
20
32.702521
70
0
0
VERTEX
8
Layer 1
10
217.783640
20
32.986397
70
0
0
VERTEX
8
Layer 1
10
217.412672
20
33.253736
70
0
0
VERTEX
8
Layer 1
10
216.111803
20
33.725577
70
0
0
VERTEX
8
Layer 1
10
214.802114
20
34.184188
70
0
0
VERTEX
8
Layer 1
10
214.100968
20
34.642800
70
0
0
VERTEX
8
Layer 1
10
213.876072
20
38.144121
70
0
0
VERTEX
8
Layer 1
10
213.783468
20
45.931696
70
0
0
VERTEX
8
Layer 1
10
213.880482
20
55.461111
70
0
0
VERTEX
8
Layer 1
10
214.110890
20
56.811038
70
0
0
VERTEX
8
Layer 1
10
214.559580
20
57.291147
70
0
0
VERTEX
8
Layer 1
10
215.401837
20
57.692432
70
0
0
VERTEX
8
Layer 1
10
216.323470
20
57.855592
70
0
0
VERTEX
8
Layer 1
10
217.095171
20
58.009932
70
0
0
VERTEX
8
Layer 1
10
217.261087
20
58.227663
70
0
0
VERTEX
8
Layer 1
10
217.311248
20
58.561148
70
0
0
VERTEX
8
Layer 1
10
217.188327
20
58.954165
70
0
0
VERTEX
8
Layer 1
10
216.513088
20
59.165280
70
0
0
VERTEX
8
Layer 1
10
211.666800
20
59.266704
70
0
0
VERTEX
8
Layer 1
10
206.886658
20
59.174100
70
0
0
VERTEX
8
Layer 1
10
206.170078
20
58.983930
70
0
0
VERTEX
8
Layer 1
10
206.022352
20
58.631704
70
0
0
VERTEX
8
Layer 1
10
206.022352
20
58.631704
70
0
0
SEQEND
8
Layer 1
0
POLYLINE
8
Layer 1
62
7
70
0
10
0.000000
20
0.000000
66
1
0
VERTEX
8
Layer 1
10
301.977968
20
58.561148
70
0
0
VERTEX
8
Layer 1
10
302.031987
20
58.212780
70
0
0
VERTEX
8
Layer 1
10
302.224913
20
57.996703
70
0
0
VERTEX
8
Layer 1
10
303.212691
20
57.855592
70
0
0
VERTEX
8
Layer 1
10
304.319532
20
57.657154
70
0
0
VERTEX
8
Layer 1
10
305.188248
20
57.114758
70
0
0
VERTEX
8
Layer 1
10
305.579611
20
56.510075
70
0
0
VERTEX
8
Layer 1
10
305.779151
20
55.055417
70
0
0
VERTEX
8
Layer 1
10
305.787970
20
45.720029
70
0
0
VERTEX
8
Layer 1
10
305.695366
20
38.883853
70
0
0
VERTEX
8
Layer 1
10
305.417553
20
35.374814
70
0
0
VERTEX
8
Layer 1
10
305.134780
20
34.502102
70
0
0
VERTEX
8
Layer 1
10
304.716407
20
34.022131
70
0
0
VERTEX
8
Layer 1
10
304.132670
20
33.788553
70
0
0
VERTEX
8
Layer 1
10
303.353802
20
33.655021
70
0
0
VERTEX
8
Layer 1
10
302.282239
20
33.333111
70
0
0
VERTEX
8
Layer 1
10
302.049075
20
33.094435
70
0
0
VERTEX
8
Layer 1
10
301.977968
20
32.773076
70
0
0
VERTEX
8
Layer 1
10
302.118528
20
32.400454
70
0
0
VERTEX
8
Layer 1
10
302.837864
20
32.199812
70
0
0
VERTEX
8
Layer 1
10
307.798805
20
32.102798
70
0
0
VERTEX
8
Layer 1
10
312.799433
20
32.204222
70
0
0
VERTEX
8
Layer 1
10
313.493965
20
32.415337
70
0
0
VERTEX
8
Layer 1
10
313.619642
20
32.808354
70
0
0
VERTEX
8
Layer 1
10
313.565623
20
33.156722
70
0
0
VERTEX
8
Layer 1
10
313.372697
20
33.372799
70
0
0
VERTEX
8
Layer 1
10
312.384919
20
33.513910
70
0
0
VERTEX
8
Layer 1
10
311.282488
20
33.707938
70
0
0
VERTEX
8
Layer 1
10
310.444640
20
34.219466
70
0
0
VERTEX
8
Layer 1
10
310.066506
20
34.734301
70
0
0
VERTEX
8
Layer 1
10
309.853737
20
35.560022
70
0
0
VERTEX
8
Layer 1
10
309.739084
20
39.546414
70
0
0
VERTEX
8
Layer 1
10
309.739084
20
44.132528
70
0
0
VERTEX
8
Layer 1
10
311.608807
20
44.026694
70
0
0
VERTEX
8
Layer 1
10
313.443253
20
43.920861
70
0
0
VERTEX
8
Layer 1
10
315.595199
20
40.569470
70
0
0
VERTEX
8
Layer 1
10
318.190873
20
36.631586
70
0
0
VERTEX
8
Layer 1
10
319.956417
20
34.281202
70
0
0
VERTEX
8
Layer 1
10
321.305241
20
33.028840
70
0
0
VERTEX
8
Layer 1
10
322.650759
20
32.385020
70
0
0
VERTEX
8
Layer 1
10
323.866189
20
32.076340
70
0
0
VERTEX
8
Layer 1
10
325.574406
20
31.926409
70
0
0
VERTEX
8
Layer 1
10
332.810765
20
31.996965
70
0
0
VERTEX
8
Layer 1
10
339.676707
20
32.261548
70
0
0
VERTEX
8
Layer 1
10
340.822684
20
32.453371
70
0
0
VERTEX
8
Layer 1
10
341.027943
20
32.581529
70
0
0
VERTEX
8
Layer 1
10
341.065770
20
32.737798
70
0
0
VERTEX
8
Layer 1
10
340.505735
20
33.258146
70
0
0
VERTEX
8
Layer 1
10
339.231325
20
33.725577
70
0
0
VERTEX
8
Layer 1
10
337.921636
20
34.184188
70
0
0
VERTEX
8
Layer 1
10
337.220490
20
34.642800
70
0
0
VERTEX
8
Layer 1
10
336.995594
20
38.144121
70
0
0
VERTEX
8
Layer 1
10
336.902990
20
45.931696
70
0
0
VERTEX
8
Layer 1
10
337.000004
20
55.461111
70
0
0
VERTEX
8
Layer 1
10
337.230412
20
56.811038
70
0
0
VERTEX
8
Layer 1
10
337.679102
20
57.291147
70
0
0
VERTEX
8
Layer 1
10
338.521359
20
57.692432
70
0
0
VERTEX
8
Layer 1
10
339.442992
20
57.855592
70
0
0
VERTEX
8
Layer 1
10
340.214693
20
58.009932
70
0
0
VERTEX
8
Layer 1
10
340.380609
20
58.227663
70
0
0
VERTEX
8
Layer 1
10
340.430770
20
58.561148
70
0
0
VERTEX
8
Layer 1
10
340.307849
20
58.954165
70
0
0
VERTEX
8
Layer 1
10
339.632610
20
59.165280
70
0
0
VERTEX
8
Layer 1
10
334.786322
20
59.266704
70
0
0
VERTEX
8
Layer 1
10
330.006180
20
59.174100
70
0
0
VERTEX
8
Layer 1
10
329.289600
20
58.983930
70
0
0
VERTEX
8
Layer 1
10
329.141874
20
58.631704
70
0
0
VERTEX
8
Layer 1
10
329.222351
20
58.303730
70
0
0
VERTEX
8
Layer 1
10
329.494652
20
58.045210
70
0
0
VERTEX
8
Layer 1
10
330.799931
20
57.643925
70
0
0
VERTEX
8
Layer 1
10
331.783299
20
57.432810
70
0
0
VERTEX
8
Layer 1
10
332.316876
20
57.145626
70
0
0
VERTEX
8
Layer 1
10
332.585869
20
56.587245
70
0
0
VERTEX
8
Layer 1
10
332.775487
20
55.562535
70
0
0
VERTEX
8
Layer 1
10
333.002588
20
51.125249
70
0
0
VERTEX
8
Layer 1
10
332.978335
20
44.167806
70
0
0
VERTEX
8
Layer 1
10
332.755644
20
37.633696
70
0
0
VERTEX
8
Layer 1
10
332.586420
20
35.445232
70
0
0
VERTEX
8
Layer 1
10
332.387432
20
34.466411
70
0
0
VERTEX
8
Layer 1
10
331.479028
20
33.950473
70
0
0
VERTEX
8
Layer 1
10
329.988541
20
33.513910
70
0
0
VERTEX
8
Layer 1
10
328.912017
20
33.325945
70
0
0
VERTEX
8
Layer 1
10
328.123228
20
33.306653
70
0
0
VERTEX
8
Layer 1
10
327.393969
20
33.479183
70
0
0
VERTEX
8
Layer 1
10
326.496039
20
33.866688
70
0
0
VERTEX
8
Layer 1
10
324.860031
20
35.022036
70
0
0
VERTEX
8
Layer 1
10
323.038815
20
36.971134
70
0
0
VERTEX
8
Layer 1
10
319.211173
20
42.112874
70
0
0
VERTEX
8
Layer 1
10
317.710764
20
44.323248
70
0
0
VERTEX
8
Layer 1
10
317.182700
20
45.296695
70
0
0
VERTEX
8
Layer 1
10
318.981868
20
46.496140
70
0
0
VERTEX
8
Layer 1
10
320.330141
20
47.672986
70
0
0
VERTEX
8
Layer 1
10
321.301383
20
49.084649
70
0
0
VERTEX
8
Layer 1
10
321.888979
20
50.727823
70
0
0
VERTEX
8
Layer 1
10
322.086314
20
52.599200
70
0
0
VERTEX
8
Layer 1
10
321.882915
20
54.479396
70
0
0
VERTEX
8
Layer 1
10
321.252876
20
56.025556
70
0
0
VERTEX
8
Layer 1
10
320.166430
20
57.287289
70
0
0
VERTEX
8
Layer 1
10
318.593812
20
58.314203
70
0
0
VERTEX
8
Layer 1
10
317.372318
20
58.864868
70
0
0
VERTEX
8
Layer 1
10
315.992074
20
59.147641
70
0
0
VERTEX
8
Layer 1
10
309.315750
20
59.266704
70
0
0
VERTEX
8
Layer 1
10
302.987795
20
59.165280
70
0
0
VERTEX
8
Layer 1
10
302.127347
20
58.954165
70
0
0
VERTEX
8
Layer 1
10
301.977968
20
58.561148
70
0
0
VERTEX
8
Layer 1
10
301.977968
20
58.561148
70
0
0
SEQEND
8
Layer 1
0
POLYLINE
8
Layer 1
62
7
70
0
10
0.000000
20
0.000000
66
1
0
VERTEX
8
Layer 1
10
315.136587
20
56.903091
70
0
0
VERTEX
8
Layer 1
10
316.259069
20
56.186511
70
0
0
VERTEX
8
Layer 1
10
317.131437
20
55.152431
70
0
0
VERTEX
8
Layer 1
10
317.741701
20
53.886839
70
0
0
VERTEX
8
Layer 1
10
318.077874
20
52.475727
70
0
0
VERTEX
8
Layer 1
10
318.127966
20
51.005084
70
0
0
VERTEX
8
Layer 1
10
317.879988
20
49.560899
70
0
0
VERTEX
8
Layer 1
10
317.321951
20
48.229162
70
0
0
VERTEX
8
Layer 1
10
316.441866
20
47.095863
70
0
0
VERTEX
8
Layer 1
10
315.805763
20
46.561735
70
0
0
VERTEX
8
Layer 1
10
315.110129
20
46.235967
70
0
0
VERTEX
8
Layer 1
10
312.561308
20
45.931696
70
0
0
VERTEX
8
Layer 1
10
309.739084
20
45.755307
70
0
0
VERTEX
8
Layer 1
10
309.739084
20
51.470310
70
0
0
VERTEX
8
Layer 1
10
309.840508
20
56.453299
70
0
0
VERTEX
8
Layer 1
10
310.081389
20
57.195236
70
0
0
VERTEX
8
Layer 1
10
310.550473
20
57.467536
70
0
0
VERTEX
8
Layer 1
10
311.440687
20
57.642272
70
0
0
VERTEX
8
Layer 1
10
312.565718
20
57.595418
70
0
0
VERTEX
8
Layer 1
10
313.829655
20
57.343513
70
0
0
VERTEX
8
Layer 1
10
315.136587
20
56.903091
70
0
0
VERTEX
8
Layer 1
10
315.136587
20
56.903091
70
0
0
SEQEND
8
Layer 1
0
POLYLINE
8
Layer 1
62
7
70
0
10
0.000000
20
0.000000
66
1
0
VERTEX
8
Layer 1
10
498.828092
20
58.631704
70
0
0
VERTEX
8
Layer 1
10
498.908569
20
58.303730
70
0
0
VERTEX
8
Layer 1
10
499.180870
20
58.045210
70
0
0
VERTEX
8
Layer 1
10
500.486149
20
57.643925
70
0
0
VERTEX
8
Layer 1
10
501.469517
20
57.432810
70
0
0
VERTEX
8
Layer 1
10
502.003094
20
57.145626
70
0
0
VERTEX
8
Layer 1
10
502.272087
20
56.587245
70
0
0
VERTEX
8
Layer 1
10
502.461705
20
55.562535
70
0
0
VERTEX
8
Layer 1
10
502.642504
20
51.562914
70
0
0
VERTEX
8
Layer 1
10
502.638094
20
44.414750
70
0
0
VERTEX
8
Layer 1
10
502.540529
20
38.392719
70
0
0
VERTEX
8
Layer 1
10
502.254448
20
35.264571
70
0
0
VERTEX
8
Layer 1
10
501.969401
20
34.470476
70
0
0
VERTEX
8
Layer 1
10
501.551648
20
34.021580
70
0
0
VERTEX
8
Layer 1
10
500.972665
20
33.791792
70
0
0
VERTEX
8
Layer 1
10
500.203926
20
33.655021
70
0
0
VERTEX
8
Layer 1
10
499.132363
20
33.333111
70
0
0
VERTEX
8
Layer 1
10
498.899199
20
33.094435
70
0
0
VERTEX
8
Layer 1
10
498.828092
20
32.773076
70
0
0
VERTEX
8
Layer 1
10
498.976920
20
32.400454
70
0
0
VERTEX
8
Layer 1
10
499.727676
20
32.199812
70
0
0
VERTEX
8
Layer 1
10
504.860596
20
32.102798
70
0
0
VERTEX
8
Layer 1
10
509.883273
20
32.204222
70
0
0
VERTEX
8
Layer 1
10
510.640092
20
32.385572
70
0
0
VERTEX
8
Layer 1
10
510.751988
20
32.702521
70
0
0
VERTEX
8
Layer 1
10
510.589380
20
32.986397
70
0
0
VERTEX
8
Layer 1
10
510.218412
20
33.253736
70
0
0
VERTEX
8
Layer 1
10
508.917543
20
33.725577
70
0
0
VERTEX
8
Layer 1
10
507.607854
20
34.184188
70
0
0
VERTEX
8
Layer 1
10
506.906708
20
34.642800
70
0
0
VERTEX
8
Layer 1
10
506.681812
20
38.144121
70
0
0
VERTEX
8
Layer 1
10
506.589208
20
45.931696
70
0
0
VERTEX
8
Layer 1
10
506.686222
20
55.461111
70
0
0
VERTEX
8
Layer 1
10
506.916630
20
56.811038
70
0
0
VERTEX
8
Layer 1
10
507.365320
20
57.291147
70
0
0
VERTEX
8
Layer 1
10
508.207577
20
57.692432
70
0
0
VERTEX
8
Layer 1
10
509.129210
20
57.855592
70
0
0
VERTEX
8
Layer 1
10
509.900911
20
58.009932
70
0
0
VERTEX
8
Layer 1
10
510.066827
20
58.227663
70
0
0
VERTEX
8
Layer 1
10
510.116988
20
58.561148
70
0
0
VERTEX
8
Layer 1
10
509.994067
20
58.954165
70
0
0
VERTEX
8
Layer 1
10
509.318828
20
59.165280
70
0
0
VERTEX
8
Layer 1
10
504.472540
20
59.266704
70
0
0
VERTEX
8
Layer 1
10
499.692398
20
59.174100
70
0
0
VERTEX
8
Layer 1
10
498.975818
20
58.983930
70
0
0
VERTEX
8
Layer 1
10
498.828092
20
58.631704
70
0
0
VERTEX
8
Layer 1
10
498.828092
20
58.631704
70
0
0
SEQEND
8
Layer 1
0
POLYLINE
8
Layer 1
62
7
70
0
10
0.000000
20
0.000000
66
1
0
VERTEX
8
Layer 1
10
564.444800
20
58.561148
70
0
0
VERTEX
8
Layer 1
10
564.621189
20
58.036391
70
0
0
VERTEX
8
Layer 1
10
565.115078
20
57.855592
70
0
0
VERTEX
8
Layer 1
10
566.213100
20
57.700700
70
0
0
VERTEX
8
Layer 1
10
567.258205
20
57.251460
70
0
0
VERTEX
8
Layer 1
10
568.210705
20
56.531021
70
0
0
VERTEX
8
Layer 1
10
569.030914
20
55.562535
70
0
0
VERTEX
8
Layer 1
10
570.614005
20
52.872603
70
0
0
VERTEX
8
Layer 1
10
572.911472
20
48.542253
70
0
0
VERTEX
8
Layer 1
10
575.733696
20
43.074194
70
0
0
VERTEX
8
Layer 1
10
575.733696
20
39.264191
70
0
0
VERTEX
8
Layer 1
10
575.649911
20
36.457953
70
0
0
VERTEX
8
Layer 1
10
575.510454
20
35.520542
70
0
0
VERTEX
8
Layer 1
10
575.275085
20
34.832418
70
0
0
VERTEX
8
Layer 1
10
574.920653
20
34.347693
70
0
0
VERTEX
8
Layer 1
10
574.424008
20
34.020477
70
0
0
VERTEX
8
Layer 1
10
572.911472
20
33.655021
70
0
0
VERTEX
8
Layer 1
10
571.500360
20
33.346340
70
0
0
VERTEX
8
Layer 1
10
571.224752
20
33.109318
70
0
0
VERTEX
8
Layer 1
10
571.147582
20
32.773076
70
0
0
VERTEX
8
Layer 1
10
571.301371
20
32.400454
70
0
0
VERTEX
8
Layer 1
10
572.086853
20
32.199812
70
0
0
VERTEX
8
Layer 1
10
577.497586
20
32.102798
70
0
0
VERTEX
8
Layer 1
10
582.908319
20
32.199812
70
0
0
VERTEX
8
Layer 1
10
583.693801
20
32.400454
70
0
0
VERTEX
8
Layer 1
10
583.847590
20
32.773076
70
0
0
VERTEX
8
Layer 1
10
583.770420
20
33.109318
70
0
0
VERTEX
8
Layer 1
10
583.494812
20
33.346340
70
0
0
VERTEX
8
Layer 1
10
582.083700
20
33.655021
70
0
0
VERTEX
8
Layer 1
10
580.730466
20
33.990160
70
0
0
VERTEX
8
Layer 1
10
580.294661
20
34.309865
70
0
0
VERTEX
8
Layer 1
10
579.989081
20
34.801550
70
0
0
VERTEX
8
Layer 1
10
579.677644
20
36.512523
70
0
0
VERTEX
8
Layer 1
10
579.614254
20
39.546414
70
0
0
VERTEX
8
Layer 1
10
579.666068
20
42.186185
70
0
0
VERTEX
8
Layer 1
10
579.811451
20
43.202007
70
0
0
VERTEX
8
Layer 1
10
580.108143
20
44.207493
70
0
0
VERTEX
8
Layer 1
10
581.370427
20
46.764582
70
0
0
VERTEX
8
Layer 1
10
583.882868
20
51.011699
70
0
0
VERTEX
8
Layer 1
10
585.916302
20
54.281510
70
0
0
VERTEX
8
Layer 1
10
587.397419
20
56.268091
70
0
0
VERTEX
8
Layer 1
10
588.620566
20
57.302172
70
0
0
VERTEX
8
Layer 1
10
589.880094
20
57.714481
70
0
0
VERTEX
8
Layer 1
10
590.951657
20
58.036391
70
0
0
VERTEX
8
Layer 1
10
591.184821
20
58.275067
70
0
0
VERTEX
8
Layer 1
10
591.255928
20
58.596426
70
0
0
VERTEX
8
Layer 1
10
591.129148
20
58.969048
70
0
0
VERTEX
8
Layer 1
10
590.506275
20
59.169690
70
0
0
VERTEX
8
Layer 1
10
586.317036
20
59.266704
70
0
0
VERTEX
8
Layer 1
10
582.127797
20
59.169690
70
0
0
VERTEX
8
Layer 1
10
581.504924
20
58.969048
70
0
0
VERTEX
8
Layer 1
10
581.378144
20
58.596426
70
0
0
VERTEX
8
Layer 1
10
581.449802
20
58.275067
70
0
0
VERTEX
8
Layer 1
10
581.686825
20
58.036391
70
0
0
VERTEX
8
Layer 1
10
582.789256
20
57.714481
70
0
0
VERTEX
8
Layer 1
10
583.865229
20
57.410210
70
0
0
VERTEX
8
Layer 1
10
584.412035
20
56.973647
70
0
0
VERTEX
8
Layer 1
10
584.268994
20
56.308743
70
0
0
VERTEX
8
Layer 1
10
583.710889
20
54.994783
70
0
0
VERTEX
8
Layer 1
10
581.845575
20
51.329199
70
0
0
VERTEX
8
Layer 1
10
579.808282
20
47.795907
70
0
0
VERTEX
8
Layer 1
10
579.035202
20
46.647311
70
0
0
VERTEX
8
Layer 1
10
578.591198
20
46.213918
70
0
0
VERTEX
8
Layer 1
10
577.502547
20
47.875833
70
0
0
VERTEX
8
Layer 1
10
575.570536
20
51.571734
70
0
0
VERTEX
8
Layer 1
10
573.764203
20
55.366853
70
0
0
VERTEX
8
Layer 1
10
573.052583
20
57.326425
70
0
0
VERTEX
8
Layer 1
10
573.453868
20
57.696842
70
0
0
VERTEX
8
Layer 1
10
574.146195
20
57.855592
70
0
0
VERTEX
8
Layer 1
10
574.825293
20
58.009932
70
0
0
VERTEX
8
Layer 1
10
575.028140
20
58.561148
70
0
0
VERTEX
8
Layer 1
10
574.910731
20
58.954165
70
0
0
VERTEX
8
Layer 1
10
574.274077
20
59.165280
70
0
0
VERTEX
8
Layer 1
10
569.736470
20
59.266704
70
0
0
VERTEX
8
Layer 1
10
565.198863
20
59.165280
70
0
0
VERTEX
8
Layer 1
10
564.562209
20
58.954165
70
0
0
VERTEX
8
Layer 1
10
564.444800
20
58.561148
70
0
0
VERTEX
8
Layer 1
10
564.444800
20
58.561148
70
0
0
SEQEND
8
Layer 1
 0 
ENDSEC
 0 
EOF