999
"DXF R12 Output" (www.mydxf.blogspot.com)
 0 
SECTION
 2 
HEADER
 9 
$ACADVER
 1 
AC1009
 9 
$EXTMIN
 10 
 0 
 20 
 0 
 9 
$EXTMAX
 10 
 8.5 
 20 
 11 
 0 
ENDSEC
 0 
SECTION
 2 
ENTITIES
0
POLYLINE
8
Layer 1
62
7
70
0
10
0.000000
20
0.000000
66
1
0
VERTEX
8
Layer 1
10
7.698572
20
4.621231
70
0
0
VERTEX
8
Layer 1
10
7.589563
20
4.853270
70
0
0
VERTEX
8
Layer 1
10
7.440603
20
5.162832
70
0
0
VERTEX
8
Layer 1
10
7.219875
20
5.429763
70
0
0
VERTEX
8
Layer 1
10
6.921756
20
5.544096
70
0
0
VERTEX
8
Layer 1
10
7.528180
20
6.963849
70
0
0
VERTEX
8
Layer 1
10
7.767099
20
8.639188
70
0
0
VERTEX
8
Layer 1
10
7.767099
20
12.419550
70
0
0
VERTEX
8
Layer 1
10
7.724236
20
12.462412
70
0
0
VERTEX
8
Layer 1
10
3.990176
20
12.462412
70
0
0
VERTEX
8
Layer 1
10
3.987266
20
12.462412
70
0
0
VERTEX
8
Layer 1
10
0.250031
20
12.462412
70
0
0
VERTEX
8
Layer 1
10
0.207168
20
12.419550
70
0
0
VERTEX
8
Layer 1
10
0.207168
20
8.639453
70
0
0
VERTEX
8
Layer 1
10
0.446087
20
6.962823
70
0
0
VERTEX
8
Layer 1
10
1.052511
20
5.544361
70
0
0
VERTEX
8
Layer 1
10
0.755947
20
5.430028
70
0
0
VERTEX
8
Layer 1
10
0.536574
20
5.163097
70
0
0
VERTEX
8
Layer 1
10
0.387614
20
4.853535
70
0
0
VERTEX
8
Layer 1
10
0.278606
20
4.624141
70
0
0
VERTEX
8
Layer 1
10
0.192319
20
4.179245
70
0
0
VERTEX
8
Layer 1
10
0.482070
20
3.506542
70
0
0
VERTEX
8
Layer 1
10
1.213278
20
2.888245
70
0
0
VERTEX
8
Layer 1
10
2.316160
20
2.334440
70
0
0
VERTEX
8
Layer 1
10
2.353466
20
2.320152
70
0
0
VERTEX
8
Layer 1
10
2.556930
20
2.239984
70
0
0
VERTEX
8
Layer 1
10
2.321980
20
2.036519
70
0
0
VERTEX
8
Layer 1
10
2.256364
20
1.981751
70
0
0
VERTEX
8
Layer 1
10
2.210591
20
1.941534
70
0
0
VERTEX
8
Layer 1
10
2.204770
20
1.938624
70
0
0
VERTEX
8
Layer 1
10
2.190483
20
1.921426
70
0
0
VERTEX
8
Layer 1
10
2.081474
20
1.608953
70
0
0
VERTEX
8
Layer 1
10
2.081474
20
0.883996
70
0
0
VERTEX
8
Layer 1
10
2.337657
20
0.570167
70
0
0
VERTEX
8
Layer 1
10
2.883955
20
0.479978
70
0
0
VERTEX
8
Layer 1
10
5.090842
20
0.479978
70
0
0
VERTEX
8
Layer 1
10
5.637139
20
0.570267
70
0
0
VERTEX
8
Layer 1
10
5.893322
20
0.883996
70
0
0
VERTEX
8
Layer 1
10
5.893322
20
1.608953
70
0
0
VERTEX
8
Layer 1
10
5.784314
20
1.921426
70
0
0
VERTEX
8
Layer 1
10
5.770026
20
1.938624
70
0
0
VERTEX
8
Layer 1
10
5.764205
20
1.941534
70
0
0
VERTEX
8
Layer 1
10
5.718432
20
1.981751
70
0
0
VERTEX
8
Layer 1
10
5.652551
20
2.036255
70
0
0
VERTEX
8
Layer 1
10
5.414691
20
2.239719
70
0
0
VERTEX
8
Layer 1
10
5.618155
20
2.322798
70
0
0
VERTEX
8
Layer 1
10
5.655462
20
2.337086
70
0
0
VERTEX
8
Layer 1
10
6.759533
20
2.893074
70
0
0
VERTEX
8
Layer 1
10
7.489551
20
3.509188
70
0
0
VERTEX
8
Layer 1
10
7.784363
20
4.178120
70
0
0
VERTEX
8
Layer 1
10
7.698572
20
4.621231
70
0
0
VERTEX
8
Layer 1
10
7.698572
20
4.621231
70
0
0
SEQEND
8
Layer 1
0
POLYLINE
8
Layer 1
62
7
70
0
10
0.000000
20
0.000000
66
1
0
VERTEX
8
Layer 1
10
0.293158
20
9.476329
70
0
0
VERTEX
8
Layer 1
10
7.684284
20
9.476329
70
0
0
VERTEX
8
Layer 1
10
7.684284
20
8.642363
70
0
0
VERTEX
8
Layer 1
10
7.534945
20
7.318468
70
0
0
VERTEX
8
Layer 1
10
7.139255
20
6.150372
70
0
0
VERTEX
8
Layer 1
10
6.575707
20
5.142339
70
0
0
VERTEX
8
Layer 1
10
5.922790
20
4.298638
70
0
0
VERTEX
8
Layer 1
10
4.662816
20
3.121293
70
0
0
VERTEX
8
Layer 1
10
3.987266
20
2.652469
70
0
0
VERTEX
8
Layer 1
10
3.312831
20
3.121293
70
0
0
VERTEX
8
Layer 1
10
2.052734
20
4.298638
70
0
0
VERTEX
8
Layer 1
10
1.399523
20
5.142339
70
0
0
VERTEX
8
Layer 1
10
0.835648
20
6.150372
70
0
0
VERTEX
8
Layer 1
10
0.439695
20
7.318468
70
0
0
VERTEX
8
Layer 1
10
0.290248
20
8.642363
70
0
0
VERTEX
8
Layer 1
10
0.290248
20
9.476329
70
0
0
VERTEX
8
Layer 1
10
0.293158
20
9.476329
70
0
0
VERTEX
8
Layer 1
10
0.293158
20
9.476329
70
0
0
SEQEND
8
Layer 1
0
POLYLINE
8
Layer 1
62
7
70
0
10
0.000000
20
0.000000
66
1
0
VERTEX
8
Layer 1
10
7.217295
20
5.257553
70
0
0
VERTEX
8
Layer 1
10
7.223116
20
4.667268
70
0
0
VERTEX
8
Layer 1
10
7.165701
20
4.555614
70
0
0
VERTEX
8
Layer 1
10
6.899266
20
4.942434
70
0
0
VERTEX
8
Layer 1
10
6.856404
20
4.959632
70
0
0
VERTEX
8
Layer 1
10
6.822008
20
4.928147
70
0
0
VERTEX
8
Layer 1
10
6.658760
20
4.767545
70
0
0
VERTEX
8
Layer 1
10
6.409523
20
4.756168
70
0
0
VERTEX
8
Layer 1
10
6.879423
20
5.458371
70
0
0
VERTEX
8
Layer 1
10
6.922285
20
5.455461
70
0
0
VERTEX
8
Layer 1
10
6.925195
20
5.455461
70
0
0
VERTEX
8
Layer 1
10
7.217295
20
5.257553
70
0
0
VERTEX
8
Layer 1
10
7.217295
20
5.257553
70
0
0
SEQEND
8
Layer 1
0
POLYLINE
8
Layer 1
62
7
70
0
10
0.000000
20
0.000000
66
1
0
VERTEX
8
Layer 1
10
4.847161
20
1.540426
70
0
0
VERTEX
8
Layer 1
10
4.892933
20
1.491743
70
0
0
VERTEX
8
Layer 1
10
3.084509
20
1.491743
70
0
0
VERTEX
8
Layer 1
10
3.130281
20
1.540426
70
0
0
VERTEX
8
Layer 1
10
3.325279
20
1.950265
70
0
0
VERTEX
8
Layer 1
10
3.325279
20
2.466202
70
0
0
VERTEX
8
Layer 1
10
3.249856
20
2.790684
70
0
0
VERTEX
8
Layer 1
10
3.046541
20
3.032641
70
0
0
VERTEX
8
Layer 1
10
2.393947
20
3.394888
70
0
0
VERTEX
8
Layer 1
10
1.857902
20
3.658678
70
0
0
VERTEX
8
Layer 1
10
1.253065
20
4.076983
70
0
0
VERTEX
8
Layer 1
10
1.648617
20
4.650070
70
0
0
VERTEX
8
Layer 1
10
2.450890
20
3.754932
70
0
0
VERTEX
8
Layer 1
10
3.192194
20
3.103550
70
0
0
VERTEX
8
Layer 1
10
3.964247
20
2.560923
70
0
0
VERTEX
8
Layer 1
10
4.007110
20
2.560923
70
0
0
VERTEX
8
Layer 1
10
4.779163
20
3.102557
70
0
0
VERTEX
8
Layer 1
10
5.520466
20
3.754635
70
0
0
VERTEX
8
Layer 1
10
6.322740
20
4.650070
70
0
0
VERTEX
8
Layer 1
10
6.718292
20
4.076983
70
0
0
VERTEX
8
Layer 1
10
6.113455
20
3.658678
70
0
0
VERTEX
8
Layer 1
10
5.577410
20
3.394888
70
0
0
VERTEX
8
Layer 1
10
4.923625
20
3.032641
70
0
0
VERTEX
8
Layer 1
10
4.721054
20
2.790684
70
0
0
VERTEX
8
Layer 1
10
4.646077
20
2.466202
70
0
0
VERTEX
8
Layer 1
10
4.646077
20
1.950265
70
0
0
VERTEX
8
Layer 1
10
4.847161
20
1.540426
70
0
0
VERTEX
8
Layer 1
10
4.847161
20
1.540426
70
0
0
SEQEND
8
Layer 1
0
POLYLINE
8
Layer 1
62
7
70
0
10
0.000000
20
0.000000
66
1
0
VERTEX
8
Layer 1
10
1.190094
20
4.134133
70
0
0
VERTEX
8
Layer 1
10
0.866245
20
4.478091
70
0
0
VERTEX
8
Layer 1
10
1.115482
20
4.839247
70
0
0
VERTEX
8
Layer 1
10
1.290371
20
4.690287
70
0
0
VERTEX
8
Layer 1
10
1.556806
20
4.664622
70
0
0
VERTEX
8
Layer 1
10
1.190094
20
4.134133
70
0
0
VERTEX
8
Layer 1
10
1.190094
20
4.134133
70
0
0
SEQEND
8
Layer 1
0
POLYLINE
8
Layer 1
62
7
70
0
10
0.000000
20
0.000000
66
1
0
VERTEX
8
Layer 1
10
6.423281
20
4.661447
70
0
0
VERTEX
8
Layer 1
10
6.689717
20
4.687112
70
0
0
VERTEX
8
Layer 1
10
6.861696
20
4.836072
70
0
0
VERTEX
8
Layer 1
10
7.110933
20
4.474916
70
0
0
VERTEX
8
Layer 1
10
6.787083
20
4.130958
70
0
0
VERTEX
8
Layer 1
10
6.423281
20
4.661447
70
0
0
VERTEX
8
Layer 1
10
6.423281
20
4.661447
70
0
0
SEQEND
8
Layer 1
0
POLYLINE
8
Layer 1
62
7
70
0
10
0.000000
20
0.000000
66
1
0
VERTEX
8
Layer 1
10
0.293158
20
12.376423
70
0
0
VERTEX
8
Layer 1
10
7.684284
20
12.376423
70
0
0
VERTEX
8
Layer 1
10
7.684284
20
9.562054
70
0
0
VERTEX
8
Layer 1
10
0.293158
20
9.562054
70
0
0
VERTEX
8
Layer 1
10
0.293158
20
12.376423
70
0
0
VERTEX
8
Layer 1
10
0.293158
20
12.376423
70
0
0
SEQEND
8
Layer 1
0
POLYLINE
8
Layer 1
62
7
70
0
10
0.000000
20
0.000000
66
1
0
VERTEX
8
Layer 1
10
0.763057
20
5.257553
70
0
0
VERTEX
8
Layer 1
10
1.058332
20
5.455196
70
0
0
VERTEX
8
Layer 1
10
1.061242
20
5.455196
70
0
0
VERTEX
8
Layer 1
10
1.101459
20
5.458107
70
0
0
VERTEX
8
Layer 1
10
1.571358
20
4.755903
70
0
0
VERTEX
8
Layer 1
10
1.324767
20
4.767280
70
0
0
VERTEX
8
Layer 1
10
1.161519
20
4.927882
70
0
0
VERTEX
8
Layer 1
10
1.127124
20
4.959368
70
0
0
VERTEX
8
Layer 1
10
1.084261
20
4.942170
70
0
0
VERTEX
8
Layer 1
10
0.817561
20
4.555350
70
0
0
VERTEX
8
Layer 1
10
0.757501
20
4.667004
70
0
0
VERTEX
8
Layer 1
10
0.763057
20
5.257553
70
0
0
VERTEX
8
Layer 1
10
0.763057
20
5.257553
70
0
0
SEQEND
8
Layer 1
0
POLYLINE
8
Layer 1
62
7
70
0
10
0.000000
20
0.000000
66
1
0
VERTEX
8
Layer 1
10
2.388126
20
2.397411
70
0
0
VERTEX
8
Layer 1
10
2.350820
20
2.411698
70
0
0
VERTEX
8
Layer 1
10
1.266460
20
2.955846
70
0
0
VERTEX
8
Layer 1
10
0.553772
20
3.558136
70
0
0
VERTEX
8
Layer 1
10
0.284791
20
4.153911
70
0
0
VERTEX
8
Layer 1
10
0.361685
20
4.584189
70
0
0
VERTEX
8
Layer 1
10
0.470693
20
4.816228
70
0
0
VERTEX
8
Layer 1
10
0.616743
20
5.122880
70
0
0
VERTEX
8
Layer 1
10
0.622564
20
5.128701
70
0
0
VERTEX
8
Layer 1
10
0.679978
20
4.632872
70
0
0
VERTEX
8
Layer 1
10
1.153913
20
4.050062
70
0
0
VERTEX
8
Layer 1
10
1.823506
20
3.581155
70
0
0
VERTEX
8
Layer 1
10
2.365107
20
3.314720
70
0
0
VERTEX
8
Layer 1
10
2.991276
20
2.972250
70
0
0
VERTEX
8
Layer 1
10
3.179159
20
2.754569
70
0
0
VERTEX
8
Layer 1
10
3.247756
20
2.466467
70
0
0
VERTEX
8
Layer 1
10
3.247756
20
1.950530
70
0
0
VERTEX
8
Layer 1
10
3.233469
20
1.824324
70
0
0
VERTEX
8
Layer 1
10
3.156211
20
1.976194
70
0
0
VERTEX
8
Layer 1
10
2.388126
20
2.397411
70
0
0
VERTEX
8
Layer 1
10
2.388126
20
2.397411
70
0
0
SEQEND
8
Layer 1
0
POLYLINE
8
Layer 1
62
7
70
0
10
0.000000
20
0.000000
66
1
0
VERTEX
8
Layer 1
10
2.241812
20
1.838611
70
0
0
VERTEX
8
Layer 1
10
2.250278
20
1.847078
70
0
0
VERTEX
8
Layer 1
10
2.253189
20
1.852899
70
0
0
VERTEX
8
Layer 1
10
2.313249
20
1.910313
70
0
0
VERTEX
8
Layer 1
10
2.379130
20
1.964817
70
0
0
VERTEX
8
Layer 1
10
2.645565
20
2.199767
70
0
0
VERTEX
8
Layer 1
10
3.086890
20
1.918780
70
0
0
VERTEX
8
Layer 1
10
3.115465
20
1.643614
70
0
0
VERTEX
8
Layer 1
10
3.115465
20
1.643614
70
0
0
VERTEX
8
Layer 1
10
3.075248
20
1.606307
70
0
0
VERTEX
8
Layer 1
10
2.966240
20
1.494653
70
0
0
VERTEX
8
Layer 1
10
2.888982
20
1.494653
70
0
0
VERTEX
8
Layer 1
10
2.447227
20
1.569530
70
0
0
VERTEX
8
Layer 1
10
2.235462
20
1.741245
70
0
0
VERTEX
8
Layer 1
10
2.241812
20
1.838611
70
0
0
VERTEX
8
Layer 1
10
2.241812
20
1.838611
70
0
0
SEQEND
8
Layer 1
0
POLYLINE
8
Layer 1
62
7
70
0
10
0.000000
20
0.000000
66
1
0
VERTEX
8
Layer 1
10
5.804157
20
1.669543
70
0
0
VERTEX
8
Layer 1
10
5.807068
20
1.606572
70
0
0
VERTEX
8
Layer 1
10
5.807068
20
0.881615
70
0
0
VERTEX
8
Layer 1
10
5.573904
20
0.637041
70
0
0
VERTEX
8
Layer 1
10
5.093487
20
0.566496
70
0
0
VERTEX
8
Layer 1
10
2.886601
20
0.566496
70
0
0
VERTEX
8
Layer 1
10
2.406184
20
0.637041
70
0
0
VERTEX
8
Layer 1
10
2.173020
20
0.881615
70
0
0
VERTEX
8
Layer 1
10
2.173020
20
1.606572
70
0
0
VERTEX
8
Layer 1
10
2.175931
20
1.669543
70
0
0
VERTEX
8
Layer 1
10
2.420637
20
1.486154
70
0
0
VERTEX
8
Layer 1
10
2.886601
20
1.405753
70
0
0
VERTEX
8
Layer 1
10
5.093487
20
1.405753
70
0
0
VERTEX
8
Layer 1
10
5.093487
20
1.405753
70
0
0
VERTEX
8
Layer 1
10
5.559650
20
1.483872
70
0
0
VERTEX
8
Layer 1
10
5.804157
20
1.669543
70
0
0
VERTEX
8
Layer 1
10
5.804157
20
1.669543
70
0
0
SEQEND
8
Layer 1
0
POLYLINE
8
Layer 1
62
7
70
0
10
0.000000
20
0.000000
66
1
0
VERTEX
8
Layer 1
10
5.603603
20
1.961642
70
0
0
VERTEX
8
Layer 1
10
5.666574
20
1.910049
70
0
0
VERTEX
8
Layer 1
10
5.726634
20
1.852634
70
0
0
VERTEX
8
Layer 1
10
5.729545
20
1.849724
70
0
0
VERTEX
8
Layer 1
10
5.735366
20
1.841257
70
0
0
VERTEX
8
Layer 1
10
5.743832
20
1.740980
70
0
0
VERTEX
8
Layer 1
10
5.533158
20
1.569365
70
0
0
VERTEX
8
Layer 1
10
5.090312
20
1.494389
70
0
0
VERTEX
8
Layer 1
10
5.090312
20
1.494389
70
0
0
VERTEX
8
Layer 1
10
5.090312
20
1.494389
70
0
0
VERTEX
8
Layer 1
10
5.013054
20
1.494389
70
0
0
VERTEX
8
Layer 1
10
4.904046
20
1.606043
70
0
0
VERTEX
8
Layer 1
10
4.863829
20
1.643349
70
0
0
VERTEX
8
Layer 1
10
4.863829
20
1.643349
70
0
0
VERTEX
8
Layer 1
10
4.892404
20
1.918515
70
0
0
VERTEX
8
Layer 1
10
5.333729
20
2.199502
70
0
0
VERTEX
8
Layer 1
10
5.603603
20
1.961642
70
0
0
VERTEX
8
Layer 1
10
5.603603
20
1.961642
70
0
0
SEQEND
8
Layer 1
0
POLYLINE
8
Layer 1
62
7
70
0
10
0.000000
20
0.000000
66
1
0
VERTEX
8
Layer 1
10
7.429226
20
3.558136
70
0
0
VERTEX
8
Layer 1
10
6.715546
20
2.955846
70
0
0
VERTEX
8
Layer 1
10
5.632178
20
2.411698
70
0
0
VERTEX
8
Layer 1
10
5.594872
20
2.397411
70
0
0
VERTEX
8
Layer 1
10
4.832608
20
1.976194
70
0
0
VERTEX
8
Layer 1
10
4.755350
20
1.824324
70
0
0
VERTEX
8
Layer 1
10
4.741063
20
1.950530
70
0
0
VERTEX
8
Layer 1
10
4.741063
20
2.466467
70
0
0
VERTEX
8
Layer 1
10
4.809615
20
2.756206
70
0
0
VERTEX
8
Layer 1
10
4.997179
20
2.974433
70
0
0
VERTEX
8
Layer 1
10
5.620801
20
3.314720
70
0
0
VERTEX
8
Layer 1
10
6.162403
20
3.581155
70
0
0
VERTEX
8
Layer 1
10
6.830541
20
4.051154
70
0
0
VERTEX
8
Layer 1
10
7.303020
20
4.632872
70
0
0
VERTEX
8
Layer 1
10
7.360434
20
5.128701
70
0
0
VERTEX
8
Layer 1
10
7.363345
20
5.122880
70
0
0
VERTEX
8
Layer 1
10
7.509395
20
4.816228
70
0
0
VERTEX
8
Layer 1
10
7.618403
20
4.584189
70
0
0
VERTEX
8
Layer 1
10
7.696852
20
4.153911
70
0
0
VERTEX
8
Layer 1
10
7.429226
20
3.558136
70
0
0
VERTEX
8
Layer 1
10
7.429226
20
3.558136
70
0
0
SEQEND
8
Layer 1
0
POLYLINE
8
Layer 1
62
7
70
0
10
0.000000
20
0.000000
66
1
0
VERTEX
8
Layer 1
10
1.579825
20
3.483524
70
0
0
VERTEX
8
Layer 1
10
1.605490
20
3.532207
70
0
0
VERTEX
8
Layer 1
10
1.427690
20
3.652592
70
0
0
VERTEX
8
Layer 1
10
1.402290
20
3.600999
70
0
0
VERTEX
8
Layer 1
10
1.445152
20
3.569513
70
0
0
VERTEX
8
Layer 1
10
1.261796
20
3.185603
70
0
0
VERTEX
8
Layer 1
10
1.216023
20
3.211268
70
0
0
VERTEX
8
Layer 1
10
1.190359
20
3.162585
70
0
0
VERTEX
8
Layer 1
10
1.491190
20
2.976318
70
0
0
VERTEX
8
Layer 1
10
1.577179
20
3.087972
70
0
0
VERTEX
8
Layer 1
10
1.580090
20
3.093793
70
0
0
VERTEX
8
Layer 1
10
1.537227
20
3.136655
70
0
0
VERTEX
8
Layer 1
10
1.459969
20
3.064953
70
0
0
VERTEX
8
Layer 1
10
1.342494
20
3.136655
70
0
0
VERTEX
8
Layer 1
10
1.522940
20
3.517920
70
0
0
VERTEX
8
Layer 1
10
1.579825
20
3.483524
70
0
0
VERTEX
8
Layer 1
10
1.579825
20
3.483524
70
0
0
VERTEX
8
Layer 1
10
1.579825
20
3.483524
70
0
0
SEQEND
8
Layer 1
0
POLYLINE
8
Layer 1
62
7
70
0
10
0.000000
20
0.000000
66
1
0
VERTEX
8
Layer 1
10
1.109926
20
3.449128
70
0
0
VERTEX
8
Layer 1
10
1.181628
20
3.580890
70
0
0
VERTEX
8
Layer 1
10
1.144321
20
3.612376
70
0
0
VERTEX
8
Layer 1
10
1.118657
20
3.577980
70
0
0
VERTEX
8
Layer 1
10
1.038488
20
3.635394
70
0
0
VERTEX
8
Layer 1
10
1.121567
20
3.798642
70
0
0
VERTEX
8
Layer 1
10
1.221844
20
3.709742
70
0
0
VERTEX
8
Layer 1
10
1.201736
20
3.623753
70
0
0
VERTEX
8
Layer 1
10
1.244598
20
3.592267
70
0
0
VERTEX
8
Layer 1
10
1.307569
20
3.726940
70
0
0
VERTEX
8
Layer 1
10
1.038224
20
3.941782
70
0
0
VERTEX
8
Layer 1
10
1.012559
20
3.896009
70
0
0
VERTEX
8
Layer 1
10
1.052776
20
3.858702
70
0
0
VERTEX
8
Layer 1
10
0.860688
20
3.486170
70
0
0
VERTEX
8
Layer 1
10
0.820472
20
3.514745
70
0
0
VERTEX
8
Layer 1
10
0.794807
20
3.468972
70
0
0
VERTEX
8
Layer 1
10
1.067063
20
3.242489
70
0
0
VERTEX
8
Layer 1
10
1.147232
20
3.357053
70
0
0
VERTEX
8
Layer 1
10
1.150142
20
3.362874
70
0
0
VERTEX
8
Layer 1
10
1.107280
20
3.405736
70
0
0
VERTEX
8
Layer 1
10
1.047220
20
3.336945
70
0
0
VERTEX
8
Layer 1
10
0.938211
20
3.425845
70
0
0
VERTEX
8
Layer 1
10
1.018380
20
3.589092
70
0
0
VERTEX
8
Layer 1
10
1.092992
20
3.523211
70
0
0
VERTEX
8
Layer 1
10
1.072884
20
3.477438
70
0
0
VERTEX
8
Layer 1
10
1.109926
20
3.449128
70
0
0
VERTEX
8
Layer 1
10
1.109926
20
3.449128
70
0
0
VERTEX
8
Layer 1
10
1.109926
20
3.449128
70
0
0
SEQEND
8
Layer 1
0
POLYLINE
8
Layer 1
62
7
70
0
10
0.000000
20
0.000000
66
1
0
VERTEX
8
Layer 1
10
2.703245
20
2.973408
70
0
0
VERTEX
8
Layer 1
10
2.296316
20
3.168405
70
0
0
VERTEX
8
Layer 1
10
2.227524
20
3.036643
70
0
0
VERTEX
8
Layer 1
10
2.282028
20
3.005158
70
0
0
VERTEX
8
Layer 1
10
2.336532
20
3.079770
70
0
0
VERTEX
8
Layer 1
10
2.433899
20
3.048285
70
0
0
VERTEX
8
Layer 1
10
2.256099
20
2.652733
70
0
0
VERTEX
8
Layer 1
10
2.196039
20
2.675752
70
0
0
VERTEX
8
Layer 1
10
2.173020
20
2.629979
70
0
0
VERTEX
8
Layer 1
10
2.385216
20
2.535523
70
0
0
VERTEX
8
Layer 1
10
2.408234
20
2.584206
70
0
0
VERTEX
8
Layer 1
10
2.348174
20
2.612781
70
0
0
VERTEX
8
Layer 1
10
2.528620
20
3.008333
70
0
0
VERTEX
8
Layer 1
10
2.611699
20
2.950918
70
0
0
VERTEX
8
Layer 1
10
2.583124
20
2.870750
70
0
0
VERTEX
8
Layer 1
10
2.643184
20
2.842175
70
0
0
VERTEX
8
Layer 1
10
2.703245
20
2.973408
70
0
0
VERTEX
8
Layer 1
10
2.703245
20
2.973408
70
0
0
VERTEX
8
Layer 1
10
2.703245
20
2.973408
70
0
0
SEQEND
8
Layer 1
0
POLYLINE
8
Layer 1
62
7
70
0
10
0.000000
20
0.000000
66
1
0
VERTEX
8
Layer 1
10
2.233345
20
3.196980
70
0
0
VERTEX
8
Layer 1
10
2.061366
20
3.282970
70
0
0
VERTEX
8
Layer 1
10
2.038347
20
3.237197
70
0
0
VERTEX
8
Layer 1
10
2.098408
20
3.205712
70
0
0
VERTEX
8
Layer 1
10
1.981661
20
2.954986
70
0
0
VERTEX
8
Layer 1
10
1.808954
20
2.867575
70
0
0
VERTEX
8
Layer 1
10
1.803133
20
3.116812
70
0
0
VERTEX
8
Layer 1
10
1.897589
20
3.308899
70
0
0
VERTEX
8
Layer 1
10
1.957650
20
3.280324
70
0
0
VERTEX
8
Layer 1
10
1.980668
20
3.326097
70
0
0
VERTEX
8
Layer 1
10
1.791491
20
3.426374
70
0
0
VERTEX
8
Layer 1
10
1.768473
20
3.380601
70
0
0
VERTEX
8
Layer 1
10
1.808689
20
3.357582
70
0
0
VERTEX
8
Layer 1
10
1.751275
20
3.228730
70
0
0
VERTEX
8
Layer 1
10
1.682483
20
2.896414
70
0
0
VERTEX
8
Layer 1
10
1.745454
20
2.836354
70
0
0
VERTEX
8
Layer 1
10
1.862929
20
2.793491
70
0
0
VERTEX
8
Layer 1
10
2.044962
20
2.909544
70
0
0
VERTEX
8
Layer 1
10
2.175401
20
3.171845
70
0
0
VERTEX
8
Layer 1
10
2.218264
20
3.151737
70
0
0
VERTEX
8
Layer 1
10
2.233345
20
3.196980
70
0
0
VERTEX
8
Layer 1
10
2.233345
20
3.196980
70
0
0
VERTEX
8
Layer 1
10
2.233345
20
3.196980
70
0
0
SEQEND
8
Layer 1
0
POLYLINE
8
Layer 1
62
7
70
0
10
0.000000
20
0.000000
66
1
0
VERTEX
8
Layer 1
10
0.929480
20
3.967975
70
0
0
VERTEX
8
Layer 1
10
0.963876
20
3.939400
70
0
0
VERTEX
8
Layer 1
10
0.986895
20
3.990994
70
0
0
VERTEX
8
Layer 1
10
0.852222
20
4.119846
70
0
0
VERTEX
8
Layer 1
10
0.826557
20
4.071163
70
0
0
VERTEX
8
Layer 1
10
0.875241
20
4.025390
70
0
0
VERTEX
8
Layer 1
10
0.654578
20
3.784619
70
0
0
VERTEX
8
Layer 1
10
0.654578
20
3.781709
70
0
0
VERTEX
8
Layer 1
10
0.717549
20
4.194458
70
0
0
VERTEX
8
Layer 1
10
0.763322
20
4.145775
70
0
0
VERTEX
8
Layer 1
10
0.791897
20
4.191548
70
0
0
VERTEX
8
Layer 1
10
0.657224
20
4.374904
70
0
0
VERTEX
8
Layer 1
10
0.622828
20
4.332041
70
0
0
VERTEX
8
Layer 1
10
0.648493
20
4.289179
70
0
0
VERTEX
8
Layer 1
10
0.559593
20
3.727469
70
0
0
VERTEX
8
Layer 1
10
0.605366
20
3.667409
70
0
0
VERTEX
8
Layer 1
10
0.929480
20
3.967975
70
0
0
VERTEX
8
Layer 1
10
0.929480
20
3.967975
70
0
0
VERTEX
8
Layer 1
10
0.929480
20
3.967975
70
0
0
SEQEND
8
Layer 1
0
POLYLINE
8
Layer 1
62
7
70
0
10
0.000000
20
0.000000
66
1
0
VERTEX
8
Layer 1
10
5.732720
20
2.921814
70
0
0
VERTEX
8
Layer 1
10
5.732720
20
2.921814
70
0
0
VERTEX
8
Layer 1
10
5.752828
20
3.153853
70
0
0
VERTEX
8
Layer 1
10
5.755739
20
3.156764
70
0
0
VERTEX
8
Layer 1
10
5.841728
20
2.973408
70
0
0
VERTEX
8
Layer 1
10
5.732720
20
2.921814
70
0
0
VERTEX
8
Layer 1
10
5.732720
20
2.921814
70
0
0
VERTEX
8
Layer 1
10
5.732720
20
2.921814
70
0
0
SEQEND
8
Layer 1
0
POLYLINE
8
Layer 1
62
7
70
0
10
0.000000
20
0.000000
66
1
0
VERTEX
8
Layer 1
10
6.156846
20
2.976318
70
0
0
VERTEX
8
Layer 1
10
6.168223
20
2.893239
70
0
0
VERTEX
8
Layer 1
10
6.019263
20
2.813070
70
0
0
VERTEX
8
Layer 1
10
5.950472
20
2.967852
70
0
0
VERTEX
8
Layer 1
10
6.073767
20
3.025266
70
0
0
VERTEX
8
Layer 1
10
6.096786
20
2.985049
70
0
0
VERTEX
8
Layer 1
10
6.145469
20
3.010714
70
0
0
VERTEX
8
Layer 1
10
6.079588
20
3.156764
70
0
0
VERTEX
8
Layer 1
10
6.030905
20
3.133745
70
0
0
VERTEX
8
Layer 1
10
6.042282
20
3.087972
70
0
0
VERTEX
8
Layer 1
10
5.921897
20
3.016270
70
0
0
VERTEX
8
Layer 1
10
5.835907
20
3.202537
70
0
0
VERTEX
8
Layer 1
10
5.979311
20
3.271328
70
0
0
VERTEX
8
Layer 1
10
6.030905
20
3.205447
70
0
0
VERTEX
8
Layer 1
10
6.079588
20
3.234022
70
0
0
VERTEX
8
Layer 1
10
6.019528
20
3.354407
70
0
0
VERTEX
8
Layer 1
10
5.698589
20
3.193805
70
0
0
VERTEX
8
Layer 1
10
5.649905
20
2.643473
70
0
0
VERTEX
8
Layer 1
10
5.607043
20
2.617808
70
0
0
VERTEX
8
Layer 1
10
5.627151
20
2.569125
70
0
0
VERTEX
8
Layer 1
10
5.796220
20
2.643737
70
0
0
VERTEX
8
Layer 1
10
5.776111
20
2.692421
70
0
0
VERTEX
8
Layer 1
10
5.718697
20
2.669402
70
0
0
VERTEX
8
Layer 1
10
5.724518
20
2.864400
70
0
0
VERTEX
8
Layer 1
10
5.862101
20
2.930281
70
0
0
VERTEX
8
Layer 1
10
5.933803
20
2.769679
70
0
0
VERTEX
8
Layer 1
10
5.882209
20
2.744014
70
0
0
VERTEX
8
Layer 1
10
5.905228
20
2.698241
70
0
0
VERTEX
8
Layer 1
10
6.249186
20
2.867310
70
0
0
VERTEX
8
Layer 1
10
6.211880
20
2.996162
70
0
0
VERTEX
8
Layer 1
10
6.156846
20
2.976318
70
0
0
VERTEX
8
Layer 1
10
6.156846
20
2.976318
70
0
0
VERTEX
8
Layer 1
10
6.156846
20
2.976318
70
0
0
SEQEND
8
Layer 1
0
POLYLINE
8
Layer 1
62
7
70
0
10
0.000000
20
0.000000
66
1
0
VERTEX
8
Layer 1
10
6.552398
20
3.603909
70
0
0
VERTEX
8
Layer 1
10
6.589704
20
3.632484
70
0
0
VERTEX
8
Layer 1
10
6.566685
20
3.678257
70
0
0
VERTEX
8
Layer 1
10
6.406084
20
3.572159
70
0
0
VERTEX
8
Layer 1
10
6.429102
20
3.526386
70
0
0
VERTEX
8
Layer 1
10
6.483606
20
3.560782
70
0
0
VERTEX
8
Layer 1
10
6.523823
20
3.211268
70
0
0
VERTEX
8
Layer 1
10
6.529644
20
3.151208
70
0
0
VERTEX
8
Layer 1
10
6.529644
20
3.148297
70
0
0
VERTEX
8
Layer 1
10
6.463763
20
3.211268
70
0
0
VERTEX
8
Layer 1
10
6.332000
20
3.363139
70
0
0
VERTEX
8
Layer 1
10
6.271940
20
3.431930
70
0
0
VERTEX
8
Layer 1
10
6.332000
20
3.469236
70
0
0
VERTEX
8
Layer 1
10
6.314802
20
3.517920
70
0
0
VERTEX
8
Layer 1
10
6.114249
20
3.403355
70
0
0
VERTEX
8
Layer 1
10
6.134357
20
3.354672
70
0
0
VERTEX
8
Layer 1
10
6.177219
20
3.374780
70
0
0
VERTEX
8
Layer 1
10
6.260298
20
3.285880
70
0
0
VERTEX
8
Layer 1
10
6.446565
20
3.093793
70
0
0
VERTEX
8
Layer 1
10
6.526733
20
3.013624
70
0
0
VERTEX
8
Layer 1
10
6.592615
20
3.053841
70
0
0
VERTEX
8
Layer 1
10
6.566950
20
3.437751
70
0
0
VERTEX
8
Layer 1
10
6.552398
20
3.603909
70
0
0
VERTEX
8
Layer 1
10
6.552398
20
3.603909
70
0
0
VERTEX
8
Layer 1
10
6.552398
20
3.603909
70
0
0
SEQEND
8
Layer 1
0
POLYLINE
8
Layer 1
62
7
70
0
10
0.000000
20
0.000000
66
1
0
VERTEX
8
Layer 1
10
5.050625
20
0.981627
70
0
0
VERTEX
8
Layer 1
10
5.050625
20
1.193822
70
0
0
VERTEX
8
Layer 1
10
5.136614
20
1.188002
70
0
0
VERTEX
8
Layer 1
10
5.179477
20
1.021844
70
0
0
VERTEX
8
Layer 1
10
5.050625
20
0.981627
70
0
0
VERTEX
8
Layer 1
10
5.050625
20
0.981627
70
0
0
VERTEX
8
Layer 1
10
5.050625
20
0.981627
70
0
0
SEQEND
8
Layer 1
0
POLYLINE
8
Layer 1
62
7
70
0
10
0.000000
20
0.000000
66
1
0
VERTEX
8
Layer 1
10
5.291395
20
0.812558
70
0
0
VERTEX
8
Layer 1
10
5.194029
20
0.953052
70
0
0
VERTEX
8
Layer 1
10
5.194029
20
0.958873
70
0
0
VERTEX
8
Layer 1
10
5.292917
20
1.060539
70
0
0
VERTEX
8
Layer 1
10
5.254089
20
1.196733
70
0
0
VERTEX
8
Layer 1
10
4.907221
20
1.239595
70
0
0
VERTEX
8
Layer 1
10
4.904310
20
1.190912
70
0
0
VERTEX
8
Layer 1
10
4.904310
20
1.190912
70
0
0
VERTEX
8
Layer 1
10
4.955904
20
1.188002
70
0
0
VERTEX
8
Layer 1
10
4.955904
20
0.766786
70
0
0
VERTEX
8
Layer 1
10
4.904310
20
0.763875
70
0
0
VERTEX
8
Layer 1
10
4.904310
20
0.715192
70
0
0
VERTEX
8
Layer 1
10
4.904310
20
0.712281
70
0
0
VERTEX
8
Layer 1
10
5.104864
20
0.712281
70
0
0
VERTEX
8
Layer 1
10
5.104864
20
0.763875
70
0
0
VERTEX
8
Layer 1
10
5.047450
20
0.766786
70
0
0
VERTEX
8
Layer 1
10
5.047450
20
0.927387
70
0
0
VERTEX
8
Layer 1
10
5.113331
20
0.924477
70
0
0
VERTEX
8
Layer 1
10
5.233716
20
0.715192
70
0
0
VERTEX
8
Layer 1
10
5.365479
20
0.712281
70
0
0
VERTEX
8
Layer 1
10
5.365479
20
0.763875
70
0
0
VERTEX
8
Layer 1
10
5.316795
20
0.766786
70
0
0
VERTEX
8
Layer 1
10
5.291395
20
0.812558
70
0
0
VERTEX
8
Layer 1
10
5.291395
20
0.812558
70
0
0
VERTEX
8
Layer 1
10
5.291395
20
0.812558
70
0
0
SEQEND
8
Layer 1
0
POLYLINE
8
Layer 1
62
7
70
0
10
0.000000
20
0.000000
66
1
0
VERTEX
8
Layer 1
10
4.067434
20
0.835577
70
0
0
VERTEX
8
Layer 1
10
3.970068
20
0.763875
70
0
0
VERTEX
8
Layer 1
10
3.901276
20
0.775252
70
0
0
VERTEX
8
Layer 1
10
3.895456
20
0.818115
70
0
0
VERTEX
8
Layer 1
10
3.898366
20
0.958608
70
0
0
VERTEX
8
Layer 1
10
4.067434
20
0.835577
70
0
0
VERTEX
8
Layer 1
10
4.067434
20
0.835577
70
0
0
VERTEX
8
Layer 1
10
4.067434
20
0.835577
70
0
0
SEQEND
8
Layer 1
0
POLYLINE
8
Layer 1
62
7
70
0
10
0.000000
20
0.000000
66
1
0
VERTEX
8
Layer 1
10
3.901276
20
1.193822
70
0
0
VERTEX
8
Layer 1
10
4.030128
20
1.156516
70
0
0
VERTEX
8
Layer 1
10
4.044416
20
1.096456
70
0
0
VERTEX
8
Layer 1
10
3.901012
20
1.013377
70
0
0
VERTEX
8
Layer 1
10
3.901276
20
1.193822
70
0
0
VERTEX
8
Layer 1
10
3.901276
20
1.193822
70
0
0
VERTEX
8
Layer 1
10
3.901276
20
1.193822
70
0
0
SEQEND
8
Layer 1
0
POLYLINE
8
Layer 1
62
7
70
0
10
0.000000
20
0.000000
66
1
0
VERTEX
8
Layer 1
10
4.044680
20
0.995914
70
0
0
VERTEX
8
Layer 1
10
4.041770
20
0.995914
70
0
0
VERTEX
8
Layer 1
10
4.041770
20
1.001735
70
0
0
VERTEX
8
Layer 1
10
4.133183
20
1.102078
70
0
0
VERTEX
8
Layer 1
10
4.076166
20
1.219487
70
0
0
VERTEX
8
Layer 1
10
3.749406
20
1.242506
70
0
0
VERTEX
8
Layer 1
10
3.749406
20
1.190912
70
0
0
VERTEX
8
Layer 1
10
3.803910
20
1.188002
70
0
0
VERTEX
8
Layer 1
10
3.803910
20
0.763875
70
0
0
VERTEX
8
Layer 1
10
3.749406
20
0.760965
70
0
0
VERTEX
8
Layer 1
10
3.746495
20
0.712281
70
0
0
VERTEX
8
Layer 1
10
4.093364
20
0.743767
70
0
0
VERTEX
8
Layer 1
10
4.147868
20
0.932944
70
0
0
VERTEX
8
Layer 1
10
4.044680
20
0.995914
70
0
0
VERTEX
8
Layer 1
10
4.044680
20
0.995914
70
0
0
VERTEX
8
Layer 1
10
4.044680
20
0.995914
70
0
0
SEQEND
8
Layer 1
0
POLYLINE
8
Layer 1
62
7
70
0
10
0.000000
20
0.000000
66
1
0
VERTEX
8
Layer 1
10
3.356765
20
0.981627
70
0
0
VERTEX
8
Layer 1
10
3.359675
20
1.193822
70
0
0
VERTEX
8
Layer 1
10
3.445664
20
1.188002
70
0
0
VERTEX
8
Layer 1
10
3.488527
20
1.021844
70
0
0
VERTEX
8
Layer 1
10
3.356765
20
0.981627
70
0
0
VERTEX
8
Layer 1
10
3.356765
20
0.981627
70
0
0
VERTEX
8
Layer 1
10
3.356765
20
0.981627
70
0
0
SEQEND
8
Layer 1
0
POLYLINE
8
Layer 1
62
7
70
0
10
0.000000
20
0.000000
66
1
0
VERTEX
8
Layer 1
10
3.597535
20
0.812558
70
0
0
VERTEX
8
Layer 1
10
3.500169
20
0.953052
70
0
0
VERTEX
8
Layer 1
10
3.497258
20
0.958873
70
0
0
VERTEX
8
Layer 1
10
3.596146
20
1.060539
70
0
0
VERTEX
8
Layer 1
10
3.557318
20
1.196733
70
0
0
VERTEX
8
Layer 1
10
3.210450
20
1.239595
70
0
0
VERTEX
8
Layer 1
10
3.207540
20
1.190912
70
0
0
VERTEX
8
Layer 1
10
3.207540
20
1.190912
70
0
0
VERTEX
8
Layer 1
10
3.259133
20
1.188002
70
0
0
VERTEX
8
Layer 1
10
3.259133
20
0.766786
70
0
0
VERTEX
8
Layer 1
10
3.207540
20
0.763875
70
0
0
VERTEX
8
Layer 1
10
3.204629
20
0.715192
70
0
0
VERTEX
8
Layer 1
10
3.204629
20
0.712281
70
0
0
VERTEX
8
Layer 1
10
3.405183
20
0.712281
70
0
0
VERTEX
8
Layer 1
10
3.405183
20
0.763875
70
0
0
VERTEX
8
Layer 1
10
3.345123
20
0.766786
70
0
0
VERTEX
8
Layer 1
10
3.345123
20
0.927387
70
0
0
VERTEX
8
Layer 1
10
3.411004
20
0.924477
70
0
0
VERTEX
8
Layer 1
10
3.531389
20
0.715192
70
0
0
VERTEX
8
Layer 1
10
3.663152
20
0.712281
70
0
0
VERTEX
8
Layer 1
10
3.663152
20
0.763875
70
0
0
VERTEX
8
Layer 1
10
3.614468
20
0.766786
70
0
0
VERTEX
8
Layer 1
10
3.597535
20
0.812558
70
0
0
VERTEX
8
Layer 1
10
3.597535
20
0.812558
70
0
0
VERTEX
8
Layer 1
10
3.597535
20
0.812558
70
0
0
SEQEND
8
Layer 1
0
POLYLINE
8
Layer 1
62
7
70
0
10
0.000000
20
0.000000
66
1
0
VERTEX
8
Layer 1
10
2.780767
20
0.915746
70
0
0
VERTEX
8
Layer 1
10
2.852469
20
1.133498
70
0
0
VERTEX
8
Layer 1
10
2.858290
20
1.133498
70
0
0
VERTEX
8
Layer 1
10
2.929992
20
0.918656
70
0
0
VERTEX
8
Layer 1
10
2.780767
20
0.918656
70
0
0
VERTEX
8
Layer 1
10
2.780767
20
0.915746
70
0
0
VERTEX
8
Layer 1
10
2.780767
20
0.915746
70
0
0
SEQEND
8
Layer 1
0
POLYLINE
8
Layer 1
62
7
70
0
10
0.000000
20
0.000000
66
1
0
VERTEX
8
Layer 1
10
2.909619
20
1.248062
70
0
0
VERTEX
8
Layer 1
10
2.835007
20
1.245152
70
0
0
VERTEX
8
Layer 1
10
2.654561
20
0.769431
70
0
0
VERTEX
8
Layer 1
10
2.608788
20
0.763611
70
0
0
VERTEX
8
Layer 1
10
2.608788
20
0.712017
70
0
0
VERTEX
8
Layer 1
10
2.795055
20
0.712017
70
0
0
VERTEX
8
Layer 1
10
2.795055
20
0.763611
70
0
0
VERTEX
8
Layer 1
10
2.734994
20
0.763611
70
0
0
VERTEX
8
Layer 1
10
2.763569
20
0.858067
70
0
0
VERTEX
8
Layer 1
10
2.944015
20
0.860977
70
0
0
VERTEX
8
Layer 1
10
2.978411
20
0.763611
70
0
0
VERTEX
8
Layer 1
10
2.923907
20
0.760700
70
0
0
VERTEX
8
Layer 1
10
2.923907
20
0.709106
70
0
0
VERTEX
8
Layer 1
10
3.127371
20
0.709106
70
0
0
VERTEX
8
Layer 1
10
3.127371
20
0.760700
70
0
0
VERTEX
8
Layer 1
10
3.081598
20
0.760700
70
0
0
VERTEX
8
Layer 1
10
2.909619
20
1.248062
70
0
0
VERTEX
8
Layer 1
10
2.909619
20
1.248062
70
0
0
VERTEX
8
Layer 1
10
2.909619
20
1.248062
70
0
0
SEQEND
8
Layer 1
0
POLYLINE
8
Layer 1
62
7
70
0
10
0.000000
20
0.000000
66
1
0
VERTEX
8
Layer 1
10
7.036585
20
3.426374
70
0
0
VERTEX
8
Layer 1
10
6.876082
20
3.433485
70
0
0
VERTEX
8
Layer 1
10
6.775706
20
3.612640
70
0
0
VERTEX
8
Layer 1
10
6.798725
20
3.790440
70
0
0
VERTEX
8
Layer 1
10
6.830210
20
3.821925
70
0
0
VERTEX
8
Layer 1
10
6.904823
20
3.847590
70
0
0
VERTEX
8
Layer 1
10
7.070617
20
3.675578
70
0
0
VERTEX
8
Layer 1
10
7.036585
20
3.426374
70
0
0
VERTEX
8
Layer 1
10
7.036585
20
3.426374
70
0
0
VERTEX
8
Layer 1
10
7.036585
20
3.426374
70
0
0
SEQEND
8
Layer 1
0
POLYLINE
8
Layer 1
62
7
70
0
10
0.000000
20
0.000000
66
1
0
VERTEX
8
Layer 1
10
7.082358
20
3.858967
70
0
0
VERTEX
8
Layer 1
10
6.810102
20
3.867434
70
0
0
VERTEX
8
Layer 1
10
6.758508
20
3.821661
70
0
0
VERTEX
8
Layer 1
10
6.684160
20
3.635394
70
0
0
VERTEX
8
Layer 1
10
6.692627
20
3.549405
70
0
0
VERTEX
8
Layer 1
10
6.741310
20
3.434841
70
0
0
VERTEX
8
Layer 1
10
7.016477
20
3.348851
70
0
0
VERTEX
8
Layer 1
10
7.175226
20
3.581386
70
0
0
VERTEX
8
Layer 1
10
7.082358
20
3.858967
70
0
0
VERTEX
8
Layer 1
10
7.082358
20
3.858967
70
0
0
VERTEX
8
Layer 1
10
7.082358
20
3.858967
70
0
0
SEQEND
8
Layer 1
0
POLYLINE
8
Layer 1
62
7
70
0
10
0.000000
20
0.000000
66
1
0
VERTEX
8
Layer 1
10
4.554796
20
0.758054
70
0
0
VERTEX
8
Layer 1
10
4.409309
20
0.843283
70
0
0
VERTEX
8
Layer 1
10
4.388638
20
1.044598
70
0
0
VERTEX
8
Layer 1
10
4.483094
20
1.185091
70
0
0
VERTEX
8
Layer 1
10
4.525957
20
1.196468
70
0
0
VERTEX
8
Layer 1
10
4.606125
20
1.182181
70
0
0
VERTEX
8
Layer 1
10
4.689105
20
0.952953
70
0
0
VERTEX
8
Layer 1
10
4.554796
20
0.758054
70
0
0
VERTEX
8
Layer 1
10
4.554796
20
0.758054
70
0
0
VERTEX
8
Layer 1
10
4.554796
20
0.758054
70
0
0
SEQEND
8
Layer 1
0
POLYLINE
8
Layer 1
62
7
70
0
10
0.000000
20
0.000000
66
1
0
VERTEX
8
Layer 1
10
4.525957
20
1.250972
70
0
0
VERTEX
8
Layer 1
10
4.457165
20
1.236685
70
0
0
VERTEX
8
Layer 1
10
4.311115
20
1.113389
70
0
0
VERTEX
8
Layer 1
10
4.282540
20
1.033221
70
0
0
VERTEX
8
Layer 1
10
4.282540
20
0.915746
70
0
0
VERTEX
8
Layer 1
10
4.500292
20
0.703550
70
0
0
VERTEX
8
Layer 1
10
4.743973
20
0.817850
70
0
0
VERTEX
8
Layer 1
10
4.772548
20
1.102012
70
0
0
VERTEX
8
Layer 1
10
4.525957
20
1.250972
70
0
0
VERTEX
8
Layer 1
10
4.525957
20
1.250972
70
0
0
VERTEX
8
Layer 1
10
4.525957
20
1.250972
70
0
0
SEQEND
8
Layer 1
0
POLYLINE
8
Layer 1
62
7
70
0
10
0.000000
20
0.000000
66
1
0
VERTEX
8
Layer 1
10
0.255852
20
9.519191
70
0
0
VERTEX
8
Layer 1
10
7.707303
20
9.510725
70
0
0
VERTEX
8
Layer 1
10
7.707303
20
8.676759
70
0
0
VERTEX
8
Layer 1
10
7.556361
20
7.349544
70
0
0
VERTEX
8
Layer 1
10
7.156445
20
6.172696
70
0
0
VERTEX
8
Layer 1
10
6.586921
20
5.152290
70
0
0
VERTEX
8
Layer 1
10
5.927155
20
4.294405
70
0
0
VERTEX
8
Layer 1
10
4.654358
20
3.090502
70
0
0
VERTEX
8
Layer 1
10
3.972978
20
2.609606
70
0
0
VERTEX
8
Layer 1
10
3.294079
20
3.081531
70
0
0
VERTEX
8
Layer 1
10
2.024159
20
4.265697
70
0
0
VERTEX
8
Layer 1
10
1.365701
20
5.113042
70
0
0
VERTEX
8
Layer 1
10
0.797251
20
6.124252
70
0
0
VERTEX
8
Layer 1
10
0.398060
20
7.294597
70
0
0
VERTEX
8
Layer 1
10
0.247385
20
8.619344
70
0
0
VERTEX
8
Layer 1
10
0.255852
20
9.519191
70
0
0
VERTEX
8
Layer 1
10
0.255852
20
9.519191
70
0
0
SEQEND
8
Layer 1
0
POLYLINE
8
Layer 1
62
7
70
0
10
0.000000
20
0.000000
66
1
0
VERTEX
8
Layer 1
10
5.388762
20
6.335199
70
0
0
VERTEX
8
Layer 1
10
4.842444
20
6.748313
70
0
0
VERTEX
8
Layer 1
10
4.304732
20
6.851864
70
0
0
VERTEX
8
Layer 1
10
3.723741
20
6.745038
70
0
0
VERTEX
8
Layer 1
10
3.279506
20
6.573059
70
0
0
VERTEX
8
Layer 1
10
3.190606
20
6.530197
70
0
0
VERTEX
8
Layer 1
10
3.070221
20
6.515910
70
0
0
VERTEX
8
Layer 1
10
2.863846
20
6.490245
70
0
0
VERTEX
8
Layer 1
10
2.439720
20
6.292601
70
0
0
VERTEX
8
Layer 1
10
2.313514
20
6.223810
70
0
0
VERTEX
8
Layer 1
10
2.047079
20
5.994416
70
0
0
VERTEX
8
Layer 1
10
1.966910
20
5.897050
70
0
0
VERTEX
8
Layer 1
10
1.964000
20
5.874031
70
0
0
VERTEX
8
Layer 1
10
2.004216
20
5.779575
70
0
0
VERTEX
8
Layer 1
10
2.153176
20
5.682209
70
0
0
VERTEX
8
Layer 1
10
2.193393
20
5.690675
70
0
0
VERTEX
8
Layer 1
10
2.322245
20
5.621884
70
0
0
VERTEX
8
Layer 1
10
2.322245
20
5.607596
70
0
0
VERTEX
8
Layer 1
10
2.253453
20
5.550182
70
0
0
VERTEX
8
Layer 1
10
2.230435
20
5.521607
70
0
0
VERTEX
8
Layer 1
10
2.465384
20
5.464192
70
0
0
VERTEX
8
Layer 1
10
2.482582
20
5.467103
70
0
0
VERTEX
8
Layer 1
10
2.542643
20
5.475569
70
0
0
VERTEX
8
Layer 1
10
2.843474
20
5.478480
70
0
0
VERTEX
8
Layer 1
10
2.989523
20
5.412598
70
0
0
VERTEX
8
Layer 1
10
2.960948
20
5.355184
70
0
0
VERTEX
8
Layer 1
10
2.900888
20
5.343807
70
0
0
VERTEX
8
Layer 1
10
2.611434
20
5.200403
70
0
0
VERTEX
8
Layer 1
10
2.608524
20
4.956722
70
0
0
VERTEX
8
Layer 1
10
2.648740
20
4.913859
70
0
0
VERTEX
8
Layer 1
10
2.766215
20
4.968364
70
0
0
VERTEX
8
Layer 1
10
2.849294
20
5.065730
70
0
0
VERTEX
8
Layer 1
10
2.883690
20
5.117324
70
0
0
VERTEX
8
Layer 1
10
2.906709
20
5.108857
70
0
0
VERTEX
8
Layer 1
10
3.193252
20
5.080282
70
0
0
VERTEX
8
Layer 1
10
3.113084
20
4.934232
70
0
0
VERTEX
8
Layer 1
10
2.978411
20
4.914124
70
0
0
VERTEX
8
Layer 1
10
2.878134
20
4.896926
70
0
0
VERTEX
8
Layer 1
10
2.769126
20
4.756433
70
0
0
VERTEX
8
Layer 1
10
2.769126
20
4.724947
70
0
0
VERTEX
8
Layer 1
10
2.777592
20
4.707749
70
0
0
VERTEX
8
Layer 1
10
2.803257
20
4.693462
70
0
0
VERTEX
8
Layer 1
10
3.084244
20
4.693462
70
0
0
VERTEX
8
Layer 1
10
3.121550
20
4.693462
70
0
0
VERTEX
8
Layer 1
10
3.356500
20
4.750876
70
0
0
VERTEX
8
Layer 1
10
3.399362
20
4.785272
70
0
0
VERTEX
8
Layer 1
10
3.542766
20
4.899837
70
0
0
VERTEX
8
Layer 1
10
3.680350
20
5.020222
70
0
0
VERTEX
8
Layer 1
10
3.746231
20
5.071816
70
0
0
VERTEX
8
Layer 1
10
3.777716
20
5.131876
70
0
0
VERTEX
8
Layer 1
10
4.024307
20
4.997203
70
0
0
VERTEX
8
Layer 1
10
3.849418
20
4.959897
70
0
0
VERTEX
8
Layer 1
10
3.651775
20
4.796649
70
0
0
VERTEX
8
Layer 1
10
3.643308
20
4.776541
70
0
0
VERTEX
8
Layer 1
10
3.640397
20
4.759343
70
0
0
VERTEX
8
Layer 1
10
3.820843
20
4.647689
70
0
0
VERTEX
8
Layer 1
10
3.947049
20
4.664887
70
0
0
VERTEX
8
Layer 1
10
4.027218
20
4.682085
70
0
0
VERTEX
8
Layer 1
10
4.634700
20
4.693462
70
0
0
VERTEX
8
Layer 1
10
4.505848
20
4.573077
70
0
0
VERTEX
8
Layer 1
10
3.984355
20
4.203454
70
0
0
VERTEX
8
Layer 1
10
3.597535
20
3.607349
70
0
0
VERTEX
8
Layer 1
10
3.577427
20
3.535647
70
0
0
VERTEX
8
Layer 1
10
3.715010
20
3.429549
70
0
0
VERTEX
8
Layer 1
10
4.259555
20
3.553539
70
0
0
VERTEX
8
Layer 1
10
4.632055
20
3.888071
70
0
0
VERTEX
8
Layer 1
10
4.686559
20
3.945486
70
0
0
VERTEX
8
Layer 1
10
5.018875
20
4.418296
70
0
0
VERTEX
8
Layer 1
10
5.093487
20
4.532860
70
0
0
VERTEX
8
Layer 1
10
5.413831
20
4.905393
70
0
0
VERTEX
8
Layer 1
10
5.617891
20
5.484300
70
0
0
VERTEX
8
Layer 1
10
5.592524
20
5.940805
70
0
0
VERTEX
8
Layer 1
10
5.388762
20
6.335199
70
0
0
VERTEX
8
Layer 1
10
5.388762
20
6.335199
70
0
0
SEQEND
8
Layer 1
0
POLYLINE
8
Layer 1
62
7
70
0
10
0.000000
20
0.000000
66
1
0
VERTEX
8
Layer 1
10
7.108287
20
8.954571
70
0
0
VERTEX
8
Layer 1
10
6.945039
20
8.954571
70
0
0
VERTEX
8
Layer 1
10
6.781791
20
9.057758
70
0
0
VERTEX
8
Layer 1
10
6.781791
20
9.057758
70
0
0
VERTEX
8
Layer 1
10
6.756127
20
9.066225
70
0
0
VERTEX
8
Layer 1
10
6.543931
20
9.066225
70
0
0
VERTEX
8
Layer 1
10
6.420636
20
9.126285
70
0
0
VERTEX
8
Layer 1
10
6.071122
20
9.249581
70
0
0
VERTEX
8
Layer 1
10
5.724253
20
9.109088
70
0
0
VERTEX
8
Layer 1
10
5.377385
20
9.249581
70
0
0
VERTEX
8
Layer 1
10
5.027871
20
9.126285
70
0
0
VERTEX
8
Layer 1
10
4.904575
20
9.066225
70
0
0
VERTEX
8
Layer 1
10
4.692380
20
9.066225
70
0
0
VERTEX
8
Layer 1
10
4.663805
20
9.054848
70
0
0
VERTEX
8
Layer 1
10
4.503203
20
8.951661
70
0
0
VERTEX
8
Layer 1
10
4.339955
20
8.951661
70
0
0
VERTEX
8
Layer 1
10
4.297093
20
8.908798
70
0
0
VERTEX
8
Layer 1
10
4.297093
20
7.455708
70
0
0
VERTEX
8
Layer 1
10
4.339955
20
7.412846
70
0
0
VERTEX
8
Layer 1
10
5.472106
20
7.412846
70
0
0
VERTEX
8
Layer 1
10
5.649905
20
7.326856
70
0
0
VERTEX
8
Layer 1
10
5.807597
20
7.326856
70
0
0
VERTEX
8
Layer 1
10
5.979576
20
7.412846
70
0
0
VERTEX
8
Layer 1
10
7.111726
20
7.412846
70
0
0
VERTEX
8
Layer 1
10
7.154589
20
7.455708
70
0
0
VERTEX
8
Layer 1
10
7.154589
20
8.908798
70
0
0
VERTEX
8
Layer 1
10
7.108287
20
8.954571
70
0
0
VERTEX
8
Layer 1
10
7.108287
20
8.954571
70
0
0
SEQEND
8
Layer 1
0
POLYLINE
8
Layer 1
62
7
70
0
10
0.000000
20
0.000000
66
1
0
VERTEX
8
Layer 1
10
3.577427
20
8.957481
70
0
0
VERTEX
8
Layer 1
10
3.414179
20
8.957481
70
0
0
VERTEX
8
Layer 1
10
3.253577
20
9.060669
70
0
0
VERTEX
8
Layer 1
10
3.225002
20
9.072046
70
0
0
VERTEX
8
Layer 1
10
3.015717
20
9.072046
70
0
0
VERTEX
8
Layer 1
10
2.892421
20
9.132106
70
0
0
VERTEX
8
Layer 1
10
2.542907
20
9.255402
70
0
0
VERTEX
8
Layer 1
10
2.196039
20
9.114908
70
0
0
VERTEX
8
Layer 1
10
1.849171
20
9.255402
70
0
0
VERTEX
8
Layer 1
10
1.502302
20
9.132106
70
0
0
VERTEX
8
Layer 1
10
1.379007
20
9.072046
70
0
0
VERTEX
8
Layer 1
10
1.167340
20
9.072046
70
0
0
VERTEX
8
Layer 1
10
1.138765
20
9.060669
70
0
0
VERTEX
8
Layer 1
10
0.981074
20
8.957481
70
0
0
VERTEX
8
Layer 1
10
0.814651
20
8.957481
70
0
0
VERTEX
8
Layer 1
10
0.771789
20
8.914619
70
0
0
VERTEX
8
Layer 1
10
0.771789
20
7.461529
70
0
0
VERTEX
8
Layer 1
10
0.814651
20
7.418667
70
0
0
VERTEX
8
Layer 1
10
1.943891
20
7.418667
70
0
0
VERTEX
8
Layer 1
10
2.118781
20
7.332677
70
0
0
VERTEX
8
Layer 1
10
2.273562
20
7.332677
70
0
0
VERTEX
8
Layer 1
10
2.445541
20
7.418667
70
0
0
VERTEX
8
Layer 1
10
3.574781
20
7.418667
70
0
0
VERTEX
8
Layer 1
10
3.617643
20
7.461529
70
0
0
VERTEX
8
Layer 1
10
3.617643
20
8.914619
70
0
0
VERTEX
8
Layer 1
10
3.577427
20
8.957481
70
0
0
VERTEX
8
Layer 1
10
3.577427
20
8.957481
70
0
0
SEQEND
8
Layer 1
0
POLYLINE
8
Layer 1
62
7
70
0
10
0.000000
20
0.000000
66
1
0
VERTEX
8
Layer 1
10
5.408870
20
6.349487
70
0
0
VERTEX
8
Layer 1
10
4.853329
20
6.768272
70
0
0
VERTEX
8
Layer 1
10
4.306617
20
6.873229
70
0
0
VERTEX
8
Layer 1
10
3.717920
20
6.765147
70
0
0
VERTEX
8
Layer 1
10
3.267865
20
6.590257
70
0
0
VERTEX
8
Layer 1
10
3.176054
20
6.547395
70
0
0
VERTEX
8
Layer 1
10
3.055669
20
6.533107
70
0
0
VERTEX
8
Layer 1
10
2.846384
20
6.507443
70
0
0
VERTEX
8
Layer 1
10
2.416437
20
6.309799
70
0
0
VERTEX
8
Layer 1
10
2.290230
20
6.241008
70
0
0
VERTEX
8
Layer 1
10
2.020885
20
6.008969
70
0
0
VERTEX
8
Layer 1
10
1.937806
20
5.911602
70
0
0
VERTEX
8
Layer 1
10
1.934895
20
5.888583
70
0
0
VERTEX
8
Layer 1
10
1.975112
20
5.794127
70
0
0
VERTEX
8
Layer 1
10
2.135714
20
5.662365
70
0
0
VERTEX
8
Layer 1
10
2.175931
20
5.670831
70
0
0
VERTEX
8
Layer 1
10
2.290495
20
5.625059
70
0
0
VERTEX
8
Layer 1
10
2.290495
20
5.610771
70
0
0
VERTEX
8
Layer 1
10
2.215883
20
5.559177
70
0
0
VERTEX
8
Layer 1
10
2.195774
20
5.521871
70
0
0
VERTEX
8
Layer 1
10
2.436545
20
5.441703
70
0
0
VERTEX
8
Layer 1
10
2.453743
20
5.444613
70
0
0
VERTEX
8
Layer 1
10
2.513803
20
5.453080
70
0
0
VERTEX
8
Layer 1
10
2.817544
20
5.478744
70
0
0
VERTEX
8
Layer 1
10
2.966505
20
5.412863
70
0
0
VERTEX
8
Layer 1
10
2.923642
20
5.375557
70
0
0
VERTEX
8
Layer 1
10
2.863582
20
5.364180
70
0
0
VERTEX
8
Layer 1
10
2.579949
20
5.200932
70
0
0
VERTEX
8
Layer 1
10
2.577038
20
4.954341
70
0
0
VERTEX
8
Layer 1
10
2.619901
20
4.896926
70
0
0
VERTEX
8
Layer 1
10
2.746107
20
4.939789
70
0
0
VERTEX
8
Layer 1
10
2.852205
20
5.045886
70
0
0
VERTEX
8
Layer 1
10
2.886601
20
5.097480
70
0
0
VERTEX
8
Layer 1
10
2.906709
20
5.089013
70
0
0
VERTEX
8
Layer 1
10
3.164677
20
5.054618
70
0
0
VERTEX
8
Layer 1
10
3.092975
20
4.957251
70
0
0
VERTEX
8
Layer 1
10
2.955392
20
4.937143
70
0
0
VERTEX
8
Layer 1
10
2.855115
20
4.919945
70
0
0
VERTEX
8
Layer 1
10
2.731819
20
4.747966
70
0
0
VERTEX
8
Layer 1
10
2.731819
20
4.716481
70
0
0
VERTEX
8
Layer 1
10
2.740286
20
4.699283
70
0
0
VERTEX
8
Layer 1
10
2.765951
20
4.684995
70
0
0
VERTEX
8
Layer 1
10
3.052494
20
4.684995
70
0
0
VERTEX
8
Layer 1
10
3.089800
20
4.684995
70
0
0
VERTEX
8
Layer 1
10
3.336392
20
4.727858
70
0
0
VERTEX
8
Layer 1
10
3.379254
20
4.762253
70
0
0
VERTEX
8
Layer 1
10
3.531125
20
4.885549
70
0
0
VERTEX
8
Layer 1
10
3.682995
20
5.008845
70
0
0
VERTEX
8
Layer 1
10
3.748877
20
5.060438
70
0
0
VERTEX
8
Layer 1
10
3.777451
20
5.114943
70
0
0
VERTEX
8
Layer 1
10
3.960808
20
5.017576
70
0
0
VERTEX
8
Layer 1
10
3.817404
20
4.983180
70
0
0
VERTEX
8
Layer 1
10
3.622406
20
4.794003
70
0
0
VERTEX
8
Layer 1
10
3.622406
20
4.776805
70
0
0
VERTEX
8
Layer 1
10
3.622406
20
4.751141
70
0
0
VERTEX
8
Layer 1
10
3.805762
20
4.639487
70
0
0
VERTEX
8
Layer 1
10
3.934614
20
4.656685
70
0
0
VERTEX
8
Layer 1
10
4.014782
20
4.673883
70
0
0
VERTEX
8
Layer 1
10
4.585223
20
4.673883
70
0
0
VERTEX
8
Layer 1
10
4.456371
20
4.582072
70
0
0
VERTEX
8
Layer 1
10
3.934878
20
4.198162
70
0
0
VERTEX
8
Layer 1
10
3.548058
20
3.570572
70
0
0
VERTEX
8
Layer 1
10
3.556525
20
3.507601
70
0
0
VERTEX
8
Layer 1
10
3.697018
20
3.398593
70
0
0
VERTEX
8
Layer 1
10
4.254792
20
3.530090
70
0
0
VERTEX
8
Layer 1
10
4.634171
20
3.874313
70
0
0
VERTEX
8
Layer 1
10
4.688675
20
3.934373
70
0
0
VERTEX
8
Layer 1
10
5.026812
20
4.413004
70
0
0
VERTEX
8
Layer 1
10
5.101425
20
4.530479
70
0
0
VERTEX
8
Layer 1
10
5.427027
20
4.907708
70
0
0
VERTEX
8
Layer 1
10
5.634560
20
5.493296
70
0
0
VERTEX
8
Layer 1
10
5.614286
20
5.952249
70
0
0
VERTEX
8
Layer 1
10
5.408870
20
6.349487
70
0
0
VERTEX
8
Layer 1
10
5.408870
20
6.349487
70
0
0
SEQEND
8
Layer 1
0
POLYLINE
8
Layer 1
62
7
70
0
10
0.000000
20
0.000000
66
1
0
VERTEX
8
Layer 1
10
3.156211
20
5.114413
70
0
0
VERTEX
8
Layer 1
10
2.935548
20
5.140078
70
0
0
VERTEX
8
Layer 1
10
2.889776
20
5.154365
70
0
0
VERTEX
8
Layer 1
10
2.795319
20
5.051178
70
0
0
VERTEX
8
Layer 1
10
2.752457
20
5.010961
70
0
0
VERTEX
8
Layer 1
10
2.735259
20
5.062555
70
0
0
VERTEX
8
Layer 1
10
2.726792
20
5.157011
70
0
0
VERTEX
8
Layer 1
10
2.689486
20
4.970745
70
0
0
VERTEX
8
Layer 1
10
2.646624
20
4.953547
70
0
0
VERTEX
8
Layer 1
10
2.618049
20
5.065201
70
0
0
VERTEX
8
Layer 1
10
2.641068
20
5.171299
70
0
0
VERTEX
8
Layer 1
10
2.876017
20
5.297505
70
0
0
VERTEX
8
Layer 1
10
2.947719
20
5.314703
70
0
0
VERTEX
8
Layer 1
10
3.022332
20
5.374763
70
0
0
VERTEX
8
Layer 1
10
3.096944
20
5.308882
70
0
0
VERTEX
8
Layer 1
10
3.165736
20
5.119705
70
0
0
VERTEX
8
Layer 1
10
3.156211
20
5.114413
70
0
0
VERTEX
8
Layer 1
10
3.156211
20
5.114413
70
0
0
SEQEND
8
Layer 1
0
POLYLINE
8
Layer 1
62
7
70
0
10
0.000000
20
0.000000
66
1
0
VERTEX
8
Layer 1
10
4.013195
20
4.730239
70
0
0
VERTEX
8
Layer 1
10
3.924295
20
4.710131
70
0
0
VERTEX
8
Layer 1
10
3.824018
20
4.692933
70
0
0
VERTEX
8
Layer 1
10
3.812641
20
4.695843
70
0
0
VERTEX
8
Layer 1
10
3.887253
20
4.781833
70
0
0
VERTEX
8
Layer 1
10
4.019016
20
4.862001
70
0
0
VERTEX
8
Layer 1
10
3.861324
20
4.847714
70
0
0
VERTEX
8
Layer 1
10
3.738029
20
4.736060
70
0
0
VERTEX
8
Layer 1
10
3.689345
20
4.770455
70
0
0
VERTEX
8
Layer 1
10
3.849947
20
4.925237
70
0
0
VERTEX
8
Layer 1
10
3.978799
20
4.953812
70
0
0
VERTEX
8
Layer 1
10
4.325667
20
4.902218
70
0
0
VERTEX
8
Layer 1
10
4.328578
20
4.905128
70
0
0
VERTEX
8
Layer 1
10
4.360063
20
4.885020
70
0
0
VERTEX
8
Layer 1
10
4.672536
20
4.801941
70
0
0
VERTEX
8
Layer 1
10
4.643961
20
4.733149
70
0
0
VERTEX
8
Layer 1
10
4.013195
20
4.730239
70
0
0
VERTEX
8
Layer 1
10
4.013195
20
4.730239
70
0
0
SEQEND
8
Layer 1
0
POLYLINE
8
Layer 1
62
7
70
0
10
0.000000
20
0.000000
66
1
0
VERTEX
8
Layer 1
10
5.580849
20
5.498323
70
0
0
VERTEX
8
Layer 1
10
5.384198
20
4.942335
70
0
0
VERTEX
8
Layer 1
10
5.073644
20
4.575458
70
0
0
VERTEX
8
Layer 1
10
4.981833
20
4.440785
70
0
0
VERTEX
8
Layer 1
10
4.652163
20
3.970886
70
0
0
VERTEX
8
Layer 1
10
4.594748
20
3.910825
70
0
0
VERTEX
8
Layer 1
10
4.227904
20
3.577649
70
0
0
VERTEX
8
Layer 1
10
3.706279
20
3.455213
70
0
0
VERTEX
8
Layer 1
10
3.617379
20
3.521095
70
0
0
VERTEX
8
Layer 1
10
3.685773
20
3.800197
70
0
0
VERTEX
8
Layer 1
10
3.975624
20
4.145775
70
0
0
VERTEX
8
Layer 1
10
4.494471
20
4.527039
70
0
0
VERTEX
8
Layer 1
10
4.649252
20
4.638693
70
0
0
VERTEX
8
Layer 1
10
4.680738
20
4.675999
70
0
0
VERTEX
8
Layer 1
10
4.686559
20
4.687376
70
0
0
VERTEX
8
Layer 1
10
4.735242
20
4.822049
70
0
0
VERTEX
8
Layer 1
10
4.729421
20
4.845068
70
0
0
VERTEX
8
Layer 1
10
4.706402
20
4.856445
70
0
0
VERTEX
8
Layer 1
10
4.382553
20
4.936614
70
0
0
VERTEX
8
Layer 1
10
4.153159
20
5.220247
70
0
0
VERTEX
8
Layer 1
10
4.156731
20
5.468161
70
0
0
VERTEX
8
Layer 1
10
4.284922
20
5.664481
70
0
0
VERTEX
8
Layer 1
10
4.413774
20
5.956846
70
0
0
VERTEX
8
Layer 1
10
4.379378
20
5.982510
70
0
0
VERTEX
8
Layer 1
10
4.353713
20
5.951025
70
0
0
VERTEX
8
Layer 1
10
4.353713
20
5.948114
70
0
0
VERTEX
8
Layer 1
10
4.356624
20
5.925096
70
0
0
VERTEX
8
Layer 1
10
4.236238
20
5.701523
70
0
0
VERTEX
8
Layer 1
10
4.070080
20
5.340367
70
0
0
VERTEX
8
Layer 1
10
4.095745
20
5.199874
70
0
0
VERTEX
8
Layer 1
10
4.216130
20
4.990589
70
0
0
VERTEX
8
Layer 1
10
3.812112
20
5.162567
70
0
0
VERTEX
8
Layer 1
10
3.794914
20
5.165478
70
0
0
VERTEX
8
Layer 1
10
3.786447
20
5.543832
70
0
0
VERTEX
8
Layer 1
10
3.752052
20
5.569496
70
0
0
VERTEX
8
Layer 1
10
3.726387
20
5.535100
70
0
0
VERTEX
8
Layer 1
10
3.712099
20
5.102243
70
0
0
VERTEX
8
Layer 1
10
3.652039
20
5.053559
70
0
0
VERTEX
8
Layer 1
10
3.497258
20
4.927353
70
0
0
VERTEX
8
Layer 1
10
3.348298
20
4.804058
70
0
0
VERTEX
8
Layer 1
10
3.302525
20
4.766751
70
0
0
VERTEX
8
Layer 1
10
3.099061
20
4.738176
70
0
0
VERTEX
8
Layer 1
10
3.058844
20
4.738176
70
0
0
VERTEX
8
Layer 1
10
2.958567
20
4.738176
70
0
0
VERTEX
8
Layer 1
10
2.969944
20
4.812789
70
0
0
VERTEX
8
Layer 1
10
2.866757
20
4.738176
70
0
0
VERTEX
8
Layer 1
10
2.806696
20
4.738176
70
0
0
VERTEX
8
Layer 1
10
2.895596
20
4.864382
70
0
0
VERTEX
8
Layer 1
10
2.958567
20
4.870203
70
0
0
VERTEX
8
Layer 1
10
3.124725
20
4.895868
70
0
0
VERTEX
8
Layer 1
10
3.230823
20
5.050649
70
0
0
VERTEX
8
Layer 1
10
3.141923
20
5.334282
70
0
0
VERTEX
8
Layer 1
10
2.829451
20
5.526369
70
0
0
VERTEX
8
Layer 1
10
2.502691
20
5.500705
70
0
0
VERTEX
8
Layer 1
10
2.454007
20
5.492238
70
0
0
VERTEX
8
Layer 1
10
2.428343
20
5.489328
70
0
0
VERTEX
8
Layer 1
10
2.273562
20
5.509436
70
0
0
VERTEX
8
Layer 1
10
2.342353
20
5.572407
70
0
0
VERTEX
8
Layer 1
10
2.345264
20
5.632467
70
0
0
VERTEX
8
Layer 1
10
2.156087
20
5.712636
70
0
0
VERTEX
8
Layer 1
10
2.133068
20
5.706815
70
0
0
VERTEX
8
Layer 1
10
2.029881
20
5.792804
70
0
0
VERTEX
8
Layer 1
10
2.087295
20
5.824290
70
0
0
VERTEX
8
Layer 1
10
2.098672
20
5.864506
70
0
0
VERTEX
8
Layer 1
10
2.058456
20
5.875883
70
0
0
VERTEX
8
Layer 1
10
1.998395
20
5.844398
70
0
0
VERTEX
8
Layer 1
10
1.992575
20
5.885144
70
0
0
VERTEX
8
Layer 1
10
2.052635
20
5.948114
70
0
0
VERTEX
8
Layer 1
10
2.069833
20
5.965312
70
0
0
VERTEX
8
Layer 1
10
2.316424
20
6.174597
70
0
0
VERTEX
8
Layer 1
10
2.442630
20
6.243389
70
0
0
VERTEX
8
Layer 1
10
2.855380
20
6.435476
70
0
0
VERTEX
8
Layer 1
10
3.190606
20
6.475693
70
0
0
VERTEX
8
Layer 1
10
3.293794
20
6.524376
70
0
0
VERTEX
8
Layer 1
10
3.732208
20
6.696355
70
0
0
VERTEX
8
Layer 1
10
4.302087
20
6.800237
70
0
0
VERTEX
8
Layer 1
10
4.827098
20
6.699518
70
0
0
VERTEX
8
Layer 1
10
5.359922
20
6.297893
70
0
0
VERTEX
8
Layer 1
10
5.556408
20
5.933529
70
0
0
VERTEX
8
Layer 1
10
5.580849
20
5.498323
70
0
0
VERTEX
8
Layer 1
10
5.580849
20
5.498323
70
0
0
SEQEND
8
Layer 1
0
POLYLINE
8
Layer 1
62
7
70
0
10
0.000000
20
0.000000
66
1
0
VERTEX
8
Layer 1
10
2.812253
20
6.329379
70
0
0
VERTEX
8
Layer 1
10
2.717797
20
6.335199
70
0
0
VERTEX
8
Layer 1
10
2.672024
20
6.232012
70
0
0
VERTEX
8
Layer 1
10
2.734994
20
6.255031
70
0
0
VERTEX
8
Layer 1
10
2.772301
20
6.255031
70
0
0
VERTEX
8
Layer 1
10
2.792409
20
6.229366
70
0
0
VERTEX
8
Layer 1
10
2.823894
20
6.186504
70
0
0
VERTEX
8
Layer 1
10
2.812253
20
6.329379
70
0
0
VERTEX
8
Layer 1
10
2.812253
20
6.329379
70
0
0
SEQEND
8
Layer 1
0
POLYLINE
8
Layer 1
62
7
70
0
10
0.000000
20
0.000000
66
1
0
VERTEX
8
Layer 1
10
2.293405
20
5.931181
70
0
0
VERTEX
8
Layer 1
10
2.399503
20
5.750736
70
0
0
VERTEX
8
Layer 1
10
2.373839
20
5.894139
70
0
0
VERTEX
8
Layer 1
10
2.583124
20
6.057387
70
0
0
VERTEX
8
Layer 1
10
2.293405
20
5.931181
70
0
0
VERTEX
8
Layer 1
10
2.293405
20
5.931181
70
0
0
SEQEND
8
Layer 1
0
POLYLINE
8
Layer 1
62
7
70
0
10
0.000000
20
0.000000
66
1
0
VERTEX
8
Layer 1
10
4.523311
20
4.314579
70
0
0
VERTEX
8
Layer 1
10
4.351332
20
4.288914
70
0
0
VERTEX
8
Layer 1
10
4.523311
20
4.234410
70
0
0
VERTEX
8
Layer 1
10
4.686559
20
4.280183
70
0
0
VERTEX
8
Layer 1
10
4.523311
20
4.314579
70
0
0
VERTEX
8
Layer 1
10
4.523311
20
4.314579
70
0
0
SEQEND
8
Layer 1
0
POLYLINE
8
Layer 1
62
7
70
0
10
0.000000
20
0.000000
66
1
0
VERTEX
8
Layer 1
10
4.311115
20
4.119846
70
0
0
VERTEX
8
Layer 1
10
4.101830
20
4.094181
70
0
0
VERTEX
8
Layer 1
10
4.311115
20
4.039677
70
0
0
VERTEX
8
Layer 1
10
4.506113
20
4.085450
70
0
0
VERTEX
8
Layer 1
10
4.311115
20
4.119846
70
0
0
VERTEX
8
Layer 1
10
4.311115
20
4.119846
70
0
0
SEQEND
8
Layer 1
0
POLYLINE
8
Layer 1
62
7
70
0
10
0.000000
20
0.000000
66
1
0
VERTEX
8
Layer 1
10
4.127759
20
3.919292
70
0
0
VERTEX
8
Layer 1
10
3.932762
20
3.893627
70
0
0
VERTEX
8
Layer 1
10
4.127759
20
3.842034
70
0
0
VERTEX
8
Layer 1
10
4.311115
20
3.887807
70
0
0
VERTEX
8
Layer 1
10
4.127759
20
3.919292
70
0
0
VERTEX
8
Layer 1
10
4.127759
20
3.919292
70
0
0
SEQEND
8
Layer 1
0
POLYLINE
8
Layer 1
62
7
70
0
10
0.000000
20
0.000000
66
1
0
VERTEX
8
Layer 1
10
3.958691
20
3.710007
70
0
0
VERTEX
8
Layer 1
10
3.812641
20
3.689899
70
0
0
VERTEX
8
Layer 1
10
3.958691
20
3.644126
70
0
0
VERTEX
8
Layer 1
10
4.093364
20
3.681432
70
0
0
VERTEX
8
Layer 1
10
3.958691
20
3.710007
70
0
0
VERTEX
8
Layer 1
10
3.958691
20
3.710007
70
0
0
SEQEND
8
Layer 1
0
POLYLINE
8
Layer 1
62
7
70
0
10
0.000000
20
0.000000
66
1
0
VERTEX
8
Layer 1
10
2.347910
20
6.039925
70
0
0
VERTEX
8
Layer 1
10
2.370928
20
6.048391
70
0
0
VERTEX
8
Layer 1
10
2.399503
20
6.102895
70
0
0
VERTEX
8
Layer 1
10
2.344999
20
6.131470
70
0
0
VERTEX
8
Layer 1
10
2.321980
20
6.123004
70
0
0
VERTEX
8
Layer 1
10
2.293405
20
6.068500
70
0
0
VERTEX
8
Layer 1
10
2.347910
20
6.039925
70
0
0
VERTEX
8
Layer 1
10
2.347910
20
6.039925
70
0
0
SEQEND
8
Layer 1
0
POLYLINE
8
Layer 1
62
7
70
0
10
0.000000
20
0.000000
66
1
0
VERTEX
8
Layer 1
10
3.694902
20
6.504268
70
0
0
VERTEX
8
Layer 1
10
3.660506
20
6.515645
70
0
0
VERTEX
8
Layer 1
10
3.419735
20
6.435476
70
0
0
VERTEX
8
Layer 1
10
3.402537
20
6.372506
70
0
0
VERTEX
8
Layer 1
10
3.462598
20
6.343931
70
0
0
VERTEX
8
Layer 1
10
3.689081
20
6.467226
70
0
0
VERTEX
8
Layer 1
10
3.694902
20
6.504268
70
0
0
VERTEX
8
Layer 1
10
3.694902
20
6.504268
70
0
0
SEQEND
8
Layer 1
0
POLYLINE
8
Layer 1
62
7
70
0
10
0.000000
20
0.000000
66
1
0
VERTEX
8
Layer 1
10
3.717920
20
6.252120
70
0
0
VERTEX
8
Layer 1
10
3.732208
20
6.286516
70
0
0
VERTEX
8
Layer 1
10
3.697812
20
6.303714
70
0
0
VERTEX
8
Layer 1
10
3.511546
20
6.275139
70
0
0
VERTEX
8
Layer 1
10
3.482971
20
6.215079
70
0
0
VERTEX
8
Layer 1
10
3.537475
20
6.174862
70
0
0
VERTEX
8
Layer 1
10
3.717920
20
6.252120
70
0
0
VERTEX
8
Layer 1
10
3.717920
20
6.252120
70
0
0
SEQEND
8
Layer 1
0
POLYLINE
8
Layer 1
62
7
70
0
10
0.000000
20
0.000000
66
1
0
VERTEX
8
Layer 1
10
3.706543
20
6.080141
70
0
0
VERTEX
8
Layer 1
10
3.560493
20
6.085962
70
0
0
VERTEX
8
Layer 1
10
3.526098
20
6.037279
70
0
0
VERTEX
8
Layer 1
10
3.568960
20
5.994416
70
0
0
VERTEX
8
Layer 1
10
3.717920
20
6.025902
70
0
0
VERTEX
8
Layer 1
10
3.738029
20
6.060298
70
0
0
VERTEX
8
Layer 1
10
3.706543
20
6.080141
70
0
0
VERTEX
8
Layer 1
10
3.706543
20
6.080141
70
0
0
SEQEND
8
Layer 1
0
POLYLINE
8
Layer 1
62
7
70
0
10
0.000000
20
0.000000
66
1
0
VERTEX
8
Layer 1
10
3.677704
20
5.867946
70
0
0
VERTEX
8
Layer 1
10
3.568696
20
5.893610
70
0
0
VERTEX
8
Layer 1
10
3.531389
20
5.853394
70
0
0
VERTEX
8
Layer 1
10
3.565785
20
5.810531
70
0
0
VERTEX
8
Layer 1
10
3.680350
20
5.818998
70
0
0
VERTEX
8
Layer 1
10
3.703368
20
5.844662
70
0
0
VERTEX
8
Layer 1
10
3.677704
20
5.867946
70
0
0
VERTEX
8
Layer 1
10
3.677704
20
5.867946
70
0
0
SEQEND
8
Layer 1
0
POLYLINE
8
Layer 1
62
7
70
0
10
0.000000
20
0.000000
66
1
0
VERTEX
8
Layer 1
10
4.675182
20
6.630474
70
0
0
VERTEX
8
Layer 1
10
4.623588
20
6.598989
70
0
0
VERTEX
8
Layer 1
10
4.655073
20
6.547395
70
0
0
VERTEX
8
Layer 1
10
4.878646
20
6.467226
70
0
0
VERTEX
8
Layer 1
10
4.927329
20
6.481514
70
0
0
VERTEX
8
Layer 1
10
4.913042
20
6.530197
70
0
0
VERTEX
8
Layer 1
10
4.675182
20
6.630474
70
0
0
VERTEX
8
Layer 1
10
4.675182
20
6.630474
70
0
0
SEQEND
8
Layer 1
0
POLYLINE
8
Layer 1
62
7
70
0
10
0.000000
20
0.000000
66
1
0
VERTEX
8
Layer 1
10
4.723865
20
6.426745
70
0
0
VERTEX
8
Layer 1
10
4.675182
20
6.398170
70
0
0
VERTEX
8
Layer 1
10
4.703757
20
6.349487
70
0
0
VERTEX
8
Layer 1
10
4.872825
20
6.292072
70
0
0
VERTEX
8
Layer 1
10
4.915688
20
6.306360
70
0
0
VERTEX
8
Layer 1
10
4.901400
20
6.349222
70
0
0
VERTEX
8
Layer 1
10
4.723865
20
6.426745
70
0
0
VERTEX
8
Layer 1
10
4.723865
20
6.426745
70
0
0
SEQEND
8
Layer 1
0
POLYLINE
8
Layer 1
62
7
70
0
10
0.000000
20
0.000000
66
1
0
VERTEX
8
Layer 1
10
4.735242
20
6.234922
70
0
0
VERTEX
8
Layer 1
10
4.695025
20
6.211904
70
0
0
VERTEX
8
Layer 1
10
4.718044
20
6.171687
70
0
0
VERTEX
8
Layer 1
10
4.835519
20
6.134381
70
0
0
VERTEX
8
Layer 1
10
4.875736
20
6.145758
70
0
0
VERTEX
8
Layer 1
10
4.864358
20
6.183064
70
0
0
VERTEX
8
Layer 1
10
4.735242
20
6.234922
70
0
0
VERTEX
8
Layer 1
10
4.735242
20
6.234922
70
0
0
SEQEND
8
Layer 1
0
POLYLINE
8
Layer 1
62
7
70
0
10
0.000000
20
0.000000
66
1
0
VERTEX
8
Layer 1
10
4.723865
20
6.065854
70
0
0
VERTEX
8
Layer 1
10
4.689469
20
6.045746
70
0
0
VERTEX
8
Layer 1
10
4.709577
20
6.011350
70
0
0
VERTEX
8
Layer 1
10
4.786836
20
5.991241
70
0
0
VERTEX
8
Layer 1
10
4.821231
20
6.002619
70
0
0
VERTEX
8
Layer 1
10
4.809854
20
6.037014
70
0
0
VERTEX
8
Layer 1
10
4.723865
20
6.065854
70
0
0
VERTEX
8
Layer 1
10
4.723865
20
6.065854
70
0
0
SEQEND
8
Layer 1
0
POLYLINE
8
Layer 1
62
7
70
0
10
0.000000
20
0.000000
66
1
0
VERTEX
8
Layer 1
10
5.302772
20
6.180418
70
0
0
VERTEX
8
Layer 1
10
5.165189
20
6.297893
70
0
0
VERTEX
8
Layer 1
10
5.105129
20
6.283606
70
0
0
VERTEX
8
Layer 1
10
5.122327
20
6.223545
70
0
0
VERTEX
8
Layer 1
10
5.254089
20
6.131735
70
0
0
VERTEX
8
Layer 1
10
5.305683
20
6.131735
70
0
0
VERTEX
8
Layer 1
10
5.302772
20
6.180418
70
0
0
VERTEX
8
Layer 1
10
5.302772
20
6.180418
70
0
0
SEQEND
8
Layer 1
0
POLYLINE
8
Layer 1
62
7
70
0
10
0.000000
20
0.000000
66
1
0
VERTEX
8
Layer 1
10
5.127883
20
6.094429
70
0
0
VERTEX
8
Layer 1
10
5.076289
20
6.077231
70
0
0
VERTEX
8
Layer 1
10
5.093487
20
6.022727
70
0
0
VERTEX
8
Layer 1
10
5.185298
20
5.965312
70
0
0
VERTEX
8
Layer 1
10
5.231070
20
5.968223
70
0
0
VERTEX
8
Layer 1
10
5.228160
20
6.013996
70
0
0
VERTEX
8
Layer 1
10
5.127883
20
6.094429
70
0
0
VERTEX
8
Layer 1
10
5.127883
20
6.094429
70
0
0
SEQEND
8
Layer 1
0
POLYLINE
8
Layer 1
62
7
70
0
10
0.000000
20
0.000000
66
1
0
VERTEX
8
Layer 1
10
5.070733
20
5.931181
70
0
0
VERTEX
8
Layer 1
10
5.027871
20
5.919804
70
0
0
VERTEX
8
Layer 1
10
5.039248
20
5.876942
70
0
0
VERTEX
8
Layer 1
10
5.096662
20
5.836725
70
0
0
VERTEX
8
Layer 1
10
5.136879
20
5.836725
70
0
0
VERTEX
8
Layer 1
10
5.136879
20
5.876942
70
0
0
VERTEX
8
Layer 1
10
5.070733
20
5.931181
70
0
0
VERTEX
8
Layer 1
10
5.070733
20
5.931181
70
0
0
SEQEND
8
Layer 1
0
POLYLINE
8
Layer 1
62
7
70
0
10
0.000000
20
0.000000
66
1
0
VERTEX
8
Layer 1
10
5.007498
20
5.796244
70
0
0
VERTEX
8
Layer 1
10
4.967281
20
5.790423
70
0
0
VERTEX
8
Layer 1
10
4.973102
20
5.750206
70
0
0
VERTEX
8
Layer 1
10
5.004587
20
5.727188
70
0
0
VERTEX
8
Layer 1
10
5.041894
20
5.724277
70
0
0
VERTEX
8
Layer 1
10
5.044804
20
5.761583
70
0
0
VERTEX
8
Layer 1
10
5.007498
20
5.796244
70
0
0
VERTEX
8
Layer 1
10
5.007498
20
5.796244
70
0
0
SEQEND
8
Layer 1
0
POLYLINE
8
Layer 1
62
7
70
0
10
0.000000
20
0.000000
66
1
0
VERTEX
8
Layer 1
10
5.414427
20
5.762113
70
0
0
VERTEX
8
Layer 1
10
5.454643
20
5.750736
70
0
0
VERTEX
8
Layer 1
10
5.463110
20
5.790952
70
0
0
VERTEX
8
Layer 1
10
5.425804
20
5.848367
70
0
0
VERTEX
8
Layer 1
10
5.380031
20
5.848367
70
0
0
VERTEX
8
Layer 1
10
5.380031
20
5.802594
70
0
0
VERTEX
8
Layer 1
10
5.414427
20
5.762113
70
0
0
VERTEX
8
Layer 1
10
5.414427
20
5.762113
70
0
0
SEQEND
8
Layer 1
0
POLYLINE
8
Layer 1
62
7
70
0
10
0.000000
20
0.000000
66
1
0
VERTEX
8
Layer 1
10
5.331347
20
5.730363
70
0
0
VERTEX
8
Layer 1
10
5.291131
20
5.730363
70
0
0
VERTEX
8
Layer 1
10
5.291131
20
5.690146
70
0
0
VERTEX
8
Layer 1
10
5.311239
20
5.672948
70
0
0
VERTEX
8
Layer 1
10
5.345635
20
5.664481
70
0
0
VERTEX
8
Layer 1
10
5.354102
20
5.698877
70
0
0
VERTEX
8
Layer 1
10
5.331347
20
5.730363
70
0
0
VERTEX
8
Layer 1
10
5.331347
20
5.730363
70
0
0
SEQEND
8
Layer 1
0
POLYLINE
8
Layer 1
62
7
70
0
10
0.000000
20
0.000000
66
1
0
VERTEX
8
Layer 1
10
7.148503
20
8.983146
70
0
0
VERTEX
8
Layer 1
10
6.979435
20
8.983146
70
0
0
VERTEX
8
Layer 1
10
6.813277
20
9.092154
70
0
0
VERTEX
8
Layer 1
10
6.813277
20
9.092154
70
0
0
VERTEX
8
Layer 1
10
6.784702
20
9.103531
70
0
0
VERTEX
8
Layer 1
10
6.566950
20
9.103531
70
0
0
VERTEX
8
Layer 1
10
6.440744
20
9.163592
70
0
0
VERTEX
8
Layer 1
10
6.082499
20
9.292444
70
0
0
VERTEX
8
Layer 1
10
5.724253
20
9.146394
70
0
0
VERTEX
8
Layer 1
10
5.368918
20
9.292444
70
0
0
VERTEX
8
Layer 1
10
5.010673
20
9.163592
70
0
0
VERTEX
8
Layer 1
10
4.884467
20
9.103531
70
0
0
VERTEX
8
Layer 1
10
4.666715
20
9.103531
70
0
0
VERTEX
8
Layer 1
10
4.638140
20
9.092154
70
0
0
VERTEX
8
Layer 1
10
4.471982
20
8.986056
70
0
0
VERTEX
8
Layer 1
10
4.302913
20
8.986056
70
0
0
VERTEX
8
Layer 1
10
4.260051
20
8.943194
70
0
0
VERTEX
8
Layer 1
10
4.260051
20
7.435600
70
0
0
VERTEX
8
Layer 1
10
4.302913
20
7.392738
70
0
0
VERTEX
8
Layer 1
10
5.463639
20
7.392738
70
0
0
VERTEX
8
Layer 1
10
5.644085
20
7.303838
70
0
0
VERTEX
8
Layer 1
10
5.804686
20
7.303838
70
0
0
VERTEX
8
Layer 1
10
5.979576
20
7.392738
70
0
0
VERTEX
8
Layer 1
10
7.140301
20
7.392738
70
0
0
VERTEX
8
Layer 1
10
7.183164
20
7.435600
70
0
0
VERTEX
8
Layer 1
10
7.183164
20
8.943194
70
0
0
VERTEX
8
Layer 1
10
7.148503
20
8.983146
70
0
0
VERTEX
8
Layer 1
10
7.148503
20
8.983146
70
0
0
SEQEND
8
Layer 1
0
POLYLINE
8
Layer 1
62
7
70
0
10
0.000000
20
0.000000
66
1
0
VERTEX
8
Layer 1
10
5.772672
20
9.057758
70
0
0
VERTEX
8
Layer 1
10
5.828896
20
9.128601
70
0
0
VERTEX
8
Layer 1
10
6.085144
20
9.203808
70
0
0
VERTEX
8
Layer 1
10
6.391796
20
9.092154
70
0
0
VERTEX
8
Layer 1
10
6.569596
20
9.014896
70
0
0
VERTEX
8
Layer 1
10
6.741575
20
9.014896
70
0
0
VERTEX
8
Layer 1
10
6.741575
20
7.788289
70
0
0
VERTEX
8
Layer 1
10
6.563775
20
7.788289
70
0
0
VERTEX
8
Layer 1
10
6.368777
20
7.845704
70
0
0
VERTEX
8
Layer 1
10
6.053394
20
7.928783
70
0
0
VERTEX
8
Layer 1
10
5.769761
20
7.805487
70
0
0
VERTEX
8
Layer 1
10
5.772672
20
9.057758
70
0
0
VERTEX
8
Layer 1
10
5.772672
20
9.057758
70
0
0
SEQEND
8
Layer 1
0
POLYLINE
8
Layer 1
62
7
70
0
10
0.000000
20
0.000000
66
1
0
VERTEX
8
Layer 1
10
4.715134
20
9.014896
70
0
0
VERTEX
8
Layer 1
10
4.887113
20
9.014896
70
0
0
VERTEX
8
Layer 1
10
5.064912
20
9.092154
70
0
0
VERTEX
8
Layer 1
10
5.371564
20
9.203808
70
0
0
VERTEX
8
Layer 1
10
5.627713
20
9.127145
70
0
0
VERTEX
8
Layer 1
10
5.684037
20
9.046117
70
0
0
VERTEX
8
Layer 1
10
5.684037
20
7.805223
70
0
0
VERTEX
8
Layer 1
10
5.397493
20
7.928518
70
0
0
VERTEX
8
Layer 1
10
5.085021
20
7.845439
70
0
0
VERTEX
8
Layer 1
10
4.890023
20
7.788025
70
0
0
VERTEX
8
Layer 1
10
4.712223
20
7.788025
70
0
0
VERTEX
8
Layer 1
10
4.715134
20
9.014896
70
0
0
VERTEX
8
Layer 1
10
4.715134
20
9.014896
70
0
0
SEQEND
8
Layer 1
0
POLYLINE
8
Layer 1
62
7
70
0
10
0.000000
20
0.000000
66
1
0
VERTEX
8
Layer 1
10
4.528867
20
8.911709
70
0
0
VERTEX
8
Layer 1
10
4.626234
20
8.974679
70
0
0
VERTEX
8
Layer 1
10
4.626234
20
7.742252
70
0
0
VERTEX
8
Layer 1
10
4.669096
20
7.699389
70
0
0
VERTEX
8
Layer 1
10
4.889758
20
7.699389
70
0
0
VERTEX
8
Layer 1
10
5.119152
20
7.765270
70
0
0
VERTEX
8
Layer 1
10
5.397229
20
7.842529
70
0
0
VERTEX
8
Layer 1
10
5.649376
20
7.716323
70
0
0
VERTEX
8
Layer 1
10
5.680862
20
7.702035
70
0
0
VERTEX
8
Layer 1
10
5.723724
20
7.702035
70
0
0
VERTEX
8
Layer 1
10
5.723724
20
7.702035
70
0
0
VERTEX
8
Layer 1
10
5.723724
20
7.702035
70
0
0
VERTEX
8
Layer 1
10
5.766586
20
7.702035
70
0
0
VERTEX
8
Layer 1
10
5.798072
20
7.716323
70
0
0
VERTEX
8
Layer 1
10
6.050219
20
7.842529
70
0
0
VERTEX
8
Layer 1
10
6.328296
20
7.765270
70
0
0
VERTEX
8
Layer 1
10
6.557690
20
7.699389
70
0
0
VERTEX
8
Layer 1
10
6.778352
20
7.699389
70
0
0
VERTEX
8
Layer 1
10
6.821214
20
7.742252
70
0
0
VERTEX
8
Layer 1
10
6.821214
20
8.974679
70
0
0
VERTEX
8
Layer 1
10
6.918581
20
8.911709
70
0
0
VERTEX
8
Layer 1
10
6.918581
20
7.659173
70
0
0
VERTEX
8
Layer 1
10
5.938565
20
7.659173
70
0
0
VERTEX
8
Layer 1
10
5.907080
20
7.644885
70
0
0
VERTEX
8
Layer 1
10
5.746478
20
7.564717
70
0
0
VERTEX
8
Layer 1
10
5.703616
20
7.564717
70
0
0
VERTEX
8
Layer 1
10
5.537458
20
7.644885
70
0
0
VERTEX
8
Layer 1
10
5.505972
20
7.659173
70
0
0
VERTEX
8
Layer 1
10
4.523046
20
7.659173
70
0
0
VERTEX
8
Layer 1
10
4.528867
20
8.911709
70
0
0
VERTEX
8
Layer 1
10
4.528867
20
8.911709
70
0
0
SEQEND
8
Layer 1
0
POLYLINE
8
Layer 1
62
7
70
0
10
0.000000
20
0.000000
66
1
0
VERTEX
8
Layer 1
10
7.102466
20
7.475817
70
0
0
VERTEX
8
Layer 1
10
5.967670
20
7.475817
70
0
0
VERTEX
8
Layer 1
10
5.933274
20
7.458619
70
0
0
VERTEX
8
Layer 1
10
5.792780
20
7.384006
70
0
0
VERTEX
8
Layer 1
10
5.663928
20
7.384006
70
0
0
VERTEX
8
Layer 1
10
5.517878
20
7.458619
70
0
0
VERTEX
8
Layer 1
10
5.483483
20
7.472906
70
0
0
VERTEX
8
Layer 1
10
4.348686
20
7.472906
70
0
0
VERTEX
8
Layer 1
10
4.348686
20
8.891600
70
0
0
VERTEX
8
Layer 1
10
4.437586
20
8.891600
70
0
0
VERTEX
8
Layer 1
10
4.437586
20
7.613400
70
0
0
VERTEX
8
Layer 1
10
4.480449
20
7.570537
70
0
0
VERTEX
8
Layer 1
10
5.489304
20
7.570537
70
0
0
VERTEX
8
Layer 1
10
5.695678
20
7.476081
70
0
0
VERTEX
8
Layer 1
10
5.758649
20
7.476081
70
0
0
VERTEX
8
Layer 1
10
5.959203
20
7.567892
70
0
0
VERTEX
8
Layer 1
10
6.968058
20
7.567892
70
0
0
VERTEX
8
Layer 1
10
7.010920
20
7.610754
70
0
0
VERTEX
8
Layer 1
10
7.010920
20
8.894775
70
0
0
VERTEX
8
Layer 1
10
7.099820
20
8.894775
70
0
0
VERTEX
8
Layer 1
10
7.102466
20
7.475817
70
0
0
VERTEX
8
Layer 1
10
7.102466
20
7.475817
70
0
0
SEQEND
8
Layer 1
0
POLYLINE
8
Layer 1
62
7
70
0
10
0.000000
20
0.000000
66
1
0
VERTEX
8
Layer 1
10
4.904310
20
8.794234
70
0
0
VERTEX
8
Layer 1
10
5.099308
20
8.845827
70
0
0
VERTEX
8
Layer 1
10
5.171010
20
8.880223
70
0
0
VERTEX
8
Layer 1
10
5.305683
20
8.934727
70
0
0
VERTEX
8
Layer 1
10
5.494860
20
8.940548
70
0
0
VERTEX
8
Layer 1
10
5.480572
20
8.963567
70
0
0
VERTEX
8
Layer 1
10
5.503591
20
8.977854
70
0
0
VERTEX
8
Layer 1
10
5.297216
20
8.972034
70
0
0
VERTEX
8
Layer 1
10
5.153812
20
8.914619
70
0
0
VERTEX
8
Layer 1
10
5.085021
20
8.880223
70
0
0
VERTEX
8
Layer 1
10
4.901665
20
8.834450
70
0
0
VERTEX
8
Layer 1
10
4.884467
20
8.814342
70
0
0
VERTEX
8
Layer 1
10
4.904310
20
8.794234
70
0
0
VERTEX
8
Layer 1
10
4.904310
20
8.794234
70
0
0
SEQEND
8
Layer 1
0
POLYLINE
8
Layer 1
62
7
70
0
10
0.000000
20
0.000000
66
1
0
VERTEX
8
Layer 1
10
4.904310
20
8.533355
70
0
0
VERTEX
8
Layer 1
10
5.099308
20
8.582038
70
0
0
VERTEX
8
Layer 1
10
5.171010
20
8.616434
70
0
0
VERTEX
8
Layer 1
10
5.305683
20
8.670938
70
0
0
VERTEX
8
Layer 1
10
5.494860
20
8.676759
70
0
0
VERTEX
8
Layer 1
10
5.517878
20
8.691046
70
0
0
VERTEX
8
Layer 1
10
5.503591
20
8.714065
70
0
0
VERTEX
8
Layer 1
10
5.297216
20
8.708244
70
0
0
VERTEX
8
Layer 1
10
5.153812
20
8.650830
70
0
0
VERTEX
8
Layer 1
10
5.082110
20
8.616434
70
0
0
VERTEX
8
Layer 1
10
4.898754
20
8.570661
70
0
0
VERTEX
8
Layer 1
10
4.881556
20
8.550553
70
0
0
VERTEX
8
Layer 1
10
4.904310
20
8.533355
70
0
0
VERTEX
8
Layer 1
10
4.904310
20
8.533355
70
0
0
SEQEND
8
Layer 1
0
POLYLINE
8
Layer 1
62
7
70
0
10
0.000000
20
0.000000
66
1
0
VERTEX
8
Layer 1
10
4.904310
20
8.275386
70
0
0
VERTEX
8
Layer 1
10
5.099308
20
8.324070
70
0
0
VERTEX
8
Layer 1
10
5.171010
20
8.358466
70
0
0
VERTEX
8
Layer 1
10
5.305683
20
8.412970
70
0
0
VERTEX
8
Layer 1
10
5.494860
20
8.418790
70
0
0
VERTEX
8
Layer 1
10
5.517878
20
8.433078
70
0
0
VERTEX
8
Layer 1
10
5.503591
20
8.456097
70
0
0
VERTEX
8
Layer 1
10
5.297216
20
8.450276
70
0
0
VERTEX
8
Layer 1
10
5.153812
20
8.392861
70
0
0
VERTEX
8
Layer 1
10
5.085021
20
8.358466
70
0
0
VERTEX
8
Layer 1
10
4.901665
20
8.312693
70
0
0
VERTEX
8
Layer 1
10
4.884467
20
8.292584
70
0
0
VERTEX
8
Layer 1
10
4.904310
20
8.275386
70
0
0
VERTEX
8
Layer 1
10
4.904310
20
8.275386
70
0
0
SEQEND
8
Layer 1
0
POLYLINE
8
Layer 1
62
7
70
0
10
0.000000
20
0.000000
66
1
0
VERTEX
8
Layer 1
10
5.099308
20
8.066101
70
0
0
VERTEX
8
Layer 1
10
5.171010
20
8.100497
70
0
0
VERTEX
8
Layer 1
10
5.305683
20
8.155001
70
0
0
VERTEX
8
Layer 1
10
5.494860
20
8.160822
70
0
0
VERTEX
8
Layer 1
10
5.480572
20
8.183841
70
0
0
VERTEX
8
Layer 1
10
5.503591
20
8.198128
70
0
0
VERTEX
8
Layer 1
10
5.297216
20
8.192307
70
0
0
VERTEX
8
Layer 1
10
5.153812
20
8.134893
70
0
0
VERTEX
8
Layer 1
10
5.082110
20
8.100497
70
0
0
VERTEX
8
Layer 1
10
4.898754
20
8.054724
70
0
0
VERTEX
8
Layer 1
10
4.881556
20
8.034616
70
0
0
VERTEX
8
Layer 1
10
4.901665
20
8.014508
70
0
0
VERTEX
8
Layer 1
10
5.099308
20
8.066101
70
0
0
VERTEX
8
Layer 1
10
5.099308
20
8.066101
70
0
0
SEQEND
8
Layer 1
0
POLYLINE
8
Layer 1
62
7
70
0
10
0.000000
20
0.000000
66
1
0
VERTEX
8
Layer 1
10
5.950472
20
8.937373
70
0
0
VERTEX
8
Layer 1
10
6.139649
20
8.931552
70
0
0
VERTEX
8
Layer 1
10
6.274321
20
8.877048
70
0
0
VERTEX
8
Layer 1
10
6.346023
20
8.842652
70
0
0
VERTEX
8
Layer 1
10
6.543667
20
8.791059
70
0
0
VERTEX
8
Layer 1
10
6.563775
20
8.811167
70
0
0
VERTEX
8
Layer 1
10
6.543667
20
8.831275
70
0
0
VERTEX
8
Layer 1
10
6.363221
20
8.877048
70
0
0
VERTEX
8
Layer 1
10
6.291519
20
8.911444
70
0
0
VERTEX
8
Layer 1
10
6.148115
20
8.968859
70
0
0
VERTEX
8
Layer 1
10
5.941740
20
8.974679
70
0
0
VERTEX
8
Layer 1
10
5.927453
20
8.951661
70
0
0
VERTEX
8
Layer 1
10
5.950472
20
8.937373
70
0
0
VERTEX
8
Layer 1
10
5.950472
20
8.937373
70
0
0
SEQEND
8
Layer 1
0
POLYLINE
8
Layer 1
62
7
70
0
10
0.000000
20
0.000000
66
1
0
VERTEX
8
Layer 1
10
5.950472
20
8.676494
70
0
0
VERTEX
8
Layer 1
10
6.139649
20
8.670673
70
0
0
VERTEX
8
Layer 1
10
6.274321
20
8.616169
70
0
0
VERTEX
8
Layer 1
10
6.346023
20
8.581774
70
0
0
VERTEX
8
Layer 1
10
6.541021
20
8.533090
70
0
0
VERTEX
8
Layer 1
10
6.561129
20
8.550288
70
0
0
VERTEX
8
Layer 1
10
6.543931
20
8.570397
70
0
0
VERTEX
8
Layer 1
10
6.360575
20
8.616169
70
0
0
VERTEX
8
Layer 1
10
6.288873
20
8.650565
70
0
0
VERTEX
8
Layer 1
10
6.145469
20
8.707980
70
0
0
VERTEX
8
Layer 1
10
5.939095
20
8.713801
70
0
0
VERTEX
8
Layer 1
10
5.924807
20
8.690782
70
0
0
VERTEX
8
Layer 1
10
5.950472
20
8.676494
70
0
0
VERTEX
8
Layer 1
10
5.950472
20
8.676494
70
0
0
SEQEND
8
Layer 1
0
POLYLINE
8
Layer 1
62
7
70
0
10
0.000000
20
0.000000
66
1
0
VERTEX
8
Layer 1
10
5.950472
20
8.418790
70
0
0
VERTEX
8
Layer 1
10
6.139649
20
8.412970
70
0
0
VERTEX
8
Layer 1
10
6.274321
20
8.358466
70
0
0
VERTEX
8
Layer 1
10
6.346023
20
8.324070
70
0
0
VERTEX
8
Layer 1
10
6.543667
20
8.275386
70
0
0
VERTEX
8
Layer 1
10
6.563775
20
8.292584
70
0
0
VERTEX
8
Layer 1
10
6.543667
20
8.312693
70
0
0
VERTEX
8
Layer 1
10
6.363221
20
8.358466
70
0
0
VERTEX
8
Layer 1
10
6.291519
20
8.392861
70
0
0
VERTEX
8
Layer 1
10
6.148115
20
8.450276
70
0
0
VERTEX
8
Layer 1
10
5.941740
20
8.456097
70
0
0
VERTEX
8
Layer 1
10
5.924543
20
8.433078
70
0
0
VERTEX
8
Layer 1
10
5.950472
20
8.418790
70
0
0
VERTEX
8
Layer 1
10
5.950472
20
8.418790
70
0
0
SEQEND
8
Layer 1
0
POLYLINE
8
Layer 1
62
7
70
0
10
0.000000
20
0.000000
66
1
0
VERTEX
8
Layer 1
10
6.274321
20
8.097587
70
0
0
VERTEX
8
Layer 1
10
6.346023
20
8.063191
70
0
0
VERTEX
8
Layer 1
10
6.543667
20
8.014508
70
0
0
VERTEX
8
Layer 1
10
6.563775
20
8.034616
70
0
0
VERTEX
8
Layer 1
10
6.543667
20
8.054724
70
0
0
VERTEX
8
Layer 1
10
6.363221
20
8.100497
70
0
0
VERTEX
8
Layer 1
10
6.291519
20
8.134893
70
0
0
VERTEX
8
Layer 1
10
6.148115
20
8.192307
70
0
0
VERTEX
8
Layer 1
10
5.941740
20
8.198128
70
0
0
VERTEX
8
Layer 1
10
5.924543
20
8.175110
70
0
0
VERTEX
8
Layer 1
10
5.947561
20
8.160822
70
0
0
VERTEX
8
Layer 1
10
6.136738
20
8.155001
70
0
0
VERTEX
8
Layer 1
10
6.274321
20
8.097587
70
0
0
VERTEX
8
Layer 1
10
6.274321
20
8.097587
70
0
0
SEQEND
8
Layer 1
0
POLYLINE
8
Layer 1
62
7
70
0
10
0.000000
20
0.000000
66
1
0
VERTEX
8
Layer 1
10
1.385092
20
8.794234
70
0
0
VERTEX
8
Layer 1
10
1.580090
20
8.845827
70
0
0
VERTEX
8
Layer 1
10
1.651792
20
8.880223
70
0
0
VERTEX
8
Layer 1
10
1.789375
20
8.931817
70
0
0
VERTEX
8
Layer 1
10
1.978552
20
8.937638
70
0
0
VERTEX
8
Layer 1
10
1.964264
20
8.960656
70
0
0
VERTEX
8
Layer 1
10
1.987283
20
8.974944
70
0
0
VERTEX
8
Layer 1
10
1.780908
20
8.969123
70
0
0
VERTEX
8
Layer 1
10
1.637504
20
8.911709
70
0
0
VERTEX
8
Layer 1
10
1.565802
20
8.877313
70
0
0
VERTEX
8
Layer 1
10
1.385357
20
8.831540
70
0
0
VERTEX
8
Layer 1
10
1.365248
20
8.811432
70
0
0
VERTEX
8
Layer 1
10
1.385092
20
8.794234
70
0
0
VERTEX
8
Layer 1
10
1.385092
20
8.794234
70
0
0
SEQEND
8
Layer 1
0
POLYLINE
8
Layer 1
62
7
70
0
10
0.000000
20
0.000000
66
1
0
VERTEX
8
Layer 1
10
1.385092
20
8.533355
70
0
0
VERTEX
8
Layer 1
10
1.580090
20
8.582038
70
0
0
VERTEX
8
Layer 1
10
1.651792
20
8.616434
70
0
0
VERTEX
8
Layer 1
10
1.789375
20
8.670938
70
0
0
VERTEX
8
Layer 1
10
1.978552
20
8.676759
70
0
0
VERTEX
8
Layer 1
10
2.001570
20
8.691046
70
0
0
VERTEX
8
Layer 1
10
1.987283
20
8.714065
70
0
0
VERTEX
8
Layer 1
10
1.780908
20
8.708244
70
0
0
VERTEX
8
Layer 1
10
1.637504
20
8.650830
70
0
0
VERTEX
8
Layer 1
10
1.565802
20
8.616434
70
0
0
VERTEX
8
Layer 1
10
1.385357
20
8.570661
70
0
0
VERTEX
8
Layer 1
10
1.365248
20
8.550553
70
0
0
VERTEX
8
Layer 1
10
1.385092
20
8.533355
70
0
0
VERTEX
8
Layer 1
10
1.385092
20
8.533355
70
0
0
SEQEND
8
Layer 1
0
POLYLINE
8
Layer 1
62
7
70
0
10
0.000000
20
0.000000
66
1
0
VERTEX
8
Layer 1
10
1.385092
20
8.275386
70
0
0
VERTEX
8
Layer 1
10
1.580090
20
8.324070
70
0
0
VERTEX
8
Layer 1
10
1.651792
20
8.358466
70
0
0
VERTEX
8
Layer 1
10
1.789375
20
8.412970
70
0
0
VERTEX
8
Layer 1
10
1.978552
20
8.418790
70
0
0
VERTEX
8
Layer 1
10
2.001570
20
8.433078
70
0
0
VERTEX
8
Layer 1
10
1.987283
20
8.456097
70
0
0
VERTEX
8
Layer 1
10
1.780908
20
8.450276
70
0
0
VERTEX
8
Layer 1
10
1.637504
20
8.392861
70
0
0
VERTEX
8
Layer 1
10
1.565802
20
8.358466
70
0
0
VERTEX
8
Layer 1
10
1.385357
20
8.312693
70
0
0
VERTEX
8
Layer 1
10
1.365248
20
8.292584
70
0
0
VERTEX
8
Layer 1
10
1.385092
20
8.275386
70
0
0
VERTEX
8
Layer 1
10
1.385092
20
8.275386
70
0
0
SEQEND
8
Layer 1
0
POLYLINE
8
Layer 1
62
7
70
0
10
0.000000
20
0.000000
66
1
0
VERTEX
8
Layer 1
10
1.385092
20
8.014508
70
0
0
VERTEX
8
Layer 1
10
1.580090
20
8.063191
70
0
0
VERTEX
8
Layer 1
10
1.651792
20
8.097587
70
0
0
VERTEX
8
Layer 1
10
1.789375
20
8.155001
70
0
0
VERTEX
8
Layer 1
10
1.978552
20
8.160822
70
0
0
VERTEX
8
Layer 1
10
1.964264
20
8.183841
70
0
0
VERTEX
8
Layer 1
10
1.987283
20
8.198128
70
0
0
VERTEX
8
Layer 1
10
1.780908
20
8.192307
70
0
0
VERTEX
8
Layer 1
10
1.637504
20
8.134893
70
0
0
VERTEX
8
Layer 1
10
1.565802
20
8.100497
70
0
0
VERTEX
8
Layer 1
10
1.385357
20
8.054724
70
0
0
VERTEX
8
Layer 1
10
1.365248
20
8.034616
70
0
0
VERTEX
8
Layer 1
10
1.385092
20
8.014508
70
0
0
VERTEX
8
Layer 1
10
1.385092
20
8.014508
70
0
0
SEQEND
8
Layer 1
0
POLYLINE
8
Layer 1
62
7
70
0
10
0.000000
20
0.000000
66
1
0
VERTEX
8
Layer 1
10
2.445541
20
8.960392
70
0
0
VERTEX
8
Layer 1
10
2.431253
20
8.937373
70
0
0
VERTEX
8
Layer 1
10
2.620430
20
8.931552
70
0
0
VERTEX
8
Layer 1
10
2.755103
20
8.877048
70
0
0
VERTEX
8
Layer 1
10
2.826805
20
8.842652
70
0
0
VERTEX
8
Layer 1
10
3.024448
20
8.791059
70
0
0
VERTEX
8
Layer 1
10
3.044557
20
8.811167
70
0
0
VERTEX
8
Layer 1
10
3.027359
20
8.831275
70
0
0
VERTEX
8
Layer 1
10
2.844003
20
8.877048
70
0
0
VERTEX
8
Layer 1
10
2.775211
20
8.911444
70
0
0
VERTEX
8
Layer 1
10
2.631807
20
8.968859
70
0
0
VERTEX
8
Layer 1
10
2.425432
20
8.974679
70
0
0
VERTEX
8
Layer 1
10
2.445541
20
8.960392
70
0
0
VERTEX
8
Layer 1
10
2.445541
20
8.960392
70
0
0
SEQEND
8
Layer 1
0
POLYLINE
8
Layer 1
62
7
70
0
10
0.000000
20
0.000000
66
1
0
VERTEX
8
Layer 1
10
2.430989
20
8.676494
70
0
0
VERTEX
8
Layer 1
10
2.620165
20
8.670673
70
0
0
VERTEX
8
Layer 1
10
2.754838
20
8.616169
70
0
0
VERTEX
8
Layer 1
10
2.826540
20
8.581774
70
0
0
VERTEX
8
Layer 1
10
3.024184
20
8.533090
70
0
0
VERTEX
8
Layer 1
10
3.044292
20
8.550288
70
0
0
VERTEX
8
Layer 1
10
3.027094
20
8.570397
70
0
0
VERTEX
8
Layer 1
10
2.843738
20
8.616169
70
0
0
VERTEX
8
Layer 1
10
2.772036
20
8.650565
70
0
0
VERTEX
8
Layer 1
10
2.628632
20
8.707980
70
0
0
VERTEX
8
Layer 1
10
2.422257
20
8.713801
70
0
0
VERTEX
8
Layer 1
10
2.407970
20
8.690782
70
0
0
VERTEX
8
Layer 1
10
2.430989
20
8.676494
70
0
0
VERTEX
8
Layer 1
10
2.430989
20
8.676494
70
0
0
SEQEND
8
Layer 1
0
POLYLINE
8
Layer 1
62
7
70
0
10
0.000000
20
0.000000
66
1
0
VERTEX
8
Layer 1
10
2.620165
20
8.412970
70
0
0
VERTEX
8
Layer 1
10
2.754838
20
8.358466
70
0
0
VERTEX
8
Layer 1
10
2.826540
20
8.324070
70
0
0
VERTEX
8
Layer 1
10
3.024184
20
8.275386
70
0
0
VERTEX
8
Layer 1
10
3.044292
20
8.292584
70
0
0
VERTEX
8
Layer 1
10
3.027094
20
8.312693
70
0
0
VERTEX
8
Layer 1
10
2.843738
20
8.358466
70
0
0
VERTEX
8
Layer 1
10
2.774947
20
8.392861
70
0
0
VERTEX
8
Layer 1
10
2.631543
20
8.450276
70
0
0
VERTEX
8
Layer 1
10
2.425168
20
8.456097
70
0
0
VERTEX
8
Layer 1
10
2.410880
20
8.433078
70
0
0
VERTEX
8
Layer 1
10
2.433899
20
8.418790
70
0
0
VERTEX
8
Layer 1
10
2.620165
20
8.412970
70
0
0
VERTEX
8
Layer 1
10
2.620165
20
8.412970
70
0
0
SEQEND
8
Layer 1
0
POLYLINE
8
Layer 1
62
7
70
0
10
0.000000
20
0.000000
66
1
0
VERTEX
8
Layer 1
10
2.754838
20
8.097587
70
0
0
VERTEX
8
Layer 1
10
2.826540
20
8.063191
70
0
0
VERTEX
8
Layer 1
10
3.024184
20
8.014508
70
0
0
VERTEX
8
Layer 1
10
3.044292
20
8.034616
70
0
0
VERTEX
8
Layer 1
10
3.027094
20
8.054724
70
0
0
VERTEX
8
Layer 1
10
2.843738
20
8.100497
70
0
0
VERTEX
8
Layer 1
10
2.772036
20
8.134893
70
0
0
VERTEX
8
Layer 1
10
2.628632
20
8.192307
70
0
0
VERTEX
8
Layer 1
10
2.422257
20
8.198128
70
0
0
VERTEX
8
Layer 1
10
2.445276
20
8.183841
70
0
0
VERTEX
8
Layer 1
10
2.430989
20
8.160822
70
0
0
VERTEX
8
Layer 1
10
2.620165
20
8.155001
70
0
0
VERTEX
8
Layer 1
10
2.754838
20
8.097587
70
0
0
VERTEX
8
Layer 1
10
2.754838
20
8.097587
70
0
0
SEQEND
8
Layer 1
0
POLYLINE
8
Layer 1
62
7
70
0
10
0.000000
20
0.000000
66
1
0
VERTEX
8
Layer 1
10
3.620554
20
8.980500
70
0
0
VERTEX
8
Layer 1
10
3.451485
20
8.980500
70
0
0
VERTEX
8
Layer 1
10
3.288238
20
9.086598
70
0
0
VERTEX
8
Layer 1
10
3.259663
20
9.097975
70
0
0
VERTEX
8
Layer 1
10
3.041911
20
9.097975
70
0
0
VERTEX
8
Layer 1
10
2.915705
20
9.158035
70
0
0
VERTEX
8
Layer 1
10
2.557459
20
9.286887
70
0
0
VERTEX
8
Layer 1
10
2.202124
20
9.143483
70
0
0
VERTEX
8
Layer 1
10
1.846789
20
9.286887
70
0
0
VERTEX
8
Layer 1
10
1.488544
20
9.158035
70
0
0
VERTEX
8
Layer 1
10
1.362338
20
9.097975
70
0
0
VERTEX
8
Layer 1
10
1.144321
20
9.097975
70
0
0
VERTEX
8
Layer 1
10
1.112836
20
9.086598
70
0
0
VERTEX
8
Layer 1
10
0.949588
20
8.980500
70
0
0
VERTEX
8
Layer 1
10
0.780255
20
8.980500
70
0
0
VERTEX
8
Layer 1
10
0.737393
20
8.937638
70
0
0
VERTEX
8
Layer 1
10
0.737393
20
7.430044
70
0
0
VERTEX
8
Layer 1
10
0.780255
20
7.387181
70
0
0
VERTEX
8
Layer 1
10
1.940981
20
7.387181
70
0
0
VERTEX
8
Layer 1
10
2.121426
20
7.298281
70
0
0
VERTEX
8
Layer 1
10
2.282028
20
7.298281
70
0
0
VERTEX
8
Layer 1
10
2.456918
20
7.387181
70
0
0
VERTEX
8
Layer 1
10
3.617643
20
7.387181
70
0
0
VERTEX
8
Layer 1
10
3.660506
20
7.430044
70
0
0
VERTEX
8
Layer 1
10
3.660506
20
8.937638
70
0
0
VERTEX
8
Layer 1
10
3.620554
20
8.980500
70
0
0
VERTEX
8
Layer 1
10
3.620554
20
8.980500
70
0
0
SEQEND
8
Layer 1
0
POLYLINE
8
Layer 1
62
7
70
0
10
0.000000
20
0.000000
66
1
0
VERTEX
8
Layer 1
10
2.247633
20
9.054848
70
0
0
VERTEX
8
Layer 1
10
2.303856
20
9.125690
70
0
0
VERTEX
8
Layer 1
10
2.560105
20
9.200898
70
0
0
VERTEX
8
Layer 1
10
2.866757
20
9.089244
70
0
0
VERTEX
8
Layer 1
10
3.044557
20
9.011986
70
0
0
VERTEX
8
Layer 1
10
3.216536
20
9.011986
70
0
0
VERTEX
8
Layer 1
10
3.216536
20
7.785379
70
0
0
VERTEX
8
Layer 1
10
3.038736
20
7.785379
70
0
0
VERTEX
8
Layer 1
10
2.843738
20
7.845439
70
0
0
VERTEX
8
Layer 1
10
2.531266
20
7.928518
70
0
0
VERTEX
8
Layer 1
10
2.247633
20
7.805222
70
0
0
VERTEX
8
Layer 1
10
2.247633
20
9.054848
70
0
0
VERTEX
8
Layer 1
10
2.247633
20
9.054848
70
0
0
SEQEND
8
Layer 1
0
POLYLINE
8
Layer 1
62
7
70
0
10
0.000000
20
0.000000
66
1
0
VERTEX
8
Layer 1
10
1.187184
20
9.011986
70
0
0
VERTEX
8
Layer 1
10
1.362073
20
9.011986
70
0
0
VERTEX
8
Layer 1
10
1.539873
20
9.089244
70
0
0
VERTEX
8
Layer 1
10
1.846525
20
9.200898
70
0
0
VERTEX
8
Layer 1
10
2.101682
20
9.124235
70
0
0
VERTEX
8
Layer 1
10
2.158997
20
9.043206
70
0
0
VERTEX
8
Layer 1
10
2.156087
20
7.805222
70
0
0
VERTEX
8
Layer 1
10
1.872454
20
7.928518
70
0
0
VERTEX
8
Layer 1
10
1.557071
20
7.845439
70
0
0
VERTEX
8
Layer 1
10
1.362073
20
7.785379
70
0
0
VERTEX
8
Layer 1
10
1.184274
20
7.785379
70
0
0
VERTEX
8
Layer 1
10
1.187184
20
9.011986
70
0
0
VERTEX
8
Layer 1
10
1.187184
20
9.011986
70
0
0
SEQEND
8
Layer 1
0
POLYLINE
8
Layer 1
62
7
70
0
10
0.000000
20
0.000000
66
1
0
VERTEX
8
Layer 1
10
1.003828
20
8.908798
70
0
0
VERTEX
8
Layer 1
10
1.101194
20
8.971769
70
0
0
VERTEX
8
Layer 1
10
1.101194
20
7.739341
70
0
0
VERTEX
8
Layer 1
10
1.144057
20
7.696479
70
0
0
VERTEX
8
Layer 1
10
1.364719
20
7.696479
70
0
0
VERTEX
8
Layer 1
10
1.594113
20
7.762360
70
0
0
VERTEX
8
Layer 1
10
1.872189
20
7.839618
70
0
0
VERTEX
8
Layer 1
10
2.124337
20
7.713412
70
0
0
VERTEX
8
Layer 1
10
2.156087
20
7.699389
70
0
0
VERTEX
8
Layer 1
10
2.198949
20
7.699389
70
0
0
VERTEX
8
Layer 1
10
2.198949
20
7.699389
70
0
0
VERTEX
8
Layer 1
10
2.198949
20
7.699389
70
0
0
VERTEX
8
Layer 1
10
2.241812
20
7.699389
70
0
0
VERTEX
8
Layer 1
10
2.276208
20
7.713677
70
0
0
VERTEX
8
Layer 1
10
2.528355
20
7.839883
70
0
0
VERTEX
8
Layer 1
10
2.806432
20
7.762625
70
0
0
VERTEX
8
Layer 1
10
3.035825
20
7.696743
70
0
0
VERTEX
8
Layer 1
10
3.256488
20
7.696743
70
0
0
VERTEX
8
Layer 1
10
3.299350
20
7.739606
70
0
0
VERTEX
8
Layer 1
10
3.299350
20
8.972034
70
0
0
VERTEX
8
Layer 1
10
3.396717
20
8.909063
70
0
0
VERTEX
8
Layer 1
10
3.396717
20
7.656527
70
0
0
VERTEX
8
Layer 1
10
2.416701
20
7.656527
70
0
0
VERTEX
8
Layer 1
10
2.385216
20
7.642239
70
0
0
VERTEX
8
Layer 1
10
2.224614
20
7.562071
70
0
0
VERTEX
8
Layer 1
10
2.181751
20
7.562071
70
0
0
VERTEX
8
Layer 1
10
2.015593
20
7.642239
70
0
0
VERTEX
8
Layer 1
10
1.984108
20
7.656527
70
0
0
VERTEX
8
Layer 1
10
1.004092
20
7.656527
70
0
0
VERTEX
8
Layer 1
10
1.003828
20
8.908798
70
0
0
VERTEX
8
Layer 1
10
1.003828
20
8.908798
70
0
0
SEQEND
8
Layer 1
0
POLYLINE
8
Layer 1
62
7
70
0
10
0.000000
20
0.000000
66
1
0
VERTEX
8
Layer 1
10
3.577427
20
7.472906
70
0
0
VERTEX
8
Layer 1
10
2.442630
20
7.472906
70
0
0
VERTEX
8
Layer 1
10
2.408234
20
7.458619
70
0
0
VERTEX
8
Layer 1
10
2.267741
20
7.384006
70
0
0
VERTEX
8
Layer 1
10
2.138889
20
7.384006
70
0
0
VERTEX
8
Layer 1
10
1.992839
20
7.458619
70
0
0
VERTEX
8
Layer 1
10
1.958443
20
7.472906
70
0
0
VERTEX
8
Layer 1
10
0.823647
20
7.472906
70
0
0
VERTEX
8
Layer 1
10
0.823647
20
8.891600
70
0
0
VERTEX
8
Layer 1
10
0.912547
20
8.891600
70
0
0
VERTEX
8
Layer 1
10
0.912547
20
7.613400
70
0
0
VERTEX
8
Layer 1
10
0.955409
20
7.570537
70
0
0
VERTEX
8
Layer 1
10
1.964264
20
7.570537
70
0
0
VERTEX
8
Layer 1
10
2.170639
20
7.476081
70
0
0
VERTEX
8
Layer 1
10
2.230435
20
7.476081
70
0
0
VERTEX
8
Layer 1
10
2.430989
20
7.567892
70
0
0
VERTEX
8
Layer 1
10
3.439844
20
7.567892
70
0
0
VERTEX
8
Layer 1
10
3.482706
20
7.610754
70
0
0
VERTEX
8
Layer 1
10
3.482706
20
8.888954
70
0
0
VERTEX
8
Layer 1
10
3.571606
20
8.888954
70
0
0
VERTEX
8
Layer 1
10
3.577427
20
7.472906
70
0
0
VERTEX
8
Layer 1
10
3.577427
20
7.472906
70
0
0
SEQEND
8
Layer 1
0
POLYLINE
8
Layer 1
62
7
70
0
10
0.000000
20
0.000000
66
1
0
VERTEX
8
Layer 1
10
3.964247
20
10.387553
70
0
0
VERTEX
8
Layer 1
10
3.184025
20
10.290484
70
0
0
VERTEX
8
Layer 1
10
2.820719
20
10.006288
70
0
0
VERTEX
8
Layer 1
10
3.133192
20
9.739853
70
0
0
VERTEX
8
Layer 1
10
3.213361
20
9.728476
70
0
0
VERTEX
8
Layer 1
10
3.144569
20
9.762872
70
0
0
VERTEX
8
Layer 1
10
2.909619
20
10.006553
70
0
0
VERTEX
8
Layer 1
10
3.211575
20
10.204329
70
0
0
VERTEX
8
Layer 1
10
3.967158
20
10.298917
70
0
0
VERTEX
8
Layer 1
10
4.722740
20
10.204329
70
0
0
VERTEX
8
Layer 1
10
5.024696
20
10.006553
70
0
0
VERTEX
8
Layer 1
10
4.798213
20
9.762872
70
0
0
VERTEX
8
Layer 1
10
4.732332
20
9.731387
70
0
0
VERTEX
8
Layer 1
10
4.804034
20
9.742764
70
0
0
VERTEX
8
Layer 1
10
5.113596
20
10.006553
70
0
0
VERTEX
8
Layer 1
10
4.744205
20
10.289425
70
0
0
VERTEX
8
Layer 1
10
3.964247
20
10.387553
70
0
0
VERTEX
8
Layer 1
10
3.964247
20
10.387553
70
0
0
SEQEND
8
Layer 1
0
POLYLINE
8
Layer 1
62
7
70
0
10
0.000000
20
0.000000
66
1
0
VERTEX
8
Layer 1
10
5.276843
20
10.811679
70
0
0
VERTEX
8
Layer 1
10
5.101954
20
10.499207
70
0
0
VERTEX
8
Layer 1
10
5.099044
20
10.493386
70
0
0
VERTEX
8
Layer 1
10
5.093223
20
10.496296
70
0
0
VERTEX
8
Layer 1
10
4.912777
20
10.579375
70
0
0
VERTEX
8
Layer 1
10
3.969803
20
10.722779
70
0
0
VERTEX
8
Layer 1
10
3.966893
20
10.722779
70
0
0
VERTEX
8
Layer 1
10
3.023919
20
10.579375
70
0
0
VERTEX
8
Layer 1
10
2.843474
20
10.496296
70
0
0
VERTEX
8
Layer 1
10
2.837653
20
10.493386
70
0
0
VERTEX
8
Layer 1
10
2.834742
20
10.499207
70
0
0
VERTEX
8
Layer 1
10
2.659853
20
10.811679
70
0
0
VERTEX
8
Layer 1
10
2.634188
20
10.794481
70
0
0
VERTEX
8
Layer 1
10
2.754574
20
10.439146
70
0
0
VERTEX
8
Layer 1
10
2.786059
20
10.384642
70
0
0
VERTEX
8
Layer 1
10
2.828921
20
10.387553
70
0
0
VERTEX
8
Layer 1
10
3.052494
20
10.499207
70
0
0
VERTEX
8
Layer 1
10
3.963983
20
10.633879
70
0
0
VERTEX
8
Layer 1
10
3.966893
20
10.633879
70
0
0
VERTEX
8
Layer 1
10
4.881027
20
10.499207
70
0
0
VERTEX
8
Layer 1
10
5.104600
20
10.387553
70
0
0
VERTEX
8
Layer 1
10
5.144816
20
10.384642
70
0
0
VERTEX
8
Layer 1
10
5.176302
20
10.439146
70
0
0
VERTEX
8
Layer 1
10
5.296687
20
10.794481
70
0
0
VERTEX
8
Layer 1
10
5.276843
20
10.811679
70
0
0
VERTEX
8
Layer 1
10
5.276843
20
10.811679
70
0
0
SEQEND
8
Layer 1
0
POLYLINE
8
Layer 1
62
7
70
0
10
0.000000
20
0.000000
66
1
0
VERTEX
8
Layer 1
10
4.047591
20
10.513759
70
0
0
VERTEX
8
Layer 1
10
3.970332
20
10.591017
70
0
0
VERTEX
8
Layer 1
10
3.893074
20
10.513759
70
0
0
VERTEX
8
Layer 1
10
3.970332
20
10.436500
70
0
0
VERTEX
8
Layer 1
10
4.047591
20
10.513759
70
0
0
VERTEX
8
Layer 1
10
4.047591
20
10.513759
70
0
0
SEQEND
8
Layer 1
0
POLYLINE
8
Layer 1
62
7
70
0
10
0.000000
20
0.000000
66
1
0
VERTEX
8
Layer 1
10
3.497258
20
10.467721
70
0
0
VERTEX
8
Layer 1
10
3.420000
20
10.544979
70
0
0
VERTEX
8
Layer 1
10
3.342742
20
10.467721
70
0
0
VERTEX
8
Layer 1
10
3.420000
20
10.390463
70
0
0
VERTEX
8
Layer 1
10
3.497258
20
10.467721
70
0
0
VERTEX
8
Layer 1
10
3.497258
20
10.467721
70
0
0
SEQEND
8
Layer 1
0
POLYLINE
8
Layer 1
62
7
70
0
10
0.000000
20
0.000000
66
1
0
VERTEX
8
Layer 1
10
2.935548
20
10.229861
70
0
0
VERTEX
8
Layer 1
10
2.967034
20
10.335959
70
0
0
VERTEX
8
Layer 1
10
2.860936
20
10.367444
70
0
0
VERTEX
8
Layer 1
10
2.829451
20
10.261346
70
0
0
VERTEX
8
Layer 1
10
2.935548
20
10.229861
70
0
0
VERTEX
8
Layer 1
10
2.935548
20
10.229861
70
0
0
SEQEND
8
Layer 1
0
POLYLINE
8
Layer 1
62
7
70
0
10
0.000000
20
0.000000
66
1
0
VERTEX
8
Layer 1
10
3.193517
20
10.404750
70
0
0
VERTEX
8
Layer 1
10
3.153300
20
10.444967
70
0
0
VERTEX
8
Layer 1
10
3.113084
20
10.404750
70
0
0
VERTEX
8
Layer 1
10
3.153300
20
10.364534
70
0
0
VERTEX
8
Layer 1
10
3.193517
20
10.404750
70
0
0
VERTEX
8
Layer 1
10
3.193517
20
10.404750
70
0
0
SEQEND
8
Layer 1
0
POLYLINE
8
Layer 1
62
7
70
0
10
0.000000
20
0.000000
66
1
0
VERTEX
8
Layer 1
10
3.735118
20
10.499471
70
0
0
VERTEX
8
Layer 1
10
3.694902
20
10.539688
70
0
0
VERTEX
8
Layer 1
10
3.654685
20
10.499471
70
0
0
VERTEX
8
Layer 1
10
3.694902
20
10.459255
70
0
0
VERTEX
8
Layer 1
10
3.735118
20
10.499471
70
0
0
VERTEX
8
Layer 1
10
3.735118
20
10.499471
70
0
0
SEQEND
8
Layer 1
0
POLYLINE
8
Layer 1
62
7
70
0
10
0.000000
20
0.000000
66
1
0
VERTEX
8
Layer 1
10
4.597659
20
10.467721
70
0
0
VERTEX
8
Layer 1
10
4.520401
20
10.544979
70
0
0
VERTEX
8
Layer 1
10
4.443142
20
10.467721
70
0
0
VERTEX
8
Layer 1
10
4.520401
20
10.390463
70
0
0
VERTEX
8
Layer 1
10
4.597659
20
10.467721
70
0
0
VERTEX
8
Layer 1
10
4.597659
20
10.467721
70
0
0
SEQEND
8
Layer 1
0
POLYLINE
8
Layer 1
62
7
70
0
10
0.000000
20
0.000000
66
1
0
VERTEX
8
Layer 1
10
5.076289
20
10.364534
70
0
0
VERTEX
8
Layer 1
10
4.970192
20
10.333048
70
0
0
VERTEX
8
Layer 1
10
4.998767
20
10.226951
70
0
0
VERTEX
8
Layer 1
10
5.104864
20
10.258436
70
0
0
VERTEX
8
Layer 1
10
5.076289
20
10.364534
70
0
0
VERTEX
8
Layer 1
10
5.076289
20
10.364534
70
0
0
SEQEND
8
Layer 1
0
POLYLINE
8
Layer 1
62
7
70
0
10
0.000000
20
0.000000
66
1
0
VERTEX
8
Layer 1
10
4.827052
20
10.404750
70
0
0
VERTEX
8
Layer 1
10
4.786836
20
10.444967
70
0
0
VERTEX
8
Layer 1
10
4.746619
20
10.404750
70
0
0
VERTEX
8
Layer 1
10
4.786836
20
10.364534
70
0
0
VERTEX
8
Layer 1
10
4.827052
20
10.404750
70
0
0
VERTEX
8
Layer 1
10
4.827052
20
10.404750
70
0
0
SEQEND
8
Layer 1
0
POLYLINE
8
Layer 1
62
7
70
0
10
0.000000
20
0.000000
66
1
0
VERTEX
8
Layer 1
10
4.285451
20
10.499471
70
0
0
VERTEX
8
Layer 1
10
4.245234
20
10.539688
70
0
0
VERTEX
8
Layer 1
10
4.205018
20
10.499471
70
0
0
VERTEX
8
Layer 1
10
4.245234
20
10.459255
70
0
0
VERTEX
8
Layer 1
10
4.285451
20
10.499471
70
0
0
VERTEX
8
Layer 1
10
4.285451
20
10.499471
70
0
0
SEQEND
8
Layer 1
0
POLYLINE
8
Layer 1
62
7
70
0
10
0.000000
20
0.000000
66
1
0
VERTEX
8
Layer 1
10
3.967158
20
11.462289
70
0
0
VERTEX
8
Layer 1
10
3.886989
20
11.385030
70
0
0
VERTEX
8
Layer 1
10
3.967158
20
11.304862
70
0
0
VERTEX
8
Layer 1
10
4.044416
20
11.385030
70
0
0
VERTEX
8
Layer 1
10
3.967158
20
11.462289
70
0
0
VERTEX
8
Layer 1
10
3.967158
20
11.462289
70
0
0
SEQEND
8
Layer 1
0
POLYLINE
8
Layer 1
62
7
70
0
10
0.000000
20
0.000000
66
1
0
VERTEX
8
Layer 1
10
3.967158
20
11.685861
70
0
0
VERTEX
8
Layer 1
10
3.886989
20
11.608603
70
0
0
VERTEX
8
Layer 1
10
3.967158
20
11.528434
70
0
0
VERTEX
8
Layer 1
10
4.044416
20
11.608603
70
0
0
VERTEX
8
Layer 1
10
3.967158
20
11.685861
70
0
0
VERTEX
8
Layer 1
10
3.967158
20
11.685861
70
0
0
SEQEND
8
Layer 1
0
POLYLINE
8
Layer 1
62
7
70
0
10
0.000000
20
0.000000
66
1
0
VERTEX
8
Layer 1
10
3.967158
20
11.906524
70
0
0
VERTEX
8
Layer 1
10
3.886989
20
11.826355
70
0
0
VERTEX
8
Layer 1
10
3.967158
20
11.746186
70
0
0
VERTEX
8
Layer 1
10
4.044416
20
11.826355
70
0
0
VERTEX
8
Layer 1
10
3.967158
20
11.906524
70
0
0
VERTEX
8
Layer 1
10
3.967158
20
11.906524
70
0
0
SEQEND
8
Layer 1
0
POLYLINE
8
Layer 1
62
7
70
0
10
0.000000
20
0.000000
66
1
0
VERTEX
8
Layer 1
10
3.586158
20
11.728724
70
0
0
VERTEX
8
Layer 1
10
3.663416
20
11.805982
70
0
0
VERTEX
8
Layer 1
10
3.586158
20
11.886151
70
0
0
VERTEX
8
Layer 1
10
3.505989
20
11.805982
70
0
0
VERTEX
8
Layer 1
10
3.586158
20
11.728724
70
0
0
VERTEX
8
Layer 1
10
3.586158
20
11.728724
70
0
0
SEQEND
8
Layer 1
0
POLYLINE
8
Layer 1
62
7
70
0
10
0.000000
20
0.000000
66
1
0
VERTEX
8
Layer 1
10
3.325279
20
11.812067
70
0
0
VERTEX
8
Layer 1
10
3.405448
20
11.892236
70
0
0
VERTEX
8
Layer 1
10
3.325279
20
11.972405
70
0
0
VERTEX
8
Layer 1
10
3.245110
20
11.892236
70
0
0
VERTEX
8
Layer 1
10
3.325279
20
11.812067
70
0
0
VERTEX
8
Layer 1
10
3.325279
20
11.812067
70
0
0
SEQEND
8
Layer 1
0
POLYLINE
8
Layer 1
62
7
70
0
10
0.000000
20
0.000000
66
1
0
VERTEX
8
Layer 1
10
3.058844
20
11.872128
70
0
0
VERTEX
8
Layer 1
10
3.136102
20
11.952296
70
0
0
VERTEX
8
Layer 1
10
3.058844
20
12.032465
70
0
0
VERTEX
8
Layer 1
10
2.978675
20
11.952296
70
0
0
VERTEX
8
Layer 1
10
3.058844
20
11.872128
70
0
0
VERTEX
8
Layer 1
10
3.058844
20
11.872128
70
0
0
SEQEND
8
Layer 1
0
POLYLINE
8
Layer 1
62
7
70
0
10
0.000000
20
0.000000
66
1
0
VERTEX
8
Layer 1
10
2.786588
20
11.834822
70
0
0
VERTEX
8
Layer 1
10
2.866757
20
11.914990
70
0
0
VERTEX
8
Layer 1
10
2.786588
20
11.995159
70
0
0
VERTEX
8
Layer 1
10
2.709330
20
11.914990
70
0
0
VERTEX
8
Layer 1
10
2.786588
20
11.834822
70
0
0
VERTEX
8
Layer 1
10
2.786588
20
11.834822
70
0
0
SEQEND
8
Layer 1
0
POLYLINE
8
Layer 1
62
7
70
0
10
0.000000
20
0.000000
66
1
0
VERTEX
8
Layer 1
10
2.551374
20
11.685861
70
0
0
VERTEX
8
Layer 1
10
2.631543
20
11.766030
70
0
0
VERTEX
8
Layer 1
10
2.551374
20
11.846199
70
0
0
VERTEX
8
Layer 1
10
2.474116
20
11.766030
70
0
0
VERTEX
8
Layer 1
10
2.551374
20
11.685861
70
0
0
VERTEX
8
Layer 1
10
2.551374
20
11.685861
70
0
0
SEQEND
8
Layer 1
0
POLYLINE
8
Layer 1
62
7
70
0
10
0.000000
20
0.000000
66
1
0
VERTEX
8
Layer 1
10
2.416701
20
11.448001
70
0
0
VERTEX
8
Layer 1
10
2.496870
20
11.528170
70
0
0
VERTEX
8
Layer 1
10
2.416701
20
11.605428
70
0
0
VERTEX
8
Layer 1
10
2.336532
20
11.528170
70
0
0
VERTEX
8
Layer 1
10
2.416701
20
11.448001
70
0
0
VERTEX
8
Layer 1
10
2.416701
20
11.448001
70
0
0
SEQEND
8
Layer 1
0
POLYLINE
8
Layer 1
62
7
70
0
10
0.000000
20
0.000000
66
1
0
VERTEX
8
Layer 1
10
2.497134
20
11.247447
70
0
0
VERTEX
8
Layer 1
10
2.416966
20
11.327616
70
0
0
VERTEX
8
Layer 1
10
2.339707
20
11.247447
70
0
0
VERTEX
8
Layer 1
10
2.416966
20
11.167279
70
0
0
VERTEX
8
Layer 1
10
2.497134
20
11.247447
70
0
0
VERTEX
8
Layer 1
10
2.497134
20
11.247447
70
0
0
SEQEND
8
Layer 1
0
POLYLINE
8
Layer 1
62
7
70
0
10
0.000000
20
0.000000
66
1
0
VERTEX
8
Layer 1
10
2.516978
20
11.069648
70
0
0
VERTEX
8
Layer 1
10
2.436809
20
10.992389
70
0
0
VERTEX
8
Layer 1
10
2.516978
20
10.912221
70
0
0
VERTEX
8
Layer 1
10
2.597147
20
10.992389
70
0
0
VERTEX
8
Layer 1
10
2.516978
20
11.069648
70
0
0
VERTEX
8
Layer 1
10
2.516978
20
11.069648
70
0
0
SEQEND
8
Layer 1
0
POLYLINE
8
Layer 1
62
7
70
0
10
0.000000
20
0.000000
66
1
0
VERTEX
8
Layer 1
10
4.878646
20
9.934851
70
0
0
VERTEX
8
Layer 1
10
4.539748
20
10.128724
70
0
0
VERTEX
8
Layer 1
10
3.964512
20
10.178532
70
0
0
VERTEX
8
Layer 1
10
3.387820
20
10.128724
70
0
0
VERTEX
8
Layer 1
10
3.047467
20
9.934851
70
0
0
VERTEX
8
Layer 1
10
3.386729
20
9.740978
70
0
0
VERTEX
8
Layer 1
10
3.964512
20
9.691170
70
0
0
VERTEX
8
Layer 1
10
4.539748
20
9.740978
70
0
0
VERTEX
8
Layer 1
10
4.878646
20
9.934851
70
0
0
VERTEX
8
Layer 1
10
4.878646
20
9.934851
70
0
0
SEQEND
8
Layer 1
0
POLYLINE
8
Layer 1
62
7
70
0
10
0.000000
20
0.000000
66
1
0
VERTEX
8
Layer 1
10
3.964247
20
9.780070
70
0
0
VERTEX
8
Layer 1
10
3.344891
20
9.840296
70
0
0
VERTEX
8
Layer 1
10
3.136102
20
9.934851
70
0
0
VERTEX
8
Layer 1
10
3.344991
20
10.029406
70
0
0
VERTEX
8
Layer 1
10
3.964247
20
10.089632
70
0
0
VERTEX
8
Layer 1
10
4.583504
20
10.029406
70
0
0
VERTEX
8
Layer 1
10
4.792392
20
9.934851
70
0
0
VERTEX
8
Layer 1
10
4.582511
20
9.840296
70
0
0
VERTEX
8
Layer 1
10
3.964247
20
9.780070
70
0
0
VERTEX
8
Layer 1
10
3.964247
20
9.780070
70
0
0
SEQEND
8
Layer 1
0
POLYLINE
8
Layer 1
62
7
70
0
10
0.000000
20
0.000000
66
1
0
VERTEX
8
Layer 1
10
3.843862
20
12.072682
70
0
0
VERTEX
8
Layer 1
10
3.926941
20
12.072682
70
0
0
VERTEX
8
Layer 1
10
3.926941
20
11.986692
70
0
0
VERTEX
8
Layer 1
10
3.969803
20
11.943830
70
0
0
VERTEX
8
Layer 1
10
4.012666
20
11.986692
70
0
0
VERTEX
8
Layer 1
10
4.012666
20
12.072682
70
0
0
VERTEX
8
Layer 1
10
4.095745
20
12.072682
70
0
0
VERTEX
8
Layer 1
10
4.138607
20
12.115544
70
0
0
VERTEX
8
Layer 1
10
4.095745
20
12.158407
70
0
0
VERTEX
8
Layer 1
10
4.012666
20
12.158407
70
0
0
VERTEX
8
Layer 1
10
4.012666
20
12.238575
70
0
0
VERTEX
8
Layer 1
10
3.969803
20
12.281438
70
0
0
VERTEX
8
Layer 1
10
3.926941
20
12.238575
70
0
0
VERTEX
8
Layer 1
10
3.926941
20
12.158407
70
0
0
VERTEX
8
Layer 1
10
3.843862
20
12.158407
70
0
0
VERTEX
8
Layer 1
10
3.800999
20
12.115544
70
0
0
VERTEX
8
Layer 1
10
3.843862
20
12.072682
70
0
0
VERTEX
8
Layer 1
10
3.843862
20
12.072682
70
0
0
SEQEND
8
Layer 1
0
POLYLINE
8
Layer 1
62
7
70
0
10
0.000000
20
0.000000
66
1
0
VERTEX
8
Layer 1
10
2.809342
20
10.780194
70
0
0
VERTEX
8
Layer 1
10
2.809342
20
10.780194
70
0
0
VERTEX
8
Layer 1
10
2.812253
20
10.774373
70
0
0
VERTEX
8
Layer 1
10
2.812253
20
10.777283
70
0
0
VERTEX
8
Layer 1
10
3.076042
20
10.677006
70
0
0
VERTEX
8
Layer 1
10
3.245110
20
10.786015
70
0
0
VERTEX
8
Layer 1
10
3.236644
20
10.929419
70
0
0
VERTEX
8
Layer 1
10
3.179229
20
10.952437
70
0
0
VERTEX
8
Layer 1
10
3.173409
20
10.906664
70
0
0
VERTEX
8
Layer 1
10
3.147744
20
10.820675
70
0
0
VERTEX
8
Layer 1
10
3.093240
20
10.829142
70
0
0
VERTEX
8
Layer 1
10
3.096150
20
10.900844
70
0
0
VERTEX
8
Layer 1
10
3.039926
20
10.970330
70
0
0
VERTEX
8
Layer 1
10
3.093240
20
11.061445
70
0
0
VERTEX
8
Layer 1
10
3.262308
20
10.964079
70
0
0
VERTEX
8
Layer 1
10
3.276596
20
10.969900
70
0
0
VERTEX
8
Layer 1
10
3.164942
20
11.182095
70
0
0
VERTEX
8
Layer 1
10
3.227913
20
11.336876
70
0
0
VERTEX
8
Layer 1
10
3.268129
20
11.342697
70
0
0
VERTEX
8
Layer 1
10
3.382694
20
11.225222
70
0
0
VERTEX
8
Layer 1
10
3.362585
20
10.987362
70
0
0
VERTEX
8
Layer 1
10
3.379783
20
10.987362
70
0
0
VERTEX
8
Layer 1
10
3.497258
20
11.142143
70
0
0
VERTEX
8
Layer 1
10
3.582156
20
11.078379
70
0
0
VERTEX
8
Layer 1
10
3.557318
20
10.993183
70
0
0
VERTEX
8
Layer 1
10
3.588804
20
10.933123
70
0
0
VERTEX
8
Layer 1
10
3.540121
20
10.901637
70
0
0
VERTEX
8
Layer 1
10
3.482706
20
10.970429
70
0
0
VERTEX
8
Layer 1
10
3.459687
20
11.010646
70
0
0
VERTEX
8
Layer 1
10
3.416825
20
10.967783
70
0
0
VERTEX
8
Layer 1
10
3.465508
20
10.833110
70
0
0
VERTEX
8
Layer 1
10
3.680350
20
10.792894
70
0
0
VERTEX
8
Layer 1
10
3.869526
20
10.919100
70
0
0
VERTEX
8
Layer 1
10
3.752052
20
10.873327
70
0
0
VERTEX
8
Layer 1
10
3.743585
20
10.873327
70
0
0
VERTEX
8
Layer 1
10
3.717920
20
10.901902
70
0
0
VERTEX
8
Layer 1
10
3.717920
20
11.073881
70
0
0
VERTEX
8
Layer 1
10
3.743585
20
11.099545
70
0
0
VERTEX
8
Layer 1
10
3.754962
20
11.096635
70
0
0
VERTEX
8
Layer 1
10
3.875347
20
11.047952
70
0
0
VERTEX
8
Layer 1
10
3.840951
20
11.145318
70
0
0
VERTEX
8
Layer 1
10
3.838041
20
11.156695
70
0
0
VERTEX
8
Layer 1
10
3.866616
20
11.185270
70
0
0
VERTEX
8
Layer 1
10
3.969803
20
11.185270
70
0
0
VERTEX
8
Layer 1
10
4.072991
20
11.185270
70
0
0
VERTEX
8
Layer 1
10
4.101566
20
11.156695
70
0
0
VERTEX
8
Layer 1
10
4.098655
20
11.145318
70
0
0
VERTEX
8
Layer 1
10
4.064259
20
11.047952
70
0
0
VERTEX
8
Layer 1
10
4.187555
20
11.096635
70
0
0
VERTEX
8
Layer 1
10
4.198932
20
11.099545
70
0
0
VERTEX
8
Layer 1
10
4.227507
20
11.073881
70
0
0
VERTEX
8
Layer 1
10
4.227507
20
10.901902
70
0
0
VERTEX
8
Layer 1
10
4.198932
20
10.873327
70
0
0
VERTEX
8
Layer 1
10
4.190466
20
10.873327
70
0
0
VERTEX
8
Layer 1
10
4.070080
20
10.919100
70
0
0
VERTEX
8
Layer 1
10
4.259257
20
10.792894
70
0
0
VERTEX
8
Layer 1
10
4.474099
20
10.833110
70
0
0
VERTEX
8
Layer 1
10
4.522782
20
10.967783
70
0
0
VERTEX
8
Layer 1
10
4.479919
20
11.010646
70
0
0
VERTEX
8
Layer 1
10
4.456901
20
10.970429
70
0
0
VERTEX
8
Layer 1
10
4.399486
20
10.901637
70
0
0
VERTEX
8
Layer 1
10
4.353713
20
10.933123
70
0
0
VERTEX
8
Layer 1
10
4.385199
20
10.993183
70
0
0
VERTEX
8
Layer 1
10
4.360460
20
11.078478
70
0
0
VERTEX
8
Layer 1
10
4.445259
20
11.142143
70
0
0
VERTEX
8
Layer 1
10
4.562734
20
10.987362
70
0
0
VERTEX
8
Layer 1
10
4.579932
20
10.987362
70
0
0
VERTEX
8
Layer 1
10
4.559823
20
11.225222
70
0
0
VERTEX
8
Layer 1
10
4.674388
20
11.342697
70
0
0
VERTEX
8
Layer 1
10
4.714604
20
11.336876
70
0
0
VERTEX
8
Layer 1
10
4.777575
20
11.182095
70
0
0
VERTEX
8
Layer 1
10
4.665921
20
10.969900
70
0
0
VERTEX
8
Layer 1
10
4.680209
20
10.964079
70
0
0
VERTEX
8
Layer 1
10
4.849277
20
11.061445
70
0
0
VERTEX
8
Layer 1
10
4.903682
20
10.969338
70
0
0
VERTEX
8
Layer 1
10
4.846367
20
10.900844
70
0
0
VERTEX
8
Layer 1
10
4.849277
20
10.829142
70
0
0
VERTEX
8
Layer 1
10
4.794773
20
10.820675
70
0
0
VERTEX
8
Layer 1
10
4.769109
20
10.906664
70
0
0
VERTEX
8
Layer 1
10
4.763288
20
10.952437
70
0
0
VERTEX
8
Layer 1
10
4.705873
20
10.929419
70
0
0
VERTEX
8
Layer 1
10
4.697407
20
10.786015
70
0
0
VERTEX
8
Layer 1
10
4.866475
20
10.677006
70
0
0
VERTEX
8
Layer 1
10
5.130264
20
10.777283
70
0
0
VERTEX
8
Layer 1
10
5.130264
20
10.774373
70
0
0
VERTEX
8
Layer 1
10
5.133175
20
10.780194
70
0
0
VERTEX
8
Layer 1
10
5.133175
20
10.783104
70
0
0
VERTEX
8
Layer 1
10
5.411252
20
11.402228
70
0
0
VERTEX
8
Layer 1
10
5.271882
20
11.700579
70
0
0
VERTEX
8
Layer 1
10
4.924154
20
11.820534
70
0
0
VERTEX
8
Layer 1
10
4.574640
20
11.737455
70
0
0
VERTEX
8
Layer 1
10
4.216395
20
11.665753
70
0
0
VERTEX
8
Layer 1
10
4.216395
20
11.912344
70
0
0
VERTEX
8
Layer 1
10
4.173532
20
11.955207
70
0
0
VERTEX
8
Layer 1
10
4.130670
20
11.912344
70
0
0
VERTEX
8
Layer 1
10
4.130670
20
11.267556
70
0
0
VERTEX
8
Layer 1
10
3.821108
20
11.267556
70
0
0
VERTEX
8
Layer 1
10
3.821108
20
11.912344
70
0
0
VERTEX
8
Layer 1
10
3.778245
20
11.955207
70
0
0
VERTEX
8
Layer 1
10
3.735383
20
11.912344
70
0
0
VERTEX
8
Layer 1
10
3.735383
20
11.665753
70
0
0
VERTEX
8
Layer 1
10
3.380048
20
11.737455
70
0
0
VERTEX
8
Layer 1
10
3.021802
20
11.817624
70
0
0
VERTEX
8
Layer 1
10
2.672520
20
11.697668
70
0
0
VERTEX
8
Layer 1
10
2.531795
20
11.399318
70
0
0
VERTEX
8
Layer 1
10
2.809342
20
10.780194
70
0
0
VERTEX
8
Layer 1
10
2.809342
20
10.780194
70
0
0
SEQEND
8
Layer 1
0
POLYLINE
8
Layer 1
62
7
70
0
10
0.000000
20
0.000000
66
1
0
VERTEX
8
Layer 1
10
4.600569
20
11.654376
70
0
0
VERTEX
8
Layer 1
10
4.918598
20
11.731634
70
0
0
VERTEX
8
Layer 1
10
5.205174
20
11.636318
70
0
0
VERTEX
8
Layer 1
10
5.319706
20
11.399318
70
0
0
VERTEX
8
Layer 1
10
5.276843
20
11.207231
70
0
0
VERTEX
8
Layer 1
10
5.216783
20
11.338993
70
0
0
VERTEX
8
Layer 1
10
4.864358
20
11.479487
70
0
0
VERTEX
8
Layer 1
10
4.503203
20
11.611249
70
0
0
VERTEX
8
Layer 1
10
4.465896
20
11.608339
70
0
0
VERTEX
8
Layer 1
10
4.600569
20
11.654376
70
0
0
VERTEX
8
Layer 1
10
4.600569
20
11.654376
70
0
0
SEQEND
8
Layer 1
0
POLYLINE
8
Layer 1
62
7
70
0
10
0.000000
20
0.000000
66
1
0
VERTEX
8
Layer 1
10
4.213749
20
11.573943
70
0
0
VERTEX
8
Layer 1
10
4.293918
20
11.573943
70
0
0
VERTEX
8
Layer 1
10
4.213749
20
11.528170
70
0
0
VERTEX
8
Layer 1
10
4.213749
20
11.573943
70
0
0
VERTEX
8
Layer 1
10
4.213749
20
11.573943
70
0
0
SEQEND
8
Layer 1
0
POLYLINE
8
Layer 1
62
7
70
0
10
0.000000
20
0.000000
66
1
0
VERTEX
8
Layer 1
10
4.216659
20
11.413605
70
0
0
VERTEX
8
Layer 1
10
4.503203
20
11.525259
70
0
0
VERTEX
8
Layer 1
10
4.815675
20
11.407785
70
0
0
VERTEX
8
Layer 1
10
4.852981
20
11.390587
70
0
0
VERTEX
8
Layer 1
10
5.151166
20
11.284489
70
0
0
VERTEX
8
Layer 1
10
5.196939
20
11.035252
70
0
0
VERTEX
8
Layer 1
10
5.196939
20
11.032341
70
0
0
VERTEX
8
Layer 1
10
5.154077
20
10.966460
70
0
0
VERTEX
8
Layer 1
10
4.964900
20
11.281843
70
0
0
VERTEX
8
Layer 1
10
4.924683
20
11.281843
70
0
0
VERTEX
8
Layer 1
10
5.003827
20
11.158217
70
0
0
VERTEX
8
Layer 1
10
5.059356
20
10.920687
70
0
0
VERTEX
8
Layer 1
10
4.921773
20
10.757440
70
0
0
VERTEX
8
Layer 1
10
4.904575
20
10.757440
70
0
0
VERTEX
8
Layer 1
10
4.938971
20
10.832052
70
0
0
VERTEX
8
Layer 1
10
4.936060
20
10.857717
70
0
0
VERTEX
8
Layer 1
10
4.933150
20
10.863537
70
0
0
VERTEX
8
Layer 1
10
4.993210
20
10.995300
70
0
0
VERTEX
8
Layer 1
10
4.993210
20
11.012498
70
0
0
VERTEX
8
Layer 1
10
4.884202
20
11.144260
70
0
0
VERTEX
8
Layer 1
10
4.855627
20
11.152727
70
0
0
VERTEX
8
Layer 1
10
4.861448
20
11.169925
70
0
0
VERTEX
8
Layer 1
10
4.864358
20
11.210141
70
0
0
VERTEX
8
Layer 1
10
4.746884
20
11.424983
70
0
0
VERTEX
8
Layer 1
10
4.675182
20
11.439270
70
0
0
VERTEX
8
Layer 1
10
4.471717
20
11.247183
70
0
0
VERTEX
8
Layer 1
10
4.468807
20
11.229985
70
0
0
VERTEX
8
Layer 1
10
4.437321
20
11.232895
70
0
0
VERTEX
8
Layer 1
10
4.311115
20
11.184212
70
0
0
VERTEX
8
Layer 1
10
4.251055
20
11.212787
70
0
0
VERTEX
8
Layer 1
10
4.357153
20
11.321795
70
0
0
VERTEX
8
Layer 1
10
4.483359
20
11.404874
70
0
0
VERTEX
8
Layer 1
10
4.428855
20
11.422072
70
0
0
VERTEX
8
Layer 1
10
4.339955
20
11.399053
70
0
0
VERTEX
8
Layer 1
10
4.211103
20
11.304597
70
0
0
VERTEX
8
Layer 1
10
4.211103
20
11.416251
70
0
0
VERTEX
8
Layer 1
10
4.216659
20
11.413605
70
0
0
VERTEX
8
Layer 1
10
4.216659
20
11.413605
70
0
0
SEQEND
8
Layer 1
0
POLYLINE
8
Layer 1
62
7
70
0
10
0.000000
20
0.000000
66
1
0
VERTEX
8
Layer 1
10
3.629020
20
11.178656
70
0
0
VERTEX
8
Layer 1
10
3.502814
20
11.227339
70
0
0
VERTEX
8
Layer 1
10
3.474239
20
11.224429
70
0
0
VERTEX
8
Layer 1
10
3.471329
20
11.241627
70
0
0
VERTEX
8
Layer 1
10
3.267865
20
11.433714
70
0
0
VERTEX
8
Layer 1
10
3.196163
20
11.419426
70
0
0
VERTEX
8
Layer 1
10
3.078688
20
11.204585
70
0
0
VERTEX
8
Layer 1
10
3.081598
20
11.164368
70
0
0
VERTEX
8
Layer 1
10
3.087419
20
11.147170
70
0
0
VERTEX
8
Layer 1
10
3.058844
20
11.138704
70
0
0
VERTEX
8
Layer 1
10
2.949836
20
11.006941
70
0
0
VERTEX
8
Layer 1
10
2.949836
20
10.989743
70
0
0
VERTEX
8
Layer 1
10
3.009896
20
10.857981
70
0
0
VERTEX
8
Layer 1
10
3.006986
20
10.852160
70
0
0
VERTEX
8
Layer 1
10
3.004075
20
10.826496
70
0
0
VERTEX
8
Layer 1
10
3.041382
20
10.751883
70
0
0
VERTEX
8
Layer 1
10
3.024184
20
10.751883
70
0
0
VERTEX
8
Layer 1
10
2.886601
20
10.915131
70
0
0
VERTEX
8
Layer 1
10
2.941038
20
11.153653
70
0
0
VERTEX
8
Layer 1
10
3.021273
20
11.276287
70
0
0
VERTEX
8
Layer 1
10
2.981057
20
11.276287
70
0
0
VERTEX
8
Layer 1
10
2.791880
20
10.960904
70
0
0
VERTEX
8
Layer 1
10
2.749017
20
11.026785
70
0
0
VERTEX
8
Layer 1
10
2.749017
20
11.029696
70
0
0
VERTEX
8
Layer 1
10
2.791880
20
11.278933
70
0
0
VERTEX
8
Layer 1
10
3.090065
20
11.385030
70
0
0
VERTEX
8
Layer 1
10
3.127371
20
11.402228
70
0
0
VERTEX
8
Layer 1
10
3.439844
20
11.519703
70
0
0
VERTEX
8
Layer 1
10
3.726387
20
11.408049
70
0
0
VERTEX
8
Layer 1
10
3.729297
20
11.405139
70
0
0
VERTEX
8
Layer 1
10
3.729297
20
11.293485
70
0
0
VERTEX
8
Layer 1
10
3.600445
20
11.387941
70
0
0
VERTEX
8
Layer 1
10
3.511546
20
11.410960
70
0
0
VERTEX
8
Layer 1
10
3.457041
20
11.393762
70
0
0
VERTEX
8
Layer 1
10
3.583248
20
11.310683
70
0
0
VERTEX
8
Layer 1
10
3.689345
20
11.201674
70
0
0
VERTEX
8
Layer 1
10
3.629020
20
11.178656
70
0
0
VERTEX
8
Layer 1
10
3.629020
20
11.178656
70
0
0
SEQEND
8
Layer 1
0
POLYLINE
8
Layer 1
62
7
70
0
10
0.000000
20
0.000000
66
1
0
VERTEX
8
Layer 1
10
3.726387
20
11.573943
70
0
0
VERTEX
8
Layer 1
10
3.726387
20
11.528170
70
0
0
VERTEX
8
Layer 1
10
3.646218
20
11.573943
70
0
0
VERTEX
8
Layer 1
10
3.726387
20
11.573943
70
0
0
VERTEX
8
Layer 1
10
3.726387
20
11.573943
70
0
0
SEQEND
8
Layer 1
0
POLYLINE
8
Layer 1
62
7
70
0
10
0.000000
20
0.000000
66
1
0
VERTEX
8
Layer 1
10
3.021538
20
11.731634
70
0
0
VERTEX
8
Layer 1
10
3.339567
20
11.654376
70
0
0
VERTEX
8
Layer 1
10
3.471329
20
11.608603
70
0
0
VERTEX
8
Layer 1
10
3.434023
20
11.611514
70
0
0
VERTEX
8
Layer 1
10
3.072867
20
11.479751
70
0
0
VERTEX
8
Layer 1
10
2.720442
20
11.339258
70
0
0
VERTEX
8
Layer 1
10
2.660382
20
11.207495
70
0
0
VERTEX
8
Layer 1
10
2.617520
20
11.399583
70
0
0
VERTEX
8
Layer 1
10
2.734498
20
11.636450
70
0
0
VERTEX
8
Layer 1
10
3.021538
20
11.731634
70
0
0
VERTEX
8
Layer 1
10
3.021538
20
11.731634
70
0
0
SEQEND
8
Layer 1
0
POLYLINE
8
Layer 1
62
7
70
0
10
0.000000
20
0.000000
66
1
0
VERTEX
8
Layer 1
10
4.354242
20
11.728724
70
0
0
VERTEX
8
Layer 1
10
4.431501
20
11.805982
70
0
0
VERTEX
8
Layer 1
10
4.354242
20
11.886151
70
0
0
VERTEX
8
Layer 1
10
4.274074
20
11.805982
70
0
0
VERTEX
8
Layer 1
10
4.354242
20
11.728724
70
0
0
VERTEX
8
Layer 1
10
4.354242
20
11.728724
70
0
0
SEQEND
8
Layer 1
0
POLYLINE
8
Layer 1
62
7
70
0
10
0.000000
20
0.000000
66
1
0
VERTEX
8
Layer 1
10
4.614857
20
11.812067
70
0
0
VERTEX
8
Layer 1
10
4.695025
20
11.892236
70
0
0
VERTEX
8
Layer 1
10
4.614857
20
11.972405
70
0
0
VERTEX
8
Layer 1
10
4.534688
20
11.892236
70
0
0
VERTEX
8
Layer 1
10
4.614857
20
11.812067
70
0
0
VERTEX
8
Layer 1
10
4.614857
20
11.812067
70
0
0
SEQEND
8
Layer 1
0
POLYLINE
8
Layer 1
62
7
70
0
10
0.000000
20
0.000000
66
1
0
VERTEX
8
Layer 1
10
4.881556
20
11.872128
70
0
0
VERTEX
8
Layer 1
10
4.958815
20
11.952296
70
0
0
VERTEX
8
Layer 1
10
4.881556
20
12.032465
70
0
0
VERTEX
8
Layer 1
10
4.801388
20
11.952296
70
0
0
VERTEX
8
Layer 1
10
4.881556
20
11.872128
70
0
0
VERTEX
8
Layer 1
10
4.881556
20
11.872128
70
0
0
SEQEND
8
Layer 1
0
POLYLINE
8
Layer 1
62
7
70
0
10
0.000000
20
0.000000
66
1
0
VERTEX
8
Layer 1
10
5.153812
20
11.834822
70
0
0
VERTEX
8
Layer 1
10
5.231070
20
11.914990
70
0
0
VERTEX
8
Layer 1
10
5.153812
20
11.995159
70
0
0
VERTEX
8
Layer 1
10
5.073644
20
11.914990
70
0
0
VERTEX
8
Layer 1
10
5.153812
20
11.834822
70
0
0
VERTEX
8
Layer 1
10
5.153812
20
11.834822
70
0
0
SEQEND
8
Layer 1
0
POLYLINE
8
Layer 1
62
7
70
0
10
0.000000
20
0.000000
66
1
0
VERTEX
8
Layer 1
10
5.388762
20
11.685861
70
0
0
VERTEX
8
Layer 1
10
5.468931
20
11.766030
70
0
0
VERTEX
8
Layer 1
10
5.388762
20
11.846199
70
0
0
VERTEX
8
Layer 1
10
5.311504
20
11.766030
70
0
0
VERTEX
8
Layer 1
10
5.388762
20
11.685861
70
0
0
VERTEX
8
Layer 1
10
5.388762
20
11.685861
70
0
0
SEQEND
8
Layer 1
0
POLYLINE
8
Layer 1
62
7
70
0
10
0.000000
20
0.000000
66
1
0
VERTEX
8
Layer 1
10
5.526345
20
11.448001
70
0
0
VERTEX
8
Layer 1
10
5.606514
20
11.528170
70
0
0
VERTEX
8
Layer 1
10
5.526345
20
11.605428
70
0
0
VERTEX
8
Layer 1
10
5.446176
20
11.528170
70
0
0
VERTEX
8
Layer 1
10
5.526345
20
11.448001
70
0
0
VERTEX
8
Layer 1
10
5.526345
20
11.448001
70
0
0
SEQEND
8
Layer 1
0
POLYLINE
8
Layer 1
62
7
70
0
10
0.000000
20
0.000000
66
1
0
VERTEX
8
Layer 1
10
5.523435
20
11.327616
70
0
0
VERTEX
8
Layer 1
10
5.443266
20
11.247447
70
0
0
VERTEX
8
Layer 1
10
5.523435
20
11.167279
70
0
0
VERTEX
8
Layer 1
10
5.603603
20
11.247447
70
0
0
VERTEX
8
Layer 1
10
5.523435
20
11.327616
70
0
0
VERTEX
8
Layer 1
10
5.523435
20
11.327616
70
0
0
SEQEND
8
Layer 1
0
POLYLINE
8
Layer 1
62
7
70
0
10
0.000000
20
0.000000
66
1
0
VERTEX
8
Layer 1
10
5.423158
20
11.069648
70
0
0
VERTEX
8
Layer 1
10
5.342989
20
10.992389
70
0
0
VERTEX
8
Layer 1
10
5.423158
20
10.912221
70
0
0
VERTEX
8
Layer 1
10
5.503326
20
10.992389
70
0
0
VERTEX
8
Layer 1
10
5.423158
20
11.069648
70
0
0
VERTEX
8
Layer 1
10
5.423158
20
11.069648
70
0
0
SEQEND
8
Layer 1
0
POLYLINE
8
Layer 1
62
7
70
0
10
0.000000
20
0.000000
66
1
0
VERTEX
8
Layer 1
10
3.970068
20
11.175745
70
0
0
VERTEX
8
Layer 1
10
3.970068
20
11.175745
70
0
0
VERTEX
8
Layer 1
10
3.970068
20
11.175745
70
0
0
VERTEX
8
Layer 1
10
3.970068
20
11.175745
70
0
0
SEQEND
8
Layer 1
0
POLYLINE
8
Layer 1
62
7
70
0
10
0.000000
20
0.000000
66
1
0
VERTEX
8
Layer 1
10
6.529379
20
15.715196
70
0
0
VERTEX
8
Layer 1
10
6.540756
20
15.760969
70
0
0
VERTEX
8
Layer 1
10
6.494983
20
15.864156
70
0
0
VERTEX
8
Layer 1
10
6.332662
20
15.895311
70
0
0
VERTEX
8
Layer 1
10
6.185421
20
15.821294
70
0
0
VERTEX
8
Layer 1
10
6.145205
20
15.890085
70
0
0
VERTEX
8
Layer 1
10
6.151026
20
15.932948
70
0
0
VERTEX
8
Layer 1
10
6.056569
20
16.027404
70
0
0
VERTEX
8
Layer 1
10
6.050749
20
16.030314
70
0
0
VERTEX
8
Layer 1
10
6.251303
20
16.122125
70
0
0
VERTEX
8
Layer 1
10
6.257123
20
16.176629
70
0
0
VERTEX
8
Layer 1
10
6.325915
20
16.168162
70
0
0
VERTEX
8
Layer 1
10
6.626746
20
16.219756
70
0
0
VERTEX
8
Layer 1
10
6.638123
20
16.262618
70
0
0
VERTEX
8
Layer 1
10
6.600817
20
16.357074
70
0
0
VERTEX
8
Layer 1
10
6.592350
20
16.371362
70
0
0
VERTEX
8
Layer 1
10
6.750041
20
16.566359
70
0
0
VERTEX
8
Layer 1
10
6.727023
20
16.660816
70
0
0
VERTEX
8
Layer 1
10
6.613814
20
16.743895
70
0
0
VERTEX
8
Layer 1
10
6.492073
20
16.723786
70
0
0
VERTEX
8
Layer 1
10
6.469054
20
16.717965
70
0
0
VERTEX
8
Layer 1
10
6.469054
20
16.723786
70
0
0
VERTEX
8
Layer 1
10
6.471965
20
16.761092
70
0
0
VERTEX
8
Layer 1
10
6.443390
20
16.844172
70
0
0
VERTEX
8
Layer 1
10
6.380419
20
16.884388
70
0
0
VERTEX
8
Layer 1
10
6.426192
20
17.001863
70
0
0
VERTEX
8
Layer 1
10
6.408994
20
17.076475
70
0
0
VERTEX
8
Layer 1
10
6.334382
20
17.153734
70
0
0
VERTEX
8
Layer 1
10
6.104988
20
17.116427
70
0
0
VERTEX
8
Layer 1
10
6.090701
20
17.147913
70
0
0
VERTEX
8
Layer 1
10
6.099167
20
17.196596
70
0
0
VERTEX
8
Layer 1
10
6.079059
20
17.288406
70
0
0
VERTEX
8
Layer 1
10
6.193623
20
17.431810
70
0
0
VERTEX
8
Layer 1
10
6.196534
20
17.457475
70
0
0
VERTEX
8
Layer 1
10
6.165048
20
17.540554
70
0
0
VERTEX
8
Layer 1
10
5.901259
20
17.577860
70
0
0
VERTEX
8
Layer 1
10
5.892793
20
17.574950
70
0
0
VERTEX
8
Layer 1
10
5.783784
20
17.666760
70
0
0
VERTEX
8
Layer 1
10
5.574499
20
17.566483
70
0
0
VERTEX
8
Layer 1
10
5.548835
20
17.546375
70
0
0
VERTEX
8
Layer 1
10
5.540368
20
17.554841
70
0
0
VERTEX
8
Layer 1
10
5.454379
20
17.609346
70
0
0
VERTEX
8
Layer 1
10
5.273933
20
17.465942
70
0
0
VERTEX
8
Layer 1
10
5.271023
20
17.465942
70
0
0
VERTEX
8
Layer 1
10
5.225250
20
17.514625
70
0
0
VERTEX
8
Layer 1
10
5.236627
20
17.526002
70
0
0
VERTEX
8
Layer 1
10
5.345635
20
17.695070
70
0
0
VERTEX
8
Layer 1
10
5.345635
20
17.700891
70
0
0
VERTEX
8
Layer 1
10
5.294041
20
17.809899
70
0
0
VERTEX
8
Layer 1
10
5.153548
20
17.875781
70
0
0
VERTEX
8
Layer 1
10
4.950083
20
17.752485
70
0
0
VERTEX
8
Layer 1
10
4.944263
20
17.746664
70
0
0
VERTEX
8
Layer 1
10
4.924154
20
17.792437
70
0
0
VERTEX
8
Layer 1
10
4.929975
20
17.841120
70
0
0
VERTEX
8
Layer 1
10
4.918598
20
17.898535
70
0
0
VERTEX
8
Layer 1
10
4.895579
20
17.930020
70
0
0
VERTEX
8
Layer 1
10
5.010144
20
18.104910
70
0
0
VERTEX
8
Layer 1
10
4.995856
20
18.162324
70
0
0
VERTEX
8
Layer 1
10
4.858273
20
18.262601
70
0
0
VERTEX
8
Layer 1
10
4.858273
20
18.266041
70
0
0
VERTEX
8
Layer 1
10
4.861183
20
18.331922
70
0
0
VERTEX
8
Layer 1
10
4.749529
20
18.500990
70
0
0
VERTEX
8
Layer 1
10
4.520136
20
18.374784
70
0
0
VERTEX
8
Layer 1
10
4.508759
20
18.360497
70
0
0
VERTEX
8
Layer 1
10
4.376997
20
18.415001
70
0
0
VERTEX
8
Layer 1
10
4.245234
20
18.498080
70
0
0
VERTEX
8
Layer 1
10
4.067434
20
18.294616
70
0
0
VERTEX
8
Layer 1
10
4.050237
20
18.251753
70
0
0
VERTEX
8
Layer 1
10
4.035949
20
18.254664
70
0
0
VERTEX
8
Layer 1
10
3.912653
20
18.246197
70
0
0
VERTEX
8
Layer 1
10
3.852593
20
18.140099
70
0
0
VERTEX
8
Layer 1
10
3.924295
20
17.936635
70
0
0
VERTEX
8
Layer 1
10
3.935672
20
17.910970
70
0
0
VERTEX
8
Layer 1
10
3.821108
20
17.850910
70
0
0
VERTEX
8
Layer 1
10
3.798089
20
17.796406
70
0
0
VERTEX
8
Layer 1
10
3.777981
20
17.816514
70
0
0
VERTEX
8
Layer 1
10
3.772160
20
18.189047
70
0
0
VERTEX
8
Layer 1
10
3.709189
20
18.220532
70
0
0
VERTEX
8
Layer 1
10
3.683525
20
18.212066
70
0
0
VERTEX
8
Layer 1
10
3.574516
20
18.447015
70
0
0
VERTEX
8
Layer 1
10
3.445664
20
18.426907
70
0
0
VERTEX
8
Layer 1
10
3.331695
20
18.541934
70
0
0
VERTEX
8
Layer 1
10
3.170498
20
18.564490
70
0
0
VERTEX
8
Layer 1
10
3.098796
20
18.444105
70
0
0
VERTEX
8
Layer 1
10
3.141659
20
18.269216
70
0
0
VERTEX
8
Layer 1
10
3.144569
20
18.260749
70
0
0
VERTEX
8
Layer 1
10
3.021273
20
18.166293
70
0
0
VERTEX
8
Layer 1
10
3.015452
20
18.131897
70
0
0
VERTEX
8
Layer 1
10
3.015452
20
18.123430
70
0
0
VERTEX
8
Layer 1
10
2.763305
20
18.134807
70
0
0
VERTEX
8
Layer 1
10
2.697424
20
18.005955
70
0
0
VERTEX
8
Layer 1
10
2.766215
20
17.802491
70
0
0
VERTEX
8
Layer 1
10
2.665938
20
17.682106
70
0
0
VERTEX
8
Layer 1
10
2.665938
20
17.659087
70
0
0
VERTEX
8
Layer 1
10
2.752259
20
17.514030
70
0
0
VERTEX
8
Layer 1
10
2.900888
20
17.452712
70
0
0
VERTEX
8
Layer 1
10
2.915175
20
17.446892
70
0
0
VERTEX
8
Layer 1
10
2.912265
20
17.443981
70
0
0
VERTEX
8
Layer 1
10
2.843474
20
17.406675
70
0
0
VERTEX
8
Layer 1
10
2.814899
20
17.426783
70
0
0
VERTEX
8
Layer 1
10
2.666269
20
17.496269
70
0
0
VERTEX
8
Layer 1
10
2.476761
20
17.432604
70
0
0
VERTEX
8
Layer 1
10
2.436809
20
17.340265
70
0
0
VERTEX
8
Layer 1
10
2.519888
20
17.177017
70
0
0
VERTEX
8
Layer 1
10
2.545553
20
17.142621
70
0
0
VERTEX
8
Layer 1
10
2.531266
20
17.116957
70
0
0
VERTEX
8
Layer 1
10
2.502691
20
17.027792
70
0
0
VERTEX
8
Layer 1
10
2.505601
20
17.004773
70
0
0
VERTEX
8
Layer 1
10
2.485493
20
16.990486
70
0
0
VERTEX
8
Layer 1
10
2.482582
20
17.033613
70
0
0
VERTEX
8
Layer 1
10
2.382305
20
17.251365
70
0
0
VERTEX
8
Layer 1
10
2.270651
20
17.208502
70
0
0
VERTEX
8
Layer 1
10
2.267741
20
17.214323
70
0
0
VERTEX
8
Layer 1
10
2.121691
20
17.446362
70
0
0
VERTEX
8
Layer 1
10
2.009772
20
17.348996
70
0
0
VERTEX
8
Layer 1
10
2.001306
20
17.337619
70
0
0
VERTEX
8
Layer 1
10
1.992575
20
17.346085
70
0
0
VERTEX
8
Layer 1
10
1.809219
20
17.429165
70
0
0
VERTEX
8
Layer 1
10
1.714498
20
17.265917
70
0
0
VERTEX
8
Layer 1
10
1.728785
20
17.154263
70
0
0
VERTEX
8
Layer 1
10
1.731696
20
17.131244
70
0
0
VERTEX
8
Layer 1
10
1.720319
20
17.125423
70
0
0
VERTEX
8
Layer 1
10
1.620042
20
17.036523
70
0
0
VERTEX
8
Layer 1
10
1.611310
20
16.996307
70
0
0
VERTEX
8
Layer 1
10
1.803398
20
16.798663
70
0
0
VERTEX
8
Layer 1
10
1.748894
20
16.752890
70
0
0
VERTEX
8
Layer 1
10
1.588556
20
16.770088
70
0
0
VERTEX
8
Layer 1
10
1.513944
20
16.646793
70
0
0
VERTEX
8
Layer 1
10
1.513944
20
16.629595
70
0
0
VERTEX
8
Layer 1
10
1.316300
20
16.546516
70
0
0
VERTEX
8
Layer 1
10
1.293282
20
16.454705
70
0
0
VERTEX
8
Layer 1
10
1.310480
20
16.380093
70
0
0
VERTEX
8
Layer 1
10
1.488279
20
16.256797
70
0
0
VERTEX
8
Layer 1
10
1.459704
20
16.196737
70
0
0
VERTEX
8
Layer 1
10
1.491190
20
16.102281
70
0
0
VERTEX
8
Layer 1
10
1.694654
20
16.093814
70
0
0
VERTEX
8
Layer 1
10
1.809219
20
16.105191
70
0
0
VERTEX
8
Layer 1
10
1.766356
20
16.042220
70
0
0
VERTEX
8
Layer 1
10
1.720583
20
16.045131
70
0
0
VERTEX
8
Layer 1
10
1.626127
20
15.962052
70
0
0
VERTEX
8
Layer 1
10
1.396734
20
16.059418
70
0
0
VERTEX
8
Layer 1
10
1.307834
20
15.944854
70
0
0
VERTEX
8
Layer 1
10
1.313655
20
15.890350
70
0
0
VERTEX
8
Layer 1
10
1.313655
20
15.887439
70
0
0
VERTEX
8
Layer 1
10
1.302278
20
15.890350
70
0
0
VERTEX
8
Layer 1
10
1.121832
20
15.881883
70
0
0
VERTEX
8
Layer 1
10
1.064417
20
15.784517
70
0
0
VERTEX
8
Layer 1
10
1.061507
20
15.750121
70
0
0
VERTEX
8
Layer 1
10
1.256505
20
15.572321
70
0
0
VERTEX
8
Layer 1
10
1.222109
20
15.483421
70
0
0
VERTEX
8
Layer 1
10
1.262325
20
15.400342
70
0
0
VERTEX
8
Layer 1
10
1.523204
20
15.408809
70
0
0
VERTEX
8
Layer 1
10
1.529025
20
15.411719
70
0
0
VERTEX
8
Layer 1
10
1.537492
20
15.363036
70
0
0
VERTEX
8
Layer 1
10
1.540402
20
15.334461
70
0
0
VERTEX
8
Layer 1
10
1.520294
20
15.328640
70
0
0
VERTEX
8
Layer 1
10
1.391442
20
15.248471
70
0
0
VERTEX
8
Layer 1
10
1.380065
20
15.193967
70
0
0
VERTEX
8
Layer 1
10
1.388532
20
15.139463
70
0
0
VERTEX
8
Layer 1
10
1.609194
20
15.030455
70
0
0
VERTEX
8
Layer 1
10
1.626392
20
15.030455
70
0
0
VERTEX
8
Layer 1
10
1.629302
20
15.021988
70
0
0
VERTEX
8
Layer 1
10
1.680896
20
14.901603
70
0
0
VERTEX
8
Layer 1
10
1.854661
20
14.883049
70
0
0
VERTEX
8
Layer 1
10
1.996279
20
14.976216
70
0
0
VERTEX
8
Layer 1
10
1.996279
20
14.976216
70
0
0
VERTEX
8
Layer 1
10
2.030675
20
14.950551
70
0
0
VERTEX
8
Layer 1
10
2.065070
20
14.890491
70
0
0
VERTEX
8
Layer 1
10
2.065070
20
14.890491
70
0
0
VERTEX
8
Layer 1
10
2.053693
20
14.879114
70
0
0
VERTEX
8
Layer 1
10
1.939129
20
14.684116
70
0
0
VERTEX
8
Layer 1
10
1.970614
20
14.589660
70
0
0
VERTEX
8
Layer 1
10
2.237049
20
14.612679
70
0
0
VERTEX
8
Layer 1
10
2.300020
20
14.641253
70
0
0
VERTEX
8
Layer 1
10
2.300020
20
14.641253
70
0
0
VERTEX
8
Layer 1
10
2.302930
20
14.629876
70
0
0
VERTEX
8
Layer 1
10
2.451891
20
14.538066
70
0
0
VERTEX
8
Layer 1
10
2.658265
20
14.750262
70
0
0
VERTEX
8
Layer 1
10
2.683930
20
14.807676
70
0
0
VERTEX
8
Layer 1
10
2.735524
20
14.750262
70
0
0
VERTEX
8
Layer 1
10
2.795584
20
14.761639
70
0
0
VERTEX
8
Layer 1
10
2.953275
20
15.065380
70
0
0
VERTEX
8
Layer 1
10
3.302790
20
14.684116
70
0
0
VERTEX
8
Layer 1
10
3.474769
20
14.394662
70
0
0
VERTEX
8
Layer 1
10
3.606531
20
14.174000
70
0
0
VERTEX
8
Layer 1
10
3.294058
20
13.672351
70
0
0
VERTEX
8
Layer 1
10
3.225267
20
13.637955
70
0
0
VERTEX
8
Layer 1
10
2.729438
20
13.351411
70
0
0
VERTEX
8
Layer 1
10
2.692132
20
13.354322
70
0
0
VERTEX
8
Layer 1
10
2.517243
20
13.308549
70
0
0
VERTEX
8
Layer 1
10
2.328066
20
13.357232
70
0
0
VERTEX
8
Layer 1
10
2.044433
20
13.208272
70
0
0
VERTEX
8
Layer 1
10
2.052899
20
12.898710
70
0
0
VERTEX
8
Layer 1
10
2.333887
20
12.764037
70
0
0
VERTEX
8
Layer 1
10
2.500045
20
12.806900
70
0
0
VERTEX
8
Layer 1
10
2.669113
20
12.766683
70
0
0
VERTEX
8
Layer 1
10
2.849559
20
12.809545
70
0
0
VERTEX
8
Layer 1
10
3.007250
20
12.763773
70
0
0
VERTEX
8
Layer 1
10
3.162031
20
12.806635
70
0
0
VERTEX
8
Layer 1
10
3.319723
20
12.769329
70
0
0
VERTEX
8
Layer 1
10
3.485881
20
12.809545
70
0
0
VERTEX
8
Layer 1
10
3.646483
20
12.763773
70
0
0
VERTEX
8
Layer 1
10
3.801264
20
12.806635
70
0
0
VERTEX
8
Layer 1
10
3.956045
20
12.769329
70
0
0
VERTEX
8
Layer 1
10
4.122203
20
12.809545
70
0
0
VERTEX
8
Layer 1
10
4.279895
20
12.766683
70
0
0
VERTEX
8
Layer 1
10
4.434676
20
12.809545
70
0
0
VERTEX
8
Layer 1
10
4.592367
20
12.772239
70
0
0
VERTEX
8
Layer 1
10
4.758525
20
12.812456
70
0
0
VERTEX
8
Layer 1
10
4.916217
20
12.766683
70
0
0
VERTEX
8
Layer 1
10
5.068087
20
12.809545
70
0
0
VERTEX
8
Layer 1
10
5.225779
20
12.772239
70
0
0
VERTEX
8
Layer 1
10
5.403579
20
12.818012
70
0
0
VERTEX
8
Layer 1
10
5.595666
20
12.766418
70
0
0
VERTEX
8
Layer 1
10
5.882209
20
12.921199
70
0
0
VERTEX
8
Layer 1
10
5.870832
20
13.224941
70
0
0
VERTEX
8
Layer 1
10
5.592755
20
13.359613
70
0
0
VERTEX
8
Layer 1
10
5.426597
20
13.316751
70
0
0
VERTEX
8
Layer 1
10
5.303302
20
13.354057
70
0
0
VERTEX
8
Layer 1
10
4.907750
20
13.600649
70
0
0
VERTEX
8
Layer 1
10
4.870444
20
13.614936
70
0
0
VERTEX
8
Layer 1
10
4.469336
20
13.941696
70
0
0
VERTEX
8
Layer 1
10
4.460869
20
13.953073
70
0
0
VERTEX
8
Layer 1
10
4.397105
20
14.315287
70
0
0
VERTEX
8
Layer 1
10
4.518284
20
14.847364
70
0
0
VERTEX
8
Layer 1
10
4.856421
20
15.133907
70
0
0
VERTEX
8
Layer 1
10
4.939500
20
14.884670
70
0
0
VERTEX
8
Layer 1
10
5.011202
20
14.847364
70
0
0
VERTEX
8
Layer 1
10
5.051419
20
14.867472
70
0
0
VERTEX
8
Layer 1
10
5.062796
20
14.841807
70
0
0
VERTEX
8
Layer 1
10
5.237685
20
14.626966
70
0
0
VERTEX
8
Layer 1
10
5.363891
20
14.675649
70
0
0
VERTEX
8
Layer 1
10
5.532960
20
14.578283
70
0
0
VERTEX
8
Layer 1
10
5.653345
20
14.644164
70
0
0
VERTEX
8
Layer 1
10
5.868186
20
14.689937
70
0
0
VERTEX
8
Layer 1
10
5.891205
20
14.761639
70
0
0
VERTEX
8
Layer 1
10
5.816593
20
14.879114
70
0
0
VERTEX
8
Layer 1
10
5.810772
20
14.882024
70
0
0
VERTEX
8
Layer 1
10
5.850988
20
14.956636
70
0
0
VERTEX
8
Layer 1
10
5.931157
20
14.976745
70
0
0
VERTEX
8
Layer 1
10
5.979840
20
15.065645
70
0
0
VERTEX
8
Layer 1
10
5.985661
20
15.065645
70
0
0
VERTEX
8
Layer 1
10
6.151819
20
15.134436
70
0
0
VERTEX
8
Layer 1
10
6.166107
20
15.188940
70
0
0
VERTEX
8
Layer 1
10
6.231988
20
15.263553
70
0
0
VERTEX
8
Layer 1
10
6.231988
20
15.263553
70
0
0
VERTEX
8
Layer 1
10
6.426986
20
15.229157
70
0
0
VERTEX
8
Layer 1
10
6.501598
20
15.372561
70
0
0
VERTEX
8
Layer 1
10
6.501598
20
15.372561
70
0
0
VERTEX
8
Layer 1
10
6.693685
20
15.389759
70
0
0
VERTEX
8
Layer 1
10
6.756656
20
15.501413
70
0
0
VERTEX
8
Layer 1
10
6.759566
20
15.532898
70
0
0
VERTEX
8
Layer 1
10
6.674238
20
15.674252
70
0
0
VERTEX
8
Layer 1
10
6.529379
20
15.715196
70
0
0
VERTEX
8
Layer 1
10
6.529379
20
15.715196
70
0
0
SEQEND
8
Layer 1
0
POLYLINE
8
Layer 1
62
7
70
0
10
0.000000
20
0.000000
66
1
0
VERTEX
8
Layer 1
10
6.122451
20
15.861510
70
0
0
VERTEX
8
Layer 1
10
6.088055
20
15.830025
70
0
0
VERTEX
8
Layer 1
10
6.122451
20
15.861510
70
0
0
VERTEX
8
Layer 1
10
6.122451
20
15.861510
70
0
0
SEQEND
8
Layer 1
0
POLYLINE
8
Layer 1
62
7
70
0
10
0.000000
20
0.000000
66
1
0
VERTEX
8
Layer 1
10
6.059480
20
15.921571
70
0
0
VERTEX
8
Layer 1
10
6.030905
20
15.898552
70
0
0
VERTEX
8
Layer 1
10
5.990688
20
15.864156
70
0
0
VERTEX
8
Layer 1
10
5.979311
20
15.829760
70
0
0
VERTEX
8
Layer 1
10
5.730074
20
15.632117
70
0
0
VERTEX
8
Layer 1
10
5.718697
20
15.652225
70
0
0
VERTEX
8
Layer 1
10
5.649905
20
15.818383
70
0
0
VERTEX
8
Layer 1
10
5.661282
20
16.039045
70
0
0
VERTEX
8
Layer 1
10
5.973755
20
15.978985
70
0
0
VERTEX
8
Layer 1
10
6.019528
20
15.947500
70
0
0
VERTEX
8
Layer 1
10
6.059480
20
15.921571
70
0
0
VERTEX
8
Layer 1
10
6.059480
20
15.921571
70
0
0
SEQEND
8
Layer 1
0
POLYLINE
8
Layer 1
62
7
70
0
10
0.000000
20
0.000000
66
1
0
VERTEX
8
Layer 1
10
5.133704
20
15.916014
70
0
0
VERTEX
8
Layer 1
10
5.159369
20
15.853044
70
0
0
VERTEX
8
Layer 1
10
5.170746
20
15.835846
70
0
0
VERTEX
8
Layer 1
10
4.961460
20
15.832935
70
0
0
VERTEX
8
Layer 1
10
4.884202
20
15.838756
70
0
0
VERTEX
8
Layer 1
10
4.841340
20
15.767054
70
0
0
VERTEX
8
Layer 1
10
4.835519
20
15.744035
70
0
0
VERTEX
8
Layer 1
10
4.600569
20
15.801450
70
0
0
VERTEX
8
Layer 1
10
4.706667
20
15.910458
70
0
0
VERTEX
8
Layer 1
10
4.709577
20
15.913369
70
0
0
VERTEX
8
Layer 1
10
4.855627
20
15.976339
70
0
0
VERTEX
8
Layer 1
10
5.093487
20
16.099635
70
0
0
VERTEX
8
Layer 1
10
4.829698
20
16.059418
70
0
0
VERTEX
8
Layer 1
10
4.557442
20
15.959141
70
0
0
VERTEX
8
Layer 1
10
4.692115
20
16.188535
70
0
0
VERTEX
8
Layer 1
10
4.746619
20
16.151229
70
0
0
VERTEX
8
Layer 1
10
4.826788
20
16.208643
70
0
0
VERTEX
8
Layer 1
10
4.981569
20
16.317651
70
0
0
VERTEX
8
Layer 1
10
4.992946
20
16.303364
70
0
0
VERTEX
8
Layer 1
10
5.035808
20
16.260501
70
0
0
VERTEX
8
Layer 1
10
5.130264
20
16.289076
70
0
0
VERTEX
8
Layer 1
10
5.213343
20
16.326383
70
0
0
VERTEX
8
Layer 1
10
5.244829
20
16.294897
70
0
0
VERTEX
8
Layer 1
10
5.282135
20
16.249124
70
0
0
VERTEX
8
Layer 1
10
5.371035
20
16.252035
70
0
0
VERTEX
8
Layer 1
10
5.499887
20
16.252035
70
0
0
VERTEX
8
Layer 1
10
5.431095
20
16.137470
70
0
0
VERTEX
8
Layer 1
10
5.365214
20
16.068679
70
0
0
VERTEX
8
Layer 1
10
5.379502
20
16.011264
70
0
0
VERTEX
8
Layer 1
10
5.387968
20
15.976868
70
0
0
VERTEX
8
Layer 1
10
5.347752
20
15.945383
70
0
0
VERTEX
8
Layer 1
10
5.324733
20
15.942473
70
0
0
VERTEX
8
Layer 1
10
5.232923
20
15.948293
70
0
0
VERTEX
8
Layer 1
10
5.152754
20
15.942473
70
0
0
VERTEX
8
Layer 1
10
5.127089
20
15.936652
70
0
0
VERTEX
8
Layer 1
10
5.133704
20
15.916014
70
0
0
VERTEX
8
Layer 1
10
5.133704
20
15.916014
70
0
0
SEQEND
8
Layer 1
0
POLYLINE
8
Layer 1
62
7
70
0
10
0.000000
20
0.000000
66
1
0
VERTEX
8
Layer 1
10
4.546065
20
15.357215
70
0
0
VERTEX
8
Layer 1
10
4.437057
20
15.228363
70
0
0
VERTEX
8
Layer 1
10
4.439967
20
15.265669
70
0
0
VERTEX
8
Layer 1
10
4.482830
20
15.563854
70
0
0
VERTEX
8
Layer 1
10
4.560088
20
15.730013
70
0
0
VERTEX
8
Layer 1
10
4.669096
20
15.687150
70
0
0
VERTEX
8
Layer 1
10
4.631790
20
15.641377
70
0
0
VERTEX
8
Layer 1
10
4.554532
20
15.583963
70
0
0
VERTEX
8
Layer 1
10
4.546065
20
15.357215
70
0
0
VERTEX
8
Layer 1
10
4.546065
20
15.357215
70
0
0
SEQEND
8
Layer 1
0
POLYLINE
8
Layer 1
62
7
70
0
10
0.000000
20
0.000000
66
1
0
VERTEX
8
Layer 1
10
4.356888
20
16.113658
70
0
0
VERTEX
8
Layer 1
10
4.388374
20
16.245420
70
0
0
VERTEX
8
Layer 1
10
4.528867
20
16.603666
70
0
0
VERTEX
8
Layer 1
10
4.319582
20
16.271349
70
0
0
VERTEX
8
Layer 1
10
4.296563
20
16.196737
70
0
0
VERTEX
8
Layer 1
10
4.233593
20
16.406022
70
0
0
VERTEX
8
Layer 1
10
4.253701
20
16.471903
70
0
0
VERTEX
8
Layer 1
10
4.288097
20
16.486191
70
0
0
VERTEX
8
Layer 1
10
4.322492
20
16.494657
70
0
0
VERTEX
8
Layer 1
10
4.348157
20
16.531964
70
0
0
VERTEX
8
Layer 1
10
4.333870
20
16.586468
70
0
0
VERTEX
8
Layer 1
10
4.288097
20
16.755536
70
0
0
VERTEX
8
Layer 1
10
4.296563
20
16.804219
70
0
0
VERTEX
8
Layer 1
10
4.353978
20
16.849992
70
0
0
VERTEX
8
Layer 1
10
4.371176
20
16.841526
70
0
0
VERTEX
8
Layer 1
10
4.445788
20
16.838615
70
0
0
VERTEX
8
Layer 1
10
4.462986
20
16.893119
70
0
0
VERTEX
8
Layer 1
10
4.540509
20
17.062188
70
0
0
VERTEX
8
Layer 1
10
4.563528
20
17.053721
70
0
0
VERTEX
8
Layer 1
10
4.620942
20
17.047900
70
0
0
VERTEX
8
Layer 1
10
4.643961
20
17.065098
70
0
0
VERTEX
8
Layer 1
10
4.761436
20
17.136800
70
0
0
VERTEX
8
Layer 1
10
4.781544
20
17.050811
70
0
0
VERTEX
8
Layer 1
10
4.815940
20
16.959001
70
0
0
VERTEX
8
Layer 1
10
4.878911
20
16.944713
70
0
0
VERTEX
8
Layer 1
10
4.910396
20
16.941803
70
0
0
VERTEX
8
Layer 1
10
4.813029
20
16.746805
70
0
0
VERTEX
8
Layer 1
10
4.781544
20
16.686745
70
0
0
VERTEX
8
Layer 1
10
4.818850
20
16.646528
70
0
0
VERTEX
8
Layer 1
10
4.844515
20
16.629330
70
0
0
VERTEX
8
Layer 1
10
4.701111
20
16.506034
70
0
0
VERTEX
8
Layer 1
10
4.637875
20
16.451795
70
0
0
VERTEX
8
Layer 1
10
4.620678
20
16.431687
70
0
0
VERTEX
8
Layer 1
10
4.643696
20
16.414489
70
0
0
VERTEX
8
Layer 1
10
4.695290
20
16.388824
70
0
0
VERTEX
8
Layer 1
10
4.712488
20
16.385914
70
0
0
VERTEX
8
Layer 1
10
4.356888
20
16.113658
70
0
0
VERTEX
8
Layer 1
10
4.356888
20
16.113658
70
0
0
SEQEND
8
Layer 1
0
POLYLINE
8
Layer 1
62
7
70
0
10
0.000000
20
0.000000
66
1
0
VERTEX
8
Layer 1
10
4.508759
20
16.085083
70
0
0
VERTEX
8
Layer 1
10
4.454255
20
15.916014
70
0
0
VERTEX
8
Layer 1
10
4.399751
20
15.890350
70
0
0
VERTEX
8
Layer 1
10
4.374086
20
15.878973
70
0
0
VERTEX
8
Layer 1
10
4.374086
20
15.887439
70
0
0
VERTEX
8
Layer 1
10
4.356888
20
16.022112
70
0
0
VERTEX
8
Layer 1
10
4.508759
20
16.085083
70
0
0
VERTEX
8
Layer 1
10
4.508759
20
16.085083
70
0
0
SEQEND
8
Layer 1
0
POLYLINE
8
Layer 1
62
7
70
0
10
0.000000
20
0.000000
66
1
0
VERTEX
8
Layer 1
10
4.265343
20
16.127945
70
0
0
VERTEX
8
Layer 1
10
4.273809
20
16.136412
70
0
0
VERTEX
8
Layer 1
10
4.279630
20
16.139322
70
0
0
VERTEX
8
Layer 1
10
4.273809
20
16.119214
70
0
0
VERTEX
8
Layer 1
10
4.265343
20
16.127945
70
0
0
VERTEX
8
Layer 1
10
4.265343
20
16.127945
70
0
0
SEQEND
8
Layer 1
0
POLYLINE
8
Layer 1
62
7
70
0
10
0.000000
20
0.000000
66
1
0
VERTEX
8
Layer 1
10
4.314026
20
16.004650
70
0
0
VERTEX
8
Layer 1
10
4.314026
20
16.004650
70
0
0
VERTEX
8
Layer 1
10
4.311115
20
15.996183
70
0
0
VERTEX
8
Layer 1
10
4.314026
20
16.004650
70
0
0
VERTEX
8
Layer 1
10
4.314026
20
16.004650
70
0
0
SEQEND
8
Layer 1
0
POLYLINE
8
Layer 1
62
7
70
0
10
0.000000
20
0.000000
66
1
0
VERTEX
8
Layer 1
10
4.225126
20
16.142233
70
0
0
VERTEX
8
Layer 1
10
4.165066
20
16.136412
70
0
0
VERTEX
8
Layer 1
10
4.165066
20
16.136412
70
0
0
VERTEX
8
Layer 1
10
4.064789
20
16.385649
70
0
0
VERTEX
8
Layer 1
10
3.898631
20
16.359985
70
0
0
VERTEX
8
Layer 1
10
3.703633
20
16.563449
70
0
0
VERTEX
8
Layer 1
10
3.689345
20
16.574826
70
0
0
VERTEX
8
Layer 1
10
3.626375
20
16.695211
70
0
0
VERTEX
8
Layer 1
10
3.686435
20
16.743895
70
0
0
VERTEX
8
Layer 1
10
3.723741
20
16.847082
70
0
0
VERTEX
8
Layer 1
10
3.778245
20
17.033348
70
0
0
VERTEX
8
Layer 1
10
3.967422
20
16.901586
70
0
0
VERTEX
8
Layer 1
10
4.030393
20
16.838615
70
0
0
VERTEX
8
Layer 1
10
4.116382
20
16.881478
70
0
0
VERTEX
8
Layer 1
10
4.156599
20
16.910053
70
0
0
VERTEX
8
Layer 1
10
4.211103
20
16.826974
70
0
0
VERTEX
8
Layer 1
10
4.196816
20
16.749715
70
0
0
VERTEX
8
Layer 1
10
4.242588
20
16.560539
70
0
0
VERTEX
8
Layer 1
10
4.185174
20
16.523232
70
0
0
VERTEX
8
Layer 1
10
4.142311
20
16.399937
70
0
0
VERTEX
8
Layer 1
10
4.225126
20
16.142233
70
0
0
VERTEX
8
Layer 1
10
4.225126
20
16.142233
70
0
0
SEQEND
8
Layer 1
0
POLYLINE
8
Layer 1
62
7
70
0
10
0.000000
20
0.000000
66
1
0
VERTEX
8
Layer 1
10
4.113472
20
15.603542
70
0
0
VERTEX
8
Layer 1
10
4.133580
20
15.408544
70
0
0
VERTEX
8
Layer 1
10
4.130670
20
15.351130
70
0
0
VERTEX
8
Layer 1
10
4.073255
20
15.090251
70
0
0
VERTEX
8
Layer 1
10
3.932762
20
15.325201
70
0
0
VERTEX
8
Layer 1
10
3.843862
20
15.623386
70
0
0
VERTEX
8
Layer 1
10
3.846772
20
15.620475
70
0
0
VERTEX
8
Layer 1
10
4.090453
20
15.597456
70
0
0
VERTEX
8
Layer 1
10
4.113472
20
15.603542
70
0
0
VERTEX
8
Layer 1
10
4.113472
20
15.603542
70
0
0
SEQEND
8
Layer 1
0
POLYLINE
8
Layer 1
62
7
70
0
10
0.000000
20
0.000000
66
1
0
VERTEX
8
Layer 1
10
4.165066
20
15.795629
70
0
0
VERTEX
8
Layer 1
10
4.107651
20
15.855689
70
0
0
VERTEX
8
Layer 1
10
3.998643
20
15.961787
70
0
0
VERTEX
8
Layer 1
10
3.752052
20
16.087993
70
0
0
VERTEX
8
Layer 1
10
3.944139
20
15.907548
70
0
0
VERTEX
8
Layer 1
10
4.064524
20
15.744300
70
0
0
VERTEX
8
Layer 1
10
4.070345
20
15.730013
70
0
0
VERTEX
8
Layer 1
10
4.087543
20
15.687150
70
0
0
VERTEX
8
Layer 1
10
4.076166
20
15.684240
70
0
0
VERTEX
8
Layer 1
10
3.878522
20
15.701438
70
0
0
VERTEX
8
Layer 1
10
3.844126
20
15.721546
70
0
0
VERTEX
8
Layer 1
10
3.849947
20
15.784517
70
0
0
VERTEX
8
Layer 1
10
3.844126
20
15.810181
70
0
0
VERTEX
8
Layer 1
10
3.818462
20
15.810181
70
0
0
VERTEX
8
Layer 1
10
3.738293
20
15.792983
70
0
0
VERTEX
8
Layer 1
10
3.583512
20
15.761498
70
0
0
VERTEX
8
Layer 1
10
3.552027
20
15.801715
70
0
0
VERTEX
8
Layer 1
10
3.569225
20
15.907812
70
0
0
VERTEX
8
Layer 1
10
3.597800
20
15.970783
70
0
0
VERTEX
8
Layer 1
10
3.508900
20
16.025287
70
0
0
VERTEX
8
Layer 1
10
3.377137
20
16.094079
70
0
0
VERTEX
8
Layer 1
10
3.434552
20
16.171337
70
0
0
VERTEX
8
Layer 1
10
3.451750
20
16.199912
70
0
0
VERTEX
8
Layer 1
10
3.443283
20
16.234308
70
0
0
VERTEX
8
Layer 1
10
3.437462
20
16.386178
70
0
0
VERTEX
8
Layer 1
10
3.549116
20
16.383268
70
0
0
VERTEX
8
Layer 1
10
3.597800
20
16.368980
70
0
0
VERTEX
8
Layer 1
10
3.626375
20
16.409197
70
0
0
VERTEX
8
Layer 1
10
3.669237
20
16.480899
70
0
0
VERTEX
8
Layer 1
10
3.829839
20
16.291722
70
0
0
VERTEX
8
Layer 1
10
3.861324
20
16.260237
70
0
0
VERTEX
8
Layer 1
10
3.938583
20
16.285901
70
0
0
VERTEX
8
Layer 1
10
4.004464
20
16.317387
70
0
0
VERTEX
8
Layer 1
10
4.081722
20
16.105191
70
0
0
VERTEX
8
Layer 1
10
4.101830
20
16.059418
70
0
0
VERTEX
8
Layer 1
10
4.181999
20
16.050952
70
0
0
VERTEX
8
Layer 1
10
4.219305
20
16.053862
70
0
0
VERTEX
8
Layer 1
10
4.165066
20
15.795629
70
0
0
VERTEX
8
Layer 1
10
4.165066
20
15.795629
70
0
0
SEQEND
8
Layer 1
0
POLYLINE
8
Layer 1
62
7
70
0
10
0.000000
20
0.000000
66
1
0
VERTEX
8
Layer 1
10
3.465773
20
15.789808
70
0
0
VERTEX
8
Layer 1
10
3.465773
20
15.786898
70
0
0
VERTEX
8
Layer 1
10
3.465773
20
15.758323
70
0
0
VERTEX
8
Layer 1
10
3.342477
20
15.614919
70
0
0
VERTEX
8
Layer 1
10
3.287973
20
15.649315
70
0
0
VERTEX
8
Layer 1
10
3.236379
20
15.872887
70
0
0
VERTEX
8
Layer 1
10
3.170498
20
16.136677
70
0
0
VERTEX
8
Layer 1
10
3.156211
20
15.872887
70
0
0
VERTEX
8
Layer 1
10
3.176319
20
15.752502
70
0
0
VERTEX
8
Layer 1
10
3.156211
20
15.769700
70
0
0
VERTEX
8
Layer 1
10
3.090329
20
15.778167
70
0
0
VERTEX
8
Layer 1
10
3.078952
20
15.769700
70
0
0
VERTEX
8
Layer 1
10
2.981586
20
15.978985
70
0
0
VERTEX
8
Layer 1
10
2.978675
20
15.996183
70
0
0
VERTEX
8
Layer 1
10
2.975765
20
16.047777
70
0
0
VERTEX
8
Layer 1
10
3.033180
20
16.116568
70
0
0
VERTEX
8
Layer 1
10
2.995873
20
16.191181
70
0
0
VERTEX
8
Layer 1
10
2.932903
20
16.311566
70
0
0
VERTEX
8
Layer 1
10
2.958567
20
16.328764
70
0
0
VERTEX
8
Layer 1
10
2.995873
20
16.348872
70
0
0
VERTEX
8
Layer 1
10
3.013071
20
16.429041
70
0
0
VERTEX
8
Layer 1
10
3.084773
20
16.618218
70
0
0
VERTEX
8
Layer 1
10
3.104882
20
16.618218
70
0
0
VERTEX
8
Layer 1
10
3.199338
20
16.474814
70
0
0
VERTEX
8
Layer 1
10
3.213625
20
16.454705
70
0
0
VERTEX
8
Layer 1
10
3.285327
20
16.454705
70
0
0
VERTEX
8
Layer 1
10
3.385604
20
16.451795
70
0
0
VERTEX
8
Layer 1
10
3.328190
20
16.334320
70
0
0
VERTEX
8
Layer 1
10
3.359675
20
16.222666
70
0
0
VERTEX
8
Layer 1
10
3.293794
20
16.099370
70
0
0
VERTEX
8
Layer 1
10
3.488791
20
15.944589
70
0
0
VERTEX
8
Layer 1
10
3.457306
20
15.855689
70
0
0
VERTEX
8
Layer 1
10
3.465773
20
15.789808
70
0
0
VERTEX
8
Layer 1
10
3.465773
20
15.789808
70
0
0
SEQEND
8
Layer 1
0
POLYLINE
8
Layer 1
62
7
70
0
10
0.000000
20
0.000000
66
1
0
VERTEX
8
Layer 1
10
3.417089
20
15.480246
70
0
0
VERTEX
8
Layer 1
10
3.425556
20
15.477336
70
0
0
VERTEX
8
Layer 1
10
3.601107
20
15.386451
70
0
0
VERTEX
8
Layer 1
10
3.755227
20
15.059030
70
0
0
VERTEX
8
Layer 1
10
3.789622
20
14.743647
70
0
0
VERTEX
8
Layer 1
10
3.781156
20
14.657658
70
0
0
VERTEX
8
Layer 1
10
3.582983
20
14.858212
70
0
0
VERTEX
8
Layer 1
10
3.451485
20
15.213546
70
0
0
VERTEX
8
Layer 1
10
3.451485
20
15.256409
70
0
0
VERTEX
8
Layer 1
10
3.417089
20
15.480246
70
0
0
VERTEX
8
Layer 1
10
3.417089
20
15.480246
70
0
0
SEQEND
8
Layer 1
0
POLYLINE
8
Layer 1
62
7
70
0
10
0.000000
20
0.000000
66
1
0
VERTEX
8
Layer 1
10
2.883955
20
16.004650
70
0
0
VERTEX
8
Layer 1
10
2.841092
20
15.961787
70
0
0
VERTEX
8
Layer 1
10
2.689222
20
16.099370
70
0
0
VERTEX
8
Layer 1
10
2.594765
20
16.030579
70
0
0
VERTEX
8
Layer 1
10
2.408499
20
16.087993
70
0
0
VERTEX
8
Layer 1
10
2.368282
20
16.070795
70
0
0
VERTEX
8
Layer 1
10
2.199214
20
16.087993
70
0
0
VERTEX
8
Layer 1
10
2.193393
20
16.119479
70
0
0
VERTEX
8
Layer 1
10
2.147620
20
16.171072
70
0
0
VERTEX
8
Layer 1
10
2.078829
20
16.277170
70
0
0
VERTEX
8
Layer 1
10
2.158997
20
16.337231
70
0
0
VERTEX
8
Layer 1
10
2.158997
20
16.337231
70
0
0
VERTEX
8
Layer 1
10
2.193393
20
16.345697
70
0
0
VERTEX
8
Layer 1
10
2.268005
20
16.380093
70
0
0
VERTEX
8
Layer 1
10
2.282293
20
16.420310
70
0
0
VERTEX
8
Layer 1
10
2.307958
20
16.466082
70
0
0
VERTEX
8
Layer 1
10
2.431253
20
16.331410
70
0
0
VERTEX
8
Layer 1
10
2.534441
20
16.193827
70
0
0
VERTEX
8
Layer 1
10
2.864111
20
16.216845
70
0
0
VERTEX
8
Layer 1
10
2.932903
20
16.130856
70
0
0
VERTEX
8
Layer 1
10
2.935813
20
16.130856
70
0
0
VERTEX
8
Layer 1
10
2.904328
20
16.102281
70
0
0
VERTEX
8
Layer 1
10
2.887130
20
16.030579
70
0
0
VERTEX
8
Layer 1
10
2.883955
20
16.004650
70
0
0
VERTEX
8
Layer 1
10
2.883955
20
16.004650
70
0
0
SEQEND
8
Layer 1
0
POLYLINE
8
Layer 1
62
7
70
0
10
0.000000
20
0.000000
66
1
0
VERTEX
8
Layer 1
10
2.015593
20
15.769700
70
0
0
VERTEX
8
Layer 1
10
2.001306
20
15.818383
70
0
0
VERTEX
8
Layer 1
10
1.992839
20
15.835581
70
0
0
VERTEX
8
Layer 1
10
1.987018
20
15.904373
70
0
0
VERTEX
8
Layer 1
10
2.055810
20
15.930037
70
0
0
VERTEX
8
Layer 1
10
2.087295
20
15.932948
70
0
0
VERTEX
8
Layer 1
10
2.115870
20
15.953056
70
0
0
VERTEX
8
Layer 1
10
2.305047
20
16.001739
70
0
0
VERTEX
8
Layer 1
10
2.290760
20
15.938769
70
0
0
VERTEX
8
Layer 1
10
2.345264
20
15.818383
70
0
0
VERTEX
8
Layer 1
10
2.184662
20
15.549038
70
0
0
VERTEX
8
Layer 1
10
2.052899
20
15.669423
70
0
0
VERTEX
8
Layer 1
10
2.015593
20
15.769700
70
0
0
VERTEX
8
Layer 1
10
2.015593
20
15.769700
70
0
0
SEQEND
8
Layer 1
0
POLYLINE
8
Layer 1
62
7
70
0
10
0.000000
20
0.000000
66
1
0
VERTEX
8
Layer 1
10
2.539997
20
16.426130
70
0
0
VERTEX
8
Layer 1
10
2.491314
20
16.391735
70
0
0
VERTEX
8
Layer 1
10
2.488403
20
16.394645
70
0
0
VERTEX
8
Layer 1
10
2.350820
20
16.652613
70
0
0
VERTEX
8
Layer 1
10
2.350820
20
16.655524
70
0
0
VERTEX
8
Layer 1
10
2.339443
20
16.709763
70
0
0
VERTEX
8
Layer 1
10
2.333622
20
16.724051
70
0
0
VERTEX
8
Layer 1
10
2.353730
20
16.721140
70
0
0
VERTEX
8
Layer 1
10
2.393947
20
16.724051
70
0
0
VERTEX
8
Layer 1
10
2.431253
20
16.732518
70
0
0
VERTEX
8
Layer 1
10
2.703509
20
16.721140
70
0
0
VERTEX
8
Layer 1
10
2.539997
20
16.426130
70
0
0
VERTEX
8
Layer 1
10
2.539997
20
16.426130
70
0
0
SEQEND
8
Layer 1
0
POLYLINE
8
Layer 1
62
7
70
0
10
0.000000
20
0.000000
66
1
0
VERTEX
8
Layer 1
10
3.267865
20
16.526407
70
0
0
VERTEX
8
Layer 1
10
3.267865
20
16.526407
70
0
0
VERTEX
8
Layer 1
10
3.279242
20
16.497832
70
0
0
VERTEX
8
Layer 1
10
3.267865
20
16.526407
70
0
0
VERTEX
8
Layer 1
10
3.267865
20
16.526407
70
0
0
SEQEND
8
Layer 1
0
POLYLINE
8
Layer 1
62
7
70
0
10
0.000000
20
0.000000
66
1
0
VERTEX
8
Layer 1
10
3.162031
20
17.294492
70
0
0
VERTEX
8
Layer 1
10
3.159121
20
17.357463
70
0
0
VERTEX
8
Layer 1
10
3.225002
20
17.323067
70
0
0
VERTEX
8
Layer 1
10
3.236379
20
17.311690
70
0
0
VERTEX
8
Layer 1
10
3.285063
20
17.300313
70
0
0
VERTEX
8
Layer 1
10
3.508635
20
17.145532
70
0
0
VERTEX
8
Layer 1
10
3.308081
20
17.059542
70
0
0
VERTEX
8
Layer 1
10
3.162031
20
16.965086
70
0
0
VERTEX
8
Layer 1
10
3.150654
20
17.211677
70
0
0
VERTEX
8
Layer 1
10
3.164942
20
17.243163
70
0
0
VERTEX
8
Layer 1
10
3.162031
20
17.294492
70
0
0
VERTEX
8
Layer 1
10
3.162031
20
17.294492
70
0
0
SEQEND
8
Layer 1
0
POLYLINE
8
Layer 1
62
7
70
0
10
0.000000
20
0.000000
66
1
0
VERTEX
8
Layer 1
10
3.170498
20
16.827238
70
0
0
VERTEX
8
Layer 1
10
3.167588
20
16.830149
70
0
0
VERTEX
8
Layer 1
10
3.170498
20
16.827238
70
0
0
VERTEX
8
Layer 1
10
3.170498
20
16.827238
70
0
0
SEQEND
8
Layer 1
0
POLYLINE
8
Layer 1
62
7
70
0
10
0.000000
20
0.000000
66
1
0
VERTEX
8
Layer 1
10
4.365620
20
17.409056
70
0
0
VERTEX
8
Layer 1
10
4.394194
20
17.423344
70
0
0
VERTEX
8
Layer 1
10
4.460076
20
17.446362
70
0
0
VERTEX
8
Layer 1
10
4.494471
20
17.400590
70
0
0
VERTEX
8
Layer 1
10
4.502938
20
17.377571
70
0
0
VERTEX
8
Layer 1
10
4.540244
20
17.145532
70
0
0
VERTEX
8
Layer 1
10
4.534423
20
17.151352
70
0
0
VERTEX
8
Layer 1
10
4.170357
20
17.237342
70
0
0
VERTEX
8
Layer 1
10
4.365620
20
17.409056
70
0
0
VERTEX
8
Layer 1
10
4.365620
20
17.409056
70
0
0
SEQEND
8
Layer 1
0
POLYLINE
8
Layer 1
62
7
70
0
10
0.000000
20
0.000000
66
1
0
VERTEX
8
Layer 1
10
4.119028
20
17.331798
70
0
0
VERTEX
8
Layer 1
10
4.119028
20
17.331798
70
0
0
VERTEX
8
Layer 1
10
4.110561
20
17.340265
70
0
0
VERTEX
8
Layer 1
10
4.119028
20
17.331798
70
0
0
VERTEX
8
Layer 1
10
4.119028
20
17.331798
70
0
0
SEQEND
8
Layer 1
0
POLYLINE
8
Layer 1
62
7
70
0
10
0.000000
20
0.000000
66
1
0
VERTEX
8
Layer 1
10
4.981833
20
16.959265
70
0
0
VERTEX
8
Layer 1
10
5.085021
20
17.073830
70
0
0
VERTEX
8
Layer 1
10
5.090842
20
17.114046
70
0
0
VERTEX
8
Layer 1
10
5.070733
20
17.182838
70
0
0
VERTEX
8
Layer 1
10
5.130794
20
17.214323
70
0
0
VERTEX
8
Layer 1
10
5.190854
20
17.128334
70
0
0
VERTEX
8
Layer 1
10
5.236627
20
17.085471
70
0
0
VERTEX
8
Layer 1
10
5.342725
20
17.116957
70
0
0
VERTEX
8
Layer 1
10
5.500416
20
17.145532
70
0
0
VERTEX
8
Layer 1
10
5.540633
20
17.076740
70
0
0
VERTEX
8
Layer 1
10
5.417337
20
16.930690
70
0
0
VERTEX
8
Layer 1
10
5.179477
20
16.882007
70
0
0
VERTEX
8
Layer 1
10
4.955904
20
16.753155
70
0
0
VERTEX
8
Layer 1
10
4.921508
20
16.649968
70
0
0
VERTEX
8
Layer 1
10
4.881292
20
16.690184
70
0
0
VERTEX
8
Layer 1
10
4.995856
20
16.885182
70
0
0
VERTEX
8
Layer 1
10
4.981833
20
16.959265
70
0
0
VERTEX
8
Layer 1
10
4.981833
20
16.959265
70
0
0
SEQEND
8
Layer 1
0
POLYLINE
8
Layer 1
62
7
70
0
10
0.000000
20
0.000000
66
1
0
VERTEX
8
Layer 1
10
5.557830
20
16.818772
70
0
0
VERTEX
8
Layer 1
10
5.546453
20
16.778555
70
0
0
VERTEX
8
Layer 1
10
5.546453
20
16.752890
70
0
0
VERTEX
8
Layer 1
10
5.549364
20
16.710028
70
0
0
VERTEX
8
Layer 1
10
5.449087
20
16.495187
70
0
0
VERTEX
8
Layer 1
10
5.257000
20
16.629859
70
0
0
VERTEX
8
Layer 1
10
5.225514
20
16.701561
70
0
0
VERTEX
8
Layer 1
10
5.214137
20
16.798928
70
0
0
VERTEX
8
Layer 1
10
5.468931
20
16.830149
70
0
0
VERTEX
8
Layer 1
10
5.483218
20
16.827238
70
0
0
VERTEX
8
Layer 1
10
5.543278
20
16.838615
70
0
0
VERTEX
8
Layer 1
10
5.574764
20
16.847082
70
0
0
VERTEX
8
Layer 1
10
5.557830
20
16.818772
70
0
0
VERTEX
8
Layer 1
10
5.557830
20
16.818772
70
0
0
SEQEND
8
Layer 1
0
POLYLINE
8
Layer 1
62
7
70
0
10
0.000000
20
0.000000
66
1
0
VERTEX
8
Layer 1
10
5.124973
20
16.833059
70
0
0
VERTEX
8
Layer 1
10
5.124973
20
16.844436
70
0
0
VERTEX
8
Layer 1
10
5.124973
20
16.833059
70
0
0
VERTEX
8
Layer 1
10
5.124973
20
16.833059
70
0
0
VERTEX
8
Layer 1
10
5.124973
20
16.833059
70
0
0
SEQEND
8
Layer 1
0
POLYLINE
8
Layer 1
62
7
70
0
10
0.000000
20
0.000000
66
1
0
VERTEX
8
Layer 1
10
5.030517
20
16.706853
70
0
0
VERTEX
8
Layer 1
10
5.030517
20
16.706853
70
0
0
VERTEX
8
Layer 1
10
5.093487
20
16.769824
70
0
0
VERTEX
8
Layer 1
10
5.030517
20
16.706853
70
0
0
VERTEX
8
Layer 1
10
5.030517
20
16.706853
70
0
0
SEQEND
8
Layer 1
0
POLYLINE
8
Layer 1
62
7
70
0
10
0.000000
20
0.000000
66
1
0
VERTEX
8
Layer 1
10
5.056181
20
16.434597
70
0
0
VERTEX
8
Layer 1
10
5.041894
20
16.451795
70
0
0
VERTEX
8
Layer 1
10
5.007498
20
16.554982
70
0
0
VERTEX
8
Layer 1
10
5.056181
20
16.434597
70
0
0
VERTEX
8
Layer 1
10
5.056181
20
16.434597
70
0
0
SEQEND
8
Layer 1
0
POLYLINE
8
Layer 1
62
7
70
0
10
0.000000
20
0.000000
66
1
0
VERTEX
8
Layer 1
10
4.792656
20
16.394645
70
0
0
VERTEX
8
Layer 1
10
4.761171
20
16.440418
70
0
0
VERTEX
8
Layer 1
10
4.915952
20
16.575091
70
0
0
VERTEX
8
Layer 1
10
4.964635
20
16.408932
70
0
0
VERTEX
8
Layer 1
10
4.764081
20
16.277170
70
0
0
VERTEX
8
Layer 1
10
4.755615
20
16.271349
70
0
0
VERTEX
8
Layer 1
10
4.764081
20
16.279816
70
0
0
VERTEX
8
Layer 1
10
4.792656
20
16.368716
70
0
0
VERTEX
8
Layer 1
10
4.792656
20
16.394645
70
0
0
VERTEX
8
Layer 1
10
4.792656
20
16.394645
70
0
0
SEQEND
8
Layer 1
0
POLYLINE
8
Layer 1
62
7
70
0
10
0.000000
20
0.000000
66
1
0
VERTEX
8
Layer 1
10
5.451733
20
16.073441
70
0
0
VERTEX
8
Layer 1
10
5.457554
20
16.059154
70
0
0
VERTEX
8
Layer 1
10
5.457554
20
16.059154
70
0
0
VERTEX
8
Layer 1
10
5.451733
20
16.073441
70
0
0
VERTEX
8
Layer 1
10
5.451733
20
16.073441
70
0
0
SEQEND
8
Layer 1
0
POLYLINE
8
Layer 1
62
7
70
0
10
0.000000
20
0.000000
66
1
0
VERTEX
8
Layer 1
10
5.460464
20
16.053598
70
0
0
VERTEX
8
Layer 1
10
5.457554
20
16.059418
70
0
0
VERTEX
8
Layer 1
10
5.468931
20
16.065239
70
0
0
VERTEX
8
Layer 1
10
5.468931
20
16.065239
70
0
0
VERTEX
8
Layer 1
10
5.460464
20
16.045131
70
0
0
VERTEX
8
Layer 1
10
5.460464
20
16.053598
70
0
0
VERTEX
8
Layer 1
10
5.460464
20
16.053598
70
0
0
SEQEND
8
Layer 1
0
POLYLINE
8
Layer 1
62
7
70
0
10
0.000000
20
0.000000
66
1
0
VERTEX
8
Layer 1
10
6.377509
20
16.732782
70
0
0
VERTEX
8
Layer 1
10
6.383329
20
16.661080
70
0
0
VERTEX
8
Layer 1
10
6.512181
20
16.635416
70
0
0
VERTEX
8
Layer 1
10
6.643944
20
16.621128
70
0
0
VERTEX
8
Layer 1
10
6.549488
20
16.446239
70
0
0
VERTEX
8
Layer 1
10
6.497894
20
16.406022
70
0
0
VERTEX
8
Layer 1
10
6.523558
20
16.308656
70
0
0
VERTEX
8
Layer 1
10
6.546577
20
16.259972
70
0
0
VERTEX
8
Layer 1
10
6.343113
20
16.254151
70
0
0
VERTEX
8
Layer 1
10
6.199709
20
16.254151
70
0
0
VERTEX
8
Layer 1
10
6.168223
20
16.168162
70
0
0
VERTEX
8
Layer 1
10
6.168223
20
16.145143
70
0
0
VERTEX
8
Layer 1
10
6.036461
20
16.119479
70
0
0
VERTEX
8
Layer 1
10
5.953382
20
16.099370
70
0
0
VERTEX
8
Layer 1
10
5.669749
20
16.125035
70
0
0
VERTEX
8
Layer 1
10
5.658372
20
16.142233
70
0
0
VERTEX
8
Layer 1
10
5.586670
20
16.170808
70
0
0
VERTEX
8
Layer 1
10
5.595137
20
16.216581
70
0
0
VERTEX
8
Layer 1
10
5.592226
20
16.239599
70
0
0
VERTEX
8
Layer 1
10
5.821487
20
16.247835
70
0
0
VERTEX
8
Layer 1
10
6.007886
20
16.365805
70
0
0
VERTEX
8
Layer 1
10
6.016353
20
16.406022
70
0
0
VERTEX
8
Layer 1
10
5.990688
20
16.486191
70
0
0
VERTEX
8
Layer 1
10
6.191672
20
16.504480
70
0
0
VERTEX
8
Layer 1
10
6.308717
20
16.615043
70
0
0
VERTEX
8
Layer 1
10
6.308717
20
16.632241
70
0
0
VERTEX
8
Layer 1
10
6.231459
20
16.764003
70
0
0
VERTEX
8
Layer 1
10
6.262944
20
16.787022
70
0
0
VERTEX
8
Layer 1
10
6.297340
20
16.810040
70
0
0
VERTEX
8
Layer 1
10
6.374598
20
16.787022
70
0
0
VERTEX
8
Layer 1
10
6.377509
20
16.732782
70
0
0
VERTEX
8
Layer 1
10
6.377509
20
16.732782
70
0
0
SEQEND
8
Layer 1
0
POLYLINE
8
Layer 1
62
7
70
0
10
0.000000
20
0.000000
66
1
0
VERTEX
8
Layer 1
10
6.128007
20
17.030703
70
0
0
VERTEX
8
Layer 1
10
6.299986
20
17.070919
70
0
0
VERTEX
8
Layer 1
10
6.325650
20
17.042344
70
0
0
VERTEX
8
Layer 1
10
6.262680
20
16.898940
70
0
0
VERTEX
8
Layer 1
10
6.245482
20
16.884653
70
0
0
VERTEX
8
Layer 1
10
6.211086
20
16.861634
70
0
0
VERTEX
8
Layer 1
10
6.113719
20
16.767178
70
0
0
VERTEX
8
Layer 1
10
6.116630
20
16.732782
70
0
0
VERTEX
8
Layer 1
10
6.159492
20
16.701297
70
0
0
VERTEX
8
Layer 1
10
6.219553
20
16.624038
70
0
0
VERTEX
8
Layer 1
10
5.964495
20
16.575355
70
0
0
VERTEX
8
Layer 1
10
5.872684
20
16.546780
70
0
0
VERTEX
8
Layer 1
10
5.892793
20
16.477989
70
0
0
VERTEX
8
Layer 1
10
5.927188
20
16.400730
70
0
0
VERTEX
8
Layer 1
10
5.583230
20
16.326118
70
0
0
VERTEX
8
Layer 1
10
5.551745
20
16.326118
70
0
0
VERTEX
8
Layer 1
10
5.491685
20
16.351783
70
0
0
VERTEX
8
Layer 1
10
5.508883
20
16.434862
70
0
0
VERTEX
8
Layer 1
10
5.586141
20
16.526672
70
0
0
VERTEX
8
Layer 1
10
5.586141
20
16.526672
70
0
0
VERTEX
8
Layer 1
10
5.652022
20
16.569534
70
0
0
VERTEX
8
Layer 1
10
5.889882
20
16.810305
70
0
0
VERTEX
8
Layer 1
10
5.631914
20
16.661345
70
0
0
VERTEX
8
Layer 1
10
5.634824
20
16.764532
70
0
0
VERTEX
8
Layer 1
10
5.640645
20
16.790197
70
0
0
VERTEX
8
Layer 1
10
5.632178
20
16.919049
70
0
0
VERTEX
8
Layer 1
10
5.517614
20
16.930426
70
0
0
VERTEX
8
Layer 1
10
5.600693
20
17.010594
70
0
0
VERTEX
8
Layer 1
10
5.680862
20
16.982019
70
0
0
VERTEX
8
Layer 1
10
5.738276
20
16.950534
70
0
0
VERTEX
8
Layer 1
10
5.841463
20
17.016415
70
0
0
VERTEX
8
Layer 1
10
5.999155
20
17.119602
70
0
0
VERTEX
8
Layer 1
10
6.030640
20
17.073830
70
0
0
VERTEX
8
Layer 1
10
6.079324
20
17.019325
70
0
0
VERTEX
8
Layer 1
10
6.128007
20
17.030703
70
0
0
VERTEX
8
Layer 1
10
6.128007
20
17.030703
70
0
0
SEQEND
8
Layer 1
0
POLYLINE
8
Layer 1
62
7
70
0
10
0.000000
20
0.000000
66
1
0
VERTEX
8
Layer 1
10
5.887501
20
17.569658
70
0
0
VERTEX
8
Layer 1
10
5.879034
20
17.566748
70
0
0
VERTEX
8
Layer 1
10
5.887501
20
17.569658
70
0
0
VERTEX
8
Layer 1
10
5.887501
20
17.569658
70
0
0
SEQEND
8
Layer 1
0
POLYLINE
8
Layer 1
62
7
70
0
10
0.000000
20
0.000000
66
1
0
VERTEX
8
Layer 1
10
5.543543
20
17.540819
70
0
0
VERTEX
8
Layer 1
10
5.537722
20
17.534998
70
0
0
VERTEX
8
Layer 1
10
5.543543
20
17.540819
70
0
0
VERTEX
8
Layer 1
10
5.543543
20
17.540819
70
0
0
SEQEND
8
Layer 1
0
POLYLINE
8
Layer 1
62
7
70
0
10
0.000000
20
0.000000
66
1
0
VERTEX
8
Layer 1
10
5.285575
20
17.383392
70
0
0
VERTEX
8
Layer 1
10
5.308593
20
17.386302
70
0
0
VERTEX
8
Layer 1
10
5.345900
20
17.423608
70
0
0
VERTEX
8
Layer 1
10
5.440356
20
17.520975
70
0
0
VERTEX
8
Layer 1
10
5.474751
20
17.489489
70
0
0
VERTEX
8
Layer 1
10
5.543543
20
17.446627
70
0
0
VERTEX
8
Layer 1
10
5.629532
20
17.495310
70
0
0
VERTEX
8
Layer 1
10
5.761295
20
17.575479
70
0
0
VERTEX
8
Layer 1
10
5.815799
20
17.526796
70
0
0
VERTEX
8
Layer 1
10
5.858661
20
17.481023
70
0
0
VERTEX
8
Layer 1
10
5.927453
20
17.489489
70
0
0
VERTEX
8
Layer 1
10
6.093611
20
17.478112
70
0
0
VERTEX
8
Layer 1
10
6.104988
20
17.443717
70
0
0
VERTEX
8
Layer 1
10
5.998890
20
17.340529
70
0
0
VERTEX
8
Layer 1
10
5.978782
20
17.314865
70
0
0
VERTEX
8
Layer 1
10
5.981692
20
17.280469
70
0
0
VERTEX
8
Layer 1
10
6.007357
20
17.200300
70
0
0
VERTEX
8
Layer 1
10
5.769497
20
17.068538
70
0
0
VERTEX
8
Layer 1
10
5.743832
20
17.039963
70
0
0
VERTEX
8
Layer 1
10
5.729545
20
17.048430
70
0
0
VERTEX
8
Layer 1
10
5.626357
20
17.097113
70
0
0
VERTEX
8
Layer 1
10
5.574764
20
17.194479
70
0
0
VERTEX
8
Layer 1
10
5.637735
20
17.237342
70
0
0
VERTEX
8
Layer 1
10
5.783784
20
17.354817
70
0
0
VERTEX
8
Layer 1
10
5.591697
20
17.300313
70
0
0
VERTEX
8
Layer 1
10
5.499887
20
17.242898
70
0
0
VERTEX
8
Layer 1
10
5.296422
20
17.194215
70
0
0
VERTEX
8
Layer 1
10
5.262027
20
17.177017
70
0
0
VERTEX
8
Layer 1
10
5.204612
20
17.263006
70
0
0
VERTEX
8
Layer 1
10
5.285575
20
17.383392
70
0
0
VERTEX
8
Layer 1
10
5.285575
20
17.383392
70
0
0
SEQEND
8
Layer 1
0
POLYLINE
8
Layer 1
62
7
70
0
10
0.000000
20
0.000000
66
1
0
VERTEX
8
Layer 1
10
5.208052
20
17.497956
70
0
0
VERTEX
8
Layer 1
10
5.216518
20
17.506423
70
0
0
VERTEX
8
Layer 1
10
5.216518
20
17.503512
70
0
0
VERTEX
8
Layer 1
10
5.208052
20
17.497956
70
0
0
VERTEX
8
Layer 1
10
5.208052
20
17.497956
70
0
0
SEQEND
8
Layer 1
0
POLYLINE
8
Layer 1
62
7
70
0
10
0.000000
20
0.000000
66
1
0
VERTEX
8
Layer 1
10
4.933150
20
17.632629
70
0
0
VERTEX
8
Layer 1
10
5.013319
20
17.687133
70
0
0
VERTEX
8
Layer 1
10
5.153812
20
17.784500
70
0
0
VERTEX
8
Layer 1
10
5.231070
20
17.744283
70
0
0
VERTEX
8
Layer 1
10
5.256735
20
17.695600
70
0
0
VERTEX
8
Layer 1
10
5.179477
20
17.589502
70
0
0
VERTEX
8
Layer 1
10
5.127883
20
17.514889
70
0
0
VERTEX
8
Layer 1
10
5.170746
20
17.449008
70
0
0
VERTEX
8
Layer 1
10
5.202231
20
17.394504
70
0
0
VERTEX
8
Layer 1
10
5.122062
20
17.308515
70
0
0
VERTEX
8
Layer 1
10
5.107775
20
17.300048
70
0
0
VERTEX
8
Layer 1
10
5.004587
20
17.248454
70
0
0
VERTEX
8
Layer 1
10
4.970192
20
17.214059
70
0
0
VERTEX
8
Layer 1
10
4.987390
20
17.159554
70
0
0
VERTEX
8
Layer 1
10
5.001677
20
17.107961
70
0
0
VERTEX
8
Layer 1
10
4.915688
20
17.027792
70
0
0
VERTEX
8
Layer 1
10
4.878381
20
17.033613
70
0
0
VERTEX
8
Layer 1
10
4.867004
20
17.036523
70
0
0
VERTEX
8
Layer 1
10
4.864094
20
17.059542
70
0
0
VERTEX
8
Layer 1
10
4.798213
20
17.217234
70
0
0
VERTEX
8
Layer 1
10
4.718044
20
17.220144
70
0
0
VERTEX
8
Layer 1
10
4.778104
20
17.294756
70
0
0
VERTEX
8
Layer 1
10
4.906956
20
17.463825
70
0
0
VERTEX
8
Layer 1
10
4.711959
20
17.346350
70
0
0
VERTEX
8
Layer 1
10
4.628880
20
17.251894
70
0
0
VERTEX
8
Layer 1
10
4.583107
20
17.420962
70
0
0
VERTEX
8
Layer 1
10
4.577286
20
17.435250
70
0
0
VERTEX
8
Layer 1
10
4.545801
20
17.501131
70
0
0
VERTEX
8
Layer 1
10
4.620413
20
17.518329
70
0
0
VERTEX
8
Layer 1
10
4.646077
20
17.512508
70
0
0
VERTEX
8
Layer 1
10
4.709048
20
17.587121
70
0
0
VERTEX
8
Layer 1
10
4.818056
20
17.756189
70
0
0
VERTEX
8
Layer 1
10
4.841075
20
17.759100
70
0
0
VERTEX
8
Layer 1
10
4.864094
20
17.713327
70
0
0
VERTEX
8
Layer 1
10
4.933150
20
17.632629
70
0
0
VERTEX
8
Layer 1
10
4.933150
20
17.632629
70
0
0
SEQEND
8
Layer 1
0
POLYLINE
8
Layer 1
62
7
70
0
10
0.000000
20
0.000000
66
1
0
VERTEX
8
Layer 1
10
4.451609
20
18.291705
70
0
0
VERTEX
8
Layer 1
10
4.503203
20
18.257309
70
0
0
VERTEX
8
Layer 1
10
4.592103
20
18.317370
70
0
0
VERTEX
8
Layer 1
10
4.729686
20
18.409180
70
0
0
VERTEX
8
Layer 1
10
4.772548
20
18.268686
70
0
0
VERTEX
8
Layer 1
10
4.786836
20
18.188518
70
0
0
VERTEX
8
Layer 1
10
4.832608
20
18.171320
70
0
0
VERTEX
8
Layer 1
10
4.921508
20
18.108349
70
0
0
VERTEX
8
Layer 1
10
4.798213
20
17.950658
70
0
0
VERTEX
8
Layer 1
10
4.778104
20
17.901974
70
0
0
VERTEX
8
Layer 1
10
4.818321
20
17.870489
70
0
0
VERTEX
8
Layer 1
10
4.835519
20
17.862022
70
0
0
VERTEX
8
Layer 1
10
4.841340
20
17.824716
70
0
0
VERTEX
8
Layer 1
10
4.786836
20
17.824716
70
0
0
VERTEX
8
Layer 1
10
4.626234
20
17.604054
70
0
0
VERTEX
8
Layer 1
10
4.620413
20
17.592677
70
0
0
VERTEX
8
Layer 1
10
4.525957
20
17.584210
70
0
0
VERTEX
8
Layer 1
10
4.568819
20
17.733170
70
0
0
VERTEX
8
Layer 1
10
4.562998
20
17.770477
70
0
0
VERTEX
8
Layer 1
10
4.477009
20
17.836358
70
0
0
VERTEX
8
Layer 1
10
4.560088
20
18.039822
70
0
0
VERTEX
8
Layer 1
10
4.514315
20
18.180316
70
0
0
VERTEX
8
Layer 1
10
4.411128
20
18.214711
70
0
0
VERTEX
8
Layer 1
10
4.416949
20
18.252018
70
0
0
VERTEX
8
Layer 1
10
4.411128
20
18.320809
70
0
0
VERTEX
8
Layer 1
10
4.451609
20
18.291705
70
0
0
VERTEX
8
Layer 1
10
4.451609
20
18.291705
70
0
0
SEQEND
8
Layer 1
0
POLYLINE
8
Layer 1
62
7
70
0
10
0.000000
20
0.000000
66
1
0
VERTEX
8
Layer 1
10
4.405836
20
18.168674
70
0
0
VERTEX
8
Layer 1
10
4.405836
20
18.165764
70
0
0
VERTEX
8
Layer 1
10
4.400015
20
18.137189
70
0
0
VERTEX
8
Layer 1
10
4.405836
20
18.168674
70
0
0
VERTEX
8
Layer 1
10
4.405836
20
18.168674
70
0
0
SEQEND
8
Layer 1
0
POLYLINE
8
Layer 1
62
7
70
0
10
0.000000
20
0.000000
66
1
0
VERTEX
8
Layer 1
10
3.898366
20
17.795877
70
0
0
VERTEX
8
Layer 1
10
3.992822
20
17.830272
70
0
0
VERTEX
8
Layer 1
10
4.035684
20
17.855937
70
0
0
VERTEX
8
Layer 1
10
4.007110
20
17.976322
70
0
0
VERTEX
8
Layer 1
10
3.961337
20
18.168409
70
0
0
VERTEX
8
Layer 1
10
4.018751
20
18.165499
70
0
0
VERTEX
8
Layer 1
10
4.104741
20
18.168409
70
0
0
VERTEX
8
Layer 1
10
4.156334
20
18.265776
70
0
0
VERTEX
8
Layer 1
10
4.239413
20
18.409180
70
0
0
VERTEX
8
Layer 1
10
4.308205
20
18.363407
70
0
0
VERTEX
8
Layer 1
10
4.319582
20
18.168409
70
0
0
VERTEX
8
Layer 1
10
4.330959
20
18.113905
70
0
0
VERTEX
8
Layer 1
10
4.399751
20
18.116816
70
0
0
VERTEX
8
Layer 1
10
4.442613
20
18.134014
70
0
0
VERTEX
8
Layer 1
10
4.385199
20
17.858847
70
0
0
VERTEX
8
Layer 1
10
4.362180
20
17.784235
70
0
0
VERTEX
8
Layer 1
10
4.428061
20
17.755660
70
0
0
VERTEX
8
Layer 1
10
4.482565
20
17.741372
70
0
0
VERTEX
8
Layer 1
10
4.393665
20
17.526531
70
0
0
VERTEX
8
Layer 1
10
4.342072
20
17.500867
70
0
0
VERTEX
8
Layer 1
10
4.175913
20
17.400590
70
0
0
VERTEX
8
Layer 1
10
4.235974
20
17.713062
70
0
0
VERTEX
8
Layer 1
10
4.215866
20
17.919437
70
0
0
VERTEX
8
Layer 1
10
4.158451
20
17.690043
70
0
0
VERTEX
8
Layer 1
10
4.089659
20
17.417787
70
0
0
VERTEX
8
Layer 1
10
4.061084
20
17.417787
70
0
0
VERTEX
8
Layer 1
10
4.020868
20
17.420698
70
0
0
VERTEX
8
Layer 1
10
4.020868
20
17.420698
70
0
0
VERTEX
8
Layer 1
10
4.069551
20
17.598498
70
0
0
VERTEX
8
Layer 1
10
3.977741
20
17.767566
70
0
0
VERTEX
8
Layer 1
10
3.880374
20
17.770477
70
0
0
VERTEX
8
Layer 1
10
3.898366
20
17.795877
70
0
0
VERTEX
8
Layer 1
10
3.898366
20
17.795877
70
0
0
SEQEND
8
Layer 1
0
POLYLINE
8
Layer 1
62
7
70
0
10
0.000000
20
0.000000
66
1
0
VERTEX
8
Layer 1
10
3.775335
20
17.684223
70
0
0
VERTEX
8
Layer 1
10
3.829839
20
17.632629
70
0
0
VERTEX
8
Layer 1
10
3.901541
20
17.667025
70
0
0
VERTEX
8
Layer 1
10
3.935937
20
17.695600
70
0
0
VERTEX
8
Layer 1
10
3.950224
20
17.457740
70
0
0
VERTEX
8
Layer 1
10
3.933026
20
17.394769
70
0
0
VERTEX
8
Layer 1
10
4.067699
20
17.328888
70
0
0
VERTEX
8
Layer 1
10
4.119293
20
17.325977
70
0
0
VERTEX
8
Layer 1
10
4.079076
20
17.231521
70
0
0
VERTEX
8
Layer 1
10
3.993087
20
17.179927
70
0
0
VERTEX
8
Layer 1
10
3.955780
20
17.053721
70
0
0
VERTEX
8
Layer 1
10
3.838306
20
17.116692
70
0
0
VERTEX
8
Layer 1
10
3.806820
20
17.234167
70
0
0
VERTEX
8
Layer 1
10
3.726652
20
17.460650
70
0
0
VERTEX
8
Layer 1
10
3.726652
20
17.231256
70
0
0
VERTEX
8
Layer 1
10
3.749670
20
17.113782
70
0
0
VERTEX
8
Layer 1
10
3.686700
20
17.076475
70
0
0
VERTEX
8
Layer 1
10
3.652304
20
17.139446
70
0
0
VERTEX
8
Layer 1
10
3.603620
20
17.165111
70
0
0
VERTEX
8
Layer 1
10
3.560758
20
17.239723
70
0
0
VERTEX
8
Layer 1
10
3.586423
20
17.277029
70
0
0
VERTEX
8
Layer 1
10
3.549116
20
17.348731
70
0
0
VERTEX
8
Layer 1
10
3.457306
20
17.503512
70
0
0
VERTEX
8
Layer 1
10
3.500169
20
17.520710
70
0
0
VERTEX
8
Layer 1
10
3.571871
20
17.534998
70
0
0
VERTEX
8
Layer 1
10
3.586158
20
17.632364
70
0
0
VERTEX
8
Layer 1
10
3.617643
20
17.801433
70
0
0
VERTEX
8
Layer 1
10
3.775335
20
17.684223
70
0
0
VERTEX
8
Layer 1
10
3.775335
20
17.684223
70
0
0
SEQEND
8
Layer 1
0
POLYLINE
8
Layer 1
62
7
70
0
10
0.000000
20
0.000000
66
1
0
VERTEX
8
Layer 1
10
3.497258
20
17.592412
70
0
0
VERTEX
8
Layer 1
10
3.497258
20
17.592412
70
0
0
VERTEX
8
Layer 1
10
3.500169
20
17.581035
70
0
0
VERTEX
8
Layer 1
10
3.497258
20
17.592412
70
0
0
VERTEX
8
Layer 1
10
3.497258
20
17.592412
70
0
0
SEQEND
8
Layer 1
0
POLYLINE
8
Layer 1
62
7
70
0
10
0.000000
20
0.000000
66
1
0
VERTEX
8
Layer 1
10
3.156211
20
18.237466
70
0
0
VERTEX
8
Layer 1
10
3.162031
20
18.223178
70
0
0
VERTEX
8
Layer 1
10
3.156211
20
18.237466
70
0
0
VERTEX
8
Layer 1
10
3.156211
20
18.237466
70
0
0
VERTEX
8
Layer 1
10
3.156211
20
18.237466
70
0
0
SEQEND
8
Layer 1
0
POLYLINE
8
Layer 1
62
7
70
0
10
0.000000
20
0.000000
66
1
0
VERTEX
8
Layer 1
10
3.110438
20
18.139834
70
0
0
VERTEX
8
Layer 1
10
3.170498
20
18.171320
70
0
0
VERTEX
8
Layer 1
10
3.239290
20
18.199895
70
0
0
VERTEX
8
Layer 1
10
3.227913
20
18.297261
70
0
0
VERTEX
8
Layer 1
10
3.210715
20
18.483528
70
0
0
VERTEX
8
Layer 1
10
3.388514
20
18.360232
70
0
0
VERTEX
8
Layer 1
10
3.434287
20
18.317370
70
0
0
VERTEX
8
Layer 1
10
3.500169
20
18.348855
70
0
0
VERTEX
8
Layer 1
10
3.551762
20
18.360232
70
0
0
VERTEX
8
Layer 1
10
3.594625
20
18.136659
70
0
0
VERTEX
8
Layer 1
10
3.620289
20
18.090887
70
0
0
VERTEX
8
Layer 1
10
3.668972
20
18.102264
70
0
0
VERTEX
8
Layer 1
10
3.709189
20
18.130839
70
0
0
VERTEX
8
Layer 1
10
3.700722
20
17.872870
70
0
0
VERTEX
8
Layer 1
10
3.589068
20
17.887158
70
0
0
VERTEX
8
Layer 1
10
3.526098
20
17.846941
70
0
0
VERTEX
8
Layer 1
10
3.408623
20
17.855408
70
0
0
VERTEX
8
Layer 1
10
3.379916
20
18.025204
70
0
0
VERTEX
8
Layer 1
10
3.256752
20
18.139041
70
0
0
VERTEX
8
Layer 1
10
3.133456
20
18.061782
70
0
0
VERTEX
8
Layer 1
10
3.110438
20
18.139834
70
0
0
VERTEX
8
Layer 1
10
3.110438
20
18.139834
70
0
0
SEQEND
8
Layer 1
0
POLYLINE
8
Layer 1
62
7
70
0
10
0.000000
20
0.000000
66
1
0
VERTEX
8
Layer 1
10
2.757749
20
17.667025
70
0
0
VERTEX
8
Layer 1
10
2.820719
20
17.724439
70
0
0
VERTEX
8
Layer 1
10
2.872313
20
17.767302
70
0
0
VERTEX
8
Layer 1
10
2.852205
20
17.836093
70
0
0
VERTEX
8
Layer 1
10
2.820719
20
18.059666
70
0
0
VERTEX
8
Layer 1
10
3.050113
20
17.976587
70
0
0
VERTEX
8
Layer 1
10
3.127371
20
17.924993
70
0
0
VERTEX
8
Layer 1
10
3.199073
20
17.990874
70
0
0
VERTEX
8
Layer 1
10
3.253577
20
18.053845
70
0
0
VERTEX
8
Layer 1
10
3.330835
20
17.827362
70
0
0
VERTEX
8
Layer 1
10
3.362585
20
17.750104
70
0
0
VERTEX
8
Layer 1
10
3.420000
20
17.761481
70
0
0
VERTEX
8
Layer 1
10
3.500169
20
17.767302
70
0
0
VERTEX
8
Layer 1
10
3.494348
20
17.709887
70
0
0
VERTEX
8
Layer 1
10
3.500169
20
17.626808
70
0
0
VERTEX
8
Layer 1
10
3.500169
20
17.609610
70
0
0
VERTEX
8
Layer 1
10
3.379783
20
17.540819
70
0
0
VERTEX
8
Layer 1
10
3.371317
20
17.497956
70
0
0
VERTEX
8
Layer 1
10
3.434287
20
17.357463
70
0
0
VERTEX
8
Layer 1
10
3.351208
20
17.383127
70
0
0
VERTEX
8
Layer 1
10
3.276596
20
17.549285
70
0
0
VERTEX
8
Layer 1
10
3.107527
20
17.695600
70
0
0
VERTEX
8
Layer 1
10
3.187696
20
17.523621
70
0
0
VERTEX
8
Layer 1
10
3.239290
20
17.423344
70
0
0
VERTEX
8
Layer 1
10
3.124725
20
17.437631
70
0
0
VERTEX
8
Layer 1
10
3.076042
20
17.291581
70
0
0
VERTEX
8
Layer 1
10
2.949836
20
17.331798
70
0
0
VERTEX
8
Layer 1
10
2.981321
20
17.372015
70
0
0
VERTEX
8
Layer 1
10
3.032915
20
17.455094
70
0
0
VERTEX
8
Layer 1
10
2.929728
20
17.535262
70
0
0
VERTEX
8
Layer 1
10
2.757749
20
17.667025
70
0
0
VERTEX
8
Layer 1
10
2.757749
20
17.667025
70
0
0
SEQEND
8
Layer 1
0
POLYLINE
8
Layer 1
62
7
70
0
10
0.000000
20
0.000000
66
1
0
VERTEX
8
Layer 1
10
2.542907
20
17.368840
70
0
0
VERTEX
8
Layer 1
10
2.769390
20
17.348731
70
0
0
VERTEX
8
Layer 1
10
2.844003
20
17.314336
70
0
0
VERTEX
8
Layer 1
10
2.861201
20
17.317246
70
0
0
VERTEX
8
Layer 1
10
3.053288
20
17.205592
70
0
0
VERTEX
8
Layer 1
10
3.096150
20
16.907407
70
0
0
VERTEX
8
Layer 1
10
3.096150
20
16.907407
70
0
0
VERTEX
8
Layer 1
10
3.096150
20
16.907407
70
0
0
VERTEX
8
Layer 1
10
3.076042
20
16.827238
70
0
0
VERTEX
8
Layer 1
10
3.233733
20
16.669547
70
0
0
VERTEX
8
Layer 1
10
3.505989
20
16.652349
70
0
0
VERTEX
8
Layer 1
10
3.523187
20
16.649438
70
0
0
VERTEX
8
Layer 1
10
3.531654
20
16.660816
70
0
0
VERTEX
8
Layer 1
10
3.540121
20
16.663726
70
0
0
VERTEX
8
Layer 1
10
3.600181
20
16.537520
70
0
0
VERTEX
8
Layer 1
10
3.557318
20
16.477459
70
0
0
VERTEX
8
Layer 1
10
3.459952
20
16.485926
70
0
0
VERTEX
8
Layer 1
10
3.262308
20
16.531699
70
0
0
VERTEX
8
Layer 1
10
3.133456
20
16.689390
70
0
0
VERTEX
8
Layer 1
10
3.044557
20
16.689390
70
0
0
VERTEX
8
Layer 1
10
3.007250
20
16.669282
70
0
0
VERTEX
8
Layer 1
10
2.849559
20
16.815332
70
0
0
VERTEX
8
Layer 1
10
2.832361
20
16.818242
70
0
0
VERTEX
8
Layer 1
10
2.832361
20
16.895501
70
0
0
VERTEX
8
Layer 1
10
2.714886
20
16.952915
70
0
0
VERTEX
8
Layer 1
10
2.591590
20
17.025146
70
0
0
VERTEX
8
Layer 1
10
2.608788
20
17.073830
70
0
0
VERTEX
8
Layer 1
10
2.631807
20
17.153998
70
0
0
VERTEX
8
Layer 1
10
2.585770
20
17.234167
70
0
0
VERTEX
8
Layer 1
10
2.542907
20
17.368840
70
0
0
VERTEX
8
Layer 1
10
2.542907
20
17.368840
70
0
0
SEQEND
8
Layer 1
0
POLYLINE
8
Layer 1
62
7
70
0
10
0.000000
20
0.000000
66
1
0
VERTEX
8
Layer 1
10
2.494224
20
16.973553
70
0
0
VERTEX
8
Layer 1
10
2.494224
20
16.982019
70
0
0
VERTEX
8
Layer 1
10
2.494224
20
16.973553
70
0
0
VERTEX
8
Layer 1
10
2.494224
20
16.973553
70
0
0
SEQEND
8
Layer 1
0
POLYLINE
8
Layer 1
62
7
70
0
10
0.000000
20
0.000000
66
1
0
VERTEX
8
Layer 1
10
1.708942
20
17.005038
70
0
0
VERTEX
8
Layer 1
10
1.766356
20
17.045255
70
0
0
VERTEX
8
Layer 1
10
1.815039
20
17.076740
70
0
0
VERTEX
8
Layer 1
10
1.820860
20
17.168550
70
0
0
VERTEX
8
Layer 1
10
1.849435
20
17.346085
70
0
0
VERTEX
8
Layer 1
10
1.932514
20
17.288671
70
0
0
VERTEX
8
Layer 1
10
1.998395
20
17.234167
70
0
0
VERTEX
8
Layer 1
10
2.092852
20
17.308779
70
0
0
VERTEX
8
Layer 1
10
2.127247
20
17.360373
70
0
0
VERTEX
8
Layer 1
10
2.184662
20
17.199771
70
0
0
VERTEX
8
Layer 1
10
2.233345
20
17.093938
70
0
0
VERTEX
8
Layer 1
10
2.327801
20
17.136800
70
0
0
VERTEX
8
Layer 1
10
2.356376
20
17.162465
70
0
0
VERTEX
8
Layer 1
10
2.396593
20
17.024882
70
0
0
VERTEX
8
Layer 1
10
2.430989
20
16.910317
70
0
0
VERTEX
8
Layer 1
10
2.545553
20
16.918784
70
0
0
VERTEX
8
Layer 1
10
2.711711
20
16.864280
70
0
0
VERTEX
8
Layer 1
10
2.751928
20
16.858459
70
0
0
VERTEX
8
Layer 1
10
2.751928
20
16.855549
70
0
0
VERTEX
8
Layer 1
10
2.737640
20
16.798134
70
0
0
VERTEX
8
Layer 1
10
2.408234
20
16.812951
70
0
0
VERTEX
8
Layer 1
10
2.382305
20
16.807130
70
0
0
VERTEX
8
Layer 1
10
2.350820
20
16.807130
70
0
0
VERTEX
8
Layer 1
10
2.261920
20
16.772734
70
0
0
VERTEX
8
Layer 1
10
2.256364
20
16.764267
70
0
0
VERTEX
8
Layer 1
10
2.112960
20
16.898940
70
0
0
VERTEX
8
Layer 1
10
1.984108
20
17.082296
70
0
0
VERTEX
8
Layer 1
10
2.035702
20
16.870365
70
0
0
VERTEX
8
Layer 1
10
2.259010
20
16.658170
70
0
0
VERTEX
8
Layer 1
10
2.259010
20
16.652349
70
0
0
VERTEX
8
Layer 1
10
2.273297
20
16.537784
70
0
0
VERTEX
8
Layer 1
10
2.196039
20
16.434597
70
0
0
VERTEX
8
Layer 1
10
2.193128
20
16.428776
70
0
0
VERTEX
8
Layer 1
10
2.173285
20
16.426130
70
0
0
VERTEX
8
Layer 1
10
2.167464
20
16.426130
70
0
0
VERTEX
8
Layer 1
10
2.141535
20
16.503389
70
0
0
VERTEX
8
Layer 1
10
2.095762
20
16.606576
70
0
0
VERTEX
8
Layer 1
10
1.961089
20
16.598109
70
0
0
VERTEX
8
Layer 1
10
1.912406
20
16.583822
70
0
0
VERTEX
8
Layer 1
10
1.886477
20
16.612397
70
0
0
VERTEX
8
Layer 1
10
1.892298
20
16.620863
70
0
0
VERTEX
8
Layer 1
10
1.832237
20
16.698386
70
0
0
VERTEX
8
Layer 1
10
1.829327
20
16.701297
70
0
0
VERTEX
8
Layer 1
10
1.909496
20
16.749980
70
0
0
VERTEX
8
Layer 1
10
1.958179
20
16.784376
70
0
0
VERTEX
8
Layer 1
10
1.903675
20
16.850257
70
0
0
VERTEX
8
Layer 1
10
1.708942
20
17.005038
70
0
0
VERTEX
8
Layer 1
10
1.708942
20
17.005038
70
0
0
SEQEND
8
Layer 1
0
POLYLINE
8
Layer 1
62
7
70
0
10
0.000000
20
0.000000
66
1
0
VERTEX
8
Layer 1
10
1.668725
20
16.173983
70
0
0
VERTEX
8
Layer 1
10
1.562627
20
16.156785
70
0
0
VERTEX
8
Layer 1
10
1.551250
20
16.185360
70
0
0
VERTEX
8
Layer 1
10
1.597023
20
16.248331
70
0
0
VERTEX
8
Layer 1
10
1.614221
20
16.294103
70
0
0
VERTEX
8
Layer 1
10
1.576915
20
16.328499
70
0
0
VERTEX
8
Layer 1
10
1.393559
20
16.422955
70
0
0
VERTEX
8
Layer 1
10
1.399379
20
16.509209
70
0
0
VERTEX
8
Layer 1
10
1.519765
20
16.540695
70
0
0
VERTEX
8
Layer 1
10
1.582736
20
16.540695
70
0
0
VERTEX
8
Layer 1
10
1.605754
20
16.618218
70
0
0
VERTEX
8
Layer 1
10
1.620042
20
16.689655
70
0
0
VERTEX
8
Layer 1
10
1.769002
20
16.638061
70
0
0
VERTEX
8
Layer 1
10
1.834883
20
16.552072
70
0
0
VERTEX
8
Layer 1
10
1.860548
20
16.517676
70
0
0
VERTEX
8
Layer 1
10
1.989664
20
16.523497
70
0
0
VERTEX
8
Layer 1
10
2.044168
20
16.540695
70
0
0
VERTEX
8
Layer 1
10
2.044168
20
16.537784
70
0
0
VERTEX
8
Layer 1
10
2.052635
20
16.492012
70
0
0
VERTEX
8
Layer 1
10
2.078564
20
16.408932
70
0
0
VERTEX
8
Layer 1
10
1.984108
20
16.299924
70
0
0
VERTEX
8
Layer 1
10
1.978287
20
16.259708
70
0
0
VERTEX
8
Layer 1
10
2.092852
20
16.099106
70
0
0
VERTEX
8
Layer 1
10
2.101318
20
16.093285
70
0
0
VERTEX
8
Layer 1
10
2.104229
20
16.067620
70
0
0
VERTEX
8
Layer 1
10
2.101318
20
16.053333
70
0
0
VERTEX
8
Layer 1
10
2.055545
20
16.021848
70
0
0
VERTEX
8
Layer 1
10
1.903675
20
15.953056
70
0
0
VERTEX
8
Layer 1
10
1.903675
20
15.950146
70
0
0
VERTEX
8
Layer 1
10
1.843614
20
16.004650
70
0
0
VERTEX
8
Layer 1
10
1.875100
20
16.162341
70
0
0
VERTEX
8
Layer 1
10
1.668725
20
16.173983
70
0
0
VERTEX
8
Layer 1
10
1.668725
20
16.173983
70
0
0
SEQEND
8
Layer 1
0
POLYLINE
8
Layer 1
62
7
70
0
10
0.000000
20
0.000000
66
1
0
VERTEX
8
Layer 1
10
1.545429
20
15.506175
70
0
0
VERTEX
8
Layer 1
10
1.482459
20
15.477600
70
0
0
VERTEX
8
Layer 1
10
1.327677
20
15.460402
70
0
0
VERTEX
8
Layer 1
10
1.344875
20
15.529194
70
0
0
VERTEX
8
Layer 1
10
1.362073
20
15.618094
70
0
0
VERTEX
8
Layer 1
10
1.299103
20
15.649315
70
0
0
VERTEX
8
Layer 1
10
1.161519
20
15.763879
70
0
0
VERTEX
8
Layer 1
10
1.181628
20
15.804096
70
0
0
VERTEX
8
Layer 1
10
1.293282
20
15.801185
70
0
0
VERTEX
8
Layer 1
10
1.382182
20
15.798275
70
0
0
VERTEX
8
Layer 1
10
1.407846
20
15.901462
70
0
0
VERTEX
8
Layer 1
10
1.422134
20
15.970254
70
0
0
VERTEX
8
Layer 1
10
1.576915
20
15.890085
70
0
0
VERTEX
8
Layer 1
10
1.659994
20
15.849869
70
0
0
VERTEX
8
Layer 1
10
1.708677
20
15.912839
70
0
0
VERTEX
8
Layer 1
10
1.740162
20
15.958612
70
0
0
VERTEX
8
Layer 1
10
1.900764
20
15.818119
70
0
0
VERTEX
8
Layer 1
10
1.906585
20
15.815208
70
0
0
VERTEX
8
Layer 1
10
1.915052
20
15.798010
70
0
0
VERTEX
8
Layer 1
10
1.929339
20
15.752237
70
0
0
VERTEX
8
Layer 1
10
1.955004
20
15.680535
70
0
0
VERTEX
8
Layer 1
10
1.834619
20
15.712021
70
0
0
VERTEX
8
Layer 1
10
1.473463
20
15.674715
70
0
0
VERTEX
8
Layer 1
10
1.788846
20
15.631852
70
0
0
VERTEX
8
Layer 1
10
1.843350
20
15.623386
70
0
0
VERTEX
8
Layer 1
10
1.803133
20
15.517288
70
0
0
VERTEX
8
Layer 1
10
1.803133
20
15.479982
70
0
0
VERTEX
8
Layer 1
10
1.803133
20
15.456963
70
0
0
VERTEX
8
Layer 1
10
1.794666
20
15.462784
70
0
0
VERTEX
8
Layer 1
10
1.582471
20
15.505646
70
0
0
VERTEX
8
Layer 1
10
1.545429
20
15.506175
70
0
0
VERTEX
8
Layer 1
10
1.545429
20
15.506175
70
0
0
SEQEND
8
Layer 1
0
POLYLINE
8
Layer 1
62
7
70
0
10
0.000000
20
0.000000
66
1
0
VERTEX
8
Layer 1
10
1.643060
20
15.027545
70
0
0
VERTEX
8
Layer 1
10
1.651527
20
15.027545
70
0
0
VERTEX
8
Layer 1
10
1.643060
20
15.027545
70
0
0
VERTEX
8
Layer 1
10
1.643060
20
15.027545
70
0
0
SEQEND
8
Layer 1
0
POLYLINE
8
Layer 1
62
7
70
0
10
0.000000
20
0.000000
66
1
0
VERTEX
8
Layer 1
10
2.072743
20
15.084695
70
0
0
VERTEX
8
Layer 1
10
2.052635
20
15.044478
70
0
0
VERTEX
8
Layer 1
10
2.041258
20
15.052945
70
0
0
VERTEX
8
Layer 1
10
2.009772
20
15.070143
70
0
0
VERTEX
8
Layer 1
10
1.949712
20
15.041568
70
0
0
VERTEX
8
Layer 1
10
1.749158
20
14.964309
70
0
0
VERTEX
8
Layer 1
10
1.726139
20
15.027280
70
0
0
VERTEX
8
Layer 1
10
1.700475
20
15.098982
70
0
0
VERTEX
8
Layer 1
10
1.614485
20
15.116180
70
0
0
VERTEX
8
Layer 1
10
1.479813
20
15.164863
70
0
0
VERTEX
8
Layer 1
10
1.476902
20
15.202169
70
0
0
VERTEX
8
Layer 1
10
1.551515
20
15.239476
70
0
0
VERTEX
8
Layer 1
10
1.626127
20
15.279692
70
0
0
VERTEX
8
Layer 1
10
1.629038
20
15.377059
70
0
0
VERTEX
8
Layer 1
10
1.623217
20
15.425742
70
0
0
VERTEX
8
Layer 1
10
1.746512
20
15.382880
70
0
0
VERTEX
8
Layer 1
10
1.863987
20
15.357215
70
0
0
VERTEX
8
Layer 1
10
1.895473
20
15.477600
70
0
0
VERTEX
8
Layer 1
10
1.898383
20
15.546392
70
0
0
VERTEX
8
Layer 1
10
2.035966
20
15.543482
70
0
0
VERTEX
8
Layer 1
10
2.041787
20
15.540571
70
0
0
VERTEX
8
Layer 1
10
2.144974
20
15.465959
70
0
0
VERTEX
8
Layer 1
10
2.193658
20
15.314088
70
0
0
VERTEX
8
Layer 1
10
2.270916
20
15.268315
70
0
0
VERTEX
8
Layer 1
10
2.228053
20
15.208255
70
0
0
VERTEX
8
Layer 1
10
2.228053
20
15.199788
70
0
0
VERTEX
8
Layer 1
10
2.239431
20
15.162482
70
0
0
VERTEX
8
Layer 1
10
2.072743
20
15.084695
70
0
0
VERTEX
8
Layer 1
10
2.072743
20
15.084695
70
0
0
SEQEND
8
Layer 1
0
POLYLINE
8
Layer 1
62
7
70
0
10
0.000000
20
0.000000
66
1
0
VERTEX
8
Layer 1
10
2.772036
20
14.844189
70
0
0
VERTEX
8
Layer 1
10
2.769126
20
14.850009
70
0
0
VERTEX
8
Layer 1
10
2.714622
20
14.910070
70
0
0
VERTEX
8
Layer 1
10
2.660117
20
14.895782
70
0
0
VERTEX
8
Layer 1
10
2.588415
20
14.775397
70
0
0
VERTEX
8
Layer 1
10
2.447922
20
14.617706
70
0
0
VERTEX
8
Layer 1
10
2.402149
20
14.646281
70
0
0
VERTEX
8
Layer 1
10
2.313249
20
14.726449
70
0
0
VERTEX
8
Layer 1
10
2.212972
20
14.689143
70
0
0
VERTEX
8
Layer 1
10
2.055281
20
14.637549
70
0
0
VERTEX
8
Layer 1
10
2.126983
20
14.812439
70
0
0
VERTEX
8
Layer 1
10
2.167199
20
14.855301
70
0
0
VERTEX
8
Layer 1
10
2.147091
20
14.944201
70
0
0
VERTEX
8
Layer 1
10
2.147091
20
15.036011
70
0
0
VERTEX
8
Layer 1
10
2.284674
20
15.076228
70
0
0
VERTEX
8
Layer 1
10
2.361932
20
15.090515
70
0
0
VERTEX
8
Layer 1
10
2.373310
20
15.122001
70
0
0
VERTEX
8
Layer 1
10
2.338914
20
15.179415
70
0
0
VERTEX
8
Layer 1
10
2.315895
20
15.202434
70
0
0
VERTEX
8
Layer 1
10
2.333093
20
15.210901
70
0
0
VERTEX
8
Layer 1
10
2.542378
20
15.170684
70
0
0
VERTEX
8
Layer 1
10
2.596882
20
15.159307
70
0
0
VERTEX
8
Layer 1
10
2.622547
20
15.187882
70
0
0
VERTEX
8
Layer 1
10
2.605349
20
15.253763
70
0
0
VERTEX
8
Layer 1
10
2.582330
20
15.305357
70
0
0
VERTEX
8
Layer 1
10
2.636834
20
15.319644
70
0
0
VERTEX
8
Layer 1
10
2.691338
20
15.316734
70
0
0
VERTEX
8
Layer 1
10
2.668320
20
15.253763
70
0
0
VERTEX
8
Layer 1
10
2.676786
20
15.222278
70
0
0
VERTEX
8
Layer 1
10
2.742667
20
15.162217
70
0
0
VERTEX
8
Layer 1
10
2.496076
20
15.027545
70
0
0
VERTEX
8
Layer 1
10
2.358493
20
14.884141
70
0
0
VERTEX
8
Layer 1
10
2.748224
20
15.064586
70
0
0
VERTEX
8
Layer 1
10
2.891628
20
15.104803
70
0
0
VERTEX
8
Layer 1
10
2.885807
20
15.093426
70
0
0
VERTEX
8
Layer 1
10
2.772036
20
14.844189
70
0
0
VERTEX
8
Layer 1
10
2.772036
20
14.844189
70
0
0
SEQEND
8
Layer 1
0
POLYLINE
8
Layer 1
62
7
70
0
10
0.000000
20
0.000000
66
1
0
VERTEX
8
Layer 1
10
2.754838
20
15.262494
70
0
0
VERTEX
8
Layer 1
10
2.777857
20
15.291069
70
0
0
VERTEX
8
Layer 1
10
2.803521
20
15.362771
70
0
0
VERTEX
8
Layer 1
10
2.717532
20
15.405634
70
0
0
VERTEX
8
Layer 1
10
2.654561
20
15.408544
70
0
0
VERTEX
8
Layer 1
10
2.654561
20
15.408544
70
0
0
VERTEX
8
Layer 1
10
2.646095
20
15.408544
70
0
0
VERTEX
8
Layer 1
10
2.505601
20
15.491623
70
0
0
VERTEX
8
Layer 1
10
2.534176
20
15.511732
70
0
0
VERTEX
8
Layer 1
10
2.562751
20
15.606188
70
0
0
VERTEX
8
Layer 1
10
2.496870
20
15.631852
70
0
0
VERTEX
8
Layer 1
10
2.390772
20
15.694823
70
0
0
VERTEX
8
Layer 1
10
2.422257
20
15.720488
70
0
0
VERTEX
8
Layer 1
10
2.476761
20
15.786369
70
0
0
VERTEX
8
Layer 1
10
2.433899
20
15.849339
70
0
0
VERTEX
8
Layer 1
10
2.388126
20
15.975546
70
0
0
VERTEX
8
Layer 1
10
2.419612
20
16.001210
70
0
0
VERTEX
8
Layer 1
10
2.557195
20
15.943796
70
0
0
VERTEX
8
Layer 1
10
2.582859
20
15.929508
70
0
0
VERTEX
8
Layer 1
10
2.660117
20
15.981102
70
0
0
VERTEX
8
Layer 1
10
2.674405
20
16.006766
70
0
0
VERTEX
8
Layer 1
10
2.786059
20
15.854896
70
0
0
VERTEX
8
Layer 1
10
2.826276
20
15.814679
70
0
0
VERTEX
8
Layer 1
10
2.872048
20
15.846164
70
0
0
VERTEX
8
Layer 1
10
2.912265
20
15.923423
70
0
0
VERTEX
8
Layer 1
10
2.992434
20
15.674186
70
0
0
VERTEX
8
Layer 1
10
3.023919
20
15.628413
70
0
0
VERTEX
8
Layer 1
10
3.075513
20
15.648521
70
0
0
VERTEX
8
Layer 1
10
3.109909
20
15.685827
70
0
0
VERTEX
8
Layer 1
10
3.172879
20
15.430769
70
0
0
VERTEX
8
Layer 1
10
3.169969
20
15.407750
70
0
0
VERTEX
8
Layer 1
10
3.012277
20
15.473632
70
0
0
VERTEX
8
Layer 1
10
3.006457
20
15.473632
70
0
0
VERTEX
8
Layer 1
10
2.995080
20
15.479452
70
0
0
VERTEX
8
Layer 1
10
2.834478
20
15.591106
70
0
0
VERTEX
8
Layer 1
10
2.673876
20
15.662808
70
0
0
VERTEX
8
Layer 1
10
2.785530
20
15.516759
70
0
0
VERTEX
8
Layer 1
10
2.946132
20
15.405105
70
0
0
VERTEX
8
Layer 1
10
2.957509
20
15.396638
70
0
0
VERTEX
8
Layer 1
10
3.054875
20
15.264876
70
0
0
VERTEX
8
Layer 1
10
2.754838
20
15.262494
70
0
0
VERTEX
8
Layer 1
10
2.754838
20
15.262494
70
0
0
SEQEND
8
Layer 1
0
POLYLINE
8
Layer 1
62
7
70
0
10
0.000000
20
0.000000
66
1
0
VERTEX
8
Layer 1
10
2.611699
20
13.244784
70
0
0
VERTEX
8
Layer 1
10
2.614609
20
13.238964
70
0
0
VERTEX
8
Layer 1
10
2.611699
20
13.244784
70
0
0
VERTEX
8
Layer 1
10
2.611699
20
13.244784
70
0
0
VERTEX
8
Layer 1
10
2.611699
20
13.244784
70
0
0
SEQEND
8
Layer 1
0
POLYLINE
8
Layer 1
62
7
70
0
10
0.000000
20
0.000000
66
1
0
VERTEX
8
Layer 1
10
2.677580
20
12.849497
70
0
0
VERTEX
8
Layer 1
10
2.531530
20
12.889714
70
0
0
VERTEX
8
Layer 1
10
2.471205
20
12.883893
70
0
0
VERTEX
8
Layer 1
10
2.342353
20
12.846587
70
0
0
VERTEX
8
Layer 1
10
2.133068
20
12.943954
70
0
0
VERTEX
8
Layer 1
10
2.130158
20
13.161705
70
0
0
VERTEX
8
Layer 1
10
2.336532
20
13.264893
70
0
0
VERTEX
8
Layer 1
10
2.565926
20
13.164616
70
0
0
VERTEX
8
Layer 1
10
2.752192
20
12.895270
70
0
0
VERTEX
8
Layer 1
10
2.783678
20
12.866695
70
0
0
VERTEX
8
Layer 1
10
2.677580
20
12.849497
70
0
0
VERTEX
8
Layer 1
10
2.677580
20
12.849497
70
0
0
SEQEND
8
Layer 1
0
POLYLINE
8
Layer 1
62
7
70
0
10
0.000000
20
0.000000
66
1
0
VERTEX
8
Layer 1
10
3.961601
20
12.849497
70
0
0
VERTEX
8
Layer 1
10
3.829839
20
12.886804
70
0
0
VERTEX
8
Layer 1
10
3.769779
20
12.880983
70
0
0
VERTEX
8
Layer 1
10
3.655214
20
12.843677
70
0
0
VERTEX
8
Layer 1
10
3.463127
20
12.943954
70
0
0
VERTEX
8
Layer 1
10
3.276860
20
13.216209
70
0
0
VERTEX
8
Layer 1
10
3.248285
20
13.244784
70
0
0
VERTEX
8
Layer 1
10
3.337185
20
13.259072
70
0
0
VERTEX
8
Layer 1
10
3.468948
20
13.221766
70
0
0
VERTEX
8
Layer 1
10
3.529008
20
13.227587
70
0
0
VERTEX
8
Layer 1
10
3.643572
20
13.264893
70
0
0
VERTEX
8
Layer 1
10
3.835660
20
13.164616
70
0
0
VERTEX
8
Layer 1
10
4.021926
20
12.895270
70
0
0
VERTEX
8
Layer 1
10
4.050501
20
12.863785
70
0
0
VERTEX
8
Layer 1
10
3.961601
20
12.849497
70
0
0
VERTEX
8
Layer 1
10
3.961601
20
12.849497
70
0
0
SEQEND
8
Layer 1
0
POLYLINE
8
Layer 1
62
7
70
0
10
0.000000
20
0.000000
66
1
0
VERTEX
8
Layer 1
10
3.568960
20
13.342416
70
0
0
VERTEX
8
Layer 1
10
3.494348
20
13.308020
70
0
0
VERTEX
8
Layer 1
10
3.339567
20
13.345326
70
0
0
VERTEX
8
Layer 1
10
3.328190
20
13.345326
70
0
0
VERTEX
8
Layer 1
10
3.571871
20
13.382632
70
0
0
VERTEX
8
Layer 1
10
3.568960
20
13.342416
70
0
0
VERTEX
8
Layer 1
10
3.568960
20
13.342416
70
0
0
SEQEND
8
Layer 1
0
POLYLINE
8
Layer 1
62
7
70
0
10
0.000000
20
0.000000
66
1
0
VERTEX
8
Layer 1
10
3.886989
20
13.247695
70
0
0
VERTEX
8
Layer 1
10
3.895456
20
13.233407
70
0
0
VERTEX
8
Layer 1
10
3.884078
20
13.244784
70
0
0
VERTEX
8
Layer 1
10
3.886989
20
13.247695
70
0
0
VERTEX
8
Layer 1
10
3.886989
20
13.247695
70
0
0
SEQEND
8
Layer 1
0
POLYLINE
8
Layer 1
62
7
70
0
10
0.000000
20
0.000000
66
1
0
VERTEX
8
Layer 1
10
4.127759
20
13.308020
70
0
0
VERTEX
8
Layer 1
10
3.970068
20
13.345326
70
0
0
VERTEX
8
Layer 1
10
3.918474
20
13.342416
70
0
0
VERTEX
8
Layer 1
10
4.044680
20
13.442692
70
0
0
VERTEX
8
Layer 1
10
4.104741
20
13.419674
70
0
0
VERTEX
8
Layer 1
10
4.144957
20
13.316486
70
0
0
VERTEX
8
Layer 1
10
4.127759
20
13.308020
70
0
0
VERTEX
8
Layer 1
10
4.127759
20
13.308020
70
0
0
SEQEND
8
Layer 1
0
POLYLINE
8
Layer 1
62
7
70
0
10
0.000000
20
0.000000
66
1
0
VERTEX
8
Layer 1
10
5.231070
20
12.849497
70
0
0
VERTEX
8
Layer 1
10
5.099308
20
12.886804
70
0
0
VERTEX
8
Layer 1
10
5.036337
20
12.880983
70
0
0
VERTEX
8
Layer 1
10
4.921773
20
12.843677
70
0
0
VERTEX
8
Layer 1
10
4.729686
20
12.943954
70
0
0
VERTEX
8
Layer 1
10
4.543419
20
13.216209
70
0
0
VERTEX
8
Layer 1
10
4.517755
20
13.244784
70
0
0
VERTEX
8
Layer 1
10
4.615121
20
13.259072
70
0
0
VERTEX
8
Layer 1
10
4.746884
20
13.221766
70
0
0
VERTEX
8
Layer 1
10
4.809854
20
13.227587
70
0
0
VERTEX
8
Layer 1
10
4.924419
20
13.264893
70
0
0
VERTEX
8
Layer 1
10
5.116506
20
13.164616
70
0
0
VERTEX
8
Layer 1
10
5.302772
20
12.892360
70
0
0
VERTEX
8
Layer 1
10
5.328437
20
12.863785
70
0
0
VERTEX
8
Layer 1
10
5.231070
20
12.849497
70
0
0
VERTEX
8
Layer 1
10
5.231070
20
12.849497
70
0
0
SEQEND
8
Layer 1
0
POLYLINE
8
Layer 1
62
7
70
0
10
0.000000
20
0.000000
66
1
0
VERTEX
8
Layer 1
10
4.454519
20
14.887051
70
0
0
VERTEX
8
Layer 1
10
4.318028
20
14.298486
70
0
0
VERTEX
8
Layer 1
10
4.394459
20
13.901215
70
0
0
VERTEX
8
Layer 1
10
4.402926
20
13.889838
70
0
0
VERTEX
8
Layer 1
10
4.847161
20
13.525772
70
0
0
VERTEX
8
Layer 1
10
4.884467
20
13.511484
70
0
0
VERTEX
8
Layer 1
10
5.208316
20
13.345326
70
0
0
VERTEX
8
Layer 1
10
5.085021
20
13.308020
70
0
0
VERTEX
8
Layer 1
10
4.927329
20
13.353793
70
0
0
VERTEX
8
Layer 1
10
4.844250
20
13.342416
70
0
0
VERTEX
8
Layer 1
10
4.821231
20
13.394009
70
0
0
VERTEX
8
Layer 1
10
4.597659
20
13.565988
70
0
0
VERTEX
8
Layer 1
10
4.299474
20
13.844065
70
0
0
VERTEX
8
Layer 1
10
4.239413
20
14.190933
70
0
0
VERTEX
8
Layer 1
10
4.184909
20
14.546268
70
0
0
VERTEX
8
Layer 1
10
4.150514
20
14.185112
70
0
0
VERTEX
8
Layer 1
10
4.216395
20
13.812580
70
0
0
VERTEX
8
Layer 1
10
4.376567
20
13.585799
70
0
0
VERTEX
8
Layer 1
10
4.560353
20
13.485820
70
0
0
VERTEX
8
Layer 1
10
4.746619
20
13.333949
70
0
0
VERTEX
8
Layer 1
10
4.749529
20
13.319661
70
0
0
VERTEX
8
Layer 1
10
4.614857
20
13.348236
70
0
0
VERTEX
8
Layer 1
10
4.445788
20
13.305374
70
0
0
VERTEX
8
Layer 1
10
4.282540
20
13.351147
70
0
0
VERTEX
8
Layer 1
10
4.228036
20
13.348236
70
0
0
VERTEX
8
Layer 1
10
4.167976
20
13.482909
70
0
0
VERTEX
8
Layer 1
10
4.044680
20
13.531592
70
0
0
VERTEX
8
Layer 1
10
3.815287
20
13.319397
70
0
0
VERTEX
8
Layer 1
10
3.815287
20
13.310930
70
0
0
VERTEX
8
Layer 1
10
3.809466
20
13.308020
70
0
0
VERTEX
8
Layer 1
10
3.660506
20
13.350882
70
0
0
VERTEX
8
Layer 1
10
3.660506
20
13.408297
70
0
0
VERTEX
8
Layer 1
10
3.663416
20
13.411207
70
0
0
VERTEX
8
Layer 1
10
3.663416
20
13.428405
70
0
0
VERTEX
8
Layer 1
10
3.691991
20
13.525772
70
0
0
VERTEX
8
Layer 1
10
3.743585
20
13.617582
70
0
0
VERTEX
8
Layer 1
10
3.829574
20
13.961540
70
0
0
VERTEX
8
Layer 1
10
3.668972
20
13.663355
70
0
0
VERTEX
8
Layer 1
10
3.614468
20
13.565988
70
0
0
VERTEX
8
Layer 1
10
3.582983
20
13.471532
70
0
0
VERTEX
8
Layer 1
10
3.381338
20
13.462536
70
0
0
VERTEX
8
Layer 1
10
3.181875
20
13.313841
70
0
0
VERTEX
8
Layer 1
10
3.178965
20
13.308020
70
0
0
VERTEX
8
Layer 1
10
3.176054
20
13.308020
70
0
0
VERTEX
8
Layer 1
10
3.018363
20
13.350882
70
0
0
VERTEX
8
Layer 1
10
2.863582
20
13.308020
70
0
0
VERTEX
8
Layer 1
10
2.849294
20
13.313841
70
0
0
VERTEX
8
Layer 1
10
3.279242
20
13.551701
70
0
0
VERTEX
8
Layer 1
10
3.348033
20
13.586096
70
0
0
VERTEX
8
Layer 1
10
3.587745
20
13.809967
70
0
0
VERTEX
8
Layer 1
10
3.709189
20
14.165004
70
0
0
VERTEX
8
Layer 1
10
3.563139
20
14.434350
70
0
0
VERTEX
8
Layer 1
10
3.399892
20
14.709516
70
0
0
VERTEX
8
Layer 1
10
3.256223
20
14.929451
70
0
0
VERTEX
8
Layer 1
10
2.972855
20
15.153751
70
0
0
VERTEX
8
Layer 1
10
3.107527
20
15.191057
70
0
0
VERTEX
8
Layer 1
10
3.159121
20
15.245561
70
0
0
VERTEX
8
Layer 1
10
3.162031
20
15.262759
70
0
0
VERTEX
8
Layer 1
10
3.139013
20
15.331551
70
0
0
VERTEX
8
Layer 1
10
3.222092
20
15.334461
70
0
0
VERTEX
8
Layer 1
10
3.270775
20
15.437648
70
0
0
VERTEX
8
Layer 1
10
3.256488
20
15.569411
70
0
0
VERTEX
8
Layer 1
10
3.259398
20
15.569411
70
0
0
VERTEX
8
Layer 1
10
3.371052
20
15.228363
70
0
0
VERTEX
8
Layer 1
10
3.567769
20
14.746524
70
0
0
VERTEX
8
Layer 1
10
3.792268
20
14.554999
70
0
0
VERTEX
8
Layer 1
10
3.840951
20
14.569287
70
0
0
VERTEX
8
Layer 1
10
3.881168
20
14.744176
70
0
0
VERTEX
8
Layer 1
10
3.846772
20
15.076493
70
0
0
VERTEX
8
Layer 1
10
3.659447
20
15.458749
70
0
0
VERTEX
8
Layer 1
10
3.457041
20
15.563590
70
0
0
VERTEX
8
Layer 1
10
3.434023
20
15.569411
70
0
0
VERTEX
8
Layer 1
10
3.537210
20
15.692706
70
0
0
VERTEX
8
Layer 1
10
3.551498
20
15.681329
70
0
0
VERTEX
8
Layer 1
10
3.757872
20
15.706994
70
0
0
VERTEX
8
Layer 1
10
3.757872
20
15.698527
70
0
0
VERTEX
8
Layer 1
10
3.861060
20
15.280221
70
0
0
VERTEX
8
Layer 1
10
3.984355
20
15.070936
70
0
0
VERTEX
8
Layer 1
10
4.047326
20
14.964838
70
0
0
VERTEX
8
Layer 1
10
4.096009
20
14.947641
70
0
0
VERTEX
8
Layer 1
10
4.219305
20
15.346103
70
0
0
VERTEX
8
Layer 1
10
4.222216
20
15.406163
70
0
0
VERTEX
8
Layer 1
10
4.164801
20
15.724192
70
0
0
VERTEX
8
Layer 1
10
4.167711
20
15.724192
70
0
0
VERTEX
8
Layer 1
10
4.187820
20
15.709904
70
0
0
VERTEX
8
Layer 1
10
4.242324
20
15.741390
70
0
0
VERTEX
8
Layer 1
10
4.285186
20
15.919189
70
0
0
VERTEX
8
Layer 1
10
4.288097
20
15.881883
70
0
0
VERTEX
8
Layer 1
10
4.305295
20
15.790073
70
0
0
VERTEX
8
Layer 1
10
4.439967
20
15.813092
70
0
0
VERTEX
8
Layer 1
10
4.537334
20
15.858864
70
0
0
VERTEX
8
Layer 1
10
4.399751
20
15.600896
70
0
0
VERTEX
8
Layer 1
10
4.351067
20
15.274136
70
0
0
VERTEX
8
Layer 1
10
4.328049
20
15.087870
70
0
0
VERTEX
8
Layer 1
10
4.325138
20
15.070672
70
0
0
VERTEX
8
Layer 1
10
4.348157
20
15.033365
70
0
0
VERTEX
8
Layer 1
10
4.405572
20
15.044743
70
0
0
VERTEX
8
Layer 1
10
4.663540
20
15.351394
70
0
0
VERTEX
8
Layer 1
10
4.620678
20
15.239740
70
0
0
VERTEX
8
Layer 1
10
4.620678
20
15.231274
70
0
0
VERTEX
8
Layer 1
10
4.637875
20
15.196878
70
0
0
VERTEX
8
Layer 1
10
4.683648
20
15.193967
70
0
0
VERTEX
8
Layer 1
10
4.852717
20
15.219632
70
0
0
VERTEX
8
Layer 1
10
4.852717
20
15.219632
70
0
0
VERTEX
8
Layer 1
10
4.852717
20
15.216721
70
0
0
VERTEX
8
Layer 1
10
4.454519
20
14.887051
70
0
0
VERTEX
8
Layer 1
10
4.454519
20
14.887051
70
0
0
SEQEND
8
Layer 1
0
POLYLINE
8
Layer 1
62
7
70
0
10
0.000000
20
0.000000
66
1
0
VERTEX
8
Layer 1
10
4.732332
20
15.296890
70
0
0
VERTEX
8
Layer 1
10
4.806944
20
15.454582
70
0
0
VERTEX
8
Layer 1
10
4.898754
20
15.520463
70
0
0
VERTEX
8
Layer 1
10
5.013319
20
15.626561
70
0
0
VERTEX
8
Layer 1
10
4.861448
20
15.600896
70
0
0
VERTEX
8
Layer 1
10
4.732596
20
15.529194
70
0
0
VERTEX
8
Layer 1
10
4.606390
20
15.426007
70
0
0
VERTEX
8
Layer 1
10
4.614857
20
15.532104
70
0
0
VERTEX
8
Layer 1
10
4.660630
20
15.563590
70
0
0
VERTEX
8
Layer 1
10
4.746619
20
15.669688
70
0
0
VERTEX
8
Layer 1
10
4.875471
20
15.669688
70
0
0
VERTEX
8
Layer 1
10
4.924154
20
15.752767
70
0
0
VERTEX
8
Layer 1
10
4.935531
20
15.749856
70
0
0
VERTEX
8
Layer 1
10
5.224985
20
15.781342
70
0
0
VERTEX
8
Layer 1
10
5.253560
20
15.838756
70
0
0
VERTEX
8
Layer 1
10
5.239273
20
15.867331
70
0
0
VERTEX
8
Layer 1
10
5.319441
20
15.861510
70
0
0
VERTEX
8
Layer 1
10
5.322352
20
15.841402
70
0
0
VERTEX
8
Layer 1
10
5.322352
20
15.835581
70
0
0
VERTEX
8
Layer 1
10
5.276579
20
15.783987
70
0
0
VERTEX
8
Layer 1
10
5.227895
20
15.732394
70
0
0
VERTEX
8
Layer 1
10
5.224985
20
15.709375
70
0
0
VERTEX
8
Layer 1
10
5.250650
20
15.654871
70
0
0
VERTEX
8
Layer 1
10
5.270758
20
15.612008
70
0
0
VERTEX
8
Layer 1
10
5.270758
20
15.603542
70
0
0
VERTEX
8
Layer 1
10
5.115977
20
15.526284
70
0
0
VERTEX
8
Layer 1
10
5.024167
20
15.497709
70
0
0
VERTEX
8
Layer 1
10
5.009879
20
15.460402
70
0
0
VERTEX
8
Layer 1
10
5.041364
20
15.400342
70
0
0
VERTEX
8
Layer 1
10
5.061473
20
15.374678
70
0
0
VERTEX
8
Layer 1
10
5.047185
20
15.360390
70
0
0
VERTEX
8
Layer 1
10
4.923890
20
15.325994
70
0
0
VERTEX
8
Layer 1
10
4.863829
20
15.308796
70
0
0
VERTEX
8
Layer 1
10
4.732332
20
15.296890
70
0
0
VERTEX
8
Layer 1
10
4.732332
20
15.296890
70
0
0
SEQEND
8
Layer 1
0
POLYLINE
8
Layer 1
62
7
70
0
10
0.000000
20
0.000000
66
1
0
VERTEX
8
Layer 1
10
5.807068
20
14.735180
70
0
0
VERTEX
8
Layer 1
10
5.695414
20
14.723803
70
0
0
VERTEX
8
Layer 1
10
5.655197
20
14.732270
70
0
0
VERTEX
8
Layer 1
10
5.595137
20
14.694964
70
0
0
VERTEX
8
Layer 1
10
5.537722
20
14.660568
70
0
0
VERTEX
8
Layer 1
10
5.431624
20
14.732270
70
0
0
VERTEX
8
Layer 1
10
5.374210
20
14.775132
70
0
0
VERTEX
8
Layer 1
10
5.314150
20
14.734916
70
0
0
VERTEX
8
Layer 1
10
5.259645
20
14.706341
70
0
0
VERTEX
8
Layer 1
10
5.153548
20
14.866943
70
0
0
VERTEX
8
Layer 1
10
5.093487
20
14.955843
70
0
0
VERTEX
8
Layer 1
10
5.021785
20
14.930178
70
0
0
VERTEX
8
Layer 1
10
4.950083
20
15.188147
70
0
0
VERTEX
8
Layer 1
10
5.173656
20
15.079138
70
0
0
VERTEX
8
Layer 1
10
5.336904
20
14.990238
70
0
0
VERTEX
8
Layer 1
10
5.225250
20
15.150840
70
0
0
VERTEX
8
Layer 1
10
5.053271
20
15.256938
70
0
0
VERTEX
8
Layer 1
10
5.345635
20
15.294244
70
0
0
VERTEX
8
Layer 1
10
5.339814
20
15.277046
70
0
0
VERTEX
8
Layer 1
10
5.333993
20
15.231274
70
0
0
VERTEX
8
Layer 1
10
5.471576
20
15.171213
70
0
0
VERTEX
8
Layer 1
10
5.617626
20
15.142638
70
0
0
VERTEX
8
Layer 1
10
5.617626
20
15.139728
70
0
0
VERTEX
8
Layer 1
10
5.603339
20
15.108242
70
0
0
VERTEX
8
Layer 1
10
5.586141
20
15.056649
70
0
0
VERTEX
8
Layer 1
10
5.591962
20
15.033630
70
0
0
VERTEX
8
Layer 1
10
5.686418
20
14.982036
70
0
0
VERTEX
8
Layer 1
10
5.775318
20
14.947641
70
0
0
VERTEX
8
Layer 1
10
5.761030
20
14.933353
70
0
0
VERTEX
8
Layer 1
10
5.726634
20
14.870382
70
0
0
VERTEX
8
Layer 1
10
5.726634
20
14.856095
70
0
0
VERTEX
8
Layer 1
10
5.772407
20
14.798680
70
0
0
VERTEX
8
Layer 1
10
5.812624
20
14.749997
70
0
0
VERTEX
8
Layer 1
10
5.807068
20
14.735180
70
0
0
VERTEX
8
Layer 1
10
5.807068
20
14.735180
70
0
0
SEQEND
8
Layer 1
0
POLYLINE
8
Layer 1
62
7
70
0
10
0.000000
20
0.000000
66
1
0
VERTEX
8
Layer 1
10
5.661018
20
15.087605
70
0
0
VERTEX
8
Layer 1
10
5.672395
20
15.084695
70
0
0
VERTEX
8
Layer 1
10
5.672395
20
15.084695
70
0
0
VERTEX
8
Layer 1
10
5.661018
20
15.087605
70
0
0
VERTEX
8
Layer 1
10
5.661018
20
15.087605
70
0
0
SEQEND
8
Layer 1
0
POLYLINE
8
Layer 1
62
7
70
0
10
0.000000
20
0.000000
66
1
0
VERTEX
8
Layer 1
10
6.085144
20
15.165128
70
0
0
VERTEX
8
Layer 1
10
6.010532
20
15.150840
70
0
0
VERTEX
8
Layer 1
10
5.933274
20
15.139463
70
0
0
VERTEX
8
Layer 1
10
5.907609
20
15.076493
70
0
0
VERTEX
8
Layer 1
10
5.899143
20
15.047918
70
0
0
VERTEX
8
Layer 1
10
5.816064
20
15.045007
70
0
0
VERTEX
8
Layer 1
10
5.781668
20
15.050828
70
0
0
VERTEX
8
Layer 1
10
5.712876
20
15.073847
70
0
0
VERTEX
8
Layer 1
10
5.687212
20
15.082313
70
0
0
VERTEX
8
Layer 1
10
5.707320
20
15.148194
70
0
0
VERTEX
8
Layer 1
10
5.687212
20
15.202699
70
0
0
VERTEX
8
Layer 1
10
5.483747
20
15.262759
70
0
0
VERTEX
8
Layer 1
10
5.426333
20
15.271226
70
0
0
VERTEX
8
Layer 1
10
5.429243
20
15.299801
70
0
0
VERTEX
8
Layer 1
10
5.397758
20
15.365682
70
0
0
VERTEX
8
Layer 1
10
5.148521
20
15.379969
70
0
0
VERTEX
8
Layer 1
10
5.122856
20
15.434473
70
0
0
VERTEX
8
Layer 1
10
5.134233
20
15.434473
70
0
0
VERTEX
8
Layer 1
10
5.314679
20
15.491888
70
0
0
VERTEX
8
Layer 1
10
5.695943
20
15.457492
70
0
0
VERTEX
8
Layer 1
10
5.713141
20
15.468869
70
0
0
VERTEX
8
Layer 1
10
5.767645
20
15.423096
70
0
0
VERTEX
8
Layer 1
10
5.867922
20
15.428917
70
0
0
VERTEX
8
Layer 1
10
5.974020
20
15.437384
70
0
0
VERTEX
8
Layer 1
10
5.994128
20
15.371503
70
0
0
VERTEX
8
Layer 1
10
5.982751
20
15.294244
70
0
0
VERTEX
8
Layer 1
10
6.037255
20
15.248471
70
0
0
VERTEX
8
Layer 1
10
6.085144
20
15.165128
70
0
0
VERTEX
8
Layer 1
10
6.085144
20
15.165128
70
0
0
SEQEND
8
Layer 1
0
POLYLINE
8
Layer 1
62
7
70
0
10
0.000000
20
0.000000
66
1
0
VERTEX
8
Layer 1
10
6.211351
20
15.271226
70
0
0
VERTEX
8
Layer 1
10
6.231459
20
15.262759
70
0
0
VERTEX
8
Layer 1
10
6.211351
20
15.271226
70
0
0
VERTEX
8
Layer 1
10
6.211351
20
15.271226
70
0
0
SEQEND
8
Layer 1
0
POLYLINE
8
Layer 1
62
7
70
0
10
0.000000
20
0.000000
66
1
0
VERTEX
8
Layer 1
10
6.515092
20
15.379969
70
0
0
VERTEX
8
Layer 1
10
6.515092
20
15.379969
70
0
0
VERTEX
8
Layer 1
10
6.515092
20
15.391346
70
0
0
VERTEX
8
Layer 1
10
6.515092
20
15.385525
70
0
0
VERTEX
8
Layer 1
10
6.515092
20
15.379969
70
0
0
VERTEX
8
Layer 1
10
6.515092
20
15.379969
70
0
0
SEQEND
8
Layer 1
0
POLYLINE
8
Layer 1
62
7
70
0
10
0.000000
20
0.000000
66
1
0
VERTEX
8
Layer 1
10
6.681250
20
15.506175
70
0
0
VERTEX
8
Layer 1
10
6.655585
20
15.451671
70
0
0
VERTEX
8
Layer 1
10
6.532290
20
15.448761
70
0
0
VERTEX
8
Layer 1
10
6.457677
20
15.445850
70
0
0
VERTEX
8
Layer 1
10
6.429102
20
15.371238
70
0
0
VERTEX
8
Layer 1
10
6.403438
20
15.299536
70
0
0
VERTEX
8
Layer 1
10
6.280142
20
15.333932
70
0
0
VERTEX
8
Layer 1
10
6.182776
20
15.339753
70
0
0
VERTEX
8
Layer 1
10
6.165578
20
15.299536
70
0
0
VERTEX
8
Layer 1
10
6.154201
20
15.265140
70
0
0
VERTEX
8
Layer 1
10
6.068211
20
15.322555
70
0
0
VERTEX
8
Layer 1
10
6.071122
20
15.328376
70
0
0
VERTEX
8
Layer 1
10
6.088319
20
15.397167
70
0
0
VERTEX
8
Layer 1
10
6.028259
20
15.503265
70
0
0
VERTEX
8
Layer 1
10
5.847813
20
15.511732
70
0
0
VERTEX
8
Layer 1
10
5.793309
20
15.503265
70
0
0
VERTEX
8
Layer 1
10
5.764734
20
15.549038
70
0
0
VERTEX
8
Layer 1
10
5.827705
20
15.566236
70
0
0
VERTEX
8
Layer 1
10
5.882209
20
15.572056
70
0
0
VERTEX
8
Layer 1
10
6.266119
20
15.563590
70
0
0
VERTEX
8
Layer 1
10
5.965288
20
15.640848
70
0
0
VERTEX
8
Layer 1
10
6.062655
20
15.798540
70
0
0
VERTEX
8
Layer 1
10
6.068476
20
15.812827
70
0
0
VERTEX
8
Layer 1
10
6.082763
20
15.821294
70
0
0
VERTEX
8
Layer 1
10
6.108428
20
15.772610
70
0
0
VERTEX
8
Layer 1
10
6.145734
20
15.715196
70
0
0
VERTEX
8
Layer 1
10
6.228813
20
15.740860
70
0
0
VERTEX
8
Layer 1
10
6.432277
20
15.800921
70
0
0
VERTEX
8
Layer 1
10
6.446565
20
15.720752
70
0
0
VERTEX
8
Layer 1
10
6.466673
20
15.637673
70
0
0
VERTEX
8
Layer 1
10
6.509536
20
15.626296
70
0
0
VERTEX
8
Layer 1
10
6.681250
20
15.506175
70
0
0
VERTEX
8
Layer 1
10
6.681250
20
15.506175
70
0
0
SEQEND
8
Layer 1
0
POLYLINE
8
Layer 1
62
7
70
0
10
0.000000
20
0.000000
66
1
0
VERTEX
8
Layer 1
10
77.704588
20
5.274751
70
0
0
VERTEX
8
Layer 1
10
77.827412
20
4.640119
70
0
0
VERTEX
8
Layer 1
10
78.164896
20
4.126957
70
0
0
VERTEX
8
Layer 1
10
78.670555
20
3.783606
70
0
0
VERTEX
8
Layer 1
10
79.297906
20
3.658413
70
0
0
VERTEX
8
Layer 1
10
79.947313
20
3.787662
70
0
0
VERTEX
8
Layer 1
10
80.484726
20
4.137771
70
0
0
VERTEX
8
Layer 1
10
80.850740
20
4.652286
70
0
0
VERTEX
8
Layer 1
10
80.985946
20
5.274751
70
0
0
VERTEX
8
Layer 1
10
80.874040
20
5.851219
70
0
0
VERTEX
8
Layer 1
10
80.550674
20
6.359475
70
0
0
VERTEX
8
Layer 1
10
80.034377
20
6.721581
70
0
0
VERTEX
8
Layer 1
10
79.343679
20
6.859603
70
0
0
VERTEX
8
Layer 1
10
78.718887
20
6.730846
70
0
0
VERTEX
8
Layer 1
10
78.196414
20
6.384180
70
0
0
VERTEX
8
Layer 1
10
77.837801
20
5.879013
70
0
0
VERTEX
8
Layer 1
10
77.704588
20
5.274751
70
0
0
VERTEX
8
Layer 1
10
77.704588
20
5.274751
70
0
0
SEQEND
8
Layer 1
0
POLYLINE
8
Layer 1
62
7
70
0
10
0.000000
20
0.000000
66
1
0
VERTEX
8
Layer 1
10
78.254656
20
5.523988
70
0
0
VERTEX
8
Layer 1
10
78.493607
20
6.269054
70
0
0
VERTEX
8
Layer 1
10
78.787869
20
6.516149
70
0
0
VERTEX
8
Layer 1
10
79.194719
20
6.610101
70
0
0
VERTEX
8
Layer 1
10
79.714645
20
6.467710
70
0
0
VERTEX
8
Layer 1
10
80.103925
20
6.094263
70
0
0
VERTEX
8
Layer 1
10
80.348098
20
5.570352
70
0
0
VERTEX
8
Layer 1
10
80.432703
20
4.976566
70
0
0
VERTEX
8
Layer 1
10
80.183730
20
4.247176
70
0
0
VERTEX
8
Layer 1
10
79.892234
20
3.999659
70
0
0
VERTEX
8
Layer 1
10
79.506927
20
3.904740
70
0
0
VERTEX
8
Layer 1
10
78.980080
20
4.047354
70
0
0
VERTEX
8
Layer 1
10
78.586410
20
4.417799
70
0
0
VERTEX
8
Layer 1
10
78.339930
20
4.936527
70
0
0
VERTEX
8
Layer 1
10
78.254656
20
5.523988
70
0
0
VERTEX
8
Layer 1
10
78.254656
20
5.523988
70
0
0
SEQEND
8
Layer 1
0
POLYLINE
8
Layer 1
62
7
70
0
10
0.000000
20
0.000000
66
1
0
VERTEX
8
Layer 1
10
77.225957
20
6.882622
70
0
0
VERTEX
8
Layer 1
10
77.128590
20
6.882622
70
0
0
VERTEX
8
Layer 1
10
77.122770
20
6.871245
70
0
0
VERTEX
8
Layer 1
10
76.913484
20
6.805363
70
0
0
VERTEX
8
Layer 1
10
76.288804
20
6.796897
70
0
0
VERTEX
8
Layer 1
10
75.411711
20
6.796897
70
0
0
VERTEX
8
Layer 1
10
74.729616
20
6.805363
70
0
0
VERTEX
8
Layer 1
10
74.520331
20
6.871245
70
0
0
VERTEX
8
Layer 1
10
74.511600
20
6.882622
70
0
0
VERTEX
8
Layer 1
10
74.397035
20
6.882622
70
0
0
VERTEX
8
Layer 1
10
74.391215
20
6.865424
70
0
0
VERTEX
8
Layer 1
10
74.156265
20
6.249210
70
0
0
VERTEX
8
Layer 1
10
74.150444
20
6.229102
70
0
0
VERTEX
8
Layer 1
10
74.296494
20
6.143112
70
0
0
VERTEX
8
Layer 1
10
74.307871
20
6.171687
70
0
0
VERTEX
8
Layer 1
10
74.513088
20
6.456511
70
0
0
VERTEX
8
Layer 1
10
75.055847
20
6.550041
70
0
0
VERTEX
8
Layer 1
10
75.474153
20
6.529932
70
0
0
VERTEX
8
Layer 1
10
75.514369
20
5.403603
70
0
0
VERTEX
8
Layer 1
10
75.474153
20
4.062431
70
0
0
VERTEX
8
Layer 1
10
75.175968
20
3.904740
70
0
0
VERTEX
8
Layer 1
10
74.983881
20
3.881721
70
0
0
VERTEX
8
Layer 1
10
74.906622
20
3.873255
70
0
0
VERTEX
8
Layer 1
10
74.941018
20
3.701276
70
0
0
VERTEX
8
Layer 1
10
75.198987
20
3.718473
70
0
0
VERTEX
8
Layer 1
10
75.270689
20
3.721384
70
0
0
VERTEX
8
Layer 1
10
75.772338
20
3.732761
70
0
0
VERTEX
8
Layer 1
10
75.852507
20
3.732761
70
0
0
VERTEX
8
Layer 1
10
76.130583
20
3.729851
70
0
0
VERTEX
8
Layer 1
10
76.342779
20
3.721384
70
0
0
VERTEX
8
Layer 1
10
76.566351
20
3.712917
70
0
0
VERTEX
8
Layer 1
10
76.569262
20
3.735936
70
0
0
VERTEX
8
Layer 1
10
76.586460
20
3.890717
70
0
0
VERTEX
8
Layer 1
10
76.445966
20
3.905004
70
0
0
VERTEX
8
Layer 1
10
76.411570
20
3.907915
70
0
0
VERTEX
8
Layer 1
10
76.145135
20
3.990994
70
0
0
VERTEX
8
Layer 1
10
76.050679
20
5.120234
70
0
0
VERTEX
8
Layer 1
10
76.064967
20
5.756556
70
0
0
VERTEX
8
Layer 1
10
76.082165
20
6.481514
70
0
0
VERTEX
8
Layer 1
10
76.368708
20
6.547395
70
0
0
VERTEX
8
Layer 1
10
76.380085
20
6.544485
70
0
0
VERTEX
8
Layer 1
10
76.549154
20
6.547395
70
0
0
VERTEX
8
Layer 1
10
76.586460
20
6.547395
70
0
0
VERTEX
8
Layer 1
10
77.057120
20
6.465705
70
0
0
VERTEX
8
Layer 1
10
77.214051
20
6.212168
70
0
0
VERTEX
8
Layer 1
10
77.242626
20
6.140466
70
0
0
VERTEX
8
Layer 1
10
77.386030
20
6.226456
70
0
0
VERTEX
8
Layer 1
10
77.348723
20
6.389703
70
0
0
VERTEX
8
Layer 1
10
77.248446
20
6.859603
70
0
0
VERTEX
8
Layer 1
10
77.239715
20
6.876801
70
0
0
VERTEX
8
Layer 1
10
77.225428
20
6.876801
70
0
0
VERTEX
8
Layer 1
10
77.225428
20
6.882622
70
0
0
VERTEX
8
Layer 1
10
77.225957
20
6.882622
70
0
0
SEQEND
8
Layer 1
0
POLYLINE
8
Layer 1
62
7
70
0
10
0.000000
20
0.000000
66
1
0
VERTEX
8
Layer 1
10
72.663223
20
6.839495
70
0
0
VERTEX
8
Layer 1
10
72.987073
20
6.816476
70
0
0
VERTEX
8
Layer 1
10
73.634772
20
6.808009
70
0
0
VERTEX
8
Layer 1
10
73.660701
20
6.808009
70
0
0
VERTEX
8
Layer 1
10
73.660701
20
6.641851
70
0
0
VERTEX
8
Layer 1
10
73.634772
20
6.641851
70
0
0
VERTEX
8
Layer 1
10
73.392281
20
6.598493
70
0
0
VERTEX
8
Layer 1
10
73.259329
20
6.398170
70
0
0
VERTEX
8
Layer 1
10
73.219112
20
4.890576
70
0
0
VERTEX
8
Layer 1
10
73.236310
20
3.718473
70
0
0
VERTEX
8
Layer 1
10
73.236310
20
3.689899
70
0
0
VERTEX
8
Layer 1
10
73.035756
20
3.686988
70
0
0
VERTEX
8
Layer 1
10
73.029935
20
3.698365
70
0
0
VERTEX
8
Layer 1
10
70.800294
20
6.019816
70
0
0
VERTEX
8
Layer 1
10
70.794473
20
5.839371
70
0
0
VERTEX
8
Layer 1
10
70.777275
20
4.561170
70
0
0
VERTEX
8
Layer 1
10
70.845637
20
4.076388
70
0
0
VERTEX
8
Layer 1
10
71.359093
20
3.890452
70
0
0
VERTEX
8
Layer 1
10
71.379202
20
3.887542
70
0
0
VERTEX
8
Layer 1
10
71.379202
20
3.738582
70
0
0
VERTEX
8
Layer 1
10
71.376291
20
3.710007
70
0
0
VERTEX
8
Layer 1
10
71.135521
20
3.727205
70
0
0
VERTEX
8
Layer 1
10
70.788652
20
3.741492
70
0
0
VERTEX
8
Layer 1
10
70.069251
20
3.710007
70
0
0
VERTEX
8
Layer 1
10
70.069251
20
3.850500
70
0
0
VERTEX
8
Layer 1
10
70.069251
20
3.870609
70
0
0
VERTEX
8
Layer 1
10
70.269805
20
3.913471
70
0
0
VERTEX
8
Layer 1
10
70.403420
20
3.961526
70
0
0
VERTEX
8
Layer 1
10
70.470359
20
4.125667
70
0
0
VERTEX
8
Layer 1
10
70.516132
20
5.105682
70
0
0
VERTEX
8
Layer 1
10
70.524863
20
5.641727
70
0
0
VERTEX
8
Layer 1
10
70.452136
20
6.442091
70
0
0
VERTEX
8
Layer 1
10
70.046233
20
6.644761
70
0
0
VERTEX
8
Layer 1
10
70.026124
20
6.647672
70
0
0
VERTEX
8
Layer 1
10
70.026124
20
6.796632
70
0
0
VERTEX
8
Layer 1
10
70.023214
20
6.825207
70
0
0
VERTEX
8
Layer 1
10
70.240966
20
6.808009
70
0
0
VERTEX
8
Layer 1
10
70.470359
20
6.802188
70
0
0
VERTEX
8
Layer 1
10
70.814317
20
6.808009
70
0
0
VERTEX
8
Layer 1
10
70.823048
20
6.799543
70
0
0
VERTEX
8
Layer 1
10
72.963789
20
4.564081
70
0
0
VERTEX
8
Layer 1
10
72.957969
20
5.392226
70
0
0
VERTEX
8
Layer 1
10
72.915635
20
6.482043
70
0
0
VERTEX
8
Layer 1
10
72.769255
20
6.631962
70
0
0
VERTEX
8
Layer 1
10
72.439121
20
6.673336
70
0
0
VERTEX
8
Layer 1
10
72.410546
20
6.673336
70
0
0
VERTEX
8
Layer 1
10
72.442032
20
6.828117
70
0
0
VERTEX
8
Layer 1
10
72.663223
20
6.839495
70
0
0
VERTEX
8
Layer 1
10
72.663223
20
6.839495
70
0
0
SEQEND
8
Layer 1
0
POLYLINE
8
Layer 1
62
7
70
0
10
0.000000
20
0.000000
66
1
0
VERTEX
8
Layer 1
10
67.848606
20
6.859603
70
0
0
VERTEX
8
Layer 1
10
68.538849
20
6.721581
70
0
0
VERTEX
8
Layer 1
10
69.054146
20
6.359475
70
0
0
VERTEX
8
Layer 1
10
69.376511
20
5.851219
70
0
0
VERTEX
8
Layer 1
10
69.487962
20
5.274751
70
0
0
VERTEX
8
Layer 1
10
69.352756
20
4.653402
70
0
0
VERTEX
8
Layer 1
10
68.986743
20
4.138764
70
0
0
VERTEX
8
Layer 1
10
68.449329
20
3.788034
70
0
0
VERTEX
8
Layer 1
10
67.799923
20
3.658413
70
0
0
VERTEX
8
Layer 1
10
67.174101
20
3.783606
70
0
0
VERTEX
8
Layer 1
10
66.669227
20
4.126957
70
0
0
VERTEX
8
Layer 1
10
66.332033
20
4.640119
70
0
0
VERTEX
8
Layer 1
10
66.209250
20
5.274751
70
0
0
VERTEX
8
Layer 1
10
66.342467
20
5.879013
70
0
0
VERTEX
8
Layer 1
10
66.701110
20
6.384180
70
0
0
VERTEX
8
Layer 1
10
67.223661
20
6.730846
70
0
0
VERTEX
8
Layer 1
10
67.848606
20
6.859603
70
0
0
VERTEX
8
Layer 1
10
67.848606
20
6.859603
70
0
0
SEQEND
8
Layer 1
0
POLYLINE
8
Layer 1
62
7
70
0
10
0.000000
20
0.000000
66
1
0
VERTEX
8
Layer 1
10
68.014764
20
3.907650
70
0
0
VERTEX
8
Layer 1
10
68.400072
20
4.002569
70
0
0
VERTEX
8
Layer 1
10
68.691568
20
4.250087
70
0
0
VERTEX
8
Layer 1
10
68.940540
20
4.979476
70
0
0
VERTEX
8
Layer 1
10
68.855898
20
5.573262
70
0
0
VERTEX
8
Layer 1
10
68.611664
20
6.097174
70
0
0
VERTEX
8
Layer 1
10
68.222371
20
6.470620
70
0
0
VERTEX
8
Layer 1
10
67.702556
20
6.613012
70
0
0
VERTEX
8
Layer 1
10
67.294024
20
6.519060
70
0
0
VERTEX
8
Layer 1
10
66.998898
20
6.271964
70
0
0
VERTEX
8
Layer 1
10
66.759583
20
5.526898
70
0
0
VERTEX
8
Layer 1
10
66.844865
20
4.937800
70
0
0
VERTEX
8
Layer 1
10
67.091601
20
4.418527
70
0
0
VERTEX
8
Layer 1
10
67.486123
20
4.048628
70
0
0
VERTEX
8
Layer 1
10
68.014764
20
3.907650
70
0
0
VERTEX
8
Layer 1
10
68.014764
20
3.907650
70
0
0
SEQEND
8
Layer 1
0
POLYLINE
8
Layer 1
62
7
70
0
10
0.000000
20
0.000000
66
1
0
VERTEX
8
Layer 1
10
64.180163
20
6.836584
70
0
0
VERTEX
8
Layer 1
10
64.979799
20
6.601171
70
0
0
VERTEX
8
Layer 1
10
65.207894
20
6.334736
70
0
0
VERTEX
8
Layer 1
10
65.289295
20
5.993887
70
0
0
VERTEX
8
Layer 1
10
65.070815
20
5.493495
70
0
0
VERTEX
8
Layer 1
10
64.598733
20
5.222892
70
0
0
VERTEX
8
Layer 1
10
65.587480
20
3.981998
70
0
0
VERTEX
8
Layer 1
10
66.040181
20
3.769803
70
0
0
VERTEX
8
Layer 1
10
66.063200
20
3.766892
70
0
0
VERTEX
8
Layer 1
10
66.051823
20
3.603644
70
0
0
VERTEX
8
Layer 1
10
66.028804
20
3.603644
70
0
0
VERTEX
8
Layer 1
10
65.401577
20
3.719366
70
0
0
VERTEX
8
Layer 1
10
65.068633
20
3.919027
70
0
0
VERTEX
8
Layer 1
10
64.410185
20
4.613359
70
0
0
VERTEX
8
Layer 1
10
64.039669
20
5.148545
70
0
0
VERTEX
8
Layer 1
10
63.667136
20
5.162832
70
0
0
VERTEX
8
Layer 1
10
63.667136
20
4.750083
70
0
0
VERTEX
8
Layer 1
10
63.667136
20
4.609589
70
0
0
VERTEX
8
Layer 1
10
63.718730
20
4.004752
70
0
0
VERTEX
8
Layer 1
10
64.134390
20
3.835684
70
0
0
VERTEX
8
Layer 1
10
64.151588
20
3.829863
70
0
0
VERTEX
8
Layer 1
10
64.162965
20
3.666615
70
0
0
VERTEX
8
Layer 1
10
64.131480
20
3.672436
70
0
0
VERTEX
8
Layer 1
10
63.449385
20
3.724030
70
0
0
VERTEX
8
Layer 1
10
62.758823
20
3.686724
70
0
0
VERTEX
8
Layer 1
10
62.738715
20
3.683813
70
0
0
VERTEX
8
Layer 1
10
62.701409
20
3.824307
70
0
0
VERTEX
8
Layer 1
10
62.729983
20
3.830128
70
0
0
VERTEX
8
Layer 1
10
63.108337
20
4.013484
70
0
0
VERTEX
8
Layer 1
10
63.154110
20
4.884755
70
0
0
VERTEX
8
Layer 1
10
63.154110
20
4.953547
70
0
0
VERTEX
8
Layer 1
10
63.154110
20
5.684325
70
0
0
VERTEX
8
Layer 1
10
63.088527
20
6.498679
70
0
0
VERTEX
8
Layer 1
10
62.741361
20
6.635766
70
0
0
VERTEX
8
Layer 1
10
62.715696
20
6.635766
70
0
0
VERTEX
8
Layer 1
10
62.727073
20
6.816211
70
0
0
VERTEX
8
Layer 1
10
62.772846
20
6.813301
70
0
0
VERTEX
8
Layer 1
10
63.048012
20
6.799013
70
0
0
VERTEX
8
Layer 1
10
63.334556
20
6.793193
70
0
0
VERTEX
8
Layer 1
10
63.758682
20
6.824678
70
0
0
VERTEX
8
Layer 1
10
63.758682
20
6.824678
70
0
0
VERTEX
8
Layer 1
10
63.758682
20
6.824678
70
0
0
VERTEX
8
Layer 1
10
64.180163
20
6.836584
70
0
0
VERTEX
8
Layer 1
10
64.180163
20
6.836584
70
0
0
SEQEND
8
Layer 1
0
POLYLINE
8
Layer 1
62
7
70
0
10
0.000000
20
0.000000
66
1
0
VERTEX
8
Layer 1
10
63.675868
20
5.386669
70
0
0
VERTEX
8
Layer 1
10
63.982519
20
5.375292
70
0
0
VERTEX
8
Layer 1
10
64.459331
20
5.475635
70
0
0
VERTEX
8
Layer 1
10
64.650273
20
5.650996
70
0
0
VERTEX
8
Layer 1
10
64.727585
20
5.954200
70
0
0
VERTEX
8
Layer 1
10
64.562022
20
6.385106
70
0
0
VERTEX
8
Layer 1
10
64.333340
20
6.550219
70
0
0
VERTEX
8
Layer 1
10
63.988076
20
6.616186
70
0
0
VERTEX
8
Layer 1
10
63.723757
20
6.547097
70
0
0
VERTEX
8
Layer 1
10
63.678514
20
6.088873
70
0
0
VERTEX
8
Layer 1
10
63.675868
20
5.386669
70
0
0
VERTEX
8
Layer 1
10
63.675868
20
5.386669
70
0
0
SEQEND
8
Layer 1
0
POLYLINE
8
Layer 1
62
7
70
0
10
0.000000
20
0.000000
66
1
0
VERTEX
8
Layer 1
10
60.488965
20
6.859603
70
0
0
VERTEX
8
Layer 1
10
61.177981
20
6.721581
70
0
0
VERTEX
8
Layer 1
10
61.693413
20
6.359475
70
0
0
VERTEX
8
Layer 1
10
62.016461
20
5.851219
70
0
0
VERTEX
8
Layer 1
10
62.128322
20
5.274751
70
0
0
VERTEX
8
Layer 1
10
61.993161
20
4.653402
70
0
0
VERTEX
8
Layer 1
10
61.627466
20
4.138764
70
0
0
VERTEX
8
Layer 1
10
61.090917
20
3.788034
70
0
0
VERTEX
8
Layer 1
10
60.443193
20
3.658413
70
0
0
VERTEX
8
Layer 1
10
59.816916
20
3.783606
70
0
0
VERTEX
8
Layer 1
10
59.311042
20
4.126957
70
0
0
VERTEX
8
Layer 1
10
58.972847
20
4.640119
70
0
0
VERTEX
8
Layer 1
10
58.849609
20
5.274751
70
0
0
VERTEX
8
Layer 1
10
58.981599
20
5.879013
70
0
0
VERTEX
8
Layer 1
10
59.340378
20
6.384180
70
0
0
VERTEX
8
Layer 1
10
59.863611
20
6.730846
70
0
0
VERTEX
8
Layer 1
10
60.488965
20
6.859603
70
0
0
VERTEX
8
Layer 1
10
60.488965
20
6.859603
70
0
0
SEQEND
8
Layer 1
0
POLYLINE
8
Layer 1
62
7
70
0
10
0.000000
20
0.000000
66
1
0
VERTEX
8
Layer 1
10
60.652213
20
3.907650
70
0
0
VERTEX
8
Layer 1
10
61.037520
20
4.002569
70
0
0
VERTEX
8
Layer 1
10
61.329016
20
4.250087
70
0
0
VERTEX
8
Layer 1
10
61.577989
20
4.979476
70
0
0
VERTEX
8
Layer 1
10
61.493389
20
5.573262
70
0
0
VERTEX
8
Layer 1
10
61.249443
20
6.097174
70
0
0
VERTEX
8
Layer 1
10
60.860936
20
6.470620
70
0
0
VERTEX
8
Layer 1
10
60.342651
20
6.613012
70
0
0
VERTEX
8
Layer 1
10
59.934573
20
6.519060
70
0
0
VERTEX
8
Layer 1
10
59.640448
20
6.271964
70
0
0
VERTEX
8
Layer 1
10
59.402588
20
5.526898
70
0
0
VERTEX
8
Layer 1
10
59.486295
20
4.937800
70
0
0
VERTEX
8
Layer 1
10
59.731927
20
4.418527
70
0
0
VERTEX
8
Layer 1
10
60.125296
20
4.048628
70
0
0
VERTEX
8
Layer 1
10
60.652213
20
3.907650
70
0
0
VERTEX
8
Layer 1
10
60.652213
20
3.907650
70
0
0
SEQEND
8
Layer 1
0
POLYLINE
8
Layer 1
62
7
70
0
10
0.000000
20
0.000000
66
1
0
VERTEX
8
Layer 1
10
58.370979
20
6.882622
70
0
0
VERTEX
8
Layer 1
10
58.273612
20
6.882622
70
0
0
VERTEX
8
Layer 1
10
58.264881
20
6.871245
70
0
0
VERTEX
8
Layer 1
10
58.058506
20
6.805363
70
0
0
VERTEX
8
Layer 1
10
57.433826
20
6.796897
70
0
0
VERTEX
8
Layer 1
10
56.556733
20
6.796897
70
0
0
VERTEX
8
Layer 1
10
55.871728
20
6.805363
70
0
0
VERTEX
8
Layer 1
10
55.665353
20
6.871245
70
0
0
VERTEX
8
Layer 1
10
55.656886
20
6.882622
70
0
0
VERTEX
8
Layer 1
10
55.542322
20
6.882622
70
0
0
VERTEX
8
Layer 1
10
55.536501
20
6.865424
70
0
0
VERTEX
8
Layer 1
10
55.301551
20
6.249210
70
0
0
VERTEX
8
Layer 1
10
55.295730
20
6.229102
70
0
0
VERTEX
8
Layer 1
10
55.439134
20
6.143112
70
0
0
VERTEX
8
Layer 1
10
55.450511
20
6.171687
70
0
0
VERTEX
8
Layer 1
10
55.656820
20
6.456511
70
0
0
VERTEX
8
Layer 1
10
56.198488
20
6.550041
70
0
0
VERTEX
8
Layer 1
10
56.619704
20
6.529932
70
0
0
VERTEX
8
Layer 1
10
56.657010
20
5.403603
70
0
0
VERTEX
8
Layer 1
10
56.616793
20
4.062431
70
0
0
VERTEX
8
Layer 1
10
56.318608
20
3.904740
70
0
0
VERTEX
8
Layer 1
10
56.126521
20
3.881721
70
0
0
VERTEX
8
Layer 1
10
56.051909
20
3.873255
70
0
0
VERTEX
8
Layer 1
10
56.086304
20
3.701276
70
0
0
VERTEX
8
Layer 1
10
56.344273
20
3.718473
70
0
0
VERTEX
8
Layer 1
10
56.415975
20
3.721384
70
0
0
VERTEX
8
Layer 1
10
56.917624
20
3.732761
70
0
0
VERTEX
8
Layer 1
10
56.997793
20
3.732761
70
0
0
VERTEX
8
Layer 1
10
57.275870
20
3.729851
70
0
0
VERTEX
8
Layer 1
10
57.488065
20
3.721384
70
0
0
VERTEX
8
Layer 1
10
57.711638
20
3.712917
70
0
0
VERTEX
8
Layer 1
10
57.714548
20
3.735936
70
0
0
VERTEX
8
Layer 1
10
57.734656
20
3.890717
70
0
0
VERTEX
8
Layer 1
10
57.594163
20
3.905004
70
0
0
VERTEX
8
Layer 1
10
57.559767
20
3.907915
70
0
0
VERTEX
8
Layer 1
10
57.293332
20
3.990994
70
0
0
VERTEX
8
Layer 1
10
57.201522
20
5.120234
70
0
0
VERTEX
8
Layer 1
10
57.215809
20
5.756556
70
0
0
VERTEX
8
Layer 1
10
57.233007
20
6.481514
70
0
0
VERTEX
8
Layer 1
10
57.519550
20
6.547395
70
0
0
VERTEX
8
Layer 1
10
57.528282
20
6.544485
70
0
0
VERTEX
8
Layer 1
10
57.697350
20
6.547395
70
0
0
VERTEX
8
Layer 1
10
57.734656
20
6.547395
70
0
0
VERTEX
8
Layer 1
10
58.206408
20
6.465705
70
0
0
VERTEX
8
Layer 1
10
58.362247
20
6.212168
70
0
0
VERTEX
8
Layer 1
10
58.390822
20
6.140466
70
0
0
VERTEX
8
Layer 1
10
58.534226
20
6.226456
70
0
0
VERTEX
8
Layer 1
10
58.499830
20
6.389703
70
0
0
VERTEX
8
Layer 1
10
58.399554
20
6.859603
70
0
0
VERTEX
8
Layer 1
10
58.391087
20
6.876801
70
0
0
VERTEX
8
Layer 1
10
58.370979
20
6.876801
70
0
0
VERTEX
8
Layer 1
10
58.370979
20
6.882622
70
0
0
VERTEX
8
Layer 1
10
58.370979
20
6.882622
70
0
0
SEQEND
8
Layer 1
0
POLYLINE
8
Layer 1
62
7
70
0
10
0.000000
20
0.000000
66
1
0
VERTEX
8
Layer 1
10
52.590369
20
6.836584
70
0
0
VERTEX
8
Layer 1
10
51.532831
20
6.790811
70
0
0
VERTEX
8
Layer 1
10
51.002607
20
6.796632
70
0
0
VERTEX
8
Layer 1
10
50.455184
20
6.810920
70
0
0
VERTEX
8
Layer 1
10
50.274739
20
6.799543
70
0
0
VERTEX
8
Layer 1
10
50.134245
20
6.785255
70
0
0
VERTEX
8
Layer 1
10
50.134245
20
6.762236
70
0
0
VERTEX
8
Layer 1
10
50.134245
20
6.659049
70
0
0
VERTEX
8
Layer 1
10
50.159910
20
6.656139
70
0
0
VERTEX
8
Layer 1
10
50.483759
20
6.552951
70
0
0
VERTEX
8
Layer 1
10
50.572659
20
5.220247
70
0
0
VERTEX
8
Layer 1
10
50.509688
20
4.042323
70
0
0
VERTEX
8
Layer 1
10
50.188749
20
3.858967
70
0
0
VERTEX
8
Layer 1
10
50.168641
20
3.856057
70
0
0
VERTEX
8
Layer 1
10
50.160174
20
3.692809
70
0
0
VERTEX
8
Layer 1
10
50.188749
20
3.695719
70
0
0
VERTEX
8
Layer 1
10
50.919528
20
3.724294
70
0
0
VERTEX
8
Layer 1
10
51.191783
20
3.718473
70
0
0
VERTEX
8
Layer 1
10
51.693433
20
3.695455
70
0
0
VERTEX
8
Layer 1
10
51.693433
20
3.721119
70
0
0
VERTEX
8
Layer 1
10
51.693433
20
3.872990
70
0
0
VERTEX
8
Layer 1
10
51.659037
20
3.875900
70
0
0
VERTEX
8
Layer 1
10
51.143100
20
4.016394
70
0
0
VERTEX
8
Layer 1
10
51.088596
20
4.443431
70
0
0
VERTEX
8
Layer 1
10
51.091506
20
4.615410
70
0
0
VERTEX
8
Layer 1
10
51.108704
20
5.182940
70
0
0
VERTEX
8
Layer 1
10
51.363762
20
5.197228
70
0
0
VERTEX
8
Layer 1
10
52.086074
20
5.094040
70
0
0
VERTEX
8
Layer 1
10
52.195082
20
4.841893
70
0
0
VERTEX
8
Layer 1
10
52.197993
20
4.818874
70
0
0
VERTEX
8
Layer 1
10
52.352774
20
4.818874
70
0
0
VERTEX
8
Layer 1
10
52.352774
20
4.841893
70
0
0
VERTEX
8
Layer 1
10
52.369972
20
5.716075
70
0
0
VERTEX
8
Layer 1
10
52.367061
20
5.741740
70
0
0
VERTEX
8
Layer 1
10
52.203813
20
5.741740
70
0
0
VERTEX
8
Layer 1
10
52.200903
20
5.718721
70
0
0
VERTEX
8
Layer 1
10
52.082998
20
5.474775
70
0
0
VERTEX
8
Layer 1
10
51.541827
20
5.400692
70
0
0
VERTEX
8
Layer 1
10
51.129077
20
5.426357
70
0
0
VERTEX
8
Layer 1
10
51.114790
20
5.429267
70
0
0
VERTEX
8
Layer 1
10
51.106323
20
5.607067
70
0
0
VERTEX
8
Layer 1
10
51.109234
20
5.824819
70
0
0
VERTEX
8
Layer 1
10
51.117965
20
6.564328
70
0
0
VERTEX
8
Layer 1
10
51.490498
20
6.592903
70
0
0
VERTEX
8
Layer 1
10
52.247205
20
6.438122
70
0
0
VERTEX
8
Layer 1
10
52.407807
20
6.134381
70
0
0
VERTEX
8
Layer 1
10
52.413628
20
6.114273
70
0
0
VERTEX
8
Layer 1
10
52.585607
20
6.125650
70
0
0
VERTEX
8
Layer 1
10
52.582696
20
6.151314
70
0
0
VERTEX
8
Layer 1
10
52.599894
20
6.518026
70
0
0
VERTEX
8
Layer 1
10
52.617092
20
6.844786
70
0
0
VERTEX
8
Layer 1
10
52.590369
20
6.836584
70
0
0
VERTEX
8
Layer 1
10
52.590369
20
6.836584
70
0
0
SEQEND
8
Layer 1
0
POLYLINE
8
Layer 1
62
7
70
0
10
0.000000
20
0.000000
66
1
0
VERTEX
8
Layer 1
10
47.858831
20
6.859603
70
0
0
VERTEX
8
Layer 1
10
48.547847
20
6.721581
70
0
0
VERTEX
8
Layer 1
10
49.063279
20
6.359475
70
0
0
VERTEX
8
Layer 1
10
49.386327
20
5.851219
70
0
0
VERTEX
8
Layer 1
10
49.498188
20
5.274751
70
0
0
VERTEX
8
Layer 1
10
49.362982
20
4.653402
70
0
0
VERTEX
8
Layer 1
10
48.996968
20
4.138764
70
0
0
VERTEX
8
Layer 1
10
48.459555
20
3.788034
70
0
0
VERTEX
8
Layer 1
10
47.810148
20
3.658413
70
0
0
VERTEX
8
Layer 1
10
47.185141
20
3.783606
70
0
0
VERTEX
8
Layer 1
10
46.679221
20
4.126957
70
0
0
VERTEX
8
Layer 1
10
46.340435
20
4.640119
70
0
0
VERTEX
8
Layer 1
10
46.216829
20
5.274751
70
0
0
VERTEX
8
Layer 1
10
46.351576
20
5.879013
70
0
0
VERTEX
8
Layer 1
10
46.711004
20
6.384180
70
0
0
VERTEX
8
Layer 1
10
47.233845
20
6.730846
70
0
0
VERTEX
8
Layer 1
10
47.858831
20
6.859603
70
0
0
VERTEX
8
Layer 1
10
47.858831
20
6.859603
70
0
0
SEQEND
8
Layer 1
0
POLYLINE
8
Layer 1
62
7
70
0
10
0.000000
20
0.000000
66
1
0
VERTEX
8
Layer 1
10
48.022079
20
3.907650
70
0
0
VERTEX
8
Layer 1
10
48.407386
20
4.002569
70
0
0
VERTEX
8
Layer 1
10
48.698882
20
4.250087
70
0
0
VERTEX
8
Layer 1
10
48.947855
20
4.979476
70
0
0
VERTEX
8
Layer 1
10
48.863664
20
5.573262
70
0
0
VERTEX
8
Layer 1
10
48.620400
20
6.097174
70
0
0
VERTEX
8
Layer 1
10
48.232030
20
6.470620
70
0
0
VERTEX
8
Layer 1
10
47.712517
20
6.613012
70
0
0
VERTEX
8
Layer 1
10
47.303984
20
6.519060
70
0
0
VERTEX
8
Layer 1
10
47.008858
20
6.271964
70
0
0
VERTEX
8
Layer 1
10
46.769543
20
5.526898
70
0
0
VERTEX
8
Layer 1
10
46.853705
20
4.937800
70
0
0
VERTEX
8
Layer 1
10
47.100338
20
4.418527
70
0
0
VERTEX
8
Layer 1
10
47.494707
20
4.048628
70
0
0
VERTEX
8
Layer 1
10
48.022079
20
3.907650
70
0
0
VERTEX
8
Layer 1
10
48.022079
20
3.907650
70
0
0
SEQEND
8
Layer 1
0
POLYLINE
8
Layer 1
62
7
70
0
10
0.000000
20
0.000000
66
1
0
VERTEX
8
Layer 1
10
42.201518
20
6.796632
70
0
0
VERTEX
8
Layer 1
10
42.201518
20
6.644761
70
0
0
VERTEX
8
Layer 1
10
42.238824
20
6.641851
70
0
0
VERTEX
8
Layer 1
10
42.481678
20
6.614665
70
0
0
VERTEX
8
Layer 1
10
42.608446
20
6.501357
70
0
0
VERTEX
8
Layer 1
10
41.952280
20
5.437998
70
0
0
VERTEX
8
Layer 1
10
41.138423
20
6.544220
70
0
0
VERTEX
8
Layer 1
10
41.493758
20
6.624389
70
0
0
VERTEX
8
Layer 1
10
41.519423
20
6.624389
70
0
0
VERTEX
8
Layer 1
10
41.519423
20
6.805099
70
0
0
VERTEX
8
Layer 1
10
41.221238
20
6.799278
70
0
0
VERTEX
8
Layer 1
10
40.650797
20
6.790811
70
0
0
VERTEX
8
Layer 1
10
40.031672
20
6.799278
70
0
0
VERTEX
8
Layer 1
10
40.031672
20
6.773613
70
0
0
VERTEX
8
Layer 1
10
40.031672
20
6.633120
70
0
0
VERTEX
8
Layer 1
10
40.057337
20
6.633120
70
0
0
VERTEX
8
Layer 1
10
40.378276
20
6.561418
70
0
0
VERTEX
8
Layer 1
10
41.258015
20
5.547007
70
0
0
VERTEX
8
Layer 1
10
41.550379
20
5.171563
70
0
0
VERTEX
8
Layer 1
10
41.581864
20
4.409300
70
0
0
VERTEX
8
Layer 1
10
41.527426
20
3.955077
70
0
0
VERTEX
8
Layer 1
10
41.146361
20
3.836213
70
0
0
VERTEX
8
Layer 1
10
41.120696
20
3.836213
70
0
0
VERTEX
8
Layer 1
10
41.109319
20
3.681432
70
0
0
VERTEX
8
Layer 1
10
41.134984
20
3.678521
70
0
0
VERTEX
8
Layer 1
10
41.593506
20
3.704186
70
0
0
VERTEX
8
Layer 1
10
41.926087
20
3.724294
70
0
0
VERTEX
8
Layer 1
10
42.178234
20
3.712917
70
0
0
VERTEX
8
Layer 1
10
42.226918
20
3.710007
70
0
0
VERTEX
8
Layer 1
10
42.567965
20
3.692809
70
0
0
VERTEX
8
Layer 1
10
42.565055
20
3.718473
70
0
0
VERTEX
8
Layer 1
10
42.565055
20
3.847325
70
0
0
VERTEX
8
Layer 1
10
42.542036
20
3.850236
70
0
0
VERTEX
8
Layer 1
10
42.165865
20
3.920516
70
0
0
VERTEX
8
Layer 1
10
42.103622
20
4.025125
70
0
0
VERTEX
8
Layer 1
10
42.103622
20
4.056611
70
0
0
VERTEX
8
Layer 1
10
42.089334
20
4.690022
70
0
0
VERTEX
8
Layer 1
10
42.098066
20
5.240355
70
0
0
VERTEX
8
Layer 1
10
42.711369
20
6.166131
70
0
0
VERTEX
8
Layer 1
10
42.908748
20
6.506848
70
0
0
VERTEX
8
Layer 1
10
43.275989
20
6.630474
70
0
0
VERTEX
8
Layer 1
10
43.299008
20
6.630474
70
0
0
VERTEX
8
Layer 1
10
43.299008
20
6.808274
70
0
0
VERTEX
8
Layer 1
10
43.275989
20
6.811184
70
0
0
VERTEX
8
Layer 1
10
43.058237
20
6.799807
70
0
0
VERTEX
8
Layer 1
10
42.857684
20
6.791340
70
0
0
VERTEX
8
Layer 1
10
42.619823
20
6.802718
70
0
0
VERTEX
8
Layer 1
10
42.453665
20
6.811184
70
0
0
VERTEX
8
Layer 1
10
42.221626
20
6.819651
70
0
0
VERTEX
8
Layer 1
10
42.193051
20
6.819651
70
0
0
VERTEX
8
Layer 1
10
42.193051
20
6.796632
70
0
0
VERTEX
8
Layer 1
10
42.201518
20
6.796632
70
0
0
VERTEX
8
Layer 1
10
42.201518
20
6.796632
70
0
0
SEQEND
8
Layer 1
0
POLYLINE
8
Layer 1
62
7
70
0
10
0.000000
20
0.000000
66
1
0
VERTEX
8
Layer 1
10
39.441652
20
6.882622
70
0
0
VERTEX
8
Layer 1
10
39.341375
20
6.882622
70
0
0
VERTEX
8
Layer 1
10
39.335555
20
6.871245
70
0
0
VERTEX
8
Layer 1
10
39.129180
20
6.805363
70
0
0
VERTEX
8
Layer 1
10
38.501589
20
6.796897
70
0
0
VERTEX
8
Layer 1
10
37.624496
20
6.796897
70
0
0
VERTEX
8
Layer 1
10
36.939491
20
6.805363
70
0
0
VERTEX
8
Layer 1
10
36.733116
20
6.871245
70
0
0
VERTEX
8
Layer 1
10
36.724385
20
6.882622
70
0
0
VERTEX
8
Layer 1
10
36.609821
20
6.882622
70
0
0
VERTEX
8
Layer 1
10
36.604000
20
6.865424
70
0
0
VERTEX
8
Layer 1
10
36.369050
20
6.249210
70
0
0
VERTEX
8
Layer 1
10
36.363229
20
6.229102
70
0
0
VERTEX
8
Layer 1
10
36.509279
20
6.143112
70
0
0
VERTEX
8
Layer 1
10
36.520656
20
6.171687
70
0
0
VERTEX
8
Layer 1
10
36.726965
20
6.456511
70
0
0
VERTEX
8
Layer 1
10
37.268632
20
6.550041
70
0
0
VERTEX
8
Layer 1
10
37.686938
20
6.529932
70
0
0
VERTEX
8
Layer 1
10
37.724244
20
5.403603
70
0
0
VERTEX
8
Layer 1
10
37.686938
20
4.062431
70
0
0
VERTEX
8
Layer 1
10
37.386107
20
3.904740
70
0
0
VERTEX
8
Layer 1
10
37.194020
20
3.881721
70
0
0
VERTEX
8
Layer 1
10
37.119407
20
3.873255
70
0
0
VERTEX
8
Layer 1
10
37.150893
20
3.701276
70
0
0
VERTEX
8
Layer 1
10
37.408861
20
3.718473
70
0
0
VERTEX
8
Layer 1
10
37.480563
20
3.721384
70
0
0
VERTEX
8
Layer 1
10
37.982213
20
3.732761
70
0
0
VERTEX
8
Layer 1
10
38.062381
20
3.732761
70
0
0
VERTEX
8
Layer 1
10
38.340458
20
3.729851
70
0
0
VERTEX
8
Layer 1
10
38.552654
20
3.721384
70
0
0
VERTEX
8
Layer 1
10
38.776226
20
3.712917
70
0
0
VERTEX
8
Layer 1
10
38.779137
20
3.735936
70
0
0
VERTEX
8
Layer 1
10
38.799245
20
3.890717
70
0
0
VERTEX
8
Layer 1
10
38.658751
20
3.905004
70
0
0
VERTEX
8
Layer 1
10
38.627266
20
3.907915
70
0
0
VERTEX
8
Layer 1
10
38.360831
20
3.990994
70
0
0
VERTEX
8
Layer 1
10
38.269021
20
5.120234
70
0
0
VERTEX
8
Layer 1
10
38.283308
20
5.756556
70
0
0
VERTEX
8
Layer 1
10
38.300506
20
6.481514
70
0
0
VERTEX
8
Layer 1
10
38.584139
20
6.547395
70
0
0
VERTEX
8
Layer 1
10
38.595516
20
6.544485
70
0
0
VERTEX
8
Layer 1
10
38.764584
20
6.547395
70
0
0
VERTEX
8
Layer 1
10
38.798980
20
6.547395
70
0
0
VERTEX
8
Layer 1
10
39.271096
20
6.465705
70
0
0
VERTEX
8
Layer 1
10
39.429482
20
6.212168
70
0
0
VERTEX
8
Layer 1
10
39.455146
20
6.140466
70
0
0
VERTEX
8
Layer 1
10
39.598550
20
6.226456
70
0
0
VERTEX
8
Layer 1
10
39.564154
20
6.389703
70
0
0
VERTEX
8
Layer 1
10
39.463877
20
6.859603
70
0
0
VERTEX
8
Layer 1
10
39.458057
20
6.876801
70
0
0
VERTEX
8
Layer 1
10
39.440859
20
6.876801
70
0
0
VERTEX
8
Layer 1
10
39.440859
20
6.882622
70
0
0
VERTEX
8
Layer 1
10
39.441652
20
6.882622
70
0
0
SEQEND
8
Layer 1
0
POLYLINE
8
Layer 1
62
7
70
0
10
0.000000
20
0.000000
66
1
0
VERTEX
8
Layer 1
10
34.234130
20
6.787901
70
0
0
VERTEX
8
Layer 1
10
34.234130
20
6.633120
70
0
0
VERTEX
8
Layer 1
10
34.259794
20
6.633120
70
0
0
VERTEX
8
Layer 1
10
34.653097
20
6.568694
70
0
0
VERTEX
8
Layer 1
10
34.767000
20
6.452674
70
0
0
VERTEX
8
Layer 1
10
34.835792
20
5.114413
70
0
0
VERTEX
8
Layer 1
10
34.835792
20
5.059909
70
0
0
VERTEX
8
Layer 1
10
34.752712
20
4.028300
70
0
0
VERTEX
8
Layer 1
10
34.219578
20
3.867698
70
0
0
VERTEX
8
Layer 1
10
34.196559
20
3.864788
70
0
0
VERTEX
8
Layer 1
10
34.196559
20
3.707096
70
0
0
VERTEX
8
Layer 1
10
34.689477
20
3.724294
70
0
0
VERTEX
8
Layer 1
10
35.142179
20
3.724294
70
0
0
VERTEX
8
Layer 1
10
35.895976
20
3.701276
70
0
0
VERTEX
8
Layer 1
10
35.893065
20
3.729851
70
0
0
VERTEX
8
Layer 1
10
35.884334
20
3.875900
70
0
0
VERTEX
8
Layer 1
10
35.861315
20
3.875900
70
0
0
VERTEX
8
Layer 1
10
35.514910
20
3.894917
70
0
0
VERTEX
8
Layer 1
10
35.385595
20
4.010573
70
0
0
VERTEX
8
Layer 1
10
35.354110
20
4.881845
70
0
0
VERTEX
8
Layer 1
10
35.428722
20
6.518291
70
0
0
VERTEX
8
Layer 1
10
35.656892
20
6.626472
70
0
0
VERTEX
8
Layer 1
10
35.887244
20
6.627299
70
0
0
VERTEX
8
Layer 1
10
35.915819
20
6.624389
70
0
0
VERTEX
8
Layer 1
10
35.915819
20
6.807745
70
0
0
VERTEX
8
Layer 1
10
35.546197
20
6.807745
70
0
0
VERTEX
8
Layer 1
10
35.024704
20
6.793457
70
0
0
VERTEX
8
Layer 1
10
34.680746
20
6.801924
70
0
0
VERTEX
8
Layer 1
10
34.534696
20
6.807745
70
0
0
VERTEX
8
Layer 1
10
34.262440
20
6.816211
70
0
0
VERTEX
8
Layer 1
10
34.237040
20
6.816211
70
0
0
VERTEX
8
Layer 1
10
34.237040
20
6.787636
70
0
0
VERTEX
8
Layer 1
10
34.234130
20
6.787636
70
0
0
VERTEX
8
Layer 1
10
34.234130
20
6.787901
70
0
0
SEQEND
8
Layer 1
0
POLYLINE
8
Layer 1
62
7
70
0
10
0.000000
20
0.000000
66
1
0
VERTEX
8
Layer 1
10
31.471354
20
5.962666
70
0
0
VERTEX
8
Layer 1
10
31.547240
20
5.627059
70
0
0
VERTEX
8
Layer 1
10
31.738914
20
5.392755
70
0
0
VERTEX
8
Layer 1
10
32.253726
20
5.117324
70
0
0
VERTEX
8
Layer 1
10
32.282301
20
5.105947
70
0
0
VERTEX
8
Layer 1
10
32.907874
20
4.805380
70
0
0
VERTEX
8
Layer 1
10
33.107800
20
4.386546
70
0
0
VERTEX
8
Layer 1
10
32.974516
20
4.062663
70
0
0
VERTEX
8
Layer 1
10
32.557467
20
3.910825
70
0
0
VERTEX
8
Layer 1
10
32.124047
20
3.996120
70
0
0
VERTEX
8
Layer 1
10
31.832510
20
4.171704
70
0
0
VERTEX
8
Layer 1
10
31.591739
20
4.610118
70
0
0
VERTEX
8
Layer 1
10
31.585919
20
4.630226
70
0
0
VERTEX
8
Layer 1
10
31.399652
20
4.630226
70
0
0
VERTEX
8
Layer 1
10
31.408119
20
4.598741
70
0
0
VERTEX
8
Layer 1
10
31.539881
20
3.721648
70
0
0
VERTEX
8
Layer 1
10
31.539881
20
3.695984
70
0
0
VERTEX
8
Layer 1
10
31.691752
20
3.684607
70
0
0
VERTEX
8
Layer 1
10
31.700218
20
3.701805
70
0
0
VERTEX
8
Layer 1
10
31.769010
20
3.776417
70
0
0
VERTEX
8
Layer 1
10
31.961097
20
3.736201
70
0
0
VERTEX
8
Layer 1
10
31.981206
20
3.730380
70
0
0
VERTEX
8
Layer 1
10
32.026978
20
3.716092
70
0
0
VERTEX
8
Layer 1
10
32.410888
20
3.658678
70
0
0
VERTEX
8
Layer 1
10
32.915609
20
3.737040
70
0
0
VERTEX
8
Layer 1
10
33.282789
20
3.941682
70
0
0
VERTEX
8
Layer 1
10
33.507043
20
4.226940
70
0
0
VERTEX
8
Layer 1
10
33.582991
20
4.547147
70
0
0
VERTEX
8
Layer 1
10
33.482263
20
4.937560
70
0
0
VERTEX
8
Layer 1
10
33.230798
20
5.215980
70
0
0
VERTEX
8
Layer 1
10
32.579957
20
5.547271
70
0
0
VERTEX
8
Layer 1
10
32.105626
20
5.778054
70
0
0
VERTEX
8
Layer 1
10
31.915060
20
6.129089
70
0
0
VERTEX
8
Layer 1
10
32.074802
20
6.494048
70
0
0
VERTEX
8
Layer 1
10
32.496878
20
6.633384
70
0
0
VERTEX
8
Layer 1
10
32.888858
20
6.539887
70
0
0
VERTEX
8
Layer 1
10
33.087162
20
6.401345
70
0
0
VERTEX
8
Layer 1
10
33.273429
20
6.017435
70
0
0
VERTEX
8
Layer 1
10
33.276339
20
5.997327
70
0
0
VERTEX
8
Layer 1
10
33.299358
20
5.991506
70
0
0
VERTEX
8
Layer 1
10
33.436941
20
5.991506
70
0
0
VERTEX
8
Layer 1
10
33.394079
20
6.395524
70
0
0
VERTEX
8
Layer 1
10
33.439852
20
6.759590
70
0
0
VERTEX
8
Layer 1
10
33.445672
20
6.788165
70
0
0
VERTEX
8
Layer 1
10
33.305179
20
6.808274
70
0
0
VERTEX
8
Layer 1
10
33.204902
20
6.739482
70
0
0
VERTEX
8
Layer 1
10
32.577311
20
6.836849
70
0
0
VERTEX
8
Layer 1
10
31.781644
20
6.597401
70
0
0
VERTEX
8
Layer 1
10
31.553152
20
6.319225
70
0
0
VERTEX
8
Layer 1
10
31.471354
20
5.962666
70
0
0
VERTEX
8
Layer 1
10
31.471354
20
5.962666
70
0
0
SEQEND
8
Layer 1
0
POLYLINE
8
Layer 1
62
7
70
0
10
0.000000
20
0.000000
66
1
0
VERTEX
8
Layer 1
10
29.267642
20
6.836584
70
0
0
VERTEX
8
Layer 1
10
30.067278
20
6.601171
70
0
0
VERTEX
8
Layer 1
10
30.295374
20
6.334736
70
0
0
VERTEX
8
Layer 1
10
30.376774
20
5.993887
70
0
0
VERTEX
8
Layer 1
10
30.157931
20
5.493495
70
0
0
VERTEX
8
Layer 1
10
29.683302
20
5.222892
70
0
0
VERTEX
8
Layer 1
10
30.672049
20
3.981998
70
0
0
VERTEX
8
Layer 1
10
31.124750
20
3.769803
70
0
0
VERTEX
8
Layer 1
10
31.150415
20
3.766892
70
0
0
VERTEX
8
Layer 1
10
31.139038
20
3.603644
70
0
0
VERTEX
8
Layer 1
10
31.116019
20
3.603644
70
0
0
VERTEX
8
Layer 1
10
30.488792
20
3.719366
70
0
0
VERTEX
8
Layer 1
10
30.155847
20
3.919027
70
0
0
VERTEX
8
Layer 1
10
29.496308
20
4.613359
70
0
0
VERTEX
8
Layer 1
10
29.126884
20
5.148545
70
0
0
VERTEX
8
Layer 1
10
28.754351
20
5.162832
70
0
0
VERTEX
8
Layer 1
10
28.754351
20
4.750083
70
0
0
VERTEX
8
Layer 1
10
28.754351
20
4.609589
70
0
0
VERTEX
8
Layer 1
10
28.805945
20
4.004752
70
0
0
VERTEX
8
Layer 1
10
29.221605
20
3.835684
70
0
0
VERTEX
8
Layer 1
10
29.238803
20
3.829863
70
0
0
VERTEX
8
Layer 1
10
29.250180
20
3.666615
70
0
0
VERTEX
8
Layer 1
10
29.218694
20
3.672436
70
0
0
VERTEX
8
Layer 1
10
28.536599
20
3.724030
70
0
0
VERTEX
8
Layer 1
10
27.846038
20
3.686724
70
0
0
VERTEX
8
Layer 1
10
27.823019
20
3.683813
70
0
0
VERTEX
8
Layer 1
10
27.788623
20
3.824307
70
0
0
VERTEX
8
Layer 1
10
27.817198
20
3.830128
70
0
0
VERTEX
8
Layer 1
10
28.195552
20
4.013484
70
0
0
VERTEX
8
Layer 1
10
28.241325
20
4.884755
70
0
0
VERTEX
8
Layer 1
10
28.241325
20
4.953547
70
0
0
VERTEX
8
Layer 1
10
28.241325
20
5.684325
70
0
0
VERTEX
8
Layer 1
10
28.174650
20
6.498679
70
0
0
VERTEX
8
Layer 1
10
27.828575
20
6.635766
70
0
0
VERTEX
8
Layer 1
10
27.802911
20
6.635766
70
0
0
VERTEX
8
Layer 1
10
27.814288
20
6.816211
70
0
0
VERTEX
8
Layer 1
10
27.860061
20
6.813301
70
0
0
VERTEX
8
Layer 1
10
28.135227
20
6.799013
70
0
0
VERTEX
8
Layer 1
10
28.421770
20
6.793193
70
0
0
VERTEX
8
Layer 1
10
28.848807
20
6.824678
70
0
0
VERTEX
8
Layer 1
10
28.848807
20
6.824678
70
0
0
VERTEX
8
Layer 1
10
28.848807
20
6.824678
70
0
0
VERTEX
8
Layer 1
10
29.267642
20
6.836584
70
0
0
VERTEX
8
Layer 1
10
29.267642
20
6.836584
70
0
0
SEQEND
8
Layer 1
0
POLYLINE
8
Layer 1
62
7
70
0
10
0.000000
20
0.000000
66
1
0
VERTEX
8
Layer 1
10
28.760437
20
5.386669
70
0
0
VERTEX
8
Layer 1
10
29.069999
20
5.375292
70
0
0
VERTEX
8
Layer 1
10
29.548266
20
5.475635
70
0
0
VERTEX
8
Layer 1
10
29.740208
20
5.650996
70
0
0
VERTEX
8
Layer 1
10
29.817975
20
5.954200
70
0
0
VERTEX
8
Layer 1
10
29.651420
20
6.385106
70
0
0
VERTEX
8
Layer 1
10
29.422614
20
6.550219
70
0
0
VERTEX
8
Layer 1
10
29.078465
20
6.616186
70
0
0
VERTEX
8
Layer 1
10
28.814147
20
6.547097
70
0
0
VERTEX
8
Layer 1
10
28.768903
20
6.088873
70
0
0
VERTEX
8
Layer 1
10
28.760437
20
5.386669
70
0
0
VERTEX
8
Layer 1
10
28.760437
20
5.386669
70
0
0
SEQEND
8
Layer 1
0
POLYLINE
8
Layer 1
62
7
70
0
10
0.000000
20
0.000000
66
1
0
VERTEX
8
Layer 1
10
26.848825
20
6.822297
70
0
0
VERTEX
8
Layer 1
10
25.461616
20
6.790811
70
0
0
VERTEX
8
Layer 1
10
24.383969
20
6.813830
70
0
0
VERTEX
8
Layer 1
10
24.358305
20
6.813830
70
0
0
VERTEX
8
Layer 1
10
24.358305
20
6.659049
70
0
0
VERTEX
8
Layer 1
10
24.378413
20
6.656139
70
0
0
VERTEX
8
Layer 1
10
24.679244
20
6.544485
70
0
0
VERTEX
8
Layer 1
10
24.742215
20
5.257817
70
0
0
VERTEX
8
Layer 1
10
24.673423
20
4.014013
70
0
0
VERTEX
8
Layer 1
10
24.312267
20
3.853411
70
0
0
VERTEX
8
Layer 1
10
24.286603
20
3.850500
70
0
0
VERTEX
8
Layer 1
10
24.309621
20
3.678521
70
0
0
VERTEX
8
Layer 1
10
24.335286
20
3.681432
70
0
0
VERTEX
8
Layer 1
10
25.564803
20
3.727205
70
0
0
VERTEX
8
Layer 1
10
26.811518
20
3.712917
70
0
0
VERTEX
8
Layer 1
10
26.822895
20
3.733026
70
0
0
VERTEX
8
Layer 1
10
27.054935
20
4.486823
70
0
0
VERTEX
8
Layer 1
10
27.060755
20
4.515397
70
0
0
VERTEX
8
Layer 1
10
26.911795
20
4.526775
70
0
0
VERTEX
8
Layer 1
10
26.905974
20
4.509577
70
0
0
VERTEX
8
Layer 1
10
26.613577
20
4.115216
70
0
0
VERTEX
8
Layer 1
10
25.831238
20
3.933579
70
0
0
VERTEX
8
Layer 1
10
25.301014
20
4.025390
70
0
0
VERTEX
8
Layer 1
10
25.263708
20
4.621495
70
0
0
VERTEX
8
Layer 1
10
25.255241
20
5.189026
70
0
0
VERTEX
8
Layer 1
10
25.722495
20
5.214690
70
0
0
VERTEX
8
Layer 1
10
26.288802
20
5.145237
70
0
0
VERTEX
8
Layer 1
10
26.462004
20
4.796385
70
0
0
VERTEX
8
Layer 1
10
26.467825
20
4.776276
70
0
0
VERTEX
8
Layer 1
10
26.613875
20
4.776276
70
0
0
VERTEX
8
Layer 1
10
26.613875
20
4.796385
70
0
0
VERTEX
8
Layer 1
10
26.631073
20
5.725071
70
0
0
VERTEX
8
Layer 1
10
26.633983
20
5.750736
70
0
0
VERTEX
8
Layer 1
10
26.467825
20
5.750736
70
0
0
VERTEX
8
Layer 1
10
26.462004
20
5.730627
70
0
0
VERTEX
8
Layer 1
10
26.264361
20
5.446994
70
0
0
VERTEX
8
Layer 1
10
25.278524
20
5.415509
70
0
0
VERTEX
8
Layer 1
10
25.264237
20
5.822437
70
0
0
VERTEX
8
Layer 1
10
25.315831
20
6.541839
70
0
0
VERTEX
8
Layer 1
10
25.917757
20
6.599253
70
0
0
VERTEX
8
Layer 1
10
26.556989
20
6.458760
70
0
0
VERTEX
8
Layer 1
10
26.625781
20
6.132000
70
0
0
VERTEX
8
Layer 1
10
26.625781
20
6.108981
70
0
0
VERTEX
8
Layer 1
10
26.800670
20
6.085962
70
0
0
VERTEX
8
Layer 1
10
26.800670
20
6.114537
70
0
0
VERTEX
8
Layer 1
10
26.837977
20
6.361128
70
0
0
VERTEX
8
Layer 1
10
26.855175
20
6.475693
70
0
0
VERTEX
8
Layer 1
10
26.878193
20
6.791076
70
0
0
VERTEX
8
Layer 1
10
26.878193
20
6.816740
70
0
0
VERTEX
8
Layer 1
10
26.848825
20
6.822297
70
0
0
VERTEX
8
Layer 1
10
26.848825
20
6.822297
70
0
0
SEQEND
8
Layer 1
0
POLYLINE
8
Layer 1
62
7
70
0
10
0.000000
20
0.000000
66
1
0
VERTEX
8
Layer 1
10
20.093756
20
6.787901
70
0
0
VERTEX
8
Layer 1
10
20.102223
20
6.653228
70
0
0
VERTEX
8
Layer 1
10
20.122331
20
6.650318
70
0
0
VERTEX
8
Layer 1
10
20.539248
20
6.517762
70
0
0
VERTEX
8
Layer 1
10
20.896236
20
5.908162
70
0
0
VERTEX
8
Layer 1
10
21.598439
20
4.492379
70
0
0
VERTEX
8
Layer 1
10
21.604260
20
4.478091
70
0
0
VERTEX
8
Layer 1
10
21.962506
20
3.647036
70
0
0
VERTEX
8
Layer 1
10
21.968326
20
3.626928
70
0
0
VERTEX
8
Layer 1
10
22.123108
20
3.626928
70
0
0
VERTEX
8
Layer 1
10
22.128928
20
3.644126
70
0
0
VERTEX
8
Layer 1
10
22.555965
20
4.647160
70
0
0
VERTEX
8
Layer 1
10
23.312673
20
6.114537
70
0
0
VERTEX
8
Layer 1
10
23.546597
20
6.469641
70
0
0
VERTEX
8
Layer 1
10
23.902957
20
6.616186
70
0
0
VERTEX
8
Layer 1
10
23.923066
20
6.619097
70
0
0
VERTEX
8
Layer 1
10
23.923066
20
6.788165
70
0
0
VERTEX
8
Layer 1
10
23.897401
20
6.788165
70
0
0
VERTEX
8
Layer 1
10
23.321404
20
6.788165
70
0
0
VERTEX
8
Layer 1
10
22.728209
20
6.802453
70
0
0
VERTEX
8
Layer 1
10
22.725298
20
6.779434
70
0
0
VERTEX
8
Layer 1
10
22.716832
20
6.618832
70
0
0
VERTEX
8
Layer 1
10
22.742496
20
6.621743
70
0
0
VERTEX
8
Layer 1
10
22.982572
20
6.590919
70
0
0
VERTEX
8
Layer 1
10
23.106563
20
6.435476
70
0
0
VERTEX
8
Layer 1
10
22.994909
20
6.094429
70
0
0
VERTEX
8
Layer 1
10
22.983531
20
6.068764
70
0
0
VERTEX
8
Layer 1
10
22.628196
20
5.332165
70
0
0
VERTEX
8
Layer 1
10
22.284239
20
4.629962
70
0
0
VERTEX
8
Layer 1
10
22.204070
20
4.455073
70
0
0
VERTEX
8
Layer 1
10
21.241252
20
6.535753
70
0
0
VERTEX
8
Layer 1
10
21.505042
20
6.607455
70
0
0
VERTEX
8
Layer 1
10
21.585210
20
6.618832
70
0
0
VERTEX
8
Layer 1
10
21.585210
20
6.787901
70
0
0
VERTEX
8
Layer 1
10
21.106580
20
6.784990
70
0
0
VERTEX
8
Layer 1
10
20.848611
20
6.787901
70
0
0
VERTEX
8
Layer 1
10
20.117833
20
6.810920
70
0
0
VERTEX
8
Layer 1
10
20.086348
20
6.813830
70
0
0
VERTEX
8
Layer 1
10
20.093756
20
6.787901
70
0
0
VERTEX
8
Layer 1
10
20.093756
20
6.787901
70
0
0
SEQEND
8
Layer 1
0
POLYLINE
8
Layer 1
62
7
70
0
10
0.000000
20
0.000000
66
1
0
VERTEX
8
Layer 1
10
17.987411
20
6.787901
70
0
0
VERTEX
8
Layer 1
10
17.987411
20
6.633120
70
0
0
VERTEX
8
Layer 1
10
18.013075
20
6.633120
70
0
0
VERTEX
8
Layer 1
10
18.407469
20
6.568694
70
0
0
VERTEX
8
Layer 1
10
18.520281
20
6.452674
70
0
0
VERTEX
8
Layer 1
10
18.589072
20
5.114413
70
0
0
VERTEX
8
Layer 1
10
18.589072
20
5.059909
70
0
0
VERTEX
8
Layer 1
10
18.505993
20
4.028300
70
0
0
VERTEX
8
Layer 1
10
17.972859
20
3.867698
70
0
0
VERTEX
8
Layer 1
10
17.949840
20
3.864788
70
0
0
VERTEX
8
Layer 1
10
17.949840
20
3.707096
70
0
0
VERTEX
8
Layer 1
10
18.442758
20
3.724294
70
0
0
VERTEX
8
Layer 1
10
18.895460
20
3.724294
70
0
0
VERTEX
8
Layer 1
10
19.649256
20
3.701276
70
0
0
VERTEX
8
Layer 1
10
19.646346
20
3.729851
70
0
0
VERTEX
8
Layer 1
10
19.634969
20
3.875900
70
0
0
VERTEX
8
Layer 1
10
19.611950
20
3.875900
70
0
0
VERTEX
8
Layer 1
10
19.265909
20
3.894917
70
0
0
VERTEX
8
Layer 1
10
19.139140
20
4.010573
70
0
0
VERTEX
8
Layer 1
10
19.110566
20
4.881845
70
0
0
VERTEX
8
Layer 1
10
19.185178
20
6.518291
70
0
0
VERTEX
8
Layer 1
10
19.412256
20
6.626472
70
0
0
VERTEX
8
Layer 1
10
19.643700
20
6.627299
70
0
0
VERTEX
8
Layer 1
10
19.672275
20
6.624389
70
0
0
VERTEX
8
Layer 1
10
19.672275
20
6.807745
70
0
0
VERTEX
8
Layer 1
10
19.302653
20
6.807745
70
0
0
VERTEX
8
Layer 1
10
18.781160
20
6.793457
70
0
0
VERTEX
8
Layer 1
10
18.437202
20
6.801924
70
0
0
VERTEX
8
Layer 1
10
18.291152
20
6.807745
70
0
0
VERTEX
8
Layer 1
10
18.018896
20
6.816211
70
0
0
VERTEX
8
Layer 1
10
17.990321
20
6.816211
70
0
0
VERTEX
8
Layer 1
10
17.990321
20
6.787636
70
0
0
VERTEX
8
Layer 1
10
17.987411
20
6.787636
70
0
0
VERTEX
8
Layer 1
10
17.987411
20
6.787901
70
0
0
SEQEND
8
Layer 1
0
POLYLINE
8
Layer 1
62
7
70
0
10
0.000000
20
0.000000
66
1
0
VERTEX
8
Layer 1
10
16.425313
20
6.839495
70
0
0
VERTEX
8
Layer 1
10
16.752073
20
6.816476
70
0
0
VERTEX
8
Layer 1
10
17.399772
20
6.808009
70
0
0
VERTEX
8
Layer 1
10
17.425436
20
6.808009
70
0
0
VERTEX
8
Layer 1
10
17.425436
20
6.641851
70
0
0
VERTEX
8
Layer 1
10
17.399772
20
6.641851
70
0
0
VERTEX
8
Layer 1
10
17.157282
20
6.598493
70
0
0
VERTEX
8
Layer 1
10
17.024329
20
6.398170
70
0
0
VERTEX
8
Layer 1
10
16.984112
20
4.890576
70
0
0
VERTEX
8
Layer 1
10
16.998399
20
3.718473
70
0
0
VERTEX
8
Layer 1
10
17.001310
20
3.689899
70
0
0
VERTEX
8
Layer 1
10
16.800756
20
3.686988
70
0
0
VERTEX
8
Layer 1
10
16.792289
20
3.698365
70
0
0
VERTEX
8
Layer 1
10
14.565559
20
6.019816
70
0
0
VERTEX
8
Layer 1
10
14.559738
20
5.839371
70
0
0
VERTEX
8
Layer 1
10
14.545450
20
4.561170
70
0
0
VERTEX
8
Layer 1
10
14.611464
20
4.076388
70
0
0
VERTEX
8
Layer 1
10
15.124358
20
3.890452
70
0
0
VERTEX
8
Layer 1
10
15.147377
20
3.887542
70
0
0
VERTEX
8
Layer 1
10
15.147377
20
3.738582
70
0
0
VERTEX
8
Layer 1
10
15.144466
20
3.710007
70
0
0
VERTEX
8
Layer 1
10
14.903696
20
3.727205
70
0
0
VERTEX
8
Layer 1
10
14.559738
20
3.741492
70
0
0
VERTEX
8
Layer 1
10
13.837426
20
3.710007
70
0
0
VERTEX
8
Layer 1
10
13.837426
20
3.850500
70
0
0
VERTEX
8
Layer 1
10
13.840337
20
3.870609
70
0
0
VERTEX
8
Layer 1
10
14.040891
20
3.913471
70
0
0
VERTEX
8
Layer 1
10
14.174505
20
3.961526
70
0
0
VERTEX
8
Layer 1
10
14.241445
20
4.125667
70
0
0
VERTEX
8
Layer 1
10
14.287482
20
5.105682
70
0
0
VERTEX
8
Layer 1
10
14.293303
20
5.641727
70
0
0
VERTEX
8
Layer 1
10
14.222031
20
6.442091
70
0
0
VERTEX
8
Layer 1
10
13.817583
20
6.644761
70
0
0
VERTEX
8
Layer 1
10
13.797474
20
6.647672
70
0
0
VERTEX
8
Layer 1
10
13.800385
20
6.796632
70
0
0
VERTEX
8
Layer 1
10
13.794564
20
6.825207
70
0
0
VERTEX
8
Layer 1
10
14.015226
20
6.808009
70
0
0
VERTEX
8
Layer 1
10
14.244620
20
6.802188
70
0
0
VERTEX
8
Layer 1
10
14.588577
20
6.808009
70
0
0
VERTEX
8
Layer 1
10
14.597044
20
6.799543
70
0
0
VERTEX
8
Layer 1
10
16.737785
20
4.564081
70
0
0
VERTEX
8
Layer 1
10
16.731964
20
5.392226
70
0
0
VERTEX
8
Layer 1
10
16.690722
20
6.482043
70
0
0
VERTEX
8
Layer 1
10
16.543660
20
6.631962
70
0
0
VERTEX
8
Layer 1
10
16.213117
20
6.673336
70
0
0
VERTEX
8
Layer 1
10
16.184542
20
6.673336
70
0
0
VERTEX
8
Layer 1
10
16.216027
20
6.828117
70
0
0
VERTEX
8
Layer 1
10
16.425313
20
6.839495
70
0
0
VERTEX
8
Layer 1
10
16.425313
20
6.839495
70
0
0
SEQEND
8
Layer 1
0
POLYLINE
8
Layer 1
62
7
70
0
10
0.000000
20
0.000000
66
1
0
VERTEX
8
Layer 1
10
11.134976
20
6.813830
70
0
0
VERTEX
8
Layer 1
10
11.160640
20
6.813830
70
0
0
VERTEX
8
Layer 1
10
11.160640
20
6.636030
70
0
0
VERTEX
8
Layer 1
10
11.134976
20
6.633120
70
0
0
VERTEX
8
Layer 1
10
10.850342
20
6.591138
70
0
0
VERTEX
8
Layer 1
10
10.693651
20
6.460182
70
0
0
VERTEX
8
Layer 1
10
10.613482
20
5.515521
70
0
0
VERTEX
8
Layer 1
10
10.613482
20
4.939524
70
0
0
VERTEX
8
Layer 1
10
10.723119
20
4.301879
70
0
0
VERTEX
8
Layer 1
10
10.983506
20
4.027060
70
0
0
VERTEX
8
Layer 1
10
11.490575
20
3.913471
70
0
0
VERTEX
8
Layer 1
10
12.059635
20
4.026692
70
0
0
VERTEX
8
Layer 1
10
12.369983
20
4.352712
70
0
0
VERTEX
8
Layer 1
10
12.499256
20
4.871067
70
0
0
VERTEX
8
Layer 1
10
12.525095
20
5.561294
70
0
0
VERTEX
8
Layer 1
10
12.525095
20
5.833550
70
0
0
VERTEX
8
Layer 1
10
12.401799
20
6.550041
70
0
0
VERTEX
8
Layer 1
10
12.023445
20
6.627299
70
0
0
VERTEX
8
Layer 1
10
11.997781
20
6.627299
70
0
0
VERTEX
8
Layer 1
10
11.997781
20
6.782080
70
0
0
VERTEX
8
Layer 1
10
11.997781
20
6.807745
70
0
0
VERTEX
8
Layer 1
10
12.184047
20
6.801924
70
0
0
VERTEX
8
Layer 1
10
12.602353
20
6.793457
70
0
0
VERTEX
8
Layer 1
10
13.146865
20
6.804834
70
0
0
VERTEX
8
Layer 1
10
13.215656
20
6.807745
70
0
0
VERTEX
8
Layer 1
10
13.204279
20
6.635766
70
0
0
VERTEX
8
Layer 1
10
13.181260
20
6.635766
70
0
0
VERTEX
8
Layer 1
10
12.862736
20
6.545510
70
0
0
VERTEX
8
Layer 1
10
12.808728
20
6.309006
70
0
0
VERTEX
8
Layer 1
10
12.808728
20
6.288897
70
0
0
VERTEX
8
Layer 1
10
12.800261
20
5.841752
70
0
0
VERTEX
8
Layer 1
10
12.754831
20
4.875764
70
0
0
VERTEX
8
Layer 1
10
12.576721
20
4.192375
70
0
0
VERTEX
8
Layer 1
10
12.151408
20
3.786252
70
0
0
VERTEX
8
Layer 1
10
11.364369
20
3.652063
70
0
0
VERTEX
8
Layer 1
10
10.804106
20
3.720247
70
0
0
VERTEX
8
Layer 1
10
10.398575
20
3.922500
70
0
0
VERTEX
8
Layer 1
10
10.152091
20
4.255374
70
0
0
VERTEX
8
Layer 1
10
10.068971
20
4.715422
70
0
0
VERTEX
8
Layer 1
10
10.106277
20
5.721367
70
0
0
VERTEX
8
Layer 1
10
10.000179
20
6.583907
70
0
0
VERTEX
8
Layer 1
10
9.682150
20
6.618303
70
0
0
VERTEX
8
Layer 1
10
9.656486
20
6.618303
70
0
0
VERTEX
8
Layer 1
10
9.645109
20
6.787372
70
0
0
VERTEX
8
Layer 1
10
9.670773
20
6.790282
70
0
0
VERTEX
8
Layer 1
10
10.375887
20
6.804570
70
0
0
VERTEX
8
Layer 1
10
10.556333
20
6.807480
70
0
0
VERTEX
8
Layer 1
10
11.134976
20
6.813830
70
0
0
VERTEX
8
Layer 1
10
11.134976
20
6.813830
70
0
0
SEQEND
8
Layer 1
0
POLYLINE
8
Layer 1
62
7
70
0
10
0.000000
20
0.000000
66
1
0
VERTEX
8
Layer 1
10
11.653558
20
10.436236
70
0
0
VERTEX
8
Layer 1
10
11.576300
20
10.436236
70
0
0
VERTEX
8
Layer 1
10
11.426943
20
10.800897
70
0
0
VERTEX
8
Layer 1
10
10.725136
20
10.860362
70
0
0
VERTEX
8
Layer 1
10
10.309477
20
10.837344
70
0
0
VERTEX
8
Layer 1
10
10.301010
20
10.513494
70
0
0
VERTEX
8
Layer 1
10
10.343872
20
9.590629
70
0
0
VERTEX
8
Layer 1
10
10.942888
20
9.521837
70
0
0
VERTEX
8
Layer 1
10
11.694436
20
9.646819
70
0
0
VERTEX
8
Layer 1
10
12.011804
20
10.083547
70
0
0
VERTEX
8
Layer 1
10
12.080595
20
10.083547
70
0
0
VERTEX
8
Layer 1
10
11.888508
20
9.390075
70
0
0
VERTEX
8
Layer 1
10
11.312511
20
9.404362
70
0
0
VERTEX
8
Layer 1
10
10.865365
20
9.412829
70
0
0
VERTEX
8
Layer 1
10
9.627382
20
9.381343
70
0
0
VERTEX
8
Layer 1
10
9.633202
20
9.458602
70
0
0
VERTEX
8
Layer 1
10
9.876817
20
9.533446
70
0
0
VERTEX
8
Layer 1
10
9.939854
20
9.713660
70
0
0
VERTEX
8
Layer 1
10
9.991448
20
10.897404
70
0
0
VERTEX
8
Layer 1
10
9.977160
20
11.628182
70
0
0
VERTEX
8
Layer 1
10
9.921300
20
12.186684
70
0
0
VERTEX
8
Layer 1
10
9.667598
20
12.313188
70
0
0
VERTEX
8
Layer 1
10
9.673419
20
12.373248
70
0
0
VERTEX
8
Layer 1
10
11.143707
20
12.373248
70
0
0
VERTEX
8
Layer 1
10
11.891683
20
12.390446
70
0
0
VERTEX
8
Layer 1
10
11.777118
20
11.791430
70
0
0
VERTEX
8
Layer 1
10
11.717058
20
11.808628
70
0
0
VERTEX
8
Layer 1
10
11.734256
20
12.000715
70
0
0
VERTEX
8
Layer 1
10
11.474865
20
12.226801
70
0
0
VERTEX
8
Layer 1
10
11.052161
20
12.261594
70
0
0
VERTEX
8
Layer 1
10
10.347047
20
12.215821
70
0
0
VERTEX
8
Layer 1
10
10.304185
20
11.576589
70
0
0
VERTEX
8
Layer 1
10
10.310006
20
10.977573
70
0
0
VERTEX
8
Layer 1
10
10.648143
20
10.971752
70
0
0
VERTEX
8
Layer 1
10
11.315950
20
10.988950
70
0
0
VERTEX
8
Layer 1
10
11.486143
20
11.040543
70
0
0
VERTEX
8
Layer 1
10
11.594027
20
11.298512
70
0
0
VERTEX
8
Layer 1
10
11.654087
20
11.298512
70
0
0
VERTEX
8
Layer 1
10
11.653558
20
10.436236
70
0
0
VERTEX
8
Layer 1
10
11.653558
20
10.436236
70
0
0
VERTEX
8
Layer 1
10
11.653558
20
10.436236
70
0
0
SEQEND
8
Layer 1
0
POLYLINE
8
Layer 1
62
7
70
0
10
0.000000
20
0.000000
66
1
0
VERTEX
8
Layer 1
10
12.900273
20
10.161070
70
0
0
VERTEX
8
Layer 1
10
12.908740
20
9.645133
70
0
0
VERTEX
8
Layer 1
10
12.954877
20
9.537977
70
0
0
VERTEX
8
Layer 1
10
13.209571
20
9.476064
70
0
0
VERTEX
8
Layer 1
10
13.203750
20
9.407273
70
0
0
VERTEX
8
Layer 1
10
13.028861
20
9.415739
70
0
0
VERTEX
8
Layer 1
10
12.819576
20
9.421560
70
0
0
VERTEX
8
Layer 1
10
12.317926
20
9.421560
70
0
0
VERTEX
8
Layer 1
10
12.312105
20
9.496172
70
0
0
VERTEX
8
Layer 1
10
12.546394
20
9.574952
70
0
0
VERTEX
8
Layer 1
10
12.595738
20
9.688260
70
0
0
VERTEX
8
Layer 1
10
12.627224
20
10.370355
70
0
0
VERTEX
8
Layer 1
10
12.580988
20
10.809959
70
0
0
VERTEX
8
Layer 1
10
12.326393
20
10.894758
70
0
0
VERTEX
8
Layer 1
10
12.320572
20
10.934975
70
0
0
VERTEX
8
Layer 1
10
12.758986
20
11.112775
70
0
0
VERTEX
8
Layer 1
10
12.862173
20
11.158547
70
0
0
VERTEX
8
Layer 1
10
12.913767
20
10.872004
70
0
0
VERTEX
8
Layer 1
10
13.644545
20
11.135793
70
0
0
VERTEX
8
Layer 1
10
13.919571
20
11.073988
70
0
0
VERTEX
8
Layer 1
10
14.060801
20
10.912221
70
0
0
VERTEX
8
Layer 1
10
14.120266
20
10.430680
70
0
0
VERTEX
8
Layer 1
10
14.120266
20
9.886168
70
0
0
VERTEX
8
Layer 1
10
14.148841
20
9.533743
70
0
0
VERTEX
8
Layer 1
10
14.383790
20
9.464952
70
0
0
VERTEX
8
Layer 1
10
14.389611
20
9.396160
70
0
0
VERTEX
8
Layer 1
10
13.988503
20
9.419179
70
0
0
VERTEX
8
Layer 1
10
13.527070
20
9.396160
70
0
0
VERTEX
8
Layer 1
10
13.527070
20
9.462041
70
0
0
VERTEX
8
Layer 1
10
13.787949
20
9.593804
70
0
0
VERTEX
8
Layer 1
10
13.848010
20
10.293096
70
0
0
VERTEX
8
Layer 1
10
13.803593
20
10.729758
70
0
0
VERTEX
8
Layer 1
10
13.492675
20
10.940796
70
0
0
VERTEX
8
Layer 1
10
12.916677
20
10.777548
70
0
0
VERTEX
8
Layer 1
10
12.900273
20
10.161070
70
0
0
VERTEX
8
Layer 1
10
12.900273
20
10.161070
70
0
0
SEQEND
8
Layer 1
0
POLYLINE
8
Layer 1
62
7
70
0
10
0.000000
20
0.000000
66
1
0
VERTEX
8
Layer 1
10
15.387883
20
11.198764
70
0
0
VERTEX
8
Layer 1
10
15.812009
20
11.061181
70
0
0
VERTEX
8
Layer 1
10
16.158878
20
11.092666
70
0
0
VERTEX
8
Layer 1
10
16.322125
20
11.084200
70
0
0
VERTEX
8
Layer 1
10
16.262065
20
10.834962
70
0
0
VERTEX
8
Layer 1
10
15.932395
20
10.900844
70
0
0
VERTEX
8
Layer 1
10
16.058601
20
10.482538
70
0
0
VERTEX
8
Layer 1
10
15.843263
20
9.977085
70
0
0
VERTEX
8
Layer 1
10
15.376506
20
9.697256
70
0
0
VERTEX
8
Layer 1
10
14.969577
20
9.436377
70
0
0
VERTEX
8
Layer 1
10
15.094592
20
9.316719
70
0
0
VERTEX
8
Layer 1
10
15.307714
20
9.295883
70
0
0
VERTEX
8
Layer 1
10
16.009487
20
9.239990
70
0
0
VERTEX
8
Layer 1
10
16.202728
20
9.107244
70
0
0
VERTEX
8
Layer 1
10
16.270532
20
8.848738
70
0
0
VERTEX
8
Layer 1
10
16.164641
20
8.533834
70
0
0
VERTEX
8
Layer 1
10
15.891913
20
8.296619
70
0
0
VERTEX
8
Layer 1
10
15.115627
20
8.094941
70
0
0
VERTEX
8
Layer 1
10
14.605775
20
8.275850
70
0
0
VERTEX
8
Layer 1
10
14.493592
20
8.570661
70
0
0
VERTEX
8
Layer 1
10
14.646885
20
8.914983
70
0
0
VERTEX
8
Layer 1
10
14.911898
20
9.106706
70
0
0
VERTEX
8
Layer 1
10
14.761714
20
9.219518
70
0
0
VERTEX
8
Layer 1
10
14.674038
20
9.459131
70
0
0
VERTEX
8
Layer 1
10
15.035194
20
9.636931
70
0
0
VERTEX
8
Layer 1
10
15.187064
20
9.691435
70
0
0
VERTEX
8
Layer 1
10
15.187064
20
9.699637
70
0
0
VERTEX
8
Layer 1
10
14.815557
20
9.862256
70
0
0
VERTEX
8
Layer 1
10
14.643359
20
10.064749
70
0
0
VERTEX
8
Layer 1
10
14.570850
20
10.390198
70
0
0
VERTEX
8
Layer 1
10
14.834408
20
10.971884
70
0
0
VERTEX
8
Layer 1
10
15.387883
20
11.198764
70
0
0
VERTEX
8
Layer 1
10
15.387883
20
11.198764
70
0
0
SEQEND
8
Layer 1
0
POLYLINE
8
Layer 1
62
7
70
0
10
0.000000
20
0.000000
66
1
0
VERTEX
8
Layer 1
10
15.310624
20
8.281207
70
0
0
VERTEX
8
Layer 1
10
15.813861
20
8.384031
70
0
0
VERTEX
8
Layer 1
10
16.020236
20
8.524206
70
0
0
VERTEX
8
Layer 1
10
16.104373
20
8.733909
70
0
0
VERTEX
8
Layer 1
10
16.039848
20
8.918422
70
0
0
VERTEX
8
Layer 1
10
15.812009
20
9.032094
70
0
0
VERTEX
8
Layer 1
10
15.336289
20
9.032094
70
0
0
VERTEX
8
Layer 1
10
15.043925
20
9.060669
70
0
0
VERTEX
8
Layer 1
10
14.797896
20
8.923813
70
0
0
VERTEX
8
Layer 1
10
14.674302
20
8.679405
70
0
0
VERTEX
8
Layer 1
10
14.841949
20
8.409365
70
0
0
VERTEX
8
Layer 1
10
15.310624
20
8.281207
70
0
0
VERTEX
8
Layer 1
10
15.310624
20
8.281207
70
0
0
SEQEND
8
Layer 1
0
POLYLINE
8
Layer 1
62
7
70
0
10
0.000000
20
0.000000
66
1
0
VERTEX
8
Layer 1
10
15.436566
20
9.828753
70
0
0
VERTEX
8
Layer 1
10
15.667547
20
9.989322
70
0
0
VERTEX
8
Layer 1
10
15.788991
20
10.364798
70
0
0
VERTEX
8
Layer 1
10
15.644264
20
10.840519
70
0
0
VERTEX
8
Layer 1
10
15.250300
20
11.058270
70
0
0
VERTEX
8
Layer 1
10
14.937166
20
10.917479
70
0
0
VERTEX
8
Layer 1
10
14.808975
20
10.551065
70
0
0
VERTEX
8
Layer 1
10
14.880024
20
10.245955
70
0
0
VERTEX
8
Layer 1
10
15.052921
20
10.036219
70
0
0
VERTEX
8
Layer 1
10
15.436566
20
9.828753
70
0
0
VERTEX
8
Layer 1
10
15.436566
20
9.828753
70
0
0
SEQEND
8
Layer 1
0
POLYLINE
8
Layer 1
62
7
70
0
10
0.000000
20
0.000000
66
1
0
VERTEX
8
Layer 1
10
16.574537
20
9.467597
70
0
0
VERTEX
8
Layer 1
10
16.795200
20
9.536389
70
0
0
VERTEX
8
Layer 1
10
16.838062
20
10.261346
70
0
0
VERTEX
8
Layer 1
10
16.786468
20
10.805858
70
0
0
VERTEX
8
Layer 1
10
16.565806
20
10.857452
70
0
0
VERTEX
8
Layer 1
10
16.606023
20
10.903225
70
0
0
VERTEX
8
Layer 1
10
17.142068
20
11.204056
70
0
0
VERTEX
8
Layer 1
10
17.184930
20
11.195589
70
0
0
VERTEX
8
Layer 1
10
17.110318
20
10.186734
70
0
0
VERTEX
8
Layer 1
10
17.147624
20
9.570520
70
0
0
VERTEX
8
Layer 1
10
17.302405
20
9.501729
70
0
0
VERTEX
8
Layer 1
10
17.463007
20
9.487441
70
0
0
VERTEX
8
Layer 1
10
17.491582
20
9.421560
70
0
0
VERTEX
8
Layer 1
10
16.565806
20
9.398541
70
0
0
VERTEX
8
Layer 1
10
16.574537
20
9.467597
70
0
0
VERTEX
8
Layer 1
10
16.574537
20
9.467597
70
0
0
SEQEND
8
Layer 1
0
POLYLINE
8
Layer 1
62
7
70
0
10
0.000000
20
0.000000
66
1
0
VERTEX
8
Layer 1
10
17.090210
20
12.322183
70
0
0
VERTEX
8
Layer 1
10
17.265099
20
12.144384
70
0
0
VERTEX
8
Layer 1
10
17.090210
20
11.966584
70
0
0
VERTEX
8
Layer 1
10
16.912410
20
12.144384
70
0
0
VERTEX
8
Layer 1
10
17.090210
20
12.322183
70
0
0
VERTEX
8
Layer 1
10
17.090210
20
12.322183
70
0
0
SEQEND
8
Layer 1
0
POLYLINE
8
Layer 1
62
7
70
0
10
0.000000
20
0.000000
66
1
0
VERTEX
8
Layer 1
10
18.253846
20
10.161070
70
0
0
VERTEX
8
Layer 1
10
18.262577
20
9.645133
70
0
0
VERTEX
8
Layer 1
10
18.308714
20
9.537977
70
0
0
VERTEX
8
Layer 1
10
18.563408
20
9.476064
70
0
0
VERTEX
8
Layer 1
10
18.557587
20
9.407273
70
0
0
VERTEX
8
Layer 1
10
18.382698
20
9.415739
70
0
0
VERTEX
8
Layer 1
10
18.173413
20
9.421560
70
0
0
VERTEX
8
Layer 1
10
17.671763
20
9.421560
70
0
0
VERTEX
8
Layer 1
10
17.665942
20
9.496172
70
0
0
VERTEX
8
Layer 1
10
17.900231
20
9.574952
70
0
0
VERTEX
8
Layer 1
10
17.949575
20
9.688260
70
0
0
VERTEX
8
Layer 1
10
17.981061
20
10.370355
70
0
0
VERTEX
8
Layer 1
10
17.934825
20
10.809959
70
0
0
VERTEX
8
Layer 1
10
17.680230
20
10.894758
70
0
0
VERTEX
8
Layer 1
10
17.674409
20
10.934975
70
0
0
VERTEX
8
Layer 1
10
18.112823
20
11.112775
70
0
0
VERTEX
8
Layer 1
10
18.216010
20
11.158547
70
0
0
VERTEX
8
Layer 1
10
18.267604
20
10.872004
70
0
0
VERTEX
8
Layer 1
10
18.998382
20
11.135793
70
0
0
VERTEX
8
Layer 1
10
19.273408
20
11.073988
70
0
0
VERTEX
8
Layer 1
10
19.414638
20
10.912221
70
0
0
VERTEX
8
Layer 1
10
19.474103
20
10.430680
70
0
0
VERTEX
8
Layer 1
10
19.474103
20
9.886168
70
0
0
VERTEX
8
Layer 1
10
19.502678
20
9.533743
70
0
0
VERTEX
8
Layer 1
10
19.737627
20
9.464952
70
0
0
VERTEX
8
Layer 1
10
19.743448
20
9.396160
70
0
0
VERTEX
8
Layer 1
10
19.342340
20
9.419179
70
0
0
VERTEX
8
Layer 1
10
18.880907
20
9.396160
70
0
0
VERTEX
8
Layer 1
10
18.880907
20
9.462041
70
0
0
VERTEX
8
Layer 1
10
19.141786
20
9.593804
70
0
0
VERTEX
8
Layer 1
10
19.201847
20
10.293096
70
0
0
VERTEX
8
Layer 1
10
19.157430
20
10.729758
70
0
0
VERTEX
8
Layer 1
10
18.846512
20
10.940796
70
0
0
VERTEX
8
Layer 1
10
18.270514
20
10.777548
70
0
0
VERTEX
8
Layer 1
10
18.253846
20
10.161070
70
0
0
VERTEX
8
Layer 1
10
18.253846
20
10.161070
70
0
0
SEQEND
8
Layer 1
0
POLYLINE
8
Layer 1
62
7
70
0
10
0.000000
20
0.000000
66
1
0
VERTEX
8
Layer 1
10
20.268645
20
10.350246
70
0
0
VERTEX
8
Layer 1
10
20.431893
20
9.774249
70
0
0
VERTEX
8
Layer 1
10
20.687745
20
9.573530
70
0
0
VERTEX
8
Layer 1
10
20.861840
20
9.544856
70
0
0
VERTEX
8
Layer 1
10
21.340471
20
9.722656
70
0
0
VERTEX
8
Layer 1
10
21.380688
20
9.668151
70
0
0
VERTEX
8
Layer 1
10
21.092391
20
9.489459
70
0
0
VERTEX
8
Layer 1
10
20.672928
20
9.381608
70
0
0
VERTEX
8
Layer 1
10
20.366334
20
9.454831
70
0
0
VERTEX
8
Layer 1
10
20.149980
20
9.644934
70
0
0
VERTEX
8
Layer 1
10
19.979456
20
10.198376
70
0
0
VERTEX
8
Layer 1
10
20.074888
20
10.657927
70
0
0
VERTEX
8
Layer 1
10
20.293648
20
10.953595
70
0
0
VERTEX
8
Layer 1
10
20.695947
20
11.158547
70
0
0
VERTEX
8
Layer 1
10
21.006501
20
11.083737
70
0
0
VERTEX
8
Layer 1
10
21.306340
20
10.740242
70
0
0
VERTEX
8
Layer 1
10
21.409527
20
10.685738
70
0
0
VERTEX
8
Layer 1
10
21.415348
20
10.599748
70
0
0
VERTEX
8
Layer 1
10
20.268645
20
10.350246
70
0
0
VERTEX
8
Layer 1
10
20.268645
20
10.350246
70
0
0
SEQEND
8
Layer 1
0
POLYLINE
8
Layer 1
62
7
70
0
10
0.000000
20
0.000000
66
1
0
VERTEX
8
Layer 1
10
20.572387
20
10.505027
70
0
0
VERTEX
8
Layer 1
10
20.873217
20
10.573819
70
0
0
VERTEX
8
Layer 1
10
21.056573
20
10.648431
70
0
0
VERTEX
8
Layer 1
10
20.945217
20
10.848357
70
0
0
VERTEX
8
Layer 1
10
20.603872
20
11.009587
70
0
0
VERTEX
8
Layer 1
10
20.343026
20
10.790711
70
0
0
VERTEX
8
Layer 1
10
20.271291
20
10.436500
70
0
0
VERTEX
8
Layer 1
10
20.572387
20
10.505027
70
0
0
VERTEX
8
Layer 1
10
20.572387
20
10.505027
70
0
0
SEQEND
8
Layer 1
0
POLYLINE
8
Layer 1
62
7
70
0
10
0.000000
20
0.000000
66
1
0
VERTEX
8
Layer 1
10
21.982349
20
10.350246
70
0
0
VERTEX
8
Layer 1
10
22.145597
20
9.774249
70
0
0
VERTEX
8
Layer 1
10
22.401449
20
9.573530
70
0
0
VERTEX
8
Layer 1
10
22.575544
20
9.544856
70
0
0
VERTEX
8
Layer 1
10
23.054175
20
9.722656
70
0
0
VERTEX
8
Layer 1
10
23.097038
20
9.668151
70
0
0
VERTEX
8
Layer 1
10
22.808741
20
9.489459
70
0
0
VERTEX
8
Layer 1
10
22.389278
20
9.381608
70
0
0
VERTEX
8
Layer 1
10
22.082684
20
9.454831
70
0
0
VERTEX
8
Layer 1
10
21.866330
20
9.644934
70
0
0
VERTEX
8
Layer 1
10
21.695806
20
10.198376
70
0
0
VERTEX
8
Layer 1
10
21.791238
20
10.657927
70
0
0
VERTEX
8
Layer 1
10
22.009998
20
10.953595
70
0
0
VERTEX
8
Layer 1
10
22.412297
20
11.158547
70
0
0
VERTEX
8
Layer 1
10
22.722851
20
11.083737
70
0
0
VERTEX
8
Layer 1
10
23.022690
20
10.740242
70
0
0
VERTEX
8
Layer 1
10
23.125877
20
10.685738
70
0
0
VERTEX
8
Layer 1
10
23.131698
20
10.599748
70
0
0
VERTEX
8
Layer 1
10
21.982349
20
10.350246
70
0
0
VERTEX
8
Layer 1
10
21.982349
20
10.350246
70
0
0
SEQEND
8
Layer 1
0
POLYLINE
8
Layer 1
62
7
70
0
10
0.000000
20
0.000000
66
1
0
VERTEX
8
Layer 1
10
22.289001
20
10.505027
70
0
0
VERTEX
8
Layer 1
10
22.589832
20
10.573819
70
0
0
VERTEX
8
Layer 1
10
22.773188
20
10.648431
70
0
0
VERTEX
8
Layer 1
10
22.661832
20
10.848357
70
0
0
VERTEX
8
Layer 1
10
22.320486
20
11.009587
70
0
0
VERTEX
8
Layer 1
10
22.059641
20
10.790711
70
0
0
VERTEX
8
Layer 1
10
21.987906
20
10.436500
70
0
0
VERTEX
8
Layer 1
10
22.289001
20
10.505027
70
0
0
VERTEX
8
Layer 1
10
22.289001
20
10.505027
70
0
0
SEQEND
8
Layer 1
0
POLYLINE
8
Layer 1
62
7
70
0
10
0.000000
20
0.000000
66
1
0
VERTEX
8
Layer 1
10
23.951376
20
11.247447
70
0
0
VERTEX
8
Layer 1
10
23.959843
20
10.857717
70
0
0
VERTEX
8
Layer 1
10
24.237919
20
11.018318
70
0
0
VERTEX
8
Layer 1
10
24.530284
20
11.196118
70
0
0
VERTEX
8
Layer 1
10
24.581877
20
11.164633
70
0
0
VERTEX
8
Layer 1
10
24.727927
20
10.972546
70
0
0
VERTEX
8
Layer 1
10
24.478690
20
10.757704
70
0
0
VERTEX
8
Layer 1
10
24.338196
20
10.918306
70
0
0
VERTEX
8
Layer 1
10
24.031545
20
10.777813
70
0
0
VERTEX
8
Layer 1
10
23.954286
20
10.528575
70
0
0
VERTEX
8
Layer 1
10
23.939999
20
10.118736
70
0
0
VERTEX
8
Layer 1
10
23.985772
20
9.565493
70
0
0
VERTEX
8
Layer 1
10
24.117534
20
9.513900
70
0
0
VERTEX
8
Layer 1
10
24.177595
20
9.513900
70
0
0
VERTEX
8
Layer 1
10
24.449850
20
9.519720
70
0
0
VERTEX
8
Layer 1
10
24.444030
20
9.419443
70
0
0
VERTEX
8
Layer 1
10
23.380671
20
9.390868
70
0
0
VERTEX
8
Layer 1
10
23.386491
20
9.459660
70
0
0
VERTEX
8
Layer 1
10
23.617869
20
9.610505
70
0
0
VERTEX
8
Layer 1
10
23.673035
20
10.390992
70
0
0
VERTEX
8
Layer 1
10
23.645452
20
10.748510
70
0
0
VERTEX
8
Layer 1
10
23.495235
20
10.852425
70
0
0
VERTEX
8
Layer 1
10
23.349185
20
10.835227
70
0
0
VERTEX
8
Layer 1
10
23.357652
20
10.909839
70
0
0
VERTEX
8
Layer 1
10
23.951376
20
11.247447
70
0
0
VERTEX
8
Layer 1
10
23.951376
20
11.247447
70
0
0
SEQEND
8
Layer 1
0
POLYLINE
8
Layer 1
62
7
70
0
10
0.000000
20
0.000000
66
1
0
VERTEX
8
Layer 1
10
24.945679
20
9.467597
70
0
0
VERTEX
8
Layer 1
10
25.166341
20
9.536389
70
0
0
VERTEX
8
Layer 1
10
25.206558
20
10.261346
70
0
0
VERTEX
8
Layer 1
10
25.154964
20
10.805858
70
0
0
VERTEX
8
Layer 1
10
24.934302
20
10.857452
70
0
0
VERTEX
8
Layer 1
10
24.974519
20
10.903225
70
0
0
VERTEX
8
Layer 1
10
25.510564
20
11.204056
70
0
0
VERTEX
8
Layer 1
10
25.553426
20
11.195589
70
0
0
VERTEX
8
Layer 1
10
25.478814
20
10.186734
70
0
0
VERTEX
8
Layer 1
10
25.516120
20
9.570520
70
0
0
VERTEX
8
Layer 1
10
25.670901
20
9.501729
70
0
0
VERTEX
8
Layer 1
10
25.831503
20
9.487441
70
0
0
VERTEX
8
Layer 1
10
25.860078
20
9.421560
70
0
0
VERTEX
8
Layer 1
10
24.934302
20
9.398541
70
0
0
VERTEX
8
Layer 1
10
24.945679
20
9.467597
70
0
0
VERTEX
8
Layer 1
10
24.945679
20
9.467597
70
0
0
SEQEND
8
Layer 1
0
POLYLINE
8
Layer 1
62
7
70
0
10
0.000000
20
0.000000
66
1
0
VERTEX
8
Layer 1
10
25.461616
20
12.322183
70
0
0
VERTEX
8
Layer 1
10
25.636505
20
12.144384
70
0
0
VERTEX
8
Layer 1
10
25.461616
20
11.966584
70
0
0
VERTEX
8
Layer 1
10
25.283816
20
12.144384
70
0
0
VERTEX
8
Layer 1
10
25.461616
20
12.322183
70
0
0
VERTEX
8
Layer 1
10
25.461616
20
12.322183
70
0
0
SEQEND
8
Layer 1
0
POLYLINE
8
Layer 1
62
7
70
0
10
0.000000
20
0.000000
66
1
0
VERTEX
8
Layer 1
10
26.630808
20
10.161070
70
0
0
VERTEX
8
Layer 1
10
26.639539
20
9.645133
70
0
0
VERTEX
8
Layer 1
10
26.685676
20
9.537977
70
0
0
VERTEX
8
Layer 1
10
26.940370
20
9.476064
70
0
0
VERTEX
8
Layer 1
10
26.934549
20
9.407273
70
0
0
VERTEX
8
Layer 1
10
26.759660
20
9.415739
70
0
0
VERTEX
8
Layer 1
10
26.550375
20
9.421560
70
0
0
VERTEX
8
Layer 1
10
26.048726
20
9.421560
70
0
0
VERTEX
8
Layer 1
10
26.042905
20
9.496172
70
0
0
VERTEX
8
Layer 1
10
26.277193
20
9.574952
70
0
0
VERTEX
8
Layer 1
10
26.326538
20
9.688260
70
0
0
VERTEX
8
Layer 1
10
26.358023
20
10.370355
70
0
0
VERTEX
8
Layer 1
10
26.311787
20
10.809959
70
0
0
VERTEX
8
Layer 1
10
26.057192
20
10.894758
70
0
0
VERTEX
8
Layer 1
10
26.051371
20
10.934975
70
0
0
VERTEX
8
Layer 1
10
26.489785
20
11.112775
70
0
0
VERTEX
8
Layer 1
10
26.592973
20
11.158547
70
0
0
VERTEX
8
Layer 1
10
26.644566
20
10.872004
70
0
0
VERTEX
8
Layer 1
10
27.375345
20
11.135793
70
0
0
VERTEX
8
Layer 1
10
27.650370
20
11.073988
70
0
0
VERTEX
8
Layer 1
10
27.791600
20
10.912221
70
0
0
VERTEX
8
Layer 1
10
27.851065
20
10.430680
70
0
0
VERTEX
8
Layer 1
10
27.851065
20
9.886168
70
0
0
VERTEX
8
Layer 1
10
27.879640
20
9.533743
70
0
0
VERTEX
8
Layer 1
10
28.114590
20
9.464952
70
0
0
VERTEX
8
Layer 1
10
28.120410
20
9.396160
70
0
0
VERTEX
8
Layer 1
10
27.719303
20
9.419179
70
0
0
VERTEX
8
Layer 1
10
27.257870
20
9.396160
70
0
0
VERTEX
8
Layer 1
10
27.257870
20
9.462041
70
0
0
VERTEX
8
Layer 1
10
27.518749
20
9.593804
70
0
0
VERTEX
8
Layer 1
10
27.578809
20
10.293096
70
0
0
VERTEX
8
Layer 1
10
27.534392
20
10.729758
70
0
0
VERTEX
8
Layer 1
10
27.223474
20
10.940796
70
0
0
VERTEX
8
Layer 1
10
26.647477
20
10.777548
70
0
0
VERTEX
8
Layer 1
10
26.630808
20
10.161070
70
0
0
VERTEX
8
Layer 1
10
26.630808
20
10.161070
70
0
0
SEQEND
8
Layer 1
0
POLYLINE
8
Layer 1
62
7
70
0
10
0.000000
20
0.000000
66
1
0
VERTEX
8
Layer 1
10
29.101484
20
11.198764
70
0
0
VERTEX
8
Layer 1
10
29.525611
20
11.061181
70
0
0
VERTEX
8
Layer 1
10
29.872479
20
11.092666
70
0
0
VERTEX
8
Layer 1
10
30.035727
20
11.084200
70
0
0
VERTEX
8
Layer 1
10
29.975666
20
10.834962
70
0
0
VERTEX
8
Layer 1
10
29.645996
20
10.900844
70
0
0
VERTEX
8
Layer 1
10
29.772202
20
10.482538
70
0
0
VERTEX
8
Layer 1
10
29.556865
20
9.977085
70
0
0
VERTEX
8
Layer 1
10
29.090107
20
9.697256
70
0
0
VERTEX
8
Layer 1
10
28.683178
20
9.436377
70
0
0
VERTEX
8
Layer 1
10
28.808194
20
9.316719
70
0
0
VERTEX
8
Layer 1
10
29.021316
20
9.295883
70
0
0
VERTEX
8
Layer 1
10
29.723221
20
9.239990
70
0
0
VERTEX
8
Layer 1
10
29.916553
20
9.107244
70
0
0
VERTEX
8
Layer 1
10
29.984398
20
8.848738
70
0
0
VERTEX
8
Layer 1
10
29.878507
20
8.533834
70
0
0
VERTEX
8
Layer 1
10
29.605779
20
8.296619
70
0
0
VERTEX
8
Layer 1
10
28.829493
20
8.094941
70
0
0
VERTEX
8
Layer 1
10
28.319641
20
8.275850
70
0
0
VERTEX
8
Layer 1
10
28.207458
20
8.570661
70
0
0
VERTEX
8
Layer 1
10
28.360751
20
8.914983
70
0
0
VERTEX
8
Layer 1
10
28.625764
20
9.106706
70
0
0
VERTEX
8
Layer 1
10
28.475580
20
9.219518
70
0
0
VERTEX
8
Layer 1
10
28.387904
20
9.459131
70
0
0
VERTEX
8
Layer 1
10
28.749060
20
9.636931
70
0
0
VERTEX
8
Layer 1
10
28.900930
20
9.691435
70
0
0
VERTEX
8
Layer 1
10
28.900930
20
9.699637
70
0
0
VERTEX
8
Layer 1
10
28.529423
20
9.862256
70
0
0
VERTEX
8
Layer 1
10
28.357225
20
10.064749
70
0
0
VERTEX
8
Layer 1
10
28.284716
20
10.390198
70
0
0
VERTEX
8
Layer 1
10
28.546852
20
10.971884
70
0
0
VERTEX
8
Layer 1
10
29.101484
20
11.198764
70
0
0
VERTEX
8
Layer 1
10
29.101484
20
11.198764
70
0
0
SEQEND
8
Layer 1
0
POLYLINE
8
Layer 1
62
7
70
0
10
0.000000
20
0.000000
66
1
0
VERTEX
8
Layer 1
10
29.021051
20
8.281207
70
0
0
VERTEX
8
Layer 1
10
29.524288
20
8.384031
70
0
0
VERTEX
8
Layer 1
10
29.730663
20
8.524206
70
0
0
VERTEX
8
Layer 1
10
29.814800
20
8.733909
70
0
0
VERTEX
8
Layer 1
10
29.750275
20
8.918422
70
0
0
VERTEX
8
Layer 1
10
29.522436
20
9.032094
70
0
0
VERTEX
8
Layer 1
10
29.046715
20
9.032094
70
0
0
VERTEX
8
Layer 1
10
28.754351
20
9.060669
70
0
0
VERTEX
8
Layer 1
10
28.508322
20
8.923813
70
0
0
VERTEX
8
Layer 1
10
28.384729
20
8.679405
70
0
0
VERTEX
8
Layer 1
10
28.554657
20
8.409365
70
0
0
VERTEX
8
Layer 1
10
29.021051
20
8.281207
70
0
0
VERTEX
8
Layer 1
10
29.021051
20
8.281207
70
0
0
SEQEND
8
Layer 1
0
POLYLINE
8
Layer 1
62
7
70
0
10
0.000000
20
0.000000
66
1
0
VERTEX
8
Layer 1
10
29.150167
20
9.828753
70
0
0
VERTEX
8
Layer 1
10
29.381148
20
9.989322
70
0
0
VERTEX
8
Layer 1
10
29.502592
20
10.364798
70
0
0
VERTEX
8
Layer 1
10
29.357865
20
10.840519
70
0
0
VERTEX
8
Layer 1
10
28.963901
20
11.058270
70
0
0
VERTEX
8
Layer 1
10
28.650767
20
10.917479
70
0
0
VERTEX
8
Layer 1
10
28.522577
20
10.551065
70
0
0
VERTEX
8
Layer 1
10
28.593216
20
10.245955
70
0
0
VERTEX
8
Layer 1
10
28.765431
20
10.036219
70
0
0
VERTEX
8
Layer 1
10
29.150167
20
9.828753
70
0
0
VERTEX
8
Layer 1
10
29.150167
20
9.828753
70
0
0
SEQEND
8
Layer 1
0
POLYLINE
8
Layer 1
62
7
70
0
10
0.000000
20
0.000000
66
1
0
VERTEX
8
Layer 1
10
33.322906
20
11.700149
70
0
0
VERTEX
8
Layer 1
10
33.218325
20
12.010178
70
0
0
VERTEX
8
Layer 1
10
33.006564
20
12.192042
70
0
0
VERTEX
8
Layer 1
10
32.537624
20
12.299165
70
0
0
VERTEX
8
Layer 1
10
32.186080
20
12.222039
70
0
0
VERTEX
8
Layer 1
10
31.999561
20
12.045496
70
0
0
VERTEX
8
Layer 1
10
31.912943
20
11.723168
70
0
0
VERTEX
8
Layer 1
10
32.124709
20
11.293716
70
0
0
VERTEX
8
Layer 1
10
32.618057
20
11.055360
70
0
0
VERTEX
8
Layer 1
10
33.198353
20
10.762301
70
0
0
VERTEX
8
Layer 1
10
33.416816
20
10.509645
70
0
0
VERTEX
8
Layer 1
10
33.503616
20
10.146782
70
0
0
VERTEX
8
Layer 1
10
33.251369
20
9.598004
70
0
0
VERTEX
8
Layer 1
10
32.483384
20
9.367321
70
0
0
VERTEX
8
Layer 1
10
31.812666
20
9.461777
70
0
0
VERTEX
8
Layer 1
10
31.738054
20
9.476064
70
0
0
VERTEX
8
Layer 1
10
31.692281
20
9.398806
70
0
0
VERTEX
8
Layer 1
10
31.594914
20
9.401716
70
0
0
VERTEX
8
Layer 1
10
31.468708
20
10.169801
70
0
0
VERTEX
8
Layer 1
10
31.543321
20
10.186999
70
0
0
VERTEX
8
Layer 1
10
31.844152
20
9.696991
70
0
0
VERTEX
8
Layer 1
10
32.612236
20
9.496437
70
0
0
VERTEX
8
Layer 1
10
32.941476
20
9.561624
70
0
0
VERTEX
8
Layer 1
10
33.121339
20
9.716442
70
0
0
VERTEX
8
Layer 1
10
33.199875
20
10.017930
70
0
0
VERTEX
8
Layer 1
10
32.982388
20
10.500496
70
0
0
VERTEX
8
Layer 1
10
32.457720
20
10.757440
70
0
0
VERTEX
8
Layer 1
10
31.867435
20
11.064058
70
0
0
VERTEX
8
Layer 1
10
31.629575
20
11.585584
70
0
0
VERTEX
8
Layer 1
10
31.872793
20
12.152057
70
0
0
VERTEX
8
Layer 1
10
32.179643
20
12.328459
70
0
0
VERTEX
8
Layer 1
10
32.612501
20
12.393885
70
0
0
VERTEX
8
Layer 1
10
33.088221
20
12.342292
70
0
0
VERTEX
8
Layer 1
10
33.205696
20
12.325094
70
0
0
VERTEX
8
Layer 1
10
33.360477
20
12.379598
70
0
0
VERTEX
8
Layer 1
10
33.406250
20
12.371131
70
0
0
VERTEX
8
Layer 1
10
33.374764
20
12.009976
70
0
0
VERTEX
8
Layer 1
10
33.397783
20
11.709145
70
0
0
VERTEX
8
Layer 1
10
33.322906
20
11.700149
70
0
0
VERTEX
8
Layer 1
10
33.322906
20
11.700149
70
0
0
SEQEND
8
Layer 1
0
POLYLINE
8
Layer 1
62
7
70
0
10
0.000000
20
0.000000
66
1
0
VERTEX
8
Layer 1
10
35.323153
20
9.622379
70
0
0
VERTEX
8
Layer 1
10
34.692652
20
9.367321
70
0
0
VERTEX
8
Layer 1
10
34.312579
20
9.442958
70
0
0
VERTEX
8
Layer 1
10
33.999180
20
9.645397
70
0
0
VERTEX
8
Layer 1
10
33.847309
20
10.175622
70
0
0
VERTEX
8
Layer 1
10
33.943130
20
10.594998
70
0
0
VERTEX
8
Layer 1
10
34.181875
20
10.916818
70
0
0
VERTEX
8
Layer 1
10
34.795839
20
11.195854
70
0
0
VERTEX
8
Layer 1
10
35.331885
20
11.009587
70
0
0
VERTEX
8
Layer 1
10
35.162816
20
10.794746
70
0
0
VERTEX
8
Layer 1
10
34.999568
20
10.872004
70
0
0
VERTEX
8
Layer 1
10
34.583909
20
10.975191
70
0
0
VERTEX
8
Layer 1
10
34.205588
20
10.775630
70
0
0
VERTEX
8
Layer 1
10
34.119565
20
10.367709
70
0
0
VERTEX
8
Layer 1
10
34.197882
20
9.980347
70
0
0
VERTEX
8
Layer 1
10
34.389308
20
9.723284
70
0
0
VERTEX
8
Layer 1
10
34.850344
20
9.536654
70
0
0
VERTEX
8
Layer 1
10
35.291668
20
9.685614
70
0
0
VERTEX
8
Layer 1
10
35.323153
20
9.622379
70
0
0
VERTEX
8
Layer 1
10
35.323153
20
9.622379
70
0
0
SEQEND
8
Layer 1
0
POLYLINE
8
Layer 1
62
7
70
0
10
0.000000
20
0.000000
66
1
0
VERTEX
8
Layer 1
10
35.612607
20
9.467597
70
0
0
VERTEX
8
Layer 1
10
35.833269
20
9.536389
70
0
0
VERTEX
8
Layer 1
10
35.876132
20
10.261346
70
0
0
VERTEX
8
Layer 1
10
35.824538
20
10.805858
70
0
0
VERTEX
8
Layer 1
10
35.603876
20
10.857452
70
0
0
VERTEX
8
Layer 1
10
35.646738
20
10.903225
70
0
0
VERTEX
8
Layer 1
10
36.182784
20
11.204056
70
0
0
VERTEX
8
Layer 1
10
36.223000
20
11.195589
70
0
0
VERTEX
8
Layer 1
10
36.148388
20
10.186734
70
0
0
VERTEX
8
Layer 1
10
36.185694
20
9.570520
70
0
0
VERTEX
8
Layer 1
10
36.340475
20
9.501729
70
0
0
VERTEX
8
Layer 1
10
36.501077
20
9.487441
70
0
0
VERTEX
8
Layer 1
10
36.529652
20
9.421560
70
0
0
VERTEX
8
Layer 1
10
35.606786
20
9.395895
70
0
0
VERTEX
8
Layer 1
10
35.612607
20
9.467597
70
0
0
VERTEX
8
Layer 1
10
35.612607
20
9.467597
70
0
0
SEQEND
8
Layer 1
0
POLYLINE
8
Layer 1
62
7
70
0
10
0.000000
20
0.000000
66
1
0
VERTEX
8
Layer 1
10
36.131454
20
12.322183
70
0
0
VERTEX
8
Layer 1
10
36.306344
20
12.144384
70
0
0
VERTEX
8
Layer 1
10
36.131454
20
11.966584
70
0
0
VERTEX
8
Layer 1
10
35.953655
20
12.144384
70
0
0
VERTEX
8
Layer 1
10
36.131454
20
12.322183
70
0
0
VERTEX
8
Layer 1
10
36.131454
20
12.322183
70
0
0
SEQEND
8
Layer 1
0
POLYLINE
8
Layer 1
62
7
70
0
10
0.000000
20
0.000000
66
1
0
VERTEX
8
Layer 1
10
37.103003
20
10.350246
70
0
0
VERTEX
8
Layer 1
10
37.266251
20
9.774249
70
0
0
VERTEX
8
Layer 1
10
37.522103
20
9.573530
70
0
0
VERTEX
8
Layer 1
10
37.696198
20
9.544856
70
0
0
VERTEX
8
Layer 1
10
38.174829
20
9.722656
70
0
0
VERTEX
8
Layer 1
10
38.217691
20
9.668151
70
0
0
VERTEX
8
Layer 1
10
37.929395
20
9.489459
70
0
0
VERTEX
8
Layer 1
10
37.509932
20
9.381608
70
0
0
VERTEX
8
Layer 1
10
37.203338
20
9.454831
70
0
0
VERTEX
8
Layer 1
10
36.986984
20
9.644934
70
0
0
VERTEX
8
Layer 1
10
36.816460
20
10.198376
70
0
0
VERTEX
8
Layer 1
10
36.911892
20
10.657927
70
0
0
VERTEX
8
Layer 1
10
37.130652
20
10.953595
70
0
0
VERTEX
8
Layer 1
10
37.532951
20
11.158547
70
0
0
VERTEX
8
Layer 1
10
37.843505
20
11.083737
70
0
0
VERTEX
8
Layer 1
10
38.143344
20
10.740242
70
0
0
VERTEX
8
Layer 1
10
38.246531
20
10.685738
70
0
0
VERTEX
8
Layer 1
10
38.252352
20
10.599748
70
0
0
VERTEX
8
Layer 1
10
37.103003
20
10.350246
70
0
0
VERTEX
8
Layer 1
10
37.103003
20
10.350246
70
0
0
SEQEND
8
Layer 1
0
POLYLINE
8
Layer 1
62
7
70
0
10
0.000000
20
0.000000
66
1
0
VERTEX
8
Layer 1
10
37.409655
20
10.505027
70
0
0
VERTEX
8
Layer 1
10
37.710486
20
10.573819
70
0
0
VERTEX
8
Layer 1
10
37.893842
20
10.648431
70
0
0
VERTEX
8
Layer 1
10
37.782485
20
10.848357
70
0
0
VERTEX
8
Layer 1
10
37.441140
20
11.009587
70
0
0
VERTEX
8
Layer 1
10
37.180295
20
10.790711
70
0
0
VERTEX
8
Layer 1
10
37.108559
20
10.436500
70
0
0
VERTEX
8
Layer 1
10
37.409655
20
10.505027
70
0
0
VERTEX
8
Layer 1
10
37.409655
20
10.505027
70
0
0
SEQEND
8
Layer 1
0
POLYLINE
8
Layer 1
62
7
70
0
10
0.000000
20
0.000000
66
1
0
VERTEX
8
Layer 1
10
39.060388
20
10.161070
70
0
0
VERTEX
8
Layer 1
10
39.069120
20
9.645133
70
0
0
VERTEX
8
Layer 1
10
39.115256
20
9.537977
70
0
0
VERTEX
8
Layer 1
10
39.369950
20
9.476064
70
0
0
VERTEX
8
Layer 1
10
39.364130
20
9.407273
70
0
0
VERTEX
8
Layer 1
10
39.189240
20
9.415739
70
0
0
VERTEX
8
Layer 1
10
38.979955
20
9.421560
70
0
0
VERTEX
8
Layer 1
10
38.478306
20
9.421560
70
0
0
VERTEX
8
Layer 1
10
38.472485
20
9.496172
70
0
0
VERTEX
8
Layer 1
10
38.706773
20
9.574952
70
0
0
VERTEX
8
Layer 1
10
38.756118
20
9.688260
70
0
0
VERTEX
8
Layer 1
10
38.787603
20
10.370355
70
0
0
VERTEX
8
Layer 1
10
38.741367
20
10.809959
70
0
0
VERTEX
8
Layer 1
10
38.486772
20
10.894758
70
0
0
VERTEX
8
Layer 1
10
38.480952
20
10.934975
70
0
0
VERTEX
8
Layer 1
10
38.919366
20
11.112775
70
0
0
VERTEX
8
Layer 1
10
39.022553
20
11.158547
70
0
0
VERTEX
8
Layer 1
10
39.074147
20
10.872004
70
0
0
VERTEX
8
Layer 1
10
39.804925
20
11.135793
70
0
0
VERTEX
8
Layer 1
10
40.079951
20
11.073988
70
0
0
VERTEX
8
Layer 1
10
40.221180
20
10.912221
70
0
0
VERTEX
8
Layer 1
10
40.280645
20
10.430680
70
0
0
VERTEX
8
Layer 1
10
40.280645
20
9.886168
70
0
0
VERTEX
8
Layer 1
10
40.309220
20
9.533743
70
0
0
VERTEX
8
Layer 1
10
40.544170
20
9.464952
70
0
0
VERTEX
8
Layer 1
10
40.549991
20
9.396160
70
0
0
VERTEX
8
Layer 1
10
40.148883
20
9.419179
70
0
0
VERTEX
8
Layer 1
10
39.687450
20
9.396160
70
0
0
VERTEX
8
Layer 1
10
39.687450
20
9.462041
70
0
0
VERTEX
8
Layer 1
10
39.948329
20
9.593804
70
0
0
VERTEX
8
Layer 1
10
40.008389
20
10.293096
70
0
0
VERTEX
8
Layer 1
10
39.963972
20
10.729758
70
0
0
VERTEX
8
Layer 1
10
39.653054
20
10.940796
70
0
0
VERTEX
8
Layer 1
10
39.077057
20
10.777548
70
0
0
VERTEX
8
Layer 1
10
39.060388
20
10.161070
70
0
0
VERTEX
8
Layer 1
10
39.060388
20
10.161070
70
0
0
SEQEND
8
Layer 1
0
POLYLINE
8
Layer 1
62
7
70
0
10
0.000000
20
0.000000
66
1
0
VERTEX
8
Layer 1
10
42.155745
20
9.622379
70
0
0
VERTEX
8
Layer 1
10
41.525244
20
9.367321
70
0
0
VERTEX
8
Layer 1
10
41.144079
20
9.442958
70
0
0
VERTEX
8
Layer 1
10
40.831771
20
9.645397
70
0
0
VERTEX
8
Layer 1
10
40.679901
20
10.175622
70
0
0
VERTEX
8
Layer 1
10
40.775721
20
10.594998
70
0
0
VERTEX
8
Layer 1
10
41.014466
20
10.916818
70
0
0
VERTEX
8
Layer 1
10
41.628431
20
11.195854
70
0
0
VERTEX
8
Layer 1
10
42.164476
20
11.009587
70
0
0
VERTEX
8
Layer 1
10
41.995408
20
10.794746
70
0
0
VERTEX
8
Layer 1
10
41.832160
20
10.872004
70
0
0
VERTEX
8
Layer 1
10
41.416500
20
10.975191
70
0
0
VERTEX
8
Layer 1
10
41.038179
20
10.775630
70
0
0
VERTEX
8
Layer 1
10
40.952157
20
10.367709
70
0
0
VERTEX
8
Layer 1
10
41.030473
20
9.980347
70
0
0
VERTEX
8
Layer 1
10
41.221899
20
9.723284
70
0
0
VERTEX
8
Layer 1
10
41.682935
20
9.536654
70
0
0
VERTEX
8
Layer 1
10
42.124259
20
9.685614
70
0
0
VERTEX
8
Layer 1
10
42.155745
20
9.622379
70
0
0
VERTEX
8
Layer 1
10
42.155745
20
9.622379
70
0
0
SEQEND
8
Layer 1
0
POLYLINE
8
Layer 1
62
7
70
0
10
0.000000
20
0.000000
66
1
0
VERTEX
8
Layer 1
10
42.786246
20
10.350246
70
0
0
VERTEX
8
Layer 1
10
42.949494
20
9.774249
70
0
0
VERTEX
8
Layer 1
10
43.205346
20
9.573530
70
0
0
VERTEX
8
Layer 1
10
43.379441
20
9.544856
70
0
0
VERTEX
8
Layer 1
10
43.858072
20
9.722656
70
0
0
VERTEX
8
Layer 1
10
43.898288
20
9.668151
70
0
0
VERTEX
8
Layer 1
10
43.609992
20
9.489459
70
0
0
VERTEX
8
Layer 1
10
43.190529
20
9.381608
70
0
0
VERTEX
8
Layer 1
10
42.883935
20
9.454831
70
0
0
VERTEX
8
Layer 1
10
42.667581
20
9.644934
70
0
0
VERTEX
8
Layer 1
10
42.497057
20
10.198376
70
0
0
VERTEX
8
Layer 1
10
42.592489
20
10.657927
70
0
0
VERTEX
8
Layer 1
10
42.811249
20
10.953595
70
0
0
VERTEX
8
Layer 1
10
43.213548
20
11.158547
70
0
0
VERTEX
8
Layer 1
10
43.524102
20
11.083737
70
0
0
VERTEX
8
Layer 1
10
43.823941
20
10.740242
70
0
0
VERTEX
8
Layer 1
10
43.927128
20
10.685738
70
0
0
VERTEX
8
Layer 1
10
43.932949
20
10.599748
70
0
0
VERTEX
8
Layer 1
10
42.786246
20
10.350246
70
0
0
VERTEX
8
Layer 1
10
42.786246
20
10.350246
70
0
0
SEQEND
8
Layer 1
0
POLYLINE
8
Layer 1
62
7
70
0
10
0.000000
20
0.000000
66
1
0
VERTEX
8
Layer 1
10
43.089987
20
10.505027
70
0
0
VERTEX
8
Layer 1
10
43.390818
20
10.573819
70
0
0
VERTEX
8
Layer 1
10
43.574174
20
10.648431
70
0
0
VERTEX
8
Layer 1
10
43.462818
20
10.848357
70
0
0
VERTEX
8
Layer 1
10
43.121473
20
11.009587
70
0
0
VERTEX
8
Layer 1
10
42.860627
20
10.790711
70
0
0
VERTEX
8
Layer 1
10
42.788892
20
10.436500
70
0
0
VERTEX
8
Layer 1
10
43.089987
20
10.505027
70
0
0
VERTEX
8
Layer 1
10
43.089987
20
10.505027
70
0
0
SEQEND
8
Layer 1
 0 
ENDSEC
 0 
EOF